iteration,plain_cg,jacobi,ssor
0,1.000000e+00,1.000000e+00,1.000000e+00
1,3.334833e+00,1.459580e+06,1.032015e+06
2,6.636319e+00,2.215548e+05,9.415085e+05
3,8.085331e+00,1.357279e+06,7.576080e+05
4,1.397751e+01,9.682116e+05,5.126657e+05
5,4.831375e+00,3.826404e+05,5.290054e+05
6,1.016111e+01,6.175951e+05,4.766381e+05
7,4.969332e+00,4.552636e+05,4.919820e+05
8,8.415148e+00,4.967277e+05,6.837639e+05
9,7.287031e+00,1.507630e+06,2.759788e+05
10,1.829326e+01,5.064941e+05,3.029551e+05
11,1.730322e+01,4.366858e+05,1.931063e+05
12,1.677952e+01,1.700954e+06,1.157665e+05
13,7.586670e+00,4.039993e+05,1.017452e+05
14,9.912431e+00,2.336225e+05,1.060949e+05
15,1.054820e+02,4.425176e+05,1.008349e+05
16,8.121705e+00,5.138601e+05,8.535817e+04
17,6.069340e+00,6.665970e+05,1.666895e+05
18,3.559566e+00,2.326300e+05,1.352181e+05
19,4.042618e+01,4.302916e+05,9.162947e+04
20,8.719943e+00,7.815617e+05,4.900408e+04
21,2.595461e+02,4.245159e+05,1.399109e+05
22,5.277942e+00,5.246534e+05,1.101846e+05
23,3.085760e+01,5.987003e+05,1.105477e+05
24,3.935529e+00,3.146467e+05,9.727192e+04
25,1.751609e+01,2.184732e+05,3.678852e+04
26,3.665919e+00,1.536506e+05,8.731192e+03
27,8.293131e+01,3.131403e+05,1.626574e+04
28,2.618006e+02,1.372137e+05,6.208060e+03
29,2.975409e+02,3.541396e+05,2.346230e+03
30,4.234807e+00,2.883041e+05,6.531641e+02
31,2.152126e+01,1.465286e+05,3.402048e+02
32,1.387995e+01,9.768629e+04,1.205494e+02
33,4.714614e+02,1.910587e+05,6.045634e+01
34,1.040736e+01,1.101208e+05,1.019373e+01
35,6.265263e+00,8.580689e+04,1.268659e+00
36,7.709304e+00,1.075950e+05,1.500570e-01
37,1.617254e+01,1.188872e+05,4.626375e-02
38,5.574600e+00,7.732605e+04,5.627639e-03
39,7.403108e+00,2.443831e+05,8.922374e-04
40,2.960939e+02,8.165938e+04,1.024408e-04
41,6.575791e+00,4.063254e+04,1.065560e-05
42,9.309425e+00,1.982150e+05,1.740194e-06
43,9.820576e+00,5.438770e+04,1.119429e-07
44,9.408391e+01,1.659225e+05,
45,1.432523e+01,1.645953e+05,
46,1.579821e+02,1.683310e+05,
47,6.522947e+00,7.320187e+04,
48,1.448680e+01,2.493082e+05,
49,1.590805e+01,1.618598e+05,
50,5.235440e+01,7.403888e+04,
51,1.880616e+02,8.100576e+04,
52,1.216494e+02,2.802657e+05,
53,5.785860e+01,1.615798e+05,
54,4.844710e+02,7.020705e+04,
55,4.305014e+01,1.282622e+05,
56,2.318095e+01,1.358549e+05,
57,5.988082e+01,1.681541e+05,
58,4.264525e+00,1.005275e+05,
59,3.802364e+01,1.271018e+05,
60,4.430568e+00,2.021836e+05,
61,1.474011e+02,7.240731e+04,
62,3.137365e+02,1.586991e+05,
63,7.648396e+01,1.753918e+05,
64,1.649252e+01,8.361865e+04,
65,3.020198e+01,4.012474e+05,
66,6.603358e+00,1.734719e+05,
67,4.207943e+01,8.664692e+04,
68,1.303250e+02,4.250453e+04,
69,1.940444e+02,3.423241e+04,
70,1.710268e+02,1.042590e+05,
71,4.032759e+01,1.579783e+04,
72,7.688525e+00,1.557310e+04,
73,5.252446e+01,4.000932e+04,
74,8.798438e+01,6.126609e+03,
75,7.904165e+01,2.205101e+04,
76,4.153764e+02,1.644096e+04,
77,2.589864e+01,1.329667e+04,
78,7.777740e+01,6.769390e+03,
79,1.577062e+02,4.695508e+03,
80,1.766865e+02,4.327379e-08,
81,7.056514e+00,,
82,5.260265e+00,,
83,1.977578e+02,,
84,2.348160e+03,,
85,5.187564e+00,,
86,4.045244e+01,,
87,3.892836e+01,,
88,9.614006e+00,,
89,1.965391e+02,,
90,1.116314e+02,,
91,2.659624e+02,,
92,1.862139e+02,,
93,7.207580e+00,,
94,3.590690e+01,,
95,9.199236e+00,,
96,1.494094e+02,,
97,6.790353e+00,,
98,5.790749e+01,,
99,7.250626e+01,,
100,9.194374e+01,,
101,3.144394e+02,,
102,1.831660e+02,,
103,7.901988e+00,,
104,4.094074e+00,,
105,8.464391e+01,,
106,4.369335e+01,,
107,2.732823e+01,,
108,3.611799e+01,,
109,3.075931e+01,,
110,9.578662e+00,,
111,1.445782e+01,,
112,5.166291e+00,,
113,4.290882e+02,,
114,1.885668e+02,,
115,4.037485e+02,,
116,3.408940e+01,,
117,2.117071e+01,,
118,9.480699e+01,,
119,3.074654e+02,,
120,7.527443e+02,,
121,3.046216e+02,,
122,5.214885e+02,,
123,9.537146e+00,,
124,2.283559e+02,,
125,6.083633e+00,,
126,1.346480e+01,,
127,6.388613e+01,,
128,9.547109e+00,,
129,8.215650e+01,,
130,1.037562e+01,,
131,2.956223e+01,,
132,6.307202e+01,,
133,5.768643e+02,,
134,7.232716e+03,,
135,3.699827e+02,,
136,1.449475e+03,,
137,1.290339e+02,,
138,4.142316e+01,,
139,1.215864e+02,,
140,6.154231e+00,,
141,3.280667e+01,,
142,3.351866e+01,,
143,1.264246e+03,,
144,8.370520e+03,,
145,3.207952e+02,,
146,6.819046e+01,,
147,6.117469e+00,,
148,1.060142e+01,,
149,2.514356e+02,,
150,1.732602e+02,,
151,5.074376e+02,,
152,2.336377e+02,,
153,1.110815e+02,,
154,1.111805e+02,,
155,8.467661e+01,,
156,2.363696e+02,,
157,2.902861e+02,,
158,4.954872e+02,,
159,5.229695e+01,,
160,1.239077e+02,,
161,3.572511e+01,,
162,2.313580e+02,,
163,1.512679e+02,,
164,4.892243e+02,,
165,4.415562e+02,,
166,8.066901e+02,,
167,5.415212e+00,,
168,7.105868e+00,,
169,2.827335e+01,,
170,3.881069e+01,,
171,5.001509e+01,,
172,8.523795e+02,,
173,7.337556e+02,,
174,2.211672e+02,,
175,7.209418e+02,,
176,1.171097e+01,,
177,2.526512e+03,,
178,2.891507e+01,,
179,5.746662e+00,,
180,1.167213e+02,,
181,4.940107e+01,,
182,2.549797e+03,,
183,7.851718e+02,,
184,4.569528e+02,,
185,1.720975e+03,,
186,1.842480e+03,,
187,7.442142e+02,,
188,4.634396e+01,,
189,3.989550e+02,,
190,8.056416e+01,,
191,4.339115e+01,,
192,1.001817e+01,,
193,4.518581e+01,,
194,2.168125e+02,,
195,5.989706e+01,,
196,6.081005e+01,,
197,3.153567e+02,,
198,3.728699e+01,,
199,4.374967e+00,,
200,7.555937e+02,,
201,1.898538e+02,,
202,1.770782e+02,,
203,5.620211e+02,,
204,2.968232e+01,,
205,1.324622e+02,,
206,2.052792e+01,,
207,5.106504e+01,,
208,1.829024e+03,,
209,9.522075e+02,,
210,3.080613e+01,,
211,9.181118e+01,,
212,2.915292e+01,,
213,1.187410e+02,,
214,2.471945e+03,,
215,1.295523e+03,,
216,5.860856e+01,,
217,2.712764e+02,,
218,2.607636e+01,,
219,4.661060e+01,,
220,4.951236e+01,,
221,4.621094e+01,,
222,3.997039e+02,,
223,3.906619e+01,,
224,9.316194e+01,,
225,1.531317e+01,,
226,3.531066e+01,,
227,6.009471e+02,,
228,1.811135e+01,,
229,1.901842e+01,,
230,3.110790e+02,,
231,2.612976e+02,,
232,1.111533e+02,,
233,3.218103e+02,,
234,2.289851e+01,,
235,5.849055e+00,,
236,4.368650e+01,,
237,3.692344e+01,,
238,2.207809e+03,,
239,2.627878e+03,,
240,2.564395e+02,,
241,1.361599e+03,,
242,4.206812e+01,,
243,1.004655e+01,,
244,8.356338e+01,,
245,1.368968e+02,,
246,6.887506e+00,,
247,7.839558e+01,,
248,1.421304e+02,,
249,7.267851e+02,,
250,7.803044e+02,,
251,4.576628e+02,,
252,3.255214e+02,,
253,5.890787e+02,,
254,3.489510e+01,,
255,1.137331e+01,,
256,3.493822e+01,,
257,1.283956e+01,,
258,1.004271e+01,,
259,8.012263e+01,,
260,1.257815e+03,,
261,1.557413e+02,,
262,3.912501e+02,,
263,3.326097e+00,,
264,1.751399e+02,,
265,4.229690e+02,,
266,1.582430e+01,,
267,7.570385e+01,,
268,1.692927e+01,,
269,3.498937e+02,,
270,6.507047e+02,,
271,1.551970e+02,,
272,1.119857e+03,,
273,9.418574e+02,,
274,1.485369e+03,,
275,2.500243e+02,,
276,8.434841e+02,,
277,5.546305e+02,,
278,3.814837e+01,,
279,5.521055e+02,,
280,1.163545e+03,,
281,1.800785e+02,,
282,1.110426e+03,,
283,1.435200e+02,,
284,1.649193e+03,,
285,1.451729e+02,,
286,2.088565e+02,,
287,1.437277e+01,,
288,1.896045e+02,,
289,1.981784e+01,,
290,5.377573e+02,,
291,4.968729e+01,,
292,1.115677e+01,,
293,1.459996e+01,,
294,1.293238e+01,,
295,3.234906e+01,,
296,2.723229e+01,,
297,9.077920e+00,,
298,1.921741e+01,,
299,1.901862e+01,,
300,1.165739e+02,,
301,2.289649e+02,,
302,1.850937e+02,,
303,5.143456e+03,,
304,1.082211e+03,,
305,2.219421e+02,,
306,2.567951e+03,,
307,6.884261e+02,,
308,8.753882e+02,,
309,9.853522e+02,,
310,1.162810e+02,,
311,9.726861e+00,,
312,1.163743e+02,,
313,2.151789e+02,,
314,3.066258e+02,,
315,4.493983e+01,,
316,1.064549e+02,,
317,7.593932e+01,,
318,3.321172e+01,,
319,6.663504e+00,,
320,1.583262e+01,,
321,1.013102e+01,,
322,9.614676e+02,,
323,4.885806e+01,,
324,2.100916e+03,,
325,9.404651e+01,,
326,3.095417e+02,,
327,6.094425e+00,,
328,1.855687e+01,,
329,2.808300e+01,,
330,2.756544e+01,,
331,9.014873e+01,,
332,1.650585e+02,,
333,4.232784e+00,,
334,2.883469e+01,,
335,3.036817e+02,,
336,9.564938e+02,,
337,5.093171e+01,,
338,2.375393e+02,,
339,5.729855e+01,,
340,5.123982e+01,,
341,1.118112e+02,,
342,1.320589e+04,,
343,2.213308e+04,,
344,1.376627e+03,,
345,4.194887e+02,,
346,5.401796e+01,,
347,9.396775e+02,,
348,4.183758e+02,,
349,1.502256e+03,,
350,2.013918e+02,,
351,1.797278e+03,,
352,4.346945e+02,,
353,4.268933e+01,,
354,2.746091e+02,,
355,2.769998e+03,,
356,1.361479e+02,,
357,2.808945e+01,,
358,3.685901e+00,,
359,9.211253e+00,,
360,3.040361e+02,,
361,3.859268e+02,,
362,4.706408e+02,,
363,3.407416e+03,,
364,6.167627e+02,,
365,7.788922e+01,,
366,4.822964e+01,,
367,8.792304e+01,,
368,1.612326e+02,,
369,2.845691e+02,,
370,1.289741e+02,,
371,5.709103e+02,,
372,6.261555e+01,,
373,3.975783e+01,,
374,1.999020e+02,,
375,1.637493e+02,,
376,5.300040e+02,,
377,3.005155e+03,,
378,5.996132e+02,,
379,8.969947e+03,,
380,4.409494e+02,,
381,5.521658e+02,,
382,9.600442e+01,,
383,5.822023e+02,,
384,9.029917e+03,,
385,6.686120e+02,,
386,6.857029e+02,,
387,2.426867e+03,,
388,1.582310e+04,,
389,6.211359e+03,,
390,9.022772e+02,,
391,5.807446e+02,,
392,4.109900e+00,,
393,9.068591e+00,,
394,3.327668e+01,,
395,7.886669e+01,,
396,3.305085e+01,,
397,5.015948e+02,,
398,1.941678e+03,,
399,7.088169e+01,,
400,1.589172e+02,,
401,2.002316e+03,,
402,2.873323e+01,,
403,7.105183e+01,,
404,2.748658e+02,,
405,5.824167e+01,,
406,5.091447e+03,,
407,4.032271e+04,,
408,7.395566e+01,,
409,1.203507e+03,,
410,8.237543e+02,,
411,1.457027e+02,,
412,4.613671e+02,,
413,8.437409e+02,,
414,1.046455e+03,,
415,7.119242e+01,,
416,8.445002e+01,,
417,1.438885e+02,,
418,9.887847e+01,,
419,1.284924e+02,,
420,1.676662e+02,,
421,4.947979e+01,,
422,2.945279e+03,,
423,9.501261e+03,,
424,5.556182e+01,,
425,9.008258e+02,,
426,8.512217e+02,,
427,5.757470e+03,,
428,9.304642e+03,,
429,5.497814e+02,,
430,2.815426e+02,,
431,5.767404e+01,,
432,1.155234e+02,,
433,2.685585e+03,,
434,9.173203e+02,,
435,2.279132e+03,,
436,4.996686e+02,,
437,3.222087e+01,,
438,1.793107e+03,,
439,1.549696e+03,,
440,3.619954e+02,,
441,4.773683e+01,,
442,7.909936e+00,,
443,3.699616e+02,,
444,1.464880e+02,,
445,1.749912e+02,,
446,4.487140e+02,,
447,1.706493e+01,,
448,9.298184e+00,,
449,1.287751e+02,,
450,2.871785e+03,,
451,3.101236e+03,,
452,3.655229e+03,,
453,1.842643e+02,,
454,6.318280e+02,,
455,1.564682e+02,,
456,2.717295e+01,,
457,8.256772e+02,,
458,2.064665e+01,,
459,2.325510e+02,,
460,1.429539e+02,,
461,1.042280e+03,,
462,2.216305e+02,,
463,7.316343e+02,,
464,4.974939e+02,,
465,1.719214e+01,,
466,1.145834e+02,,
467,5.197677e+02,,
468,6.453292e+02,,
469,3.991407e+02,,
470,1.833719e+01,,
471,1.462961e+01,,
472,4.374543e+01,,
473,4.410207e+01,,
474,1.605279e+02,,
475,3.697122e+02,,
476,4.314189e+02,,
477,8.003684e+01,,
478,6.924823e+01,,
479,1.260713e+04,,
480,1.296688e+03,,
481,1.844660e+02,,
482,4.399619e+02,,
483,2.343072e+02,,
484,1.080109e+04,,
485,6.913456e+02,,
486,4.593294e+01,,
487,3.292938e+01,,
488,5.060992e+01,,
489,3.195595e+02,,
490,1.183636e+02,,
491,9.398594e+02,,
492,2.017460e+02,,
493,1.175054e+02,,
494,5.132246e+00,,
495,1.155036e+02,,
496,2.129506e+01,,
497,5.758415e+00,,
498,4.562130e+01,,
499,2.704273e+02,,
500,4.076239e+02,,
501,6.206292e+00,,
502,8.020174e+00,,
503,3.442198e+00,,
504,3.287535e+01,,
505,1.881652e+01,,
506,2.944212e+02,,
507,4.332770e+03,,
508,3.606859e+00,,
509,2.140092e+01,,
510,2.938623e+02,,
511,4.714269e+02,,
512,1.493319e+02,,
513,1.777568e+02,,
514,1.244095e+03,,
515,3.925256e+03,,
516,3.662743e+03,,
517,7.337852e+02,,
518,1.264977e+02,,
519,5.560902e+02,,
520,2.626741e+03,,
521,5.544838e+01,,
522,5.108361e+03,,
523,6.927372e+03,,
524,8.215914e+02,,
525,4.037701e+02,,
526,7.921333e+01,,
527,2.038718e+01,,
528,6.034165e+02,,
529,9.758071e+01,,
530,1.310767e+02,,
531,2.524860e+02,,
532,7.698130e+02,,
533,1.209864e+02,,
534,1.651197e+02,,
535,9.400619e+01,,
536,6.559633e+02,,
537,4.028181e+03,,
538,1.639632e+03,,
539,6.766155e+03,,
540,1.022240e+04,,
541,8.119867e+03,,
542,3.151349e+02,,
543,1.205274e+01,,
544,1.450829e+02,,
545,1.174326e+03,,
546,4.152853e+03,,
547,2.144936e+02,,
548,2.651982e+02,,
549,1.714146e+03,,
550,1.213430e+01,,
551,1.439574e+02,,
552,1.930889e+01,,
553,3.414160e+01,,
554,2.403172e+02,,
555,1.013147e+02,,
556,4.453818e+01,,
557,7.519926e+01,,
558,1.986969e+02,,
559,1.463664e+02,,
560,7.549214e+00,,
561,1.735739e+01,,
562,4.987520e+02,,
563,4.060765e+02,,
564,4.867491e+01,,
565,1.405788e+02,,
566,3.342808e+03,,
567,1.586146e+03,,
568,5.265877e+03,,
569,2.187173e+02,,
570,3.309642e+02,,
571,1.787015e+02,,
572,1.471666e+03,,
573,4.043890e+00,,
574,2.565258e+02,,
575,2.756085e+02,,
576,5.080969e+03,,
577,1.941052e+02,,
578,1.922823e+02,,
579,4.086502e+01,,
580,6.785935e+01,,
581,1.678467e+02,,
582,2.017104e+02,,
583,9.858812e+01,,
584,7.479966e+03,,
585,4.136741e+03,,
586,1.261245e+04,,
587,3.890513e+04,,
588,1.151265e+04,,
589,1.395423e+03,,
590,2.842462e+02,,
591,1.456763e+02,,
592,5.106222e+03,,
593,2.595822e+03,,
594,6.330341e+03,,
595,4.011882e+03,,
596,1.014357e+03,,
597,4.221011e+03,,
598,5.196562e+02,,
599,3.447484e+03,,
600,1.152654e+02,,
601,7.153086e+01,,
602,5.366523e+01,,
603,8.721282e+01,,
604,2.724571e+04,,
605,4.267496e+03,,
606,3.118450e+02,,
607,1.196227e+03,,
608,5.952496e+01,,
609,9.279578e+00,,
610,3.660451e+00,,
611,7.027264e+00,,
612,8.927269e+00,,
613,8.306158e+00,,
614,2.402059e+01,,
615,3.757133e+01,,
616,2.192683e+02,,
617,2.088595e+01,,
618,9.464119e+01,,
619,1.103209e+02,,
620,4.966076e+00,,
621,7.292504e+01,,
622,7.775030e+00,,
623,6.080592e+01,,
624,4.105671e+01,,
625,1.467888e+01,,
626,4.607060e+00,,
627,3.266207e+01,,
628,1.000303e+01,,
629,1.277781e+03,,
630,1.235142e+03,,
631,9.505867e+01,,
632,6.641887e+02,,
633,3.134066e+02,,
634,7.094606e+01,,
635,3.680683e+02,,
636,2.028033e+02,,
637,1.247671e+02,,
638,1.225028e+02,,
639,2.903692e+01,,
640,3.861600e+03,,
641,3.197672e+02,,
642,4.255798e+02,,
643,2.016267e+03,,
644,2.507398e+01,,
645,7.901040e+02,,
646,1.218560e+03,,
647,5.649794e+02,,
648,3.218600e+03,,
649,9.914344e+02,,
650,4.115137e+02,,
651,2.588746e+02,,
652,3.786643e+03,,
653,3.168072e+03,,
654,2.390336e+02,,
655,6.252610e+03,,
656,9.883845e+03,,
657,8.778997e+03,,
658,1.651515e+03,,
659,3.523035e+03,,
660,2.136359e+01,,
661,1.356733e+02,,
662,1.133497e+01,,
663,1.068254e+03,,
664,7.250408e+02,,
665,2.910003e+01,,
666,3.089855e+02,,
667,3.070331e+01,,
668,1.746765e+01,,
669,3.352500e+02,,
670,4.289727e+01,,
671,4.532307e+02,,
672,8.608178e+01,,
673,1.114000e+02,,
674,1.349733e+03,,
675,7.634662e+01,,
676,5.645405e+00,,
677,5.950231e+01,,
678,4.017555e+01,,
679,3.055317e+01,,
680,2.293447e+03,,
681,7.269164e+02,,
682,8.020679e+02,,
683,4.088884e+02,,
684,1.349979e+02,,
685,8.270549e+01,,
686,1.652659e+02,,
687,5.964063e+02,,
688,9.486327e+00,,
689,6.570144e+01,,
690,9.792796e+00,,
691,2.784612e+02,,
692,1.498168e+02,,
693,5.268389e+01,,
694,8.826522e+00,,
695,2.245854e+01,,
696,8.220932e+01,,
697,1.346702e+02,,
698,6.014994e+01,,
699,2.349039e+02,,
700,6.691020e+02,,
701,9.278962e+03,,
702,1.178397e+02,,
703,5.281615e+02,,
704,4.430334e+03,,
705,5.844116e+04,,
706,1.315320e+03,,
707,2.772486e+02,,
708,4.656258e+01,,
709,2.797231e+03,,
710,3.972867e+02,,
711,3.825363e+02,,
712,1.223677e+02,,
713,9.010273e+02,,
714,1.708720e+02,,
715,1.431259e+03,,
716,4.505030e+02,,
717,8.110485e+02,,
718,3.608156e+01,,
719,1.020367e+03,,
720,1.309602e+02,,
721,3.685063e+02,,
722,1.011727e+03,,
723,1.962094e+03,,
724,1.146975e+02,,
725,2.179294e+01,,
726,2.211036e+02,,
727,1.115313e+01,,
728,8.225939e+01,,
729,3.830165e+02,,
730,1.588490e+02,,
731,9.495629e+01,,
732,3.848323e+01,,
733,4.992666e+02,,
734,2.444030e+02,,
735,3.316390e+02,,
736,6.052067e+02,,
737,1.211172e+04,,
738,2.642201e+03,,
739,2.910611e+03,,
740,3.577245e+01,,
741,2.569410e+01,,
742,4.750514e+02,,
743,2.069554e+01,,
744,7.666780e+01,,
745,7.534059e+02,,
746,2.650520e+03,,
747,5.192717e+02,,
748,1.001241e+03,,
749,8.598957e+02,,
750,3.456928e+01,,
751,2.698560e+02,,
752,8.207509e+02,,
753,1.581153e+03,,
754,7.048229e+00,,
755,5.985032e+00,,
756,4.483059e+01,,
757,7.168906e+01,,
758,1.059115e+02,,
759,1.168075e+02,,
760,1.353098e+02,,
761,4.868627e+01,,
762,3.137038e+01,,
763,6.366060e+02,,
764,1.922284e+01,,
765,1.437204e+01,,
766,2.397397e+02,,
767,1.134549e+03,,
768,7.209024e+02,,
769,4.168156e+02,,
770,1.089572e+04,,
771,3.040032e+03,,
772,1.006119e+04,,
773,9.977806e+01,,
774,5.309903e+02,,
775,6.352149e+02,,
776,1.790177e+02,,
777,1.825435e+02,,
778,7.756647e+01,,
779,1.438400e+02,,
780,2.209548e+02,,
781,7.129635e+01,,
782,8.106731e+01,,
783,2.597476e+02,,
784,1.564403e+02,,
785,2.202740e+04,,
786,2.045615e+03,,
787,3.360041e+04,,
788,1.745830e+02,,
789,7.712376e+02,,
790,1.984051e+04,,
791,4.942396e+04,,
792,1.176693e+04,,
793,5.388770e+04,,
794,5.653877e+02,,
795,9.445291e+03,,
796,9.035088e+04,,
797,6.914792e+01,,
798,5.207495e+01,,
799,1.163465e+03,,
800,6.982485e+02,,
801,2.957274e+03,,
802,8.795610e+01,,
803,3.333731e+02,,
804,1.779828e+01,,
805,1.070987e+02,,
806,8.636293e+01,,
807,5.414857e+02,,
808,5.093894e+01,,
809,1.358417e+02,,
810,3.520741e+03,,
811,1.743448e+02,,
812,9.127260e+01,,
813,7.308300e+00,,
814,5.937823e+01,,
815,7.988175e+01,,
816,1.403072e+01,,
817,5.547372e+02,,
818,5.413195e+01,,
819,5.662691e+02,,
820,1.267215e+02,,
821,5.660740e+01,,
822,2.489714e+01,,
823,5.318202e+01,,
824,1.434051e+02,,
825,6.873515e+01,,
826,7.828749e+00,,
827,5.300986e+02,,
828,2.347622e+02,,
829,1.738256e+01,,
830,2.040199e+02,,
831,4.621763e+02,,
832,1.761243e+02,,
833,3.227146e+01,,
834,3.810742e+02,,
835,2.157675e+01,,
836,3.214422e+00,,
837,2.459959e+01,,
838,3.892450e+01,,
839,4.866816e+00,,
840,1.946517e+01,,
841,3.243569e+01,,
842,3.737971e+01,,
843,1.014606e+03,,
844,2.142331e+01,,
845,4.194263e+01,,
846,1.457682e+01,,
847,1.884284e+03,,
848,2.978276e+02,,
849,3.158839e+03,,
850,4.223585e+02,,
851,5.196391e+01,,
852,1.063550e+03,,
853,2.289624e+03,,
854,2.212014e+01,,
855,1.744893e+01,,
856,5.454981e+01,,
857,5.497594e+01,,
858,3.112122e+02,,
859,6.811224e+01,,
860,5.226846e+02,,
861,4.642257e+02,,
862,4.823782e+02,,
863,3.686567e+01,,
864,9.204427e+02,,
865,2.512817e+02,,
866,5.796262e+01,,
867,1.206709e+02,,
868,1.582657e+01,,
869,1.545678e+02,,
870,6.346654e+01,,
871,1.028125e+04,,
872,4.560017e+02,,
873,7.302267e+02,,
874,6.626679e+02,,
875,6.640345e+01,,
876,1.886181e+03,,
877,9.770141e+02,,
878,2.102203e+03,,
879,1.055848e+04,,
880,4.495674e+03,,
881,2.730336e+03,,
882,6.441922e+03,,
883,2.984316e+03,,
884,7.419434e+01,,
885,1.947743e+01,,
886,1.033483e+02,,
887,1.863512e+02,,
888,6.880850e+01,,
889,2.586542e+01,,
890,4.416597e+03,,
891,5.110351e+02,,
892,5.525051e+02,,
893,2.221442e+03,,
894,8.413544e+01,,
895,1.041684e+02,,
896,6.026237e+01,,
897,6.236039e+01,,
898,1.575194e+01,,
899,1.613629e+02,,
900,3.023068e+02,,
901,1.657279e+01,,
902,6.055851e+02,,
903,2.985377e+03,,
904,7.644905e+02,,
905,5.365024e+00,,
906,1.007133e+01,,
907,1.827015e+01,,
908,1.913204e+01,,
909,8.052849e+00,,
910,1.061548e+02,,
911,3.616181e+00,,
912,2.441632e+02,,
913,6.749067e+01,,
914,1.464269e+03,,
915,1.620544e+02,,
916,1.077143e+02,,
917,1.698700e+03,,
918,3.101864e+04,,
919,7.037442e+04,,
920,6.098325e+03,,
921,3.366311e+03,,
922,6.404375e+03,,
923,4.266598e+04,,
924,1.313177e+04,,
925,9.087725e+02,,
926,4.118276e+03,,
927,4.617184e+04,,
928,2.110515e+03,,
929,8.406994e+03,,
930,6.235948e+03,,
931,1.446302e+03,,
932,4.770412e+03,,
933,8.028231e+02,,
934,3.742755e+02,,
935,4.634144e+02,,
936,3.133279e+03,,
937,2.716981e+02,,
938,1.611566e+02,,
939,1.263393e+02,,
940,6.541371e+03,,
941,1.395364e+03,,
942,9.142239e+02,,
943,4.902054e+03,,
944,5.438336e+02,,
945,5.635725e+02,,
946,1.779101e+02,,
947,1.403917e+03,,
948,1.521077e+04,,
949,3.247950e+03,,
950,5.570367e+02,,
951,6.768536e+02,,
952,2.921047e+03,,
953,4.142787e+02,,
954,9.168256e+02,,
955,1.356026e+02,,
956,1.571377e+03,,
957,6.761399e+01,,
958,4.130377e+02,,
959,1.076051e+03,,
960,5.332813e+03,,
961,3.152481e+02,,
962,9.532880e+02,,
963,2.850043e+01,,
964,3.925662e+02,,
965,3.661998e+02,,
966,7.139348e+02,,
967,2.175337e+02,,
968,1.517495e+03,,
969,3.503669e+03,,
970,6.445767e+02,,
971,1.291399e+04,,
972,1.601096e+03,,
973,5.840392e+02,,
974,3.369376e+01,,
975,5.422732e+03,,
976,2.811526e+03,,
977,9.448349e+01,,
978,4.482187e+02,,
979,2.795877e+02,,
980,1.246750e+01,,
981,6.521285e+01,,
982,9.299757e+00,,
983,1.057072e+03,,
984,2.239745e+02,,
985,3.457051e+01,,
986,1.741627e+01,,
987,7.013474e+01,,
988,5.612798e+02,,
989,1.873214e+02,,
990,3.015443e+02,,
991,4.642722e+03,,
992,1.356211e+03,,
993,6.008265e+02,,
994,7.787617e+01,,
995,1.336685e+02,,
996,5.765420e+01,,
997,1.297408e+03,,
998,8.739342e+03,,
999,5.988567e+03,,
1000,4.999245e+03,,
1001,6.856821e+02,,
1002,1.562422e+03,,
1003,2.290668e+02,,
1004,1.864619e+02,,
1005,5.647666e+02,,
1006,2.457909e+04,,
1007,4.732179e+03,,
1008,4.935726e+03,,
1009,1.157093e+04,,
1010,1.860378e+02,,
1011,8.837269e+02,,
1012,1.548374e+02,,
1013,2.127195e+01,,
1014,2.095857e+02,,
1015,4.006148e+01,,
1016,1.253973e+02,,
1017,3.921527e+00,,
1018,1.866731e+02,,
1019,6.436080e+01,,
1020,1.813678e+01,,
1021,2.048392e+00,,
1022,1.703538e+02,,
1023,3.519712e+01,,
1024,5.464448e+01,,
1025,1.535139e+01,,
1026,2.125111e+01,,
1027,1.406871e+03,,
1028,5.729801e+01,,
1029,3.220313e+01,,
1030,3.747053e+01,,
1031,5.286137e+02,,
1032,6.781506e+01,,
1033,5.621077e+00,,
1034,2.427603e+01,,
1035,5.406997e+01,,
1036,1.161465e+02,,
1037,1.283362e+02,,
1038,4.302953e+02,,
1039,1.021892e+03,,
1040,1.899830e+01,,
1041,3.750526e+01,,
1042,1.725267e+01,,
1043,1.274876e+02,,
1044,1.083513e+02,,
1045,2.383895e+01,,
1046,1.807973e+02,,
1047,2.874063e+03,,
1048,4.024626e+02,,
1049,3.996287e+02,,
1050,2.698545e+03,,
1051,1.776502e+03,,
1052,4.092265e+02,,
1053,5.906041e+03,,
1054,2.435314e+03,,
1055,1.604227e+03,,
1056,4.394516e+04,,
1057,1.123515e+04,,
1058,1.804582e+04,,
1059,8.323012e+04,,
1060,1.077675e+04,,
1061,9.635958e+03,,
1062,1.056939e+04,,
1063,7.459546e+03,,
1064,2.666885e+02,,
1065,5.457062e+02,,
1066,1.964926e+03,,
1067,1.929808e+04,,
1068,6.287350e+03,,
1069,8.940067e+03,,
1070,1.995205e+01,,
1071,1.428629e+02,,
1072,1.214546e+02,,
1073,3.855539e+01,,
1074,4.598615e+02,,
1075,2.131181e+03,,
1076,1.944594e+02,,
1077,1.173621e+02,,
1078,1.734749e+02,,
1079,5.633884e+01,,
1080,9.775635e+01,,
1081,5.277835e+01,,
1082,1.034271e+01,,
1083,1.150812e+02,,
1084,1.316644e+02,,
1085,1.939742e+03,,
1086,4.159408e+01,,
1087,1.133690e+01,,
1088,4.411431e+01,,
1089,7.009880e+00,,
1090,8.445327e+01,,
1091,9.786481e+02,,
1092,1.886642e+02,,
1093,4.525663e+01,,
1094,7.474506e+01,,
1095,3.367241e+02,,
1096,1.694656e+03,,
1097,8.919648e+02,,
1098,2.222128e+03,,
1099,1.480238e+02,,
1100,2.033048e+02,,
1101,5.999002e+01,,
1102,5.785264e+03,,
1103,1.297301e+03,,
1104,1.678402e+02,,
1105,6.120021e+02,,
1106,1.739548e+03,,
1107,6.495893e+03,,
1108,4.269969e+03,,
1109,4.119397e+02,,
1110,1.219717e+02,,
1111,6.094313e+03,,
1112,3.932335e+02,,
1113,6.894451e+02,,
1114,1.382972e+04,,
1115,1.496761e+03,,
1116,1.358221e+02,,
1117,6.592489e+03,,
1118,3.280822e+03,,
1119,7.969364e+03,,
1120,9.202157e+02,,
1121,1.320069e+02,,
1122,1.788461e+02,,
1123,6.365085e+02,,
1124,2.762478e+03,,
1125,3.769745e+00,,
1126,3.956258e+01,,
1127,3.904630e+01,,
1128,4.290142e+02,,
1129,1.035510e+02,,
1130,6.860421e+01,,
1131,2.288703e+02,,
1132,9.023847e+00,,
1133,1.231174e+02,,
1134,4.112218e+01,,
1135,2.152822e+01,,
1136,7.301036e+01,,
1137,2.078469e+03,,
1138,9.218722e+02,,
1139,5.082653e+03,,
1140,3.214100e+03,,
1141,3.801294e+02,,
1142,8.098701e+02,,
1143,7.326567e+02,,
1144,1.489758e+02,,
1145,1.782582e+02,,
1146,2.553034e+02,,
1147,7.606762e+03,,
1148,6.360143e+02,,
1149,5.593315e+02,,
1150,1.091539e+04,,
1151,5.679569e+03,,
1152,1.775024e+03,,
1153,1.702447e+03,,
1154,2.797988e+04,,
1155,4.461103e+04,,
1156,6.708063e+02,,
1157,2.692791e+04,,
1158,5.936184e+02,,
1159,7.960565e+01,,
1160,6.220446e+01,,
1161,4.780801e+03,,
1162,4.274971e+03,,
1163,5.314065e+04,,
1164,8.936391e+03,,
1165,4.581550e+03,,
1166,3.969245e+03,,
1167,2.412057e+03,,
1168,2.302259e+04,,
1169,2.220701e+03,,
1170,6.281238e+03,,
1171,4.517325e+02,,
1172,8.761459e+03,,
1173,2.863557e+04,,
1174,1.995973e+05,,
1175,1.370916e+04,,
1176,6.872528e+03,,
1177,2.714183e+04,,
1178,3.202006e+03,,
1179,9.721943e+02,,
1180,1.304774e+04,,
1181,4.818529e+03,,
1182,1.255711e+03,,
1183,9.810988e+03,,
1184,2.090183e+03,,
1185,9.080248e+02,,
1186,8.747822e+02,,
1187,3.818395e+05,,
1188,4.647560e+04,,
1189,1.524766e+03,,
1190,6.886509e+02,,
1191,7.466556e+02,,
1192,2.778844e+02,,
1193,6.215183e+01,,
1194,1.676198e+02,,
1195,8.476211e+01,,
1196,1.231651e+02,,
1197,5.002101e+02,,
1198,5.411741e+03,,
1199,1.560494e+02,,
1200,2.956996e+01,,
1201,2.696345e+02,,
1202,2.723691e+02,,
1203,2.465790e+02,,
1204,2.132338e+03,,
1205,2.471703e+03,,
1206,2.157545e+03,,
1207,2.130461e+03,,
1208,7.452890e+01,,
1209,2.053840e+02,,
1210,9.306061e+01,,
1211,1.929745e+03,,
1212,6.818704e+03,,
1213,4.597660e+02,,
1214,2.632501e+02,,
1215,4.466408e+02,,
1216,1.245304e+02,,
1217,1.269316e+02,,
1218,7.059266e+02,,
1219,8.667930e+03,,
1220,3.460987e+02,,
1221,2.721519e+02,,
1222,5.039362e+02,,
1223,1.213223e+03,,
1224,4.315450e+03,,
1225,4.361359e+03,,
1226,5.160284e+03,,
1227,6.414536e+03,,
1228,5.176864e+02,,
1229,1.878198e+02,,
1230,5.307453e+02,,
1231,4.611258e+03,,
1232,1.560484e+03,,
1233,2.728899e+02,,
1234,1.959475e+02,,
1235,8.538671e+02,,
1236,2.548725e+03,,
1237,1.039389e+03,,
1238,3.124705e+02,,
1239,3.370645e+01,,
1240,1.579450e+01,,
1241,4.267143e+01,,
1242,8.125374e+02,,
1243,1.759093e+02,,
1244,3.007645e+02,,
1245,1.824969e+03,,
1246,1.461356e+02,,
1247,2.095921e+02,,
1248,1.212937e+02,,
1249,1.013457e+02,,
1250,1.367925e+02,,
1251,3.888873e+01,,
1252,3.874309e+01,,
1253,2.624150e+04,,
1254,4.227985e+02,,
1255,2.052744e+02,,
1256,2.564352e+03,,
1257,2.159092e+02,,
1258,2.470566e+02,,
1259,6.133254e+02,,
1260,6.589145e+02,,
1261,1.401157e+03,,
1262,3.399100e+03,,
1263,3.262047e+01,,
1264,1.413000e+03,,
1265,1.287703e+04,,
1266,1.860374e+03,,
1267,3.281326e+02,,
1268,1.351735e+02,,
1269,1.025030e+04,,
1270,7.258639e+02,,
1271,8.207878e+03,,
1272,1.981562e+03,,
1273,5.560673e+02,,
1274,7.048762e+01,,
1275,2.099749e+04,,
1276,1.760376e+02,,
1277,1.198455e+03,,
1278,9.313892e+02,,
1279,2.171894e+01,,
1280,3.056871e+02,,
1281,2.753810e+00,,
1282,9.117032e+00,,
1283,1.532667e+01,,
1284,8.889143e+00,,
1285,2.523035e+00,,
1286,3.348504e+00,,
1287,3.896881e+00,,
1288,1.208922e+01,,
1289,1.680897e+02,,
1290,5.914062e+01,,
1291,7.916217e+02,,
1292,1.958442e+01,,
1293,2.456785e+02,,
1294,5.266524e+01,,
1295,1.234755e+02,,
1296,2.573189e+01,,
1297,1.941393e+02,,
1298,3.221607e+01,,
1299,4.622365e+01,,
1300,8.218567e+01,,
1301,1.611948e+02,,
1302,5.259687e+02,,
1303,1.494135e+03,,
1304,1.016068e+03,,
1305,3.378536e+03,,
1306,3.423139e+01,,
1307,2.523951e+02,,
1308,8.954873e+02,,
1309,1.733752e+03,,
1310,4.516773e+03,,
1311,6.663165e+03,,
1312,1.576537e+04,,
1313,4.602652e+02,,
1314,6.522974e+01,,
1315,4.002209e+02,,
1316,2.305376e+02,,
1317,1.543006e+03,,
1318,1.257807e+04,,
1319,1.003234e+04,,
1320,3.051888e+03,,
1321,1.352522e+03,,
1322,1.206373e+04,,
1323,2.190084e+03,,
1324,8.781897e+03,,
1325,1.969108e+03,,
1326,1.525297e+02,,
1327,2.115068e+02,,
1328,9.569772e+02,,
1329,3.789710e+03,,
1330,9.987724e+02,,
1331,3.856246e+02,,
1332,1.133619e+04,,
1333,2.334005e+02,,
1334,6.687221e+02,,
1335,5.007613e+02,,
1336,3.467843e+03,,
1337,1.399932e+03,,
1338,2.081392e+03,,
1339,7.261562e+04,,
1340,3.145002e+03,,
1341,1.631531e+03,,
1342,9.543383e+02,,
1343,1.161250e+03,,
1344,2.563650e+04,,
1345,5.078626e+03,,
1346,1.026595e+03,,
1347,5.603720e+03,,
1348,4.221564e+02,,
1349,4.627395e+01,,
1350,6.974195e+01,,
1351,1.154545e+03,,
1352,3.112282e+02,,
1353,1.573828e+03,,
1354,6.191290e+01,,
1355,4.088301e+01,,
1356,3.319223e+03,,
1357,3.889993e+03,,
1358,2.874873e+02,,
1359,1.707269e+02,,
1360,3.471443e+03,,
1361,1.279065e+02,,
1362,1.771453e+03,,
1363,2.569181e+03,,
1364,3.077272e+03,,
1365,4.306470e+03,,
1366,6.167998e+02,,
1367,8.981087e+02,,
1368,2.497345e+02,,
1369,9.069782e+02,,
1370,7.261591e+02,,
1371,3.986698e+02,,
1372,4.610323e+03,,
1373,5.268082e+02,,
1374,4.966116e+04,,
1375,2.826022e+02,,
1376,2.494754e+02,,
1377,1.144187e+03,,
1378,1.260108e+03,,
1379,3.029899e+03,,
1380,6.398073e+02,,
1381,6.815329e+03,,
1382,8.042173e+02,,
1383,1.852947e+03,,
1384,2.086874e+03,,
1385,2.217097e+02,,
1386,2.205257e+03,,
1387,5.710586e+04,,
1388,4.339379e+04,,
1389,1.790109e+03,,
1390,1.304370e+03,,
1391,8.947754e+02,,
1392,1.326524e+04,,
1393,2.305444e+05,,
1394,1.058990e+05,,
1395,1.832172e+02,,
1396,5.385776e+01,,
1397,3.262202e+02,,
1398,6.157198e+02,,
1399,2.959968e+03,,
1400,9.950904e+04,,
1401,4.069262e+03,,
1402,4.506334e+03,,
1403,6.209698e+02,,
1404,8.119928e+02,,
1405,1.405588e+03,,
1406,6.343420e+03,,
1407,9.695824e+02,,
1408,1.563194e+03,,
1409,6.302404e+03,,
1410,1.308845e+03,,
1411,3.663586e+02,,
1412,6.941111e+03,,
1413,5.145140e+03,,
1414,1.292226e+04,,
1415,3.706485e+03,,
1416,2.574054e+02,,
1417,1.598067e+03,,
1418,2.026664e+03,,
1419,3.939698e+02,,
1420,1.861232e+03,,
1421,1.572492e+04,,
1422,1.173335e+04,,
1423,1.192535e+04,,
1424,9.115767e+02,,
1425,1.626877e+03,,
1426,6.861989e+02,,
1427,3.756008e+03,,
1428,4.315600e+02,,
1429,6.414316e+02,,
1430,2.696029e+04,,
1431,6.328798e+02,,
1432,7.357911e+03,,
1433,3.992731e+04,,
1434,5.487443e+03,,
1435,2.264668e+03,,
1436,2.204960e+03,,
1437,4.886708e+03,,
1438,3.113812e+03,,
1439,2.552370e+04,,
1440,3.553695e+03,,
1441,1.050632e+02,,
1442,5.104982e+03,,
1443,1.414544e+03,,
1444,2.659120e+03,,
1445,2.371686e+03,,
1446,4.115962e+01,,
1447,8.787454e+01,,
1448,8.288413e+01,,
1449,2.610596e+03,,
1450,2.230838e+02,,
1451,1.988170e+04,,
1452,6.555076e+03,,
1453,1.193594e+03,,
1454,3.735098e+01,,
1455,4.476103e+02,,
1456,6.561146e+02,,
1457,2.092629e+02,,
1458,9.182271e+01,,
1459,1.893470e+01,,
1460,2.278577e+00,,
1461,9.775312e+01,,
1462,3.362232e+02,,
1463,4.126899e+01,,
1464,1.810784e+00,,
1465,2.182443e+00,,
1466,7.429345e+00,,
1467,1.001743e+01,,
1468,4.533553e+00,,
1469,1.917183e+02,,
1470,3.230783e+00,,
1471,3.191079e+00,,
1472,3.533489e+01,,
1473,4.035208e+00,,
1474,2.339305e+02,,
1475,3.033353e+02,,
1476,1.724077e+01,,
1477,7.999666e+00,,
1478,1.478146e+02,,
1479,3.856804e+02,,
1480,2.404396e+02,,
1481,1.134089e+03,,
1482,8.086604e+03,,
1483,1.147845e+04,,
1484,3.370114e+03,,
1485,1.753216e+04,,
1486,1.276494e+05,,
1487,6.956896e+03,,
1488,5.696881e+03,,
1489,3.368638e+03,,
1490,1.258185e+04,,
1491,1.416536e+03,,
1492,4.194575e+01,,
1493,2.703057e+03,,
1494,4.075494e+01,,
1495,2.051021e+01,,
1496,1.391946e+02,,
1497,4.272038e+01,,
1498,2.282285e+02,,
1499,5.164600e+03,,
1500,1.858144e+02,,
1501,1.930278e+02,,
1502,1.505491e+03,,
1503,3.455514e+02,,
1504,2.834735e+02,,
1505,4.699527e+02,,
1506,1.832687e+02,,
1507,2.111323e+02,,
1508,2.707102e+02,,
1509,1.077546e+04,,
1510,1.317259e+03,,
1511,1.972911e+03,,
1512,7.613692e+02,,
1513,2.406619e+03,,
1514,9.349444e+01,,
1515,8.331110e+02,,
1516,1.289790e+02,,
1517,1.287300e+02,,
1518,6.362242e+02,,
1519,1.353920e+02,,
1520,1.573001e+03,,
1521,1.987562e+04,,
1522,1.583127e+04,,
1523,2.976084e+04,,
1524,8.028762e+03,,
1525,8.961885e+03,,
1526,1.775631e+04,,
1527,1.071835e+04,,
1528,2.049036e+03,,
1529,7.050996e+03,,
1530,6.871600e+03,,
1531,1.393296e+03,,
1532,1.385460e+04,,
1533,5.291507e+04,,
1534,1.993778e+02,,
1535,4.804077e+03,,
1536,5.609556e+03,,
1537,5.624841e+02,,
1538,1.783043e+02,,
1539,3.247243e+02,,
1540,4.304492e+01,,
1541,2.247504e+03,,
1542,2.724835e+02,,
1543,2.314863e+02,,
1544,3.879367e+02,,
1545,1.284484e+02,,
1546,3.539785e+00,,
1547,6.983101e+01,,
1548,4.607255e+01,,
1549,8.842920e+00,,
1550,2.860236e+01,,
1551,2.042494e+01,,
1552,5.088772e+00,,
1553,1.923580e+01,,
1554,1.937963e+01,,
1555,4.018914e+01,,
1556,2.992932e+01,,
1557,4.581434e+00,,
1558,3.585001e+02,,
1559,4.857736e+01,,
1560,1.515275e+02,,
1561,1.271554e+01,,
1562,1.107200e+02,,
1563,4.378039e+01,,
1564,1.520051e+02,,
1565,6.493395e+02,,
1566,6.279354e+01,,
1567,1.071543e+03,,
1568,2.323863e+01,,
1569,1.468132e+02,,
1570,2.555224e+01,,
1571,4.837548e+01,,
1572,4.291517e+01,,
1573,1.294127e+02,,
1574,2.611285e+04,,
1575,4.770382e+03,,
1576,1.229389e+02,,
1577,2.391291e+02,,
1578,5.386429e+01,,
1579,2.085102e+01,,
1580,4.363551e+01,,
1581,4.130295e+01,,
1582,1.127468e+02,,
1583,4.254840e+01,,
1584,8.113633e+03,,
1585,2.014373e+03,,
1586,1.965186e+02,,
1587,1.152526e+02,,
1588,9.235708e+00,,
1589,1.476325e+02,,
1590,1.438909e+03,,
1591,1.035022e+01,,
1592,4.409692e+02,,
1593,6.877851e+02,,
1594,1.142172e+02,,
1595,4.345317e+01,,
1596,1.963431e+01,,
1597,2.041524e+01,,
1598,6.734003e+03,,
1599,6.867005e+02,,
1600,3.702769e+03,,
1601,2.146913e+04,,
1602,2.680073e+04,,
1603,1.258931e+03,,
1604,4.168068e+03,,
1605,1.680426e+03,,
1606,3.757343e+03,,
1607,5.227805e+01,,
1608,1.701107e+03,,
1609,8.581392e+01,,
1610,3.810303e+03,,
1611,2.697800e+01,,
1612,5.140390e+02,,
1613,3.197238e+02,,
1614,4.126072e+02,,
1615,1.608445e+03,,
1616,1.512972e+04,,
1617,6.834738e+03,,
1618,4.094117e+04,,
1619,2.720962e+04,,
1620,1.096217e+02,,
1621,5.850839e+02,,
1622,5.310072e+02,,
1623,3.155950e+02,,
1624,1.062612e+03,,
1625,3.177285e+03,,
1626,3.526684e+03,,
1627,1.158802e+02,,
1628,5.677131e+02,,
1629,6.294402e+01,,
1630,1.402260e+02,,
1631,1.947790e+01,,
1632,8.890806e+03,,
1633,1.872830e+04,,
1634,2.847139e+03,,
1635,2.760512e+02,,
1636,2.668948e+02,,
1637,6.855240e+02,,
1638,2.796597e+02,,
1639,1.329857e+02,,
1640,1.432854e+02,,
1641,4.101504e+03,,
1642,2.217137e+02,,
1643,6.530245e+02,,
1644,1.273010e+02,,
1645,2.009849e+02,,
1646,1.992377e+02,,
1647,9.460037e+02,,
1648,1.187041e+03,,
1649,6.387514e+02,,
1650,7.153999e+03,,
1651,1.188332e+02,,
1652,6.323455e+02,,
1653,1.485463e+04,,
1654,7.815180e+02,,
1655,3.593140e+02,,
1656,7.303545e+03,,
1657,1.293668e+02,,
1658,9.165346e+01,,
1659,2.069601e+03,,
1660,2.972862e+03,,
1661,1.178336e+02,,
1662,1.362736e+02,,
1663,2.775077e+03,,
1664,5.380691e+02,,
1665,1.519544e+02,,
1666,2.286046e+02,,
1667,4.024122e+02,,
1668,3.778274e+01,,
1669,7.033879e+01,,
1670,1.310102e+01,,
1671,1.895882e+01,,
1672,4.082582e+01,,
1673,7.421007e+01,,
1674,2.567482e+01,,
1675,2.102885e+02,,
1676,4.773177e+01,,
1677,6.643912e+01,,
1678,1.696113e+02,,
1679,3.234813e+01,,
1680,6.138725e+02,,
1681,3.499838e+02,,
1682,2.384848e+02,,
1683,3.017718e+02,,
1684,6.235307e+02,,
1685,4.891649e+02,,
1686,1.372472e+03,,
1687,5.712743e+02,,
1688,1.454793e+03,,
1689,5.839694e+01,,
1690,1.220833e+02,,
1691,1.401793e+01,,
1692,1.114346e+03,,
1693,3.220342e+01,,
1694,1.368572e+03,,
1695,2.476445e+03,,
1696,2.852052e+03,,
1697,3.966008e+03,,
1698,4.103461e+03,,
1699,8.381559e+02,,
1700,5.685065e+03,,
1701,1.019070e+03,,
1702,1.713488e+02,,
1703,1.577002e+02,,
1704,5.672838e+02,,
1705,1.124115e+04,,
1706,2.299361e+03,,
1707,8.612840e+03,,
1708,2.123227e+03,,
1709,2.741872e+02,,
1710,6.950603e+02,,
1711,3.036376e+03,,
1712,5.286492e+03,,
1713,6.832818e+04,,
1714,6.480341e+03,,
1715,9.310523e+04,,
1716,1.428335e+03,,
1717,1.173094e+03,,
1718,7.024659e+03,,
1719,1.082346e+05,,
1720,6.418538e+03,,
1721,7.975166e+04,,
1722,1.344058e+05,,
1723,3.533662e+04,,
1724,3.342770e+03,,
1725,1.027430e+03,,
1726,1.061987e+03,,
1727,4.213083e+02,,
1728,5.314765e+02,,
1729,4.512763e+02,,
1730,9.521768e+02,,
1731,3.741105e+03,,
1732,4.782045e+02,,
1733,2.362209e+03,,
1734,9.998292e+03,,
1735,1.439166e+03,,
1736,1.038981e+04,,
1737,1.324517e+05,,
1738,2.618002e+03,,
1739,9.902298e+03,,
1740,4.535857e+03,,
1741,1.213307e+05,,
1742,6.292873e+03,,
1743,2.074105e+04,,
1744,3.799776e+02,,
1745,5.834649e+01,,
1746,4.285599e+02,,
1747,9.360682e+01,,
1748,4.038035e+02,,
1749,4.636113e+02,,
1750,2.994722e+02,,
1751,3.587193e+02,,
1752,1.146558e+04,,
1753,1.228165e+03,,
1754,1.643546e+03,,
1755,1.939793e+03,,
1756,8.052084e+01,,
1757,7.303123e+01,,
1758,1.397033e+04,,
1759,1.364849e+02,,
1760,7.237718e+03,,
1761,7.260704e+03,,
1762,2.597846e+04,,
1763,4.798411e+03,,
1764,1.252129e+03,,
1765,1.697902e+02,,
1766,4.440857e+02,,
1767,6.711708e+02,,
1768,1.711179e+03,,
1769,1.071360e+02,,
1770,9.115796e+02,,
1771,3.118235e+02,,
1772,1.978498e+03,,
1773,9.563957e+02,,
1774,4.137087e+02,,
1775,7.393637e+01,,
1776,1.149084e+03,,
1777,2.184917e+04,,
1778,1.669125e+05,,
1779,3.661668e+03,,
1780,1.031219e+02,,
1781,1.145738e+03,,
1782,4.577367e+01,,
1783,1.854955e+02,,
1784,2.311014e+02,,
1785,3.430944e+03,,
1786,4.763945e+02,,
1787,1.756790e+02,,
1788,1.573451e+03,,
1789,9.575206e+02,,
1790,2.790752e+03,,
1791,2.102680e+03,,
1792,2.860426e+02,,
1793,1.039590e+02,,
1794,2.484130e+03,,
1795,2.461814e+02,,
1796,1.405228e+02,,
1797,4.208125e+02,,
1798,8.059757e+02,,
1799,3.354850e+03,,
1800,9.805522e+02,,
1801,1.651141e+02,,
1802,3.597850e+04,,
1803,2.808824e+04,,
1804,7.861127e+02,,
1805,3.105169e+02,,
1806,2.723860e+04,,
1807,2.844805e+03,,
1808,1.440500e+04,,
1809,9.566609e+02,,
1810,2.437506e+04,,
1811,6.697079e+04,,
1812,3.477593e+04,,
1813,4.522113e+04,,
1814,1.176783e+05,,
1815,2.066670e+03,,
1816,8.601713e+03,,
1817,2.049382e+03,,
1818,3.582857e+04,,
1819,8.547344e+03,,
1820,6.118567e+02,,
1821,6.411790e+02,,
1822,2.315675e+03,,
1823,5.607978e+02,,
1824,2.954334e+02,,
1825,4.007584e+02,,
1826,7.583129e+02,,
1827,2.630592e+03,,
1828,9.732866e+01,,
1829,8.157276e+02,,
1830,2.652062e+01,,
1831,2.971475e+00,,
1832,3.101622e+01,,
1833,4.529146e+02,,
1834,1.922086e+02,,
1835,1.595526e+02,,
1836,1.937564e+02,,
1837,1.248879e+03,,
1838,7.807832e+02,,
1839,7.764278e+01,,
1840,2.682236e+02,,
1841,2.485356e+02,,
1842,5.579047e+03,,
1843,4.117931e+04,,
1844,1.788277e+05,,
1845,1.366551e+03,,
1846,1.181431e+03,,
1847,6.529030e+02,,
1848,1.135956e+03,,
1849,5.847201e+02,,
1850,6.524929e+03,,
1851,7.590984e+02,,
1852,3.023029e+02,,
1853,2.626679e+04,,
1854,5.589395e+03,,
1855,1.248549e+04,,
1856,2.036704e+04,,
1857,1.365548e+04,,
1858,6.661472e+04,,
1859,5.387682e+04,,
1860,6.666215e+02,,
1861,9.454717e+02,,
1862,4.604158e+02,,
1863,2.591103e+04,,
1864,1.194856e+03,,
1865,3.861394e+03,,
1866,2.105618e+03,,
1867,1.051515e+05,,
1868,6.366644e+01,,
1869,5.977582e+03,,
1870,6.182511e+02,,
1871,3.897343e+02,,
1872,5.438516e+02,,
1873,1.086595e+02,,
1874,6.936840e+03,,
1875,9.199342e+03,,
1876,2.028949e+03,,
1877,1.335995e+04,,
1878,1.089129e+03,,
1879,1.636778e+03,,
1880,4.254039e+04,,
1881,8.053416e+03,,
1882,4.365177e+03,,
1883,4.579939e+03,,
1884,7.618402e+03,,
1885,1.772932e+04,,
1886,1.010891e+03,,
1887,4.594241e+02,,
1888,6.610307e+02,,
1889,3.541845e+02,,
1890,4.989188e+04,,
1891,8.627718e+02,,
1892,4.003921e+02,,
1893,6.024923e+03,,
1894,1.277354e+04,,
1895,1.702555e+05,,
1896,7.357439e+03,,
1897,7.830816e+03,,
1898,1.135277e+04,,
1899,1.381444e+04,,
1900,4.301778e+02,,
1901,1.242825e+05,,
1902,5.108085e+05,,
1903,8.815138e+03,,
1904,2.088678e+03,,
1905,2.549109e+03,,
1906,6.968227e+03,,
1907,4.983328e+03,,
1908,6.550068e+02,,
1909,1.333287e+03,,
1910,5.331334e+02,,
1911,2.504918e+03,,
1912,3.336868e+04,,
1913,2.509032e+02,,
1914,7.193452e+02,,
1915,4.744439e+02,,
1916,5.164293e+03,,
1917,5.757927e+02,,
1918,1.670682e+03,,
1919,6.480241e+02,,
1920,6.701800e+02,,
1921,5.107402e+02,,
1922,9.227946e+02,,
1923,8.387238e+02,,
1924,6.938838e+04,,
1925,3.173161e+02,,
1926,6.433889e+02,,
1927,1.318816e+03,,
1928,7.445477e+01,,
1929,2.270220e+02,,
1930,3.140288e+02,,
1931,6.975420e+03,,
1932,9.019339e+02,,
1933,2.468759e+02,,
1934,1.226011e+03,,
1935,3.296975e+03,,
1936,5.510492e+02,,
1937,3.116953e+04,,
1938,1.355776e+04,,
1939,7.925301e+03,,
1940,1.985080e+04,,
1941,1.031784e+05,,
1942,2.321775e+04,,
1943,1.412581e+04,,
1944,5.328643e+03,,
1945,5.555842e+02,,
1946,1.685145e+03,,
1947,2.528413e+04,,
1948,2.493845e+03,,
1949,3.796223e+04,,
1950,2.407586e+03,,
1951,9.881299e+02,,
1952,9.481191e+03,,
1953,2.395629e+03,,
1954,1.162799e+04,,
1955,1.722424e+04,,
1956,2.764311e+02,,
1957,1.156457e+04,,
1958,6.123762e+02,,
1959,6.841880e+03,,
1960,6.680852e+03,,
1961,5.663786e+02,,
1962,7.334085e+02,,
1963,6.005971e+02,,
1964,9.048817e+01,,
1965,8.226535e+02,,
1966,2.342046e+02,,
1967,9.994321e+02,,
1968,1.284893e+03,,
1969,1.406249e+04,,
1970,2.251996e+04,,
1971,2.534929e+04,,
1972,6.256790e+03,,
1973,6.443451e+04,,
1974,3.395061e+05,,
1975,1.153711e+04,,
1976,1.219277e+04,,
1977,2.465787e+04,,
1978,2.549213e+03,,
1979,9.869287e+04,,
1980,2.385265e+04,,
1981,1.755670e+03,,
1982,1.236656e+04,,
1983,6.191351e+03,,
1984,1.447369e+03,,
1985,9.428351e+03,,
1986,4.330838e+04,,
1987,7.841726e+03,,
1988,2.299691e+04,,
1989,5.466658e+04,,
1990,6.302424e+04,,
1991,2.785622e+05,,
1992,2.605520e+02,,
1993,1.070318e+03,,
1994,7.605587e+03,,
1995,3.471109e+02,,
1996,9.885546e+01,,
1997,3.904332e+04,,
1998,2.434224e+03,,
1999,9.012225e+01,,
2000,2.526187e+01,,
2001,8.238975e+01,,
2002,1.103735e+02,,
2003,6.435356e+02,,
2004,2.410154e+02,,
2005,1.002638e+02,,
2006,3.145207e+01,,
2007,5.597907e+01,,
2008,1.511324e+02,,
2009,6.154213e+01,,
2010,9.324779e+01,,
2011,1.265107e+01,,
2012,7.822325e+00,,
2013,1.407437e+01,,
2014,9.048113e+00,,
2015,2.444180e+00,,
2016,2.632237e+01,,
2017,1.765225e+02,,
2018,1.409119e+01,,
2019,1.045303e+03,,
2020,5.242276e+02,,
2021,1.767285e+02,,
2022,2.439742e+02,,
2023,5.641173e+01,,
2024,9.279032e+01,,
2025,8.613897e+00,,
2026,2.380319e+01,,
2027,1.608743e+01,,
2028,4.285062e+00,,
2029,2.541054e+00,,
2030,1.959266e+02,,
2031,7.962728e+01,,
2032,1.789554e+01,,
2033,5.119182e+01,,
2034,9.355704e+02,,
2035,3.241548e+03,,
2036,1.285922e+04,,
2037,4.162923e+02,,
2038,2.592380e+02,,
2039,1.891437e+02,,
2040,4.230422e+03,,
2041,7.383882e+02,,
2042,7.049466e+02,,
2043,7.094167e+03,,
2044,7.229088e+03,,
2045,1.209277e+03,,
2046,5.160090e+03,,
2047,1.425434e+04,,
2048,2.266119e+04,,
2049,8.830685e+01,,
2050,4.507867e+02,,
2051,3.196231e+01,,
2052,3.863010e+02,,
2053,1.004421e+02,,
2054,1.097425e+02,,
2055,3.903192e+02,,
2056,7.471670e+01,,
2057,1.026850e+03,,
2058,2.031132e+01,,
2059,1.396822e+01,,
2060,8.700210e+01,,
2061,5.330961e+02,,
2062,4.293511e+01,,
2063,2.547066e+02,,
2064,8.847121e+02,,
2065,3.952262e+03,,
2066,5.608268e+02,,
2067,1.760801e+02,,
2068,9.967881e+02,,
2069,2.286477e+01,,
2070,9.402985e+00,,
2071,1.256981e+02,,
2072,5.295310e+00,,
2073,7.595084e+01,,
2074,1.117908e+02,,
2075,2.402428e+02,,
2076,5.906377e+02,,
2077,1.914759e+01,,
2078,1.517173e+02,,
2079,1.202326e+02,,
2080,9.217142e+00,,
2081,2.534730e+01,,
2082,1.453071e+02,,
2083,2.120067e+02,,
2084,9.794639e+02,,
2085,1.540000e+01,,
2086,1.286442e+02,,
2087,7.964257e+00,,
2088,5.682306e+01,,
2089,2.605561e+02,,
2090,2.973262e+03,,
2091,4.343995e+01,,
2092,1.134173e+03,,
2093,1.088642e+03,,
2094,9.473876e+02,,
2095,1.015956e+02,,
2096,1.566439e+02,,
2097,2.449907e+02,,
2098,7.026623e+01,,
2099,1.094853e+02,,
2100,1.305789e+03,,
2101,1.339842e+03,,
2102,7.777466e+01,,
2103,3.316721e+02,,
2104,1.564866e+03,,
2105,1.112626e+03,,
2106,1.776753e+03,,
2107,3.519225e+03,,
2108,6.349434e+01,,
2109,9.282125e+02,,
2110,3.193874e+02,,
2111,1.069686e+01,,
2112,2.131044e+02,,
2113,3.862054e+01,,
2114,2.188263e+03,,
2115,8.790490e+02,,
2116,2.535495e+03,,
2117,1.338449e+04,,
2118,6.432263e+02,,
2119,1.644148e+03,,
2120,9.230590e+02,,
2121,9.737266e+02,,
2122,8.056511e+01,,
2123,2.259911e+02,,
2124,1.431210e+02,,
2125,1.251735e+02,,
2126,5.440805e+00,,
2127,1.021300e+01,,
2128,3.925210e+01,,
2129,4.545895e+02,,
2130,1.510327e+01,,
2131,6.442478e+00,,
2132,9.181304e+01,,
2133,1.193637e+03,,
2134,1.515739e+02,,
2135,4.594953e+02,,
2136,7.421599e+01,,
2137,3.208165e+01,,
2138,2.725323e+01,,
2139,1.473082e+01,,
2140,1.471594e+01,,
2141,3.714319e+01,,
2142,6.233667e+02,,
2143,2.693855e+02,,
2144,2.622214e+01,,
2145,1.510912e+02,,
2146,1.115163e+02,,
2147,8.793321e+02,,
2148,1.508000e+02,,
2149,8.981283e+01,,
2150,4.144797e+02,,
2151,1.079883e+03,,
2152,8.111073e+02,,
2153,1.760592e+03,,
2154,5.165371e+01,,
2155,2.209214e+02,,
2156,8.396158e+01,,
2157,4.470505e+02,,
2158,1.002388e+03,,
2159,1.800938e+03,,
2160,7.902073e+02,,
2161,2.520291e+02,,
2162,5.001903e+00,,
2163,1.172434e+01,,
2164,6.181174e+01,,
2165,1.023400e+02,,
2166,3.249353e+01,,
2167,4.039565e+01,,
2168,1.976020e+01,,
2169,2.436755e+01,,
2170,5.311051e+01,,
2171,7.836199e+01,,
2172,7.180803e+01,,
2173,2.253980e+01,,
2174,1.717155e+01,,
2175,2.764593e+01,,
2176,4.565354e+03,,
2177,1.374807e+02,,
2178,3.312861e+01,,
2179,7.762783e+02,,
2180,8.154992e+02,,
2181,1.796540e+02,,
2182,3.320594e+03,,
2183,4.193847e+02,,
2184,1.029900e+03,,
2185,1.383924e+02,,
2186,7.918439e+01,,
2187,8.784333e+02,,
2188,2.328304e+03,,
2189,2.199023e+03,,
2190,1.193193e+04,,
2191,1.516440e+02,,
2192,2.833880e+02,,
2193,1.696910e+03,,
2194,1.077823e+03,,
2195,3.496600e+02,,
2196,4.506253e+03,,
2197,4.051344e+04,,
2198,1.383756e+04,,
2199,1.696775e+04,,
2200,5.272240e+04,,
2201,8.919999e+04,,
2202,3.315174e+02,,
2203,7.634339e+03,,
2204,5.575440e+03,,
2205,1.357361e+04,,
2206,2.713942e+04,,
2207,2.773077e+02,,
2208,1.200618e+04,,
2209,1.588750e+03,,
2210,3.709233e+02,,
2211,3.206958e+02,,
2212,9.457275e+02,,
2213,9.159033e+03,,
2214,1.233891e+03,,
2215,1.680839e+03,,
2216,5.055505e+04,,
2217,7.118994e+04,,
2218,7.649270e+03,,
2219,1.304854e+03,,
2220,4.914992e+03,,
2221,8.349387e+02,,
2222,1.402969e+02,,
2223,1.288254e+03,,
2224,3.582563e+01,,
2225,1.747647e+01,,
2226,7.987877e+00,,
2227,1.797581e+01,,
2228,9.578330e+01,,
2229,9.042663e+01,,
2230,5.596169e+01,,
2231,1.990328e+01,,
2232,2.579208e+02,,
2233,5.308230e+01,,
2234,1.034494e+03,,
2235,1.399263e+02,,
2236,1.198579e+02,,
2237,5.261811e+02,,
2238,2.502544e+01,,
2239,1.604806e+03,,
2240,5.493835e+01,,
2241,2.035399e+01,,
2242,5.495013e+02,,
2243,1.390672e+02,,
2244,4.955564e+02,,
2245,1.655759e+02,,
2246,3.753386e+01,,
2247,9.658523e+01,,
2248,3.755033e+02,,
2249,1.052411e+01,,
2250,8.794842e+00,,
2251,1.608418e+01,,
2252,1.311676e+02,,
2253,4.910296e+01,,
2254,2.125747e+01,,
2255,1.182663e+03,,
2256,1.197425e+01,,
2257,1.780431e+01,,
2258,1.480920e+02,,
2259,1.128841e+03,,
2260,1.012095e+03,,
2261,9.157925e+01,,
2262,3.271509e+03,,
2263,1.635046e+03,,
2264,1.967349e+03,,
2265,3.121635e+03,,
2266,2.121897e+03,,
2267,1.462551e+03,,
2268,2.797530e+02,,
2269,2.296554e+01,,
2270,3.773100e+03,,
2271,2.542269e+03,,
2272,2.773469e+02,,
2273,2.532713e+02,,
2274,6.135534e+03,,
2275,1.475305e+03,,
2276,4.850867e+03,,
2277,3.319254e+02,,
2278,7.612094e+02,,
2279,1.265912e+03,,
2280,2.428882e+04,,
2281,1.009724e+04,,
2282,5.227476e+04,,
2283,8.804905e+02,,
2284,2.215660e+03,,
2285,1.073411e+04,,
2286,3.384280e+02,,
2287,6.143115e+01,,
2288,8.872091e+00,,
2289,4.555746e+01,,
2290,1.155090e+02,,
2291,4.156475e+01,,
2292,2.016168e+02,,
2293,2.953914e+03,,
2294,6.407623e+01,,
2295,2.440299e+03,,
2296,1.344429e+02,,
2297,7.560775e+00,,
2298,1.871534e+01,,
2299,1.010666e+01,,
2300,1.405124e+01,,
2301,4.182807e+00,,
2302,1.809463e+01,,
2303,1.076691e+01,,
2304,8.245908e+00,,
2305,1.976388e+01,,
2306,8.385298e+01,,
2307,1.261064e+02,,
2308,1.947305e+02,,
2309,3.840947e+01,,
2310,8.671563e+00,,
2311,5.660625e+00,,
2312,5.900812e+02,,
2313,1.546812e+02,,
2314,1.854938e+01,,
2315,1.010915e+03,,
2316,3.883555e+02,,
2317,1.776161e+03,,
2318,1.247142e+02,,
2319,4.314784e+02,,
2320,4.881452e+03,,
2321,5.052992e+03,,
2322,7.929988e+03,,
2323,6.875929e+02,,
2324,5.475850e+01,,
2325,5.473726e+01,,
2326,7.166182e+01,,
2327,3.541394e+03,,
2328,2.088547e+03,,
2329,1.604622e+01,,
2330,5.358295e+00,,
2331,5.922308e+00,,
2332,2.821658e+01,,
2333,1.295589e+01,,
2334,6.198996e+01,,
2335,5.028097e+01,,
2336,9.138588e+02,,
2337,2.387593e+01,,
2338,2.627924e+01,,
2339,7.198170e+02,,
2340,2.809344e+02,,
2341,2.166070e+02,,
2342,9.449345e+02,,
2343,3.110904e+02,,
2344,2.384865e+03,,
2345,1.847802e+04,,
2346,1.597609e+04,,
2347,9.669845e+01,,
2348,4.292786e+03,,
2349,6.189943e+02,,
2350,2.072722e+02,,
2351,9.667129e+02,,
2352,9.877464e+02,,
2353,3.532866e+04,,
2354,1.827450e+03,,
2355,1.080236e+02,,
2356,7.706836e+03,,
2357,8.886144e+02,,
2358,9.618159e+01,,
2359,1.113650e+02,,
2360,4.521925e+02,,
2361,6.629697e+02,,
2362,7.490914e+02,,
2363,6.638977e+03,,
2364,8.901425e+02,,
2365,1.303460e+02,,
2366,2.049139e+02,,
2367,8.107821e+01,,
2368,3.160190e+01,,
2369,5.792052e+01,,
2370,8.348188e+01,,
2371,2.958478e+01,,
2372,1.037710e+04,,
2373,4.547631e+02,,
2374,1.139635e+03,,
2375,3.954568e+02,,
2376,1.940407e+02,,
2377,1.247506e+01,,
2378,1.328469e+03,,
2379,6.998073e+01,,
2380,3.718018e+01,,
2381,1.385569e+01,,
2382,3.341120e+01,,
2383,3.218554e+02,,
2384,5.238255e+01,,
2385,4.770967e+02,,
2386,1.666650e+02,,
2387,2.788516e+03,,
2388,3.153409e+03,,
2389,1.974542e+03,,
2390,2.210991e+02,,
2391,1.922833e+02,,
2392,5.482389e+02,,
2393,7.074151e+01,,
2394,2.625277e+04,,
2395,2.398835e+03,,
2396,1.557347e+04,,
2397,2.181519e+03,,
2398,1.097241e+04,,
2399,7.775779e+02,,
2400,1.863357e+02,,
2401,6.599319e+03,,
2402,1.802224e+03,,
2403,1.033518e+02,,
2404,1.778761e+02,,
2405,2.881755e+02,,
2406,6.203346e+03,,
2407,7.599449e+03,,
2408,1.152097e+05,,
2409,1.595375e+03,,
2410,1.702407e+04,,
2411,9.016994e+03,,
2412,2.420603e+03,,
2413,1.876604e+03,,
2414,9.216584e+02,,
2415,6.358603e+02,,
2416,5.178712e+02,,
2417,1.548969e+03,,
2418,3.195230e+03,,
2419,2.903569e+03,,
2420,1.682397e+03,,
2421,3.253673e+03,,
2422,3.545366e+03,,
2423,3.392925e+03,,
2424,3.604816e+02,,
2425,5.073039e+02,,
2426,1.888764e+05,,
2427,7.060781e+04,,
2428,3.705295e+04,,
2429,5.885006e+05,,
2430,1.602038e+04,,
2431,1.471809e+04,,
2432,4.125053e+03,,
2433,8.150922e+02,,
2434,2.076735e+03,,
2435,9.954669e+03,,
2436,6.057186e+02,,
2437,1.499313e+03,,
2438,1.727714e+03,,
2439,2.584461e+04,,
2440,2.074379e+03,,
2441,2.103047e+03,,
2442,6.706313e+03,,
2443,2.485078e+03,,
2444,1.869313e+03,,
2445,6.859766e+04,,
2446,4.491358e+03,,
2447,3.977328e+04,,
2448,9.993175e+03,,
2449,3.214294e+03,,
2450,9.228225e+02,,
2451,1.134693e+03,,
2452,8.089530e+02,,
2453,3.417316e+03,,
2454,3.945509e+03,,
2455,4.212160e+03,,
2456,1.305516e+03,,
2457,1.569770e+02,,
2458,6.189305e+01,,
2459,1.767508e+01,,
2460,3.767101e+03,,
2461,4.096132e+01,,
2462,1.301491e+02,,
2463,3.834696e+02,,
2464,1.301281e+03,,
2465,2.378482e+01,,
2466,4.320404e+01,,
2467,1.036035e+02,,
2468,9.688751e+01,,
2469,1.141740e+01,,
2470,7.429111e+00,,
2471,1.191039e+02,,
2472,7.118632e+02,,
2473,9.135205e+01,,
2474,1.235987e+02,,
2475,4.345603e+02,,
2476,1.789888e+01,,
2477,5.510744e+01,,
2478,2.837095e+01,,
2479,3.166780e+01,,
2480,3.457784e+02,,
2481,6.906855e+01,,
2482,4.693606e+01,,
2483,2.237444e+02,,
2484,1.629615e+01,,
2485,3.432477e+01,,
2486,2.287116e+01,,
2487,9.419522e+01,,
2488,3.492978e+01,,
2489,3.504549e+03,,
2490,2.451609e+03,,
2491,3.343327e+02,,
2492,4.083408e+02,,
2493,4.365184e+02,,
2494,1.182784e+04,,
2495,2.720778e+02,,
2496,1.449979e+02,,
2497,1.075183e+01,,
2498,2.574773e+03,,
2499,4.315766e+02,,
2500,1.018349e+03,,
2501,1.648146e+03,,
2502,7.682374e+02,,
2503,4.399587e+03,,
2504,2.415457e+01,,
2505,1.504749e+01,,
2506,1.256622e+02,,
2507,1.642852e+01,,
2508,1.987650e+01,,
2509,8.862913e+00,,
2510,2.176181e+02,,
2511,1.239110e+03,,
2512,1.190701e+02,,
2513,8.376235e+00,,
2514,5.090925e+01,,
2515,5.540428e+01,,
2516,3.270945e+01,,
2517,3.933824e+01,,
2518,2.251855e+01,,
2519,6.041968e+01,,
2520,4.196391e+01,,
2521,1.544032e+02,,
2522,2.977530e+01,,
2523,2.156582e+01,,
2524,3.132693e+03,,
2525,1.539145e+03,,
2526,7.777751e+01,,
2527,5.237481e+01,,
2528,1.943719e+02,,
2529,1.176744e+03,,
2530,8.808966e+02,,
2531,2.584239e+04,,
2532,1.844478e+03,,
2533,1.427969e+03,,
2534,7.001330e+03,,
2535,3.111001e+02,,
2536,2.121917e+03,,
2537,4.371726e+02,,
2538,7.005799e+02,,
2539,4.454992e+02,,
2540,5.104296e+02,,
2541,1.505068e+03,,
2542,5.199962e+03,,
2543,6.619235e+03,,
2544,3.047782e+03,,
2545,4.884625e+02,,
2546,3.094586e+04,,
2547,4.023526e+02,,
2548,2.214900e+03,,
2549,4.307483e+03,,
2550,4.412792e+03,,
2551,7.232713e+02,,
2552,1.806040e+04,,
2553,3.731995e+04,,
2554,2.897019e+03,,
2555,1.373024e+03,,
2556,2.341744e+02,,
2557,1.980252e+02,,
2558,4.272898e+01,,
2559,7.781652e+01,,
2560,1.112440e+02,,
2561,2.069789e+02,,
2562,1.247816e+03,,
2563,2.037222e+02,,
2564,4.641978e+02,,
2565,1.217934e+01,,
2566,2.595625e+02,,
2567,2.133082e+02,,
2568,2.848334e+02,,
2569,2.206354e+00,,
2570,1.315422e+01,,
2571,1.391887e+01,,
2572,1.592895e+00,,
2573,1.855427e+01,,
2574,1.599244e+00,,
2575,1.564405e+01,,
2576,2.278140e+02,,
2577,8.343467e+01,,
2578,2.478673e+01,,
2579,2.114853e+01,,
2580,3.621899e+01,,
2581,5.664559e+01,,
2582,5.380495e+01,,
2583,6.211489e+01,,
2584,2.354935e+00,,
2585,1.434280e+00,,
2586,5.189799e+01,,
2587,2.088323e+01,,
2588,7.333155e+00,,
2589,1.336266e+02,,
2590,3.121751e+01,,
2591,9.532957e+01,,
2592,4.113981e+00,,
2593,6.255507e+01,,
2594,2.563684e+01,,
2595,2.081968e+01,,
2596,4.114554e+03,,
2597,3.337612e+03,,
2598,3.460607e+02,,
2599,2.069852e+02,,
2600,1.093203e+03,,
2601,1.791431e+01,,
2602,4.584381e+01,,
2603,9.315970e+01,,
2604,1.293425e+02,,
2605,2.737062e+03,,
2606,4.592391e+02,,
2607,1.390315e+02,,
2608,1.487348e+01,,
2609,4.769574e+02,,
2610,7.159529e+01,,
2611,1.850889e+01,,
2612,1.069756e+03,,
2613,2.911934e+03,,
2614,3.953556e+03,,
2615,2.069285e+02,,
2616,5.758473e+02,,
2617,1.111619e+02,,
2618,4.059697e+02,,
2619,5.474320e+01,,
2620,2.204478e+02,,
2621,4.080686e+01,,
2622,1.191128e+02,,
2623,7.513787e+02,,
2624,7.291908e+03,,
2625,1.394917e+02,,
2626,1.675513e+03,,
2627,1.714305e+03,,
2628,1.400291e+03,,
2629,6.601995e+02,,
2630,3.093186e+03,,
2631,1.092444e+04,,
2632,8.287189e+03,,
2633,3.024037e+05,,
2634,1.756721e+04,,
2635,2.042461e+03,,
2636,1.517537e+04,,
2637,4.002882e+04,,
2638,1.152204e+04,,
2639,3.513762e+03,,
2640,5.538485e+03,,
2641,1.926261e+02,,
2642,2.837644e+02,,
2643,5.339716e+01,,
2644,1.444335e+02,,
2645,4.304889e+02,,
2646,1.574265e+02,,
2647,3.543278e+02,,
2648,5.989240e+01,,
2649,3.140165e+03,,
2650,9.085909e+02,,
2651,1.304027e+03,,
2652,1.010986e+03,,
2653,6.782533e+02,,
2654,1.512977e+02,,
2655,2.013399e+02,,
2656,2.119552e+04,,
2657,1.372131e+04,,
2658,3.193687e+05,,
2659,3.167664e+04,,
2660,7.979124e+03,,
2661,2.166096e+04,,
2662,4.637093e+04,,
2663,2.665552e+03,,
2664,5.259787e+03,,
2665,3.501027e+03,,
2666,4.226018e+03,,
2667,1.377922e+04,,
2668,9.332809e+04,,
2669,2.063034e+03,,
2670,3.300092e+03,,
2671,1.034533e+03,,
2672,7.720516e+04,,
2673,1.759337e+04,,
2674,1.467233e+05,,
2675,7.701992e+03,,
2676,1.415981e+04,,
2677,2.105558e+05,,
2678,3.968265e+04,,
2679,4.545971e+04,,
2680,1.755688e+05,,
2681,1.388088e+04,,
2682,4.588815e+04,,
2683,3.621431e+05,,
2684,5.513547e+03,,
2685,5.465571e+03,,
2686,6.333470e+04,,
2687,8.929717e+03,,
2688,1.746247e+04,,
2689,1.050818e+05,,
2690,3.392944e+04,,
2691,1.352249e+03,,
2692,4.410413e+03,,
2693,5.334025e+03,,
2694,1.808623e+04,,
2695,3.949522e+02,,
2696,1.103668e+02,,
2697,2.693289e+03,,
2698,1.932622e+04,,
2699,3.697496e+03,,
2700,1.739815e+03,,
2701,5.677853e+03,,
2702,3.828717e+03,,
2703,1.520657e+03,,
2704,8.511395e+03,,
2705,2.451168e+02,,
2706,1.178215e+04,,
2707,3.612814e+04,,
2708,3.451360e+04,,
2709,8.140429e+05,,
2710,2.968627e+03,,
2711,1.407543e+04,,
2712,4.692871e+04,,
2713,1.069830e+04,,
2714,2.292511e+03,,
2715,4.531717e+04,,
2716,2.576384e+03,,
2717,8.732785e+03,,
2718,2.032198e+03,,
2719,3.561771e+03,,
2720,6.386735e+02,,
2721,3.379889e+02,,
2722,1.240361e+03,,
2723,6.452438e+02,,
2724,2.290812e+02,,
2725,3.495891e+02,,
2726,1.523756e+03,,
2727,1.123958e+03,,
2728,1.613883e+02,,
2729,3.357189e+02,,
2730,4.572932e+04,,
2731,4.095223e+03,,
2732,2.160080e+03,,
2733,1.196689e+04,,
2734,3.238925e+02,,
2735,3.623610e+02,,
2736,2.206650e+03,,
2737,1.607655e+02,,
2738,1.773472e+02,,
2739,1.644815e+02,,
2740,5.334222e+02,,
2741,4.944828e+02,,
2742,2.621515e+02,,
2743,1.939163e+02,,
2744,1.243851e+03,,
2745,4.970824e+02,,
2746,5.426260e+01,,
2747,5.360158e+01,,
2748,1.562770e+01,,
2749,8.876073e+00,,
2750,1.721986e+02,,
2751,2.509879e+02,,
2752,7.871399e+00,,
2753,4.824417e+01,,
2754,3.551727e+00,,
2755,1.502545e+02,,
2756,6.191912e+02,,
2757,8.589869e+01,,
2758,5.580860e+01,,
2759,1.716669e+01,,
2760,4.179522e+02,,
2761,6.323116e+01,,
2762,1.385721e+03,,
2763,1.029578e+03,,
2764,1.577531e+02,,
2765,1.599381e+02,,
2766,1.484216e+02,,
2767,2.661928e+02,,
2768,1.069756e+01,,
2769,1.068520e+02,,
2770,4.146247e+02,,
2771,3.166113e+02,,
2772,4.610330e+02,,
2773,4.734698e+02,,
2774,3.578256e+02,,
2775,4.951570e+02,,
2776,8.835414e+02,,
2777,6.044587e+00,,
2778,1.342927e+01,,
2779,2.800359e+02,,
2780,1.221314e+02,,
2781,2.958894e+01,,
2782,1.436695e+01,,
2783,2.452704e+01,,
2784,2.414073e+02,,
2785,1.727427e+03,,
2786,8.398254e+02,,
2787,3.646698e+03,,
2788,1.402435e+04,,
2789,1.023517e+03,,
2790,1.297845e+04,,
2791,4.395021e+02,,
2792,2.564986e+02,,
2793,1.700180e+03,,
2794,1.364515e+01,,
2795,1.833074e+03,,
2796,7.577996e+01,,
2797,1.615238e+03,,
2798,1.281788e+03,,
2799,2.064056e+03,,
2800,2.539551e+03,,
2801,5.411120e+01,,
2802,2.692100e+03,,
2803,2.498537e+02,,
2804,4.981387e+02,,
2805,4.559419e+02,,
2806,2.354137e+03,,
2807,4.886208e+04,,
2808,1.317655e+03,,
2809,4.238582e+02,,
2810,1.820049e+03,,
2811,2.653464e+03,,
2812,1.047800e+03,,
2813,5.795852e+03,,
2814,4.442292e+02,,
2815,6.496976e+01,,
2816,1.272094e+01,,
2817,8.260537e+02,,
2818,1.920181e+02,,
2819,2.331982e+02,,
2820,2.060418e+01,,
2821,3.723646e+01,,
2822,9.938807e+01,,
2823,1.677564e+01,,
2824,8.033763e+01,,
2825,1.931350e+02,,
2826,1.153617e+02,,
2827,3.228530e+03,,
2828,4.015460e+03,,
2829,2.472329e+01,,
2830,1.424016e+02,,
2831,2.401831e+01,,
2832,4.955803e+02,,
2833,5.464080e+02,,
2834,4.492474e+01,,
2835,9.309550e+00,,
2836,9.739186e+01,,
2837,3.420496e+03,,
2838,1.088170e+02,,
2839,9.686322e+01,,
2840,2.060525e+01,,
2841,1.328822e+02,,
2842,2.519692e+02,,
2843,2.508623e+03,,
2844,3.188779e+03,,
2845,5.007248e+01,,
2846,8.929478e+01,,
2847,4.937206e+02,,
2848,2.528656e+01,,
2849,3.272288e+02,,
2850,1.870709e+02,,
2851,1.413660e+01,,
2852,1.621226e+01,,
2853,1.215184e+01,,
2854,3.009692e+01,,
2855,8.489501e+02,,
2856,3.600422e+02,,
2857,9.984203e+00,,
2858,3.063780e+01,,
2859,7.946529e+01,,
2860,1.810844e+01,,
2861,9.321533e+01,,
2862,3.839142e+01,,
2863,5.565009e+01,,
2864,4.060604e+02,,
2865,1.701813e+03,,
2866,3.414800e+04,,
2867,9.363659e+03,,
2868,5.913350e+03,,
2869,2.174879e+02,,
2870,5.224726e+03,,
2871,2.182212e+03,,
2872,1.819401e+03,,
2873,1.193447e+02,,
2874,2.377378e+02,,
2875,3.569977e+02,,
2876,1.054303e+03,,
2877,1.890023e+03,,
2878,3.272806e+01,,
2879,1.308517e+03,,
2880,6.880052e+02,,
2881,4.196635e+02,,
2882,5.218888e+03,,
2883,1.135673e+03,,
2884,7.179673e+03,,
2885,2.560039e+04,,
2886,8.815973e+03,,
2887,7.146955e+04,,
2888,8.948382e+01,,
2889,2.912087e+03,,
2890,6.281331e+02,,
2891,5.859127e+03,,
2892,5.405375e+02,,
2893,1.295217e+03,,
2894,1.045198e+02,,
2895,6.020054e+01,,
2896,3.369850e+03,,
2897,6.834060e+02,,
2898,6.072281e+00,,
2899,2.118463e+01,,
2900,1.185316e+01,,
2901,5.369560e+01,,
2902,4.514804e+02,,
2903,9.399414e+01,,
2904,1.642682e+01,,
2905,6.264333e+02,,
2906,2.824899e+03,,
2907,1.165744e+02,,
2908,2.779195e+03,,
2909,2.093613e+01,,
2910,1.891509e+01,,
2911,1.345783e+02,,
2912,9.112761e+01,,
2913,7.321998e+02,,
2914,1.370496e+02,,
2915,7.563960e+02,,
2916,1.814800e+03,,
2917,1.090673e+02,,
2918,2.358724e+02,,
2919,1.719838e+02,,
2920,1.010731e+01,,
2921,1.217389e+02,,
2922,6.464376e+02,,
2923,7.770442e+02,,
2924,2.405761e+02,,
2925,8.605965e+03,,
2926,3.269828e+03,,
2927,8.314257e+01,,
2928,5.642954e+01,,
2929,9.788408e+01,,
2930,2.570156e+02,,
2931,1.853217e+03,,
2932,2.234746e+03,,
2933,6.117377e+01,,
2934,2.208526e+03,,
2935,4.475964e+03,,
2936,1.006872e+02,,
2937,8.251370e+01,,
2938,3.002689e+01,,
2939,2.499485e+03,,
2940,1.879650e+04,,
2941,2.409110e+04,,
2942,1.232098e+03,,
2943,1.485741e+02,,
2944,1.484369e+03,,
2945,7.788994e+02,,
2946,3.176762e+02,,
2947,1.264993e+03,,
2948,2.840425e+02,,
2949,5.430182e+01,,
2950,1.621277e+03,,
2951,3.311778e+02,,
2952,1.627156e+03,,
2953,4.636243e+01,,
2954,2.685395e+02,,
2955,5.623995e+02,,
2956,1.723950e+02,,
2957,2.267775e+02,,
2958,9.013957e+01,,
2959,1.333840e+03,,
2960,2.949351e+02,,
2961,4.399018e+02,,
2962,4.592927e+02,,
2963,2.381614e+03,,
2964,1.230830e+03,,
2965,6.531320e+02,,
2966,1.388680e+03,,
2967,4.977414e+00,,
2968,2.063750e+03,,
2969,4.489621e+01,,
2970,1.324390e+02,,
2971,5.816673e+01,,
2972,2.277956e+01,,
2973,3.619541e+04,,
2974,3.282028e+03,,
2975,2.687586e+03,,
2976,8.819400e+02,,
2977,1.697605e+03,,
2978,7.646728e+02,,
2979,7.478441e+02,,
2980,4.888048e+02,,
2981,9.892233e+02,,
2982,3.271607e+04,,
2983,5.773173e+03,,
2984,8.421997e+03,,
2985,1.899092e+03,,
2986,7.039629e+04,,
2987,2.385806e+04,,
2988,2.751504e+04,,
2989,1.363120e+04,,
2990,5.800077e+03,,
2991,5.706818e+02,,
2992,2.721005e+03,,
2993,5.115525e+02,,
2994,4.846878e+03,,
2995,1.824594e+04,,
2996,5.948022e+03,,
2997,2.354469e+03,,
2998,3.075322e+03,,
2999,3.121203e+03,,
3000,5.381271e+02,,
3001,5.828503e+02,,
3002,3.480632e+03,,
3003,2.794518e+02,,
3004,4.999922e+01,,
3005,3.615029e+02,,
3006,3.267423e+02,,
3007,1.161851e+03,,
3008,9.545526e+01,,
3009,1.607681e+02,,
3010,2.483653e+02,,
3011,1.063941e+03,,
3012,2.401102e+01,,
3013,6.315622e+02,,
3014,6.508606e+01,,
3015,5.781252e+02,,
3016,1.472975e+03,,
3017,2.243202e+04,,
3018,3.216899e+04,,
3019,1.387602e+05,,
3020,3.969820e+03,,
3021,1.388455e+04,,
3022,3.883019e+04,,
3023,7.383282e+03,,
3024,4.046833e+02,,
3025,1.106167e+02,,
3026,5.941950e+01,,
3027,1.853813e+02,,
3028,7.618425e+01,,
3029,2.103116e+05,,
3030,2.271185e+04,,
3031,5.842211e+03,,
3032,8.758667e+02,,
3033,1.884339e+03,,
3034,8.988673e+03,,
3035,7.986444e+04,,
3036,6.542738e+02,,
3037,6.326397e+02,,
3038,1.764896e+03,,
3039,1.518141e+03,,
3040,6.175460e+02,,
3041,3.711304e+03,,
3042,3.703981e+02,,
3043,2.554914e+02,,
3044,4.503892e+02,,
3045,6.289121e+02,,
3046,1.206589e+04,,
3047,3.369070e+03,,
3048,4.672913e+03,,
3049,9.012532e+02,,
3050,1.285952e+04,,
3051,3.129485e+04,,
3052,5.933341e+02,,
3053,5.807205e+02,,
3054,7.151397e+02,,
3055,1.209916e+02,,
3056,8.567922e+03,,
3057,4.553286e+03,,
3058,4.499900e+03,,
3059,2.167885e+03,,
3060,7.686417e+04,,
3061,7.327559e+02,,
3062,3.212779e+03,,
3063,1.705892e+02,,
3064,3.553750e+03,,
3065,7.727341e+02,,
3066,6.950009e+03,,
3067,1.904382e+03,,
3068,3.717814e+02,,
3069,1.997442e+03,,
3070,1.227150e+04,,
3071,5.697177e+02,,
3072,1.283004e+04,,
3073,1.802933e+03,,
3074,3.427220e+04,,
3075,2.092326e+03,,
3076,2.147213e+03,,
3077,1.458502e+04,,
3078,1.482497e+04,,
3079,1.335626e+04,,
3080,6.006928e+03,,
3081,4.086351e+03,,
3082,1.205037e+04,,
3083,1.869501e+03,,
3084,1.211080e+03,,
3085,2.720443e+04,,
3086,1.695233e+03,,
3087,6.630269e+03,,
3088,6.882213e+04,,
3089,2.306837e+04,,
3090,9.981349e+03,,
3091,2.138437e+03,,
3092,9.957210e+02,,
3093,4.468729e+04,,
3094,6.168858e+03,,
3095,5.015364e+02,,
3096,1.537566e+04,,
3097,4.315341e+03,,
3098,4.338556e+04,,
3099,1.900656e+04,,
3100,5.668720e+03,,
3101,8.539425e+04,,
3102,5.515020e+03,,
3103,5.548767e+03,,
3104,2.136392e+05,,
3105,1.823633e+04,,
3106,7.319952e+04,,
3107,1.548553e+04,,
3108,3.735749e+02,,
3109,2.211955e+03,,
3110,5.049201e+04,,
3111,1.500386e+04,,
3112,4.023594e+03,,
3113,6.520488e+02,,
3114,2.485388e+03,,
3115,3.870209e+02,,
3116,1.509619e+04,,
3117,2.342334e+04,,
3118,9.924651e+03,,
3119,2.715713e+04,,
3120,4.924368e+04,,
3121,6.829984e+03,,
3122,8.438543e+04,,
3123,1.972985e+05,,
3124,1.648551e+03,,
3125,5.395962e+04,,
3126,2.760261e+04,,
3127,3.361213e+05,,
3128,5.313118e+04,,
3129,3.700873e+05,,
3130,3.648052e+04,,
3131,1.640055e+05,,
3132,4.161864e+03,,
3133,5.694502e+02,,
3134,4.325994e+01,,
3135,5.300221e+01,,
3136,1.817779e+02,,
3137,5.990091e+02,,
3138,2.543694e+02,,
3139,3.728220e+02,,
3140,1.353441e+02,,
3141,3.635725e+01,,
3142,2.940328e+02,,
3143,3.736518e+02,,
3144,2.807613e+01,,
3145,1.533027e+02,,
3146,9.154532e+01,,
3147,3.468345e+01,,
3148,1.200031e+03,,
3149,6.599973e+02,,
3150,1.878378e+02,,
3151,9.437856e+02,,
3152,1.661898e+03,,
3153,7.030293e+04,,
3154,1.745348e+03,,
3155,9.835363e+02,,
3156,7.293339e+03,,
3157,2.264819e+03,,
3158,1.607902e+04,,
3159,6.593743e+02,,
3160,2.156721e+03,,
3161,1.989194e+06,,
3162,1.326150e+05,,
3163,4.642849e+04,,
3164,1.506557e+04,,
3165,5.437291e+03,,
3166,8.748323e+04,,
3167,1.174155e+04,,
3168,2.097850e+04,,
3169,1.524460e+04,,
3170,2.707898e+05,,
3171,2.623789e+04,,
3172,1.190305e+04,,
3173,6.392661e+03,,
3174,1.005588e+03,,
3175,7.912403e+03,,
3176,8.760859e+03,,
3177,2.068290e+04,,
3178,8.639979e+04,,
3179,2.219904e+03,,
3180,1.115075e+04,,
3181,3.779406e+03,,
3182,2.176330e+03,,
3183,1.750403e+03,,
3184,5.759470e+03,,
3185,4.615502e+05,,
3186,1.307872e+05,,
3187,4.412678e+04,,
3188,3.533281e+04,,
3189,4.884624e+02,,
3190,6.783992e+03,,
3191,8.750470e+03,,
3192,9.044312e+03,,
3193,2.585793e+04,,
3194,4.283071e+05,,
3195,1.710036e+03,,
3196,2.054086e+04,,
3197,9.622070e+02,,
3198,1.238878e+04,,
3199,1.481487e+04,,
3200,1.453957e+04,,
3201,1.245946e+03,,
3202,1.711777e+04,,
3203,2.899928e+03,,
3204,3.823102e+01,,
3205,1.958785e+02,,
3206,5.372871e+01,,
3207,2.622626e+02,,
3208,4.094247e+04,,
3209,3.013883e+04,,
3210,1.577697e+04,,
3211,9.268267e+03,,
3212,9.858629e+03,,
3213,4.351163e+03,,
3214,3.358589e+03,,
3215,1.069013e+03,,
3216,2.020076e+02,,
3217,2.326786e+02,,
3218,1.169576e+04,,
3219,6.890430e+02,,
3220,7.930583e+03,,
3221,6.059168e+03,,
3222,2.588156e+03,,
3223,2.069409e+02,,
3224,2.669324e+04,,
3225,2.672892e+04,,
3226,2.283524e+04,,
3227,3.277046e+02,,
3228,3.200845e+03,,
3229,2.950189e+02,,
3230,2.775892e+03,,
3231,7.264347e+03,,
3232,3.271960e+04,,
3233,3.018556e+04,,
3234,2.101336e+04,,
3235,1.815062e+03,,
3236,1.380218e+03,,
3237,7.405633e+03,,
3238,5.691203e+02,,
3239,1.558469e+03,,
3240,1.364480e+04,,
3241,7.988778e+03,,
3242,8.025220e+03,,
3243,4.976644e+03,,
3244,2.336551e+03,,
3245,1.452190e+03,,
3246,1.055311e+04,,
3247,4.514111e+03,,
3248,5.164235e+04,,
3249,5.206318e+03,,
3250,3.744586e+03,,
3251,5.805524e+03,,
3252,2.493525e+03,,
3253,1.074270e+05,,
3254,7.079073e+03,,
3255,5.825384e+02,,
3256,1.626428e+02,,
3257,2.168954e+02,,
3258,2.735901e+02,,
3259,3.240394e+02,,
3260,5.731696e+03,,
3261,4.800534e+03,,
3262,9.956963e+02,,
3263,2.261865e+03,,
3264,3.496406e+02,,
3265,1.760977e+03,,
3266,3.266459e+02,,
3267,2.793319e+02,,
3268,5.043284e+01,,
3269,4.681566e+01,,
3270,6.276052e+01,,
3271,7.578254e+02,,
3272,2.163383e+03,,
3273,5.739913e+02,,
3274,4.857055e+02,,
3275,9.099964e+02,,
3276,1.486631e+02,,
3277,2.175526e+02,,
3278,1.088916e+02,,
3279,4.799284e+00,,
3280,9.268364e+01,,
3281,4.517696e+01,,
3282,4.671210e+01,,
3283,1.825622e+01,,
3284,1.472124e+01,,
3285,2.444590e+02,,
3286,3.047911e+00,,
3287,1.326401e+00,,
3288,1.409619e+01,,
3289,3.511889e+00,,
3290,8.789825e+01,,
3291,2.444751e+00,,
3292,3.109174e+01,,
3293,8.646805e+01,,
3294,1.263376e+02,,
3295,1.644049e+02,,
3296,1.109412e+01,,
3297,1.981509e+01,,
3298,7.172665e+00,,
3299,4.056704e+00,,
3300,2.895895e+02,,
3301,1.825639e+02,,
3302,1.062141e+02,,
3303,9.561441e+00,,
3304,3.865468e+01,,
3305,6.616190e+01,,
3306,1.413843e+02,,
3307,1.320186e+02,,
3308,1.127083e+01,,
3309,1.636242e+01,,
3310,5.784413e+01,,
3311,3.941448e+01,,
3312,4.900989e+02,,
3313,1.308836e+02,,
3314,9.625978e+02,,
3315,2.381466e+01,,
3316,1.242446e+02,,
3317,1.447653e+02,,
3318,2.226503e+02,,
3319,4.031893e+01,,
3320,2.157136e+01,,
3321,9.531365e+01,,
3322,8.998228e+02,,
3323,8.408482e+02,,
3324,9.269018e+01,,
3325,5.575275e+01,,
3326,2.411982e+01,,
3327,5.147689e+01,,
3328,2.032638e+01,,
3329,2.944686e+01,,
3330,8.747907e+01,,
3331,8.456820e+02,,
3332,3.306090e+00,,
3333,6.341370e+01,,
3334,1.628058e+01,,
3335,6.812743e+01,,
3336,2.706639e+02,,
3337,1.918613e+01,,
3338,8.160525e+00,,
3339,6.599082e+01,,
3340,8.883209e+01,,
3341,4.351547e+01,,
3342,1.047859e+02,,
3343,5.603970e+01,,
3344,7.033959e+01,,
3345,1.063061e+01,,
3346,3.715287e+01,,
3347,4.144549e+00,,
3348,1.957401e+01,,
3349,2.144085e+00,,
3350,8.791632e+00,,
3351,9.423509e+01,,
3352,1.984085e+03,,
3353,4.444930e+02,,
3354,2.146803e+01,,
3355,6.316658e+01,,
3356,2.481888e+02,,
3357,4.709783e+03,,
3358,9.607772e+01,,
3359,9.712311e-01,,
3360,1.191396e+01,,
3361,2.370374e+00,,
3362,2.498276e+01,,
3363,5.082664e+00,,
3364,6.075134e+00,,
3365,1.099379e+00,,
3366,2.345287e+02,,
3367,2.833335e+02,,
3368,3.936498e+01,,
3369,8.246704e+01,,
3370,3.341668e+00,,
3371,6.149299e+01,,
3372,8.507166e+00,,
3373,1.080978e+02,,
3374,4.987065e+01,,
3375,3.097045e+02,,
3376,3.756200e+00,,
3377,2.380470e+00,,
3378,2.033347e+01,,
3379,1.277689e+01,,
3380,1.526604e+01,,
3381,1.087275e+02,,
3382,2.836273e+01,,
3383,8.775298e+00,,
3384,1.427242e+01,,
3385,9.554823e+00,,
3386,4.634906e+01,,
3387,8.531139e+00,,
3388,3.339021e+00,,
3389,2.957169e+00,,
3390,1.373868e+04,,
3391,3.619461e+04,,
3392,2.162592e+03,,
3393,3.485773e+04,,
3394,7.399081e+04,,
3395,2.895228e+03,,
3396,1.318631e+04,,
3397,6.112966e+03,,
3398,2.599767e+04,,
3399,2.322844e+04,,
3400,3.010111e+03,,
3401,1.154566e+03,,
3402,2.310722e+03,,
3403,4.220247e+03,,
3404,1.389543e+05,,
3405,9.681123e+04,,
3406,2.255110e+04,,
3407,1.894404e+04,,
3408,1.822968e+05,,
3409,1.853728e+05,,
3410,3.419584e+04,,
3411,1.209714e+03,,
3412,6.409829e+02,,
3413,8.785778e+04,,
3414,2.302364e+04,,
3415,1.221689e+03,,
3416,5.565318e+03,,
3417,5.420244e+02,,
3418,2.491347e+02,,
3419,1.183744e+03,,
3420,2.889270e+02,,
3421,7.269393e+02,,
3422,1.056481e+03,,
3423,2.332706e+03,,
3424,1.410425e+02,,
3425,6.218876e+02,,
3426,3.173687e+03,,
3427,5.727151e+03,,
3428,2.552601e+02,,
3429,4.725996e+03,,
3430,2.127466e+03,,
3431,9.938283e+03,,
3432,2.335854e+03,,
3433,5.229824e+02,,
3434,3.533874e+03,,
3435,8.659027e+01,,
3436,4.311098e+02,,
3437,7.887436e+02,,
3438,6.131408e+02,,
3439,6.489751e+02,,
3440,6.071496e+02,,
3441,1.711946e+02,,
3442,2.858659e+02,,
3443,1.016669e+03,,
3444,2.407606e+03,,
3445,3.442851e+02,,
3446,1.508951e+01,,
3447,2.124043e+02,,
3448,3.424890e+02,,
3449,5.392705e+01,,
3450,4.558515e+00,,
3451,9.410825e+00,,
3452,2.506048e+01,,
3453,2.973296e+01,,
3454,4.925635e+01,,
3455,1.082637e+02,,
3456,2.987239e+02,,
3457,3.853020e+00,,
3458,1.398710e+01,,
3459,3.925244e+01,,
3460,1.533043e+01,,
3461,1.644839e+03,,
3462,3.056016e+02,,
3463,4.450580e+02,,
3464,4.733713e+03,,
3465,3.634465e+02,,
3466,3.195683e+01,,
3467,2.338094e+01,,
3468,5.175628e+02,,
3469,2.943413e+03,,
3470,1.175816e+03,,
3471,2.546158e+03,,
3472,5.990377e+02,,
3473,4.371667e+00,,
3474,8.421097e+00,,
3475,3.652488e+00,,
3476,3.717982e+03,,
3477,1.441363e+02,,
3478,1.155847e+02,,
3479,8.378639e+01,,
3480,1.047120e+02,,
3481,3.097677e+03,,
3482,9.857286e+01,,
3483,5.059039e+01,,
3484,2.917268e+01,,
3485,1.879916e+02,,
3486,2.232667e+01,,
3487,7.254023e+01,,
3488,4.678866e+02,,
3489,4.872684e+01,,
3490,3.436557e+01,,
3491,3.364086e+01,,
3492,1.111684e+02,,
3493,9.301306e+01,,
3494,2.095268e+01,,
3495,2.584528e+02,,
3496,9.538964e+01,,
3497,6.555679e+02,,
3498,5.107442e+01,,
3499,1.324272e+01,,
3500,2.205920e+02,,
3501,2.291442e+02,,
3502,2.144197e+02,,
3503,4.465484e+00,,
3504,2.515022e+00,,
3505,3.450206e+01,,
3506,9.603599e+00,,
3507,1.918792e+02,,
3508,3.599076e+01,,
3509,1.578695e+03,,
3510,9.462606e+02,,
3511,2.506427e+02,,
3512,5.326738e+02,,
3513,1.900566e+02,,
3514,1.559446e+01,,
3515,1.170530e+01,,
3516,3.262887e+02,,
3517,2.954170e+01,,
3518,1.484451e+03,,
3519,3.594438e+02,,
3520,2.135104e+03,,
3521,3.317557e+01,,
3522,2.491771e+02,,
3523,5.672680e+01,,
3524,1.376691e+02,,
3525,1.722355e+02,,
3526,1.075101e+03,,
3527,1.259588e+03,,
3528,7.226511e+03,,
3529,9.998855e+02,,
3530,1.175370e+03,,
3531,2.595252e+01,,
3532,1.567608e+02,,
3533,2.132121e+03,,
3534,5.543383e+02,,
3535,1.208898e+02,,
3536,8.910790e+01,,
3537,1.280835e+02,,
3538,1.431883e+03,,
3539,3.827408e+03,,
3540,3.769910e+03,,
3541,1.603634e+03,,
3542,1.219989e+03,,
3543,6.152381e+00,,
3544,3.252487e+02,,
3545,1.925552e+02,,
3546,8.027994e+02,,
3547,1.644625e+01,,
3548,4.633535e+01,,
3549,5.663857e+01,,
3550,2.118316e+01,,
3551,3.838179e+02,,
3552,1.228211e+02,,
3553,1.699759e+02,,
3554,1.003119e+02,,
3555,9.339741e+01,,
3556,4.097540e+01,,
3557,6.802205e+02,,
3558,6.302789e+02,,
3559,1.760255e+02,,
3560,1.139846e+02,,
3561,2.148808e+02,,
3562,8.568207e+02,,
3563,1.871024e+02,,
3564,1.126068e+02,,
3565,8.250994e+03,,
3566,1.081701e+02,,
3567,3.572655e+01,,
3568,1.127259e+01,,
3569,1.305938e+01,,
3570,2.684669e+01,,
3571,3.802978e+03,,
3572,1.743109e+02,,
3573,1.494739e+02,,
3574,3.375559e+02,,
3575,1.173025e+02,,
3576,8.989403e+01,,
3577,5.848475e+02,,
3578,2.067453e+02,,
3579,4.357169e+01,,
3580,4.420856e+02,,
3581,2.458357e+02,,
3582,9.195042e+03,,
3583,8.375930e+02,,
3584,1.905596e+01,,
3585,7.573604e+00,,
3586,8.930383e+00,,
3587,3.277916e+01,,
3588,5.349447e+00,,
3589,9.068313e-01,,
3590,1.387666e+01,,
3591,9.694666e+00,,
3592,1.255169e+02,,
3593,3.099013e+01,,
3594,5.263391e+01,,
3595,3.660103e+01,,
3596,7.893239e+00,,
3597,7.919010e+00,,
3598,5.878104e+01,,
3599,1.090653e+03,,
3600,1.209263e+02,,
3601,2.512296e+00,,
3602,3.484416e+01,,
3603,2.837840e+00,,
3604,1.401936e+01,,
3605,4.882696e+00,,
3606,1.227513e+01,,
3607,1.314925e+01,,
3608,1.393278e+01,,
3609,1.171484e+02,,
3610,3.110934e+01,,
3611,2.625268e+00,,
3612,4.869126e+03,,
3613,8.349794e+01,,
3614,6.653144e+01,,
3615,4.128571e+01,,
3616,2.762949e+03,,
3617,7.563805e+02,,
3618,4.018339e+02,,
3619,4.450444e+01,,
3620,1.233624e+02,,
3621,1.648815e+02,,
3622,9.176092e+01,,
3623,2.118188e+02,,
3624,8.475671e+00,,
3625,4.430676e+01,,
3626,5.052989e+02,,
3627,2.030173e+03,,
3628,9.915963e+02,,
3629,1.035014e+03,,
3630,2.669555e+02,,
3631,3.899087e+02,,
3632,1.030655e+02,,
3633,2.822237e+02,,
3634,1.808904e+02,,
3635,7.141057e+03,,
3636,2.098610e+04,,
3637,7.362874e+03,,
3638,9.895558e+03,,
3639,1.246372e+04,,
3640,3.364536e+02,,
3641,4.497050e+02,,
3642,7.892656e+02,,
3643,8.588105e+01,,
3644,1.030675e+04,,
3645,1.299654e+02,,
3646,1.155807e+02,,
3647,4.470342e+03,,
3648,3.494507e+03,,
3649,2.446912e+04,,
3650,5.241947e+02,,
3651,2.842295e+03,,
3652,4.880516e+04,,
3653,2.847816e+04,,
3654,1.845936e+03,,
3655,5.201266e+03,,
3656,1.987838e+03,,
3657,1.744510e+04,,
3658,1.254002e+03,,
3659,3.898400e+02,,
3660,7.141149e+03,,
3661,8.713885e+03,,
3662,4.384445e+03,,
3663,2.395017e+03,,
3664,2.084985e+02,,
3665,1.245009e+02,,
3666,8.448669e+01,,
3667,6.354854e+02,,
3668,2.020088e+02,,
3669,2.622418e+03,,
3670,9.081547e+02,,
3671,9.634759e+00,,
3672,5.813830e+01,,
3673,1.936380e+01,,
3674,1.479033e+04,,
3675,3.211123e+03,,
3676,8.852358e+01,,
3677,8.246861e+01,,
3678,1.078189e+02,,
3679,2.611692e+02,,
3680,1.426993e+02,,
3681,7.753771e+01,,
3682,6.640535e+02,,
3683,5.415387e+01,,
3684,3.267893e+02,,
3685,1.692132e+03,,
3686,5.179001e+02,,
3687,1.561552e+02,,
3688,2.996611e+01,,
3689,8.969412e+01,,
3690,5.512383e+01,,
3691,4.578868e+01,,
3692,1.544643e+02,,
3693,6.759351e+02,,
3694,5.551704e+03,,
3695,5.242577e+02,,
3696,1.954426e+02,,
3697,3.159168e+01,,
3698,3.682884e+02,,
3699,2.458079e+02,,
3700,4.022620e+02,,
3701,1.709556e+03,,
3702,3.017384e+02,,
3703,1.950351e+02,,
3704,3.406509e+03,,
3705,1.309373e+03,,
3706,3.431090e+02,,
3707,1.936589e+03,,
3708,2.632773e+02,,
3709,3.990453e+02,,
3710,5.835845e+01,,
3711,3.446421e+01,,
3712,4.107259e+03,,
3713,6.214988e+03,,
3714,8.061033e+01,,
3715,7.239254e+01,,
3716,5.755014e+00,,
3717,5.755690e+01,,
3718,1.848738e+01,,
3719,4.850507e+00,,
3720,8.611127e+01,,
3721,1.789371e+01,,
3722,1.234629e+01,,
3723,3.365086e+00,,
3724,7.634048e+00,,
3725,3.367365e+01,,
3726,6.135469e+00,,
3727,2.350702e+00,,
3728,2.939004e+00,,
3729,4.526073e+01,,
3730,1.185518e+01,,
3731,2.354648e+00,,
3732,3.527252e+02,,
3733,5.825640e+03,,
3734,6.114078e+02,,
3735,9.912042e+01,,
3736,5.711863e+02,,
3737,1.229765e+02,,
3738,2.694326e+02,,
3739,2.721628e+03,,
3740,1.009309e+04,,
3741,1.326979e+04,,
3742,2.213453e+02,,
3743,8.200826e+01,,
3744,3.331819e+01,,
3745,3.474005e+01,,
3746,1.635208e+02,,
3747,1.580151e+03,,
3748,7.479780e+01,,
3749,6.673931e+02,,
3750,8.297654e+01,,
3751,3.973246e+02,,
3752,4.275289e+03,,
3753,3.647787e+02,,
3754,4.944091e+01,,
3755,7.946700e+01,,
3756,5.090692e+01,,
3757,5.450683e+03,,
3758,1.414771e+02,,
3759,4.335064e+02,,
3760,3.098982e+01,,
3761,5.981033e+01,,
3762,2.928471e+01,,
3763,5.466857e+03,,
3764,2.483714e+02,,
3765,1.410326e+02,,
3766,1.985049e+02,,
3767,5.622765e+00,,
3768,2.855440e+02,,
3769,7.575253e+02,,
3770,8.179191e+02,,
3771,1.813113e+03,,
3772,1.439069e+01,,
3773,2.791327e+01,,
3774,8.112790e+01,,
3775,1.222778e+01,,
3776,1.836189e+01,,
3777,8.217790e+00,,
3778,1.146089e+01,,
3779,1.529808e+01,,
3780,2.574881e+01,,
3781,3.851884e+01,,
3782,1.901806e+02,,
3783,1.171166e+02,,
3784,8.130609e+01,,
3785,2.779004e+00,,
3786,7.664867e+02,,
3787,1.352290e+04,,
3788,2.386761e+02,,
3789,1.645851e+04,,
3790,3.922173e+04,,
3791,6.741662e+03,,
3792,2.129023e+03,,
3793,2.761676e+02,,
3794,5.330075e+02,,
3795,1.680289e+01,,
3796,4.409332e+01,,
3797,4.116803e+02,,
3798,4.618785e+02,,
3799,2.186185e+02,,
3800,5.580191e+01,,
3801,2.491884e+01,,
3802,1.619939e+02,,
3803,4.534450e+00,,
3804,8.426458e+00,,
3805,2.018575e+02,,
3806,2.477214e+03,,
3807,2.497904e+02,,
3808,2.770368e+01,,
3809,4.829236e+01,,
3810,8.739925e+01,,
3811,4.914672e+01,,
3812,7.228260e+02,,
3813,1.833798e+02,,
3814,6.490501e+01,,
3815,1.482058e+03,,
3816,2.414165e+01,,
3817,8.597043e+03,,
3818,3.223473e+04,,
3819,4.826298e+02,,
3820,5.921058e+03,,
3821,5.988044e+03,,
3822,2.497911e+04,,
3823,1.803601e+03,,
3824,7.848063e+01,,
3825,1.883438e+02,,
3826,3.376851e+02,,
3827,2.018028e+03,,
3828,3.685350e+02,,
3829,6.375977e+02,,
3830,2.551454e+03,,
3831,4.184482e+02,,
3832,1.945001e+03,,
3833,3.998676e+02,,
3834,3.021070e+02,,
3835,1.066537e+02,,
3836,7.912763e+01,,
3837,3.357575e+02,,
3838,2.783160e+01,,
3839,1.907851e+03,,
3840,9.693055e+02,,
3841,3.760345e+02,,
3842,3.922002e+02,,
3843,9.319471e+02,,
3844,1.270148e+03,,
3845,1.231831e+02,,
3846,5.216276e+02,,
3847,9.432600e+01,,
3848,4.578213e+03,,
3849,3.038124e+02,,
3850,1.606811e+03,,
3851,2.454749e+02,,
3852,5.087613e+03,,
3853,1.004385e+04,,
3854,3.094807e+01,,
3855,2.612139e+01,,
3856,4.690546e+01,,
3857,5.335454e+02,,
3858,8.340465e+01,,
3859,5.336829e+02,,
3860,5.993257e+01,,
3861,2.888149e+01,,
3862,1.042089e+01,,
3863,2.246880e+02,,
3864,9.034757e+02,,
3865,3.953641e+01,,
3866,1.525220e+01,,
3867,1.628908e+02,,
3868,3.375485e+01,,
3869,4.743567e+02,,
3870,6.307111e+01,,
3871,7.257126e+01,,
3872,5.604206e+01,,
3873,3.522448e+01,,
3874,1.548390e+01,,
3875,1.402944e+03,,
3876,1.671588e+02,,
3877,4.543061e+01,,
3878,5.490958e+01,,
3879,3.241935e+01,,
3880,2.160395e+01,,
3881,2.620778e+02,,
3882,5.534628e+02,,
3883,2.499608e+01,,
3884,1.859031e+01,,
3885,1.437238e+01,,
3886,9.831148e+02,,
3887,1.926414e+03,,
3888,4.601064e+04,,
3889,6.432028e+02,,
3890,1.410299e+03,,
3891,2.112929e+03,,
3892,2.089071e+03,,
3893,6.484136e+03,,
3894,6.223535e+05,,
3895,1.974404e+04,,
3896,2.995620e+04,,
3897,3.736895e+05,,
3898,1.202005e+04,,
3899,8.656904e+03,,
3900,7.327733e+03,,
3901,5.526535e+03,,
3902,2.944732e+04,,
3903,1.724477e+04,,
3904,7.552334e+05,,
3905,4.688114e+04,,
3906,1.453168e+04,,
3907,3.747778e+05,,
3908,1.751175e+06,,
3909,1.054797e+03,,
3910,1.061017e+04,,
3911,6.817409e+03,,
3912,3.310796e+05,,
3913,1.003184e+05,,
3914,9.234151e+04,,
3915,9.970604e+03,,
3916,4.539039e+04,,
3917,2.138820e+03,,
3918,5.844107e+03,,
3919,1.807715e+03,,
3920,8.889896e+03,,
3921,5.683081e+03,,
3922,1.010828e+03,,
3923,6.434930e+02,,
3924,1.790844e+04,,
3925,2.058691e+03,,
3926,3.092112e+02,,
3927,1.135226e+05,,
3928,6.573570e+03,,
3929,6.717487e+02,,
3930,4.717251e+03,,
3931,6.458061e+03,,
3932,6.037920e+03,,
3933,3.099410e+03,,
3934,6.015950e+04,,
3935,1.166693e+04,,
3936,9.278799e+03,,
3937,3.129686e+03,,
3938,1.109558e+03,,
3939,5.618422e+02,,
3940,1.209461e+03,,
3941,2.812382e+02,,
3942,2.676957e+02,,
3943,1.489036e+02,,
3944,7.866473e+03,,
3945,2.493308e+04,,
3946,1.650684e+04,,
3947,1.221042e+03,,
3948,5.309688e+03,,
3949,1.470339e+03,,
3950,2.277049e+02,,
3951,1.186538e+04,,
3952,5.393265e+03,,
3953,1.986364e+02,,
3954,9.585762e+01,,
3955,4.180545e+02,,
3956,1.897729e+01,,
3957,4.499338e+02,,
3958,6.391078e+02,,
3959,1.054331e+03,,
3960,3.960623e+02,,
3961,3.927969e+03,,
3962,4.110651e+03,,
3963,1.499302e+02,,
3964,7.939067e+02,,
3965,2.243335e+03,,
3966,2.760423e+02,,
3967,5.325159e+01,,
3968,9.084010e+01,,
3969,1.113724e+02,,
3970,1.128017e+02,,
3971,1.702573e+03,,
3972,4.533544e+02,,
3973,2.574301e+02,,
3974,1.370054e+03,,
3975,6.094815e+03,,
3976,1.986823e+04,,
3977,1.482746e+02,,
3978,3.213316e+01,,
3979,2.639262e+01,,
3980,4.224869e+03,,
3981,1.509373e+03,,
3982,1.181306e+03,,
3983,1.471982e+02,,
3984,1.464178e+03,,
3985,4.186647e+04,,
3986,3.381484e+02,,
3987,2.888509e+02,,
3988,3.158085e+02,,
3989,1.139142e+02,,
3990,1.018625e+03,,
3991,2.537605e+03,,
3992,2.751152e+03,,
3993,2.501571e+02,,
3994,2.819547e+03,,
3995,4.975571e+03,,
3996,3.537530e+01,,
3997,7.199605e+02,,
3998,1.971346e+02,,
3999,2.175559e+02,,
4000,9.158336e+02,,
4001,9.098940e+01,,
4002,8.328917e+01,,
4003,3.692481e+02,,
4004,2.157150e+02,,
4005,7.208427e+02,,
4006,4.136215e+02,,
4007,5.734410e+02,,
4008,2.413404e+03,,
4009,4.556262e+01,,
4010,5.853147e+02,,
4011,3.695696e+02,,
4012,1.986936e+02,,
4013,1.313954e+04,,
4014,1.116606e+04,,
4015,8.427148e+02,,
4016,4.419453e+02,,
4017,1.559666e+04,,
4018,9.599506e+03,,
4019,2.198297e+03,,
4020,3.846473e+03,,
4021,1.276950e+03,,
4022,2.429936e+03,,
4023,1.401511e+04,,
4024,9.371445e+01,,
4025,1.490573e+02,,
4026,5.169649e+02,,
4027,9.783454e+02,,
4028,2.268550e+02,,
4029,7.401268e+03,,
4030,3.409812e+02,,
4031,1.278623e+02,,
4032,5.103633e+02,,
4033,1.690416e+03,,
4034,4.556067e+03,,
4035,5.536105e+02,,
4036,1.398040e+03,,
4037,4.461860e+03,,
4038,1.427909e+04,,
4039,7.789219e+01,,
4040,2.819857e+02,,
4041,1.693576e+02,,
4042,7.016368e+02,,
4043,2.088146e+02,,
4044,4.769704e+02,,
4045,3.739194e+01,,
4046,2.609150e+01,,
4047,5.014940e+01,,
4048,1.456090e+02,,
4049,1.764517e+02,,
4050,1.313389e+03,,
4051,2.462544e+02,,
4052,3.026068e+02,,
4053,5.800325e+02,,
4054,7.803623e+01,,
4055,1.059627e+02,,
4056,2.545400e+01,,
4057,1.612532e+02,,
4058,3.101859e+02,,
4059,1.325181e+02,,
4060,3.047368e+02,,
4061,7.169625e+01,,
4062,3.836473e+02,,
4063,8.317086e+01,,
4064,6.813310e+02,,
4065,5.732539e+01,,
4066,3.858029e+01,,
4067,1.870420e+02,,
4068,4.737639e+01,,
4069,3.133105e+00,,
4070,5.227463e+00,,
4071,1.155216e+02,,
4072,4.456990e+01,,
4073,5.426802e+00,,
4074,6.344184e+00,,
4075,1.371024e+01,,
4076,1.738413e+02,,
4077,8.056501e+01,,
4078,6.408936e+00,,
4079,2.536620e+01,,
4080,1.326667e+01,,
4081,5.525366e+00,,
4082,3.657028e+00,,
4083,1.617409e+01,,
4084,1.260991e+02,,
4085,6.633940e+01,,
4086,7.898312e+01,,
4087,5.436890e+02,,
4088,6.713764e+02,,
4089,6.527618e+02,,
4090,3.799901e+03,,
4091,8.764500e+01,,
4092,4.103595e+03,,
4093,1.424185e+04,,
4094,2.588529e+03,,
4095,3.210022e+02,,
4096,4.302888e+01,,
4097,3.916723e+02,,
4098,6.756529e+03,,
4099,2.066439e+03,,
4100,1.326052e+03,,
4101,3.424567e+04,,
4102,1.352918e+04,,
4103,8.898129e+04,,
4104,3.840355e+03,,
4105,2.468256e+03,,
4106,3.342926e+02,,
4107,2.163758e+02,,
4108,5.568812e+02,,
4109,2.083596e+02,,
4110,7.655247e+02,,
4111,1.066500e+02,,
4112,3.407469e+01,,
4113,1.380346e+02,,
4114,1.666817e+02,,
4115,1.286325e+01,,
4116,4.492692e+01,,
4117,4.818352e+01,,
4118,1.493246e+02,,
4119,2.653127e+02,,
4120,5.177883e+01,,
4121,7.093562e+03,,
4122,1.146181e+04,,
4123,5.976234e+03,,
4124,2.150352e+02,,
4125,8.719459e+02,,
4126,3.495993e+03,,
4127,6.404371e+01,,
4128,8.343706e+02,,
4129,5.001503e+03,,
4130,2.748342e+02,,
4131,1.135694e+03,,
4132,8.191815e+00,,
4133,1.452741e+01,,
4134,4.479540e+01,,
4135,1.101134e+02,,
4136,6.153352e+00,,
4137,6.043500e+00,,
4138,1.348068e+01,,
4139,5.176141e+00,,
4140,8.314164e+01,,
4141,2.118132e+01,,
4142,3.779729e+01,,
4143,1.114324e+02,,
4144,7.708951e+02,,
4145,9.348874e+01,,
4146,5.096959e+02,,
4147,3.340913e+02,,
4148,2.833375e+02,,
4149,4.357028e+02,,
4150,2.803869e+01,,
4151,4.042248e+01,,
4152,2.757413e+02,,
4153,4.368582e+02,,
4154,3.939433e+01,,
4155,6.835593e+01,,
4156,1.162427e+04,,
4157,8.646169e+03,,
4158,5.538683e+01,,
4159,9.388358e+02,,
4160,2.940082e+02,,
4161,2.259949e+03,,
4162,1.222471e+02,,
4163,9.998093e+02,,
4164,9.752388e+01,,
4165,5.053689e+03,,
4166,8.459286e+02,,
4167,1.493975e+02,,
4168,2.966654e+02,,
4169,4.316715e+01,,
4170,2.927352e+01,,
4171,6.224526e+01,,
4172,1.546326e+01,,
4173,7.723128e+01,,
4174,1.270629e+03,,
4175,3.359526e+03,,
4176,9.887413e+02,,
4177,9.269437e+01,,
4178,2.184381e+02,,
4179,2.195527e+01,,
4180,8.934956e+02,,
4181,2.872970e+02,,
4182,1.071171e+02,,
4183,1.172721e+01,,
4184,3.105188e+02,,
4185,4.443650e+00,,
4186,1.941366e+01,,
4187,1.992956e+01,,
4188,4.537746e+01,,
4189,1.063205e+01,,
4190,2.643722e+03,,
4191,1.269805e+01,,
4192,3.172475e+01,,
4193,4.686686e+02,,
4194,5.007362e+02,,
4195,3.508018e+02,,
4196,4.142456e+02,,
4197,5.147775e+03,,
4198,5.706688e+02,,
4199,4.172967e+01,,
4200,3.532241e+02,,
4201,2.632498e+02,,
4202,4.020457e+03,,
4203,4.826296e+02,,
4204,3.620753e+02,,
4205,4.306902e+02,,
4206,1.042405e+02,,
4207,4.481342e+01,,
4208,5.419887e+03,,
4209,1.409508e+03,,
4210,2.462290e+03,,
4211,1.219110e+03,,
4212,4.735655e+03,,
4213,1.431753e+03,,
4214,8.583598e+01,,
4215,1.292584e+02,,
4216,2.340744e+02,,
4217,1.661422e+02,,
4218,3.213990e+02,,
4219,4.024452e+02,,
4220,2.674782e+02,,
4221,4.437301e+03,,
4222,8.319548e+03,,
4223,3.157019e+04,,
4224,9.802167e+01,,
4225,2.309116e+02,,
4226,4.001170e+03,,
4227,1.646281e+03,,
4228,3.080747e+02,,
4229,1.431659e+02,,
4230,5.773745e+02,,
4231,7.588479e+02,,
4232,4.094823e+02,,
4233,8.717143e+01,,
4234,2.899566e+02,,
4235,1.002932e+02,,
4236,3.367383e+02,,
4237,1.134653e+03,,
4238,2.333571e+01,,
4239,1.377760e+02,,
4240,1.621119e+02,,
4241,1.603883e+01,,
4242,1.536979e+01,,
4243,6.327506e+02,,
4244,4.323420e+02,,
4245,6.661132e+01,,
4246,3.070250e+03,,
4247,4.585321e+02,,
4248,1.317999e+02,,
4249,2.834974e+01,,
4250,7.423595e+01,,
4251,5.001980e+01,,
4252,4.126001e+01,,
4253,7.239407e+02,,
4254,7.970949e+01,,
4255,3.684713e+02,,
4256,2.218705e+03,,
4257,1.270719e+03,,
4258,1.234660e+03,,
4259,9.586831e+01,,
4260,2.512518e+02,,
4261,3.535692e+02,,
4262,1.122633e+03,,
4263,4.053487e+03,,
4264,3.703339e+03,,
4265,4.017135e+02,,
4266,9.709781e+02,,
4267,6.824021e+02,,
4268,1.404456e+03,,
4269,9.606225e+01,,
4270,1.065100e+03,,
4271,3.490202e+04,,
4272,9.736064e+03,,
4273,1.062826e+04,,
4274,7.881753e+03,,
4275,4.501480e+01,,
4276,7.488755e+00,,
4277,7.055256e+00,,
4278,7.282640e-01,,
4279,3.418324e+01,,
4280,2.905415e+01,,
4281,3.250876e+00,,
4282,1.658814e+01,,
4283,5.586498e+00,,
4284,1.458208e+03,,
4285,7.689729e+02,,
4286,7.331407e+03,,
4287,2.372408e+03,,
4288,6.269653e+02,,
4289,1.009625e+02,,
4290,6.119803e+02,,
4291,5.847927e+01,,
4292,1.064460e+02,,
4293,8.562439e+00,,
4294,2.176002e+02,,
4295,9.700576e+01,,
4296,2.121966e+02,,
4297,1.998955e+02,,
4298,1.957000e+02,,
4299,9.294261e+02,,
4300,2.079968e+02,,
4301,4.243771e+00,,
4302,1.760038e+02,,
4303,1.348780e+02,,
4304,2.040006e+03,,
4305,3.824425e+01,,
4306,3.169654e+01,,
4307,4.691057e+01,,
4308,4.540164e+01,,
4309,9.946006e+02,,
4310,2.293308e+02,,
4311,2.197428e+01,,
4312,4.605287e+02,,
4313,2.763833e+02,,
4314,3.635850e+01,,
4315,1.690660e+02,,
4316,1.376702e+02,,
4317,2.347289e+03,,
4318,8.341760e+02,,
4319,3.611527e+02,,
4320,5.461942e+02,,
4321,2.519998e+02,,
4322,2.976014e+02,,
4323,1.367911e+03,,
4324,5.275803e+01,,
4325,2.581587e+01,,
4326,8.330437e+00,,
4327,4.582746e+01,,
4328,4.639465e+00,,
4329,2.046583e+02,,
4330,5.061610e+01,,
4331,8.321686e+01,,
4332,8.364358e+01,,
4333,1.729178e+03,,
4334,1.266544e+03,,
4335,4.221686e+01,,
4336,6.901607e+01,,
4337,1.569383e+03,,
4338,1.681803e+03,,
4339,1.145148e+03,,
4340,6.118317e+02,,
4341,1.179902e+01,,
4342,7.619596e+01,,
4343,8.598998e+01,,
4344,1.585716e+02,,
4345,7.647217e+02,,
4346,2.639165e+01,,
4347,4.099122e+01,,
4348,1.099692e+02,,
4349,6.957919e+00,,
4350,3.461287e+01,,
4351,2.278088e+02,,
4352,1.571223e+01,,
4353,6.545867e+01,,
4354,5.013382e+01,,
4355,1.010779e+01,,
4356,4.952475e+01,,
4357,2.207656e+01,,
4358,2.618554e+01,,
4359,2.471337e+01,,
4360,1.402520e+01,,
4361,9.993715e+02,,
4362,4.687146e+01,,
4363,2.262215e+02,,
4364,2.288457e+01,,
4365,2.664075e+01,,
4366,2.118415e+02,,
4367,6.320586e+02,,
4368,3.275858e+02,,
4369,1.609378e+01,,
4370,1.529643e+01,,
4371,1.873931e+01,,
4372,6.077729e+01,,
4373,1.539071e+01,,
4374,5.455830e+01,,
4375,2.065707e+02,,
4376,7.360760e+01,,
4377,1.923721e+02,,
4378,3.867473e+01,,
4379,3.260294e+02,,
4380,9.355309e+01,,
4381,2.546398e+02,,
4382,5.583237e+02,,
4383,6.830113e+01,,
4384,9.831549e+00,,
4385,4.504272e+01,,
4386,1.709443e+02,,
4387,1.226431e+02,,
4388,2.958118e+01,,
4389,7.225973e+02,,
4390,1.433672e+04,,
4391,5.923694e+02,,
4392,1.285460e+03,,
4393,3.446785e+02,,
4394,5.534561e+04,,
4395,3.218143e+03,,
4396,9.746678e+03,,
4397,1.178333e+03,,
4398,6.566797e+02,,
4399,1.765202e+03,,
4400,7.269249e+02,,
4401,3.916231e+03,,
4402,2.499295e+02,,
4403,3.800414e+02,,
4404,3.094386e+02,,
4405,9.681374e+01,,
4406,4.103008e+02,,
4407,1.093681e+02,,
4408,1.094383e+03,,
4409,4.514508e+03,,
4410,6.584528e+02,,
4411,1.885219e+03,,
4412,1.065536e+04,,
4413,2.651124e+04,,
4414,5.007044e+02,,
4415,6.931889e+01,,
4416,3.552002e+01,,
4417,1.258739e+02,,
4418,4.900136e+01,,
4419,5.865624e+01,,
4420,3.528581e+02,,
4421,4.791373e+02,,
4422,7.378014e+02,,
4423,2.180894e+03,,
4424,2.627316e+03,,
4425,1.622459e+03,,
4426,1.846227e+02,,
4427,7.432479e+01,,
4428,1.080099e+02,,
4429,1.809406e+03,,
4430,4.630117e+02,,
4431,4.921153e+02,,
4432,9.518704e+01,,
4433,1.686667e+03,,
4434,5.536755e+03,,
4435,1.346465e+03,,
4436,1.720449e+04,,
4437,1.748220e+03,,
4438,2.706326e+02,,
4439,7.103042e+02,,
4440,1.763052e+02,,
4441,9.318725e+01,,
4442,1.890700e+02,,
4443,5.139045e+02,,
4444,9.424585e+02,,
4445,6.813977e+02,,
4446,6.494326e+02,,
4447,9.683929e+02,,
4448,1.510052e+02,,
4449,2.302405e+02,,
4450,8.083822e+01,,
4451,1.246331e+02,,
4452,7.424652e+01,,
4453,5.659358e+01,,
4454,1.286447e+02,,
4455,8.522787e+02,,
4456,2.081255e+02,,
4457,3.947223e+04,,
4458,1.097287e+04,,
4459,4.665428e+02,,
4460,1.955140e+03,,
4461,5.967318e+02,,
4462,7.514203e+02,,
4463,2.464046e+02,,
4464,2.750912e+02,,
4465,7.774584e+02,,
4466,2.966021e+03,,
4467,1.302859e+03,,
4468,9.401438e+02,,
4469,5.574225e+03,,
4470,1.099645e+03,,
4471,8.430433e+02,,
4472,2.193903e+02,,
4473,2.868016e+03,,
4474,5.760796e+03,,
4475,1.285796e+03,,
4476,6.789927e+02,,
4477,1.860938e+03,,
4478,2.344651e+04,,
4479,1.767900e+03,,
4480,3.123021e+03,,
4481,7.940570e+03,,
4482,6.685429e+03,,
4483,4.800727e+02,,
4484,1.496967e+03,,
4485,4.182973e+02,,
4486,1.127015e+02,,
4487,3.810314e+01,,
4488,3.357235e+02,,
4489,2.383329e+02,,
4490,1.909444e+03,,
4491,2.515709e+03,,
4492,4.137111e+03,,
4493,7.514668e+03,,
4494,8.841881e+01,,
4495,1.466886e+03,,
4496,1.736755e+02,,
4497,1.594064e+02,,
4498,7.484223e+02,,
4499,8.415059e+02,,
4500,1.282276e+02,,
4501,1.074228e+03,,
4502,8.407491e+03,,
4503,4.652285e+02,,
4504,2.647280e+02,,
4505,3.384447e+02,,
4506,2.640867e+02,,
4507,4.443179e+02,,
4508,3.246771e+02,,
4509,2.627258e+02,,
4510,2.530031e+02,,
4511,1.625917e+03,,
4512,4.100093e+02,,
4513,1.879448e+02,,
4514,2.369909e+03,,
4515,9.535737e+01,,
4516,1.490543e+03,,
4517,4.306539e+02,,
4518,2.022237e+04,,
4519,2.427042e+04,,
4520,3.529313e+03,,
4521,1.294995e+04,,
4522,1.923794e+03,,
4523,2.671128e+04,,
4524,1.329725e+04,,
4525,4.476471e+03,,
4526,1.148806e+03,,
4527,6.797981e+03,,
4528,2.221102e+04,,
4529,5.588309e+03,,
4530,3.528096e+04,,
4531,3.623327e+04,,
4532,1.136684e+05,,
4533,6.793163e+04,,
4534,7.743709e+02,,
4535,1.615838e+02,,
4536,6.754199e+04,,
4537,5.574919e+04,,
4538,2.583964e+04,,
4539,1.481805e+05,,
4540,8.631930e+03,,
4541,1.807877e+04,,
4542,3.708530e+03,,
4543,7.035555e+04,,
4544,8.478256e+03,,
4545,1.528952e+05,,
4546,4.420535e+04,,
4547,7.515587e+02,,
4548,4.043409e+02,,
4549,6.085957e+02,,
4550,1.689124e+04,,
4551,1.506606e+05,,
4552,1.002412e+04,,
4553,3.545476e+04,,
4554,4.689133e+03,,
4555,9.015187e+04,,
4556,1.740080e+02,,
4557,3.199684e+02,,
4558,9.840365e+02,,
4559,3.044183e+02,,
4560,1.253301e+02,,
4561,2.354427e+02,,
4562,1.036917e+02,,
4563,2.643976e+01,,
4564,4.996858e+01,,
4565,7.418638e+01,,
4566,1.108448e+02,,
4567,3.977983e+01,,
4568,9.277809e+02,,
4569,3.580998e+01,,
4570,1.241718e+02,,
4571,1.511295e+02,,
4572,3.278158e+01,,
4573,2.468350e+01,,
4574,2.657966e+00,,
4575,2.271026e+00,,
4576,4.352039e+02,,
4577,2.912004e+02,,
4578,8.670097e+01,,
4579,2.985167e+00,,
4580,2.912628e+01,,
4581,2.465620e+00,,
4582,2.955151e+00,,
4583,1.125996e+00,,
4584,9.622537e+01,,
4585,4.887218e+02,,
4586,2.577412e+03,,
4587,4.237671e+02,,
4588,3.746846e+01,,
4589,1.584874e+02,,
4590,1.130035e+02,,
4591,9.602652e+01,,
4592,7.948434e+02,,
4593,2.675708e+01,,
4594,3.948481e+03,,
4595,1.141541e+03,,
4596,1.736140e+02,,
4597,4.379158e+02,,
4598,2.520774e+01,,
4599,1.783552e+02,,
4600,2.342904e+02,,
4601,6.861348e+01,,
4602,7.655688e+01,,
4603,2.661882e+02,,
4604,4.593138e+00,,
4605,3.034277e+00,,
4606,3.614288e+01,,
4607,1.121166e+01,,
4608,3.164821e+00,,
4609,5.132140e+01,,
4610,2.345593e+01,,
4611,3.786324e+01,,
4612,1.954463e+02,,
4613,1.311441e+02,,
4614,3.248728e+01,,
4615,7.405577e+00,,
4616,8.518933e+01,,
4617,1.924256e+01,,
4618,4.155657e+01,,
4619,2.989278e+02,,
4620,7.289337e+01,,
4621,3.992168e+03,,
4622,4.625256e+02,,
4623,6.424674e+01,,
4624,1.379282e+02,,
4625,4.317190e+03,,
4626,8.336582e+03,,
4627,9.830788e+02,,
4628,4.936917e+02,,
4629,2.989888e+04,,
4630,9.575901e+02,,
4631,1.519198e+03,,
4632,1.871378e+02,,
4633,7.718953e+00,,
4634,3.440885e+02,,
4635,1.334216e+03,,
4636,9.834480e+01,,
4637,3.468449e+02,,
4638,9.097867e+02,,
4639,9.935303e+00,,
4640,4.961816e+01,,
4641,2.629875e+02,,
4642,9.216994e+01,,
4643,5.148836e+00,,
4644,1.404668e+03,,
4645,7.653609e+02,,
4646,2.573941e+02,,
4647,8.942759e+02,,
4648,3.978584e+02,,
4649,3.196661e+01,,
4650,1.964149e+01,,
4651,1.738679e+01,,
4652,8.001678e+02,,
4653,4.549179e+02,,
4654,2.588465e+02,,
4655,1.398574e+02,,
4656,4.806683e+02,,
4657,4.223242e+03,,
4658,2.962933e+01,,
4659,3.502758e+02,,
4660,1.183450e+02,,
4661,2.230074e+03,,
4662,3.587015e+03,,
4663,8.533038e+01,,
4664,4.841061e+02,,
4665,6.125595e+02,,
4666,6.365838e+01,,
4667,1.157181e+01,,
4668,1.952262e+01,,
4669,1.932376e+01,,
4670,2.039501e+03,,
4671,5.091688e+03,,
4672,1.481746e+00,,
4673,4.565278e+00,,
4674,2.570374e+01,,
4675,3.104527e+01,,
4676,6.441063e+00,,
4677,5.504872e+01,,
4678,2.886968e+01,,
4679,8.687922e+01,,
4680,4.262347e+00,,
4681,1.597934e+02,,
4682,5.639360e+01,,
4683,2.845876e+00,,
4684,1.009417e+00,,
4685,5.320169e+00,,
4686,2.254320e+01,,
4687,8.522796e+00,,
4688,5.642006e+00,,
4689,3.171244e+00,,
4690,2.764689e+00,,
4691,4.020582e+00,,
4692,7.680119e+00,,
4693,8.450032e+01,,
4694,1.714521e+01,,
4695,1.570154e+01,,
4696,4.071565e+01,,
4697,1.313124e+03,,
4698,3.751686e+01,,
4699,6.081108e+01,,
4700,1.220124e+01,,
4701,9.746575e+00,,
4702,3.153050e+01,,
4703,3.634863e+01,,
4704,3.732932e+02,,
4705,2.213393e+03,,
4706,3.701984e+03,,
4707,4.687245e+01,,
4708,1.746132e+02,,
4709,2.335020e+01,,
4710,1.801103e+01,,
4711,6.083919e+00,,
4712,1.016609e+01,,
4713,8.426871e+00,,
4714,7.339262e+01,,
4715,3.266419e+02,,
4716,1.419659e+03,,
4717,1.370155e+03,,
4718,2.111124e+01,,
4719,2.438012e+02,,
4720,4.796291e+02,,
4721,5.166668e+02,,
4722,2.154831e+02,,
4723,2.378010e+02,,
4724,3.683752e+03,,
4725,6.926953e+02,,
4726,1.770864e+03,,
4727,5.568598e+03,,
4728,8.001656e+03,,
4729,1.136429e+02,,
4730,9.552951e+02,,
4731,4.117638e+01,,
4732,9.315094e+01,,
4733,2.855921e+03,,
4734,1.053218e+04,,
4735,9.940103e+01,,
4736,2.196922e+02,,
4737,9.960256e+02,,
4738,1.436103e+04,,
4739,1.888432e+04,,
4740,1.419190e+03,,
4741,8.729125e+03,,
4742,2.292173e+03,,
4743,2.954064e+03,,
4744,5.408165e+02,,
4745,4.196004e+03,,
4746,4.420307e+02,,
4747,1.693548e+04,,
4748,9.264608e+03,,
4749,1.464865e+02,,
4750,1.812622e+03,,
4751,2.708573e+03,,
4752,7.325206e+02,,
4753,1.465482e+02,,
4754,3.941119e+02,,
4755,5.880300e+01,,
4756,2.340441e+02,,
4757,2.419467e+02,,
4758,5.699866e+02,,
4759,4.268577e+01,,
4760,2.855126e+01,,
4761,1.597837e+03,,
4762,4.262613e+02,,
4763,9.789039e+02,,
4764,2.762133e+02,,
4765,3.290441e+03,,
4766,1.250561e+02,,
4767,8.392742e+01,,
4768,1.530192e+02,,
4769,1.389273e+01,,
4770,8.052442e+01,,
4771,1.735502e+02,,
4772,8.130588e+01,,
4773,1.676478e+02,,
4774,8.895554e+01,,
4775,4.178049e+01,,
4776,7.838636e+01,,
4777,5.520201e+01,,
4778,1.804621e+02,,
4779,2.745448e+01,,
4780,6.882015e+00,,
4781,1.075732e+01,,
4782,3.213465e+02,,
4783,2.012583e+03,,
4784,5.566143e+01,,
4785,2.900896e+01,,
4786,3.763127e+01,,
4787,5.630605e+02,,
4788,1.629911e+03,,
4789,1.468832e+01,,
4790,1.035822e+01,,
4791,6.051685e+02,,
4792,6.959694e+02,,
4793,2.546117e+01,,
4794,5.046605e+01,,
4795,3.372371e+00,,
4796,3.696070e+00,,
4797,4.561179e+01,,
4798,6.186067e+00,,
4799,6.076521e+01,,
4800,1.663219e+01,,
4801,1.200708e+01,,
4802,5.047224e+00,,
4803,3.546225e+01,,
4804,2.187567e+01,,
4805,1.000779e+01,,
4806,3.138856e+00,,
4807,7.560255e-01,,
4808,2.404801e+00,,
4809,8.534304e-01,,
4810,1.799396e+00,,
4811,2.205780e+00,,
4812,3.052141e+00,,
4813,2.034872e+00,,
4814,4.581186e+01,,
4815,1.772941e+01,,
4816,5.380544e+02,,
4817,7.450286e+01,,
4818,2.981262e+00,,
4819,2.108715e+01,,
4820,3.051735e+01,,
4821,4.509810e+01,,
4822,5.115129e+00,,
4823,1.231245e+01,,
4824,8.905323e+01,,
4825,4.524498e+01,,
4826,1.210868e+01,,
4827,6.595280e+00,,
4828,2.149277e+01,,
4829,3.137659e+01,,
4830,1.431787e+01,,
4831,4.527139e+01,,
4832,3.950001e+02,,
4833,2.616628e+00,,
4834,1.137152e+02,,
4835,9.542971e+03,,
4836,5.520523e+02,,
4837,4.491549e+02,,
4838,3.083137e+02,,
4839,1.866794e+02,,
4840,2.914215e+02,,
4841,2.417534e+02,,
4842,2.633272e+02,,
4843,1.771827e+02,,
4844,5.234746e+02,,
4845,1.363247e+02,,
4846,3.845097e+02,,
4847,9.216824e+01,,
4848,2.550174e+01,,
4849,5.213801e+02,,
4850,1.014073e+03,,
4851,1.373285e+02,,
4852,5.691793e+03,,
4853,4.035493e+01,,
4854,1.943898e+02,,
4855,4.453599e+02,,
4856,4.110775e+03,,
4857,7.786092e+01,,
4858,1.191436e+01,,
4859,1.022999e+03,,
4860,1.497321e+02,,
4861,3.283504e+02,,
4862,1.073861e+02,,
4863,2.167057e+02,,
4864,1.655279e+03,,
4865,3.336817e+01,,
4866,3.233308e+01,,
4867,1.736619e+03,,
4868,4.882355e+03,,
4869,8.201155e+03,,
4870,1.722896e+02,,
4871,1.614738e+02,,
4872,7.743859e+03,,
4873,4.970080e+03,,
4874,6.168272e+02,,
4875,6.401764e+03,,
4876,9.236034e+01,,
4877,1.513243e+03,,
4878,5.171314e+02,,
4879,1.308616e+02,,
4880,5.525757e+01,,
4881,1.289037e+02,,
4882,4.323902e+03,,
4883,2.285668e+02,,
4884,7.209463e+02,,
4885,4.409172e+01,,
4886,8.936302e+00,,
4887,2.608335e+01,,
4888,4.089669e+02,,
4889,3.042078e+02,,
4890,1.409232e+03,,
4891,1.206207e+02,,
4892,4.466762e+03,,
4893,1.536009e+02,,
4894,5.550687e+01,,
4895,9.420324e+02,,
4896,1.680318e+02,,
4897,1.364829e+02,,
4898,2.737684e+02,,
4899,6.134356e+01,,
4900,7.335121e+02,,
4901,5.153005e+02,,
4902,3.718335e+02,,
4903,2.188970e+03,,
4904,4.942798e+02,,
4905,4.448390e+02,,
4906,1.295586e+04,,
4907,2.840020e+02,,
4908,7.885845e+02,,
4909,3.148113e+03,,
4910,1.319358e+03,,
4911,1.490648e+03,,
4912,2.395883e+04,,
4913,1.457866e+06,,
4914,6.212700e+05,,
4915,8.100825e+02,,
4916,1.395696e+03,,
4917,4.184156e+03,,
4918,2.647203e+04,,
4919,4.315378e+03,,
4920,4.615238e+03,,
4921,1.779884e+03,,
4922,6.793594e+02,,
4923,5.073750e+02,,
4924,1.247026e+05,,
4925,5.132040e+04,,
4926,1.886003e+04,,
4927,1.146663e+05,,
4928,2.341688e+04,,
4929,1.395958e+03,,
4930,5.199112e+03,,
4931,5.358013e+04,,
4932,9.560059e+03,,
4933,6.395623e+03,,
4934,5.186042e+03,,
4935,8.123186e+04,,
4936,1.845939e+04,,
4937,1.956294e+03,,
4938,1.938257e+03,,
4939,6.638711e+03,,
4940,5.661727e+03,,
4941,2.230754e+03,,
4942,2.225376e+03,,
4943,2.390366e+03,,
4944,6.384801e+03,,
4945,7.821921e+04,,
4946,3.470002e+04,,
4947,1.531705e+04,,
4948,4.245206e+03,,
4949,1.333642e+04,,
4950,2.482958e+03,,
4951,1.736966e+04,,
4952,6.435000e+03,,
4953,2.944999e+05,,
4954,1.433018e+03,,
4955,2.661185e+03,,
4956,1.171090e+04,,
4957,5.793672e+03,,
4958,9.251270e+02,,
4959,5.486207e+03,,
4960,7.862168e+03,,
4961,5.686389e+03,,
4962,2.343160e+04,,
4963,1.528622e+04,,
4964,1.379077e+04,,
4965,8.392551e+01,,
4966,6.720352e+02,,
4967,2.151796e+02,,
4968,2.428262e+03,,
4969,6.220799e+02,,
4970,2.207610e+03,,
4971,3.781958e+03,,
4972,1.726937e+02,,
4973,4.692511e+01,,
4974,2.033779e+02,,
4975,5.390855e+01,,
4976,8.452149e+02,,
4977,1.373852e+04,,
4978,8.244326e+03,,
4979,1.242720e+03,,
4980,2.377691e+02,,
4981,8.497325e+02,,
4982,1.278699e+03,,
4983,1.948675e+04,,
4984,1.265367e+04,,
4985,1.004924e+05,,
4986,4.424571e+05,,
4987,2.602489e+04,,
4988,8.420460e+04,,
4989,5.516489e+03,,
4990,1.659759e+03,,
4991,4.598732e+03,,
4992,3.350820e+03,,
4993,1.078576e+04,,
4994,9.825025e+03,,
4995,9.793149e+04,,
4996,2.674957e+04,,
4997,2.170047e+04,,
4998,5.735817e+05,,
4999,5.610853e+03,,
5000,1.298623e+02,,
5001,4.071189e+02,,
5002,3.579673e+02,,
5003,1.463257e+02,,
5004,6.222400e+02,,
5005,1.293963e+03,,
5006,8.775688e+03,,
5007,8.472280e+02,,
5008,5.928428e+02,,
5009,6.543458e+02,,
5010,1.862865e+02,,
5011,2.217179e+02,,
5012,1.978724e+02,,
5013,2.106047e+02,,
5014,1.607708e+05,,
5015,5.029197e+04,,
5016,2.622246e+02,,
5017,1.708101e+02,,
5018,9.703243e+03,,
5019,1.361465e+04,,
5020,3.312320e+03,,
5021,1.528973e+04,,
5022,3.486223e+02,,
5023,3.204783e+03,,
5024,2.236713e+03,,
5025,2.276991e+03,,
5026,9.792406e+04,,
5027,4.750072e+03,,
5028,5.809635e+02,,
5029,2.116259e+02,,
5030,1.102686e+03,,
5031,6.904392e+02,,
5032,2.654919e+01,,
5033,4.900873e+01,,
5034,1.932149e+02,,
5035,2.076591e+01,,
5036,2.024776e+01,,
5037,7.013322e+01,,
5038,4.783837e+01,,
5039,3.304453e+02,,
5040,3.682401e+01,,
5041,5.815829e+01,,
5042,8.581607e+01,,
5043,6.867596e+01,,
5044,1.494511e+02,,
5045,3.604009e+01,,
5046,1.653746e+02,,
5047,5.190083e+01,,
5048,6.159402e+01,,
5049,1.493449e+02,,
5050,1.490257e+02,,
5051,1.083090e+02,,
5052,8.114994e+01,,
5053,5.156990e+01,,
5054,2.367943e+01,,
5055,2.478192e+01,,
5056,8.962433e+01,,
5057,5.237523e+01,,
5058,1.410496e+03,,
5059,2.407838e+02,,
5060,3.871639e+03,,
5061,9.473884e+03,,
5062,3.050916e+02,,
5063,1.933695e+03,,
5064,5.986126e+03,,
5065,7.263859e+02,,
5066,6.383550e+02,,
5067,1.296506e+04,,
5068,1.300498e+03,,
5069,2.125659e+03,,
5070,3.727000e+02,,
5071,8.923187e+01,,
5072,4.807873e+02,,
5073,5.402597e+02,,
5074,2.711418e+02,,
5075,6.245482e+03,,
5076,4.043152e+03,,
5077,7.027506e+02,,
5078,5.969185e+03,,
5079,9.124735e+01,,
5080,9.306164e+03,,
5081,1.493852e+03,,
5082,9.364945e+03,,
5083,6.806079e+03,,
5084,4.682134e+04,,
5085,7.041104e+02,,
5086,4.545875e+02,,
5087,4.301197e+03,,
5088,2.028747e+04,,
5089,9.368759e+04,,
5090,8.345255e+04,,
5091,5.702317e+03,,
5092,5.503584e+04,,
5093,8.353605e+04,,
5094,3.771821e+03,,
5095,2.441786e+03,,
5096,7.246818e+02,,
5097,4.970068e+03,,
5098,5.137897e+03,,
5099,5.305815e+03,,
5100,9.334448e+03,,
5101,2.044231e+02,,
5102,1.025673e+02,,
5103,2.861020e+02,,
5104,1.212126e+02,,
5105,9.920076e+02,,
5106,8.145091e+02,,
5107,2.223060e+02,,
5108,5.806283e+02,,
5109,8.632663e+01,,
5110,1.808990e+02,,
5111,3.340796e+02,,
5112,5.079023e+03,,
5113,2.078656e+03,,
5114,2.136634e+03,,
5115,3.956723e+03,,
5116,6.721788e+03,,
5117,1.059077e+02,,
5118,9.492775e+02,,
5119,6.097329e+01,,
5120,1.135099e+02,,
5121,1.261828e+02,,
5122,1.632781e+03,,
5123,5.597697e+02,,
5124,4.044898e+02,,
5125,2.346082e+03,,
5126,1.090221e+02,,
5127,7.411278e+03,,
5128,9.892215e+02,,
5129,2.361182e+03,,
5130,4.785377e+02,,
5131,4.049099e+03,,
5132,2.096585e+04,,
5133,2.083168e+02,,
5134,4.819878e+03,,
5135,9.471409e+02,,
5136,2.627055e+03,,
5137,1.749275e+03,,
5138,3.250695e+02,,
5139,1.780617e+02,,
5140,4.867957e+02,,
5141,1.009949e+02,,
5142,3.185422e+02,,
5143,9.938401e+02,,
5144,8.170430e+02,,
5145,9.426072e+02,,
5146,4.014216e+02,,
5147,2.835487e+02,,
5148,4.135450e+04,,
5149,3.676419e+04,,
5150,1.772030e+03,,
5151,1.438244e+02,,
5152,6.822832e+02,,
5153,4.881933e+02,,
5154,1.575667e+05,,
5155,1.409677e+04,,
5156,1.576763e+04,,
5157,4.891379e+03,,
5158,1.577455e+04,,
5159,9.994070e+02,,
5160,2.792151e+03,,
5161,7.125578e+02,,
5162,5.910289e+02,,
5163,3.525900e+03,,
5164,1.747079e+04,,
5165,2.984143e+02,,
5166,8.322052e+01,,
5167,4.086712e+03,,
5168,3.996201e+03,,
5169,7.707152e+03,,
5170,6.601021e+02,,
5171,2.720718e+02,,
5172,2.290362e+02,,
5173,1.252002e+03,,
5174,2.335824e+03,,
5175,1.504706e+04,,
5176,2.394481e+02,,
5177,8.835013e+02,,
5178,1.484430e+02,,
5179,5.272423e+03,,
5180,1.014053e+04,,
5181,8.955101e+03,,
5182,4.673370e+03,,
5183,1.705374e+03,,
5184,7.340879e+02,,
5185,1.652397e+03,,
5186,1.015344e+02,,
5187,2.083505e+02,,
5188,5.683310e+03,,
5189,7.681598e+02,,
5190,4.623958e+02,,
5191,1.976384e+03,,
5192,9.537039e+01,,
5193,1.746481e+02,,
5194,2.525879e+02,,
5195,4.387380e+01,,
5196,1.804631e+01,,
5197,1.677607e+03,,
5198,1.558777e+01,,
5199,1.836175e+02,,
5200,1.187145e+03,,
5201,3.820945e+02,,
5202,4.099595e+03,,
5203,2.728780e+03,,
5204,9.839453e+01,,
5205,3.215136e+02,,
5206,6.006039e+02,,
5207,2.515448e+04,,
5208,6.887049e+02,,
5209,9.757071e+01,,
5210,3.768578e+02,,
5211,5.512856e+01,,
5212,2.034822e+03,,
5213,1.219479e+04,,
5214,7.244754e+01,,
5215,8.510609e+02,,
5216,2.503192e+03,,
5217,2.397178e+03,,
5218,1.756785e+02,,
5219,1.811093e+03,,
5220,8.311507e+02,,
5221,8.967139e+03,,
5222,1.496254e+04,,
5223,5.054936e+03,,
5224,3.148326e+02,,
5225,4.072704e+01,,
5226,3.934284e+01,,
5227,4.890546e+02,,
5228,1.808916e+03,,
5229,1.716165e+02,,
5230,2.985516e+02,,
5231,5.435577e+02,,
5232,5.116124e+02,,
5233,2.054630e+02,,
5234,7.875202e+01,,
5235,3.115301e+02,,
5236,1.646827e+03,,
5237,2.017917e+02,,
5238,1.718644e+03,,
5239,5.309497e+02,,
5240,3.423214e+02,,
5241,2.540753e+02,,
5242,2.028038e+02,,
5243,1.725409e+02,,
5244,1.029973e+02,,
5245,2.907258e+01,,
5246,1.360728e+01,,
5247,6.211260e+02,,
5248,6.164738e+02,,
5249,6.313679e+01,,
5250,4.242563e+02,,
5251,1.889221e+02,,
5252,6.790564e+03,,
5253,5.556625e+04,,
5254,5.517112e+03,,
5255,3.200083e+02,,
5256,1.610933e+03,,
5257,1.297548e+03,,
5258,8.726809e+03,,
5259,3.948468e+02,,
5260,3.404822e+03,,
5261,2.562149e+04,,
5262,5.831256e+03,,
5263,8.769606e+02,,
5264,1.595558e+03,,
5265,2.563624e+02,,
5266,9.878615e+02,,
5267,6.189110e+02,,
5268,2.011606e+04,,
5269,1.218364e+04,,
5270,1.385480e+01,,
5271,2.624809e+01,,
5272,6.357231e+00,,
5273,1.735266e+02,,
5274,1.003140e+03,,
5275,4.356334e+02,,
5276,2.165765e+03,,
5277,4.211268e+03,,
5278,1.018786e+04,,
5279,1.815357e+03,,
5280,2.065176e+03,,
5281,7.886010e+02,,
5282,1.541768e+03,,
5283,1.255856e+02,,
5284,5.555652e+02,,
5285,1.462261e+00,,
5286,2.611269e+01,,
5287,5.361065e+00,,
5288,7.521841e+00,,
5289,9.293233e+01,,
5290,2.005132e+01,,
5291,4.563954e+00,,
5292,6.154783e+00,,
5293,2.494264e+01,,
5294,8.875858e-01,,
5295,8.057810e+00,,
5296,4.180290e+01,,
5297,4.085520e+02,,
5298,9.395481e+02,,
5299,1.598888e+03,,
5300,1.781538e+03,,
5301,1.550812e+03,,
5302,2.143018e+03,,
5303,3.004255e+01,,
5304,1.180827e+02,,
5305,5.410553e+02,,
5306,7.328912e+02,,
5307,1.965533e+03,,
5308,1.041096e+04,,
5309,1.357959e+04,,
5310,4.691819e+02,,
5311,5.120534e+02,,
5312,6.284668e+02,,
5313,2.086286e+04,,
5314,6.146262e+02,,
5315,6.336198e+04,,
5316,2.109442e+04,,
5317,4.214722e+03,,
5318,1.035092e+03,,
5319,6.410692e+03,,
5320,3.389938e+04,,
5321,5.310305e+03,,
5322,3.473692e+04,,
5323,4.290568e+03,,
5324,1.466815e+04,,
5325,3.171200e+04,,
5326,4.140508e+04,,
5327,4.124026e+03,,
5328,1.699777e+03,,
5329,4.277677e+04,,
5330,5.998016e+03,,
5331,7.038951e+04,,
5332,5.795330e+05,,
5333,2.133956e+02,,
5334,1.242169e+03,,
5335,3.773175e+03,,
5336,2.064235e+03,,
5337,3.028316e+03,,
5338,1.489589e+05,,
5339,3.836641e+03,,
5340,2.640972e+04,,
5341,3.277364e+03,,
5342,1.969957e+03,,
5343,6.111520e+02,,
5344,3.735364e+04,,
5345,2.305549e+03,,
5346,4.736735e+03,,
5347,8.382092e+03,,
5348,5.220582e+02,,
5349,6.999023e+02,,
5350,1.519194e+03,,
5351,2.932531e+02,,
5352,3.138737e+03,,
5353,1.500493e+02,,
5354,2.889761e+03,,
5355,6.803650e+03,,
5356,3.720485e+03,,
5357,3.977835e+04,,
5358,2.520684e+02,,
5359,1.761015e+02,,
5360,1.205899e+04,,
5361,7.509011e+03,,
5362,1.946998e+02,,
5363,6.529739e+02,,
5364,1.913229e+03,,
5365,4.174717e+02,,
5366,3.095744e+04,,
5367,5.515709e+03,,
5368,1.695340e+03,,
5369,7.800667e+04,,
5370,1.926279e+04,,
5371,3.144474e+04,,
5372,7.730897e+03,,
5373,3.039214e+03,,
5374,1.809299e+04,,
5375,2.122640e+03,,
5376,1.395153e+04,,
5377,6.693616e+02,,
5378,4.275373e+03,,
5379,2.907535e+04,,
5380,2.713644e+03,,
5381,6.520235e+03,,
5382,1.566047e+04,,
5383,1.979718e+03,,
5384,4.457976e+02,,
5385,2.113580e+03,,
5386,2.895196e+04,,
5387,2.009900e+02,,
5388,1.692917e+04,,
5389,7.790404e+02,,
5390,3.504021e+02,,
5391,3.731648e+02,,
5392,8.964879e+02,,
5393,5.345729e+02,,
5394,1.952205e+04,,
5395,7.237589e+04,,
5396,1.562799e+04,,
5397,2.056526e+03,,
5398,2.601425e+02,,
5399,1.908900e+02,,
5400,1.098385e+03,,
5401,1.863905e+02,,
5402,3.296044e+01,,
5403,5.682278e+02,,
5404,4.152550e+03,,
5405,3.170226e+02,,
5406,9.128240e+02,,
5407,1.206031e+02,,
5408,5.566309e+02,,
5409,4.614299e+01,,
5410,8.467297e+02,,
5411,5.228906e+03,,
5412,1.052430e+04,,
5413,5.069877e+03,,
5414,1.192620e+04,,
5415,3.577404e+02,,
5416,4.835145e+03,,
5417,2.364432e+04,,
5418,1.323045e+03,,
5419,2.068750e+03,,
5420,8.149759e+03,,
5421,2.459920e+03,,
5422,7.893724e+03,,
5423,5.632674e+02,,
5424,4.974285e+02,,
5425,2.064164e+02,,
5426,2.107526e+02,,
5427,4.224314e+03,,
5428,9.435184e+02,,
5429,8.804756e+03,,
5430,4.697277e+03,,
5431,3.626679e+03,,
5432,7.336904e+03,,
5433,2.332847e+03,,
5434,7.515347e+02,,
5435,7.047878e+01,,
5436,9.461811e+02,,
5437,3.515829e+03,,
5438,2.004458e+03,,
5439,1.837047e+04,,
5440,1.532240e+04,,
5441,5.344841e+03,,
5442,7.543933e+03,,
5443,5.344516e+03,,
5444,8.666051e+04,,
5445,6.067571e+03,,
5446,1.271585e+03,,
5447,2.728113e+02,,
5448,1.555406e+04,,
5449,3.003157e+03,,
5450,7.399308e+03,,
5451,8.985238e+03,,
5452,5.272226e+02,,
5453,1.812532e+03,,
5454,5.207645e+02,,
5455,6.642308e+02,,
5456,4.375051e+03,,
5457,2.470117e+03,,
5458,7.157264e+03,,
5459,4.860357e+03,,
5460,1.199119e+05,,
5461,9.603759e+04,,
5462,2.691119e+03,,
5463,1.971107e+02,,
5464,9.026160e+03,,
5465,5.933471e+02,,
5466,2.587313e+04,,
5467,4.614480e+02,,
5468,6.795906e+03,,
5469,9.801840e+03,,
5470,1.714868e+04,,
5471,2.969956e+03,,
5472,3.699040e+03,,
5473,2.197515e+03,,
5474,2.561546e+04,,
5475,6.322869e+03,,
5476,1.454590e+04,,
5477,5.504833e+03,,
5478,1.915493e+03,,
5479,2.620248e+02,,
5480,7.026683e+03,,
5481,1.194629e+03,,
5482,1.828940e+03,,
5483,1.920543e+03,,
5484,2.590471e+01,,
5485,3.551307e+02,,
5486,3.782935e+02,,
5487,1.537775e+02,,
5488,4.469588e+01,,
5489,5.118435e+02,,
5490,3.499216e+01,,
5491,6.286489e+02,,
5492,4.070559e+03,,
5493,7.978233e+03,,
5494,1.043042e+04,,
5495,1.352742e+04,,
5496,5.166393e+04,,
5497,9.941483e+02,,
5498,2.001994e+04,,
5499,6.235297e+04,,
5500,1.731936e+04,,
5501,7.602691e+02,,
5502,5.704710e+02,,
5503,1.985708e+02,,
5504,7.099374e+02,,
5505,5.005696e+02,,
5506,1.199485e+03,,
5507,1.142492e+03,,
5508,1.092501e+02,,
5509,2.692521e+02,,
5510,5.130022e+01,,
5511,6.039359e+02,,
5512,4.566821e+02,,
5513,8.666030e+02,,
5514,3.598239e+02,,
5515,5.189664e+03,,
5516,5.000081e+02,,
5517,1.248523e+03,,
5518,3.002498e+03,,
5519,1.990107e+03,,
5520,6.178602e+01,,
5521,1.434997e+02,,
5522,6.067185e+02,,
5523,7.391975e+01,,
5524,1.265373e+03,,
5525,1.040318e+03,,
5526,1.952529e+02,,
5527,4.831675e+01,,
5528,2.785871e+01,,
5529,1.183750e+04,,
5530,4.680727e+03,,
5531,2.257191e+03,,
5532,5.163710e+02,,
5533,4.353635e+02,,
5534,3.530077e+02,,
5535,3.430701e+01,,
5536,3.210553e+01,,
5537,4.839335e+02,,
5538,4.860329e+03,,
5539,1.350231e+03,,
5540,5.609112e+02,,
5541,4.852838e+02,,
5542,7.591076e+02,,
5543,6.541401e+02,,
5544,2.620460e+02,,
5545,1.504738e+03,,
5546,5.973915e+02,,
5547,3.917971e+03,,
5548,2.624881e+02,,
5549,1.994892e+03,,
5550,2.157858e+03,,
5551,6.186192e+04,,
5552,2.137086e+04,,
5553,1.202747e+05,,
5554,1.481074e+04,,
5555,1.574938e+04,,
5556,1.023957e+04,,
5557,5.735117e+02,,
5558,9.581916e+03,,
5559,1.569732e+04,,
5560,3.749473e+04,,
5561,1.067020e+05,,
5562,8.482205e+04,,
5563,1.473927e+04,,
5564,3.275339e+03,,
5565,1.036426e+03,,
5566,1.182741e+02,,
5567,1.525261e+02,,
5568,9.755032e+01,,
5569,1.921722e+03,,
5570,1.928683e+04,,
5571,1.823690e+03,,
5572,5.893911e+03,,
5573,1.395310e+04,,
5574,2.375829e+03,,
5575,1.824202e+04,,
5576,9.223002e+02,,
5577,1.196960e+04,,
5578,1.970170e+03,,
5579,2.078446e+04,,
5580,7.236764e+03,,
5581,2.399491e+02,,
5582,8.855208e+01,,
5583,8.149774e+01,,
5584,4.952992e+03,,
5585,1.074420e+03,,
5586,1.252051e+02,,
5587,4.310626e+00,,
5588,9.610306e+00,,
5589,5.583570e+01,,
5590,4.944054e+01,,
5591,6.963972e+01,,
5592,1.968451e+01,,
5593,3.527225e+01,,
5594,4.227386e+01,,
5595,2.613445e+02,,
5596,1.011443e+02,,
5597,5.538771e+01,,
5598,1.736560e+02,,
5599,2.031399e+03,,
5600,1.579298e+04,,
5601,6.080095e+03,,
5602,2.313911e+04,,
5603,3.033111e+03,,
5604,1.984191e+04,,
5605,4.025247e+02,,
5606,3.990917e+02,,
5607,4.681666e+03,,
5608,2.536055e+02,,
5609,1.761053e+02,,
5610,3.379357e+03,,
5611,8.821555e+02,,
5612,1.470690e+03,,
5613,3.844802e+03,,
5614,6.316819e+02,,
5615,1.085862e+02,,
5616,4.926354e+03,,
5617,1.070724e+03,,
5618,3.008962e+02,,
5619,3.129909e+02,,
5620,5.084725e+02,,
5621,1.823681e+02,,
5622,2.574207e+02,,
5623,1.334838e+03,,
5624,2.046484e+02,,
5625,7.317001e+02,,
5626,2.548873e+02,,
5627,3.631447e+03,,
5628,1.479913e+04,,
5629,3.343802e+02,,
5630,1.907268e+03,,
5631,3.424035e+04,,
5632,7.777898e+04,,
5633,2.006907e+04,,
5634,1.991922e+04,,
5635,1.011809e+05,,
5636,1.653055e+05,,
5637,6.249915e+03,,
5638,1.752272e+05,,
5639,1.826614e+04,,
5640,1.051370e+05,,
5641,1.938058e+04,,
5642,2.214435e+04,,
5643,9.671493e+03,,
5644,2.892049e+05,,
5645,1.645545e+05,,
5646,1.122596e+04,,
5647,1.513726e+05,,
5648,1.512143e+05,,
5649,4.161476e+04,,
5650,1.563582e+05,,
5651,2.312001e+03,,
5652,5.385480e+03,,
5653,6.617582e+02,,
5654,6.539448e+02,,
5655,1.622601e+02,,
5656,1.662742e+03,,
5657,1.533068e+02,,
5658,1.287375e+03,,
5659,2.096002e+03,,
5660,9.717358e+04,,
5661,8.657774e+04,,
5662,3.908678e+05,,
5663,1.806470e+05,,
5664,7.230387e+03,,
5665,1.562194e+04,,
5666,2.120931e+03,,
5667,1.242266e+03,,
5668,1.335447e+03,,
5669,1.965261e+06,,
5670,2.676515e+05,,
5671,2.381361e+05,,
5672,4.425154e+04,,
5673,4.502305e+04,,
5674,3.135355e+04,,
5675,5.331218e+04,,
5676,4.694429e+03,,
5677,2.848421e+03,,
5678,7.386807e+03,,
5679,3.082389e+03,,
5680,3.551955e+04,,
5681,4.996202e+04,,
5682,6.128324e+04,,
5683,1.759336e+03,,
5684,7.190152e+02,,
5685,4.250691e+03,,
5686,5.101015e+03,,
5687,7.478143e+03,,
5688,3.963278e+03,,
5689,9.606330e+03,,
5690,3.401820e+04,,
5691,1.690251e+05,,
5692,4.305603e+02,,
5693,1.277993e+03,,
5694,1.534596e+03,,
5695,1.172609e+04,,
5696,5.324490e+04,,
5697,1.647043e+03,,
5698,3.763859e+03,,
5699,2.093600e+05,,
5700,1.849104e+04,,
5701,1.238593e+03,,
5702,5.473977e+02,,
5703,2.318108e+03,,
5704,1.025623e+03,,
5705,5.703426e+02,,
5706,4.327164e+03,,
5707,1.136406e+04,,
5708,8.103191e+03,,
5709,3.781014e+03,,
5710,2.067063e+04,,
5711,1.471715e+04,,
5712,9.746753e+02,,
5713,9.935045e+01,,
5714,9.741508e+02,,
5715,7.289421e+02,,
5716,3.877441e+02,,
5717,1.335492e+03,,
5718,6.760514e+04,,
5719,4.626173e+04,,
5720,1.674907e+03,,
5721,7.931699e+03,,
5722,2.052420e+03,,
5723,3.946391e+03,,
5724,8.191565e+01,,
5725,4.424345e+01,,
5726,1.179545e+04,,
5727,3.697771e+03,,
5728,2.584438e+02,,
5729,2.190211e+03,,
5730,3.778908e+02,,
5731,8.643547e+01,,
5732,6.064624e+03,,
5733,1.560194e+03,,
5734,1.375535e+04,,
5735,7.595040e+03,,
5736,1.326999e+03,,
5737,1.065099e+03,,
5738,2.331634e+02,,
5739,2.397675e+04,,
5740,5.974076e+01,,
5741,1.293444e+02,,
5742,2.763415e+02,,
5743,1.392476e+02,,
5744,1.582119e+04,,
5745,7.905287e+02,,
5746,8.495365e+01,,
5747,1.422457e+03,,
5748,5.194365e+03,,
5749,6.184132e+03,,
5750,2.534608e+03,,
5751,2.820267e+03,,
5752,4.405449e+03,,
5753,1.767872e+03,,
5754,6.173862e+03,,
5755,1.673051e+03,,
5756,1.898002e+03,,
5757,1.103713e+03,,
5758,2.188351e+02,,
5759,1.202844e+04,,
5760,1.582671e+03,,
5761,4.390893e+02,,
5762,1.632992e+02,,
5763,1.133862e+02,,
5764,2.186168e+03,,
5765,4.130941e+01,,
5766,2.029198e+03,,
5767,1.051465e+03,,
5768,7.629909e+01,,
5769,4.707624e+02,,
5770,1.964540e+01,,
5771,2.337297e+02,,
5772,1.901204e+03,,
5773,3.115385e+02,,
5774,2.300528e+01,,
5775,2.502705e+01,,
5776,9.355886e+01,,
5777,5.733866e+02,,
5778,7.453078e+01,,
5779,1.291918e+02,,
5780,6.365879e+02,,
5781,3.853923e+03,,
5782,4.008546e+03,,
5783,7.278233e+03,,
5784,1.018084e+03,,
5785,1.685285e+03,,
5786,1.681652e+02,,
5787,2.020859e+02,,
5788,2.725328e+03,,
5789,1.590430e+03,,
5790,1.483929e+03,,
5791,8.676717e+01,,
5792,1.138852e+02,,
5793,1.223418e+02,,
5794,4.577199e+00,,
5795,1.621638e+02,,
5796,9.460826e+01,,
5797,9.402897e+02,,
5798,3.436032e+02,,
5799,4.185070e+01,,
5800,6.636417e+01,,
5801,1.717488e+03,,
5802,4.677667e+02,,
5803,2.140431e+02,,
5804,2.843623e+03,,
5805,4.120058e+03,,
5806,4.806382e+02,,
5807,8.224695e+00,,
5808,1.231963e+01,,
5809,1.366999e+02,,
5810,1.067291e+03,,
5811,1.595353e+02,,
5812,2.542973e+02,,
5813,1.798392e+03,,
5814,5.717543e+02,,
5815,8.272736e+02,,
5816,1.825423e+04,,
5817,6.578575e+04,,
5818,1.283916e+04,,
5819,5.058314e+03,,
5820,6.745116e+03,,
5821,3.892397e+05,,
5822,3.129986e+05,,
5823,5.082354e+04,,
5824,3.623066e+04,,
5825,4.867881e+04,,
5826,1.340671e+03,,
5827,3.700310e+03,,
5828,1.188057e+03,,
5829,1.098400e+04,,
5830,9.113599e+04,,
5831,9.881430e+02,,
5832,3.920255e+04,,
5833,1.272564e+04,,
5834,5.169256e+04,,
5835,1.812092e+04,,
5836,1.192181e+03,,
5837,1.439415e+04,,
5838,8.452687e+03,,
5839,3.081243e+03,,
5840,5.603526e+04,,
5841,1.122062e+04,,
5842,2.623384e+04,,
5843,2.626386e+04,,
5844,3.696489e+03,,
5845,3.147536e+03,,
5846,7.269002e+02,,
5847,1.440214e+03,,
5848,8.576991e+03,,
5849,6.333044e+03,,
5850,2.063017e+03,,
5851,1.471400e+04,,
5852,8.437084e+03,,
5853,7.121936e+01,,
5854,5.876557e+01,,
5855,2.398051e+02,,
5856,2.525653e+02,,
5857,2.134769e+03,,
5858,4.431221e+02,,
5859,2.016634e+03,,
5860,1.613897e+03,,
5861,1.084905e+05,,
5862,1.057598e+05,,
5863,2.607828e+03,,
5864,7.577914e+02,,
5865,2.237220e+02,,
5866,3.151969e+03,,
5867,1.344441e+01,,
5868,2.542831e+02,,
5869,1.348595e+02,,
5870,3.332518e+02,,
5871,7.957626e+03,,
5872,2.571307e+02,,
5873,5.042134e+01,,
5874,2.643081e+02,,
5875,2.894122e+02,,
5876,2.258604e+02,,
5877,1.185857e+02,,
5878,4.343704e+02,,
5879,3.093170e+02,,
5880,3.059229e+02,,
5881,5.401160e+02,,
5882,6.010837e+01,,
5883,3.048432e+02,,
5884,1.589444e+02,,
5885,4.629071e+03,,
5886,4.751144e+03,,
5887,4.116348e+01,,
5888,8.484652e+02,,
5889,7.739703e+02,,
5890,1.377825e+04,,
5891,7.881400e+01,,
5892,8.924872e+02,,
5893,2.501912e+01,,
5894,2.501723e+01,,
5895,5.318785e+01,,
5896,1.965505e+02,,
5897,1.246358e+01,,
5898,1.009686e+01,,
5899,1.833832e+01,,
5900,2.576465e+01,,
5901,4.259155e+02,,
5902,2.060603e+02,,
5903,1.762698e+03,,
5904,7.702356e+03,,
5905,4.934199e+02,,
5906,7.942215e+01,,
5907,2.264546e+02,,
5908,2.967408e+02,,
5909,4.172159e+02,,
5910,1.127268e+03,,
5911,1.548799e+04,,
5912,6.363543e+03,,
5913,1.101367e+05,,
5914,4.096077e+02,,
5915,7.007903e+03,,
5916,5.057384e+03,,
5917,2.854642e+03,,
5918,5.381258e+04,,
5919,1.555669e+03,,
5920,4.706944e+02,,
5921,2.208364e+03,,
5922,1.475472e+04,,
5923,7.821947e+03,,
5924,3.634732e+03,,
5925,4.439042e+03,,
5926,5.496105e+04,,
5927,1.534126e+02,,
5928,7.216789e+03,,
5929,3.925843e+02,,
5930,6.942125e+02,,
5931,7.174005e+01,,
5932,1.866783e+02,,
5933,2.229109e+02,,
5934,2.176522e+02,,
5935,4.480285e+03,,
5936,7.654148e+03,,
5937,9.952939e+03,,
5938,1.356664e+02,,
5939,1.324419e+03,,
5940,2.640573e+03,,
5941,3.320608e+03,,
5942,2.791096e+02,,
5943,1.299816e+03,,
5944,6.059093e+02,,
5945,4.118722e+03,,
5946,7.017659e+02,,
5947,3.910228e+02,,
5948,3.958648e+01,,
5949,2.238280e+04,,
5950,3.858667e+04,,
5951,1.118516e+03,,
5952,1.477445e+03,,
5953,9.776759e+02,,
5954,1.451141e+04,,
5955,7.417842e+03,,
5956,1.175036e+04,,
5957,4.654157e+03,,
5958,9.779700e+02,,
5959,7.359373e+03,,
5960,1.218250e+04,,
5961,5.596887e+02,,
5962,3.277410e+02,,
5963,1.637827e+03,,
5964,3.045391e+03,,
5965,1.165661e+04,,
5966,2.758041e+03,,
5967,1.166248e+03,,
5968,9.061611e+01,,
5969,2.297504e+02,,
5970,1.556189e+04,,
5971,1.954678e+03,,
5972,2.562934e+02,,
5973,3.624994e+04,,
5974,2.510857e+02,,
5975,3.338078e+03,,
5976,3.886400e+03,,
5977,7.453466e+03,,
5978,1.061041e+03,,
5979,4.534803e+00,,
5980,6.660992e+00,,
5981,4.014763e+00,,
5982,8.030217e+00,,
5983,5.415806e+01,,
5984,2.693030e+01,,
5985,1.745543e+02,,
5986,5.593195e+01,,
5987,8.823541e+01,,
5988,1.679982e+01,,
5989,1.864162e+02,,
5990,7.470393e+00,,
5991,1.598142e+01,,
5992,8.430698e+01,,
5993,1.972380e+01,,
5994,2.063562e+01,,
5995,5.084268e+02,,
5996,2.245413e+02,,
5997,3.497517e+01,,
5998,5.024233e+01,,
5999,6.107731e+01,,
6000,2.645888e+00,,
6001,8.537738e+01,,
6002,3.908177e+02,,
6003,8.751538e+01,,
6004,3.022412e+03,,
6005,2.287621e+03,,
6006,2.802556e+03,,
6007,8.119929e+02,,
6008,4.631899e+01,,
6009,2.495320e+02,,
6010,1.919039e+02,,
6011,1.232286e+02,,
6012,4.737092e+01,,
6013,4.008693e+01,,
6014,2.203308e+03,,
6015,2.790263e+01,,
6016,7.796290e+01,,
6017,2.381359e+01,,
6018,1.270489e+01,,
6019,3.995634e+02,,
6020,3.642302e+02,,
6021,8.799047e+01,,
6022,2.522611e+02,,
6023,3.486233e+01,,
6024,6.748355e+02,,
6025,1.702001e+02,,
6026,1.271819e+02,,
6027,1.354674e+03,,
6028,5.837358e+03,,
6029,8.259804e+02,,
6030,8.818265e+00,,
6031,1.316043e+03,,
6032,2.406489e+03,,
6033,1.372348e+03,,
6034,4.060983e+02,,
6035,1.095643e+01,,
6036,3.799482e+01,,
6037,3.604170e+01,,
6038,4.190686e+00,,
6039,6.359723e+01,,
6040,4.592177e+02,,
6041,2.024979e+01,,
6042,1.066431e+01,,
6043,7.061986e+00,,
6044,6.738511e+01,,
6045,1.844400e+01,,
6046,3.532167e+00,,
6047,1.419551e+01,,
6048,2.889613e+01,,
6049,7.661107e+00,,
6050,2.637615e+00,,
6051,6.366770e+01,,
6052,1.131879e+01,,
6053,6.439056e+00,,
6054,7.882169e+00,,
6055,2.330564e+00,,
6056,2.458941e+01,,
6057,3.042184e+00,,
6058,9.745598e+00,,
6059,3.948768e+01,,
6060,1.487139e+01,,
6061,8.881696e+00,,
6062,1.736262e+02,,
6063,6.619349e+00,,
6064,2.433497e+02,,
6065,1.882270e+02,,
6066,6.905845e+00,,
6067,2.683654e+01,,
6068,3.870644e+01,,
6069,3.414604e+01,,
6070,2.840610e+01,,
6071,6.185697e+02,,
6072,5.252229e+01,,
6073,6.318176e+00,,
6074,4.757770e+01,,
6075,1.022555e+02,,
6076,1.247658e+02,,
6077,6.693920e+02,,
6078,1.524318e+03,,
6079,3.257158e+02,,
6080,2.430559e+02,,
6081,3.274095e+01,,
6082,1.508391e+02,,
6083,1.429119e+01,,
6084,8.842682e+01,,
6085,1.851797e+02,,
6086,4.053426e+01,,
6087,7.653114e+02,,
6088,1.999316e+03,,
6089,3.978668e+03,,
6090,1.040546e+02,,
6091,1.984766e+02,,
6092,2.225202e+03,,
6093,1.502423e+02,,
6094,3.741269e+01,,
6095,2.864780e+00,,
6096,6.448956e+02,,
6097,8.795180e+01,,
6098,2.990610e+01,,
6099,4.970145e+01,,
6100,1.406428e+02,,
6101,3.436591e+02,,
6102,4.684862e+00,,
6103,1.472768e+02,,
6104,2.271336e+01,,
6105,1.591462e+02,,
6106,2.611870e+01,,
6107,1.788310e+01,,
6108,6.260475e+00,,
6109,4.721657e-01,,
6110,1.361832e+00,,
6111,3.066002e+00,,
6112,5.485350e+00,,
6113,2.738460e+00,,
6114,3.772481e+00,,
6115,1.498985e+00,,
6116,4.695431e+00,,
6117,7.528726e+00,,
6118,1.380789e+00,,
6119,6.707891e+02,,
6120,4.401601e+02,,
6121,9.518856e+00,,
6122,7.434923e+02,,
6123,3.939369e+02,,
6124,9.701040e+01,,
6125,3.986097e+02,,
6126,1.273738e+02,,
6127,1.168445e+03,,
6128,1.639807e+02,,
6129,1.087349e+03,,
6130,5.528556e+02,,
6131,3.865387e+02,,
6132,4.261324e+01,,
6133,3.603141e+02,,
6134,2.950200e+01,,
6135,6.104753e+01,,
6136,7.230331e+01,,
6137,2.506545e+01,,
6138,1.762039e+02,,
6139,2.317947e+02,,
6140,1.153697e+02,,
6141,5.903209e+00,,
6142,8.395692e+01,,
6143,2.804523e+02,,
6144,2.239898e+01,,
6145,3.945937e+01,,
6146,1.231958e+01,,
6147,7.206857e+02,,
6148,8.069379e+01,,
6149,1.983811e+01,,
6150,7.061722e+00,,
6151,1.265683e+01,,
6152,9.167762e+02,,
6153,1.819440e+02,,
6154,8.308931e+01,,
6155,3.467339e+02,,
6156,2.439011e+01,,
6157,2.099741e+01,,
6158,1.121310e+01,,
6159,7.653800e+01,,
6160,1.039689e+01,,
6161,1.919413e+01,,
6162,3.338832e+02,,
6163,1.551752e+03,,
6164,3.066117e+04,,
6165,1.325779e+03,,
6166,1.660484e+02,,
6167,3.292426e+03,,
6168,1.418827e+03,,
6169,2.904259e+02,,
6170,4.054020e+02,,
6171,1.047369e+03,,
6172,6.830748e+02,,
6173,4.120644e+01,,
6174,8.875248e+01,,
6175,7.835282e+03,,
6176,7.191241e+01,,
6177,5.955129e+02,,
6178,6.502543e+01,,
6179,7.033381e+01,,
6180,3.452047e+01,,
6181,3.401064e+01,,
6182,6.193895e+02,,
6183,2.588272e+01,,
6184,2.292864e+00,,
6185,3.557037e+00,,
6186,7.587545e+00,,
6187,3.780154e-01,,
6188,2.513125e+00,,
6189,4.266038e+01,,
6190,3.492894e+00,,
6191,9.030327e+00,,
6192,7.722374e+01,,
6193,8.282327e-01,,
6194,3.817210e+00,,
6195,1.191077e+01,,
6196,7.679034e+00,,
6197,1.740766e+01,,
6198,3.767363e+00,,
6199,5.082777e+00,,
6200,2.766274e+01,,
6201,5.194245e+00,,
6202,1.221384e+01,,
6203,7.297160e+00,,
6204,2.836375e+01,,
6205,5.862266e+00,,
6206,2.258730e+00,,
6207,1.048414e+01,,
6208,4.654766e+01,,
6209,4.325796e+00,,
6210,9.650465e+00,,
6211,3.656228e+01,,
6212,2.259130e+00,,
6213,2.293006e+00,,
6214,3.517561e+01,,
6215,8.956607e+01,,
6216,1.956171e+01,,
6217,7.329876e+00,,
6218,2.123787e+01,,
6219,3.295132e+01,,
6220,5.568308e+02,,
6221,4.331892e+02,,
6222,7.751307e+01,,
6223,3.474319e+01,,
6224,8.808458e+01,,
6225,4.083029e+02,,
6226,2.842818e+01,,
6227,1.343864e+03,,
6228,3.120990e+03,,
6229,9.049549e+02,,
6230,3.413469e+03,,
6231,3.667571e+03,,
6232,3.357742e+02,,
6233,6.840681e+01,,
6234,1.344514e+02,,
6235,1.196924e+01,,
6236,8.951250e+02,,
6237,8.664760e+01,,
6238,2.159123e+01,,
6239,1.044121e+01,,
6240,3.963815e+01,,
6241,4.411169e+01,,
6242,1.429058e+01,,
6243,1.978229e+01,,
6244,6.664916e+00,,
6245,1.473760e+03,,
6246,9.141637e+03,,
6247,4.947479e+02,,
6248,8.084064e+01,,
6249,3.753122e+01,,
6250,7.794608e+00,,
6251,1.881731e+01,,
6252,6.899813e+00,,
6253,6.795422e+01,,
6254,1.247852e+01,,
6255,2.175434e+01,,
6256,3.846789e+02,,
6257,5.111031e+01,,
6258,7.792417e+01,,
6259,9.316918e+01,,
6260,2.369172e+01,,
6261,2.335488e+01,,
6262,1.992431e+01,,
6263,6.031152e+02,,
6264,1.749523e+02,,
6265,1.269988e+02,,
6266,1.164151e+02,,
6267,5.804525e+02,,
6268,2.996761e+02,,
6269,1.084640e+03,,
6270,4.817558e+01,,
6271,4.202954e+01,,
6272,6.400772e+01,,
6273,1.929180e+03,,
6274,3.930375e+01,,
6275,1.682924e+01,,
6276,5.941326e+02,,
6277,4.163542e+01,,
6278,2.444526e+02,,
6279,8.034529e+01,,
6280,5.901152e+02,,
6281,1.301213e+02,,
6282,5.865152e+02,,
6283,1.129325e+04,,
6284,4.109658e+02,,
6285,1.664378e+02,,
6286,2.824915e+02,,
6287,9.623346e+01,,
6288,6.022133e+02,,
6289,1.623194e+02,,
6290,1.792160e+01,,
6291,6.268580e+02,,
6292,2.199131e+02,,
6293,2.077802e+03,,
6294,6.324610e+02,,
6295,2.261632e+02,,
6296,6.374145e+00,,
6297,1.608841e+01,,
6298,1.514062e+01,,
6299,2.902706e+02,,
6300,4.405818e+01,,
6301,2.181290e+02,,
6302,6.859831e+01,,
6303,1.754049e+02,,
6304,2.673695e+02,,
6305,2.625067e+02,,
6306,4.922421e+02,,
6307,4.769240e+01,,
6308,1.820262e+01,,
6309,9.680470e+00,,
6310,2.680353e+02,,
6311,9.465478e+03,,
6312,1.109903e+04,,
6313,6.569114e+03,,
6314,9.751698e+02,,
6315,1.079291e+03,,
6316,1.127228e+02,,
6317,3.275853e+01,,
6318,8.825123e+02,,
6319,7.571685e+03,,
6320,2.919901e+04,,
6321,1.232776e+04,,
6322,5.103758e+03,,
6323,3.842052e+02,,
6324,9.825251e+02,,
6325,7.246770e+02,,
6326,7.323630e+02,,
6327,1.367660e+03,,
6328,8.426503e+02,,
6329,2.051377e+03,,
6330,5.388363e+02,,
6331,7.674634e+02,,
6332,1.221621e+04,,
6333,8.528636e+01,,
6334,2.117313e+02,,
6335,6.432273e+04,,
6336,6.406350e+04,,
6337,7.382247e+03,,
6338,7.152027e+04,,
6339,4.187598e+04,,
6340,4.880326e+03,,
6341,4.423997e+02,,
6342,3.412769e+03,,
6343,6.556870e+02,,
6344,7.122188e+02,,
6345,7.489807e+02,,
6346,9.165463e+02,,
6347,1.220751e+03,,
6348,9.070171e+03,,
6349,1.657440e+04,,
6350,4.549239e+04,,
6351,8.246846e+02,,
6352,1.995755e+03,,
6353,1.984588e+03,,
6354,2.956288e+02,,
6355,1.765272e+02,,
6356,6.578389e+02,,
6357,4.857247e+02,,
6358,4.401271e+03,,
6359,4.385376e+02,,
6360,3.117876e+03,,
6361,8.071077e+03,,
6362,1.258327e+03,,
6363,8.423110e+02,,
6364,7.010073e+01,,
6365,7.484654e+02,,
6366,8.240213e+03,,
6367,1.408803e+03,,
6368,2.170858e+03,,
6369,5.323383e+03,,
6370,7.070660e+01,,
6371,8.414129e+02,,
6372,2.169761e+03,,
6373,3.982914e+02,,
6374,1.516296e+03,,
6375,1.567576e+03,,
6376,5.267913e+02,,
6377,3.652216e+03,,
6378,7.115392e+03,,
6379,2.566349e+02,,
6380,6.452309e+02,,
6381,3.149177e+03,,
6382,7.924302e+03,,
6383,2.072972e+04,,
6384,4.524045e+04,,
6385,5.365087e+03,,
6386,2.811094e+04,,
6387,2.897955e+04,,
6388,4.802634e+03,,
6389,6.830608e+02,,
6390,2.582986e+02,,
6391,2.112872e+03,,
6392,1.924564e+04,,
6393,3.504159e+01,,
6394,9.145304e+01,,
6395,2.047550e+02,,
6396,3.552864e+03,,
6397,7.630544e+03,,
6398,1.312680e+02,,
6399,1.755119e+04,,
6400,9.100066e+02,,
6401,5.977155e+01,,
6402,1.759527e+02,,
6403,1.105326e+03,,
6404,5.226084e+02,,
6405,4.192434e+03,,
6406,5.635191e+02,,
6407,1.348737e+02,,
6408,6.140244e+01,,
6409,9.771082e+01,,
6410,3.899029e+01,,
6411,2.621846e+02,,
6412,6.904534e+01,,
6413,9.077163e+01,,
6414,3.250649e+02,,
6415,6.492679e+02,,
6416,4.260223e+01,,
6417,1.202129e+02,,
6418,7.268813e+03,,
6419,4.587552e+04,,
6420,1.111198e+03,,
6421,1.650699e+04,,
6422,1.215493e+04,,
6423,3.952372e+04,,
6424,1.122756e+04,,
6425,9.886933e+02,,
6426,7.081087e+03,,
6427,1.546742e+03,,
6428,1.804747e+03,,
6429,2.923413e+01,,
6430,6.224570e+02,,
6431,2.218084e+02,,
6432,7.831498e+01,,
6433,2.051971e+02,,
6434,9.334887e+01,,
6435,7.644085e+00,,
6436,2.000461e+02,,
6437,3.142526e+03,,
6438,1.549191e+02,,
6439,1.401346e+03,,
6440,2.214269e+01,,
6441,4.873562e+03,,
6442,1.520644e+04,,
6443,2.105633e+03,,
6444,2.633385e+03,,
6445,2.907915e+01,,
6446,1.432646e+02,,
6447,7.629911e+02,,
6448,6.086354e+01,,
6449,1.783158e+03,,
6450,7.223950e+02,,
6451,2.119543e+03,,
6452,7.524732e+03,,
6453,2.051506e+02,,
6454,3.028902e+01,,
6455,5.732901e+02,,
6456,5.706832e+02,,
6457,4.285953e+03,,
6458,8.968385e+02,,
6459,5.658930e+03,,
6460,7.094506e+04,,
6461,8.467534e+04,,
6462,2.988728e+03,,
6463,9.372060e+03,,
6464,1.755102e+03,,
6465,7.509142e+02,,
6466,5.165249e+03,,
6467,5.122056e+03,,
6468,6.878426e+03,,
6469,4.399251e+04,,
6470,1.542851e+03,,
6471,1.805919e+03,,
6472,2.277847e+04,,
6473,1.331370e+03,,
6474,9.088174e+03,,
6475,5.205505e+03,,
6476,1.162481e+02,,
6477,8.647301e+02,,
6478,5.692271e+02,,
6479,4.029669e+02,,
6480,1.378911e+02,,
6481,1.956312e+03,,
6482,9.273151e+01,,
6483,2.167475e+02,,
6484,1.320707e+02,,
6485,9.201726e+02,,
6486,2.154023e+03,,
6487,8.347180e+02,,
6488,5.973956e+03,,
6489,2.733721e+03,,
6490,3.808680e+04,,
6491,2.924215e+02,,
6492,9.167915e+01,,
6493,1.277806e+03,,
6494,7.267944e+03,,
6495,2.659890e+03,,
6496,2.091968e+03,,
6497,9.052138e+03,,
6498,4.103056e+03,,
6499,4.724782e+02,,
6500,6.217024e+02,,
6501,6.168284e+02,,
6502,1.602505e+03,,
6503,1.210404e+03,,
6504,9.817630e+01,,
6505,7.609777e+02,,
6506,8.742795e+04,,
6507,2.155153e+03,,
6508,3.473252e+03,,
6509,7.071978e+02,,
6510,4.876127e+03,,
6511,9.138489e+04,,
6512,7.221326e+02,,
6513,2.610288e+04,,
6514,2.414586e+03,,
6515,6.454127e+03,,
6516,2.208384e+03,,
6517,9.132164e+03,,
6518,1.889499e+02,,
6519,3.401702e+03,,
6520,2.064478e+02,,
6521,3.482360e+03,,
6522,4.955781e+02,,
6523,9.880685e+02,,
6524,1.229989e+03,,
6525,2.121158e+03,,
6526,1.267311e+04,,
6527,1.662871e+04,,
6528,7.432212e+03,,
6529,5.681250e+02,,
6530,1.552229e+02,,
6531,1.473704e+02,,
6532,1.233159e+02,,
6533,2.066866e+02,,
6534,6.061640e+01,,
6535,1.482065e+02,,
6536,5.364661e+02,,
6537,5.307978e+04,,
6538,3.271512e+02,,
6539,6.321091e+02,,
6540,2.053632e+03,,
6541,4.724960e+02,,
6542,6.829122e+03,,
6543,2.493335e+03,,
6544,1.152694e+03,,
6545,4.943730e+02,,
6546,2.263142e+02,,
6547,7.302235e+01,,
6548,2.102158e+04,,
6549,1.334046e+05,,
6550,1.805499e+04,,
6551,2.102493e+04,,
6552,3.436581e+03,,
6553,1.667790e+04,,
6554,3.905482e+02,,
6555,2.177283e+03,,
6556,1.610409e+03,,
6557,9.134575e+03,,
6558,3.457960e+02,,
6559,9.446127e+01,,
6560,1.588847e+02,,
6561,1.258298e+03,,
6562,1.729659e+02,,
6563,9.379070e+02,,
6564,1.292836e+03,,
6565,9.687248e+02,,
6566,4.787156e+03,,
6567,3.526151e+04,,
6568,1.858900e+01,,
6569,1.907858e+02,,
6570,8.620264e+01,,
6571,1.049187e+01,,
6572,1.131956e+01,,
6573,4.968315e+02,,
6574,1.274592e+03,,
6575,4.334201e+02,,
6576,1.125598e+02,,
6577,1.150694e+03,,
6578,2.734126e+03,,
6579,6.108956e+03,,
6580,8.203204e+03,,
6581,2.012944e+04,,
6582,2.655089e+05,,
6583,3.988110e+04,,
6584,2.943382e+03,,
6585,4.220726e+03,,
6586,4.062242e+03,,
6587,9.170898e+02,,
6588,2.262687e+03,,
6589,1.180563e+04,,
6590,6.788790e+03,,
6591,1.246904e+04,,
6592,4.834565e+02,,
6593,1.435213e+03,,
6594,2.174318e+04,,
6595,1.729320e+03,,
6596,1.597807e+03,,
6597,1.877352e+02,,
6598,5.605701e+03,,
6599,3.214957e+02,,
6600,4.091172e+03,,
6601,1.606124e+03,,
6602,7.966567e+02,,
6603,5.059980e+02,,
6604,7.274331e+03,,
6605,2.837708e+03,,
6606,1.625955e+03,,
6607,6.109580e+02,,
6608,4.338525e+04,,
6609,1.167958e+04,,
6610,9.248547e+02,,
6611,1.270900e+03,,
6612,7.041407e+02,,
6613,5.047361e+02,,
6614,5.587914e+04,,
6615,1.210773e+03,,
6616,7.484988e+01,,
6617,1.779144e+03,,
6618,3.824351e+02,,
6619,2.169744e+01,,
6620,2.762826e+01,,
6621,3.106593e+01,,
6622,7.231681e+00,,
6623,1.298478e+01,,
6624,1.062757e+02,,
6625,7.478782e+01,,
6626,4.415822e+01,,
6627,5.726176e+03,,
6628,1.791311e+03,,
6629,3.925476e+03,,
6630,2.345169e+04,,
6631,1.635767e+03,,
6632,1.142615e+03,,
6633,7.544731e+02,,
6634,5.078966e+01,,
6635,4.509358e+02,,
6636,4.124974e+03,,
6637,2.087697e+02,,
6638,3.371558e+02,,
6639,2.215835e+04,,
6640,4.344688e+03,,
6641,8.423491e+02,,
6642,4.847730e+02,,
6643,3.731704e+03,,
6644,2.143077e+03,,
6645,3.164979e+03,,
6646,2.869735e+03,,
6647,2.366268e+04,,
6648,5.353184e+03,,
6649,1.056291e+05,,
6650,6.266372e+02,,
6651,2.469763e+04,,
6652,2.803778e+03,,
6653,6.587567e+03,,
6654,1.545998e+04,,
6655,2.132723e+03,,
6656,2.569839e+03,,
6657,2.736840e+04,,
6658,6.815369e+05,,
6659,1.775034e+03,,
6660,6.016844e+03,,
6661,1.358129e+05,,
6662,5.899754e+03,,
6663,1.160848e+04,,
6664,9.318011e+04,,
6665,2.535418e+04,,
6666,1.174300e+04,,
6667,2.784553e+04,,
6668,1.607025e+03,,
6669,1.479391e+04,,
6670,4.344588e+04,,
6671,5.889720e+03,,
6672,1.949028e+03,,
6673,4.344498e+02,,
6674,7.487659e+03,,
6675,4.925771e+02,,
6676,9.801983e+03,,
6677,1.825538e+03,,
6678,2.325410e+04,,
6679,1.468146e+04,,
6680,1.432622e+03,,
6681,1.373109e+05,,
6682,9.700375e+02,,
6683,1.014591e+04,,
6684,2.350132e+04,,
6685,1.702197e+05,,
6686,8.777956e+04,,
6687,1.490104e+03,,
6688,6.148510e+03,,
6689,9.868125e+03,,
6690,1.005327e+04,,
6691,5.257296e+03,,
6692,1.575055e+04,,
6693,2.468186e+03,,
6694,1.079001e+03,,
6695,1.729972e+02,,
6696,9.867973e+02,,
6697,6.605698e+02,,
6698,1.006631e+02,,
6699,1.383090e+01,,
6700,2.779562e+02,,
6701,3.438663e+02,,
6702,2.845449e+03,,
6703,4.388040e+01,,
6704,2.733623e+02,,
6705,5.602739e+01,,
6706,4.992166e+01,,
6707,3.296401e+01,,
6708,3.307323e+02,,
6709,9.616374e+02,,
6710,1.857903e+02,,
6711,1.918243e+03,,
6712,3.194328e+01,,
6713,9.053339e+01,,
6714,4.192843e+01,,
6715,1.904564e+01,,
6716,6.290945e+00,,
6717,6.734722e+02,,
6718,3.799970e+03,,
6719,2.319760e+02,,
6720,4.558801e+03,,
6721,3.779091e+02,,
6722,9.832986e+03,,
6723,3.411093e+02,,
6724,1.651626e+03,,
6725,3.600851e+03,,
6726,4.219847e+03,,
6727,1.648713e+03,,
6728,5.616599e+01,,
6729,3.785243e+02,,
6730,5.391072e+02,,
6731,1.724998e+02,,
6732,1.590965e+03,,
6733,1.793625e+02,,
6734,2.591413e+03,,
6735,1.127121e+03,,
6736,1.487297e+02,,
6737,6.785278e+02,,
6738,1.085801e+02,,
6739,5.645013e+03,,
6740,7.658445e+01,,
6741,6.961534e+02,,
6742,3.035717e+03,,
6743,8.739212e+04,,
6744,1.346972e+03,,
6745,6.815261e+02,,
6746,2.003332e+03,,
6747,5.649244e+04,,
6748,9.206809e+04,,
6749,2.747120e+05,,
6750,1.702522e+03,,
6751,1.329743e+03,,
6752,2.468903e+02,,
6753,7.201136e+02,,
6754,1.387964e+04,,
6755,2.973860e+03,,
6756,2.393467e+04,,
6757,1.098941e+04,,
6758,1.451754e+05,,
6759,7.434383e+02,,
6760,1.762046e+03,,
6761,8.824266e+03,,
6762,7.832718e+01,,
6763,2.549031e+01,,
6764,3.214610e+02,,
6765,6.691377e+01,,
6766,7.077298e+01,,
6767,6.341877e+01,,
6768,1.699136e+02,,
6769,4.841884e+03,,
6770,2.732741e+02,,
6771,2.045464e+02,,
6772,1.717934e+02,,
6773,1.441231e+03,,
6774,4.458020e+02,,
6775,1.328050e+03,,
6776,4.640153e+03,,
6777,2.647713e+02,,
6778,1.060504e+04,,
6779,5.996956e+04,,
6780,6.778821e+02,,
6781,1.400729e+03,,
6782,2.315857e+03,,
6783,1.837784e+04,,
6784,4.023246e+03,,
6785,6.163949e+03,,
6786,8.590806e+03,,
6787,1.571640e+03,,
6788,2.598331e+02,,
6789,1.275133e+04,,
6790,2.723370e+03,,
6791,1.475030e+05,,
6792,2.944546e+04,,
6793,3.146284e+04,,
6794,2.494477e+04,,
6795,7.227981e+03,,
6796,1.102107e+04,,
6797,2.443162e+04,,
6798,6.430320e+03,,
6799,4.735851e+03,,
6800,1.294940e+04,,
6801,1.121640e+04,,
6802,5.555062e+04,,
6803,5.057524e+03,,
6804,3.164251e+03,,
6805,7.625389e+03,,
6806,7.871893e+03,,
6807,3.959762e+04,,
6808,6.764681e+04,,
6809,3.199626e+03,,
6810,3.406134e+03,,
6811,2.853615e+04,,
6812,1.426713e+04,,
6813,3.872366e+04,,
6814,1.196258e+04,,
6815,7.491564e+03,,
6816,1.238234e+03,,
6817,1.316412e+03,,
6818,1.204803e+03,,
6819,2.590080e+04,,
6820,1.478562e+03,,
6821,6.187876e+03,,
6822,1.053888e+03,,
6823,1.145606e+04,,
6824,9.540419e+02,,
6825,1.157065e+04,,
6826,1.852222e+03,,
6827,2.664507e+03,,
6828,1.182243e+04,,
6829,1.408808e+04,,
6830,8.507981e+03,,
6831,9.330444e+05,,
6832,1.797771e+04,,
6833,2.055486e+03,,
6834,1.998681e+04,,
6835,1.511402e+03,,
6836,9.605243e+02,,
6837,4.493693e+04,,
6838,6.051934e+04,,
6839,1.612430e+03,,
6840,2.176490e+03,,
6841,9.647664e+04,,
6842,1.718516e+05,,
6843,1.369633e+05,,
6844,1.026465e+05,,
6845,1.335545e+06,,
6846,7.056559e+04,,
6847,1.491129e+03,,
6848,4.331018e+04,,
6849,2.147769e+05,,
6850,8.431923e+03,,
6851,6.805142e+04,,
6852,1.138029e+05,,
6853,2.247644e+05,,
6854,1.562725e+04,,
6855,2.618229e+04,,
6856,4.633742e+03,,
6857,1.437094e+04,,
6858,6.182305e+04,,
6859,9.992118e+04,,
6860,4.466129e+04,,
6861,9.012820e+04,,
6862,4.319759e+05,,
6863,7.918257e+03,,
6864,6.146018e+04,,
6865,9.938671e+03,,
6866,1.047122e+04,,
6867,7.758603e+03,,
6868,9.521311e+03,,
6869,7.767602e+03,,
6870,9.945222e+04,,
6871,4.097158e+03,,
6872,2.787298e+04,,
6873,3.024244e+04,,
6874,7.016719e+03,,
6875,2.280622e+04,,
6876,1.555616e+05,,
6877,3.032352e+05,,
6878,4.868627e+04,,
6879,1.009976e+04,,
6880,7.716357e+02,,
6881,6.860730e+03,,
6882,1.595558e+03,,
6883,3.013605e+03,,
6884,2.557107e+03,,
6885,2.651839e+02,,
6886,2.222406e+03,,
6887,2.880868e+05,,
6888,1.058774e+04,,
6889,5.884195e+03,,
6890,1.401700e+03,,
6891,4.566233e+03,,
6892,2.935936e+03,,
6893,5.176638e+04,,
6894,2.478319e+02,,
6895,3.083364e+02,,
6896,2.294008e+02,,
6897,1.913921e+02,,
6898,1.203816e+04,,
6899,2.306142e+03,,
6900,4.105154e+04,,
6901,1.112722e+04,,
6902,4.943853e+03,,
6903,3.249059e+03,,
6904,1.541714e+03,,
6905,1.740124e+02,,
6906,8.355412e+03,,
6907,3.441443e+03,,
6908,1.801361e+04,,
6909,1.201074e+03,,
6910,1.041086e+03,,
6911,5.893574e+02,,
6912,1.727110e+03,,
6913,5.534869e+02,,
6914,2.239568e+04,,
6915,1.990463e+03,,
6916,2.092199e+03,,
6917,9.064938e+03,,
6918,3.442337e+03,,
6919,3.839939e+03,,
6920,1.942753e+02,,
6921,4.381664e+03,,
6922,4.982612e+02,,
6923,6.192979e+03,,
6924,6.034283e+03,,
6925,3.137735e+04,,
6926,4.858341e+03,,
6927,1.798328e+04,,
6928,7.779701e+03,,
6929,9.948403e+03,,
6930,1.486525e+04,,
6931,3.591457e+03,,
6932,5.569722e+04,,
6933,6.612479e+03,,
6934,6.605145e+04,,
6935,7.975292e+03,,
6936,2.249186e+03,,
6937,8.947417e+03,,
6938,3.846651e+03,,
6939,3.768836e+02,,
6940,9.229859e+01,,
6941,1.106552e+03,,
6942,9.989437e+02,,
6943,4.391386e+02,,
6944,1.849378e+02,,
6945,9.539154e+02,,
6946,1.163356e+02,,
6947,2.352832e+03,,
6948,1.116670e+05,,
6949,1.060543e+05,,
6950,6.884640e+02,,
6951,1.008565e+04,,
6952,3.260636e+03,,
6953,1.212116e+04,,
6954,2.477796e+05,,
6955,2.306579e+03,,
6956,3.047910e+03,,
6957,6.930216e+02,,
6958,4.545884e+02,,
6959,1.540945e+03,,
6960,1.056660e+03,,
6961,2.095088e+03,,
6962,1.774753e+03,,
6963,6.531132e+03,,
6964,1.542644e+04,,
6965,5.313406e+04,,
6966,4.083687e+03,,
6967,1.506460e+03,,
6968,2.669177e+03,,
6969,1.044406e+04,,
6970,1.400898e+04,,
6971,5.985036e+03,,
6972,5.187848e+03,,
6973,3.898251e+03,,
6974,1.360135e+04,,
6975,1.203844e+03,,
6976,5.783605e+03,,
6977,6.094553e+02,,
6978,4.513183e+03,,
6979,1.128056e+02,,
6980,2.274481e+02,,
6981,7.417730e+03,,
6982,1.656748e+03,,
6983,4.029425e+00,,
6984,3.027642e+00,,
6985,2.858789e+01,,
6986,7.893286e+01,,
6987,1.155570e+02,,
6988,5.220351e+02,,
6989,9.494679e+01,,
6990,3.030442e+01,,
6991,9.179735e+00,,
6992,4.878786e+01,,
6993,1.643180e+02,,
6994,8.251703e+01,,
6995,8.334929e+01,,
6996,6.149100e+02,,
6997,6.586059e+02,,
6998,9.608746e+01,,
6999,2.385409e+01,,
7000,4.414238e+01,,
7001,1.930751e+02,,
7002,1.188175e+01,,
7003,1.645929e+01,,
7004,2.425148e+02,,
7005,7.305849e+00,,
7006,1.788767e+02,,
7007,1.061583e+03,,
7008,1.725482e+02,,
7009,2.023469e+02,,
7010,5.445098e+02,,
7011,4.602922e+01,,
7012,4.063242e+02,,
7013,2.151507e+02,,
7014,1.845496e+01,,
7015,1.128026e+00,,
7016,2.408625e+01,,
7017,3.390268e+02,,
7018,9.757500e+01,,
7019,1.912332e+02,,
7020,2.835131e+02,,
7021,2.395216e+02,,
7022,2.946793e+00,,
7023,5.734295e+01,,
7024,6.280663e-01,,
7025,4.486453e+00,,
7026,4.338909e+00,,
7027,5.144043e+00,,
7028,2.860668e+01,,
7029,1.301113e+02,,
7030,2.370760e+01,,
7031,8.804340e+00,,
7032,7.485882e+00,,
7033,6.422845e-01,,
7034,9.112200e+01,,
7035,3.711779e+01,,
7036,2.137266e+01,,
7037,4.767540e+02,,
7038,6.160534e+01,,
7039,5.664762e+00,,
7040,3.993976e+00,,
7041,1.055782e+01,,
7042,7.454035e+00,,
7043,1.122585e+02,,
7044,5.558045e+00,,
7045,6.959348e+00,,
7046,5.360361e+00,,
7047,3.175451e+01,,
7048,1.001473e+01,,
7049,3.769271e+01,,
7050,1.133724e+01,,
7051,8.443044e+01,,
7052,1.464553e+02,,
7053,5.583042e+00,,
7054,2.015157e+02,,
7055,4.158163e+02,,
7056,3.111071e+01,,
7057,5.703153e+00,,
7058,7.917777e+00,,
7059,4.867491e+00,,
7060,8.555912e+00,,
7061,6.558843e+00,,
7062,2.997389e+01,,
7063,2.795607e+01,,
7064,3.031135e+02,,
7065,2.344155e+01,,
7066,7.388944e+00,,
7067,2.100602e+02,,
7068,3.591599e+02,,
7069,2.215156e+02,,
7070,1.968362e+01,,
7071,1.466184e+02,,
7072,2.567927e+02,,
7073,8.832098e+02,,
7074,2.835692e+02,,
7075,5.229652e+01,,
7076,1.265588e+01,,
7077,1.970663e+01,,
7078,3.638977e+01,,
7079,2.304573e+03,,
7080,1.097492e+02,,
7081,2.941047e+01,,
7082,2.586040e+03,,
7083,2.053264e+02,,
7084,4.838405e+01,,
7085,1.406619e+01,,
7086,2.532134e+00,,
7087,1.486087e+01,,
7088,9.299387e+00,,
7089,1.173190e+02,,
7090,2.158442e+02,,
7091,1.025567e+03,,
7092,2.466462e+01,,
7093,9.494000e+00,,
7094,1.198414e+02,,
7095,1.029638e+02,,
7096,1.831839e+02,,
7097,7.964632e+00,,
7098,1.155798e+02,,
7099,2.692916e+01,,
7100,6.000061e+01,,
7101,4.828050e+01,,
7102,2.790617e+00,,
7103,2.743244e+00,,
7104,2.606995e+00,,
7105,5.057116e+00,,
7106,1.252164e+01,,
7107,1.638762e+02,,
7108,9.172103e+00,,
7109,4.564554e+00,,
7110,5.042423e+01,,
7111,1.047929e+00,,
7112,1.298396e+00,,
7113,1.431158e+02,,
7114,2.559136e+03,,
7115,2.405754e+03,,
7116,4.150091e+03,,
7117,4.465247e+02,,
7118,4.335144e+02,,
7119,3.403566e+03,,
7120,1.389176e+03,,
7121,8.747962e+03,,
7122,1.472075e+03,,
7123,8.726346e+04,,
7124,4.510329e+02,,
7125,3.772313e+02,,
7126,9.606937e+03,,
7127,1.029816e+03,,
7128,1.732602e+02,,
7129,1.298652e+02,,
7130,5.429653e+02,,
7131,1.150279e+02,,
7132,1.603324e+03,,
7133,1.157804e+03,,
7134,1.486325e+02,,
7135,4.573259e+03,,
7136,3.122017e+03,,
7137,3.881720e+04,,
7138,4.657827e+03,,
7139,2.933364e+04,,
7140,3.198007e+04,,
7141,1.240510e+05,,
7142,6.726426e+03,,
7143,1.188927e+03,,
7144,2.160642e+02,,
7145,8.137703e+02,,
7146,4.459815e+02,,
7147,7.825784e+02,,
7148,1.595263e+02,,
7149,8.810839e+01,,
7150,9.611150e+01,,
7151,2.401046e+01,,
7152,1.216776e+03,,
7153,3.612703e+01,,
7154,1.652337e+02,,
7155,1.629318e+01,,
7156,8.637772e+02,,
7157,3.157178e+02,,
7158,4.894534e+03,,
7159,5.419721e+02,,
7160,6.379940e+03,,
7161,2.707997e+03,,
7162,2.923942e+03,,
7163,5.412239e+04,,
7164,1.981985e+03,,
7165,1.495473e+03,,
7166,1.264512e+04,,
7167,3.412627e+02,,
7168,5.173031e+03,,
7169,5.140296e+03,,
7170,7.203240e+01,,
7171,1.162473e+02,,
7172,5.224836e+02,,
7173,9.489357e+01,,
7174,7.165943e+02,,
7175,2.298855e+01,,
7176,8.752136e+02,,
7177,1.780273e+03,,
7178,5.369029e+02,,
7179,8.472308e+03,,
7180,1.336525e+03,,
7181,1.003018e+03,,
7182,1.575480e+01,,
7183,3.075697e+01,,
7184,9.739351e+01,,
7185,2.313097e+03,,
7186,2.558825e+02,,
7187,7.467650e+02,,
7188,2.770369e+02,,
7189,1.930801e+02,,
7190,3.758191e+03,,
7191,1.068531e+02,,
7192,2.304139e+03,,
7193,1.087707e+02,,
7194,2.264226e+03,,
7195,8.880476e+02,,
7196,6.095546e+02,,
7197,1.106231e+02,,
7198,4.055045e+02,,
7199,9.374420e+03,,
7200,4.612090e+03,,
7201,1.230307e+04,,
7202,9.663421e+03,,
7203,7.436008e+03,,
7204,2.901654e+03,,
7205,4.401762e+03,,
7206,5.053599e+02,,
7207,1.487504e+02,,
7208,5.609705e+01,,
7209,2.463043e+02,,
7210,2.479544e+03,,
7211,5.738187e+02,,
7212,2.129672e+04,,
7213,7.853709e+01,,
7214,1.099270e+03,,
7215,2.418288e+03,,
7216,1.361999e+02,,
7217,7.380644e+01,,
7218,1.654190e+02,,
7219,5.668681e+02,,
7220,1.034450e+03,,
7221,1.195399e+03,,
7222,2.237395e+02,,
7223,2.574677e+02,,
7224,2.761051e+02,,
7225,7.571721e+02,,
7226,6.445489e+02,,
7227,2.018941e+01,,
7228,2.384376e+01,,
7229,6.038297e+01,,
7230,6.329598e+01,,
7231,4.950190e+02,,
7232,1.041506e+02,,
7233,6.537974e+02,,
7234,1.263659e+02,,
7235,1.675261e+01,,
7236,1.165742e+02,,
7237,1.238719e+03,,
7238,1.294622e+02,,
7239,7.240913e+02,,
7240,1.996118e+01,,
7241,1.171871e+02,,
7242,1.005693e+02,,
7243,1.786461e+02,,
7244,4.958419e+02,,
7245,6.452992e+01,,
7246,4.681595e+01,,
7247,5.599151e+01,,
7248,3.165521e+02,,
7249,3.727719e+01,,
7250,1.543063e+02,,
7251,1.145510e+02,,
7252,4.015749e+01,,
7253,1.214154e+03,,
7254,9.715117e+01,,
7255,1.562764e+03,,
7256,1.350596e+01,,
7257,2.250557e+03,,
7258,9.858274e+03,,
7259,4.699897e+01,,
7260,2.594108e+03,,
7261,6.624090e+02,,
7262,8.761127e+02,,
7263,5.654779e+01,,
7264,1.404371e+02,,
7265,6.784236e+02,,
7266,1.726035e+02,,
7267,4.069799e+02,,
7268,1.371296e+03,,
7269,4.785192e+02,,
7270,5.067643e+02,,
7271,1.683486e+03,,
7272,3.778891e+01,,
7273,4.158498e+02,,
7274,4.969058e+02,,
7275,2.831245e+02,,
7276,4.528156e+02,,
7277,1.378354e+03,,
7278,1.557239e+02,,
7279,6.638868e+02,,
7280,1.616645e+02,,
7281,1.781828e+02,,
7282,7.838457e+04,,
7283,4.237121e+02,,
7284,2.568570e+01,,
7285,2.698787e+02,,
7286,4.586281e+02,,
7287,1.635141e+03,,
7288,5.618681e+02,,
7289,3.436277e+02,,
7290,1.261834e+03,,
7291,1.354489e+02,,
7292,5.972452e+01,,
7293,4.962947e+00,,
7294,2.572162e+02,,
7295,1.815023e+01,,
7296,1.974774e+01,,
7297,4.753306e+01,,
7298,4.448033e+01,,
7299,1.760959e+03,,
7300,3.438443e+02,,
7301,4.303523e+02,,
7302,9.090039e+01,,
7303,7.571493e+01,,
7304,8.317065e+01,,
7305,4.944743e+01,,
7306,1.383167e+02,,
7307,2.935949e+02,,
7308,3.139617e+03,,
7309,2.491702e+02,,
7310,6.141833e+02,,
7311,7.975038e+01,,
7312,4.214772e+01,,
7313,9.774465e+02,,
7314,3.370934e+02,,
7315,5.165894e+01,,
7316,2.876433e+02,,
7317,3.553510e+01,,
7318,7.541295e+02,,
7319,4.131611e+01,,
7320,3.799826e+02,,
7321,3.998208e+02,,
7322,3.325568e+03,,
7323,5.946882e+02,,
7324,7.927749e+01,,
7325,9.684506e+02,,
7326,2.551004e+02,,
7327,1.467789e+03,,
7328,2.282827e+04,,
7329,9.549517e+04,,
7330,1.011648e+04,,
7331,2.456646e+03,,
7332,1.923448e+03,,
7333,2.875484e+03,,
7334,9.124580e+03,,
7335,8.127752e+03,,
7336,1.295531e+05,,
7337,1.437152e+04,,
7338,8.243303e+02,,
7339,2.553403e+02,,
7340,1.934073e+02,,
7341,1.086529e+03,,
7342,7.362073e+01,,
7343,1.194222e+03,,
7344,4.238904e+03,,
7345,6.413805e+02,,
7346,5.707668e+02,,
7347,6.859393e+02,,
7348,1.761028e+03,,
7349,1.086009e+04,,
7350,3.926927e+03,,
7351,1.617617e+03,,
7352,4.551535e+02,,
7353,3.233503e+04,,
7354,5.457641e+03,,
7355,1.257881e+04,,
7356,5.785838e+02,,
7357,9.790805e+03,,
7358,2.985609e+03,,
7359,1.971759e+05,,
7360,1.328412e+03,,
7361,1.772161e+03,,
7362,4.222331e+03,,
7363,2.220703e+03,,
7364,8.830884e+03,,
7365,3.832267e+03,,
7366,1.798946e+02,,
7367,2.026170e+03,,
7368,1.472659e+03,,
7369,3.776496e+03,,
7370,1.090466e+04,,
7371,2.470122e+03,,
7372,1.696920e+01,,
7373,2.542653e+01,,
7374,6.541026e+01,,
7375,1.851138e+01,,
7376,1.788758e+01,,
7377,1.346325e+02,,
7378,1.226002e+04,,
7379,7.170352e+01,,
7380,4.062278e+03,,
7381,6.531344e+02,,
7382,7.091316e+03,,
7383,5.517708e+02,,
7384,2.260951e+03,,
7385,9.873214e+02,,
7386,2.920995e+02,,
7387,3.699206e+02,,
7388,5.253512e+02,,
7389,8.451708e+01,,
7390,4.733898e+02,,
7391,3.846081e+02,,
7392,8.282158e+02,,
7393,3.179001e+03,,
7394,4.658103e+02,,
7395,8.611727e+01,,
7396,2.065223e+02,,
7397,4.262916e+02,,
7398,4.833338e+02,,
7399,8.974709e+01,,
7400,7.437948e+02,,
7401,4.651233e+01,,
7402,4.964826e+03,,
7403,3.293194e+02,,
7404,1.000390e+02,,
7405,1.662283e+02,,
7406,3.478835e+02,,
7407,2.498871e+02,,
7408,1.050956e+05,,
7409,5.669281e+04,,
7410,1.074454e+04,,
7411,9.844235e+04,,
7412,3.112999e+05,,
7413,3.362279e+02,,
7414,2.935130e+04,,
7415,4.228438e+03,,
7416,2.947573e+04,,
7417,7.996137e+03,,
7418,2.389031e+04,,
7419,5.588873e+02,,
7420,2.016425e+03,,
7421,6.546884e+02,,
7422,2.633075e+02,,
7423,1.381789e+02,,
7424,6.679486e+02,,
7425,6.913631e+03,,
7426,3.235192e+02,,
7427,1.434667e+02,,
7428,1.508109e+05,,
7429,1.308187e+04,,
7430,2.435196e+04,,
7431,4.141594e+03,,
7432,2.019581e+03,,
7433,1.531362e+03,,
7434,2.574907e+04,,
7435,1.285518e+03,,
7436,1.936413e+03,,
7437,1.328380e+04,,
7438,4.104147e+03,,
7439,3.714421e+03,,
7440,2.947904e+04,,
7441,1.146433e+04,,
7442,1.530828e+03,,
7443,1.692589e+04,,
7444,9.645151e+02,,
7445,6.299448e+02,,
7446,1.712785e+04,,
7447,3.116679e+04,,
7448,9.742711e+03,,
7449,9.447735e+02,,
7450,4.240574e+02,,
7451,9.163284e+01,,
7452,4.890735e+02,,
7453,1.105900e+02,,
7454,1.766482e+03,,
7455,2.167447e+02,,
7456,6.664017e+01,,
7457,6.159786e+01,,
7458,5.664584e+01,,
7459,7.139494e+02,,
7460,1.586473e+02,,
7461,1.425387e+02,,
7462,1.168190e+02,,
7463,3.431713e+04,,
7464,1.989570e+02,,
7465,2.898089e+03,,
7466,6.312261e+03,,
7467,1.658746e+04,,
7468,1.370648e+03,,
7469,9.390433e+01,,
7470,1.175737e+02,,
7471,3.107524e+01,,
7472,2.737764e+01,,
7473,1.472521e+01,,
7474,3.291028e+02,,
7475,3.464742e+02,,
7476,1.822971e+03,,
7477,7.047414e+02,,
7478,5.340320e+01,,
7479,1.050410e+02,,
7480,1.616434e+02,,
7481,7.770143e+01,,
7482,2.045515e+01,,
7483,1.661459e+02,,
7484,1.198008e+01,,
7485,1.377682e+01,,
7486,2.495558e+01,,
7487,3.476418e+02,,
7488,1.107760e+02,,
7489,5.927092e+02,,
7490,3.123678e+02,,
7491,6.037937e+01,,
7492,1.022141e+03,,
7493,8.846476e+03,,
7494,8.248432e+03,,
7495,1.042619e+03,,
7496,6.077596e+02,,
7497,6.442981e+02,,
7498,6.612878e+04,,
7499,2.775174e+02,,
7500,1.703398e+03,,
7501,8.311177e+02,,
7502,9.928044e+03,,
7503,9.850781e+03,,
7504,3.567587e+03,,
7505,8.269578e+03,,
7506,8.616051e+04,,
7507,2.747792e+03,,
7508,1.064688e+04,,
7509,2.431708e+03,,
7510,1.099192e+03,,
7511,8.115635e+02,,
7512,7.418185e+03,,
7513,3.445091e+04,,
7514,2.530557e+04,,
7515,1.450832e+05,,
7516,1.779472e+04,,
7517,1.600869e+03,,
7518,2.932610e+04,,
7519,5.806302e+05,,
7520,5.268260e+03,,
7521,1.025201e+04,,
7522,8.533721e+04,,
7523,7.061812e+05,,
7524,4.209584e+05,,
7525,7.819809e+04,,
7526,1.328756e+04,,
7527,6.497737e+03,,
7528,1.422298e+03,,
7529,2.915214e+03,,
7530,3.360752e+03,,
7531,8.894893e+03,,
7532,7.899914e+03,,
7533,5.012517e+04,,
7534,1.436634e+05,,
7535,4.163414e+04,,
7536,7.717529e+05,,
7537,4.639760e+04,,
7538,7.353395e+04,,
7539,9.454901e+04,,
7540,3.318785e+04,,
7541,1.291027e+04,,
7542,8.246884e+03,,
7543,8.956864e+03,,
7544,2.896791e+05,,
7545,8.933422e+05,,
7546,6.141512e+04,,
7547,4.158313e+04,,
7548,9.746536e+03,,
7549,4.616710e+03,,
7550,1.483898e+03,,
7551,2.285314e+03,,
7552,6.908794e+02,,
7553,1.824040e+03,,
7554,1.280450e+03,,
7555,3.047715e+03,,
7556,4.310876e+02,,
7557,8.000230e+05,,
7558,1.218308e+03,,
7559,6.081937e+04,,
7560,4.948086e+03,,
7561,1.471839e+04,,
7562,7.334543e+03,,
7563,1.037914e+03,,
7564,1.769134e+03,,
7565,3.316743e+03,,
7566,2.641861e+03,,
7567,1.713402e+04,,
7568,5.306247e+03,,
7569,1.253450e+04,,
7570,1.631826e+03,,
7571,1.060370e+04,,
7572,1.808554e+04,,
7573,5.687975e+04,,
7574,1.747555e+05,,
7575,6.208546e+04,,
7576,1.397395e+05,,
7577,1.333355e+04,,
7578,4.139603e+02,,
7579,4.285273e+02,,
7580,7.336630e+03,,
7581,4.571205e+02,,
7582,2.392680e+02,,
7583,2.061161e+03,,
7584,1.663401e+03,,
7585,2.927599e+02,,
7586,5.268107e+03,,
7587,8.875749e+01,,
7588,1.012700e+03,,
7589,1.833984e+02,,
7590,1.128649e+03,,
7591,4.593371e+03,,
7592,3.231011e+02,,
7593,1.310664e+02,,
7594,1.886030e+03,,
7595,2.106154e+03,,
7596,4.111866e+04,,
7597,3.642718e+04,,
7598,8.615069e+02,,
7599,2.621603e+03,,
7600,3.585440e+01,,
7601,6.517992e+01,,
7602,3.434297e+03,,
7603,6.141979e+02,,
7604,2.110591e+03,,
7605,2.813098e+02,,
7606,3.884352e+03,,
7607,1.348974e+03,,
7608,7.164292e+03,,
7609,7.364179e+03,,
7610,1.063253e+04,,
7611,1.265107e+04,,
7612,2.879267e+03,,
7613,1.206174e+04,,
7614,4.600422e+02,,
7615,8.881455e+02,,
7616,1.696300e+03,,
7617,1.654646e+02,,
7618,2.937180e+02,,
7619,2.231147e+03,,
7620,4.259741e+03,,
7621,4.647725e+04,,
7622,1.618425e+04,,
7623,1.072390e+05,,
7624,4.243768e+03,,
7625,6.364229e+03,,
7626,2.607339e+03,,
7627,5.966503e+02,,
7628,3.585594e+03,,
7629,2.351578e+04,,
7630,7.778585e+03,,
7631,5.379775e+03,,
7632,2.595617e+03,,
7633,2.788063e+03,,
7634,1.129249e+04,,
7635,3.683960e+03,,
7636,6.427119e+03,,
7637,3.182023e+02,,
7638,1.549198e+04,,
7639,2.099489e+03,,
7640,1.554042e+02,,
7641,2.571693e+02,,
7642,4.558933e+03,,
7643,6.534395e+03,,
7644,4.446772e+02,,
7645,2.116901e+02,,
7646,1.675163e+03,,
7647,1.337458e+03,,
7648,2.368225e+01,,
7649,1.560652e+02,,
7650,1.074486e+02,,
7651,6.406920e+02,,
7652,8.589842e+01,,
7653,1.694152e+01,,
7654,4.752970e+01,,
7655,7.524380e+01,,
7656,4.855534e+02,,
7657,1.570317e+02,,
7658,2.566234e+01,,
7659,3.854068e+01,,
7660,2.155952e+02,,
7661,1.426553e+01,,
7662,2.297465e+02,,
7663,1.587797e+00,,
7664,1.795493e+03,,
7665,3.503443e+01,,
7666,2.422284e+01,,
7667,7.318522e+00,,
7668,3.394888e+02,,
7669,3.724806e+02,,
7670,4.212113e+02,,
7671,2.412348e+04,,
7672,5.928959e+03,,
7673,8.561475e+03,,
7674,3.820037e+03,,
7675,5.502888e+03,,
7676,1.679743e+03,,
7677,1.054733e+03,,
7678,4.820858e+02,,
7679,4.903404e+03,,
7680,2.512429e+03,,
7681,4.008816e+03,,
7682,5.501121e+04,,
7683,2.088817e+03,,
7684,1.555473e+04,,
7685,9.344545e+03,,
7686,1.698306e+03,,
7687,1.453453e+04,,
7688,9.703727e+02,,
7689,2.667517e+02,,
7690,3.931130e+03,,
7691,3.895715e+03,,
7692,8.864847e+02,,
7693,2.411726e+03,,
7694,1.599191e+01,,
7695,8.982052e+01,,
7696,8.682405e+02,,
7697,2.388434e+03,,
7698,1.570003e+03,,
7699,2.535300e+03,,
7700,4.511250e+01,,
7701,2.380541e+03,,
7702,1.542852e+03,,
7703,1.401143e+01,,
7704,1.143970e+03,,
7705,8.033755e+02,,
7706,1.316824e+03,,
7707,8.526409e+01,,
7708,4.018303e+02,,
7709,2.564113e+01,,
7710,3.675594e+02,,
7711,2.396841e+02,,
7712,1.417359e+02,,
7713,3.528815e+02,,
7714,6.134325e+02,,
7715,5.639205e+01,,
7716,2.008406e+02,,
7717,8.134546e+01,,
7718,3.324887e+01,,
7719,2.097577e+02,,
7720,6.865394e+02,,
7721,1.507707e+02,,
7722,1.108738e+02,,
7723,9.768625e+01,,
7724,1.397640e+01,,
7725,2.336588e+02,,
7726,3.062707e+01,,
7727,5.416296e+00,,
7728,7.886205e+01,,
7729,2.404883e+01,,
7730,1.426774e+02,,
7731,1.852239e+01,,
7732,1.408777e+01,,
7733,4.666502e+00,,
7734,2.098914e+02,,
7735,2.354462e+01,,
7736,1.198712e+01,,
7737,1.503636e+01,,
7738,1.015164e+01,,
7739,7.050509e+00,,
7740,8.034628e+01,,
7741,2.051777e+02,,
7742,3.473133e+02,,
7743,2.938564e+03,,
7744,1.839488e+02,,
7745,5.725360e+02,,
7746,5.655114e+02,,
7747,1.118176e+03,,
7748,1.661727e+04,,
7749,7.971760e+03,,
7750,2.113755e+02,,
7751,8.435364e+00,,
7752,4.543137e+01,,
7753,1.048648e+01,,
7754,1.466748e+01,,
7755,7.421691e+01,,
7756,4.412809e+02,,
7757,8.608218e+02,,
7758,2.214621e+03,,
7759,1.985475e+01,,
7760,4.765880e+02,,
7761,1.487618e+03,,
7762,8.798308e+02,,
7763,7.039159e+04,,
7764,2.243816e+03,,
7765,4.081599e+03,,
7766,2.245045e+04,,
7767,5.869731e+01,,
7768,1.264374e+02,,
7769,1.531329e+03,,
7770,7.800280e+02,,
7771,3.637089e+03,,
7772,3.743936e+03,,
7773,9.931021e+02,,
7774,1.269140e+02,,
7775,6.108628e+02,,
7776,2.231527e+02,,
7777,2.467055e+02,,
7778,2.674292e+02,,
7779,3.737372e+02,,
7780,1.503430e+02,,
7781,2.588600e+02,,
7782,5.893555e+02,,
7783,2.096111e+03,,
7784,5.088653e+03,,
7785,6.774442e+03,,
7786,9.939841e+02,,
7787,1.307720e+03,,
7788,1.593976e+02,,
7789,1.742907e+02,,
7790,5.361064e+02,,
7791,3.504900e+03,,
7792,6.388910e+02,,
7793,4.026106e+02,,
7794,1.256703e+03,,
7795,1.488418e+04,,
7796,1.983087e+04,,
7797,2.849432e+03,,
7798,8.152760e+02,,
7799,5.784757e+02,,
7800,4.071569e+03,,
7801,1.126868e+05,,
7802,3.864994e+02,,
7803,2.822239e+02,,
7804,2.889811e+02,,
7805,6.730022e+02,,
7806,7.256361e+03,,
7807,9.452308e+04,,
7808,1.829680e+05,,
7809,6.601248e+02,,
7810,3.733660e+04,,
7811,5.272476e+03,,
7812,1.306719e+04,,
7813,3.950568e+04,,
7814,7.069784e+03,,
7815,7.190616e+05,,
7816,5.537437e+03,,
7817,3.896070e+04,,
7818,2.119154e+04,,
7819,9.209976e+04,,
7820,7.325567e+04,,
7821,1.677157e+04,,
7822,5.498671e+03,,
7823,9.103333e+02,,
7824,6.658261e+03,,
7825,5.839052e+03,,
7826,1.966587e+04,,
7827,3.909881e+03,,
7828,8.763891e+04,,
7829,2.804485e+04,,
7830,1.569415e+03,,
7831,9.010269e+03,,
7832,1.045389e+04,,
7833,1.955795e+04,,
7834,5.622574e+02,,
7835,2.123865e+03,,
7836,2.261375e+03,,
7837,1.005545e+03,,
7838,3.024122e+02,,
7839,1.602077e+03,,
7840,3.464216e+02,,
7841,2.550038e+04,,
7842,6.902187e+03,,
7843,1.871238e+02,,
7844,1.226463e+03,,
7845,3.014343e+03,,
7846,1.870700e+04,,
7847,2.681102e+03,,
7848,1.333038e+04,,
7849,9.230195e+02,,
7850,2.050732e+04,,
7851,2.758484e+02,,
7852,1.661514e+03,,
7853,1.179208e+03,,
7854,1.408886e+03,,
7855,3.056950e+03,,
7856,1.344741e+04,,
7857,2.191602e+03,,
7858,3.101789e+04,,
7859,1.167299e+02,,
7860,1.486857e+03,,
7861,4.645454e+02,,
7862,2.391319e+03,,
7863,2.743329e+03,,
7864,4.872124e+03,,
7865,3.657507e+04,,
7866,1.432781e+03,,
7867,2.479319e+02,,
7868,3.687682e+02,,
7869,8.060099e+02,,
7870,6.638931e+01,,
7871,1.796162e+02,,
7872,4.758888e+00,,
7873,7.846326e+02,,
7874,1.989543e+02,,
7875,7.956679e+03,,
7876,1.290824e+04,,
7877,4.429798e+02,,
7878,1.447938e+02,,
7879,1.381046e+02,,
7880,1.492499e+02,,
7881,1.259597e+02,,
7882,5.399628e+01,,
7883,1.605516e+02,,
7884,2.433474e+01,,
7885,3.595213e+01,,
7886,1.986610e+02,,
7887,2.581578e+03,,
7888,4.857526e+02,,
7889,1.014366e+03,,
7890,1.541205e+02,,
7891,1.106529e+02,,
7892,6.102771e+01,,
7893,2.720040e+02,,
7894,5.801688e+02,,
7895,1.014099e+03,,
7896,4.404406e+03,,
7897,4.429847e+02,,
7898,5.927999e+01,,
7899,3.299031e+02,,
7900,4.598851e+02,,
7901,3.363230e+01,,
7902,4.333747e+01,,
7903,4.050453e+01,,
7904,2.622015e+01,,
7905,1.072853e+03,,
7906,3.189181e+01,,
7907,6.975736e+00,,
7908,1.631432e+00,,
7909,2.059427e+01,,
7910,1.482308e+00,,
7911,3.268423e+01,,
7912,1.436705e+01,,
7913,6.415129e+00,,
7914,9.138210e+00,,
7915,3.991848e+00,,
7916,5.147891e+00,,
7917,9.499481e+00,,
7918,1.743713e+01,,
7919,1.451963e+01,,
7920,5.807922e+00,,
7921,1.555498e+00,,
7922,9.113653e-01,,
7923,2.687083e+00,,
7924,4.683503e+00,,
7925,5.661952e+01,,
7926,3.998014e+01,,
7927,4.793406e+00,,
7928,4.434356e+00,,
7929,5.066165e+00,,
7930,1.005205e+00,,
7931,1.108459e+02,,
7932,1.077358e+02,,
7933,2.109332e+02,,
7934,5.732222e+01,,
7935,3.318713e+01,,
7936,1.343108e+01,,
7937,8.526042e+00,,
7938,3.928987e+01,,
7939,1.994778e+02,,
7940,2.598634e+01,,
7941,6.903046e+01,,
7942,3.661389e+01,,
7943,9.406361e+01,,
7944,6.320693e+00,,
7945,4.280085e+00,,
7946,1.047031e+02,,
7947,5.041765e+01,,
7948,2.023334e+02,,
7949,5.275909e+00,,
7950,9.119435e+00,,
7951,1.402386e+01,,
7952,1.251209e+02,,
7953,4.453897e+02,,
7954,3.424835e+01,,
7955,2.413446e+01,,
7956,1.914749e+02,,
7957,3.171244e+02,,
7958,5.526037e+00,,
7959,1.639917e+01,,
7960,1.434910e+01,,
7961,3.222923e+02,,
7962,3.944900e+02,,
7963,2.270212e+02,,
7964,5.422201e+02,,
7965,2.463508e+02,,
7966,1.247773e+01,,
7967,1.421920e+02,,
7968,1.286373e+01,,
7969,3.537657e+02,,
7970,4.847101e+02,,
7971,1.012100e+02,,
7972,1.588786e+01,,
7973,3.896543e+01,,
7974,1.222182e+02,,
7975,1.560720e+01,,
7976,3.687536e+01,,
7977,3.273031e+01,,
7978,2.249569e+01,,
7979,1.631137e+03,,
7980,2.908148e+02,,
7981,2.515595e+01,,
7982,2.543665e+01,,
7983,1.306201e+01,,
7984,1.581315e+01,,
7985,5.262762e+00,,
7986,2.484572e+01,,
7987,7.715097e+01,,
7988,2.824668e+01,,
7989,3.731766e+00,,
7990,2.910318e+02,,
7991,5.213816e+03,,
7992,8.506405e+01,,
7993,6.766078e+02,,
7994,1.714052e+03,,
7995,5.831208e+02,,
7996,1.594883e+03,,
7997,1.976773e+02,,
7998,8.965699e+01,,
7999,3.804917e+01,,
8000,1.018421e+02,,
8001,1.067805e+02,,
8002,1.209891e+01,,
8003,1.788416e+02,,
8004,2.944116e+02,,
8005,8.253172e+01,,
8006,2.833895e+02,,
8007,3.697074e+00,,
8008,6.302158e+01,,
8009,3.092372e+02,,
8010,1.976093e+01,,
8011,5.304164e+01,,
8012,8.643612e+00,,
8013,9.540199e-01,,
8014,1.247083e+00,,
8015,9.593039e-01,,
8016,9.323577e+01,,
8017,7.637344e+01,,
8018,6.317085e+01,,
8019,3.554294e+02,,
8020,1.208045e+03,,
8021,2.770816e+01,,
8022,4.204600e+00,,
8023,4.727768e+01,,
8024,2.925997e+01,,
8025,5.912325e+00,,
8026,3.512024e+02,,
8027,5.306270e+01,,
8028,1.621681e+02,,
8029,1.931055e+03,,
8030,1.974769e+01,,
8031,3.854959e+01,,
8032,2.517696e+01,,
8033,3.585678e+01,,
8034,1.017212e+02,,
8035,7.669027e+01,,
8036,5.267187e+01,,
8037,3.793444e+03,,
8038,2.887836e+03,,
8039,1.987663e+01,,
8040,1.518938e+01,,
8041,1.652199e+02,,
8042,9.472673e+01,,
8043,8.477692e+01,,
8044,1.192281e+01,,
8045,9.825587e-01,,
8046,3.920749e+00,,
8047,6.720308e+01,,
8048,9.776705e+01,,
8049,7.597717e+00,,
8050,1.140019e+02,,
8051,2.496873e+01,,
8052,6.451398e+01,,
8053,4.343134e+02,,
8054,2.510583e+01,,
8055,7.949322e+01,,
8056,1.932930e+01,,
8057,9.753912e+01,,
8058,1.189700e+00,,
8059,2.732047e+00,,
8060,5.726376e+01,,
8061,1.748074e+01,,
8062,3.317859e+01,,
8063,4.552507e+01,,
8064,1.558616e+02,,
8065,1.490376e+02,,
8066,1.375406e+02,,
8067,8.185623e+01,,
8068,1.833761e+02,,
8069,6.453414e+01,,
8070,6.681372e+02,,
8071,4.967468e+02,,
8072,1.561668e+02,,
8073,5.876766e+03,,
8074,8.142410e+02,,
8075,1.005662e+02,,
8076,3.197241e+02,,
8077,2.132510e+01,,
8078,1.036702e+02,,
8079,3.066279e+00,,
8080,3.361124e+01,,
8081,2.803457e+01,,
8082,1.356404e+02,,
8083,1.048950e+03,,
8084,8.182464e+02,,
8085,1.585591e+03,,
8086,6.597395e+02,,
8087,7.131492e+02,,
8088,4.893338e+02,,
8089,1.683901e+03,,
8090,8.548167e+03,,
8091,1.655561e+01,,
8092,1.462989e+03,,
8093,1.180813e+02,,
8094,1.464109e+02,,
8095,3.214136e+02,,
8096,3.243420e+02,,
8097,7.979466e+01,,
8098,3.756046e+01,,
8099,9.810906e+01,,
8100,2.339129e+03,,
8101,6.689193e+02,,
8102,8.823259e+03,,
8103,8.810417e+01,,
8104,8.756222e+01,,
8105,1.583481e+03,,
8106,5.264994e+02,,
8107,1.703996e+03,,
8108,1.045534e+02,,
8109,9.998321e+00,,
8110,7.679143e+01,,
8111,1.762066e+02,,
8112,2.010114e+02,,
8113,2.999090e+02,,
8114,2.145843e+01,,
8115,6.004403e+00,,
8116,1.298046e+02,,
8117,6.965236e+00,,
8118,4.318203e+00,,
8119,1.166337e+01,,
8120,2.757432e+02,,
8121,7.416289e+01,,
8122,1.131228e+01,,
8123,4.927568e+02,,
8124,2.638818e+02,,
8125,4.412238e+01,,
8126,1.034321e+02,,
8127,6.385688e+00,,
8128,9.183862e+01,,
8129,1.456964e+01,,
8130,5.398491e+01,,
8131,5.680551e+02,,
8132,6.185417e+01,,
8133,3.919283e+02,,
8134,8.177985e+00,,
8135,3.701200e+02,,
8136,1.774867e+02,,
8137,6.746414e+02,,
8138,2.808937e+02,,
8139,3.506992e+00,,
8140,1.678142e+01,,
8141,6.739587e+01,,
8142,3.369115e+01,,
8143,4.131591e+01,,
8144,4.582857e+02,,
8145,2.188489e+02,,
8146,9.133840e+02,,
8147,1.057655e+03,,
8148,9.764955e+00,,
8149,1.019787e+02,,
8150,2.062278e+01,,
8151,1.836421e+03,,
8152,2.760996e+03,,
8153,1.839498e+02,,
8154,4.456778e+02,,
8155,5.882507e+01,,
8156,4.061659e+02,,
8157,1.156549e+02,,
8158,2.026865e+02,,
8159,2.748734e+02,,
8160,1.257119e+03,,
8161,1.109054e+02,,
8162,7.171752e+02,,
8163,1.948373e+02,,
8164,8.286896e+02,,
8165,4.043296e+01,,
8166,6.004894e+01,,
8167,7.235135e+02,,
8168,6.347833e+02,,
8169,1.382242e+02,,
8170,2.083842e+02,,
8171,9.317378e+01,,
8172,1.968100e+02,,
8173,7.554678e+01,,
8174,3.779433e+01,,
8175,1.627477e+02,,
8176,1.538808e+01,,
8177,2.419160e+02,,
8178,2.737739e+02,,
8179,1.390251e+02,,
8180,1.211433e+01,,
8181,6.857531e+00,,
8182,2.179347e+02,,
8183,3.058883e+01,,
8184,2.476398e+00,,
8185,8.965159e+01,,
8186,5.659560e+02,,
8187,1.318716e+02,,
8188,5.617081e+02,,
8189,3.238286e+02,,
8190,1.205462e+02,,
8191,5.376905e+01,,
8192,2.213864e+01,,
8193,5.934797e+01,,
8194,3.761146e+01,,
8195,7.167078e+00,,
8196,7.244425e+02,,
8197,3.934847e+02,,
8198,7.895537e+02,,
8199,5.934579e+02,,
8200,2.648894e+03,,
8201,6.400463e+02,,
8202,8.766557e+03,,
8203,1.224548e+02,,
8204,1.681756e+03,,
8205,1.621335e+03,,
8206,5.073819e+03,,
8207,2.490386e+04,,
8208,2.561319e+02,,
8209,3.623571e+02,,
8210,2.354270e+01,,
8211,1.305548e+02,,
8212,1.084027e+02,,
8213,7.492960e+01,,
8214,6.290913e+02,,
8215,4.249243e+03,,
8216,4.818278e+02,,
8217,1.959788e+02,,
8218,1.207420e+02,,
8219,2.130926e+02,,
8220,1.296204e+02,,
8221,2.076833e+01,,
8222,2.581387e+02,,
8223,1.025586e+02,,
8224,9.127940e+02,,
8225,1.855536e+03,,
8226,2.009579e+02,,
8227,1.456543e+03,,
8228,4.992496e+01,,
8229,1.887390e+02,,
8230,5.963419e+02,,
8231,1.516342e+03,,
8232,1.469797e+01,,
8233,3.496972e+02,,
8234,1.840713e+01,,
8235,4.759391e+01,,
8236,1.794810e+02,,
8237,2.753246e+02,,
8238,5.122706e+01,,
8239,1.155621e+02,,
8240,3.962624e+00,,
8241,2.300305e+01,,
8242,1.862475e+01,,
8243,1.164080e+02,,
8244,1.153344e+01,,
8245,1.206023e+01,,
8246,3.675482e+00,,
8247,5.959843e-01,,
8248,2.217566e+01,,
8249,4.376466e+00,,
8250,2.968801e+00,,
8251,6.516391e-01,,
8252,3.720126e+00,,
8253,8.924757e+01,,
8254,3.046081e+02,,
8255,6.431893e+01,,
8256,3.589513e+02,,
8257,1.178447e+01,,
8258,3.326808e+00,,
8259,1.141020e+00,,
8260,6.763742e+00,,
8261,1.800968e+00,,
8262,6.520601e-01,,
8263,2.494858e+00,,
8264,1.337091e+00,,
8265,4.828813e+00,,
8266,1.236786e+01,,
8267,1.441173e+00,,
8268,2.490073e+01,,
8269,1.068231e+01,,
8270,2.639909e+00,,
8271,1.010893e+01,,
8272,4.260780e+01,,
8273,4.506480e+00,,
8274,6.645908e+02,,
8275,1.720065e+02,,
8276,1.151063e+03,,
8277,1.417863e+03,,
8278,6.454471e+02,,
8279,4.337739e+01,,
8280,2.739295e+01,,
8281,3.741106e+01,,
8282,1.799123e+01,,
8283,3.852708e+03,,
8284,1.058520e+03,,
8285,1.921891e+02,,
8286,8.541333e+01,,
8287,3.642760e+00,,
8288,1.431403e+01,,
8289,2.341171e+00,,
8290,4.393926e+00,,
8291,1.774279e+01,,
8292,5.157559e+01,,
8293,4.717276e+00,,
8294,7.073529e+00,,
8295,3.140316e-01,,
8296,1.637269e+00,,
8297,1.261718e+01,,
8298,2.677725e+01,,
8299,2.987395e+00,,
8300,5.044699e+01,,
8301,1.839799e+01,,
8302,1.100331e+01,,
8303,1.094912e+03,,
8304,1.057863e+00,,
8305,1.671879e+00,,
8306,8.516031e+00,,
8307,5.714955e+00,,
8308,2.996549e+00,,
8309,5.700862e+00,,
8310,1.903051e+01,,
8311,1.065645e+01,,
8312,7.023513e+01,,
8313,4.018642e+01,,
8314,3.519725e+00,,
8315,3.813929e+00,,
8316,7.318010e+01,,
8317,1.444333e+02,,
8318,1.019312e+02,,
8319,1.578851e+01,,
8320,1.497571e+02,,
8321,8.552836e+00,,
8322,2.070684e+00,,
8323,8.734649e-01,,
8324,4.839049e+00,,
8325,3.375523e+01,,
8326,2.686058e+00,,
8327,2.400414e+01,,
8328,3.203009e+00,,
8329,7.451767e+01,,
8330,1.075662e+02,,
8331,1.337411e+02,,
8332,9.902015e+01,,
8333,1.095769e+01,,
8334,2.278592e+01,,
8335,8.901737e+02,,
8336,8.724122e+02,,
8337,9.130539e+01,,
8338,7.397168e+01,,
8339,1.966996e+02,,
8340,2.455091e+00,,
8341,4.587337e+00,,
8342,3.020023e+00,,
8343,1.931905e+02,,
8344,7.263767e+01,,
8345,3.346616e+02,,
8346,2.570437e+01,,
8347,3.688976e+02,,
8348,1.183813e+01,,
8349,8.992924e+00,,
8350,2.396336e+01,,
8351,1.520440e+01,,
8352,1.755436e+03,,
8353,1.320718e+02,,
8354,5.230526e+02,,
8355,2.541015e+03,,
8356,3.544928e+03,,
8357,5.161214e+03,,
8358,5.295266e+02,,
8359,3.322404e+03,,
8360,9.878509e+03,,
8361,2.016535e+03,,
8362,1.538022e+04,,
8363,8.730153e+02,,
8364,1.479230e+04,,
8365,3.268330e+03,,
8366,2.218299e+03,,
8367,1.144690e+03,,
8368,1.127563e+03,,
8369,7.799459e+02,,
8370,3.562495e+03,,
8371,8.602116e+02,,
8372,3.177135e+03,,
8373,2.976806e+02,,
8374,3.163888e+03,,
8375,1.188318e+03,,
8376,2.459913e+02,,
8377,2.708611e+03,,
8378,1.563827e+03,,
8379,1.031734e+03,,
8380,2.455581e+03,,
8381,4.498110e+03,,
8382,2.464099e+04,,
8383,3.882614e+03,,
8384,1.412248e+04,,
8385,2.988855e+03,,
8386,6.521496e+04,,
8387,1.608456e+03,,
8388,6.148515e+03,,
8389,2.363372e+01,,
8390,8.342685e+02,,
8391,5.438412e+03,,
8392,6.504028e+02,,
8393,1.221589e+02,,
8394,8.222506e+01,,
8395,2.052074e+02,,
8396,7.920636e+01,,
8397,1.787598e+03,,
8398,3.406337e+02,,
8399,1.094044e+03,,
8400,8.565025e+02,,
8401,5.142686e+03,,
8402,6.350262e+03,,
8403,4.368144e+02,,
8404,5.463197e+01,,
8405,9.982062e+01,,
8406,1.191170e+03,,
8407,5.837769e+03,,
8408,2.156656e+03,,
8409,8.823301e+03,,
8410,1.204414e+02,,
8411,4.473710e+02,,
8412,2.648998e+02,,
8413,3.815840e+02,,
8414,8.402843e+01,,
8415,7.236513e+02,,
8416,1.468818e+02,,
8417,2.258593e+03,,
8418,2.210294e+02,,
8419,2.316142e+02,,
8420,4.678557e+02,,
8421,1.490305e+03,,
8422,3.950884e+02,,
8423,1.294950e+02,,
8424,3.782736e+03,,
8425,4.750665e+03,,
8426,5.379206e+03,,
8427,1.074686e+03,,
8428,1.114360e+03,,
8429,8.830384e+03,,
8430,2.720329e+02,,
8431,3.186306e+02,,
8432,2.643706e+02,,
8433,6.877601e+03,,
8434,2.395239e+02,,
8435,1.322447e+03,,
8436,3.211939e+02,,
8437,2.583440e+02,,
8438,2.766890e+03,,
8439,8.078982e+02,,
8440,7.802865e+01,,
8441,1.296654e+03,,
8442,7.030855e+02,,
8443,7.856943e+02,,
8444,4.908209e+02,,
8445,4.417373e+03,,
8446,2.844144e+03,,
8447,6.965892e+03,,
8448,9.425499e+04,,
8449,1.058874e+05,,
8450,1.259458e+04,,
8451,2.791467e+03,,
8452,9.662985e+02,,
8453,5.156794e+03,,
8454,2.629807e+03,,
8455,7.732868e+03,,
8456,1.014320e+04,,
8457,2.749837e+03,,
8458,6.767012e+04,,
8459,3.294545e+03,,
8460,7.825235e+03,,
8461,9.155026e+03,,
8462,2.270904e+03,,
8463,4.930051e+02,,
8464,4.149752e+02,,
8465,2.035762e+03,,
8466,2.659403e+03,,
8467,1.246122e+03,,
8468,6.420021e+03,,
8469,2.701234e+02,,
8470,2.149925e+01,,
8471,2.457236e+01,,
8472,4.772126e+01,,
8473,4.956885e+02,,
8474,1.317925e+02,,
8475,6.873302e+03,,
8476,1.934113e+04,,
8477,2.304790e+03,,
8478,5.102046e+04,,
8479,2.376428e+05,,
8480,1.857401e+05,,
8481,2.538203e+03,,
8482,5.478365e+04,,
8483,1.454511e+04,,
8484,1.136727e+05,,
8485,7.880815e+05,,
8486,2.067336e+04,,
8487,6.711393e+04,,
8488,8.567853e+03,,
8489,3.033550e+04,,
8490,3.756531e+04,,
8491,2.430546e+04,,
8492,6.896360e+03,,
8493,2.752051e+04,,
8494,5.660702e+04,,
8495,4.439705e+05,,
8496,1.227754e+05,,
8497,8.771404e+04,,
8498,8.358566e+04,,
8499,2.407640e+03,,
8500,9.355110e+03,,
8501,6.552543e+04,,
8502,5.366433e+03,,
8503,1.128944e+04,,
8504,1.592325e+04,,
8505,9.000073e+03,,
8506,3.437368e+02,,
8507,1.379044e+05,,
8508,2.641571e+03,,
8509,3.626600e+05,,
8510,1.285815e+05,,
8511,4.062251e+04,,
8512,1.925106e+03,,
8513,1.044265e+03,,
8514,5.740895e+03,,
8515,1.016074e+04,,
8516,3.499701e+03,,
8517,3.214362e+03,,
8518,1.465451e+04,,
8519,1.114365e+04,,
8520,1.978054e+03,,
8521,1.123944e+04,,
8522,1.466794e+04,,
8523,1.618396e+06,,
8524,3.747892e+03,,
8525,2.792408e+03,,
8526,9.576651e+03,,
8527,3.632307e+03,,
8528,2.207056e+02,,
8529,5.014148e+03,,
8530,3.811118e+03,,
8531,8.960208e+02,,
8532,1.893982e+04,,
8533,1.749924e+03,,
8534,9.084700e+03,,
8535,1.114084e+03,,
8536,4.250243e+03,,
8537,7.610790e+03,,
8538,1.315790e+04,,
8539,9.013750e+03,,
8540,1.539207e+03,,
8541,6.745335e+03,,
8542,1.492035e+03,,
8543,2.663765e+03,,
8544,1.202695e+04,,
8545,6.607982e+03,,
8546,2.457408e+02,,
8547,1.354678e+03,,
8548,1.365402e+03,,
8549,6.246939e+04,,
8550,2.345510e+03,,
8551,8.405117e+01,,
8552,1.536321e+02,,
8553,5.559125e+02,,
8554,5.212871e+01,,
8555,7.214774e+02,,
8556,1.161810e+03,,
8557,7.012317e+01,,
8558,3.353687e+01,,
8559,3.887375e+01,,
8560,3.309115e+01,,
8561,1.567463e+01,,
8562,2.712631e+01,,
8563,1.833524e+03,,
8564,9.558984e+01,,
8565,4.594355e+01,,
8566,5.740417e+01,,
8567,4.884083e+01,,
8568,3.498471e+01,,
8569,1.183559e+02,,
8570,1.787552e+01,,
8571,9.267541e+00,,
8572,5.524754e+00,,
8573,9.481335e+00,,
8574,3.218658e+02,,
8575,7.175104e+01,,
8576,1.115023e+03,,
8577,5.640542e+02,,
8578,3.677661e+02,,
8579,1.768410e+03,,
8580,1.109168e+02,,
8581,7.758111e+01,,
8582,1.354229e+01,,
8583,7.364734e+01,,
8584,9.906477e+02,,
8585,1.368291e+02,,
8586,1.439283e+02,,
8587,3.675619e+03,,
8588,5.028312e+03,,
8589,4.478850e+03,,
8590,3.273945e+02,,
8591,2.990066e+00,,
8592,1.455756e+02,,
8593,1.972742e+01,,
8594,7.342433e+01,,
8595,6.051068e+01,,
8596,2.580854e+01,,
8597,9.959251e+01,,
8598,2.786959e+01,,
8599,6.688826e+02,,
8600,5.222995e+01,,
8601,1.662493e+01,,
8602,1.685606e+01,,
8603,2.872169e+01,,
8604,4.353665e+01,,
8605,5.262341e+02,,
8606,2.606162e+02,,
8607,1.889993e+03,,
8608,1.912453e+02,,
8609,6.718318e+02,,
8610,3.306416e+02,,
8611,3.264729e+01,,
8612,1.531945e+01,,
8613,3.831980e+01,,
8614,4.586943e+01,,
8615,1.489526e+01,,
8616,6.802389e+01,,
8617,4.357310e+01,,
8618,6.297677e+00,,
8619,3.904239e+02,,
8620,4.891551e+00,,
8621,2.292546e+01,,
8622,5.527071e+01,,
8623,1.488772e+01,,
8624,1.072825e+01,,
8625,6.112049e+00,,
8626,2.554226e+01,,
8627,1.406771e+02,,
8628,1.460794e+03,,
8629,1.578531e+02,,
8630,3.899143e+00,,
8631,8.076222e+00,,
8632,6.988875e+02,,
8633,9.753306e+01,,
8634,2.902822e+01,,
8635,5.926710e+00,,
8636,1.483152e+01,,
8637,3.911949e+01,,
8638,9.450495e+00,,
8639,3.708321e+01,,
8640,1.849668e+01,,
8641,4.391554e+00,,
8642,5.483636e+01,,
8643,2.138992e+02,,
8644,1.344976e+02,,
8645,9.596898e+01,,
8646,1.058805e+02,,
8647,7.302676e+02,,
8648,2.901084e+02,,
8649,8.893218e+00,,
8650,7.545436e-01,,
8651,1.519498e+00,,
8652,6.010773e+02,,
8653,7.030368e+01,,
8654,2.327094e+00,,
8655,7.078781e-01,,
8656,4.942440e+00,,
8657,5.599438e+01,,
8658,1.290717e+02,,
8659,1.467283e+01,,
8660,1.000211e+00,,
8661,2.312330e+02,,
8662,2.420139e+01,,
8663,4.720617e+01,,
8664,1.916608e+01,,
8665,1.103859e+01,,
8666,2.088251e+02,,
8667,2.226153e+01,,
8668,7.210777e+00,,
8669,6.526092e+01,,
8670,3.480452e+01,,
8671,7.137011e+01,,
8672,9.626353e+01,,
8673,8.732968e+02,,
8674,3.029167e+01,,
8675,2.212990e+03,,
8676,1.381208e+02,,
8677,1.261471e+01,,
8678,8.290233e+00,,
8679,9.399334e+02,,
8680,2.256666e+01,,
8681,2.083167e+01,,
8682,3.089521e+01,,
8683,9.884924e+01,,
8684,6.856080e+01,,
8685,2.847407e+00,,
8686,2.756196e+00,,
8687,7.392581e+00,,
8688,3.548602e+00,,
8689,3.719266e+01,,
8690,1.727645e+02,,
8691,1.102492e+03,,
8692,2.185598e+02,,
8693,1.776347e+01,,
8694,1.690134e+00,,
8695,4.160360e+00,,
8696,1.350292e+00,,
8697,1.260215e+02,,
8698,2.736580e+01,,
8699,1.339625e+01,,
8700,9.769825e-01,,
8701,1.105966e+01,,
8702,6.218810e+00,,
8703,1.091133e+00,,
8704,1.732294e+00,,
8705,1.232689e+00,,
8706,5.292351e-01,,
8707,5.858464e+00,,
8708,1.003272e+01,,
8709,4.649941e+01,,
8710,6.814350e+03,,
8711,2.442064e+02,,
8712,5.863257e+02,,
8713,8.574624e+03,,
8714,5.406350e+02,,
8715,1.920930e+01,,
8716,1.954816e+01,,
8717,1.697208e+02,,
8718,9.932468e+01,,
8719,1.229407e+02,,
8720,1.733678e+03,,
8721,1.021201e+02,,
8722,2.515745e+03,,
8723,6.782034e+01,,
8724,5.092429e+01,,
8725,6.407004e+01,,
8726,7.168250e+01,,
8727,4.945618e+01,,
8728,1.932958e+03,,
8729,3.075659e+03,,
8730,2.291345e+03,,
8731,3.794750e+01,,
8732,1.860777e+01,,
8733,1.160949e+03,,
8734,4.616364e+01,,
8735,5.904723e+02,,
8736,1.756790e+02,,
8737,5.474811e+01,,
8738,9.604465e+01,,
8739,1.164002e+02,,
8740,5.394128e+03,,
8741,2.959830e+02,,
8742,1.404654e+03,,
8743,1.464333e+02,,
8744,4.872847e+02,,
8745,1.433185e+02,,
8746,9.406539e+03,,
8747,2.240772e+03,,
8748,1.438009e+03,,
8749,2.541454e+02,,
8750,1.916415e+03,,
8751,2.305955e+03,,
8752,1.806131e+04,,
8753,1.845715e+04,,
8754,9.153610e+03,,
8755,3.533921e+04,,
8756,4.159496e+03,,
8757,1.377357e+03,,
8758,5.352884e+02,,
8759,8.730455e+02,,
8760,7.899095e+02,,
8761,2.542018e+02,,
8762,7.370458e+02,,
8763,8.570424e+03,,
8764,5.402723e+04,,
8765,1.853735e+03,,
8766,3.725019e+02,,
8767,1.032686e+03,,
8768,1.032862e+02,,
8769,1.059054e+03,,
8770,1.026109e+03,,
8771,1.732527e+02,,
8772,4.357902e+02,,
8773,1.207374e+03,,
8774,3.099270e+03,,
8775,5.905892e+02,,
8776,4.938908e+02,,
8777,2.801013e+03,,
8778,6.955420e+03,,
8779,4.025999e+03,,
8780,3.105776e+03,,
8781,2.269604e+03,,
8782,2.302045e+02,,
8783,1.974670e+03,,
8784,1.905810e+04,,
8785,9.359849e+02,,
8786,3.936717e+03,,
8787,6.891362e+02,,
8788,1.856914e+02,,
8789,1.756324e+01,,
8790,4.039390e+01,,
8791,2.615103e+04,,
8792,2.862656e+02,,
8793,2.978328e+02,,
8794,1.758982e+03,,
8795,8.819267e+03,,
8796,1.272757e+04,,
8797,2.452622e+03,,
8798,1.509999e+03,,
8799,9.022505e+03,,
8800,5.835359e+02,,
8801,1.225485e+03,,
8802,2.324308e+02,,
8803,2.056779e+02,,
8804,6.113247e+02,,
8805,4.200026e+02,,
8806,5.371387e+02,,
8807,1.869333e+03,,
8808,2.651087e+02,,
8809,2.783944e+02,,
8810,8.708499e+02,,
8811,1.942034e+04,,
8812,6.945469e+02,,
8813,3.101964e+03,,
8814,4.134663e+02,,
8815,4.257613e+02,,
8816,3.886365e+03,,
8817,1.336134e+03,,
8818,4.112101e+02,,
8819,4.444420e+01,,
8820,5.077244e+02,,
8821,2.528954e+03,,
8822,2.062854e+03,,
8823,2.138877e+04,,
8824,7.541087e+02,,
8825,2.678166e+02,,
8826,1.024228e+03,,
8827,9.397093e+02,,
8828,1.151402e+04,,
8829,1.517274e+05,,
8830,2.538210e+04,,
8831,1.937394e+05,,
8832,1.202368e+02,,
8833,1.418241e+02,,
8834,1.768157e+02,,
8835,1.095014e+02,,
8836,1.298291e+03,,
8837,1.326714e+03,,
8838,5.110490e+03,,
8839,2.442437e+02,,
8840,1.638357e+02,,
8841,1.736831e+03,,
8842,2.582032e+03,,
8843,1.693445e+03,,
8844,2.606984e+02,,
8845,9.267969e+02,,
8846,8.347691e+02,,
8847,1.176592e+02,,
8848,7.186506e+03,,
8849,2.036369e+04,,
8850,2.794823e+03,,
8851,2.315372e+03,,
8852,5.287618e+02,,
8853,8.060003e+00,,
8854,1.714025e+02,,
8855,2.296699e+00,,
8856,5.550582e+01,,
8857,7.695013e+01,,
8858,4.838826e+01,,
8859,4.845879e+01,,
8860,3.741403e+02,,
8861,1.474513e+01,,
8862,5.233067e+00,,
8863,2.548532e+00,,
8864,2.250676e+01,,
8865,3.857860e+00,,
8866,3.546479e+01,,
8867,1.371149e+02,,
8868,1.709977e+02,,
8869,1.426830e+02,,
8870,1.982562e+01,,
8871,1.675175e+02,,
8872,1.402455e+02,,
8873,2.751812e+01,,
8874,3.559377e+01,,
8875,4.476063e+01,,
8876,8.453642e+01,,
8877,2.453935e+03,,
8878,4.289269e+02,,
8879,1.208168e+02,,
8880,6.695013e+02,,
8881,2.911184e+02,,
8882,2.452878e+01,,
8883,2.305604e+03,,
8884,2.214005e+02,,
8885,2.766722e+03,,
8886,3.614068e+02,,
8887,1.302513e+02,,
8888,3.183201e+01,,
8889,2.931390e+02,,
8890,6.983134e+03,,
8891,2.308018e+03,,
8892,1.029882e+04,,
8893,1.489402e+03,,
8894,2.671588e+02,,
8895,1.639631e+04,,
8896,3.150094e+04,,
8897,7.197298e+00,,
8898,3.651785e+00,,
8899,7.649920e+01,,
8900,2.477710e+00,,
8901,6.455091e+00,,
8902,3.270401e+00,,
8903,2.175396e+02,,
8904,1.062312e+03,,
8905,1.306139e+01,,
8906,3.632258e+01,,
8907,7.881034e+00,,
8908,1.507576e+03,,
8909,1.032770e+02,,
8910,7.907891e+01,,
8911,1.765810e+01,,
8912,1.635287e+01,,
8913,5.400278e+02,,
8914,3.498365e+01,,
8915,6.099919e+02,,
8916,3.420319e+02,,
8917,1.789095e+02,,
8918,3.078488e+02,,
8919,3.423004e+01,,
8920,4.522134e+01,,
8921,4.498545e+00,,
8922,9.950148e+00,,
8923,3.488965e+02,,
8924,1.410200e+02,,
8925,2.738214e+01,,
8926,7.631268e+01,,
8927,5.332668e+01,,
8928,8.618332e+02,,
8929,2.226357e+02,,
8930,2.554170e+03,,
8931,8.743634e+02,,
8932,1.575520e+03,,
8933,1.770838e+02,,
8934,6.257524e+01,,
8935,8.009626e+00,,
8936,8.794194e+00,,
8937,1.497972e+01,,
8938,1.302183e+01,,
8939,1.318152e+01,,
8940,3.386265e+02,,
8941,1.313503e+01,,
8942,3.843483e+00,,
8943,4.696129e+00,,
8944,6.009299e+01,,
8945,7.951364e+01,,
8946,3.703414e+02,,
8947,5.619899e+01,,
8948,3.540433e+01,,
8949,7.794107e+01,,
8950,1.999196e+02,,
8951,4.910330e+01,,
8952,1.327152e+01,,
8953,5.339553e+00,,
8954,1.143731e+01,,
8955,4.339103e+01,,
8956,1.225770e+02,,
8957,2.520654e+02,,
8958,9.684422e+01,,
8959,2.796997e+01,,
8960,7.180001e+00,,
8961,3.639308e-01,,
8962,5.810920e+00,,
8963,1.760076e+00,,
8964,3.029709e+00,,
8965,1.090732e+02,,
8966,9.353576e+02,,
8967,3.563499e+01,,
8968,7.922142e+02,,
8969,4.878254e+03,,
8970,3.926553e+02,,
8971,1.990841e+03,,
8972,2.269145e+02,,
8973,9.908362e+02,,
8974,8.029444e+02,,
8975,2.692966e+02,,
8976,1.736493e+02,,
8977,1.637872e+02,,
8978,4.454209e+03,,
8979,1.416215e+04,,
8980,8.343300e+03,,
8981,2.305233e+02,,
8982,1.908621e+02,,
8983,7.611255e+01,,
8984,7.859874e+01,,
8985,8.986246e+01,,
8986,1.377044e+04,,
8987,2.465991e+03,,
8988,1.041562e+03,,
8989,1.481090e+04,,
8990,5.746881e+02,,
8991,5.331205e+02,,
8992,1.707246e+02,,
8993,1.412057e+02,,
8994,2.036553e+03,,
8995,2.021080e+03,,
8996,6.056314e+01,,
8997,3.693248e+02,,
8998,5.818397e+01,,
8999,4.710781e+01,,
9000,8.124452e+02,,
9001,5.715631e+02,,
9002,9.845376e+01,,
9003,2.472347e+02,,
9004,7.023507e+02,,
9005,1.886031e+03,,
9006,9.799975e+01,,
9007,9.692529e+03,,
9008,4.505073e+02,,
9009,1.718229e+02,,
9010,1.113765e+04,,
9011,2.384882e+04,,
9012,4.348587e+03,,
9013,4.621865e+02,,
9014,2.470646e+03,,
9015,5.318998e+02,,
9016,3.993354e+03,,
9017,1.995556e+03,,
9018,8.784291e+03,,
9019,2.766645e+02,,
9020,4.444118e+01,,
9021,8.502910e+01,,
9022,6.967697e+01,,
9023,3.943921e+02,,
9024,2.696785e+03,,
9025,3.280505e+02,,
9026,4.653320e+02,,
9027,2.039071e+03,,
9028,3.565002e+02,,
9029,3.129887e+01,,
9030,2.337108e+02,,
9031,7.187617e+02,,
9032,2.723751e+03,,
9033,8.849439e+02,,
9034,4.401339e+03,,
9035,2.099771e+03,,
9036,1.609581e+02,,
9037,6.269073e+01,,
9038,3.776939e+01,,
9039,2.032404e+01,,
9040,1.774971e+02,,
9041,1.338840e+04,,
9042,1.854307e+03,,
9043,2.115228e+02,,
9044,3.222163e+03,,
9045,1.706916e+03,,
9046,1.709460e+01,,
9047,1.674779e+01,,
9048,1.987254e+02,,
9049,2.387606e+03,,
9050,3.459415e+01,,
9051,1.087143e+02,,
9052,2.026319e+01,,
9053,6.322675e+01,,
9054,2.484533e+02,,
9055,3.624153e+04,,
9056,1.193701e+04,,
9057,1.102414e+05,,
9058,1.689776e+04,,
9059,6.820187e+02,,
9060,6.781266e+02,,
9061,1.384962e+03,,
9062,1.348517e+03,,
9063,5.772206e+03,,
9064,6.155622e+02,,
9065,7.333199e+03,,
9066,1.041297e+03,,
9067,7.211060e+03,,
9068,4.000641e+01,,
9069,5.312520e+01,,
9070,1.112302e+04,,
9071,2.960261e+02,,
9072,1.622733e+03,,
9073,2.133387e+03,,
9074,6.113899e+02,,
9075,2.604535e+02,,
9076,2.941898e+02,,
9077,2.609181e+02,,
9078,1.851999e+03,,
9079,1.371200e+03,,
9080,4.649086e+03,,
9081,1.252729e+04,,
9082,2.770108e+03,,
9083,1.878452e+03,,
9084,6.744889e+03,,
9085,2.026555e+02,,
9086,3.782252e+02,,
9087,2.760593e+03,,
9088,7.367887e+02,,
9089,3.272687e+03,,
9090,5.833855e+02,,
9091,2.197459e+03,,
9092,7.550721e+03,,
9093,5.786704e+02,,
9094,5.175056e+02,,
9095,1.466026e+04,,
9096,3.157412e+04,,
9097,6.829237e+02,,
9098,1.121279e+04,,
9099,4.372554e+04,,
9100,7.715293e+03,,
9101,1.353319e+04,,
9102,4.133726e+03,,
9103,1.526399e+04,,
9104,4.070591e+02,,
9105,4.818639e+02,,
9106,1.719262e+03,,
9107,3.366237e+02,,
9108,3.986109e+04,,
9109,7.404860e+03,,
9110,3.893291e+04,,
9111,1.190698e+03,,
9112,9.792608e+02,,
9113,6.889730e+02,,
9114,4.021972e+02,,
9115,3.798603e+01,,
9116,3.068698e+01,,
9117,3.335735e+01,,
9118,3.363851e+02,,
9119,2.471101e+03,,
9120,7.281500e+02,,
9121,2.763183e+03,,
9122,3.675160e+02,,
9123,4.102945e+02,,
9124,3.531493e+01,,
9125,2.257026e+03,,
9126,1.402030e+02,,
9127,6.326826e+02,,
9128,1.114535e+03,,
9129,1.902115e+03,,
9130,1.280670e+04,,
9131,1.839919e+02,,
9132,8.687953e+01,,
9133,2.920995e+02,,
9134,1.308027e+03,,
9135,4.782285e+02,,
9136,3.997871e+03,,
9137,1.837713e+03,,
9138,5.145248e+02,,
9139,3.400664e+02,,
9140,1.381363e+03,,
9141,9.723448e+02,,
9142,4.932873e+02,,
9143,6.333468e+01,,
9144,2.466836e+01,,
9145,1.582453e+01,,
9146,6.276303e+03,,
9147,4.643429e+02,,
9148,5.102244e+02,,
9149,6.680512e+01,,
9150,1.454660e+01,,
9151,1.306973e+03,,
9152,1.427330e+03,,
9153,6.174612e+02,,
9154,4.664203e+02,,
9155,3.752960e+03,,
9156,6.626432e+02,,
9157,2.592100e+03,,
9158,9.664989e+00,,
9159,8.568138e+01,,
9160,3.216501e+01,,
9161,7.474187e+02,,
9162,3.325632e+02,,
9163,6.929542e+01,,
9164,3.923016e+01,,
9165,2.792716e+02,,
9166,1.050678e+03,,
9167,1.594601e+02,,
9168,1.017503e+02,,
9169,9.076070e+00,,
9170,4.054167e+01,,
9171,3.448825e+02,,
9172,6.951488e+00,,
9173,5.196056e+01,,
9174,7.596387e+01,,
9175,1.196013e+02,,
9176,1.362179e+01,,
9177,1.495226e+02,,
9178,3.156627e+01,,
9179,9.151908e+00,,
9180,2.735083e+02,,
9181,9.484640e+00,,
9182,1.205695e+01,,
9183,2.933992e+02,,
9184,1.715851e+02,,
9185,1.441818e+01,,
9186,1.209372e+02,,
9187,9.833852e+01,,
9188,7.307016e+01,,
9189,5.161825e+01,,
9190,4.524608e+02,,
9191,3.317242e+01,,
9192,2.380808e+02,,
9193,2.249860e+02,,
9194,1.376200e+03,,
9195,1.667873e+02,,
9196,1.185956e+02,,
9197,8.716211e+02,,
9198,3.581570e+03,,
9199,8.404393e+03,,
9200,8.299621e+02,,
9201,4.539458e+02,,
9202,2.352381e+02,,
9203,7.051532e+02,,
9204,1.317307e+04,,
9205,3.072194e+03,,
9206,3.353083e+03,,
9207,4.633596e+02,,
9208,3.564480e+03,,
9209,4.955243e+03,,
9210,5.624751e+04,,
9211,8.680490e+03,,
9212,1.280743e+05,,
9213,5.179487e+02,,
9214,1.023563e+04,,
9215,3.263415e+04,,
9216,1.407494e+03,,
9217,7.518973e+03,,
9218,1.823028e+05,,
9219,3.903499e+03,,
9220,1.225638e+04,,
9221,4.145991e+03,,
9222,1.829223e+03,,
9223,7.461115e+02,,
9224,3.002695e+04,,
9225,4.905704e+03,,
9226,2.635725e+04,,
9227,2.835817e+04,,
9228,6.319935e+04,,
9229,1.935095e+05,,
9230,6.392555e+05,,
9231,5.076257e+05,,
9232,1.973558e+04,,
9233,1.185532e+05,,
9234,6.048582e+04,,
9235,3.454722e+03,,
9236,1.896593e+03,,
9237,2.822107e+03,,
9238,2.285093e+02,,
9239,2.999911e+01,,
9240,1.273483e+01,,
9241,9.020186e+02,,
9242,9.622112e+02,,
9243,2.817942e+03,,
9244,9.594530e+02,,
9245,2.145895e+04,,
9246,4.297858e+04,,
9247,6.423298e+01,,
9248,2.248281e+03,,
9249,4.499330e+02,,
9250,5.177767e+01,,
9251,1.256305e+03,,
9252,2.309014e+02,,
9253,2.073467e+02,,
9254,3.438223e+01,,
9255,9.032294e+01,,
9256,2.827350e+02,,
9257,2.309837e+02,,
9258,8.397637e+02,,
9259,2.602446e+01,,
9260,2.256072e+01,,
9261,7.830346e+01,,
9262,2.347200e+02,,
9263,1.666412e+02,,
9264,1.922317e+02,,
9265,1.315198e+04,,
9266,3.059194e+02,,
9267,2.427276e+03,,
9268,2.595284e+03,,
9269,2.628567e+02,,
9270,3.371870e+02,,
9271,2.907511e+04,,
9272,2.764988e+03,,
9273,5.113307e+02,,
9274,6.262144e+03,,
9275,2.723748e+04,,
9276,6.866194e+04,,
9277,8.063964e+04,,
9278,8.030427e+03,,
9279,1.170516e+04,,
9280,8.718488e+04,,
9281,5.993699e+04,,
9282,1.265509e+03,,
9283,1.895031e+03,,
9284,2.147799e+02,,
9285,7.908507e+01,,
9286,4.118008e+03,,
9287,4.139404e+02,,
9288,2.233170e+03,,
9289,3.024937e+01,,
9290,4.350038e+01,,
9291,2.513794e+02,,
9292,1.307289e+02,,
9293,7.817510e+03,,
9294,4.293964e+03,,
9295,2.146108e+04,,
9296,4.192854e+03,,
9297,3.039833e+02,,
9298,2.989390e+02,,
9299,2.718446e+02,,
9300,1.143094e+03,,
9301,3.180441e+04,,
9302,1.243435e+03,,
9303,1.939050e+03,,
9304,1.896651e+03,,
9305,1.702260e+04,,
9306,8.462274e+02,,
9307,7.995038e+02,,
9308,3.434013e+02,,
9309,3.087587e+02,,
9310,5.664102e+02,,
9311,2.473448e+03,,
9312,9.998333e+02,,
9313,3.991800e+03,,
9314,7.068014e+02,,
9315,1.797636e+02,,
9316,1.435250e+03,,
9317,4.450931e+02,,
9318,8.981479e+03,,
9319,3.683372e+03,,
9320,6.193812e+02,,
9321,4.915466e+02,,
9322,2.726478e+04,,
9323,6.402947e+04,,
9324,1.761275e+03,,
9325,1.868513e+03,,
9326,7.574762e+02,,
9327,7.564006e+03,,
9328,9.037021e+02,,
9329,1.632271e+02,,
9330,1.076324e+03,,
9331,1.489546e+03,,
9332,1.138839e+03,,
9333,5.925180e+03,,
9334,2.156422e+03,,
9335,1.411698e+02,,
9336,2.138393e+02,,
9337,1.834610e+03,,
9338,1.151389e+04,,
9339,2.937261e+03,,
9340,1.782016e+03,,
9341,6.430666e+01,,
9342,4.703812e+03,,
9343,3.128094e+02,,
9344,1.930765e+03,,
9345,1.383181e+03,,
9346,4.089293e+02,,
9347,5.321780e+02,,
9348,3.094906e+02,,
9349,1.527455e+02,,
9350,7.946542e+02,,
9351,3.571517e+02,,
9352,6.047230e+03,,
9353,7.533761e+02,,
9354,2.135366e+01,,
9355,6.827150e+03,,
9356,2.148332e+04,,
9357,2.135561e+04,,
9358,2.199073e+04,,
9359,8.423837e+03,,
9360,1.073180e+03,,
9361,1.899754e+02,,
9362,1.430184e+02,,
9363,2.919583e+03,,
9364,1.759904e+03,,
9365,2.516108e+03,,
9366,5.099350e+03,,
9367,3.720371e+02,,
9368,1.315071e+05,,
9369,1.294845e+04,,
9370,1.070655e+04,,
9371,7.701640e+04,,
9372,6.273594e+03,,
9373,2.973260e+03,,
9374,1.739277e+03,,
9375,1.444469e+04,,
9376,7.467606e+03,,
9377,6.563871e+03,,
9378,5.643735e+03,,
9379,2.161090e+03,,
9380,8.404553e+03,,
9381,2.628456e+03,,
9382,1.618630e+03,,
9383,8.860382e+02,,
9384,2.943059e+03,,
9385,1.663534e+03,,
9386,5.867423e+02,,
9387,2.439826e+02,,
9388,1.803268e+03,,
9389,3.333753e+02,,
9390,5.096876e+03,,
9391,4.394856e+02,,
9392,2.298102e+04,,
9393,2.993628e+02,,
9394,9.826920e+02,,
9395,7.927417e+04,,
9396,1.435159e+04,,
9397,2.286797e+02,,
9398,2.339914e+03,,
9399,6.653634e+02,,
9400,2.445127e+03,,
9401,2.826038e+03,,
9402,2.183090e+04,,
9403,1.065408e+04,,
9404,6.602708e+03,,
9405,7.049416e+02,,
9406,6.591815e+01,,
9407,8.585741e+01,,
9408,2.626142e+01,,
9409,4.902011e+01,,
9410,1.543646e+01,,
9411,7.004342e+03,,
9412,3.922603e+01,,
9413,9.891543e+01,,
9414,1.249910e+03,,
9415,6.576891e+02,,
9416,5.879750e+03,,
9417,5.266474e+02,,
9418,1.083356e+03,,
9419,3.045941e+03,,
9420,2.326560e+03,,
9421,2.737404e+02,,
9422,3.319250e+02,,
9423,3.344726e+02,,
9424,1.503993e+02,,
9425,5.181468e+03,,
9426,2.796739e+02,,
9427,1.599695e+02,,
9428,5.602516e+02,,
9429,7.169174e+01,,
9430,3.959460e+01,,
9431,3.342341e+01,,
9432,4.656644e+02,,
9433,6.697698e+01,,
9434,2.573646e+01,,
9435,6.623162e+01,,
9436,2.736418e+02,,
9437,2.206815e+02,,
9438,4.429148e+03,,
9439,9.263659e+02,,
9440,3.671637e+03,,
9441,1.195151e+04,,
9442,9.218433e+01,,
9443,6.092957e+01,,
9444,3.999411e+01,,
9445,1.879272e+02,,
9446,1.510355e+02,,
9447,6.055792e+02,,
9448,3.476007e+02,,
9449,1.205578e+04,,
9450,1.720572e+03,,
9451,7.065835e+02,,
9452,5.610920e+02,,
9453,2.963226e+02,,
9454,1.206381e+04,,
9455,3.847149e+04,,
9456,6.204626e+03,,
9457,3.410231e+02,,
9458,1.288374e+03,,
9459,7.603275e+01,,
9460,1.008255e+03,,
9461,5.483710e+02,,
9462,2.087107e+02,,
9463,4.439442e+03,,
9464,7.863103e+01,,
9465,6.100709e+01,,
9466,2.894313e+02,,
9467,1.316690e+03,,
9468,1.684294e+02,,
9469,4.510508e+02,,
9470,4.922546e+02,,
9471,1.428645e+02,,
9472,2.651643e+03,,
9473,4.366323e+02,,
9474,2.414390e+02,,
9475,1.726186e+02,,
9476,1.142682e+02,,
9477,4.164757e+02,,
9478,1.210700e+02,,
9479,7.234297e+03,,
9480,2.252593e+03,,
9481,6.152168e+02,,
9482,4.088948e+01,,
9483,7.018207e+02,,
9484,1.041502e+02,,
9485,1.690734e+01,,
9486,2.685128e+01,,
9487,2.314410e+01,,
9488,5.961994e+02,,
9489,2.699389e+02,,
9490,4.200859e+02,,
9491,6.649763e+03,,
9492,1.250310e+03,,
9493,1.910454e+02,,
9494,2.037761e+01,,
9495,1.030005e+02,,
9496,1.431459e+02,,
9497,6.562533e+02,,
9498,4.121933e+03,,
9499,9.901375e+03,,
9500,8.420048e+01,,
9501,1.970231e+02,,
9502,4.770250e+01,,
9503,1.399592e+01,,
9504,3.764750e+03,,
9505,6.891290e+03,,
9506,3.382928e+03,,
9507,3.114068e+03,,
9508,8.956214e+03,,
9509,1.962276e+03,,
9510,2.830258e+04,,
9511,9.489312e+03,,
9512,1.241037e+03,,
9513,3.326156e+03,,
9514,3.441767e+03,,
9515,1.410616e+03,,
9516,5.167849e+02,,
9517,1.543465e+03,,
9518,2.876348e+03,,
9519,2.337353e+03,,
9520,1.355510e+03,,
9521,5.757600e+03,,
9522,1.531164e+03,,
9523,4.410158e+03,,
9524,3.248660e+02,,
9525,2.938036e+01,,
9526,1.454611e+02,,
9527,2.322902e+02,,
9528,7.707679e+03,,
9529,9.163395e+02,,
9530,5.125464e+02,,
9531,6.275588e+02,,
9532,3.517785e+02,,
9533,5.042468e+01,,
9534,6.388377e+01,,
9535,9.710246e+02,,
9536,2.938334e+02,,
9537,9.338446e+01,,
9538,4.589560e+02,,
9539,6.681432e+02,,
9540,2.754113e+01,,
9541,1.819054e+02,,
9542,6.379294e+03,,
9543,1.178133e+03,,
9544,2.048312e+01,,
9545,9.355116e+00,,
9546,3.527934e+01,,
9547,9.262487e+01,,
9548,1.827757e+01,,
9549,1.234357e+01,,
9550,3.860232e+02,,
9551,1.794285e+03,,
9552,6.641546e+02,,
9553,1.560312e+02,,
9554,8.610273e+02,,
9555,4.269443e+02,,
9556,3.316099e+02,,
9557,4.247068e+03,,
9558,9.488790e+02,,
9559,1.181791e+03,,
9560,2.065214e+02,,
9561,7.866789e+02,,
9562,1.504939e+04,,
9563,4.222743e+02,,
9564,3.583338e+04,,
9565,1.588996e+04,,
9566,1.748097e+03,,
9567,1.580767e+02,,
9568,6.366005e+02,,
9569,2.048495e+03,,
9570,2.866918e+03,,
9571,3.083467e+03,,
9572,1.290173e+02,,
9573,1.978443e+02,,
9574,1.387174e+03,,
9575,7.583447e+04,,
9576,4.390110e+03,,
9577,1.094770e+04,,
9578,1.097796e+03,,
9579,1.010821e+03,,
9580,4.785773e+02,,
9581,3.407642e+03,,
9582,3.557954e+03,,
9583,1.274916e+03,,
9584,3.237710e+01,,
9585,3.448853e+02,,
9586,3.168080e+02,,
9587,3.566264e+02,,
9588,2.069336e+02,,
9589,8.331385e+01,,
9590,2.771654e+01,,
9591,1.944021e+01,,
9592,9.096138e+01,,
9593,8.307027e+00,,
9594,3.583716e+01,,
9595,6.644600e+01,,
9596,1.021080e+02,,
9597,8.150248e+01,,
9598,2.476135e+01,,
9599,4.521718e+02,,
9600,1.748597e+02,,
9601,5.519177e+02,,
9602,1.490279e+02,,
9603,2.453684e+01,,
9604,5.801065e+03,,
9605,1.013935e+03,,
9606,1.785538e+04,,
9607,1.907486e+03,,
9608,5.431318e+02,,
9609,6.541420e+03,,
9610,3.569590e+03,,
9611,2.455596e+03,,
9612,6.283110e+02,,
9613,1.188108e+02,,
9614,8.076051e+02,,
9615,1.781446e+02,,
9616,1.248078e+03,,
9617,2.827338e+03,,
9618,3.096088e+03,,
9619,1.157003e+03,,
9620,1.038095e+02,,
9621,4.071581e+00,,
9622,8.473395e+00,,
9623,3.076771e+01,,
9624,6.318798e+01,,
9625,7.614725e+02,,
9626,7.140828e+03,,
9627,3.580831e+01,,
9628,1.298637e+03,,
9629,5.496753e+03,,
9630,8.049611e+01,,
9631,4.847524e+01,,
9632,1.270818e+02,,
9633,7.431043e+01,,
9634,1.192668e+02,,
9635,2.835861e+02,,
9636,1.742062e+02,,
9637,1.738207e+02,,
9638,4.836320e+03,,
9639,5.526563e+01,,
9640,7.739074e+02,,
9641,1.150883e+03,,
9642,5.682128e+02,,
9643,1.624218e+03,,
9644,3.757052e+01,,
9645,4.657798e+01,,
9646,1.392794e+02,,
9647,5.204001e+01,,
9648,5.779694e+02,,
9649,1.241522e+03,,
9650,5.548379e+02,,
9651,3.099915e+02,,
9652,6.288936e+01,,
9653,4.732779e+02,,
9654,3.964402e+02,,
9655,6.679307e+01,,
9656,7.316868e+02,,
9657,1.011837e+03,,
9658,1.713578e+03,,
9659,1.381919e+02,,
9660,3.020811e+01,,
9661,4.390964e+02,,
9662,4.925211e+01,,
9663,1.845712e+02,,
9664,2.052191e+02,,
9665,4.684399e+01,,
9666,3.442797e+01,,
9667,3.619231e+01,,
9668,7.374357e+00,,
9669,2.674398e+03,,
9670,5.901589e+01,,
9671,8.222185e+01,,
9672,1.030475e+04,,
9673,3.182161e+04,,
9674,2.714072e+03,,
9675,3.227542e+03,,
9676,1.237632e+03,,
9677,1.672727e+01,,
9678,1.939482e+02,,
9679,2.074840e+03,,
9680,1.222056e+03,,
9681,1.581027e+02,,
9682,1.194611e+02,,
9683,1.899476e+02,,
9684,5.176202e+01,,
9685,8.648450e+02,,
9686,5.605619e+01,,
9687,2.716627e+04,,
9688,3.369358e+03,,
9689,8.676928e+02,,
9690,9.432268e+02,,
9691,1.238589e+03,,
9692,4.523820e+03,,
9693,1.077316e+02,,
9694,5.175723e+02,,
9695,9.572050e+01,,
9696,3.305742e+01,,
9697,4.229378e+02,,
9698,2.659907e+02,,
9699,5.614617e+01,,
9700,9.236068e+00,,
9701,1.046063e+01,,
9702,3.190077e+01,,
9703,1.367754e+02,,
9704,9.076384e+01,,
9705,5.484053e+00,,
9706,2.303646e+01,,
9707,1.931159e+01,,
9708,1.324502e+01,,
9709,7.037380e+00,,
9710,2.809994e+01,,
9711,4.300507e+00,,
9712,9.022531e+01,,
9713,6.591336e+02,,
9714,1.664882e+02,,
9715,2.945463e+02,,
9716,4.729019e+00,,
9717,1.000718e+01,,
9718,6.178950e+00,,
9719,4.556741e+01,,
9720,1.660374e+03,,
9721,1.471653e+02,,
9722,4.834432e+02,,
9723,1.597544e+02,,
9724,2.476002e+02,,
9725,5.570451e+02,,
9726,8.685601e+02,,
9727,7.930298e+01,,
9728,1.515472e+01,,
9729,5.427426e+02,,
9730,3.932242e+01,,
9731,2.626542e+04,,
9732,3.785319e+02,,
9733,3.706718e+02,,
9734,3.689275e+02,,
9735,7.425959e+02,,
9736,1.644530e+04,,
9737,4.115902e+04,,
9738,3.631455e+03,,
9739,2.565309e+02,,
9740,9.706300e+03,,
9741,6.826762e+02,,
9742,8.792986e+02,,
9743,3.006785e+03,,
9744,1.984241e+04,,
9745,2.234456e+02,,
9746,5.195340e+02,,
9747,7.520407e+02,,
9748,9.963356e+02,,
9749,3.969546e+03,,
9750,2.880181e+03,,
9751,5.212653e+02,,
9752,2.008194e+02,,
9753,1.455373e+02,,
9754,2.132387e+02,,
9755,1.661739e+04,,
9756,5.261101e+03,,
9757,1.049807e+04,,
9758,1.488950e+03,,
9759,1.817933e+03,,
9760,1.169461e+03,,
9761,1.175576e+03,,
9762,1.610273e+03,,
9763,9.958660e+03,,
9764,3.111543e+03,,
9765,1.884995e+04,,
9766,8.350471e+02,,
9767,6.037643e+02,,
9768,3.563313e+03,,
9769,9.522576e+02,,
9770,9.915891e+01,,
9771,1.260779e+03,,
9772,2.728765e+02,,
9773,6.303345e+02,,
9774,5.447501e+03,,
9775,6.835114e+02,,
9776,6.204650e+04,,
9777,1.289631e+04,,
9778,7.511439e+04,,
9779,5.826019e+03,,
9780,2.375887e+02,,
9781,1.587252e+03,,
9782,6.181428e+03,,
9783,9.705561e+03,,
9784,5.787277e+03,,
9785,3.458264e+03,,
9786,1.168317e+02,,
9787,9.471063e+03,,
9788,2.093263e+03,,
9789,2.840834e+03,,
9790,1.351331e+02,,
9791,7.293993e+03,,
9792,2.217447e+03,,
9793,8.696737e+02,,
9794,1.393330e+03,,
9795,2.050642e+03,,
9796,1.291471e+03,,
9797,1.695055e+03,,
9798,1.543723e+04,,
9799,6.875423e+03,,
9800,5.394784e+04,,
9801,6.399573e+03,,
9802,1.598035e+03,,
9803,2.028051e+03,,
9804,1.786755e+03,,
9805,2.238776e+04,,
9806,2.271095e+04,,
9807,6.933181e+02,,
9808,6.386196e+03,,
9809,1.098326e+05,,
9810,1.198356e+04,,
9811,2.271394e+04,,
9812,1.093368e+03,,
9813,4.614698e+02,,
9814,2.140431e+05,,
9815,2.363677e+03,,
9816,2.604872e+03,,
9817,7.768465e+02,,
9818,4.473248e+03,,
9819,9.499074e+03,,
9820,5.897934e+04,,
9821,4.168201e+05,,
9822,2.925980e+04,,
9823,4.570220e+04,,
9824,8.627808e+03,,
9825,5.513676e+04,,
9826,8.307083e+02,,
9827,5.602873e+04,,
9828,6.731264e+03,,
9829,9.156355e+03,,
9830,4.241071e+03,,
9831,1.129622e+05,,
9832,1.053330e+05,,
9833,3.441268e+04,,
9834,1.993056e+05,,
9835,2.091922e+04,,
9836,1.454698e+04,,
9837,7.433227e+03,,
9838,7.851808e+04,,
9839,1.114731e+05,,
9840,1.637275e+05,,
9841,6.847455e+05,,
9842,4.065535e+04,,
9843,1.621910e+04,,
9844,7.139928e+03,,
9845,2.585887e+04,,
9846,4.411051e+03,,
9847,7.165917e+03,,
9848,2.763082e+02,,
9849,7.860477e+03,,
9850,1.760784e+03,,
9851,1.648865e+04,,
9852,1.259554e+04,,
9853,1.036825e+03,,
9854,4.001383e+03,,
9855,3.897126e+02,,
9856,5.954093e+03,,
9857,2.063995e+02,,
9858,1.615462e+03,,
9859,3.690707e+03,,
9860,1.879272e+03,,
9861,2.727582e+03,,
9862,1.733772e+02,,
9863,1.973564e+03,,
9864,3.085163e+03,,
9865,2.205496e+03,,
9866,1.044701e+04,,
9867,1.365968e+03,,
9868,1.604505e+02,,
9869,4.184759e+03,,
9870,4.246147e+03,,
9871,1.175733e+03,,
9872,3.943343e+03,,
9873,5.745134e+02,,
9874,7.869305e+02,,
9875,2.091650e+04,,
9876,2.544109e+04,,
9877,2.718397e+03,,
9878,1.989424e+04,,
9879,1.315331e+03,,
9880,3.616462e+01,,
9881,9.013255e+01,,
9882,5.838085e+01,,
9883,6.627258e+02,,
9884,2.432010e+03,,
9885,2.029417e+04,,
9886,1.947523e+03,,
9887,4.158531e+03,,
9888,9.156458e+03,,
9889,1.264314e+04,,
9890,4.491294e+04,,
9891,7.757708e+02,,
9892,9.640741e+03,,
9893,5.482499e+03,,
9894,1.120276e+03,,
9895,1.454546e+04,,
9896,3.599648e+02,,
9897,1.046250e+02,,
9898,4.018454e+02,,
9899,1.416399e+03,,
9900,8.270065e+02,,
9901,2.350269e+01,,
9902,2.119430e+01,,
9903,1.221612e+01,,
9904,1.022062e+02,,
9905,1.277545e+02,,
9906,3.170634e+02,,
9907,4.102816e+01,,
9908,1.279201e+02,,
9909,1.262296e+01,,
9910,5.650085e+01,,
9911,1.308581e+03,,
9912,4.754885e+03,,
9913,6.191347e+02,,
9914,6.253356e+02,,
9915,2.649656e+03,,
9916,1.292050e+03,,
9917,6.319177e+03,,
9918,4.983293e+01,,
9919,2.202426e+05,,
9920,3.746251e+04,,
9921,8.884400e+04,,
9922,2.126027e+04,,
9923,6.491625e+04,,
9924,1.132087e+03,,
9925,1.930104e+03,,
9926,4.313153e+02,,
9927,4.373498e+02,,
9928,1.422872e+04,,
9929,8.262394e+02,,
9930,4.379021e+02,,
9931,5.253532e+03,,
9932,5.444802e+03,,
9933,6.896804e+04,,
9934,7.388562e+04,,
9935,1.231512e+04,,
9936,1.521895e+04,,
9937,6.790441e+04,,
9938,1.302657e+04,,
9939,2.415891e+03,,
9940,1.584508e+04,,
9941,5.577943e+03,,
9942,3.881758e+04,,
9943,6.092319e+03,,
9944,2.756172e+03,,
9945,4.377843e+04,,
9946,7.220369e+04,,
9947,1.007770e+05,,
9948,1.305467e+05,,
9949,4.330751e+03,,
9950,1.037575e+04,,
9951,1.743392e+05,,
9952,1.687791e+04,,
9953,4.787746e+04,,
9954,3.545843e+04,,
9955,2.872841e+03,,
9956,4.266238e+04,,
9957,5.832853e+03,,
9958,1.146209e+04,,
9959,5.010738e+03,,
9960,7.109574e+04,,
9961,1.394903e+05,,
9962,4.392709e+05,,
9963,2.110696e+04,,
9964,2.881943e+05,,
9965,5.559195e+04,,
9966,9.036553e+04,,
9967,1.327773e+05,,
9968,8.134873e+03,,
9969,4.251271e+03,,
9970,4.492449e+04,,
9971,2.654073e+04,,
9972,4.662334e+04,,
9973,6.636892e+03,,
9974,7.824603e+03,,
9975,4.926694e+02,,
9976,2.023768e+03,,
9977,7.253780e+02,,
9978,3.224891e+02,,
9979,6.376652e+02,,
9980,5.162727e+03,,
9981,3.741623e+03,,
9982,1.259862e+03,,
9983,2.079784e+04,,
9984,6.033071e+03,,
9985,1.735611e+04,,
9986,1.439499e+03,,
9987,6.230482e+02,,
9988,2.311149e+01,,
9989,2.191134e+02,,
9990,2.474071e+01,,
9991,1.574270e+02,,
9992,1.784296e+02,,
9993,1.258391e+03,,
9994,6.968955e+03,,
9995,6.659665e+01,,
9996,8.251881e+03,,
9997,4.019156e+04,,
9998,1.964466e+04,,
9999,9.959225e+04,,
10000,7.480960e+03,,
10001,4.011223e+04,,
10002,6.052231e+03,,
10003,3.326864e+03,,
10004,5.945962e+02,,
10005,5.069767e+03,,
10006,7.183162e+02,,
10007,6.068108e+03,,
10008,2.665417e+02,,
10009,8.370395e+02,,
10010,1.319278e+02,,
10011,1.059985e+04,,
10012,3.231007e+03,,
10013,1.685256e+02,,
10014,2.320881e+03,,
10015,1.101098e+04,,
10016,1.235467e+03,,
10017,4.440963e+01,,
10018,5.751615e+01,,
10019,1.352784e+02,,
10020,4.978868e+02,,
10021,4.281627e+01,,
10022,5.191585e+01,,
10023,6.727649e+02,,
10024,4.631932e+01,,
10025,1.175150e+02,,
10026,6.589479e+01,,
10027,1.547854e+01,,
10028,7.756164e+01,,
10029,4.505240e+01,,
10030,2.240644e+02,,
10031,2.517379e+01,,
10032,2.703393e+02,,
10033,4.284616e+01,,
10034,2.794410e+01,,
10035,2.086451e+03,,
10036,2.599351e+02,,
10037,2.384199e+03,,
10038,3.317263e+02,,
10039,4.268084e+02,,
10040,1.443816e+03,,
10041,1.008412e+03,,
10042,3.644933e+01,,
10043,8.283430e+01,,
10044,8.836082e+01,,
10045,3.936560e+03,,
10046,6.776057e+02,,
10047,1.235505e+03,,
10048,9.792306e+00,,
10049,1.610558e+02,,
10050,1.725394e+02,,
10051,3.757027e+02,,
10052,1.082482e+04,,
10053,2.105496e+02,,
10054,1.993110e+04,,
10055,3.012334e+04,,
10056,9.007428e+02,,
10057,2.893450e+02,,
10058,1.619769e+02,,
10059,5.805618e+00,,
10060,2.045789e+01,,
10061,1.019800e+01,,
10062,1.591198e+02,,
10063,8.376916e+01,,
10064,5.202478e+01,,
10065,1.148069e+01,,
10066,2.498125e+01,,
10067,3.719295e+02,,
10068,1.004943e+03,,
10069,3.866871e+02,,
10070,1.696772e+02,,
10071,6.752789e+01,,
10072,3.546054e+02,,
10073,3.061539e+02,,
10074,9.886885e+02,,
10075,6.652356e+02,,
10076,1.453941e+02,,
10077,3.633319e+02,,
10078,1.393545e+02,,
10079,1.697264e+03,,
10080,1.522675e+01,,
10081,1.287161e+04,,
10082,4.744798e+03,,
10083,1.338437e+02,,
10084,1.721148e+02,,
10085,2.526096e+02,,
10086,1.004493e+03,,
10087,1.515270e+03,,
10088,2.143610e+03,,
10089,8.689560e+01,,
10090,3.470403e+02,,
10091,9.354805e+02,,
10092,3.381497e+02,,
10093,2.451541e+01,,
10094,4.381709e+01,,
10095,3.414954e+01,,
10096,4.140546e+01,,
10097,9.044396e+01,,
10098,7.735221e+02,,
10099,2.527319e+01,,
10100,6.112603e+02,,
10101,3.445559e+01,,
10102,3.663417e+02,,
10103,1.757997e+02,,
10104,5.688166e+01,,
10105,8.071992e+02,,
10106,7.380025e+01,,
10107,2.191737e+02,,
10108,2.700175e+02,,
10109,2.951914e+02,,
10110,5.012791e+01,,
10111,1.206107e+02,,
10112,1.224550e+02,,
10113,4.158477e+02,,
10114,2.818042e+02,,
10115,5.803372e+02,,
10116,1.425295e+01,,
10117,1.163940e+03,,
10118,1.440691e+02,,
10119,4.882735e+01,,
10120,1.159034e+02,,
10121,8.783055e+00,,
10122,3.147931e+01,,
10123,3.082457e+01,,
10124,1.021978e+01,,
10125,3.337347e+00,,
10126,2.673236e+01,,
10127,1.166387e+01,,
10128,4.565846e+01,,
10129,2.498158e+00,,
10130,1.266594e+00,,
10131,4.402657e+01,,
10132,3.276262e+01,,
10133,4.816876e+02,,
10134,3.571518e+02,,
10135,1.662305e+02,,
10136,2.904041e+00,,
10137,2.258551e+02,,
10138,1.220533e+01,,
10139,4.919373e+00,,
10140,1.163554e+00,,
10141,7.157220e+00,,
10142,4.947192e+00,,
10143,2.899507e+00,,
10144,7.069711e+00,,
10145,1.993388e+01,,
10146,2.227723e+00,,
10147,8.593240e+00,,
10148,2.031504e+00,,
10149,2.903492e+01,,
10150,3.128382e+02,,
10151,5.831780e+01,,
10152,3.261439e+02,,
10153,1.164859e+03,,
10154,8.847616e+01,,
10155,8.310603e+01,,
10156,1.451724e+03,,
10157,2.653349e+02,,
10158,2.400927e+03,,
10159,9.970228e+03,,
10160,1.898583e+02,,
10161,4.628033e+01,,
10162,1.043354e+03,,
10163,1.194776e+03,,
10164,8.681936e+02,,
10165,1.083860e+01,,
10166,1.553617e+01,,
10167,1.150670e+01,,
10168,1.991498e+01,,
10169,3.039356e+01,,
10170,1.545873e+02,,
10171,2.167754e+02,,
10172,4.228583e+01,,
10173,7.735740e+00,,
10174,1.820811e+01,,
10175,6.704418e+01,,
10176,1.502730e+01,,
10177,2.484450e+03,,
10178,2.656381e+02,,
10179,1.728304e+02,,
10180,3.861424e+02,,
10181,1.729574e+03,,
10182,2.750760e+02,,
10183,2.660519e+01,,
10184,4.478513e+02,,
10185,1.089902e+02,,
10186,1.151467e+02,,
10187,3.965277e+02,,
10188,2.207080e+02,,
10189,1.092470e+02,,
10190,2.055065e+02,,
10191,1.016321e+04,,
10192,3.865046e+03,,
10193,3.654253e+03,,
10194,2.601523e+03,,
10195,6.579383e+02,,
10196,3.120865e+02,,
10197,2.379909e+02,,
10198,3.221330e+01,,
10199,4.036690e+04,,
10200,6.314948e+04,,
10201,1.150079e+04,,
10202,1.927803e+03,,
10203,7.727126e+02,,
10204,4.215188e+03,,
10205,3.428474e+02,,
10206,4.593432e+02,,
10207,6.753634e+01,,
10208,4.581180e+01,,
10209,2.181085e+02,,
10210,4.123415e+03,,
10211,5.432528e+02,,
10212,5.867670e+03,,
10213,1.549412e+03,,
10214,6.778624e+03,,
10215,6.486947e+02,,
10216,5.903626e+02,,
10217,8.761093e+02,,
10218,2.798171e+02,,
10219,9.808964e+03,,
10220,5.832810e+03,,
10221,1.042559e+03,,
10222,6.795401e+03,,
10223,1.553319e+03,,
10224,1.182155e+03,,
10225,7.923419e+02,,
10226,8.562782e+02,,
10227,7.321596e+03,,
10228,5.531154e+02,,
10229,4.072259e+01,,
10230,4.713930e+01,,
10231,4.015459e+02,,
10232,6.113169e+01,,
10233,1.283286e+02,,
10234,5.073612e+02,,
10235,2.479117e+03,,
10236,5.932173e+03,,
10237,4.419315e+03,,
10238,1.017990e+04,,
10239,8.089654e+03,,
10240,2.135723e+03,,
10241,4.184399e+02,,
10242,7.740932e+02,,
10243,1.347673e+03,,
10244,6.236533e+02,,
10245,7.459536e+03,,
10246,1.291095e+02,,
10247,1.819325e+02,,
10248,3.468306e+02,,
10249,1.814233e+04,,
10250,1.275759e+02,,
10251,2.636083e+02,,
10252,1.264325e+03,,
10253,2.068494e+04,,
10254,4.274497e+03,,
10255,1.613033e+03,,
10256,3.399580e+03,,
10257,1.669096e+03,,
10258,1.743499e+04,,
10259,1.593023e+03,,
10260,7.082186e+02,,
10261,2.140767e+02,,
10262,6.243329e+01,,
10263,5.538778e+02,,
10264,8.614769e+01,,
10265,7.611357e+01,,
10266,3.565863e+01,,
10267,1.363311e+04,,
10268,8.768890e+02,,
10269,7.881152e+02,,
10270,1.244264e+02,,
10271,1.523372e+02,,
10272,2.752788e+01,,
10273,1.658862e+02,,
10274,9.867550e+01,,
10275,2.213994e+01,,
10276,7.870281e+00,,
10277,1.230591e+02,,
10278,6.330310e+02,,
10279,1.030272e+02,,
10280,9.244658e+01,,
10281,1.852129e+01,,
10282,1.151832e+01,,
10283,7.349384e+02,,
10284,3.695816e+01,,
10285,2.614058e+01,,
10286,8.109176e+00,,
10287,6.392941e+01,,
10288,1.442069e+02,,
10289,3.594850e+01,,
10290,5.813500e+01,,
10291,9.056409e+03,,
10292,8.526427e+02,,
10293,7.325194e+02,,
10294,1.562176e+02,,
10295,2.950709e+02,,
10296,8.146763e+02,,
10297,5.216554e+01,,
10298,2.827168e+02,,
10299,9.472089e+01,,
10300,2.858336e+02,,
10301,6.524470e+03,,
10302,5.217285e+02,,
10303,2.987786e+02,,
10304,3.909904e+00,,
10305,7.868595e+00,,
10306,6.362804e+00,,
10307,2.007498e+00,,
10308,5.138658e+00,,
10309,2.978353e+02,,
10310,2.300060e+02,,
10311,1.092643e+01,,
10312,3.015615e+00,,
10313,4.027850e+00,,
10314,3.044282e+00,,
10315,2.304191e+00,,
10316,4.549562e+01,,
10317,3.190737e+01,,
10318,4.691452e+01,,
10319,1.473876e+00,,
10320,2.693294e+01,,
10321,5.542278e+00,,
10322,8.223550e+01,,
10323,5.813440e-01,,
10324,6.188318e+00,,
10325,2.518254e+00,,
10326,5.614900e+00,,
10327,1.758844e+01,,
10328,3.665209e+02,,
10329,5.677257e+01,,
10330,1.264442e+02,,
10331,1.462390e+01,,
10332,2.032812e+00,,
10333,2.571038e+00,,
10334,3.363656e+00,,
10335,8.122301e+01,,
10336,2.796823e+01,,
10337,5.509124e+02,,
10338,7.910022e+03,,
10339,1.463571e+02,,
10340,8.379063e+01,,
10341,4.126974e+03,,
10342,6.900063e+02,,
10343,2.766231e+02,,
10344,9.015095e+01,,
10345,1.312001e+02,,
10346,8.762724e+01,,
10347,2.829236e+02,,
10348,1.310588e+02,,
10349,2.832795e+02,,
10350,1.129608e+01,,
10351,1.014035e+03,,
10352,1.421052e+02,,
10353,2.168267e+03,,
10354,1.440089e+03,,
10355,1.258268e+03,,
10356,7.419021e+02,,
10357,4.824028e+02,,
10358,1.893860e+02,,
10359,5.999512e+01,,
10360,4.502907e+01,,
10361,7.534618e+01,,
10362,1.512679e+02,,
10363,2.231619e+02,,
10364,5.272704e+01,,
10365,1.435187e+03,,
10366,1.436114e+02,,
10367,3.318715e+02,,
10368,8.372143e+00,,
10369,6.044803e+01,,
10370,1.729972e+01,,
10371,3.417495e+00,,
10372,1.300128e+00,,
10373,2.813789e+00,,
10374,5.920872e+01,,
10375,1.302362e+01,,
10376,1.108301e+01,,
10377,2.886139e+00,,
10378,4.047074e-01,,
10379,9.572685e+00,,
10380,3.803847e+01,,
10381,3.093125e+00,,
10382,3.450756e+01,,
10383,5.290276e+01,,
10384,9.033106e+02,,
10385,1.510140e+02,,
10386,3.736444e+02,,
10387,4.074550e+02,,
10388,1.678318e+02,,
10389,7.780922e+01,,
10390,8.745580e+01,,
10391,5.328412e+03,,
10392,2.730275e+03,,
10393,1.149493e+02,,
10394,1.153315e+01,,
10395,3.412702e+01,,
10396,2.829402e+02,,
10397,1.040517e+03,,
10398,2.769248e+02,,
10399,2.143150e+01,,
10400,5.147030e+02,,
10401,5.320083e+01,,
10402,3.887632e+02,,
10403,3.890401e+02,,
10404,1.389137e+02,,
10405,4.314147e+02,,
10406,4.095364e+01,,
10407,1.169520e+01,,
10408,1.715564e+02,,
10409,2.026879e+01,,
10410,3.031831e+02,,
10411,8.097799e+02,,
10412,1.226403e+02,,
10413,1.014700e+03,,
10414,9.613602e+01,,
10415,1.966906e+02,,
10416,1.852208e+02,,
10417,1.459644e+02,,
10418,5.255970e+01,,
10419,6.881951e+01,,
10420,1.918582e+02,,
10421,7.631114e+01,,
10422,6.159348e+01,,
10423,3.022814e+01,,
10424,1.224150e+01,,
10425,2.036291e+01,,
10426,2.561531e+00,,
10427,6.094084e+00,,
10428,4.970136e+01,,
10429,8.173276e+00,,
10430,1.370263e+02,,
10431,9.971796e+02,,
10432,4.486383e+00,,
10433,2.249598e+01,,
10434,7.226966e+01,,
10435,3.867217e+03,,
10436,6.220818e+02,,
10437,2.727349e+04,,
10438,2.679327e+04,,
10439,1.065730e+04,,
10440,1.411179e+04,,
10441,3.665191e+03,,
10442,2.878033e+02,,
10443,1.753578e+03,,
10444,1.211759e+04,,
10445,8.931833e+02,,
10446,2.926383e+02,,
10447,7.952762e+03,,
10448,1.573901e+03,,
10449,7.559064e+03,,
10450,1.347812e+03,,
10451,1.262355e+03,,
10452,1.465612e+02,,
10453,4.172458e+02,,
10454,1.009767e+03,,
10455,4.873274e+03,,
10456,1.568698e+02,,
10457,7.062804e+02,,
10458,7.272353e+01,,
10459,1.212971e+02,,
10460,5.543400e+04,,
10461,1.061596e+04,,
10462,1.954907e+03,,
10463,3.275959e+02,,
10464,3.064603e+02,,
10465,7.933671e+02,,
10466,3.990104e+01,,
10467,2.935961e+00,,
10468,1.034178e+01,,
10469,3.011478e+01,,
10470,9.098106e+00,,
10471,2.087822e+01,,
10472,1.115978e+01,,
10473,4.296518e+02,,
10474,4.451955e+02,,
10475,4.287278e+01,,
10476,1.682012e+02,,
10477,1.083498e+01,,
10478,1.346511e+01,,
10479,4.035295e+01,,
10480,9.169798e-01,,
10481,2.494655e+01,,
10482,1.593254e+01,,
10483,4.382004e+00,,
10484,8.624769e+00,,
10485,6.646612e+00,,
10486,1.607972e+01,,
10487,4.145810e+00,,
10488,3.866025e+00,,
10489,1.818915e+01,,
10490,2.003083e+01,,
10491,1.387927e+01,,
10492,7.706050e+01,,
10493,5.804345e+00,,
10494,7.355110e+00,,
10495,3.885336e+00,,
10496,3.888833e+02,,
10497,4.602226e+01,,
10498,7.801538e+00,,
10499,1.193539e+01,,
10500,6.624964e+00,,
10501,4.569339e+02,,
10502,9.337829e+01,,
10503,2.909557e+02,,
10504,1.166792e+00,,
10505,1.194110e+01,,
10506,2.164056e+01,,
10507,1.413720e+01,,
10508,4.770286e+01,,
10509,8.419441e+00,,
10510,2.251245e+00,,
10511,8.202002e+01,,
10512,4.423332e+01,,
10513,1.783187e+02,,
10514,2.556575e+01,,
10515,7.989588e+01,,
10516,4.314342e+01,,
10517,6.204917e+01,,
10518,1.205698e+02,,
10519,1.100543e+02,,
10520,6.863300e+01,,
10521,1.506266e+01,,
10522,2.844208e+01,,
10523,8.865854e+02,,
10524,1.143116e+02,,
10525,2.259036e+01,,
10526,9.897039e+00,,
10527,4.738762e+00,,
10528,4.850355e+00,,
10529,1.777065e+02,,
10530,7.919288e+00,,
10531,1.539977e+02,,
10532,1.055678e+01,,
10533,1.929983e+01,,
10534,8.079450e+00,,
10535,6.513079e+01,,
10536,3.277241e+02,,
10537,7.086636e+01,,
10538,4.101183e+01,,
10539,2.672363e+02,,
10540,1.119609e+03,,
10541,6.009918e+01,,
10542,9.238776e+01,,
10543,7.341599e+01,,
10544,1.491518e+01,,
10545,1.249773e+01,,
10546,2.233304e+02,,
10547,1.390958e+03,,
10548,2.098728e+02,,
10549,8.557015e+01,,
10550,7.817948e+00,,
10551,7.949204e+00,,
10552,1.125181e+03,,
10553,1.881104e+03,,
10554,2.687144e+02,,
10555,4.373113e+02,,
10556,3.937575e+02,,
10557,8.108737e+01,,
10558,5.681859e+02,,
10559,4.527380e+01,,
10560,1.222013e+03,,
10561,3.116211e+02,,
10562,4.672136e+03,,
10563,4.619533e+03,,
10564,1.380921e+03,,
10565,1.831752e+02,,
10566,1.608034e+03,,
10567,6.380309e+02,,
10568,7.352283e+02,,
10569,7.743679e+02,,
10570,1.412724e+03,,
10571,6.372434e+02,,
10572,7.836270e+02,,
10573,1.390299e+03,,
10574,1.348749e+02,,
10575,5.439400e+03,,
10576,1.384339e+04,,
10577,6.086630e+01,,
10578,2.009161e+03,,
10579,7.807050e+03,,
10580,5.296854e+02,,
10581,3.094074e+03,,
10582,7.896648e+02,,
10583,6.197085e+02,,
10584,1.139024e+03,,
10585,8.564507e+03,,
10586,3.096905e+02,,
10587,4.723788e+03,,
10588,3.963723e+02,,
10589,2.017410e+02,,
10590,3.837228e+03,,
10591,6.362739e+03,,
10592,1.261819e+04,,
10593,6.179993e+02,,
10594,3.881118e+03,,
10595,3.142325e+04,,
10596,3.296854e+04,,
10597,1.614632e+03,,
10598,9.197249e+02,,
10599,1.567746e+02,,
10600,3.107498e+04,,
10601,8.186049e+02,,
10602,2.389300e+03,,
10603,8.848072e+03,,
10604,2.133645e+04,,
10605,3.386818e+04,,
10606,1.523969e+04,,
10607,1.613277e+03,,
10608,1.221178e+03,,
10609,1.656207e+02,,
10610,2.308984e+02,,
10611,2.870639e+03,,
10612,1.322330e+03,,
10613,2.744029e+03,,
10614,2.023519e+02,,
10615,6.490387e+02,,
10616,2.794867e+02,,
10617,1.663713e+03,,
10618,1.853925e+03,,
10619,6.205976e+02,,
10620,1.468235e+03,,
10621,3.626464e+02,,
10622,3.785622e+03,,
10623,4.939149e+02,,
10624,1.367922e+04,,
10625,7.942989e+03,,
10626,2.943211e+04,,
10627,4.802766e+04,,
10628,3.209115e+03,,
10629,3.886378e+03,,
10630,7.184274e+03,,
10631,1.407600e+04,,
10632,2.497339e+03,,
10633,5.421381e+01,,
10634,2.462878e+02,,
10635,1.976255e+02,,
10636,3.119586e+01,,
10637,1.750212e+03,,
10638,4.548406e+02,,
10639,1.054780e+03,,
10640,5.559260e+02,,
10641,3.380610e+01,,
10642,5.953471e+01,,
10643,3.376860e+02,,
10644,2.367166e+01,,
10645,7.277366e+03,,
10646,5.813524e+03,,
10647,3.480601e+04,,
10648,1.568677e+04,,
10649,8.864199e+03,,
10650,2.607756e+03,,
10651,1.452687e+03,,
10652,1.283594e+01,,
10653,3.610738e+02,,
10654,8.399988e+01,,
10655,1.101888e+03,,
10656,9.682424e+03,,
10657,1.452749e+03,,
10658,6.299980e+02,,
10659,3.799778e+03,,
10660,1.480981e+03,,
10661,1.255589e+03,,
10662,8.130519e+03,,
10663,2.561513e+02,,
10664,7.716409e+02,,
10665,1.860407e+03,,
10666,2.166727e+03,,
10667,2.481511e+03,,
10668,2.953140e+02,,
10669,7.342822e+03,,
10670,5.356979e+03,,
10671,1.663011e+03,,
10672,7.708173e+01,,
10673,1.122084e+03,,
10674,1.309560e+03,,
10675,6.831575e+02,,
10676,4.380078e+02,,
10677,2.634921e+02,,
10678,7.754562e+01,,
10679,2.965166e+01,,
10680,2.450046e+02,,
10681,2.795120e+03,,
10682,6.507958e+01,,
10683,5.018863e+01,,
10684,4.394481e+02,,
10685,3.149079e+02,,
10686,1.039707e+02,,
10687,3.650298e+01,,
10688,2.356965e+02,,
10689,7.811328e+02,,
10690,2.499640e+04,,
10691,7.248603e+03,,
10692,5.987680e+03,,
10693,3.902115e+02,,
10694,6.880432e+02,,
10695,1.908513e+03,,
10696,1.032981e+04,,
10697,2.268605e+04,,
10698,3.548667e+03,,
10699,9.853645e+02,,
10700,1.643810e+03,,
10701,3.283938e+02,,
10702,1.963194e+03,,
10703,9.217575e+03,,
10704,1.792992e+02,,
10705,7.695138e+03,,
10706,2.888943e+03,,
10707,6.877522e+04,,
10708,8.428383e+02,,
10709,3.347731e+02,,
10710,3.137325e+02,,
10711,4.659306e+03,,
10712,1.619061e+04,,
10713,1.666279e+03,,
10714,4.970389e+03,,
10715,7.168301e+02,,
10716,3.634526e+02,,
10717,2.363355e+02,,
10718,8.144467e+02,,
10719,3.155110e+03,,
10720,8.220417e+03,,
10721,7.123012e+02,,
10722,2.587435e+02,,
10723,9.616337e+02,,
10724,4.471896e+02,,
10725,7.789794e+02,,
10726,2.436776e+03,,
10727,1.346578e+03,,
10728,5.298884e+02,,
10729,1.267837e+04,,
10730,9.031538e+02,,
10731,3.416704e+04,,
10732,3.972617e+03,,
10733,2.865439e+03,,
10734,2.470054e+02,,
10735,7.292586e+03,,
10736,1.013335e+03,,
10737,8.085261e+02,,
10738,8.729336e+03,,
10739,3.606148e+02,,
10740,7.158261e+03,,
10741,3.921051e+02,,
10742,1.092129e+03,,
10743,1.013305e+03,,
10744,5.450696e+03,,
10745,4.694181e+02,,
10746,9.239611e+02,,
10747,1.122869e+03,,
10748,1.236459e+02,,
10749,9.579972e+01,,
10750,1.733184e+03,,
10751,6.036863e+03,,
10752,4.924715e+02,,
10753,7.468212e+01,,
10754,7.501543e+01,,
10755,4.417646e+02,,
10756,2.302662e+03,,
10757,2.131202e+04,,
10758,4.213008e+03,,
10759,1.871681e+03,,
10760,8.707392e+02,,
10761,4.610371e+03,,
10762,4.871872e+02,,
10763,2.477818e+03,,
10764,1.019259e+03,,
10765,6.094066e+02,,
10766,1.865187e+03,,
10767,1.150444e+03,,
10768,1.589870e+03,,
10769,1.482464e+04,,
10770,1.068120e+03,,
10771,4.270699e+02,,
10772,8.895325e+01,,
10773,8.931132e+01,,
10774,1.606196e+03,,
10775,1.106557e+02,,
10776,2.858718e+03,,
10777,8.449530e+02,,
10778,4.613749e+02,,
10779,1.207332e+02,,
10780,4.281893e+01,,
10781,8.434289e+02,,
10782,8.045874e+01,,
10783,1.768325e+02,,
10784,3.586868e+01,,
10785,1.477741e+01,,
10786,1.778574e+03,,
10787,1.121041e+03,,
10788,1.945960e+02,,
10789,1.051329e+02,,
10790,1.322350e+04,,
10791,3.199352e+04,,
10792,2.169066e+04,,
10793,3.170044e+04,,
10794,3.082548e+04,,
10795,1.711250e+03,,
10796,1.200971e+04,,
10797,3.098589e+03,,
10798,3.444021e+02,,
10799,2.499283e+03,,
10800,6.650030e+01,,
10801,1.599432e+03,,
10802,1.240126e+03,,
10803,6.972510e+02,,
10804,6.208593e+03,,
10805,8.313768e+03,,
10806,6.250351e+02,,
10807,2.305682e+02,,
10808,1.023132e+03,,
10809,1.086845e+02,,
10810,2.705372e+03,,
10811,4.561882e+03,,
10812,6.303680e+03,,
10813,2.597197e+04,,
10814,3.154020e+03,,
10815,1.041653e+03,,
10816,1.513486e+02,,
10817,7.376003e+01,,
10818,7.148860e+01,,
10819,7.019752e+01,,
10820,4.846366e+02,,
10821,8.377653e+02,,
10822,1.658118e+04,,
10823,5.812542e+02,,
10824,9.064987e+02,,
10825,2.451811e+04,,
10826,9.863820e+03,,
10827,1.287854e+04,,
10828,1.961061e+03,,
10829,4.672515e+02,,
10830,3.371310e+03,,
10831,7.791202e+02,,
10832,1.388739e+03,,
10833,1.196497e+04,,
10834,4.864249e+03,,
10835,2.531007e+03,,
10836,1.769536e+01,,
10837,1.552913e+02,,
10838,2.926624e+01,,
10839,4.045876e+01,,
10840,2.565324e+01,,
10841,1.060174e+02,,
10842,2.560808e+01,,
10843,2.585317e+02,,
10844,1.978636e+02,,
10845,2.740968e+01,,
10846,5.150946e+03,,
10847,1.002723e+03,,
10848,1.909689e+03,,
10849,2.039583e+02,,
10850,1.662255e+01,,
10851,7.787945e+01,,
10852,1.500189e+02,,
10853,1.202865e+02,,
10854,1.946168e+02,,
10855,1.278056e+02,,
10856,3.034404e+01,,
10857,1.149779e+02,,
10858,2.911836e+01,,
10859,2.134975e+02,,
10860,2.930467e+02,,
10861,8.182940e+02,,
10862,1.361211e+02,,
10863,5.293740e+02,,
10864,5.747921e+02,,
10865,7.682796e+02,,
10866,7.387024e+02,,
10867,1.708521e+03,,
10868,3.395053e+02,,
10869,1.510379e+02,,
10870,1.058744e+03,,
10871,1.567578e+04,,
10872,6.428094e+01,,
10873,7.651178e+01,,
10874,1.149857e+02,,
10875,6.562865e+02,,
10876,3.400627e+02,,
10877,2.680099e+03,,
10878,3.641496e+02,,
10879,3.605279e+03,,
10880,2.726290e+02,,
10881,3.804269e+03,,
10882,3.554363e+02,,
10883,8.583927e+01,,
10884,8.713055e+02,,
10885,1.029699e+04,,
10886,1.463782e+02,,
10887,1.648064e+02,,
10888,5.560002e+01,,
10889,2.785595e+03,,
10890,2.299044e+04,,
10891,1.420884e+02,,
10892,4.335934e+01,,
10893,4.630935e+02,,
10894,2.695266e+02,,
10895,5.384138e+02,,
10896,9.815175e+02,,
10897,8.538609e+02,,
10898,9.745374e+02,,
10899,6.118438e+03,,
10900,3.257155e+03,,
10901,4.733241e+01,,
10902,9.517335e+01,,
10903,2.585426e+02,,
10904,5.375096e+03,,
10905,1.218536e+01,,
10906,3.547769e+03,,
10907,2.744929e+02,,
10908,1.461871e+03,,
10909,3.959925e+02,,
10910,6.961231e+03,,
10911,5.548898e+03,,
10912,4.227792e+02,,
10913,2.230827e+03,,
10914,9.724578e+00,,
10915,8.559240e+00,,
10916,5.464248e+00,,
10917,6.884580e+00,,
10918,3.921536e+00,,
10919,7.099565e+00,,
10920,4.762144e+01,,
10921,4.430570e+00,,
10922,4.052021e+01,,
10923,9.160982e+01,,
10924,2.088993e+01,,
10925,1.640763e+01,,
10926,1.815638e+02,,
10927,6.593089e+00,,
10928,4.778901e+02,,
10929,2.818873e+02,,
10930,3.800181e+02,,
10931,3.364258e+02,,
10932,2.254496e+02,,
10933,1.725727e+03,,
10934,3.206772e+03,,
10935,2.473529e+03,,
10936,6.644741e+02,,
10937,3.365524e+02,,
10938,3.406649e+03,,
10939,6.355356e+03,,
10940,3.254679e+04,,
10941,5.661251e+01,,
10942,3.162211e+02,,
10943,4.563653e+02,,
10944,1.387007e+01,,
10945,8.075220e+01,,
10946,5.934394e+00,,
10947,1.074046e+01,,
10948,6.071325e+02,,
10949,2.854791e+02,,
10950,1.650594e+03,,
10951,2.697988e+02,,
10952,8.886126e+01,,
10953,3.094264e+02,,
10954,9.291111e+01,,
10955,9.529298e+01,,
10956,7.295254e+02,,
10957,2.148165e+02,,
10958,1.198822e+03,,
10959,2.459144e+03,,
10960,4.158607e+03,,
10961,1.791326e+02,,
10962,6.621130e+02,,
10963,1.815303e+01,,
10964,8.471013e+03,,
10965,2.612739e+04,,
10966,3.718770e+03,,
10967,3.548643e+02,,
10968,9.658035e+02,,
10969,1.233935e+02,,
10970,1.208395e+03,,
10971,1.586592e+03,,
10972,1.164337e+02,,
10973,1.654712e+03,,
10974,3.908579e+04,,
10975,1.041202e+05,,
10976,6.332078e+04,,
10977,1.701067e+04,,
10978,1.194495e+04,,
10979,1.735892e+04,,
10980,6.584995e+04,,
10981,3.490899e+05,,
10982,1.271642e+05,,
10983,4.925781e+03,,
10984,2.628919e+03,,
10985,1.647397e+04,,
10986,1.076019e+04,,
10987,5.656601e+03,,
10988,1.562217e+03,,
10989,6.800796e+02,,
10990,2.382168e+03,,
10991,2.997789e+04,,
10992,1.342134e+03,,
10993,3.711633e+03,,
10994,2.050063e+04,,
10995,1.516516e+03,,
10996,1.171429e+04,,
10997,1.099461e+05,,
10998,1.387844e+05,,
10999,7.054099e+03,,
11000,2.282177e+04,,
11001,2.680741e+04,,
11002,3.982906e+04,,
11003,7.030465e+04,,
11004,5.005600e+04,,
11005,7.587338e+04,,
11006,1.599972e+05,,
11007,2.447080e+05,,
11008,4.971773e+04,,
11009,5.041233e+02,,
11010,1.345689e+03,,
11011,2.835702e+03,,
11012,1.041020e+04,,
11013,2.247868e+04,,
11014,3.229305e+03,,
11015,2.147801e+03,,
11016,2.322764e+02,,
11017,1.162996e+04,,
11018,6.712951e+03,,
11019,8.649057e+02,,
11020,9.058666e+03,,
11021,6.743516e+02,,
11022,3.861473e+02,,
11023,2.168219e+04,,
11024,1.086800e+04,,
11025,1.552036e+05,,
11026,5.795270e+02,,
11027,8.797727e+02,,
11028,1.842062e+03,,
11029,2.527749e+03,,
11030,3.361759e+04,,
11031,8.760701e+03,,
11032,5.198618e+03,,
11033,2.242681e+03,,
11034,2.113395e+03,,
11035,6.125572e+03,,
11036,2.920779e+02,,
11037,4.838946e+02,,
11038,3.574502e+02,,
11039,4.359309e+02,,
11040,2.059915e+03,,
11041,1.076971e+03,,
11042,3.701871e+01,,
11043,1.603275e+02,,
11044,1.963954e+02,,
11045,1.087561e+03,,
11046,1.445216e+03,,
11047,1.764729e+04,,
11048,3.628876e+02,,
11049,2.307052e+03,,
11050,4.440778e+02,,
11051,2.220911e+03,,
11052,5.614370e+03,,
11053,5.905098e+03,,
11054,9.382980e+02,,
11055,3.063234e+02,,
11056,1.089530e+03,,
11057,5.505913e+03,,
11058,7.434482e+02,,
11059,2.953399e+02,,
11060,6.565711e+01,,
11061,1.084550e+02,,
11062,9.434724e+03,,
11063,7.589714e+04,,
11064,4.204502e+03,,
11065,1.334184e+03,,
11066,3.113989e+03,,
11067,6.352319e+03,,
11068,1.296249e+05,,
11069,2.399852e+03,,
11070,1.369390e+04,,
11071,2.046292e+03,,
11072,5.391492e+03,,
11073,1.857529e+04,,
11074,3.132277e+03,,
11075,1.144041e+04,,
11076,1.860767e+04,,
11077,6.595296e+04,,
11078,1.017257e+05,,
11079,2.961655e+02,,
11080,8.961924e+02,,
11081,4.593173e+04,,
11082,3.012390e+03,,
11083,2.211439e+03,,
11084,9.013576e+04,,
11085,7.458253e+02,,
11086,2.583557e+01,,
11087,1.894981e+01,,
11088,7.331799e+02,,
11089,9.843143e+02,,
11090,3.676654e+03,,
11091,5.577993e+03,,
11092,2.908517e+04,,
11093,1.240460e+04,,
11094,1.423681e+04,,
11095,3.051181e+05,,
11096,3.720152e+03,,
11097,2.271404e+02,,
11098,2.971489e+02,,
11099,1.284596e+03,,
11100,4.446952e+03,,
11101,1.561096e+03,,
11102,1.328448e+04,,
11103,1.606765e+04,,
11104,1.027664e+03,,
11105,4.999672e+03,,
11106,1.579997e+03,,
11107,3.696788e+04,,
11108,4.960885e+03,,
11109,4.182333e+03,,
11110,1.723840e+03,,
11111,5.681789e+03,,
11112,2.942716e+04,,
11113,5.119036e+04,,
11114,2.227085e+04,,
11115,4.484634e+02,,
11116,2.018916e+02,,
11117,5.905760e+02,,
11118,3.916792e+03,,
11119,3.318563e+03,,
11120,3.455216e+03,,
11121,7.986693e+02,,
11122,5.435082e+03,,
11123,1.427024e+04,,
11124,1.847710e+03,,
11125,4.917190e+02,,
11126,2.245272e+03,,
11127,4.011185e+04,,
11128,2.238508e+03,,
11129,4.129061e+03,,
11130,1.548452e+03,,
11131,3.969947e+04,,
11132,1.308943e+04,,
11133,2.113114e+03,,
11134,1.494989e+03,,
11135,4.227034e+01,,
11136,1.104419e+02,,
11137,2.026463e+02,,
11138,3.648640e+02,,
11139,3.964112e+02,,
11140,7.510380e+02,,
11141,1.819568e+02,,
11142,4.253880e+02,,
11143,5.917466e+01,,
11144,3.964610e+02,,
11145,6.760709e+02,,
11146,5.449385e+03,,
11147,3.340806e+03,,
11148,7.933770e+02,,
11149,6.474577e+02,,
11150,9.456969e+01,,
11151,1.305833e+02,,
11152,1.855388e+02,,
11153,2.587177e+02,,
11154,9.426802e+02,,
11155,2.791637e+03,,
11156,2.288589e+01,,
11157,2.524122e+03,,
11158,1.197098e+01,,
11159,3.545095e+01,,
11160,1.132690e+02,,
11161,3.840550e+01,,
11162,3.780331e+01,,
11163,1.541531e+02,,
11164,4.158596e+02,,
11165,5.264255e+01,,
11166,1.207068e+01,,
11167,2.666160e+01,,
11168,2.528927e+00,,
11169,5.609347e+00,,
11170,7.578522e+01,,
11171,3.151100e+01,,
11172,1.678672e+01,,
11173,4.237683e+01,,
11174,1.145706e+02,,
11175,5.511712e+01,,
11176,8.432663e+02,,
11177,2.723605e+01,,
11178,1.690377e+01,,
11179,9.061195e+01,,
11180,6.900447e+02,,
11181,9.548425e+00,,
11182,1.163532e+01,,
11183,1.023889e+02,,
11184,2.488421e+00,,
11185,1.355825e+00,,
11186,9.223668e+00,,
11187,9.456537e+00,,
11188,1.337476e+00,,
11189,1.047560e+01,,
11190,3.269708e+00,,
11191,1.247165e+00,,
11192,8.536832e+00,,
11193,2.495380e+01,,
11194,9.848827e+00,,
11195,5.078159e+00,,
11196,1.035808e+01,,
11197,3.600960e+00,,
11198,9.215178e+01,,
11199,3.300991e+01,,
11200,1.915718e+01,,
11201,9.567284e+00,,
11202,3.069532e+02,,
11203,7.782971e+01,,
11204,3.716099e+02,,
11205,8.778627e+01,,
11206,6.038663e+00,,
11207,2.640644e+00,,
11208,1.304927e+02,,
11209,1.554487e+02,,
11210,1.572868e+01,,
11211,8.362059e+01,,
11212,3.009877e+00,,
11213,1.168046e+01,,
11214,1.691718e+02,,
11215,2.341329e+01,,
11216,3.340672e+00,,
11217,1.206772e+02,,
11218,2.234740e+02,,
11219,2.250118e+02,,
11220,5.933530e+00,,
11221,8.558422e+00,,
11222,3.476333e+01,,
11223,1.336071e+00,,
11224,2.231534e+00,,
11225,2.682024e+00,,
11226,9.677192e+01,,
11227,1.746061e+03,,
11228,3.342601e+02,,
11229,1.768950e+03,,
11230,1.133331e+03,,
11231,7.256005e+02,,
11232,2.957073e+03,,
11233,3.672983e+01,,
11234,3.214162e+02,,
11235,6.978366e+01,,
11236,3.134137e+01,,
11237,3.007880e+02,,
11238,1.432433e+03,,
11239,4.664115e+02,,
11240,1.164734e+02,,
11241,1.993167e+02,,
11242,1.937688e+02,,
11243,5.816540e+02,,
11244,7.460295e+02,,
11245,1.372261e+03,,
11246,1.083362e+03,,
11247,9.859015e+02,,
11248,8.443150e+01,,
11249,5.546949e+01,,
11250,4.163788e+03,,
11251,2.695707e+02,,
11252,1.340322e+01,,
11253,3.072562e+02,,
11254,2.536710e+02,,
11255,6.182164e+02,,
11256,7.083890e+03,,
11257,1.285629e+03,,
11258,2.215412e+03,,
11259,4.034590e+03,,
11260,2.700449e+02,,
11261,1.797925e+02,,
11262,2.183643e+02,,
11263,1.532523e+03,,
11264,2.411085e+03,,
11265,4.212224e+02,,
11266,2.235793e+02,,
11267,1.223438e+02,,
11268,9.530888e+02,,
11269,8.656208e+03,,
11270,2.600347e+02,,
11271,1.134577e+02,,
11272,1.822044e+04,,
11273,9.281280e+02,,
11274,6.406012e+02,,
11275,6.481294e+02,,
11276,6.965341e+01,,
11277,4.485745e+01,,
11278,2.849718e+01,,
11279,1.975938e+02,,
11280,8.470507e+01,,
11281,1.828711e+02,,
11282,2.285147e+02,,
11283,6.607929e+01,,
11284,2.756315e+02,,
11285,2.799205e+02,,
11286,1.538538e+01,,
11287,9.742444e+01,,
11288,1.500169e+01,,
11289,1.023761e+02,,
11290,6.986754e+01,,
11291,5.032741e+00,,
11292,1.790550e+01,,
11293,2.828922e+01,,
11294,1.302565e+01,,
11295,5.213907e+02,,
11296,1.037029e+03,,
11297,2.457821e+02,,
11298,1.999264e+01,,
11299,3.751511e+01,,
11300,2.462395e+02,,
11301,1.266778e+02,,
11302,9.655590e+03,,
11303,1.194836e+04,,
11304,1.949407e+03,,
11305,2.915077e+03,,
11306,4.239314e+02,,
11307,2.706899e+04,,
11308,2.144366e+03,,
11309,2.767377e+02,,
11310,6.111105e+01,,
11311,5.824194e+01,,
11312,3.467310e+02,,
11313,4.838846e+02,,
11314,4.341394e+01,,
11315,1.324007e+03,,
11316,7.286140e+01,,
11317,5.923517e+01,,
11318,2.389226e+01,,
11319,4.325389e+00,,
11320,1.178677e+03,,
11321,4.037067e+03,,
11322,2.224937e+02,,
11323,3.361637e+01,,
11324,1.186563e+02,,
11325,1.324710e+02,,
11326,1.017552e+03,,
11327,1.096030e+04,,
11328,3.894896e+02,,
11329,4.860113e+02,,
11330,2.238163e+03,,
11331,8.778632e+01,,
11332,3.291295e+02,,
11333,8.874148e+02,,
11334,7.123680e+02,,
11335,8.755686e+02,,
11336,8.608796e+02,,
11337,1.594233e+02,,
11338,6.784112e+02,,
11339,2.449935e+02,,
11340,5.068332e+02,,
11341,1.008344e+01,,
11342,1.300044e+01,,
11343,1.906515e+01,,
11344,4.110690e+01,,
11345,1.774102e+02,,
11346,4.819346e+01,,
11347,4.797932e+01,,
11348,8.075496e+02,,
11349,1.246361e+03,,
11350,3.862287e+01,,
11351,8.957577e+01,,
11352,1.741426e+01,,
11353,6.242784e+02,,
11354,2.248735e+01,,
11355,2.432791e+01,,
11356,1.588703e+03,,
11357,3.367460e+03,,
11358,3.185141e+01,,
11359,1.326860e+01,,
11360,1.840418e+02,,
11361,3.376824e+02,,
11362,6.457099e+01,,
11363,9.179172e+01,,
11364,5.689655e+02,,
11365,3.429943e+02,,
11366,2.011515e+04,,
11367,8.853137e+02,,
11368,9.885092e+03,,
11369,7.135851e+01,,
11370,2.032908e+02,,
11371,1.274044e+02,,
11372,1.086300e+02,,
11373,1.527700e+02,,
11374,1.836912e+02,,
11375,3.457309e+02,,
11376,4.651879e+01,,
11377,7.305793e+01,,
11378,9.069445e+01,,
11379,6.689624e+01,,
11380,3.510462e+01,,
11381,1.853539e+02,,
11382,9.355447e+01,,
11383,4.669288e+02,,
11384,1.125859e+03,,
11385,6.604269e+01,,
11386,7.100547e+00,,
11387,1.267098e+01,,
11388,6.643421e+00,,
11389,4.386785e+01,,
11390,2.283301e+01,,
11391,8.279680e+01,,
11392,8.863000e+01,,
11393,7.037403e+00,,
11394,2.866918e+00,,
11395,7.058677e+00,,
11396,7.821138e+01,,
11397,2.602807e+02,,
11398,1.339198e+02,,
11399,5.059330e+01,,
11400,1.090936e+01,,
11401,6.945872e+00,,
11402,1.371772e+02,,
11403,1.248777e+03,,
11404,1.374610e+01,,
11405,1.443550e+01,,
11406,5.957481e+01,,
11407,3.722081e+02,,
11408,1.446169e+02,,
11409,1.682032e+01,,
11410,7.129247e+00,,
11411,2.151404e+01,,
11412,3.288494e+00,,
11413,2.593443e+02,,
11414,2.947271e+01,,
11415,8.885278e+02,,
11416,2.305609e+01,,
11417,3.816543e+01,,
11418,9.555287e+00,,
11419,8.308764e+00,,
11420,2.855458e+02,,
11421,6.311053e+03,,
11422,1.483167e+03,,
11423,5.748256e+02,,
11424,3.302146e+03,,
11425,1.253039e+03,,
11426,8.349399e+02,,
11427,1.000621e+02,,
11428,8.275622e+02,,
11429,6.417184e+02,,
11430,6.384426e+02,,
11431,2.860924e+03,,
11432,2.915391e+02,,
11433,2.486350e+03,,
11434,1.080555e+02,,
11435,1.877889e+02,,
11436,1.053935e+02,,
11437,1.041093e+04,,
11438,4.479254e+03,,
11439,1.762459e+04,,
11440,4.085594e+02,,
11441,7.237626e+02,,
11442,1.181818e+04,,
11443,2.293863e+03,,
11444,1.811514e+03,,
11445,6.739397e+02,,
11446,1.269247e+03,,
11447,1.485145e+03,,
11448,1.354077e+04,,
11449,5.671719e+01,,
11450,1.966639e+01,,
11451,2.509307e+02,,
11452,1.788155e+01,,
11453,1.265203e+02,,
11454,4.533315e+01,,
11455,9.500532e+01,,
11456,1.118068e+02,,
11457,9.317802e+02,,
11458,8.036332e+02,,
11459,4.662199e+00,,
11460,1.656494e+01,,
11461,4.385896e+02,,
11462,8.631595e+01,,
11463,5.284746e+02,,
11464,1.959053e+01,,
11465,4.646461e+01,,
11466,2.005463e+03,,
11467,1.158120e+02,,
11468,5.998706e+00,,
11469,8.381039e+00,,
11470,7.878144e+02,,
11471,1.741473e+02,,
11472,4.407208e+01,,
11473,2.829656e+01,,
11474,8.241233e+01,,
11475,1.757030e+00,,
11476,4.719937e+00,,
11477,4.875356e+00,,
11478,3.064164e+01,,
11479,5.990530e+01,,
11480,1.192725e+03,,
11481,7.943188e+02,,
11482,8.415887e+01,,
11483,4.116850e+00,,
11484,3.690119e+00,,
11485,2.113869e+01,,
11486,4.279277e+01,,
11487,2.921325e+01,,
11488,1.135623e+02,,
11489,2.128521e+00,,
11490,1.140278e+01,,
11491,1.501583e+00,,
11492,4.144481e+00,,
11493,2.692174e+00,,
11494,1.171645e+00,,
11495,1.308541e+01,,
11496,1.917157e+00,,
11497,1.563839e+00,,
11498,4.081223e+00,,
11499,1.872370e+00,,
11500,1.339523e+00,,
11501,8.920413e-01,,
11502,1.145760e+01,,
11503,1.962981e+01,,
11504,2.407147e-01,,
11505,6.205716e+00,,
11506,7.244369e+00,,
11507,2.391318e+00,,
11508,4.803266e+01,,
11509,8.820198e+00,,
11510,9.062431e+00,,
11511,1.142418e+02,,
11512,3.350117e+01,,
11513,4.176100e+00,,
11514,2.366171e+00,,
11515,3.902139e-01,,
11516,2.560976e+00,,
11517,3.545747e+01,,
11518,1.806883e+00,,
11519,1.624793e+01,,
11520,1.731826e+01,,
11521,3.674147e+01,,
11522,4.065586e+01,,
11523,3.269025e+03,,
11524,5.573787e+02,,
11525,2.109448e+03,,
11526,9.627849e+00,,
11527,5.535186e+01,,
11528,4.490479e+01,,
11529,4.221297e+01,,
11530,5.133337e+01,,
11531,9.177569e+00,,
11532,6.024595e+00,,
11533,1.098904e+02,,
11534,1.082903e+02,,
11535,1.938747e+02,,
11536,6.200961e+00,,
11537,7.122494e+01,,
11538,1.131423e+01,,
11539,1.458514e+01,,
11540,8.309275e+02,,
11541,6.399826e+02,,
11542,1.374890e+03,,
11543,3.375026e+01,,
11544,1.065096e+02,,
11545,3.285828e+02,,
11546,7.702265e+01,,
11547,9.139353e+00,,
11548,3.206668e+01,,
11549,8.311308e+00,,
11550,2.968189e+01,,
11551,9.070228e+00,,
11552,1.786008e+02,,
11553,1.361508e+01,,
11554,5.682919e+00,,
11555,3.279305e+01,,
11556,4.690962e+00,,
11557,8.736921e+00,,
11558,1.229856e+02,,
11559,1.735932e+02,,
11560,3.065867e+01,,
11561,1.893507e+01,,
11562,1.424747e+01,,
11563,5.299041e+02,,
11564,1.093144e+02,,
11565,1.986467e+01,,
11566,7.412957e+01,,
11567,2.996442e+01,,
11568,1.345492e+02,,
11569,1.040885e+01,,
11570,2.797722e+01,,
11571,4.166267e+01,,
11572,3.392981e+00,,
11573,5.582213e+01,,
11574,3.840164e+04,,
11575,1.762594e+03,,
11576,1.223358e+02,,
11577,8.069527e+02,,
11578,2.037127e+02,,
11579,5.767997e+02,,
11580,1.773754e+04,,
11581,5.223373e+02,,
11582,7.291373e+02,,
11583,4.057960e+02,,
11584,2.766681e+03,,
11585,3.865330e+01,,
11586,6.910278e+03,,
11587,2.722406e+02,,
11588,1.086037e+01,,
11589,7.826614e+00,,
11590,3.191573e+00,,
11591,1.134219e+02,,
11592,5.059808e+02,,
11593,4.932131e+02,,
11594,8.510467e+01,,
11595,3.339743e+01,,
11596,1.605666e+01,,
11597,4.596107e+01,,
11598,2.404951e+02,,
11599,5.460006e+02,,
11600,1.243794e+01,,
11601,2.442120e+02,,
11602,3.226080e+01,,
11603,1.127862e+01,,
11604,2.511217e+02,,
11605,2.480307e+01,,
11606,1.001372e+01,,
11607,6.913737e+00,,
11608,6.154252e+00,,
11609,5.202061e+00,,
11610,1.219606e+01,,
11611,2.049188e+00,,
11612,2.721948e+00,,
11613,2.542069e+01,,
11614,1.755271e+00,,
11615,8.392842e+02,,
11616,9.933092e+01,,
11617,1.332563e+03,,
11618,4.566427e+01,,
11619,2.344496e+02,,
11620,1.416776e+02,,
11621,2.978014e+01,,
11622,1.044972e+02,,
11623,3.729865e+02,,
11624,1.440983e+02,,
11625,3.155637e+02,,
11626,2.868030e+00,,
11627,4.072197e+01,,
11628,3.158479e+00,,
11629,1.551739e+00,,
11630,9.505270e-01,,
11631,1.471530e+00,,
11632,7.493897e-01,,
11633,3.814069e+00,,
11634,8.694881e-01,,
11635,1.094802e+00,,
11636,2.033599e+01,,
11637,2.303261e+00,,
11638,1.799984e+01,,
11639,2.810134e-01,,
11640,2.702129e+00,,
11641,4.641385e-01,,
11642,2.886457e-01,,
11643,5.941216e+00,,
11644,2.043558e+00,,
11645,2.344752e+00,,
11646,4.322827e+00,,
11647,2.366825e+00,,
11648,6.893642e-01,,
11649,1.672940e+00,,
11650,7.706830e+00,,
11651,2.847196e+01,,
11652,8.456044e+00,,
11653,2.193522e+01,,
11654,5.483362e+02,,
11655,2.206300e+01,,
11656,3.833617e+02,,
11657,9.045166e+00,,
11658,5.981121e+01,,
11659,5.453016e+00,,
11660,2.600129e+00,,
11661,1.750342e+02,,
11662,5.151495e+02,,
11663,2.391337e+02,,
11664,4.348773e+02,,
11665,3.602057e+01,,
11666,2.422723e+01,,
11667,1.468841e+01,,
11668,1.194067e+02,,
11669,2.285206e+02,,
11670,1.906134e+03,,
11671,4.196621e+02,,
11672,3.320736e+01,,
11673,4.562178e+00,,
11674,1.365589e+02,,
11675,1.830568e+03,,
11676,1.122010e+03,,
11677,2.142866e+02,,
11678,1.625381e+02,,
11679,1.500890e+01,,
11680,2.253869e+02,,
11681,1.361699e+02,,
11682,6.680873e+01,,
11683,3.372132e+02,,
11684,2.471809e+02,,
11685,6.425794e+01,,
11686,4.181674e+01,,
11687,1.926094e+01,,
11688,2.928355e+02,,
11689,3.823803e+00,,
11690,6.186391e+01,,
11691,2.413741e+01,,
11692,2.157163e+02,,
11693,2.530236e+03,,
11694,3.354889e+01,,
11695,3.404818e+01,,
11696,2.296645e+02,,
11697,1.010120e+02,,
11698,3.688376e+02,,
11699,5.351657e+02,,
11700,7.956170e+01,,
11701,1.438212e+02,,
11702,8.423832e+01,,
11703,1.116118e+01,,
11704,2.339546e+01,,
11705,1.062963e+02,,
11706,3.194682e+02,,
11707,7.163385e+02,,
11708,1.443112e+02,,
11709,3.410322e+01,,
11710,5.500701e+02,,
11711,2.017602e+02,,
11712,2.390587e+01,,
11713,4.748927e+01,,
11714,2.474295e+01,,
11715,9.168503e+02,,
11716,4.164531e+01,,
11717,1.864253e+02,,
11718,3.607473e+02,,
11719,5.241008e+03,,
11720,4.123726e+02,,
11721,1.042869e+03,,
11722,9.179872e+01,,
11723,4.679530e+02,,
11724,7.797832e+02,,
11725,1.006991e+04,,
11726,1.326533e+03,,
11727,4.659247e+02,,
11728,5.217087e+02,,
11729,1.551959e+02,,
11730,2.745461e+02,,
11731,4.293941e+03,,
11732,2.198314e+04,,
11733,2.659883e+03,,
11734,1.449036e+02,,
11735,7.431250e+02,,
11736,1.217008e+02,,
11737,7.512971e+03,,
11738,3.826701e+01,,
11739,1.417816e+02,,
11740,2.020121e+00,,
11741,3.837181e+00,,
11742,3.336438e+01,,
11743,1.115689e+02,,
11744,7.894001e+01,,
11745,1.566370e+03,,
11746,1.645347e+03,,
11747,1.288603e+03,,
11748,5.805332e+01,,
11749,1.269324e+01,,
11750,1.819523e+02,,
11751,4.630026e+01,,
11752,1.062226e+02,,
11753,4.092642e+01,,
11754,1.317941e+01,,
11755,3.253723e+01,,
11756,4.725358e+02,,
11757,2.869367e+01,,
11758,1.399016e+03,,
11759,3.584601e+02,,
11760,3.773363e+02,,
11761,1.507882e+01,,
11762,8.058493e+01,,
11763,3.012264e+01,,
11764,2.657001e+01,,
11765,6.696920e+00,,
11766,6.470140e+01,,
11767,5.672224e+01,,
11768,8.756377e+01,,
11769,2.279189e+02,,
11770,2.422135e+02,,
11771,2.480338e+02,,
11772,5.885407e+00,,
11773,6.444899e+01,,
11774,5.743932e+02,,
11775,4.293310e+02,,
11776,4.630573e+02,,
11777,3.016248e+01,,
11778,4.704960e+01,,
11779,4.766389e+03,,
11780,9.361786e+01,,
11781,2.136306e+02,,
11782,3.381067e+02,,
11783,3.211347e+01,,
11784,2.014504e+02,,
11785,1.963178e+02,,
11786,7.074368e+02,,
11787,3.039575e+01,,
11788,9.414174e+01,,
11789,6.166158e+01,,
11790,1.420245e+01,,
11791,5.356018e+01,,
11792,5.980429e+01,,
11793,2.185783e+01,,
11794,7.373319e+01,,
11795,1.543390e+02,,
11796,3.757570e+01,,
11797,2.227238e+01,,
11798,1.076516e+01,,
11799,1.659943e+01,,
11800,1.663714e+03,,
11801,8.307060e+01,,
11802,1.630464e+01,,
11803,1.264774e+01,,
11804,3.331826e+03,,
11805,1.113669e+03,,
11806,2.583106e+01,,
11807,5.369064e+02,,
11808,7.725361e+01,,
11809,1.880661e+02,,
11810,1.046696e+03,,
11811,1.040080e+02,,
11812,2.770265e+01,,
11813,3.983697e+01,,
11814,1.931662e+01,,
11815,2.470660e+01,,
11816,4.825079e+01,,
11817,1.228090e+01,,
11818,1.281286e+01,,
11819,1.079623e+02,,
11820,3.827081e+01,,
11821,4.146038e+01,,
11822,1.166863e+01,,
11823,2.606829e+00,,
11824,3.192191e+02,,
11825,3.994799e+02,,
11826,7.501157e+00,,
11827,3.897926e+01,,
11828,9.092220e+00,,
11829,2.239497e+02,,
11830,1.236332e+03,,
11831,4.124546e+01,,
11832,1.310049e+01,,
11833,3.284999e+01,,
11834,1.439653e+01,,
11835,3.630054e+01,,
11836,3.103538e+03,,
11837,3.656313e+02,,
11838,4.946374e+00,,
11839,1.055375e+02,,
11840,1.179878e+01,,
11841,5.817594e+00,,
11842,4.329823e+01,,
11843,6.232092e+01,,
11844,1.608212e+01,,
11845,1.876580e+01,,
11846,1.665499e+01,,
11847,2.965333e+01,,
11848,5.388166e+02,,
11849,2.062248e+03,,
11850,3.120478e+03,,
11851,3.522364e+02,,
11852,3.330042e+02,,
11853,3.894757e+01,,
11854,4.236800e+01,,
11855,5.193315e+01,,
11856,7.570786e+01,,
11857,2.014440e+02,,
11858,1.329100e+02,,
11859,1.496620e+05,,
11860,9.248715e+03,,
11861,1.915742e+03,,
11862,2.868941e+05,,
11863,1.934107e+04,,
11864,1.341520e+04,,
11865,1.909885e+05,,
11866,3.051031e+03,,
11867,2.198275e+03,,
11868,1.474374e+03,,
11869,5.543646e+03,,
11870,6.124554e+02,,
11871,2.779628e+04,,
11872,3.142849e+04,,
11873,5.924334e+04,,
11874,1.405739e+04,,
11875,1.502002e+03,,
11876,5.344514e+03,,
11877,2.955437e+03,,
11878,3.465169e+03,,
11879,4.281193e+03,,
11880,5.017350e+03,,
11881,2.213622e+04,,
11882,1.111644e+06,,
11883,1.264547e+04,,
11884,8.270209e+04,,
11885,9.092086e+03,,
11886,3.872797e+03,,
11887,7.922259e+03,,
11888,9.878623e+03,,
11889,1.492599e+03,,
11890,1.086148e+04,,
11891,2.782167e+02,,
11892,1.002911e+05,,
11893,9.268632e+03,,
11894,1.110406e+03,,
11895,5.261432e+04,,
11896,1.134823e+05,,
11897,3.216476e+04,,
11898,1.847781e+04,,
11899,1.379705e+04,,
11900,9.977219e+03,,
11901,6.432506e+02,,
11902,1.941176e+05,,
11903,1.632659e+04,,
11904,9.405885e+04,,
11905,6.154092e+04,,
11906,2.236707e+04,,
11907,2.499415e+04,,
11908,1.834846e+04,,
11909,2.115236e+03,,
11910,3.147586e+03,,
11911,2.621961e+03,,
11912,3.510790e+02,,
11913,1.278767e+03,,
11914,3.751370e+02,,
11915,4.109130e+03,,
11916,3.130854e+04,,
11917,4.515388e+03,,
11918,1.230939e+03,,
11919,5.493409e+03,,
11920,5.819609e+03,,
11921,6.464411e+02,,
11922,2.910671e+04,,
11923,9.977790e+03,,
11924,1.407627e+04,,
11925,3.138789e+04,,
11926,6.971286e+03,,
11927,4.513249e+03,,
11928,1.406746e+03,,
11929,2.248554e+03,,
11930,4.811243e+03,,
11931,7.220782e+03,,
11932,5.978858e+03,,
11933,4.377827e+03,,
11934,4.717899e+03,,
11935,5.578587e+02,,
11936,1.406111e+03,,
11937,1.483500e+03,,
11938,1.970738e+02,,
11939,3.755569e+03,,
11940,4.617007e+02,,
11941,1.797747e+03,,
11942,1.476175e+03,,
11943,2.081614e+03,,
11944,2.146671e+03,,
11945,1.698298e+04,,
11946,6.001613e+01,,
11947,4.523217e+03,,
11948,3.024339e+03,,
11949,3.580279e+01,,
11950,2.266812e+02,,
11951,2.148706e+01,,
11952,3.248075e+01,,
11953,6.138996e+01,,
11954,2.010581e+02,,
11955,8.330916e+01,,
11956,2.696723e+02,,
11957,7.705593e+01,,
11958,1.645317e+03,,
11959,6.351187e+02,,
11960,9.515996e+02,,
11961,1.129133e+03,,
11962,4.474207e+02,,
11963,4.084624e+01,,
11964,1.106811e+03,,
11965,1.725674e+02,,
11966,7.810408e+03,,
11967,1.937820e+03,,
11968,2.324435e+01,,
11969,1.104630e+01,,
11970,1.050012e+02,,
11971,4.066742e+01,,
11972,3.764813e+01,,
11973,2.148924e+02,,
11974,6.374655e+02,,
11975,2.879371e+02,,
11976,1.093310e+01,,
11977,1.380106e+01,,
11978,1.381463e+02,,
11979,4.635240e+02,,
11980,4.028740e+01,,
11981,1.115112e+02,,
11982,1.252930e+03,,
11983,1.925228e+02,,
11984,3.081654e+03,,
11985,9.143880e+02,,
11986,5.709517e+00,,
11987,1.269661e+01,,
11988,2.324987e+01,,
11989,1.226737e+02,,
11990,1.751147e+03,,
11991,5.930996e+03,,
11992,2.019742e+02,,
11993,4.007535e+02,,
11994,2.554697e+03,,
11995,6.959473e+02,,
11996,1.154842e+04,,
11997,1.691982e+04,,
11998,1.024848e+03,,
11999,1.351658e+03,,
12000,1.026528e+01,,
12001,8.720744e+01,,
12002,1.486677e+02,,
12003,7.093716e+00,,
12004,2.142228e+01,,
12005,1.295786e+03,,
12006,6.113679e+02,,
12007,1.384996e+01,,
12008,6.164404e+01,,
12009,1.049643e+01,,
12010,9.331886e+00,,
12011,5.117097e+00,,
12012,1.257875e+02,,
12013,5.323072e+01,,
12014,6.489425e+01,,
12015,9.758340e+01,,
12016,2.064159e+02,,
12017,2.244556e+01,,
12018,2.769281e+01,,
12019,1.167390e+02,,
12020,1.461915e+01,,
12021,1.355134e+02,,
12022,7.685304e+00,,
12023,3.259135e+01,,
12024,4.986279e+00,,
12025,7.462778e+00,,
12026,1.787335e+00,,
12027,1.370777e+01,,
12028,1.884315e+00,,
12029,8.946004e+01,,
12030,7.358556e+01,,
12031,1.346035e+03,,
12032,2.079496e+02,,
12033,1.006390e+02,,
12034,4.233253e+01,,
12035,1.124090e+02,,
12036,3.721158e+01,,
12037,4.331931e+03,,
12038,3.158200e+02,,
12039,1.254080e+03,,
12040,2.431978e+01,,
12041,6.401672e+03,,
12042,1.127594e+02,,
12043,4.182079e+02,,
12044,4.435181e+02,,
12045,2.239161e+02,,
12046,3.496009e+03,,
12047,3.074219e+00,,
12048,1.872153e+00,,
12049,8.422842e+00,,
12050,1.488357e+01,,
12051,1.746385e+00,,
12052,1.589184e+01,,
12053,2.584891e+00,,
12054,1.589154e+01,,
12055,1.705531e+01,,
12056,2.013192e+01,,
12057,3.181243e+01,,
12058,1.123075e+00,,
12059,6.586084e+01,,
12060,7.309519e+02,,
12061,4.224195e+00,,
12062,4.985380e+00,,
12063,2.285535e+00,,
12064,4.994808e+00,,
12065,1.039994e+01,,
12066,1.515984e+00,,
12067,2.619144e+01,,
12068,4.993717e+01,,
12069,1.084188e+01,,
12070,1.198859e+00,,
12071,1.709846e+00,,
12072,1.197530e-01,,
12073,8.191094e+00,,
12074,7.536073e-01,,
12075,3.861234e+00,,
12076,8.708164e-01,,
12077,7.621659e+01,,
12078,1.020984e+03,,
12079,8.945700e+00,,
12080,1.371923e+01,,
12081,1.270448e+01,,
12082,7.514428e+01,,
12083,9.192737e+00,,
12084,9.050215e+01,,
12085,7.642482e+01,,
12086,1.359200e+02,,
12087,5.885051e+01,,
12088,9.058447e+02,,
12089,1.657543e+01,,
12090,7.579137e+00,,
12091,6.069515e+01,,
12092,6.729691e+01,,
12093,1.111172e+01,,
12094,1.118435e+01,,
12095,2.155381e+02,,
12096,1.609747e+02,,
12097,1.704917e+01,,
12098,1.834092e+00,,
12099,1.752831e+00,,
12100,4.041777e+00,,
12101,8.960048e-01,,
12102,4.106082e+01,,
12103,1.229633e+01,,
12104,4.591808e-01,,
12105,6.362415e-01,,
12106,4.732536e+00,,
12107,5.002736e-01,,
12108,3.388942e+01,,
12109,1.979033e+01,,
12110,1.241883e+01,,
12111,8.974841e+00,,
12112,7.350214e+00,,
12113,9.191849e+00,,
12114,2.308428e+03,,
12115,4.613793e+02,,
12116,9.029159e+02,,
12117,4.923815e+00,,
12118,2.902958e+00,,
12119,5.844507e+01,,
12120,5.836047e+00,,
12121,1.057646e+01,,
12122,2.424000e+01,,
12123,9.612370e+01,,
12124,5.519227e+00,,
12125,3.874346e+00,,
12126,8.389385e+01,,
12127,8.427872e+01,,
12128,2.231278e+01,,
12129,8.161217e+01,,
12130,2.381743e+02,,
12131,5.926522e+01,,
12132,7.434124e+01,,
12133,3.437515e+00,,
12134,3.282492e+01,,
12135,6.220725e+00,,
12136,2.419467e+00,,
12137,3.479735e+02,,
12138,1.728075e+02,,
12139,3.103440e+02,,
12140,1.462608e+02,,
12141,3.349532e+01,,
12142,4.450478e+00,,
12143,4.249464e+01,,
12144,2.349877e+02,,
12145,2.773638e+02,,
12146,1.981476e+01,,
12147,4.334497e+00,,
12148,2.496995e+01,,
12149,7.855707e+01,,
12150,1.528058e+02,,
12151,3.017688e+02,,
12152,6.531977e+00,,
12153,8.861627e+00,,
12154,5.755605e+00,,
12155,6.828317e+01,,
12156,5.566319e+01,,
12157,3.661013e+02,,
12158,6.056439e+02,,
12159,2.169612e+01,,
12160,2.014389e+01,,
12161,2.466077e+00,,
12162,6.247192e-01,,
12163,5.769675e+01,,
12164,4.822506e+01,,
12165,3.627465e+02,,
12166,1.809054e+01,,
12167,1.686679e+01,,
12168,1.553623e+01,,
12169,4.649477e+00,,
12170,7.357790e+00,,
12171,2.141372e+01,,
12172,1.483351e+01,,
12173,1.205167e+00,,
12174,1.771463e+00,,
12175,3.450651e+00,,
12176,1.125449e+01,,
12177,1.684247e+01,,
12178,5.051500e+02,,
12179,7.282394e+00,,
12180,2.673963e+02,,
12181,3.668772e+02,,
12182,3.447165e+01,,
12183,8.092833e+00,,
12184,5.032195e+00,,
12185,1.026355e+01,,
12186,9.342587e+00,,
12187,1.027220e+00,,
12188,2.381835e+00,,
12189,1.804136e+00,,
12190,4.194799e+01,,
12191,1.194658e+01,,
12192,8.273774e+00,,
12193,1.367512e+01,,
12194,1.407436e+01,,
12195,5.796423e-01,,
12196,7.663604e+00,,
12197,1.041246e+00,,
12198,1.658048e+00,,
12199,5.555623e+00,,
12200,6.472845e+01,,
12201,2.972592e+01,,
12202,1.307815e+02,,
12203,3.243321e+02,,
12204,4.384545e+01,,
12205,2.335004e+02,,
12206,3.255737e+02,,
12207,3.255639e+03,,
12208,2.012217e+02,,
12209,3.428700e+03,,
12210,7.861761e+03,,
12211,7.865680e+03,,
12212,1.459266e+02,,
12213,9.995898e+01,,
12214,3.089241e+02,,
12215,8.624483e+03,,
12216,2.144607e+03,,
12217,5.971445e+03,,
12218,7.992741e+01,,
12219,7.833602e+02,,
12220,2.003567e+02,,
12221,8.547922e+03,,
12222,3.214277e+02,,
12223,8.414098e+03,,
12224,6.613883e+02,,
12225,6.337915e+02,,
12226,1.103228e+02,,
12227,1.850617e+02,,
12228,4.929777e+01,,
12229,2.710458e+01,,
12230,1.674478e+02,,
12231,2.140289e+02,,
12232,1.030399e+03,,
12233,5.069300e+02,,
12234,6.531263e+01,,
12235,5.512150e+01,,
12236,1.692920e+02,,
12237,1.822867e+03,,
12238,4.750039e+03,,
12239,4.017116e+03,,
12240,2.083599e+01,,
12241,5.362827e+00,,
12242,2.180248e+01,,
12243,1.336501e+02,,
12244,3.191116e+01,,
12245,5.068035e+02,,
12246,8.079845e+02,,
12247,1.862029e+01,,
12248,1.018303e+03,,
12249,1.704818e+03,,
12250,4.615804e+03,,
12251,5.253472e+02,,
12252,1.361681e+03,,
12253,2.484993e+02,,
12254,1.751094e+03,,
12255,1.303065e+02,,
12256,6.130405e+02,,
12257,1.258443e+02,,
12258,2.809375e+02,,
12259,3.483135e+02,,
12260,2.732349e+03,,
12261,2.211626e+02,,
12262,1.738658e+03,,
12263,1.212672e+04,,
12264,2.174746e+03,,
12265,4.791162e+03,,
12266,2.581794e+04,,
12267,4.634979e+00,,
12268,2.059223e+01,,
12269,2.073185e+01,,
12270,5.037889e+02,,
12271,1.871716e+02,,
12272,4.680240e+01,,
12273,2.163289e+01,,
12274,6.766049e+01,,
12275,3.679751e+01,,
12276,1.222063e+02,,
12277,1.759977e+02,,
12278,4.067663e+02,,
12279,3.310664e+00,,
12280,3.862534e+01,,
12281,4.306826e+00,,
12282,4.537535e+01,,
12283,1.032399e+01,,
12284,1.639498e+01,,
12285,6.307946e+00,,
12286,3.081173e+01,,
12287,5.579198e+00,,
12288,2.306927e+01,,
12289,1.661164e+01,,
12290,1.714495e+02,,
12291,9.262672e+00,,
12292,7.856468e+00,,
12293,3.706232e+00,,
12294,6.046209e+00,,
12295,1.531624e+01,,
12296,2.834476e+01,,
12297,2.689312e+01,,
12298,4.557226e+01,,
12299,9.748716e+01,,
12300,2.672584e+01,,
12301,1.477497e+02,,
12302,1.361753e+02,,
12303,9.796869e+01,,
12304,9.780267e+00,,
12305,3.450784e+00,,
12306,3.950704e+02,,
12307,4.440842e+03,,
12308,6.051664e+03,,
12309,4.339762e+02,,
12310,1.372820e+02,,
12311,4.786051e+01,,
12312,6.076698e+01,,
12313,1.003132e+03,,
12314,1.764338e+02,,
12315,1.888162e+02,,
12316,9.185406e+02,,
12317,3.339478e+01,,
12318,9.258594e+02,,
12319,6.798514e+01,,
12320,2.602266e+02,,
12321,2.037304e+01,,
12322,1.037164e+02,,
12323,6.007768e+01,,
12324,1.131657e+03,,
12325,4.611006e+01,,
12326,1.552607e+02,,
12327,2.859881e+01,,
12328,8.156315e+01,,
12329,3.651174e+03,,
12330,3.025190e+01,,
12331,1.460201e+02,,
12332,1.346088e+02,,
12333,1.363403e+02,,
12334,7.027541e+02,,
12335,9.973424e+02,,
12336,3.060608e+03,,
12337,3.193655e+02,,
12338,4.914375e+02,,
12339,4.080112e+01,,
12340,2.496749e+01,,
12341,6.360310e+01,,
12342,6.376209e+01,,
12343,1.840633e+01,,
12344,8.811658e+01,,
12345,1.700936e+01,,
12346,5.153448e+01,,
12347,4.978265e+01,,
12348,4.413068e+01,,
12349,1.810206e+04,,
12350,2.033265e+04,,
12351,4.866110e+01,,
12352,3.316670e+01,,
12353,8.632176e+01,,
12354,5.928218e+01,,
12355,4.193888e+03,,
12356,1.062522e+03,,
12357,3.381217e+02,,
12358,1.005176e+02,,
12359,1.169990e+03,,
12360,1.960887e+02,,
12361,5.603680e+02,,
12362,1.207347e+03,,
12363,3.798374e+04,,
12364,3.354409e+04,,
12365,2.693674e+03,,
12366,3.228567e+02,,
12367,6.815805e+02,,
12368,2.639350e+03,,
12369,5.040828e+03,,
12370,1.067712e+03,,
12371,5.427657e+03,,
12372,8.572649e+02,,
12373,3.308503e+02,,
12374,4.146968e+02,,
12375,1.484005e+03,,
12376,1.840285e+03,,
12377,1.835230e+03,,
12378,3.731505e+03,,
12379,1.198267e+03,,
12380,7.428042e+01,,
12381,7.232374e+03,,
12382,1.426559e+03,,
12383,3.167678e+02,,
12384,1.766003e+02,,
12385,7.555553e+02,,
12386,3.328935e+03,,
12387,4.151149e+03,,
12388,3.558602e+03,,
12389,1.453883e+03,,
12390,1.130734e+03,,
12391,1.073724e+03,,
12392,3.636896e+03,,
12393,8.257245e+03,,
12394,2.902912e+03,,
12395,3.022438e+03,,
12396,1.608362e+02,,
12397,2.193020e+03,,
12398,1.031456e+04,,
12399,1.081401e+03,,
12400,4.765148e+02,,
12401,1.465407e+01,,
12402,1.202879e+01,,
12403,9.210343e+00,,
12404,1.317625e+02,,
12405,4.331214e+02,,
12406,1.039450e+02,,
12407,6.048263e+01,,
12408,1.162205e+01,,
12409,2.889728e+01,,
12410,8.823623e+00,,
12411,1.326057e+01,,
12412,4.776836e+02,,
12413,5.721457e+00,,
12414,2.916805e+00,,
12415,3.192922e+02,,
12416,5.122681e+02,,
12417,1.348077e+03,,
12418,3.679708e+03,,
12419,1.132168e+03,,
12420,1.954981e+02,,
12421,1.241220e+02,,
12422,6.044116e+01,,
12423,3.551502e+02,,
12424,2.180157e+01,,
12425,2.590151e+02,,
12426,5.030199e+01,,
12427,5.875497e+01,,
12428,5.246149e+04,,
12429,1.989073e+03,,
12430,1.548773e+03,,
12431,3.131184e+02,,
12432,6.949568e+03,,
12433,2.281625e+03,,
12434,3.128110e+03,,
12435,9.022775e+03,,
12436,8.675263e+04,,
12437,6.575117e+03,,
12438,2.177159e+04,,
12439,2.102756e+03,,
12440,1.191666e+02,,
12441,1.907984e+02,,
12442,1.242831e+02,,
12443,2.828314e+02,,
12444,9.792826e+03,,
12445,2.395297e+02,,
12446,7.427829e+01,,
12447,7.738484e+02,,
12448,1.477881e+02,,
12449,1.683852e+03,,
12450,1.918699e+03,,
12451,9.329270e+00,,
12452,7.174395e+02,,
12453,9.526652e+02,,
12454,2.192502e+01,,
12455,1.725696e+01,,
12456,3.892152e+02,,
12457,7.446698e+01,,
12458,1.678877e+02,,
12459,2.649770e+02,,
12460,1.177309e+02,,
12461,5.768586e+01,,
12462,7.240758e+01,,
12463,6.182673e+01,,
12464,1.635365e+03,,
12465,1.626775e+03,,
12466,1.492402e+02,,
12467,3.557911e+02,,
12468,4.484722e+01,,
12469,1.202219e+01,,
12470,7.293150e+02,,
12471,4.919560e+01,,
12472,7.984008e+01,,
12473,2.592457e+01,,
12474,1.690744e+01,,
12475,1.724281e+01,,
12476,1.596634e+02,,
12477,1.572284e+02,,
12478,1.110038e+01,,
12479,3.932208e+01,,
12480,9.533633e+01,,
12481,2.484257e+01,,
12482,1.354579e+01,,
12483,3.271692e+01,,
12484,1.896949e+01,,
12485,5.307780e+03,,
12486,1.343127e+03,,
12487,3.548942e+02,,
12488,6.734838e+02,,
12489,5.629707e+02,,
12490,1.947714e+02,,
12491,8.790944e+01,,
12492,8.500117e+02,,
12493,4.259868e+02,,
12494,3.175201e+02,,
12495,7.584108e+02,,
12496,6.635212e+02,,
12497,9.719864e+00,,
12498,2.997534e+02,,
12499,2.213032e+02,,
12500,2.331109e+02,,
12501,9.054678e+02,,
12502,8.335887e+01,,
12503,4.481546e+01,,
12504,2.236857e+01,,
12505,3.027397e+02,,
12506,6.211268e+00,,
12507,1.956289e+01,,
12508,1.398232e+01,,
12509,2.063512e+01,,
12510,7.906324e+00,,
12511,6.905508e+01,,
12512,1.860732e+01,,
12513,2.407956e+02,,
12514,6.207573e+01,,
12515,2.081209e+02,,
12516,9.205780e+01,,
12517,4.729115e+02,,
12518,3.732202e+01,,
12519,2.740321e+02,,
12520,6.141978e+01,,
12521,7.272736e+00,,
12522,2.657348e+01,,
12523,8.285032e+00,,
12524,1.568581e+02,,
12525,5.183963e+00,,
12526,2.829121e+01,,
12527,4.025388e+01,,
12528,1.896415e+01,,
12529,8.123922e+00,,
12530,9.113612e+01,,
12531,3.304945e+01,,
12532,4.785318e+00,,
12533,2.217983e+01,,
12534,5.479127e+01,,
12535,4.378107e+02,,
12536,8.951979e+02,,
12537,1.760617e+03,,
12538,6.650439e+01,,
12539,1.098334e+04,,
12540,5.483263e+03,,
12541,1.167251e+02,,
12542,5.754269e+01,,
12543,2.466345e+02,,
12544,2.660380e+02,,
12545,1.439512e+02,,
12546,6.197215e+02,,
12547,2.847260e+01,,
12548,2.028861e+02,,
12549,2.517611e+03,,
12550,2.834254e+02,,
12551,5.825567e+03,,
12552,1.347776e+03,,
12553,5.171721e+02,,
12554,1.221091e+04,,
12555,4.484625e+03,,
12556,2.674047e+03,,
12557,7.335015e+03,,
12558,5.377211e+03,,
12559,4.351971e+02,,
12560,5.573613e+02,,
12561,4.853511e+03,,
12562,1.312548e+03,,
12563,2.998666e+02,,
12564,5.114759e+03,,
12565,1.810447e+03,,
12566,2.122663e+02,,
12567,5.242097e+03,,
12568,2.511309e+02,,
12569,1.300844e+02,,
12570,9.720450e+02,,
12571,2.685211e+02,,
12572,9.218312e+01,,
12573,2.562532e+03,,
12574,1.730530e+02,,
12575,4.720473e+01,,
12576,8.798662e+01,,
12577,1.826172e+03,,
12578,1.960741e+02,,
12579,5.110760e+01,,
12580,1.122955e+02,,
12581,2.302592e+02,,
12582,4.295512e+02,,
12583,8.000390e+01,,
12584,6.540276e+01,,
12585,1.545767e+01,,
12586,8.379528e+01,,
12587,1.151842e+01,,
12588,2.489793e+01,,
12589,2.913266e+02,,
12590,5.621346e+02,,
12591,3.239573e+02,,
12592,1.357653e+03,,
12593,3.301826e+02,,
12594,2.419276e+02,,
12595,2.543233e+02,,
12596,5.196134e+02,,
12597,2.739915e+03,,
12598,8.024832e+02,,
12599,1.517311e+04,,
12600,7.744647e+02,,
12601,7.625546e+02,,
12602,2.001817e+03,,
12603,1.724978e+04,,
12604,1.747345e+04,,
12605,1.205392e+03,,
12606,6.335504e+03,,
12607,2.948194e+04,,
12608,2.754126e+04,,
12609,1.549620e+04,,
12610,1.560984e+04,,
12611,1.102876e+05,,
12612,4.740572e+04,,
12613,1.480529e+03,,
12614,3.843964e+03,,
12615,6.270337e+02,,
12616,8.555148e+03,,
12617,5.703708e+03,,
12618,2.414472e+05,,
12619,6.877970e+03,,
12620,1.211381e+05,,
12621,5.841595e+03,,
12622,2.976323e+04,,
12623,5.535408e+04,,
12624,5.420920e+03,,
12625,5.583254e+04,,
12626,6.549438e+03,,
12627,6.035544e+04,,
12628,3.606517e+04,,
12629,2.031141e+04,,
12630,5.507957e+01,,
12631,1.039644e+02,,
12632,5.063969e+03,,
12633,2.587027e+03,,
12634,6.267537e+02,,
12635,8.570547e+02,,
12636,2.027886e+02,,
12637,2.064333e+02,,
12638,8.999090e+02,,
12639,9.282492e+02,,
12640,4.118424e+03,,
12641,2.815529e+02,,
12642,7.705745e+02,,
12643,5.362614e+02,,
12644,3.124698e+03,,
12645,7.392120e+02,,
12646,5.765408e+01,,
12647,6.540513e+02,,
12648,2.384688e+04,,
12649,2.615920e+02,,
12650,1.464831e+02,,
12651,2.788834e+02,,
12652,2.943290e+02,,
12653,2.743741e+02,,
12654,3.438074e+02,,
12655,3.268515e+02,,
12656,1.015774e+03,,
12657,9.655333e+02,,
12658,3.269363e+04,,
12659,4.513347e+03,,
12660,3.152637e+04,,
12661,1.399838e+03,,
12662,1.205630e+03,,
12663,2.534814e+04,,
12664,1.575075e+04,,
12665,1.268739e+03,,
12666,1.234425e+04,,
12667,1.628895e+03,,
12668,3.348835e+02,,
12669,2.090828e+04,,
12670,1.183944e+03,,
12671,1.299451e+03,,
12672,3.420971e+02,,
12673,2.371632e+02,,
12674,3.525094e+03,,
12675,4.043869e+03,,
12676,2.917424e+02,,
12677,1.072250e+03,,
12678,3.559171e+02,,
12679,5.812751e+03,,
12680,5.686043e+03,,
12681,1.503886e+02,,
12682,2.146860e+02,,
12683,7.117131e+02,,
12684,1.556269e+05,,
12685,2.347404e+04,,
12686,1.546553e+04,,
12687,3.011228e+03,,
12688,5.033262e+03,,
12689,2.679229e+03,,
12690,3.879051e+05,,
12691,2.632604e+04,,
12692,1.299223e+04,,
12693,2.854198e+03,,
12694,5.812398e+04,,
12695,1.738042e+04,,
12696,4.601438e+05,,
12697,4.731110e+05,,
12698,4.013651e+05,,
12699,4.044054e+04,,
12700,7.076847e+04,,
12701,1.411402e+04,,
12702,2.141154e+04,,
12703,9.956566e+03,,
12704,2.596055e+05,,
12705,8.630390e+04,,
12706,3.896265e+05,,
12707,1.263885e+04,,
12708,1.060967e+04,,
12709,1.768623e+05,,
12710,1.637247e+04,,
12711,1.820933e+05,,
12712,1.383253e+04,,
12713,1.215158e+06,,
12714,1.141986e+06,,
12715,2.243398e+03,,
12716,1.386417e+03,,
12717,1.788791e+04,,
12718,3.006279e+04,,
12719,8.821524e+03,,
12720,2.307224e+04,,
12721,5.336977e+04,,
12722,1.184996e+03,,
12723,5.796726e+03,,
12724,4.335007e+04,,
12725,8.533152e+03,,
12726,7.652854e+03,,
12727,1.729424e+04,,
12728,5.482706e+03,,
12729,8.928375e+05,,
12730,5.210585e+04,,
12731,2.482576e+04,,
12732,4.637140e+04,,
12733,7.561783e+04,,
12734,2.384929e+03,,
12735,5.846660e+04,,
12736,2.200949e+04,,
12737,8.575977e+03,,
12738,2.199042e+04,,
12739,1.277031e+03,,
12740,2.641587e+04,,
12741,3.368802e+04,,
12742,5.080341e+01,,
12743,3.196672e+02,,
12744,1.042015e+03,,
12745,1.831515e+02,,
12746,2.367794e+01,,
12747,3.078466e+02,,
12748,2.737406e+01,,
12749,7.833642e+01,,
12750,1.528744e+02,,
12751,2.311594e+01,,
12752,1.630595e+04,,
12753,9.948978e+01,,
12754,1.470368e+03,,
12755,1.345222e+03,,
12756,4.966039e+02,,
12757,2.959345e+03,,
12758,1.373848e+02,,
12759,4.894771e+01,,
12760,4.533188e+02,,
12761,4.526210e+00,,
12762,1.132322e+01,,
12763,6.948268e+00,,
12764,1.157545e+01,,
12765,7.397837e+00,,
12766,1.268938e+01,,
12767,4.279540e+00,,
12768,3.879183e+00,,
12769,2.773697e+00,,
12770,1.221164e+01,,
12771,6.193945e-01,,
12772,2.556615e+00,,
12773,6.612502e+00,,
12774,1.749059e+01,,
12775,4.804081e+00,,
12776,4.646504e+01,,
12777,1.298526e+01,,
12778,3.803693e+00,,
12779,3.919272e+00,,
12780,3.123561e+01,,
12781,1.262109e+02,,
12782,1.035237e+02,,
12783,1.943143e+01,,
12784,2.090248e+01,,
12785,4.285090e+01,,
12786,1.203851e+02,,
12787,8.306500e+01,,
12788,7.506244e+01,,
12789,5.648360e+02,,
12790,2.678829e+01,,
12791,6.927234e+01,,
12792,8.366869e+01,,
12793,2.068187e+02,,
12794,1.508897e+03,,
12795,2.654363e+02,,
12796,1.642637e+03,,
12797,1.416487e+02,,
12798,1.140114e+02,,
12799,3.457599e+01,,
12800,7.109433e+01,,
12801,5.157723e+01,,
12802,1.021759e+04,,
12803,6.339978e+03,,
12804,3.623696e+03,,
12805,1.574463e+03,,
12806,1.962388e+03,,
12807,7.081156e+01,,
12808,7.658623e+01,,
12809,4.062457e+03,,
12810,6.983141e+01,,
12811,1.358732e+01,,
12812,7.242137e+02,,
12813,8.119142e+03,,
12814,8.980588e+03,,
12815,2.968571e+03,,
12816,2.015419e+04,,
12817,8.690739e+02,,
12818,5.040555e+04,,
12819,4.542538e+03,,
12820,2.416693e+05,,
12821,2.781358e+04,,
12822,3.907409e+03,,
12823,1.370466e+04,,
12824,5.149038e+03,,
12825,1.526965e+04,,
12826,5.323644e+03,,
12827,5.548262e+03,,
12828,2.340489e+03,,
12829,1.903460e+03,,
12830,1.759431e+04,,
12831,1.711670e+04,,
12832,1.243695e+03,,
12833,1.158418e+02,,
12834,8.791435e+02,,
12835,1.549394e+03,,
12836,6.310744e+03,,
12837,1.053663e+04,,
12838,6.668715e+03,,
12839,1.475014e+03,,
12840,2.604603e+03,,
12841,4.169166e+04,,
12842,2.932980e+02,,
12843,1.635976e+03,,
12844,7.484337e+03,,
12845,1.030316e+03,,
12846,2.539562e+02,,
12847,1.820828e+03,,
12848,4.315849e+03,,
12849,1.929644e+03,,
12850,4.393534e+03,,
12851,6.403388e+03,,
12852,1.613833e+02,,
12853,3.260076e+04,,
12854,3.867312e+01,,
12855,2.562053e+02,,
12856,1.374749e+03,,
12857,3.399013e+02,,
12858,2.777381e+03,,
12859,3.525720e+02,,
12860,5.782127e+02,,
12861,4.933596e+03,,
12862,1.643914e+02,,
12863,4.083522e+02,,
12864,2.965082e+01,,
12865,1.315546e+02,,
12866,1.110883e+02,,
12867,1.800236e+01,,
12868,2.292588e+02,,
12869,1.667280e+02,,
12870,8.932811e+01,,
12871,4.670810e+02,,
12872,1.197138e+03,,
12873,2.146885e+02,,
12874,7.062972e+02,,
12875,5.111748e+03,,
12876,1.027396e+03,,
12877,5.543844e+03,,
12878,1.514416e+04,,
12879,8.723962e+03,,
12880,7.116103e+02,,
12881,1.542134e+02,,
12882,3.249285e+03,,
12883,1.112146e+03,,
12884,1.977616e+02,,
12885,6.509403e+02,,
12886,2.478064e+03,,
12887,2.242739e+03,,
12888,9.677083e+03,,
12889,2.902391e+04,,
12890,2.204560e+03,,
12891,5.650724e+01,,
12892,1.882812e+01,,
12893,3.140274e+02,,
12894,8.099679e+01,,
12895,4.269375e+02,,
12896,2.168851e+01,,
12897,9.737729e+01,,
12898,8.157091e+02,,
12899,1.854296e+03,,
12900,1.902047e+03,,
12901,3.077910e+02,,
12902,2.869389e+02,,
12903,4.004687e+02,,
12904,1.004925e+02,,
12905,7.778180e+03,,
12906,6.518596e+02,,
12907,1.533831e+03,,
12908,4.311086e+03,,
12909,3.297424e+02,,
12910,8.210230e+01,,
12911,1.109784e+02,,
12912,4.721239e+01,,
12913,8.227895e+01,,
12914,4.792834e+02,,
12915,4.798416e+03,,
12916,3.682364e+01,,
12917,2.924758e+02,,
12918,2.758147e+02,,
12919,4.481073e+02,,
12920,4.260887e+01,,
12921,1.672283e+02,,
12922,2.574010e+02,,
12923,3.043427e+02,,
12924,9.458829e+03,,
12925,1.474098e+03,,
12926,9.687748e+02,,
12927,7.521479e+01,,
12928,1.305707e+02,,
12929,1.167635e+02,,
12930,4.448739e+02,,
12931,1.158831e+03,,
12932,4.089110e+02,,
12933,2.257599e+02,,
12934,1.824262e+02,,
12935,1.320747e+04,,
12936,3.842840e+03,,
12937,6.395998e+03,,
12938,7.637789e+03,,
12939,2.017264e+04,,
12940,3.219832e+04,,
12941,4.095189e+02,,
12942,5.197379e+03,,
12943,2.537485e+03,,
12944,3.725961e+02,,
12945,4.562103e+02,,
12946,4.221804e+01,,
12947,1.860569e+01,,
12948,2.298750e+03,,
12949,7.920099e+02,,
12950,2.820212e+01,,
12951,4.326830e+01,,
12952,1.175040e+02,,
12953,3.473432e+02,,
12954,9.478689e+03,,
12955,4.518483e+01,,
12956,2.197612e+03,,
12957,7.197016e+02,,
12958,1.652525e+03,,
12959,5.789710e+01,,
12960,2.819584e+02,,
12961,9.833548e+02,,
12962,4.732488e+03,,
12963,2.511399e+02,,
12964,2.932459e+02,,
12965,3.694186e+01,,
12966,8.482482e+02,,
12967,4.370492e+03,,
12968,1.774096e+01,,
12969,2.502349e+01,,
12970,2.469755e+01,,
12971,1.392352e+01,,
12972,3.204262e+00,,
12973,1.285830e+01,,
12974,4.576532e+00,,
12975,1.058791e+02,,
12976,2.062306e+02,,
12977,1.238029e+02,,
12978,3.039572e+01,,
12979,2.636735e+02,,
12980,5.227577e+02,,
12981,2.133912e+01,,
12982,3.787001e+01,,
12983,1.423770e+03,,
12984,2.805448e+01,,
12985,2.210409e+01,,
12986,1.129271e+02,,
12987,4.521688e+02,,
12988,3.007897e+03,,
12989,2.228788e+02,,
12990,1.068148e+03,,
12991,1.230369e+03,,
12992,2.803160e+03,,
12993,1.855552e+02,,
12994,1.115957e+02,,
12995,1.835231e+01,,
12996,3.619327e+01,,
12997,3.496845e+01,,
12998,2.925932e+02,,
12999,2.662959e+02,,
13000,1.042019e+03,,
13001,2.535815e+02,,
13002,3.827618e+02,,
13003,1.160962e+01,,
13004,2.772378e+00,,
13005,5.414727e+03,,
13006,2.310777e+01,,
13007,1.494810e+02,,
13008,8.001266e+01,,
13009,1.059030e+03,,
13010,4.293310e+02,,
13011,2.636269e+02,,
13012,7.456025e+02,,
13013,4.763731e+02,,
13014,7.343199e+02,,
13015,1.502383e+03,,
13016,3.814276e+02,,
13017,2.530507e+03,,
13018,4.962574e+01,,
13019,1.600365e+01,,
13020,1.211785e+02,,
13021,4.411805e+01,,
13022,1.241657e+02,,
13023,7.801539e+00,,
13024,1.739540e+01,,
13025,3.581550e+01,,
13026,2.308323e+02,,
13027,3.173386e+02,,
13028,3.654874e+01,,
13029,4.827463e+02,,
13030,2.605038e+02,,
13031,7.122871e+02,,
13032,3.361579e+01,,
13033,5.380108e+01,,
13034,8.067087e+01,,
13035,5.206038e+01,,
13036,9.363697e+02,,
13037,7.587057e+01,,
13038,7.940136e+00,,
13039,7.315562e+00,,
13040,4.294829e+00,,
13041,1.025123e+01,,
13042,3.833986e+00,,
13043,8.050194e+01,,
13044,4.493555e+00,,
13045,1.304572e+01,,
13046,1.032717e+02,,
13047,2.386833e+02,,
13048,2.127591e+02,,
13049,7.634073e+02,,
13050,1.365543e+02,,
13051,2.635136e+01,,
13052,2.113953e+01,,
13053,1.266340e+02,,
13054,8.387209e+01,,
13055,4.179033e+02,,
13056,1.134234e+02,,
13057,2.350859e+03,,
13058,9.683234e+03,,
13059,2.153708e+03,,
13060,7.639696e+02,,
13061,9.096352e+02,,
13062,1.723508e+02,,
13063,2.280996e+03,,
13064,6.287283e+02,,
13065,2.882272e+02,,
13066,2.287700e+02,,
13067,9.402746e+02,,
13068,1.125784e+01,,
13069,2.830969e+00,,
13070,3.220838e+03,,
13071,8.658622e+02,,
13072,6.240187e+00,,
13073,8.000374e+00,,
13074,2.087733e+01,,
13075,7.867027e+02,,
13076,4.605486e+02,,
13077,6.063090e+02,,
13078,8.909242e+02,,
13079,4.109374e+02,,
13080,8.204696e+02,,
13081,7.397611e+01,,
13082,7.971327e+01,,
13083,1.806327e+02,,
13084,2.305470e+03,,
13085,9.095981e+01,,
13086,3.394615e+02,,
13087,3.207422e+02,,
13088,8.839311e+01,,
13089,2.709269e+02,,
13090,3.432418e+02,,
13091,1.076180e+02,,
13092,5.082609e+02,,
13093,2.337469e+01,,
13094,2.796192e+01,,
13095,8.262897e+01,,
13096,7.310499e+01,,
13097,4.520367e+01,,
13098,2.601219e+02,,
13099,7.676183e+02,,
13100,1.396431e+02,,
13101,5.002131e+02,,
13102,1.443538e+02,,
13103,7.342716e+01,,
13104,1.244345e+03,,
13105,7.052296e+03,,
13106,4.680711e+02,,
13107,1.577099e+03,,
13108,3.066858e+02,,
13109,5.569670e+01,,
13110,1.996302e+02,,
13111,2.488854e+02,,
13112,6.021565e+02,,
13113,1.997195e+04,,
13114,7.716046e+01,,
13115,1.272105e+02,,
13116,2.543174e+02,,
13117,2.309017e+02,,
13118,3.822061e+01,,
13119,4.897517e+01,,
13120,2.993826e+00,,
13121,1.354074e+01,,
13122,1.614043e+00,,
13123,2.719161e+00,,
13124,8.666118e-01,,
13125,7.177342e-01,,
13126,1.429336e+01,,
13127,6.733440e+01,,
13128,6.070730e-01,,
13129,5.372483e+00,,
13130,7.069183e+00,,
13131,1.230761e+01,,
13132,4.427613e+01,,
13133,5.881793e-01,,
13134,1.563960e+01,,
13135,1.489762e+01,,
13136,2.902341e+01,,
13137,2.954324e+01,,
13138,3.145302e+00,,
13139,1.082870e+01,,
13140,4.058750e+00,,
13141,1.655580e+01,,
13142,4.208856e+00,,
13143,4.746106e+00,,
13144,1.865429e+01,,
13145,2.845519e+00,,
13146,6.938838e+00,,
13147,9.717073e-01,,
13148,6.300074e+01,,
13149,5.777146e+01,,
13150,9.698017e+00,,
13151,3.514382e+00,,
13152,2.065145e+01,,
13153,4.350720e+00,,
13154,2.558163e+02,,
13155,2.141939e+01,,
13156,1.699279e+01,,
13157,1.004821e+02,,
13158,1.048073e+01,,
13159,3.996008e+00,,
13160,7.283436e+01,,
13161,1.131422e+02,,
13162,2.671360e+01,,
13163,5.676051e+00,,
13164,1.547950e+00,,
13165,1.420142e+01,,
13166,8.231542e-01,,
13167,1.971370e+00,,
13168,7.397825e-01,,
13169,5.311780e-01,,
13170,2.722095e+00,,
13171,2.501262e+01,,
13172,7.220226e-01,,
13173,5.399555e+00,,
13174,7.266845e-01,,
13175,2.339467e-01,,
13176,5.792211e+01,,
13177,1.661134e+01,,
13178,1.116866e+00,,
13179,7.005779e-01,,
13180,1.493408e+01,,
13181,8.338083e+01,,
13182,4.923579e+01,,
13183,8.625848e-01,,
13184,6.764115e+01,,
13185,2.484678e+01,,
13186,3.241869e+01,,
13187,4.212070e-01,,
13188,1.353579e+01,,
13189,1.851571e+00,,
13190,8.545397e-01,,
13191,6.339066e+00,,
13192,7.483557e-01,,
13193,6.086895e-01,,
13194,1.049617e+02,,
13195,3.995423e+00,,
13196,2.694523e+01,,
13197,3.130376e+01,,
13198,1.265015e+01,,
13199,5.564806e+01,,
13200,5.680133e+01,,
13201,5.791590e+01,,
13202,2.293924e+02,,
13203,4.773424e+02,,
13204,8.626754e+01,,
13205,5.660394e+01,,
13206,2.566503e+02,,
13207,2.051267e+01,,
13208,7.535956e+01,,
13209,4.820022e+01,,
13210,4.128106e+01,,
13211,3.560283e+00,,
13212,5.968220e+03,,
13213,7.857444e+02,,
13214,1.025490e+02,,
13215,8.589501e+02,,
13216,4.784325e+02,,
13217,8.729640e+01,,
13218,9.278314e+02,,
13219,8.229577e+02,,
13220,2.165045e+03,,
13221,2.850500e+03,,
13222,2.076193e+04,,
13223,1.047412e+05,,
13224,3.441446e+02,,
13225,1.225687e+03,,
13226,1.416433e+04,,
13227,2.819763e+03,,
13228,2.406593e+03,,
13229,4.794217e+03,,
13230,1.297750e+03,,
13231,2.084992e+02,,
13232,7.142069e+02,,
13233,1.423680e+03,,
13234,1.142725e+03,,
13235,5.255181e+02,,
13236,7.828465e+02,,
13237,8.512418e+02,,
13238,2.787137e+03,,
13239,4.121415e+02,,
13240,1.207359e+04,,
13241,1.362307e+04,,
13242,1.287605e+03,,
13243,3.295587e+04,,
13244,8.210500e+04,,
13245,1.301506e+05,,
13246,1.247323e+02,,
13247,9.890189e+02,,
13248,1.388427e+02,,
13249,1.179468e+02,,
13250,1.857675e+02,,
13251,4.781928e+02,,
13252,5.552023e+03,,
13253,3.004263e+03,,
13254,5.482781e+00,,
13255,5.613333e+01,,
13256,1.469520e+02,,
13257,5.041368e+02,,
13258,1.081130e+02,,
13259,6.414469e+02,,
13260,4.034952e+01,,
13261,1.632740e+01,,
13262,2.866288e+02,,
13263,1.577884e+02,,
13264,7.858939e+02,,
13265,5.009555e+00,,
13266,1.377938e+01,,
13267,2.871977e+01,,
13268,2.043721e+02,,
13269,9.383733e+01,,
13270,3.609015e+01,,
13271,4.565202e+02,,
13272,1.489169e+02,,
13273,4.028937e+01,,
13274,2.918224e+03,,
13275,1.427947e+03,,
13276,1.153024e+03,,
13277,8.915381e+02,,
13278,5.471104e+03,,
13279,1.146876e+03,,
13280,2.147712e+03,,
13281,1.616004e+02,,
13282,4.361838e+02,,
13283,3.138589e+03,,
13284,1.266232e+03,,
13285,1.675061e+02,,
13286,7.664291e+01,,
13287,5.449274e+02,,
13288,3.169188e+02,,
13289,2.490520e+03,,
13290,2.120450e+02,,
13291,1.350593e+01,,
13292,6.361219e+00,,
13293,4.596407e+01,,
13294,1.665596e+02,,
13295,4.901339e+01,,
13296,8.766038e+02,,
13297,1.185912e+02,,
13298,3.795826e+01,,
13299,3.482539e+02,,
13300,1.064281e+01,,
13301,2.484451e+01,,
13302,7.874232e+02,,
13303,1.786792e+02,,
13304,2.868016e+03,,
13305,9.626899e+02,,
13306,1.841428e+03,,
13307,3.894548e+02,,
13308,3.954848e+03,,
13309,8.538144e+00,,
13310,5.037817e+01,,
13311,4.318131e+02,,
13312,2.448179e+01,,
13313,1.411450e+01,,
13314,3.079152e+01,,
13315,2.128166e+01,,
13316,4.911639e+00,,
13317,2.123705e+01,,
13318,6.239218e+01,,
13319,8.365416e+01,,
13320,4.053097e+00,,
13321,1.684838e+02,,
13322,3.500510e+01,,
13323,4.457868e+00,,
13324,2.001156e+01,,
13325,1.719865e+01,,
13326,1.942896e+01,,
13327,5.008619e+02,,
13328,4.796506e+01,,
13329,1.021927e+03,,
13330,4.250983e+03,,
13331,4.250916e+02,,
13332,8.002846e+01,,
13333,2.606616e+01,,
13334,5.843557e+01,,
13335,1.685593e+01,,
13336,3.718784e+01,,
13337,6.269990e+01,,
13338,6.657355e+02,,
13339,3.099591e+02,,
13340,1.706966e+02,,
13341,1.678914e+01,,
13342,8.679813e+00,,
13343,7.259986e+00,,
13344,9.595431e+00,,
13345,3.521604e+01,,
13346,3.053507e+02,,
13347,3.396810e+01,,
13348,1.404959e+02,,
13349,2.388642e+01,,
13350,2.508229e+02,,
13351,1.844964e+01,,
13352,3.043000e+01,,
13353,6.983569e+00,,
13354,6.120362e+00,,
13355,2.420205e+02,,
13356,5.522061e+02,,
13357,2.679826e+01,,
13358,3.822685e+01,,
13359,3.999772e+01,,
13360,2.975776e+01,,
13361,1.771743e+02,,
13362,5.008398e+03,,
13363,6.755296e+02,,
13364,2.245752e+02,,
13365,2.127693e+01,,
13366,4.267875e+02,,
13367,5.698284e+01,,
13368,1.576066e+02,,
13369,3.482889e+01,,
13370,2.637775e+02,,
13371,7.886334e+02,,
13372,9.959838e+01,,
13373,3.014328e+02,,
13374,2.801860e+01,,
13375,1.455868e+02,,
13376,1.179593e+01,,
13377,1.338522e+02,,
13378,2.287894e+01,,
13379,2.612501e+01,,
13380,2.377495e+01,,
13381,5.171309e+01,,
13382,3.029230e+02,,
13383,2.172014e+01,,
13384,3.701607e+00,,
13385,3.024862e+02,,
13386,1.744854e+02,,
13387,6.783334e+02,,
13388,1.563691e+02,,
13389,9.924810e+02,,
13390,8.938060e+00,,
13391,3.589401e+00,,
13392,3.453114e+00,,
13393,6.694396e+02,,
13394,2.740497e+02,,
13395,2.460915e+00,,
13396,1.026304e+01,,
13397,4.993660e+00,,
13398,2.578934e+00,,
13399,3.165364e+00,,
13400,1.865828e+01,,
13401,8.607882e+01,,
13402,1.500825e+03,,
13403,6.808866e+01,,
13404,1.056052e+01,,
13405,1.305427e+01,,
13406,4.120087e+01,,
13407,7.337575e+00,,
13408,7.001506e+00,,
13409,2.841640e+01,,
13410,1.474137e+01,,
13411,1.612357e+02,,
13412,2.263368e+00,,
13413,5.443810e+01,,
13414,4.657889e+03,,
13415,6.165458e+01,,
13416,1.059488e+02,,
13417,3.042016e+02,,
13418,3.770038e+02,,
13419,3.539599e+02,,
13420,2.518365e+02,,
13421,1.383727e+02,,
13422,8.111697e+02,,
13423,4.441608e+03,,
13424,1.257931e+02,,
13425,1.216618e+03,,
13426,2.150764e+03,,
13427,8.113542e+01,,
13428,2.340421e+03,,
13429,6.531820e+04,,
13430,9.331808e+04,,
13431,1.513576e+01,,
13432,6.963975e+01,,
13433,1.583808e+02,,
13434,4.712931e+01,,
13435,7.208718e+00,,
13436,4.574080e+01,,
13437,7.109878e+00,,
13438,1.712829e+01,,
13439,1.029118e+01,,
13440,7.327367e+02,,
13441,1.877320e+03,,
13442,3.789919e+02,,
13443,5.625682e+02,,
13444,2.185641e+02,,
13445,3.905186e+01,,
13446,3.864617e+01,,
13447,6.461687e+02,,
13448,9.779240e+02,,
13449,5.065898e+03,,
13450,9.583625e+02,,
13451,1.138307e+02,,
13452,4.595659e+02,,
13453,2.766660e+02,,
13454,8.750089e+01,,
13455,1.217574e+02,,
13456,4.518354e+02,,
13457,5.583685e+02,,
13458,3.159184e+02,,
13459,1.673285e+02,,
13460,7.713739e+02,,
13461,7.443476e+02,,
13462,2.517973e+03,,
13463,6.896119e+02,,
13464,4.413009e+03,,
13465,1.933147e+04,,
13466,9.205371e+02,,
13467,6.031843e+01,,
13468,4.085209e+01,,
13469,8.282440e+01,,
13470,1.056504e+02,,
13471,1.507355e+02,,
13472,1.239701e+03,,
13473,2.297553e+02,,
13474,2.744361e+03,,
13475,6.925792e+02,,
13476,2.712610e+03,,
13477,8.576929e+02,,
13478,1.142494e+02,,
13479,6.996614e+02,,
13480,2.600899e+03,,
13481,9.189036e+03,,
13482,1.626500e+03,,
13483,1.410058e+02,,
13484,1.554070e+03,,
13485,9.826703e+03,,
13486,6.672759e+03,,
13487,5.910314e+02,,
13488,4.413266e+01,,
13489,2.078608e+01,,
13490,1.660853e+01,,
13491,5.427920e+00,,
13492,5.231208e+00,,
13493,2.685182e+00,,
13494,2.443097e+02,,
13495,3.710676e+01,,
13496,2.824445e+01,,
13497,6.636943e+01,,
13498,3.079222e+02,,
13499,1.969598e+01,,
13500,1.334984e+01,,
13501,2.440150e+01,,
13502,1.302318e+01,,
13503,1.571957e+00,,
13504,1.066483e+00,,
13505,2.892241e+01,,
13506,6.541506e+00,,
13507,2.503025e+01,,
13508,1.463236e+01,,
13509,5.142675e+01,,
13510,5.112893e+01,,
13511,2.087007e+01,,
13512,6.350572e+02,,
13513,2.057538e+01,,
13514,2.444561e+00,,
13515,3.117125e+01,,
13516,1.655303e+01,,
13517,1.457048e+01,,
13518,2.701920e-01,,
13519,3.546570e+00,,
13520,4.395416e+00,,
13521,9.358225e+01,,
13522,1.097286e+01,,
13523,6.821979e+01,,
13524,1.397729e+00,,
13525,1.005293e+00,,
13526,7.667141e-01,,
13527,1.255521e+00,,
13528,9.567601e+01,,
13529,6.640722e+00,,
13530,7.388358e+00,,
13531,1.112705e+00,,
13532,4.143854e+01,,
13533,6.766614e+01,,
13534,1.226725e+01,,
13535,1.022520e+01,,
13536,1.782250e+02,,
13537,8.428801e+00,,
13538,1.586290e+02,,
13539,5.303392e+00,,
13540,3.939116e+00,,
13541,2.600717e+02,,
13542,1.527039e+01,,
13543,1.502042e+02,,
13544,1.922005e+01,,
13545,9.801557e+00,,
13546,1.949219e-01,,
13547,1.141216e+00,,
13548,1.400123e+00,,
13549,1.721187e+01,,
13550,8.132091e+00,,
13551,1.376395e+01,,
13552,1.640515e+01,,
13553,1.373436e+00,,
13554,9.655063e+00,,
13555,6.426251e-01,,
13556,5.640006e-01,,
13557,4.577847e-01,,
13558,1.922454e-01,,
13559,1.618902e+00,,
13560,1.129947e-01,,
13561,8.891353e-02,,
13562,5.166139e-01,,
13563,4.066443e+00,,
13564,1.997851e+01,,
13565,1.283942e-01,,
13566,6.926202e+01,,
13567,4.760896e+01,,
13568,6.998116e+00,,
13569,8.700312e+00,,
13570,5.399808e-01,,
13571,5.266971e-01,,
13572,4.584403e+01,,
13573,4.568668e+00,,
13574,1.987192e+02,,
13575,3.128452e+02,,
13576,2.073267e+01,,
13577,4.728077e+00,,
13578,3.082753e+01,,
13579,2.585073e+02,,
13580,2.401980e+02,,
13581,6.701728e+01,,
13582,2.232585e+02,,
13583,9.806968e+01,,
13584,1.525234e+01,,
13585,1.827665e+01,,
13586,1.619858e+02,,
13587,5.357631e+01,,
13588,1.221472e+02,,
13589,1.486600e+01,,
13590,3.034147e+01,,
13591,3.768045e+01,,
13592,5.277715e+00,,
13593,1.306812e+01,,
13594,3.112543e+00,,
13595,9.301779e+00,,
13596,9.781317e+02,,
13597,1.681479e+01,,
13598,4.741590e+02,,
13599,1.866057e+03,,
13600,1.776161e+02,,
13601,1.525893e+02,,
13602,2.980815e+01,,
13603,2.652480e+02,,
13604,5.443788e+01,,
13605,3.582623e+03,,
13606,2.997006e+01,,
13607,3.560990e+01,,
13608,1.644980e+02,,
13609,4.372029e+02,,
13610,1.011041e+03,,
13611,1.124986e+03,,
13612,2.615496e+02,,
13613,1.992096e+02,,
13614,6.521436e+02,,
13615,4.942346e+02,,
13616,1.182004e+02,,
13617,2.528858e+01,,
13618,1.559051e+01,,
13619,3.091069e+00,,
13620,3.546157e+02,,
13621,1.730396e+01,,
13622,8.477141e+00,,
13623,8.237410e+00,,
13624,3.806845e+01,,
13625,2.532231e+02,,
13626,2.390720e+01,,
13627,4.277726e+02,,
13628,6.785225e+00,,
13629,1.086594e+03,,
13630,2.636685e+01,,
13631,1.069467e+01,,
13632,1.263420e+01,,
13633,4.380724e+02,,
13634,9.361828e+01,,
13635,6.623679e+02,,
13636,7.357690e+00,,
13637,1.560205e+01,,
13638,1.539326e+02,,
13639,4.613543e+01,,
13640,4.110628e+02,,
13641,4.152753e+01,,
13642,7.704270e+01,,
13643,2.414216e+02,,
13644,7.030385e+01,,
13645,2.223626e+01,,
13646,1.123465e+03,,
13647,2.943070e+03,,
13648,5.097151e+02,,
13649,1.732877e+03,,
13650,3.044622e+03,,
13651,1.214126e+01,,
13652,9.809143e+00,,
13653,1.490726e+01,,
13654,2.311665e+00,,
13655,4.082002e+00,,
13656,5.316794e+00,,
13657,1.163334e+01,,
13658,4.553282e+01,,
13659,1.002807e+02,,
13660,2.937360e+01,,
13661,1.107173e+02,,
13662,2.777046e+02,,
13663,2.791009e+03,,
13664,3.416126e+03,,
13665,9.836595e+01,,
13666,8.274522e+01,,
13667,5.164182e+02,,
13668,1.284542e+01,,
13669,1.429701e+02,,
13670,8.001009e+03,,
13671,4.950096e+03,,
13672,5.074701e+02,,
13673,1.095188e+03,,
13674,4.963041e+02,,
13675,6.153603e+00,,
13676,2.139387e+00,,
13677,1.042025e+01,,
13678,5.005512e+02,,
13679,1.593077e+03,,
13680,1.173552e+02,,
13681,1.427654e+02,,
13682,8.750653e+01,,
13683,5.780649e+01,,
13684,4.264241e+01,,
13685,2.854641e+01,,
13686,8.320076e+02,,
13687,5.262582e+03,,
13688,3.551079e+02,,
13689,3.322807e+02,,
13690,3.582855e+01,,
13691,1.016612e+02,,
13692,2.409100e+02,,
13693,1.642951e+03,,
13694,2.791035e+03,,
13695,6.295349e+01,,
13696,2.846215e+02,,
13697,3.182274e+01,,
13698,3.311045e+01,,
13699,7.928409e+01,,
13700,6.765031e+01,,
13701,1.806098e+01,,
13702,2.373770e+02,,
13703,5.250534e+01,,
13704,1.085665e+02,,
13705,7.646348e+02,,
13706,3.048330e+02,,
13707,3.152016e+01,,
13708,9.336156e+00,,
13709,1.032634e+01,,
13710,2.950224e+01,,
13711,1.505004e+02,,
13712,2.345117e+01,,
13713,2.129267e+01,,
13714,4.440276e+02,,
13715,6.077931e+01,,
13716,3.841373e+02,,
13717,7.110637e+03,,
13718,1.044201e+04,,
13719,6.113822e+03,,
13720,2.902246e+02,,
13721,3.800335e+03,,
13722,2.144177e+03,,
13723,2.917816e+03,,
13724,7.990629e+03,,
13725,3.636188e+03,,
13726,2.984896e+03,,
13727,9.225312e+03,,
13728,1.233531e+03,,
13729,1.377052e+04,,
13730,1.947189e+03,,
13731,9.298237e+02,,
13732,2.275404e+04,,
13733,7.116678e+03,,
13734,2.589772e+03,,
13735,1.684114e+03,,
13736,1.921919e+03,,
13737,2.786271e+03,,
13738,2.553172e+02,,
13739,6.647661e+01,,
13740,1.429794e+02,,
13741,1.110266e+02,,
13742,3.584544e+02,,
13743,1.802926e+03,,
13744,1.600392e+03,,
13745,1.671705e+02,,
13746,5.097741e+01,,
13747,7.897370e+01,,
13748,2.616055e+02,,
13749,1.686272e+03,,
13750,7.648324e+01,,
13751,6.904617e+02,,
13752,2.530100e+02,,
13753,6.739450e+01,,
13754,1.365355e+03,,
13755,7.017903e+02,,
13756,5.867380e+01,,
13757,1.093405e+03,,
13758,2.460426e+03,,
13759,5.348520e+01,,
13760,4.834367e+03,,
13761,8.552220e+02,,
13762,8.423490e+02,,
13763,1.539756e+03,,
13764,9.965467e+02,,
13765,2.773770e+03,,
13766,6.508813e+01,,
13767,1.580287e+02,,
13768,1.312901e+01,,
13769,6.458439e+00,,
13770,4.594971e+00,,
13771,2.139835e+00,,
13772,4.666322e+01,,
13773,1.926209e+02,,
13774,5.982784e+02,,
13775,3.603935e+02,,
13776,1.572274e+02,,
13777,2.231386e+01,,
13778,1.406986e+03,,
13779,3.544287e+02,,
13780,7.129219e+01,,
13781,1.381221e+02,,
13782,6.804954e+02,,
13783,5.747882e+02,,
13784,9.088741e+03,,
13785,2.336925e+03,,
13786,9.196451e+03,,
13787,2.309253e+04,,
13788,5.070155e+04,,
13789,1.754046e+02,,
13790,3.436845e+03,,
13791,7.102980e+02,,
13792,1.703448e+02,,
13793,1.216354e+02,,
13794,1.605017e+02,,
13795,3.711407e+02,,
13796,1.810991e+02,,
13797,4.420333e+01,,
13798,5.984632e+02,,
13799,5.854285e+02,,
13800,1.897655e+02,,
13801,9.882432e+02,,
13802,5.521364e+03,,
13803,2.084675e+03,,
13804,2.271802e+02,,
13805,7.116328e+02,,
13806,9.362459e+02,,
13807,3.648900e+02,,
13808,1.115638e+02,,
13809,5.942668e+02,,
13810,1.956408e+03,,
13811,1.968400e+02,,
13812,8.443432e+02,,
13813,1.679363e+01,,
13814,6.891058e+01,,
13815,2.514473e+04,,
13816,1.166326e+04,,
13817,2.229467e+04,,
13818,3.326419e+03,,
13819,4.952340e+03,,
13820,2.956874e+04,,
13821,1.096668e+04,,
13822,2.626187e+03,,
13823,7.074603e+03,,
13824,1.890588e+03,,
13825,3.187805e+03,,
13826,1.934175e+02,,
13827,1.918880e+03,,
13828,2.842341e+01,,
13829,3.842640e+01,,
13830,3.002054e+01,,
13831,3.993215e+03,,
13832,3.405080e+02,,
13833,1.466509e+02,,
13834,9.696921e+02,,
13835,5.492619e+01,,
13836,4.742460e+01,,
13837,3.760525e+02,,
13838,3.987477e+02,,
13839,4.709932e+02,,
13840,1.268456e+03,,
13841,6.181945e+02,,
13842,2.904413e+01,,
13843,2.425693e+01,,
13844,2.659284e+01,,
13845,1.360245e+02,,
13846,1.286382e+04,,
13847,1.593572e+02,,
13848,4.266188e+01,,
13849,1.256658e+02,,
13850,3.842715e+03,,
13851,1.961691e+03,,
13852,7.189150e+01,,
13853,1.160001e+03,,
13854,2.883475e+03,,
13855,1.350958e+02,,
13856,5.110689e+02,,
13857,8.971065e+01,,
13858,1.588730e+02,,
13859,4.448675e+01,,
13860,1.403404e+01,,
13861,1.542593e+02,,
13862,1.171433e+03,,
13863,1.729762e+02,,
13864,1.965270e+02,,
13865,6.659205e+01,,
13866,4.051279e+01,,
13867,4.043729e+02,,
13868,3.964539e+01,,
13869,2.149819e+03,,
13870,4.112784e+03,,
13871,7.090211e+02,,
13872,5.835477e+03,,
13873,1.313557e+02,,
13874,4.473089e+01,,
13875,5.226691e+02,,
13876,1.543518e+03,,
13877,2.352582e+03,,
13878,1.163661e+03,,
13879,1.638094e+03,,
13880,1.733168e+03,,
13881,6.471363e+01,,
13882,3.774341e+01,,
13883,3.883327e+01,,
13884,5.087710e+02,,
13885,7.392801e+02,,
13886,2.126580e+01,,
13887,1.046888e+04,,
13888,1.152574e+03,,
13889,4.633415e+02,,
13890,1.665312e+03,,
13891,1.089618e+03,,
13892,2.618851e+02,,
13893,2.042046e+02,,
13894,2.029398e+03,,
13895,7.794258e+02,,
13896,1.610508e+02,,
13897,1.899942e+01,,
13898,2.450958e+02,,
13899,2.658597e+03,,
13900,2.713917e+03,,
13901,2.173014e+03,,
13902,1.024803e+02,,
13903,3.619069e+01,,
13904,7.960201e+01,,
13905,4.280610e+01,,
13906,3.619310e+02,,
13907,2.177595e+01,,
13908,7.208834e+02,,
13909,2.939556e+02,,
13910,2.072342e+02,,
13911,1.032006e+02,,
13912,1.009585e+03,,
13913,7.223762e+02,,
13914,2.626937e+03,,
13915,5.135326e+02,,
13916,3.156882e+02,,
13917,1.693599e+02,,
13918,4.859139e+01,,
13919,6.661895e+03,,
13920,7.004342e+02,,
13921,2.178022e+02,,
13922,3.678383e+01,,
13923,4.964199e+03,,
13924,3.660377e+03,,
13925,1.681247e+03,,
13926,1.266193e+03,,
13927,4.112084e+02,,
13928,1.370001e+02,,
13929,4.499624e+04,,
13930,9.175745e+02,,
13931,4.349164e+02,,
13932,8.930761e+04,,
13933,1.797951e+04,,
13934,5.917088e+03,,
13935,3.999441e+02,,
13936,7.986749e+02,,
13937,1.937800e+05,,
13938,1.475362e+05,,
13939,3.102229e+04,,
13940,4.140854e+04,,
13941,1.901436e+05,,
13942,2.473781e+03,,
13943,1.997950e+04,,
13944,1.469786e+02,,
13945,1.822616e+02,,
13946,4.345812e+03,,
13947,3.041203e+03,,
13948,1.261936e+03,,
13949,1.130232e+04,,
13950,4.202039e+02,,
13951,1.921951e+03,,
13952,5.569203e+02,,
13953,3.437731e+02,,
13954,3.053883e+02,,
13955,7.834894e+02,,
13956,7.348606e+03,,
13957,6.458015e+02,,
13958,7.188925e+00,,
13959,2.737253e+01,,
13960,1.443158e+02,,
13961,1.564356e+02,,
13962,5.400594e+01,,
13963,2.889317e+01,,
13964,9.647920e+02,,
13965,6.530162e+02,,
13966,3.203113e+02,,
13967,1.605873e+03,,
13968,9.618040e+00,,
13969,4.282779e+01,,
13970,2.422913e+01,,
13971,2.594148e+02,,
13972,6.143428e+04,,
13973,2.096228e+03,,
13974,1.060307e+03,,
13975,2.995641e+02,,
13976,1.947016e+03,,
13977,5.466890e+02,,
13978,1.284411e+03,,
13979,2.920490e+03,,
13980,3.030493e+03,,
13981,3.829779e+02,,
13982,4.009253e+02,,
13983,4.930580e+02,,
13984,3.897221e+02,,
13985,1.045948e+03,,
13986,8.489224e+02,,
13987,4.818858e+02,,
13988,4.687875e+02,,
13989,2.848931e+02,,
13990,8.540791e+02,,
13991,4.737847e+01,,
13992,1.517858e+02,,
13993,1.193803e+01,,
13994,2.357494e+02,,
13995,3.772017e+01,,
13996,7.608651e+01,,
13997,1.732435e+02,,
13998,1.486264e+02,,
13999,4.611583e+01,,
14000,1.871446e+01,,
14001,1.952203e+02,,
14002,4.887991e+02,,
14003,1.151684e+03,,
14004,1.191597e+02,,
14005,6.287748e+02,,
14006,4.663494e+02,,
14007,1.369002e+02,,
14008,9.781979e+01,,
14009,4.152944e+01,,
14010,6.304494e+03,,
14011,6.885128e+01,,
14012,2.884963e+03,,
14013,2.835987e+01,,
14014,2.401801e+02,,
14015,8.389218e+01,,
14016,3.727534e+02,,
14017,4.153957e+02,,
14018,8.530025e+00,,
14019,1.074320e+01,,
14020,7.776166e+01,,
14021,3.481011e+02,,
14022,8.451098e+01,,
14023,8.605678e+01,,
14024,8.861686e+02,,
14025,9.618164e+01,,
14026,2.506352e+01,,
14027,7.153623e+01,,
14028,1.569896e+04,,
14029,2.296290e+03,,
14030,2.079800e+03,,
14031,5.388051e+02,,
14032,4.119149e+03,,
14033,1.489337e+03,,
14034,1.028505e+03,,
14035,9.208244e+04,,
14036,1.620354e+03,,
14037,9.619665e+02,,
14038,1.377886e+03,,
14039,1.766561e+03,,
14040,9.613478e+02,,
14041,7.605106e+01,,
14042,4.045931e+01,,
14043,1.253078e+02,,
14044,1.783411e+02,,
14045,4.425831e+02,,
14046,5.018819e+02,,
14047,4.203249e+00,,
14048,6.097897e+00,,
14049,1.327501e+02,,
14050,3.245050e+02,,
14051,8.661502e+01,,
14052,9.325657e+01,,
14053,1.060421e+02,,
14054,3.643705e+03,,
14055,1.445980e+01,,
14056,5.662881e+01,,
14057,6.123833e+00,,
14058,1.282722e+01,,
14059,1.248118e+02,,
14060,1.882287e+01,,
14061,2.587169e+01,,
14062,5.900951e+01,,
14063,1.270634e+02,,
14064,4.975518e+01,,
14065,2.705722e+01,,
14066,4.219056e+01,,
14067,1.307250e+02,,
14068,4.441821e+01,,
14069,5.694367e+01,,
14070,9.533930e+00,,
14071,7.403933e+01,,
14072,7.635484e+02,,
14073,9.659763e+03,,
14074,2.249720e+01,,
14075,1.283627e+02,,
14076,1.902261e+02,,
14077,6.525811e+01,,
14078,3.593808e+03,,
14079,9.812732e+03,,
14080,4.617737e+02,,
14081,1.964596e+02,,
14082,5.716472e+02,,
14083,4.593228e+02,,
14084,2.548695e+02,,
14085,3.835911e+01,,
14086,7.300035e+01,,
14087,8.793739e+01,,
14088,6.169606e+02,,
14089,9.786455e+01,,
14090,2.023116e+01,,
14091,2.481809e+02,,
14092,5.584223e+01,,
14093,7.179085e+01,,
14094,3.835682e+02,,
14095,5.440315e+01,,
14096,5.377943e+01,,
14097,2.217917e+01,,
14098,9.313134e+02,,
14099,9.983367e+03,,
14100,3.037423e+01,,
14101,1.286796e+03,,
14102,4.027261e+02,,
14103,1.492292e+03,,
14104,3.196679e+02,,
14105,2.475246e+02,,
14106,2.332946e+03,,
14107,2.211397e+02,,
14108,3.763004e+01,,
14109,2.795801e+02,,
14110,5.031022e+02,,
14111,7.687807e+01,,
14112,3.714466e+02,,
14113,4.502165e+01,,
14114,1.973729e+02,,
14115,1.021005e+02,,
14116,9.601092e+01,,
14117,1.359286e+02,,
14118,5.530081e+01,,
14119,7.732867e+01,,
14120,4.622448e+03,,
14121,2.550499e+02,,
14122,1.514307e+02,,
14123,1.483772e+03,,
14124,9.223059e+01,,
14125,6.588228e+02,,
14126,1.697040e+02,,
14127,7.089531e+03,,
14128,2.495610e+03,,
14129,3.765101e+01,,
14130,2.166952e+02,,
14131,1.103020e+02,,
14132,8.015112e+01,,
14133,4.734297e+02,,
14134,1.113087e+03,,
14135,1.414466e+03,,
14136,3.187933e+02,,
14137,9.366239e+01,,
14138,1.030250e+03,,
14139,1.124269e+03,,
14140,5.747023e+03,,
14141,1.444779e+03,,
14142,4.408736e+02,,
14143,8.930861e+02,,
14144,2.682223e+02,,
14145,5.048614e+02,,
14146,6.502575e+02,,
14147,2.325896e+04,,
14148,1.057490e+03,,
14149,3.669863e+02,,
14150,9.852618e+02,,
14151,2.091039e+03,,
14152,4.309397e+02,,
14153,2.504586e+03,,
14154,1.435128e+03,,
14155,9.150935e+03,,
14156,1.561282e+02,,
14157,1.904595e+04,,
14158,2.021379e+03,,
14159,8.039615e+03,,
14160,1.503548e+02,,
14161,8.790727e+02,,
14162,1.781217e+04,,
14163,2.127801e+04,,
14164,5.632039e+02,,
14165,1.668604e+03,,
14166,3.134626e+01,,
14167,3.409587e+02,,
14168,1.857617e+02,,
14169,2.207267e+02,,
14170,2.960519e+03,,
14171,1.123006e+03,,
14172,3.089557e+02,,
14173,6.057417e+02,,
14174,5.077319e+02,,
14175,8.048653e+03,,
14176,8.797561e+03,,
14177,7.914128e+03,,
14178,1.380976e+03,,
14179,2.718514e+03,,
14180,1.700974e+04,,
14181,1.774302e+03,,
14182,2.765105e+03,,
14183,4.789578e+02,,
14184,4.751129e+02,,
14185,7.379535e+02,,
14186,8.251052e+02,,
14187,2.093548e+02,,
14188,9.502905e+03,,
14189,1.389116e+02,,
14190,2.964664e+01,,
14191,1.173786e+02,,
14192,2.547637e+03,,
14193,1.323856e+03,,
14194,3.861869e+03,,
14195,1.089341e+03,,
14196,3.465478e+02,,
14197,1.364339e+02,,
14198,2.289393e+02,,
14199,3.566282e+03,,
14200,4.913297e+02,,
14201,1.134043e+02,,
14202,4.739008e+02,,
14203,4.262862e+04,,
14204,4.830709e+04,,
14205,2.509457e+04,,
14206,4.988006e+04,,
14207,3.073973e+04,,
14208,2.294908e+05,,
14209,3.695435e+04,,
14210,9.646370e+03,,
14211,1.318085e+03,,
14212,2.327364e+03,,
14213,2.403582e+03,,
14214,8.273251e+03,,
14215,4.657421e+04,,
14216,2.411219e+04,,
14217,1.643724e+03,,
14218,9.431386e+04,,
14219,5.605676e+04,,
14220,4.743407e+02,,
14221,1.357881e+05,,
14222,3.430198e+03,,
14223,1.663373e+04,,
14224,3.348795e+03,,
14225,3.501776e+03,,
14226,1.442993e+03,,
14227,8.487259e+03,,
14228,3.604097e+03,,
14229,2.238074e+03,,
14230,6.431361e+03,,
14231,1.306983e+03,,
14232,4.471545e+02,,
14233,1.875703e+03,,
14234,1.480763e+03,,
14235,1.015241e+02,,
14236,9.457122e+01,,
14237,1.939804e+04,,
14238,2.070063e+03,,
14239,1.402254e+04,,
14240,2.490670e+02,,
14241,2.938977e+04,,
14242,3.045159e+03,,
14243,1.024973e+03,,
14244,9.447444e+03,,
14245,1.046409e+03,,
14246,1.947346e+03,,
14247,1.610400e+04,,
14248,2.665888e+03,,
14249,1.702581e+04,,
14250,4.744767e+02,,
14251,3.702682e+02,,
14252,2.735099e+04,,
14253,4.726394e+02,,
14254,2.788366e+02,,
14255,5.912185e+02,,
14256,3.518200e+02,,
14257,5.883673e+02,,
14258,1.345582e+03,,
14259,2.325659e+02,,
14260,2.188873e+04,,
14261,6.475993e+03,,
14262,4.159554e+04,,
14263,4.032066e+03,,
14264,4.054412e+03,,
14265,1.771952e+03,,
14266,6.553184e+03,,
14267,2.164865e+03,,
14268,4.125483e+04,,
14269,7.958736e+03,,
14270,3.989077e+04,,
14271,3.487901e+03,,
14272,5.777918e+02,,
14273,1.848315e+02,,
14274,2.207016e+02,,
14275,2.501683e+03,,
14276,5.408021e+03,,
14277,1.668520e+03,,
14278,1.221287e+02,,
14279,3.422853e+02,,
14280,6.664214e+02,,
14281,1.919426e+03,,
14282,8.080882e+02,,
14283,1.980294e+02,,
14284,1.667154e+02,,
14285,8.276310e+02,,
14286,8.981755e+02,,
14287,7.151135e+01,,
14288,1.810827e+02,,
14289,2.546146e+02,,
14290,5.112703e+03,,
14291,1.601407e+02,,
14292,3.382784e+02,,
14293,1.411274e+02,,
14294,6.592619e+03,,
14295,3.187353e+03,,
14296,2.080110e+04,,
14297,7.574177e+03,,
14298,7.432562e+03,,
14299,5.189162e+03,,
14300,3.716689e+03,,
14301,4.956958e+02,,
14302,2.108148e+02,,
14303,6.248526e-01,,
14304,2.377851e+00,,
14305,7.325186e+00,,
14306,1.980545e+01,,
14307,5.262941e+01,,
14308,2.083862e+00,,
14309,3.943748e+01,,
14310,8.646274e+00,,
14311,6.494298e+00,,
14312,1.010776e+02,,
14313,1.670639e+01,,
14314,7.089097e+00,,
14315,1.843055e+00,,
14316,5.071000e+01,,
14317,4.818907e+00,,
14318,3.005340e+01,,
14319,4.849727e+00,,
14320,1.928539e+01,,
14321,7.678051e+00,,
14322,2.420069e+00,,
14323,1.694562e+00,,
14324,1.538153e+01,,
14325,2.015892e+01,,
14326,1.575002e+00,,
14327,7.190225e+00,,
14328,1.430151e+02,,
14329,1.857036e+03,,
14330,1.917966e+02,,
14331,7.705021e+00,,
14332,2.376037e+01,,
14333,5.774585e+02,,
14334,2.864463e+03,,
14335,2.754407e+02,,
14336,9.079433e+02,,
14337,5.607407e+01,,
14338,2.561632e+01,,
14339,9.069430e+01,,
14340,1.467697e+02,,
14341,7.212117e+02,,
14342,6.723314e+03,,
14343,4.819581e+04,,
14344,4.170131e+03,,
14345,4.023427e+03,,
14346,4.753779e+01,,
14347,5.788030e+02,,
14348,2.200095e+02,,
14349,5.955705e+01,,
14350,9.193876e+00,,
14351,2.193529e+01,,
14352,2.756689e+02,,
14353,2.135226e+02,,
14354,2.941534e+01,,
14355,1.187260e+02,,
14356,9.186646e+01,,
14357,1.273362e+02,,
14358,7.328873e+02,,
14359,3.031758e+03,,
14360,8.876794e+02,,
14361,3.654111e+02,,
14362,1.369928e+02,,
14363,1.676324e+03,,
14364,1.017827e+03,,
14365,2.630565e+02,,
14366,1.372396e+03,,
14367,1.144920e+03,,
14368,3.180837e+03,,
14369,9.838874e+02,,
14370,1.672890e+04,,
14371,1.516809e+03,,
14372,3.908269e+03,,
14373,2.062576e+03,,
14374,8.570710e+02,,
14375,3.839665e+02,,
14376,5.306241e+03,,
14377,3.091803e+02,,
14378,7.822431e+03,,
14379,2.455559e+04,,
14380,9.703650e+02,,
14381,2.491335e+02,,
14382,1.594033e+02,,
14383,1.296502e+03,,
14384,2.526634e+03,,
14385,2.716920e+03,,
14386,3.842973e+02,,
14387,8.412912e+01,,
14388,3.992048e+02,,
14389,7.326503e+01,,
14390,2.466822e+01,,
14391,4.195592e+01,,
14392,1.434250e+02,,
14393,4.359381e+02,,
14394,8.585430e+02,,
14395,1.990597e+03,,
14396,1.617379e+02,,
14397,2.797176e+02,,
14398,3.257745e+01,,
14399,6.521321e+03,,
14400,5.239988e+01,,
14401,1.038911e+02,,
14402,8.718052e+01,,
14403,1.737804e+02,,
14404,1.389330e+01,,
14405,2.159835e+01,,
14406,3.316541e+02,,
14407,8.540066e+01,,
14408,9.283220e+01,,
14409,3.605776e+01,,
14410,6.679576e+02,,
14411,2.138139e+03,,
14412,5.118856e+01,,
14413,4.453517e+02,,
14414,2.348316e+01,,
14415,5.912826e+01,,
14416,3.214998e+02,,
14417,4.203939e+01,,
14418,4.927206e+02,,
14419,8.427223e+00,,
14420,3.750928e+01,,
14421,6.048762e+01,,
14422,1.074721e+02,,
14423,2.349825e+02,,
14424,2.036723e+02,,
14425,1.528137e+03,,
14426,1.504426e+03,,
14427,1.438003e+02,,
14428,2.211038e+02,,
14429,2.588402e+03,,
14430,3.720987e+03,,
14431,4.141946e+03,,
14432,3.965177e+03,,
14433,6.013872e+01,,
14434,6.258375e+01,,
14435,2.884797e+02,,
14436,2.690347e+01,,
14437,1.103281e+01,,
14438,5.641058e+02,,
14439,4.661828e+01,,
14440,1.142594e+01,,
14441,3.934434e+00,,
14442,4.000955e-01,,
14443,4.309274e+00,,
14444,1.262913e+00,,
14445,4.037497e+00,,
14446,2.594051e+01,,
14447,3.389120e+00,,
14448,4.509278e+00,,
14449,9.459064e+00,,
14450,1.601231e+01,,
14451,1.237913e+01,,
14452,2.378312e+00,,
14453,5.350981e+00,,
14454,9.472328e+01,,
14455,2.573729e+01,,
14456,4.936518e+01,,
14457,1.049292e+00,,
14458,3.197500e+01,,
14459,3.233018e+00,,
14460,7.044287e+01,,
14461,1.643970e+02,,
14462,4.559893e+00,,
14463,8.099023e+00,,
14464,1.599991e+02,,
14465,5.920904e+02,,
14466,9.569715e+01,,
14467,1.688532e+02,,
14468,2.458221e+02,,
14469,3.476330e+01,,
14470,1.236004e+02,,
14471,2.173934e+01,,
14472,3.021365e+01,,
14473,8.829015e+02,,
14474,3.541821e+00,,
14475,4.679284e+00,,
14476,3.996596e+01,,
14477,8.693139e+00,,
14478,8.443520e+00,,
14479,2.773338e+01,,
14480,4.018083e+00,,
14481,1.955205e+01,,
14482,5.250066e+01,,
14483,7.526599e+03,,
14484,4.208623e+01,,
14485,7.007950e+01,,
14486,2.031508e+01,,
14487,1.583783e+03,,
14488,2.134232e+03,,
14489,7.854681e+02,,
14490,3.416183e+03,,
14491,2.047090e+02,,
14492,6.929019e+02,,
14493,3.516085e+02,,
14494,6.176856e+02,,
14495,5.030747e+02,,
14496,7.427073e+01,,
14497,8.381268e+03,,
14498,1.361816e+03,,
14499,1.262355e+02,,
14500,9.756755e+02,,
14501,1.460774e+02,,
14502,3.437209e+02,,
14503,1.894030e+02,,
14504,4.403084e+02,,
14505,1.480649e+03,,
14506,2.449801e+03,,
14507,2.976578e+03,,
14508,1.362527e+04,,
14509,3.805626e+02,,
14510,1.305050e+03,,
14511,2.315056e+02,,
14512,1.806800e+02,,
14513,2.026756e+02,,
14514,3.313093e+03,,
14515,7.592331e+01,,
14516,1.328433e+02,,
14517,4.589206e+02,,
14518,3.782036e+01,,
14519,1.271986e+01,,
14520,9.051241e+01,,
14521,1.348193e+01,,
14522,2.118825e+02,,
14523,5.809923e+01,,
14524,9.788245e+02,,
14525,1.128402e+03,,
14526,3.218766e+02,,
14527,1.589452e+03,,
14528,1.667389e+01,,
14529,3.589741e+01,,
14530,5.834742e+01,,
14531,3.485704e+01,,
14532,8.782442e+01,,
14533,1.608934e+02,,
14534,1.040055e+02,,
14535,6.119509e+01,,
14536,2.141410e+01,,
14537,4.484244e+01,,
14538,3.624474e+01,,
14539,7.216289e+01,,
14540,3.542561e+01,,
14541,1.447428e+03,,
14542,2.743541e+02,,
14543,5.123036e+00,,
14544,8.273236e+01,,
14545,8.469450e+00,,
14546,1.558638e+02,,
14547,4.058880e+02,,
14548,1.167319e+02,,
14549,6.705105e+00,,
14550,1.005086e+00,,
14551,1.441121e+01,,
14552,1.155702e+01,,
14553,2.185820e+01,,
14554,6.467537e+01,,
14555,7.922503e+00,,
14556,2.646827e+01,,
14557,3.225405e+00,,
14558,1.179302e+01,,
14559,4.782641e+01,,
14560,4.967703e+00,,
14561,1.300894e+01,,
14562,5.547557e+00,,
14563,3.043935e+01,,
14564,2.852740e+01,,
14565,5.377029e+01,,
14566,1.587530e+02,,
14567,7.346681e+00,,
14568,1.388273e+01,,
14569,2.845181e+01,,
14570,1.651447e+01,,
14571,1.891491e+02,,
14572,1.038004e+01,,
14573,1.637505e+02,,
14574,4.688135e+01,,
14575,1.698821e+03,,
14576,8.313748e+01,,
14577,1.561173e+02,,
14578,6.854988e+01,,
14579,6.858986e+01,,
14580,1.444256e+03,,
14581,1.865181e+03,,
14582,1.503064e+03,,
14583,8.716265e+01,,
14584,1.977995e+02,,
14585,1.817046e+03,,
14586,8.034228e+01,,
14587,1.399090e+02,,
14588,1.690075e+02,,
14589,8.817617e+02,,
14590,1.261707e+03,,
14591,3.777103e+02,,
14592,3.144047e+02,,
14593,6.236800e+02,,
14594,7.311591e+01,,
14595,1.891568e+02,,
14596,2.190416e+01,,
14597,4.396693e+03,,
14598,8.706422e+02,,
14599,7.258308e+03,,
14600,7.469892e+02,,
14601,1.272943e+03,,
14602,2.650448e+00,,
14603,8.293148e+01,,
14604,4.577352e+01,,
14605,3.043214e+01,,
14606,4.189685e+01,,
14607,1.436212e+01,,
14608,1.418670e+02,,
14609,4.762170e+01,,
14610,2.080718e+02,,
14611,1.003236e+01,,
14612,1.045726e+02,,
14613,1.457509e+01,,
14614,4.191948e+01,,
14615,2.754946e+00,,
14616,1.877985e+01,,
14617,3.396643e+01,,
14618,6.040213e+00,,
14619,2.050194e+00,,
14620,2.925130e+00,,
14621,2.057729e+00,,
14622,5.002243e+02,,
14623,4.520296e+01,,
14624,1.460698e+02,,
14625,1.719234e+02,,
14626,6.671395e+03,,
14627,2.375242e+03,,
14628,1.358068e+03,,
14629,1.396861e+04,,
14630,2.841308e+03,,
14631,4.721134e+02,,
14632,3.622044e+02,,
14633,1.526150e+03,,
14634,1.044762e+04,,
14635,1.902657e+03,,
14636,2.425206e+03,,
14637,1.801524e+03,,
14638,1.836898e+02,,
14639,3.264417e+03,,
14640,1.976462e+03,,
14641,4.806609e+02,,
14642,3.249670e+01,,
14643,1.145746e+01,,
14644,3.791095e+02,,
14645,2.988774e+03,,
14646,2.174786e+03,,
14647,1.092403e+03,,
14648,6.803985e+02,,
14649,4.200821e+01,,
14650,3.808496e+02,,
14651,2.206657e+01,,
14652,8.233673e+01,,
14653,2.036724e+03,,
14654,3.339813e+02,,
14655,7.029070e+01,,
14656,3.956907e+01,,
14657,8.354299e+00,,
14658,1.344765e+01,,
14659,1.351875e+01,,
14660,7.865931e+00,,
14661,7.351129e+01,,
14662,8.176630e+01,,
14663,2.008815e+02,,
14664,4.608366e+02,,
14665,6.955659e+01,,
14666,1.084579e+02,,
14667,4.798213e+02,,
14668,9.387564e+02,,
14669,9.241039e+02,,
14670,4.161294e+01,,
14671,1.102772e+04,,
14672,7.629355e+02,,
14673,2.130568e+03,,
14674,2.413919e+03,,
14675,2.579342e+02,,
14676,1.605152e+02,,
14677,3.095953e+01,,
14678,3.797258e+01,,
14679,6.327822e+01,,
14680,1.515776e+02,,
14681,4.011945e+02,,
14682,7.416352e+01,,
14683,1.623514e+01,,
14684,1.638378e+01,,
14685,1.913169e+01,,
14686,1.231484e+02,,
14687,3.718467e+01,,
14688,2.605009e+01,,
14689,3.371844e+01,,
14690,1.968757e+02,,
14691,1.535081e+00,,
14692,5.343253e+00,,
14693,7.395215e+00,,
14694,1.175524e+01,,
14695,1.030918e+01,,
14696,7.218501e+02,,
14697,2.115914e+02,,
14698,9.419749e+01,,
14699,5.901299e+02,,
14700,8.873463e+01,,
14701,2.035184e+01,,
14702,1.386147e+03,,
14703,1.649878e+02,,
14704,5.748081e+02,,
14705,1.817353e+01,,
14706,1.509038e+01,,
14707,4.542512e+02,,
14708,1.399772e+02,,
14709,9.801584e+01,,
14710,6.912991e+01,,
14711,1.454197e+01,,
14712,8.722535e+01,,
14713,3.629025e+01,,
14714,4.771150e+01,,
14715,1.805942e+02,,
14716,2.549304e+02,,
14717,3.498040e+01,,
14718,7.376586e+02,,
14719,1.089641e+01,,
14720,2.299813e+01,,
14721,5.841790e+01,,
14722,1.774938e+03,,
14723,9.095339e+00,,
14724,4.536819e+02,,
14725,2.253261e+01,,
14726,2.052508e+02,,
14727,2.183315e+02,,
14728,3.026538e+02,,
14729,5.407911e+02,,
14730,2.807075e+01,,
14731,5.768285e+01,,
14732,5.624516e+01,,
14733,5.078483e+01,,
14734,6.607081e+00,,
14735,3.569043e+00,,
14736,1.204944e+02,,
14737,1.274904e+01,,
14738,3.091054e+02,,
14739,7.116030e+00,,
14740,2.769653e+01,,
14741,6.224033e+00,,
14742,1.546557e-01,,
14743,2.246860e+00,,
14744,8.364919e-01,,
14745,9.967916e+01,,
14746,1.531785e+01,,
14747,1.628390e+02,,
14748,1.366247e+03,,
14749,2.833877e+02,,
14750,2.493228e+02,,
14751,1.554395e+02,,
14752,2.479720e+01,,
14753,6.146319e+01,,
14754,8.641242e+01,,
14755,6.084695e+02,,
14756,3.342290e+02,,
14757,7.102706e+01,,
14758,8.300311e+01,,
14759,6.417587e+01,,
14760,4.772178e+01,,
14761,9.197878e+01,,
14762,2.417568e+02,,
14763,3.509309e+01,,
14764,2.874542e+01,,
14765,8.155057e+02,,
14766,9.072756e+00,,
14767,1.156179e+00,,
14768,3.251242e+00,,
14769,1.275009e+01,,
14770,1.256836e+01,,
14771,1.051718e+01,,
14772,3.103633e+02,,
14773,6.611606e+02,,
14774,3.018183e+01,,
14775,1.342814e+01,,
14776,7.138234e-01,,
14777,1.964808e+01,,
14778,8.677619e-01,,
14779,4.789344e+00,,
14780,2.702312e+01,,
14781,1.847990e+00,,
14782,2.583613e+01,,
14783,3.803776e+00,,
14784,9.963144e-01,,
14785,7.022244e+01,,
14786,4.722039e+00,,
14787,2.308044e+00,,
14788,1.303534e+00,,
14789,1.383826e+01,,
14790,5.596497e+00,,
14791,9.408327e+00,,
14792,2.769998e+02,,
14793,1.913446e+01,,
14794,1.267459e+00,,
14795,7.481726e+00,,
14796,3.546245e+00,,
14797,6.038561e+00,,
14798,6.279309e-01,,
14799,6.140010e-01,,
14800,4.499366e+01,,
14801,5.944200e+00,,
14802,1.434313e+00,,
14803,8.312376e-01,,
14804,3.246063e+00,,
14805,1.024269e+00,,
14806,1.762104e+00,,
14807,4.613599e+00,,
14808,5.343778e+00,,
14809,5.580858e+00,,
14810,4.394699e+01,,
14811,2.605355e+01,,
14812,4.034176e+00,,
14813,9.927490e-01,,
14814,1.740624e+00,,
14815,3.453449e-01,,
14816,2.071604e+00,,
14817,7.867721e+01,,
14818,1.837435e+01,,
14819,9.201576e+01,,
14820,1.053369e+01,,
14821,1.084718e+01,,
14822,1.422870e+00,,
14823,2.812250e+00,,
14824,1.163187e+01,,
14825,1.275378e+01,,
14826,1.297274e+01,,
14827,4.793180e-01,,
14828,2.316106e+00,,
14829,6.704210e+00,,
14830,2.911578e+00,,
14831,1.204263e+01,,
14832,2.084245e+01,,
14833,1.074741e+01,,
14834,2.752097e+01,,
14835,6.411573e+01,,
14836,5.282675e+01,,
14837,2.984679e+01,,
14838,1.864816e+01,,
14839,1.239003e+02,,
14840,2.372399e+00,,
14841,8.054747e+01,,
14842,3.686220e+02,,
14843,2.575298e+02,,
14844,3.130140e+03,,
14845,5.891095e+01,,
14846,1.351555e+01,,
14847,1.926137e+00,,
14848,2.067573e+00,,
14849,2.793861e+00,,
14850,7.186505e+00,,
14851,3.957664e+00,,
14852,1.341151e+02,,
14853,1.649967e+01,,
14854,2.427232e+01,,
14855,5.666177e+00,,
14856,4.066862e+00,,
14857,1.493493e+01,,
14858,8.238900e+01,,
14859,1.422172e+01,,
14860,2.736784e+00,,
14861,5.184737e+01,,
14862,4.045196e+01,,
14863,5.446959e+01,,
14864,8.070887e-01,,
14865,8.408809e+00,,
14866,1.192409e+01,,
14867,2.466092e+01,,
14868,1.106055e+00,,
14869,8.046256e-01,,
14870,9.995043e-01,,
14871,2.533172e+00,,
14872,5.139385e-01,,
14873,9.748623e-01,,
14874,2.167679e-01,,
14875,2.008496e+01,,
14876,5.647073e+01,,
14877,1.440785e+02,,
14878,2.120167e+01,,
14879,6.041746e+01,,
14880,2.501455e-01,,
14881,3.594996e+00,,
14882,1.709295e+00,,
14883,3.576105e-01,,
14884,1.845825e+01,,
14885,2.995209e+00,,
14886,1.360016e+01,,
14887,1.339860e+00,,
14888,1.994455e+00,,
14889,4.731361e+01,,
14890,1.039704e+01,,
14891,3.456217e+01,,
14892,1.551590e+00,,
14893,3.224686e+01,,
14894,1.057042e+01,,
14895,1.042050e+01,,
14896,1.657024e+01,,
14897,4.752080e+00,,
14898,3.253607e+00,,
14899,2.191190e+00,,
14900,1.283058e+01,,
14901,1.599075e+01,,
14902,3.170794e+00,,
14903,1.950414e+01,,
14904,4.836194e-01,,
14905,4.479408e+00,,
14906,1.081124e+01,,
14907,3.434351e+00,,
14908,4.319418e+00,,
14909,1.388566e+01,,
14910,2.881968e+01,,
14911,8.496031e-01,,
14912,6.659750e+00,,
14913,1.065734e+01,,
14914,7.771743e+00,,
14915,3.482181e+02,,
14916,1.306776e+00,,
14917,4.716267e+00,,
14918,4.820584e+00,,
14919,1.208812e+03,,
14920,2.285745e+02,,
14921,2.569611e+02,,
14922,1.491378e+02,,
14923,8.649057e+01,,
14924,7.326506e+01,,
14925,9.610063e+01,,
14926,1.081768e+02,,
14927,7.768298e+02,,
14928,5.528555e+03,,
14929,1.335538e+03,,
14930,8.711051e+02,,
14931,2.169676e+01,,
14932,5.060780e+02,,
14933,2.027938e+03,,
14934,1.174641e+02,,
14935,2.758298e+02,,
14936,4.322138e+02,,
14937,2.169393e+02,,
14938,1.069743e+01,,
14939,3.902420e+00,,
14940,3.086984e+00,,
14941,3.573582e+00,,
14942,1.491828e+00,,
14943,7.308053e+00,,
14944,4.248951e+01,,
14945,1.884821e+01,,
14946,7.975916e+01,,
14947,6.207374e+00,,
14948,1.221890e+01,,
14949,9.145477e+00,,
14950,6.456968e+01,,
14951,5.851500e+01,,
14952,5.910758e+01,,
14953,4.170709e+01,,
14954,1.721078e+02,,
14955,4.910099e+01,,
14956,4.239817e+02,,
14957,2.548850e+02,,
14958,9.174753e+02,,
14959,4.257477e+01,,
14960,5.768600e+02,,
14961,1.295235e+02,,
14962,4.153098e+01,,
14963,8.694719e+01,,
14964,1.228564e+02,,
14965,2.471014e+02,,
14966,5.521932e+01,,
14967,8.922650e+03,,
14968,3.572632e+00,,
14969,4.308638e+00,,
14970,2.537618e+03,,
14971,2.995152e+03,,
14972,1.179163e+03,,
14973,3.155620e+03,,
14974,2.074862e+02,,
14975,1.910913e+02,,
14976,1.057309e+03,,
14977,8.972528e+02,,
14978,2.018230e+03,,
14979,4.880867e+03,,
14980,9.908174e+03,,
14981,3.214313e+03,,
14982,2.363279e+04,,
14983,2.226488e+04,,
14984,6.103077e+04,,
14985,8.804270e+03,,
14986,8.026100e+03,,
14987,5.338032e+03,,
14988,4.416925e+02,,
14989,3.838868e+03,,
14990,2.639090e+03,,
14991,9.032959e+02,,
14992,1.139802e+03,,
14993,2.935734e+03,,
14994,9.748315e+01,,
14995,5.297356e+02,,
14996,2.278773e+02,,
14997,1.529246e+02,,
14998,3.832729e+03,,
14999,2.368387e+03,,
15000,2.909913e+01,,
15001,2.664622e+01,,
15002,4.317184e+03,,
15003,1.415161e+02,,
15004,5.439271e+01,,
15005,1.273406e+03,,
15006,4.518419e+02,,
15007,4.360839e+02,,
15008,2.788468e+02,,
15009,1.084490e+03,,
15010,4.524305e+01,,
15011,1.857716e+01,,
15012,1.602152e+02,,
15013,6.776085e+01,,
15014,2.888821e+01,,
15015,2.993388e+02,,
15016,5.172084e+01,,
15017,2.657657e+01,,
15018,1.540450e+02,,
15019,7.640957e+02,,
15020,1.818912e+02,,
15021,2.170979e+03,,
15022,6.886248e+02,,
15023,5.485638e+01,,
15024,1.401162e+03,,
15025,4.675513e+02,,
15026,1.971991e+02,,
15027,1.581912e+03,,
15028,2.634050e+02,,
15029,5.662969e+02,,
15030,1.996015e+02,,
15031,2.765380e+02,,
15032,9.217469e+01,,
15033,8.357745e+01,,
15034,1.308936e+04,,
15035,3.355186e+02,,
15036,4.209084e+03,,
15037,2.769846e+03,,
15038,4.962987e+03,,
15039,3.766061e+03,,
15040,2.047286e+02,,
15041,7.377383e+01,,
15042,1.216856e+02,,
15043,8.544889e+01,,
15044,2.089108e+02,,
15045,4.857351e+02,,
15046,6.782016e+02,,
15047,7.452604e+02,,
15048,4.440726e+03,,
15049,1.686767e+02,,
15050,3.231653e+02,,
15051,3.152224e+03,,
15052,3.361781e+02,,
15053,6.240951e+03,,
15054,1.255168e+03,,
15055,5.190481e+02,,
15056,1.600062e+03,,
15057,3.334184e+02,,
15058,1.462724e+03,,
15059,7.450821e+02,,
15060,3.719833e+02,,
15061,5.213257e+00,,
15062,6.680801e+00,,
15063,1.344159e+01,,
15064,3.156383e+01,,
15065,1.490118e+02,,
15066,3.110561e+01,,
15067,7.193131e+02,,
15068,1.005611e+03,,
15069,2.549128e+02,,
15070,5.910551e+02,,
15071,9.797886e+01,,
15072,3.102460e+02,,
15073,8.603625e+01,,
15074,1.158504e+02,,
15075,1.798304e+01,,
15076,6.575273e+02,,
15077,4.392900e+01,,
15078,3.842323e+01,,
15079,1.014713e+04,,
15080,3.774182e+03,,
15081,2.607622e+03,,
15082,1.070070e+02,,
15083,2.220726e+02,,
15084,1.795639e+02,,
15085,5.618217e+01,,
15086,5.582759e+02,,
15087,7.230792e+02,,
15088,4.060061e+03,,
15089,4.719412e+02,,
15090,4.758563e+02,,
15091,9.212312e+02,,
15092,8.472408e+02,,
15093,8.495993e+02,,
15094,5.965334e+01,,
15095,8.864116e+00,,
15096,1.239906e+03,,
15097,1.468420e+02,,
15098,8.086991e+01,,
15099,1.309159e+02,,
15100,2.166868e+02,,
15101,2.245814e+03,,
15102,1.724556e+02,,
15103,3.084104e+01,,
15104,1.055258e+02,,
15105,9.262926e+00,,
15106,1.594185e+01,,
15107,4.119800e+02,,
15108,6.219612e+02,,
15109,4.695041e+02,,
15110,7.280142e+01,,
15111,6.774217e+02,,
15112,6.201486e+02,,
15113,2.587623e+02,,
15114,3.963513e+01,,
15115,3.145682e+02,,
15116,4.667900e+01,,
15117,3.719876e+02,,
15118,1.062345e+02,,
15119,2.639731e+02,,
15120,1.356571e+02,,
15121,3.534441e+01,,
15122,1.705314e+02,,
15123,1.043391e+02,,
15124,1.300914e+01,,
15125,5.131777e+01,,
15126,3.658347e+02,,
15127,3.483455e+02,,
15128,1.049952e+01,,
15129,5.353240e+00,,
15130,6.621533e+00,,
15131,1.136814e+01,,
15132,3.242665e+01,,
15133,2.070445e+02,,
15134,5.857848e+02,,
15135,1.261764e+01,,
15136,1.189369e+01,,
15137,9.812218e+00,,
15138,1.284286e+02,,
15139,4.138280e+02,,
15140,3.903750e+02,,
15141,1.839721e+02,,
15142,1.151571e+01,,
15143,1.393968e+01,,
15144,3.412137e+02,,
15145,5.598026e+02,,
15146,8.224698e+01,,
15147,4.761545e+00,,
15148,4.211861e+01,,
15149,3.766481e+00,,
15150,1.163972e+01,,
15151,1.220452e+02,,
15152,1.982077e+01,,
15153,3.099602e+01,,
15154,1.491873e+01,,
15155,1.781103e+02,,
15156,2.852630e+01,,
15157,8.453487e+00,,
15158,4.798460e+00,,
15159,1.070180e+00,,
15160,2.766577e+01,,
15161,6.488470e+01,,
15162,3.537262e+02,,
15163,7.960764e+02,,
15164,2.292601e+02,,
15165,2.744487e+01,,
15166,2.318673e+01,,
15167,1.684295e+02,,
15168,8.690047e+00,,
15169,6.185592e+02,,
15170,8.885409e+02,,
15171,4.476622e+03,,
15172,1.131301e+02,,
15173,1.940195e+02,,
15174,2.489771e+01,,
15175,8.092490e-01,,
15176,4.595837e-01,,
15177,1.734173e+00,,
15178,2.651692e+00,,
15179,3.914884e+01,,
15180,3.495861e+00,,
15181,5.845351e+00,,
15182,4.774118e+00,,
15183,5.501160e-01,,
15184,1.833632e+00,,
15185,8.867027e+00,,
15186,5.423727e+01,,
15187,6.121182e+00,,
15188,9.603309e+02,,
15189,3.760407e+02,,
15190,5.006254e+02,,
15191,1.825385e+02,,
15192,4.197209e+01,,
15193,4.032195e+00,,
15194,4.238217e+01,,
15195,9.686998e+01,,
15196,5.959419e+01,,
15197,2.618572e+01,,
15198,2.484131e+01,,
15199,1.255702e+01,,
15200,4.692403e+01,,
15201,2.059142e+02,,
15202,1.177923e+02,,
15203,3.471926e+03,,
15204,5.850139e+02,,
15205,1.141490e+03,,
15206,4.819765e+03,,
15207,1.931698e+02,,
15208,7.620368e+02,,
15209,7.261878e+02,,
15210,1.233699e+03,,
15211,5.977127e+02,,
15212,6.672624e+02,,
15213,8.237476e+03,,
15214,3.014972e+01,,
15215,8.808219e+01,,
15216,3.025219e+02,,
15217,4.474901e+03,,
15218,4.817596e+03,,
15219,7.335576e+02,,
15220,3.539052e+03,,
15221,3.252007e+02,,
15222,9.962663e+02,,
15223,2.898557e+02,,
15224,5.538049e+02,,
15225,8.656914e+03,,
15226,8.949832e+02,,
15227,1.734823e+02,,
15228,5.004686e+02,,
15229,4.389024e+02,,
15230,1.889865e+02,,
15231,4.236188e+01,,
15232,1.340749e+02,,
15233,8.307008e+01,,
15234,3.011884e+03,,
15235,1.385495e+02,,
15236,4.685058e+02,,
15237,2.917910e+01,,
15238,7.673717e+02,,
15239,4.688445e+02,,
15240,5.387489e+02,,
15241,1.947893e+03,,
15242,1.588947e+03,,
15243,7.569961e+03,,
15244,5.532087e+03,,
15245,4.390596e+02,,
15246,1.305760e+01,,
15247,5.714362e+01,,
15248,1.068194e+02,,
15249,2.583265e+02,,
15250,1.246861e+03,,
15251,6.710579e+02,,
15252,2.193463e+02,,
15253,1.529904e+01,,
15254,4.742297e+01,,
15255,3.449928e+02,,
15256,5.638613e+01,,
15257,5.248033e+02,,
15258,6.040289e+01,,
15259,1.176810e+03,,
15260,2.330983e+03,,
15261,1.417560e+04,,
15262,1.610412e+04,,
15263,3.333898e+03,,
15264,8.986204e+03,,
15265,2.469465e+02,,
15266,1.650032e+02,,
15267,2.763020e+03,,
15268,4.482436e+01,,
15269,6.310519e+02,,
15270,6.168794e+02,,
15271,2.938844e+02,,
15272,1.200813e+02,,
15273,3.517552e+01,,
15274,3.082725e+01,,
15275,2.873123e+01,,
15276,1.062081e+02,,
15277,8.877762e+01,,
15278,1.168800e+01,,
15279,2.255602e+01,,
15280,2.603747e+01,,
15281,1.868820e+02,,
15282,1.350387e+02,,
15283,1.531502e+02,,
15284,2.074930e+02,,
15285,8.784354e+00,,
15286,4.282192e+01,,
15287,1.134933e+01,,
15288,7.737079e+01,,
15289,3.227982e+01,,
15290,2.113534e+01,,
15291,1.582944e+02,,
15292,2.274024e+02,,
15293,1.379741e+02,,
15294,5.230578e+02,,
15295,1.536995e+01,,
15296,3.472035e+01,,
15297,1.598085e+01,,
15298,2.127074e+02,,
15299,3.656178e+03,,
15300,4.819896e+01,,
15301,1.242006e+01,,
15302,5.657416e+00,,
15303,1.844520e+01,,
15304,2.194354e+01,,
15305,3.140402e+01,,
15306,5.384947e+02,,
15307,2.563336e+02,,
15308,1.615947e+01,,
15309,6.058381e+01,,
15310,3.908817e+00,,
15311,9.762989e+00,,
15312,1.453221e+02,,
15313,1.200656e+02,,
15314,9.651425e+00,,
15315,8.173915e+00,,
15316,3.442483e+01,,
15317,4.532993e+02,,
15318,4.109664e+00,,
15319,1.340980e-01,,
15320,3.361764e-01,,
15321,7.874270e+01,,
15322,5.261746e+00,,
15323,8.544437e+00,,
15324,8.251252e+00,,
15325,1.815355e+00,,
15326,2.392548e+00,,
15327,8.031294e-01,,
15328,9.511782e-01,,
15329,2.970673e-01,,
15330,9.090267e-01,,
15331,2.594341e+00,,
15332,8.081361e+00,,
15333,5.440168e+01,,
15334,7.071686e-01,,
15335,3.702301e+00,,
15336,8.345239e+01,,
15337,3.692369e+00,,
15338,2.365629e+00,,
15339,5.754610e-01,,
15340,2.570699e+00,,
15341,1.935084e+01,,
15342,5.582199e+00,,
15343,1.421962e+01,,
15344,1.567309e+01,,
15345,5.011741e+00,,
15346,2.803935e+00,,
15347,3.805741e+00,,
15348,1.932325e+00,,
15349,3.818994e-01,,
15350,1.809473e+01,,
15351,2.538988e+00,,
15352,1.627385e+00,,
15353,2.190805e+01,,
15354,8.614099e+00,,
15355,1.859297e+01,,
15356,2.506270e-01,,
15357,1.384449e+01,,
15358,3.613025e+00,,
15359,3.033001e+00,,
15360,1.291272e+01,,
15361,1.527430e+00,,
15362,2.684381e+00,,
15363,4.585984e-01,,
15364,1.048522e+00,,
15365,3.614456e+00,,
15366,2.153043e+01,,
15367,9.650720e+01,,
15368,2.455645e+00,,
15369,4.681466e+00,,
15370,2.877023e+00,,
15371,8.378735e-01,,
15372,4.490143e+00,,
15373,6.545187e+00,,
15374,2.508741e+00,,
15375,5.955576e-02,,
15376,6.118546e-02,,
15377,1.148200e+00,,
15378,4.704277e-01,,
15379,1.385640e-01,,
15380,1.505700e+00,,
15381,1.048914e-01,,
15382,1.956579e-01,,
15383,5.889750e-01,,
15384,1.352257e+00,,
15385,7.848070e-01,,
15386,1.416261e+00,,
15387,4.962827e+01,,
15388,1.871439e+01,,
15389,7.775427e+03,,
15390,3.837822e+03,,
15391,5.558079e+02,,
15392,9.744308e+01,,
15393,4.120712e+02,,
15394,2.949692e+03,,
15395,2.338551e+02,,
15396,2.795693e+01,,
15397,7.425192e+00,,
15398,4.824805e+00,,
15399,5.872432e+01,,
15400,5.092621e+01,,
15401,2.973337e+02,,
15402,4.140709e+01,,
15403,2.372269e+00,,
15404,2.229871e+01,,
15405,5.528400e+02,,
15406,4.276042e+02,,
15407,3.590351e+01,,
15408,2.291812e+01,,
15409,6.722595e+00,,
15410,6.031194e+01,,
15411,3.488967e+02,,
15412,1.120241e+01,,
15413,2.154156e+02,,
15414,4.590345e+01,,
15415,1.240375e+01,,
15416,5.384651e+01,,
15417,6.852723e+00,,
15418,1.099984e+02,,
15419,1.380236e+01,,
15420,9.821715e+02,,
15421,7.902169e-01,,
15422,1.284897e+02,,
15423,1.785670e+01,,
15424,5.077277e+01,,
15425,2.231108e+01,,
15426,3.901167e+01,,
15427,1.436769e+01,,
15428,6.295611e+01,,
15429,3.303902e+01,,
15430,1.922419e+01,,
15431,3.421529e+01,,
15432,2.411252e+01,,
15433,1.048884e+02,,
15434,2.521312e+01,,
15435,2.107064e+00,,
15436,1.716132e+02,,
15437,9.139009e+01,,
15438,3.209749e+01,,
15439,1.288859e+00,,
15440,2.314395e+00,,
15441,1.211297e+00,,
15442,6.093412e-01,,
15443,3.286402e-01,,
15444,3.053185e+00,,
15445,2.249251e+00,,
15446,2.975907e+01,,
15447,1.539065e+01,,
15448,4.325009e+00,,
15449,5.023235e+00,,
15450,2.446351e+00,,
15451,1.643568e+01,,
15452,3.656105e+00,,
15453,1.831049e+00,,
15454,6.858666e+00,,
15455,3.269312e+00,,
15456,1.875577e+01,,
15457,4.049544e+01,,
15458,4.577164e+01,,
15459,2.622883e+02,,
15460,8.850925e+01,,
15461,3.211165e+01,,
15462,5.207584e+02,,
15463,2.066538e+03,,
15464,1.715516e+02,,
15465,2.410752e+00,,
15466,6.185006e+00,,
15467,4.065651e+01,,
15468,2.972558e+02,,
15469,1.771542e+01,,
15470,1.002468e+02,,
15471,6.204927e+02,,
15472,5.183162e+02,,
15473,7.997045e+01,,
15474,8.751760e+01,,
15475,1.183985e+01,,
15476,2.921995e+02,,
15477,1.566018e+01,,
15478,8.884064e+02,,
15479,3.496238e+00,,
15480,4.233806e+00,,
15481,2.702698e+01,,
15482,1.375711e+03,,
15483,2.189771e+03,,
15484,1.250989e+02,,
15485,9.577693e+02,,
15486,2.990834e+01,,
15487,2.350818e+01,,
15488,3.524976e+01,,
15489,1.151152e+02,,
15490,2.001329e+01,,
15491,5.214205e+01,,
15492,4.857514e+01,,
15493,2.343697e+02,,
15494,4.986751e+02,,
15495,8.516586e+02,,
15496,1.152032e+02,,
15497,6.319951e+01,,
15498,1.085283e+01,,
15499,1.563730e+01,,
15500,4.692117e+01,,
15501,3.798613e-01,,
15502,8.728405e+00,,
15503,5.160319e-01,,
15504,3.847901e+00,,
15505,9.128880e+00,,
15506,1.104514e+01,,
15507,1.512178e+01,,
15508,1.694234e+01,,
15509,7.240697e+00,,
15510,9.408201e-01,,
15511,1.155739e+00,,
15512,3.532978e+00,,
15513,4.496710e-01,,
15514,2.962666e+00,,
15515,2.284231e-01,,
15516,8.472012e-01,,
15517,1.425554e+00,,
15518,1.138886e+01,,
15519,3.406684e+00,,
15520,5.432026e-01,,
15521,1.475404e+01,,
15522,6.277797e+00,,
15523,2.671314e+01,,
15524,2.507727e+00,,
15525,5.533947e+01,,
15526,1.407594e+00,,
15527,2.043680e+00,,
15528,1.159357e+00,,
15529,3.071749e-01,,
15530,2.490660e+00,,
15531,2.163290e+01,,
15532,6.325533e+00,,
15533,1.729539e+00,,
15534,6.868499e+00,,
15535,5.743396e+00,,
15536,9.082337e-01,,
15537,3.332128e+00,,
15538,1.646663e+00,,
15539,1.245131e+01,,
15540,4.519981e+00,,
15541,2.419373e+00,,
15542,2.652362e+00,,
15543,8.564821e+01,,
15544,2.302522e+01,,
15545,4.514694e+00,,
15546,5.436459e+00,,
15547,1.822806e+02,,
15548,6.654821e+01,,
15549,3.023731e+01,,
15550,4.473238e-01,,
15551,1.097301e+01,,
15552,7.303808e+00,,
15553,1.389127e+02,,
15554,1.202389e+02,,
15555,4.616795e+00,,
15556,1.025469e+01,,
15557,7.691479e+00,,
15558,3.244670e+00,,
15559,1.093261e+01,,
15560,2.910610e+00,,
15561,3.233930e+01,,
15562,3.816673e+02,,
15563,2.589098e+02,,
15564,3.055677e+01,,
15565,5.080482e+01,,
15566,1.461910e+02,,
15567,6.379677e+00,,
15568,5.829124e+01,,
15569,6.724770e+00,,
15570,2.732899e+01,,
15571,7.582389e+00,,
15572,2.917304e+02,,
15573,7.949791e+01,,
15574,1.256498e+02,,
15575,6.088962e+01,,
15576,4.512577e+00,,
15577,2.215259e+01,,
15578,2.102723e+01,,
15579,2.229158e+00,,
15580,3.083118e+00,,
15581,1.472576e+00,,
15582,5.082479e-01,,
15583,1.468925e+02,,
15584,3.295361e+00,,
15585,4.531107e+02,,
15586,6.274615e+01,,
15587,5.721871e+00,,
15588,8.202538e+00,,
15589,2.477442e+00,,
15590,7.614661e+02,,
15591,3.297000e+01,,
15592,2.777488e+01,,
15593,4.065016e+01,,
15594,3.526594e+00,,
15595,6.226143e+00,,
15596,9.933449e-01,,
15597,1.345564e+01,,
15598,1.681966e+01,,
15599,2.679226e+01,,
15600,1.536481e+01,,
15601,3.778913e+01,,
15602,3.154758e+01,,
15603,1.239558e+03,,
15604,4.861787e+02,,
15605,2.943682e+01,,
15606,3.911253e+01,,
15607,5.173582e+01,,
15608,2.314362e+02,,
15609,3.546948e+02,,
15610,1.792046e+03,,
15611,1.553560e+02,,
15612,4.776402e+01,,
15613,6.526089e+00,,
15614,2.791520e+01,,
15615,1.029840e+02,,
15616,3.408287e+01,,
15617,6.945566e+01,,
15618,5.925480e+02,,
15619,2.962931e+01,,
15620,1.116872e+02,,
15621,1.224380e+02,,
15622,1.030903e+01,,
15623,4.117967e+00,,
15624,1.045521e+01,,
15625,1.791356e+02,,
15626,1.781679e+01,,
15627,3.724921e+01,,
15628,1.086322e+01,,
15629,5.383560e+01,,
15630,5.036768e+00,,
15631,1.085372e+03,,
15632,2.422151e+02,,
15633,1.724138e+02,,
15634,2.802274e+02,,
15635,1.870110e+02,,
15636,4.949478e+02,,
15637,4.082795e+01,,
15638,6.427103e+00,,
15639,9.379257e+01,,
15640,9.102888e-01,,
15641,5.038186e+00,,
15642,2.037582e+00,,
15643,4.498496e+00,,
15644,7.741942e+00,,
15645,9.404528e+00,,
15646,5.618596e+02,,
15647,1.211699e+01,,
15648,4.609680e+01,,
15649,2.134491e+01,,
15650,2.940875e+02,,
15651,1.530661e+01,,
15652,3.943777e+01,,
15653,1.099762e+00,,
15654,1.918867e+01,,
15655,2.067258e+00,,
15656,3.530860e-01,,
15657,8.281984e-01,,
15658,1.053451e+01,,
15659,1.263383e+01,,
15660,3.143372e+00,,
15661,3.054578e+00,,
15662,2.434841e+00,,
15663,7.225714e+00,,
15664,1.920424e+01,,
15665,3.069702e+02,,
15666,1.029513e+02,,
15667,2.905321e+00,,
15668,1.185451e+01,,
15669,2.174624e+01,,
15670,9.712241e+01,,
15671,9.753234e+01,,
15672,6.712565e+01,,
15673,4.044916e+00,,
15674,7.069367e+01,,
15675,6.097026e+00,,
15676,1.562960e+01,,
15677,7.134972e-01,,
15678,5.908447e+00,,
15679,3.950668e+01,,
15680,3.394859e+00,,
15681,7.999062e+00,,
15682,2.066287e+01,,
15683,2.268314e+03,,
15684,2.306764e+02,,
15685,3.838556e+02,,
15686,1.135513e+01,,
15687,4.521837e+01,,
15688,1.252146e+01,,
15689,8.656308e+02,,
15690,1.173023e+03,,
15691,5.894645e+02,,
15692,5.879028e+01,,
15693,3.309520e+02,,
15694,7.682356e+02,,
15695,1.294287e+02,,
15696,7.824182e+02,,
15697,7.007071e+01,,
15698,5.470698e+03,,
15699,9.562604e+02,,
15700,2.407065e+04,,
15701,1.744955e+02,,
15702,1.207053e+03,,
15703,2.671585e+03,,
15704,1.352985e+03,,
15705,5.527152e+03,,
15706,5.211186e+02,,
15707,8.122586e+02,,
15708,4.276534e+01,,
15709,2.055168e+02,,
15710,6.072666e+02,,
15711,1.538050e+02,,
15712,2.502542e+03,,
15713,1.604860e+02,,
15714,2.945363e+02,,
15715,1.027651e+02,,
15716,4.781240e+02,,
15717,1.894463e+03,,
15718,1.021929e+03,,
15719,2.044574e+01,,
15720,4.185675e+02,,
15721,5.381288e+03,,
15722,1.582922e+01,,
15723,4.534378e+01,,
15724,7.969584e+00,,
15725,2.223879e+01,,
15726,1.378190e+02,,
15727,1.571059e+03,,
15728,3.955484e+01,,
15729,8.501428e+01,,
15730,3.957282e+01,,
15731,2.864663e+02,,
15732,3.809421e+01,,
15733,2.366528e+00,,
15734,7.624536e-01,,
15735,2.325104e-01,,
15736,6.441592e-01,,
15737,5.583192e+00,,
15738,8.818213e+00,,
15739,5.398247e+00,,
15740,2.069913e+00,,
15741,1.638456e+00,,
15742,1.757191e+01,,
15743,2.462624e-01,,
15744,3.534724e+00,,
15745,1.442287e+01,,
15746,1.360848e+02,,
15747,1.337181e+01,,
15748,9.780415e+00,,
15749,3.777290e+01,,
15750,1.972629e+01,,
15751,6.754704e+01,,
15752,1.452828e+01,,
15753,3.103664e-01,,
15754,4.097174e+00,,
15755,2.845172e+01,,
15756,5.434767e+00,,
15757,1.456567e+00,,
15758,1.885348e+00,,
15759,6.742056e+01,,
15760,1.379608e+01,,
15761,3.724738e+01,,
15762,1.140065e+01,,
15763,6.086941e+00,,
15764,1.295798e+03,,
15765,7.371835e+01,,
15766,4.681155e+00,,
15767,8.091830e+00,,
15768,1.076592e+01,,
15769,4.377239e+01,,
15770,1.022579e+02,,
15771,4.976457e+00,,
15772,3.501116e+01,,
15773,5.445046e+01,,
15774,1.774647e+02,,
15775,1.086781e+02,,
15776,4.412353e-01,,
15777,2.749778e+00,,
15778,4.975320e-01,,
15779,2.528056e+01,,
15780,6.718232e+00,,
15781,2.750577e+00,,
15782,6.008885e+00,,
15783,1.079862e+01,,
15784,5.708144e+00,,
15785,3.047851e+00,,
15786,3.058847e+01,,
15787,3.003843e+00,,
15788,1.368365e+01,,
15789,4.404690e+00,,
15790,6.058201e+00,,
15791,6.218230e+00,,
15792,1.203580e+01,,
15793,1.355124e+02,,
15794,1.053303e+02,,
15795,2.436398e+01,,
15796,1.307514e+01,,
15797,4.930608e+01,,
15798,1.764811e+02,,
15799,1.221408e+02,,
15800,4.270276e+01,,
15801,6.745778e+00,,
15802,5.356547e+01,,
15803,9.231397e+00,,
15804,4.174227e+00,,
15805,1.239922e+00,,
15806,1.163080e+03,,
15807,2.904375e+02,,
15808,4.694427e+02,,
15809,2.780707e+02,,
15810,1.001111e+02,,
15811,2.689491e+02,,
15812,6.268971e+00,,
15813,6.254439e+00,,
15814,1.802605e+00,,
15815,7.289140e+00,,
15816,3.135259e+00,,
15817,1.804293e+01,,
15818,6.522978e+00,,
15819,1.649711e+01,,
15820,1.038000e+01,,
15821,8.715821e+00,,
15822,7.545474e+00,,
15823,1.343449e+01,,
15824,1.891033e+01,,
15825,4.884641e+02,,
15826,8.178765e+03,,
15827,5.518466e+02,,
15828,2.308467e+03,,
15829,1.310401e+03,,
15830,8.924539e+03,,
15831,2.404593e+03,,
15832,7.549155e+02,,
15833,1.745545e+03,,
15834,8.135877e+01,,
15835,1.349011e+01,,
15836,6.765095e+01,,
15837,3.130783e+02,,
15838,3.225676e+01,,
15839,1.686664e+02,,
15840,2.429908e+03,,
15841,2.132801e+01,,
15842,1.006977e+02,,
15843,1.091754e+01,,
15844,9.301585e+00,,
15845,2.204316e+03,,
15846,7.709562e+02,,
15847,2.667221e+02,,
15848,1.801656e+01,,
15849,3.506465e+01,,
15850,8.768272e+01,,
15851,5.867934e+01,,
15852,1.732362e+01,,
15853,6.938934e+00,,
15854,1.228729e+01,,
15855,6.057203e+01,,
15856,1.398746e+01,,
15857,3.030197e+00,,
15858,2.358433e+01,,
15859,2.153068e+02,,
15860,1.752705e+02,,
15861,2.551431e+01,,
15862,1.586937e+01,,
15863,4.834883e+03,,
15864,4.478620e+01,,
15865,1.476469e+02,,
15866,2.541747e+03,,
15867,1.516538e+02,,
15868,3.180613e+02,,
15869,7.664163e+02,,
15870,1.880706e+03,,
15871,2.057361e+02,,
15872,6.760960e+01,,
15873,1.209230e+02,,
15874,4.830994e+01,,
15875,4.909137e+01,,
15876,3.419660e+02,,
15877,4.262150e+02,,
15878,2.938259e+02,,
15879,4.143800e+03,,
15880,2.091332e+03,,
15881,9.893215e+01,,
15882,1.327914e+02,,
15883,4.043107e+02,,
15884,3.652915e+01,,
15885,1.743026e+04,,
15886,9.907817e+01,,
15887,4.632039e+03,,
15888,1.036541e+03,,
15889,1.046088e+03,,
15890,1.346016e+03,,
15891,4.474597e+02,,
15892,4.367381e+02,,
15893,5.082384e+01,,
15894,1.888369e+03,,
15895,1.183468e+03,,
15896,8.415385e+02,,
15897,9.899384e+01,,
15898,2.076369e+02,,
15899,1.965547e+03,,
15900,6.943221e+02,,
15901,6.389303e+02,,
15902,1.374337e+03,,
15903,7.136259e+02,,
15904,4.179877e+02,,
15905,6.769273e+01,,
15906,2.575227e+01,,
15907,1.753985e+02,,
15908,6.440976e+00,,
15909,2.375714e+01,,
15910,1.080414e+02,,
15911,2.744192e+01,,
15912,2.063862e+02,,
15913,9.175740e+01,,
15914,9.193052e+02,,
15915,5.839461e+00,,
15916,5.095259e+00,,
15917,4.680425e+01,,
15918,2.142493e+02,,
15919,5.369828e+00,,
15920,7.848993e+01,,
15921,5.525273e+02,,
15922,2.151365e+01,,
15923,3.983713e+01,,
15924,9.014777e+02,,
15925,6.746467e+02,,
15926,2.033572e+02,,
15927,1.487768e+03,,
15928,6.471233e+01,,
15929,8.807314e+01,,
15930,3.332688e+01,,
15931,8.803519e+01,,
15932,1.670747e+01,,
15933,8.508568e+01,,
15934,1.128924e+01,,
15935,1.892411e+02,,
15936,2.017285e+02,,
15937,1.984602e+01,,
15938,4.245849e+01,,
15939,4.524229e+02,,
15940,3.082777e+03,,
15941,9.056120e+01,,
15942,3.340369e+02,,
15943,4.606787e+01,,
15944,9.850132e+02,,
15945,2.316730e+01,,
15946,1.885340e+03,,
15947,3.291401e+02,,
15948,8.630152e+01,,
15949,1.744768e+02,,
15950,2.314722e+02,,
15951,5.106138e+01,,
15952,2.293709e+01,,
15953,2.560813e+03,,
15954,4.019228e+01,,
15955,4.972716e+01,,
15956,3.089032e+02,,
15957,1.098464e+03,,
15958,2.183641e+03,,
15959,1.692957e+03,,
15960,8.147296e+01,,
15961,2.211775e+01,,
15962,2.245933e+01,,
15963,1.426735e+02,,
15964,3.471222e+01,,
15965,8.135012e+00,,
15966,1.692514e+02,,
15967,9.807062e+00,,
15968,8.644463e+01,,
15969,3.969614e-01,,
15970,2.627718e+00,,
15971,2.601963e+00,,
15972,3.654375e+00,,
15973,3.847733e+00,,
15974,8.309586e-01,,
15975,3.797075e+01,,
15976,2.501946e-01,,
15977,9.807619e+00,,
15978,1.932113e+00,,
15979,4.638503e-01,,
15980,9.697451e-01,,
15981,4.337107e+00,,
15982,4.997757e+00,,
15983,1.979268e+00,,
15984,1.822457e+00,,
15985,1.198093e-01,,
15986,2.861229e-01,,
15987,5.851440e+00,,
15988,1.107802e+00,,
15989,1.839068e+00,,
15990,2.436819e-01,,
15991,2.488170e-01,,
15992,1.177327e+00,,
15993,2.014193e+00,,
15994,2.098943e+01,,
15995,1.013444e+02,,
15996,1.104275e+00,,
15997,1.756709e+01,,
15998,4.620714e+02,,
15999,9.986447e+01,,
16000,5.537770e+01,,
16001,1.684989e+02,,
16002,4.472573e+00,,
16003,7.182264e-01,,
16004,1.272146e+01,,
16005,7.625270e+00,,
16006,1.479270e+00,,
16007,2.170966e+00,,
16008,4.661636e+00,,
16009,3.971075e+01,,
16010,1.763737e+00,,
16011,2.482693e+02,,
16012,2.168510e+01,,
16013,5.307519e+01,,
16014,7.755368e-01,,
16015,1.030852e+02,,
16016,1.360857e+02,,
16017,8.385538e+01,,
16018,7.391489e+00,,
16019,1.038048e+01,,
16020,4.293936e+00,,
16021,2.177537e+01,,
16022,2.836889e+02,,
16023,1.003255e+01,,
16024,3.308156e+00,,
16025,6.330880e+01,,
16026,1.214576e+02,,
16027,1.917322e+01,,
16028,9.126142e+00,,
16029,5.493550e+00,,
16030,6.883795e+01,,
16031,7.215765e+01,,
16032,1.433356e+01,,
16033,7.948457e+00,,
16034,2.310454e+02,,
16035,6.262777e+01,,
16036,4.138612e+02,,
16037,4.852727e+00,,
16038,2.097208e+02,,
16039,3.634516e+01,,
16040,7.774403e+01,,
16041,4.837147e+01,,
16042,1.109091e+01,,
16043,7.806251e+00,,
16044,6.128323e+00,,
16045,7.844240e+00,,
16046,2.726620e+01,,
16047,1.085582e+01,,
16048,1.292882e+00,,
16049,4.839553e+00,,
16050,6.020302e+00,,
16051,4.378422e+01,,
16052,5.022448e+01,,
16053,3.556232e+01,,
16054,2.692217e+02,,
16055,4.785369e+02,,
16056,1.512750e+01,,
16057,1.535855e+02,,
16058,5.113560e+00,,
16059,1.087957e+00,,
16060,9.405533e+00,,
16061,8.657508e+00,,
16062,3.211370e+00,,
16063,5.943196e+00,,
16064,4.365278e+00,,
16065,2.723256e+01,,
16066,1.832070e+01,,
16067,1.262413e+01,,
16068,5.158381e+01,,
16069,1.121398e+01,,
16070,7.108755e+00,,
16071,4.957694e+01,,
16072,2.588975e+00,,
16073,6.500328e+00,,
16074,2.806506e+01,,
16075,9.146644e-01,,
16076,1.049997e+00,,
16077,2.529238e+01,,
16078,4.706154e+01,,
16079,2.557796e+00,,
16080,1.754029e+01,,
16081,2.668514e+00,,
16082,1.698160e+00,,
16083,8.428553e-01,,
16084,8.479971e-01,,
16085,1.085697e+00,,
16086,9.298966e+00,,
16087,3.009568e+00,,
16088,2.715320e+01,,
16089,4.648405e+02,,
16090,2.570296e+02,,
16091,4.226608e+00,,
16092,1.920507e+01,,
16093,2.938229e+00,,
16094,3.144323e+00,,
16095,7.006738e+00,,
16096,1.823043e+01,,
16097,5.011263e+01,,
16098,1.013025e+01,,
16099,1.097518e+02,,
16100,1.551674e+01,,
16101,1.160713e+01,,
16102,1.126393e+02,,
16103,1.254172e+01,,
16104,1.887746e+03,,
16105,1.528291e+02,,
16106,2.072674e+02,,
16107,1.162480e+03,,
16108,9.102224e+01,,
16109,1.878043e+00,,
16110,7.137468e+00,,
16111,4.414987e+01,,
16112,1.092881e+01,,
16113,6.998410e+01,,
16114,4.103156e+02,,
16115,1.264256e+02,,
16116,4.205037e+00,,
16117,2.333670e+00,,
16118,3.812823e+01,,
16119,6.998877e+00,,
16120,2.417457e+00,,
16121,1.279398e+03,,
16122,1.620749e+04,,
16123,2.282326e+03,,
16124,8.481709e+02,,
16125,4.148711e+03,,
16126,6.332970e+02,,
16127,1.056507e+03,,
16128,9.163077e+01,,
16129,3.078598e+01,,
16130,9.164167e+00,,
16131,1.902251e+02,,
16132,1.526969e+02,,
16133,9.481106e+02,,
16134,3.311462e+02,,
16135,1.987883e+02,,
16136,7.784811e+01,,
16137,1.076881e+02,,
16138,1.673021e+00,,
16139,4.750981e+00,,
16140,3.522474e+01,,
16141,1.644250e+02,,
16142,5.593272e+02,,
16143,6.656256e+01,,
16144,5.365148e+01,,
16145,4.065651e+01,,
16146,2.951258e+01,,
16147,5.629078e+01,,
16148,4.116900e+02,,
16149,9.239199e+02,,
16150,8.948169e+03,,
16151,1.297008e+02,,
16152,3.832129e+02,,
16153,3.533102e+03,,
16154,1.138556e+03,,
16155,1.649646e+02,,
16156,1.366922e+02,,
16157,4.547750e+02,,
16158,4.938559e+02,,
16159,2.976803e+01,,
16160,1.160305e+03,,
16161,5.665876e+04,,
16162,3.842823e+02,,
16163,4.477846e+02,,
16164,6.296117e+02,,
16165,6.419014e+03,,
16166,8.065166e+02,,
16167,4.245874e+02,,
16168,7.806979e+03,,
16169,2.612133e+03,,
16170,3.122124e+03,,
16171,2.631343e+03,,
16172,8.233980e+03,,
16173,4.173504e+04,,
16174,5.349613e+02,,
16175,1.059575e+03,,
16176,1.283423e+02,,
16177,2.783289e+03,,
16178,2.413370e+04,,
16179,1.524008e+03,,
16180,2.222801e+04,,
16181,3.013954e+03,,
16182,9.449746e+02,,
16183,4.678082e+02,,
16184,9.310854e+03,,
16185,2.166502e+03,,
16186,2.101969e+02,,
16187,8.435949e+02,,
16188,3.287959e+02,,
16189,3.231170e+02,,
16190,4.950929e+01,,
16191,9.206437e+01,,
16192,1.018535e+02,,
16193,8.361138e+02,,
16194,1.198987e+02,,
16195,1.805653e+02,,
16196,1.329214e+03,,
16197,1.356877e+03,,
16198,6.301651e+01,,
16199,4.447187e+01,,
16200,9.916556e+01,,
16201,4.745552e+02,,
16202,2.765955e+01,,
16203,6.699908e+02,,
16204,2.712274e+02,,
16205,2.449820e+03,,
16206,3.064667e+02,,
16207,3.933157e+01,,
16208,1.441071e+02,,
16209,9.752527e+02,,
16210,2.678631e+02,,
16211,1.522191e+02,,
16212,7.049029e+01,,
16213,8.135590e+01,,
16214,2.716555e+01,,
16215,2.425015e+01,,
16216,3.590946e+01,,
16217,4.765846e+02,,
16218,1.168180e+02,,
16219,1.060267e+02,,
16220,1.181863e+01,,
16221,1.154805e+02,,
16222,4.299136e+02,,
16223,7.299990e+00,,
16224,4.774253e+03,,
16225,1.339095e+02,,
16226,9.351885e+01,,
16227,6.046767e+01,,
16228,9.141123e+01,,
16229,4.559896e+02,,
16230,2.721344e+01,,
16231,7.890338e+00,,
16232,6.269567e+01,,
16233,6.288513e+00,,
16234,1.300973e+01,,
16235,4.705551e+00,,
16236,9.468032e+00,,
16237,3.487957e+01,,
16238,2.236247e+01,,
16239,1.423750e+03,,
16240,3.775192e+02,,
16241,3.508603e+02,,
16242,3.067197e+02,,
16243,3.145057e+02,,
16244,3.996268e+01,,
16245,1.110854e+01,,
16246,4.986443e+02,,
16247,4.127897e+01,,
16248,6.376211e+02,,
16249,3.452517e+03,,
16250,1.436569e+04,,
16251,5.360352e+03,,
16252,2.943981e+03,,
16253,2.511808e+03,,
16254,6.386438e+03,,
16255,2.100138e+02,,
16256,1.800270e+01,,
16257,5.641752e+01,,
16258,2.565635e+01,,
16259,7.632705e+02,,
16260,1.601661e+02,,
16261,2.769450e+00,,
16262,6.894311e+00,,
16263,6.698094e+01,,
16264,1.744822e+01,,
16265,3.010210e+01,,
16266,1.420781e+01,,
16267,1.408343e+02,,
16268,2.066732e+02,,
16269,2.807503e+02,,
16270,1.860374e+02,,
16271,1.303726e+02,,
16272,3.333472e+02,,
16273,5.391656e+02,,
16274,9.326834e+02,,
16275,9.906310e+01,,
16276,3.250275e+02,,
16277,1.697587e+03,,
16278,2.154048e+02,,
16279,7.642417e+01,,
16280,1.639487e+03,,
16281,4.134515e+01,,
16282,2.526590e+02,,
16283,8.361339e+01,,
16284,8.947153e+02,,
16285,3.628555e+02,,
16286,1.237978e+02,,
16287,4.356336e+02,,
16288,6.766442e+01,,
16289,7.286772e+03,,
16290,5.948040e+03,,
16291,6.279667e+03,,
16292,2.128755e+04,,
16293,7.181895e+03,,
16294,3.416306e+02,,
16295,1.062466e+03,,
16296,5.659500e+03,,
16297,3.411691e+03,,
16298,3.929177e+03,,
16299,1.429280e+04,,
16300,3.780661e+03,,
16301,3.402441e+02,,
16302,1.995563e+02,,
16303,3.108939e+02,,
16304,2.657950e+03,,
16305,1.514718e+02,,
16306,1.577411e+02,,
16307,3.030513e+02,,
16308,7.198252e+02,,
16309,8.314993e+03,,
16310,1.094042e+04,,
16311,5.659017e+02,,
16312,4.704452e+01,,
16313,6.811229e+02,,
16314,2.020396e+03,,
16315,6.743163e+02,,
16316,9.270145e+02,,
16317,6.429148e+01,,
16318,2.168629e+02,,
16319,9.062286e+01,,
16320,8.529191e+02,,
16321,1.649314e+03,,
16322,5.553108e+02,,
16323,6.222910e+04,,
16324,8.396032e+02,,
16325,4.105484e+03,,
16326,6.162394e+01,,
16327,3.843250e+02,,
16328,7.280584e+01,,
16329,9.853818e+02,,
16330,1.828888e+03,,
16331,5.754438e+02,,
16332,9.259735e+02,,
16333,1.739114e+04,,
16334,7.712503e+03,,
16335,1.172246e+03,,
16336,2.090427e+02,,
16337,1.870303e+04,,
16338,1.966907e+03,,
16339,7.839408e+03,,
16340,4.379489e+04,,
16341,3.714691e+03,,
16342,3.914388e+03,,
16343,2.044704e+03,,
16344,4.124147e+02,,
16345,1.076292e+03,,
16346,5.610162e+02,,
16347,2.910130e+03,,
16348,2.470066e+02,,
16349,3.665751e+03,,
16350,4.039328e+02,,
16351,1.061912e+02,,
16352,2.322253e+02,,
16353,1.052155e+03,,
16354,1.520157e+03,,
16355,7.580507e+02,,
16356,3.431354e+03,,
16357,2.817494e+02,,
16358,1.040767e+01,,
16359,4.818525e+01,,
16360,1.043955e+03,,
16361,3.500620e+01,,
16362,5.270258e+00,,
16363,6.728991e+01,,
16364,1.436903e+02,,
16365,6.074991e+02,,
16366,1.115629e+02,,
16367,7.173423e+01,,
16368,4.247250e+02,,
16369,1.494882e+01,,
16370,4.667270e+02,,
16371,1.773042e+02,,
16372,3.149770e+02,,
16373,1.813465e+01,,
16374,3.862457e+00,,
16375,5.196999e+00,,
16376,1.135393e+01,,
16377,2.668696e+00,,
16378,1.675094e+00,,
16379,4.899055e+00,,
16380,3.979017e-01,,
16381,2.079838e+00,,
16382,6.346858e+01,,
16383,3.408976e+02,,
16384,7.245748e+01,,
16385,6.412552e+01,,
16386,8.299593e+01,,
16387,8.736179e+02,,
16388,4.354834e+01,,
16389,4.216128e+00,,
16390,3.962841e+01,,
16391,7.134007e+02,,
16392,1.968620e+00,,
16393,6.005872e+00,,
16394,3.133512e+01,,
16395,1.633561e+01,,
16396,3.947490e+01,,
16397,1.354077e+02,,
16398,2.387801e+01,,
16399,4.815854e+00,,
16400,1.443371e+02,,
16401,5.064916e+01,,
16402,3.298908e+01,,
16403,2.235448e+02,,
16404,2.481637e+02,,
16405,9.020006e+00,,
16406,2.101062e+02,,
16407,7.328644e+02,,
16408,1.471181e+02,,
16409,2.522572e+01,,
16410,4.806044e+01,,
16411,1.255247e+02,,
16412,5.319480e+01,,
16413,6.922496e+01,,
16414,1.313360e+02,,
16415,1.450063e+01,,
16416,1.694894e+02,,
16417,6.953845e+00,,
16418,7.123377e+01,,
16419,4.879141e+02,,
16420,4.717708e+02,,
16421,8.442432e-01,,
16422,4.551182e+01,,
16423,6.768418e+01,,
16424,3.888695e+02,,
16425,6.023535e+01,,
16426,5.119222e+00,,
16427,2.581127e+03,,
16428,4.097396e+01,,
16429,1.113846e+02,,
16430,3.545624e+02,,
16431,3.428112e+02,,
16432,9.941790e+01,,
16433,1.007261e+01,,
16434,5.342091e+02,,
16435,2.989423e+02,,
16436,5.220486e+01,,
16437,1.047589e+02,,
16438,1.346562e+02,,
16439,6.367733e+00,,
16440,6.352294e+01,,
16441,5.807835e+00,,
16442,1.095455e+02,,
16443,1.413630e+02,,
16444,2.508267e+02,,
16445,5.730795e+02,,
16446,1.049675e+02,,
16447,2.612135e+01,,
16448,9.193515e+02,,
16449,7.316708e+02,,
16450,8.472991e+01,,
16451,4.089107e+02,,
16452,2.516883e+01,,
16453,9.379191e+01,,
16454,2.597446e+03,,
16455,4.998198e+01,,
16456,4.416539e+01,,
16457,2.952790e+02,,
16458,5.427292e+02,,
16459,2.550241e+02,,
16460,7.430154e+01,,
16461,3.307763e+02,,
16462,9.240072e+00,,
16463,8.457806e+00,,
16464,6.483440e+01,,
16465,4.476081e+02,,
16466,1.264068e+04,,
16467,2.222313e+03,,
16468,4.157601e+02,,
16469,5.541317e+02,,
16470,6.895068e+01,,
16471,6.988702e+03,,
16472,1.211824e+03,,
16473,9.937245e+02,,
16474,5.338920e+03,,
16475,4.941305e+03,,
16476,2.483443e+02,,
16477,1.123140e+04,,
16478,9.305267e+02,,
16479,4.525300e+02,,
16480,2.178001e+02,,
16481,9.988661e+00,,
16482,1.145172e+03,,
16483,1.750289e+03,,
16484,6.846515e+02,,
16485,5.888131e+01,,
16486,1.223702e+03,,
16487,6.520026e+01,,
16488,7.795221e+01,,
16489,2.083397e+00,,
16490,8.944955e+00,,
16491,5.703609e+01,,
16492,1.097379e+02,,
16493,8.348998e+01,,
16494,6.196629e+01,,
16495,6.506658e+02,,
16496,4.348242e+02,,
16497,7.581018e+00,,
16498,7.751233e+00,,
16499,7.413982e+01,,
16500,4.010448e+02,,
16501,5.037036e+02,,
16502,7.598092e+03,,
16503,2.618455e+03,,
16504,1.233550e+02,,
16505,7.141717e+01,,
16506,7.507121e+02,,
16507,5.314469e+02,,
16508,2.288182e+02,,
16509,7.091635e+02,,
16510,1.350117e+03,,
16511,5.026904e+03,,
16512,2.450460e+02,,
16513,2.170367e+02,,
16514,1.092212e+02,,
16515,2.030363e+03,,
16516,7.400977e+01,,
16517,2.672601e+01,,
16518,1.165946e+03,,
16519,1.636810e+03,,
16520,1.464826e+03,,
16521,9.710594e+02,,
16522,2.495880e+03,,
16523,1.050104e+03,,
16524,1.115722e+04,,
16525,1.546071e+02,,
16526,7.884533e+01,,
16527,2.092941e+02,,
16528,8.306370e+01,,
16529,2.865464e+02,,
16530,6.680779e+01,,
16531,6.278095e+01,,
16532,9.672780e+00,,
16533,4.618705e+01,,
16534,1.447184e+02,,
16535,8.033541e+00,,
16536,7.918066e+00,,
16537,1.606678e+03,,
16538,9.510058e+01,,
16539,2.041993e+01,,
16540,4.172225e+01,,
16541,6.525707e+01,,
16542,8.321388e+01,,
16543,3.176832e+01,,
16544,2.573941e+02,,
16545,3.849641e+02,,
16546,4.001804e+03,,
16547,2.642665e+01,,
16548,2.676128e+02,,
16549,6.851181e+01,,
16550,4.183811e+01,,
16551,2.433409e+02,,
16552,2.274614e+02,,
16553,2.204459e+02,,
16554,3.226355e+02,,
16555,4.279930e+02,,
16556,2.116500e+02,,
16557,1.802373e+01,,
16558,1.210704e+02,,
16559,8.940706e+00,,
16560,1.164455e+02,,
16561,4.408405e+02,,
16562,2.944579e+02,,
16563,5.998304e+02,,
16564,2.024787e+01,,
16565,1.182428e+02,,
16566,2.548678e+03,,
16567,2.124078e+03,,
16568,5.245015e+00,,
16569,1.292424e+02,,
16570,8.171824e+01,,
16571,6.216526e+00,,
16572,5.853343e+00,,
16573,5.216312e+00,,
16574,2.699595e+01,,
16575,2.202640e+01,,
16576,7.620795e+02,,
16577,4.068890e+03,,
16578,2.577862e+03,,
16579,6.350402e+02,,
16580,2.326573e+02,,
16581,1.310268e+02,,
16582,8.802750e+01,,
16583,6.541770e+01,,
16584,1.217169e+03,,
16585,1.369796e+02,,
16586,1.023575e+03,,
16587,9.389246e+01,,
16588,3.902669e+03,,
16589,4.162274e+01,,
16590,6.368078e+00,,
16591,3.782522e+02,,
16592,7.257549e+01,,
16593,3.670361e+02,,
16594,4.158530e+01,,
16595,1.721330e+02,,
16596,2.342020e+01,,
16597,1.036959e+01,,
16598,7.797927e+00,,
16599,2.623882e+01,,
16600,1.757846e+02,,
16601,2.228046e+01,,
16602,2.094553e+01,,
16603,8.353943e+00,,
16604,1.388980e+01,,
16605,4.221968e+01,,
16606,1.530003e+01,,
16607,2.976633e+00,,
16608,6.162037e+00,,
16609,2.932829e+00,,
16610,3.433363e+01,,
16611,8.348196e+01,,
16612,1.617636e+02,,
16613,2.497971e+01,,
16614,1.296431e+02,,
16615,1.010623e+02,,
16616,3.081757e+01,,
16617,8.428961e+00,,
16618,2.389829e+02,,
16619,1.082788e+02,,
16620,2.074591e+03,,
16621,7.479753e+03,,
16622,1.403521e+02,,
16623,1.995556e+03,,
16624,2.425396e+03,,
16625,3.204976e+03,,
16626,2.910173e+03,,
16627,4.425454e+01,,
16628,1.091329e+04,,
16629,4.157319e+02,,
16630,6.387499e+03,,
16631,2.353133e+02,,
16632,5.904700e+02,,
16633,1.487701e+04,,
16634,1.581209e+03,,
16635,1.842150e+03,,
16636,4.259251e+02,,
16637,3.586446e+03,,
16638,2.013622e+03,,
16639,9.738887e+02,,
16640,3.457459e+02,,
16641,1.918417e+02,,
16642,2.777418e+03,,
16643,2.546027e+02,,
16644,4.324785e+01,,
16645,1.003113e+02,,
16646,1.600475e+03,,
16647,1.820136e+03,,
16648,2.394538e+02,,
16649,1.840999e+02,,
16650,1.640761e+02,,
16651,4.501914e+01,,
16652,6.812595e+01,,
16653,1.337857e+02,,
16654,1.138422e+02,,
16655,2.194160e+01,,
16656,3.950572e+01,,
16657,1.155732e+03,,
16658,6.417357e+02,,
16659,4.080050e+03,,
16660,3.649152e+05,,
16661,6.578503e+03,,
16662,1.929173e+04,,
16663,6.825019e+03,,
16664,2.002648e+04,,
16665,6.544956e+03,,
16666,1.940605e+04,,
16667,6.382354e+02,,
16668,1.381871e+04,,
16669,1.433039e+04,,
16670,7.506484e+04,,
16671,2.534409e+04,,
16672,1.746363e+04,,
16673,1.676186e+04,,
16674,4.895147e+03,,
16675,1.428178e+04,,
16676,8.123149e+02,,
16677,2.325872e+04,,
16678,2.261597e+04,,
16679,2.734652e+04,,
16680,1.168707e+03,,
16681,4.249426e+03,,
16682,6.751601e+03,,
16683,2.205698e+03,,
16684,4.122278e+02,,
16685,1.609641e+04,,
16686,5.947084e+03,,
16687,3.111934e+03,,
16688,8.345091e+03,,
16689,6.683961e+02,,
16690,1.765295e+03,,
16691,5.096872e+01,,
16692,2.535653e+02,,
16693,9.407951e+02,,
16694,5.270211e+02,,
16695,6.924862e+02,,
16696,1.997202e+02,,
16697,3.066335e+02,,
16698,2.573024e+02,,
16699,3.027120e+03,,
16700,2.455157e+03,,
16701,1.484957e+03,,
16702,1.441110e+03,,
16703,7.860938e+01,,
16704,1.085871e+04,,
16705,1.186826e+04,,
16706,5.544086e+02,,
16707,5.066040e+02,,
16708,2.325898e+03,,
16709,1.588684e+02,,
16710,8.053146e+01,,
16711,5.031469e+02,,
16712,9.244007e+02,,
16713,3.854040e+03,,
16714,1.923371e+02,,
16715,4.386476e+01,,
16716,3.994003e+03,,
16717,3.375617e+03,,
16718,4.043196e+01,,
16719,1.993016e+02,,
16720,2.027889e+01,,
16721,1.082440e+02,,
16722,1.125265e+02,,
16723,2.477227e+01,,
16724,9.119878e+01,,
16725,2.188850e+01,,
16726,2.923482e+03,,
16727,7.968741e+02,,
16728,2.808298e+03,,
16729,2.773921e+02,,
16730,2.206996e+02,,
16731,1.116203e+02,,
16732,1.617605e+02,,
16733,9.761022e+01,,
16734,4.977596e+01,,
16735,1.087100e+03,,
16736,1.348022e+03,,
16737,1.143572e+02,,
16738,6.395469e+01,,
16739,1.471829e+02,,
16740,1.093740e+02,,
16741,2.814709e+02,,
16742,5.906150e+01,,
16743,1.313758e+02,,
16744,8.552133e+02,,
16745,3.194683e+03,,
16746,7.826751e+02,,
16747,1.210267e+02,,
16748,1.345368e+03,,
16749,1.640973e+02,,
16750,2.790368e+02,,
16751,2.668869e+01,,
16752,8.732523e+02,,
16753,2.778496e+02,,
16754,5.713274e+02,,
16755,2.976013e+03,,
16756,1.214709e+02,,
16757,1.966398e+02,,
16758,7.689668e+01,,
16759,1.988650e+02,,
16760,3.856127e+03,,
16761,4.955106e+04,,
16762,4.669298e+04,,
16763,1.675264e+04,,
16764,5.948877e+04,,
16765,8.725761e+03,,
16766,9.105234e+01,,
16767,1.599044e+01,,
16768,7.493355e+03,,
16769,4.268100e+03,,
16770,6.331345e+04,,
16771,2.903027e+03,,
16772,2.572804e+04,,
16773,4.462767e+02,,
16774,2.101763e+02,,
16775,2.067771e+03,,
16776,6.587744e+03,,
16777,9.164605e+02,,
16778,9.322456e+03,,
16779,2.985333e+02,,
16780,4.970366e+02,,
16781,1.335689e+02,,
16782,1.516424e+03,,
16783,4.390704e+01,,
16784,4.756002e+01,,
16785,1.503177e+03,,
16786,5.065839e+03,,
16787,7.473548e+01,,
16788,1.935015e+03,,
16789,3.451946e+02,,
16790,6.082406e+02,,
16791,1.376039e+03,,
16792,2.370376e+01,,
16793,2.215459e+01,,
16794,8.912974e+02,,
16795,6.695844e+01,,
16796,2.059766e+02,,
16797,4.695401e+02,,
16798,1.088692e+02,,
16799,6.764954e+03,,
16800,1.185322e+03,,
16801,8.745920e+00,,
16802,4.482425e+01,,
16803,1.665827e+02,,
16804,1.831719e+03,,
16805,3.244632e+03,,
16806,1.328829e+02,,
16807,2.067370e+01,,
16808,6.849222e+02,,
16809,5.528538e+02,,
16810,1.574845e+03,,
16811,2.513030e+01,,
16812,1.759317e+01,,
16813,1.002119e+01,,
16814,1.405993e+01,,
16815,6.581851e+01,,
16816,1.505841e+02,,
16817,2.305805e+01,,
16818,2.059430e+02,,
16819,5.554697e+02,,
16820,2.110626e+01,,
16821,8.707500e+00,,
16822,3.354154e+00,,
16823,1.725690e+01,,
16824,6.739365e+01,,
16825,2.228337e+02,,
16826,2.298796e+03,,
16827,2.124167e+02,,
16828,2.633990e+01,,
16829,2.742864e+02,,
16830,3.929318e+01,,
16831,3.512590e+03,,
16832,3.018180e+03,,
16833,1.347536e+02,,
16834,2.344978e+03,,
16835,1.724603e+03,,
16836,3.284664e+03,,
16837,3.532648e+03,,
16838,1.565890e+03,,
16839,4.529142e+01,,
16840,1.144089e+03,,
16841,1.342192e+02,,
16842,6.802049e+01,,
16843,8.067576e+01,,
16844,9.657531e+01,,
16845,1.411177e+02,,
16846,8.879388e+01,,
16847,1.955417e+02,,
16848,1.690313e+02,,
16849,8.187871e+02,,
16850,1.486732e+04,,
16851,4.131512e+02,,
16852,9.237225e+02,,
16853,4.908729e+02,,
16854,1.731451e+02,,
16855,1.140035e+03,,
16856,2.409541e+02,,
16857,5.909552e+02,,
16858,1.384895e+02,,
16859,3.310858e+02,,
16860,3.605835e+03,,
16861,6.100946e+03,,
16862,1.283528e+03,,
16863,1.343183e+04,,
16864,4.480304e+02,,
16865,5.535001e+03,,
16866,1.272119e+03,,
16867,1.055820e+05,,
16868,2.699030e+03,,
16869,2.272555e+03,,
16870,5.124322e+03,,
16871,1.674976e+03,,
16872,7.352199e+02,,
16873,3.077277e+02,,
16874,1.804275e+03,,
16875,7.208807e+03,,
16876,5.412181e+02,,
16877,6.568657e+03,,
16878,4.727615e+03,,
16879,1.136819e+04,,
16880,2.336804e+05,,
16881,9.983337e+03,,
16882,1.481300e+02,,
16883,3.205745e+03,,
16884,5.886558e+03,,
16885,8.333791e+02,,
16886,3.107895e+02,,
16887,3.532661e+02,,
16888,4.977414e+02,,
16889,9.396319e+02,,
16890,8.670445e+03,,
16891,1.333728e+03,,
16892,1.250330e+04,,
16893,4.141495e+03,,
16894,8.607535e+03,,
16895,3.258699e+04,,
16896,2.575616e+02,,
16897,3.200998e+02,,
16898,1.394915e+03,,
16899,2.619297e+02,,
16900,5.949024e+02,,
16901,3.117757e+03,,
16902,1.463336e+02,,
16903,5.651785e+01,,
16904,6.651072e+02,,
16905,1.949210e+03,,
16906,8.102383e+02,,
16907,4.004369e+02,,
16908,2.729067e+03,,
16909,4.768656e+03,,
16910,4.628582e+03,,
16911,1.733535e+03,,
16912,4.542665e+03,,
16913,1.733275e+03,,
16914,1.688269e+03,,
16915,1.464301e+05,,
16916,2.916430e+04,,
16917,3.428824e+03,,
16918,1.432892e+03,,
16919,9.488358e+03,,
16920,1.516012e+04,,
16921,2.023073e+03,,
16922,4.427991e+03,,
16923,7.252140e+02,,
16924,4.584622e+01,,
16925,9.156804e+01,,
16926,1.876912e+02,,
16927,3.708691e+01,,
16928,4.164857e+02,,
16929,2.969395e+00,,
16930,3.804369e+00,,
16931,1.505419e+00,,
16932,1.618924e+01,,
16933,6.814661e-01,,
16934,2.313956e+01,,
16935,8.344667e+00,,
16936,2.507338e+01,,
16937,1.298022e+01,,
16938,5.689299e+01,,
16939,1.151228e+01,,
16940,1.592220e+00,,
16941,5.500533e+00,,
16942,6.373582e+01,,
16943,4.757909e+00,,
16944,2.627423e+00,,
16945,2.422151e+01,,
16946,6.245071e+02,,
16947,7.243057e+01,,
16948,9.029470e+02,,
16949,6.148140e+02,,
16950,1.022293e+01,,
16951,9.503059e+01,,
16952,1.545904e+02,,
16953,7.351220e+01,,
16954,2.719090e+02,,
16955,6.581647e+01,,
16956,4.709568e+01,,
16957,1.681768e+01,,
16958,1.503201e+01,,
16959,1.626287e+02,,
16960,3.567542e+01,,
16961,3.393335e+02,,
16962,7.029603e+02,,
16963,2.095432e+00,,
16964,1.028345e+02,,
16965,2.176433e+01,,
16966,3.631763e+01,,
16967,7.447548e+01,,
16968,3.459621e+01,,
16969,1.613273e+02,,
16970,2.476665e+03,,
16971,1.685705e+01,,
16972,6.955533e+01,,
16973,5.514395e+02,,
16974,1.361797e+02,,
16975,7.797803e+02,,
16976,4.484137e+02,,
16977,1.790085e+01,,
16978,2.566112e+01,,
16979,3.909287e+01,,
16980,2.014715e+01,,
16981,4.268056e+01,,
16982,1.756072e+03,,
16983,3.730674e+01,,
16984,1.320362e+04,,
16985,7.481120e+03,,
16986,6.721730e+01,,
16987,4.461116e+01,,
16988,1.338444e+01,,
16989,3.387115e+02,,
16990,8.464701e+02,,
16991,9.396684e+00,,
16992,5.193565e+01,,
16993,3.919094e+02,,
16994,8.820412e+01,,
16995,1.734997e+02,,
16996,2.981056e+03,,
16997,3.236940e+03,,
16998,8.218039e+02,,
16999,9.742998e+01,,
17000,4.931673e+02,,
17001,1.573142e+02,,
17002,5.120443e+01,,
17003,3.811254e+01,,
17004,3.848333e+01,,
17005,2.354248e+01,,
17006,1.316902e+02,,
17007,4.855478e+02,,
17008,3.608284e+01,,
17009,3.539474e+01,,
17010,5.756442e+01,,
17011,2.689897e+00,,
17012,8.488289e+00,,
17013,1.305967e+01,,
17014,1.981609e+02,,
17015,1.120364e+01,,
17016,1.456270e+01,,
17017,1.305840e+00,,
17018,1.786699e+00,,
17019,5.192990e+02,,
17020,1.705006e+03,,
17021,1.406093e+02,,
17022,3.428565e+02,,
17023,1.324041e+03,,
17024,4.059777e+01,,
17025,6.338691e+01,,
17026,9.232822e+02,,
17027,3.332153e+02,,
17028,2.126169e+00,,
17029,2.912547e+02,,
17030,3.503294e+01,,
17031,6.361802e+01,,
17032,1.058871e+02,,
17033,6.917796e+01,,
17034,6.531352e+00,,
17035,5.293075e+01,,
17036,1.220602e+02,,
17037,7.577433e+01,,
17038,4.377046e+02,,
17039,6.720378e+03,,
17040,3.206545e+02,,
17041,5.992127e+03,,
17042,1.219032e+03,,
17043,1.239259e+03,,
17044,8.291981e+01,,
17045,2.748249e+03,,
17046,1.695572e+01,,
17047,5.290236e+02,,
17048,3.057030e+01,,
17049,6.054544e+00,,
17050,8.321754e+02,,
17051,5.140763e+02,,
17052,1.550037e+01,,
17053,2.642707e+01,,
17054,6.205059e+01,,
17055,1.376996e+02,,
17056,2.535002e+01,,
17057,2.612051e+01,,
17058,7.516776e+01,,
17059,9.399265e+02,,
17060,4.082529e+02,,
17061,6.827614e+02,,
17062,9.293803e+02,,
17063,9.466941e+01,,
17064,2.020824e+01,,
17065,1.237563e+02,,
17066,7.893223e-01,,
17067,5.012039e+02,,
17068,1.519930e+02,,
17069,5.492583e+00,,
17070,5.958104e+00,,
17071,8.256224e+00,,
17072,4.308877e+01,,
17073,9.228890e+02,,
17074,1.050012e+01,,
17075,2.055985e+01,,
17076,9.276829e+00,,
17077,4.885839e+00,,
17078,1.263984e+03,,
17079,2.972149e+02,,
17080,4.400571e+03,,
17081,5.570887e+03,,
17082,3.986937e+02,,
17083,1.866593e+02,,
17084,7.641353e+02,,
17085,5.883900e+01,,
17086,4.172837e+03,,
17087,7.427069e+02,,
17088,3.442078e+03,,
17089,9.089663e+02,,
17090,6.464238e+03,,
17091,5.358444e+02,,
17092,3.064741e+03,,
17093,2.702612e+02,,
17094,7.991624e+04,,
17095,2.300204e+04,,
17096,8.193203e+03,,
17097,5.270928e+02,,
17098,3.880421e+02,,
17099,3.334698e+03,,
17100,1.304015e+03,,
17101,6.845921e+02,,
17102,2.826760e+03,,
17103,1.006229e+04,,
17104,1.464004e+03,,
17105,6.918301e+02,,
17106,1.238997e+04,,
17107,3.478645e+03,,
17108,6.350304e+03,,
17109,1.131060e+04,,
17110,8.682701e+02,,
17111,1.278686e+03,,
17112,1.157253e+04,,
17113,4.757136e+02,,
17114,2.486586e+03,,
17115,2.883031e+02,,
17116,1.040759e+03,,
17117,8.050000e+02,,
17118,4.249858e+02,,
17119,7.844527e+03,,
17120,6.679549e+03,,
17121,8.297259e+02,,
17122,2.224973e+03,,
17123,8.597450e+03,,
17124,1.813238e+04,,
17125,5.278931e+03,,
17126,5.800783e+03,,
17127,4.481475e+02,,
17128,1.329605e+03,,
17129,2.976372e+03,,
17130,1.551454e+03,,
17131,4.863584e+02,,
17132,1.520898e+02,,
17133,1.616073e+02,,
17134,1.495081e+02,,
17135,1.293416e+03,,
17136,8.884797e+02,,
17137,9.245870e+02,,
17138,3.193301e+04,,
17139,6.119616e+03,,
17140,3.953219e+03,,
17141,3.622483e+03,,
17142,9.422070e+02,,
17143,1.354982e+03,,
17144,5.231479e+02,,
17145,2.919941e+03,,
17146,6.217636e+01,,
17147,2.426108e+01,,
17148,1.090336e+03,,
17149,1.432834e+02,,
17150,1.803525e+02,,
17151,8.095552e+01,,
17152,8.106244e+02,,
17153,6.208758e+01,,
17154,2.840274e+02,,
17155,1.057229e+03,,
17156,1.067503e+03,,
17157,1.061099e+03,,
17158,1.083382e+03,,
17159,2.436623e+03,,
17160,7.719851e+02,,
17161,1.743698e+02,,
17162,1.244621e+04,,
17163,3.215792e+03,,
17164,2.761276e+03,,
17165,9.868067e+03,,
17166,3.570266e+02,,
17167,1.715868e+02,,
17168,2.736910e+02,,
17169,2.364504e+01,,
17170,9.712727e+01,,
17171,1.385710e+02,,
17172,8.634658e+02,,
17173,8.101896e+03,,
17174,4.314036e+03,,
17175,4.006742e+05,,
17176,1.757262e+05,,
17177,6.674541e+04,,
17178,4.073462e+04,,
17179,3.972765e+04,,
17180,3.636828e+02,,
17181,3.078698e+03,,
17182,8.557520e+03,,
17183,4.574145e+02,,
17184,6.862550e+04,,
17185,1.744581e+04,,
17186,2.708660e+04,,
17187,2.748099e+04,,
17188,3.927794e+04,,
17189,9.452513e+04,,
17190,5.391133e+04,,
17191,1.072539e+03,,
17192,1.634202e+04,,
17193,2.009366e+03,,
17194,4.386417e+03,,
17195,3.527822e+02,,
17196,2.732374e+03,,
17197,4.054120e+04,,
17198,7.042593e+02,,
17199,5.383341e+03,,
17200,2.505834e+03,,
17201,2.345019e+03,,
17202,5.009765e+03,,
17203,1.005056e+05,,
17204,1.132272e+04,,
17205,2.105903e+03,,
17206,5.921716e+04,,
17207,7.044578e+03,,
17208,1.511900e+03,,
17209,1.870097e+03,,
17210,1.766837e+04,,
17211,1.747947e+05,,
17212,3.266106e+04,,
17213,2.504558e+03,,
17214,5.649246e+03,,
17215,1.841613e+03,,
17216,2.176644e+02,,
17217,2.215567e+03,,
17218,4.846052e+01,,
17219,2.563906e+02,,
17220,7.546740e+03,,
17221,2.830362e+02,,
17222,3.120405e+03,,
17223,1.083656e+03,,
17224,1.110642e+02,,
17225,3.258883e+02,,
17226,2.393373e+03,,
17227,2.155371e+03,,
17228,2.666824e+04,,
17229,5.277722e+03,,
17230,8.250600e+03,,
17231,2.076064e+03,,
17232,2.223822e+04,,
17233,2.541567e+03,,
17234,3.206408e+03,,
17235,8.164651e+03,,
17236,5.036418e+02,,
17237,8.074404e+02,,
17238,2.507261e+04,,
17239,2.591776e+03,,
17240,5.879247e+03,,
17241,3.719015e+03,,
17242,1.430072e+02,,
17243,5.199739e+02,,
17244,1.484004e+04,,
17245,1.477157e+04,,
17246,1.346676e+04,,
17247,2.687153e+04,,
17248,1.834553e+04,,
17249,1.256674e+04,,
17250,9.818093e+03,,
17251,9.365388e+02,,
17252,7.925310e+01,,
17253,2.004997e+02,,
17254,3.957299e+03,,
17255,6.573919e+02,,
17256,7.658001e+02,,
17257,6.077792e+02,,
17258,1.011183e+03,,
17259,3.169267e+02,,
17260,4.201413e+01,,
17261,1.228789e+02,,
17262,8.172879e+01,,
17263,1.614778e+02,,
17264,8.976861e+03,,
17265,4.477295e+03,,
17266,3.746794e+02,,
17267,6.016592e+02,,
17268,8.070219e+01,,
17269,1.175354e+04,,
17270,6.863588e+04,,
17271,1.629635e+05,,
17272,6.424074e+04,,
17273,2.840198e+05,,
17274,3.976308e+03,,
17275,3.830950e+03,,
17276,1.154361e+03,,
17277,2.642457e+03,,
17278,1.609819e+04,,
17279,1.929837e+03,,
17280,1.196185e+05,,
17281,2.466168e+04,,
17282,5.699367e+03,,
17283,5.976772e+03,,
17284,1.544171e+04,,
17285,9.867464e+02,,
17286,1.299990e+04,,
17287,1.598252e+03,,
17288,7.037200e+03,,
17289,8.678637e+03,,
17290,2.549958e+03,,
17291,2.987997e+03,,
17292,5.343325e+02,,
17293,1.687363e+03,,
17294,1.050033e+04,,
17295,7.491381e+04,,
17296,2.292926e+04,,
17297,1.375040e+03,,
17298,4.250390e+04,,
17299,1.586384e+04,,
17300,9.826409e+03,,
17301,6.413271e+04,,
17302,7.138222e+03,,
17303,2.531975e+03,,
17304,1.204921e+05,,
17305,7.460226e+04,,
17306,1.873657e+04,,
17307,5.175441e+02,,
17308,4.229429e+02,,
17309,2.081084e+04,,
17310,4.511874e+03,,
17311,3.959972e+03,,
17312,4.995314e+03,,
17313,1.007954e+04,,
17314,1.908692e+04,,
17315,3.084420e+03,,
17316,6.315663e+02,,
17317,2.781267e+04,,
17318,1.248218e+04,,
17319,3.465632e+04,,
17320,2.521441e+04,,
17321,1.779241e+03,,
17322,2.714553e+03,,
17323,6.061846e+02,,
17324,2.885371e+04,,
17325,2.638061e+03,,
17326,2.356210e+03,,
17327,8.169332e+04,,
17328,4.543697e+02,,
17329,1.156682e+02,,
17330,2.466126e+02,,
17331,2.898625e+03,,
17332,9.659719e+02,,
17333,1.305017e+04,,
17334,3.611833e+03,,
17335,5.411134e+04,,
17336,2.363997e+04,,
17337,1.744968e+04,,
17338,1.745013e+05,,
17339,9.385620e+03,,
17340,2.984651e+03,,
17341,1.097979e+05,,
17342,1.015575e+06,,
17343,6.677510e+04,,
17344,1.837335e+04,,
17345,5.911165e+02,,
17346,9.166071e+02,,
17347,4.038001e+03,,
17348,4.461602e+03,,
17349,2.203093e+02,,
17350,2.273719e+04,,
17351,2.229949e+04,,
17352,7.259244e+03,,
17353,5.361093e+03,,
17354,2.548989e+03,,
17355,1.928001e+03,,
17356,4.982273e+03,,
17357,6.000494e+03,,
17358,4.650310e+03,,
17359,3.093745e+03,,
17360,1.559603e+03,,
17361,2.415669e+02,,
17362,1.335609e+04,,
17363,3.544532e+02,,
17364,2.039182e+03,,
17365,5.842292e+03,,
17366,1.376288e+03,,
17367,7.400853e+03,,
17368,5.590293e+02,,
17369,7.151773e+02,,
17370,6.533820e+02,,
17371,1.377217e+03,,
17372,3.305126e+03,,
17373,9.088063e+04,,
17374,2.451342e+03,,
17375,4.612020e+03,,
17376,1.028536e+04,,
17377,2.822078e+03,,
17378,3.429222e+03,,
17379,1.827370e+03,,
17380,7.230902e+02,,
17381,1.764613e+04,,
17382,5.235983e+03,,
17383,5.261492e+04,,
17384,2.998954e+03,,
17385,2.067205e+01,,
17386,1.321343e+04,,
17387,1.692960e+04,,
17388,6.196840e+02,,
17389,1.578177e+03,,
17390,2.760383e+04,,
17391,4.446806e+04,,
17392,6.316632e+02,,
17393,2.472021e+03,,
17394,4.328241e+04,,
17395,8.542055e+03,,
17396,2.094874e+04,,
17397,4.739737e+03,,
17398,2.086953e+03,,
17399,8.983633e+03,,
17400,8.238947e+03,,
17401,8.750985e+02,,
17402,1.706160e+03,,
17403,1.681950e+03,,
17404,3.501980e+03,,
17405,1.932912e+04,,
17406,1.588973e+02,,
17407,1.287051e+03,,
17408,1.666893e+02,,
17409,1.194645e+03,,
17410,2.216781e+02,,
17411,1.834782e+03,,
17412,2.712586e+03,,
17413,2.403197e+02,,
17414,3.205964e+03,,
17415,5.719325e+01,,
17416,2.300636e+02,,
17417,1.564311e+03,,
17418,1.473968e+04,,
17419,2.475737e+03,,
17420,9.940049e+03,,
17421,6.894862e+02,,
17422,4.342316e+02,,
17423,9.459526e+01,,
17424,7.156366e+02,,
17425,1.242514e+03,,
17426,8.562835e+02,,
17427,1.962521e+02,,
17428,3.661690e+01,,
17429,3.036912e+01,,
17430,1.530307e+01,,
17431,4.887011e+01,,
17432,7.734553e+00,,
17433,6.458607e+01,,
17434,3.596096e+02,,
17435,6.067131e+01,,
17436,4.112786e+01,,
17437,2.366915e+02,,
17438,7.872982e+01,,
17439,9.522604e+02,,
17440,2.616854e+02,,
17441,4.254756e+02,,
17442,4.252208e+00,,
17443,1.163706e+00,,
17444,2.335716e+02,,
17445,1.665788e+01,,
17446,1.447991e+01,,
17447,1.919921e+01,,
17448,2.304056e+01,,
17449,4.926407e+00,,
17450,3.871824e+02,,
17451,3.448741e+03,,
17452,1.136218e+01,,
17453,1.801016e+02,,
17454,1.642097e+01,,
17455,1.012315e+02,,
17456,1.486504e+01,,
17457,2.105736e+00,,
17458,2.854910e+00,,
17459,1.455242e+02,,
17460,2.970720e+01,,
17461,4.888482e-01,,
17462,4.231941e-01,,
17463,3.748873e-01,,
17464,9.470654e-01,,
17465,1.685265e+00,,
17466,5.018798e-01,,
17467,1.014656e+01,,
17468,1.067898e+00,,
17469,3.277944e+00,,
17470,5.927480e+00,,
17471,9.585113e-01,,
17472,2.676301e-01,,
17473,6.811297e-01,,
17474,1.858496e+00,,
17475,5.089285e+01,,
17476,1.752921e+01,,
17477,4.903119e-01,,
17478,1.375913e-01,,
17479,5.682770e-01,,
17480,7.652676e-01,,
17481,1.091169e+00,,
17482,1.105361e-01,,
17483,2.563136e+00,,
17484,7.994350e+00,,
17485,5.301516e-01,,
17486,8.177626e-01,,
17487,3.413935e-01,,
17488,3.310847e-01,,
17489,3.504565e+01,,
17490,9.113476e-01,,
17491,2.618094e+00,,
17492,4.929344e-01,,
17493,9.901777e+00,,
17494,1.618424e+01,,
17495,2.890777e+01,,
17496,6.953323e+00,,
17497,7.235423e-01,,
17498,1.845210e+00,,
17499,1.557470e+01,,
17500,2.901854e+01,,
17501,2.786281e+01,,
17502,1.096031e+02,,
17503,3.715759e+01,,
17504,1.829434e+01,,
17505,1.296066e+02,,
17506,1.420221e+01,,
17507,6.967537e+00,,
17508,1.280544e+02,,
17509,2.530754e+01,,
17510,2.977793e+00,,
17511,1.947792e+00,,
17512,7.574166e+00,,
17513,7.334011e+00,,
17514,1.024856e+01,,
17515,2.596125e+01,,
17516,2.144051e+02,,
17517,7.844858e+01,,
17518,1.364344e+01,,
17519,5.196522e+00,,
17520,1.032918e+00,,
17521,4.521577e-01,,
17522,5.895748e-01,,
17523,4.767146e-01,,
17524,4.662580e-01,,
17525,2.577453e+01,,
17526,5.284505e+00,,
17527,7.339487e+00,,
17528,7.511744e+01,,
17529,1.163288e+00,,
17530,4.632030e+01,,
17531,4.823853e+02,,
17532,4.055889e+00,,
17533,4.713156e+01,,
17534,3.608107e+02,,
17535,2.127519e+01,,
17536,1.196981e+00,,
17537,2.120168e+00,,
17538,3.380385e+00,,
17539,4.158967e-01,,
17540,7.060480e-01,,
17541,1.046528e+00,,
17542,2.279152e+00,,
17543,2.378769e+01,,
17544,1.132359e+01,,
17545,3.149980e+00,,
17546,4.708093e+00,,
17547,1.475140e+00,,
17548,5.518533e+00,,
17549,1.676965e+00,,
17550,2.236442e+01,,
17551,9.629597e-01,,
17552,3.282313e+00,,
17553,8.863881e+00,,
17554,1.342469e+01,,
17555,9.891974e+01,,
17556,2.391922e+01,,
17557,2.169653e-01,,
17558,9.564263e-01,,
17559,1.724112e-01,,
17560,1.432446e-01,,
17561,1.946341e+00,,
17562,4.246345e+00,,
17563,8.425360e+01,,
17564,1.827609e+01,,
17565,1.932985e+01,,
17566,5.300326e+00,,
17567,2.434979e+01,,
17568,2.606888e+00,,
17569,4.667302e+00,,
17570,7.616662e+01,,
17571,2.493646e+02,,
17572,2.681110e+01,,
17573,7.326828e+02,,
17574,2.922323e+01,,
17575,2.527459e+01,,
17576,4.872724e+02,,
17577,1.906517e+03,,
17578,6.720586e+01,,
17579,1.475094e+01,,
17580,4.740313e+02,,
17581,1.065590e+02,,
17582,8.312702e+01,,
17583,3.643107e+01,,
17584,8.410643e+01,,
17585,4.422493e+00,,
17586,6.347709e+00,,
17587,1.818034e+01,,
17588,7.737582e+00,,
17589,5.571587e+02,,
17590,8.537955e+02,,
17591,8.410486e+00,,
17592,1.419301e+01,,
17593,1.395929e+02,,
17594,6.823441e+01,,
17595,1.051532e+02,,
17596,2.132783e+01,,
17597,1.057863e+02,,
17598,1.097581e+03,,
17599,1.168255e+02,,
17600,9.261466e+00,,
17601,2.058259e+02,,
17602,6.640378e+02,,
17603,3.141290e+02,,
17604,5.232299e+01,,
17605,3.251671e+02,,
17606,3.761738e+01,,
17607,2.036918e+02,,
17608,4.743273e+02,,
17609,1.399136e+03,,
17610,6.617347e+02,,
17611,1.410756e+02,,
17612,7.490200e+02,,
17613,5.623898e+03,,
17614,2.086663e+03,,
17615,1.905622e+02,,
17616,1.120425e+03,,
17617,2.769953e+02,,
17618,7.802284e+02,,
17619,5.050146e+02,,
17620,1.694968e+03,,
17621,4.495189e+02,,
17622,3.477255e+01,,
17623,2.804295e+02,,
17624,2.681259e+02,,
17625,4.197201e+02,,
17626,7.634063e+02,,
17627,6.233861e+02,,
17628,1.255373e+02,,
17629,5.621347e+01,,
17630,3.603005e+02,,
17631,1.644592e+04,,
17632,3.782909e+02,,
17633,3.441393e+02,,
17634,3.126670e+03,,
17635,9.179463e+02,,
17636,2.329358e+01,,
17637,4.034119e+00,,
17638,3.043319e+02,,
17639,8.058860e+01,,
17640,8.030617e+02,,
17641,5.948956e+03,,
17642,1.196614e+04,,
17643,2.483873e+03,,
17644,1.614196e+03,,
17645,1.265533e+03,,
17646,2.083991e+03,,
17647,1.526649e+01,,
17648,5.773108e+01,,
17649,1.283485e+02,,
17650,6.291908e+02,,
17651,5.553221e+02,,
17652,2.657883e+01,,
17653,3.760350e+01,,
17654,9.073443e+00,,
17655,4.827049e+01,,
17656,1.080447e+01,,
17657,1.154663e+01,,
17658,4.491542e+03,,
17659,1.711211e+02,,
17660,4.995872e+02,,
17661,7.787222e+03,,
17662,6.012204e+03,,
17663,3.244643e+02,,
17664,2.506718e+02,,
17665,1.824489e+03,,
17666,3.642175e+03,,
17667,3.679360e+02,,
17668,8.398675e+01,,
17669,2.264812e+03,,
17670,4.213535e+02,,
17671,3.838082e+03,,
17672,5.993985e+02,,
17673,4.252968e+02,,
17674,2.993978e+02,,
17675,1.463161e+03,,
17676,3.089864e+02,,
17677,1.236251e+03,,
17678,1.811959e+04,,
17679,1.516766e+04,,
17680,5.475171e+01,,
17681,1.656383e+02,,
17682,4.507814e+02,,
17683,4.369824e+02,,
17684,4.266091e+01,,
17685,1.314224e+03,,
17686,5.109792e+02,,
17687,1.336682e+03,,
17688,2.467106e+03,,
17689,6.943061e+03,,
17690,5.253966e+03,,
17691,2.007090e+03,,
17692,1.404688e+03,,
17693,3.734381e+02,,
17694,1.020810e+02,,
17695,6.593221e+03,,
17696,2.012135e+04,,
17697,2.008136e+03,,
17698,3.801504e+02,,
17699,1.704263e+03,,
17700,2.204575e+04,,
17701,1.990294e+03,,
17702,7.317369e+03,,
17703,1.642279e+02,,
17704,3.235422e+02,,
17705,8.015349e+02,,
17706,1.212048e+03,,
17707,9.335951e+01,,
17708,3.812174e+02,,
17709,4.957501e+01,,
17710,9.713620e+01,,
17711,1.052221e+03,,
17712,9.507855e+02,,
17713,4.596319e+03,,
17714,8.380231e+02,,
17715,8.033274e+02,,
17716,1.970406e+03,,
17717,2.625491e+01,,
17718,8.661342e+01,,
17719,2.233534e+02,,
17720,3.543578e+01,,
17721,2.095133e+03,,
17722,3.682904e+01,,
17723,1.591039e+01,,
17724,4.111343e+02,,
17725,3.035177e+03,,
17726,5.260262e+02,,
17727,3.519066e+03,,
17728,7.076307e+01,,
17729,1.857890e+02,,
17730,1.205924e+04,,
17731,7.729093e+02,,
17732,1.854173e+03,,
17733,4.474948e+02,,
17734,6.935141e+01,,
17735,5.463721e+01,,
17736,6.143308e+02,,
17737,4.844817e+02,,
17738,1.149699e+02,,
17739,2.757046e+01,,
17740,1.151357e+02,,
17741,2.911931e+02,,
17742,1.611942e+03,,
17743,7.005703e+01,,
17744,3.129018e+02,,
17745,2.210401e+03,,
17746,4.825498e+03,,
17747,1.486560e+02,,
17748,1.376762e+02,,
17749,6.622400e+02,,
17750,6.251543e+01,,
17751,2.825308e+04,,
17752,2.038853e+01,,
17753,2.915774e+00,,
17754,4.031875e+01,,
17755,1.953499e+01,,
17756,7.526037e+00,,
17757,2.971530e+02,,
17758,1.646757e+02,,
17759,2.114797e+02,,
17760,5.432395e+02,,
17761,6.496079e+02,,
17762,1.723869e+01,,
17763,1.038692e+02,,
17764,1.082488e+01,,
17765,5.341681e+02,,
17766,1.328852e+01,,
17767,1.078638e+01,,
17768,6.796396e+01,,
17769,4.122074e+01,,
17770,1.379233e+00,,
17771,4.029316e+01,,
17772,4.709796e+01,,
17773,3.841501e+01,,
17774,6.513548e+01,,
17775,2.368225e+00,,
17776,1.552867e+00,,
17777,2.409880e+00,,
17778,8.875826e-01,,
17779,2.483212e+01,,
17780,6.758322e+00,,
17781,1.819893e+01,,
17782,3.339385e+00,,
17783,2.934474e+01,,
17784,1.403420e+01,,
17785,3.686173e+00,,
17786,2.305720e+00,,
17787,4.490089e+01,,
17788,2.448342e+02,,
17789,3.064649e+01,,
17790,2.331810e+00,,
17791,1.765872e+02,,
17792,1.246231e+02,,
17793,1.211480e+01,,
17794,9.082413e+00,,
17795,6.786236e+00,,
17796,1.468314e+00,,
17797,1.707244e+01,,
17798,2.198257e+00,,
17799,2.440201e+01,,
17800,1.468938e+01,,
17801,1.520705e+01,,
17802,4.452550e+01,,
17803,1.087643e+01,,
17804,2.665433e+00,,
17805,2.171040e+02,,
17806,1.778740e+02,,
17807,4.983577e+00,,
17808,1.101791e+01,,
17809,4.668317e+00,,
17810,4.030557e+02,,
17811,6.627122e+01,,
17812,3.083966e+02,,
17813,3.432444e+03,,
17814,7.875182e+03,,
17815,9.760465e+02,,
17816,6.286130e+04,,
17817,5.532285e+03,,
17818,5.543487e+03,,
17819,3.026073e+04,,
17820,1.824286e+03,,
17821,5.570197e+02,,
17822,8.293797e+02,,
17823,2.955054e+02,,
17824,4.171428e+02,,
17825,3.534918e+01,,
17826,6.177801e+02,,
17827,5.969176e+03,,
17828,6.477690e+02,,
17829,1.652830e+02,,
17830,7.623736e+02,,
17831,3.055700e+03,,
17832,1.157120e+01,,
17833,3.400663e+00,,
17834,2.268800e+01,,
17835,9.934595e+01,,
17836,2.451011e+01,,
17837,6.108853e-01,,
17838,6.914430e+00,,
17839,4.831408e+00,,
17840,5.745859e+00,,
17841,7.558874e+01,,
17842,2.017064e+01,,
17843,8.138430e-01,,
17844,1.507647e+00,,
17845,1.503243e-01,,
17846,4.836361e-01,,
17847,1.834343e+00,,
17848,7.829899e+00,,
17849,2.956650e-01,,
17850,1.646997e-01,,
17851,7.771724e+00,,
17852,8.579159e+00,,
17853,1.236483e+00,,
17854,4.009849e+00,,
17855,2.676692e-01,,
17856,1.671949e-01,,
17857,6.676462e-01,,
17858,5.697109e+00,,
17859,3.880624e+01,,
17860,3.959733e+01,,
17861,4.021121e-01,,
17862,1.186331e+00,,
17863,6.404723e+00,,
17864,5.775393e-01,,
17865,8.939569e-01,,
17866,2.384355e+00,,
17867,2.441333e+01,,
17868,5.638839e-01,,
17869,4.691960e-01,,
17870,7.772813e+00,,
17871,5.771278e-01,,
17872,2.888543e-01,,
17873,1.277083e+00,,
17874,2.856748e+00,,
17875,2.006182e+00,,
17876,1.670598e-01,,
17877,1.364825e+00,,
17878,9.387017e-01,,
17879,6.050023e-01,,
17880,2.707163e-01,,
17881,3.611462e-02,,
17882,6.211395e-01,,
17883,6.094263e+00,,
17884,5.016806e+00,,
17885,2.147018e+01,,
17886,1.937588e+01,,
17887,4.215745e+01,,
17888,3.338521e+01,,
17889,3.113722e+01,,
17890,6.265582e-01,,
17891,1.260230e+00,,
17892,3.746480e+01,,
17893,1.180068e+00,,
17894,2.448215e+01,,
17895,1.104013e+01,,
17896,4.740353e+00,,
17897,1.207971e+01,,
17898,4.092304e+00,,
17899,5.664549e-01,,
17900,9.321202e-02,,
17901,6.762761e+00,,
17902,2.510799e-01,,
17903,1.962362e-01,,
17904,2.596521e-01,,
17905,6.412456e-01,,
17906,2.512931e+00,,
17907,2.593666e+00,,
17908,5.945242e+00,,
17909,1.499201e+00,,
17910,5.411920e+00,,
17911,3.903628e-01,,
17912,1.046807e-01,,
17913,2.744318e-01,,
17914,1.628128e+00,,
17915,1.521166e+00,,
17916,5.370284e-01,,
17917,1.097384e+00,,
17918,1.437111e+00,,
17919,7.228053e-01,,
17920,4.629115e-01,,
17921,1.308250e+00,,
17922,4.742687e+00,,
17923,6.726226e-01,,
17924,1.369634e-01,,
17925,1.585936e+01,,
17926,1.088970e+01,,
17927,5.602994e+00,,
17928,4.922972e+00,,
17929,2.370191e+00,,
17930,2.179225e+02,,
17931,4.950737e+01,,
17932,3.628713e+00,,
17933,5.785105e+01,,
17934,8.062547e+00,,
17935,1.072487e+01,,
17936,6.704627e+01,,
17937,7.877143e+01,,
17938,1.158170e+02,,
17939,4.942480e+02,,
17940,1.098609e+02,,
17941,8.438025e+02,,
17942,1.195819e+00,,
17943,3.001519e+02,,
17944,1.948238e+01,,
17945,2.532853e+01,,
17946,8.103586e+00,,
17947,5.301054e+01,,
17948,5.234848e+00,,
17949,1.366207e+02,,
17950,1.614667e+02,,
17951,7.317873e+01,,
17952,1.804304e+01,,
17953,3.399945e+02,,
17954,9.360449e+01,,
17955,1.291799e+03,,
17956,7.636445e+01,,
17957,1.136696e+02,,
17958,2.397566e+00,,
17959,1.335334e+00,,
17960,3.607733e+01,,
17961,1.302476e+01,,
17962,8.731373e+02,,
17963,3.578401e+02,,
17964,1.566384e+02,,
17965,9.923328e+01,,
17966,3.751779e+02,,
17967,1.169854e+03,,
17968,1.961000e+03,,
17969,5.887980e+02,,
17970,1.115453e+02,,
17971,1.825909e+02,,
17972,4.234551e+01,,
17973,1.059907e+02,,
17974,2.050473e+03,,
17975,2.276358e+02,,
17976,2.113449e+02,,
17977,4.185001e+01,,
17978,4.499781e+00,,
17979,5.384886e+02,,
17980,3.916243e+02,,
17981,2.324010e+01,,
17982,7.912183e+01,,
17983,1.551935e+00,,
17984,9.842838e+01,,
17985,1.296866e+02,,
17986,2.668093e+00,,
17987,2.005493e+02,,
17988,2.688094e+01,,
17989,1.392529e+01,,
17990,9.249335e+01,,
17991,2.274988e+01,,
17992,3.962652e+01,,
17993,4.004402e+00,,
17994,4.177803e+02,,
17995,2.522822e+01,,
17996,9.168690e+01,,
17997,2.202263e+01,,
17998,4.543991e+00,,
17999,3.240468e+00,,
18000,4.753003e+00,,
18001,1.171025e+01,,
18002,1.814330e+01,,
18003,1.866570e+01,,
18004,1.050896e+01,,
18005,1.525997e+01,,
18006,1.450591e+01,,
18007,6.282273e+01,,
18008,1.015301e+01,,
18009,1.492206e+02,,
18010,2.816512e+01,,
18011,8.907680e+01,,
18012,9.471027e+00,,
18013,4.812982e+01,,
18014,1.219622e+01,,
18015,1.595471e+02,,
18016,6.923825e+00,,
18017,9.215065e+00,,
18018,7.060056e+00,,
18019,1.894995e+01,,
18020,1.277470e+02,,
18021,4.806384e+01,,
18022,6.622845e+00,,
18023,7.545166e+01,,
18024,8.932726e+01,,
18025,3.671323e+00,,
18026,8.847037e+00,,
18027,1.637636e+01,,
18028,1.411854e+00,,
18029,1.315768e+01,,
18030,4.396539e+00,,
18031,1.616285e+02,,
18032,3.262763e+02,,
18033,7.839394e+01,,
18034,2.053194e+01,,
18035,1.257332e+01,,
18036,3.557967e+01,,
18037,1.179094e+01,,
18038,1.240406e+01,,
18039,1.395974e+01,,
18040,1.849615e+00,,
18041,4.516060e+00,,
18042,6.169600e+01,,
18043,2.569570e+02,,
18044,2.593809e+02,,
18045,2.420129e+02,,
18046,7.943033e+02,,
18047,3.701025e+01,,
18048,3.715032e+02,,
18049,4.438893e+01,,
18050,1.110941e+01,,
18051,2.225690e+01,,
18052,1.338039e+01,,
18053,4.001168e+01,,
18054,4.223400e+01,,
18055,5.539589e+01,,
18056,4.845930e+00,,
18057,1.340051e+01,,
18058,1.922091e+01,,
18059,5.969285e+00,,
18060,2.091935e+01,,
18061,2.775209e+01,,
18062,3.204411e+00,,
18063,2.816158e+01,,
18064,9.115521e+00,,
18065,6.185149e+00,,
18066,4.530688e+00,,
18067,5.080898e+01,,
18068,2.567401e+02,,
18069,3.523055e+02,,
18070,1.165060e+01,,
18071,5.397050e-01,,
18072,8.341247e+00,,
18073,1.152213e+01,,
18074,1.485670e+02,,
18075,8.531476e+01,,
18076,1.484481e+02,,
18077,9.595706e+02,,
18078,9.547552e+00,,
18079,2.886593e+00,,
18080,1.721590e+00,,
18081,3.119554e+00,,
18082,3.194993e+00,,
18083,3.797610e+00,,
18084,2.109317e+01,,
18085,1.209478e+01,,
18086,2.828913e+00,,
18087,4.884904e+00,,
18088,2.735334e+00,,
18089,9.622954e+00,,
18090,1.125498e+02,,
18091,1.650719e+01,,
18092,1.150831e+00,,
18093,3.510500e+02,,
18094,3.027455e+02,,
18095,6.960495e+02,,
18096,2.873232e+02,,
18097,4.998058e+02,,
18098,4.925189e+01,,
18099,3.299982e+01,,
18100,5.987973e+01,,
18101,1.978212e+01,,
18102,1.882193e+02,,
18103,1.170062e+02,,
18104,5.257542e+01,,
18105,3.803797e+03,,
18106,9.037046e+00,,
18107,1.505292e+03,,
18108,1.058457e+03,,
18109,1.685617e+02,,
18110,1.638081e+01,,
18111,5.007472e+02,,
18112,7.135287e+01,,
18113,4.700657e+02,,
18114,2.524222e+02,,
18115,4.008152e+01,,
18116,5.535085e+02,,
18117,1.180578e+02,,
18118,5.140206e+01,,
18119,2.224381e+01,,
18120,4.076912e+01,,
18121,6.949752e+02,,
18122,1.891563e+02,,
18123,2.859285e+01,,
18124,2.473300e+01,,
18125,2.751635e+02,,
18126,1.249835e+01,,
18127,3.086215e+02,,
18128,1.831578e+01,,
18129,3.748494e+00,,
18130,3.639694e+00,,
18131,2.678411e+02,,
18132,1.685077e+02,,
18133,6.180400e+00,,
18134,2.387701e+00,,
18135,3.067831e+00,,
18136,9.326386e+01,,
18137,3.006524e+02,,
18138,7.996477e+01,,
18139,7.457240e+01,,
18140,6.077324e+01,,
18141,3.156281e+01,,
18142,3.850083e+00,,
18143,8.868076e+00,,
18144,1.419637e+00,,
18145,1.079079e+00,,
18146,9.522848e+00,,
18147,5.214561e+00,,
18148,3.181291e+00,,
18149,1.010759e+01,,
18150,6.285795e+01,,
18151,2.053396e+01,,
18152,9.454914e+02,,
18153,8.155107e+00,,
18154,1.806351e+02,,
18155,1.320791e+02,,
18156,4.110045e+02,,
18157,7.014100e+02,,
18158,4.529385e+02,,
18159,2.316356e+02,,
18160,1.616946e+02,,
18161,1.588843e+02,,
18162,1.066025e+03,,
18163,3.793967e+02,,
18164,1.915379e+02,,
18165,2.178506e+02,,
18166,1.992733e+04,,
18167,6.074645e+03,,
18168,8.485195e+02,,
18169,1.035922e+03,,
18170,1.254397e+03,,
18171,6.291603e+02,,
18172,4.258785e+02,,
18173,4.741904e+00,,
18174,1.654322e+01,,
18175,2.372878e+02,,
18176,3.617631e+01,,
18177,8.391382e+02,,
18178,1.684340e+03,,
18179,4.982029e+01,,
18180,1.964575e+02,,
18181,1.420348e+03,,
18182,1.127181e+02,,
18183,2.021373e+01,,
18184,8.272767e+01,,
18185,1.697379e+01,,
18186,7.073208e+02,,
18187,6.042237e-01,,
18188,3.338269e+00,,
18189,6.076739e+00,,
18190,4.595607e+00,,
18191,1.009784e+00,,
18192,6.268908e+00,,
18193,4.200848e+01,,
18194,2.517322e+01,,
18195,3.724119e+00,,
18196,7.081124e+00,,
18197,9.605106e+00,,
18198,6.488141e+00,,
18199,1.383125e+02,,
18200,9.858614e+00,,
18201,2.343106e+02,,
18202,3.230661e+01,,
18203,5.727505e+00,,
18204,9.260618e+00,,
18205,1.415490e+02,,
18206,2.300568e+01,,
18207,2.025897e+01,,
18208,1.039969e+02,,
18209,7.361196e+01,,
18210,1.284184e+02,,
18211,2.605921e+00,,
18212,1.384662e+00,,
18213,2.514197e+02,,
18214,3.649772e+02,,
18215,8.696128e+01,,
18216,6.396257e+01,,
18217,2.552239e+02,,
18218,6.354506e+01,,
18219,2.083452e+04,,
18220,4.506592e+02,,
18221,3.215354e+02,,
18222,1.431723e+02,,
18223,5.576638e+01,,
18224,1.502434e+02,,
18225,5.086398e+01,,
18226,6.997733e+01,,
18227,2.001641e+02,,
18228,4.688311e+01,,
18229,1.449752e+04,,
18230,5.393297e+03,,
18231,9.203073e+01,,
18232,9.883335e+02,,
18233,5.060532e+03,,
18234,1.991619e+02,,
18235,2.261393e+03,,
18236,2.425808e+03,,
18237,3.002469e+02,,
18238,5.578303e+02,,
18239,1.323527e+04,,
18240,4.141365e+03,,
18241,1.693480e+03,,
18242,4.778282e+02,,
18243,3.458841e+01,,
18244,1.701658e+02,,
18245,1.488712e+02,,
18246,2.005336e+02,,
18247,7.000074e+01,,
18248,5.567611e+02,,
18249,2.195930e+02,,
18250,2.733562e+02,,
18251,2.238963e+01,,
18252,3.854268e+01,,
18253,3.338460e+02,,
18254,2.789767e+01,,
18255,9.478446e+02,,
18256,4.418360e+04,,
18257,7.574047e+03,,
18258,3.374957e+03,,
18259,2.610403e+03,,
18260,2.473146e+03,,
18261,7.642248e+01,,
18262,3.462561e+01,,
18263,4.625104e+01,,
18264,2.812849e+02,,
18265,2.357281e+01,,
18266,1.302026e+01,,
18267,4.717369e+01,,
18268,1.711079e+02,,
18269,3.840091e+03,,
18270,4.644693e+03,,
18271,1.478591e+02,,
18272,1.493734e+01,,
18273,1.210397e+01,,
18274,5.965129e+01,,
18275,3.172409e+02,,
18276,3.858971e+01,,
18277,1.038206e+01,,
18278,2.333932e+01,,
18279,4.184103e+01,,
18280,4.808556e+01,,
18281,1.947572e+01,,
18282,7.712250e+01,,
18283,7.235640e+01,,
18284,5.503291e+00,,
18285,5.361911e+01,,
18286,1.140130e+01,,
18287,1.436863e+01,,
18288,3.750329e+01,,
18289,7.459131e+00,,
18290,3.301816e+00,,
18291,6.822448e+02,,
18292,5.854707e+01,,
18293,4.018402e+01,,
18294,7.164911e+01,,
18295,2.221436e+02,,
18296,8.554191e+01,,
18297,2.980984e+00,,
18298,1.387039e+00,,
18299,1.703659e+02,,
18300,1.359211e+02,,
18301,3.208096e+00,,
18302,6.990481e+01,,
18303,4.847187e+02,,
18304,6.024676e+01,,
18305,1.247013e+01,,
18306,1.571300e+02,,
18307,5.009827e+01,,
18308,2.881925e+01,,
18309,5.155015e+01,,
18310,3.724477e+01,,
18311,2.641709e+02,,
18312,1.911351e+01,,
18313,6.233707e+01,,
18314,3.873011e+00,,
18315,1.523409e+01,,
18316,4.980743e+02,,
18317,3.388182e+01,,
18318,1.035328e+02,,
18319,9.774348e+02,,
18320,4.795642e+03,,
18321,3.935746e+02,,
18322,2.259216e+01,,
18323,2.475564e+01,,
18324,6.845598e+01,,
18325,8.681516e+01,,
18326,1.157839e+03,,
18327,3.856757e+03,,
18328,8.240747e+03,,
18329,9.854053e+02,,
18330,2.837674e+03,,
18331,1.873831e+03,,
18332,1.272458e+04,,
18333,9.320498e+02,,
18334,2.803073e+02,,
18335,2.539847e+03,,
18336,3.320285e+02,,
18337,3.641072e+04,,
18338,9.826259e+01,,
18339,3.751270e+02,,
18340,6.354897e+01,,
18341,1.682016e+02,,
18342,2.855138e+01,,
18343,4.100658e+01,,
18344,5.437479e+03,,
18345,1.180661e+01,,
18346,7.786548e+02,,
18347,7.675907e+01,,
18348,6.760323e+02,,
18349,2.333344e+03,,
18350,5.846660e+02,,
18351,2.613845e+03,,
18352,5.004367e+03,,
18353,1.131063e+02,,
18354,2.538667e+02,,
18355,6.356243e+01,,
18356,2.703844e+02,,
18357,4.693723e+00,,
18358,8.230311e+01,,
18359,6.263557e+01,,
18360,2.560927e+02,,
18361,5.789637e+01,,
18362,1.787684e+02,,
18363,1.634328e+02,,
18364,9.291006e+02,,
18365,8.049344e+01,,
18366,4.838101e+02,,
18367,3.969894e+01,,
18368,5.226916e+02,,
18369,9.393302e+01,,
18370,1.069926e+02,,
18371,2.270762e+02,,
18372,8.185035e+00,,
18373,1.386973e+01,,
18374,4.389309e+01,,
18375,3.465809e+01,,
18376,2.446955e+01,,
18377,4.968792e+00,,
18378,6.706211e+00,,
18379,3.640136e+02,,
18380,1.457614e+01,,
18381,1.556533e+02,,
18382,7.812082e+02,,
18383,1.839611e+02,,
18384,6.467545e+01,,
18385,5.091835e+01,,
18386,8.030997e+02,,
18387,1.365748e+02,,
18388,1.989522e+03,,
18389,6.965490e+02,,
18390,4.112125e+02,,
18391,8.646213e+02,,
18392,1.320911e+02,,
18393,2.834092e+02,,
18394,1.196886e+03,,
18395,1.898535e+04,,
18396,1.419906e+03,,
18397,1.513161e+03,,
18398,2.831209e+03,,
18399,2.428903e+02,,
18400,1.878302e+03,,
18401,2.258060e+02,,
18402,4.473995e+01,,
18403,1.609514e+01,,
18404,4.639627e+00,,
18405,5.263553e+02,,
18406,1.627145e+02,,
18407,4.935798e+02,,
18408,7.172961e+02,,
18409,9.243380e+02,,
18410,5.137410e+03,,
18411,1.395980e+02,,
18412,1.375736e+03,,
18413,1.165654e+03,,
18414,5.464942e+01,,
18415,2.596516e+02,,
18416,1.777632e+02,,
18417,3.583739e+03,,
18418,4.036754e+02,,
18419,7.793375e+01,,
18420,1.862261e+02,,
18421,2.150954e+02,,
18422,7.362422e+01,,
18423,4.048470e+01,,
18424,9.112137e+01,,
18425,1.095435e+02,,
18426,3.018266e+01,,
18427,6.046773e+01,,
18428,3.515561e+02,,
18429,1.501843e+02,,
18430,9.207006e+01,,
18431,1.209484e+03,,
18432,7.033467e+02,,
18433,2.710618e+03,,
18434,6.113902e+03,,
18435,6.023442e+03,,
18436,2.946379e+02,,
18437,1.906411e+02,,
18438,4.335369e+02,,
18439,8.350441e+02,,
18440,9.049816e+00,,
18441,1.493897e+01,,
18442,1.001718e+02,,
18443,1.521203e+01,,
18444,5.020555e+02,,
18445,1.204686e+03,,
18446,3.665298e+02,,
18447,8.819991e+00,,
18448,3.812072e+02,,
18449,1.209420e+01,,
18450,4.233775e+03,,
18451,6.300615e+01,,
18452,5.834748e+01,,
18453,6.402490e+01,,
18454,1.901339e+02,,
18455,6.606323e+00,,
18456,5.059868e+00,,
18457,1.035513e+01,,
18458,2.151107e+01,,
18459,5.362145e+01,,
18460,5.363459e+01,,
18461,2.557603e+01,,
18462,1.404867e+02,,
18463,6.926376e+02,,
18464,8.827599e+01,,
18465,3.297369e+01,,
18466,2.364226e+01,,
18467,2.095059e+02,,
18468,1.535508e+02,,
18469,1.283316e+01,,
18470,7.080874e+01,,
18471,9.370387e+01,,
18472,6.739475e+02,,
18473,1.268126e+02,,
18474,7.982536e+02,,
18475,3.142117e+02,,
18476,1.230708e+03,,
18477,1.396289e+02,,
18478,7.388920e+02,,
18479,8.559686e+01,,
18480,1.844059e+01,,
18481,1.490372e+01,,
18482,1.446284e+02,,
18483,7.982242e+01,,
18484,9.371364e+01,,
18485,4.109640e+03,,
18486,2.014114e+01,,
18487,3.196947e+01,,
18488,2.324590e+01,,
18489,2.677521e+01,,
18490,2.814843e+01,,
18491,1.757670e+03,,
18492,2.313629e+03,,
18493,1.327239e+02,,
18494,9.947303e+02,,
18495,1.441256e+02,,
18496,3.012551e+02,,
18497,6.499491e+02,,
18498,4.536806e+03,,
18499,9.492784e+02,,
18500,2.943714e+04,,
18501,8.623409e+03,,
18502,3.628104e+03,,
18503,5.015887e+03,,
18504,1.349174e+03,,
18505,3.298909e+02,,
18506,2.341837e+02,,
18507,9.990138e+01,,
18508,6.000142e+03,,
18509,4.455990e+02,,
18510,3.650551e+01,,
18511,9.178082e+02,,
18512,7.714588e+01,,
18513,7.948726e+02,,
18514,8.443018e+01,,
18515,1.875461e+02,,
18516,1.036954e+03,,
18517,1.078821e+03,,
18518,9.996979e+02,,
18519,1.800387e+02,,
18520,7.802169e+01,,
18521,2.843943e+02,,
18522,1.678723e+02,,
18523,3.475960e+01,,
18524,6.231147e+00,,
18525,1.234187e+02,,
18526,1.231922e+02,,
18527,3.337494e+03,,
18528,2.084026e+02,,
18529,7.549099e+02,,
18530,2.829809e+02,,
18531,6.854030e+00,,
18532,1.905122e+01,,
18533,5.514169e+01,,
18534,4.715193e+00,,
18535,3.883241e+02,,
18536,4.981916e+01,,
18537,1.041203e+02,,
18538,8.404581e+02,,
18539,1.504235e+02,,
18540,1.148339e+02,,
18541,1.467229e+03,,
18542,5.584584e+01,,
18543,5.046597e+01,,
18544,8.836592e+00,,
18545,1.621930e+02,,
18546,4.499662e+01,,
18547,1.343278e+01,,
18548,3.438017e+00,,
18549,1.174470e+02,,
18550,4.272565e+01,,
18551,6.964867e+02,,
18552,6.704367e+02,,
18553,2.088221e+01,,
18554,1.288632e+02,,
18555,1.300006e+01,,
18556,9.121488e+01,,
18557,1.764377e+01,,
18558,5.166773e+02,,
18559,9.968270e+02,,
18560,1.995657e+02,,
18561,5.702662e+01,,
18562,8.515209e+02,,
18563,2.167225e+03,,
18564,6.821637e+02,,
18565,2.207121e+02,,
18566,6.544880e+02,,
18567,7.093408e+02,,
18568,1.134048e+03,,
18569,6.006244e+02,,
18570,1.400809e+01,,
18571,2.725446e+03,,
18572,1.310519e+03,,
18573,1.137203e+02,,
18574,2.598706e+01,,
18575,4.085777e+01,,
18576,1.793550e+02,,
18577,3.342543e+02,,
18578,2.800892e+01,,
18579,9.490289e+01,,
18580,3.781259e+01,,
18581,1.479587e+02,,
18582,1.816280e+01,,
18583,2.153946e+03,,
18584,3.428763e+03,,
18585,1.420651e+03,,
18586,2.260519e+03,,
18587,8.614019e+01,,
18588,1.118171e+02,,
18589,1.205364e+01,,
18590,5.387163e+00,,
18591,6.961908e+00,,
18592,3.084171e+04,,
18593,2.591184e+02,,
18594,1.484698e+02,,
18595,9.956843e+03,,
18596,9.302096e+02,,
18597,5.789356e+02,,
18598,1.456895e+03,,
18599,4.331069e+03,,
18600,1.387699e+03,,
18601,1.184240e+04,,
18602,1.648309e+02,,
18603,1.560913e+04,,
18604,1.244295e+03,,
18605,6.319226e+01,,
18606,7.587383e+01,,
18607,1.280047e+02,,
18608,2.304965e+03,,
18609,4.858895e+02,,
18610,4.060121e+02,,
18611,1.278711e+03,,
18612,3.616485e+02,,
18613,2.186636e+03,,
18614,1.897949e+02,,
18615,1.301572e+02,,
18616,5.131254e+01,,
18617,3.958569e+01,,
18618,1.653534e+02,,
18619,6.168851e+01,,
18620,1.264398e+02,,
18621,1.930013e+02,,
18622,5.173949e+02,,
18623,2.200012e+01,,
18624,9.249155e+00,,
18625,9.227218e+01,,
18626,1.244447e+01,,
18627,1.780369e+01,,
18628,8.150878e+00,,
18629,1.456535e+02,,
18630,3.301309e+01,,
18631,4.070638e+01,,
18632,4.533023e+01,,
18633,3.438502e+02,,
18634,2.431259e+02,,
18635,7.446709e+02,,
18636,2.956875e+01,,
18637,1.662241e+00,,
18638,2.366537e+00,,
18639,5.105078e+01,,
18640,6.376018e+01,,
18641,3.199734e+00,,
18642,1.389818e+00,,
18643,3.768248e+00,,
18644,2.285165e+01,,
18645,1.374998e+02,,
18646,1.017675e+02,,
18647,2.198301e+01,,
18648,2.977143e+01,,
18649,7.376358e+01,,
18650,1.374558e+02,,
18651,6.184767e+02,,
18652,3.108855e+02,,
18653,7.581596e+01,,
18654,3.391689e+02,,
18655,8.669552e+01,,
18656,2.606456e+01,,
18657,1.961972e+02,,
18658,1.209531e+02,,
18659,8.737602e+00,,
18660,4.707410e+01,,
18661,3.605178e+02,,
18662,1.532672e+02,,
18663,6.223189e+03,,
18664,1.219314e+04,,
18665,6.056629e+04,,
18666,1.133205e+05,,
18667,4.295734e+03,,
18668,4.795375e+03,,
18669,7.947774e+03,,
18670,5.137940e+03,,
18671,9.940310e+02,,
18672,8.309973e+03,,
18673,6.837873e+04,,
18674,2.056230e+02,,
18675,5.430339e+01,,
18676,1.987792e+01,,
18677,9.937995e+02,,
18678,1.872197e+03,,
18679,1.676578e+02,,
18680,1.281342e+02,,
18681,1.120685e+02,,
18682,3.479484e+02,,
18683,6.139158e+03,,
18684,1.198282e+02,,
18685,7.380741e+01,,
18686,1.123622e+02,,
18687,8.584822e+01,,
18688,8.701036e+02,,
18689,6.444385e+03,,
18690,8.912022e+03,,
18691,1.677711e+03,,
18692,1.089201e+03,,
18693,2.929665e+03,,
18694,8.879387e+03,,
18695,5.611381e+02,,
18696,2.135607e+04,,
18697,5.831973e+03,,
18698,3.433239e+03,,
18699,3.136794e+02,,
18700,5.980583e+03,,
18701,4.880594e+03,,
18702,6.470966e+03,,
18703,1.084449e+03,,
18704,8.616832e+02,,
18705,1.511504e+02,,
18706,1.778727e+03,,
18707,7.793364e+02,,
18708,5.976704e+02,,
18709,1.755836e+03,,
18710,3.112767e+02,,
18711,9.458314e+01,,
18712,3.531761e+02,,
18713,1.303831e+02,,
18714,1.578786e+02,,
18715,6.089242e+02,,
18716,2.274603e+03,,
18717,5.776176e+03,,
18718,6.415574e+00,,
18719,6.351360e+00,,
18720,1.367264e+02,,
18721,9.700729e+01,,
18722,6.106509e+02,,
18723,2.178574e+02,,
18724,3.957508e+03,,
18725,5.553261e+03,,
18726,7.778027e+02,,
18727,2.461642e+02,,
18728,8.279671e+01,,
18729,3.910079e+01,,
18730,4.007406e+02,,
18731,7.099122e+02,,
18732,1.202631e+01,,
18733,3.714262e+01,,
18734,3.256107e+01,,
18735,3.659049e+01,,
18736,3.196855e+02,,
18737,3.262784e+02,,
18738,2.252160e+01,,
18739,7.633292e+01,,
18740,1.858639e+02,,
18741,1.718347e+02,,
18742,1.482588e+01,,
18743,1.326877e+01,,
18744,3.361520e+01,,
18745,4.066158e+03,,
18746,2.372622e+02,,
18747,1.373699e+04,,
18748,2.107364e+04,,
18749,2.911756e+02,,
18750,1.631926e+04,,
18751,7.564511e+03,,
18752,9.520199e+03,,
18753,3.666039e+03,,
18754,4.809389e+02,,
18755,4.373867e+02,,
18756,3.437939e+02,,
18757,5.503372e+02,,
18758,2.101548e+03,,
18759,1.342519e+04,,
18760,2.124493e+03,,
18761,9.721271e+03,,
18762,3.920882e+03,,
18763,7.529412e+03,,
18764,1.829347e+03,,
18765,7.760963e+03,,
18766,4.165339e+04,,
18767,4.860748e+02,,
18768,1.305789e+02,,
18769,1.812069e+02,,
18770,1.167196e+03,,
18771,1.867097e+03,,
18772,2.277223e+03,,
18773,8.663748e+02,,
18774,6.004482e+03,,
18775,2.929106e+03,,
18776,5.423237e+03,,
18777,1.906677e+02,,
18778,7.839647e+02,,
18779,6.158478e+02,,
18780,1.921771e+02,,
18781,1.254030e+02,,
18782,4.919959e+02,,
18783,7.882977e+02,,
18784,1.694246e+03,,
18785,1.733330e+02,,
18786,2.211247e+02,,
18787,2.195113e+02,,
18788,1.521876e+01,,
18789,1.783524e+01,,
18790,1.320086e+03,,
18791,9.323167e+03,,
18792,1.984598e+03,,
18793,6.558579e+02,,
18794,4.782330e+02,,
18795,3.161988e+02,,
18796,1.726825e+02,,
18797,4.794271e+02,,
18798,6.330433e+02,,
18799,5.392082e+02,,
18800,2.778671e+03,,
18801,3.981983e+02,,
18802,2.570833e+03,,
18803,4.637122e+01,,
18804,2.907974e+01,,
18805,1.190194e+04,,
18806,1.757907e+03,,
18807,1.286962e+03,,
18808,7.920740e+02,,
18809,2.224323e+02,,
18810,3.871807e+01,,
18811,9.676796e+01,,
18812,2.034572e+01,,
18813,1.112893e+02,,
18814,9.808400e+01,,
18815,8.806750e+02,,
18816,1.373610e+02,,
18817,2.639857e+03,,
18818,5.924902e+03,,
18819,1.188822e+04,,
18820,1.547798e+03,,
18821,1.803940e+03,,
18822,9.641119e+01,,
18823,1.324737e+01,,
18824,2.403305e+01,,
18825,5.597384e+01,,
18826,7.571831e+02,,
18827,4.181583e+02,,
18828,6.799971e+03,,
18829,2.002845e+04,,
18830,1.784748e+04,,
18831,1.280825e+03,,
18832,6.948373e+03,,
18833,5.239723e+02,,
18834,7.012411e+01,,
18835,1.065738e+03,,
18836,1.021176e+03,,
18837,1.270211e+04,,
18838,6.500369e+03,,
18839,5.512998e+02,,
18840,5.223911e+02,,
18841,1.976840e+02,,
18842,1.190042e+02,,
18843,4.713558e+02,,
18844,6.751635e+02,,
18845,4.292500e+02,,
18846,1.053153e+04,,
18847,3.693268e+04,,
18848,1.285275e+04,,
18849,2.156172e+02,,
18850,9.198100e+01,,
18851,4.004391e+02,,
18852,1.119500e+03,,
18853,2.167858e+03,,
18854,2.777651e+02,,
18855,1.555471e+02,,
18856,4.932221e+01,,
18857,1.593044e+02,,
18858,7.948878e+01,,
18859,4.154564e+01,,
18860,5.142472e+02,,
18861,8.358679e+01,,
18862,1.343338e+02,,
18863,5.380257e+01,,
18864,5.506438e+02,,
18865,3.462379e+03,,
18866,5.026419e+03,,
18867,1.661677e+02,,
18868,8.475453e+01,,
18869,1.725801e+02,,
18870,4.422870e+02,,
18871,9.899471e+02,,
18872,8.677942e+02,,
18873,1.407173e+04,,
18874,7.420494e+02,,
18875,4.711965e+02,,
18876,4.565414e+02,,
18877,4.294818e+02,,
18878,3.898186e+02,,
18879,5.934835e+01,,
18880,5.222923e+01,,
18881,3.333938e+02,,
18882,1.145540e+02,,
18883,8.707888e+01,,
18884,2.435631e+02,,
18885,9.508782e+01,,
18886,2.171124e+02,,
18887,1.590037e+02,,
18888,5.041101e+02,,
18889,1.139891e+02,,
18890,3.376424e+00,,
18891,8.550730e+00,,
18892,8.559866e+02,,
18893,1.549163e+01,,
18894,1.433388e+01,,
18895,3.520393e+01,,
18896,5.696193e+00,,
18897,1.411014e+02,,
18898,8.750435e+02,,
18899,5.006941e+02,,
18900,7.891537e+02,,
18901,1.478651e+02,,
18902,2.242428e+01,,
18903,3.382101e+01,,
18904,1.310337e+02,,
18905,3.032920e+02,,
18906,3.512229e+02,,
18907,3.410201e+02,,
18908,2.859964e+02,,
18909,5.004596e+02,,
18910,5.499564e+01,,
18911,7.759765e+02,,
18912,8.342318e+02,,
18913,1.230038e+03,,
18914,6.568304e+01,,
18915,2.212910e+02,,
18916,1.249791e+01,,
18917,3.932519e+01,,
18918,3.473305e+02,,
18919,3.983909e+01,,
18920,4.562084e+02,,
18921,3.727545e+02,,
18922,1.670641e+02,,
18923,2.803446e+01,,
18924,8.773560e+01,,
18925,4.825346e+03,,
18926,2.027861e+03,,
18927,1.328038e+03,,
18928,6.131655e+02,,
18929,1.442779e+02,,
18930,5.266054e+01,,
18931,9.576215e+03,,
18932,2.131387e+03,,
18933,9.655137e+00,,
18934,6.729212e+00,,
18935,2.252509e+02,,
18936,3.062674e+02,,
18937,5.628891e+00,,
18938,5.080938e+00,,
18939,1.557081e+01,,
18940,1.693857e+01,,
18941,1.699601e+01,,
18942,2.311279e+01,,
18943,9.027566e+00,,
18944,1.485335e+02,,
18945,1.101468e+01,,
18946,2.953526e+01,,
18947,4.556807e+01,,
18948,1.103079e+01,,
18949,5.421084e+01,,
18950,3.992613e+01,,
18951,2.972431e+01,,
18952,4.845221e+01,,
18953,1.588527e+03,,
18954,1.383468e+01,,
18955,3.178558e+03,,
18956,1.097677e+02,,
18957,3.499096e+03,,
18958,3.107670e+03,,
18959,1.529737e+02,,
18960,5.917793e+02,,
18961,1.280440e+02,,
18962,1.981962e+02,,
18963,9.741851e+01,,
18964,4.809282e+02,,
18965,2.710868e+03,,
18966,4.757866e+02,,
18967,1.831984e+03,,
18968,2.071438e+02,,
18969,3.469893e+02,,
18970,2.648389e+02,,
18971,1.908139e+03,,
18972,1.177618e+03,,
18973,5.817998e+01,,
18974,7.959643e+01,,
18975,3.433877e+00,,
18976,5.654943e+01,,
18977,2.089753e+01,,
18978,1.993716e+02,,
18979,1.216009e+01,,
18980,8.194265e+01,,
18981,2.833789e+02,,
18982,6.555447e+01,,
18983,7.542400e+02,,
18984,1.335103e+03,,
18985,1.761761e+02,,
18986,4.180939e+03,,
18987,3.337570e+04,,
18988,2.556252e+02,,
18989,2.114394e+02,,
18990,4.831805e+02,,
18991,1.246629e+03,,
18992,1.109423e+04,,
18993,5.964063e+03,,
18994,4.504228e+03,,
18995,6.405523e+01,,
18996,5.658461e+02,,
18997,1.022719e+03,,
18998,1.244216e+01,,
18999,1.418685e+02,,
19000,1.004741e+02,,
19001,4.755310e+01,,
19002,1.817653e+02,,
19003,1.784116e+01,,
19004,9.123898e+02,,
19005,6.551292e+02,,
19006,4.334433e+01,,
19007,1.992222e+03,,
19008,1.022630e+02,,
19009,7.789363e+01,,
19010,2.555267e+02,,
19011,3.400773e+02,,
19012,1.702509e+02,,
19013,8.171020e+01,,
19014,2.041976e+02,,
19015,1.961583e+01,,
19016,1.887973e+03,,
19017,4.208106e+01,,
19018,3.297069e+02,,
19019,1.168928e+02,,
19020,1.578469e+01,,
19021,3.120726e+01,,
19022,8.376929e+00,,
19023,3.058700e+01,,
19024,3.875347e+02,,
19025,3.806820e+01,,
19026,2.707694e+03,,
19027,5.434054e+01,,
19028,4.348750e+02,,
19029,7.717643e+03,,
19030,1.758170e+02,,
19031,3.811762e+02,,
19032,8.497075e+01,,
19033,2.600182e+02,,
19034,1.248224e+02,,
19035,6.007552e+03,,
19036,4.707120e+02,,
19037,2.805360e+00,,
19038,8.309277e+00,,
19039,9.943479e+02,,
19040,4.344205e+02,,
19041,2.699450e+02,,
19042,6.334778e+01,,
19043,3.796463e+01,,
19044,1.124492e+01,,
19045,9.607840e-01,,
19046,2.910671e+00,,
19047,2.017444e+01,,
19048,3.809669e+00,,
19049,4.286600e+01,,
19050,6.633543e+01,,
19051,1.023608e+02,,
19052,1.107327e+02,,
19053,1.350284e+01,,
19054,3.698707e+00,,
19055,1.211520e+01,,
19056,2.426234e+00,,
19057,3.286281e+01,,
19058,6.765319e+00,,
19059,1.475931e+02,,
19060,4.210862e+00,,
19061,6.007025e+01,,
19062,9.846541e+00,,
19063,3.131961e+00,,
19064,2.418740e+00,,
19065,1.661541e+02,,
19066,5.263371e+01,,
19067,8.798565e+01,,
19068,2.093029e+03,,
19069,3.805323e+01,,
19070,1.695167e+03,,
19071,1.581487e+01,,
19072,4.261776e+01,,
19073,1.438888e+02,,
19074,9.033917e+02,,
19075,1.010578e+03,,
19076,1.078139e+03,,
19077,1.047318e+01,,
19078,8.683503e+01,,
19079,1.998389e+01,,
19080,1.529301e+03,,
19081,4.128564e+01,,
19082,3.912434e+01,,
19083,1.382057e+02,,
19084,1.864996e+01,,
19085,5.585969e+01,,
19086,1.441482e+04,,
19087,1.134143e+03,,
19088,2.314454e+03,,
19089,6.251186e+02,,
19090,2.888277e+02,,
19091,2.285026e+05,,
19092,3.025693e+04,,
19093,2.326397e+05,,
19094,3.283762e+04,,
19095,3.193752e+04,,
19096,1.866601e+04,,
19097,1.041408e+04,,
19098,8.919118e+03,,
19099,1.581424e+04,,
19100,1.310285e+05,,
19101,1.089466e+03,,
19102,4.602264e+02,,
19103,7.100844e+03,,
19104,3.320512e+03,,
19105,7.727835e+02,,
19106,1.153538e+03,,
19107,3.274183e+03,,
19108,1.821397e+04,,
19109,8.095659e+02,,
19110,1.137053e+04,,
19111,8.101529e+03,,
19112,1.308613e+02,,
19113,2.503825e+02,,
19114,8.109936e+02,,
19115,7.009490e+03,,
19116,1.408960e+03,,
19117,6.620715e+03,,
19118,1.041174e+04,,
19119,8.634067e+02,,
19120,1.842346e+04,,
19121,7.181606e+04,,
19122,7.236112e+04,,
19123,2.852501e+04,,
19124,3.181040e+04,,
19125,9.013582e+04,,
19126,3.885636e+03,,
19127,1.737484e+04,,
19128,2.131180e+02,,
19129,1.161837e+04,,
19130,2.887822e+02,,
19131,3.947011e+04,,
19132,2.070988e+03,,
19133,4.012676e+04,,
19134,4.817102e+03,,
19135,2.007909e+04,,
19136,1.254590e+04,,
19137,2.663530e+03,,
19138,9.391816e+02,,
19139,3.163864e+03,,
19140,9.662602e+02,,
19141,2.421730e+03,,
19142,4.476855e+03,,
19143,8.635360e+03,,
19144,2.596683e+03,,
19145,1.236794e+03,,
19146,1.053640e+03,,
19147,1.695728e+05,,
19148,6.833505e+04,,
19149,3.656695e+04,,
19150,2.252971e+03,,
19151,1.470135e+02,,
19152,1.389781e+03,,
19153,2.205457e+03,,
19154,1.279467e+02,,
19155,3.738777e+02,,
19156,9.805300e+02,,
19157,7.319661e+02,,
19158,1.042069e+03,,
19159,3.105834e+02,,
19160,1.214815e+03,,
19161,5.110332e+02,,
19162,2.168634e+02,,
19163,4.481535e+03,,
19164,1.292831e+03,,
19165,4.175648e+03,,
19166,7.319949e+01,,
19167,4.781622e+02,,
19168,1.953977e+03,,
19169,9.332442e+03,,
19170,2.665357e+02,,
19171,4.905881e+03,,
19172,1.065714e+04,,
19173,9.381336e+02,,
19174,1.518470e+04,,
19175,2.637389e+02,,
19176,2.060368e+01,,
19177,1.132273e+03,,
19178,2.237810e+03,,
19179,3.256745e+03,,
19180,1.226512e+03,,
19181,1.051084e+02,,
19182,1.378736e+03,,
19183,8.590220e+02,,
19184,3.894907e+02,,
19185,2.242736e+03,,
19186,5.547092e+02,,
19187,7.077346e+02,,
19188,5.199777e+03,,
19189,7.109155e+01,,
19190,2.482947e+01,,
19191,3.144272e+03,,
19192,4.433056e+03,,
19193,4.588824e+03,,
19194,7.596580e+02,,
19195,2.843788e+03,,
19196,8.993673e+02,,
19197,2.406288e+02,,
19198,4.635964e+02,,
19199,2.035623e+03,,
19200,1.028232e+03,,
19201,5.990642e+03,,
19202,1.529148e+03,,
19203,1.781964e+03,,
19204,2.080948e+05,,
19205,1.906533e+04,,
19206,1.622242e+02,,
19207,1.014794e+02,,
19208,4.151631e+01,,
19209,4.150907e+01,,
19210,5.056129e+02,,
19211,4.989976e+01,,
19212,7.875474e+01,,
19213,2.121213e+02,,
19214,1.380983e+02,,
19215,2.950358e+01,,
19216,5.512247e+00,,
19217,6.238209e+02,,
19218,1.654182e+02,,
19219,1.139418e+03,,
19220,9.311389e+02,,
19221,4.606355e+02,,
19222,4.480828e+03,,
19223,4.596473e+02,,
19224,2.267906e+00,,
19225,1.153650e+01,,
19226,5.814230e+02,,
19227,1.178435e+03,,
19228,1.623660e+02,,
19229,9.255587e+02,,
19230,2.259091e+02,,
19231,3.575679e+03,,
19232,3.607081e+03,,
19233,1.047654e+02,,
19234,1.203637e+01,,
19235,9.347923e+02,,
19236,2.125738e+01,,
19237,1.585225e+02,,
19238,3.146444e+02,,
19239,2.076001e+02,,
19240,6.671427e+02,,
19241,1.344852e+03,,
19242,3.993216e+03,,
19243,4.775652e+02,,
19244,4.419062e+03,,
19245,1.188929e+02,,
19246,1.027125e+02,,
19247,9.352249e+02,,
19248,2.462620e+02,,
19249,4.266714e+01,,
19250,3.060387e+01,,
19251,3.858405e+01,,
19252,6.464260e+02,,
19253,1.271968e+02,,
19254,1.148476e+03,,
19255,4.855198e+01,,
19256,8.489990e+02,,
19257,1.080669e+02,,
19258,3.349298e+02,,
19259,5.798896e+01,,
19260,2.623556e+03,,
19261,6.748444e+02,,
19262,8.823745e+01,,
19263,9.880672e+01,,
19264,4.898261e+02,,
19265,4.326161e+03,,
19266,8.366626e+02,,
19267,8.162389e+02,,
19268,1.279000e+04,,
19269,3.199941e+03,,
19270,4.210396e+01,,
19271,5.169917e+02,,
19272,7.482810e+01,,
19273,6.573891e+02,,
19274,8.155393e+02,,
19275,1.205046e+02,,
19276,5.926583e+03,,
19277,6.896751e+02,,
19278,3.919768e+02,,
19279,2.460208e+02,,
19280,3.194288e+02,,
19281,3.058950e+02,,
19282,1.617868e+04,,
19283,4.851192e+03,,
19284,2.545435e+04,,
19285,4.826499e+03,,
19286,2.553235e+04,,
19287,5.340364e+03,,
19288,2.720273e+03,,
19289,7.616929e+02,,
19290,8.603443e+03,,
19291,9.935450e+03,,
19292,3.158584e+05,,
19293,1.172141e+05,,
19294,2.017813e+03,,
19295,3.751227e+03,,
19296,3.390817e+05,,
19297,5.193265e+03,,
19298,3.166134e+03,,
19299,2.591281e+03,,
19300,2.511095e+04,,
19301,4.686665e+04,,
19302,5.530647e+04,,
19303,1.326267e+05,,
19304,2.445239e+03,,
19305,8.441675e+03,,
19306,9.021644e+03,,
19307,2.590824e+04,,
19308,7.790003e+05,,
19309,1.663975e+04,,
19310,1.732273e+04,,
19311,3.649725e+05,,
19312,1.583061e+02,,
19313,1.360990e+02,,
19314,1.158571e+03,,
19315,1.312335e+03,,
19316,6.040237e+03,,
19317,3.510810e+03,,
19318,5.908120e+01,,
19319,1.144393e+03,,
19320,2.197322e+02,,
19321,4.777596e+02,,
19322,7.675881e+01,,
19323,1.208385e+02,,
19324,2.164296e+02,,
19325,8.325332e+02,,
19326,6.820432e+02,,
19327,2.988443e+01,,
19328,9.553394e+01,,
19329,4.154011e+02,,
19330,2.721383e+01,,
19331,9.201815e+03,,
19332,3.916447e+03,,
19333,2.480885e+03,,
19334,7.622237e+03,,
19335,1.340225e+02,,
19336,9.672987e+01,,
19337,1.523403e+01,,
19338,9.906632e+01,,
19339,5.248238e+01,,
19340,9.773088e+03,,
19341,6.131316e+02,,
19342,3.931495e+01,,
19343,1.119132e+03,,
19344,9.046135e+02,,
19345,2.699236e+02,,
19346,6.395606e+01,,
19347,4.569772e+00,,
19348,3.472930e+01,,
19349,1.607546e+01,,
19350,7.570608e+00,,
19351,1.025651e+01,,
19352,7.848439e+02,,
19353,3.069288e+01,,
19354,2.881206e+02,,
19355,2.179411e+02,,
19356,1.329129e+02,,
19357,2.146331e+02,,
19358,4.096602e+02,,
19359,1.026164e+02,,
19360,8.788382e+02,,
19361,5.898821e+01,,
19362,8.639832e+02,,
19363,2.800022e+02,,
19364,1.313844e+04,,
19365,8.369325e+02,,
19366,8.151833e+02,,
19367,5.148533e+01,,
19368,3.914942e+02,,
19369,2.701089e+02,,
19370,9.985356e+02,,
19371,1.614340e+04,,
19372,5.620513e+03,,
19373,4.226663e+03,,
19374,5.278717e+02,,
19375,1.887612e+04,,
19376,1.602037e+02,,
19377,1.282802e+01,,
19378,3.157488e+02,,
19379,4.525772e+02,,
19380,1.933976e+03,,
19381,2.068626e+01,,
19382,4.794410e-01,,
19383,5.878208e+00,,
19384,3.929585e+00,,
19385,4.378279e+00,,
19386,1.560303e-01,,
19387,2.239268e+01,,
19388,2.266207e+00,,
19389,1.946129e+00,,
19390,9.812510e+00,,
19391,7.613491e+00,,
19392,1.547399e+00,,
19393,5.849327e-01,,
19394,7.538036e+00,,
19395,2.751773e+02,,
19396,2.456886e+02,,
19397,2.828652e+01,,
19398,2.297077e+01,,
19399,3.799306e+00,,
19400,3.226724e+00,,
19401,5.018116e+01,,
19402,2.333312e+01,,
19403,8.493324e+01,,
19404,2.827529e+01,,
19405,2.169570e+01,,
19406,7.157802e+00,,
19407,2.866725e+00,,
19408,2.644038e+00,,
19409,4.012343e+00,,
19410,2.847029e-01,,
19411,1.930060e-01,,
19412,4.741883e+00,,
19413,8.308927e+00,,
19414,3.649799e-01,,
19415,4.750931e-01,,
19416,2.183126e-01,,
19417,4.672076e+01,,
19418,1.951498e+01,,
19419,2.313336e+01,,
19420,8.927066e+01,,
19421,4.191577e+01,,
19422,1.913660e-01,,
19423,1.320133e-01,,
19424,8.530214e-01,,
19425,4.590174e+00,,
19426,3.170380e+00,,
19427,9.117359e+00,,
19428,1.512670e+00,,
19429,9.323111e-02,,
19430,2.735124e-02,,
19431,1.060332e+00,,
19432,2.229302e-01,,
19433,2.738394e-01,,
19434,5.325239e-02,,
19435,2.516514e-01,,
19436,8.163863e-02,,
19437,7.880227e-02,,
19438,2.101124e+00,,
19439,8.984525e+00,,
19440,1.138365e+00,,
19441,1.993644e+00,,
19442,5.672794e-01,,
19443,5.535679e-01,,
19444,1.702233e+02,,
19445,2.071806e+00,,
19446,5.900252e-01,,
19447,4.474934e+00,,
19448,1.247052e+00,,
19449,4.763660e-01,,
19450,1.700953e-01,,
19451,4.262499e+00,,
19452,1.506415e+01,,
19453,5.151268e+00,,
19454,1.093773e+01,,
19455,2.463833e+01,,
19456,1.741363e+00,,
19457,1.122419e+01,,
19458,9.856500e-01,,
19459,8.972725e+00,,
19460,4.138067e+01,,
19461,9.315575e+00,,
19462,1.605008e+01,,
19463,7.151396e+00,,
19464,4.573418e+01,,
19465,7.140163e+00,,
19466,5.088359e+01,,
19467,1.669635e+01,,
19468,3.778644e-01,,
19469,2.530742e+01,,
19470,8.742067e+00,,
19471,4.460375e-01,,
19472,2.462467e+00,,
19473,3.297610e+00,,
19474,5.186424e-01,,
19475,1.438299e+00,,
19476,2.999246e+00,,
19477,6.171677e+00,,
19478,1.290508e+00,,
19479,1.774356e+01,,
19480,4.261331e+00,,
19481,2.859230e-01,,
19482,1.951546e-01,,
19483,7.222630e+00,,
19484,2.936737e+01,,
19485,5.295960e+01,,
19486,4.199368e+02,,
19487,1.461683e+00,,
19488,3.419973e+01,,
19489,2.741804e+01,,
19490,1.692229e+02,,
19491,3.540887e+00,,
19492,3.263358e+00,,
19493,6.567135e+00,,
19494,8.050907e+00,,
19495,3.380185e+01,,
19496,4.641297e+02,,
19497,1.933847e+02,,
19498,9.463070e+00,,
19499,6.522835e+01,,
19500,1.709526e+01,,
19501,4.885399e+02,,
19502,3.060454e+02,,
19503,1.886075e+01,,
19504,2.548862e+02,,
19505,1.475145e+01,,
19506,4.720371e+00,,
19507,1.230459e+01,,
19508,4.615170e+01,,
19509,8.207014e+00,,
19510,2.498219e+00,,
19511,3.464799e+00,,
19512,3.503775e+01,,
19513,1.310186e+01,,
19514,1.207233e+01,,
19515,1.030648e+01,,
19516,1.252124e+01,,
19517,9.413645e+01,,
19518,9.922542e+02,,
19519,1.780100e+02,,
19520,1.784440e+02,,
19521,3.602065e+01,,
19522,7.000598e+00,,
19523,8.174654e+01,,
19524,1.532737e+01,,
19525,8.562584e+02,,
19526,7.988237e+02,,
19527,1.433931e+01,,
19528,7.782007e+01,,
19529,3.941530e+01,,
19530,5.089257e+00,,
19531,2.709068e+00,,
19532,3.674574e+01,,
19533,1.250733e+03,,
19534,1.876580e+01,,
19535,2.011204e+01,,
19536,1.269606e+01,,
19537,6.792788e+01,,
19538,1.766938e+02,,
19539,5.497762e+01,,
19540,1.485798e+01,,
19541,3.931919e+01,,
19542,5.436186e+02,,
19543,1.531927e+02,,
19544,2.689098e+02,,
19545,1.558966e+03,,
19546,2.243439e+02,,
19547,4.917714e+00,,
19548,1.334164e+01,,
19549,6.804594e+01,,
19550,5.419273e+00,,
19551,4.250717e+00,,
19552,1.315267e+00,,
19553,1.145552e+02,,
19554,9.951392e+00,,
19555,4.494254e+01,,
19556,4.536067e+00,,
19557,1.552384e+01,,
19558,4.008968e+00,,
19559,8.700406e+00,,
19560,7.271080e+00,,
19561,1.768603e+01,,
19562,5.721819e+00,,
19563,2.534532e+01,,
19564,3.301318e+01,,
19565,4.871555e+00,,
19566,4.666655e+01,,
19567,3.404752e+00,,
19568,1.033874e+01,,
19569,9.838845e-01,,
19570,7.536944e-02,,
19571,3.839187e-01,,
19572,9.663649e-01,,
19573,5.382276e-01,,
19574,4.751505e+00,,
19575,5.327992e-01,,
19576,2.701245e+00,,
19577,7.970995e+00,,
19578,3.711780e+00,,
19579,3.283766e+01,,
19580,1.900191e+00,,
19581,3.595301e+00,,
19582,6.463886e+00,,
19583,2.093113e+00,,
19584,4.503551e-01,,
19585,4.552626e-01,,
19586,1.981600e-01,,
19587,3.201661e-02,,
19588,3.250505e-01,,
19589,3.614364e+00,,
19590,1.021282e+01,,
19591,1.305855e+01,,
19592,1.916029e+00,,
19593,3.282338e+00,,
19594,1.078123e+02,,
19595,2.531542e+01,,
19596,7.240806e+01,,
19597,1.906789e+02,,
19598,8.110603e+01,,
19599,3.722763e+00,,
19600,1.823287e+00,,
19601,1.735878e+01,,
19602,3.183650e+01,,
19603,5.005087e+00,,
19604,2.101181e+00,,
19605,5.683468e+00,,
19606,1.025002e+00,,
19607,7.563686e+00,,
19608,7.271306e+01,,
19609,2.402521e+00,,
19610,2.853916e+00,,
19611,5.387433e+00,,
19612,6.186748e-01,,
19613,3.473478e+01,,
19614,3.554637e+01,,
19615,1.391188e+01,,
19616,1.518633e+02,,
19617,2.220204e+00,,
19618,5.930611e+00,,
19619,3.111464e+00,,
19620,5.066925e-02,,
19621,4.236092e+01,,
19622,2.894036e+00,,
19623,8.288253e-01,,
19624,4.682730e-01,,
19625,1.167804e+00,,
19626,1.536176e+00,,
19627,9.060743e+00,,
19628,8.533940e-01,,
19629,8.370087e-01,,
19630,6.832238e-01,,
19631,5.490424e-01,,
19632,1.629293e+00,,
19633,3.347334e+00,,
19634,1.775976e+01,,
19635,1.213327e-01,,
19636,4.173444e-01,,
19637,5.775085e-01,,
19638,1.310439e+00,,
19639,3.760076e-01,,
19640,3.653561e-01,,
19641,1.390193e-01,,
19642,2.508388e-01,,
19643,5.918854e-01,,
19644,7.827779e-02,,
19645,5.486472e-01,,
19646,2.201750e+00,,
19647,1.670056e+01,,
19648,4.307828e+00,,
19649,3.213806e+01,,
19650,1.397586e+00,,
19651,4.425167e+00,,
19652,2.691428e+01,,
19653,5.685849e+01,,
19654,3.734980e+01,,
19655,2.955846e-01,,
19656,9.925514e+00,,
19657,2.428094e-01,,
19658,2.981405e-01,,
19659,4.629774e+00,,
19660,4.776270e-01,,
19661,5.301716e-01,,
19662,2.955550e+00,,
19663,1.749455e-01,,
19664,8.666885e-01,,
19665,7.676782e-01,,
19666,3.037389e+00,,
19667,1.505334e+00,,
19668,4.086393e+00,,
19669,6.717781e-01,,
19670,1.178884e+00,,
19671,2.671645e+00,,
19672,1.395411e-01,,
19673,5.868105e+00,,
19674,2.779414e+00,,
19675,3.549399e+01,,
19676,6.375724e-01,,
19677,2.856874e-01,,
19678,8.279017e+00,,
19679,4.797499e+00,,
19680,1.963096e+02,,
19681,1.371483e+01,,
19682,1.673849e+01,,
19683,1.195202e+01,,
19684,3.000814e+01,,
19685,1.459802e+02,,
19686,1.521905e+02,,
19687,6.072151e+01,,
19688,2.385593e+02,,
19689,1.734506e+02,,
19690,8.007488e+01,,
19691,9.236707e+00,,
19692,4.640254e+01,,
19693,3.434261e+02,,
19694,3.585344e+02,,
19695,3.052970e+00,,
19696,8.176032e+00,,
19697,1.181214e+02,,
19698,7.066519e+01,,
19699,8.989507e+01,,
19700,2.658285e+02,,
19701,4.893741e+01,,
19702,2.596833e+02,,
19703,3.250416e+00,,
19704,2.375947e+01,,
19705,8.650978e-01,,
19706,2.486840e+01,,
19707,4.527716e+00,,
19708,1.099037e+00,,
19709,2.552310e-01,,
19710,4.523637e+00,,
19711,8.426670e-01,,
19712,1.646605e+01,,
19713,2.046240e+01,,
19714,6.928930e+00,,
19715,2.582202e+00,,
19716,2.491978e+00,,
19717,1.646919e+02,,
19718,2.908014e+02,,
19719,1.160428e+02,,
19720,3.012610e+00,,
19721,1.034842e+01,,
19722,4.532924e+01,,
19723,2.448676e+02,,
19724,3.002396e+01,,
19725,1.268312e+02,,
19726,1.354859e+01,,
19727,4.810305e+00,,
19728,4.783244e+01,,
19729,7.159954e+01,,
19730,9.663434e+01,,
19731,1.091842e+01,,
19732,3.682500e+01,,
19733,1.000860e+01,,
19734,1.500233e+02,,
19735,1.527573e+02,,
19736,5.561620e+00,,
19737,6.078102e+00,,
19738,4.852485e+00,,
19739,2.323482e+02,,
19740,4.931505e+00,,
19741,3.846066e-01,,
19742,3.379686e-01,,
19743,3.933961e-01,,
19744,1.253624e+00,,
19745,1.409666e+00,,
19746,1.075343e+01,,
19747,4.833530e+00,,
19748,4.313304e+01,,
19749,9.187075e+02,,
19750,1.753878e+02,,
19751,2.469926e+02,,
19752,1.012095e+03,,
19753,1.719769e+02,,
19754,1.141318e+02,,
19755,8.392889e+01,,
19756,1.650570e+01,,
19757,1.576439e+02,,
19758,1.858726e+02,,
19759,3.898013e+01,,
19760,5.044897e+01,,
19761,2.507405e+02,,
19762,2.336063e+03,,
19763,6.168986e+00,,
19764,1.105052e+01,,
19765,1.570446e+02,,
19766,1.673977e+02,,
19767,6.444455e-01,,
19768,1.317497e+01,,
19769,7.046797e+00,,
19770,6.776985e+00,,
19771,8.913888e+01,,
19772,2.176314e+01,,
19773,2.122997e+00,,
19774,6.028993e+00,,
19775,4.109575e+00,,
19776,7.285792e+00,,
19777,6.144056e+01,,
19778,3.025871e+02,,
19779,2.128304e+01,,
19780,8.774868e+00,,
19781,1.389856e-01,,
19782,1.859588e-01,,
19783,1.188630e+00,,
19784,4.289977e-02,,
19785,7.710106e-02,,
19786,9.955182e-01,,
19787,9.342968e-02,,
19788,5.818302e-01,,
19789,1.484135e-01,,
19790,1.247276e-01,,
19791,2.206373e+00,,
19792,1.492539e+01,,
19793,3.148958e+02,,
19794,6.670781e+01,,
19795,3.694646e+00,,
19796,8.947969e+00,,
19797,1.370901e+00,,
19798,2.688252e+01,,
19799,6.612058e+00,,
19800,1.542282e+01,,
19801,3.447563e+01,,
19802,4.887666e+00,,
19803,1.300500e+00,,
19804,2.866277e+00,,
19805,2.137964e+01,,
19806,9.028956e+00,,
19807,1.629770e+01,,
19808,1.447026e+00,,
19809,1.749167e+00,,
19810,7.549105e+00,,
19811,1.155957e+02,,
19812,1.340361e+01,,
19813,5.096957e+00,,
19814,1.533913e+00,,
19815,9.306625e+00,,
19816,4.193339e+00,,
19817,2.154569e+01,,
19818,9.576485e+00,,
19819,1.376179e+01,,
19820,1.518381e+01,,
19821,1.661593e+01,,
19822,7.338195e+00,,
19823,2.499212e+00,,
19824,5.227160e+00,,
19825,3.564173e+01,,
19826,2.250375e+00,,
19827,4.563856e+01,,
19828,2.136162e+01,,
19829,3.684073e+00,,
19830,1.935041e+00,,
19831,2.447356e+00,,
19832,3.481959e+00,,
19833,3.817185e-01,,
19834,7.296164e+00,,
19835,9.135856e+01,,
19836,1.108783e+02,,
19837,9.761250e+02,,
19838,1.427580e+01,,
19839,6.185733e+01,,
19840,6.002641e+00,,
19841,1.682628e+00,,
19842,2.774031e+01,,
19843,2.875356e+00,,
19844,3.927346e+00,,
19845,1.696278e+00,,
19846,1.673022e+01,,
19847,4.394211e+01,,
19848,6.350764e+01,,
19849,1.774922e+01,,
19850,1.256687e+02,,
19851,6.091109e+00,,
19852,2.226246e+01,,
19853,3.174510e+00,,
19854,7.312837e+01,,
19855,6.977157e+01,,
19856,3.845182e+01,,
19857,3.909628e+00,,
19858,6.832020e+00,,
19859,2.005777e+01,,
19860,4.357664e+01,,
19861,3.604354e+01,,
19862,4.194542e+00,,
19863,2.447879e+01,,
19864,4.184583e+01,,
19865,9.344727e+00,,
19866,6.074163e+01,,
19867,7.249940e+00,,
19868,1.091980e+03,,
19869,5.450474e+00,,
19870,2.931945e+01,,
19871,4.436760e+00,,
19872,7.597709e+00,,
19873,2.379804e+00,,
19874,4.599981e+02,,
19875,7.657539e+02,,
19876,3.394804e+02,,
19877,2.826003e+02,,
19878,4.892710e+00,,
19879,2.389069e+00,,
19880,1.166505e+01,,
19881,2.526540e+00,,
19882,2.047330e+00,,
19883,5.465967e+00,,
19884,2.570003e+01,,
19885,2.663918e+02,,
19886,5.956448e+01,,
19887,2.605627e+00,,
19888,3.105494e+00,,
19889,4.609088e+01,,
19890,3.468139e+00,,
19891,1.203770e+00,,
19892,1.196789e+01,,
19893,4.202394e+02,,
19894,1.152482e+02,,
19895,2.286343e+02,,
19896,2.835835e+02,,
19897,4.940816e+01,,
19898,1.965333e+01,,
19899,7.998610e+00,,
19900,6.346284e+00,,
19901,8.507119e+00,,
19902,6.339261e+00,,
19903,7.928801e+01,,
19904,1.944586e+01,,
19905,6.994019e-01,,
19906,3.523528e-01,,
19907,8.585010e-01,,
19908,7.312465e-01,,
19909,8.003730e-01,,
19910,3.159056e+00,,
19911,5.425686e-01,,
19912,5.801210e+00,,
19913,1.894125e+01,,
19914,6.293417e-01,,
19915,2.166126e+01,,
19916,5.128890e+01,,
19917,6.682893e+01,,
19918,4.853192e-01,,
19919,2.715384e+00,,
19920,2.403996e+00,,
19921,1.772020e+01,,
19922,6.624952e+00,,
19923,1.374472e+01,,
19924,1.488491e+01,,
19925,9.052267e+01,,
19926,6.871608e-01,,
19927,4.756907e+00,,
19928,6.003894e+00,,
19929,2.849614e+00,,
19930,7.661510e+00,,
19931,7.734155e+00,,
19932,5.185505e+01,,
19933,5.704347e+02,,
19934,3.844079e+02,,
19935,2.773573e+00,,
19936,7.492726e+00,,
19937,9.580342e+00,,
19938,1.009841e+01,,
19939,6.902900e+01,,
19940,3.998363e+00,,
19941,7.038450e-01,,
19942,1.241727e+01,,
19943,1.288887e+02,,
19944,4.440994e+01,,
19945,9.170689e+02,,
19946,6.763897e+01,,
19947,2.093740e+01,,
19948,1.078425e+01,,
19949,2.124222e+01,,
19950,5.485926e+01,,
19951,1.116652e+03,,
19952,8.193584e+02,,
19953,1.725517e+02,,
19954,2.281915e+01,,
19955,3.112134e+01,,
19956,2.726076e+01,,
19957,1.410345e+02,,
19958,1.478942e+02,,
19959,1.428480e+01,,
19960,1.552600e+01,,
19961,1.812469e+01,,
19962,4.238479e+00,,
19963,7.210912e+00,,
19964,4.584181e+01,,
19965,3.532080e+01,,
19966,7.134539e+01,,
19967,3.322307e+02,,
19968,9.147489e-01,,
19969,1.359522e+01,,
19970,3.900823e+00,,
19971,9.710526e-01,,
19972,1.925168e+00,,
19973,3.451235e+01,,
19974,6.863501e-01,,
19975,4.884072e-01,,
19976,1.678114e-01,,
19977,2.310409e+00,,
19978,2.461449e+00,,
19979,2.222617e-01,,
19980,5.724466e+00,,
19981,3.197411e+01,,
19982,5.270626e+00,,
19983,2.439159e+01,,
19984,4.616658e+01,,
19985,1.643772e+02,,
19986,1.188369e+02,,
19987,5.167192e+02,,
19988,7.735583e+00,,
19989,1.093471e+00,,
19990,1.099591e+01,,
19991,5.058628e+00,,
19992,6.103880e+01,,
19993,1.081180e+02,,
19994,6.658691e+01,,
19995,1.407734e+00,,
19996,3.872099e+00,,
19997,4.275022e+00,,
19998,9.448401e+00,,
19999,1.336030e+00,,
20000,4.285121e+01,,
20001,1.238239e+01,,
20002,7.708159e+00,,
20003,7.126491e+01,,
20004,7.723659e+00,,
20005,7.760565e+01,,
20006,2.203167e+00,,
20007,2.004402e+00,,
20008,4.087383e+00,,
20009,2.189559e+02,,
20010,9.123074e+02,,
20011,1.639414e+03,,
20012,4.004974e+01,,
20013,2.102514e+01,,
20014,5.175562e+01,,
20015,1.467767e+03,,
20016,8.728023e+02,,
20017,3.856679e+03,,
20018,8.085775e+01,,
20019,1.297933e+02,,
20020,1.596135e+01,,
20021,5.781345e+02,,
20022,7.103871e+02,,
20023,3.872697e+01,,
20024,1.326510e+01,,
20025,1.221774e+02,,
20026,7.169178e+00,,
20027,1.562933e+01,,
20028,5.779975e+01,,
20029,1.688706e+02,,
20030,4.397810e+01,,
20031,1.689565e+02,,
20032,3.105283e+02,,
20033,2.959723e+03,,
20034,1.473398e+03,,
20035,2.099944e+02,,
20036,2.819561e+03,,
20037,1.879909e+04,,
20038,8.628391e+03,,
20039,2.743603e+02,,
20040,3.885903e+01,,
20041,2.682663e+02,,
20042,2.239937e+03,,
20043,6.945874e+01,,
20044,4.183227e+02,,
20045,1.559682e+01,,
20046,4.573669e+02,,
20047,1.208496e+02,,
20048,4.266052e+02,,
20049,4.467055e+02,,
20050,3.523634e+02,,
20051,2.714076e+03,,
20052,2.385226e+02,,
20053,6.436019e+01,,
20054,9.988705e+00,,
20055,9.623903e+01,,
20056,1.122455e+01,,
20057,1.078005e+01,,
20058,2.048148e+02,,
20059,1.209389e+02,,
20060,3.191274e+00,,
20061,4.004714e+00,,
20062,7.813480e+00,,
20063,4.966770e+01,,
20064,5.206690e+01,,
20065,2.528199e+01,,
20066,1.054609e+04,,
20067,8.943723e+01,,
20068,4.062760e+01,,
20069,3.163239e+01,,
20070,1.394668e+02,,
20071,8.432749e+01,,
20072,6.792943e+01,,
20073,1.298666e+04,,
20074,1.234133e+04,,
20075,1.635398e+03,,
20076,2.868521e+02,,
20077,2.492068e+03,,
20078,1.695865e+02,,
20079,3.542419e+02,,
20080,9.705788e+02,,
20081,1.411106e+01,,
20082,6.737629e+02,,
20083,2.229646e+03,,
20084,1.515126e+02,,
20085,1.456353e+01,,
20086,1.320701e+02,,
20087,8.450866e+00,,
20088,1.207442e+02,,
20089,1.570725e+02,,
20090,1.273702e+03,,
20091,4.010354e+02,,
20092,3.006050e+02,,
20093,5.186181e+02,,
20094,1.618589e+01,,
20095,1.676560e+02,,
20096,1.792172e+02,,
20097,3.423892e+02,,
20098,3.608753e+02,,
20099,2.045086e+01,,
20100,1.805461e+02,,
20101,2.910268e+02,,
20102,4.618053e+00,,
20103,9.074405e+01,,
20104,1.616532e+01,,
20105,2.405980e+01,,
20106,5.930792e+02,,
20107,6.648003e+00,,
20108,5.615007e+02,,
20109,2.706050e+02,,
20110,1.633172e+02,,
20111,1.087542e+02,,
20112,5.236584e+02,,
20113,1.583331e+03,,
20114,1.231356e+04,,
20115,1.050311e+04,,
20116,1.000339e+03,,
20117,5.469355e+01,,
20118,6.671940e+02,,
20119,3.359655e+02,,
20120,1.098906e+04,,
20121,3.283733e+02,,
20122,7.797498e+01,,
20123,5.387506e+03,,
20124,1.399335e+02,,
20125,1.409100e+02,,
20126,8.635870e+03,,
20127,3.729614e+02,,
20128,6.527651e+02,,
20129,3.080336e+02,,
20130,9.277921e+02,,
20131,1.370113e+03,,
20132,8.414719e+02,,
20133,1.741422e+03,,
20134,3.019014e+01,,
20135,2.950108e+03,,
20136,1.938315e+02,,
20137,5.806113e+02,,
20138,2.366712e+02,,
20139,1.227848e+03,,
20140,2.399508e+02,,
20141,4.766671e+01,,
20142,1.828752e+01,,
20143,7.023142e+01,,
20144,3.393446e+02,,
20145,2.839140e+02,,
20146,1.293003e+01,,
20147,4.062003e+02,,
20148,3.975482e+01,,
20149,9.559669e+02,,
20150,7.858779e+02,,
20151,1.021970e+01,,
20152,3.096271e+01,,
20153,7.804504e+01,,
20154,4.656758e+01,,
20155,1.571669e+02,,
20156,1.801975e+02,,
20157,1.497658e+03,,
20158,2.837763e+01,,
20159,1.154921e+02,,
20160,3.210289e+01,,
20161,3.354630e+03,,
20162,2.642679e+01,,
20163,1.135476e+01,,
20164,8.649605e+01,,
20165,1.752888e+02,,
20166,3.323337e+03,,
20167,3.004805e+03,,
20168,2.980003e+04,,
20169,3.627955e+02,,
20170,9.161019e+01,,
20171,4.434548e+01,,
20172,3.845785e+01,,
20173,2.524414e+01,,
20174,1.803821e+01,,
20175,8.566380e+00,,
20176,1.368413e+01,,
20177,3.497890e+01,,
20178,5.083146e+01,,
20179,5.684870e+01,,
20180,6.182381e+01,,
20181,3.456697e+01,,
20182,6.327299e+02,,
20183,4.223787e+00,,
20184,2.356294e+02,,
20185,1.317181e+01,,
20186,3.740141e+00,,
20187,1.184132e+02,,
20188,1.092134e+03,,
20189,2.134009e+01,,
20190,1.568024e+01,,
20191,6.750745e+01,,
20192,1.906258e+01,,
20193,7.454407e+00,,
20194,2.013767e+01,,
20195,6.756831e+00,,
20196,1.045603e+01,,
20197,1.218459e+01,,
20198,1.437822e+02,,
20199,3.907544e+01,,
20200,7.617488e+01,,
20201,9.050337e+00,,
20202,2.338670e+01,,
20203,6.680187e+01,,
20204,2.101289e+03,,
20205,3.885912e+02,,
20206,5.149850e+02,,
20207,2.333137e+02,,
20208,4.764785e+02,,
20209,4.744352e+03,,
20210,4.871008e+02,,
20211,9.754966e+00,,
20212,6.204326e+01,,
20213,1.915643e+03,,
20214,1.252290e+03,,
20215,1.487717e+02,,
20216,1.614727e+02,,
20217,3.705988e+01,,
20218,1.391157e+02,,
20219,4.448480e+02,,
20220,2.332284e+02,,
20221,9.771226e+03,,
20222,1.198084e+02,,
20223,4.801304e+01,,
20224,3.183803e+02,,
20225,2.073994e+02,,
20226,7.152520e+00,,
20227,6.309453e+00,,
20228,9.712447e+01,,
20229,2.625391e+02,,
20230,5.748175e+01,,
20231,7.027093e+01,,
20232,3.659610e+01,,
20233,5.339071e+03,,
20234,8.884410e+02,,
20235,1.356128e+02,,
20236,4.143536e+02,,
20237,4.728042e+02,,
20238,5.672312e+01,,
20239,1.914696e+02,,
20240,2.243668e+01,,
20241,6.336118e+01,,
20242,5.167499e+02,,
20243,1.470124e+03,,
20244,4.981569e+02,,
20245,1.058945e+03,,
20246,5.615458e+01,,
20247,1.346651e+02,,
20248,2.887095e+02,,
20249,2.756022e+03,,
20250,1.072051e+01,,
20251,5.324037e+02,,
20252,1.497328e+03,,
20253,1.219080e+04,,
20254,1.394484e+03,,
20255,1.266895e+03,,
20256,1.476422e+02,,
20257,5.889402e+01,,
20258,9.294975e+01,,
20259,7.691364e+01,,
20260,2.667850e+01,,
20261,3.248744e+02,,
20262,1.779949e+02,,
20263,9.220633e+01,,
20264,4.676158e+01,,
20265,1.983653e+03,,
20266,3.656444e+01,,
20267,3.859191e+01,,
20268,6.316200e+01,,
20269,1.627908e+03,,
20270,2.971141e+02,,
20271,4.000359e+01,,
20272,1.921712e+02,,
20273,7.117996e+01,,
20274,4.133473e+01,,
20275,7.334414e+01,,
20276,3.245552e+01,,
20277,1.667611e+03,,
20278,1.508194e+02,,
20279,3.666872e+02,,
20280,2.662750e+03,,
20281,5.938022e+01,,
20282,8.562631e+00,,
20283,8.719147e+00,,
20284,7.974803e-01,,
20285,7.537225e+00,,
20286,2.947556e+00,,
20287,7.079462e+00,,
20288,5.161646e+00,,
20289,1.024745e+00,,
20290,2.823982e+01,,
20291,6.745613e+00,,
20292,1.054497e+00,,
20293,7.333680e+01,,
20294,2.434681e+02,,
20295,1.471785e+02,,
20296,1.477848e+02,,
20297,2.669649e+01,,
20298,1.369945e+02,,
20299,8.586287e+01,,
20300,1.761015e+01,,
20301,2.736949e+01,,
20302,1.483404e+01,,
20303,1.038010e+01,,
20304,1.247081e+01,,
20305,2.057946e+03,,
20306,5.698023e+02,,
20307,4.344777e+01,,
20308,2.442137e+00,,
20309,2.161390e+00,,
20310,1.154491e+02,,
20311,1.974993e+02,,
20312,2.016140e+01,,
20313,5.521691e+01,,
20314,3.288823e+02,,
20315,7.547495e+01,,
20316,7.051254e+01,,
20317,4.835500e+02,,
20318,2.174184e+01,,
20319,3.972151e+01,,
20320,1.609859e+02,,
20321,3.543162e+01,,
20322,4.380602e+03,,
20323,7.097760e+02,,
20324,2.037897e+03,,
20325,1.627671e+02,,
20326,1.911000e+00,,
20327,3.098858e+01,,
20328,6.270362e+01,,
20329,5.264573e+00,,
20330,1.393203e+02,,
20331,3.578259e+01,,
20332,1.530878e+01,,
20333,3.261642e+02,,
20334,3.646038e+02,,
20335,1.403020e+03,,
20336,4.981893e+01,,
20337,1.177647e+01,,
20338,1.335914e+01,,
20339,1.726863e+00,,
20340,1.781217e+00,,
20341,1.932253e+01,,
20342,5.593338e+00,,
20343,2.047542e+01,,
20344,1.850660e+01,,
20345,3.447436e+01,,
20346,9.832029e+01,,
20347,2.078482e+01,,
20348,2.266639e+01,,
20349,8.112328e+02,,
20350,1.042555e+02,,
20351,1.638824e+03,,
20352,1.404035e+03,,
20353,7.040341e+02,,
20354,2.421512e+01,,
20355,1.220820e+02,,
20356,1.130445e+02,,
20357,1.066413e+02,,
20358,1.964724e+04,,
20359,5.156059e+02,,
20360,3.983052e+02,,
20361,2.137946e+02,,
20362,9.872177e+02,,
20363,4.878732e+03,,
20364,1.402541e+03,,
20365,1.777977e+04,,
20366,3.258058e+04,,
20367,2.029445e+03,,
20368,1.588936e+03,,
20369,3.133265e+02,,
20370,2.121223e+03,,
20371,4.062140e+02,,
20372,3.968546e+03,,
20373,8.889355e+02,,
20374,2.453594e+02,,
20375,7.621879e+02,,
20376,1.510070e+03,,
20377,6.663696e+03,,
20378,1.164038e+03,,
20379,2.531044e+03,,
20380,1.320352e+04,,
20381,3.363943e+03,,
20382,1.067682e+03,,
20383,1.800432e+02,,
20384,2.348860e+02,,
20385,9.514855e+02,,
20386,4.958663e+02,,
20387,5.742818e+02,,
20388,2.232091e+03,,
20389,4.697620e+02,,
20390,2.662998e+04,,
20391,2.165119e+03,,
20392,7.868734e+02,,
20393,4.773499e+04,,
20394,1.415277e+04,,
20395,2.209343e+03,,
20396,1.859856e+03,,
20397,3.784299e+04,,
20398,5.596077e+01,,
20399,7.492474e+01,,
20400,1.898288e+01,,
20401,1.262602e+03,,
20402,9.709278e+02,,
20403,1.320712e+02,,
20404,1.141474e+03,,
20405,1.947717e+02,,
20406,2.956512e+02,,
20407,1.571364e+03,,
20408,1.409206e+04,,
20409,2.605844e+04,,
20410,5.821580e+02,,
20411,5.704573e+02,,
20412,5.365073e+01,,
20413,8.635819e+03,,
20414,1.488282e+03,,
20415,1.073499e+03,,
20416,3.029243e+03,,
20417,2.145603e+04,,
20418,7.683611e+02,,
20419,2.600425e+02,,
20420,9.284438e+01,,
20421,3.665518e+02,,
20422,1.299135e+02,,
20423,2.354447e+02,,
20424,6.586577e+03,,
20425,1.756150e+03,,
20426,4.709708e+03,,
20427,1.901945e+02,,
20428,9.919844e+01,,
20429,2.631048e+03,,
20430,5.792096e+02,,
20431,4.690667e+03,,
20432,2.081280e+02,,
20433,1.788891e+02,,
20434,7.592519e+02,,
20435,5.560238e+02,,
20436,1.208677e+03,,
20437,9.818750e+02,,
20438,1.836309e+02,,
20439,6.712285e+01,,
20440,3.528770e+02,,
20441,3.030641e+02,,
20442,2.633104e+03,,
20443,5.201701e+02,,
20444,4.252616e+02,,
20445,6.987480e+01,,
20446,7.462305e+02,,
20447,9.197354e+02,,
20448,1.280004e+03,,
20449,2.394947e+03,,
20450,4.125932e+03,,
20451,1.101205e+03,,
20452,1.925830e+02,,
20453,4.984298e+03,,
20454,4.552461e+02,,
20455,4.935818e+01,,
20456,6.321388e+02,,
20457,3.563833e+02,,
20458,2.974219e+02,,
20459,1.766409e+02,,
20460,4.110285e+02,,
20461,1.563835e+03,,
20462,1.560464e+02,,
20463,5.984289e+03,,
20464,3.683767e+01,,
20465,3.284263e+01,,
20466,5.549415e+01,,
20467,2.226876e+02,,
20468,2.778902e+01,,
20469,3.936066e+02,,
20470,4.783704e+01,,
20471,4.542608e+01,,
20472,3.636268e+02,,
20473,3.426260e+03,,
20474,1.378275e+04,,
20475,4.180468e+03,,
20476,1.338058e+02,,
20477,3.863320e+02,,
20478,2.351709e+03,,
20479,4.003063e+02,,
20480,7.006472e+01,,
20481,2.540061e+04,,
20482,5.013031e+04,,
20483,4.572529e+03,,
20484,2.044183e+04,,
20485,3.720468e+04,,
20486,7.626983e+02,,
20487,6.737214e+02,,
20488,4.023333e+02,,
20489,9.540381e+02,,
20490,2.512486e+04,,
20491,2.157230e+04,,
20492,1.442029e+04,,
20493,5.066468e+03,,
20494,1.132673e+05,,
20495,6.547768e+03,,
20496,6.318016e+04,,
20497,2.788120e+04,,
20498,2.179681e+04,,
20499,3.337848e+05,,
20500,1.240460e+04,,
20501,5.941609e+03,,
20502,1.254467e+04,,
20503,6.000835e+02,,
20504,1.726132e+04,,
20505,5.083916e+01,,
20506,3.581388e+02,,
20507,5.371015e+02,,
20508,5.967715e+03,,
20509,3.510366e+04,,
20510,8.460931e+03,,
20511,1.175490e+04,,
20512,8.345726e+03,,
20513,9.449254e+03,,
20514,5.290140e+02,,
20515,8.300080e+03,,
20516,4.163142e+03,,
20517,1.815508e+03,,
20518,7.639869e+03,,
20519,5.951759e+02,,
20520,5.445521e+02,,
20521,2.640503e+02,,
20522,5.731582e+03,,
20523,5.632146e+03,,
20524,7.376220e+02,,
20525,8.498561e+01,,
20526,2.886464e+02,,
20527,2.811058e+03,,
20528,8.493047e+00,,
20529,1.196899e+01,,
20530,6.638252e+00,,
20531,1.052593e+01,,
20532,3.799305e+00,,
20533,1.022871e+02,,
20534,3.109124e+01,,
20535,1.141985e+02,,
20536,8.672101e-01,,
20537,4.137811e-01,,
20538,6.960655e-01,,
20539,2.224371e+01,,
20540,1.251279e+00,,
20541,1.876511e+02,,
20542,2.985011e+01,,
20543,6.410368e+01,,
20544,9.390870e+01,,
20545,2.725232e+02,,
20546,4.059836e+02,,
20547,1.451516e+01,,
20548,1.702404e+01,,
20549,1.336434e+00,,
20550,6.242946e+01,,
20551,5.640038e+01,,
20552,9.390913e+01,,
20553,4.284096e+01,,
20554,5.723508e+01,,
20555,5.729747e+01,,
20556,1.908319e+02,,
20557,9.980901e+00,,
20558,2.868083e+01,,
20559,9.540506e+00,,
20560,1.893783e+02,,
20561,4.660075e+00,,
20562,8.122664e+01,,
20563,7.420099e+02,,
20564,6.362381e+02,,
20565,1.868599e+00,,
20566,9.972560e+00,,
20567,5.083834e+00,,
20568,1.246914e+02,,
20569,3.830650e-01,,
20570,1.017367e+01,,
20571,2.818092e+00,,
20572,3.306232e+00,,
20573,8.785473e+00,,
20574,7.965945e+00,,
20575,3.959941e+00,,
20576,2.107858e-01,,
20577,1.867962e-01,,
20578,3.415898e+00,,
20579,9.983918e+00,,
20580,9.944293e+00,,
20581,1.822009e+00,,
20582,6.011561e-01,,
20583,6.294084e-01,,
20584,1.647708e+00,,
20585,2.330835e+00,,
20586,1.857629e+00,,
20587,1.698389e+02,,
20588,1.109132e+01,,
20589,2.104062e+00,,
20590,6.741604e+00,,
20591,8.789345e-01,,
20592,1.558373e+00,,
20593,4.602033e+01,,
20594,1.535451e+01,,
20595,6.652798e+00,,
20596,6.437984e+01,,
20597,8.583233e+00,,
20598,2.866871e+00,,
20599,3.532424e-01,,
20600,1.000130e+01,,
20601,6.059214e+00,,
20602,1.832184e+02,,
20603,3.473366e+01,,
20604,8.517774e+00,,
20605,9.730884e+00,,
20606,5.746011e+00,,
20607,1.376060e+01,,
20608,8.669167e+01,,
20609,2.271168e+01,,
20610,4.705283e+01,,
20611,5.682381e+01,,
20612,2.329632e+01,,
20613,5.045950e+01,,
20614,6.150983e+00,,
20615,1.087110e+02,,
20616,1.669457e+02,,
20617,1.686330e+03,,
20618,6.805375e+01,,
20619,3.441981e+00,,
20620,9.350800e+00,,
20621,7.394391e+01,,
20622,3.559302e+02,,
20623,7.631606e+00,,
20624,1.361035e+01,,
20625,3.729304e+00,,
20626,2.811321e+00,,
20627,8.665798e+00,,
20628,9.055239e+00,,
20629,3.674476e+00,,
20630,2.526846e-01,,
20631,9.929024e-01,,
20632,4.498213e-01,,
20633,3.481292e-01,,
20634,9.932203e+00,,
20635,3.388352e+01,,
20636,3.958977e+00,,
20637,4.169144e+00,,
20638,2.304364e+00,,
20639,1.955405e-01,,
20640,9.294157e-02,,
20641,1.090940e+00,,
20642,2.760492e-01,,
20643,1.461318e+00,,
20644,6.867422e-01,,
20645,6.002515e+00,,
20646,3.545354e-01,,
20647,5.684405e-01,,
20648,1.771867e-01,,
20649,1.197287e+01,,
20650,1.976358e-01,,
20651,1.018002e+01,,
20652,2.730793e+00,,
20653,1.815499e+00,,
20654,3.249711e+00,,
20655,1.586255e+00,,
20656,4.406942e-01,,
20657,6.100763e+00,,
20658,4.037284e+01,,
20659,1.988529e+00,,
20660,2.723853e+00,,
20661,1.838705e+00,,
20662,8.434633e+00,,
20663,1.960907e-01,,
20664,2.874413e-01,,
20665,2.214303e-01,,
20666,1.300382e+00,,
20667,2.083423e-01,,
20668,1.279541e-01,,
20669,5.967079e+00,,
20670,7.913548e+00,,
20671,2.050725e+00,,
20672,6.277830e+00,,
20673,1.021395e+01,,
20674,3.040964e+00,,
20675,4.454620e-01,,
20676,4.268222e-01,,
20677,4.097699e-01,,
20678,8.750583e+00,,
20679,2.303844e+01,,
20680,1.484039e+00,,
20681,1.100524e+01,,
20682,2.687439e+00,,
20683,2.395400e-01,,
20684,2.177789e-01,,
20685,2.674621e+01,,
20686,7.865891e+00,,
20687,2.510957e+00,,
20688,1.171773e+01,,
20689,3.754201e+00,,
20690,6.747969e+00,,
20691,5.445200e+00,,
20692,5.548628e+00,,
20693,1.602127e+01,,
20694,9.617082e+00,,
20695,7.756653e+00,,
20696,1.420687e+02,,
20697,1.415330e+02,,
20698,3.409080e+01,,
20699,8.758305e+00,,
20700,4.580109e+01,,
20701,1.909075e+02,,
20702,2.489040e+01,,
20703,7.496676e+01,,
20704,1.312081e+00,,
20705,4.748407e-01,,
20706,8.004483e-01,,
20707,3.400593e+00,,
20708,2.674676e+00,,
20709,1.139839e+00,,
20710,1.717568e-01,,
20711,6.840380e+00,,
20712,4.952618e-01,,
20713,1.064169e+00,,
20714,1.914422e+01,,
20715,3.808371e+00,,
20716,2.183949e+01,,
20717,1.083707e+02,,
20718,2.669392e+01,,
20719,9.518632e+00,,
20720,3.274870e+00,,
20721,4.408017e+00,,
20722,4.310361e+00,,
20723,1.750837e-01,,
20724,3.921211e+00,,
20725,6.717457e+00,,
20726,6.041861e-01,,
20727,1.442346e+00,,
20728,2.138449e+00,,
20729,1.340097e-01,,
20730,7.601870e-02,,
20731,7.870954e-01,,
20732,2.241370e+00,,
20733,2.557044e+01,,
20734,6.901292e+00,,
20735,6.149441e+00,,
20736,1.813193e+00,,
20737,1.082749e-01,,
20738,1.002923e-01,,
20739,1.283336e-01,,
20740,3.907930e+00,,
20741,4.193598e+00,,
20742,6.804230e+00,,
20743,1.385773e+00,,
20744,9.898714e-02,,
20745,2.065573e+00,,
20746,1.160504e-01,,
20747,8.589651e-02,,
20748,4.013201e-01,,
20749,6.514712e-02,,
20750,1.085300e+00,,
20751,2.852513e+01,,
20752,1.757471e+01,,
20753,2.798598e+01,,
20754,9.786028e-01,,
20755,4.558972e+00,,
20756,1.038125e-01,,
20757,3.977817e-01,,
20758,1.060134e+00,,
20759,4.877153e+00,,
20760,6.425813e-01,,
20761,2.762135e-01,,
20762,5.517580e-01,,
20763,7.654643e-02,,
20764,1.973611e-01,,
20765,4.201146e-01,,
20766,1.082345e+00,,
20767,1.673863e-01,,
20768,2.383072e+01,,
20769,5.478309e-01,,
20770,5.417294e-01,,
20771,1.809561e+00,,
20772,2.341965e+01,,
20773,4.323846e+00,,
20774,9.964274e+00,,
20775,2.748038e+00,,
20776,1.583037e-01,,
20777,5.635369e-01,,
20778,8.828048e+00,,
20779,6.963792e-01,,
20780,6.669657e-02,,
20781,9.897544e-01,,
20782,6.555269e-02,,
20783,2.058550e-02,,
20784,1.925739e-01,,
20785,1.222994e+00,,
20786,2.524804e+00,,
20787,7.809924e-02,,
20788,3.004901e-01,,
20789,2.899929e+00,,
20790,1.960151e-01,,
20791,1.759809e-01,,
20792,3.406253e-02,,
20793,9.120311e-01,,
20794,4.806128e+00,,
20795,1.519339e+00,,
20796,1.210833e+00,,
20797,4.523962e+01,,
20798,7.373968e+00,,
20799,1.647230e+00,,
20800,2.221766e+00,,
20801,2.736297e-02,,
20802,5.211386e+01,,
20803,2.256867e+01,,
20804,5.426978e+02,,
20805,6.130568e+01,,
20806,7.113350e+02,,
20807,3.574791e+01,,
20808,5.572411e+01,,
20809,6.174419e+00,,
20810,9.656171e+00,,
20811,3.397876e+01,,
20812,2.557130e+01,,
20813,7.071386e+00,,
20814,4.668422e+00,,
20815,3.429984e+02,,
20816,1.819289e+03,,
20817,1.905874e+01,,
20818,1.428724e+02,,
20819,1.110966e+03,,
20820,7.847593e+02,,
20821,1.777520e+01,,
20822,8.249523e+00,,
20823,8.742722e+01,,
20824,6.042863e+01,,
20825,2.245443e+01,,
20826,1.911797e+00,,
20827,7.632178e+00,,
20828,3.721181e+01,,
20829,1.072117e+01,,
20830,6.198613e+01,,
20831,4.696295e+00,,
20832,1.401590e+01,,
20833,2.309836e+00,,
20834,4.250828e+01,,
20835,1.819580e+01,,
20836,2.133888e+01,,
20837,2.910885e+01,,
20838,2.276993e+01,,
20839,5.435887e+00,,
20840,3.497262e+02,,
20841,2.551176e+00,,
20842,2.987640e+01,,
20843,2.975930e+00,,
20844,2.836183e+01,,
20845,1.583039e+00,,
20846,6.849633e-01,,
20847,1.432156e+00,,
20848,1.398105e+00,,
20849,1.198639e+02,,
20850,1.706828e+02,,
20851,1.723893e+02,,
20852,4.057412e+02,,
20853,7.071125e+00,,
20854,3.672584e+01,,
20855,2.752036e+02,,
20856,1.506065e+01,,
20857,1.407964e+01,,
20858,2.625605e+01,,
20859,7.777733e+01,,
20860,4.831459e+00,,
20861,1.459291e+02,,
20862,4.482523e+01,,
20863,1.503333e+00,,
20864,8.436755e+00,,
20865,4.034977e+00,,
20866,1.321091e+00,,
20867,8.019931e-01,,
20868,1.237782e+00,,
20869,1.131117e+02,,
20870,5.914322e+01,,
20871,2.423575e+01,,
20872,1.136825e+01,,
20873,3.764073e+00,,
20874,5.420768e+00,,
20875,6.369092e+01,,
20876,4.362589e+01,,
20877,1.961975e+02,,
20878,1.104172e+02,,
20879,3.633713e+01,,
20880,1.171915e+01,,
20881,3.000967e+01,,
20882,4.272845e+00,,
20883,1.709491e+01,,
20884,5.724102e+00,,
20885,2.161313e+02,,
20886,7.072814e+02,,
20887,1.777714e+02,,
20888,4.109181e+01,,
20889,5.628811e+01,,
20890,5.038189e+01,,
20891,5.298667e+02,,
20892,2.880445e+03,,
20893,3.892177e+03,,
20894,6.874469e+03,,
20895,1.124745e+02,,
20896,1.923097e+03,,
20897,6.490854e+01,,
20898,5.622711e+02,,
20899,8.963537e+02,,
20900,9.885576e+02,,
20901,1.235469e+04,,
20902,2.419885e+03,,
20903,4.627814e+02,,
20904,1.739509e+03,,
20905,2.841108e+02,,
20906,6.322592e+01,,
20907,2.078838e+02,,
20908,5.201039e+02,,
20909,3.810977e+03,,
20910,5.144599e+02,,
20911,2.995308e+03,,
20912,8.261970e+02,,
20913,4.595817e+03,,
20914,1.853939e+01,,
20915,1.183050e+03,,
20916,1.503916e+03,,
20917,4.258891e+02,,
20918,1.004824e+04,,
20919,2.126192e+01,,
20920,1.648418e+02,,
20921,4.739483e+01,,
20922,7.646279e+01,,
20923,7.585229e+02,,
20924,1.260048e+01,,
20925,1.014632e+02,,
20926,4.253985e+02,,
20927,1.359711e+03,,
20928,2.308214e+02,,
20929,6.405408e+02,,
20930,2.088938e+02,,
20931,9.108458e+02,,
20932,2.506520e+02,,
20933,2.663141e+04,,
20934,5.248923e+03,,
20935,2.645397e+03,,
20936,1.123127e+04,,
20937,1.009480e+02,,
20938,3.815185e+02,,
20939,4.464067e+01,,
20940,1.276812e+01,,
20941,3.616446e+02,,
20942,7.362178e+02,,
20943,5.306974e+01,,
20944,5.759593e+01,,
20945,8.390232e+01,,
20946,1.034088e+03,,
20947,6.395921e+03,,
20948,2.733460e+02,,
20949,4.630113e+02,,
20950,4.789973e+03,,
20951,4.629724e+02,,
20952,1.773700e+03,,
20953,2.969696e+02,,
20954,5.630041e+01,,
20955,3.882119e+02,,
20956,3.296854e+01,,
20957,9.416554e+00,,
20958,1.961633e+03,,
20959,1.661620e+03,,
20960,1.454797e+01,,
20961,2.708810e+01,,
20962,4.539864e+01,,
20963,4.553290e+01,,
20964,1.240583e+03,,
20965,3.516664e+02,,
20966,1.293104e+02,,
20967,7.238730e+01,,
20968,9.099438e+00,,
20969,8.912888e+00,,
20970,6.550191e+00,,
20971,1.938827e+01,,
20972,3.339896e+02,,
20973,5.611369e+02,,
20974,7.990970e+03,,
20975,6.260709e+03,,
20976,4.214820e+01,,
20977,2.244673e+01,,
20978,3.370191e+01,,
20979,2.077367e+00,,
20980,3.194754e+00,,
20981,1.249058e+01,,
20982,2.162227e+00,,
20983,3.245057e+00,,
20984,3.196146e+01,,
20985,9.865427e+00,,
20986,4.125027e+00,,
20987,1.420424e+00,,
20988,6.280139e+01,,
20989,6.586163e+01,,
20990,1.120382e+02,,
20991,3.964920e+02,,
20992,6.529055e+01,,
20993,9.069963e+01,,
20994,2.132166e+02,,
20995,1.137981e+01,,
20996,3.076156e+01,,
20997,4.015282e+02,,
20998,1.789901e+02,,
20999,1.333289e+02,,
21000,8.753286e+01,,
21001,1.563719e+01,,
21002,9.004559e+02,,
21003,6.849608e+02,,
21004,8.920425e+02,,
21005,1.951753e+03,,
21006,7.177655e+02,,
21007,3.087543e+02,,
21008,3.891374e+01,,
21009,1.303891e+02,,
21010,1.841962e+02,,
21011,6.610569e+01,,
21012,3.516721e+00,,
21013,2.364387e+01,,
21014,1.896031e+01,,
21015,1.041252e+02,,
21016,2.602047e+01,,
21017,3.198701e+00,,
21018,1.752961e+01,,
21019,4.646492e+00,,
21020,2.688241e+01,,
21021,1.709583e+00,,
21022,6.327026e+01,,
21023,9.635730e+00,,
21024,1.339666e+01,,
21025,4.474941e+01,,
21026,1.121193e+01,,
21027,3.696708e+00,,
21028,1.498436e+01,,
21029,3.672308e+00,,
21030,1.011979e+01,,
21031,7.190882e+00,,
21032,2.025843e+00,,
21033,1.777927e+01,,
21034,2.102042e+00,,
21035,1.136685e+01,,
21036,3.948359e+00,,
21037,1.891992e+01,,
21038,6.404705e+00,,
21039,6.568969e+01,,
21040,7.343585e+01,,
21041,8.148491e-01,,
21042,1.081376e+00,,
21043,2.182919e+00,,
21044,1.059745e+00,,
21045,6.571728e+00,,
21046,1.031467e+02,,
21047,4.855272e+01,,
21048,5.199895e+01,,
21049,1.189796e+00,,
21050,5.343428e+01,,
21051,6.984061e+00,,
21052,3.094122e-01,,
21053,3.806097e+00,,
21054,7.137728e+01,,
21055,1.422844e+01,,
21056,1.574667e+01,,
21057,7.523041e+01,,
21058,1.169308e+01,,
21059,1.530817e+01,,
21060,1.417148e+01,,
21061,2.402797e+00,,
21062,5.392618e+01,,
21063,1.785575e+02,,
21064,2.170375e+01,,
21065,5.809755e+01,,
21066,5.072403e+02,,
21067,1.537431e+02,,
21068,4.798138e+02,,
21069,8.152848e-01,,
21070,4.413641e+01,,
21071,3.011548e+02,,
21072,1.443023e+02,,
21073,1.639651e+02,,
21074,2.770240e+01,,
21075,3.647541e+01,,
21076,2.890032e+02,,
21077,3.114151e+01,,
21078,5.248352e+01,,
21079,7.964199e+00,,
21080,1.443532e+00,,
21081,1.814399e+02,,
21082,4.200180e+00,,
21083,2.578631e+01,,
21084,4.603591e+00,,
21085,3.331919e+01,,
21086,3.157265e+01,,
21087,1.936543e+02,,
21088,3.820865e+01,,
21089,4.442896e+00,,
21090,8.409847e+00,,
21091,3.103381e+01,,
21092,1.449691e+02,,
21093,6.375627e+01,,
21094,1.364899e+02,,
21095,3.069657e+01,,
21096,2.426082e+01,,
21097,3.252691e+01,,
21098,2.374162e+00,,
21099,2.280934e+01,,
21100,5.788298e+00,,
21101,4.522417e+00,,
21102,1.631036e+01,,
21103,2.652951e+01,,
21104,1.645886e-01,,
21105,1.003871e+01,,
21106,3.167083e+00,,
21107,3.605400e+01,,
21108,5.974972e+00,,
21109,7.667144e-01,,
21110,2.792624e+00,,
21111,5.206969e+00,,
21112,5.503223e+00,,
21113,2.026604e+01,,
21114,1.893137e+02,,
21115,3.289221e+02,,
21116,1.422390e+02,,
21117,4.051568e+02,,
21118,9.792084e+01,,
21119,8.635866e+01,,
21120,2.224309e+01,,
21121,3.699438e+00,,
21122,2.113822e+01,,
21123,4.362107e+00,,
21124,4.087411e+01,,
21125,5.618706e+01,,
21126,8.257443e+01,,
21127,2.472994e+01,,
21128,3.274534e+01,,
21129,6.749562e-01,,
21130,6.181690e+00,,
21131,1.087952e+00,,
21132,2.150962e+01,,
21133,8.712733e+02,,
21134,3.051323e+02,,
21135,6.556761e+00,,
21136,7.235461e+00,,
21137,9.896325e+00,,
21138,8.390274e+00,,
21139,2.402672e-01,,
21140,7.771315e-01,,
21141,8.963483e+00,,
21142,6.027280e+01,,
21143,4.523517e-01,,
21144,5.145041e-01,,
21145,2.694278e-01,,
21146,9.633767e-01,,
21147,3.920251e-01,,
21148,1.183979e+00,,
21149,3.530456e+00,,
21150,7.373335e-01,,
21151,3.350171e-01,,
21152,1.111164e+01,,
21153,8.209782e+00,,
21154,1.967523e+01,,
21155,7.988999e-01,,
21156,3.509047e+00,,
21157,1.171797e+01,,
21158,4.599009e+01,,
21159,7.610900e-01,,
21160,3.378837e+00,,
21161,4.814188e+00,,
21162,6.152479e+00,,
21163,5.818126e+01,,
21164,1.614403e+01,,
21165,1.365526e+01,,
21166,1.100891e+01,,
21167,6.930534e+01,,
21168,3.775539e+01,,
21169,5.660745e+01,,
21170,3.847290e+02,,
21171,8.970432e+01,,
21172,1.050479e+02,,
21173,2.405181e+01,,
21174,2.234513e+01,,
21175,1.645638e+02,,
21176,2.721507e+01,,
21177,1.793156e+02,,
21178,1.782290e+00,,
21179,1.170611e+01,,
21180,2.785142e+00,,
21181,2.632422e+00,,
21182,2.721525e+02,,
21183,4.388145e+01,,
21184,1.561696e+02,,
21185,4.950984e+01,,
21186,1.895076e+02,,
21187,4.743879e+02,,
21188,2.364178e+02,,
21189,3.865881e+01,,
21190,2.182041e+00,,
21191,2.842344e+02,,
21192,1.858509e+00,,
21193,3.383984e+00,,
21194,1.037563e+00,,
21195,1.274520e+02,,
21196,1.142498e+01,,
21197,8.920038e-01,,
21198,1.559167e+00,,
21199,1.190698e+00,,
21200,1.344413e+00,,
21201,9.990164e+00,,
21202,2.385446e+00,,
21203,1.660997e+00,,
21204,2.160422e+00,,
21205,1.165927e+00,,
21206,7.466611e+00,,
21207,6.866351e+00,,
21208,1.747505e+00,,
21209,1.586744e+00,,
21210,6.240650e+00,,
21211,3.010050e+01,,
21212,3.413187e+00,,
21213,1.299902e+00,,
21214,8.908964e+00,,
21215,9.799627e+01,,
21216,5.375186e-01,,
21217,1.196978e+01,,
21218,1.642739e+00,,
21219,2.803971e+00,,
21220,3.316850e+00,,
21221,4.418061e+01,,
21222,1.403065e+02,,
21223,4.045989e+01,,
21224,2.981034e+02,,
21225,1.394777e+01,,
21226,8.414943e+00,,
21227,1.428882e+01,,
21228,1.858217e+02,,
21229,1.113218e+01,,
21230,5.325819e+02,,
21231,5.056807e+02,,
21232,1.360800e+01,,
21233,1.197986e+02,,
21234,3.918807e+02,,
21235,2.431070e+02,,
21236,2.262557e+01,,
21237,1.169817e+02,,
21238,1.797882e+02,,
21239,1.448143e+01,,
21240,4.481686e+02,,
21241,4.165505e+02,,
21242,3.000966e+02,,
21243,1.045562e+02,,
21244,7.997173e+01,,
21245,9.551510e+00,,
21246,5.853034e+01,,
21247,1.272802e+01,,
21248,3.086449e+01,,
21249,2.442343e+02,,
21250,2.349514e+02,,
21251,1.914015e+03,,
21252,5.834438e+01,,
21253,2.964815e+02,,
21254,8.472516e+01,,
21255,1.770202e+00,,
21256,2.883580e+01,,
21257,7.214832e+00,,
21258,4.785442e+00,,
21259,7.934450e+01,,
21260,3.082920e+00,,
21261,3.839339e-01,,
21262,1.289604e-01,,
21263,7.736675e-02,,
21264,2.913820e-01,,
21265,2.863415e-01,,
21266,6.402794e-01,,
21267,5.478005e-01,,
21268,1.984660e+00,,
21269,3.573107e-01,,
21270,2.581258e+00,,
21271,4.464776e-01,,
21272,7.305707e-02,,
21273,8.689425e-02,,
21274,5.279086e-02,,
21275,4.285150e-01,,
21276,3.027863e+00,,
21277,3.279794e-01,,
21278,1.581730e+00,,
21279,5.004867e+00,,
21280,2.264545e+00,,
21281,1.686142e-01,,
21282,1.715409e+00,,
21283,1.865695e+01,,
21284,3.185893e+01,,
21285,6.722253e+00,,
21286,6.593319e+00,,
21287,3.730605e+00,,
21288,9.855525e+00,,
21289,7.309097e+00,,
21290,2.993427e+01,,
21291,6.538551e+00,,
21292,2.378565e+00,,
21293,5.211123e+00,,
21294,5.280069e+00,,
21295,3.572636e+01,,
21296,4.138086e+00,,
21297,1.199468e+01,,
21298,3.558875e+00,,
21299,1.221658e+00,,
21300,7.169470e-01,,
21301,2.970796e+01,,
21302,5.346831e+01,,
21303,2.073949e+01,,
21304,2.090908e+01,,
21305,1.622231e+00,,
21306,4.295197e+00,,
21307,1.340474e+01,,
21308,1.297093e+02,,
21309,1.600211e+02,,
21310,3.184743e+02,,
21311,3.763009e+01,,
21312,5.181355e+00,,
21313,5.426357e+01,,
21314,3.570298e+01,,
21315,3.829389e+00,,
21316,1.086362e+00,,
21317,4.760023e+01,,
21318,1.873926e+00,,
21319,3.055699e+00,,
21320,1.154488e+00,,
21321,4.727001e+00,,
21322,2.515584e+00,,
21323,3.213509e+01,,
21324,3.921773e+00,,
21325,4.426310e+00,,
21326,1.937991e+00,,
21327,3.762211e-01,,
21328,3.393300e+00,,
21329,1.711366e+01,,
21330,2.549172e+01,,
21331,3.551499e+01,,
21332,1.364605e+01,,
21333,1.859117e+02,,
21334,3.308158e+03,,
21335,3.360014e+02,,
21336,1.196953e+01,,
21337,4.951628e+00,,
21338,2.973448e+00,,
21339,1.367966e+01,,
21340,6.168160e+02,,
21341,4.381148e+02,,
21342,1.098980e+03,,
21343,8.532956e+00,,
21344,1.000705e+02,,
21345,1.359825e+02,,
21346,4.852061e+02,,
21347,1.372696e+01,,
21348,2.958771e+00,,
21349,1.923324e+00,,
21350,2.623839e+00,,
21351,8.654687e+00,,
21352,2.373716e+00,,
21353,1.013503e+00,,
21354,8.649344e-01,,
21355,3.154430e+00,,
21356,6.043148e+01,,
21357,8.308590e+01,,
21358,1.135058e+02,,
21359,8.849506e+00,,
21360,7.285377e+00,,
21361,2.687898e-01,,
21362,7.540305e-01,,
21363,1.269507e+00,,
21364,8.748955e-01,,
21365,2.577432e+01,,
21366,3.288293e+01,,
21367,2.450971e+00,,
21368,1.831735e+01,,
21369,4.850468e+00,,
21370,3.357588e+01,,
21371,1.916154e+02,,
21372,1.163307e+02,,
21373,7.309847e+00,,
21374,9.790427e-01,,
21375,1.711473e+01,,
21376,5.591640e+00,,
21377,5.110881e+00,,
21378,7.500514e+00,,
21379,3.910110e+00,,
21380,7.163640e+00,,
21381,7.956274e+00,,
21382,8.727211e+00,,
21383,9.518473e+00,,
21384,9.149611e+00,,
21385,1.090261e+02,,
21386,6.065464e+00,,
21387,6.205486e+00,,
21388,1.321166e+02,,
21389,2.923147e+01,,
21390,3.555379e+01,,
21391,1.009929e+01,,
21392,5.870363e+00,,
21393,1.212624e+01,,
21394,4.245203e+00,,
21395,3.456149e-01,,
21396,3.305404e-01,,
21397,9.457538e+00,,
21398,1.584991e+00,,
21399,1.126643e-01,,
21400,1.484745e+00,,
21401,2.186144e+00,,
21402,6.057228e+00,,
21403,1.249707e+00,,
21404,1.411460e-01,,
21405,1.235180e+00,,
21406,1.245911e+00,,
21407,6.802183e-02,,
21408,4.868950e-01,,
21409,4.166243e-01,,
21410,1.742252e-01,,
21411,1.863757e+00,,
21412,1.310709e+01,,
21413,7.106263e+00,,
21414,4.106871e-01,,
21415,1.756759e-01,,
21416,7.708055e-01,,
21417,3.153063e-01,,
21418,9.981889e-02,,
21419,2.058884e-01,,
21420,5.071642e-02,,
21421,1.160512e+00,,
21422,2.090109e-01,,
21423,2.184950e+00,,
21424,3.523679e+00,,
21425,1.550068e-01,,
21426,7.680434e-01,,
21427,5.446101e-01,,
21428,4.258144e+00,,
21429,1.083260e+01,,
21430,1.085315e+02,,
21431,1.167663e-01,,
21432,4.404984e+00,,
21433,2.784808e+00,,
21434,6.058693e-02,,
21435,2.754927e+00,,
21436,5.276732e+00,,
21437,1.986566e+00,,
21438,1.897895e+00,,
21439,7.191037e-01,,
21440,1.831594e+00,,
21441,1.799038e-01,,
21442,1.075859e-01,,
21443,1.535511e-01,,
21444,1.639404e-01,,
21445,3.180702e-01,,
21446,2.459473e-02,,
21447,5.340528e-02,,
21448,7.344339e-02,,
21449,4.752542e-01,,
21450,5.613498e-02,,
21451,5.653775e-02,,
21452,3.483930e+00,,
21453,9.556766e-02,,
21454,2.685636e-01,,
21455,1.144523e-01,,
21456,1.048722e-01,,
21457,5.160009e-02,,
21458,2.062810e+00,,
21459,1.430738e+01,,
21460,3.456790e+00,,
21461,8.926762e+00,,
21462,9.061641e-01,,
21463,2.697460e-01,,
21464,4.920473e+00,,
21465,1.883310e-01,,
21466,1.026116e+00,,
21467,2.798318e+00,,
21468,1.012644e-01,,
21469,3.849137e-02,,
21470,8.162134e-02,,
21471,5.826422e-01,,
21472,1.500749e+02,,
21473,7.462072e+00,,
21474,1.279967e+00,,
21475,9.203627e-01,,
21476,1.183143e+01,,
21477,1.099323e+00,,
21478,1.820979e+00,,
21479,4.858473e+00,,
21480,9.323936e-01,,
21481,7.806783e+00,,
21482,2.102236e+00,,
21483,1.429618e-01,,
21484,1.270010e+01,,
21485,1.542390e+00,,
21486,5.643045e-02,,
21487,1.971290e-01,,
21488,1.349048e-01,,
21489,4.449770e-02,,
21490,3.484046e-01,,
21491,2.309729e-03,,
21492,5.496091e-02,,
21493,1.209575e-02,,
21494,1.572490e-02,,
21495,3.594454e-01,,
21496,9.551511e-01,,
21497,3.216747e-01,,
21498,1.053169e-01,,
21499,1.950850e-02,,
21500,2.297863e-02,,
21501,6.848620e-02,,
21502,2.428928e-03,,
21503,3.971589e-03,,
21504,7.093021e-02,,
21505,2.561252e-02,,
21506,3.821136e-01,,
21507,2.751819e-02,,
21508,2.015703e-02,,
21509,2.319795e-02,,
21510,1.914176e-02,,
21511,9.364646e-03,,
21512,2.444613e-03,,
21513,1.257147e-02,,
21514,3.895624e-02,,
21515,3.550129e-02,,
21516,1.701012e-02,,
21517,4.683928e-02,,
21518,2.086604e-02,,
21519,2.261370e-02,,
21520,2.385762e-03,,
21521,1.094084e-02,,
21522,4.269106e-03,,
21523,1.201485e-02,,
21524,6.984835e-03,,
21525,1.202175e-01,,
21526,9.354398e-03,,
21527,2.552813e-02,,
21528,1.248223e-02,,
21529,4.279003e-03,,
21530,5.520067e-03,,
21531,4.316019e-02,,
21532,9.937894e-02,,
21533,1.426671e-01,,
21534,6.447472e-02,,
21535,6.650949e-01,,
21536,2.666556e-02,,
21537,7.179218e-02,,
21538,4.602539e-02,,
21539,3.838716e-02,,
21540,1.044316e-01,,
21541,6.033380e-01,,
21542,1.914189e-01,,
21543,1.069262e-02,,
21544,2.519386e-02,,
21545,4.945344e-02,,
21546,1.009537e-03,,
21547,1.102750e-02,,
21548,3.320795e-01,,
21549,2.054407e+00,,
21550,9.427989e-01,,
21551,3.013140e-01,,
21552,3.762945e+00,,
21553,1.695728e-01,,
21554,7.233174e-01,,
21555,5.266177e-02,,
21556,2.400328e-01,,
21557,1.415215e-01,,
21558,7.155648e-01,,
21559,3.089297e-02,,
21560,5.032062e-02,,
21561,9.259166e-02,,
21562,4.546793e-02,,
21563,1.867972e-01,,
21564,1.583876e+00,,
21565,7.401648e-01,,
21566,3.744702e-01,,
21567,8.927723e-02,,
21568,2.391761e-01,,
21569,1.742872e-01,,
21570,5.350905e+00,,
21571,8.741493e-02,,
21572,1.683589e+00,,
21573,3.126600e+00,,
21574,8.917867e-01,,
21575,5.750782e-02,,
21576,1.161391e+00,,
21577,5.403495e-01,,
21578,1.345607e+00,,
21579,1.279892e-01,,
21580,6.877570e-01,,
21581,1.384258e+01,,
21582,1.984937e+00,,
21583,3.077227e-02,,
21584,3.462638e-01,,
21585,1.374331e-01,,
21586,2.084758e+00,,
21587,5.460595e-02,,
21588,5.766191e-01,,
21589,2.647337e+00,,
21590,8.898301e-01,,
21591,9.060912e-03,,
21592,6.447008e-03,,
21593,1.825704e-02,,
21594,9.993507e-03,,
21595,8.928116e-02,,
21596,1.250202e-01,,
21597,3.142415e-01,,
21598,4.901481e-02,,
21599,7.123498e-02,,
21600,3.177986e-01,,
21601,1.709108e-01,,
21602,2.996101e-01,,
21603,5.348021e-02,,
21604,3.326490e-02,,
21605,8.536554e-03,,
21606,1.089140e+00,,
21607,3.326577e-02,,
21608,1.323738e-02,,
21609,5.514725e-02,,
21610,4.565897e-03,,
21611,1.135694e-02,,
21612,1.029250e-02,,
21613,2.218536e-03,,
21614,2.531267e-03,,
21615,1.724898e-02,,
21616,1.953347e-03,,
21617,1.087609e+00,,
21618,2.416098e-02,,
21619,3.158292e-02,,
21620,2.953750e+00,,
21621,5.438222e-01,,
21622,3.823654e-01,,
21623,1.794557e-01,,
21624,4.171753e-01,,
21625,1.395912e+00,,
21626,3.163390e-01,,
21627,7.586730e-02,,
21628,2.958173e-02,,
21629,3.570824e-01,,
21630,6.978435e-02,,
21631,5.316614e-01,,
21632,1.047191e+00,,
21633,8.601028e-01,,
21634,1.542460e+00,,
21635,3.358187e-01,,
21636,2.054690e-01,,
21637,1.343190e+00,,
21638,1.347332e+00,,
21639,3.869132e-01,,
21640,2.552280e-02,,
21641,1.510901e-01,,
21642,2.338117e-01,,
21643,2.057205e-01,,
21644,1.145071e+00,,
21645,5.597483e+00,,
21646,1.409784e+00,,
21647,2.204469e+00,,
21648,6.156555e-02,,
21649,2.108863e-01,,
21650,2.087628e-01,,
21651,9.348317e-03,,
21652,3.001735e-01,,
21653,1.252424e-01,,
21654,6.030980e-02,,
21655,1.600753e-02,,
21656,3.986399e-02,,
21657,1.003327e+00,,
21658,5.784824e-01,,
21659,6.294671e-02,,
21660,4.226369e-02,,
21661,3.428667e+00,,
21662,2.967115e-01,,
21663,1.042774e+00,,
21664,1.415515e+00,,
21665,1.291491e-01,,
21666,3.009508e-02,,
21667,1.889952e+00,,
21668,1.604097e-01,,
21669,7.153031e-02,,
21670,2.050091e-01,,
21671,2.291242e+00,,
21672,1.344699e-01,,
21673,1.008113e-01,,
21674,1.006945e-01,,
21675,7.766404e-02,,
21676,1.294696e-01,,
21677,3.163686e-01,,
21678,3.103672e+00,,
21679,7.228514e-01,,
21680,8.776619e+00,,
21681,5.830982e-02,,
21682,1.305630e+00,,
21683,1.368670e+01,,
21684,8.247355e+01,,
21685,2.075526e+00,,
21686,5.574900e+00,,
21687,2.012219e+00,,
21688,4.198340e+00,,
21689,1.440327e-01,,
21690,1.206311e+00,,
21691,1.459027e+00,,
21692,3.894323e+00,,
21693,2.487872e+00,,
21694,5.824351e-01,,
21695,1.511468e+01,,
21696,1.301400e+00,,
21697,2.662661e-01,,
21698,1.216185e+00,,
21699,6.065485e+00,,
21700,1.639475e-01,,
21701,1.795764e-01,,
21702,1.366077e-01,,
21703,5.339902e+00,,
21704,4.522901e-01,,
21705,2.692894e-01,,
21706,7.461027e-02,,
21707,9.581897e-01,,
21708,7.876994e+00,,
21709,4.687791e-01,,
21710,2.511316e+00,,
21711,7.694794e+00,,
21712,3.222986e-01,,
21713,3.606921e+00,,
21714,2.204123e-01,,
21715,1.740924e-01,,
21716,2.765428e+00,,
21717,2.817180e+00,,
21718,2.684187e-01,,
21719,6.012495e-01,,
21720,4.807383e+00,,
21721,2.319011e-01,,
21722,1.870776e+00,,
21723,3.752685e+00,,
21724,2.217674e-02,,
21725,7.814726e-03,,
21726,1.971140e-02,,
21727,7.285612e-01,,
21728,1.278975e-01,,
21729,1.188596e-01,,
21730,4.868974e-02,,
21731,1.795150e-01,,
21732,1.480573e-02,,
21733,2.169331e-01,,
21734,6.224547e-02,,
21735,2.174918e-02,,
21736,4.815305e-02,,
21737,9.524415e-02,,
21738,2.570768e+00,,
21739,4.043453e+00,,
21740,6.245079e+00,,
21741,4.560231e-01,,
21742,5.312241e-01,,
21743,6.281755e+00,,
21744,5.947783e+01,,
21745,1.428928e+01,,
21746,2.936694e+01,,
21747,2.203629e+02,,
21748,1.867372e+01,,
21749,2.137210e+01,,
21750,1.442584e+01,,
21751,1.447106e+01,,
21752,5.294212e+01,,
21753,1.421529e+01,,
21754,2.279205e+00,,
21755,1.003136e-01,,
21756,3.989388e-02,,
21757,5.764785e-02,,
21758,3.006366e-01,,
21759,6.273485e-02,,
21760,1.230389e-01,,
21761,4.381061e-01,,
21762,1.097776e-01,,
21763,1.975026e-02,,
21764,3.519066e+00,,
21765,2.901817e-01,,
21766,3.000469e+00,,
21767,9.038622e-02,,
21768,1.298936e-02,,
21769,1.825878e-03,,
21770,1.103577e-02,,
21771,3.508613e-01,,
21772,8.311341e-02,,
21773,8.056516e-03,,
21774,1.813144e-02,,
21775,2.054806e-01,,
21776,7.561071e-02,,
21777,6.614168e-02,,
21778,1.040743e-02,,
21779,9.295599e-04,,
21780,8.637818e-02,,
21781,4.599033e-03,,
21782,2.285598e-02,,
21783,1.847208e-03,,
21784,8.001207e-04,,
21785,1.711675e-02,,
21786,2.346796e-03,,
21787,2.103464e-03,,
21788,9.192766e-03,,
21789,1.032136e-03,,
21790,1.869846e-03,,
21791,8.301783e-04,,
21792,1.896707e-03,,
21793,5.645701e-04,,
21794,2.937533e-03,,
21795,2.020182e-02,,
21796,1.081178e-01,,
21797,1.097208e-01,,
21798,4.700495e-02,,
21799,9.635426e-03,,
21800,3.135489e-03,,
21801,1.805866e-03,,
21802,3.330008e-03,,
21803,6.198064e-02,,
21804,1.329984e-03,,
21805,8.704030e-03,,
21806,2.339241e-03,,
21807,1.142930e-03,,
21808,1.615340e-03,,
21809,9.238770e-02,,
21810,6.661802e-02,,
21811,8.363060e-02,,
21812,1.517882e-01,,
21813,3.417144e-02,,
21814,2.987076e-03,,
21815,3.335227e-03,,
21816,4.939204e-02,,
21817,3.435756e-02,,
21818,1.232478e-01,,
21819,1.402501e-02,,
21820,8.570351e-03,,
21821,1.054846e-01,,
21822,2.499709e-02,,
21823,1.162835e+00,,
21824,3.939457e-01,,
21825,9.197480e-02,,
21826,1.448656e-03,,
21827,4.781651e-03,,
21828,7.419011e-02,,
21829,1.629434e-02,,
21830,2.387350e-02,,
21831,3.112502e-02,,
21832,1.919064e-02,,
21833,6.769642e-03,,
21834,5.999139e-03,,
21835,2.575688e-01,,
21836,7.403342e-02,,
21837,3.279185e-02,,
21838,1.556724e-01,,
21839,4.493262e-03,,
21840,2.020590e-02,,
21841,3.709581e-02,,
21842,1.963939e-02,,
21843,2.025032e-01,,
21844,6.590850e-02,,
21845,1.287478e-02,,
21846,5.277335e-01,,
21847,4.833639e-01,,
21848,2.745287e-01,,
21849,1.762214e-01,,
21850,1.534154e-01,,
21851,1.611776e-01,,
21852,5.707243e-02,,
21853,4.913810e-02,,
21854,3.232162e-02,,
21855,3.604876e-02,,
21856,9.420185e-01,,
21857,2.966925e-02,,
21858,2.609807e-02,,
21859,1.405669e-03,,
21860,7.183023e-02,,
21861,1.678775e-02,,
21862,5.980146e-03,,
21863,6.645437e-03,,
21864,3.856098e-03,,
21865,5.777397e-03,,
21866,3.651395e-02,,
21867,3.741183e-03,,
21868,5.940903e-02,,
21869,1.318893e-02,,
21870,3.042388e-01,,
21871,1.746297e-01,,
21872,6.997645e-02,,
21873,7.780606e-03,,
21874,8.621468e-02,,
21875,2.217346e-02,,
21876,8.653653e-03,,
21877,5.318785e-03,,
21878,8.041041e-03,,
21879,4.355180e-02,,
21880,1.860229e-02,,
21881,1.027945e-02,,
21882,6.471341e-04,,
21883,7.971999e-04,,
21884,1.001700e-01,,
21885,1.357202e-02,,
21886,8.814696e-03,,
21887,9.557132e-02,,
21888,1.924948e-02,,
21889,7.394666e-03,,
21890,1.418703e-03,,
21891,2.649524e-03,,
21892,6.626646e-03,,
21893,6.698235e-03,,
21894,7.261587e-03,,
21895,3.950614e-03,,
21896,1.959288e-02,,
21897,6.086169e-03,,
21898,9.816889e-02,,
21899,6.458813e-03,,
21900,6.600713e-03,,
21901,2.826167e-02,,
21902,7.695028e-03,,
21903,2.948841e-02,,
21904,1.661803e-02,,
21905,1.062202e-02,,
21906,1.227902e-01,,
21907,3.465495e-02,,
21908,1.499328e-01,,
21909,1.037173e+00,,
21910,5.062371e-02,,
21911,3.883004e-02,,
21912,6.205455e-02,,
21913,1.369613e-03,,
21914,7.973628e-02,,
21915,1.295091e-02,,
21916,1.328233e-02,,
21917,3.497319e-02,,
21918,4.039857e-03,,
21919,3.016462e-02,,
21920,5.289362e-04,,
21921,3.631352e-02,,
21922,1.508961e-02,,
21923,3.930535e-01,,
21924,1.408965e-01,,
21925,5.091749e-01,,
21926,2.800979e-01,,
21927,1.492647e-02,,
21928,1.252248e-01,,
21929,1.796199e-02,,
21930,1.520662e-03,,
21931,1.752403e-02,,
21932,6.315787e-03,,
21933,2.901100e-01,,
21934,3.556635e-01,,
21935,1.671747e-02,,
21936,3.755240e-02,,
21937,5.657505e-02,,
21938,8.829899e-02,,
21939,3.119613e-01,,
21940,1.372758e-02,,
21941,1.170656e-02,,
21942,1.097707e-02,,
21943,1.332547e-01,,
21944,1.691942e-02,,
21945,5.368568e-02,,
21946,1.658564e-02,,
21947,3.993508e-03,,
21948,2.164439e-03,,
21949,3.448694e-02,,
21950,7.066276e-02,,
21951,3.225289e-02,,
21952,7.986407e-03,,
21953,4.429864e-04,,
21954,2.336390e-03,,
21955,3.559583e-03,,
21956,7.106830e-04,,
21957,5.835943e-04,,
21958,1.251497e-03,,
21959,9.017551e-02,,
21960,4.709326e-03,,
21961,2.174681e-03,,
21962,1.916664e-04,,
21963,7.550658e-04,,
21964,7.770654e-03,,
21965,5.199498e-04,,
21966,5.563799e-04,,
21967,2.628637e-04,,
21968,3.551930e-04,,
21969,4.840436e-03,,
21970,3.295441e-02,,
21971,9.652580e-03,,
21972,4.422911e-02,,
21973,4.216009e-02,,
21974,5.461613e-02,,
21975,8.749943e-04,,
21976,3.296657e-02,,
21977,9.818934e-02,,
21978,9.552344e-03,,
21979,2.910288e-02,,
21980,1.921665e-01,,
21981,2.940981e-02,,
21982,2.280092e-02,,
21983,2.286608e-01,,
21984,9.020285e-02,,
21985,2.353438e-01,,
21986,8.938784e-01,,
21987,5.016927e-01,,
21988,7.257814e-01,,
21989,1.021739e-02,,
21990,3.620244e-02,,
21991,9.068738e-03,,
21992,5.595437e-03,,
21993,5.797141e-02,,
21994,1.393277e-01,,
21995,5.745134e-02,,
21996,1.591322e-01,,
21997,4.859654e-01,,
21998,8.261854e-03,,
21999,9.705334e-02,,
22000,1.664187e-01,,
22001,4.451196e-01,,
22002,6.349738e-02,,
22003,1.905203e-02,,
22004,9.875669e-01,,
22005,1.273139e+01,,
22006,4.430544e-01,,
22007,1.009736e+00,,
22008,3.166923e-01,,
22009,1.490584e-02,,
22010,3.178181e+00,,
22011,6.522623e-01,,
22012,9.916603e-02,,
22013,7.174582e-01,,
22014,8.122258e-01,,
22015,1.426896e-01,,
22016,7.930713e-01,,
22017,5.003619e+00,,
22018,1.383210e+00,,
22019,7.606029e+00,,
22020,1.862504e+00,,
22021,2.383541e-01,,
22022,2.691171e-01,,
22023,1.380155e+01,,
22024,5.848670e-01,,
22025,2.010635e+00,,
22026,2.820411e-01,,
22027,3.288926e-01,,
22028,6.415358e+00,,
22029,1.957850e+01,,
22030,1.576905e+00,,
22031,3.950207e+01,,
22032,9.004795e-01,,
22033,6.444977e+00,,
22034,5.558548e-02,,
22035,1.964155e+00,,
22036,3.129987e-01,,
22037,1.261093e-01,,
22038,8.788013e-02,,
22039,6.477868e-01,,
22040,4.753667e-02,,
22041,1.833267e-02,,
22042,2.363958e-02,,
22043,2.082644e-01,,
22044,4.819568e-02,,
22045,7.246390e-02,,
22046,5.876670e-02,,
22047,2.118914e-02,,
22048,1.086675e-01,,
22049,9.933696e-02,,
22050,1.661150e-02,,
22051,3.358266e-02,,
22052,3.757174e-02,,
22053,2.169072e-02,,
22054,5.322017e+00,,
22055,6.223381e-01,,
22056,5.324765e-02,,
22057,5.022202e-01,,
22058,3.076420e-02,,
22059,3.159829e-02,,
22060,3.118546e-02,,
22061,7.089646e-03,,
22062,3.411392e-01,,
22063,9.572412e-01,,
22064,1.232992e+00,,
22065,2.734475e-02,,
22066,3.378557e-01,,
22067,2.854844e-01,,
22068,1.784393e-01,,
22069,4.691653e-01,,
22070,3.073495e-02,,
22071,2.864569e-02,,
22072,3.192980e-01,,
22073,2.565150e-01,,
22074,2.084410e+00,,
22075,1.697777e+00,,
22076,4.503630e-01,,
22077,2.340221e+00,,
22078,2.457257e-01,,
22079,2.581423e-01,,
22080,9.832295e-03,,
22081,1.265285e-01,,
22082,6.248461e-02,,
22083,5.556228e-02,,
22084,1.940092e-01,,
22085,1.531692e-01,,
22086,1.765999e-02,,
22087,3.561170e-02,,
22088,2.557641e-02,,
22089,2.571551e-02,,
22090,6.455339e-02,,
22091,2.154311e+01,,
22092,2.823529e+00,,
22093,2.527169e-01,,
22094,1.256492e+00,,
22095,3.003611e+00,,
22096,3.335179e-01,,
22097,8.476090e+00,,
22098,3.456392e-01,,
22099,8.473169e-01,,
22100,5.506950e-02,,
22101,2.820537e-02,,
22102,1.966539e-03,,
22103,2.725797e-02,,
22104,4.442538e-02,,
22105,7.773838e-02,,
22106,5.228451e-02,,
22107,1.829746e-02,,
22108,2.013788e-01,,
22109,2.118035e-03,,
22110,1.329548e-03,,
22111,8.921419e-02,,
22112,2.014486e-02,,
22113,9.024210e-03,,
22114,1.402516e-02,,
22115,3.438033e-01,,
22116,2.665281e-02,,
22117,2.627910e-02,,
22118,1.496474e-02,,
22119,2.871387e-01,,
22120,4.244300e-02,,
22121,1.126572e-02,,
22122,7.686767e-02,,
22123,2.093576e+00,,
22124,1.291386e-01,,
22125,6.567549e-02,,
22126,1.696500e-02,,
22127,2.788830e-02,,
22128,1.028647e+00,,
22129,1.506871e+00,,
22130,2.509061e-01,,
22131,1.298019e+00,,
22132,6.358126e-01,,
22133,3.672113e-01,,
22134,3.040122e-01,,
22135,2.020410e+00,,
22136,3.922383e-02,,
22137,7.897677e-01,,
22138,1.623594e-01,,
22139,7.127939e-01,,
22140,5.150494e-01,,
22141,2.008281e-03,,
22142,3.581587e-03,,
22143,3.312013e-02,,
22144,1.015137e-02,,
22145,4.518491e-01,,
22146,2.039521e-01,,
22147,4.647232e-02,,
22148,2.493534e-02,,
22149,3.363615e-03,,
22150,6.577740e-04,,
22151,1.960928e-02,,
22152,7.163029e-04,,
22153,5.059808e-02,,
22154,1.273027e-02,,
22155,1.017072e-02,,
22156,4.296213e-02,,
22157,4.758152e-02,,
22158,6.839726e-04,,
22159,4.431188e-03,,
22160,5.512834e-03,,
22161,5.251941e-02,,
22162,1.508835e-01,,
22163,4.331317e-02,,
22164,1.424841e-02,,
22165,1.235176e-02,,
22166,4.825044e-02,,
22167,1.016707e-01,,
22168,6.527087e-02,,
22169,5.701300e-02,,
22170,7.042669e-02,,
22171,1.605784e-01,,
22172,4.380527e-03,,
22173,1.243784e-02,,
22174,4.678425e-03,,
22175,9.438170e-03,,
22176,8.720431e-02,,
22177,3.049294e-02,,
22178,2.503261e-02,,
22179,2.307681e-03,,
22180,8.855765e-03,,
22181,9.296430e-02,,
22182,3.074983e-02,,
22183,1.186771e-01,,
22184,1.267581e-02,,
22185,6.385403e-03,,
22186,2.269272e-04,,
22187,2.874575e-03,,
22188,1.029143e-03,,
22189,5.015780e-03,,
22190,3.166937e-03,,
22191,1.513726e-02,,
22192,4.694655e-04,,
22193,1.382241e-04,,
22194,2.091881e-01,,
22195,9.192679e-02,,
22196,7.001204e-03,,
22197,2.212421e-02,,
22198,9.082327e-04,,
22199,4.743479e-03,,
22200,3.103153e-04,,
22201,8.007762e-04,,
22202,2.361689e-03,,
22203,1.649754e-02,,
22204,1.416641e-03,,
22205,2.237267e-04,,
22206,5.706608e-05,,
22207,1.397252e-03,,
22208,5.442416e-04,,
22209,9.193394e-04,,
22210,3.942998e-03,,
22211,1.423762e-02,,
22212,2.030860e-03,,
22213,3.399560e-03,,
22214,1.170141e-03,,
22215,7.755336e-04,,
22216,4.682817e-04,,
22217,2.552772e-02,,
22218,1.293756e-04,,
22219,5.253109e-03,,
22220,2.545516e-02,,
22221,3.376785e-03,,
22222,1.481754e-04,,
22223,1.023241e-03,,
22224,1.226007e-03,,
22225,2.443270e-04,,
22226,6.382147e-04,,
22227,1.637015e-03,,
22228,7.287601e-04,,
22229,1.050081e-03,,
22230,1.096814e-03,,
22231,2.134035e-03,,
22232,3.773767e-04,,
22233,3.226538e-04,,
22234,2.456836e-03,,
22235,1.495427e-03,,
22236,7.444976e-04,,
22237,2.630581e-03,,
22238,4.903911e-03,,
22239,8.162134e-03,,
22240,4.760713e-04,,
22241,8.906537e-03,,
22242,4.153985e-02,,
22243,4.366514e-02,,
22244,7.936543e-02,,
22245,4.039504e-04,,
22246,1.165851e-03,,
22247,1.581406e-01,,
22248,1.096863e-02,,
22249,8.847946e-04,,
22250,6.830840e-03,,
22251,1.384929e-03,,
22252,6.220645e-03,,
22253,3.940144e-03,,
22254,4.787541e-02,,
22255,1.448069e-02,,
22256,2.563726e-03,,
22257,3.653086e-04,,
22258,5.232528e-04,,
22259,2.957096e-03,,
22260,2.970902e-05,,
22261,3.715575e-04,,
22262,8.439759e-05,,
22263,8.372387e-05,,
22264,8.661205e-04,,
22265,9.566201e-05,,
22266,4.545187e-04,,
22267,1.382712e-04,,
22268,2.209428e-05,,
22269,3.055828e-04,,
22270,7.503904e-04,,
22271,1.059195e-03,,
22272,2.583048e-04,,
22273,1.093105e-03,,
22274,6.063869e-03,,
22275,1.362632e-03,,
22276,8.992370e-04,,
22277,9.477174e-05,,
22278,7.708096e-04,,
22279,1.122678e-03,,
22280,4.019159e-05,,
22281,4.687241e-03,,
22282,1.467596e-03,,
22283,3.046618e-03,,
22284,1.988370e-05,,
22285,2.093215e-05,,
22286,3.134276e-05,,
22287,4.768316e-04,,
22288,2.374823e-05,,
22289,1.049787e-05,,
22290,1.150260e-05,,
22291,9.441659e-05,,
22292,7.206502e-05,,
22293,1.657582e-04,,
22294,4.044737e-04,,
22295,2.254143e-05,,
22296,1.304952e-05,,
22297,8.326312e-05,,
22298,1.707640e-05,,
22299,6.249750e-04,,
22300,3.548986e-05,,
22301,1.233530e-04,,
22302,1.778053e-05,,
22303,8.431512e-05,,
22304,5.995569e-04,,
22305,3.129853e-03,,
22306,5.284911e-04,,
22307,2.699487e-04,,
22308,1.624593e-02,,
22309,1.160265e-03,,
22310,1.094465e-04,,
22311,1.471764e-02,,
22312,5.897158e-04,,
22313,7.114657e-05,,
22314,4.422028e-04,,
22315,5.024590e-04,,
22316,2.798677e-04,,
22317,1.392617e-03,,
22318,1.633009e-03,,
22319,5.844989e-03,,
22320,5.481064e-03,,
22321,1.712913e-02,,
22322,1.056588e-01,,
22323,1.264327e-01,,
22324,6.737665e-02,,
22325,2.740162e-02,,
22326,2.873491e-03,,
22327,1.068438e-03,,
22328,5.482244e-02,,
22329,1.199997e-03,,
22330,4.902620e-04,,
22331,4.431074e-04,,
22332,1.236507e-02,,
22333,7.116456e-03,,
22334,1.245297e-02,,
22335,2.058931e-01,,
22336,1.598772e-03,,
22337,3.955642e-04,,
22338,4.545996e-04,,
22339,6.248862e-04,,
22340,4.226840e-04,,
22341,4.993283e-03,,
22342,2.932162e-04,,
22343,2.304842e-04,,
22344,1.289934e-03,,
22345,3.095237e-04,,
22346,2.194586e-02,,
22347,3.023308e-03,,
22348,2.057038e-04,,
22349,1.540964e-04,,
22350,5.023686e-05,,
22351,1.422656e-04,,
22352,3.500016e-05,,
22353,2.902544e-03,,
22354,3.123743e-03,,
22355,8.829583e-02,,
22356,5.839812e-03,,
22357,6.161108e-03,,
22358,1.892778e-03,,
22359,1.562190e-03,,
22360,2.609901e-04,,
22361,8.068720e-03,,
22362,6.222325e-03,,
22363,2.319468e-02,,
22364,1.208917e-02,,
22365,3.437090e-04,,
22366,3.394135e-04,,
22367,6.793293e-04,,
22368,5.285786e-04,,
22369,5.112421e-03,,
22370,3.778693e-04,,
22371,2.904501e-02,,
22372,2.038352e-04,,
22373,1.009414e-03,,
22374,3.960059e-03,,
22375,3.611035e-04,,
22376,4.699211e-03,,
22377,6.187010e-03,,
22378,1.303911e-02,,
22379,4.597175e-02,,
22380,3.239040e-02,,
22381,2.496818e-02,,
22382,2.194367e-02,,
22383,1.836391e-01,,
22384,2.051070e-02,,
22385,9.194377e-03,,
22386,6.025313e-03,,
22387,1.213088e-03,,
22388,7.115563e-02,,
22389,6.244723e-03,,
22390,3.819744e-04,,
22391,3.009911e-02,,
22392,7.788227e-03,,
22393,2.201386e-03,,
22394,9.620078e-02,,
22395,3.200228e-03,,
22396,5.576378e-04,,
22397,5.118198e-03,,
22398,1.525647e-02,,
22399,1.138646e-02,,
22400,4.070421e-02,,
22401,1.515879e-02,,
22402,3.812154e-03,,
22403,7.103828e-03,,
22404,8.782995e-03,,
22405,1.314251e-02,,
22406,2.500946e-02,,
22407,3.696230e-03,,
22408,5.569752e-03,,
22409,2.429172e-04,,
22410,3.735786e-03,,
22411,3.602929e-03,,
22412,4.605153e-02,,
22413,1.110308e-02,,
22414,7.068320e-04,,
22415,5.758988e-03,,
22416,2.620127e-03,,
22417,1.648719e-03,,
22418,3.554131e-03,,
22419,5.910821e-03,,
22420,1.377218e-02,,
22421,6.217868e-03,,
22422,3.502329e-03,,
22423,2.018668e-03,,
22424,8.600420e-04,,
22425,6.174418e-04,,
22426,1.801627e-02,,
22427,7.300570e-03,,
22428,2.086427e-02,,
22429,2.535602e-04,,
22430,1.519136e-02,,
22431,2.464683e-02,,
22432,7.717778e-04,,
22433,6.665184e-03,,
22434,3.977125e-04,,
22435,8.047150e-02,,
22436,2.620833e-03,,
22437,5.930421e-03,,
22438,4.090697e-03,,
22439,8.108034e-03,,
22440,2.041545e-03,,
22441,2.728432e-04,,
22442,7.604356e-04,,
22443,1.737447e-03,,
22444,8.684996e-03,,
22445,2.975095e-03,,
22446,2.603946e-03,,
22447,1.033797e-02,,
22448,1.327455e-02,,
22449,1.078881e-03,,
22450,1.466504e-03,,
22451,2.287457e-04,,
22452,2.645971e-04,,
22453,8.232342e-02,,
22454,2.238492e-03,,
22455,7.626151e-04,,
22456,7.472404e-04,,
22457,9.779429e-04,,
22458,2.398717e-02,,
22459,5.620660e-02,,
22460,2.119387e-03,,
22461,5.247903e-03,,
22462,2.573980e-01,,
22463,1.387975e-02,,
22464,2.922175e-02,,
22465,1.948816e-01,,
22466,2.089258e-01,,
22467,1.051267e-02,,
22468,7.268890e-02,,
22469,1.244680e-02,,
22470,1.309304e-03,,
22471,5.988474e-03,,
22472,3.727883e-03,,
22473,3.575679e-03,,
22474,4.328493e-04,,
22475,5.671019e-05,,
22476,1.136310e-03,,
22477,1.873434e-02,,
22478,7.758277e-03,,
22479,1.584499e-02,,
22480,1.030826e-03,,
22481,6.677508e-02,,
22482,8.278298e-03,,
22483,7.362107e-03,,
22484,1.356285e-02,,
22485,1.293898e-02,,
22486,3.646355e-03,,
22487,8.501046e-03,,
22488,3.159960e-03,,
22489,7.519410e-04,,
22490,6.163862e-04,,
22491,1.940729e-02,,
22492,2.435729e-02,,
22493,3.004229e-03,,
22494,3.636506e-03,,
22495,1.680325e-04,,
22496,9.654121e-06,,
22497,7.634874e-04,,
22498,4.817683e-03,,
22499,1.830072e-03,,
22500,6.939508e-03,,
22501,2.864387e-02,,
22502,7.265858e-04,,
22503,6.644514e-04,,
22504,2.650528e-04,,
22505,2.902976e-02,,
22506,7.427164e-03,,
22507,3.103918e-02,,
22508,2.108404e-03,,
22509,5.280925e-03,,
22510,3.392889e-03,,
22511,1.754677e-02,,
22512,8.766778e-02,,
22513,7.932446e-02,,
22514,4.627218e-03,,
22515,6.397510e-03,,
22516,4.293235e-04,,
22517,1.809070e-02,,
22518,1.189243e-02,,
22519,3.002032e-02,,
22520,3.122523e-03,,
22521,3.761627e-02,,
22522,1.024186e-03,,
22523,5.503061e-03,,
22524,2.607899e-02,,
22525,3.003930e-03,,
22526,3.474526e-03,,
22527,9.732736e-03,,
22528,4.149448e-03,,
22529,2.357582e-02,,
22530,3.303006e-03,,
22531,7.439114e-03,,
22532,3.514658e-02,,
22533,1.116767e-02,,
22534,3.710298e-03,,
22535,1.441557e-02,,
22536,1.140822e-03,,
22537,4.741865e-03,,
22538,2.295526e-03,,
22539,3.151710e-02,,
22540,3.415728e-01,,
22541,7.949399e-02,,
22542,4.227272e-02,,
22543,4.767624e-03,,
22544,2.659342e-04,,
22545,2.807493e-02,,
22546,5.191696e-04,,
22547,1.603129e-04,,
22548,1.814440e-02,,
22549,4.642194e-04,,
22550,6.593866e-04,,
22551,8.244738e-06,,
22552,2.308148e-05,,
22553,8.152211e-05,,
22554,1.789396e-03,,
22555,5.818428e-04,,
22556,2.321456e-03,,
22557,3.431156e-03,,
22558,8.153947e-03,,
22559,1.469416e-03,,
22560,1.876471e-02,,
22561,1.322739e-04,,
22562,2.485176e-04,,
22563,1.037295e-04,,
22564,1.729818e-04,,
22565,9.757990e-04,,
22566,4.900646e-05,,
22567,3.451260e-03,,
22568,1.012431e-02,,
22569,4.469569e-03,,
22570,1.314262e-03,,
22571,7.598181e-04,,
22572,2.747659e-03,,
22573,3.330993e-03,,
22574,2.341289e-04,,
22575,6.822623e-03,,
22576,1.805187e-03,,
22577,1.189063e-03,,
22578,1.631753e-03,,
22579,4.741596e-03,,
22580,4.248804e-04,,
22581,4.259386e-04,,
22582,4.713304e-03,,
22583,7.779529e-03,,
22584,1.369989e-04,,
22585,5.180422e-03,,
22586,4.826837e-04,,
22587,8.032564e-02,,
22588,1.203845e-02,,
22589,1.160926e-03,,
22590,3.702711e-03,,
22591,1.339001e-03,,
22592,6.536393e-03,,
22593,3.191140e-03,,
22594,3.681867e-03,,
22595,2.712866e-03,,
22596,1.897725e-02,,
22597,8.603102e-04,,
22598,1.073119e-03,,
22599,3.308488e-03,,
22600,5.843607e-02,,
22601,1.777488e-02,,
22602,1.497941e-02,,
22603,6.843603e-03,,
22604,6.302750e-02,,
22605,8.480179e-02,,
22606,1.994438e-03,,
22607,6.495370e-04,,
22608,2.325300e-04,,
22609,1.826110e-02,,
22610,4.760225e-03,,
22611,6.680234e-04,,
22612,1.324836e-03,,
22613,5.173865e-04,,
22614,1.780152e-03,,
22615,5.940428e-02,,
22616,4.258738e-02,,
22617,5.345207e-02,,
22618,1.461258e-02,,
22619,1.033111e-03,,
22620,7.026378e-03,,
22621,5.472762e-03,,
22622,2.479082e-03,,
22623,5.331153e-04,,
22624,2.689530e-03,,
22625,7.137226e-02,,
22626,2.113298e-03,,
22627,9.827493e-04,,
22628,1.197451e-02,,
22629,6.162827e-02,,
22630,5.145770e-03,,
22631,6.367606e-04,,
22632,3.433658e-03,,
22633,6.639936e-04,,
22634,6.278662e-03,,
22635,6.686017e-03,,
22636,2.067006e-02,,
22637,9.314420e-02,,
22638,1.292519e-01,,
22639,1.840443e-02,,
22640,6.866187e-02,,
22641,1.334151e-03,,
22642,1.792765e-03,,
22643,6.056957e-03,,
22644,1.380486e-02,,
22645,1.089077e-02,,
22646,8.568554e-02,,
22647,4.707075e-04,,
22648,2.604423e-03,,
22649,1.357437e-01,,
22650,1.048997e-02,,
22651,5.647045e-02,,
22652,9.464934e-03,,
22653,2.407681e-01,,
22654,1.426740e-02,,
22655,1.697828e-02,,
22656,4.137792e-03,,
22657,4.632327e-02,,
22658,1.518500e-02,,
22659,4.356453e-04,,
22660,9.417314e-03,,
22661,2.038431e-03,,
22662,1.486570e-03,,
22663,2.329055e-03,,
22664,1.938600e-03,,
22665,8.271680e-04,,
22666,1.983921e-02,,
22667,1.256821e-02,,
22668,8.360450e-04,,
22669,2.566335e-03,,
22670,1.220610e-03,,
22671,6.673528e-03,,
22672,6.499004e-03,,
22673,1.793940e-02,,
22674,3.727379e-04,,
22675,7.650283e-04,,
22676,4.594641e-03,,
22677,6.563990e-03,,
22678,2.071094e-03,,
22679,2.741463e-03,,
22680,6.776143e-03,,
22681,5.438024e-04,,
22682,6.506603e-05,,
22683,7.886989e-04,,
22684,3.685983e-03,,
22685,1.977608e-03,,
22686,6.392353e-04,,
22687,1.209456e-04,,
22688,1.627230e-04,,
22689,9.061842e-04,,
22690,1.873087e-02,,
22691,1.518759e-04,,
22692,2.346786e-05,,
22693,1.505641e-03,,
22694,3.952223e-04,,
22695,3.315789e-03,,
22696,1.617255e-03,,
22697,3.789777e-04,,
22698,7.061552e-05,,
22699,5.991545e-04,,
22700,8.620341e-04,,
22701,7.635568e-04,,
22702,7.698560e-03,,
22703,5.736473e-04,,
22704,1.390176e-03,,
22705,4.447347e-04,,
22706,4.311314e-03,,
22707,3.396873e-04,,
22708,4.303702e-03,,
22709,2.564579e-03,,
22710,7.754311e-02,,
22711,4.485445e-03,,
22712,4.937142e-02,,
22713,7.390895e-03,,
22714,5.263812e-02,,
22715,4.069373e-03,,
22716,2.044308e-03,,
22717,6.621718e-04,,
22718,1.624713e-03,,
22719,8.050393e-03,,
22720,2.120198e-02,,
22721,3.194781e-04,,
22722,9.319552e-05,,
22723,1.550721e-03,,
22724,6.239773e-03,,
22725,4.819496e-03,,
22726,8.238673e-04,,
22727,2.285675e-04,,
22728,5.077894e-04,,
22729,5.545602e-04,,
22730,9.268818e-05,,
22731,4.433239e-05,,
22732,1.658281e-03,,
22733,1.701859e-04,,
22734,7.483679e-05,,
22735,4.472671e-05,,
22736,3.829112e-05,,
22737,1.911459e-05,,
22738,1.174134e-05,,
22739,4.020963e-04,,
22740,2.609815e-02,,
22741,4.696676e-03,,
22742,1.988896e-02,,
22743,4.199754e-03,,
22744,2.647195e-03,,
22745,4.393303e-03,,
22746,1.860502e-04,,
22747,1.031738e-02,,
22748,2.717468e-03,,
22749,6.307938e-02,,
22750,1.438388e-02,,
22751,3.790611e-03,,
22752,5.747225e-04,,
22753,7.253702e-03,,
22754,1.066642e-03,,
22755,4.410549e-04,,
22756,5.218356e-04,,
22757,1.864859e-04,,
22758,1.032212e-02,,
22759,1.462229e-02,,
22760,9.593206e-04,,
22761,5.496907e-03,,
22762,1.009847e-02,,
22763,1.823553e-02,,
22764,2.411465e-03,,
22765,1.349704e-01,,
22766,9.245356e-04,,
22767,1.954314e-03,,
22768,1.112567e-02,,
22769,5.392016e-04,,
22770,2.905215e-04,,
22771,1.136888e-03,,
22772,2.110030e-03,,
22773,1.355073e-03,,
22774,4.719539e-04,,
22775,2.474963e-04,,
22776,2.936783e-03,,
22777,9.298175e-04,,
22778,4.815434e-04,,
22779,8.825618e-05,,
22780,5.678547e-04,,
22781,1.354033e-03,,
22782,3.651047e-02,,
22783,2.647515e-02,,
22784,2.462474e-02,,
22785,1.416735e-02,,
22786,4.991433e-02,,
22787,2.231189e-03,,
22788,2.552711e-01,,
22789,6.334580e-03,,
22790,9.344506e-03,,
22791,6.559135e-03,,
22792,8.807245e-03,,
22793,4.518918e-03,,
22794,6.350186e-03,,
22795,5.106737e-02,,
22796,7.969538e-03,,
22797,9.313668e-04,,
22798,8.471381e-04,,
22799,1.088421e-02,,
22800,1.963382e-02,,
22801,5.662448e-03,,
22802,7.963296e-03,,
22803,8.750075e-04,,
22804,4.243074e-03,,
22805,5.759767e-03,,
22806,1.826403e-03,,
22807,2.403519e-03,,
22808,1.243350e-03,,
22809,3.058441e-01,,
22810,3.140655e-02,,
22811,4.270919e-03,,
22812,1.145247e-02,,
22813,1.196718e-02,,
22814,6.297898e-03,,
22815,2.031751e-03,,
22816,1.216967e-01,,
22817,2.411906e-02,,
22818,6.589009e-02,,
22819,1.140524e-02,,
22820,5.484907e-03,,
22821,1.665885e-02,,
22822,7.934967e-01,,
22823,2.298537e-03,,
22824,6.345114e-04,,
22825,1.831121e-02,,
22826,2.627542e-02,,
22827,2.458010e-02,,
22828,7.677820e-04,,
22829,3.138358e-03,,
22830,3.176108e-04,,
22831,6.758507e-04,,
22832,9.666312e-04,,
22833,1.202180e-03,,
22834,1.675305e-01,,
22835,1.192739e-01,,
22836,1.509746e-04,,
22837,1.556370e-04,,
22838,1.734045e-04,,
22839,8.053215e-04,,
22840,4.364911e-05,,
22841,2.653544e-05,,
22842,1.163176e-04,,
22843,5.683079e-04,,
22844,2.613145e-04,,
22845,8.129950e-04,,
22846,2.210742e-04,,
22847,9.545243e-04,,
22848,3.273021e-04,,
22849,2.078182e-03,,
22850,1.106346e-03,,
22851,1.077513e-03,,
22852,7.658773e-03,,
22853,4.564503e-04,,
22854,1.872858e-03,,
22855,3.024024e-05,,
22856,2.281760e-03,,
22857,2.163683e-02,,
22858,1.171361e-02,,
22859,2.487068e-02,,
22860,1.784713e-02,,
22861,6.430405e-04,,
22862,2.347611e-03,,
22863,3.419407e-04,,
22864,1.042823e-03,,
22865,6.055453e-03,,
22866,9.009550e-05,,
22867,5.044629e-04,,
22868,1.012042e-03,,
22869,2.766532e-04,,
22870,4.455751e-04,,
22871,4.052514e-04,,
22872,4.493323e-04,,
22873,1.955551e-04,,
22874,7.386409e-05,,
22875,9.620208e-05,,
22876,2.685603e-02,,
22877,1.112215e-03,,
22878,6.649909e-03,,
22879,3.011666e-04,,
22880,9.781677e-04,,
22881,5.949636e-03,,
22882,3.580733e-03,,
22883,2.054650e-01,,
22884,1.029214e-01,,
22885,6.420625e-02,,
22886,6.164898e-04,,
22887,8.155950e-03,,
22888,1.230250e-03,,
22889,1.630013e-03,,
22890,3.448040e-03,,
22891,1.455549e-02,,
22892,1.426336e-02,,
22893,9.162214e-03,,
22894,9.363901e-03,,
22895,1.535065e-03,,
22896,6.635473e-02,,
22897,3.370572e-03,,
22898,9.478332e-03,,
22899,1.092409e-03,,
22900,3.363079e-02,,
22901,1.444782e-02,,
22902,1.064496e-01,,
22903,4.316479e-03,,
22904,9.094302e-03,,
22905,2.515614e-03,,
22906,3.727928e-02,,
22907,1.138189e-01,,
22908,1.375822e-02,,
22909,1.067027e+00,,
22910,1.030917e-01,,
22911,2.058234e+00,,
22912,3.467129e-01,,
22913,5.533933e-02,,
22914,4.103266e-02,,
22915,9.837599e-01,,
22916,2.511316e-01,,
22917,1.323707e-02,,
22918,2.869159e-02,,
22919,1.088475e-01,,
22920,1.726763e-02,,
22921,3.812400e-02,,
22922,5.188770e-02,,
22923,2.310985e-02,,
22924,3.858178e-03,,
22925,6.491317e-01,,
22926,1.257075e+00,,
22927,1.216098e-01,,
22928,2.341496e-03,,
22929,4.798194e-03,,
22930,1.210164e-01,,
22931,1.029313e-02,,
22932,1.005934e-03,,
22933,4.417705e-03,,
22934,6.174037e-03,,
22935,2.187678e-01,,
22936,1.603918e-02,,
22937,3.513644e-01,,
22938,6.894789e-02,,
22939,4.678457e-02,,
22940,5.350508e-03,,
22941,6.111935e-03,,
22942,9.247386e-03,,
22943,1.891674e-03,,
22944,2.798754e-03,,
22945,1.897635e-03,,
22946,3.532920e-04,,
22947,1.833949e-03,,
22948,2.873457e-04,,
22949,4.915296e-03,,
22950,2.852077e-03,,
22951,2.975050e-02,,
22952,2.305263e-03,,
22953,3.489390e-03,,
22954,2.187306e-04,,
22955,4.012667e-03,,
22956,1.267978e-03,,
22957,5.636969e-04,,
22958,3.773211e-03,,
22959,2.502737e-02,,
22960,1.552226e-04,,
22961,2.413300e-03,,
22962,3.282310e-03,,
22963,2.974089e-03,,
22964,1.777913e-03,,
22965,1.988782e-03,,
22966,2.016739e-03,,
22967,5.306789e-02,,
22968,1.112245e-02,,
22969,1.602673e-03,,
22970,4.670626e-03,,
22971,4.073724e-02,,
22972,1.569122e-02,,
22973,5.550495e-04,,
22974,6.095011e-03,,
22975,1.926876e-03,,
22976,6.501319e-04,,
22977,2.796634e-03,,
22978,1.029314e-03,,
22979,2.182411e-03,,
22980,7.990337e-04,,
22981,1.249106e-02,,
22982,6.825282e-05,,
22983,2.774866e-03,,
22984,3.628531e-03,,
22985,5.409247e-04,,
22986,3.669039e-04,,
22987,4.420801e-04,,
22988,7.195158e-04,,
22989,2.181864e-03,,
22990,1.368440e-02,,
22991,6.458294e-04,,
22992,3.188262e-03,,
22993,1.261524e-01,,
22994,3.374461e-02,,
22995,2.307579e-03,,
22996,3.681208e-02,,
22997,5.401086e-04,,
22998,1.119718e-03,,
22999,1.528488e-04,,
23000,6.495980e-05,,
23001,1.439888e-03,,
23002,1.084732e-01,,
23003,4.512355e-02,,
23004,4.318096e-04,,
23005,1.410615e-03,,
23006,2.944429e-03,,
23007,2.005063e-03,,
23008,3.172744e-02,,
23009,1.811624e-02,,
23010,8.414552e-04,,
23011,1.056607e-03,,
23012,1.663533e-03,,
23013,8.933505e-04,,
23014,9.508197e-05,,
23015,3.883569e-04,,
23016,3.647473e-03,,
23017,6.762523e-05,,
23018,1.705520e-04,,
23019,1.089481e-04,,
23020,4.637182e-03,,
23021,4.410124e-03,,
23022,4.695689e-04,,
23023,8.960846e-05,,
23024,1.774519e-05,,
23025,1.770842e-03,,
23026,3.281974e-04,,
23027,7.860194e-05,,
23028,3.590934e-03,,
23029,7.471032e-04,,
23030,4.554498e-05,,
23031,4.853425e-05,,
23032,4.090364e-05,,
23033,5.713214e-05,,
23034,3.137663e-05,,
23035,2.615926e-03,,
23036,8.257909e-04,,
23037,2.112236e-03,,
23038,2.252944e-04,,
23039,2.681295e-03,,
23040,4.812380e-03,,
23041,3.055129e-03,,
23042,1.457631e-03,,
23043,6.796981e-02,,
23044,5.519522e-02,,
23045,6.278346e-04,,
23046,8.937257e-03,,
23047,3.644172e-04,,
23048,6.623465e-03,,
23049,2.534872e-04,,
23050,7.211801e-04,,
23051,6.309509e-04,,
23052,9.979645e-03,,
23053,1.227145e-02,,
23054,9.585824e-04,,
23055,1.768180e-03,,
23056,7.307521e-03,,
23057,2.203318e-04,,
23058,1.492546e-03,,
23059,5.021285e-03,,
23060,7.192044e-04,,
23061,3.576499e-03,,
23062,2.421978e-04,,
23063,9.969046e-04,,
23064,2.003027e-03,,
23065,1.904054e-03,,
23066,3.692198e-02,,
23067,1.553094e-02,,
23068,3.121897e-02,,
23069,4.273041e-02,,
23070,3.135251e-03,,
23071,1.072969e-03,,
23072,1.185661e-03,,
23073,3.505299e-03,,
23074,1.373733e-03,,
23075,1.926500e-02,,
23076,2.168935e-04,,
23077,4.702663e-04,,
23078,1.195248e-02,,
23079,3.620024e-03,,
23080,1.386547e-03,,
23081,2.657688e-02,,
23082,1.610279e-04,,
23083,1.297541e-04,,
23084,8.130774e-05,,
23085,1.323385e-03,,
23086,2.025665e-03,,
23087,2.371048e-04,,
23088,1.971447e-04,,
23089,2.470014e-04,,
23090,7.367528e-05,,
23091,4.826868e-04,,
23092,1.727913e-04,,
23093,6.503811e-04,,
23094,6.661264e-04,,
23095,1.530878e-01,,
23096,1.131972e-02,,
23097,8.151242e-02,,
23098,1.918762e-03,,
23099,1.128689e-03,,
23100,9.841861e-03,,
23101,9.820089e-04,,
23102,3.178153e-04,,
23103,2.081261e-03,,
23104,2.168877e-03,,
23105,2.778412e-03,,
23106,4.479101e-02,,
23107,3.319191e-04,,
23108,8.670800e-04,,
23109,8.254483e-04,,
23110,8.756085e-03,,
23111,1.641276e-01,,
23112,1.193868e-01,,
23113,9.602406e-03,,
23114,1.030579e-02,,
23115,3.104901e-02,,
23116,4.801913e-04,,
23117,3.359323e-03,,
23118,2.145671e-02,,
23119,2.119010e-02,,
23120,5.395542e-02,,
23121,2.120134e-01,,
23122,4.457226e-03,,
23123,4.582826e-03,,
23124,4.735340e-02,,
23125,1.809352e-02,,
23126,2.946298e-02,,
23127,1.875340e-02,,
23128,6.244170e-02,,
23129,1.797755e-01,,
23130,4.095485e-02,,
23131,3.463605e-04,,
23132,7.115916e-03,,
23133,1.094959e-02,,
23134,1.959001e-03,,
23135,5.900747e-03,,
23136,4.636289e-03,,
23137,1.036696e-02,,
23138,1.155424e-03,,
23139,3.724174e-02,,
23140,7.919027e-04,,
23141,1.024513e-01,,
23142,8.901094e-05,,
23143,1.241486e-03,,
23144,4.639680e-03,,
23145,2.804205e-03,,
23146,3.048308e-03,,
23147,3.178467e-03,,
23148,1.840347e-02,,
23149,9.532743e-03,,
23150,2.255635e-03,,
23151,3.260357e-03,,
23152,2.994610e-04,,
23153,7.547271e-02,,
23154,4.574583e-03,,
23155,2.730552e-03,,
23156,9.289659e-04,,
23157,4.278370e-03,,
23158,3.960943e-03,,
23159,2.334830e-04,,
23160,1.175679e-02,,
23161,3.762130e-04,,
23162,2.505028e-03,,
23163,5.197726e-04,,
23164,3.810949e-04,,
23165,3.775593e-03,,
23166,1.742495e-03,,
23167,1.038962e-03,,
23168,3.132600e-03,,
23169,1.154920e-03,,
23170,4.647079e-04,,
23171,2.514428e-03,,
23172,4.263904e-04,,
23173,3.267020e-04,,
23174,1.840969e-03,,
23175,1.426229e-02,,
23176,2.820358e-02,,
23177,3.538526e-01,,
23178,2.075454e-01,,
23179,3.755835e-02,,
23180,7.316184e-02,,
23181,5.694347e-02,,
23182,5.694343e-03,,
23183,2.685997e-02,,
23184,1.425856e-02,,
23185,7.969005e-02,,
23186,5.220801e-01,,
23187,5.314501e-02,,
23188,7.124312e-03,,
23189,1.314804e-02,,
23190,1.019871e-02,,
23191,2.728047e-02,,
23192,1.993823e-01,,
23193,6.719536e-02,,
23194,5.009483e-03,,
23195,7.621031e-04,,
23196,5.179484e-04,,
23197,1.646330e-01,,
23198,5.286598e-02,,
23199,6.351169e-02,,
23200,2.751001e-02,,
23201,5.775023e-03,,
23202,2.870495e-02,,
23203,2.836761e-02,,
23204,2.905832e-02,,
23205,7.714407e-03,,
23206,1.241460e-01,,
23207,3.546707e-02,,
23208,1.426620e-02,,
23209,1.311569e-03,,
23210,2.784721e-02,,
23211,3.301140e-03,,
23212,4.376732e-03,,
23213,1.152539e-03,,
23214,1.349528e-03,,
23215,2.095240e-02,,
23216,7.160057e-03,,
23217,8.257515e-04,,
23218,1.400589e-03,,
23219,1.259891e-03,,
23220,1.385867e-03,,
23221,3.456933e-03,,
23222,4.082886e-02,,
23223,1.762638e-03,,
23224,5.489365e-02,,
23225,2.153646e-01,,
23226,1.313459e-01,,
23227,1.246360e-03,,
23228,5.598640e-03,,
23229,5.281277e-03,,
23230,2.268743e-03,,
23231,3.133651e-03,,
23232,7.806958e-03,,
23233,1.915017e-03,,
23234,2.270800e-01,,
23235,9.127947e-02,,
23236,7.012595e-02,,
23237,2.960121e-02,,
23238,1.791403e-01,,
23239,1.151187e-02,,
23240,1.039204e-02,,
23241,7.176186e-03,,
23242,1.509573e-03,,
23243,7.408251e-04,,
23244,9.704895e-03,,
23245,1.739800e-02,,
23246,2.055411e-04,,
23247,2.787868e-03,,
23248,1.513958e-02,,
23249,1.160014e-02,,
23250,1.234027e-02,,
23251,1.225726e-02,,
23252,1.412945e-01,,
23253,1.047015e-02,,
23254,4.677550e-03,,
23255,1.901371e-02,,
23256,7.204521e-04,,
23257,4.180127e-02,,
23258,1.847194e-03,,
23259,4.065518e-03,,
23260,3.271867e-03,,
23261,1.130828e-02,,
23262,4.402840e-02,,
23263,1.784121e-03,,
23264,3.253388e-02,,
23265,1.044277e-02,,
23266,7.819664e-02,,
23267,3.391703e-04,,
23268,4.760366e-05,,
23269,1.033098e-04,,
23270,6.408508e-04,,
23271,4.508380e-04,,
23272,1.469279e-04,,
23273,6.342133e-05,,
23274,6.490322e-04,,
23275,1.233969e-04,,
23276,5.170763e-05,,
23277,1.426029e-05,,
23278,3.417476e-04,,
23279,4.244604e-05,,
23280,3.470293e-05,,
23281,9.351006e-04,,
23282,2.136886e-04,,
23283,1.805176e-03,,
23284,1.001359e-02,,
23285,2.182291e-04,,
23286,2.668734e-05,,
23287,6.712156e-04,,
23288,2.137407e-04,,
23289,5.987106e-04,,
23290,8.892219e-06,,
23291,4.438419e-04,,
23292,2.069413e-04,,
23293,1.160177e-05,,
23294,5.272755e-05,,
23295,7.243573e-05,,
23296,6.051234e-05,,
23297,6.221559e-06,,
23298,1.360112e-04,,
23299,1.129017e-05,,
23300,6.938110e-06,,
23301,6.628086e-05,,
23302,1.710555e-05,,
23303,3.364856e-04,,
23304,4.050128e-04,,
23305,1.018754e-03,,
23306,2.354399e-05,,
23307,5.884586e-06,,
23308,8.319131e-05,,
23309,4.885509e-05,,
23310,8.511510e-04,,
23311,3.310304e-05,,
23312,5.968724e-04,,
23313,2.506968e-05,,
23314,1.802162e-04,,
23315,1.350050e-05,,
23316,1.128748e-04,,
23317,1.764179e-04,,
23318,1.466970e-05,,
23319,3.198638e-05,,
23320,1.455679e-05,,
23321,1.691681e-03,,
23322,4.121439e-04,,
23323,1.031843e-03,,
23324,2.910333e-02,,
23325,2.244095e-03,,
23326,3.193397e-04,,
23327,7.122469e-05,,
23328,9.003466e-04,,
23329,6.666391e-04,,
23330,7.469468e-04,,
23331,2.723742e-04,,
23332,1.078533e-06,,
23333,1.667908e-06,,
23334,4.919720e-06,,
23335,2.088662e-05,,
23336,1.012984e-04,,
23337,2.657577e-05,,
23338,3.509370e-05,,
23339,4.322584e-05,,
23340,4.444463e-05,,
23341,2.318453e-05,,
23342,3.163673e-05,,
23343,5.974220e-05,,
23344,1.155164e-05,,
23345,8.836892e-05,,
23346,1.584953e-05,,
23347,3.028058e-04,,
23348,1.091057e-05,,
23349,1.036286e-04,,
23350,1.303372e-05,,
23351,2.325567e-05,,
23352,8.291242e-05,,
23353,1.750755e-04,,
23354,5.869141e-05,,
23355,1.347779e-03,,
23356,2.555130e-05,,
23357,1.356820e-05,,
23358,1.495505e-05,,
23359,3.470870e-04,,
23360,3.000844e-04,,
23361,3.401992e-04,,
23362,2.978382e-04,,
23363,1.047329e-05,,
23364,1.672829e-05,,
23365,2.264712e-04,,
23366,9.675431e-05,,
23367,3.235816e-04,,
23368,2.030055e-06,,
23369,9.402672e-05,,
23370,1.241210e-05,,
23371,6.222166e-06,,
23372,4.231234e-05,,
23373,6.576426e-05,,
23374,4.163357e-05,,
23375,1.048628e-04,,
23376,4.876949e-04,,
23377,3.413300e-06,,
23378,4.479539e-04,,
23379,3.417642e-05,,
23380,1.002527e-05,,
23381,8.847139e-06,,
23382,5.181277e-05,,
23383,1.067115e-04,,
23384,4.190747e-04,,
23385,2.387007e-04,,
23386,7.696414e-05,,
23387,1.891641e-04,,
23388,1.360971e-04,,
23389,2.210050e-05,,
23390,3.655751e-06,,
23391,2.896652e-05,,
23392,3.497106e-06,,
23393,8.358990e-05,,
23394,2.886590e-04,,
23395,1.219481e-03,,
23396,9.250827e-05,,
23397,8.568904e-05,,
23398,7.067205e-04,,
23399,3.236675e-05,,
23400,3.085477e-05,,
23401,6.418726e-04,,
23402,4.090231e-04,,
23403,9.064024e-05,,
23404,1.194026e-03,,
23405,2.278929e-04,,
23406,2.008805e-04,,
23407,2.116464e-04,,
23408,2.537530e-04,,
23409,1.761457e-05,,
23410,8.399112e-05,,
23411,6.235405e-05,,
23412,3.513540e-05,,
23413,1.694524e-05,,
23414,2.002816e-04,,
23415,3.888226e-05,,
23416,1.382290e-05,,
23417,6.450037e-05,,
23418,3.520588e-04,,
23419,1.877275e-05,,
23420,1.399818e-05,,
23421,4.532001e-03,,
23422,7.919794e-04,,
23423,8.397994e-04,,
23424,6.126954e-05,,
23425,1.231107e-05,,
23426,4.808139e-04,,
23427,4.730553e-05,,
23428,1.759326e-04,,
23429,3.125525e-04,,
23430,2.025981e-04,,
23431,4.573019e-04,,
23432,5.352413e-05,,
23433,8.606389e-04,,
23434,1.061417e-02,,
23435,1.851362e-02,,
23436,3.607214e-03,,
23437,1.839673e-03,,
23438,3.273746e-05,,
23439,7.140682e-05,,
23440,1.199758e-03,,
23441,1.499740e-04,,
23442,4.961556e-05,,
23443,5.182041e-05,,
23444,1.419997e-05,,
23445,2.293852e-05,,
23446,9.432019e-06,,
23447,9.043942e-05,,
23448,9.892757e-06,,
23449,2.376219e-04,,
23450,2.978997e-05,,
23451,3.376734e-05,,
23452,1.629583e-04,,
23453,2.520708e-05,,
23454,5.521169e-05,,
23455,3.631137e-05,,
23456,4.133521e-05,,
23457,1.630307e-05,,
23458,1.186125e-05,,
23459,3.165222e-05,,
23460,2.170673e-06,,
23461,1.287642e-03,,
23462,1.389797e-04,,
23463,2.816265e-04,,
23464,2.600576e-04,,
23465,1.265196e-04,,
23466,4.539516e-04,,
23467,5.286964e-04,,
23468,2.866684e-05,,
23469,8.863267e-05,,
23470,1.124034e-05,,
23471,9.278906e-05,,
23472,4.471906e-05,,
23473,3.552402e-04,,
23474,4.804901e-05,,
23475,1.789972e-05,,
23476,1.155398e-05,,
23477,1.586419e-03,,
23478,3.621486e-04,,
23479,8.231243e-05,,
23480,5.315432e-03,,
23481,7.744475e-03,,
23482,4.734116e-03,,
23483,8.351755e-04,,
23484,3.294168e-02,,
23485,8.615357e-04,,
23486,1.003105e-04,,
23487,7.007563e-05,,
23488,3.466289e-04,,
23489,1.558812e-04,,
23490,2.351755e-05,,
23491,4.236950e-03,,
23492,3.301369e-03,,
23493,1.797719e-02,,
23494,2.630828e-03,,
23495,3.706802e-04,,
23496,1.359060e-03,,
23497,1.961520e-03,,
23498,1.762869e-03,,
23499,3.862577e-04,,
23500,2.749521e-03,,
23501,9.529024e-04,,
23502,9.508989e-05,,
23503,1.443367e-03,,
23504,1.900717e-05,,
23505,1.704591e-03,,
23506,5.705891e-03,,
23507,1.359108e-03,,
23508,5.124801e-05,,
23509,6.324514e-04,,
23510,2.049530e-03,,
23511,1.876510e-03,,
23512,6.004604e-04,,
23513,3.066324e-04,,
23514,1.935115e-04,,
23515,1.089265e-05,,
23516,6.730701e-06,,
23517,4.154432e-05,,
23518,9.150558e-06,,
23519,2.000532e-04,,
23520,6.506904e-04,,
23521,5.247989e-05,,
23522,1.422857e-05,,
23523,1.977376e-05,,
23524,1.499531e-03,,
23525,7.730066e-06,,
23526,9.048849e-06,,
23527,6.976468e-06,,
23528,7.989225e-05,,
23529,2.328126e-04,,
23530,1.177042e-05,,
23531,3.254596e-06,,
23532,1.236810e-04,,
23533,5.145496e-06,,
23534,9.203710e-06,,
23535,2.581300e-04,,
23536,8.294920e-06,,
23537,4.373447e-05,,
23538,2.287734e-06,,
23539,2.518907e-04,,
23540,7.914675e-05,,
23541,9.049166e-05,,
23542,1.019212e-03,,
23543,1.245059e-05,,
23544,1.148576e-05,,
23545,2.659286e-05,,
23546,2.466387e-05,,
23547,1.410975e-04,,
23548,1.882061e-05,,
23549,1.048847e-05,,
23550,2.983783e-04,,
23551,2.049930e-04,,
23552,2.835117e-04,,
23553,2.478522e-03,,
23554,4.035632e-05,,
23555,3.920644e-05,,
23556,1.593969e-04,,
23557,3.429393e-04,,
23558,6.041380e-05,,
23559,3.431160e-05,,
23560,5.240653e-05,,
23561,1.238109e-03,,
23562,1.696120e-04,,
23563,1.291820e-04,,
23564,2.124700e-05,,
23565,1.465965e-04,,
23566,4.749386e-05,,
23567,1.590594e-04,,
23568,1.331755e-02,,
23569,1.615772e-02,,
23570,3.811383e-03,,
23571,2.903565e-04,,
23572,2.909448e-04,,
23573,5.801927e-05,,
23574,4.183158e-05,,
23575,5.163044e-05,,
23576,1.650066e-03,,
23577,9.486338e-05,,
23578,3.852088e-04,,
23579,4.518054e-05,,
23580,3.649859e-05,,
23581,4.971156e-04,,
23582,3.853419e-04,,
23583,1.681463e-05,,
23584,9.598754e-06,,
23585,5.814153e-05,,
23586,1.586732e-03,,
23587,1.189480e-05,,
23588,1.310627e-04,,
23589,1.009178e-04,,
23590,2.438987e-04,,
23591,4.224947e-03,,
23592,2.826703e-03,,
23593,3.454885e-02,,
23594,1.603793e-03,,
23595,2.042567e-02,,
23596,7.672804e-04,,
23597,1.142638e-04,,
23598,3.485793e-02,,
23599,1.730096e-03,,
23600,2.844240e-04,,
23601,3.539250e-04,,
23602,1.049857e-04,,
23603,2.743703e-05,,
23604,8.058827e-04,,
23605,3.418480e-03,,
23606,3.184372e-03,,
23607,3.006277e-03,,
23608,1.996967e-02,,
23609,1.002298e-02,,
23610,1.322789e-03,,
23611,2.497452e-03,,
23612,9.730009e-04,,
23613,1.677856e-02,,
23614,2.380983e-03,,
23615,8.881683e-03,,
23616,2.044861e-04,,
23617,5.890980e-04,,
23618,1.238487e-03,,
23619,2.479424e-02,,
23620,4.737764e-02,,
23621,1.796574e-03,,
23622,1.528347e-04,,
23623,6.254229e-05,,
23624,6.854032e-05,,
23625,3.223398e-03,,
23626,1.386324e-04,,
23627,2.425460e-05,,
23628,6.504975e-05,,
23629,2.890169e-05,,
23630,1.587689e-04,,
23631,5.972442e-05,,
23632,5.313682e-04,,
23633,6.757565e-04,,
23634,5.751900e-05,,
23635,1.901145e-03,,
23636,2.232782e-04,,
23637,4.835512e-03,,
23638,5.278989e-03,,
23639,4.727504e-03,,
23640,1.628666e-03,,
23641,6.772949e-05,,
23642,3.275688e-03,,
23643,2.718342e-04,,
23644,7.589126e-04,,
23645,3.831480e-04,,
23646,2.995645e-03,,
23647,1.969097e-03,,
23648,1.715202e-03,,
23649,9.468162e-04,,
23650,7.281281e-04,,
23651,3.091618e-04,,
23652,5.082483e-04,,
23653,1.341191e-03,,
23654,2.046231e-03,,
23655,1.846010e-04,,
23656,5.832095e-03,,
23657,1.355941e-03,,
23658,1.489744e-04,,
23659,1.353877e-05,,
23660,2.980299e-05,,
23661,1.848897e-05,,
23662,1.518994e-05,,
23663,3.650090e-05,,
23664,8.649539e-05,,
23665,9.219868e-04,,
23666,2.508866e-04,,
23667,4.246119e-04,,
23668,5.423861e-03,,
23669,1.693510e-03,,
23670,3.232436e-04,,
23671,3.833265e-03,,
23672,1.366195e-02,,
23673,2.191289e-02,,
23674,1.812078e-02,,
23675,5.512992e-03,,
23676,4.905508e-04,,
23677,8.251041e-04,,
23678,1.162854e-02,,
23679,4.367463e-03,,
23680,3.807998e-03,,
23681,1.989564e-02,,
23682,2.284021e-03,,
23683,1.030544e-03,,
23684,4.043350e-04,,
23685,3.425120e-03,,
23686,1.879936e-04,,
23687,2.629014e-03,,
23688,2.358916e-02,,
23689,4.286479e-04,,
23690,2.360934e-03,,
23691,3.058379e-04,,
23692,1.472119e-04,,
23693,2.476126e-04,,
23694,2.992684e-03,,
23695,7.353389e-04,,
23696,1.209013e-03,,
23697,3.910561e-03,,
23698,3.983489e-03,,
23699,3.548838e-03,,
23700,1.182747e-03,,
23701,2.108830e-05,,
23702,1.001388e-04,,
23703,1.375723e-05,,
23704,4.727433e-05,,
23705,1.875311e-03,,
23706,1.905150e-04,,
23707,7.514256e-04,,
23708,1.369649e-03,,
23709,8.388321e-04,,
23710,1.053166e-03,,
23711,7.114077e-05,,
23712,2.693681e-05,,
23713,3.494748e-04,,
23714,1.345515e-04,,
23715,6.100006e-03,,
23716,6.311236e-04,,
23717,1.707074e-02,,
23718,4.609475e-03,,
23719,1.608713e-02,,
23720,1.081292e-02,,
23721,4.200361e-01,,
23722,7.167280e-02,,
23723,5.512039e-03,,
23724,3.315770e-05,,
23725,4.909455e-05,,
23726,2.269323e-04,,
23727,1.570519e-03,,
23728,1.156290e-01,,
23729,6.627980e-02,,
23730,7.800784e-03,,
23731,3.511348e-03,,
23732,5.265533e-02,,
23733,1.590486e-03,,
23734,1.324624e-02,,
23735,1.295988e-03,,
23736,2.618972e-03,,
23737,7.939280e-03,,
23738,1.661632e-03,,
23739,1.208175e-03,,
23740,5.961030e-03,,
23741,5.676637e-01,,
23742,1.078436e-02,,
23743,1.977260e-02,,
23744,7.370307e-02,,
23745,8.100924e-03,,
23746,1.390670e-03,,
23747,4.908552e-03,,
23748,7.173500e-04,,
23749,9.215621e-04,,
23750,6.149916e-03,,
23751,1.136821e-03,,
23752,1.421048e-03,,
23753,4.480756e-02,,
23754,2.672865e-03,,
23755,1.301502e-02,,
23756,6.637837e-03,,
23757,1.159705e-03,,
23758,1.389651e-03,,
23759,5.899183e-04,,
23760,4.627126e-02,,
23761,8.278411e-03,,
23762,6.176821e-04,,
23763,2.137121e-03,,
23764,1.071621e-03,,
23765,1.019416e-03,,
23766,4.809119e-04,,
23767,2.792723e-04,,
23768,1.492190e-02,,
23769,3.216557e-02,,
23770,2.454678e-02,,
23771,1.289959e-02,,
23772,4.306353e-03,,
23773,1.748749e-02,,
23774,6.722531e-04,,
23775,9.298986e-03,,
23776,4.429413e-03,,
23777,1.509579e-03,,
23778,1.026098e-03,,
23779,6.975397e-04,,
23780,4.594319e-03,,
23781,4.424913e-03,,
23782,1.192858e-02,,
23783,1.528004e-02,,
23784,1.230894e-02,,
23785,2.859579e-04,,
23786,1.131156e-03,,
23787,2.644468e-02,,
23788,3.582187e-03,,
23789,8.931662e-03,,
23790,3.178140e-03,,
23791,2.548091e-02,,
23792,5.649389e-03,,
23793,5.037435e-02,,
23794,2.287078e-03,,
23795,8.559199e-02,,
23796,1.659492e-01,,
23797,1.281910e-03,,
23798,4.409663e-02,,
23799,2.019844e-01,,
23800,1.459356e-02,,
23801,1.673523e-01,,
23802,1.493957e-01,,
23803,4.982889e-02,,
23804,3.979576e-02,,
23805,2.604999e-03,,
23806,3.940193e-03,,
23807,4.228481e-02,,
23808,2.354594e-02,,
23809,3.007576e-02,,
23810,1.793676e-02,,
23811,1.389896e-03,,
23812,4.083241e-03,,
23813,2.251781e-03,,
23814,2.824880e-02,,
23815,6.823746e-02,,
23816,3.938016e-01,,
23817,8.163016e-02,,
23818,2.734235e-03,,
23819,3.318331e-01,,
23820,1.715203e-03,,
23821,8.647693e-04,,
23822,4.293701e-03,,
23823,5.741665e-03,,
23824,1.410304e-02,,
23825,1.579693e-03,,
23826,8.883888e-04,,
23827,2.503599e-03,,
23828,1.146241e-03,,
23829,1.743180e-03,,
23830,1.879521e-01,,
23831,8.171032e-01,,
23832,1.070857e-01,,
23833,4.045155e-02,,
23834,1.058894e-01,,
23835,3.855124e-03,,
23836,1.631381e-02,,
23837,6.647616e-02,,
23838,5.996840e-04,,
23839,5.281343e-03,,
23840,8.004052e-04,,
23841,9.221297e-04,,
23842,2.637404e-04,,
23843,5.576038e-04,,
23844,4.055494e-02,,
23845,1.904549e-02,,
23846,5.550874e-03,,
23847,6.089784e-02,,
23848,1.994925e-02,,
23849,5.053325e-02,,
23850,1.175305e-02,,
23851,1.259366e-02,,
23852,1.800172e-04,,
23853,7.674383e-05,,
23854,1.234317e-04,,
23855,9.634090e-02,,
23856,6.205648e-03,,
23857,1.639436e-02,,
23858,1.037453e-03,,
23859,1.705541e-02,,
23860,1.272457e-01,,
23861,1.313251e-03,,
23862,4.546282e-03,,
23863,1.056287e-02,,
23864,4.095974e-03,,
23865,3.246547e-03,,
23866,2.444894e-03,,
23867,1.627768e-03,,
23868,1.926060e-03,,
23869,9.849350e-04,,
23870,5.736370e-04,,
23871,1.350164e-01,,
23872,2.567235e-01,,
23873,1.815766e-01,,
23874,7.885482e-03,,
23875,1.080151e-02,,
23876,8.681617e-04,,
23877,2.905426e-01,,
23878,7.504613e-04,,
23879,1.481850e-03,,
23880,2.798088e-04,,
23881,7.940234e-05,,
23882,1.314163e-04,,
23883,2.607594e-03,,
23884,7.121939e-04,,
23885,1.345568e-04,,
23886,3.527747e-03,,
23887,9.138957e-04,,
23888,3.296411e-04,,
23889,6.632684e-05,,
23890,1.957914e-04,,
23891,3.263675e-04,,
23892,1.847405e-04,,
23893,3.581974e-03,,
23894,2.643939e-03,,
23895,9.730086e-03,,
23896,6.884066e-03,,
23897,3.045530e-04,,
23898,7.429387e-04,,
23899,1.965014e-03,,
23900,1.981165e-03,,
23901,2.436994e-04,,
23902,1.022980e-03,,
23903,2.149922e-02,,
23904,6.445650e-05,,
23905,6.963475e-05,,
23906,9.034294e-05,,
23907,5.388493e-05,,
23908,1.405123e-05,,
23909,6.398921e-05,,
23910,3.521573e-04,,
23911,1.999342e-02,,
23912,9.278426e-03,,
23913,7.677068e-03,,
23914,3.803274e-03,,
23915,1.358032e-02,,
23916,9.796002e-04,,
23917,6.905006e-04,,
23918,5.823449e-04,,
23919,5.092723e-02,,
23920,8.495784e-02,,
23921,1.033998e-02,,
23922,3.031918e-04,,
23923,4.856512e-05,,
23924,1.093784e-04,,
23925,1.495423e-04,,
23926,1.655844e-02,,
23927,1.449547e-03,,
23928,4.207648e-03,,
23929,1.649158e-03,,
23930,1.748787e-04,,
23931,2.768969e-04,,
23932,3.701866e-04,,
23933,5.155061e-03,,
23934,2.916309e-03,,
23935,7.201036e-03,,
23936,1.818096e-02,,
23937,1.966785e-03,,
23938,1.565290e-02,,
23939,3.168450e-04,,
23940,3.330729e-04,,
23941,1.767312e-04,,
23942,4.269007e-04,,
23943,1.169271e-03,,
23944,4.876231e-03,,
23945,1.769611e-04,,
23946,4.544398e-04,,
23947,4.331264e-04,,
23948,6.642033e-04,,
23949,1.307613e-03,,
23950,5.361803e-03,,
23951,6.838027e-02,,
23952,2.735705e-02,,
23953,1.637627e-02,,
23954,1.456387e-04,,
23955,3.498408e-04,,
23956,2.836708e-03,,
23957,2.626162e-03,,
23958,2.156119e-03,,
23959,4.167031e-04,,
23960,2.315188e-04,,
23961,1.293439e-04,,
23962,6.705515e-03,,
23963,4.103296e-05,,
23964,2.565615e-04,,
23965,4.730544e-05,,
23966,2.861193e-05,,
23967,2.280651e-04,,
23968,3.695769e-05,,
23969,2.897035e-04,,
23970,4.943581e-04,,
23971,2.412191e-03,,
23972,8.006721e-05,,
23973,3.891725e-05,,
23974,3.736204e-04,,
23975,5.741242e-04,,
23976,4.541683e-04,,
23977,1.232835e-03,,
23978,1.859453e-04,,
23979,2.851275e-04,,
23980,5.874587e-03,,
23981,6.907036e-04,,
23982,4.493248e-04,,
23983,2.977393e-04,,
23984,8.325011e-04,,
23985,1.206062e-05,,
23986,3.200428e-04,,
23987,2.743479e-03,,
23988,1.999903e-04,,
23989,8.605101e-05,,
23990,8.520075e-06,,
23991,3.648394e-05,,
23992,3.331879e-05,,
23993,1.507314e-04,,
23994,5.956189e-05,,
23995,2.132157e-03,,
23996,1.464094e-03,,
23997,1.506038e-02,,
23998,1.191902e-01,,
23999,1.407726e-01,,
24000,2.276643e-02,,
24001,3.103897e-04,,
24002,2.635060e-04,,
24003,2.169089e-04,,
24004,8.114388e-04,,
24005,8.992943e-04,,
24006,6.841577e-05,,
24007,6.267720e-03,,
24008,1.145096e-03,,
24009,2.700081e-05,,
24010,1.274437e-04,,
24011,1.135409e-04,,
24012,6.516343e-05,,
24013,1.175533e-04,,
24014,4.115846e-04,,
24015,3.392269e-04,,
24016,4.284375e-04,,
24017,2.176906e-05,,
24018,1.808500e-05,,
24019,8.953839e-06,,
24020,1.310111e-05,,
24021,8.540837e-04,,
24022,9.097995e-05,,
24023,2.471118e-03,,
24024,7.773578e-04,,
24025,1.425951e-04,,
24026,5.472438e-04,,
24027,5.063198e-03,,
24028,4.622636e-04,,
24029,1.585712e-03,,
24030,5.083115e-04,,
24031,6.369760e-03,,
24032,2.326213e-02,,
24033,3.260992e-03,,
24034,1.831034e-03,,
24035,2.353999e-04,,
24036,5.895566e-02,,
24037,2.774323e-02,,
24038,4.406484e-02,,
24039,2.462311e-02,,
24040,5.937751e-01,,
24041,2.713750e-01,,
24042,3.676756e-03,,
24043,7.264600e-04,,
24044,7.699794e-03,,
24045,3.008739e-03,,
24046,2.655592e-03,,
24047,1.860152e-02,,
24048,1.949642e-03,,
24049,9.443194e-03,,
24050,5.466708e-03,,
24051,4.566418e-03,,
24052,5.473487e-03,,
24053,3.641257e-03,,
24054,1.562054e-02,,
24055,5.761076e-02,,
24056,2.973804e-02,,
24057,2.322276e-01,,
24058,1.957310e-02,,
24059,6.349899e-02,,
24060,4.281786e-04,,
24061,5.065655e-03,,
24062,4.636976e-05,,
24063,6.652088e-04,,
24064,2.008974e-04,,
24065,1.172705e-03,,
24066,8.858922e-03,,
24067,5.289297e-04,,
24068,1.115830e-04,,
24069,1.397586e-03,,
24070,4.965426e-03,,
24071,1.647701e-03,,
24072,3.941016e-03,,
24073,4.200184e-04,,
24074,1.713416e-05,,
24075,3.233605e-05,,
24076,3.718099e-05,,
24077,3.774913e-05,,
24078,2.187662e-04,,
24079,1.540543e-03,,
24080,3.000399e-04,,
24081,1.373585e-03,,
24082,3.122790e-03,,
24083,5.414058e-04,,
24084,3.918308e-04,,
24085,5.520985e-05,,
24086,4.448068e-05,,
24087,3.665480e-05,,
24088,5.799256e-04,,
24089,5.030162e-04,,
24090,5.270403e-05,,
24091,9.438434e-05,,
24092,1.004306e-03,,
24093,2.547894e-03,,
24094,6.520270e-04,,
24095,1.563263e-05,,
24096,9.665103e-05,,
24097,3.351227e-04,,
24098,5.554124e-03,,
24099,3.318278e-04,,
24100,2.207456e-04,,
24101,1.181611e-03,,
24102,1.762339e-02,,
24103,1.841037e-04,,
24104,8.347183e-04,,
24105,4.755466e-05,,
24106,6.722720e-05,,
24107,6.840625e-04,,
24108,2.553573e-04,,
24109,3.577734e-04,,
24110,1.621054e-03,,
24111,1.621654e-05,,
24112,9.830954e-05,,
24113,2.547757e-04,,
24114,4.963753e-05,,
24115,4.008118e-05,,
24116,2.473955e-04,,
24117,3.651551e-03,,
24118,1.019414e-03,,
24119,3.213408e-03,,
24120,3.143019e-02,,
24121,1.374971e-03,,
24122,1.243172e-04,,
24123,1.298660e-04,,
24124,4.014356e-05,,
24125,1.289877e-03,,
24126,1.091131e-04,,
24127,9.985671e-04,,
24128,3.063215e-02,,
24129,2.682119e-02,,
24130,1.777546e-04,,
24131,1.727096e-03,,
24132,5.615488e-04,,
24133,7.934272e-03,,
24134,6.013255e-04,,
24135,9.042499e-03,,
24136,2.500339e-02,,
24137,4.512218e-03,,
24138,1.162636e-02,,
24139,9.196542e-04,,
24140,2.303767e-04,,
24141,2.623788e-03,,
24142,1.498112e-03,,
24143,1.056805e-02,,
24144,1.433346e-03,,
24145,3.581605e-03,,
24146,5.612634e-04,,
24147,5.027868e-03,,
24148,1.302964e-03,,
24149,4.635590e-05,,
24150,1.389425e-04,,
24151,3.908809e-04,,
24152,1.618431e-03,,
24153,1.070295e-03,,
24154,1.628625e-04,,
24155,2.654719e-05,,
24156,6.484807e-04,,
24157,8.482910e-05,,
24158,1.458654e-05,,
24159,2.721468e-05,,
24160,5.975633e-03,,
24161,9.703946e-04,,
24162,4.088560e-04,,
24163,1.648855e-03,,
24164,5.698208e-04,,
24165,7.450586e-04,,
24166,2.299519e-05,,
24167,3.609652e-05,,
24168,1.125710e-04,,
24169,2.154273e-03,,
24170,3.298757e-04,,
24171,1.180202e-05,,
24172,4.708273e-04,,
24173,9.526659e-04,,
24174,3.180512e-04,,
24175,2.855806e-03,,
24176,5.912184e-04,,
24177,1.250343e-03,,
24178,7.630362e-04,,
24179,1.004004e-03,,
24180,2.090784e-04,,
24181,1.104455e-02,,
24182,1.389549e-03,,
24183,8.677958e-04,,
24184,2.306959e-02,,
24185,5.869467e-04,,
24186,5.406658e-03,,
24187,1.280279e-03,,
24188,7.440264e-04,,
24189,3.322002e-03,,
24190,6.889750e-02,,
24191,1.169323e-01,,
24192,2.491214e-02,,
24193,9.685227e-03,,
24194,1.447460e-02,,
24195,9.851313e-03,,
24196,1.681409e-03,,
24197,3.573939e-03,,
24198,3.535284e-03,,
24199,4.599569e-04,,
24200,4.426430e-03,,
24201,3.579351e-03,,
24202,9.413264e-03,,
24203,3.162078e-02,,
24204,5.608026e-02,,
24205,4.976053e-03,,
24206,1.093334e-01,,
24207,1.785711e-03,,
24208,1.949394e-03,,
24209,1.434774e-02,,
24210,3.189633e-03,,
24211,9.581330e-02,,
24212,4.043301e-02,,
24213,3.872796e-02,,
24214,1.264564e-02,,
24215,1.335528e-02,,
24216,2.125182e-04,,
24217,1.594358e-02,,
24218,2.002232e-02,,
24219,2.673873e-02,,
24220,6.972611e-02,,
24221,5.079546e-03,,
24222,2.674890e-03,,
24223,2.049781e-03,,
24224,7.628768e-05,,
24225,3.791269e-04,,
24226,3.342065e-04,,
24227,7.029667e-04,,
24228,3.207155e-03,,
24229,1.681898e-04,,
24230,6.057159e-03,,
24231,6.904387e-03,,
24232,1.715511e-03,,
24233,1.046732e-04,,
24234,1.223739e-04,,
24235,3.671765e-03,,
24236,2.218514e-04,,
24237,1.633542e-04,,
24238,1.971456e-04,,
24239,3.214131e-04,,
24240,3.957772e-04,,
24241,3.233909e-04,,
24242,5.968458e-04,,
24243,1.270942e-02,,
24244,7.016362e-03,,
24245,3.164294e-02,,
24246,8.885048e-03,,
24247,1.459930e-03,,
24248,3.284763e-04,,
24249,1.111834e-03,,
24250,6.586246e-03,,
24251,3.467602e-05,,
24252,5.576258e-03,,
24253,4.708463e-03,,
24254,5.802185e-04,,
24255,7.189499e-04,,
24256,8.023887e-04,,
24257,1.597310e-04,,
24258,6.495852e-03,,
24259,4.045274e-03,,
24260,2.814039e-03,,
24261,5.883206e-03,,
24262,6.318132e-03,,
24263,1.541974e-05,,
24264,5.135835e-04,,
24265,6.025543e-06,,
24266,1.764454e-03,,
24267,2.495067e-03,,
24268,1.880219e-04,,
24269,2.934659e-04,,
24270,8.079250e-05,,
24271,6.026679e-04,,
24272,1.230413e-04,,
24273,7.749044e-04,,
24274,1.264593e-03,,
24275,2.999723e-04,,
24276,5.310732e-04,,
24277,2.057514e-03,,
24278,4.608096e-03,,
24279,2.059452e-03,,
24280,1.641697e-03,,
24281,4.153327e-03,,
24282,2.698239e-03,,
24283,2.097917e-02,,
24284,6.924054e-03,,
24285,8.663264e-04,,
24286,3.952499e-03,,
24287,2.993166e-03,,
24288,1.354210e-02,,
24289,1.007767e-02,,
24290,7.217551e-04,,
24291,2.262432e-02,,
24292,5.928997e-03,,
24293,2.757006e-03,,
24294,4.284689e-03,,
24295,5.811061e-03,,
24296,2.797475e-03,,
24297,4.597112e-01,,
24298,4.758967e-04,,
24299,4.739496e-04,,
24300,4.446455e-04,,
24301,2.983422e-03,,
24302,3.570103e-03,,
24303,2.408057e-02,,
24304,3.849083e-03,,
24305,1.480543e-03,,
24306,1.288471e-02,,
24307,7.593311e-04,,
24308,3.624225e-04,,
24309,3.855050e-03,,
24310,4.544350e-02,,
24311,8.809264e-03,,
24312,5.136123e-04,,
24313,2.771650e-03,,
24314,3.223733e-03,,
24315,8.892229e-03,,
24316,1.315280e-01,,
24317,4.138918e-04,,
24318,1.788213e-03,,
24319,3.292410e-03,,
24320,2.052340e-04,,
24321,2.396628e-04,,
24322,6.949841e-05,,
24323,1.683980e-04,,
24324,9.147448e-03,,
24325,1.185250e-03,,
24326,9.241874e-05,,
24327,1.109050e-04,,
24328,6.264740e-05,,
24329,1.307851e-04,,
24330,1.533812e-04,,
24331,2.900268e-03,,
24332,1.221991e-05,,
24333,3.038570e-04,,
24334,1.042078e-04,,
24335,6.883265e-05,,
24336,2.479092e-05,,
24337,1.481739e-04,,
24338,2.104065e-03,,
24339,2.095395e-03,,
24340,4.524254e-05,,
24341,1.313575e-05,,
24342,7.619905e-04,,
24343,6.525248e-04,,
24344,2.604438e-04,,
24345,1.246113e-04,,
24346,3.607031e-05,,
24347,1.708430e-03,,
24348,3.827239e-04,,
24349,1.731471e-04,,
24350,7.570331e-04,,
24351,5.463131e-05,,
24352,2.381931e-04,,
24353,6.233073e-04,,
24354,1.876326e-04,,
24355,5.693388e-03,,
24356,9.594878e-04,,
24357,3.739347e-04,,
24358,1.806189e-04,,
24359,6.444303e-04,,
24360,5.457029e-02,,
24361,3.557324e-04,,
24362,3.767478e-04,,
24363,4.003973e-04,,
24364,1.607304e-05,,
24365,1.024794e-04,,
24366,6.051017e-05,,
24367,1.318689e-04,,
24368,2.712419e-02,,
24369,1.595701e-03,,
24370,1.360998e-03,,
24371,1.304543e-03,,
24372,5.775421e-04,,
24373,6.566385e-03,,
24374,8.704034e-05,,
24375,4.472725e-04,,
24376,1.189878e-04,,
24377,2.681687e-04,,
24378,6.487178e-04,,
24379,3.195898e-03,,
24380,6.885464e-04,,
24381,9.194502e-04,,
24382,9.452487e-05,,
24383,1.714121e-04,,
24384,8.556029e-03,,
24385,4.068506e-03,,
24386,3.037006e-03,,
24387,2.687036e-04,,
24388,3.619936e-04,,
24389,6.524565e-05,,
24390,1.057252e-03,,
24391,6.362515e-03,,
24392,4.575386e-04,,
24393,2.186642e-03,,
24394,3.181438e-03,,
24395,7.474450e-04,,
24396,4.058631e-04,,
24397,5.143388e-04,,
24398,2.347691e-03,,
24399,1.173807e-04,,
24400,3.236734e-05,,
24401,2.562408e-05,,
24402,8.377180e-04,,
24403,6.405568e-04,,
24404,5.383944e-03,,
24405,7.303982e-04,,
24406,9.503543e-05,,
24407,1.240886e-04,,
24408,2.660931e-04,,
24409,2.385507e-05,,
24410,3.373267e-03,,
24411,4.083632e-04,,
24412,6.694698e-04,,
24413,1.848204e-04,,
24414,1.129355e-03,,
24415,1.763208e-04,,
24416,1.417613e-02,,
24417,5.168951e-03,,
24418,2.019674e-02,,
24419,1.275894e-01,,
24420,2.593845e-01,,
24421,1.854348e-02,,
24422,8.201170e-01,,
24423,3.118748e-03,,
24424,2.417231e-03,,
24425,2.780352e-03,,
24426,9.316674e-03,,
24427,3.006042e-04,,
24428,3.357053e-04,,
24429,8.255615e-04,,
24430,1.239205e-02,,
24431,7.234373e-02,,
24432,1.039588e-03,,
24433,4.681914e-03,,
24434,2.927964e-03,,
24435,2.724004e-03,,
24436,1.898542e-03,,
24437,6.042083e-04,,
24438,3.118491e-03,,
24439,3.290133e-04,,
24440,1.031862e-03,,
24441,4.122170e-04,,
24442,4.705287e-04,,
24443,6.335587e-03,,
24444,1.536961e-03,,
24445,1.332748e-04,,
24446,9.521829e-05,,
24447,1.611350e-02,,
24448,5.071882e-03,,
24449,2.161105e-03,,
24450,8.104029e-03,,
24451,2.496366e-02,,
24452,3.275098e-04,,
24453,1.762696e-02,,
24454,1.060621e-04,,
24455,1.716215e-03,,
24456,7.460689e-04,,
24457,1.904485e-04,,
24458,2.218913e-05,,
24459,1.708486e-04,,
24460,3.006833e-05,,
24461,9.467303e-05,,
24462,2.507668e-05,,
24463,7.628525e-04,,
24464,4.344277e-04,,
24465,5.977783e-05,,
24466,6.544698e-05,,
24467,7.304514e-05,,
24468,1.051267e-04,,
24469,1.331536e-03,,
24470,1.349770e-04,,
24471,7.964557e-05,,
24472,1.244041e-02,,
24473,4.825779e-03,,
24474,1.111815e-03,,
24475,1.214704e-03,,
24476,1.079354e-03,,
24477,2.504626e-02,,
24478,1.388136e-03,,
24479,5.151450e-04,,
24480,1.510162e-03,,
24481,2.079882e-01,,
24482,3.396264e-03,,
24483,5.225294e-03,,
24484,1.862013e-02,,
24485,4.259579e-03,,
24486,8.731140e-02,,
24487,3.048314e-02,,
24488,1.187600e-02,,
24489,2.497392e-03,,
24490,1.095271e-02,,
24491,9.463743e-04,,
24492,5.314042e-04,,
24493,1.142913e-02,,
24494,1.499389e-01,,
24495,3.176774e-02,,
24496,1.417035e-02,,
24497,1.938678e-03,,
24498,2.181757e-03,,
24499,4.256916e-03,,
24500,1.167498e-03,,
24501,7.395605e-04,,
24502,7.316416e-04,,
24503,2.407964e-02,,
24504,1.338368e-02,,
24505,2.403284e-02,,
24506,9.014540e-03,,
24507,4.557736e-02,,
24508,8.248898e-04,,
24509,7.044292e-04,,
24510,7.399882e-04,,
24511,2.431006e-03,,
24512,1.453978e-04,,
24513,6.471642e-05,,
24514,5.607865e-03,,
24515,2.793789e-04,,
24516,5.962794e-03,,
24517,7.307602e-04,,
24518,1.466636e-03,,
24519,1.887612e-03,,
24520,3.171302e-04,,
24521,1.366586e-03,,
24522,1.568453e-03,,
24523,9.167347e-05,,
24524,1.372351e-04,,
24525,1.765804e-04,,
24526,2.457577e-03,,
24527,8.127712e-05,,
24528,9.422980e-05,,
24529,1.706024e-03,,
24530,4.157721e-04,,
24531,4.234990e-04,,
24532,1.707867e-03,,
24533,1.995026e-02,,
24534,1.800223e-02,,
24535,1.491902e-04,,
24536,7.033422e-02,,
24537,6.557862e-03,,
24538,1.657041e-02,,
24539,9.172208e-03,,
24540,1.001484e-02,,
24541,6.349800e-03,,
24542,3.103490e-04,,
24543,1.751512e-03,,
24544,2.471300e-02,,
24545,1.534443e-03,,
24546,4.657214e-04,,
24547,1.654758e-03,,
24548,3.799053e-03,,
24549,2.050353e-03,,
24550,3.827896e-03,,
24551,3.844959e-03,,
24552,6.140484e-03,,
24553,4.431589e-02,,
24554,4.376643e-03,,
24555,3.876486e-03,,
24556,1.412236e-02,,
24557,1.360803e-03,,
24558,6.782582e-06,,
24559,7.657967e-06,,
24560,9.336676e-05,,
24561,2.220401e-04,,
24562,2.549056e-03,,
24563,6.614264e-05,,
24564,6.500961e-05,,
24565,3.842130e-05,,
24566,6.562426e-05,,
24567,4.057191e-03,,
24568,3.825447e-04,,
24569,4.015611e-03,,
24570,4.794150e-03,,
24571,1.416517e-03,,
24572,1.328798e-03,,
24573,1.079214e-03,,
24574,2.439491e-04,,
24575,6.610448e-04,,
24576,1.174081e-03,,
24577,2.294580e-03,,
24578,5.152856e-02,,
24579,1.223041e-02,,
24580,1.996011e-04,,
24581,3.947418e-05,,
24582,4.633257e-05,,
24583,7.489710e-05,,
24584,2.932130e-02,,
24585,1.931050e-04,,
24586,8.728710e-04,,
24587,1.343854e-03,,
24588,1.057128e-03,,
24589,4.459612e-03,,
24590,5.877631e-03,,
24591,5.235126e-02,,
24592,5.202520e-03,,
24593,9.471865e-05,,
24594,7.710656e-05,,
24595,1.365439e-04,,
24596,4.163632e-05,,
24597,7.887640e-03,,
24598,1.155838e-04,,
24599,9.304319e-04,,
24600,3.814225e-03,,
24601,3.027658e-03,,
24602,4.969592e-03,,
24603,1.322097e-02,,
24604,4.381172e-03,,
24605,5.146889e-04,,
24606,1.889726e-02,,
24607,1.007414e-03,,
24608,2.290822e-03,,
24609,1.538509e-03,,
24610,1.960876e-03,,
24611,2.087767e-03,,
24612,3.948515e-04,,
24613,2.807827e-04,,
24614,1.041622e-04,,
24615,1.162601e-03,,
24616,3.935973e-03,,
24617,1.884974e-04,,
24618,6.820108e-05,,
24619,9.544663e-04,,
24620,9.533384e-05,,
24621,2.054128e-04,,
24622,7.925325e-04,,
24623,1.362388e-02,,
24624,6.091822e-03,,
24625,8.354780e-02,,
24626,2.301326e-04,,
24627,3.395697e-04,,
24628,2.284976e-04,,
24629,6.968069e-05,,
24630,4.696172e-05,,
24631,2.801230e-03,,
24632,1.690499e-03,,
24633,1.529348e-03,,
24634,2.701942e-03,,
24635,4.059177e-04,,
24636,1.063542e-04,,
24637,4.861915e-05,,
24638,1.869330e-04,,
24639,1.230327e-04,,
24640,1.732729e-04,,
24641,3.878381e-03,,
24642,3.866148e-04,,
24643,2.754636e-04,,
24644,1.131681e-03,,
24645,3.038161e-04,,
24646,3.697679e-03,,
24647,9.970332e-03,,
24648,1.521743e-02,,
24649,3.471139e-01,,
24650,4.056324e-02,,
24651,1.671759e-03,,
24652,2.241099e-03,,
24653,7.218128e-03,,
24654,9.881731e-04,,
24655,3.943625e-03,,
24656,7.224704e-02,,
24657,1.897657e-03,,
24658,2.399728e-02,,
24659,5.474666e-03,,
24660,6.594880e-02,,
24661,1.337642e-02,,
24662,3.569155e-02,,
24663,1.632230e-02,,
24664,2.463408e-03,,
24665,2.113309e-03,,
24666,1.922884e-03,,
24667,9.868998e-02,,
24668,8.929624e-02,,
24669,4.786156e-03,,
24670,3.283597e-01,,
24671,7.559696e-03,,
24672,1.601013e-03,,
24673,1.213645e-03,,
24674,2.724655e-03,,
24675,1.143032e-01,,
24676,1.082115e-02,,
24677,1.095751e-02,,
24678,3.484125e-03,,
24679,2.118665e-03,,
24680,3.020613e-03,,
24681,5.769360e-03,,
24682,2.391320e-03,,
24683,2.745992e-03,,
24684,3.969320e-02,,
24685,6.463666e-03,,
24686,9.348072e-03,,
24687,2.037816e-03,,
24688,1.500732e-03,,
24689,5.801752e-05,,
24690,1.279389e-03,,
24691,9.820677e-03,,
24692,4.220341e-03,,
24693,1.358823e-02,,
24694,3.735135e-04,,
24695,1.008253e-03,,
24696,2.581458e-03,,
24697,9.851328e-03,,
24698,6.008333e-04,,
24699,6.178431e-05,,
24700,1.671295e-04,,
24701,1.054739e-03,,
24702,1.015943e-04,,
24703,1.190288e-03,,
24704,2.568751e-04,,
24705,7.540197e-04,,
24706,3.369116e-03,,
24707,2.875485e-03,,
24708,1.929279e-03,,
24709,6.824793e-04,,
24710,1.936288e-03,,
24711,5.070668e-05,,
24712,1.640760e-02,,
24713,1.263459e-02,,
24714,2.708953e-05,,
24715,1.193463e-03,,
24716,1.804072e-04,,
24717,5.375547e-05,,
24718,9.004590e-04,,
24719,1.630692e-03,,
24720,1.609331e-03,,
24721,3.937375e-04,,
24722,6.206324e-03,,
24723,2.399024e-04,,
24724,1.673103e-04,,
24725,4.418849e-04,,
24726,1.768880e-03,,
24727,4.445995e-04,,
24728,2.080879e-03,,
24729,1.476988e-04,,
24730,1.029647e-03,,
24731,2.747636e-04,,
24732,8.120232e-04,,
24733,2.071520e-03,,
24734,2.394653e-04,,
24735,5.929753e-05,,
24736,8.555366e-04,,
24737,1.830236e-04,,
24738,2.616769e-03,,
24739,1.340866e-03,,
24740,5.596451e-04,,
24741,5.689866e-03,,
24742,2.808924e-03,,
24743,1.415596e-02,,
24744,1.730390e-02,,
24745,5.291111e-04,,
24746,8.343530e-04,,
24747,1.592370e-03,,
24748,1.080387e-03,,
24749,1.069746e-03,,
24750,4.958209e-04,,
24751,1.361432e-03,,
24752,1.241585e-02,,
24753,2.123942e-03,,
24754,5.979162e-06,,
24755,4.485882e-05,,
24756,4.093003e-05,,
24757,2.381350e-04,,
24758,2.443835e-04,,
24759,9.468255e-06,,
24760,1.430816e-03,,
24761,1.077027e-04,,
24762,6.007870e-04,,
24763,1.196190e-04,,
24764,2.015460e-05,,
24765,1.628859e-03,,
24766,2.797884e-04,,
24767,1.463093e-04,,
24768,5.977457e-05,,
24769,3.480713e-04,,
24770,5.139124e-04,,
24771,1.298503e-04,,
24772,1.231438e-04,,
24773,6.238440e-03,,
24774,7.537099e-05,,
24775,4.438130e-04,,
24776,1.236024e-05,,
24777,7.786788e-04,,
24778,1.107037e-03,,
24779,5.974634e-03,,
24780,2.996649e-04,,
24781,1.592350e-04,,
24782,8.638520e-02,,
24783,5.250456e-02,,
24784,6.612840e-04,,
24785,1.463564e-04,,
24786,4.102312e-04,,
24787,1.793213e-03,,
24788,8.246155e-05,,
24789,5.101407e-04,,
24790,6.060912e-03,,
24791,1.358354e-03,,
24792,3.564808e-03,,
24793,9.686149e-04,,
24794,4.041344e-04,,
24795,1.132539e-03,,
24796,4.571885e-03,,
24797,3.013848e-02,,
24798,1.393125e-03,,
24799,6.273446e-05,,
24800,9.444961e-05,,
24801,6.904996e-05,,
24802,1.939606e-03,,
24803,3.327125e-03,,
24804,8.784491e-04,,
24805,9.873286e-04,,
24806,1.694249e-03,,
24807,7.913101e-05,,
24808,3.784297e-05,,
24809,3.053830e-04,,
24810,9.793117e-04,,
24811,1.726499e-04,,
24812,3.598981e-04,,
24813,4.456411e-04,,
24814,2.575096e-04,,
24815,6.927122e-04,,
24816,7.387024e-03,,
24817,1.260404e-02,,
24818,1.948357e-04,,
24819,5.076920e-04,,
24820,1.800333e-04,,
24821,1.680834e-03,,
24822,1.096703e-03,,
24823,2.521345e-03,,
24824,1.698281e-02,,
24825,5.433573e-02,,
24826,2.615251e-02,,
24827,3.203126e-02,,
24828,2.470186e-05,,
24829,1.060279e-04,,
24830,1.884790e-04,,
24831,2.210572e-04,,
24832,1.903251e-04,,
24833,2.787680e-04,,
24834,3.863595e-03,,
24835,2.585144e-03,,
24836,6.219597e-03,,
24837,1.996829e-03,,
24838,2.176309e-02,,
24839,4.584618e-04,,
24840,8.425393e-03,,
24841,5.862551e-05,,
24842,1.198694e-03,,
24843,3.915140e-03,,
24844,2.964000e-03,,
24845,7.816219e-03,,
24846,2.912269e-03,,
24847,2.389735e-04,,
24848,1.466680e-03,,
24849,3.001176e-03,,
24850,2.929280e-04,,
24851,3.922046e-03,,
24852,5.975953e-04,,
24853,1.181868e-03,,
24854,6.713886e-03,,
24855,1.005475e-03,,
24856,3.416727e-03,,
24857,1.389561e-03,,
24858,2.152817e-02,,
24859,3.426408e-03,,
24860,6.656886e-03,,
24861,1.842868e-02,,
24862,3.109444e-04,,
24863,1.324713e-03,,
24864,1.176685e-03,,
24865,2.612995e-03,,
24866,2.974894e-03,,
24867,1.297458e-03,,
24868,3.130210e-04,,
24869,2.139667e-04,,
24870,1.661058e-04,,
24871,9.025739e-05,,
24872,8.645175e-05,,
24873,5.950384e-03,,
24874,1.920332e-02,,
24875,2.588421e-01,,
24876,5.628462e-03,,
24877,1.014882e-01,,
24878,3.477157e-01,,
24879,3.688607e-02,,
24880,2.213449e-01,,
24881,7.269927e-02,,
24882,2.634945e-03,,
24883,1.846530e-02,,
24884,4.076339e-03,,
24885,2.522217e-01,,
24886,6.566465e-03,,
24887,2.640209e-02,,
24888,6.448556e-02,,
24889,3.700626e-03,,
24890,6.795025e-03,,
24891,5.373732e-04,,
24892,5.381679e-03,,
24893,4.659552e-04,,
24894,7.595948e-04,,
24895,1.350237e-03,,
24896,4.212537e-03,,
24897,5.104521e-02,,
24898,1.999599e-02,,
24899,3.866496e-04,,
24900,7.876798e-04,,
24901,4.597456e-04,,
24902,2.088626e-02,,
24903,1.628890e-04,,
24904,3.052771e-04,,
24905,1.846100e-03,,
24906,6.821433e-04,,
24907,5.378061e-04,,
24908,2.370723e-04,,
24909,1.110895e-03,,
24910,8.708971e-06,,
24911,2.130579e-06,,
24912,1.733547e-04,,
24913,1.978214e-04,,
24914,3.948001e-05,,
24915,5.309172e-05,,
24916,5.792156e-04,,
24917,2.242353e-04,,
24918,1.734693e-03,,
24919,8.230571e-04,,
24920,3.966776e-04,,
24921,5.084771e-03,,
24922,2.951564e-02,,
24923,7.004116e-05,,
24924,1.441548e-06,,
24925,4.219264e-06,,
24926,7.165973e-06,,
24927,2.100404e-05,,
24928,7.449520e-06,,
24929,4.866307e-05,,
24930,2.781139e-05,,
24931,1.958008e-05,,
24932,6.441715e-06,,
24933,2.282757e-05,,
24934,3.427701e-05,,
24935,6.369331e-06,,
24936,7.949913e-05,,
24937,3.264179e-05,,
24938,2.431254e-05,,
24939,1.658928e-05,,
24940,4.806169e-05,,
24941,1.043976e-05,,
24942,2.316887e-04,,
24943,6.189413e-05,,
24944,3.021556e-05,,
24945,8.869282e-04,,
24946,1.051871e-04,,
24947,5.584681e-05,,
24948,9.974985e-06,,
24949,4.328347e-06,,
24950,9.395482e-06,,
24951,3.751645e-05,,
24952,1.415722e-05,,
24953,3.198075e-04,,
24954,4.804067e-06,,
24955,5.053400e-04,,
24956,5.514596e-04,,
24957,5.286315e-06,,
24958,1.331586e-04,,
24959,2.053287e-04,,
24960,3.385788e-03,,
24961,1.738917e-05,,
24962,3.617672e-05,,
24963,2.083983e-05,,
24964,7.835671e-05,,
24965,1.131846e-05,,
24966,3.000643e-05,,
24967,1.241712e-04,,
24968,5.752707e-04,,
24969,9.598982e-04,,
24970,7.951354e-04,,
24971,8.326580e-04,,
24972,2.786732e-04,,
24973,1.055418e-04,,
24974,1.127374e-05,,
24975,3.609853e-05,,
24976,1.059038e-04,,
24977,4.160522e-05,,
24978,1.955071e-03,,
24979,3.806262e-04,,
24980,1.735932e-03,,
24981,1.266214e-03,,
24982,4.288061e-03,,
24983,2.503555e-04,,
24984,1.236551e-04,,
24985,7.418776e-05,,
24986,5.595119e-04,,
24987,3.466217e-03,,
24988,4.654420e-03,,
24989,2.793034e-05,,
24990,4.952686e-05,,
24991,4.644189e-04,,
24992,4.837831e-05,,
24993,1.274083e-04,,
24994,8.900500e-03,,
24995,2.783390e-04,,
24996,1.178982e-03,,
24997,2.073754e-04,,
24998,1.716542e-04,,
24999,1.371131e-03,,
25000,7.108105e-04,,
25001,5.063830e-03,,
25002,1.535519e-03,,
25003,4.377335e-03,,
25004,1.087361e-03,,
25005,1.871693e-04,,
25006,3.198136e-04,,
25007,2.892946e-03,,
25008,1.260696e-04,,
25009,4.482781e-05,,
25010,2.257251e-03,,
25011,4.868382e-03,,
25012,3.507659e-04,,
25013,3.578282e-03,,
25014,3.280616e-03,,
25015,6.260193e-04,,
25016,6.770429e-03,,
25017,1.178924e-02,,
25018,8.655028e-03,,
25019,3.746920e-03,,
25020,4.917426e-02,,
25021,6.435782e-03,,
25022,2.103115e-02,,
25023,2.957722e-03,,
25024,9.519696e-02,,
25025,2.002025e-01,,
25026,3.265637e-03,,
25027,4.743654e-02,,
25028,5.435658e-03,,
25029,3.915852e-03,,
25030,5.097882e-04,,
25031,2.678496e-02,,
25032,6.337441e-03,,
25033,3.777045e-02,,
25034,2.037544e-02,,
25035,5.380572e-03,,
25036,3.156402e-02,,
25037,1.745435e-02,,
25038,1.139219e-03,,
25039,2.466060e-03,,
25040,9.707961e-03,,
25041,1.570643e-03,,
25042,1.732797e-03,,
25043,5.479833e-02,,
25044,4.481140e-01,,
25045,3.467054e-01,,
25046,8.649223e-04,,
25047,8.129885e-04,,
25048,1.531392e-02,,
25049,1.451297e-02,,
25050,1.007789e-02,,
25051,3.840922e-02,,
25052,5.471465e-05,,
25053,2.934921e-05,,
25054,3.993201e-04,,
25055,2.025402e-04,,
25056,1.350187e-03,,
25057,2.764582e-04,,
25058,1.204174e-02,,
25059,9.136836e-02,,
25060,3.936864e-03,,
25061,1.691672e-02,,
25062,1.950967e-04,,
25063,4.726751e-04,,
25064,2.942214e-03,,
25065,7.934192e-04,,
25066,1.728371e-02,,
25067,5.484410e-04,,
25068,5.550837e-04,,
25069,6.408266e-03,,
25070,4.709527e-04,,
25071,9.819049e-04,,
25072,2.899089e-02,,
25073,6.763358e-04,,
25074,6.820351e-03,,
25075,3.102220e-03,,
25076,2.430173e-03,,
25077,1.849062e-04,,
25078,9.171425e-04,,
25079,6.573579e-03,,
25080,3.447879e-04,,
25081,6.602438e-04,,
25082,5.490936e-02,,
25083,4.813933e-02,,
25084,1.022623e-02,,
25085,2.410539e-01,,
25086,2.516950e-02,,
25087,1.154802e-01,,
25088,3.109283e-04,,
25089,6.120178e-03,,
25090,1.396829e-02,,
25091,1.647697e-02,,
25092,4.756508e-03,,
25093,6.380409e-05,,
25094,1.251490e-04,,
25095,3.021593e-04,,
25096,1.770568e-04,,
25097,2.742961e-04,,
25098,5.423137e-05,,
25099,2.151319e-04,,
25100,1.494122e-03,,
25101,6.177640e-05,,
25102,8.126042e-04,,
25103,2.112867e-04,,
25104,1.919456e-04,,
25105,7.368565e-03,,
25106,9.681818e-03,,
25107,3.410792e-03,,
25108,7.243322e-02,,
25109,1.093878e-04,,
25110,2.133051e-04,,
25111,2.035731e-04,,
25112,1.126251e-03,,
25113,7.024517e-04,,
25114,4.160769e-04,,
25115,3.405794e-03,,
25116,1.241376e-03,,
25117,2.651375e-03,,
25118,2.010033e-03,,
25119,6.373671e-03,,
25120,6.738639e-05,,
25121,1.083344e-03,,
25122,6.418138e-02,,
25123,1.800655e-02,,
25124,1.745906e-03,,
25125,2.444245e-02,,
25126,4.349996e-04,,
25127,7.373560e-04,,
25128,4.517293e-04,,
25129,7.963896e-04,,
25130,1.658054e-03,,
25131,2.636285e-02,,
25132,5.540936e-03,,
25133,1.044581e-02,,
25134,2.462548e-04,,
25135,1.008165e-04,,
25136,2.359682e-03,,
25137,1.477098e-03,,
25138,9.268204e-04,,
25139,3.071465e-05,,
25140,6.712824e-05,,
25141,1.252341e-04,,
25142,2.075319e-04,,
25143,1.510535e-04,,
25144,7.605378e-05,,
25145,1.995874e-04,,
25146,1.405950e-03,,
25147,3.600021e-03,,
25148,8.953926e-04,,
25149,3.870347e-04,,
25150,4.706660e-04,,
25151,2.837385e-03,,
25152,2.188862e-02,,
25153,5.833866e-03,,
25154,9.435433e-03,,
25155,2.192325e-04,,
25156,5.955960e-06,,
25157,5.656122e-05,,
25158,2.660153e-05,,
25159,1.925927e-05,,
25160,1.452844e-05,,
25161,2.460267e-05,,
25162,3.496807e-04,,
25163,5.692841e-04,,
25164,4.024876e-03,,
25165,3.574362e-05,,
25166,2.400164e-04,,
25167,1.229460e-03,,
25168,5.980300e-05,,
25169,5.374466e-05,,
25170,5.382273e-05,,
25171,7.290489e-05,,
25172,4.367270e-05,,
25173,6.598675e-06,,
25174,2.428900e-05,,
25175,1.030488e-04,,
25176,2.518163e-05,,
25177,5.758285e-04,,
25178,1.613702e-05,,
25179,3.121367e-05,,
25180,1.172881e-05,,
25181,6.206591e-05,,
25182,1.109614e-04,,
25183,7.283805e-03,,
25184,1.204984e-03,,
25185,7.058484e-03,,
25186,3.855634e-04,,
25187,2.268032e-03,,
25188,5.131455e-01,,
25189,1.918365e-01,,
25190,2.483972e-03,,
25191,1.239646e-03,,
25192,2.569795e-02,,
25193,3.415396e-02,,
25194,3.775481e-02,,
25195,7.061799e-02,,
25196,2.256974e-02,,
25197,1.802213e-02,,
25198,4.376834e-02,,
25199,4.333148e-03,,
25200,1.726558e-02,,
25201,2.659350e-02,,
25202,1.894931e-04,,
25203,1.138553e-03,,
25204,3.705539e-04,,
25205,8.710207e-03,,
25206,3.215041e-03,,
25207,5.920255e-04,,
25208,1.082987e-02,,
25209,5.808318e-03,,
25210,1.407492e-04,,
25211,1.867409e-04,,
25212,1.504499e-02,,
25213,3.077202e-03,,
25214,5.451517e-03,,
25215,1.347847e-02,,
25216,1.417738e-04,,
25217,1.578258e-04,,
25218,7.356928e-05,,
25219,2.053493e-05,,
25220,5.267530e-04,,
25221,1.702140e-02,,
25222,3.705134e-03,,
25223,1.092425e-03,,
25224,2.735847e-03,,
25225,2.634924e-04,,
25226,1.818998e-04,,
25227,1.722593e-02,,
25228,3.847202e-03,,
25229,2.474922e-03,,
25230,6.904459e-03,,
25231,2.660933e-03,,
25232,2.341889e-04,,
25233,1.456086e-02,,
25234,3.656111e-03,,
25235,1.735573e-03,,
25236,1.096676e-04,,
25237,2.579572e-04,,
25238,1.866927e-02,,
25239,1.243219e-02,,
25240,1.002887e-01,,
25241,3.067310e-02,,
25242,7.436280e-02,,
25243,7.211202e-02,,
25244,2.843782e-02,,
25245,4.747807e-03,,
25246,1.545211e-03,,
25247,3.181356e-02,,
25248,3.900545e-02,,
25249,1.219971e-02,,
25250,2.089832e-02,,
25251,2.356435e-01,,
25252,3.651735e-02,,
25253,1.672211e-02,,
25254,4.008630e-03,,
25255,9.694729e-03,,
25256,5.006141e-02,,
25257,4.053593e-02,,
25258,5.917195e-02,,
25259,2.235920e-03,,
25260,1.052379e-02,,
25261,2.207372e-03,,
25262,2.511770e-03,,
25263,2.793066e-03,,
25264,5.123755e-03,,
25265,3.950373e-03,,
25266,3.382134e-02,,
25267,2.747496e-04,,
25268,1.150985e-03,,
25269,6.037310e-02,,
25270,2.691203e-03,,
25271,1.118556e-02,,
25272,6.631369e-04,,
25273,5.739122e-04,,
25274,2.386320e-03,,
25275,1.176106e-03,,
25276,7.461953e-03,,
25277,7.272253e-03,,
25278,5.519627e-03,,
25279,2.929221e-02,,
25280,2.751222e-03,,
25281,2.368105e-02,,
25282,2.791557e-03,,
25283,2.037908e-03,,
25284,1.551675e-03,,
25285,5.673091e-03,,
25286,1.357930e-03,,
25287,1.010731e-02,,
25288,1.966498e-03,,
25289,1.862573e-03,,
25290,1.386995e-01,,
25291,3.766819e-01,,
25292,4.091427e-04,,
25293,3.354703e-01,,
25294,1.528150e-02,,
25295,8.732033e-03,,
25296,2.239636e-03,,
25297,2.029156e-03,,
25298,3.852788e-03,,
25299,5.028479e-03,,
25300,2.079514e-03,,
25301,2.235152e-03,,
25302,1.155528e-03,,
25303,2.941438e-04,,
25304,3.730534e-05,,
25305,1.217648e-02,,
25306,1.907562e-02,,
25307,3.170235e-02,,
25308,1.738172e-01,,
25309,3.606799e-03,,
25310,3.370142e-03,,
25311,9.852327e-04,,
25312,6.942805e-03,,
25313,3.995524e-04,,
25314,7.909686e-04,,
25315,3.692374e-03,,
25316,6.592370e-03,,
25317,1.673139e-02,,
25318,4.298615e-03,,
25319,2.998396e-03,,
25320,1.914824e-03,,
25321,2.772814e-03,,
25322,1.225856e-04,,
25323,3.610969e-03,,
25324,3.806530e-04,,
25325,8.085671e-03,,
25326,3.554639e-03,,
25327,5.305222e-03,,
25328,1.688566e-03,,
25329,1.056652e-03,,
25330,2.064658e-03,,
25331,3.760768e-03,,
25332,1.221071e-02,,
25333,1.520440e-03,,
25334,5.254100e-04,,
25335,1.396483e-02,,
25336,6.521105e-03,,
25337,4.040964e-03,,
25338,1.520163e-03,,
25339,5.659202e-05,,
25340,1.589934e-05,,
25341,7.034121e-04,,
25342,4.303630e-04,,
25343,2.109615e-03,,
25344,3.896722e-04,,
25345,4.030999e-02,,
25346,3.740888e-04,,
25347,1.926179e-03,,
25348,4.937027e-03,,
25349,5.097895e-03,,
25350,1.260815e-02,,
25351,2.530773e-03,,
25352,8.056617e-05,,
25353,1.127338e-03,,
25354,6.909970e-04,,
25355,1.926691e-04,,
25356,6.318602e-05,,
25357,4.305813e-05,,
25358,6.000348e-04,,
25359,4.540600e-04,,
25360,4.266428e-04,,
25361,3.194501e-04,,
25362,5.008907e-03,,
25363,3.752778e-03,,
25364,7.320556e-03,,
25365,1.091369e-03,,
25366,3.776066e-03,,
25367,4.873041e-03,,
25368,2.073375e-03,,
25369,2.289507e-05,,
25370,1.443999e-03,,
25371,2.475102e-03,,
25372,3.014446e-05,,
25373,7.441583e-04,,
25374,5.509567e-03,,
25375,2.039916e-04,,
25376,7.234996e-03,,
25377,5.804888e-04,,
25378,3.931462e-05,,
25379,2.818933e-04,,
25380,7.293924e-04,,
25381,5.583402e-03,,
25382,1.132692e-02,,
25383,2.123774e-02,,
25384,5.547522e-03,,
25385,3.015492e-04,,
25386,8.336555e-03,,
25387,4.972626e-04,,
25388,3.180449e-03,,
25389,8.652032e-04,,
25390,5.071514e-03,,
25391,1.859615e-03,,
25392,3.569882e-03,,
25393,1.692113e-03,,
25394,5.895007e-04,,
25395,1.614690e-03,,
25396,3.255991e-03,,
25397,1.120234e-03,,
25398,1.476915e-02,,
25399,4.570861e-04,,
25400,2.279833e-04,,
25401,4.251155e-05,,
25402,8.932196e-04,,
25403,2.904417e-04,,
25404,1.471572e-04,,
25405,8.869651e-04,,
25406,1.727775e-03,,
25407,6.913139e-04,,
25408,3.783842e-04,,
25409,2.106071e-05,,
25410,1.131866e-04,,
25411,1.928124e-04,,
25412,2.635917e-04,,
25413,2.387781e-03,,
25414,4.476653e-04,,
25415,2.315757e-03,,
25416,1.060319e-04,,
25417,9.031062e-05,,
25418,6.291760e-05,,
25419,7.927756e-04,,
25420,1.086050e-02,,
25421,1.116560e-03,,
25422,1.096402e-03,,
25423,2.450665e-04,,
25424,4.497179e-05,,
25425,5.605781e-03,,
25426,3.625063e-04,,
25427,1.613467e-04,,
25428,2.240348e-04,,
25429,4.287638e-04,,
25430,3.672068e-04,,
25431,2.468670e-03,,
25432,1.404962e-04,,
25433,5.785830e-05,,
25434,2.364796e-03,,
25435,6.311481e-03,,
25436,1.066477e-04,,
25437,3.164575e-04,,
25438,8.591620e-04,,
25439,5.419012e-05,,
25440,1.726725e-03,,
25441,6.499523e-04,,
25442,2.451646e-05,,
25443,8.104246e-06,,
25444,3.378519e-04,,
25445,1.993398e-04,,
25446,2.346739e-04,,
25447,2.147090e-04,,
25448,2.835333e-05,,
25449,2.690071e-05,,
25450,2.371682e-04,,
25451,3.724324e-04,,
25452,6.024112e-04,,
25453,4.415129e-04,,
25454,7.830897e-04,,
25455,6.716090e-04,,
25456,2.203212e-05,,
25457,4.007278e-03,,
25458,5.154396e-04,,
25459,1.502647e-03,,
25460,5.090250e-04,,
25461,2.266101e-02,,
25462,6.073974e-04,,
25463,7.059670e-04,,
25464,1.258778e-03,,
25465,6.604609e-04,,
25466,6.111857e-05,,
25467,4.483481e-04,,
25468,1.771964e-03,,
25469,2.865212e-03,,
25470,1.679564e-02,,
25471,4.063825e-03,,
25472,1.622768e-04,,
25473,2.224317e-03,,
25474,2.819899e-02,,
25475,3.764338e-04,,
25476,7.961006e-05,,
25477,8.523203e-04,,
25478,4.947526e-03,,
25479,2.188126e-04,,
25480,7.498525e-04,,
25481,4.151457e-04,,
25482,3.785448e-04,,
25483,2.254979e-03,,
25484,8.912483e-03,,
25485,1.915486e-03,,
25486,5.335009e-03,,
25487,5.676735e-03,,
25488,4.030448e-02,,
25489,3.481371e-01,,
25490,9.323664e-04,,
25491,2.249901e-03,,
25492,2.181086e-05,,
25493,6.497738e-04,,
25494,1.060279e-02,,
25495,1.349497e-03,,
25496,3.603253e-03,,
25497,4.065566e-05,,
25498,1.634796e-04,,
25499,1.049556e-04,,
25500,2.976385e-04,,
25501,5.641768e-04,,
25502,7.484516e-04,,
25503,1.351153e-04,,
25504,7.923029e-03,,
25505,1.762783e-03,,
25506,1.582468e-04,,
25507,2.748942e-04,,
25508,1.445312e-03,,
25509,1.377995e-02,,
25510,3.264979e-04,,
25511,2.390567e-03,,
25512,9.530027e-04,,
25513,2.386963e-02,,
25514,3.027303e-02,,
25515,6.857935e-04,,
25516,3.835626e-02,,
25517,3.569762e-03,,
25518,1.476764e-02,,
25519,9.268969e-04,,
25520,2.252445e-02,,
25521,6.673741e-03,,
25522,1.174743e-02,,
25523,3.959791e-02,,
25524,5.054687e-02,,
25525,1.707267e-02,,
25526,5.563200e-03,,
25527,1.733551e-02,,
25528,1.354575e-03,,
25529,1.382218e-02,,
25530,3.629004e-03,,
25531,2.148080e-03,,
25532,4.789971e-02,,
25533,2.786721e-02,,
25534,7.503900e-03,,
25535,1.021966e-02,,
25536,6.838755e-03,,
25537,1.396930e-03,,
25538,4.867880e-03,,
25539,4.529732e-04,,
25540,2.025131e-03,,
25541,7.821610e-03,,
25542,1.361445e-03,,
25543,2.286339e-03,,
25544,1.098650e-03,,
25545,1.254150e-02,,
25546,2.462691e-04,,
25547,6.706610e-04,,
25548,3.236657e-03,,
25549,3.339838e-03,,
25550,7.255140e-02,,
25551,4.271470e-04,,
25552,4.549510e-04,,
25553,2.403290e-03,,
25554,4.170094e-03,,
25555,4.359651e-03,,
25556,5.368984e-05,,
25557,3.095873e-04,,
25558,6.457750e-04,,
25559,1.487785e-04,,
25560,2.119028e-03,,
25561,1.172849e-03,,
25562,3.943155e-03,,
25563,2.011309e-03,,
25564,6.857625e-03,,
25565,1.179844e-03,,
25566,1.813924e-03,,
25567,6.352893e-02,,
25568,3.880086e-02,,
25569,6.487190e-02,,
25570,2.196124e-02,,
25571,1.046850e-01,,
25572,8.714436e-02,,
25573,1.276506e-02,,
25574,9.869216e-05,,
25575,6.069043e-04,,
25576,2.220936e-04,,
25577,3.084278e-04,,
25578,5.062667e-04,,
25579,1.909328e-03,,
25580,1.810718e-02,,
25581,3.996220e-04,,
25582,1.230170e-03,,
25583,2.536368e-03,,
25584,2.580872e-03,,
25585,1.231295e-02,,
25586,2.270456e-03,,
25587,1.555147e-03,,
25588,1.833337e-04,,
25589,1.542021e-04,,
25590,6.427536e-04,,
25591,2.825266e-02,,
25592,2.426228e-02,,
25593,1.976446e-05,,
25594,4.660451e-05,,
25595,1.431145e-04,,
25596,1.276815e-04,,
25597,8.098409e-04,,
25598,4.124086e-05,,
25599,1.100651e-05,,
25600,1.069272e-05,,
25601,1.075876e-04,,
25602,2.019491e-03,,
25603,3.197603e-05,,
25604,1.888767e-04,,
25605,7.941906e-05,,
25606,3.944023e-05,,
25607,2.749311e-04,,
25608,4.056465e-04,,
25609,8.015774e-04,,
25610,3.066000e-02,,
25611,3.382035e-03,,
25612,4.599498e-02,,
25613,5.940917e-04,,
25614,1.252112e-03,,
25615,8.951162e-03,,
25616,3.433450e-04,,
25617,9.051977e-04,,
25618,2.109485e-04,,
25619,7.430583e-05,,
25620,6.082182e-03,,
25621,5.919692e-03,,
25622,8.301873e-05,,
25623,2.614104e-05,,
25624,5.233887e-04,,
25625,2.826217e-04,,
25626,3.673142e-04,,
25627,9.866114e-04,,
25628,1.076166e-02,,
25629,1.767188e-03,,
25630,8.537749e-05,,
25631,4.694999e-04,,
25632,4.059492e-04,,
25633,4.867552e-05,,
25634,4.510351e-04,,
25635,8.791468e-05,,
25636,8.031552e-02,,
25637,6.697062e-02,,
25638,8.986975e-04,,
25639,1.895243e-04,,
25640,2.302256e-04,,
25641,6.837213e-04,,
25642,3.767710e-04,,
25643,6.041987e-04,,
25644,6.576878e-04,,
25645,5.949658e-03,,
25646,5.958099e-03,,
25647,5.942196e-04,,
25648,6.621574e-04,,
25649,2.806524e-02,,
25650,3.422495e-03,,
25651,3.121372e-02,,
25652,6.840787e-02,,
25653,6.087409e-02,,
25654,9.053192e-04,,
25655,1.154424e-02,,
25656,1.056772e-02,,
25657,1.983174e-04,,
25658,5.932950e-04,,
25659,7.961147e-04,,
25660,4.324236e-04,,
25661,2.739410e-04,,
25662,4.375665e-05,,
25663,2.572404e-04,,
25664,5.041208e-05,,
25665,5.424659e-06,,
25666,3.781997e-05,,
25667,2.711897e-05,,
25668,1.563593e-04,,
25669,5.243424e-04,,
25670,2.262311e-05,,
25671,5.155416e-05,,
25672,7.516431e-07,,
