out_index,library,reference,abs_error
41,-0.37916813109158537,-0.37864129890064407,0.00052683219094129541
42,0.015428184199449907,0.014908119124853746,0.00052006507459616096
43,-0.22697117456663776,-0.22645978239547149,0.000511392171166275
44,0.542954519068647,0.54245860475130669,0.00049591431734030689
45,0.59391982644470664,0.59439869903435338,0.0004788725896467394
46,-0.1703889072166129,-0.17085659714938919,0.000467689932776294
47,0.56708072653392627,0.56754231862230198,0.00046159208837570631
48,0.81459897296448236,0.81414128469387514,0.00045768827060721495
49,0.021467902635958144,0.021917884658639364,0.00044998202268121956
50,0.30153675980177069,0.30109835064996154,0.0004384091518091493
51,0.24330203284443902,0.24372813174378627,0.0004260988993472492
52,-0.10262829611012707,-0.10304376631674016,0.00041547020661308887
53,0.59843495268183267,0.5988438271289015,0.00040887444706882992
54,0.28669557518188266,0.28628974490010928,0.00040583028177337832
55,-0.25835688796819917,-0.25795395879227773,0.0004029291759214404
56,0.74516040163050667,0.74476478236177246,0.00039561926873421527
57,0.83220191820713985,0.83258519392740882,0.00038327572026897183
58,0.30508225597389271,0.30471111446702781,0.00037114150686490266
59,0.82209872200718437,0.82246578197959486,0.00036705997241048838
60,0.62225195589304227,0.62188467458969832,0.00036728130334395814
61,0.42368971602947292,0.42405368793330028,0.00036397190382736477
62,0.97585802357904072,0.97550113956891771,0.00035688401012301529
63,0.17671304468963356,0.17706175846606445,0.0003487137764308923
64,-0.37441551808676826,-0.37475571347455711,0.00034019538778884417
65,0.3766854234085325,0.37701811652279887,0.00033269311426636916
66,-0.10686834345007507,-0.10719818695124904,0.00032984350117397365
67,-0.66167973998938778,-0.66134752004708464,0.00033221994230314689
68,-0.23575791839847643,-0.23608819403121395,0.00033027563273752003
69,-0.60208572434212781,-0.601766138177254,0.00031958616487381963
70,-0.4736392543945861,-0.4739479137583002,0.0003086593637141033
71,0.15584837509672161,0.15615367895107535,0.00030530385435373342
72,-0.59157149775523299,-0.59187624032685526,0.00030474257162227403
73,-0.56158436676843293,-0.56128086428083146,0.00030350248760147025
74,0.34724880687373672,0.34694765890020562,0.00030114797353109068
75,-0.2126597779249346,-0.21236279451192272,0.00029698341301187536
76,-0.46394906289889881,-0.4642380607668356,0.00028899786793679105
77,-0.11928021068411818,-0.11900065804406783,0.00027955264005034841
78,-0.68019354883269667,-0.68047108266194956,0.00027753382925288506
79,-0.46960141466370225,-0.46931989917014766,0.00028151549355459604
80,-0.20017822449492334,-0.20045979122719521,0.00028156673227186513
81,-1.1663734147117419,-1.166098390044384,0.00027502466735795927
82,-0.8632261565649697,-0.86349307546866061,0.00026691890369090476
83,-0.094924487083733119,-0.094663379490978597,0.00026110759275452256
84,-0.67170248509794694,-0.67196144979289274,0.00025896469494579577
85,-0.46025647474205456,-0.45999731077219164,0.0002591639698629189
86,0.03142309524194848,0.031162994723105995,0.00026010051884248556
87,-0.23963390298015161,-0.23937527826250382,0.00025862471764778738
88,0.45036156768493663,0.45010992772880354,0.00025163995613308732
89,0.67050444775309714,0.67074761031371599,0.00024316256061884811
90,-0.15046446627989729,-0.15070409619998873,0.00023962992009143869
91,0.45918341571489302,0.45942450137822061,0.00024108566332758929
92,0.87497234754525532,0.87472793607728316,0.00024441146797216096
93,0.064651155047198747,0.064893912707152931,0.00024275765995418475
94,0.24887909022614055,0.24864354871082475,0.00023554151531579581
95,0.30057227038050283,0.30080083551532666,0.00022856513482383267
96,-0.1242750945009507,-0.12450075912780928,0.00022566462685857935
97,0.53620019439660083,0.53642575495614009,0.0002255605595392618
98,0.38354331753871285,0.38331640444549159,0.0002269130932212593
99,-0.28459130359019114,-0.28436355002615049,0.00022775356404064473
100,0.63934487828883424,0.639119982054282,0.00022489623455224095
101,0.89950466620585767,0.89972185974339558,0.00021719353753790749
102,0.30363095761456566,0.30342142106136505,0.0002095365532006066
103,0.77259514992579403,0.77280528146144345,0.000210131535649416
104,0.68537558732989323,0.68515992825888805,0.00021565907100518089
105,0.38321498191913123,0.38343081889374087,0.00021583697460964002
106,0.95995854884846366,0.95974802490548683,0.00021052394297682575
107,0.30404402388414459,0.30424925434565603,0.00020523046151144086
108,-0.40857631269578903,-0.40877760217019821,0.000201289474409172
109,0.32731644216716543,0.32751498267728518,0.00019854051011974905
110,-0.0027316337742371954,-0.0029306839024431791,0.00019905012820598368
111,-0.67410258875507312,-0.67389919705711698,0.00020339169795613454
112,-0.25770254733163472,-0.25790656034055914,0.00020401300892441965
113,-0.54667525588757282,-0.546479345167318,0.00019591072025482159
114,-0.55002433492224656,-0.55021181273672826,0.00018747781448169576
115,0.15226364233600687,0.15245104975842491,0.00018740742241804553
116,-0.49906796879167437,-0.4992587473322494,0.00019077854057503174
117,-0.65157553208530838,-0.65138321488267614,0.00019231720263224172
118,0.31206103746621444,0.31187009656812464,0.00019094089808979753
119,-0.12214669313893677,-0.12195912574479692,0.00018756739413984536
120,-0.50214506299262474,-0.50232737748492806,0.00018231449230332597
121,-0.11043197272294394,-0.11025506193865402,0.00017691078428992701
122,-0.62586112004334871,-0.62603836324536744,0.00017724320201872867
123,-0.54192486546208563,-0.54174211423920438,0.00018275122288125001
124,-0.152983214559446,-0.15316766926326189,0.00018445470381589502
125,-1.086029529308606,-1.0858500544654197,0.00017947484318625584
126,-0.97130854493620289,-0.97148106452049421,0.00017251958429131964
127,-0.10081363177145097,-0.10064503949286902,0.00016859227858195824
128,-0.61211992985409314,-0.61228960952778266,0.00016967967368952674
129,-0.53786154352655591,-0.53768864226952318,0.00017290125703273151
130,0.035212188355528681,0.035038028158368997,0.000174160197159684
131,-0.23766958498096533,-0.23749721532879584,0.00017236965216949063
132,0.35200651968541741,0.35183927234079432,0.00016724734462308932
133,0.73192636594198557,0.73208791104976156,0.00016154510777599551
134,-0.11009621649301649,-0.11025607704880712,0.00015986055579063352
135,0.34834640967872305,0.34850926906130536,0.00016285938258231436
136,0.91825266053061549,0.918085122839574,0.00016753769104149718
137,0.12316997980247886,0.12333704920106051,0.00016706939858164571
138,0.19346240117797789,0.19330259294582813,0.00015980823214975515
139,0.34987765805974036,0.35003122926711772,0.00015357120737735652
140,-0.12951915176085921,-0.12967290203300949,0.00015375027215028259
141,0.4626491143219571,0.46280542570951866,0.00015631138756155849
142,0.47232987197338877,0.47217181855165047,0.00015805342173830228
143,-0.28836214675969274,-0.28820361015656781,0.00015853660312492579
144,0.52365227334759412,0.5234958796985556,0.00015639364903852204
145,0.95521762943504551,0.95536798147331692,0.00015035203827140631
146,0.3184616028368738,0.31831717573096785,0.0001444271059059532
147,0.71421963695810442,0.71436588192353923,0.00014624496543480525
148,0.74501753205638832,0.74486402594117118,0.00015350611521713908
149,0.35674915541081192,0.35690360972033675,0.00015445430952482075
150,0.92681708660692896,0.92666852858438509,0.00014855802254387651
151,0.43015958318170311,0.43030302157269229,0.00014343839098918121
152,-0.42222621994662052,-0.42236773057304805,0.00014151062642753232
153,0.26227998817952736,0.26242132201567236,0.00014133383614500783
154,0.097162563867036034,0.097019571676247293,0.00014299219078874048
155,-0.67059509635178449,-0.67044840763373448,0.00014668871805001427
156,-0.29133386360170693,-0.29148121384023651,0.00014735023852957552
157,-0.48762077884762239,-0.48748045422468461,0.00014032462293778192
158,-0.61523635350033234,-0.61536937454871155,0.00013302104837920048
159,0.12919454129265132,0.12932857190533659,0.00013403061268527083
160,-0.39983604934217709,-0.39997521319473167,0.00013916385255458019
161,-0.72572992942924397,-0.72558828729985636,0.00014164212938760912
162,0.25682646866886838,0.25668655691701386,0.00013991175185451565
163,-0.029672623076490833,-0.029536970630919902,0.00013565244557093084
164,-0.52892126876684542,-0.52905271679826349,0.00013144803141806882
165,-0.11591046045389869,-0.11578157028231265,0.00012889017158604354
166,-0.56274697266150919,-0.56287737107868019,0.00013039841717099598
167,-0.6088460895986918,-0.60871061218169542,0.00013547741699637683
168,-0.12515414804749719,-0.12529128635860484,0.00013713831110764851
169,-0.99128919530460069,-0.99115643799276698,0.00013275731183370887
170,-1.0691316154804138,-1.0692577905092033,0.00012617502878953246
171,-0.12676118736372288,-0.12663820453161309,0.00012298283210979144
172,-0.5432429364419582,-0.54336861880607534,0.00012568236411714118
173,-0.60863237550282623,-0.60850164276747765,0.0001307327353485821
174,0.025500747303877986,0.02536922248709654,0.00013152481678144548
175,-0.22268693427544684,-0.22255879982018947,0.00012813445525736156
176,0.25174336114882867,0.25161960691977009,0.00012375422905858136
177,0.77564803859719056,0.77576825665918892,0.00012021806199835616
178,-0.051178766138193235,-0.051298466972305251,0.00011970083411201593
179,0.23896171461255369,0.2390847189664598,0.00012300435390610875
180,0.94232219255452387,0.9421945843318541,0.00012760822266977279
181,0.19523566156166819,0.19536317396422806,0.00012751240255987062
182,0.13863702520334503,0.13851708410373689,0.00011994109960813959
183,0.38878388682939058,0.38889768581122741,0.00011379898183683235
184,-0.11868777680327405,-0.11880357830781138,0.00011580150453732729
185,0.38124260584793151,0.38136299451023831,0.00012038866230679179
186,0.54941746734576091,0.54929562328048542,0.0001218440652754893
187,-0.2699699103500971,-0.26984883814664862,0.00012107220344848013
188,0.40212464137173909,0.4020059111304462,0.0001187302412928859
189,0.99615120970427551,0.99626520776944272,0.00011399806516720901
190,0.349218980385119,0.34910933094116608,0.00010964944395291942
191,0.64987261129886575,0.64998448372849027,0.00011187242962451549
192,0.79804429819407419,0.79792478538141642,0.0001195128126577627
193,0.34536546856299499,0.34548611476236973,0.00012064619937474097
194,0.87897745364012092,0.87886334667113675,0.00011410696898417338
195,0.55077255135683467,0.55088121243454313,0.00010866107770846067
196,-0.41408681469878394,-0.41419484122480021,0.00010802652601626939
197,0.18464745161882171,0.18475732623590538,0.00010987461708367174
198,0.18895299394491899,0.18884071885371373,0.00011227509120526058
199,-0.65013467246031176,-0.65002000530329662,0.00011466715701513586
200,-0.33468959242266594,-0.33480400649234421,0.00011441406967827028
201,-0.42826964142620111,-0.42816127130452453,0.000108370121676582
202,-0.66689889475947706,-0.66700123955920276,0.00010234479972570654
203,0.087924701067635183,0.088028480394636954,0.00010377932700177117
204,-0.29815341635204545,-0.29826313385784531,0.00010971750579985562
205,-0.78128289397566919,-0.78117036336210999,0.00011253061355920302
206,0.18331591251213705,0.18320552059352024,0.00011039191861680897
207,0.060846695140506814,0.060951690428296609,0.00010499528778979555
208,-0.54204951372595123,-0.54215077127009648,0.00010125754414525012
209,-0.1350022330598239,-0.13490108107300958,0.00010115198681431847
210,-0.49392287451493599,-0.49402670074925337,0.00010382623431737237
211,-0.66707250214222635,-0.66696478976057472,0.00010771238165163677
212,-0.11696664586730188,-0.11707523174716741,0.00010858587986553592
213,-0.88590552499639985,-0.88580086554738902,0.00010465944901083546
214,-1.1528825990142824,-1.1529812356243394,9.8636610057045715e-05
215,-0.17254419113538849,-0.17244820563337701,9.5985502011480817e-05
216,-0.46847994433633966,-0.46857944955489828,9.9505218558615383e-05
217,-0.66947379620506731,-0.66936803774897535,0.00010575845609195333
218,0.0017071857982504113,0.0016010881549356119,0.00010609764331479931
219,-0.19691149941132682,-0.19681061139568684,0.00010088801563998273
220,0.15339252882677548,0.15329579344552838,9.6735381247103902e-05
221,0.79989906945889033,0.79999431834749302,9.5248888602683657e-05
222,0.023622508259051822,0.023526561316454028,9.5946942597794488e-05
223,0.13537679685532733,0.13547582930873725,9.9032453409919619e-05
224,0.94583690348659832,0.94573408353595723,0.00010281995064109761
225,0.27836896422372648,0.27847168486632262,0.00010272064259614355
226,0.087795583179250666,0.087700361557749684,9.5221621500982123e-05
227,0.41542908829328312,0.4155183455402422,8.9257246959073555e-05
228,-0.092862118927070594,-0.092954439712601464,9.232078553086942e-05
229,0.29571969675171328,0.29581823118934342,9.8534437630137806e-05
230,0.61172922473698588,0.61162961722810749,9.9607508878385431e-05
231,-0.23061026942547613,-0.23051288110032744,9.7388325148689558e-05
232,0.27908995341929071,0.27899554737276333,9.440604652738438e-05
233,1.0196834324293946,1.0197743759476834,9.0943518288755243e-05
234,0.3947594338942218,0.39467107782797617,8.8356066245631748e-05
235,0.58278548177954426,0.58287625068873505,9.0768909190797054e-05
236,0.84166689036148123,0.84156906470250981,9.7825658971428808e-05
237,0.34936196798598251,0.34946079622374099,9.8828237758474824e-05
238,0.81954237787440443,0.81945033424598446,9.2043628419968826e-05
239,0.6618708691768237,0.66195718877812437,8.6319601300677284e-05
240,-0.38377292268410534,-0.38385949319330598,8.6570509200634138e-05
241,0.098064443219055844,0.098154462791582964,9.0019572527119673e-05
242,0.26906283219909977,0.26896975033107784,9.3081868021926972e-05
243,-0.61246859828441635,-0.61237449789082754,9.4100393588814057e-05
244,-0.38524449485732098,-0.38533683288596604,9.2338028645055914e-05
245,-0.3719110427603417,-0.37182373926142454,8.7303498917168376e-05
246,-0.70331786513957129,-0.70340080679331252,8.2941653741230859e-05
247,0.030499060460425012,0.030583671264754728,8.4610804329716266e-05
248,-0.19835252228928948,-0.19844312759013261,9.0605300843121794e-05
249,-0.81623708833823183,-0.81614372784942391,9.3360488807925357e-05
250,0.094080723591130302,0.093989738929767974,9.0984661362328301e-05
251,0.14546442171188601,0.14554908481436743,8.4663102481424835e-05
252,-0.53993579490830712,-0.54001691176743227,8.1116859125152097e-05
253,-0.16628419420851484,-0.1662011552238884,8.3038984626443435e-05
254,-0.42269760194312034,-0.42278468160673444,8.7079663614098024e-05
255,-0.71379401608997484,-0.71370454351357282,8.9472576402016557e-05
256,-0.12783865428114444,-0.12792772036314423,8.90660819997946e-05
257,-0.77401313460677434,-0.77392761163942403,8.5522967350315504e-05
258,-1.2192859500661222,-1.2193664019137109,8.0451847588758341e-05
259,-0.2370676837933248,-0.23698925924434469,7.842454898010498e-05
260,-0.39157842800797826,-0.39166065476233319,8.2226754354930431e-05
261,-0.71769985938594849,-0.71761080674855104,8.905263739744651e-05
262,-0.03600611712307307,-0.036095201181799486,8.9084058726415782e-05
263,-0.16306882868288289,-0.16298651636582409,8.2312317058796935e-05
264,0.060568851214544639,0.060490787140537003,7.8064074007636042e-05
265,0.80374286201827516,0.80382132182152755,7.8459803252384219e-05
266,0.11098751658426896,0.11090694356328393,8.0573020985033605e-05
267,0.041709017953378141,0.04179219069278263,8.3172739404488438e-05
268,0.9282956302744001,0.92820993721402878,8.5693060371316854e-05
269,0.36950181470735061,0.36958705407082532,8.5239363474709506e-05
270,0.044205880904467199,0.04412756107933271,7.8319825134488819e-05
271,0.42861453420491963,0.4286874212520283,7.2887047108671776e-05
272,-0.053814677106637121,-0.053891117211889911,7.6440105252789659e-05
273,0.20992468694477315,0.21000843786665152,8.3750921878372742e-05
274,0.65687506701305998,0.6567905622737783,8.4504739281676677e-05
275,-0.17232040077566288,-0.17223943291878444,8.0967856878444433e-05
276,0.15898026264674803,0.15890311211121769,7.7150535530340347e-05
277,1.0238858724536211,1.0239607397131893,7.4867259568289768e-05
278,0.4531912981683931,0.45311711752406364,7.4180644329457923e-05
279,0.51636489803319041,0.51644174695670098,7.6848923510564049e-05
280,0.87357759958526393,0.87349501979184763,8.257979341630417e-05
281,0.36825973016617791,0.36834286000382177,8.3129837643858284e-05
282,0.7520253809919244,0.75194879675897308,7.6584232951315556e-05
283,0.75988525435791243,0.75995614930784705,7.0894949934618978e-05
284,-0.33180905345035627,-0.33188078341391913,7.1729963562860988e-05
285,0.0065984167268628453,0.0066747307282185369,7.631400135569167e-05
286,0.33436373267283198,0.33428377009219157,7.9962580640413616e-05
287,-0.55813980783872197,-0.55805999689789698,7.9810940824986965e-05
288,-0.44003133531200744,-0.44010755545429958,7.6220142292138249e-05
289,-0.32161372963320478,-0.32154162074382797,7.2108889376809593e-05
290,-0.72354811974353617,-0.72361785817880797,6.9738435271804455e-05
291,-0.040377587982480811,-0.040305865997809359,7.1721984671452299e-05
292,-0.10463491007791013,-0.10471203212033721,7.7122042427074655e-05
293,-0.82944685428114973,-0.82936738764045381,7.9466640695913249e-05
294,-0.0076487692914701602,-0.007725791434908794,7.7022143438633742e-05
295,0.22038051710365966,0.22045074451733668,7.0227413677015349e-05
296,-0.52170778932778916,-0.52177457664886895,6.6787321079786466e-05
297,-0.20769169113710892,-0.20762146064592443,7.0230491184486432e-05
298,-0.35245356761819019,-0.35252925624904674,7.5688630856551864e-05
299,-0.74680531120517424,-0.74672866454101483,7.6646664159407685e-05
300,-0.15636969838987891,-0.15644432756348442,7.4629173605511578e-05
301,-0.6599506206854594,-0.65987929028676151,7.1330398697888597e-05
302,-1.2657435500603722,-1.2658111498818978,6.7599821525599069e-05
303,-0.31840158622496129,-0.31833519845377045,6.6387771190834499e-05
304,-0.31645901208326088,-0.31652911723131155,7.0105148050669808e-05
305,-0.7511692900503556,-0.75109247443954119,7.6815610814406909e-05
306,-0.086737913052220936,-0.086814551925400954,7.6638873180018274e-05
307,-0.12424492348454455,-0.12417608188433266,6.8841600211894116e-05
308,-0.023479090362359501,-0.023543455890866882,6.4365528507380476e-05
309,0.78710593699340503,0.78717229519607368,6.6358202668648225e-05
310,0.20708543724389217,0.20701547130237885,6.996594151331692e-05
311,-0.038330560107914274,-0.038258567043471636,7.1993064442638088e-05
312,0.89007250631994017,0.88999947802735002,7.3028292590149313e-05
313,0.46510738150444997,0.46517923271734468,7.1851212894713523e-05
314,0.010848386947816759,0.010782433879259727,6.5953068557032118e-05
315,0.42786322551821104,0.42792473697469952,6.1511456488472227e-05
316,-0.0039148217722571365,-0.0039799801466792279,6.5158374422091478e-05
317,0.12763152751004073,0.12770440905246869,7.2881542427960522e-05
318,0.68324639043711388,0.6831729926287714,7.3397808342479109e-05
319,-0.09788913114561254,-0.097820277548886961,6.8853596725579336e-05
320,0.046144422116390596,0.046080178255157034,6.4243861233562183e-05
321,1.0076198898804405,1.0076828030204461,6.2913140005615986e-05
322,0.52195059662762888,0.52188648377102054,6.411285660834487e-05
323,0.45402756423810131,0.45409481950912706,6.7255271025745689e-05
324,0.89206329844511034,0.8919921276816839,7.1170763426442463e-05
325,0.40083750729681389,0.40090840959002744,7.0902293213548351e-05
326,0.68018593877624001,0.68012093089648962,6.5007879750389463e-05
327,0.8418362707662842,0.8418960868082358,5.9816041951599175e-05
328,-0.25960649909097144,-0.25966752010521021,6.1021014238771265e-05
329,-0.085432955642779945,-0.085366732188932537,6.6223453847408242e-05
330,0.38232145025390485,0.38225115852095598,7.0291732948868368e-05
331,-0.48847582438492981,-0.48840656009489752,6.9264290032289288e-05
332,-0.49578380935467614,-0.49584769765878628,6.3888304110137906e-05
333,-0.28007501173795996,-0.28001457224829834,6.0439489661612278e-05
334,-0.72742458034419599,-0.7274847953448238,6.0215000627805715e-05
335,-0.12147041515828515,-0.1214076392110531,6.2775947232043827e-05
336,-0.020892441502808411,-0.020959499132014957,6.7057629206546815e-05
337,-0.82066573855196434,-0.82059708565263134,6.865289933299934e-05
338,-0.11809530438615887,-0.11816153476221192,6.6230376053050266e-05
339,0.28211509125143763,0.2821746217785398,5.953052710216955e-05
340,-0.48726928240766071,-0.48732555293056995,5.6270522909240839e-05
341,-0.25661767674837777,-0.256556988541983,6.0688206394765576e-05
342,-0.28648079082191008,-0.2865481501621211,6.7359340211015084e-05
343,-0.76459878341832554,-0.76453160508432216,6.7178334003381579e-05
344,-0.20041609945736685,-0.20047951075629494,6.3411298928089943e-05
345,-0.54807518434997415,-0.54801502982340389,6.015452657026632e-05
346,-1.2904458468099633,-1.2905038952719317,5.804846196832969e-05
347,-0.413854728138907,-0.41379685878092271,5.7869357984297043e-05
348,-0.24703976148388093,-0.24710105476857042,6.1293284689484251e-05
349,-0.76839647857568238,-0.76832927583048072,6.720274520166658e-05
350,-0.14888889422223553,-0.14895570186982368,6.6807647588151831e-05
351,-0.083730564491924953,-0.083671897022731062,5.8667469193890431e-05
352,-0.096010970266886472,-0.096065000731220318,5.4030464333845729e-05
353,0.75076900716973027,0.75082623614324551,5.722897351523315e-05
354,0.30774027554327243,0.30767809826063203,6.2177282640407672e-05
355,-0.10159622894194296,-0.10153250618399222,6.3722757950746001e-05
356,0.83241091757308183,0.83234765948376621,6.3258089315620936e-05
357,0.5613528052889214,0.56141382198185974,6.1016692938342665e-05
358,-0.0097340512827111137,-0.0097904655003320951,5.6414217620981422e-05
359,0.41344360681252118,0.41349702438303632,5.3417570515135182e-05
360,0.05399305266522049,0.053936092180959939,5.6960484260550059e-05
361,0.052373441112277395,0.052437769610714002,6.4328498436606874e-05
362,0.69007548398629004,0.69001085189010891,6.463209618112753e-05
363,-0.010734897405901075,-0.010675407070682517,5.9490335218558357e-05
364,-0.055336401543673523,-0.055390712705972962,5.4311162299439109e-05
365,0.97059858707995961,0.97065224609362799,5.3659013668383437e-05
366,0.5979088122108579,0.59785225804834496,5.6554162512933992e-05
367,0.39903334609252461,0.3990937418852617,6.039579273708906e-05
368,0.89608992305705915,0.89602761148234877,6.2311574710371964e-05
369,0.44520096211795801,0.445261806110896,6.0843992937986702e-05
370,0.60785550690459123,0.6077996556840658,5.5851220525426903e-05
371,0.90545440121786658,0.90550608031661095,5.1679098744372709e-05
372,-0.16940214874759227,-0.16945528887852193,5.3140130929663076e-05
373,-0.17364526913090289,-0.17358683537210048,5.8433758802406421e-05
374,0.41111635991623385,0.41105371711440891,6.2642801824941419e-05
375,-0.40554113659843077,-0.40548010237926729,6.1034219163480508e-05
376,-0.54909487101916643,-0.5491490916083076,5.4220589141174003e-05
377,-0.24948820528923946,-0.24943710423294033,5.1101056299129866e-05
378,-0.71555663297493788,-0.71560960360017156,5.2970625233683677e-05
379,-0.20916667326000632,-0.20911023067283166,5.6442587174659886e-05
380,0.049456696307319942,0.049397437996254172,5.9258311065769897e-05
381,-0.79055510921508776,-0.79049531484549063,5.9794369597132579e-05
382,-0.23309148106412517,-0.23314886932164064,5.7388257515472718e-05
383,0.32766928778621968,0.32772064982966814,5.1362043448466288e-05
384,-0.43731872877552486,-0.43736721771999809,4.8488944473235041e-05
385,-0.31003846620212738,-0.30998511235098286,5.3353851144521958e-05
386,-0.22781614328442873,-0.22787692853750904,6.078525308031435e-05
387,-0.76642416539157787,-0.76636433067224385,5.9834719334017628e-05
388,-0.25719850033740294,-0.25725292027439539,5.4419936992455842e-05
389,-0.44257764319350645,-0.44252659888136897,5.1044312137482617e-05
390,-1.2924490219552922,-1.2924996661263566,5.0644171064373467e-05
391,-0.52008293485096635,-0.52003125347623902,5.1681374727330365e-05
392,-0.18705857352722774,-0.18711332456379068,5.4751036562938893e-05
393,-0.76863268244986849,-0.76857341486135666,5.9267588511824343e-05
394,-0.2202363313758848,-0.22029485284050823,5.8521464623428887e-05
395,-0.044856869326203128,-0.044806131759278445,5.0737566924682898e-05
396,-0.15491165960488604,-0.15495785489396327,4.6195289077233248e-05
397,0.69632030306481874,0.69637045774696216,5.015468214342178e-05
398,0.40861069724117771,0.40855460364710255,5.6093594075157238e-05
399,-0.14564246407962569,-0.14558514884617715,5.7315233448540504e-05
400,0.75737899814883902,0.75732351620385807,5.5481944980950715e-05
401,0.654267764401678,0.65431974821300787,5.1983811329869845e-05
402,-0.015567136567907945,-0.015615863104422438,4.8726536514493227e-05
403,0.38635727186159308,0.38640480419013284,4.7532328539767743e-05
404,0.11673290860766057,0.11668193199800306,5.0976609657513161e-05
405,-0.012714494514748353,-0.012657245705937303,5.7248808811050447e-05
406,0.67745728837733099,0.67740002336271232,5.7265014618668175e-05
407,0.085243065559254913,0.085295029507139561,5.1963947884647865e-05
408,-0.14182214014976269,-0.14186872249608012,4.6582346317436407e-05
409,0.91341157098467407,0.9134579388306896,4.6367846015527014e-05
410,0.67750793939471232,0.67745732261578306,5.0616778929257755e-05
411,0.35432452780507434,0.3543797497894367,5.5221984362363585e-05
412,0.88535416944075351,0.88529886263044721,5.5306810306299248e-05
413,0.49888305959058843,0.4989353639164722,5.2304325883767433e-05
414,0.53876237414468442,0.53871411284916459,4.8261295519824721e-05
415,0.94926795674186581,0.9493135605657248,4.5603823858986203e-05
416,-0.064161758714963199,-0.064209074491896168,4.7315776932968512e-05
417,-0.25377463490999952,-0.25372241767710474,5.2217232894780086e-05
418,0.41973324756239461,0.41967705493184737,5.6192630547236e-05
419,-0.31205480341356168,-0.31200056026188239,5.4243151679289614e-05
420,-0.59658286242905734,-0.59662942029333121,4.6557864273877314e-05
421,-0.23143475429406954,-0.23139122553011307,4.3528763956468541e-05
422,-0.68928631977116017,-0.6893335621500456,4.7242378885425929e-05
423,-0.29964303447021085,-0.2995912206751018,5.1813795109045824e-05
424,0.10361002898670162,0.10355695942278105,5.3069563920565832e-05
425,-0.74065350881648895,-0.74060121435286075,5.2294463628199672e-05
426,-0.34825447021905992,-0.34830428785572182,4.9817636661897424e-05
427,0.35466633204544962,0.35471129106328686,4.4959017837242765e-05
428,-0.37333082649165128,-0.37337359835840844,4.2771866757163046e-05
429,-0.3646602210956717,-0.36461258257635304,4.7638519318660144e-05
430,-0.17909541870540244,-0.17915060864435628,5.5189938953842388e-05
431,-0.75231237718244981,-0.75225856580315897,5.3811379290835681e-05
432,-0.32343656732081288,-0.32348366179572879,4.7094474915909679e-05
433,-0.34730590051062721,-0.34726234953404261,4.3550976584594281e-05
434,-1.2717147914540101,-1.2717594690525611,4.4677598550979525e-05
435,-0.63322654097562681,-0.63317950264441436,4.7038331212445605e-05
436,-0.13990172742858401,-0.13995154110326216,4.9813674678156339e-05
437,-0.75191344838660956,-0.75186092146247419,5.2526924135376518e-05
438,-0.29803908741948282,-0.29809028442139507,5.1197001912250961e-05
439,-0.010829858215452178,-0.010785493910739598,4.4364304712579683e-05
440,-0.19877793252972892,-0.19881825730635594,4.0324776627020942e-05
441,0.62607354609829902,0.62611816146661492,4.4615368315903403e-05
442,0.50537595383721257,0.50532491446642525,5.1039370787320237e-05
443,-0.16882862164537984,-0.16877655022331689,5.2071422062954786e-05
444,0.66778854556822009,0.6677394344457831,4.9111122436995558e-05
445,0.73992128410525426,0.73996571922598875,4.4435120734487299e-05
446,-0.0053504546772002153,-0.0053927530135212893,4.229833632107393e-05
447,0.34829120787576734,0.34833431274422549,4.3104868458154755e-05
448,0.18095516439645806,0.18090853172360796,4.6632672850099866e-05
449,-0.06503270718274709,-0.064981498126296583,5.120905645050744e-05
450,0.6463327747618941,0.6462820255346835,5.0749227210600267e-05
451,0.18583367370524073,0.18587936541403255,4.5691708791817387e-05
452,-0.21026862227079585,-0.21030918986507247,4.0567594276619268e-05
453,0.83751116702003392,0.83755179512442124,4.0628104387319119e-05
454,0.75691682794481974,0.75687104734812993,4.5780596689803943e-05
455,0.32237867756953009,0.32242969811786526,5.1020548335167781e-05
456,0.86029992724922699,0.8602502404162552,4.968683297179588e-05
457,0.55897076311640059,0.5590157243715228,4.4961255122211163e-05
458,0.47636331694795248,0.4763215880345974,4.1728913355076891e-05
459,0.97265511729070531,0.97269608944706998,4.0972156364671442e-05
460,0.052548003975416938,0.052504973583336223,4.3030392080714575e-05
461,-0.32186043516691931,-0.32181328320342789,4.7151963491420812e-05
462,0.40801613077934412,0.40796566425739117,5.0466521952952093e-05
463,-0.21127683644255593,-0.21122850670534571,4.8329737210223156e-05
464,-0.63505775845744072,-0.63509822133858007,4.046288113934704e-05
465,-0.2268059230229747,-0.22676847347902801,3.7449543946688202e-05
466,-0.65061267918495702,-0.65065525605037844,4.2576865421417587e-05
467,-0.38904054562518975,-0.38899236096425893,4.8184660930816747e-05
468,0.13949471180193537,0.1394466242592457,4.8087542689673191e-05
469,-0.67330813404678047,-0.67326230094512329,4.5833101657177799e-05
470,-0.45917098456662314,-0.45921413989879356,4.3155332170419225e-05
471,0.36146623518011162,0.361506031204614,3.9796024502380956e-05
472,-0.29750167645378939,-0.29754030738777537,3.8630933985983607e-05
473,-0.41707931194818548,-0.41703612625057035,4.3185697615133467e-05
474,-0.14242515175161621,-0.14247528222299025,5.0130471374032481e-05
475,-0.72306261532068816,-0.7230140560464775,4.8559274210657755e-05
476,-0.39550468850058723,-0.39554576661890806,4.1078118320825308e-05
477,-0.26560461171227501,-0.26556718438026922,3.7427332005790515e-05
478,-1.2291110422069387,-1.2291507836708406,3.9741463901954432e-05
479,-0.74907137319709249,-0.74902798076839694,4.3392428695554486e-05
480,-0.10844641500486678,-0.10849241106944059,4.5996064573811113e-05
481,-0.71906981119761537,-0.71902306497617174,4.6746221443627611e-05
482,-0.37916813109162745,-0.37921267847765494,4.4547386027493641e-05
483,0.015428184199396181,0.01546724385399033,3.9059654594148993e-05
484,-0.22697117456664603,-0.22700719591126081,3.602134461477835e-05
485,0.54295451906861902,0.54299481510876924,4.0296040150211709e-05
486,0.59391982644467589,0.59387321632547307,4.6610119202816769e-05
487,-0.17038890721661251,-0.17034139640733781,4.7510809274703414e-05
488,0.56708072653399744,0.56703698155250559,4.374498149184447e-05
489,0.81459897296445627,0.8146371511949192,3.8178230462926344e-05
490,0.021467902635963793,0.021431118833072083,3.6783802891710016e-05
491,0.30153675980176087,0.30157636427340023,3.9604471639365091e-05
492,0.24330203284447804,0.24325854164800761,4.3491196470429871e-05
493,-0.10262829611014553,-0.10258228940206594,4.6006708079582292e-05
494,0.59843495268186242,0.59839017003983863,4.4782642023788455e-05
495,0.28669557518182087,0.28673585974541033,4.0284563589454425e-05
496,-0.25835688796819894,-0.25839279431257683,3.5906344377889532e-05
497,0.74516040163054298,0.74519658782713061,3.6186196587628672e-05
498,0.83220191820713951,0.83216018196722374,4.1736239915768358e-05
499,0.30508225597390243,0.30512955760247129,4.7301628568863219e-05
500,0.82209872200720124,0.82205369407692375,4.5027930277496964e-05
501,0.62225195589303584,0.62229061048101209,3.8654587976250099e-05
502,0.42368971602948108,0.42365371054183215,3.6005487648926859e-05
503,0.97585802357900864,0.97589534287122304,3.7319292214399447e-05
504,0.17671304468968974,0.17667315338103451,3.9891308655226609e-05
505,-0.37441551808676793,-0.37437253875440291,4.2979332365022938e-05
506,0.37668542340853933,0.37664021185410729,4.5211554432045276e-05
507,-0.10686834345009949,-0.10682539911463616,4.2944335463326877e-05
508,-0.66167973998935825,-0.66171533758981516,3.5597600456904743e-05
509,-0.23575791839847193,-0.23572520654215937,3.2711856312567233e-05
510,-0.60208572434211027,-0.60212442991076742,3.8705568657149136e-05
511,-0.47363925439455962,-0.4735941890928404,4.5065301719215967e-05
512,0.15584837509671751,0.1558043979682549,4.3977128462602266e-05
513,-0.59157149775523532,-0.5915312846558235,4.0213099411823272e-05
514,-0.56158436676842916,-0.56162160826478114,3.7241496351980707e-05
515,0.34724880687374782,0.34728430032644636,3.5493452698542871e-05
516,-0.21265977792500729,-0.21269543824869144,3.5660323684155726e-05
517,-0.46394906289884408,-0.46390931389300666,3.9749005837419471e-05
518,-0.11928021068412831,-0.11932560504499094,4.5394360862635597e-05
519,-0.68019354883270589,-0.68014984218773322,4.3706644972663078e-05
520,-0.46960141466371341,-0.46963752300051897,3.610833680556258e-05
521,-0.20017822449491943,-0.20014569745166749,3.2527043251934229e-05
522,-1.1663734147117399,-1.1664090372195446,3.5622507804644599e-05
523,-0.86322615656489876,-0.86318579442400412,4.0362140894645293e-05
524,-0.094924487083721101,-0.094967372030983224,4.2884947262122886e-05
525,-0.67170248509792307,-0.6716606708426307,4.1814255292371705e-05
526,-0.46025647474206305,-0.46029494846143926,3.8473719376208582e-05
527,0.031423095241944143,0.031457561012071214,3.4465770127070638e-05
528,-0.23963390298016116,-0.23966684065510499,3.2937674943833706e-05
529,0.45036156768497165,0.45039855147717456,3.6983792202904819e-05
530,0.67050444775307261,0.67046186210980785,4.2585643264758666e-05
531,-0.1504644662799203,-0.15042116249938792,4.3303780532383263e-05
532,0.45918341571484178,0.45914432310937464,3.9092605467139219e-05
533,0.874972347545241,0.8750054161001124,3.3068554871396039e-05
534,0.064651155047207393,0.064619075550577096,3.2079496630296744e-05
535,0.24887909022615953,0.24891579665050734,3.6706424347804356e-05
536,0.30057227038050915,0.30053112480226868,4.1145578240475711e-05
537,-0.12427509450092152,-0.12423353524205248,4.1559258869033888e-05
538,0.53620019439657474,0.53616096902505028,3.9225371524453934e-05
539,0.38354331753865439,0.3835787998292951,3.5482290640709291e-05
540,-0.28459130359018342,-0.28462360086289912,3.2297272715697822e-05
541,0.6393448782888298,0.63937773299237133,3.2854703541529418e-05
542,0.899504666205869,0.89946636535464808,3.8300851220918197e-05
543,0.30363095761455766,0.30367470100098004,4.3743386422379071e-05
544,0.77259514992573863,0.77255417507205726,4.0974853681374768e-05
545,0.68537558732989223,0.68540890084095862,3.3313511066390689e-05
546,0.38321498191914127,0.38318394148860541,3.1040430535866914e-05
547,0.95995854884850895,0.95999284469288682,3.4295844377862927e-05
548,0.30404402388414253,0.30400645564877832,3.7568235364215941e-05
549,-0.40857631269579742,-0.40853678903077117,3.952366502624205e-05
550,0.32731644216720351,0.32727612052057525,4.0321646628260766e-05
551,-0.0027316337742725261,-0.0026937390777399713,3.7894696532554846e-05
552,-0.67410258875509022,-0.6741342573092578,3.1668554167585405e-05
553,-0.25770254733164555,-0.25767335276144981,2.9194570195734126e-05
554,-0.54667525588760812,-0.5467107311431233,3.5475255515171611e-05
555,-0.55002433492225145,-0.54998221809589654,4.2116826354909875e-05
556,0.15226364233602194,0.15222321695795665,4.0425378065284123e-05
557,-0.49906796879173237,-0.4990326476250378,3.5321166694579631e-05
558,-0.65157553208528174,-0.65160760952142527,3.2077436143529425e-05
559,0.31206103746619313,0.31209281346493672,3.1775998743599487e-05
560,-0.12214669313892002,-0.12218019155116486,3.3498412244842291e-05
561,-0.50214506299265516,-0.50210793677045373,3.7126222201422365e-05
562,-0.11043197272293251,-0.11047290292816804,4.093020523553148e-05
563,-0.62586112004338768,-0.62582209722514714,3.9022818240530555e-05
564,-0.54192486546211427,-0.54195682945426271,3.1963992148442699e-05
565,-0.15298321455943154,-0.15295448126224934,2.8733297182198525e-05
566,-1.0860295293086026,-1.0860617382888882,3.2208980285552968e-05
567,-0.97130854493612184,-0.97127086237553018,3.7682560591667524e-05
568,-0.1008136317714652,-0.10085378193772965,4.0150166264449338e-05
569,-0.61211992985410479,-0.61208230530937557,3.7624544729220055e-05
570,-0.53786154352658344,-0.5378945292459717,3.2985719388256562e-05
571,0.035212188355539728,0.035242518402881069,3.0330047341341204e-05
572,-0.23766958498095567,-0.23770032889132295,3.0743910367281302e-05
573,0.35200651968542673,0.35204102882491384,3.4509139487104434e-05
574,0.73192636594191729,0.73188749247345508,3.8873468462208294e-05
575,-0.11009621649305125,-0.11005697763035183,3.9238862699422783e-05
576,0.34834640967867209,0.34831147045854088,3.4939220131202653e-05
577,0.91825266053058696,0.91828163857227652,2.8978041689553535e-05
578,0.1231699798025086,0.12314179877737776,2.8181025130843973e-05
579,0.19346240117801039,0.19349659524761281,3.4194069602422328e-05
580,0.34987765805974641,0.34983845826336646,3.9199796379951746e-05
581,-0.12951915176084894,-0.12948134585631665,3.7805904532284274e-05
582,0.46264911432193445,0.46261506823207588,3.4046089858574824e-05
583,0.47232987197345744,0.4723609931241145,3.1121150657065222e-05
584,-0.28836214675971178,-0.28839161729389606,2.9470534184283803e-05
585,0.52365227334767273,0.52368273455521652,3.0461207543797109e-05
586,0.95521762943502686,0.95518226404978734,3.5365385239516378e-05
587,0.31846160283686931,0.31850177027032711,4.0167433457805046e-05
588,0.71421963695811252,0.7141823960099507,3.7240948161820775e-05
589,0.74501753205640064,0.74504641720456921,2.8885148168567021e-05
590,0.35674915541083946,0.35672229940690614,2.6856003933317663e-05
591,0.92681708660693618,0.92684877138002575,3.168477308956863e-05
592,0.43015958318172692,0.43012383312380287,3.5750057924055501e-05
593,-0.42222621994663001,-0.42218958355403291,3.6636392597100276e-05
594,0.2622799881794956,0.26224420375750096,3.57844219946446e-05
595,0.097162563866969781,0.097195673601215143,3.3109734245362343e-05
596,-0.67059509635182035,-0.67062350541795612,2.8409066135770544e-05
597,-0.29133386360169317,-0.29130710823366296,2.6755368030206839e-05
598,-0.48762077884763178,-0.48765357939325427,3.2800545622491128e-05
599,-0.61523635350033534,-0.61519721829644236,3.9135203892981529e-05
600,0.12919454129266089,0.12915737326021909,3.7168032441803334e-05
601,-0.39983604934223282,-0.39980496105482383,3.1088287408997939e-05
602,-0.72572992942919923,-0.72575760383416554,2.7674404966315791e-05
603,0.25682646866893832,0.25685494854823832,2.847987929999185e-05
604,-0.029672623076454789,-0.029704447868829531,3.182479237474195e-05
605,-0.52892126876680901,-0.52888614363144615,3.5125135362856774e-05
606,-0.11591046045389104,-0.11594724951661471,3.6789062723668886e-05
607,-0.56274697266155704,-0.56271257581715783,3.4396844399209314e-05
608,-0.60884608959865316,-0.60887453325536556,2.8443656712395793e-05
609,-0.12515414804749297,-0.12512822985853056,2.5918188962414934e-05
610,-0.99128919530458703,-0.99131863936677733,2.9444062190298048e-05
611,-1.0691316154804573,-1.0690964349764793,3.5180503977993993e-05
612,-0.12676118736368164,-0.12679872334876949,3.7535985087849832e-05
613,-0.54324293644196908,-0.54320892773414597,3.400870782310772e-05
614,-0.60863237550277183,-0.6086605149125256,2.8139409753769051e-05
615,0.025500747303860847,0.025527284375382889,2.653707152204185e-05
616,-0.22268693427546088,-0.2227160599767101,2.9125701249216318e-05
617,0.25174336114881479,0.25177607372765487,3.2712578840077278e-05
618,0.77564803859718612,0.77561257495544389,3.5463641742228269e-05
619,-0.051178766138212345,-0.051143562263699295,3.5203874513049793e-05
620,0.2389617146125555,0.23893058327664957,3.1131335905931756e-05
621,0.94232219255451444,0.9423479588495095,2.5766294995066552e-05
622,0.19523566156168473,0.19521055289886199,2.5108662822737049e-05
623,0.13863702520338658,0.13866895931263379,3.1934109247205855e-05
624,0.38878388682937387,0.38874654898461009,3.73378447637851e-05
625,-0.11868777680322892,-0.11865317250786547,3.4604295363449555e-05
626,0.38124260584795616,0.38121331249784801,2.9293350108150484e-05
627,0.54941746734576369,0.54944458863078083,2.712128501713984e-05
628,-0.26996991035009277,-0.26999709384883325,2.7183498740479539e-05
629,0.40212464137182463,0.40215346408942176,2.8822717597132286e-05
630,0.99615120970426752,0.99611835075554389,3.285894872362416e-05
631,0.34921898038509941,0.34925549870352363,3.6518318424216822e-05
632,0.64987261129886686,0.64983899862652861,3.3612672338256822e-05
633,0.79804429819410216,0.79806959431377156,2.5296119669393491e-05
634,0.34536546856299111,0.34534197560711705,2.3492955874060417e-05
635,0.87897745364020885,0.87900682234564353,2.9368705434684728e-05
636,0.55077255135679326,0.55073839403896052,3.4157317832739231e-05
637,-0.41408681469881337,-0.41405267399852891,3.414070028445737e-05
638,0.18464745161883009,0.18461580415995421,3.1647458875877499e-05
639,0.18895299394491777,0.18898160170954265,2.8607764624877241e-05
640,-0.65013467246032564,-0.65016025478222061,2.558232189497911e-05
641,-0.33468959242265139,-0.33466438463246651,2.5207790184889056e-05
642,-0.42826964142626545,-0.42830027121974557,3.0629793480119183e-05
643,-0.66689889475950159,-0.66686285599646566,3.6038763035928234e-05
644,0.087924701067594868,0.087890707672294469,3.3993395300399576e-05
645,-0.2981534163520847,-0.29812596654298823,2.7449809096469213e-05
646,-0.78128289397563111,-0.78130693062542478,2.4036649793668374e-05
647,0.18331591251216356,0.18334149308515291,2.5580572989347683e-05
648,0.060846695140483034,0.060816307502774544,3.0387637708489956e-05
649,-0.54204951372595178,-0.54201597277814351,3.3540947808274879e-05
650,-0.13500223305982653,-0.13503530019234947,3.3067132522934806e-05
651,-0.49392287451488764,-0.49389305601181005,2.9818503077594372e-05
652,-0.66707250214220393,-0.6670978650378091,2.5362895605174351e-05
653,-0.11696664586729492,-0.1169427210760397,2.3924791255222622e-05
654,-0.88590552499644681,-0.88593281640008126,2.7291403634444045e-05
655,-1.152882599014267,-1.1528498398676275,3.2759146639582681e-05
656,-0.1725441911354246,-0.17257905095259338,3.4859817168775287e-05
657,-0.46847994433640205,-0.46844915007756266,3.0794258839395017e-05
658,-0.66947379620502956,-0.6694977959184073,2.3999713377742538e-05
659,0.001707185798253194,0.0017303094898639848,2.3123691610790883e-05
660,-0.19691149941133568,-0.19693930031002002,2.7800898684343656e-05
661,0.15339252882677307,0.15342395429474934,3.1425467976270438e-05
662,0.7998990694588487,0.79986668126521687,3.23881936318271e-05
663,0.023622508258990375,0.023653678873457401,3.1170614467026375e-05
664,0.13537679685532611,0.13534922709051297,2.7569764813134556e-05
665,0.94583690348655547,0.94586017454726912,2.3271060713647707e-05
666,0.27836896422372609,0.27834610098319956,2.2863240526527218e-05
667,0.087795583179261699,0.087825442338728368,2.9859159466669172e-05
668,0.41542908829328934,0.41539376388694388,3.5324406345460524e-05
669,-0.09286211892710057,-0.092830353263195928,3.1765663904642638e-05
670,0.2957196967517316,0.29569463606981972,2.5060681911881488e-05
671,0.61172922473697933,0.61175272484267484,2.3500105695517526e-05
672,-0.23061026942548293,-0.23063550498679977,2.5235561316838684e-05
673,0.27908995341926873,0.27911769126066782,2.7737841399089191e-05
674,1.0196834324293933,1.0196527083753706,3.0724054022712721e-05
675,0.39475943389418916,0.39479227272198092,3.2838827791759062e-05
676,0.58278548177953404,0.58275552488072302,2.9956898811023258e-05
677,0.84166689036146769,0.84168932497251581,2.2434611048116615e-05
678,0.34936196798597957,0.34934099798710955,2.0969998870024043e-05
679,0.81954237787440409,0.8195696739110272,2.7296036623103426e-05
680,0.66187086917680005,0.66183830426495693,3.256491184311372e-05
681,-0.38377292268411384,-0.38374106045357542,3.1862230538415304e-05
682,0.098064443219082337,0.098036478487659756,2.7964731422580602e-05
683,0.26906283219911986,0.2690872894968151,2.4457297695235081e-05
684,-0.6124685982844249,-0.61249159517660634,2.299689218143719e-05
685,-0.38524449485735762,-0.38522017426066546,2.4320596692162244e-05
686,-0.37191104276037129,-0.37193996240762878,2.891964725748597e-05
687,-0.7033178651395664,-0.70328501598239201,3.2849157174386079e-05
688,0.030499060460411391,0.030468309682174424,3.0750778236967452e-05
689,-0.19835252228927494,-0.19832819216534289,2.4330123932048142e-05
690,-0.81623708833821729,-0.81625824015120041,2.1151812983122298e-05
691,0.09408072359115599,0.094103831108156802,2.3107517000811595e-05
692,0.14546442171185126,0.1454354097943823,2.9011917468957371e-05
693,-0.5399357949083271,-0.53990365097502724,3.2143933299866312e-05
694,-0.16628419420853044,-0.16631400468602098,2.9810477490538334e-05
695,-0.42269760194311345,-0.4226722406107033,2.5361332410156479e-05
696,-0.71379401609000859,-0.71381657887520045,2.2562785191859724e-05
697,-0.12783865428117586,-0.12781608783641085,2.2566444765004245e-05
698,-0.77401313460681798,-0.77403884409942059,2.570949260261024e-05
699,-1.2192859500661162,-1.219255566783481,3.0383282635160214e-05
700,-0.23706768379332313,-0.23709969975114792,3.2015957824788055e-05
701,-0.39157842800803799,-0.39155060620277998,2.7821805258010368e-05
702,-0.71769985938598035,-0.71772046600751815,2.0606621537799796e-05
703,-0.036006117123062814,-0.035985928606219041,2.0188516843773485e-05
704,-0.16306882868291869,-0.1630954048465556,2.6576163636909955e-05
705,0.060568851214534612,0.060599294086470371,3.0442871935758287e-05
706,0.80374286201829936,0.80371319387823215,2.9668140067218296e-05
707,0.11098751658426559,0.11101469500858153,2.7178424315946192e-05
708,0.041709017953412836,0.041684813268025922,2.4204685386913782e-05
709,0.92829563027436912,0.92831694306889756,2.1312794528438594e-05
710,0.36950181470731158,0.36948041736138171,2.1397345929874412e-05
711,0.044205880904465339,0.044233831041726832,2.7950137261492647e-05
712,0.4286145342048972,0.42858151566385477,3.3018541042428851e-05
713,-0.053814677106608456,-0.053785573650365709,2.9103456242747516e-05
714,0.20992468694481481,0.20990325400907833,2.14329357364762e-05
715,0.65687506701307696,0.65689538872568665,2.0321712609683296e-05
716,-0.17232040077562338,-0.17234390423899495,2.3503463371571387e-05
717,0.15898026264678844,0.15900723055014893,2.6967903360486378e-05
718,1.0238858724536777,1.0238569719289223,2.8900524755348656e-05
719,0.45319129816837644,0.45322053685748892,2.923868911247629e-05
720,0.51636489803315266,0.51633867389329957,2.6224139853092687e-05
721,0.87357759958522474,0.87359774874341156,2.0149158186821836e-05
722,0.36825973016617319,0.3682404730278076,1.9257138365591508e-05
723,0.75202538099190019,0.75205084387366439,2.5462881764193313e-05
724,0.75988525435798904,0.75985443996178526,3.0814396203782124e-05
725,-0.33180905345044281,-0.33177940976496856,2.9643685474256554e-05
726,0.0065984167268747273,0.006573690725843984,2.4726001030743287e-05
727,0.33436373267277791,0.33438447847761332,2.0745804835409221e-05
728,-0.55813980783875827,-0.55816037567585441,2.0567837096141517e-05
729,-0.44003133531204369,-0.44000750429470331,2.3831017340381067e-05
730,-0.32161372963317209,-0.32164134625451851,2.761662134642684e-05
731,-0.72354811974354205,-0.7235184563672159,2.9663376326150015e-05
732,-0.040377587982485877,-0.040404946040804753,2.7358058318875667e-05
733,-0.10463491007797759,-0.10461327193470762,2.1638143269969712e-05
734,-0.82944685428117126,-0.82946582986150885,1.8975580337587949e-05
735,-0.0076487692914552537,-0.0076276653044936825,2.1103986961571244e-05
736,0.22038051710360351,0.2203529326218325,2.7584481771009139e-05
737,-0.5217077893277674,-0.52167707715061817,3.0712177149228026e-05
738,-0.20769169113704727,-0.20771864956664787,2.6958429600598688e-05
739,-0.35245356761818086,-0.35243237610351236,2.1191514668505995e-05
740,-0.74680531120517668,-0.74682523769615694,1.9926490980259892e-05
741,-0.15636969838991904,-0.15634805963106013,2.1638758858910645e-05
742,-0.65995062068547639,-0.65997525474730179,2.463406182540151e-05
743,-1.265743550060314,-1.2657154871590615,2.806290125256794e-05
744,-0.31840158622492382,-0.31843056115640417,2.897493148035224e-05
745,-0.31645901208318922,-0.3164340528474423,2.4959235746913055e-05
746,-0.75116929005036803,-0.75118724218980848,1.7952139440446935e-05
747,-0.086737913052211332,-0.086720079139220765,1.7833912990566914e-05
748,-0.12424492348450099,-0.12427026136007194,2.5337875570949353e-05
749,-0.023479090362311161,-0.023449568087072211,2.9522275238950263e-05
750,0.78710593699346787,0.78707869744129999,2.7239552167879211e-05
751,0.20708543724387224,0.20710878061624297,2.3343372370726589e-05
752,-0.038330560107869498,-0.038351589509480657,2.1029401611159793e-05
753,0.89007250631999213,0.89009221522403481,1.9708904042681219e-05
754,0.46510738150439662,0.46508677922615105,2.0602278245573924e-05
755,0.010848386947836068,0.010874605214590806,2.6218266754737818e-05
756,0.42786322551820877,0.4278328462597793,3.0379258429469314e-05
757,-0.0039148217722565822,-0.0038883685306840207,2.6453241572561501e-05
758,0.12763152751003679,0.12761307502770863,1.8452482328151776e-05
759,0.68324639043712876,0.68326405055636841,1.7660119239648608e-05
760,-0.097889131145636549,-0.097911060859852142,2.192971421559331e-05
761,0.046144422116476104,0.046170688416876042,2.6266300399938047e-05
762,1.0076198898804263,1.0075925645538772,2.7325326549032525e-05
763,0.52195059662767018,0.52197645198366271,2.5855355992532303e-05
764,0.45402756423804119,0.45400512012208644,2.244411595475615e-05
765,0.89206329844505328,0.89208155965875191,1.826121369863376e-05
766,0.40083750729682027,0.40081924361963966,1.8263677180607729e-05
767,0.68018593877627131,0.6802098322510538,2.3893474782488155e-05
768,0.84183627076632361,0.84180744869101543,2.8822075308188033e-05
769,-0.25960649909105821,-0.25957914385877084,2.7355232287362696e-05
770,-0.085432955642743919,-0.08545484791934968,2.1892276605761651e-05
771,0.38232145025389414,0.3823390150780811,1.7564824186966366e-05
772,-0.48847582438503018,-0.48849415880996694,1.8334424936761184e-05
773,-0.49578380935463234,-0.49576035546616554,2.3453888466806738e-05
774,-0.28007501173797822,-0.28010165922676322,2.6647488785003226e-05
775,-0.72742458034419744,-0.72739796228344722,2.6618060750216443e-05
776,-0.12147041515826618,-0.12149421964133837,2.3804483072195626e-05
777,-0.020892441502751723,-0.020873170057803425,1.9271444948298216e-05
778,-0.82066573855195168,-0.82068316463470492,1.7426082753235761e-05
779,-0.11809530438614579,-0.11807570461875122,1.9599767394573586e-05
780,0.28211509125152218,0.28208903923102779,2.6052020494382599e-05
781,-0.48726928240761253,-0.48724021674649581,2.9065661116711716e-05
782,-0.25661767674828395,-0.25664207958435642,2.4402836072467959e-05
783,-0.28648079082192435,-0.28646330304957385,1.7487772350499586e-05
784,-0.76459878341830578,-0.76461620946848874,1.7426050182955954e-05
785,-0.2004160994573348,-0.20039514790886331,2.0951548471481729e-05
786,-0.54807518434996116,-0.54809915231566098,2.3967965699811522e-05
787,-1.2904458468099653,-1.2904200119629339,2.5834847031447339e-05
788,-0.41385472813890301,-0.41388050406890731,2.5775930004301451e-05
789,-0.24703976148396142,-0.24701764634913276,2.2115134828665228e-05
790,-0.76839647857569693,-0.76841244852468538,1.5969948988447946e-05
791,-0.14888889422224735,-0.14887276376713829,1.6130455109064634e-05
792,-0.083730564491894505,-0.08375460165845261,2.4037166558105172e-05
793,-0.096010970266875828,-0.095982528447041526,2.8441819834301718e-05
794,0.75076900716968176,0.75074399510417156,2.5012065510199299e-05
795,0.30774027554327332,0.30776010915182878,1.9833608555452908e-05
796,-0.10159622894197667,-0.10161428801596287,1.8059073986192997e-05
797,0.8324109175730201,0.83242921333617204,1.8295763151932043e-05
798,0.56135280528887299,0.56133249503773264,2.0310251140354119e-05
799,-0.0097340512827101128,-0.0097093644019827438,2.4686880727368965e-05
800,0.41344360681254877,0.4134161480763765,2.7458736172270015e-05
801,0.053993052665148068,0.054016744741598614,2.3692076450546051e-05
802,0.052373441112212947,0.052357339758482203,1.6101353730743617e-05
803,0.69007548398626506,0.69009106006293086,1.5576076665801963e-05
804,-0.010734897406031889,-0.010755394585400976,2.0497179369086821e-05
805,-0.055336401543667431,-0.055310944836508197,2.5456707159234038e-05
806,0.97059858708000069,0.97057269686412129,2.5890215879398326e-05
807,0.59790881221082715,0.59793158963513904,2.277742431189278e-05
808,0.39903334609252528,0.39901462695162065,1.8719140904621678e-05
809,0.89608992305699287,0.89610651074456571,1.6587687572844345e-05
810,0.44520096211787752,0.44518312154570444,1.7840572173077884e-05
811,0.60785550690464218,0.60787812651875706,2.2619614114871567e-05
812,0.90545440121776799,0.9054278222530594,2.6578964708590114e-05
813,-0.16940214874754281,-0.16937724263438181,2.4906113160999555e-05
814,-0.17364526913089126,-0.17366467074138411,1.9401610492852939e-05
815,0.41111635991624035,0.4111313425462732,1.4982630032855937e-05
816,-0.40554113659836827,-0.40555751880376156,1.6382205393294935e-05
817,-0.54909487101915255,-0.54907188326782952,2.2987751323033656e-05
818,-0.24948820528923454,-0.24951410540544786,2.5900116213312119e-05
819,-0.7155566329749663,-0.71553280868645786,2.382428850844498e-05
820,-0.20916667325997795,-0.20918682023012899,2.0146970151041499e-05
821,0.049456696307347323,0.049473823092792642,1.7126785445319148e-05
822,-0.79055510921509364,-0.79057149636995949,1.6387154865848963e-05
823,-0.23309148106402258,-0.23307289048690297,1.8590577119614871e-05
824,0.32766928778628279,0.32764487280919619,2.4414977086606449e-05
825,-0.43731872877554018,-0.4372916416445275,2.7087131012681898e-05
826,-0.31003846620215653,-0.31006048834408823,2.2022141931699046e-05
827,-0.22781614328446581,-0.2278017517705111,1.4391513954714608e-05
828,-0.76642416539154945,-0.76643930906308622,1.5143671536765879e-05
829,-0.25719850033730912,-0.2571781394158506,2.0360921458517645e-05
830,-0.44257764319354193,-0.44260118304495044,2.353985140851611e-05
831,-1.2924490219552298,-1.2924252778262655,2.3744128964331424e-05
832,-0.52008293485089385,-0.5201054467380507,2.2511887156850818e-05
833,-0.18705857352729433,-0.18703932552089753,1.9248006396799244e-05
834,-0.76863268244989624,-0.76864722049877165,1.4538048875412102e-05
835,-0.22023633137591417,-0.22022123980122049,1.5091574693676391e-05
836,-0.04485686932622706,-0.044879553002174027,2.2683675946967574e-05
837,-0.15491165960494588,-0.15488462465174341,2.7034953202470513e-05
838,0.69632030306486914,0.69629741771515974,2.2885349709400593e-05
839,0.40861069724114235,0.408627454252949,1.6757011806645128e-05
840,-0.1456424640796011,-0.14565781080485055,1.5346725249443249e-05
841,0.75737899814879495,0.75739599028868254,1.6992139887594959e-05
842,0.65426776440168843,0.65424746123417576,2.0303167512669695e-05
843,-0.015567136567895601,-0.015543762469241624,2.3374098653976966e-05
844,0.38635727186158791,0.3863328891416552,2.4382719932714014e-05
845,0.11673290860766886,0.11675366221139923,2.0753603730369607e-05
846,-0.012714494514734413,-0.012728791830498043,1.4297315763630442e-05
847,0.67745728837732277,0.67747138613957925,1.4097762256470858e-05
848,0.085243065559367739,0.085223849342191557,1.9216217176182271e-05
849,-0.1418221401497082,-0.14179772421207609,2.4415937632110696e-05
850,0.91341157098469294,0.91338712170210545,2.4449282587490906e-05
851,0.67750793939468135,0.6775279593095449,2.0019914863556032e-05
852,0.35432452780506857,0.35430929281489415,1.523499017441754e-05
853,0.88535416944079692,0.88536914059646543,1.4971155668508374e-05
854,0.49888305959062318,0.49886526425334499,1.7795337278192491e-05
855,0.53876237414468542,0.53878403491036864,2.1660765683217953e-05
856,0.94926795674190922,0.94924381541039926,2.414133150996367e-05
857,-0.064161758714957384,-0.064139505551046888,2.2253163910496143e-05
858,-0.25377463490997132,-0.25379181108995691,1.7176179985589624e-05
859,0.41973324756241354,0.41974627349868321,1.3025936269672744e-05
860,-0.31205480341358555,-0.31206960465987182,1.480124628627788e-05
861,-0.5965828624289774,-0.5965605493913908,2.2313037586596529e-05
862,-0.23143475429409116,-0.2314599236039932,2.5169309902040027e-05
863,-0.68928631977109756,-0.68926503624053248,2.1283530565074926e-05
864,-0.29964303447019103,-0.29965957507925189,1.6540609060866629e-05
865,0.10361002898667393,0.10362514297634833,1.5113989674395145e-05
866,-0.74065350881650505,-0.74066922770618238,1.5718889677329706e-05
867,-0.34825447021907169,-0.34823644405674503,1.8026162326656436e-05
868,0.3546663320454182,0.3546436161768477,2.2715868570499786e-05
869,-0.37333082649166049,-0.37330609174724283,2.4734744417664878e-05
870,-0.36466022109569129,-0.36467992154546247,1.9700449771176132e-05
871,-0.17909541870534884,-0.17908343668835708,1.1982016991762823e-05
872,-0.75231237718249133,-0.75232557137084299,1.3194188351661751e-05
873,-0.32343656732080717,-0.32341682199573285,1.9745325074316256e-05
874,-0.3473059005106206,-0.34732902418304362,2.3123672423019936e-05
875,-1.2717147914541305,-1.271692958942134,2.1832511996500159e-05
876,-0.63322654097566233,-0.6332458488250875,1.930784942516528e-05
877,-0.13990172742858781,-0.13988535824793971,1.6369180648095893e-05
878,-0.75191344838663143,-0.75192694159309303,1.3493206461601126e-05
879,-0.29803908741942703,-0.29802442641873389,1.4661000693139137e-05
880,-0.010829858215500511,-0.010851190378335636,2.1332162835124499e-05
881,-0.19877793252974649,-0.19875272178489853,2.5210744847958821e-05
882,0.62607354609827237,0.62605278630596106,2.0759792311308978e-05
883,0.50537595383712086,0.50539012984761678,1.4176010495914326e-05
884,-0.16882862164535345,-0.16884160640285664,1.2984757503192723e-05
885,0.66778854556829881,0.6678043319977145,1.5786429415687309e-05
886,0.73992128410524627,0.73990097973139213,2.0304373854140856e-05
887,-0.0053504546772092081,-0.005328171009551806,2.2283667657402133e-05
888,0.34829120787574591,0.34826988766776301,2.1320207982900019e-05
889,0.18095516439639861,0.18097280043204908,1.7636035650470117e-05
890,-0.065032707182728647,-0.065045611022743755,1.2903840015107693e-05
891,0.64633277476189288,0.64634598317155367,1.3208409660792064e-05
892,0.18583367370527873,0.18581556248779815,1.8111217480576425e-05
893,-0.21026862227078963,-0.21024554110388127,2.3081166908356376e-05
894,0.83751116702001416,0.83748829998617269,2.2867033841467155e-05
895,0.75691682794479342,0.75693438940201574,1.7561457222314836e-05
896,0.32237867756954469,0.32236650861298677,1.216895655792305e-05
897,0.86029992724917781,0.86031327790407208,1.3350654894273006e-05
898,0.5589707631164208,0.55895283837202392,1.7924744396879966e-05
899,0.47636331694789569,0.47638432307109535,2.1006123199662774e-05
900,0.97265511729064336,0.9726335048512984,2.1612439344953494e-05
901,0.05254800397537613,0.05256740825713295,1.9404281756819908e-05
902,-0.32186043516695001,-0.32187556847098614,1.5133304036130113e-05
903,0.40801613077935334,0.40802780063119748,1.1669851844142709e-05
904,-0.21127683644257342,-0.21129049469479927,1.3658252225851042e-05
905,-0.63505775845748658,-0.63503638122728778,2.1377230198793562e-05
906,-0.22680592302295538,-0.22683016621536389,2.4243192408512915e-05
907,-0.65061267918498189,-0.65059371018891676,1.8968996065127364e-05
908,-0.3890405456252487,-0.38905376044792184,1.3214822673135451e-05
909,0.1394947118019631,0.13950787785902727,1.3166057064167846e-05
910,-0.67330813404677836,-0.67332340915203759,1.527510525922704e-05
911,-0.45917098456659278,-0.45915317659670002,1.7807969892758013e-05
912,0.36146623518009424,0.36144521232217985,2.1022857914387849e-05
913,-0.29750167645378273,-0.29747963244288583,2.204401089689334e-05
914,-0.41707931194814679,-0.41709665773715204,1.7345789005251966e-05
915,-0.14242515175166295,-0.14241489371828578,1.0258033377175124e-05
916,-0.72306261532064775,-0.72307430204286027,1.168672221252276e-05
917,-0.39550468850050763,-0.39548566266009938,1.902584040824884e-05
918,-0.26560461171230249,-0.26562714676939159,2.2535057089101418e-05
919,-1.2291110422069227,-1.2290909623863222,2.0079820600482634e-05
920,-0.74907137319710304,-0.74908766141067629,1.6288213573245613e-05
921,-0.10844641500481339,-0.10843287060973544,1.3544395077946803e-05
922,-0.71906981119768809,-0.71908246571013901,1.2654512450915867e-05
923,-0.37916813109154307,-0.37915341701523086,1.471407631220556e-05
924,0.015428184199470037,0.015408121211621922,2.0062987848115318e-05
925,-0.2269711745666366,-0.2269482116399168,2.2962926719799492e-05
926,0.54295451906868009,0.5429359687623585,1.8550306321585275e-05
927,0.59391982644474184,0.59393192519077787,1.2098746036026675e-05
928,-0.17038890721661054,-0.17039996823237313,1.106101576259233e-05
929,0.56708072653404995,0.56709541677588271,1.4690241832759909e-05
930,0.81459897296446726,0.81457885213740833,2.0120827058933699e-05
931,0.021467902635965853,0.021489282158182767,2.1379522216913999e-05
932,0.30153675980179984,0.30151833624986757,1.8423551932267301e-05
933,0.2433020328444091,0.24331643479836298,1.4401953953885327e-05
934,-0.10262829611011293,-0.10264004810525529,1.1751995142361693e-05
935,0.59843495268189129,0.59844779471928922,1.2842037397930994e-05
936,0.28669557518179822,0.28667836866870516,1.7206513093059872e-05
937,-0.25835688796818101,-0.25833543642000117,2.1451548179840518e-05
938,0.74516040163047881,0.74513936270241321,2.1038928065597595e-05
939,0.83220191820708089,0.8322172747378308,1.5356530749910391e-05
940,0.30508225597389044,0.30507259677443788,9.6591994525607738e-06
941,0.82209872200714473,0.82211052337148638,1.1801364341645915e-05
942,0.62225195589298576,0.62223391231307301,1.8043579912752072e-05
943,0.42368971602949129,0.42371027798764394,2.0561958152642834e-05
944,0.97585802357904483,0.97583890574527954,1.9117833765291969e-05
945,0.17671304468948976,0.17672946058701677,1.6415897527016776e-05
946,-0.37441551808673557,-0.3744287164382003,1.3198351464738245e-05
947,0.37668542340855193,0.37669626041119625,1.0837002644314975e-05
948,-0.10686834345000869,-0.10688131893811652,1.2975488107830335e-05
949,-0.66167973998934704,-0.6616595461086916,2.0193880655439145e-05
950,-0.23575791839849355,-0.23578087006969251,2.2951671198950807e-05
951,-0.60208572434210661,-0.60206889395016228,1.6830391944333556e-05
952,-0.47363925439465704,-0.47364959787108302,1.0343476425977993e-05
953,0.15584837509678182,0.15585967994657127,1.1304849789450788e-05
954,-0.59157149775531248,-0.5915864402143769,1.4942459064415381e-05
955,-0.56158436676833901,-0.56156657874774207,1.7788020596931631e-05
956,0.3472488068738111,0.34722939647486373,1.941039894737262e-05
957,-0.21265977792497695,-0.21264065968846049,1.9118236516457721e-05
958,-0.46394906289888255,-0.46396396753377861,1.4904634896062419e-05
959,-0.11928021068410839,-0.11927107595379473,9.1347303136646296e-06
960,-0.68019354883269711,-0.68020424709722604,1.0698264528929968e-05
961,-0.46960141466372735,-0.46958324190683842,1.8172756888923391e-05
962,-0.20017822449488951,-0.20019985509339489,2.1630598505378851e-05
963,-1.1663734147116684,-1.1663550026678429,1.8412043825577484e-05
964,-0.86322615656508583,-0.86323970624564528,1.3549680559443722e-05
965,-0.094924487083746997,-0.094913582581606606,1.0904502140390848e-05
966,-0.67170248509792596,-0.67171433827582361,1.1853177897647171e-05
967,-0.46025647474203291,-0.46024140269030245,1.5072051730458114e-05
968,0.031423095241950465,0.03140413655077362,1.89586911768444e-05
969,-0.23963390298006743,-0.23961353715328784,2.0365826779583651e-05
970,0.45036156768486557,0.45034536858653729,1.6199098328284478e-05
971,0.67050444775302354,0.67051492473562491,1.0476982601370644e-05
972,-0.15046446627993421,-0.1504741052052726,9.6389253383954987e-06
973,0.45918341571474469,0.45919714623797736,1.373052323266899e-05
974,0.8749723475452581,0.87495271220755089,1.9635337707213374e-05
975,0.064651155047229875,0.064671660546067947,2.0505498838072067e-05
976,0.2488790902262209,0.24886333021461984,1.5760011601057e-05
977,0.30057227038044637,0.30058347301410143,1.1202633655060801e-05
978,-0.12427509450093097,-0.12428576556366291,1.06710627319484e-05
979,0.53620019439663924,0.53621308178840776,1.2887391768523493e-05
980,0.38354331753867477,0.38352680429389424,1.651324478052496e-05
981,-0.28459130359020757,-0.28457172222690952,1.9581363298049048e-05
982,0.63934487828883291,0.63932597092896226,1.8907359870645735e-05
983,0.89950466620589364,0.89951801117057273,1.3344964679085081e-05
984,0.30363095761458631,0.30362317110923875,7.7865053475512092e-06
985,0.77259514992569045,0.77260558936134038,1.043943564993377e-05
986,0.68537558732987813,0.68535760183397876,1.7985495899375259e-05
987,0.38321498191920006,0.38323512553143951,2.0143612239453823e-05
988,0.9599585488484017,0.95994177529735425,1.6773551047455371e-05
989,0.30404402388405599,0.30405741071184911,1.3386827793115952e-05
990,-0.4085763126956849,-0.40858763007473037,1.1317379045472364e-05
991,0.32731644216724842,0.32732684785746741,1.0405690218984187e-05
992,-0.0027316337743079002,-0.0027443530175842602,1.2719243276360006e-05
993,-0.67410258875502671,-0.67408375645785967,1.8832297167037382e-05
994,-0.25770254733161596,-0.25772374083125121,2.1193499635252522e-05
995,-0.5466752558876109,-0.54666045554940657,1.4800338204334906e-05
996,-0.55002433492225111,-0.55003238151732969,8.0465950785812979e-06
997,0.1522636423360014,0.15227326850936279,9.6261733613933753e-06
998,-0.49906796879156773,-0.49908258760708618,1.4618815518452344e-05
999,-0.65157553208522767,-0.65155778080946425,1.7751275763422392e-05
1000,0.3120610374662815,0.31204309572544559,1.7941740835913933e-05
1001,-0.12214669313903978,-0.12213058448797494,1.6108651064841717e-05
1002,-0.50214506299249828,-0.50215743345186148,1.2370459363197917e-05
1003,-0.11043197272286982,-0.11042351633511752,8.4563877523063935e-06
1004,-0.62586112004334626,-0.62587137402120763,1.0253977861363062e-05
1005,-0.54192486546208762,-0.54190766216483754,1.7203297250079075e-05
1006,-0.15298321455944217,-0.15300353933367106,2.0324774228891451e-05
1007,-1.0860295293086515,-1.0860127891482525,1.6740160398986959e-05
1008,-0.97130854493633123,-0.97131970287140468,1.1157935073446978e-05
1009,-0.10081363177150171,-0.10080504980250476,8.5819689969457436e-06
1010,-0.61211992985427055,-0.61213092936714331,1.0999512872755801e-05
1011,-0.53786154352649251,-0.53784601298432577,1.5530542166741768e-05
1012,0.035212188355533108,0.035194109657145242,1.8078698387866132e-05
1013,-0.23766958498105475,-0.23765202738286006,1.7557598194689605e-05
1014,0.35200651968546598,0.35199283427622813,1.3685409237851331e-05
1015,0.73192636594194171,0.73193558033834261,9.2143964008917223e-06
1016,-0.1100962164930558,-0.11010495908595322,8.7425928974177447e-06
1017,0.34834640967872949,0.34835934577816396,1.2936099434479598e-05
1018,0.91825266053061583,0.91823386911688798,1.8791413727847761e-05
1019,0.12316997980251021,0.12318946263918683,1.9482836676618098e-05
1020,0.1934624011779443,0.19344903671020028,1.3364467744025887e-05
1021,0.34987765805969084,0.34988591174423772,8.2536845468772491e-06
1022,-0.12951915176084178,-0.1295286945472271,9.5427863853192463e-06
1023,0.46264911432196926,0.46266231239824451,1.3198076275255932e-05
1024,0.47232987197336934,0.47231385321864994,1.6018754719404615e-05
1025,-0.28836214675970812,-0.28834458138651459,1.7565373193528799e-05
1026,0.52365227334768771,0.5236358023845602,1.6470963127512839e-05
1027,0.95521762943512689,0.95522909274396139,1.1463308834502861e-05
1028,0.31846160283684471,0.31845504479398823,6.5580428564859794e-06
1029,0.71421963695816348,0.71422901852614018,9.3815679766962035e-06
1030,0.7450175320564606,0.74499989739233485,1.7634664125742994e-05
1031,0.35674915541080099,0.3567687167704281,1.9561359627107144e-05
1032,0.92681708660707585,0.92680245621148016,1.4630395595682799e-05
1033,0.43015958318159647,0.43017004635017747,1.0463168580998605e-05
1034,-0.42222621994661602,-0.42223569508954173,9.4751429257078357e-06
1035,0.26227998817960652,0.26229021385240464,1.0225672798125363e-05
1036,0.097162563866976942,0.097149764698009566,1.2799168967375651e-05
1037,-0.67059509635179559,-0.67057769745856732,1.7398893228270929e-05
1038,-0.29133386360169966,-0.29135281549579961,1.8951894099950017e-05
1039,-0.48762077884763544,-0.48760797258292321,1.2806264712228455e-05
1040,-0.61523635350032457,-0.61524272489923437,6.3713989097990975e-06
1041,0.12919454129264266,0.12920277989857265,8.2386059299943692e-06
1042,-0.39983604934211042,-0.39985026797068879,1.421862857836631e-05
1043,-0.72572992942931325,-0.72571239640002783,1.7533029285421442e-05
1044,0.25682646866889963,0.25680984035599874,1.6628312900890396e-05
1045,-0.029672623076527745,-0.029659438680209455,1.3184396318290104e-05
1046,-0.52892126876691803,-0.52893105405401974,9.7852871017156673e-06
1047,-0.11591046045388298,-0.11590243762406681,8.0228298161705291e-06
1048,-0.56274697266154217,-0.56275728941495362,1.0316753411454549e-05
1049,-0.60884608959876829,-0.60882991771837314,1.6171880395154936e-05
1050,-0.12515414804751243,-0.12517274756789307,1.8599520380635504e-05
1051,-0.99128919530468018,-0.99127421925344794,1.497605123224055e-05
1052,-1.0691316154804114,-1.0691407577246943,9.1422442829447448e-06
1053,-0.12676118736374428,-0.12675449773601771,6.689627726569336e-06
1054,-0.54324293644193256,-0.54325305644008137,1.0119998148816478e-05
1055,-0.60863237550272464,-0.6086164828859969,1.5892616727741782e-05
1056,0.025500747303884179,0.025483348801707943,1.7398502176236424e-05
1057,-0.22268693427547592,-0.22267222063047051,1.4713645005409726e-05
1058,0.25174336114886103,0.25173233038443804,1.1030764422992334e-05
1059,0.77564803859719078,0.77565622251886535,8.1839216745649424e-06
1060,-0.051178766138215835,-0.051187114269675482,8.3481314596470235e-06
1061,0.23896171461253657,0.2389740399464286,1.2325333892032608e-05
1062,0.94232219255443916,0.94230459729556371,1.7595258875457986e-05
1063,0.19523566156168051,0.19525381955603069,1.8157994350176399e-05
1064,0.13863702520329044,0.13862578733384009,1.123786945034233e-05
1065,0.38878388682942094,0.3887896265020615,5.7396726405589682e-06
1066,-0.11868777680321137,-0.11869615578022784,8.3789770164710564e-06
1067,0.38124260584805209,0.38125620174044494,1.3595892392859188e-05
1068,0.54941746734572583,0.54940179320379645,1.5674141929378216e-05
1069,-0.26996991035001128,-0.26995439202400795,1.5518326003327587e-05
1070,0.40212464137175741,0.40211085565465859,1.3785717098813155e-05
1071,0.99615120970418836,0.99616086601146425,9.6563072758959478e-06
1072,0.34921898038509697,0.3492130764158598,5.9039692371642971e-06
1073,0.64987261129879426,0.64988132815518251,8.7168563882578098e-06
1074,0.79804429819405409,0.79802735733548213,1.6940858571956596e-05
1075,0.34536546856300704,0.34538412024239645,1.8651679389414255e-05
1076,0.87897745364014346,0.87896476984678173,1.2683793361722984e-05
1077,0.55077255135689196,0.5507803546070118,7.8032501198421755e-06
1078,-0.41408681469880865,-0.4140945428405054,7.7281416967500682e-06
1079,0.18464745161892163,0.18465758147966965,1.0129860748026021e-05
1080,0.18895299394484696,0.18893991570927871,1.3078235568259045e-05
1081,-0.65013467246032819,-0.65011865989938189,1.6012560946299104e-05
1082,-0.33468959242267099,-0.33470588859886874,1.6296176197749812e-05
1083,-0.42826964142615132,-0.42825885796953206,1.0783456619256615e-05
1084,-0.66689889475948261,-0.66690417872951202,5.2839700294127212e-06
1085,0.08792470106758643,0.087931940086675958,7.2390190895277318e-06
1086,-0.29815341635213105,-0.298167108836221,1.369248408994439e-05
1087,-0.78128289397571626,-0.78126587825688654,1.7015718829727078e-05
1088,0.18331591251201584,0.18330053044540939,1.5382066606450806e-05
1089,0.060846695140365122,0.060857180608383278,1.048546801815653e-05
1090,-0.54204951372583632,-0.54205675654360364,7.2428177673167227e-06
1091,-0.13500223305979875,-0.13499460557372148,7.6274860772718167e-06
1092,-0.49392287451494304,-0.49393366167574232,1.0787160799274886e-05
1093,-0.6670725021421029,-0.66705734813701767,1.515400508522724e-05
1094,-0.11696664586730053,-0.11698314940404766,1.6503536747133896e-05
1095,-0.88590552499641873,-0.88589247645500835,1.304854141037648e-05
1096,-1.1528825990142786,-1.1528900916186231,7.4926043445167068e-06
1097,-0.17254419113536301,-0.1725388872075436,5.3039278194166872e-06
1098,-0.46847994433632212,-0.46848922600379278,9.2816674706619473e-06
1099,-0.66947379620507486,-0.66945780762450435,1.5988580570502897e-05
1100,0.0017071857982539757,0.0016904086426794457,1.6777155574529976e-05
1101,-0.19691149941135222,-0.19689948672480101,1.2012686551210461e-05
1102,0.15339252882684407,0.15338422778748309,8.3010393609750377e-06
1103,0.79989906945890621,0.79990632087773961,7.2514188333983043e-06
1104,0.023622508259031689,0.023614125973453883,8.3822855778056815e-06
1105,0.135376796855433,0.13538869345984719,1.1896604414196599e-05
1106,0.9458369034866716,0.94582079452817713,1.6108958494465142e-05
1107,0.27836896422376706,0.27838539483244357,1.6430608676509806e-05
1108,0.087795583179346132,0.08778623448038024,9.348698965891411e-06
1109,0.41542908829327313,0.41543288593304728,3.7976397741501522e-06
1110,-0.092862118927107093,-0.092869389674731198,7.2707476241051783e-06
1111,0.29571969675190651,0.29573358702369307,1.3890271786554109e-05
1112,0.6117292247368995,0.61171385917041221,1.5365566487290927e-05
1113,-0.23061026942553675,-0.2305967244207138,1.354500482295129e-05
1114,0.27908995341940185,0.27907899562609206,1.0957793309784858e-05
1115,1.0196834324293635,1.0196913192523096,7.8868229460571371e-06
1116,0.39475943389419887,0.39475374642948741,5.6874647114679711e-06
1117,0.5827854817795709,0.58279396676120498,8.4849816340826223e-06
1118,0.84166689036151177,0.841650967332505,1.5923029006770228e-05
1119,0.34936196798599145,0.34937927155772047,1.7303571729021527e-05
1120,0.81954237787440076,0.81953148423967392,1.0893634726838464e-05
1121,0.66187086917690552,0.66187641020653187,5.541029626354721e-06
1122,-0.38377292268402785,-0.38377908283410084,6.1601500729868697e-06
1123,0.098064443219151531,0.098074417475232864,9.974256081332622e-06
1124,0.26906283219907534,0.2690494337348916,1.3398464183744796e-05
1125,-0.61246859828446398,-0.61245382247366742,1.4775810796563427e-05
1126,-0.38524449485732676,-0.38525786407050633,1.3369213179570405e-05
1127,-0.37191104276027975,-0.37190235532562532,8.6874346544307812e-06
1128,-0.70331786513957639,-0.70332254050092191,4.6753613455186027e-06
1129,0.030499060460412224,0.030505751801121018,6.6913407087941523e-06
1130,-0.19835252228915204,-0.19836555204771864,1.3029758566596161e-05
1131,-0.81623708833824016,-0.81622096234273112,1.6125995509042035e-05
1132,0.094080723591150467,0.094066635212010072,1.4088379140395069e-05
1133,0.14546442171200058,0.14547252393951715,8.1022275165709701e-06
1134,-0.53993579490832544,-0.53994068352931468,4.8886209892406995e-06
1135,-0.16628419420844037,-0.16627705356270914,7.1406457312350735e-06
1136,-0.42269760194320727,-0.42270911046200521,1.1508518797942457e-05
1137,-0.71379401608991888,-0.71377979013745096,1.4225952467916692e-05
1138,-0.12783865428114527,-0.12785279561823717,1.4141337091905237e-05
1139,-0.77401313460679144,-0.7740022171163039,1.091749048753865e-05
1140,-1.2192859500661268,-1.2192921131242394,6.1630581125182715e-06
1141,-0.23706768379334817,-0.23706323389699613,4.4498963520378521e-06
1142,-0.39157842800795201,-0.39158699172542732,8.5637174753183665e-06
1143,-0.71769985938602643,-0.71768416066179186,1.5698724234569639e-05
1144,-0.036006117123137719,-0.036022153928900368,1.6036805762648099e-05
1145,-0.1630688286828722,-0.1630592593937327,9.569289139504944e-06
1146,0.060568851214608074,0.060563228351055508,5.622863552566526e-06
1147,0.80374286201826406,0.80374918004818319,6.3180299191278877e-06
1148,0.11098751658424667,0.1109787882527508,8.7283314958719327e-06
1149,0.041709017953254927,0.041720640760380075,1.1622807125147294e-05
1150,0.92829563027433304,0.92828119468967463,1.4435584658412104e-05
1151,0.3695018147072886,0.36951608677667502,1.4272069386422892e-05
1152,0.044205880904353019,0.044198240441330049,7.6404630229703896e-06
1153,0.42861453420490753,0.42861702759734804,2.4933924405168284e-06
1154,-0.053814677106692334,-0.053821007064753186,6.3299580608522366e-06
1155,0.20992468694473881,0.20993860905123321,1.392210649439618e-05
1156,0.65687506701307774,0.65686011190925231,1.4955103825431415e-05
1157,-0.17232040077575869,-0.17230870550258767,1.1695273171019593e-05
1158,0.15898026264685181,0.15897210974831841,8.1528985333978454e-06
1159,1.0238858724536322,1.0238920149405748,6.1424869426396356e-06
1160,0.45319129816840625,0.45318557149183902,5.7266765672303599e-06
1161,0.5163648980331822,0.516373561756445,8.6637232628028471e-06
1162,0.87357759958527048,0.8735629382400304,1.4661345240085666e-05
1163,0.36825973016618657,0.36827520631385591,1.5476147669335472e-05
1164,0.7520253809918872,0.75201618766328793,9.1933285992773506e-06
1165,0.75988525435788656,0.75988901923752206,3.7648796354927683e-06
1166,-0.33180905345028089,-0.33181391224676099,4.858796480100569e-06
1167,0.0065984167267331634,0.0066081165537486058,9.6998270154424054e-06
1168,0.33436373267277075,0.33435012916421331,1.3603508557447075e-05
1169,-0.55813980783869321,-0.5581261027378871,1.3705100806116199e-05
1170,-0.44003133531190813,-0.44004170099517137,1.0365683263235947e-05
1171,-0.32161372963329604,-0.32160722565357391,6.5039797221277951e-06
1172,-0.72354811974354927,-0.72355250100593149,4.3812623822248042e-06
1173,-0.040377587982424516,-0.040370977227684617,6.6107547398996935e-06
1174,-0.10463491007794246,-0.10464716505819829,1.2254980255838044e-05
1175,-0.82944685428114728,-0.82943201229192398,1.4841989223302043e-05
1176,-0.0076487692914556102,-0.0076614074551197408,1.2638163664130571e-05
1177,0.22038051710367826,0.22038659948801401,6.0823843357482588e-06
1178,-0.52170778932777329,-0.52171066886633566,2.8795385623725522e-06
1179,-0.20769169113699873,-0.20768513286804072,6.5582689580123699e-06
1180,-0.3524535676182261,-0.35246581791790149,1.2250299675387044e-05
1181,-0.74680531120513416,-0.74679187063355856,1.3440571575595861e-05
1182,-0.15636969838987885,-0.15638135207364129,1.1653683762435918e-05
1183,-0.65995062068544819,-0.65994203679338403,8.5838920641512217e-06
1184,-1.2657435500603467,-1.2657486307550794,5.0806947327064478e-06
1185,-0.31840158622496528,-0.31839749178809446,4.0944368708273338e-06
1186,-0.3164590120833356,-0.31646704811805926,8.036034723657437e-06
1187,-0.75116929005042454,-0.75115432088803313,1.4969162391409441e-05
1188,-0.086737913052298998,-0.086752926601231656,1.5013548932657494e-05
1189,-0.12424492348459053,-0.12423748760996525,7.4358746252750629e-06
1190,-0.023479090362246133,-0.023482268253359036,3.1778911129022591e-06
1191,0.78710593699343789,0.7871113241507588,5.3871573209018919e-06
1192,0.20708543724374787,0.20707622723674562,9.2100070022416158e-06
1193,-0.038330560107792268,-0.038319109333825659,1.1450773966609207e-05
1194,0.89007250631993151,0.89005980812642316,1.2698193508353661e-05
1195,0.46510738150441633,0.46511911337084705,1.1731866430719773e-05
1196,0.010848386947844627,0.010842343898060797,6.0430497838305508e-06
1197,0.42786322551821943,0.4278650348724396,1.8093542201724766e-06
1198,-0.0039148217722533712,-0.0039204845632047772,5.6627909514059618e-06
1199,0.12763152750999629,0.12764511860334585,1.3591093349557548e-05
1200,0.6832463904371503,0.68323207931474284,1.4311122407462129e-05
1201,-0.097889131145548564,-0.09787916182994727,9.9693156012936601e-06
1202,0.046144422116541392,0.046138861476811524,5.5606397298679777e-06
1203,1.007619889880506,1.0076243195254317,4.4296449257519299e-06
1204,0.52195059662758037,0.52194476885976537,5.8277678149920575e-06
1205,0.45402756423817642,0.45403673151885299,9.167280676569689e-06
1206,0.89206329844516885,0.89205001986940435,1.3278575764497091e-05
1207,0.40083750729683199,0.40085071192138078,1.3204624548790456e-05
1208,0.68018593877633737,0.68017843531809163,7.5034582457389476e-06
1209,0.84183627076640044,0.84183877437399124,2.5036075907980404e-06
1210,-0.25960649909103384,-0.25961039840963118,3.8993185973446032e-06
1211,-0.085432955642766331,-0.085423664382749925,9.291260016405789e-06
1212,0.38232145025393371,0.38230790243870699,1.3547815226722104e-05
1213,-0.48847582438505693,-0.48846311695094047,1.2707434116465688e-05
1214,-0.49578380935455624,-0.49579132666102133,7.5173064650879695e-06
1215,-0.28007501173802296,-0.28007075858013869,4.2531578842708306e-06
1216,-0.72742458034418866,-0.72742879249723125,4.2121530425820453e-06
1217,-0.12147041515823596,-0.1214634597453767,6.9554128592635989e-06
1218,-0.020892441502844583,-0.02090385975048625,1.141824764166674e-05
1219,-0.82066573855195801,-0.82065254503137552,1.319352058248846e-05
1220,-0.11809530438618297,-0.11810625424651799,1.0949860335021655e-05
1221,0.28211509125147272,0.28211951899631849,4.4277448457696877e-06
1222,-0.48726928240763817,-0.4872706267622528,1.3443546146296725e-06
1223,-0.25661767674840075,-0.2566117392059446,5.9375424561469714e-06
1224,-0.28648079082199085,-0.2864935739027139,1.2783080723055562e-05
1225,-0.7645987834184037,-0.76458600802929622,1.2775389107488877e-05
1226,-0.20041609945733993,-0.2004252800454534,9.1805881134721101e-06
1227,-0.54807518435011249,-0.54806908937128462,6.0949788278641392e-06
1228,-1.2904458468100923,-1.2904500058255817,4.1590154893356157e-06
1229,-0.41385472813886309,-0.41385057917842955,4.1489604335476216e-06
1230,-0.24703976148398671,-0.24704750237690465,7.740892917940112e-06
1231,-0.76839647857568794,-0.76838266125064403,1.3817325043907758e-05
1232,-0.14888889422218685,-0.14890248239595966,1.3588173772810519e-05
1233,-0.083730564491942425,-0.083724951566616052,5.6129253263731416e-06
1234,-0.096010970266956791,-0.09601211010968401,1.1398427272185652e-06
1235,0.75076900716980066,0.75077350844495794,4.5012751572759413e-06
1236,0.30774027554316508,0.30773066402609744,9.6115170676314143e-06
1237,-0.10159622894187127,-0.10158491099864221,1.13179432290611e-05
1238,0.83241091757313479,0.8323999043212762,1.1013251858593698e-05
1239,0.56135280528889042,0.56136173615608531,8.9308671948895579e-06
1240,-0.009734051282734647,-0.0097385377290661306,4.4864463314836511e-06
1241,0.41344360681251008,0.41344525371705237,1.6469045422962125e-06
1242,0.053993052665221621,0.053987706682762385,5.3459824592358429e-06
1243,0.05237344111221047,0.052386310339728806,1.286922751833619e-05
1244,0.69007548398626695,0.69006215685558925,1.3327130677698307e-05
1245,-0.01073489740578963,-0.010726558648450877,8.3387573387525699e-06
1246,-0.055336401543747166,-0.055339713605732858,3.3120619856927269e-06
1247,0.97059858708000901,0.97060139856835714,2.8114883481311637e-06
1248,0.59790881221085568,0.59790295489373013,5.8573171255460466e-06
1249,0.39903334609249547,0.39904319483212919,9.8487396337221256e-06
1250,0.89608992305695534,0.89607800962341622,1.1913433539123552e-05
1251,0.44520096211790749,0.44521155600843204,1.0593890524546179e-05
1252,0.60785550690454859,0.60784975861368584,5.7482908627504159e-06
1253,0.90545440121779253,0.9054561237006602,1.7224828676720705e-06
1254,-0.16940214874757334,-0.16940547772453124,3.3289769579003536e-06
1255,-0.17364526913090425,-0.17363650190916374,8.7672217405077024e-06
1256,0.41111635991626477,0.41110323987272662,1.3120043538150661e-05
1257,-0.40554113659834207,-0.40552948219012475,1.1654408217320888e-05
1258,-0.54909487101908627,-0.54909985392013883,4.982901052552613e-06
1259,-0.24948820528925583,-0.24948620061639831,2.004672857519596e-06
1260,-0.71555663297495598,-0.71556064770993322,4.0147349772423624e-06
1261,-0.20916667325996349,-0.20915904687486395,7.6263850995461624e-06
1262,0.049456696307326825,0.049446115308572437,1.0580998754387838e-05
1263,-0.79055510921508965,-0.79054385406024164,1.1255154848011095e-05
1264,-0.23309148106413205,-0.2331004674185416,8.9863544095458714e-06
1265,0.32766928778616067,0.32767238445836527,3.0966722046055217e-06
1266,-0.43731872877550398,-0.43731908810713527,3.5933163128332168e-07
1267,-0.31003846620222947,-0.31003310697292247,5.3592293070003905e-06
1268,-0.22781614328444244,-0.22782906814526571,1.2924860823271267e-05
1269,-0.76642416539148639,-0.76641205759027242,1.2107801213967484e-05
1270,-0.25719850033731417,-0.2572053260808792,6.8257435650309617e-06
1271,-0.44257764319359283,-0.44257406109387482,3.5820997180135983e-06
1272,-1.2924490219552065,-1.2924523351568176,3.3132016110659634e-06
1273,-0.52008293485089785,-0.5200784539347475,4.4809161503511774e-06
1274,-0.18705857352724642,-0.18706625388969567,7.6803624492471911e-06
1275,-0.76863268244989391,-0.76862035647190752,1.2325977986393788e-05
1276,-0.22023633137584497,-0.22024803957816746,1.1708202322491257e-05
1277,-0.044856869326241555,-0.044852817383217107,4.051943024448168e-06
1278,-0.15491165960489922,-0.15491129620408903,3.6340081019381465e-07
1279,0.69632030306478265,0.69632402529208282,3.7222273001624728e-06
1280,0.40861069724127369,0.40860091056068099,9.7866805927049327e-06
1281,-0.14564246407960837,-0.14563133090677996,1.113317282841475e-05
1282,0.75737899814892662,0.75736957409465966,9.4240542669599137e-06
1283,0.65426776440159817,0.65427381381401162,6.0494124134446992e-06
1284,-0.015567136567801215,-0.015570051524222596,2.9149564213810236e-06
1285,0.38635727186165386,0.38635911476119961,1.8428995457453468e-06
1286,0.11673290860766612,0.11672749993868468,5.4086689814381028e-06
1287,-0.01271449451464662,-0.012702692815956245,1.1801698690375173e-05
1288,0.6774572883772999,0.67744535029517172,1.1938082128182259e-05
1289,0.085243065559207909,0.085249822104212572,6.7565450046630504e-06
1290,-0.14182214014974218,-0.14182363397955428,1.4938298120992233e-06
1291,0.91341157098460779,0.91341296856219223,1.3975775844388139e-06
1292,0.67750793939453968,0.67750217526989298,5.7641246467010632e-06
1293,0.35432452780513624,0.35433501412060808,1.0486315471847085e-05
1294,0.88535416944077505,0.88534348193835943,1.0687502415618333e-05
1295,0.49888305959053864,0.49889086034974028,7.8007592016482441e-06
1296,0.53876237414470296,0.53875850128994862,3.8728547543387393e-06
1297,0.94926795674185716,0.94926928664015819,1.3298983010390231e-06
1298,-0.064161758714937317,-0.064164914475258489,3.1557603211718188e-06
1299,-0.25377463490995505,-0.25376646438654826,8.1705234067919186e-06
1300,0.41973324756240771,0.41972098893169063,1.225863071707689e-05
1301,-0.31205480341342601,-0.31204438214510155,1.0421268324456445e-05
1302,-0.59658286242908243,-0.59658570993771609,2.8475086336632316e-06
1303,-0.23143475429409432,-0.23143482494264053,7.0648546207641161e-08
1304,-0.68928631977116994,-0.68929007310021917,3.7533290492275384e-06
1305,-0.29964303447011625,-0.29963459993839386,8.4345317223899485e-06
1306,0.1036100289867835,0.10360022947176831,9.7995150151880539e-06
1307,-0.74065350881650283,-0.74064437575525399,9.1330612488338403e-06
1308,-0.34825447021896938,-0.34826123453579655,6.7643168271680487e-06
1309,0.35466633204555004,0.3546683452661013,2.0132205512668477e-06
1310,-0.37333082649164739,-0.37333075952776945,6.6963877942693983e-08
1311,-0.36466022109563534,-0.36465531499229165,4.9061033436936796e-06
1312,-0.1790954187053099,-0.17910798209487441,1.256338956451275e-05
1313,-0.75231237718246391,-0.75230108703026244,1.1290152201470782e-05
1314,-0.32343656732068793,-0.32344124535057084,4.6780298829096623e-06
1315,-0.34730590051069932,-0.34730466173383373,1.2387768655863773e-06
1316,-1.2717147914541056,-1.2717172605652995,2.4691111939478816e-06
1317,-0.63322654097552289,-0.63322160794838567,4.9330271372216572e-06
1318,-0.13990172742860332,-0.13990953845724569,7.8110286423627162e-06
1319,-0.75191344838663199,-0.75190282197232883,1.0626414303160914e-05
1320,-0.29803908741947777,-0.29804848552960783,9.398110130065529e-06
1321,-0.01082985821542596,-0.010827191699072853,2.6665163531062325e-06
1322,-0.19877793252972403,-0.19877666011045403,1.2724192700042103e-06
1323,0.62607354609824806,0.62607666435565401,3.1182574059540613e-06
1324,0.50537595383732148,0.50536631199639226,9.6418409292198248e-06
1325,-0.16882862164546517,-0.16881784867282157,1.0772972643596779e-05
1326,0.66778854556830602,0.66778063431175838,7.9112565476435748e-06
1327,0.73992128410521441,0.73992461744968674,3.333344472333799e-06
1328,-0.0053504546773201715,-0.005351748836639845,1.2941593196735476e-06
1329,0.34829120787577433,0.34829340567960371,2.1978038293735125e-06
1330,0.18095516439639323,0.18094934215949043,5.8222369027915999e-06
1331,-0.065032707182829219,-0.065022212414028072,1.0494768801147525e-05
1332,0.64633277476188578,0.64632264415116858,1.013061071719612e-05
1333,0.1858336737052057,0.18583884199469802,5.1682894923188449e-06
1334,-0.21026862227082596,-0.21026876117225191,1.3890142594452648e-07
1335,0.83751116701999095,0.83751146069043547,2.9367044451777957e-07
1336,0.75691682794482273,0.75691128798766416,5.5399571585734719e-06
1337,0.32237867756958183,0.32238955081137616,1.0873241794329136e-05
1338,0.86029992724927296,0.86029029484796227,9.6324013106885431e-06
1339,0.5589707631163473,0.55897576235943447,4.9992430871670379e-06
1340,0.47636331694800588,0.47636145807928409,1.8588687217824251e-06
1341,0.97265511729065413,0.97265631092054794,1.1936298938142187e-06
1342,0.052548003975429101,0.052544661037887845,3.3429375412563633e-06
1343,-0.32186043516691976,-0.32185288002917584,7.5551377439198042e-06
1344,0.40801613077931315,0.40800517089472843,1.0959884584715862e-05
1345,-0.21127683644245268,-0.2112679235916867,8.9128507659852474e-06
1346,-0.63505775845752144,-0.63505889376853786,1.1353110164202818e-06
1347,-0.22680592302292596,-0.22680771216448578,1.7891415598214611e-06
1348,-0.65061267918492693,-0.65061610582044982,3.4266355228851353e-06
1349,-0.38904054562509266,-0.38903142316452888,9.1224605637818534e-06
1350,0.13949471180183934,0.13948559885325143,9.1129485879082317e-06
1351,-0.67330813404682877,-0.67330118835356967,6.9456932590972187e-06
1352,-0.459170984566661,-0.45917533925812942,4.3546914684222671e-06
1353,0.3614662351800465,0.36146731691632983,1.0817362833259736e-06
1354,-0.29750167645379166,-0.29750167903959857,2.5858069019335517e-09
1355,-0.41707931194817682,-0.41707466906854662,4.6428796302011577e-06
1356,-0.14242515175163731,-0.14243682452800779,1.1672776370486027e-05
1357,-0.72306261532067628,-0.72305242902309019,1.0186297586090021e-05
1358,-0.39550468850058762,-0.39550747795865032,2.7894580627019216e-06
1359,-0.26560461171222194,-0.26560538912363452,7.7741141257803292e-07
1360,-1.2291110422069658,-1.2291126624474846,1.620240518862559e-06
1361,-0.74907137319704498,-0.74906601886616342,5.3543308815573454e-06
1362,-0.10844641500486257,-0.10845445570547585,8.0407006132765524e-06
1363,-0.71906981119765889,-0.71906093799575188,8.8732019070114632e-06
1364,-0.37916813109158748,-0.37917488741554273,6.7563239552481669e-06
1365,0.015428184199315173,0.015429534364675002,1.3501653598289171e-06
1366,-0.22697117456670834,-0.22696956761293421,1.6069537741303375e-06
1367,0.54295451906858327,0.5429572676215092,2.7485529259241304e-06
1368,0.59391982644459906,0.59391068337875585,9.1430658432090084e-06
1369,-0.17038890721656574,-0.17037878340172641,1.0123814839335665e-05
1370,0.56708072653388575,0.5670742888606165,6.4376732692439376e-06
1371,0.81459897296440054,0.81459992320286367,9.5023846313768701e-07
1372,0.021467902636021236,0.021468267877174856,3.6524115362007725e-07
1373,0.30153675980183769,0.30153929381178235,2.5340099446546915e-06
1374,0.24330203284435467,0.24329553389065717,6.4989536975035289e-06
1375,-0.10262829611013183,-0.10261920378704885,9.0923230829792479e-06
1376,0.59843495268188296,0.59842700692604078,7.9457558421758279e-06
1377,0.28669557518182121,0.28669910000125987,3.5248194386605647e-06
1378,-0.25835688796819478,-0.25835611135589037,7.7661230440950746e-07
1379,0.74516040163041808,0.74515998130540351,4.2032501457178739e-07
1380,0.83220191820703904,0.83219671240388138,5.2058031576596164e-06
1381,0.30508225597389266,0.30509310290245301,1.0846928560348523e-05
1382,0.82209872200719925,0.82209007338611129,8.6486210879588299e-06
1383,0.62225195589288984,0.62225430621859634,2.3503257065016214e-06
1384,0.42368971602955141,0.42368994009907562,2.2406952421283322e-07
1385,0.97585802357895235,0.97585918767933355,1.164100381201294e-06
1386,0.17671304468954571,0.17670923454511625,3.8101444294613707e-06
1387,-0.37441551808677881,-0.37440854622640213,6.9718603766810716e-06
1388,0.37668542340851574,0.37667614596757387,9.2774409418683312e-06
1389,-0.10686834345011625,-0.10686126020124889,7.083248867362224e-06
1390,-0.66167973998944574,-0.66167954920058603,1.9078885971079984e-07
1391,-0.23575791839844595,-0.235760922561814,3.004163368042212e-06
1392,-0.60208572434217023,-0.60208878593509851,3.061592928288448e-06
1393,-0.47363925439453114,-0.47362976134842016,9.493046110975456e-06
1394,0.15584837509671409,0.15583989882539495,8.4762713191410821e-06
1395,-0.59157149775535234,-0.5915667144345077,4.7833208446368403e-06
1396,-0.56158436676834245,-0.56158624924660305,1.8824782606063906e-06
1397,0.34724880687378601,0.34724901175259842,2.0487881241537664e-07
1398,-0.21265977792500299,-0.21266021980489347,4.4187989048372067e-07
1399,-0.46394906289875498,-0.46394446251905824,4.6003796967397648e-06
1400,-0.11928021068405507,-0.11929052592585171,1.0315241796635122e-05
1401,-0.68019354883271088,-0.680184852108486,8.6967242248769949e-06
1402,-0.46960141466358141,-0.4696025819710099,1.1673074284956897e-06
1403,-0.20017822449491376,-0.20018056989482041,2.3453999066502806e-06
1404,-1.1663734147116105,-1.1663742330591778,8.1834756726628655e-07
1405,-0.863226156564738,-0.86322053060303272,5.6259617052800692e-06
1406,-0.094924487083738102,-0.094932703533309168,8.2164495710662644e-06
1407,-0.67170248509794583,-0.67169527195701062,7.2131409352138576e-06
1408,-0.46025647474198011,-0.46026041443390991,3.9396919297995936e-06
1409,0.031423095241999863,0.031423093776816735,1.4651831276024652e-09
1410,-0.23963390298010787,-0.23963243991896443,1.463061143430755e-06
1411,0.45036156768500263,0.45036421694906337,2.6492640607389539e-06
1412,0.6705044477531833,0.67049613071973313,8.3170334501669885e-06
1413,-0.15046446627990345,-0.15045536547881197,9.100801091482813e-06
1414,0.45918341571490767,0.4591784607448145,4.954970093173916e-06
1415,0.87497234754524644,0.8749713435240849,1.0040211615436334e-06
1416,0.06465115504696696,0.064653083350020291,1.9283030533306933e-06
1417,0.2488790902262272,0.24888185334579879,2.7631195715915879e-06
1418,0.30057227038039691,0.30056500389185942,7.2664885374940091e-06
1419,-0.12427509450103971,-0.12426735039501104,7.7441060286759233e-06
1420,0.53620019439669486,0.53619472051778061,5.4738789142527722e-06
1421,0.38354331753852455,0.38354511172151257,1.7941829880130378e-06
1422,-0.28459130359025503,-0.2845899758667842,1.3277234708342078e-06
1423,0.63934487828882614,0.63934417083562423,7.0745320190912508e-07
1424,0.89950466620573277,0.89949986494230927,4.8012634235039542e-06
1425,0.30363095761460057,0.30364126371319305,1.0306098592482993e-05
1426,0.77259514992569434,0.77258755032734872,7.5995983456200733e-06
1427,0.68537558732976267,0.6853755873520696,2.2306934077676033e-11
1428,0.38321498191916825,0.38321719347540645,2.2115562381963549e-06
1429,0.95995854884839948,0.95995965394493155,1.105096532061367e-06
1430,0.30404402388401613,0.30403958541918102,4.4384648351103451e-06
1431,-0.4085763126958753,-0.4085698580839594,6.4546119158959137e-06
1432,0.32731644216717204,0.3273091291149951,7.3130521769382284e-06
1433,-0.0027316337742728483,-0.0027266874708031567,4.9463034696916805e-06
1434,-0.67410258875504425,-0.67410136886170835,1.2198933359020003e-06
1435,-0.25770254733155673,-0.25770618151772556,3.6341861688327093e-06
1436,-0.54667525588758292,-0.5466779618248504,2.7059372674775872e-06
1437,-0.55002433492226133,-0.55001492822767417,9.4066945871551511e-06
1438,0.15226364233590525,0.15225586815337139,7.7741825338650816e-06
1439,-0.4990679687917412,-0.49906524013316095,2.7286585802532848e-06
1440,-0.65157553208533625,-0.65157507545314819,4.566321880616897e-07
1441,0.31206103746614061,0.31206033759002749,6.9987611311939091e-07
1442,-0.12214669313896227,-0.12214777362506096,1.0804860986896037e-06
1443,-0.50214506299260542,-0.50214029699125051,4.7660013549055691e-06
1444,-0.11043197272301671,-0.11044060017047456,8.6274474578595939e-06
1445,-0.62586112004333483,-0.62585434276073304,6.77728260178867e-06
1446,-0.54192486546212215,-0.5419246409011752,2.245609469486709e-07
1447,-0.15298321455943736,-0.15298661307111314,3.3985116757728751e-06
1448,-1.0860295293084725,-1.086029662987112,1.3367863949120817e-07
1449,-0.97130854493636221,-0.97130288140584953,5.6635305126784274e-06
1450,-0.1008136317713058,-0.10082181894436486,8.1871730590599157e-06
1451,-0.61211992985413588,-0.61211421249883247,5.7173553034139957e-06
1452,-0.53786154352654081,-0.53786267762824769,1.1341017068788872e-06
1453,0.035212188355521756,0.035210722126075851,1.4662294459052982e-06
1454,-0.23766958498113067,-0.23766858772614821,9.9725498245439859e-07
1455,0.35200651968546393,0.35200934254274008,2.8228572761523907e-06
1456,0.73192636594190041,0.73191912409962556,7.2418422748521394e-06
1457,-0.1100962164929879,-0.11008855482635493,7.6616666329631933e-06
1458,0.34834640967870562,0.34834299344923203,3.4162294735851084e-06
1459,0.91825266053067089,0.9182501695635823,2.4909670885975288e-06
1460,0.12316997980265076,0.12317321402676966,3.2342241188948462e-06
1461,0.19346240117801133,0.19346523353664855,2.8323586372114296e-06
1462,0.34987765805967352,0.349869766655931,7.8914037425215078e-06
1463,-0.12951915176083176,-0.12951260114944771,6.5506113840485547e-06
1464,0.46264911432208994,0.4626462706435942,2.8436784957341921e-06
1465,0.47232987197331322,0.47232984337772299,2.8595590229052448e-08
1466,-0.28836214675960675,-0.28836051999709539,1.626762511364177e-06
1467,0.52365227334758091,0.52365168949371554,5.8385386536574657e-07
1468,0.95521762943509214,0.95521325708921745,4.3723458746924848e-06
1469,0.31846160283690189,0.31847082904090368,9.2262040017887514e-06
1470,0.71421963695815605,0.71421328564058384,6.3513175722063053e-06
1471,0.74501753205650412,0.74501557896299608,1.953093508033632e-06
1472,0.35674915541080549,0.35675308646848791,3.9310576824269639e-06
1473,0.92681708660708673,0.92681803529073969,9.4868365296818524e-07
1474,0.43015958318163056,0.43015451844772168,5.0647339088771837e-06
1475,-0.42222621994662413,-0.42222021831808265,6.0016285414743464e-06
1476,0.26227998817961745,0.26227478816639116,5.200013226291933e-06
1477,0.097162563866969323,0.097165139344001741,2.5754770324182275e-06
1478,-0.67059509635176939,-0.67059302110977881,2.0752419905845088e-06
1479,-0.29133386360165581,-0.29133754279417717,3.6791925213663923e-06
1480,-0.48762077884774141,-0.48762319437989721,2.415532155797262e-06
1481,-0.61523635350036932,-0.61522755396233286,8.7995380364525033e-06
1482,0.12919454129263194,0.12918765977690164,6.8815157303059316e-06
1483,-0.39983604934226208,-0.39983519861998879,8.5072227329341388e-07
1484,-0.72572992942917436,-0.72572741502439209,2.5144047822722726e-06
1485,0.25682646866881037,0.25682480829796034,1.6603708500317893e-06
1486,-0.029672623076596634,-0.029674355984027623,1.732907430988806e-06
1487,-0.5289212687668251,-0.52891618734461732,5.0814222077866233e-06
1488,-0.11591046045393752,-0.11591725378269936,6.7933287618421323e-06
1489,-0.56274697266154172,-0.5627425237635505,4.4488979912271631e-06
1490,-0.60884608959874442,-0.6088446329059789,1.4566927655224049e-06
1491,-0.12515414804755115,-0.12515808280082327,3.9347532721223377e-06
1492,-0.99128919530464699,-0.99128883364310194,3.6166154504524428e-07
1493,-1.0691316154805532,-1.0691261936696215,5.4218109317716312e-06
1494,-0.12676118736370412,-0.12676901149952147,7.8241358173469777e-06
1495,-0.54324293644212185,-0.54323859292559784,4.3435165240079954e-06
1496,-0.608632375502837,-0.60863089619410915,1.479308727847517e-06
1497,0.025500747303933837,0.025497711945586362,3.0353583474751478e-06
1498,-0.22268693427552383,-0.22268653365237934,4.0062314449196279e-07
1499,0.25174336114897133,0.2517465933264964,3.2321775250698792e-06
1500,0.77564803859728249,0.77564200961501462,6.0289822678694094e-06
1501,-0.051178766138241405,-0.051172951362004164,5.8147762372409706e-06
1502,0.23896171461267324,0.23895992699349919,1.7876191740484604e-06
1503,0.94232219255452843,0.94231866033555678,3.5322189716469055e-06
1504,0.19523566156171482,0.19523980638800389,4.1448262890764198e-06
1505,0.13863702520337964,0.13863975067132622,2.7254679465793519e-06
1506,0.38878388682932774,0.38877571295427299,8.1738750547510897e-06
1507,-0.11868777680321264,-0.11868229198121003,5.4848220026187944e-06
1508,0.38124260584808378,0.38124238764945889,2.181986248905865e-07
1509,0.54941746734578478,0.54941555762747207,1.9097183127092521e-06
1510,-0.26996991034999779,-0.26996810682066785,1.8035293299356603e-06
1511,0.40212464137178811,0.40212452086473249,1.2050705561206243e-07
1512,0.99615120970436632,0.99614725034805518,3.9593563111450791e-06
1513,0.34921898038513211,0.34922664257305602,7.6621879239180402e-06
1514,0.64987261129884966,0.64986781146461292,4.7998342367350233e-06
1515,0.79804429819419964,0.79804082459946379,3.4735947358477404e-06
1516,0.34536546856299605,0.34537070236572981,5.2338027337617277e-06
1517,0.87897745364026636,0.87897813837573502,6.8473546865899237e-07
1518,0.55077255135670944,0.55076703538651373,5.515970195713038e-06
1519,-0.41408681469893666,-0.41408127288926833,5.5418096683301776e-06
1520,0.1846474516189848,0.18464436075851171,3.0908604730928158e-06
1521,0.18895299394477524,0.18895308723919543,9.3294420189238281e-08
1522,-0.6501346724604502,-0.65013178227703461,2.8901834155936612e-06
1523,-0.33468959242263469,-0.33469281533512318,3.2229124884985971e-06
1524,-0.42826964142631735,-0.42827188215808448,2.2407317671335747e-06
1525,-0.66689889475950914,-0.66689120357811194,7.6911813972069254e-06
1526,0.087924701067563268,0.087919013933959553,5.6871336037156439e-06
1527,-0.29815341635208353,-0.2981542316441233,8.1529203976860032e-07
1528,-0.78128289397567929,-0.78127870652621134,4.1874494679516872e-06
1529,0.18331591251212392,0.1833133098298389,2.6026822850244713e-06
1530,0.060846695140403133,0.060844450071112936,2.2450692901965219e-06
1531,-0.54204951372601018,-0.54204407481610239,5.438909907784506e-06
1532,-0.13500223305984374,-0.13500723852922492,5.0054693811751871e-06
1533,-0.49392287451498801,-0.4939210774552627,1.7970597253058607e-06
1534,-0.66707250214218894,-0.66706988365984421,2.6184823447295003e-06
1535,-0.11696664586733076,-0.11697066254210468,4.0166747739267539e-06
1536,-0.88590552499644692,-0.88590491469312704,6.1030331988121134e-07
1537,-1.152882599014267,-1.1528777019676506,4.89704661643664e-06
1538,-0.17254419113533512,-0.17255122830796787,7.0371726327567163e-06
1539,-0.46847994433625439,-0.46847693341729246,3.0109189619320631e-06
1540,-0.66947379620498437,-0.66947005173330154,3.7444716828316515e-06
1541,0.0017071857984058631,0.0017026043101720082,4.5814882338548503e-06
1542,-0.19691149941139288,-0.19691163398684799,1.3457545511297297e-07
1543,0.15339252882690557,0.15339632668018535,3.7978532797799947e-06
1544,0.79989906945887224,0.79989427031859106,4.7991402811753403e-06
1545,0.023622508258903194,0.023626128234623532,3.6199757203377037e-06
1546,0.1353767968555028,0.13537673946085402,5.7394648783626323e-08
1547,0.94583690348657323,0.94583270030035915,4.2031862140801124e-06
1548,0.27836896422377488,0.27837353725162789,4.5730278530053958e-06
1549,0.087795583179268291,0.087798043904866258,2.4607255979663956e-06
1550,0.41542908829332159,0.4154211246297202,7.9636636013957762e-06
1551,-0.092862118927050971,-0.092857676457476751,4.4424695742201203e-06
1552,0.29571969675170384,0.29572192185778862,2.2251060847744419e-06
1553,0.61172922473694524,0.61172547631942253,3.7484175227087135e-06
1554,-0.23061026942565455,-0.23060829358762355,1.9758380309931045e-06
1555,0.27908995341932702,0.27909051684507608,5.6342574905610121e-07
1556,1.0196834324293957,1.0196798459467,3.5864826957165974e-06
1557,0.39475943389417251,0.39476517185587517,5.7379617026676044e-06
1558,0.58278548177955025,0.58278258917993198,2.8925996182760372e-06
1559,0.84166689036150455,0.84166229710252982,4.5932589747277319e-06
1560,0.34936196798604263,0.3493679895651422,6.0215790995687968e-06
1561,0.81954237787438211,0.81954271848857796,3.4061419584840991e-07
1562,0.66187086917695914,0.66186522366780043,5.6455091587137574e-06
1563,-0.38377292268406055,-0.38376794397194947,4.9787121110811405e-06
1564,0.098064443219260153,0.098063326256604272,1.1169626558810153e-06
1565,0.26906283219905991,0.26906047734345789,2.3548556020158706e-06
1566,-0.61246859828432865,-0.61246481850504164,3.779779287005347e-06
1567,-0.3852444948572778,-0.38524691558306046,2.4207257826591722e-06
1568,-0.3719110427603492,-0.3719132563018212,2.2135414720070301e-06
1569,-0.70331786513944705,-0.703311687003217,6.1781362300505904e-06
1570,0.030499060460353878,0.030494945749437563,4.1147109163149065e-06
1571,-0.19835252228914538,-0.19835479340955861,2.2711204132330742e-06
1572,-0.8162370883382043,-0.81623167359973803,5.4147384662694975e-06
1573,0.094080723591068074,0.094077299120098976,3.424470969098925e-06
1574,0.14546442171185114,0.14546190734811337,2.5143637377711414e-06
1575,-0.53993579490836874,-0.53993011422268222,5.6806856865154742e-06
1576,-0.16628419420842752,-0.16628757561651006,3.3814080825367299e-06
1577,-0.42269760194310618,-0.42269863562918591,1.0336860797321989e-06
1578,-0.71379401608993798,-0.71379021778074159,3.7983091963900151e-06
1579,-0.12783865428108362,-0.1278424151328196,3.7608517359788429e-06
1580,-0.77401313460675192,-0.77401255047511841,5.8413163350756747e-07
1581,-1.2192859500661357,-1.2192818268605983,4.1232055374429422e-06
1582,-0.23706768379340984,-0.2370734730966837,5.7893032738565164e-06
1583,-0.39157842800811188,-0.39157679955892127,1.628449190604897e-06
1584,-0.71769985938600833,-0.71769430582642979,5.5535595785416447e-06
1585,-0.036006117123102338,-0.036012055735480226,5.9386123778884525e-06
1586,-0.16306882868300715,-0.16306931064688507,4.8196387791854534e-07
1587,0.060568851214574816,0.060573232694182758,4.3814796079413854e-06
1588,0.80374286201818523,0.80373922258431352,3.6394338717160579e-06
1589,0.11098751658419707,0.11098869886749725,1.1822833001773336e-06
1590,0.041709017953274023,0.041710776964339787,1.7590110657633717e-06
1591,0.92829563027430584,0.92829101169711592,4.61857718991876e-06
1592,0.36950181470732252,0.36950631652779803,4.5018204755109537e-06
1593,0.044205880904351763,0.044207963961600802,2.0830572490387889e-06
1594,0.42861453420489154,0.42860735077589307,7.1834289984695765e-06
1595,-0.05381467710668611,-0.053811376912446411,3.3001942396984618e-06
1596,0.20992468694473046,0.20992902553830484,4.3385935743767146e-06
1597,0.65687506701301013,0.65686964881191334,5.4182010967851468e-06
1598,-0.172320400775759,-0.17231819582451055,2.2049512484467737e-06
1599,0.15898026264690407,0.15898155351880772,1.2908719036475169e-06
1600,1.0238858724537712,1.0238826176926261,3.2547611450439717e-06
1601,0.45319129816835368,0.45319492224654756,3.6240781938756683e-06
1602,0.51636489803330021,0.51636425746621339,6.4056708681814456e-07
1603,0.87357759958533343,0.87357219609483161,5.4034905018207624e-06
1604,0.36825973016617658,0.3682659948660239,6.2646998473248061e-06
1605,0.75202538099201421,0.75202535273290372,2.8259110496087203e-08
1606,0.75988525435797238,0.75987990051797882,5.3538399935604275e-06
1607,-0.33180905345020278,-0.33180483984854875,4.2136016540350596e-06
1608,0.0065984167270546866,0.0065990904489821372,6.7372192745062537e-07
1609,0.33436373267279523,0.33435910900404042,4.6236687548106836e-06
1610,-0.55813980783864559,-0.55813503634058814,4.7714980574431465e-06
1611,-0.44003133531199123,-0.44003281360162949,1.4782896382570243e-06
1612,-0.32161372963312485,-0.32161606686572691,2.3372326020676404e-06
1613,-0.72354811974345012,-0.72354370594709405,4.4137963560730853e-06
1614,-0.040377587982476031,-0.040379726160496308,2.1381780202778256e-06
1615,-0.10463491007777409,-0.10463846222374665,3.5521459725573745e-06
1616,-0.82944685428113352,-0.8294406690551096,6.1852260239136925e-06
1617,-0.0076487692914895492,-0.0076527967357512524,4.0274442617031433e-06
1618,0.22038051710370773,0.22037803478525603,2.4823184517075436e-06
1619,-0.52170778932787254,-0.52170215015313237,5.6391747401685066e-06
1620,-0.20769169113700836,-0.20769360561872602,1.9144817176575124e-06
1621,-0.35245356761826629,-0.35245739110297358,3.8234847072882161e-06
1622,-0.74680531120525617,-0.74680025153969976,5.0596655564172366e-06
1623,-0.15636969838980863,-0.15637301704984721,3.3186600385815002e-06
1624,-0.65995062068558208,-0.65995032596149439,2.9472408769048997e-07
1625,-1.2657435500604406,-1.2657403874164985,3.1626439420673336e-06
1626,-0.31840158622497544,-0.31840568932381774,4.1030988423007564e-06
1627,-0.31645901208333693,-0.31645889635907404,1.1572426289463422e-07
1628,-0.75116929005032218,-0.75116242689632495,6.863153997227478e-06
1629,-0.086737913052337606,-0.08674486631744141,6.9532651038040072e-06
1630,-0.12424492348460429,-0.12424550219508494,5.787104806476151e-07
1631,-0.023479090362304701,-0.023474299341043225,4.7910212614757364e-06
1632,0.78710593699327369,0.78710340088531594,2.5361079577512768e-06
1633,0.20708543724380532,0.20708410488060325,1.3323632020723064e-06
1634,-0.038330560108008963,-0.038326941381879961,3.6187261290010486e-06
1635,0.89007250631983503,0.89006759460361462,4.911716220412643e-06
1636,0.46510738150442471,0.46511137243880502,3.9909343803046227e-06
1637,0.010848386947859855,0.010850039310099615,1.6523622397603133e-06
1638,0.42786322551821565,0.42785738495533127,5.8405628843849478e-06
1639,-0.0039148217722505549,-0.003912880116007841,1.9416562427139114e-06
1640,0.12763152751002144,0.12763755960118112,6.0320911596800642e-06
1641,0.68324639043712354,0.68323959289674363,6.7975403799103162e-06
1642,-0.097889131145703093,-0.097886630016433093,2.5011292699994581e-06
1643,0.046144422116520228,0.046146284292406692,1.8621758864634241e-06
1644,1.0076198898805926,1.0076169420562797,2.9478243128711057e-06
1645,0.52195059662754317,0.52195210100699363,1.5043794504565611e-06
1646,0.45402756423818547,0.45402944466926159,1.8804310761288967e-06
1647,0.89206329844508547,0.8920572614454636,6.0369996218723188e-06
1648,0.40083750729678913,0.40084351559454318,6.008297754045433e-06
1649,0.68018593877633438,0.68018558641954507,3.5235678930156666e-07
1650,0.84183627076629264,0.84183166847385293,4.6022924397037812e-06
1651,-0.25960649909087707,-0.25960333768705607,3.161403821005937e-06
1652,-0.085432955642758643,-0.085430679951263494,2.275691495148835e-06
1653,0.38232145025381353,0.38231487287690791,6.5773769056254316e-06
1654,-0.48847582438501119,-0.48847004228237612,5.7821026350768356e-06
1655,-0.49578380935452437,-0.49578444641284541,6.3705832104021809e-07
1656,-0.28007501173804983,-0.28007759376829849,2.5820302486656566e-06
1657,-0.72742458034410984,-0.72742200234580323,2.5779983066076539e-06
1658,-0.12147041515819666,-0.12147020488303652,2.102751601451569e-07
1659,-0.020892441502812352,-0.020897159603371619,4.7181005592665526e-06
1660,-0.82066573855191571,-0.82065920021073879,6.5383411769204258e-06
1661,-0.11809530438614052,-0.11809964401190497,4.3396257644462422e-06
1662,0.28211509125147699,0.2821129536838396,2.1375676373946995e-06
1663,-0.48726928240770051,-0.48726410634926814,5.1760584323656822e-06
1664,-0.25661767674818536,-0.2566182147420043,5.3799381893870901e-07
1665,-0.28648079082201044,-0.28648714322098612,6.3523989756730792e-06
1666,-0.76459878341825349,-0.76459239387883926,6.389539414231038e-06
1667,-0.20041609945727995,-0.20041893900548469,2.8395482047360865e-06
1668,-0.54807518435002744,-0.54807538562350122,2.0127347377663085e-07
1669,-1.2904458468098539,-1.2904437543385667,2.092471287129527e-06
1670,-0.41385472813891161,-0.41385678592171626,2.0577828046541846e-06
1671,-0.2470397614838386,-0.24704134035516306,1.5788713244591079e-06
1672,-0.76839647857565574,-0.76838877857235977,7.7000032959739784e-06
1673,-0.14888889422225937,-0.14889640975242374,7.5155301643703432e-06
1674,-0.083730564491888801,-0.083730979553643711,4.150617549103508e-07
1675,-0.096010970266827395,-0.096006126757617716,4.8435092096787979e-06
1676,0.75076900716980677,0.75076756970647018,1.4374633365843437e-06
1677,0.30774027554328293,0.30773655817246182,3.717370821110233e-06
1678,-0.10159622894192444,-0.10159076057393526,5.4683679891753822e-06
1679,0.83241091757319086,0.8324057093467141,5.2082264767605579e-06
1680,0.56135280528897613,0.56135597565959106,3.1703706149244226e-06
1681,-0.0097340512827430656,-0.0097328217403313544,1.2295424117111931e-06
1682,0.4134436068125561,0.41343958221532012,4.0245972359742588e-06
1683,0.053993052665078485,0.053993333718214562,2.8105313607668103e-07
1684,0.052373441112159941,0.052380727749578589,7.2866374186478233e-06
1685,0.69007548398628593,0.69006769502081189,7.7889654740426195e-06
1686,-0.010734897405952298,-0.010732052409427401,2.8449965248974335e-06
1687,-0.05533640154360011,-0.05533426422894222,2.1373146578892999e-06
1688,0.97059858707988467,0.97059599355503834,2.5935248463282434e-06
1689,0.59790881221077108,0.59790831556342583,4.9664734524945686e-07
1690,0.39903334609253505,0.39903787848565564,4.53239312059317e-06
1691,0.89608992305697077,0.89608328166673112,6.6413902396478264e-06
1692,0.4452009621179141,0.44520632824838752,5.3661304734164972e-06
1693,0.6078555069045104,0.60785494211032454,5.6479418586441454e-07
1694,0.9054544012178023,0.90545098444758176,3.416770220532328e-06
1695,-0.16940214874758833,-0.1694003826953501,1.7660522382278998e-06
1696,-0.1736452691310891,-0.17364155273425816,3.7163968309439355e-06
1697,0.41111635991626416,0.41110824651286743,8.1134033967367181e-06
1698,-0.4055411365985056,-0.40553444466490446,6.6919336011439512e-06
1699,-0.54909487101918009,-0.54909493559143074,6.4572250657590757e-08
1700,-0.24948820528920537,-0.24949107481840296,2.8695291975910919e-06
1701,-0.71555663297497307,-0.71555581761547993,8.1535949314481826e-07
1702,-0.20916667325993274,-0.20916383288079377,2.8403791389741695e-06
1703,0.049456696307403805,0.049450857245086591,5.8390623172144274e-06
1704,-0.79055510921510774,-0.7905485519460751,6.5572690326476391e-06
1705,-0.23309148106398284,-0.23309581356438885,4.3325004060179584e-06
1706,0.32766928778631343,0.32766777461760177,1.5131687116642922e-06
1707,-0.43731872877548689,-0.43731452226065154,4.2065148353476189e-06
1708,-0.31003846620208647,-0.31003762884334601,8.3735874045753889e-07
1709,-0.22781614328451849,-0.22782459023209981,8.4469475813142569e-06
1710,-0.76642416539145586,-0.76641649156430913,7.6738271467258201e-06
1711,-0.25719850033732811,-0.25720093602759847,2.4356902703637218e-06
1712,-0.44257764319354631,-0.44257840724455444,7.6405100812859672e-07
1713,-1.2924490219551854,-1.2924480328905217,9.8906466372561397e-07
1714,-0.52008293485097368,-0.52008271233467684,2.2251629683278651e-07
1715,-0.1870585735271087,-0.18706203933818125,3.4658110725505065e-06
1716,-0.76863268244987437,-0.76862452719264607,8.1552572283039027e-06
1717,-0.2202363313759112,-0.22024391267031934,7.5812944081432576e-06
1718,-0.044856869326239258,-0.044856900495972268,3.1169733009928091e-08
1719,-0.15491165960485925,-0.1549072568688461,4.4027360131537741e-06
1720,0.69632030306494586,0.69632002971694806,2.733479977923281e-07
1721,0.40861069724106325,0.40860486239324056,5.8348478226832867e-06
1722,-0.14564246407963316,-0.14563523901410932,7.2250655238359496e-06
1723,0.75737899814891851,0.75737343849396233,5.5596549561887088e-06
1724,0.65426776440158185,0.65426999310550016,2.2287039183055413e-06
1725,-0.015567136568051214,-0.015566274489699243,8.620783519715236e-07
1726,0.3863572718615938,0.38635538138307807,1.8904785157314308e-06
1727,0.11673290860759428,0.11673118967688877,1.7189307055104353e-06
1728,-0.01271449451470723,-0.012706338931348574,8.1555833586557935e-06
1729,0.67745728837736441,0.67744895280438233,8.3355729820766555e-06
1730,0.085243065559207992,0.08524626318457805,3.1976253700577439e-06
1731,-0.14182214014975206,-0.14182011863284968,2.0215169023729551e-06
1732,0.91341157098465409,0.9134094967717965,2.0742128575834684e-06
1733,0.67750793939460252,0.67750560352027001,2.3358743325152531e-06
1734,0.35432452780502399,0.3543316293938269,7.1015888029046792e-06
1735,0.88535416944065959,0.88534682315752555,7.3462831340354029e-06
1736,0.49888305959057794,0.49888756262170769,4.5030311297544756e-06
1737,0.53876237414469386,0.53876175554289374,6.1860180011752419e-07
1738,0.94926795674179687,0.94926607584624989,1.8808955469795663e-06
1739,-0.064161758714966557,-0.064161747124614782,1.1590351775558894e-08
1740,-0.25377463490998137,-0.25376958830991747,5.0466000638960118e-06
1741,0.41973324756235247,0.41972406944341423,9.1781189382467154e-06
1742,-0.31205480341342395,-0.31204741926099766,7.3841524262929781e-06
1743,-0.59658286242897185,-0.59658271620207748,1.462268943708267e-07
1744,-0.2314347542940455,-0.23143777531344997,3.0210194044699712e-06
1745,-0.68928631977119248,-0.68928716607870333,8.4630751084890932e-07
1746,-0.29964303447014723,-0.29963746362599913,5.5708441480950555e-06
1747,0.10361002898668709,0.10360304984055936,6.9791461277252109e-06
1748,-0.74065350881659331,-0.74064715282074034,6.3559958529690874e-06
1749,-0.34825447021892342,-0.34825850075873144,4.0305398080198174e-06
1750,0.35466633204542591,0.35466565476230105,6.7728312486137199e-07
1751,-0.37333082649160154,-0.37332811228243751,2.7142091640341981e-06
1752,-0.36466022109565477,-0.36465791899408084,2.3021015739255191e-06
1753,-0.1790954187053734,-0.17910542132189342,1.0002616520010665e-05
1754,-0.75231237718241895,-0.75230360458920587,8.7725932130799933e-06
1755,-0.32343656732074799,-0.32343877099097584,2.2036702278516174e-06
1756,-0.34730590051073301,-0.34730709290869594,1.1923979629235859e-06
1757,-1.271714791453993,-1.2717148725607126,8.1106719562740182e-08
1758,-0.63322654097541131,-0.63322395279678889,2.588178622420223e-06
1759,-0.13990172742863424,-0.13990723675040861,5.5093217743718004e-06
1760,-0.75191344838656649,-0.7519050805517189,8.3678348475890729e-06
1761,-0.29803908741946894,-0.29804627006340029,7.1826439313471546e-06
1762,-0.010829858215420093,-0.010829364066085688,4.9414933440440623e-07
1763,-0.1987779325297146,-0.1987745308286106,3.4017011039944034e-06
1764,0.62607354609824317,0.62607457814507905,1.0320468358804291e-06
1765,0.5053759538372915,0.50536835514950651,7.5986877849931744e-06
1766,-0.16882862164537929,-0.16881984878224127,8.7728631380235012e-06
1767,0.66778854556847589,0.66778259139142593,5.9541770499604851e-06
1768,0.73992128410514979,0.7399227033865019,1.4192813521107794e-06
1769,-0.0053504546772205402,-0.0053498777762712169,5.7690094932335428e-07
1770,0.34829120787583329,0.34829157760879675,3.6973296346776152e-07
1771,0.18095516439642523,0.18095112725435503,4.0371420702012273e-06
1772,-0.065032707182702376,-0.065023954545992455,8.7526367099216573e-06
1773,0.64633277476192419,0.64632434333377187,8.43142815232234e-06
1774,0.18583367370502527,0.18583718574834288,3.5120433176105692e-06
1775,-0.21026862227086437,-0.21026714784944611,1.4744214182627058e-06
1776,0.83751116701994499,0.83750989027789313,1.2767420518589034e-06
1777,0.75691682794451109,0.75691281550256739,4.0124419437015391e-06
1778,0.32237867756965916,0.32238806618101645,9.388611357297183e-06
1779,0.86029992724917126,0.86029173660643299,8.190642738270526e-06
1780,0.55897076311633265,0.55897436346003815,3.6003437055009968e-06
1781,0.47636331694803158,0.47636281413209697,5.028159346109895e-07
1782,0.97265511729073906,0.97265499770191965,1.1958881940277166e-07
1783,0.052548003975377469,0.0525459314349205,2.0725404569696404e-06
1784,-0.32186043516703022,-0.3218541076171082,6.3275499220249998e-06
1785,0.40801613077937565,0.40800635568564192,9.7750937337326427e-06
1786,-0.21127683644261178,-0.21126906559794015,7.770844671628474e-06
1787,-0.63505775845754642,-0.63505779453508482,3.607753840118022e-08
1788,-0.22680592302297439,-0.22680876863746313,2.84561448873899e-06
1789,-0.65061267918507248,-0.65061509209623813,2.4129111656501223e-06
1790,-0.38904054562514806,-0.38903239415228541,8.1514728626497224e-06
1791,0.13949471180185713,0.13948652711615114,8.1846857059864053e-06
1792,-0.6733081340468281,-0.6733020739033907,6.0601434374030205e-06
1793,-0.45917098456672256,-0.45917449640974445,3.5118430218861185e-06
1794,0.36146623518000276,0.36146651675760555,2.8157760278979538e-07
1795,-0.29750167645371484,-0.29750092155907204,7.5489464279598906e-07
1796,-0.41707931194836645,-0.41707538388241427,3.928065952174542e-06
1797,-0.14242515175165005,-0.14243615236973131,1.1000618081263847e-05
1798,-0.72306261532069915,-0.72305305853732327,9.5567833758858356e-06
1799,-0.39550468850059062,-0.39550689107744041,2.2025768497968556e-06
1800,-0.26560461171231542,-0.26560593338325605,1.3216709406349558e-06
1801,-1.2291110422069613,-1.2291121607983972,1.1185914359224114e-06
1802,-0.74907137319703132,-0.74906647791564507,4.8952813862523925e-06
1803,-0.10844641500482934,-0.10845403924459829,7.6242397689524344e-06
1804,-0.71906981119766111,-0.7190613118788084,8.4993188527171526e-06
1805,-0.37916813109154068,-0.37917455609944206,6.4250079013783434e-06
1806,0.015428184199524578,0.015429245605117749,1.0614055931702782e-06
1807,-0.226971174566717,-0.22696932139882336,1.8531678936395402e-06
1808,0.54295451906866921,0.54295706394255561,2.5448738864009002e-06
1809,0.59391982644479879,0.5939108445334067,8.9819113920919236e-06
1810,-0.17038890721655028,-0.17037890204199327,1.0005174557015106e-05
1811,0.56708072653415509,0.56707436499712505,6.3615370300418306e-06
1812,0.81459897296439532,0.81459988955995177,9.1659555645495772e-07
1813,0.021467902636019789,0.021468259036726479,3.5640070669001878e-07
1814,0.30153675980179029,0.30153934512541003,2.5853236197415086e-06
1815,0.24330203284446036,0.2432954401139111,6.5927305492596844e-06
1816,-0.10262829611004817,-0.10261906755691716,9.2285531310132285e-06
1817,0.59843495268179714,0.59842682825261539,8.1244291817439418e-06
1818,0.28669557518203936,0.28669932110827506,3.7459262356986933e-06
1819,-0.25835688796813477,-0.25835637488632501,5.130818097609513e-07
1820,0.74516040163045594,0.74516028724994543,1.1438051050749465e-07
1821,0.8322019182071777,0.83219636405512043,5.5541520572743863e-06
1822,0.30508225597388805,0.30509349364618021,1.1237672292163658e-05
1823,0.82209872200721146,0.82208964025698927,9.0817502221840485e-06
1824,0.62225195589302851,0.62225478172385373,2.8258308252260278e-06
1825,0.42368971602943684,0.42368942222718398,2.9380225285979833e-07
1826,0.97585802357909002,0.97585974790865326,1.7243295632463074e-06
1827,0.17671304468955595,0.17670863196771938,4.4127218365719312e-06
1828,-0.37441551808673285,-0.37440790130983409,7.6167768987556173e-06
1829,0.37668542340864619,0.37667545872110503,9.9646875411640856e-06
1830,-0.10686834345016484,-0.1068605306335853,7.8128165795360305e-06
1831,-0.66167973998932483,-0.6616803210803951,5.8109107026194096e-07
1832,-0.23575791839851376,-0.23576010837855546,2.1899800417002346e-06
1833,-0.60208572434224572,-0.60208964241303498,3.9180707892549904e-06
1834,-0.47363925439447147,-0.47362886258442316,1.0391810048304695e-05
1835,0.15584837509660465,0.15583895778398926,9.4173126153895836e-06
1836,-0.59157149775537443,-0.59156573112441146,5.7666309629667012e-06
1837,-0.56158436676834356,-0.56158727481707849,2.9080487349286699e-06
1838,0.34724880687366189,0.34725007957491155,1.2727012496660528e-06
1839,-0.21265977792501015,-0.21266132987097694,1.5519459667934221e-06
1840,-0.46394906289883237,-0.4639433102176721,5.7526811602648387e-06
1841,-0.11928021068418042,-0.11929172045464589,1.1509770465475966e-05
1842,-0.68019354883269922,-0.68018361536070904,9.9334719901866819e-06
1843,-0.4696014146637883,-0.46960386093003703,2.4462662487345632e-06
1844,-0.20017822449502862,-0.20017924873291004,1.0242378814251385e-06
1845,-1.1663734147118543,-1.1663755964163656,2.1817045112726419e-06
1846,-0.86322615656488588,-0.86321912505872611,7.031506159771439e-06
1847,-0.094924487083729511,-0.094934151257358115,9.6641736286040558e-06
1848,-0.67170248509810415,-0.67169378206119756,8.7030369065876911e-06
1849,-0.46025647474193609,-0.4602619464941361,5.4717522000036212e-06
1850,0.031423095241898916,0.031424667993737325,1.5727518384092698e-06
1851,-0.2396339029801865,-0.23963405628533885,1.5330515235056907e-07
1852,0.45036156768498226,0.45036587545720513,4.3077722228779258e-06
1853,0.67050444775306228,0.67049443007691834,1.001767614394744e-05
1854,-0.15046446627988086,-0.15045362270883242,1.0843571048441136e-05
1855,0.45918341571487925,0.45917667585476268,6.7398601165669092e-06
1856,0.87497234754515607,0.87497317052706591,8.2298190984264608e-07
1857,0.064651155047176279,0.064651214241385674,5.9194209395263542e-08
1858,0.2488790902263194,0.24888376455362768,4.6743273082738845e-06
1859,0.30057227038041373,0.30056305059216509,9.2197882486377836e-06
1860,-0.12427509450084692,-0.12426535500998187,9.7394908650516587e-06
1861,0.53620019439668354,0.53619268305458745,7.5113420960892796e-06
1862,0.38354331753867804,0.38354719125648273,3.873717804692145e-06
1863,-0.28459130359007112,-0.2845920974664104,7.9387633927785473e-07
1864,0.63934487828879705,0.63934633449382616,1.456205029115587e-06
1865,0.89950466620588143,0.89949765923230818,7.0069735732536387e-06
1866,0.30363095761456871,0.30364351146879504,1.2553854226327044e-05
1867,0.77259514992596523,0.77258526053275312,9.8893932121146833e-06
1868,0.68537558732988879,0.68537791917977164,2.3318498828528433e-06
1869,0.38321498191919101,0.38321481962125842,1.6229793259325831e-07
1870,0.95995854884862686,0.95996206981976817,3.5209711413131117e-06
1871,0.30404402388406698,0.30403712753027529,6.8963537916966189e-06
1872,-0.40857631269576317,-0.40856735818656453,8.9545091986331649e-06
1873,0.32731644216725614,0.32730658721542311,9.8549518330326435e-06
1874,-0.0027316337743171402,-0.0027241035747020614,7.5301996150787566e-06
1875,-0.674102588755083,-0.67410399474856586,1.4059934828614118e-06
1876,-0.25770254733161441,-0.25770351364603766,9.6631442325634254e-07
1877,-0.5466752558876844,-0.54668067167594425,5.4157882598548923e-06
1878,-0.55002433492212111,-0.55001217640305311,1.2158519067995144e-05
1879,0.15226364233596798,0.15225307436071014,1.0567975257835815e-05
1880,-0.49906796879195175,-0.49906240437802829,5.5644139234645174e-06
1881,-0.65157553208518726,-0.65157795316555644,2.4210803691859795e-06
1882,0.31206103746606662,0.3120632572544807,2.2197884140817692e-06
1883,-0.1221466931390474,-0.12215073523618347,4.0420971360727309e-06
1884,-0.50214506299255623,-0.50213729343883051,7.7695537257227443e-06
1885,-0.11043197272302632,-0.11044364565919229,1.1672936165968428e-05
1886,-0.62586112004351768,-0.62585125534088204,9.8647026356424306e-06
1887,-0.54192486546214813,-0.5419277702473122,2.9047851640706668e-06
1888,-0.15298321455953109,-0.15298344180374621,2.2724421511188808e-07
1889,-1.0860295293086304,-1.0860328761710591,3.3468624287547044e-06
1890,-0.97130854493611296,-0.97129962631041722,8.9186256957418664e-06
1891,-0.10081363177136998,-0.10082511594667706,1.1484175307080458e-05
1892,-0.61211992985425701,-0.61211087359445215,9.0562598048515852e-06
1893,-0.53786154352655224,-0.5378660584302305,4.5149036782543561e-06
1894,0.035212188355562973,0.035214144821344266,1.9564657812928821e-06
1895,-0.23766958498105059,-0.23767205230991648,2.4673288658849657e-06
1896,0.35200651968529378,0.35201284901068408,6.3293253902974023e-06
1897,0.7319263659417985,0.73191557575159671,1.0790190201781513e-05
1898,-0.11009621649297674,-0.11008496460264261,1.1251890334129655e-05
1899,0.34834640967871422,0.34833936135383431,7.0483248799102505e-06
1900,0.91825266053065768,0.91825384352609329,1.1829954356112893e-06
1901,0.12316997980243367,0.12316949820087249,4.8160156118637332e-07
1902,0.19346240117795108,0.19346899122182426,6.5900438731836264e-06
1903,0.34987765805968457,0.3498659671154436,1.1690944240971834e-05
1904,-0.12951915176087089,-0.12950875975747086,1.0392003400028216e-05
1905,0.4626491143219495,0.46264238740369906,6.7269182504325897e-06
1906,0.47232987197358506,0.47233376846158592,3.8964880008651726e-06
1907,-0.28836214675976052,-0.28836448692136724,2.3401616067175723e-06
1908,0.5236522733478991,0.52365569825466751,3.4249067684122281e-06
1909,0.95521762943516886,0.95520920649517027,8.422939998586898e-06
1910,0.31846160283685582,0.31847492146481421,1.3318627958391893e-05
1911,0.71421963695814727,0.71420915139027208,1.0485567875195834e-05
1912,0.74501753205625565,0.74501975503624152,2.2229799858664023e-06
1913,0.35674915541082486,0.35674886857536009,2.8683546476893085e-07
1914,0.92681708660699325,0.9268222950004561,5.2083934628521789e-06
1915,0.43015958318190567,0.43015021692442978,9.3662574758845984e-06
1916,-0.42222621994649356,-0.42221587498420343,1.0344962290131932e-05
1917,0.26227998817942083,0.26227040302514848,9.5851542723512928e-06
1918,0.097162563867016133,0.097169566289767542,7.0024227514092763e-06
1919,-0.67059509635170234,-0.67059748985706846,2.3935053661272576e-06
1920,-0.29133386360166613,-0.29133303224793777,8.3135372835885235e-07
1921,-0.48762077884758948,-0.4876277467220112,6.9678744217260835e-06
1922,-0.61523635350031503,-0.61522295982640829,1.3393673906736403e-05
1923,0.12919454129274396,0.12918302385019173,1.1517442552233526e-05
1924,-0.3998360493419959,-0.39983052090461418,5.5284373817188204e-06
1925,-0.72572992942923786,-0.72573213452545493,2.205096217067215e-06
1926,0.25682646866883435,0.25682956958261022,3.1009137758664096e-06
1927,-0.029672623076437612,-0.029679159049520207,6.5359730825956253e-06
1928,-0.52892126876685264,-0.52891134250005767,9.9262667949684413e-06
1929,-0.11591046045377781,-0.11592214040377812,1.1679950000301198e-05
1930,-0.56274697266166507,-0.56273759536773893,9.3772939261382859e-06
1931,-0.60884608959874298,-0.60884960307426272,3.513475519745235e-06
1932,-0.12515414804753067,-0.12515307086199642,1.0771855342428527e-06
1933,-0.99128919530473469,-0.99129388735050616,4.6920457714705321e-06
1934,-1.069131615480303,-1.0691210981955717,1.0517284731337284e-05
1935,-0.12676118736379452,-0.1267741487384689,1.2961374674380632e-05
1936,-0.54324293644214117,-0.54323341392363467,9.5225185064995443e-06
1937,-0.60863237550297344,-0.6086361169575385,3.7414545650538145e-06
1938,0.025500747303800253,0.025502974468722,2.227164921746877e-06
1939,-0.22268693427545652,-0.22269183793391817,4.9036584616468648e-06
1940,0.25174336114876816,0.25175193936466767,8.5782158995018065e-06
1941,0.7756480385970328,0.77563662182106308,1.1416775969719239e-05
1942,-0.051178766138186553,-0.051167521814127558,1.1244324058995447e-05
1943,0.23896171461267648,0.23895445569269302,7.25891998346051e-06
1944,0.94232219255448368,0.94232417338764196,1.9808331582771288e-06
1945,0.19523566156148858,0.19523425158541829,1.4099760702879216e-06
1946,0.13863702520311774,0.13864534722288951,8.3220197717726041e-06
1947,0.38878388682934395,0.38877007465418556,1.3812175158389728e-05
1948,-0.1186877768033274,-0.11867661193393897,1.116486938843031e-05
1949,0.38124260584794079,0.38123666585546384,5.9399924769443224e-06
1950,0.54941746734597008,0.54942132116696241,3.8538209923277833e-06
1951,-0.26996991035006757,-0.26997391210502281,4.0017549552406884e-06
1952,0.40212464137213411,0.40213036789324419,5.7265211100832047e-06
1953,0.99615120970431981,0.99614136157608191,9.8481282378992674e-06
1954,0.34921898038499521,0.3492325730878606,1.3592702865383721e-05
1955,0.64987261129889196,0.6498618392073624,1.077209152955394e-05
1956,0.79804429819406808,0.79804683859871983,2.5404046517518708e-06
1957,0.34536546856302219,0.34536464662485195,8.219381702478934e-07
1958,0.87897745364032864,0.87898423585801089,6.7822176822440738e-06
1959,0.55077255135701986,0.55076089616330093,1.1655193718929091e-05
1960,-0.41408681469868752,-0.41407509192485398,1.1722773833544586e-05
1961,0.18464745161868037,0.18463813805344423,9.3135652361464594e-06
1962,0.18895299394487111,0.18895935168494801,6.3577400769010417e-06
1963,-0.65013467246029277,-0.65013808846320897,3.416002916201144e-06
1964,-0.33468959242268004,-0.33468646740796204,3.1250147179973098e-06
1965,-0.42826964142615831,-0.42827827182596834,8.6303998100278889e-06
1966,-0.66689889475942898,-0.66688477216869901,1.4122590729970241e-05
1967,0.087924701067718103,0.08791254078323707,1.2160284481033123e-05
1968,-0.2981534163518671,-0.29814771675135526,5.6996005118326032e-06
1969,-0.78128289397562034,-0.78128526316097924,2.3691853588969636e-06
1970,0.18331591251200494,0.18331990820727082,3.9956952658792844e-06
1971,0.060846695140357086,0.060837809950508373,8.8851898487132819e-06
1972,-0.54204951372599863,-0.5420373929517458,1.2120774252832867e-05
1973,-0.13500223305972125,-0.13501396213787079,1.1729078149530503e-05
1974,-0.49392287451505373,-0.49391431210125258,8.5624138011497486e-06
1975,-0.66707250214235581,-0.66707669075988818,4.18861753237465e-06
1976,-0.1169666458673074,-0.11696381369540382,2.8321719035828696e-06
1977,-0.88590552499653075,-0.88591180528761337,6.2802910826276204e-06
1978,-1.1528825990141689,-1.1528707696246039,1.1829389565010118e-05
1979,-0.1725441911354712,-0.17255820240096098,1.4011265489777269e-05
1980,-0.46847994433641232,-0.46846991757357109,1.0026762841230941e-05
1981,-0.66947379620504688,-0.66947710932900617,3.3131239592920636e-06
1982,0.0017071857982188065,0.0017097036590211991,2.5178608023925311e-06
1983,-0.19691149941138278,-0.19691877509052064,7.2756791378580932e-06
1984,0.15339252882693022,0.15340350953978082,1.0980712850605645e-05
1985,0.79989906945872191,0.79988704570151492,1.2023757206991448e-05
1986,0.023622508258819491,0.02363339461037731,1.0886351557819196e-05
1987,0.13537679685551043,0.13536943132437249,7.3655311379483557e-06
1988,0.94583690348650584,0.94584005019864381,3.1467121379691321e-06
1989,0.27836896422368868,0.27836614558961364,2.8186340750302463e-06
1990,0.08779558317928203,0.087805477332506807,9.8941532247764918e-06
1991,0.41542908829328157,0.41541364943476289,1.5438858518679321e-05
1992,-0.092862118927108342,-0.092850159493425982,1.1959433682359744e-05
1993,0.29571969675174103,0.2957143631224865,5.3336292545336228e-06
1994,0.61172922473693991,0.61173307682781808,3.8520908781647378e-06
1995,-0.23061026942573049,-0.23061593587146403,5.6664457335486862e-06
1996,0.27908995341923493,0.27909820090639526,8.2474871603288591e-06
1997,1.0196834324294577,1.0196721201060128,1.1312323444867545e-05
1998,0.39475943389405549,0.39477293947847925,1.3505584423756378e-05
1999,0.5827854817795235,0.58277477977309933,1.0702006424168076e-05
2000,0.84166689036132858,0.8416701482958302,3.2579345016214845e-06
2001,0.34936196798600028,0.34936009658265149,1.8714033487854387e-06
2002,0.8195423778746761,0.81955065326276177,8.2753880856767381e-06
2003,0.66187086917689031,0.66185724709954319,1.3622077347119621e-05
2004,-0.38377292268409657,-0.38375992560697797,1.2997077118603872e-05
2005,0.098064443219223987,0.098055266092213711,9.177127010276398e-06
2006,0.26906283219901983,0.26906857931027595,5.7471112561158222e-06
2007,-0.61246859828425382,-0.61247296227708137,4.3639928275496231e-06
2008,-0.38524449485733131,-0.38523873000302383,5.7648543074773073e-06
2009,-0.3719110427605119,-0.37192148369300548,1.04409324935828e-05
2010,-0.70331786513967132,-0.70330341779822547,1.4447341445844586e-05
2011,0.030499060460579052,0.030486634727128495,1.2425733450557169e-05
2012,-0.19835252228914951,-0.19834644056681466,6.0817223348497151e-06
2013,-0.81623708833815345,-0.81624006826606366,2.9799279102071807e-06
2014,0.094080723591178556,0.094085735613409271,5.0120222307159512e-06
2015,0.14546442171179028,0.14545342902462197,1.09926871683097e-05
2016,-0.53993579490823762,-0.53992159406548912,1.4200842748501863e-05
2017,-0.16628419420840507,-0.16629613761071002,1.194340230495361e-05
2018,-0.42269760194299788,-0.42269003179431563,7.5701486822454811e-06
2019,-0.71379401608984516,-0.71379886345986387,4.8473700187123825e-06
2020,-0.12783865428102048,-0.12783372760560185,4.9266754186261252e-06
2021,-0.77401313460663113,-0.77402127985391889,8.1452472877607818e-06
2022,-1.2192859500659212,-1.2192730556260494,1.2894439871846686e-05
2023,-0.23706768379341203,-0.23708228619053945,1.4602397127416733e-05
2024,-0.39157842800806109,-0.39156794460152011,1.0483406540973128e-05
2025,-0.71769985938603453,-0.71770320265098109,3.3432649465536812e-06
2026,-0.036006117123010162,-0.036003117039465078,3.0000835450835761e-06
2027,-0.1630688286826994,-0.16307829121810283,9.4625354034316711e-06
2028,0.06056885121459258,0.060582255145363861,1.3403930771281602e-05
2029,0.80374286201839318,0.80373015824939975,1.2703768993427289e-05
2030,0.11098751658428402,0.11099780509101025,1.0288506726227609e-05
2031,0.041709017953445907,0.041701628848228339,7.3891052175673044e-06
2032,0.92829563027429929,0.92830020171033212,4.5714360328297232e-06
2033,0.36950181470700388,0.36949708461282021,4.730094183669209e-06
2034,0.044205880904440456,0.044217237782754826,1.1356878314369712e-05
2035,0.42861453420497286,0.42859803504407173,1.6499160901128906e-05
2036,-0.053814677106697344,-0.053802019264989065,1.2657841708278716e-05
2037,0.20992468694479158,0.20991962597057479,5.0609742167917471e-06
2038,0.65687506701301923,0.65687909030479297,4.0232917737359486e-06
2039,-0.17232040077582911,-0.17232767924757783,7.2784717487228701e-06
2040,0.15898026264651577,0.1589910788766748,1.0816230159027551e-05
2041,1.0238858724535624,1.0238730503943692,1.2822059193284829e-05
2042,0.45319129816832482,0.45320453148982676,1.3233321501937567e-05
2043,0.51636489803316599,0.51635460627262497,1.0291760541014661e-05
2044,0.87357759958511361,0.87358188924361868,4.2896585050744562e-06
2045,0.36825973016616376,0.36825625975627702,3.4704098867410771e-06
2046,0.75202538099187666,0.75203512980847997,9.7488166033166124e-06
2047,0.75988525435790466,0.75987008147051294,1.51728873917234e-05
2048,-0.33180905345046163,-0.33179497882426723,1.4074626194404694e-05
2049,0.006598416726714614,0.006589187441873424,9.2292848411900524e-06
2050,0.33436373267282066,0.33436905399918143,5.3213263607743144e-06
2051,-0.5581398078385098,-0.55814502332952065,5.2154910108459518e-06
2052,-0.44003133531188837,-0.44002278461303279,8.5506988555805741e-06
2053,-0.32161372963327084,-0.32162613785961996,1.2408226349125417e-05
2054,-0.72354811974362099,-0.72353359294220787,1.4526801413117241e-05
2055,-0.040377587982355821,-0.040389881182728869,1.2293200373048041e-05
2056,-0.10463491007777745,-0.10462826517843014,6.6448993473050555e-06
2057,-0.82944685428114717,-0.82945090812962774,4.0538484805674457e-06
2058,-0.0076487692913692002,-0.0076425156258317535,6.253665537446669e-06
2059,0.22038051710362278,0.22036771163403418,1.2805469588594853e-05
2060,-0.52170778932767881,-0.52169178495398416,1.6004373694644691e-05
2061,-0.20769169113708302,-0.20770401287185108,1.2321734768061532e-05
2062,-0.35245356761814528,-0.35244694178952757,6.625828617712326e-06
2063,-0.74680531120500215,-0.7468107429197709,5.4317147687443779e-06
2064,-0.15636969838977774,-0.15636248359620386,7.2147935738786639e-06
2065,-0.65995062068531607,-0.65996090149485032,1.0280809534246593e-05
2066,-1.265743550060203,-1.2657297697961472,1.3780264055851532e-05
2067,-0.31840158622498649,-0.31841634903728433,1.4762812297841599e-05
2068,-0.31645901208328592,-0.31644819454538436,1.0817537901552932e-05
2069,-0.75116929005033828,-0.75117317081668478,3.8807663464979214e-06
2070,-0.086737913052234009,-0.086734080283360548,3.8327688734601795e-06
2071,-0.12424492348458407,-0.12425633034995363,1.140686536955926e-05
2072,-0.023479090362238744,-0.023463429058441211,1.5661303797532417e-05
2073,0.78710593699338993,0.78709248846813318,1.3448525256753996e-05
2074,0.2070854372439129,0.20709505944003515,9.622196122244242e-06
2075,-0.038330560108180832,-0.038337938090411701,7.3779822308689402e-06
2076,0.89007250631985402,0.89007863346861249,6.1271487584724227e-06
2077,0.46510738150412739,0.4651002914099166,7.0900942107932075e-06
2078,0.010848386947770426,0.010861162510026806,1.2775562256379935e-05
2079,0.42786322551830291,0.42784621957668473,1.7005941618186693e-05
2080,-0.0039148217722299082,-0.0039016725510283533,1.3149221201554963e-05
2081,0.12763152751031082,0.12762630984249856,5.2176678122517473e-06
2082,0.68324639043707092,0.68325088485697927,4.4944199083518654e-06
2083,-0.097889131145797642,-0.097897964186103997,8.8330403063552332e-06
2084,0.046144422116193025,0.046157660678934752,1.3238562741726967e-05
2085,1.0076198898803361,1.007605523444475,1.436643586116837e-05
2086,0.52195059662781162,0.52196356185150794,1.2965223696315142e-05
2087,0.45402756423803819,0.45401794158387193,9.6226541662636222e-06
2088,0.89206329844503995,0.89206880677959144,5.5083345514850279e-06
2089,0.4008375072968216,0.40083192800339523,5.5792934263720895e-06
2090,0.6801859387764958,0.68019721627595808,1.1277499462281071e-05
2091,0.84183627076619549,0.84181999634387361,1.6274422321882476e-05
2092,-0.25960649909117356,-0.25959162327549923,1.4875815674331161e-05
2093,-0.085432955642930949,-0.08544243665330499,9.4810103740405882e-06
2094,0.38232145025390374,0.3823266718775078,5.2216236040569797e-06
2095,-0.4884758243847574,-0.48848188358994765,6.0592051902563782e-06
2096,-0.49578380935461697,-0.49577256278953263,1.1246565084332971e-05
2097,-0.28007501173785337,-0.28008951971597024,1.4507978116862219e-05
2098,-0.72742458034425739,-0.72741003406505711,1.4546279200278178e-05
2099,-0.12147041515812494,-0.1214822155059159,1.1800347790955068e-05
2100,-0.020892441502904941,-0.02088510662996642,7.3348729385212807e-06
2101,-0.82066573855208069,-0.82067129554399565,5.5569919149567326e-06
2102,-0.11809530438594322,-0.11808750630996478,7.7980759784351816e-06
2103,0.28211509125136469,0.28210077360444524,1.4317646919448368e-05
2104,-0.48726928240759027,-0.48725188388300583,1.739852458443325e-05
2105,-0.25661767674811153,-0.25663047960401308,1.2802855901550281e-05
2106,-0.28648079082191846,-0.28647483595377443,5.9548681440313445e-06
2107,-0.76459878341826215,-0.7646047435605724,5.9601423102462192e-06
2108,-0.20041609945734679,-0.20040654689987847,9.552557468317513e-06
2109,-0.54807518435009617,-0.54808782016241508,1.2635812318917417e-05
2110,-1.2904458468098414,-1.2904312773569588,1.4569452882584599e-05
2111,-0.41385472813875329,-0.41386930535552829,1.4577216775002455e-05
2112,-0.24703976148401202,-0.2470287784592502,1.0983024761823668e-05
2113,-0.76839647857565174,-0.76840138293998472,4.9043643329804709e-06
2114,-0.14888889422207097,-0.1488837629033026,5.131318768364368e-06
2115,-0.083730564491958578,-0.08374366889406247,1.3104402103891744e-05
2116,-0.096010970266797668,-0.095993394916067329,1.7575350730339445e-05
2117,0.75076900716971973,0.75075479535382139,1.421181589833509e-05
2118,0.30774027554324973,0.30774937504625127,9.09950300154172e-06
2119,-0.10159622894193185,-0.10160361997891391,7.3910369820656685e-06
2120,0.83241091757327734,0.83241861129330952,7.6937200321758326e-06
2121,0.56135280528861553,0.56134303116126938,9.7741273461515732e-06
2122,-0.0097340512828149144,-0.0097198346802956376,1.4216602519276714e-05
2123,0.41344360681258097,0.41342655258288552,1.7054229695445677e-05
2124,0.053993052664977559,0.054006405933265007,1.3353268287448483e-05
2125,0.052373441112390354,0.052367612941279021,5.8281711113328249e-06
2126,0.69007548398632457,0.69008085243302308,5.3684466985171042e-06
2127,-0.010734897405867045,-0.0107452524357392,1.0355029872155183e-05
2128,-0.055336401543785919,-0.055321021577228492,1.5379966557427238e-05
2129,0.97059858708005631,0.97058270826763637,1.587881241993383e-05
2130,0.59790881221105019,0.59792164349781485,1.28312867646585e-05
2131,0.39903334609250646,0.39902450789376109,8.8381987453645117e-06
2132,0.89608992305696467,0.89609669492713795,6.7718701732832898e-06
2133,0.44520096211787569,0.4451928723083477,8.0898095279891002e-06
2134,0.60785550690474244,0.60786844074108437,1.2933836341932903e-05
2135,0.90545440121800902,0.90543744311527385,1.695810273516507e-05
2136,-0.16940214874773568,-0.16938679864971262,1.53500980230592e-05
2137,-0.17364526913108705,-0.17365517950419629,9.9103731092398117e-06
2138,0.41111635991617879,0.41112191601848447,5.5561023056815984e-06
2139,-0.40554113659843138,-0.40554815691783175,7.0203194003637392e-06
2140,-0.54909487101908472,-0.54908118057986999,1.3690439214730787e-05
2141,-0.24948820528919408,-0.24950487260012164,1.6667310927559464e-05
2142,-0.71555663297486138,-0.71554197705184563,1.4655923015749472e-05
2143,-0.20916667325972058,-0.20917771623783621,1.1042978115632929e-05
2144,0.049456696307192058,0.049464783407251078,8.0871000590204689e-06
2145,-0.79055510921520999,-0.79056252092561208,7.4117104020832159e-06
2146,-0.23309148106431826,-0.23308180175616217,9.6793081560964112e-06
2147,0.32766928778616183,0.32765371996795178,1.5567818210049378e-05
2148,-0.43731872877550171,-0.43730042475804415,1.830401745755994e-05
2149,-0.31003846620213316,-0.31005176921128147,1.3303009148313283e-05
2150,-0.2278161432843569,-0.22781040698695249,5.7362974044128379e-06
2151,-0.76642416539146274,-0.76643071769897753,6.5523075147844168e-06
2152,-0.25719850033745978,-0.25718666699106851,1.1833346391265653e-05
2153,-0.44257764319364856,-0.44259271919543441,1.5076001785852e-05
2154,-1.2924490219553277,-1.2924336780132188,1.5343942108891895e-05
2155,-0.52008293485103174,-0.52009711015139903,1.4175300367291754e-05
2156,-0.18705857352716185,-0.18704759856967848,1.0974957483367298e-05
2157,-0.76863268244990224,-0.76863901092554288,6.3284756406378762e-06
2158,-0.22023633137565446,-0.22022938596021013,6.9454154443260308e-06
2159,-0.044856869326180319,-0.044871470195847946,1.4600869667626137e-05
2160,-0.15491165960490136,-0.15489264416628429,1.9015438617070446e-05
2161,0.69632030306477377,0.69630537399849979,1.492906627398316e-05
2162,0.40861069724091287,0.40861956114018527,8.8638992724043852e-06
2163,-0.14564246407956469,-0.1456499808028083,7.5167232436168518e-06
2164,0.75737899814893439,0.75738822333768585,9.2251887514605002e-06
2165,0.65426776440195145,0.65425516519391136,1.2599208040087184e-05
2166,-0.015567136567896935,-0.0155514034964475,1.5733071449435324e-05
2167,0.38635727186155139,0.38634046729521093,1.6804566340455906e-05
2168,0.11673290860771922,0.11674614687282901,1.3238265109793979e-05
2169,-0.012714494514579065,-0.012721339248687642,6.8447341085766528e-06
2170,0.67745728837734009,0.67746399625676923,6.7078794291353105e-06
2171,0.085243065559052617,0.085231176583543844,1.1888975508772548e-05
2172,-0.14182214014968575,-0.1418049888693457,1.7151280340049757e-05
2173,0.91341157098481196,0.91339432383242103,1.724715239093122e-05
2174,0.67750793939488652,0.67752081964983191,1.2880254945391023e-05
2175,0.35432452780498463,0.35431637006054656,8.1577444380753761e-06
2176,0.88535416944059242,0.88536212570848705,7.9562678946265564e-06
2177,0.49888305959057772,0.49887221683894517,1.0842751632544889e-05
2178,0.53876237414474537,0.53877714457143344,1.4770426688071048e-05
2179,0.94926795674202447,0.94925064355782396,1.7313184200506981e-05
2180,-0.064161758715119463,-0.064146271561624876,1.5487153494586625e-05
2181,-0.25377463490983915,-0.25378510716124364,1.0472251404491928e-05
2182,0.4197332475624625,0.41973963159791838,6.3840354558863943e-06
2183,-0.31205480341359221,-0.31206302473293251,8.2213193403068985e-06
2184,-0.59658286242901515,-0.59656706739847398,1.5795030541165822e-05
2185,-0.23143475429412441,-0.23145346746366111,1.8713169536693774e-05
2186,-0.68928631977108179,-0.68927143056737461,1.4889203707180165e-05
2187,-0.29964303447033092,-0.29965324251304382,1.0208042712900323e-05
2188,0.10361002898661706,0.10361887211816205,8.8431315449916115e-06
2189,-0.74065350881666858,-0.74066301850384797,9.5096871793876048e-06
2190,-0.34825447021900258,-0.34824259165524091,1.1878563761669181e-05
2191,0.35466633204527909,0.35464970222320441,1.6629822074676337e-05
2192,-0.37333082649168381,-0.37331211629304617,1.871019863763923e-05
2193,-0.36466022109563173,-0.36467395844927469,1.3737353642961914e-05
2194,-0.17909541870539292,-0.17908933838596428,6.0803194286418449e-06
2195,-0.75231237718235422,-0.75231973102121596,7.3538388617455652e-06
2196,-0.32343656732093112,-0.32342260104745535,1.3966273475773949e-05
2197,-0.34730590051070231,-0.34732330637913045,1.7405868428133076e-05
2198,-1.2717147914541034,-1.2716986155480181,1.6175906085269531e-05
2199,-0.63322654097562647,-0.63324025336784595,1.3712392219478176e-05
2200,-0.13990172742871754,-0.13989089260595647,1.0834822761068841e-05
2201,-0.75191344838675778,-0.75192146828568329,8.0198989255153563e-06
2202,-0.29803908741920065,-0.29802983872442523,9.248694775421118e-06
2203,-0.010829858215362059,-0.010845839025854032,1.5980810491972655e-05
2204,-0.19877793252971349,-0.19875801223198075,1.992029773273396e-05
2205,0.62607354609816412,0.62605801589542487,1.553020273925565e-05
2206,0.50537595383700162,0.5053849610679263,9.0072309246735927e-06
2207,-0.16882862164537896,-0.16883649838580692,7.8767404279589393e-06
2208,0.66778854556849454,0.66779928469632344,1.0739127828895967e-05
2209,0.73992128410529712,0.73990596636403216,1.5317741264953e-05
2210,-0.0053504546771420353,-0.0053330970198219932,1.7357657320042109e-05
2211,0.3482912078759629,0.34827475310211825,1.6454773844654103e-05
2212,0.18095516439646131,0.18096799552795659,1.2831131495277814e-05
2213,-0.065032707182516761,-0.065040866602882538,8.1594203657775477e-06
2214,0.6463327747617954,0.64634129919068362,8.5244288882124764e-06
2215,0.18583367370504339,0.18582018607475984,1.3487630283554042e-05
2216,-0.21026862227078169,-0.21025010434198926,1.8517928792427529e-05
2217,0.83751116702018957,0.83749280292016937,1.8364100020207275e-05
2218,0.75691682794497039,0.75692994672800873,1.3118783038335025e-05
2219,0.32237867756963251,0.32237089107149008,7.7864981424258239e-06
2220,0.86029992724929261,0.86030895561755427,9.0283682616654204e-06
2221,0.55897076311638505,0.55895710053057424,1.3662585810814143e-05
2222,0.47636331694811246,0.4763801209973797,1.680404926723833e-05
2223,0.97265511729067888,0.97263764688343479,1.7470407244091213e-05
2224,0.052548003974985408,0.05256332622367875,1.5322248693341867e-05
2225,-0.3218604351669444,-0.3218715463938342,1.1111226889792825e-05
2226,0.40801613077949417,0.40802383846795659,7.7076884624216468e-06
2227,-0.21127683644266243,-0.21128659240325251,9.7559605900798818e-06
2228,-0.6350577584573851,-0.63504022368904967,1.7534768335436546e-05
2229,-0.22680592302299821,-0.22682638354184242,2.0460518844217512e-05
2230,-0.65061267918512222,-0.65059743311569995,1.5246069422270025e-05
2231,-0.38904054562526563,-0.38905009722691952,9.5516016538899073e-06
2232,0.13949471180184039,0.13950427430290199,9.5625010615996153e-06
2233,-0.67330813404667378,-0.67331986522026166,1.1731173587881116e-05
2234,-0.45917098456658123,-0.45915666094452923,1.432362205200377e-05
2235,0.3614662351799996,0.36144863712613473,1.7598053864864571e-05
2236,-0.29750167645379638,-0.29748299774305537,1.8678710741015792e-05
2237,-0.41707931194827269,-0.41709335190149038,1.4039953217692691e-05
2238,-0.14242515175164283,-0.14241814012928863,7.0116223541971667e-06
2239,-0.72306261532083338,-0.72307111501766375,8.4996968303663323e-06
2240,-0.3955046885006066,-0.39548879033862067,1.5898161985938852e-05
2241,-0.26560461171223493,-0.26562407839888236,1.9466686647429121e-05
2242,-1.2291110422068185,-1.22909397148693,1.7070719888545582e-05
2243,-0.74907137319693273,-0.74908471154148371,1.3338344550972714e-05
2244,-0.10844641500502422,-0.10843576128554898,1.0653719475242629e-05
2245,-0.71906981119766422,-0.71907963419038523,9.8229927210091716e-06
2246,-0.37916813109159769,-0.37915618941681339,1.1941674784299305e-05
2247,0.015428184199444105,0.015410834531821169,1.7349667622935938e-05
2248,-0.22697117456655727,-0.22695086591597685,2.0308650580419529e-05
2249,0.54295451906847825,0.54293856403089513,1.5955037583115228e-05
2250,0.59391982644449626,0.59392938889279123,9.5624482949752121e-06
2251,-0.1703889072165653,-0.17039749086894543,8.5836523801285924e-06
2252,0.56708072653407648,0.56709299831086202,1.2271776785532928e-05
2253,0.81459897296445283,0.81458121173964126,1.7761224811563281e-05
2254,0.021467902635893533,0.021486981382843717,1.9078746950184494e-05
2255,0.30153675980158523,0.30152057823336564,1.6181568219586495e-05
2256,0.24330203284451202,0.24331425157136818,1.2218726856166873e-05
2257,-0.10262829611002103,-0.10263792359965315,9.627489632124675e-06
2258,0.59843495268182145,0.59844572890055125,1.0776218729802167e-05
2259,0.28669557518169708,0.2866803758350317,1.5199346665384361e-05
2260,-0.25835688796831291,-0.25833738496812997,1.9503000182941044e-05
2261,0.74516040163068664,0.74514125266618714,1.914896449950465e-05
2262,0.83220191820703904,0.83221544332438957,1.3525117350532412e-05
2263,0.30508225597394412,0.3050743696709049,7.886303039217335e-06
2264,0.82209872200723622,0.8221088089587355,1.008695149928851e-05
2265,0.6222519558930466,0.62223556827549431,1.6387617552293676e-05
2266,0.42368971602941558,0.42370868044291521,1.8964413499633626e-05
2267,0.97585802357894236,0.9758404449049678,1.7578673974560921e-05
2268,0.17671304468939969,0.17672797977993274,1.493509053304698e-05
2269,-0.37441551808662388,-0.37442729395115876,1.1775864534879776e-05
2270,0.37668542340869227,0.376694896212667,9.4728039747304926e-06
2271,-0.10686834345003443,-0.10688001299614133,1.1669546106901629e-05
2272,-0.6616797399892187,-0.66166079382556386,1.8946163654831594e-05
2273,-0.23575791839843666,-0.23577968054639853,2.1762147961873479e-05
2274,-0.60208572434206964,-0.60207002531063403,1.5699031435612021e-05
2275,-0.47363925439464083,-0.47364852464218349,9.270247542658705e-06
2276,0.15584837509659077,0.15585866481858118,1.0289721990408562e-05
2277,-0.59157149775508944,-0.59158548315714765,1.3985402058214191e-05
2278,-0.56158436676839152,-0.56156747776459126,1.6889003800257818e-05
2279,0.34724880687391285,0.34723023748133125,1.8569392581602173e-05
2280,-0.21265977792489094,-0.21264144271421148,1.8335210679454317e-05
2281,-0.4639490628987078,-0.46396324245885451,1.4179560146709846e-05
2282,-0.11928021068401433,-0.11927174310690911,8.4675771052228344e-06
2283,-0.68019354883289296,-0.68020363783658766,1.0089003694702114e-05
2284,-0.46960141466376581,-0.46958379330407141,1.7621359694408589e-05
2285,-0.20017822449497324,-0.2001993615309762,2.1137036002955023e-05
2286,-1.1663734147116296,-1.166355438423891,1.7976287738585839e-05
2287,-0.8632261565648387,-0.86323932826753969,1.3171702700986998e-05
2288,-0.094924487083814735,-0.094913902809869888,1.0584273944846956e-05
2289,-0.67170248509809227,-0.67171407576982878,1.159067173650552e-05
2290,-0.46025647474179421,-0.46024160750203413,1.4867239760074646e-05
2291,0.031423095241819944,0.031404283695546015,1.8811546273929391e-05
2292,-0.2396339029802044,-0.23961362665868813,2.0276321516271567e-05
2293,0.45036156768487057,0.45034540047918548,1.6167205685091446e-05
2294,0.67050444775284157,0.67051495042872511,1.0502675883539148e-05
2295,-0.15046446627982366,-0.150474188457456,9.7221776323430653e-06
2296,0.45918341571497029,0.45919728702300822,1.3871308037927133e-05
2297,0.87497234754526432,0.87495251391598983,1.9833629274490505e-05
2298,0.064651155047062495,0.064671916318105496,2.0761271043001628e-05
2299,0.2488790902259812,0.24886301698766175,1.6073238319452843e-05
2300,0.3005722703804245,0.30058384367005708,1.157328963258264e-05
2301,-0.12427509450101065,-0.12428619362350669,1.1099122496041613e-05
2302,0.53620019439664934,0.53621356722673363,1.3372830084290577e-05
2303,0.38354331753853504,0.3835262615020309,1.7056036504148331e-05
2304,-0.28459130359027929,-0.28457112210623237,2.0181484046921661e-05
2305,0.63934487828896924,0.63932531350385513,1.9564785114112304e-05
2306,0.89950466620581004,0.89951872587539317,1.4059669583121881e-05
2307,0.30363095761449121,0.30362239914852213,8.5584659690884912e-06
2308,0.77259514992589351,0.77260641855394629,1.1268628052785168e-05
2309,0.68537558732983184,0.68535671543365129,1.8871896180550074e-05
2310,0.38321498191919146,0.3832360691163596,2.1087197168145888e-05
2311,0.95995854884866127,0.95994077455166682,1.7774296994454986e-05
2312,0.30404402388434154,0.30405846859574465,1.4444711403105437e-05
2313,-0.40857631269562,-0.40858874507351117,1.2432377891169466e-05
2314,0.32731644216730316,0.32732801994845645,1.1577781153293554e-05
2315,-0.0027316337742167018,-0.0027455821781970586,1.3948403980356718e-05
2316,-0.6741025887549954,-0.67408247024985024,2.0118505145161336e-05
2317,-0.25770254733158954,-0.25772508406433281,2.2536732743272392e-05
2318,-0.54667525588753441,-0.54665905531294856,1.6200574585845118e-05
2319,-0.55002433492222713,-0.55003383873494771,9.5038127205793188e-06
2320,0.152263642336146,0.1522747826869299,1.1140350783894748e-05
2321,-0.49906796879151161,-0.49908415872291162,1.6189931400012458e-05
2322,-0.65157553208525643,-0.65155615277636247,1.9379308893952008e-05
2323,0.31206103746625319,0.31204141079611897,1.9626670134220703e-05
2324,-0.12214669313891535,-0.12212884268298493,1.785045593041823e-05
2325,-0.50214506299252026,-0.50215923211169367,1.416911917340169e-05
2326,-0.11043197272285377,-0.11042166084088623,1.0311881967539627e-05
2327,-0.62586112004352612,-0.62587328632974515,1.2166286219028599e-05
2328,-0.54192486546212548,-0.54190569306214298,1.9172399982503308e-05
2329,-0.15298321455958455,-0.15300556521089617,2.2350651311620062e-05
2330,-1.0860295293087285,-1.0860107065163676,1.8822792360984053e-05
2331,-0.97130854493603724,-0.97132184223865492,1.3297302617676365e-05
2332,-0.10081363177147123,-0.10080285371902656,1.0778052444676556e-05
2333,-0.61211992985425301,-0.61213318214764134,1.3252293388332781e-05
2334,-0.53786154352668991,-0.53784370352564437,1.784000104554373e-05
2335,0.035212188355410637,0.035191743538763538,2.0444816647098574e-05
2336,-0.23766958498107119,-0.23764960462354209,1.9980357529092441e-05
2337,0.35200651968529123,0.35199035489397007,1.6164791321160443e-05
2338,0.73192636594178284,0.73193811632504435,1.1750383261510677e-05
2339,-0.11009621649303258,-0.11010755165943732,1.1335166404738417e-05
2340,0.34834640967885766,0.34836199492060366,1.5585241745996736e-05
2341,0.91825266053061672,0.91823116342284161,2.1497107775103608e-05
2342,0.12316997980242503,0.12319222486744565,2.224506502061796e-05
2343,0.19346240117809199,0.19344621796513728,1.6183212954712367e-05
2344,0.3498776580595867,0.34988878698938108,1.1128929794379516e-05
2345,-0.12951915176093035,-0.12953162627582418,1.2474514893834332e-05
2346,0.46264911432192402,0.46266530059336453,1.6186271440510325e-05
2347,0.4723298719732783,0.47231080857331281,1.9063399965491001e-05
2348,-0.28836214675967775,-0.28834148030702794,2.0666452649809042e-05
2349,0.52365227334805076,0.52363264488721684,1.9628460833920336e-05
2350,0.95521762943506927,0.95523230664351366,1.4677208444391354e-05
2351,0.31846160283681002,0.31845177450790224,9.8283289077794045e-06
2352,0.71421963695810653,0.71423234518319467,1.2708225088142733e-05
2353,0.7450175320561514,0.74499651437931391,2.1017676837487009e-05
2354,0.35674915541077656,0.35677215612384522,2.3000713068654921e-05
2355,0.92681708660684492,0.92679896053212096,1.8126074723956442e-05
2356,0.43015958318191239,0.43017359834030827,1.4015158395885852e-05
2357,-0.4222262199465241,-0.42223930337591492,1.3083429390825518e-05
2358,0.2622799881797,0.26229387842082919,1.3890241129188574e-05
2359,0.097162563867037352,0.097146043861761525,1.6520005275827421e-05
2360,-0.6705950963518631,-0.67057392036848396,2.1175983379140284e-05
2361,-0.29133386360173802,-0.29135664882595913,2.2785224221111289e-05
2362,-0.48762077884783012,-0.48760408302652231,1.6695821307810554e-05
2363,-0.6152363535004377,-0.61524667066870853,1.0317168270823629e-05
2364,0.12919454129278413,0.12920678186761739,1.224057483326102e-05
2365,-0.39983604934205863,-0.39985432612611993,1.8276784061299622e-05
2366,-0.72572992942920056,-0.72570828207097349,2.1647358227072644e-05
2367,0.2568264686687029,0.25680566986599918,2.0798802703725361e-05
2368,-0.029672623076556989,-0.029655212041998193,1.7411034558795224e-05
2369,-0.52892126876672985,-0.52893533682804306,1.4068061313210478e-05
2370,-0.1159104604537896,-0.11589809872607362,1.2361727715973214e-05
2371,-0.56274697266167839,-0.5627616844245672,1.4711762888808266e-05
2372,-0.60884608959851849,-0.60882546660862713,2.0622989891361243e-05
2373,-0.12515414804744524,-0.12517725476550687,2.3106718061632892e-05
2374,-0.9912891953044769,-0.99126965597878058,1.9539325696316112e-05
2375,-1.069131615480261,-1.0691453770646437,1.3761584382709913e-05
2376,-0.12676118736386011,-0.12674982234190149,1.1365021958614774e-05
2377,-0.54324293644202837,-0.54325778787763801,1.4851435609641861e-05
2378,-0.60863237550293103,-0.60861169541583582,2.0680087095215072e-05
2379,0.025500747303930101,0.025478505309495452,2.2241994434648443e-05
2380,-0.22268693427542074,-0.22266732112649501,1.9613148925734514e-05
2381,0.25174336114893714,0.25172737487925034,1.5986269686796284e-05
2382,0.77564803859723619,0.77566123401557763,1.3195418341438447e-05
2383,-0.05117876613823634,-0.051192181747744266,1.341560950792603e-05
2384,0.23896171461272098,0.23897916339618822,1.7448783467238771e-05
2385,0.94232219255458971,0.94229941788369098,2.2774670898728644e-05
2386,0.19523566156155936,0.19525905492097143,2.3393359412066106e-05
2387,0.1386370252033445,0.13862049602529428,1.6529178050228577e-05
2388,0.38878388682939236,0.388794973745405,1.1086916012648107e-05
2389,-0.11868777680336444,-0.11870155894960326,1.3782146238816573e-05
2390,0.38124260584802883,0.38126166082683799,1.9054978809163181e-05
2391,0.54941746734548547,0.54939627820852532,2.1189136960142463e-05
2392,-0.26996991035024698,-0.26994882112860369,2.1089221643288969e-05
2393,0.40212464137205184,0.40210522886671535,1.9412505336491304e-05
2394,0.99615120970413606,0.99616654868378351,1.5338979647450124e-05
2395,0.34921898038507876,0.34920733786693342,1.1642518145338343e-05
2396,0.64987261129884744,0.64988712257324022,1.4511274392781104e-05
2397,0.79804429819390654,0.79802150705584152,2.2791138065025862e-05
2398,0.34536546856296368,0.34539002637628557,2.4557813321890443e-05
2399,0.87897745364008761,0.87895880786542269,1.8645774664927117e-05
2400,0.55077255135691194,0.55078637242857353,1.3821071661590523e-05
2401,-0.41408681469884157,-0.41410061649569818,1.38017968566162e-05
2402,0.1846474516186711,0.18466371096180875,1.6259343137647875e-05
2403,0.18895299394490514,0.18893373040644951,1.9263538455632778e-05
2404,-0.65013467246044343,-0.6501124187820948,2.2253678348627126e-05
2405,-0.33468959242274493,-0.33471218552469628,2.2593101951351446e-05
2406,-0.42826964142637047,-0.42825250524133351,1.7136185036958906e-05
2407,-0.66689889475959374,-0.66691058725476127,1.1692495167525685e-05
2408,0.087924701067798108,0.087938404403237358,1.370333543924962e-05
2409,-0.29815341635191833,-0.29817362893842264,2.0212586504309016e-05
2410,-0.78128289397554462,-0.78125930237361907,2.3591601925554428e-05
2411,0.18331591251221011,0.18329389878664726,2.2013725562847197e-05
2412,0.060846695140416213,0.060863868038313937,1.7172897897724249e-05
2413,-0.54204951372590415,-0.54206349973979151,1.3986013887357096e-05
2414,-0.13500223305976117,-0.13498780661579735,1.4426443963821978e-05
2415,-0.49392287451510669,-0.49394051639107128,1.7641875964591325e-05
2416,-0.66707250214207636,-0.66705043766841121,2.2064473665150963e-05
2417,-0.11696664586723504,-0.11699011562184507,2.3469754610025428e-05
2418,-0.88590552499626429,-0.88588545449153155,2.0070504732738748e-05
2419,-1.1528825990140525,-1.152897169323692,1.4570309639472256e-05
2420,-0.17254419113542002,-0.17253175376412491,1.24373712951098e-05
2421,-0.46847994433637735,-0.46849641518219493,1.6470845817573299e-05
2422,-0.66947379620514824,-0.66945056271417791,2.3233490970331339e-05
2423,0.0017071857983330873,0.0016831080034340128,2.4077794899074467e-05
2424,-0.19691149941112376,-0.19689213035918463,1.9369051939138737e-05
2425,0.15339252882683155,0.15337681569852224,1.5713128309308155e-05
2426,0.79989906945893485,0.79991378868778329,1.4719228848436572e-05
2427,0.023622508258998979,0.0236066024446899,1.5905814309078586e-05
2428,0.13537679685545512,0.13539627270501733,1.9475849562217151e-05
2429,0.94583690348650595,0.94581315956798595,2.3743918520002794e-05
2430,0.27836896422344459,0.27839308550521691,2.4121281772315761e-05
2431,0.087795583179263142,0.087778488096114757,1.7095083148385704e-05
2432,0.41542908829332337,0.41544068802714484,1.1599733821476832e-05
2433,-0.092862118927086415,-0.092877247477259173,1.5128550172757715e-05
2434,0.29571969675175158,0.29574150053351944,2.1803781767859576e-05
2435,0.61172922473695401,0.61170588995388264,2.333478307137149e-05
2436,-0.23061026942567064,-0.23058869949866106,2.1569927009579271e-05
2437,0.27908995341952358,0.27907091499866304,1.9038420860539862e-05
2438,1.0196834324292989,1.0196994555842096,1.6023154910671522e-05
2439,0.39475943389421503,0.39474555439324915,1.3879500965874314e-05
2440,0.58278548177951706,0.58280221450181025,1.6732722293189006e-05
2441,0.84166689036136955,0.84164266388742426,2.4226473945287985e-05
2442,0.34936196798601332,0.34938763070735174,2.5662721338415295e-05
2443,0.81954237787434836,0.81952306938488917,1.9308489459191058e-05
2444,0.66187086917690552,0.66188488076668772,1.4011589782203515e-05
2445,-0.38377292268424384,-0.38378760910067572,1.468641643187496e-05
2446,0.098064443218959921,0.098082999448864241,1.8556229904320709e-05
2447,0.26906283219911309,0.2690407960530361,2.2036146076986896e-05
2448,-0.61246859828451117,-0.61244512908223181,2.3469202279358115e-05
2449,-0.38524449485725359,-0.3852666131727141,2.2118315460506466e-05
2450,-0.37191104276044684,-0.37189355051093537,1.7492249511474878e-05
2451,-0.7033178651396349,-0.70333140102992231,1.3535890287408314e-05
2452,0.030499060460515485,0.030514668046132173,1.5607585616687902e-05
2453,-0.19835252228913899,-0.19837452401091801,2.2001721779019157e-05
2454,-0.81623708833813258,-0.81621193465905861,2.5153679073963708e-05
2455,0.094080723591204812,0.094057551805642167,2.3171785562645097e-05
2456,0.14546442171178087,0.14548166307126181,1.7241359480946183e-05
2457,-0.53993579490822552,-0.53994987838914188,1.4083480916360358e-05
2458,-0.16628419420850968,-0.16626780297186328,1.6391236646401408e-05
2459,-0.42269760194338735,-0.42271841678702948,2.081484364213626e-05
2460,-0.71379401608986215,-0.71377042807509095,2.3588014771203092e-05
2461,-0.12783865428099442,-0.12786221342114157,2.3559140147150215e-05
2462,-0.77401313460689336,-0.77399274356911707,2.0391037776290588e-05
2463,-1.2192859500657895,-1.219301642419317,1.569235352749665e-05
2464,-0.23706768379326762,-0.23705364884971275,1.4034943554869228e-05
2465,-0.39157842800813925,-0.39159663252862714,1.8204520487896669e-05
2466,-0.71769985938594272,-0.71767446409833613,2.5395287606588823e-05
2467,-0.036006117123169978,-0.036031906256992707,2.578913382272896e-05
2468,-0.1630688286828739,-0.16304945129668641,1.9377386187485746e-05
2469,0.060568851214642082,0.060553364480079822,1.5486734562260296e-05
2470,0.80374286201842093,0.80375909969811543,1.6237679694497409e-05
2471,0.11098751658422275,0.11096881281910199,1.8703765120753335e-05
2472,0.041709017953716669,0.04173067198334697,2.1654029630301108e-05
2473,0.92829563027445872,0.92827110767265908,2.4522601799636945e-05
2474,0.36950181470719445,0.36952622959392822,2.4414886733770125e-05
2475,0.044205880904518421,0.044188041818612273,1.783908590614891e-05
2476,0.42861453420485568,0.42862728203181238,1.2747826956704955e-05
2477,-0.05381467710660396,-0.05383131731684155,1.6640210237589548e-05
2478,0.20992468694492428,0.20994897512731103,2.4288182386755786e-05
2479,0.65687506701315901,0.65684969000298543,2.5377010173577297e-05
2480,-0.1723204007755533,-0.17229822775920536,2.2173016347937224e-05
2481,0.1589802626466075,0.15896157616159648,1.8686485011021325e-05
2482,1.0238858724537041,1.0239026043777966,1.673192409246127e-05
2483,0.45319129816828074,0.45317492619722199,1.6371971058748436e-05
2484,0.51636489803313823,0.51638426291571438,1.9364882576144993e-05
2485,0.87357759958535675,0.8735521812087873,2.541837656944157e-05
2486,0.36825973016627866,0.3682860192249422,2.6289058663531151e-05
2487,0.75202538099212357,0.75200531886505995,2.0062127063624757e-05
2488,0.75988525435807697,0.75989994393122884,1.4689573151871471e-05
2489,-0.33180905345053852,-0.3318248928436468,1.5839393108285638e-05
2490,0.0065984167267413235,0.0066191530619634049,2.0736335222081362e-05
2491,0.33436373267271335,0.33433903673612675,2.4695936586605072e-05
2492,-0.55813980783874972,-0.55811495438168279,2.4853457066931206e-05
2493,-0.44003133531189981,-0.44005290528861973,2.156997671992622e-05
2494,-0.32161372963338031,-0.32159596541416796,1.7764219212346166e-05
2495,-0.7235481197435657,-0.72356381720031482,1.5697456749119709e-05
2496,-0.040377587982346884,-0.040359605069223765,1.7982913123118505e-05
2497,-0.10463491007809124,-0.10465859319043329,2.3683112342048895e-05
2498,-0.82944685428123699,-0.82942052817685308,2.6326104383911364e-05
2499,-0.0076487692916527997,-0.0076729475632602122,2.4178271607412476e-05
2500,0.22038051710356599,0.2203981955986328,1.7678495066814071e-05
2501,-0.52170778932770956,-0.52172232098953553,1.4531661825967213e-05
2502,-0.20769169113709068,-0.20767342472199396,1.8266415096723776e-05
2503,-0.35245356761801411,-0.35247758209721036,2.4014479196254879e-05
2504,-0.74680531120523863,-0.74678005041051621,2.5260794722425928e-05
2505,-0.15636969838997747,-0.15639322835142908,2.3529961451607129e-05
2506,-0.65995062068546562,-0.65993010445045974,2.0516235005874073e-05
2507,-1.2657435500604197,-1.2657606191745261,1.7069114106371686e-05
2508,-0.31840158622491477,-0.31838544728119217,1.6138943722598942e-05
2509,-0.31645901208330202,-0.31647914872364058,2.0136640338563883e-05
2510,-0.75116929005030408,-0.75114216417170243,2.7125878601652609e-05
2511,-0.086737913052021109,-0.086765139439420727,2.722638739961758e-05
2512,-0.12424492348456183,-0.12422521863758867,1.9704846973153667e-05
2513,-0.023479090362325542,-0.023494593371813605,1.5503009488063157e-05
2514,0.7871059369934218,0.78712370542739518,1.7768433973386344e-05
2515,0.20708543724386091,0.20706378978967732,2.1647454183593151e-05
2516,-0.038330560107652387,-0.038306615703543434,2.3944404108952599e-05
2517,0.89007250632001556,0.89004725830040698,2.524801960857026e-05
2518,0.46510738150430331,0.46513171940570597,2.4337901402660123e-05
2519,0.010848386947884965,0.010829681641633632,1.870530625133239e-05
2520,0.42786322551814171,0.42787775336370804,1.4527845566325581e-05
2521,-0.0039148217721762463,-0.0039332593027484588,1.8437530572212521e-05
2522,0.12763152751020243,0.12765794960479579,2.6422094593359091e-05
2523,0.68324639043719637,0.68321919203789239,2.7198399303984822e-05
2524,-0.097889131145505445,-0.097866218263485183,2.2912882020262315e-05
2525,0.046144422116283196,0.04612586160714402,1.8560509139176062e-05
2526,1.0076198898805451,1.0076373757126917,1.7485832146668656e-05
2527,0.52195059662740062,0.52193165634056193,1.894028683868676e-05
2528,0.45402756423803359,0.45404990038437809,2.233614634450376e-05
2529,0.89206329844500076,0.89203679464239649,2.6503802604271876e-05
2530,0.40083750729678036,0.40086399352426061,2.6486227480249092e-05
2531,0.68018593877640698,0.68016509732397012,2.084145243685942e-05
2532,0.84183627076650291,0.84185216877445068,1.5898007947767745e-05
2533,-0.25960649909115052,-0.2596238492316274,1.7350140476879439e-05
2534,-0.085432955642930408,-0.085410157123624625,2.279851930578336e-05
2535,0.38232145025380282,0.38229433872641322,2.7111527389600543e-05
2536,-0.48847582438501119,-0.48844949676997634,2.6327615034849039e-05
2537,-0.49578380935462563,-0.49580500332705624,2.1193972430610941e-05
2538,-0.28007501173810101,-0.28005702541306726,1.798632503374753e-05
2539,-0.72742458034409718,-0.72744258218171076,1.8001837613579319e-05
2540,-0.12147041515804938,-0.12144961352674319,2.0801631306188728e-05
2541,-0.02089244150293345,-0.02091776251998316,2.5321017049710626e-05
2542,-0.82066573855205249,-0.82063858569434156,2.7152857710932565e-05
2543,-0.11809530438632815,-0.11812027016849688,2.4965782168734352e-05
2544,0.28211509125136836,0.28213359152014311,1.8500268774757078e-05
2545,-0.48726928240762613,-0.48728475590544607,1.5473497819940008e-05
2546,-0.25661767674838781,-0.2565975534258701,2.0123322517717757e-05
2547,-0.28648079082188976,-0.28650781633762412,2.7025515734357963e-05
2548,-0.76459878341820897,-0.76457170892159565,2.7074496613321841e-05
2549,-0.20041609945720321,-0.20043963584364277,2.353638643956546e-05
2550,-0.54807518435007851,-0.54805467686406251,2.0507486016008158e-05
2551,-1.2904458468100708,-1.290464475060173,1.8628250102237232e-05
2552,-0.41385472813889951,-0.41383605319788563,1.8674941013874236e-05
2553,-0.2470397614839073,-0.24706208512203279,2.2323638125487655e-05
2554,-0.76839647857568538,-0.76836802172159213,2.8456854093250605e-05
2555,-0.14888889422202864,-0.14891717872780677,2.828450577813113e-05
2556,-0.083730564491924966,-0.083710198412634995,2.0366079289971251e-05
2557,-0.09601097026692261,-0.096026920105303587,1.5949838380976966e-05
2558,0.75076900716964923,0.75078837530159603,1.9368131946806422e-05
2559,0.30774027554307659,0.3077157402883382,2.4535254738389245e-05
2560,-0.10159622894187129,-0.1015699303599116,2.6298581959682821e-05
2561,0.83241091757319852,0.83238486676163481,2.6050811563704812e-05
2562,0.56135280528884213,0.56137683065734501,2.4025368502877953e-05
2563,-0.009734051282672497,-0.0097536891920014471,1.9637909328950112e-05
2564,0.41344360681249048,0.4134604621625359,1.6855350045419382e-05
2565,0.053993052665241945,0.05397244123385464,2.0611431387304591e-05
2566,0.052373441112432709,0.052401632813118784,2.819170068607546e-05
2567,0.69007548398624574,0.69004677733668718,2.8706649558563058e-05
2568,-0.010734897406154506,-0.010711122062823836,2.3775343330669635e-05
2569,-0.055336401543624847,-0.055355207279853012,1.8805736228165448e-05
2570,0.97059858708005819,0.97061694935279164,1.8362272733440932e-05
2571,0.59790881221112036,0.59788734697742907,2.1465233691286834e-05
2572,0.39903334609243374,0.39905885990253387,2.5513810100130652e-05
2573,0.89608992305698654,0.89606228737668769,2.7635680298843113e-05
2574,0.44520096211791066,0.44522733545387017,2.6373335959506417e-05
2575,0.60785550690473389,0.6078339219470329,2.1584957700993002e-05
2576,0.90545440121798126,0.90547201761153884,1.7616393557573495e-05
2577,-0.16940214874774648,-0.16942142890211059,1.9280154364115232e-05
2578,-0.17364526913079514,-0.17362049344142438,2.4775689370759579e-05
2579,0.41111635991624207,0.41108717409182216,2.9185824419908357e-05
2580,-0.40554113659851515,-0.40551335907263791,2.7777525877237252e-05
2581,-0.54909487101901211,-0.5491160343980882,2.1163379076094557e-05
2582,-0.24948820528929733,-0.24946996275430564,1.8242534991691484e-05
2583,-0.71555663297503969,-0.71557694298034336,2.0310005303669776e-05
2584,-0.20916667325977639,-0.20914269417224537,2.3979087531017518e-05
2585,0.049456696307493227,0.049429705149495864,2.6991157997362236e-05
2586,-0.79055510921501249,-0.7905273864197091,2.7722795303386505e-05
2587,-0.23309148106414909,-0.23311699256474619,2.5511500597097392e-05
2588,0.32766928778629451,0.32768896713543971,1.9679349145207414e-05
2589,-0.43731872877560435,-0.43733572833981749,1.6999564213138196e-05
2590,-0.31003846620210207,-0.31001640915939427,2.2057042707801511e-05
2591,-0.22781614328441102,-0.22784582356508029,2.9680280669269754e-05
2592,-0.76642416539165226,-0.76639524453868701,2.8920852965241828e-05
2593,-0.25719850033739261,-0.25722219679023745,2.3696452844834681e-05
2594,-0.44257764319355769,-0.44255713270084052,2.0510492717173978e-05
2595,-1.2924490219554117,-1.2924693212597032,2.0299304291482301e-05
2596,-0.52008293485102663,-0.52006141009618312,2.1524754843516014e-05
2597,-0.18705857352746169,-0.18708335549095456,2.4781963492870318e-05
2598,-0.76863268244999006,-0.76860319708173375,2.9485368256310096e-05
2599,-0.22023633137584361,-0.22026525678453615,2.8925408692537236e-05
2600,-0.044856869326210511,-0.044835542334016792,2.1326992193718142e-05
2601,-0.15491165960474507,-0.15492862912335828,1.6969518613213497e-05
2602,0.69632030306465731,0.69634141610879396,2.1113044136655823e-05
2603,0.40861069724100779,0.40858346181871308,2.723542229471354e-05
2604,-0.14564246407978149,-0.14561382421216271,2.8639867618779347e-05
2605,0.75737899814874687,0.7573520094190328,2.6988729714072512e-05
2606,0.65426776440147005,0.65429143649834487,2.3672096874816084e-05
2607,-0.01556713656802914,-0.015587732245832906,2.0595677803766227e-05
2608,0.38635727186167462,0.38637685354810802,1.9581686433400858e-05
2609,0.11673290860771038,0.11670970305755303,2.3205550157348598e-05
2610,-0.012714494514575968,-0.012684837811781712,2.9656702794256251e-05
2611,0.67745728837737407,0.67742743713895337,2.9851238420697257e-05
2612,0.085243065559072961,0.085267793441840586,2.4727882767625053e-05
2613,-0.14182214014994582,-0.14184166352795877,1.952337801294779e-05
2614,0.9134115709847731,0.91343105635063082,1.9485365857718762e-05
2615,0.6775079393948934,0.67748402921170425,2.3910183189146395e-05
2616,0.35432452780516854,0.35435321847891332,2.8690673744780071e-05
2617,0.88535416944087353,0.88532521925012853,2.8950190745002935e-05
2618,0.49888305959055834,0.49890918139837742,2.6121807819079468e-05
2619,0.53876237414484518,0.53874012185051634,2.2252294328839461e-05
2620,0.94926795674179631,0.94928772450102983,1.976775923351326e-05
2621,-0.064161758715040096,-0.064183410788421671,2.1652073381575598e-05
2622,-0.25377463490987495,-0.25374790958976118,2.6725320113774043e-05
2623,0.41973324756253722,0.41970237562045737,3.0871942079846448e-05
2624,-0.31205480341326935,-0.31202571028750736,2.9093125761991967e-05
2625,-0.5965828624290398,-0.59660444037289351,2.1577943853712256e-05
2626,-0.23143475429406454,-0.23141603589801049,1.8718396054051567e-05
2627,-0.68928631977111821,-0.68930892078627659,2.2601015158385529e-05
2628,-0.29964303446994045,-0.29961569357863443,2.7340891306015802e-05
2629,0.10361002898659377,0.1035812644057743,2.8764580819476415e-05
2630,-0.74065350881656222,-0.74062535195079715,2.8156865765072148e-05
2631,-0.34825447021902484,-0.34828031711158181,2.5846892556968815e-05
2632,0.35466633204554593,0.35468748664613542,2.1154600589490258e-05
2633,-0.37333082649162752,-0.37334995974515306,1.9133253525538407e-05
2634,-0.36466022109571661,-0.36463605590436432,2.4165191352287785e-05
2635,-0.17909541870536463,-0.17912730008727956,3.1881381914927731e-05
2636,-0.75231237718260013,-0.7522817101000745,3.0667082525637213e-05
2637,-0.32343656732088216,-0.32346068125271843,2.4113931836267088e-05
2638,-0.34730590051064303,-0.3472851668257731,2.0733684869933544e-05
2639,-1.2717147914539517,-1.2717368145133983,2.2023059446540927e-05
2640,-0.63322654097547926,-0.63320199492550344,2.4546049975815443e-05
2641,-0.13990172742882925,-0.13992921058954269,2.7483160713437371e-05
2642,-0.75191344838664764,-0.751883090696019,3.0357690628646239e-05
2643,-0.29803908741945473,-0.2980682759853005,2.9188565845772452e-05
2644,-0.010829858215417085,-0.010807342029049283,2.2516186367801602e-05
2645,-0.19877793252964379,-0.19879656903037082,1.8636500727031713e-05
2646,0.62607354609816657,0.62609663256103476,2.3086462868193713e-05
2647,0.50537595383699174,0.50534628446942442,2.966936756731986e-05
2648,-0.16882862164535423,-0.16879776178848041,3.0859856873816094e-05
2649,0.66778854556833989,0.66776048803394328,2.8057534396608297e-05
2650,0.73992128410528513,0.7399448231574749,2.3539052189769372e-05
2651,-0.0053504546772609237,-0.0053720140111196135,2.1559333858689814e-05
2652,0.34829120787571671,0.34831373035746171,2.2522481745002043e-05
2653,0.18095516439660478,0.18092895794122071,2.6206455384064631e-05
2654,-0.065032707182599347,-0.065001768617725456,3.0938564873891905e-05
2655,0.64633277476189066,0.64630214073991354,3.0634021977116177e-05
2656,0.18583367370503759,0.18585940505870133,2.5731353663738243e-05
2657,-0.21026862227098306,-0.21028938392687338,2.0761655890322306e-05
2658,0.8375111670201707,0.83753214317341429,2.0976153243590367e-05
2659,0.75691682794466619,0.756890545737815,2.6282206851191425e-05
2660,0.32237867756961719,0.32241035286622677,3.1675296609579018e-05
2661,0.8602999272492734,0.86026943294948344,3.0494299789962653e-05
2662,0.55897076311643423,0.55899668414060721,2.5921024172981255e-05
2663,0.47636331694814249,0.47634047637666321,2.2840571479276761e-05
2664,0.97265511729059451,0.97267735258388954,2.2235293295036485e-05
2665,0.052548003975211838,0.052523559374343047,2.4444600868790689e-05
2666,-0.32186043516683438,-0.32183171832571039,2.871684112398798e-05
2667,0.4080161307794013,0.40798394911176916,3.2181667632136257e-05
2668,-0.21127683644251297,-0.21124664168909593,3.019475341703437e-05
2669,-0.63505775845721613,-0.63508023583083328,2.2477373617157959e-05
2670,-0.22680592302292457,-0.22678630990163548,1.961312128909154e-05
2671,-0.65061267918486054,-0.65063756832419106,2.4889139330519505e-05
2672,-0.38904054562527235,-0.38900990037891181,3.0645246360538891e-05
2673,0.13949471180187256,0.13946401574481024,3.0696057062323812e-05
2674,-0.67330813404696843,-0.67327954488095665,2.8589166011783185e-05
2675,-0.45917098456664529,-0.45919704313629883,2.605856965354203e-05
2676,0.36146623518023963,0.36148908124196488,2.2846061725256828e-05
2677,-0.29750167645374759,-0.29752350385415349,2.1827400405904918e-05
2678,-0.41707931194800046,-0.4170527837226346,2.6528225365862745e-05
2679,-0.14242515175154719,-0.14245877044730121,3.3618695754022987e-05
2680,-0.72306261532083216,-0.72303042248773108,3.2192833101074569e-05
2681,-0.39550468850059706,-0.39552954515287342,2.4856652276361579e-05
2682,-0.26560461171233213,-0.26558326122766879,2.1350484663340552e-05
2683,-1.2291110422067832,-1.2291348510881839,2.3808881400633197e-05
2684,-0.74907137319696293,-0.7490437694371046,2.7603759858330079e-05
2685,-0.10844641500504595,-0.10847676596635918,3.0350961313221902e-05
2686,-0.71906981119775437,-0.71903856685954892,3.1244338205449473e-05
2687,-0.37916813109136588,-0.37919731947133173,2.9188379965849887e-05
2688,0.015428184199311393,0.015452027384259636,2.3843184948243307e-05
2689,-0.22697117456668928,-0.22699212164071336,2.0947074024085799e-05
2690,0.54295451906853787,0.54297988270202191,2.5363633484043469e-05
2691,0.59391982644443686,0.59388800720055801,3.1819243878850045e-05
2692,-0.17038890721653099,-0.17035604608076715,3.2861135763839755e-05
2693,0.56708072653404507,0.56705149035163505,2.9236182410019573e-05
2694,0.81459897296450035,0.81462278294523671,2.3809980736366754e-05
2695,0.021467902635848163,0.02144534685537703,2.2555780471132658e-05
2696,0.30153675980182265,0.30156227615842918,2.5516356606525292e-05
2697,0.24330203284433619,0.24327249017257974,2.9542671756449534e-05
2698,-0.10262829611016737,-0.10259609865142491,3.2197458742458385e-05
2699,0.59843495268183522,0.59840384032602256,3.1112355812656922e-05
2700,0.2866955751816268,0.28672232811230453,2.6752930677720332e-05
2701,-0.25835688796810291,-0.25837940102491708,2.2513056814166266e-05
2702,0.74516040163054886,0.74518333257978264,2.2930949233779252e-05
2703,0.83220191820712308,0.83217329947669938,2.8618730423701777e-05
2704,0.30508225597382732,0.30511657753013754,3.4321556310223933e-05
2705,0.82209872200699641,0.82206653700981225,3.2184997184159236e-05
2706,0.62225195589301585,0.62227790439147002,2.5948498454164692e-05
2707,0.42368971602956707,0.42366628008132523,2.3435948241834481e-05
2708,0.97585802357896312,0.9758829095905216,2.4886011558478138e-05
2709,0.1767130446893361,0.17668545069167271,2.759399766338877e-05
2710,-0.37441551808661661,-0.37438470038138311,3.0817705233499026e-05
2711,0.37668542340863315,0.37665223808212683,3.3185326506313118e-05
2712,-0.10686834345003225,-0.10683729022557251,3.1053224459745565e-05
2713,-0.66167973998941643,-0.66170358131602136,2.384132660493421e-05
2714,-0.23575791839845081,-0.23573682825661868,2.109014183213076e-05
2715,-0.60208572434204388,-0.60211294248001301,2.7218137969131639e-05
2716,-0.47363925439465637,-0.47360554251287251,3.3711881783859976e-05
2717,0.15584837509681615,0.15581561764900656,3.2757447809589335e-05
2718,-0.59157149775516904,-0.59154237086616834,2.9126889000696821e-05
2719,-0.56158436676838808,-0.56161065525793097,2.6288489542891647e-05
2720,0.34724880687373039,0.347273480258042,2.4673384311613145e-05
2721,-0.21265977792497173,-0.21268475085623967,2.4972931267935872e-05
2722,-0.46394906289865917,-0.46391986887005926,2.9194028599910382e-05
2723,-0.11928021068405846,-0.11931518222448756,3.4971540429099002e-05
2724,-0.68019354883258787,-0.6801601331077316,3.3415724856267204e-05
2725,-0.46960141466377336,-0.46962736372612035,2.5949062346986018e-05
2726,-0.20017822449500886,-0.20015572533276216,2.2499162246697457e-05
2727,-1.1663734147116136,-1.1663991404812954,2.5725769681850252e-05
2728,-0.86322615656481272,-0.86319556026771327,3.0596297099449998e-05
2729,-0.094924487083839687,-0.09495773683553084,3.3249751691152851e-05
2730,-0.67170248509800279,-0.67167017563456488,3.2309463437907304e-05
2731,-0.46025647474176912,-0.46028557383067459,2.9099088905470971e-05
2732,0.031423095241935685,0.031448316302019164,2.5221060083478741e-05
2733,-0.23963390298007173,-0.23965772562705623,2.3822646984500429e-05
2734,0.45036156768476099,0.45038956589442181,2.7998209660817786e-05
2735,0.67050444775294549,0.67047071848168183,3.3729271263660543e-05
2736,-0.15046446627995833,-0.15042988989343412,3.4576386524209912e-05
2737,0.45918341571503507,0.4591529217564469,3.0493958588173609e-05
2738,0.87497234754535724,0.8749969459708955,2.4598425538258084e-05
2739,0.064651155047125375,0.064627417389198263,2.3737657927111466e-05
2740,0.24887909022625612,0.24890758287729331,2.8492651037187455e-05
2741,0.30057227038036533,0.30053921073376821,3.3059646597111136e-05
2742,-0.12427509450095287,-0.12424149355360298,3.3600947349887722e-05
2743,0.53620019439656252,0.53616879993618138,3.1394460381140021e-05
2744,0.38354331753853171,0.38357109610037715,2.7778561845437366e-05
2745,-0.28459130359013057,-0.28461602409984055,2.4720509709974525e-05
2746,0.63934487828895414,0.63937028298079279,2.5404691838648574e-05
2747,0.89950466620576319,0.8994736888271504,3.097737861279537e-05
2748,0.30363095761457792,0.30366750385636271,3.654624178478505e-05
2749,0.77259514992578382,0.77256124609794707,3.3903827836745393e-05
2750,0.68537558732969173,0.68540195572638096,2.6368396689235851e-05
2751,0.38321498191909709,0.38319076089730464,2.4221021792447672e-05
2752,0.9599585488483614,0.95998615078579652,2.760193743511774e-05
2753,0.30404402388383867,0.30401302425622811,3.099962761055064e-05
2754,-0.4085763126956764,-0.408543232538989,3.3080156687403939e-05
2755,0.32731644216732753,0.32728243912868193,3.4003038645591399e-05
2756,-0.0027316337742254409,-0.0026999329827276227,3.1700791497818199e-05
2757,-0.67410258875515683,-0.67412818791189921,2.559915674238411e-05
2758,-0.25770254733164188,-0.25767929784508181,2.3249486560072974e-05
2759,-0.54667525588754384,-0.54670491018095591,2.9654293412062493e-05
2760,-0.55002433492206193,-0.54998791512653611,3.6419795525821641e-05
2761,0.1522636423360941,0.15222879024655123,3.4852089542874998e-05
2762,-0.49906796879149778,-0.49903809735838217,2.9871433115613577e-05
2763,-0.65157553208533281,-0.65160228315752999,2.67510721971842e-05
2764,0.31206103746638808,0.31208761028639687,2.657282000878558e-05
2765,-0.1221466931389688,-0.12217511137556218,2.8418236593386048e-05
2766,-0.50214506299263162,-0.50211289412386362,3.2168868768001069e-05
2767,-0.11043197272283427,-0.11046806821773804,3.609549490377062e-05
2768,-0.62586112004353123,-0.62582680947015423,3.4310573376994391e-05
2769,-0.54192486546213336,-0.54195223949854998,2.7374036416616399e-05
2770,-0.15298321455947786,-0.1529589491032213,2.4265456256555851e-05
2771,-1.0860295293087505,-1.0860573923897783,2.786308102775692e-05
2772,-0.9713085449360146,-0.9712750865044838,3.3458431530797306e-05
2773,-0.10081363177148686,-0.1008496794091798,3.6047637692937506e-05
2774,-0.61211992985421382,-0.61208628640595808,3.3643448255737951e-05
2775,-0.5378615435265075,-0.53789066941473485,2.9125888227343744e-05
2776,0.035212188355265954,0.035238779670997269,2.6591315731315512e-05
2777,-0.23766958498103091,-0.23769671109569238,2.7126114661463196e-05
2778,0.35200651968551766,0.35203753180288827,3.1012117370610159e-05
2779,0.73192636594187843,0.73189086888296373,3.5497058914701896e-05
2780,-0.11009621649299599,-0.11006023358645875,3.5982906537238013e-05
2781,0.34834640967851938,0.34831460611898007,3.1803559539300696e-05
2782,0.91825266053053833,0.91827862305026831,2.5962519729971767e-05
2783,0.12316997980249342,0.1231446943156129,2.5285486880521901e-05
2784,0.19346240117793004,0.19349381953974978,3.141836181974611e-05
2785,0.3498776580598314,0.34984111429319875,3.6543766632646246e-05
2786,-0.12951915176085238,-0.1294838823585725,3.5269402279880513e-05
2787,0.46264911432195477,0.46261748535611302,3.1628965841745682e-05
2788,0.47232987197299164,0.4723586952301197,2.8823257128052227e-05
2789,-0.28836214675974897,-0.28838943848400367,2.7291724254696614e-05
2790,0.52365227334779751,0.52368067468398405,2.8401336186534287e-05
2791,0.9552176294352126,0.95518420512590507,3.3424309307528155e-05
2792,0.31846160283698238,0.31849994784748031,3.8345010497931042e-05
2793,0.7142196369579803,0.71418409992077136,3.5537037208932531e-05
2794,0.74501753205626953,0.74504483166616764,2.7299609898112642e-05
2795,0.35674915541070823,0.35672376671074196,2.5388699966266692e-05
2796,0.92681708660691808,0.92684742217370442,3.0335566786332535e-05
2797,0.43015958318143915,0.43012506436787618,3.4518813562978146e-05
2798,-0.4222262199462381,-0.42219069696937572,3.5522976862378819e-05
2799,0.26227998817986459,0.2622451994778372,3.4788702027388485e-05
2800,0.097162563867039517,0.097194795445269683,3.2231578230165758e-05
2801,-0.67059509635186776,-0.67062274469610983,2.7648344242070522e-05
2802,-0.29133386360175639,-0.29130775165015022,2.6111951606178074e-05
2803,-0.48762077884755783,-0.4876530531546942,3.2274307136370695e-05
2804,-0.61523635350017036,-0.61519762748264262,3.872601752774596e-05
2805,0.1291945412927536,0.12915766551937383,3.6875773379768662e-05
2806,-0.39983604934202671,-0.39980513651007016,3.0912831956553255e-05
2807,-0.72572992942924341,-0.7257575450605559,2.7615631312483124e-05
2808,0.25682646866878889,0.25685500633519354,2.8537666404648832e-05
2809,-0.029672623076453318,-0.0297046220969471,3.1999020493781588e-05
2810,-0.52892126876694712,-0.5288858530805538,3.5415686393314161e-05
2811,-0.11591046045376135,-0.11594765627344684,3.7195819685489906e-05
2812,-0.56274697266164864,-0.56271205297006333,3.4919691585311163e-05
2813,-0.60884608959876052,-0.60887517207812736,2.908247936683761e-05
2814,-0.1251541480474464,-0.12512747517341713,2.6672874029270988e-05
2815,-0.99128919530472892,-0.99131950980234629,3.0314497617367486e-05
2816,-1.0691316154803376,-1.0690954489014588,3.6166578878837896e-05
2817,-0.12676118736365716,-0.12679982495397663,3.8637590319468007e-05
2818,-0.54324293644212773,-0.54320771070703311,3.52257350946239e-05
2819,-0.60863237550302551,-0.60866184725481742,2.9471751791909639e-05
2820,0.025500747303820574,0.025528731926553916,2.7984622733342318e-05
2821,-0.22268693427548089,-0.22271762263244935,3.0688356968455732e-05
2822,0.25174336114897072,0.25177775138469788,3.4390235727155272e-05
2823,0.77564803859720699,0.77561078239947268,3.7256197734314433e-05
2824,-0.051178766138138064,-0.051141654909415829,3.711122872223499e-05
2825,0.23896171461267918,0.2389285612239172,3.3153388761975044e-05
2826,0.94232219255443395,0.94235009550196025,2.7902947526303734e-05
2827,0.19523566156138378,0.19520830174362111,2.7359817762667715e-05
2828,0.13863702520328092,0.13867132487406225,3.4299670781334779e-05
2829,0.38878388682937148,0.38874406911163056,3.98177177409198e-05
2830,-0.1186877768034041,-0.11865057841734337,3.7198386060727229e-05
2831,0.38124260584801872,0.38121060428199777,3.2001566020956052e-05
2832,0.54941746734549013,0.54944741088023696,2.9943534746834644e-05
2833,-0.26996991035024365,-0.27000003004189188,3.0119691648233804e-05
2834,0.40212464137204046,0.40215651413665526,3.1872764614804261e-05
2835,0.99615120970415805,0.99611518694175649,3.6022762401555219e-05
2836,0.34921898038508997,0.34925877619689871,3.9795811808740478e-05
2837,0.64987261129908147,0.64983560753944047,3.700375964099667e-05
2838,0.79804429819395606,0.79807309891055112,2.8800716595056564e-05
2839,0.34536546856299721,0.34533835758411591,2.7110978881306202e-05
2840,0.8789774536404219,0.87901055371279557,3.3100072373670741e-05
2841,0.55077255135702374,0.55073454940914679,3.8001947876953324e-05
2842,-0.41408681469845948,-0.41404871618523553,3.8098513223949748e-05
2843,0.18464745161924384,0.18461173324299468,3.5718376249160855e-05
2844,0.18895299394483611,0.18898578565318241,3.2791708346302517e-05
2845,-0.6501346724602719,-0.65016455167566467,2.9879215392769609e-05
2846,-0.3346895924226449,-0.33465997486435278,2.9617558292116541e-05
2847,-0.4282696414261738,-0.42830479378782871,3.515236165491098e-05
2848,-0.66689889475924891,-0.66685822070094614,4.0674058302769822e-05
2849,0.087924701067675276,0.087885959722146453,3.874134552882269e-05
2850,-0.29815341635209897,-0.29812110600903063,3.231034306833136e-05
2851,-0.78128289397571338,-0.78131190367346115,2.9009697747772734e-05
2852,0.1833159125120481,0.18334657857814884,3.0666066100748512e-05
2853,0.060846695140595701,0.060811109632557946,3.5585508037755398e-05
2854,-0.54204951372605759,-0.54201066259708508,3.8851128972505755e-05
2855,-0.13500223305986489,-0.13504072261880762,3.8489558942728097e-05
2856,-0.49392287451513212,-0.49388752140469583,3.5353110436286972e-05
2857,-0.66707250214233893,-0.66710351176243876,3.1009620099831103e-05
2858,-0.11696664586728832,-0.11693696229649499,2.9683570793331837e-05
2859,-0.88590552499647046,-0.88593868717345392,3.3162176983458913e-05
2860,-1.1528825990139631,-1.1528438571604918,3.8741853471302434e-05
2861,-0.17254419113528499,-0.17258514553398127,4.0954398696280148e-05
2862,-0.46847994433646384,-0.46844294367951533,3.7000656948504851e-05
2863,-0.66947379620518777,-0.66950411407606347,3.0317870875706809e-05
2864,0.0017071857981639307,0.0017367393509057536,2.9553552741822886e-05
2865,-0.19691149941132285,-0.19694584181982289,3.4342408500032118e-05
2866,0.15339252882687857,0.1534306073996024,3.8078572723837523e-05
2867,0.79989906945890998,0.79985991661829614,3.9152840613843054e-05
2868,0.023622508259022679,0.023660555010981497,3.8046751958818043e-05
2869,0.13537679685541087,0.13534223951309982,3.4557342311059003e-05
2870,0.94583690348640004,0.94586727351457689,3.0370028176851527e-05
2871,0.27836896422342133,0.27833889067402862,3.0073549392717336e-05
2872,0.087795583179233236,0.087832763941787184,3.718076255394831e-05
2873,0.41542908829330188,0.41538633103638867,4.2757256913217301e-05
2874,-0.092862118927130935,-0.092822809210612381,3.9309716518554083e-05
2875,0.29571969675163184,0.29568698085939665,3.2715892235191113e-05
2876,0.61172922473668712,0.61176049116694287,3.1266430255749711e-05
2877,-0.23061026942563062,-0.23064338238304247,3.3112957411846056e-05
2878,0.27908995341965964,0.27912567968719837,3.5726267538727097e-05
2879,1.0196834324294282,1.0196446089588669,3.8823470561277773e-05
2880,0.39475943389407653,0.39480048308919086,4.1049195114328807e-05
2881,0.5827854817792758,0.58274720360090493,3.8278178370876326e-05
2882,0.84166689036121745,0.84169775712693973,3.0866765722281642e-05
2883,0.34936196798605335,0.34933245499385512,2.9512992198221788e-05
2884,0.81954237787456619,0.81957832770782402,3.5949833257831187e-05
2885,0.66187086917716664,0.66182953969929048,4.1329477876161924e-05
2886,-0.38377292268404112,-0.38373218515166102,4.0737532380097363e-05
2887,0.098064443219017416,0.098027492482291603,3.6950736725813171e-05
2888,0.26906283219901678,0.2690963861745081,3.3553975491318333e-05
2889,-0.61246859828463218,-0.6125008024964349,3.2204211802722149e-05
2890,-0.38524449485727508,-0.38521085632810481,3.3638529170265663e-05
2891,-0.37191104276030901,-0.37194939092447327,3.8348164164259124e-05
2892,-0.70331786513947536,-0.70327547690808512,4.2388231390244613e-05
2893,0.030499060460349316,0.030458660076863885,4.0400383485430374e-05
2894,-0.19835252228929812,-0.19831843205466118,3.409023463693539e-05
2895,-0.81623708833825537,-0.81626811074326733,3.1022405011960075e-05
2896,0.094080723590883666,0.094113812157906707,3.3088567023040194e-05
2897,0.14546442171176197,0.14542531830885794,3.910340290402825e-05
2898,-0.53993579490804733,-0.53989344907500403,4.2345833043300196e-05
2899,-0.16628419420834697,-0.16632431697948621,4.0122771139239344e-05
2900,-0.42269760194336281,-0.42266181794266172,3.5784000701089003e-05
2901,-0.71379401609011051,-0.71382711189944981,3.3095809339300786e-05
2902,-0.12783865428115518,-0.12780544447373027,3.3209807424910975e-05
2903,-0.77401313460651366,-0.77404959778395022,3.646317743655203e-05
2904,-1.2192859500656987,-1.2192447027917082,4.1247273990574485e-05
2905,-0.23706768379322454,-0.23711067403465019,4.299024142565e-05
2906,-0.3915784280080683,-0.39153952164046868,3.8906367599622627e-05
2907,-0.71769985938592618,-0.71773166083565465,3.1801449728474651e-05
2908,-0.03600611712305421,-0.035974623523660425,3.1493599393785099e-05
2909,-0.16306882868271988,-0.16310682017276448,3.7991490044603227e-05
2910,0.0605688512146614,0.060610819646978599,4.1968432317199267e-05
2911,0.80374286201831402,0.803701558092346,4.1303925968017019e-05
2912,0.11098751658427439,0.11102644101223728,3.8924427962896968e-05
2913,0.041709017953303971,0.041672957053283104,3.6060900020867814e-05
2914,0.92829563027436635,0.92832890948843838,3.3279214072035046e-05
2915,0.36950181470710164,0.36946834074157725,3.3473965524388749e-05
2916,0.044205880904268365,0.044246017857684804,4.0136953416439192e-05
2917,0.42861453420497836,0.42856921865435382,4.5315550624536183e-05
2918,-0.053814677106653545,-0.053773166449339597,4.1510657313947874e-05
2919,0.20992468694471975,0.20989073661735383,3.3950327365916966e-05
2920,0.6568750670130068,0.65690801630754148,3.2949294534678764e-05
2921,-0.17232040077580824,-0.1723566420124017,3.6241236593459458e-05
2922,0.15898026264712381,0.15902007851660394,3.9815869480125388e-05
2923,1.0238858724537656,1.0238440137665026,4.1858687263029992e-05
2924,0.45319129816819753,0.45323360521973416,4.2307051536627505e-05
2925,0.51636489803317154,0.51632549532651129,3.9402706660252029e-05
2926,0.87357759958517223,0.8736110375204188,3.3437935246571904e-05
2927,0.36825973016615116,0.36822707403394617,3.2656132204988975e-05
2928,0.7520253809921249,0.75206435309200115,3.8972099876244393e-05
2929,0.75988525435806054,0.75984082051064106,4.4433847419478312e-05
2930,-0.33180905345022893,-0.33176568007102636,4.3373379202571449e-05
2931,0.0065984167267588,0.0065598507792771757,3.8565947481624362e-05
2932,0.33436373267264896,0.33439842868836644,3.4696015717483597e-05
2933,-0.55813980783900763,-0.5581744361633445,3.4628324336871685e-05
2934,-0.44003133531196686,-0.43999333351734676,3.800179462010167e-05
2935,-0.32161372963332258,-0.32165562733600006,4.1897702677484716e-05
2936,-0.72354811974363609,-0.72350406496650976,4.405477712632333e-05
2937,-0.040377587982146954,-0.040419447776883506,4.1859794736552602e-05
2938,-0.10463491007792393,-0.10459865984585684,3.6250232067089327e-05
2939,-0.82944685428123888,-0.82948055232094775,3.369803970887375e-05
2940,-0.0076487692913490921,-0.0076128324554749424,3.5936835874149711e-05
2941,0.22038051710356463,0.22033798936348303,4.2527740081593768e-05
2942,-0.5217077893276062,-0.52166202346176083,4.576586584537079e-05
2943,-0.20769169113696664,-0.20773381370749916,4.2122570532515669e-05
2944,-0.35245356761841512,-0.35241710148772243,3.6466130692691667e-05
2945,-0.74680531120510252,-0.74684062281055696,3.5311605454446671e-05
2946,-0.15636969838973216,-0.15633256399324402,3.7134396488142096e-05
2947,-0.65995062068528865,-0.65999086093376291,4.0240248474265883e-05
2948,-1.2657435500599281,-1.2656997703966439,4.3779663284171377e-05
2949,-0.31840158622491865,-0.31844638852146351,4.4802296544854681e-05
2950,-0.31645901208357335,-0.3164181148512048,4.0897232368553027e-05
2951,-0.75116929005040078,-0.75120329084711079,3.4000796710009773e-05
2952,-0.086737913052220825,-0.086703919790936973,3.3993261283851717e-05
2953,-0.12424492348428672,-0.12428653143074338,4.1607946456662104e-05
2954,-0.023479090362167467,-0.02343318726149584,4.5903100671627201e-05
2955,0.78710593699334763,0.78706220582772501,4.3731165622618029e-05
2956,0.20708543724381639,0.2071253830516539,3.9945807837504788e-05
2957,-0.038330560107898516,-0.038368302802173529,3.7742694275012811e-05
2958,0.89007250631979118,0.89010903940937869,3.6533089587509338e-05
2959,0.46510738150412506,0.46506984411044738,3.7537393677677944e-05
2960,0.010848386947898202,0.01089165129830851,4.3264350410307864e-05
2961,0.42786322551831868,0.42781568916931401,4.7536349004673184e-05
2962,-0.0039148217723460636,-0.0038711003934773294,4.3721378868734166e-05
2963,0.12763152751001905,0.12759569580270749,3.5831707311556604e-05
2964,0.68324639043709512,0.6832815409103935,3.5150473298384277e-05
2965,-0.097889131145792244,-0.097928662385946219,3.9531240153975467e-05
2966,0.046144422116500022,0.046188401158625415,4.3979042125392998e-05
2967,1.0076198898805997,1.0075747405522248,4.5149328374849418e-05
2968,0.52195059662748922,0.52199438729124448,4.3790663755260972e-05
2969,0.45402756423817309,0.45398707346238082,4.0490775792267897e-05
2970,0.89206329844479215,0.89209971771799301,3.641927320086058e-05
2971,0.40083750729675111,0.4008009741119728,3.6533184778309025e-05
2972,0.68018593877641031,0.68022821325613447,4.2274479724158098e-05
2973,0.84183627076640311,0.84178895613817262,4.7314628230488154e-05
2974,-0.25960649909110534,-0.25956053970660342,4.5959384501914613e-05
2975,-0.085432955642973235,-0.085473563722901547,4.0608079928311502e-05
2976,0.38232145025379383,0.38235784258602512,3.6392332231294233e-05
2977,-0.48847582438500264,-0.48851309807678522,3.7273691782579998e-05
2978,-0.4957838093546858,-0.49574130438561059,4.2504969075207732e-05
2979,-0.28007501173791327,-0.2801208221772517,4.5810439338433984e-05
2980,-0.72742458034431934,-0.72737868740582945,4.5892938489888735e-05
2981,-0.12147041515806167,-0.12151360650414571,4.319134608403441e-05
2982,-0.02089244150280389,-0.020853671150923039,3.8770351880851317e-05
2983,-0.82066573855211711,-0.82070277564582805,3.7037093710945435e-05
2984,-0.11809530438600993,-0.11805598144261312,3.9322943396813415e-05
2985,0.28211509125142648,0.28206920382813372,4.5887423292756413e-05
2986,-0.4872692824075433,-0.48722026905372745,4.9013353815852145e-05
2987,-0.25661767674826824,-0.2566621396307337,4.4462882465456932e-05
2988,-0.28648079082196948,-0.28644313058487963,3.7660237089842674e-05
2989,-0.76459878341835097,-0.76463649441761639,3.7710999265416767e-05
2990,-0.20041609945722411,-0.20037475040879416,4.1349048429950575e-05
2991,-0.5480751843498245,-0.5481196624343293,4.4478084504806503e-05
2992,-1.2904458468099753,-1.2903993891565131,4.6457653462228521e-05
2993,-0.41385472813905072,-0.41390123963277181,4.6511493721090869e-05
2994,-0.2470397614841166,-0.24699679795747842,4.2963526638184479e-05
2995,-0.76839647857584592,-0.76843340981614894,3.6931240303017532e-05
2996,-0.14888889422216192,-0.14885168950356631,3.7204718595612585e-05
2997,-0.083730564492089918,-0.08377578896824564,4.5224476155722448e-05
2998,-0.096010970266752912,-0.095961228016772482,4.9742249980430642e-05
2999,0.75076900716983774,0.75072258147790694,4.6425691930807034e-05
3000,0.30774027554316613,0.30778163605118103,4.1360508014898212e-05
3001,-0.10159622894189807,-0.10163592826591507,3.9699324016997939e-05
3002,0.83241091757297114,0.83245096701504218,4.0049442071032892e-05
3003,0.56135280528882336,0.56131062785014818,4.2177438675183865e-05
3004,-0.0097340512824219284,-0.0096873836245979037,4.6667657824024655e-05
3005,0.41344360681263809,0.41339405362834603,4.9553184292061569e-05
3006,0.05399305266519254,0.054038952943319396,4.5900278126856375e-05
3007,0.052373441112440966,0.052335017719659455,3.8423392781511412e-05
3008,0.69007548398627838,0.6901134960237072,3.8012037428813983e-05
3009,-0.010734897405712311,-0.010777944553249803,4.3047147537491823e-05
3010,-0.055336401543660235,-0.055288280773982873,4.812076967736223e-05
3011,0.97059858708003244,0.97054991861986362,4.8668460168821426e-05
3012,0.59790881221081449,0.59795448215011426,4.5669939299775031e-05
3013,0.39903334609245034,0.3989916200765507,4.172601589963465e-05
3014,0.89608992305713164,0.89612963207055507,3.9709013423427919e-05
3015,0.44520096211811921,0.44515988567742698,4.1076440692233707e-05
3016,0.6078555069047048,0.6079014770226111,4.5970117906302121e-05
3017,0.90545440121790233,0.90540435702004274,5.0044197859588913e-05
3018,-0.16940214874769582,-0.16935366257714982,4.8486170546008234e-05
3019,-0.17364526913111181,-0.173688365718661,4.3096587549196208e-05
3020,0.41111635991623885,0.41115515254010604,3.8792623867189846e-05
3021,-0.40554113659847696,-0.40558144391245321,4.0307313976251091e-05
3022,-0.5490948710192276,-0.54904784294583675,4.7028073390853464e-05
3023,-0.2494882052891953,-0.24953826104107882,5.005575188352096e-05
3024,-0.71555663297506455,-0.71550853763612587,4.8095338938680676e-05
3025,-0.20916667325983876,-0.20921120679742983,4.4533537591068262e-05
3026,0.049456696307215185,0.049498325279698704,4.1628972483519211e-05
3027,-0.79055510921517425,-0.79059611428105658,4.1005065882337988e-05
3028,-0.2330914810639666,-0.23304815674644919,4.3324317517412503e-05
3029,0.32766928778625298,0.32762002313325689,4.9264652996094949e-05
3030,-0.43731872877536704,-0.43726667592542773,5.2052849939310253e-05
3031,-0.31003846620203462,-0.31008557021435779,4.7104012323162525e-05
3032,-0.22781614328443459,-0.22777655363943181,3.958964500277995e-05
3033,-0.76642416539159208,-0.76646462356559775,4.0458174005664205e-05
3034,-0.25719850033724656,-0.25715270843052329,4.5791906723269271e-05
3035,-0.44257764319353038,-0.44262673062596319,4.9087432432814992e-05
3036,-1.2924490219554048,-1.2923996135358506,4.9408419554142213e-05
3037,-0.52008293485098811,-0.52013122785297783,4.8293001989718753e-05
3038,-0.18705857352728633,-0.18701342746574987,4.5146061536466275e-05
3039,-0.76863268245006766,-0.76867323561117273,4.0553161105072455e-05
3040,-0.22023633137583135,-0.220195107513768,4.1223862063344274e-05
3041,-0.044856869326290343,-0.044905802584248089,4.8933257957746445e-05
3042,-0.15491165960491898,-0.15485825765504829,5.3401949870690579e-05
3043,0.69632030306496762,0.69627093318240518,4.9369882562433354e-05
3044,0.40861069724094595,0.40865405644439834,4.3359203452386641e-05
3045,-0.14564246407963316,-0.14568453077859456,4.2066698961396032e-05
3046,0.75737899814901721,0.75742282816946271,4.3830020445501106e-05
3047,0.65426776440158951,0.65422050532101672,4.7259080572792378e-05
3048,-0.015567136567582398,-0.015516688395969837,5.044817161256078e-05
3049,0.38635727186167407,0.38630569678106874,5.1575080605326118e-05
3050,0.11673290860778265,0.11678097298891971,4.8064381137052914e-05
3051,-0.012714494514611735,-0.012756221154987299,4.172664037556395e-05
3052,0.67745728837729025,0.67749893414252427,4.1645765234021859e-05
3053,0.085243065559342315,0.085196182528365694,4.6883030976621609e-05
3054,-0.14182214014962086,-0.14176993845319402,5.2201696426834587e-05
3055,0.91341157098461323,0.91335921686372346,5.2354120889774869e-05
3056,0.67750793939475162,0.67755598336324108,4.8043968489452915e-05
3057,0.35432452780495671,0.35428114940845029,4.3378396506421613e-05
3058,0.8853541694408692,0.88539740349361185,4.3234052742646689e-05
3059,0.49888305959070378,0.49883688172610752,4.6177864596264051e-05
3060,0.53876237414491512,0.53881253720865518,5.0163063740060743e-05
3061,0.94926795674202502,0.94921519319977221,5.2763542252809437e-05
3062,-0.064161758715187853,-0.064110763284856848,5.0995430331005065e-05
3063,-0.25377463491004687,-0.25382067355573318,4.6038645686308222e-05
3064,0.41973324756229685,0.41977525630902052,4.2008746723665169e-05
3065,-0.31205480341347269,-0.31209870796149569,4.3904548022999368e-05
3066,-0.59658286242881831,-0.59653132545086029,5.1536977958011043e-05
3067,-0.23143475429398308,-0.2314892683318881,5.4514037905017965e-05
3068,-0.68928631977121169,-0.68923557057506513,5.0749196146560038e-05
3069,-0.29964303446984147,-0.29968916183346989,4.6127363628412077e-05
3070,0.1036100289862861,0.1036548509714063,4.4821985120194197e-05
3071,-0.74065350881682313,-0.74069905709647532,4.5548279652196655e-05
3072,-0.3482544702189817,-0.34820649311706653,4.7977101915175346e-05
3073,0.35466633204545106,0.3546135435318295,5.2788513621560007e-05
3074,-0.37333082649152355,-0.37327589723929805,5.4929252225499603e-05
3075,-0.36466022109570811,-0.36471023807456943,5.0016978861311401e-05
3076,-0.17909541870546475,-0.17905299797865365,4.2420726811098763e-05
3077,-0.752312377182486,-0.75235613242238353,4.3755239897524945e-05
3078,-0.32343656732095266,-0.32338613844034442,5.0428880608244242e-05
3079,-0.34730590051053883,-0.34735983040560647,5.3929895067639233e-05
3080,-1.2717147914542524,-1.2716620298875121,5.2761566740278099e-05
3081,-0.6332265409756106,-0.63327690087759025,5.0359901979657451e-05
3082,-0.1399017274285701,-0.13985418303047778,4.7544398092319584e-05
3083,-0.75191344838688967,-0.75195824014404034,4.4791757150663969e-05
3084,-0.29803908741927504,-0.29799300436506737,4.608305420766845e-05
3085,-0.010829858215431271,-0.010882736105877653,5.2877890446381345e-05
3086,-0.19877793252983275,-0.19872105221130482,5.6880318527935403e-05
3087,0.62607354609842791,0.62602099271272227,5.2553385705644828e-05
3088,0.50537595383695744,0.50542204763536658,4.6093798409141407e-05
3089,-0.16882862164541171,-0.16887364856121337,4.5026915801660294e-05
3090,0.66778854556841083,0.66783649870390516,4.7953135494327448e-05
3091,0.73992128410509539,0.73986868829877395,5.2595806321442673e-05
3092,-0.0053504546769251541,-0.0052957546700019963,5.4700006923157768e-05
3093,0.34829120787584278,0.34823734624065616,5.386163518661391e-05
3094,0.18095516439638407,0.18100546712954446,5.0302733160395574e-05
3095,-0.065032707182702293,-0.065078403174702787,4.5695992000494012e-05
3096,0.64633277476185602,0.64637890096306438,4.6126201208362971e-05
3097,0.18583367370503037,0.18578251886995137,5.1154835079003647e-05
3098,-0.21026862227062948,-0.21021237147169369,5.6250798935786328e-05
3099,0.83751116702032691,0.83745500415085483,5.616286947207616e-05
3100,0.75691682794477266,0.75696781163162652,5.0983686853856014e-05
3101,0.32237867756944105,0.32233295979696114,4.5717772479914043e-05
3102,0.86029992724919135,0.86034695349944657,4.7026250255211011e-05
3103,0.55897076311628369,0.55891903580217439,5.1727314109295541e-05
3104,0.47636331694827494,0.47641825281151701,5.4935863242067118e-05
3105,0.97265511729077458,0.97259944774324281,5.5669547531778107e-05
3106,0.052548003975114541,0.05260159293217806,5.358895706351896e-05
3107,-0.32186043516673557,-0.32190988091299538,4.9445746259813017e-05
3108,0.40801613077946519,0.40806224104236316,4.6110262897969267e-05
3109,-0.21127683644212031,-0.21132506327743827,4.822683531796601e-05
3110,-0.63505775845723644,-0.63500168426749093,5.6074189745514147e-05
3111,-0.22680592302295383,-0.22686499175745475,5.9068734500927755e-05
3112,-0.65061267918478816,-0.6505587558567193,5.3923328068861132e-05
3113,-0.38904054562508711,-0.38908884377867664,4.8298153589532156e-05
3114,0.13949471180202697,0.13954309039870758,4.8378596680609398e-05
3115,-0.67330813404673773,-0.67335875111201127,5.0617065273539374e-05
3116,-0.45917098456666028,-0.45911770500268767,5.3279563972608024e-05
3117,0.36146623518007132,0.36140961087960649,5.6624300464824806e-05
3118,-0.29750167645378583,-0.2974439009357801,5.7775518005731552e-05
3119,-0.41707931194821907,-0.41713251952658553,5.3207578366465391e-05
3120,-0.14242515175152812,-0.14237890142768128,4.6250323846835917e-05
3121,-0.72306261532076466,-0.72311042505514145,4.7809734376791369e-05
3122,-0.3955046885007546,-0.39544940870420059,5.5279796554008609e-05
3123,-0.26560461171224681,-0.26566353189271691,5.8920180470101169e-05
3124,-1.2291110422068936,-1.229054445870422,5.6596336471592679e-05
3125,-0.74907137319719508,-0.74912430954588072,5.2936348685639345e-05
3126,-0.10844641500505708,-0.10839609062772192,5.0324377335167481e-05
3127,-0.7190698111975804,-0.71911937776907364,4.9566571493242506e-05
3128,-0.37916813109129899,-0.37911637264805087,5.1758443248117736e-05
3129,0.015428184199436227,0.015370944303657191,5.7239895779036612e-05
3130,-0.2269711745666565,-0.22691090195690367,6.0272609752831663e-05
3131,0.54295451906840431,0.54289852606797662,5.5993000427689843e-05
3132,0.59391982644442265,0.59396950113323255,4.967468880989756e-05
3133,-0.170388907216693,-0.17043767766260484,4.8770445911838767e-05
3134,0.56708072653403774,0.56713325993407893,5.2533400041188116e-05
3135,0.81459897296461548,0.8145408750087505,5.8097955864977457e-05
3136,0.02146790263591436,0.021527393501164876,5.9490865250515917e-05
3137,0.30153675980183775,0.30148009044702534,5.6669354812410866e-05
3138,0.24330203284439636,0.24335481530794906,5.2782463552697445e-05
3139,-0.10262829611011316,-0.10267856357038861,5.0267460275449372e-05
3140,0.5984349526818058,0.59848644539017248,5.1492708366684958e-05
3141,0.28669557518176453,0.28663958253999844,5.5992641766089424e-05
3142,-0.25835688796836004,-0.25829651457971248,6.0373388647561033e-05
3143,0.74516040163090491,0.74510030489523515,6.0096735669756818e-05
3144,0.83220191820716582,0.83225646876918435,5.4550562018529369e-05
3145,0.30508225597377386,0.30503326626031552,4.8989713458347239e-05
3146,0.82209872200732914,0.82214999062872141,5.126862139226418e-05
3147,0.6222519558929106,0.6221943080507899,5.764784212070051e-05
3148,0.42368971602980132,0.42375001951904057,6.0303489239244001e-05
3149,0.97585802357906792,0.97579902667959906,5.8996899468866104e-05
3150,0.17671304468927151,0.17676947745455876,5.643276528724539e-05
3151,-0.37441551808658641,-0.37446887137635626,5.3353289769852985e-05
3152,0.37668542340863842,0.37673655369107811,5.1130282439693087e-05
3153,-0.10686834344972586,-0.10692175083181897,5.3407382093112465e-05
3154,-0.66167973998916463,-0.66161897532616309,6.0764663001533492e-05
3155,-0.23575791839857102,-0.23582158001664244,6.3661618071420012e-05
3156,-0.60208572434223473,-0.60202804456095438,5.7679781280350895e-05
3157,-0.47363925439471483,-0.47369058698239297,5.1332587678143415e-05
3158,0.15584837509683347,0.155900809061395,5.2433964561532376e-05
3159,-0.59157149775510742,-0.591627709615558,5.621186045057236e-05
3160,-0.56158436676841461,-0.56152516877430247,5.9197994112136776e-05
3161,0.34724880687377868,0.34718784564234195,6.0961231436729157e-05
3162,-0.21265977792500021,-0.21259896770829681,6.08102167033997e-05
3163,-0.46394906289896543,-0.46400580095258043,5.6738053615001949e-05
3164,-0.1192802106842159,-0.1192291008042677,5.110987994820515e-05
3165,-0.68019354883277761,-0.68024636427229446,5.2815439516851193e-05
3166,-0.46960141466355659,-0.46954098240977776,6.0432253778830436e-05
3167,-0.20017822449495845,-0.20024225721028618,6.4032715327733136e-05
3168,-1.1663734147117142,-1.1663124576307302,6.0957080983969902e-05
3169,-0.86322615656503254,-0.86328239450529864,5.6237940266101738e-05
3170,-0.094924487083804313,-0.094870750795831321,5.3736287972991348e-05
3171,-0.67170248509793529,-0.67175731389399529,5.482879606000246e-05
3172,-0.46025647474183135,-0.46019828293181619,5.819181001515128e-05
3173,0.031423095242016412,0.03136087234217385,6.222289984256224e-05
3174,-0.23963390298012593,-0.23957012818256782,6.3774797558119323e-05
3175,0.45036156768475166,0.45030181453960266,5.9753145148999653e-05
3176,0.67050444775268359,0.67055862417420342,5.4176421519835927e-05
3177,-0.15046446627993376,-0.15051795035393606,5.3484074002296822e-05
3178,0.45918341571498622,0.45924113741651884,5.7721701532620351e-05
3179,0.8749723475452873,0.87490857467716387,6.3772868123423976e-05
3180,0.064651155047091957,0.064715944752419569,6.4789705327611413e-05
3181,0.24887909022613169,0.24881889900591739,6.0191220214306229e-05
3182,0.30057227038044726,0.30062805155295419,5.5781172506930154e-05
3183,-0.12427509450107639,-0.12433049176337019,5.539726229379649e-05
3184,0.53620019439661981,0.53625795598104775,5.7761584427939994e-05
3185,0.38354331753860499,0.3834817817736722,6.1535764932785231e-05
3186,-0.28459130359030232,-0.28452655104226982,6.4752548032509516e-05
3187,0.63934487828923381,0.63928065074116136,6.422754807244857e-05
3188,0.89950466620592007,0.89956348070281267,5.8814496892600765e-05
3189,0.30363095761457148,0.30357755188959268,5.340572497880558e-05
3190,0.77259514992587774,0.77265135861397793,5.6208688100189974e-05
3191,0.68537558732986081,0.68531168220125704,6.3905128603769512e-05
3192,0.38321498191940218,0.3832811958945837,6.6213975181528273e-05
3193,0.9599585488485588,0.9598955538522943,6.2994996264498226e-05
3194,0.30404402388363144,0.30410378359338197,5.9759709750528689e-05
3195,-0.40857631269582473,-0.40863415474956699,5.7842053742263033e-05
3196,0.32731644216730654,0.32737352468390896,5.7082516602413591e-05
3197,-0.0027316337741628053,-0.0027911823568437686,5.9548582680963354e-05
3198,-0.67410258875501539,-0.67403677424216091,6.581451285447848e-05
3199,-0.25770254733159581,-0.25777087628893386,6.8328957338048557e-05
3200,-0.54667525588765709,-0.54661316648157876,6.2089406078325027e-05
3201,-0.55002433492241198,-0.55007982456568472,5.5489643272732536e-05
3202,0.15226364233600501,0.15232086591072783,5.7223574722820025e-05
3203,-0.49906796879152571,-0.49913033973676274,6.237094523703357e-05
3204,-0.65157553208505492,-0.65150987357371815,6.5658511336774694e-05
3205,0.31206103746656777,0.31199503300427278,6.6004462294988464e-05
3206,-0.12214669313913079,-0.12208236589855166,6.4327240579128975e-05
3207,-0.50214506299241857,-0.50220580829431827,6.0745301899700621e-05
3208,-0.110431972722835,-0.11037498485240416,5.6987870430846854e-05
3209,-0.62586112004363126,-0.62592006253399091,5.8942490359648048e-05
3210,-0.54192486546199148,-0.54185881622995369,6.604923203779034e-05
3211,-0.1529832145594926,-0.15305254308532343,6.9328525830830712e-05
3212,-1.0860295293085296,-1.0859636271823043,6.5902126225259039e-05
3213,-0.97130854493609553,-0.97136902345114862,6.0478515053086213e-05
3214,-0.1008136317717592,-0.1007555702067143,5.80615650448979e-05
3215,-0.61211992985436703,-0.61218056838449575,6.0638530128720447e-05
3216,-0.53786154352627069,-0.53779621413828205,6.5329387988644072e-05
3217,0.035212188355377899,0.035144150572166355,6.8037783211544189e-05
3218,-0.23766958498102436,-0.23760190764639086,6.7677334633503561e-05
3219,0.35200651968521895,0.35194255347256953,6.3966212649424481e-05
3220,0.73192636594212512,0.73198602262709789,5.9656684972764218e-05
3221,-0.11009621649288757,-0.11015556328003472,5.9346787147140923e-05
3222,0.34834640967875863,0.34841011230143853,6.3702622679906451e-05
3223,0.91825266053068788,0.91818293983809962,6.9720692588259858e-05
3224,0.1231699798023298,0.12324055510228149,7.0575299951691761e-05
3225,0.19346240117775282,0.19339778063094468,6.4620546808141777e-05
3226,0.34987765805963839,0.34993733187359982,5.9673813961436117e-05
3227,-0.12951915176076637,-0.12958027916412843,6.1127403362060129e-05
3228,0.46264911432211436,0.46271406194297443,6.4947620860067445e-05
3229,0.47232987197321635,0.47226193830362073,6.7933669595621193e-05
3230,-0.28836214675972771,-0.28829250065529871,6.9646104428999767e-05
3231,0.52365227334753972,0.52358355538815016,6.871795938956371e-05
3232,0.95521762943498634,0.95528150645609611,6.387702110977056e-05
3233,0.31846160283685304,0.31840246391110794,5.9138925745105819e-05
3234,0.71421963695810453,0.7142817670370144,6.2130078909872211e-05
3235,0.74501753205644672,0.74494698079321964,7.0551263227081051e-05
3236,0.35674915541079971,0.35682180192120083,7.2646510401119802e-05
3237,0.9268170866068417,0.92674920204265254,6.7884564189157892e-05
3238,0.43015958318120406,0.43022347000574007,6.3886824536008024e-05
3239,-0.4222262199466566,-0.42228928870470911,6.3068758052509111e-05
3240,0.26227998817975917,0.2623439779023507,6.3989722591528686e-05
3241,0.097162563867113735,0.097095829734909461,6.6734132204274155e-05
3242,-0.67059509635187198,-0.67052359110050819,7.1505251363790379e-05
3243,-0.29133386360169172,-0.29140709373348961,7.3230131797885623e-05
3244,-0.48762077884775923,-0.4875535219777738,6.7256869985432566e-05
3245,-0.61523635350051253,-0.61529734836306438,6.0994862551844164e-05
3246,0.12919454129286184,0.12925757671509985,6.3035422238011396e-05
3247,-0.39983604934207884,-0.39990523863722971,6.9189295150873242e-05
3248,-0.72572992942907921,-0.72565725138244963,7.2678046629581772e-05
3249,0.2568264686693032,0.25675452048389658,7.1948185406622844e-05
3250,-0.029672623076590382,-0.029603943445737448,6.8679630852934437e-05
3251,-0.52892126876665213,-0.52898672516109102,6.5456394438889731e-05
3252,-0.1159104604538545,-0.11584659013004582,6.387032380868185e-05
3253,-0.56274697266148987,-0.56281331381276145,6.6341151271576138e-05
3254,-0.60884608959843922,-0.6087737158953368,7.2373703102424081e-05
3255,-0.12515414804765729,-0.12522912733953845,7.4979291881160925e-05
3256,-0.99128919530465487,-0.99121766100548692,7.1534299167952398e-05
3257,-1.0691316154804111,-1.0691974949802565,6.587949984537822e-05
3258,-0.12676118736379899,-0.12669758093872946,6.360642506952896e-05
3259,-0.54324293644176735,-0.5433101533171395,6.7216875372144713e-05
3260,-0.60863237550266902,-0.60855920538706265,7.3170115606369102e-05
3261,0.025500747303742629,0.025425890135717825,7.4857168024803494e-05
3262,-0.22268693427565969,-0.2226145802491373,7.235402652239209e-05
3263,0.25174336114866513,0.251674507734716,6.885341394913258e-05
3264,0.77564803859708664,0.77571422799249923,6.6189395412585839e-05
3265,-0.051178766138144483,-0.051245303127187274,6.6536989042791095e-05
3266,0.23896171461297466,0.23903241275163697,7.0698138662311782e-05
3267,0.94232219255466076,0.94224603997614098,7.6152578519783631e-05
3268,0.19523566156153527,0.19531256196136021,7.690039982494179e-05
3269,0.13863702520323043,0.13856685926798235,7.0165935248084343e-05
3270,0.38878388682930703,0.38884874080695569,6.4853977648660077e-05
3271,-0.11868777680319088,-0.11875545690676856,6.7680103577674733e-05
3272,0.38124260584806596,0.38131569027513207,7.3084427066105739e-05
3273,0.54941746734559938,0.54934211667073152,7.5350674867857848e-05
3274,-0.26996991035006368,-0.26989452689826798,7.5383451795696388e-05
3275,0.40212464137181192,0.40205080133767473,7.3840034137184762e-05
3276,0.99615120970397142,0.9962211101213182,6.9900417346779875e-05
3277,0.34921898038494398,0.3491526419060742,6.6338478869776285e-05
3278,0.64987261129883811,0.64994195367501628,6.9342376178171961e-05
3279,0.79804429819418632,0.79796654019129809,7.7758002888228539e-05
3280,0.34536546856307304,0.34544512963020862,7.9661067135583519e-05
3281,0.87897745363998692,0.87890356759255761,7.3886047429305712e-05
3282,0.55077255135628356,0.55084175035415128,6.9198997867725431e-05
3283,-0.4140868146988777,-0.41415613271248797,6.9318013610264462e-05
3284,0.18464745161904519,0.18471936611181652,7.1914492771329996e-05
3285,0.18895299394498868,0.18887793567699224,7.5058267996447325e-05
3286,-0.65013467246035961,-0.65005648382239001,7.8188637969600627e-05
3287,-0.33468959242264468,-0.33476826136903198,7.8668946387305816e-05
3288,-0.42826964142630097,-0.42819628785302555,7.3353573275425354e-05
3289,-0.66689889475954822,-0.66696694685003344,6.8052090485215544e-05
3290,0.08792470106774701,0.087994906873187256,7.0205805440246016e-05
3291,-0.29815341635192877,-0.29823027495508292,7.6858603154150718e-05
3292,-0.78128289397559081,-0.78120251213399927,8.038184159153694e-05
3293,0.18331591251220625,0.18323696364315559,7.894886905066012e-05
3294,0.060846695140390129,0.060920948770880924,7.4253630490794809e-05
3295,-0.54204951372596288,-0.54212072675137279,7.1213025409910813e-05
3296,-0.13500223305973849,-0.13493043263101812,7.1800428720375509e-05
3297,-0.49392287451491279,-0.49399803804784193,7.5163532929134469e-05
3298,-0.66707250214198166,-0.66699276763555926,7.9734506422401985e-05
3299,-0.1169666458673102,-0.11704793473872824,8.1288871418033759e-05
3300,-0.88590552499647568,-0.8858274855779068,7.8039418568875973e-05
3301,-1.1528825990142357,-1.1529552887524723,7.2689738236597634e-05
3302,-0.17254419113548122,-0.1724734830982938,7.0708037187422468e-05
3303,-0.46847994433648932,-0.4685548378128695,7.4893476380177848e-05
3304,-0.66947379620511316,-0.66939198738664918,8.1808818463979804e-05
3305,0.0017071857984117377,0.0016243792419011762,8.280655651056153e-05
3306,-0.19691149941153974,-0.19683324742158526,7.8251989954480905e-05
3307,0.15339252882679472,0.15331777783714318,7.4750989651539701e-05
3308,0.7998990694589756,0.79997298222485558,7.3912765879979858e-05
3309,0.023622508258917686,0.023547252474545761,7.5255784371924817e-05
3310,0.13537679685572138,0.13545577987087051,7.8983015149136637e-05
3311,0.94583690348670424,0.94575349443938228,8.3409047321958418e-05
3312,0.27836896422362378,0.27845290937034772,8.3945146723940489e-05
3313,0.087795583179365325,0.087718504716889176,7.7078462476148912e-05
3314,0.41542908829320774,0.41550083170429952,7.1743411091784726e-05
3315,-0.092862118927166573,-0.092937552241505766,7.5433314339193314e-05
3316,0.29571969675197651,0.29580196717919693,8.2270427220421105e-05
3317,0.61172922473678959,0.61164526062732905,8.3964109460543668e-05
3318,-0.23061026942560972,-0.23052790668541204,8.2362740197683415e-05
3319,0.27908995341947523,0.27900995788785554,7.9995531619692084e-05
3320,1.019683432429044,1.01976057780892,7.7145379876020215e-05
3321,0.39475943389404766,0.39468426623158637,7.5167662461295137e-05
3322,0.58278548177941303,0.58286366942779844,7.8187648385408259e-05
3323,0.84166689036131381,0.84158104136282064,8.5848998493176509e-05
3324,0.34936196798590607,0.34944942166995507,8.7453684048999225e-05
3325,0.81954237787436235,0.81946110913841963,8.1268735942718884e-05
3326,0.66187086917663296,0.66194701114823618,7.6141971603216341e-05
3327,-0.38377292268409752,-0.38384991047526607,7.6987791168547925e-05
3328,0.098064443219614703,0.098145472680440174,8.1029460825471356e-05
3329,0.26906283219917759,0.26897815009547527,8.4682103702327094e-05
3330,-0.61246859828449052,-0.61238230952230666,8.62887621838615e-05
3331,-0.38524449485742263,-0.38532960721725734,8.5112359834715878e-05
3332,-0.37191104276041403,-0.37183038109357036,8.0661666843673263e-05
3333,-0.70331786513948191,-0.70339474671490643,7.6881575424514459e-05
3334,0.030499060460555581,0.030578190900376626,7.913043982104434e-05
3335,-0.19835252228920222,-0.19843822494199437,8.5702652792146727e-05
3336,-0.81623708833818798,-0.81614805473700924,8.9033601178734045e-05
3337,0.094080723590695359,0.093993491971055082,8.7231619640276703e-05
3338,0.14546442171162197,0.14554590374470122,8.1482033079255389e-05
3339,-0.53993579490844124,-0.54001430083670976,7.8505928268524094e-05
3340,-0.16628419420843873,-0.16620319780953255,8.0996398906185707e-05
3341,-0.42269760194320294,-0.42278320561189631,8.5603668693368107e-05
3342,-0.71379401609016824,-0.71370545463270418,8.8561457464053639e-05
3343,-0.12783865428123042,-0.12792737244355362,8.8718162323198069e-05
3344,-0.77401313460683741,-0.77392739799850441,8.573660833299801e-05
3345,-1.219285950066112,-1.2193671755146034,8.1225448491428764e-05
3346,-0.23706768379331325,-0.2369879272471683,7.9756546144948981e-05
3347,-0.39157842800809434,-0.39166254362928593,8.4115621191593881e-05
3348,-0.71769985938601499,-0.71760836250176896,9.1496884246033972e-05
3349,-0.036006117122923259,-0.036098199354552565,9.2082231629306288e-05
3350,-0.16306882868304087,-0.16298296568501541,8.5862998025459936e-05
3351,0.060568851214535369,0.060486685334144689,8.2165880390679125e-05
3352,0.80374286201835954,0.80382597340592021,8.3111387560674821e-05
3353,0.11098751658428727,0.11090174351366427,8.5773070622990888e-05
3354,0.041709017953712367,0.041797937929858885,8.8919976146517588e-05
3355,0.92829563027443973,0.92820364403387479,9.1986240564945199e-05
3356,0.36950181470705645,0.36959389198397524,9.2077276918789419e-05
3357,0.044205880904429763,0.044120179609734279,8.5701294695483821e-05
3358,0.42861453420493834,0.42869534513456808,8.0810929629748784e-05
3359,-0.053814677106315455,-0.05389958239656388,8.4905290248425691e-05
3360,0.20992468694496169,0.21001744327640945,9.2756331447757523e-05
3361,0.65687506701288179,0.65678101768469421,9.4049328187573167e-05
3362,-0.17232040077578195,-0.17222935016368907,9.1050612092885563e-05
3363,0.15898026264691803,0.1588924921711051,8.7770475812931625e-05
3364,1.0238858724535733,1.0239718958881276,8.6023434554327594e-05
3365,0.45319129816819775,0.45310542603225812,8.5872135939635275e-05
3366,0.51636489803331542,0.51645397287822969,8.9074844914271978e-05
3367,0.87357759958529468,0.87348226029703102,9.533928826366278e-05
3368,0.36825973016610725,0.36835615224667601,9.6422080568758783e-05
3369,0.75202538099189764,0.75193497256282193,9.0408429075705676e-05
3370,0.75988525435803622,0.75997050469234118,8.5250334304953768e-05
3371,-0.33180905345040274,-0.33189566925206992,8.6615801667189185e-05
3372,0.0065984167268152722,0.0066901463155959878,9.1729588780715618e-05
3373,0.33436373267284109,0.33426782543068062,9.5907242160464534e-05
3374,-0.55813980783875161,-0.55804352380729738,9.6284031454230146e-05
3375,-0.44003133531187688,-0.4401245563574358,9.3221045558922189e-05
3376,-0.32161372963353335,-0.32152409261488968,8.9637018643673461e-05
3377,-0.72354811974351008,-0.72363591297598451,8.7793232474431271e-05
3378,-0.040377587982259697,-0.040287285061486711,9.0302920772986073e-05
3379,-0.10463491007767146,-0.10473113869524754,9.6228617576077369e-05
3380,-0.82944685428112852,-0.8293477558981297,9.9098382998819012e-05
3381,-0.0076487692918419834,-0.0077459479014866687,9.7178609644685277e-05
3382,0.22038051710340872,0.22047142529232838,9.090818891965835e-05
3383,-0.52170778932787787,-0.52179578134622806,8.7992018350191437e-05
3384,-0.20769169113718663,-0.20759973238546403,9.1958751722603926e-05
3385,-0.35245356761838748,-0.3525515077421425,9.794012375502481e-05
3386,-0.74680531120524396,-0.74670589011853583,9.9421086708129103e-05
3387,-0.15636969839004311,-0.15646762464045652,9.7926250413410409e-05
3388,-0.65995062068551258,-0.65985547080369389,9.5149881818690218e-05
3389,-1.2657435500603904,-1.2658354915511887,9.1941490798275183e-05
3390,-0.31840158622487663,-0.31831033479127796,9.1251433598671383e-05
3391,-0.31645901208328975,-0.3165545027213903,9.5490638100548253e-05
3392,-0.7511692900504221,-0.7510665672599468,0.00010272279047529587
3393,-0.086737913052049059,-0.086840980683307048,0.00010306763125798868
3394,-0.12424492348441159,-0.12414913163194587,9.5791852465720861e-05
3395,-0.023479090362305111,-0.023570927580473994,9.1837218168883128e-05
3396,0.7871059369934954,0.78720028829281852,9.4351299323114368e-05
3397,0.20708543724403586,0.20698695680185333,9.8480442182524719e-05
3398,-0.038330560107626865,-0.038229531114915408,0.00010102899271145771
3399,0.89007250632004598,0.88996992062072799,0.00010258569931798078
3400,0.46510738150414727,0.46520931167944918,0.00010193017530191195
3401,0.01084838694772842,0.01075183325758515,9.655369014326988e-05
3402,0.42786322551826977,0.42795585938638464,9.2633868114866402e-05
3403,-0.0039148217723286279,-0.0040116245057746532,9.6802733446025267e-05
3404,0.12763152751025919,0.12773657554287429,0.00010504803261510154
3405,0.68324639043715107,0.6831403037965541,0.00010608664059696959
3406,-0.097889131145774022,-0.097787066137616466,0.00010206500815755637
3407,0.046144422116594523,0.046046444000846308,9.7978115748215133e-05
3408,1.0076198898803908,1.0077170604076542,9.7170527263434892e-05
3409,0.52195059662749788,0.52185170293373218,9.8893693765700341e-05
3410,0.4540275642381883,0.45413012414019654,0.00010255990200824794
3411,0.89206329844518517,0.89195629888701888,0.00010699955816628748
3412,0.40083750729680445,0.40094476294530973,0.0001072556485052778
3413,0.6801859387764766,0.6800840525574231,0.00010188621905349304
3414,0.84183627076646217,0.84193349058148093,9.7219815018756428e-05
3415,-0.25960649909128075,-0.25970544978905452,9.8950697773769747e-05
3416,-0.085432955642758074,-0.085328276091081179,0.00010467955167689502
3417,0.38232145025385922,0.38221217547891928,0.00010927477493993809
3418,-0.48847582438528014,-0.48836704955165749,0.00010877483362264906
3419,-0.495783809354573,-0.49588773628714228,0.00010392693256927599
3420,-0.28007501173823157,-0.27997400492423719,0.00010100681399438649
3421,-0.72742458034420532,-0.72752589200253992,0.00010131165833460187
3422,-0.12147041515809436,-0.12136601255519323,0.00010440260290112136
3423,-0.020892441502916817,-0.021001656477913504,0.00010921497499668739
3424,-0.82066573855202407,-0.8205543968979736,0.00011134165405046748
3425,-0.11809530438639866,-0.11820475567210197,0.00010945128570330476
3426,0.28211509125114487,0.28221837561640872,0.00010328436526385598
3427,-0.48726928240752687,-0.48736984049771531,0.00010055809018844064
3428,-0.2566176767480991,-0.25651216641703672,0.00010551033106237506
3429,-0.28648079082211453,-0.28659350770018471,0.00011271687807018482
3430,-0.76459878341837617,-0.76448571124944031,0.00011307216893585714
3431,-0.20041609945749722,-0.20052594179966685,0.00010984234216962485
3432,-0.54807518435016911,-0.5479680606331031,0.00010712371706600443
3433,-1.2904458468099345,-1.2905514035767711,0.00010555676683665638
3434,-0.41385472813888974,-0.41374881036641159,0.00010591777247814793
3435,-0.24703976148399581,-0.24714964431627046,0.00010988283227464368
3436,-0.76839647857561122,-0.76828014409758649,0.00011633447802472663
3437,-0.1488888942221302,-0.14900537686810084,0.00011648264597063918
3438,-0.083730564492012216,-0.083621677650169979,0.00010888684184223729
3439,-0.096010970266839232,-0.096115765616096249,0.00010479534925701695
3440,0.75076900716996742,0.75087754770699966,0.00010854053703224231
3441,0.30774027554333183,0.30762623882247225,0.00011403672085957828
3442,-0.10159622894168219,-0.10148009764591827,0.00011613129576391878
3443,0.83241091757320673,0.83229470059175703,0.00011621698144970161
3444,0.56135280528860887,0.56146733251194625,0.00011452722333737952
3445,-0.0097340512828891744,-0.009844528982507662,0.00011047769961848759
3446,0.41344360681250392,0.41355164216048929,0.00010803534798536907
3447,0.053993052665247974,0.053880918734114068,0.00011213393113390646
3448,0.052373441112122089,0.052493500130766216,0.00012005901864412666
3449,0.69007548398624352,0.68995456286157986,0.00012092112466366434
3450,-0.010734897406105254,-0.010618558068766571,0.00011633933733868305
3451,-0.055336401543855759,-0.055448123177870574,0.000111721634014815
3452,0.97059858707994662,0.97071021956253523,0.00011163248258860836
3453,0.59790881221076408,0.59779372002346287,0.0001150921873012134
3454,0.39903334609263535,0.3991528460568009,0.00011949996416554809
3455,0.89608992305714052,0.89596793954225717,0.00012198351488335035
3456,0.44520096211795923,0.445322047474081,0.00012108535612176397
3457,0.60785550690474477,0.60773884321125438,0.00011666369349039307
3458,0.90545440121807608,0.90556746561842338,0.00011306440034730691
3459,-0.16940214874731427,-0.16951724876050067,0.00011510001318640328
3460,-0.17364526913077941,-0.17352429912352135,0.00012097000725805329
3461,0.41111635991622181,0.41099060268146947,0.0001257572347523328
3462,-0.40554113659841939,-0.40541640790968375,0.00012472868873564247
3463,-0.54909487101915855,-0.54921336800076037,0.00011849698160182331
3464,-0.24948820528934404,-0.24937224399748842,0.00011596129185562076
3465,-0.71555663297497996,-0.71567504963364392,0.00011841665866396678
3466,-0.20916667325960325,-0.20904419685157494,0.00012247640802831583
3467,0.049456696307341494,0.049330814362612135,0.00012588194472935854
3468,-0.79055510921523209,-0.79042809933891522,0.00012700987631686367
3469,-0.23309148106427471,-0.23321667879755706,0.00012519773328234507
3470,0.32766928778611593,0.32778905540676279,0.00011976762064686008
3471,-0.43731872877544337,-0.4374362215672784,0.0001174927918350388
3472,-0.31003846620196202,-0.3099155080276258,0.00012295817433621847
3473,-0.22781614328425817,-0.22794713557945137,0.00013099229519319966
3474,-0.76642416539153713,-0.76629351863082407,0.00013064676071306014
3475,-0.25719850033711195,-0.25732433963339468,0.00012583929628273705
3476,-0.44257764319374848,-0.44245456984788906,0.00012307334585942575
3477,-1.2924490219554285,-1.2925723072301427,0.00012328527471416884
3478,-0.52008293485088897,-0.51995799786777919,0.00012493698310978019
3479,-0.18705857352723201,-0.18718719715111648,0.00012862362388446624
3480,-0.76863268244979344,-0.768498922780537,0.00013375966925643912
3481,-0.22023633137599935,-0.22036996696947148,0.00013363559347212561
3482,-0.044856869326451033,-0.044730392987341883,0.00012647633910915085
3483,-0.15491165960481937,-0.15503422094653815,0.00012256134171878541
3484,0.69632030306468329,0.6964474537583788,0.00012715069369551024
3485,0.40861069724102955,0.4084769749557241,0.00013372228530544872
3486,-0.14564246407961526,-0.14550688471140547,0.00013557936820979277
3487,0.75737899814860599,0.75724461381835362,0.0001343843302523684
3488,0.65426776440148648,0.65439929169916322,0.00013152729767673677
3489,-0.015567136567961519,-0.015696050586219763,0.00012891401825824468
3490,0.38635727186161667,0.3864856386070597,0.0001283667454430315
3491,0.11673290860774359,0.11660044766102226,0.00013246094672132724
3492,-0.012714494514842491,-0.01257510841823809,0.00013938609660440159
3493,0.67745728837719577,0.67731723004672606,0.00014005833046970562
3494,0.085243065559062053,0.085378481975033463,0.00013541641597140941
3495,-0.14182214014982999,-0.14195283728766897,0.00013069713783897541
3496,0.91341157098473502,0.91354271916570196,0.00013114818096693348
3497,0.67750793939455134,0.67737187346879069,0.00013606592576065335
3498,0.3543245278051127,0.35446587106658939,0.00014134326147668963
3499,0.88535416944090817,0.88521206585537693,0.00014210358553123914
3500,0.49888305959058654,0.4990228396083648,0.0001397800177782571
3501,0.5387623741446671,0.53862595477048936,0.00013641937417774308
3502,0.94926795674208186,0.94940240455309022,0.00013444781100835357
3503,-0.064161758714966211,-0.064298607962135781,0.00013684924716957092
3504,-0.25377463490988539,-0.25363219109508278,0.00014244381480260637
3505,0.41973324756246955,0.41958613155634755,0.00014711600612199449
3506,-0.31205480341353509,-0.31190893635558437,0.00014586705795072152
3507,-0.59658286242895497,-0.59672174852307336,0.00013888609411838448
3508,-0.23143475429418198,-0.23129818912786623,0.00013656516631574411
3509,-0.68928631977110555,-0.68942731063106832,0.00014099085996277516
3510,-0.29964303446983959,-0.29949675615088461,0.00014627831895497323
3511,0.10361002898667841,0.10346177483264478,0.00014825415403363351
3512,-0.74065350881667058,-0.74050530561405958,0.00014820320261099695
3513,-0.34825447021914585,-0.34840092488648211,0.00014645466733625989
3514,0.35466633204545156,0.35480866059020666,0.00014232854475509926
3515,-0.37333082649167409,-0.37347170464827978,0.00014087815660568381
3516,-0.36466022109555868,-0.36451373519365404,0.00014648590190463606
3517,-0.17909541870522377,-0.17925020151371387,0.0001547828084901004
3518,-0.75231237718237376,-0.75215822298771717,0.00015415419465658609
3519,-0.3234365673204958,-0.32358475908183576,0.00014819176133995526
3520,-0.34730590051070287,-0.34716049318499481,0.00014540732570805792
3521,-1.2717147914543141,-1.2718620891247081,0.00014729767039400876
3522,-0.63322654097541931,-0.63307611412036535,0.00015042685505395337
3523,-0.1399017274287955,-0.14005570287858407,0.00015397544978856814
3524,-0.75191344838676588,-0.75175598156571222,0.0001574668210536645
3525,-0.29803908741943347,-0.29819600738290486,0.00015691996347139137
3526,-0.010829858215679885,-0.010678982868968295,0.00015087534671158996
3527,-0.19877793252966494,-0.19892556151982471,0.00014762899015977049
3528,0.62607354609814903,0.62622626401798176,0.00015271791983273442
3529,0.50537595383706135,0.50521600833323921,0.00015994550382214534
3530,-0.16882862164546195,-0.16866683518670264,0.00016178645875930542
3531,0.66778854556806899,0.6676289051039328,0.00015964046413619037
3532,0.73992128410493874,0.74007706835448805,0.0001557842495493178
3533,-0.0053504546771278036,-0.0055049274932809662,0.00015447281615316253
3534,0.34829120787594636,0.34844731822319364,0.00015611034724727357
3535,0.18095516439655077,0.1807946895131621,0.00016047488338866156
3536,-0.065032707182793137,-0.064866813365312595,0.00016589381748054188
3537,0.64633277476178652,0.64616649231621703,0.00016628244556948779
3538,0.18583367370489043,0.18599575308531566,0.00016207938042522851
3539,-0.21026862227093165,-0.21042643807627273,0.0001578158053410772
3540,0.8375111670201959,0.83766991005402425,0.00015874303382834576
3541,0.7569168279449805,0.7567520594274294,0.0001647685175510949
3542,0.32237867756961558,0.32254956539821411,0.00017088782859853158
3543,0.8602999272492029,0.86012948731094685,0.00017043993825605064
3544,0.55897076311620608,0.55913736986572249,0.00016660674951640697
3545,0.47636331694808531,0.47619904348620201,0.00016427346188330194
3546,0.97265511729065779,0.97281953981666036,0.00016442252600257223
3547,0.052548003975260861,0.052380610521093822,0.0001673934541670391
3548,-0.32186043516648277,-0.32168800047023843,0.00017243469624433905
3549,0.40801613077952475,0.4078394547688331,0.0001766760106916565
3550,-0.21127683644252523,-0.21110136326512322,0.00017547317740201906
3551,-0.63505775845742551,-0.63522630603784591,0.0001685475804203973
3552,-0.22680592302294927,-0.2266394400991566,0.00016648292379267682
3553,-0.65061267918482091,-0.65078524564836149,0.00017256646354057992
3554,-0.38904054562471591,-0.38886140749149478,0.00017913813322112393
3555,0.13949471180197889,0.13931469913581718,0.00018001266616171629
3556,-0.67330813404687939,-0.67312939627120416,0.00017873777567523064
3557,-0.4591709845667396,-0.45934803214749825,0.00017704758075864913
3558,0.36146623518023169,0.36164091917997027,0.00017468399973857851
3559,-0.29750167645383518,-0.2976761993716836,0.00017452291784841867
3560,-0.41707931194814712,-0.41689922184380607,0.00018009010434105743
3561,-0.1424251517515038,-0.14261320760204171,0.00018805585053791041
3562,-0.72306261532093852,-0.72287510100814423,0.00018751431279429021
3563,-0.39550468850062181,-0.39568576014414802,0.00018107164352620941
3564,-0.26560461171220345,-0.26542614339774734,0.000178468314456115
3565,-1.229111042206952,-1.2292928812266521,0.00018183901970014738
3566,-0.74907137319687722,-0.74888481737345314,0.00018655582342408383
3567,-0.10844641500488353,-0.10863664972027065,0.000190234715387122
3568,-0.71906981119771352,-0.71887774149723271,0.00019206970048080141
3569,-0.37916813109150033,-0.37935909651503541,0.00019096542353508328
3570,0.015428184199238545,0.015614766340794702,0.00018658214155615679
3571,-0.226971174566512,-0.22715583290391472,0.00018465833740272108
3572,0.54295451906869174,0.54314457683146755,0.00019005776277580821
3573,0.59391982644455499,0.5937223194773994,0.00019750696715559179
3574,-0.17038890721668939,-0.17018935386305589,0.00019955335363350257
3575,0.56708072653404451,0.56688378256232286,0.00019694397172165257
3576,0.81459897296418049,0.81479151756285406,0.00019254459867357188
3577,0.02146790263579432,0.021275573968473377,0.00019232866732094359
3578,0.3015367598019722,0.30173309894345612,0.00019633914148392551
3579,0.24330203284458884,0.24310060566899802,0.00020142717559082368
3580,-0.10262829611000651,-0.10242314041120275,0.00020515569880376339
3581,0.59843495268179836,0.59822979613173022,0.00020515655006814182
3582,0.28669557518145555,0.28689747068372301,0.00020189550226745734
3583,-0.25835688796825274,-0.25855565460691393,0.00019876663866119637
3584,0.74516040163070041,0.74536071001947346,0.00020030838877305168
3585,0.83220191820702949,0.83199478511255609,0.00020713309447339956
3586,0.30508225597390243,0.30529624210997858,0.00021398613607614969
3587,0.8220987220070749,0.82188570869347599,0.00021301331359890874
3588,0.62225195589290117,0.62245991019963398,0.00020795430673281601
3589,0.42368971602956201,0.42348308278511321,0.00020663324444880615
3590,0.97585802357896556,0.97606731261643942,0.00020928903747385874
3591,0.17671304468945445,0.17649982744270357,0.00021321724675088527
3592,-0.37441551808684465,-0.37419784215826091,0.00021767592858373819
3593,0.37668542340848216,0.37646412986952088,0.00022129353896127579
3594,-0.1068683434499865,-0.10664791673906571,0.00022042671092079025
3595,-0.66167973998925511,-0.66189423563778294,0.00021449564852782377
3596,-0.23575791839835236,-0.23554487725443182,0.0002130411439205393
3597,-0.60208572434210827,-0.60230620629718012,0.00022048195507184953
3598,-0.47363925439446558,-0.47341094944880591,0.00022830494565967419
3599,0.15584837509684552,0.15561967860103318,0.00022869649581233609
3600,-0.59157149775545315,-0.59134506878548787,0.00022642896996527551
3601,-0.56158436676846135,-0.56180933773992425,0.00022497097146290113
3602,0.3472488068738675,0.34747356083809816,0.00022475396423066174
3603,-0.21265977792480356,-0.21288624756690769,0.00022646964210412679
3604,-0.46394906289884658,-0.46371693765078764,0.0002321252480589342
3605,-0.11928021068420931,-0.11951956668403793,0.00023935599982861933
3606,-0.68019354883287586,-0.67995427631464267,0.00023927251823319118
3607,-0.46960141466382638,-0.46983471231968471,0.00023329765585833329
3608,-0.20017822449490891,-0.1999468650910301,0.00023135940387880582
3609,-1.1663734147115221,-1.1666095326108001,0.00023611789927802107
3610,-0.86322615656477752,-0.86298361560805947,0.00024254095671805143
3611,-0.094924487083752118,-0.095171255080041206,0.00024676799628908785
3612,-0.67170248509804187,-0.67145506232603991,0.0002474227720019595
3613,-0.46025647474189846,-0.46050230411768078,0.00024582937578232489
3614,0.031423095241898055,0.031666685928768541,0.00024359068687048596
3615,-0.23963390297998993,-0.23987775741472483,0.00024385443473490254
3616,0.4503615676849857,0.45061128313651788,0.00024971545153218422
3617,0.67050444775303775,0.67024729200743949,0.00025715574559825871
3618,-0.15046446627990484,-0.15020472990951261,0.0002597363703922273
3619,0.45918341571502197,0.45892600347322327,0.00025741224179870459
3620,0.87497234754529107,0.87522564787044355,0.00025330032515247236
3621,0.064651155046865749,0.064396906013581959,0.00025424903328379045
3622,0.24887909022638419,0.24913993014547431,0.00026083991909012227
3623,0.30057227038041817,0.30030500058145981,0.00026726979895835834
3624,-0.12427509450110934,-0.12400539293547322,0.00026970156563611847
3625,0.53620019439664146,0.53593078066218869,0.0002694137344527725
3626,0.38354331753822829,0.38381106284577288,0.00026774530754458681
3627,-0.28459130359023882,-0.28485796777774108,0.00026666418750226351
3628,0.63934487828909414,0.63961423371523785,0.00026935542614370256
3629,0.89950466620579528,0.89922770022792442,0.00027696597787085775
3630,0.30363095761460468,0.30391556183388801,0.00028460421928333535
3631,0.77259514992554801,0.7723110865022077,0.00028406342334030832
3632,0.68537558732971293,0.68565424992861024,0.00027866259889730571
3633,0.38321498191940617,0.3829362983275838,0.00027868359182237068
3634,0.95995854884855636,0.96024281628106489,0.0002842674325085337
3635,0.30404402388398544,0.30375412045687467,0.00028990342711077144
3636,-0.40857631269587236,-0.40828205420805896,0.00029425848781339248
3637,0.32731644216706518,0.32701894916324126,0.00029749300382392319
3638,-0.0027316337740756298,-0.0024340933773175357,0.00029754039675809404
3639,-0.67410258875507056,-0.67439641609632317,0.00029382734125260601
3640,-0.25770254733155851,-0.25740864117818529,0.00029390615337321346
3641,-0.5466752558875162,-0.54697803622901586,0.00030278034149966437
3642,-0.55002433492234137,-0.54971227776919984,0.00031205715314153171
3643,0.15226364233592019,0.15195059858691745,0.0003130437490027338
3644,-0.49906796879214738,-0.49875730730469237,0.00031066148745501065
3645,-0.65157553208531238,-0.65188571683668872,0.00031018475137634116
3646,0.3120610374664225,0.31237373399920709,0.00031269653278459542
3647,-0.12214669313882798,-0.1224639727489102,0.00031727961008222449
3648,-0.50214506299252026,-0.50182124620067692,0.00032381679184334544
3649,-0.11043197272301665,-0.11076255288611246,0.00033058016309581162
3650,-0.62586112004349492,-0.6255294365077001,0.00033168353579482446
3651,-0.54192486546217677,-0.54225255370696646,0.00032768824478968117
3652,-0.15298321455956224,-0.15265563924334349,0.00032757531621874225
3653,-1.0860295293083508,-1.0863637538141142,0.00033422450576336971
3654,-0.9713085449358273,-0.97096561603790432,0.00034292889792297832
3655,-0.10081363177140175,-0.10116231801656987,0.00034868624516812274
3656,-0.61211992985415198,-0.61177041887406058,0.00034951098009139425
3657,-0.53786154352637294,-0.53820982840283671,0.00034828487646376693
3658,0.035212188355521264,0.035561294464065585,0.00034910610854432117
3659,-0.23766958498079496,-0.23802264792815836,0.00035306294736339727
3660,0.35200651968554314,0.35236695887238723,0.00036043918684408593
3661,0.731926365942006,0.73155788134025668,0.0003684846017493193
3662,-0.11009621649307191,-0.10972361321197578,0.00037260328109613161
3663,0.34834640967887354,0.34797427834668293,0.00037213133219060612
3664,0.91825266053068078,0.91862273508619086,0.00037007455551008039
3665,0.12316997980218304,0.12279671875733933,0.00037326104484371181
3666,0.19346240117821137,0.19384574037337751,0.00038333919516614356
3667,0.34987765805967525,0.3494851638303792,0.0003924942292960476
3668,-0.12951915176101747,-0.1291238152021649,0.00039533655885257146
3669,0.46264911432196915,0.46225321161212934,0.00039590270983980158
3670,0.4723298719729348,0.47272726840744672,0.00039739643451192075
3671,-0.2883621467597825,-0.28876240702379818,0.00040026026401568382
3672,0.52365227334794984,0.5240581377361887,0.0004058643882388635
3673,0.95521762943505151,0.95480214504488492,0.00041548439016658723
3674,0.31846160283683506,0.31888671099412841,0.00042510815729335238
3675,0.71421963695814028,0.71379252398754789,0.00042711297059239151
3676,0.74501753205641497,0.74544133396290835,0.00042380190649338179
3677,0.35674915541096092,0.35632222043586931,0.00042693497509160849
3678,0.92681708660708273,0.92725413427481551,0.0004370476677327817
3679,0.43015958318152336,0.42971306015613253,0.00044652302539083255
3680,-0.42222621994653958,-0.42177326970652851,0.00045295024001107409
3681,0.26227998817971004,0.26182221333585687,0.00045777484385317591
3682,0.097162563866871846,0.097623481425901923,0.00046091755903007736
3683,-0.67059509635199133,-0.6710572768709373,0.000462180518945976
3684,-0.29133386360162583,-0.29086722125327175,0.00046664234835408491
3685,-0.48762077884794303,-0.48809973977200954,0.00047896092406651825
3686,-0.61523635350042216,-0.6147446203612057,0.00049173313921646589
3687,0.12919454129248739,0.12869816698396302,0.00049637430852436659
3688,-0.3998360493427694,-0.39933896866832846,0.00049708067444093063
3689,-0.72572992942912173,-0.72623056747316372,0.00050063804404198997
3690,0.25682646866893966,0.25733507636498476,0.0005086076960451047
3691,-0.029672623076464202,-0.030191941015052636,0.00051931793858843445
3692,-0.52892126876678869,-0.52839107530513163,0.00053019346165705805
3693,-0.11591046045410028,-0.11645011208123736,0.00053965162713708048
3694,-0.56274697266159179,-0.56220169020364452,0.00054528245794727148
3695,-0.6088460895985518,-0.60939368106830216,0.00054759146975036366
3696,-0.12515414804748254,-0.12460056972409841,0.00055357832338412405
3697,-0.99128919530441817,-0.99185507359552716,0.00056587829110898991
3698,-1.0691316154805639,-1.0685509524947523,0.00058066298581160858
3699,-0.12676118736375055,-0.12735354142048336,0.00059235405673280228
3700,-0.54324293644189148,-0.54264447270112748,0.00059846374076399922
3701,-0.60863237550279048,-0.60923492324105977,0.00060254773826928787
3702,0.025500747304030031,0.026111978301945817,0.00061123099791578553
3703,-0.2226869342755117,-0.22331138886381363,0.00062445458830193146
3704,0.25174336114879303,0.25238240518426358,0.00063904403547054844
3705,0.77564803859704956,0.77499485378256738,0.00065318481448217725
3706,-0.051178766138333359,-0.050514043283492051,0.00066472285484130839
3707,0.23896171461269652,0.23828883591591196,0.00067287869678456236
3708,0.94232219255462402,0.94300238932455716,0.00068019676993313904
3709,0.19523566156178279,0.19454295857528453,0.00069270298649826145
3710,0.13863702520326165,0.13935022623834073,0.00071320103507907517
3711,0.38878388682939519,0.38805107046802878,0.00073281636136640627
3712,-0.11868777680340344,-0.11794291073522745,0.00074486606817598944
3713,0.38124260584788672,0.38048766043512644,0.00075494541276027727
3714,0.54941746734561703,0.55018627635991135,0.00076880901429432491
3715,-0.26996991034989609,-0.27075550425750688,0.00078559390761079317
3716,0.40212464137213649,0.40292932948292365,0.00080468811078715508
3717,0.99615120970432891,0.99532424871739367,0.00082696098693524345
3718,0.3492189803850187,0.35006867293212779,0.00084969254710909325
3719,0.64987261129883134,0.64900585771538066,0.00086675358345067455
3720,0.79804429819412437,0.79892366101481782,0.00087936282069345229
3721,0.34536546856292311,0.34446595302795452,0.00089951553496858683
