out_index,library,reference,abs_error
44,-0.46643735070544912,-0.46461271271288113,0.0018246379925679901
45,-0.30153047370182651,-0.30315177342826055,0.0016212997264340445
46,-0.40808735139762659,-0.40676755004024884,0.0013198013573777478
47,0.043635203667023052,0.042688391779456103,0.00094681188756694928
48,0.43430570705997329,0.43483333533809582,0.00052762827812252722
49,0.21772037182655465,0.21762484284290184,9.5528983652809485e-05
50,0.28157052206399191,0.28124860026068832,0.0003219218033035931
51,0.44435969764644345,0.44506456871192068,0.00070487106547723055
52,0.029191903816415555,0.028160218031316409,0.0010316857850991464
53,-0.10322339410465725,-0.10194017499999203,0.001283219104665223
54,0.24788215600767982,0.24643984136535552,0.001442314642324305
55,0.19572254758790422,0.1972248596379727,0.0015023120500684828
56,0.23699880307712079,0.23553488260288408,0.0014639204742367129
57,0.77962404197573332,0.78095920960384346,0.0013351676281101454
58,0.83849978938665914,0.83737167599055629,0.0011281133961028589
59,0.57812366084013289,0.57897764688334752,0.00085398604321462734
60,0.74531987723092685,0.74478975891921451,0.00053011831171234647
61,0.6068106415446336,0.60699366789737452,0.0001830263527409226
62,0.093624618032152565,0.093787103793874435,0.00016248576172187001
63,0.17398650271691449,0.17350282218001178,0.00048368053690270307
64,0.34827920075687702,0.34904145457117575,0.00076225381429873007
65,0.12243104792281127,0.12144404305408743,0.00098700486872384252
66,0.34770028215934634,0.34884502844656501,0.0011447462872186676
67,0.73337245740402879,0.7321478132077478,0.0012246441962809884
68,0.46643690142294181,0.46765837815229278,0.0012214767293509676
69,0.30153141991554433,0.3003918679014187,0.0011395520141256332
70,0.40808676712705805,0.40907705105182607,0.00099028392476802063
71,-0.043635053734840681,-0.044417073854570152,0.00078202011972947072
72,-0.43430560424124326,-0.4337747681930843,0.0005308360481589558
73,-0.21772115765098132,-0.21796924272626619,0.00024808507528487067
74,-0.28156977625909335,-0.2816159760455999,4.6199786506551099e-05
75,-0.44436023844156974,-0.44403254813871684,0.00032769030285290102
76,-0.029191844658859767,-0.029769427041338562,0.00057758238247879526
77,0.10322375617401063,0.10400555899275266,0.00078180281874203061
78,-0.24788286519880565,-0.24881546506278729,0.00093259986398164241
79,-0.19572166497505286,-0.1946999385885603,0.0010217263864925608
80,-0.23699906725534731,-0.23804369696198174,0.0010446297066344368
81,-0.77962404001219288,-0.77862586074349627,0.00099817926869660845
82,-0.83849932503157421,-0.83938606620016032,0.00088674116858611374
83,-0.57812452104947443,-0.57740129687596953,0.00072322417350489943
84,-0.74531919451028317,-0.74584017670066383,0.00052098219038065885
85,-0.60681083961711957,-0.60652124625052373,0.00028959336659584167
86,-0.093624731376241735,-0.093667563288873087,4.2831912631352553e-05
87,-0.17398584847989076,-0.17419036912305749,0.00020452064316672791
88,-0.34828001659757041,-0.34784523267406053,0.00043478392350987383
89,-0.12243047071014579,-0.1230589275108208,0.00062845680067501186
90,-0.34770039526273189,-0.34692567946534658,0.00077471579738530583
91,-0.73337280524632575,-0.73424108725692505,0.00086828201059929722
92,-0.46643629631611189,-0.46552939079899958,0.00090690551711231082
93,-0.30153236865963362,-0.30241961599778222,0.00088724733814860013
94,-0.40808641533853146,-0.40727760686518322,0.00080880847334824368
95,0.043635081935153038,0.042955317222294967,0.00067976471285807055
96,0.43430526245940565,0.43481362404197538,0.00050836158256972741
97,0.21772204692530694,0.21740952053689128,0.00031252638841566815
98,0.28156911674558766,0.28167218032371655,0.00010306357812889244
99,0.44436058724291344,0.44447160563569926,0.00011101839278582215
100,0.029192026936414255,0.028874717633473664,0.00031730930294059101
101,-0.103224287282317,-0.10272292439590436,0.00050136288641264293
102,0.24788366526194183,0.2472358092906162,0.00064785597132563377
103,0.19572093054321521,0.19646882769381888,0.00074789715060366579
104,0.23699910524409287,0.2362030249668447,0.00079608027724817343
105,0.77962423502518752,0.7804188763815223,0.00079464135633477984
106,0.83849867363947106,0.83775450210606561,0.00074417153340544662
107,0.57812538704480732,0.57877036969309392,0.00064498264828660723
108,0.74531869360224867,0.74481572725101153,0.00050296635123714406
109,0.60681082281405851,0.60714267250620346,0.00033184969214494764
110,0.093625058494302693,0.093480608016653685,0.00014445047764900798
111,0.17398506285267779,0.17393980197075526,4.5260881922526419e-05
112,0.34828077206639302,0.34850836383065581,0.00022759176426279115
113,0.12243008604509112,0.1220340445070489,0.00039604153804222164
114,0.34770026335440352,0.34823940262672948,0.00053913927232596137
115,0.73337332527090759,0.73272845191814506,0.00064487335276253166
116,0.4664355934327491,0.46714005858097996,0.00070446514823085948
117,0.30153322474639382,0.30081610449376295,0.0007171202526308762
118,0.40808633371228364,0.40877125341748649,0.00068491970520284662
119,-0.043635281941409365,-0.044245372393778001,0.00061009045236863624
120,-0.43430471420178179,-0.43380609599389608,0.00049861820788571487
121,-0.21772295441306475,-0.21807513554955782,0.00035218113649307381
122,-0.28156860858211208,-0.28138488723942023,0.00018372134269184492
123,-0.44436071067646288,-0.44436904691689544,8.3362404325604267e-06
124,-0.029192432631479238,-0.029353495394325708,0.00016106276284647003
125,0.10322493595502864,0.10354044958934654,0.00031551363431789325
126,-0.24788447362472377,-0.24833359001620037,0.00044911639147660054
127,-0.19572041950103827,-0.19516619571250926,0.00055422378852901244
128,-0.23699891465077533,-0.2376233052185284,0.00062439056775306923
129,-0.77962460904907549,-0.77897417265806657,0.00065043639100892392
130,-0.83849789975165012,-0.83913044404764825,0.00063254429599812756
131,-0.5781261729790893,-0.57755037984135693,0.00057579313773237217
132,-0.74531842471842435,-0.74580404194261063,0.0004856172241862744
133,-0.60681059217778766,-0.60644563982990185,0.00036495234788580522
134,-0.093625566553502737,-0.093846411398387009,0.00022084484488427147
135,-0.17398422155249124,-0.17392328528314777,6.0936269343475624e-05
136,-0.34828139372686995,-0.34818022292352363,0.00010117080334631767
137,-0.12242993121588706,-0.12268019202529594,0.00025026080940887541
138,-0.34769990123720512,-0.34732186131924542,0.00037803991795970493
139,-0.73337396640828989,-0.73385411432216285,0.00048014791387296363
140,-0.46643485992082112,-0.4658818938571721,0.00055296606364901857
141,-0.30153390265554503,-0.30212384138704823,0.00058993873150320342
142,-0.40808652594948785,-0.40749876251993156,0.00058776342955629834
143,0.043635628951054682,0.043089373577413548,0.00054625537364113436
144,0.43430401042650391,0.43477307666864362,0.00046906624213971515
145,0.2177237920408481,0.21735646698130279,0.0003673250595453148
146,0.28156830220992435,0.28181277967096197,0.00024447746103761769
147,0.44436059734957528,0.44425509706667532,0.00010550028289996183
148,0.029193022488340704,0.029150830530401767,4.2191957938936958e-05
149,-0.10322563882715068,-0.10303886033117429,0.00018677849597638352
150,0.24788520828472299,0.24756969657260475,0.0003155117121182438
151,0.19572018060197255,0.19613946609760596,0.00041928549563341466
152,0.23699851546805539,0.23650626376518422,0.00049225170287117703
153,0.77962512663603523,0.78016108839327269,0.00053596175723746864
154,0.83849708076321072,0.8379509858958577,0.00054609486735301971
155,0.57812680061752664,0.57864662045559523,0.00051981983806859144
156,0.74531841624131223,0.74486037093913693,0.00045804530217530282
157,0.60681017023483086,0.60717815519507135,0.0003679849602404861
158,0.093626205432722376,0.093369263342125933,0.00025694209059644313
159,0.17398340546629146,0.174117866733669,0.00013446126737753916
160,0.34828182108252898,0.34827688275463597,4.938327893000416e-06
161,0.1224300209871684,0.12230244586731118,0.00012757511985722614
162,0.34769934542596242,0.34795261469908423,0.00025326927312180336
163,0.7333746669724045,0.73301431513644355,0.00036035183596094811
164,0.46643416557213879,0.4668739275569091,0.00043976198477030382
165,0.30153433390677042,0.30104541846369687,0.0004889154430735565
166,0.40808696983181464,0.40859304017732684,0.00050607034551219954
167,-0.043636088810281554,-0.044128870976163526,0.00049278216588197199
168,-0.43430321553758577,-0.43385455936946871,0.00044865616811706754
169,-0.21772447689302479,-0.21809643236995013,0.0003719554769253397
170,-0.28156822834423778,-0.28129672399067551,0.00027150435356226854
171,-0.44436025880079644,-0.44451685638908373,0.00015659758828728831
172,-0.029193739685761062,-0.029157020915628443,3.6718770132618955e-05
173,0.10322632696144825,0.10330925370515243,8.2926743704178629e-05
174,-0.24788579638579833,-0.2480836038218118,0.00019780743601346962
175,-0.19572023218752979,-0.195418137620892,0.00030209456663779499
176,-0.23699794785944764,-0.23738602541170201,0.0003880775522543678
177,-0.77962573856096107,-0.77918147225391088,0.00044426630705018955
178,-0.83849629773653156,-0.83896616718748185,0.00046986945095028876
179,-0.57812720928346473,-0.57766167454758499,0.00046553473587973571
180,-0.74531867151469489,-0.74575201566938065,0.00043334415468576637
181,-0.60680959910180621,-0.60643612305252415,0.00037347604928206213
182,-0.093626912715722016,-0.093915664183311862,0.0002887514675898456
183,-0.17398269312503631,-0.17379998742975444,0.00018270569528186509
184,-0.34828201233732575,-0.34834843840926832,6.642607194257133e-05
185,-0.12243034634434613,-0.12247895979194956,4.8613447603429449e-05
186,-0.34769865061039168,-0.34754226733400451,0.00015638327638717309
187,-0.73337535937724851,-0.73362937723959587,0.00025401786234735546
188,-0.46643357941745922,-0.46609610938197954,0.00033747003547968113
189,-0.30153447288647994,-0.30193403797118046,0.00039956508470051499
190,-0.40808761957304224,-0.40765211652347655,0.00043550304956568864
191,0.043636619486580604,0.043196847931976541,0.00043977155460406259
192,0.43430240352415883,0.43471773524067642,0.00041533171651758627
193,0.21772493880818214,0.21735695136254113,0.00036798744564101038
194,0.28156839468254474,0.28186623180061166,0.0002978371180669126
195,0.44435972829164466,0.44415214913653556,0.00020757915510910552
196,0.029194515147861002,0.029295665460949912,0.0001011503130889102
197,-0.10322693267225068,-0.10321535810924702,1.1574563003657889e-05
198,0.24788618079871438,0.2477657315614171,0.00012044923729728763
199,0.19572056581132422,0.19593709532249509,0.00021652951117087649
200,0.23699726532189674,0.23670157491819416,0.00029569040370258648
201,0.77962638678468288,0.77998554675281417,0.00035915996813129514
202,0.83849562799794786,0.83809555358905119,0.00040007440889666679
203,0.57812735977906338,0.57854201773371883,0.00041465795465545074
204,0.74531916537825993,0.7449187827929421,0.00040038258531782667
205,0.60680893666211688,0.60716903285707535,0.00036009619495847023
206,0.093627619820589023,0.09332927681871149,0.00029834300187753238
207,0.17398215341598403,0.17420356665276862,0.00022141323678459557
208,0.34828194843264859,0.34815180639662774,0.00013014203602085272
209,0.12243087546276529,0.12245808119397099,2.7205731205695582e-05
210,0.34769788446547489,0.34777710279011459,7.9218324639696025e-05
211,0.73337597644194819,0.73319788397469943,0.00017809246724875827
212,0.46643316243829719,0.46669446818945465,0.00026130575115745902
213,0.30153430216323684,0.30120905610537813,0.00032524605785871907
214,0.40808840938385138,0.40845572345863329,0.00036731407478191036
215,-0.043637171408493068,-0.044026493195972294,0.00038932178747922569
216,-0.43430165614222671,-0.43391579656201246,0.00038585958021425393
217,-0.21772512710472489,-0.21807975165934815,0.00035462455462326181
218,-0.28156878475871333,-0.28126840010102999,0.00030038465768333911
219,-0.44435905755406108,-0.44458767962243095,0.00022862206836987697
220,-0.029195274008160771,-0.029048950007293274,0.00014632400086749681
221,0.10322739620770351,0.10317155001109668,5.5846196606826326e-05
222,-0.24788632513916015,-0.24792571358938564,3.9388450225497085e-05
223,-0.1957211472912932,-0.1955855804918932,0.00013556679939999428
224,-0.23699653210351387,-0.23722013947425191,0.00022360737073803816
225,-0.77962700787140937,-0.77933494888711086,0.00029205898429851551
226,-0.83849513814320553,-0.83883498931991873,0.00033985117671320175
227,-0.57812723756357398,-0.57776226003432896,0.00036497752924502525
228,-0.74531984761241898,-0.74568820038962857,0.0003683527772095907
229,-0.60680825022846252,-0.60645948073374845,0.00034876949471407404
230,-0.093628258685275481,-0.093933754104456646,0.00030549541918116485
231,-0.17398183918894639,-0.1737421853793582,0.00023965380958818061
232,-0.34828163498872078,-0.34844164179011494,0.00016000680139416357
233,-0.12243155680754848,-0.12235692502771765,7.4631779830830469e-05
234,-0.3476971212609008,-0.34768476373727214,1.2357523628658829e-05
235,-0.73337645798726836,-0.73347601807518448,9.9560087916117368e-05
236,-0.46643295723392875,-0.46625014659646169,0.00018281063746705684
237,-0.30153384280673184,-0.30178942019982957,0.00025557739309772787
238,-0.40808925892994918,-0.40777796312562459,0.00031129580432459614
239,0.043637692709551382,0.043295918729604213,0.00034177397994716863
240,0.43430104903547612,0.4346515921334107,0.00035054309793458582
241,0.21772502157864504,0.21738624592557268,0.00033877565307235957
242,0.28156935908077896,0.28187524770830402,0.00030588862752506385
243,0.44435831179473145,0.44410588434061854,0.00025242745411291345
244,0.029195942635700627,0.029375694917978017,0.00017975228227739073
245,-0.10322767166064865,-0.1033235030037355,9.583134308684127e-05
246,0.24788621679732478,0.24789457334796408,8.3565506392990763e-06
247,0.19572191987832194,0.19579623831371701,7.4318435395070992e-05
248,0.23699581820815718,0.23684508472093091,0.00015073348722627333
249,0.77962753808648166,0.7798488076925888,0.00022126960610713287
250,0.83849487776136022,0.83821665336552087,0.00027822439583935488
251,0.57812685404689557,0.57844429832965638,0.00031744428276081482
252,0.74532065036507356,0.74498700023016129,0.00033365013491226669
253,0.60680760624046215,0.6071344389509058,0.00032683271044364748
254,0.093628768360628001,0.093328371231615692,0.00030039712901230864
255,0.17398178233127073,0.1742395058791894,0.00025772354791867014
256,0.34828110196474255,0.34808358355591806,0.00019751840882448191
257,0.12243232407791398,0.12255375939231303,0.00012143531439905153
258,0.34769643485576701,0.34766053663929053,3.5898216476482059e-05
259,0.73337675674983227,0.73332748011298154,4.9276636850725808e-05
260,0.46643298415458129,0.46656046298416992,0.00012747882958863421
261,0.30153314585104374,0.30133865784306185,0.00019448800798188559
262,0.40809008383714795,0.40833895197862652,0.00024886814147856429
263,-0.0436381347771733,-0.043930047322141584,0.00029191254496828412
264,-0.4343006435249599,-0.43398583176820243,0.00031481175675746043
265,-0.21772463614748597,-0.21804042034233118,0.00031578419484520892
266,-0.28157005902921245,-0.28127478664055294,0.00029527238865950656
267,-0.44435756341698585,-0.44461430260418772,0.00025673918720187094
268,-0.029196455580448411,-0.028991409479994745,0.00020504610045366661
269,0.1032277315513894,0.10308718081190428,0.00014055073948511521
270,-0.24788586773417021,-0.24782031321664547,6.555451752474073e-05
271,-0.19572280943353723,-0.19570490246756378,1.7906965973452094e-05
272,-0.23699519263777985,-0.23709483970653683,9.9647068756980595e-05
273,-0.77962792350572885,-0.77945797551157725,0.000169947994151598
274,-0.83849487181447224,-0.83872225235678177,0.00022738054230952987
275,-0.57812624553590286,-0.57785744577914944,0.00026879975675342394
276,-0.74532149432738437,-0.74561660659195295,0.00029511226456857553
277,-0.60680706617762892,-0.60650304410920697,0.00030402206842194968
278,-0.093629099771760232,-0.09392078434387488,0.00029168457211464771
279,-0.17398199075450338,-0.17372402159513345,0.0002579691593699307
280,-0.34828040105587932,-0.34848944119516395,0.00020904013928463305
281,-0.12243310254305444,-0.12228290740724497,0.00015019513580946664
282,-0.347695891721577,-0.34777990495047734,8.4013228900337023e-05
283,-0.73337684305522732,-0.73336617599357834,1.0667061648983456e-05
284,-0.4664332398766754,-0.4663673708693169,6.5869007358498877e-05
285,-0.30153228275497801,-0.30167254216204192,0.00014025940706391404
286,-0.40809080843660933,-0.4078868648094971,0.00020394362711223524
287,0.043638457137352697,0.043389808857738701,0.00024864827961399577
288,0.43430048148465727,0.43457870090412876,0.00027821941947148154
289,0.21772401103676972,0.21743357898631291,0.00029043205045681253
290,0.2815708160209599,0.28185632056394133,0.00028550454298142958
291,0.44435688504283455,0.44409543851894584,0.0002614465238887087
292,0.029196761798906973,0.029414555053345871,0.00021779325443889788
293,-0.10322756964941332,-0.10338797399186658,0.00016040434245326307
294,0.24788531300106309,0.24798020722782352,9.4894226760428024e-05
295,0.19572373115730521,0.1956952284679675,2.8502689337711606e-05
296,0.23699471665608837,0.23695473450697221,3.9982149116157828e-05
297,0.77962812551592509,0.77973775507937781,0.0001096295634527289
298,0.83849511876827187,0.83832184704886692,0.00017327171940495489
299,0.57812547096903921,0.57835177638523272,0.0002263054161935063
300,0.74532229589006682,0.7450609265128787,0.00026136937718812536
301,0.60680668174311214,0.60708376540544595,0.00027708366233381021
302,0.093629219776785566,0.093352693768813222,0.00027652600797234417
303,0.17398244713769651,0.17424288607192398,0.00026043893422747488
304,0.34827960104744171,0.34805296773212929,0.00022663331531241893
305,0.12243381618895652,0.12260937177597543,0.00017555558701891349
306,0.34769554463497526,0.34758377690691605,0.00011176772805920887
307,0.73337670780887698,0.73342019308225737,4.348527338038366e-05
308,0.46643369823247838,0.4664579853413699,2.4287108891518638e-05
309,0.3015313387583175,0.3014441292280583,8.7209530259202417e-05
310,0.4080913662863781,0.40823739380374718,0.00014602751736908504
311,-0.043638626407375328,-0.043838994074369177,0.00020036766699384895
312,-0.43430058204381489,-0.43406053036142445,0.00024005168239044083
313,-0.21772320894209185,-0.21798680944554075,0.00026360050344889641
314,-0.28157155720443933,-0.28130399219615471,0.00026756500828462038
315,-0.44435634271761132,-0.44461120068454762,0.00025485796693630602
316,-0.029196829584196258,-0.028968425567010965,0.00022840401718529288
317,0.10322720176294237,0.10303982914526424,0.00018737261767812208
318,-0.24788460714231256,-0.24775188575952994,0.00013272138278261347
319,-0.19572459727710967,-0.1957897676525969,6.5170375487227927e-05
320,-0.23699443770944661,-0.23699920746673533,4.7697572887195339e-06
321,-0.7796281243623413,-0.77955804958630992,7.0074776031381347e-05
322,-0.83849559273928331,-0.83862429872197897,0.00012870598269565381
323,-0.5781246081956809,-0.57794690906625001,0.00017769912943088606
324,-0.74532297484525478,-0.74554139788137941,0.00021842303612462644
325,-0.60680648971324569,-0.6065592101392645,0.00024727957398118505
326,-0.093629115934977608,-0.093887169138539256,0.00025805320356164785
327,-0.17398310638115672,-0.17373307580155015,0.00025003057960656938
328,-0.34827878153076053,-0.34850534148022483,0.00022655994946430003
329,-0.12243439502033038,-0.12224328832734747,0.00019110669298290361
330,-0.34769542762288091,-0.34784047157863579,0.0001450439557548755
331,-0.73337636352014102,-0.73328877578649088,8.758773365014072e-05
332,-0.46643431317618878,-0.46645642662801118,2.2113451822403096e-05
333,-0.3015304051184135,-0.30157772725782162,4.7322139408112474e-05
334,-0.408091705392364,-0.40798121374021673,0.00011049165214727097
335,0.043638621152203419,0.043477545935194956,0.00016107521700846339
336,0.43430093836207417,0.43450324276579194,0.00020230440371776792
337,0.21772230960595104,0.21749193512783097,0.00023037447812007672
338,0.2815722110811989,0.28181873801964402,0.00024652693844512408
339,0.44435598965155887,0.44410995740635201,0.00024603224520686195
340,0.029196649916474672,0.029423869960413174,0.00022722004393850234
341,-0.10322666441281823,-0.10342033451209523,0.0001936700992769963
342,0.24788381882798893,0.24803333016530327,0.00014951133731433419
343,0.1957253250161331,0.19562496122606368,0.00010036379006941876
344,0.2369943845840323,0.23703743875247613,4.3054168443829033e-05
345,0.77962792081706411,0.77964809560123072,2.0174784166604454e-05
346,0.83849624633624442,0.83841256822745025,8.3678108794171813e-05
347,0.57812374291479474,0.57826591205602851,0.00014216914123377222
348,0.74532346483409362,0.74513637586885262,0.00018708896524100016
349,0.60680650817154091,0.60702356963352888,0.00021706146198796628
350,0.0936287975445666,0.09339382643633419,0.00023497110823240963
351,0.17398390193323318,0.17422335662959684,0.00023945469636366123
352,0.34827802445817257,0.34804977916116758,0.00022824529700499196
353,0.12243478184298215,0.12263490576774,0.00020012392475785012
354,0.34769555263194796,0.34753772229445201,0.00015783033749594555
355,0.73337584325781857,0.73348362069352646,0.00010777743570788978
356,0.4664350235775877,0.46638144068627968,5.358289130802385e-05
357,0.30152957089099963,0.30152871165764328,8.5923335635396114e-07
358,0.40809179331587742,0.40815033968458286,5.8546368705447716e-05
359,-0.043638438889718641,-0.043755155443199932,0.0001167165534812914
360,-0.43430151109813159,-0.43413571618971186,0.00016579490841972522
361,-0.21772140280709018,-0.21792511184195731,0.00020370903486713332
362,-0.28157271438448644,-0.28134827840033377,0.00022443598415267108
363,-0.44435586057220255,-0.4445870880079012,0.00023122743569864435
364,-0.029196240362992208,-0.028970935144942301,0.00022530521804990655
365,0.10322601150095277,0.10302072223305014,0.00020528926790262803
366,-0.24788302422134575,-0.24771255606983481,0.00017046815151094963
367,-0.19572584413868066,-0.19584661982975568,0.00012077569107502018
368,-0.23699456426952351,-0.2369286548732677,6.5909396255808828e-05
369,-0.77962753583181033,-0.77963761520263497,1.007937082464494e-05
370,-0.83849701540434396,-0.83854096185205829,4.3946447714326986e-05
371,-0.5781229598653117,-0.57802856588408003,9.4393981231677415e-05
372,-0.74532372061339225,-0.74546672587828722,0.00014300526489496868
373,-0.6068067347899877,-0.60662208320209943,0.00018465158788827374
374,-0.093628294450893143,-0.093840108680109821,0.00021181422921667803
375,-0.17398475479223172,-0.1737613661033634,0.00022338868886831453
376,-0.34827740325835543,-0.34849753754414792,0.00022013428579248373
377,-0.12243493793077943,-0.1222302342848804,0.00020470364589902923
378,-0.34769590824038937,-0.34787339549341972,0.00017748725303035062
379,-0.73337519762648351,-0.73323825643250407,0.00013694119397944515
380,-0.4664357593738287,-0.46652113719828991,8.537782446121911e-05
381,-0.30152891497311879,-0.30150313053711392,2.5784436004872013e-05
382,-0.4080916205590247,-0.40806077669165458,3.0843867370122791e-05
383,0.043638096236805791,0.043556864404928224,8.1231831877567884e-05
384,0.43430223905334159,0.43442932946573981,0.00012709041239822305
385,0.21772057785509638,0.21755566790551875,0.00016490994957762961
386,0.28157301823675107,0.28176926773329553,0.00019624949654445389
387,0.44435596852874659,0.44414203756218057,0.00021393096656602273
388,0.02919564271393681,0.029411156049566994,0.00021551333563018388
389,-0.10322530865000312,-0.10342769038921608,0.00020238173921295621
390,0.24788229969521428,0.24806014927165843,0.00017784957644415011
391,0.19572610340313135,0.19558054767024002,0.00014555573289132262
392,0.23699496084690913,0.23709644538217334,0.00010148453526420687
393,0.77962700822763176,0.77957842745265682,4.8580774974937846e-05
394,0.83849782523986216,0.83848829774452571,9.5274953364477e-06
395,0.57812233501534416,0.57818908654353518,6.675152819102248e-05
396,0.74532371915817286,0.74520929196016827,0.00011442719800458523
397,0.6068071485157277,0.60695928270724131,0.00015213419151360874
398,0.093627653959511489,0.093445355211282291,0.00018229874822919823
399,0.17398558072689763,0.17418785947492138,0.00020227874802375423
400,0.34827697766525106,0.34806703423114627,0.00020994343410479788
401,0.12243484798554181,0.12263690314913456,0.00020205516359274311
402,0.34769646054656306,0.34751672042716519,0.00017974011939786427
403,0.7333744900370448,0.73352214466291277,0.00014765462586796563
404,0.466436448493039,0.46632800742146158,0.00010844107157742533
405,0.30152849910072932,0.30159348780943057,6.4988708701252396e-05
406,0.40809120189054199,0.4080785029497857,1.2698940756283861e-05
407,-0.043637626952047467,-0.043680973554160847,4.3346602113379651e-05
408,-0.43430304808193815,-0.43420740386464313,9.564421729502115e-05
409,-0.21771991277477434,-0.21786056633934417,0.00014065356456982592
410,-0.28157309295941846,-0.2814015261712064,0.00017156678821206306
411,-0.444356303823433,-0.44454853396875338,0.0001922301453203823
412,-0.029194916462768124,-0.028992375193857996,0.00020254126891012733
413,0.10322462423792973,0.1030237552434163,0.00020086899451343676
414,-0.24788171458382377,-0.24769709351014399,0.00018462107367978042
415,-0.19572607534613928,-0.19587946340417306,0.00015338805803377653
416,-0.23699553653716385,-0.2368806683262939,0.00011486821086995058
417,-0.77962639065820072,-0.77969753532342623,7.1144665225508774e-05
418,-0.83849859769314983,-0.838473074568438,2.5523124711823719e-05
419,-0.57812192860183453,-0.57809995917066404,2.1969431170498765e-05
420,-0.74532346161033769,-0.7453964896360068,7.3028025669108487e-05
421,-0.60680771029071812,-0.60668660171937749,0.00012110857134062236
422,-0.093626938177398353,-0.093785470386467853,0.00015853220906950072
423,-0.17398629790013409,-0.17380262806841099,0.00018366983172310447
424,-0.34827678871863121,-0.34847225827166528,0.00019546955303406666
425,-0.12243452166767847,-0.12223797847998355,0.00019654318769492252
426,-0.34769715604569934,-0.34788358997522162,0.00018643392952227833
427,-0.73337379070382958,-0.73321088807910206,0.00016290262472751227
428,-0.46643702389739333,-0.46656380261801478,0.00012677872062144546
429,-0.3015283624078911,-0.30144802853038555,8.0333877505556206e-05
430,-0.40809057545762634,-0.40812466262963926,3.4087172012919886e-05
431,0.043637078252032786,0.043625331309914084,1.1746942118702475e-05
432,0.43430385817025241,0.43436075862610685,5.6900455854436149e-05
433,0.21771946996849245,0.21761988405391519,9.9585914577260404e-05
434,0.28157293077006768,0.28171355687446242,0.00014062610439474765
435,0.44435683505254325,0.44418566853395347,0.0001711665185897826
436,0.029194133307525506,0.029382374517265768,0.00018824120974026207
437,-0.10322402417463732,-0.10341554734367969,0.00019152316904237632
438,0.24788132552221193,0.24806534247291454,0.00018401695070260904
439,0.19572575896546762,0.19555845102236916,0.00016730794309846586
440,0.23699623485000837,0.23713391650207757,0.0001376816520692048
441,0.77962574424281306,0.77952810160915076,9.7642633662298195e-05
442,0.83849925850568319,0.83854813696411878,4.8878458435597238e-05
443,0.57812177963514044,0.57812367528657693,1.8956514364898425e-06
444,0.74532297320570018,0.74527599328483085,4.6979920869327785e-05
445,0.6068083660253244,0.60689563385478862,8.7267829464221514e-05
446,0.093626220183797543,0.093501830942030628,0.00012438924176691457
447,0.17398683444339633,0.17414218911978591,0.00015535467638957967
448,0.34827685486113308,0.34809898868301448,0.00017786617811860195
449,0.1224339912907413,0.12262066821604098,0.00018667692529968083
450,0.34769792613708878,0.34751626441621747,0.00018166172087130672
451,0.73337316991628498,0.73353917329217411,0.00016600337588912328
452,0.46643743008898148,0.46629560072292264,0.00014182936605883212
453,0.30152851801747033,0.30163908515832166,0.00011056714085133645
454,0.40808979972710152,0.40802274784818832,6.7051878913204632e-05
455,-0.04363650577659399,-0.043618737562060743,1.7768214533246673e-05
456,-0.43430459088431017,-0.43427204218321452,3.2548701095647115e-05
457,-0.21771929086497599,-0.21779773889637938,7.8448031403388629e-05
458,-0.28157254694164147,-0.28145846929006396,0.00011407765157750438
459,-0.44435751103732507,-0.44450114500380339,0.00014363396647831816
460,-0.02919337061376439,-0.029027180055580325,0.00016619055818406503
461,0.10322356629129366,0.10304377939751863,0.00017978689377502743
462,-0.24788117130449955,-0.24770111202873984,0.00018005927575970304
463,-0.19572518065920738,-0.1958916292649602,0.0001664486057528225
464,-0.23699698558029006,-0.23685319170618832,0.00014379387410173861
465,-0.77962513239000297,-0.77973845890977533,0.00011332651977236097
466,-0.83849974421372542,-0.83842143181409345,7.8312399631963459e-05
467,-0.5781219023522145,-0.57815891091069582,3.7008558481321785e-05
468,-0.74532230098115027,-0.74533409648212712,1.1795500976852225e-05
469,-0.60680905194166102,-0.60674836486293537,6.0687078725640831e-05
470,-0.09362557244222465,-0.093728347057351363,0.00010277461512671338
471,-0.17398713808661101,-0.1738514235100295,0.00013571457658151376
472,-0.34827717009881448,-0.34843491916807806,0.00015774906926357968
473,-0.12243330868812292,-0.12226149275899577,0.00017181592912715593
474,-0.34769869496652067,-0.34787535906611816,0.00017666409959748997
475,-0.73337268977883352,-0.733203377147844,0.00016931263098951543
476,-0.46643762847317954,-0.4665864890425605,0.00014886056938095971
477,-0.30152895195562462,-0.30141171585383991,0.00011723610178471233
478,-0.40808894849604221,-0.40817217495314123,8.3226457099017104e-05
479,0.043635967706345244,0.043680901278217284,4.4933571872039779e-05
480,0.43430517651400091,0.43430078080750828,4.3957064926325451e-06
481,0.21771939213900268,0.21768035167370517,3.9040465297512927e-05
482,0.28157197856879251,0.28165652999583241,8.4551427039891713e-05
483,0.44435826352191876,0.44423556693771626,0.00012269658420249741
484,0.029192704263996266,0.029342811240703596,0.00015010697670733014
485,-0.1032232947015317,-0.10338883890425364,0.00016554420272194004
486,0.24788126774630836,0.24805316139068387,0.0001718936443755037
487,0.19572439770991476,0.19555538387497023,0.00016901383494452582
488,0.23699771122606086,0.23715195894187457,0.00015424771581371011
489,0.77962461440914832,0.77949632806050151,0.0001282863486468111
490,0.83850000799657598,0.83859151169877744,9.1503702201456427e-05
491,0.57812228492921669,0.57807157243507179,5.0712494144899978e-05
492,0.74532150946058373,0.74533339818212929,1.1888721545560976e-05
493,0.60680970086399777,0.60683668086154186,2.6979997544085421e-05
494,0.093625059223502047,0.09355849552240865,6.6563701093397265e-05
495,0.17398718142113645,0.17409148252379536,0.00010430110265891024
496,0.34827770409644804,0.34814047211909821,0.00013723197734982762
497,0.12243254035716014,0.1225910586520081,0.00015851829484796187
498,0.34769938705515463,0.34753213303272923,0.00016725402242540044
499,0.73337239603594784,0.7335380115662703,0.00016561553032246046
500,0.4664376010068545,0.46628204918737653,0.00015555181947796148
501,0.30152962448013559,0.30166640088120467,0.00013677640106907196
502,0.408088104388523,0.40798350632900765,0.0001045980595153484
503,-0.043635518615141533,-0.043570174411803608,6.5344203337924789e-05
504,-0.4343055602796087,-0.43432672969228936,2.1169412680654975e-05
505,-0.21771976416298783,-0.21774050705479997,2.0742891812142172e-05
506,-0.2815712809207831,-0.28151451689329038,5.6764027492717251e-05
507,-0.4443590171875732,-0.44444991600055017,9.0898812976969445e-05
508,-0.029192199491036921,-0.029070285809939159,0.00012191368109776279
509,0.10322323545373624,0.10307599997053245,0.00014723548320379198
510,-0.2478816064556513,-0.24772040499043868,0.00016120146521261813
511,-0.19572348976922802,-0.19588645757829232,0.00016296780906430164
512,-0.23699833674832685,-0.23684397079531475,0.00015436595301210332
513,-0.77962423952739968,-0.77976140803039684,0.00013716850299716477
514,-0.83850002394682144,-0.83838630715650109,0.00011371679032035065
515,-0.57812289056523269,-0.57820387500817072,8.0984442938025758e-05
516,-0.74532067470124519,-0.74528225723889396,3.8417462351225673e-05
517,-0.60681024885161017,-0.6068036820492213,6.5668023888632021e-06
518,-0.093624730627174746,-0.093673159546162524,4.8428918987777902e-05
519,-0.17398696210055831,-0.17390289844791942,8.4063652638882713e-05
520,-0.34827840396315607,-0.34839048252024796,0.00011207855709188808
521,-0.1224317612446809,-0.12229603729625124,0.00013572394842965851
522,-0.3476999342754632,-0.34785290544728509,0.00015297117182189179
523,-0.7333723162313549,-0.73321233583159329,0.00015998039976161671
524,-0.46643735070550008,-0.46659154695270649,0.00015419624720641734
525,-0.30153047370180702,-0.30139303195780226,0.00013744174400476261
526,-0.40808735139766233,-0.40820321139076549,0.0001158599931031512
527,0.043635203666987234,0.043722220569319542,8.7016902332308355e-05
528,0.43430570705996507,0.43425190671462532,5.3800345339749533e-05
529,0.21772037182655363,0.2177335741438588,1.3202317305172073e-05
530,0.2815705220640054,0.28160243371055621,3.191164655080847e-05
531,0.444359697646447,0.44428702104132556,7.2676605121446691e-05
532,0.029191903816433374,0.029297328362582298,0.00010542454614892449
533,-0.1032233941046659,-0.10335225409590873,0.00012885999124283287
534,0.24788215600766464,0.24802781110002339,0.00014565509235875407
535,0.19572254758792446,0.19556790265234009,0.00015464493558436931
536,0.23699880307708993,0.23715302880476527,0.00015422572767534448
537,0.7796240419757261,0.77948179777416882,0.00014224420155728446
538,0.83849978938665659,0.83861850102333058,0.00011871163667398488
539,0.57812366084014599,0.57803392984250745,8.9730997638537424e-05
540,0.74531987723092596,0.74537920456889428,5.9327337968317906e-05
541,0.60681064154468467,0.60678571933493408,2.4922209750588564e-05
542,0.093624618032151816,0.093611281853818659,1.3336178333156479e-05
543,0.17398650271687482,0.17404030588406963,5.3803167194804713e-05
544,0.34827920075688457,0.34818672374872378,9.2477008160785079e-05
545,0.12243104792281864,0.12255271352808146,0.000121665605262819
546,0.34770028215933357,0.34756011603938397,0.00014016611994960293
547,0.73337245740404078,0.73352216329005782,0.00014970588601703749
548,0.46643690142296518,0.46628478524309525,0.0001521161798699322
549,0.30153141991552251,0.30167689935994585,0.00014547944442333538
550,0.40808676712706626,0.40796051048630239,0.00012625664076387766
551,-0.043635053734743655,-0.043536226382158955,9.8827352584700268e-05
552,-0.43430560424123804,-0.43436938041220946,6.3776170971419077e-05
553,-0.21772115765098946,-0.21769195851331793,2.9199137671520603e-05
554,-0.28156977625909174,-0.28156578736816151,3.9888909302288056e-06
555,-0.44436023844158207,-0.44439926285164832,3.9024410066257342e-05
556,-0.029191844658882284,-0.029117036377163157,7.4808281719126318e-05
557,0.103223756173995,0.10311582966180562,0.00010792651218938243
558,-0.24788286519878924,-0.24775075721744322,0.00013210798134602464
559,-0.19572166497507651,-0.19586751372413466,0.00014584874905815282
560,-0.23699906725534287,-0.23685032374254908,0.00014874351279378639
561,-0.77962404001215357,-0.77976800652109424,0.00014396650894066276
562,-0.83849932503157987,-0.83836723869090601,0.00013208634067385372
563,-0.57812452104946266,-0.57823412471192304,0.000109603662460378
564,-0.74531919451027362,-0.74524283535544833,7.6359154825289544e-05
565,-0.60681083961712179,-0.60684968005833939,3.8840441217602439e-05
566,-0.093624731376247286,-0.093623597600972427,1.1337752748585839e-06
567,-0.17398584847988202,-0.17395279315882839,3.3055321053632181e-05
568,-0.34828001659760194,-0.34834349464263203,6.3478045030096464e-05
569,-0.122430470710163,-0.12233708054916469,9.3390160998310656e-05
570,-0.34770039526273711,-0.34782044651947142,0.00012005125673431039
571,-0.73337280524634418,-0.73323413848096697,0.00013866676537721556
572,-0.46643629631612377,-0.46658177265637446,0.00014547634025069422
573,-0.30153236865963523,-0.30139019189503369,0.0001421767646015426
574,-0.40808641533852796,-0.40821843090606891,0.00013201556754094401
575,0.043635081935185789,0.04374878227129831,0.00011370033611252106
576,0.43430526245939732,0.4342157719210486,8.9490538348724336e-05
577,0.21772204692533245,0.21777689882733964,5.4851902007185815e-05
578,0.28156911674554558,0.2815547593585665,1.4357386979080289e-05
579,0.44436058724290761,0.44433593392490123,2.4653318006384595e-05
580,0.029192026936426085,0.029250356067055939,5.8329130629853482e-05
581,-0.10322428728233669,-0.10331026296026327,8.5975677926578009e-05
582,0.24788366526193814,0.24799350643040982,0.00010984116847168046
583,0.19572093054322129,0.19559232500005783,0.00012860554316346251
584,0.236999105244073,0.23714003474123768,0.00014092949716468239
585,0.77962423502520084,0.77948256521144832,0.00014166981375252075
586,0.83849867363949671,0.83862996209249818,0.00013128845300147685
587,0.57812538704479999,0.57801103183100622,0.00011435521379377089
588,0.74531869360221181,0.74541200898976034,9.3315387548531525e-05
589,0.60681082281408405,0.60674517580981335,6.5647004270696918e-05
590,0.093625058494294686,0.093656903506344244,3.1845012049558363e-05
591,0.17398506285268212,0.17399258619039848,7.5233377163641535e-06
592,0.34828077206640357,0.3482334368658736,4.7335200529963206e-05
593,0.12243008604508887,0.12251003424206566,7.9948196976792341e-05
594,0.34770026335437804,0.34759600769121718,0.0001042556631608571
595,0.73337332527089816,0.73349536203724097,0.00012203676634281457
596,0.46643559343278618,0.46630079200901542,0.00013480142377075843
597,0.30153322474639638,0.30167268425912475,0.00013945951272836821
598,0.40808633371228581,0.40795270561305852,0.0001336280992272898
599,-0.043635281941381901,-0.043516953942745545,0.00011832799863635557
600,-0.43430471420176586,-0.43439882613177894,9.4111930013074385e-05
601,-0.21772295441308256,-0.21765428886812352,6.8665544959045643e-05
602,-0.28156860858212057,-0.2816092054820406,4.0596899920031237e-05
603,-0.44436071067647342,-0.44435293523305003,7.7754434233967551e-06
604,-0.029192432631533431,-0.029163256579887057,2.9176051646373491e-05
605,0.10322493595503722,0.10315894395468557,6.5992000351650093e-05
606,-0.24788447362469376,-0.24778797997166363,9.649365303013302e-05
607,-0.19572041950105701,-0.19583857538138849,0.00011815588033148305
608,-0.23699891465071224,-0.23686913128871631,0.00012978336199592766
609,-0.77962460904905051,-0.7797605119660721,0.00013590291702159085
610,-0.83849789975162814,-0.83836297642761171,0.00013492332401643381
611,-0.57812617297908575,-0.57824982324734819,0.00012365026826244296
612,-0.7453184247184329,-0.74521676179809304,0.00010166292033986224
613,-0.60681059217784705,-0.60688439830498431,7.3806127137254762e-05
614,-0.093625566553514589,-0.093582519332240113,4.3047221274475356e-05
615,-0.1739842215525009,-0.17399754271843618,1.3321165935276102e-05
616,-0.34828139372688866,-0.34829799067374689,1.6596946858238315e-05
617,-0.12242993121588557,-0.12238038394825822,4.9547267627347846e-05
618,-0.34769990123717731,-0.34778214495289639,8.224371571907696e-05
619,-0.73337396640827945,-0.73326497179745631,0.00010899461082314321
620,-0.46643485992082095,-0.46656038042459852,0.0001255205037775653
621,-0.3015339026555281,-0.30140078992609898,0.000133112729429119
622,-0.40808652594947148,-0.40821927499734273,0.00013274904787125008
623,0.043635628950972026,0.043760971789171633,0.00012534283819960745
624,0.43430401042652422,0.43419306927465401,0.00011094115187021414
625,0.21772379204085568,0.21780860339093219,8.4811350076513525e-05
626,0.28156830220989898,0.28151614249116602,5.2159718732958105e-05
627,0.44436059734957312,0.44437893273411377,1.8335384540657529e-05
628,0.029193022488400552,0.029205780694132231,1.2758205731679823e-05
629,-0.10322563882714653,-0.10326700845664299,4.1369629496468274e-05
630,0.24788520828471797,0.24795437402208537,6.9165737367399283e-05
631,0.19572018060200017,0.19562481162951628,9.5368972483883541e-05
632,0.23699851546802267,0.23711627735686611,0.0001177618888434373
633,0.77962512663597583,0.77949608363592282,0.00012904300005300851
634,0.83849708076322393,0.83862752275111341,0.00013044198788947359
635,0.57812680061753252,0.5780022736259367,0.00012452699159581915
636,0.745318416241323,0.74543135646544556,0.00011294022412255966
637,0.6068101702348343,0.60671653200996301,9.363822487129525e-05
638,0.093626205432745774,0.093692952331988974,6.6746899243200208e-05
639,0.17398340546625915,0.17395149717847608,3.1908287783072309e-05
640,0.34828182108252959,0.3482768827546377,4.9383278918901929e-06
641,0.12243002098718329,0.12246705808805983,3.7037100876533002e-05
642,0.34769934542595743,0.34763572802952669,6.3617396430737383e-05
643,0.73337466697239728,0.73346146251790523,8.6795545507944993e-05
644,0.46643416557215578,0.46632669234954122,0.00010747322261456249
645,0.3015343339067843,0.30165643491156541,0.00012210100478110553
646,0.40808696983181969,0.40795828395807332,0.00012868587374637031
647,-0.043636088810282303,-0.043511536993849562,0.00012455181643274138
648,-0.4343032155375845,-0.43441484837626487,0.00011163283868037555
649,-0.21772447689300972,-0.2176287378019553,9.5739091054425352e-05
650,-0.28156822834422263,-0.28164259465195562,7.4366307732998127e-05
651,-0.44436025880080937,-0.4443139011128413,4.6357687968068273e-05
652,-0.029193739685735302,-0.029205384056633851,1.1644370898549611e-05
653,0.10322632696148194,0.10320142148670092,2.4905474781025672e-05
654,-0.24788579638578576,-0.24782805112808295,5.7745257702801478e-05
655,-0.19572023218750539,-0.1958035013571319,8.3269169626504214e-05
656,-0.23699794785941042,-0.23689695053303267,0.00010099732637774972
657,-0.77962573856095374,-0.77974172679141951,0.00011598823046576889
658,-0.83849629773656842,-0.83837154032436423,0.00012475741220419057
659,-0.57812720928346739,-0.57825200082101014,0.00012479153754274552
660,-0.74531867151470954,-0.74520402099925065,0.00011465051545889171
661,-0.6068095991018474,-0.60690683962276604,9.7240520918639994e-05
662,-0.093626912715739932,-0.093551866351990809,7.5046363749123324e-05
663,-0.17398269312501244,-0.17403439106510002,5.1697940087580552e-05
664,-0.34828201233732226,-0.34825735812607439,2.4654211247865376e-05
665,-0.1224303463443472,-0.12242215237944783,8.1939648993722969e-06
666,-0.34769865061032795,-0.3477419535559973,4.3302945669343451e-05
667,-0.73337535937724507,-0.73330098478896855,7.4374588276526765e-05
668,-0.46643357941749947,-0.46653086735296945,9.7287935469980713e-05
669,-0.30153447288645824,-0.30142191100642568,0.00011256188003255785
670,-0.40808761957303796,-0.40820788730749769,0.0001202677344597225
671,0.043636619486553813,0.04376002310775616,0.0001234036212023476
672,0.43430240352415705,0.43418355270522452,0.00011885081893253657
673,0.21772493880820593,0.21782793268319994,0.00010299387499401735
674,0.28156839468252765,0.28148828715994706,8.0107522580585844e-05
675,0.44435972829163001,0.44441347884603144,5.3750554401432726e-05
676,0.029194515147887727,0.029166806773298221,2.7708374589506535e-05
677,-0.10322693267227402,-0.10322614922793928,7.8344433473986896e-07
678,0.24788618079868391,0.24791428570741317,2.8104908729259526e-05
679,0.19572056581132749,0.19566153170941863,5.9034101908855829e-05
680,0.23699726532192447,0.23708529570924103,8.8030387316556657e-05
681,0.7796263867846589,0.77951933670695139,0.00010705007770750452
682,0.83849562799793231,0.83861348057341167,0.00011785257547936023
683,0.57812735977905516,0.57800622484133601,0.0001211349377191473
684,0.7453191653782224,0.74543771897771338,0.0001185535994909781
685,0.60680893666211688,0.6067003025621307,0.00010863409998618234
686,0.093627619820643326,0.093717963564275558,9.0343743632231854e-05
687,0.17398215341596698,0.17391935518808638,6.2798227880606072e-05
688,0.34828194843266402,0.34831404753368483,3.2099101020810483e-05
689,0.12243087546278807,0.12242729723656189,3.5782262261807585e-06
690,0.34769788446541305,0.34767549789500629,2.2386570406762729e-05
691,0.73337597644194419,0.73342426276344108,4.8286321496893159e-05
692,0.46643316243831207,0.46635891800656543,7.4244431746639528e-05
693,0.30153430216323962,0.30163125690185361,9.6954738613985736e-05
694,0.40808840938386687,0.4079748045694952,0.00011360481437167058
695,-0.043637171408434233,-0.043518357108064822,0.00011881430036941171
696,-0.43430165614221999,-0.43441813942922092,0.00011648328700092359
697,-0.21772512710469927,-0.21761558189870533,0.0001095452059939328
698,-0.28156878475869179,-0.28166473021911487,9.5945460423074724e-05
699,-0.44435905755406535,-0.4442842504593848,7.4807094680551245e-05
700,-0.02919527400818046,-0.029240602675502585,4.5328667322125371e-05
701,0.10322739620772516,0.1032399062235428,1.2510015817646103e-05
702,-0.24788632513914705,-0.24786729580738037,1.902933176667343e-05
703,-0.19572114729131898,-0.19576604408247922,4.4896791160237148e-05
704,-0.23699653210349958,-0.23693019718046737,6.6334923032207449e-05
705,-0.77962700787135109,-0.77971483315657486,8.7825285223774863e-05
706,-0.83849513814322796,-0.83839035739698509,0.00010478074624287181
707,-0.57812723756357931,-0.57824245462606327,0.00011521706248396324
708,-0.74531984761240366,-0.74520370696635463,0.0001161406460490344
709,-0.60680825022847706,-0.60691696200181389,0.00010871177333682258
710,-0.09362825868529967,-0.093532623318353034,9.5635366946636435e-05
711,-0.17398183918890456,-0.17406147787614465,7.9638687240091155e-05
712,-0.34828163498872755,-0.34822420892814887,5.7426060578680271e-05
713,-0.12243155680755431,-0.12245919516861599,2.7638361061677053e-05
714,-0.34769712126085917,-0.34770343152701755,6.3102661583824826e-06
715,-0.7333764579872688,-0.73333848346594377,3.7974521325034871e-05
716,-0.46643295723394651,-0.46649682032604217,6.3863092095661766e-05
717,-0.30153384280673601,-0.30145030957904889,8.3533227687115907e-05
718,-0.40808925892997044,-0.40818696080722738,9.7701877256939351e-05
719,0.043637692709507778,0.043747902062374409,0.00011020935286663175
720,0.43430104903546635,0.43418611004513713,0.0001149389903292164
721,0.21772502157866591,0.21783507482424175,0.00011005324557583629
722,0.28156935908075614,0.28147193907658236,9.7420004173787156e-05
723,0.44435831179472746,0.44443794399834263,7.9632203615176422e-05
724,0.029195942635715507,0.029135836293434306,6.0106342281200653e-05
725,-0.10322767166066017,-0.103190701895343,3.6969765317168557e-05
726,0.24788621679730255,0.24787667391381538,9.5428834871735813e-06
727,0.19572191987830742,0.19569886246066961,2.3057417637806221e-05
728,0.23699581820812671,0.23705066565388436,5.4847445757649771e-05
729,0.77962753808646679,0.77954902905055523,7.8509035911555891e-05
730,0.8384948777614174,0.83859063586153493,9.5758100117526723e-05
731,0.57812685404690334,0.5780207619000638,0.0001060921468395426
732,0.74532065036506701,0.74543240644061592,0.00011175607554891887
733,0.60680760624051311,0.60669607461630837,0.0001115316242047415
734,0.093628768360648554,0.093731428427071384,0.00010266006642282999
735,0.17398178233123365,0.17389755490289982,8.4227428333832899e-05
736,0.34828110196475948,0.34834274411060784,6.1642145848361807e-05
737,0.12243232407793166,0.12239358617654983,3.8737901381827311e-05
738,0.34769643485571933,0.34771202231257253,1.5587456853205506e-05
739,0.73337675674983305,0.73338730175098876,1.0545001155715106e-05
740,0.46643298415462658,0.46639391783646678,3.9066318159808322e-05
741,0.30153314585103458,0.3016004815381278,6.7335687093217356e-05
742,0.40809008383716366,0.40799937298924649,9.0710847917174764e-05
743,-0.043638134777129294,-0.043535144571891081,0.00010299020523821256
744,-0.43430064352494935,-0.43441019767711658,0.00010955415216723496
745,-0.21772463614749729,-0.2176141899094321,0.00011044623806519271
746,-0.28157005902918864,-0.28167533737462891,0.00010527834544027392
747,-0.44435756341699534,-0.44426514378291404,9.2419634081297719e-05
748,-0.029196455580479876,-0.02926694436677682,7.0488786296944717e-05
749,0.10322773155139954,0.10327175320337251,4.4021651972966924e-05
750,-0.24788586773412372,-0.24790256667303162,1.6698938907905303e-05
751,-0.1957228094335158,-0.19572964641545082,6.8369819350155847e-06
752,-0.23699519263779356,-0.23696535844597746,2.9834191816097144e-05
753,-0.779627923505681,-0.77968318421732163,5.5260711640636728e-05
754,-0.83849487181448124,-0.83841645263814424,7.8419176336996799e-05
755,-0.57812624553590986,-0.57822358827583109,9.7342739921235655e-05
756,-0.74532149432737682,-0.74521414290458776,0.00010735142278905929
757,-0.60680706617764268,-0.60691560785959242,0.00010854168194973646
758,-0.093629099771741428,-0.093524834992404091,0.00010426477933733747
759,-0.17398199075449794,-0.174077876467923,9.5885713425059027e-05
760,-0.34828040105590424,-0.34820028887319465,8.0112182709590751e-05
761,-0.12243310254304592,-0.12248906352832768,5.5960985281766629e-05
762,-0.3476958917215619,-0.34766956895247431,2.6322769087594455e-05
763,-0.73337684305522566,-0.73337413304099175,2.7100142339087085e-06
764,-0.46643323987668972,-0.46646170025604644,2.8460379356720633e-05
765,-0.3015322827549704,-0.30148262483608074,4.9657918889667307e-05
766,-0.4080908084366055,-0.40815953710325353,6.8728666648032455e-05
767,0.043638457137325774,0.043727133374028671,8.8676236702896205e-05
768,0.43430048148465222,0.43419889688802066,0.00010158459663156538
769,0.21772401103679009,0.21783107530694396,0.00010706427015386155
770,0.28157081602091616,0.28146691781130673,0.00010389820960943208
771,0.44435688504283671,0.44445163403457222,9.4748991735504884e-05
772,0.029196761798875075,0.029114390423652818,8.2371375222257265e-05
773,-0.10322756964943412,-0.10316291322648559,6.4656422948533576e-05
774,0.24788531300106348,0.24784436251249489,4.0950488568586296e-05
775,0.19572373115731728,0.19573358866940946,9.8575120921762238e-06
776,0.23699471665605987,0.23701578293903625,2.1066282976378581e-05
777,0.77962812551589289,0.7795818064195944,4.6319096298486073e-05
778,0.83849511876825322,0.83856208261501097,6.6963846757750467e-05
779,0.57812547096903044,0.57804325224506325,8.2218723967186769e-05
780,0.74532229589004284,0.74541741940382933,9.512351378648809e-05
781,0.60680668174314201,0.60670260851779978,0.00010407322534222718
782,0.093629219776803191,0.093733746767141024,0.00010452699033783319
783,0.17398244713767735,0.17388656020612636,9.5886931550992482e-05
784,0.34827960104744743,0.34836167735688905,8.2076309441625472e-05
785,0.12243381618897464,0.12236796465781731,6.585153115733211e-05
786,0.34769554463492436,0.34774265188187453,4.7107246950173209e-05
787,0.73337670780887232,0.73335366414441638,2.3043664455935087e-05
788,0.46643369823249753,0.4664283742373726,5.3239951249284267e-06
789,0.30153133875830662,0.30156744236555821,3.6103607251591896e-05
790,0.40809136628637671,0.40802885720171761,6.2509084659101433e-05
791,-0.043638626407336074,-0.043559172665566734,7.9453741769340558e-05
792,-0.43430058204378996,-0.43439316773752967,9.2585693739710706e-05
793,-0.21772320894208233,-0.21762313770503805,0.00010007123704428023
794,-0.28157155720444155,-0.2816750287176053,0.00010347151316375536
795,-0.44435634271760327,-0.44425681789744093,9.952482016234443e-05
796,-0.029196829584202243,-0.029283340510479941,8.6510926277698352e-05
797,0.10322720176294232,0.10329513380598002,6.7932043037691181e-05
798,-0.24788460714227389,-0.24793139628485406,4.6789142580161425e-05
799,-0.19572459727712196,-0.19569725209079131,2.7345186330657301e-05
800,-0.23699443770939344,-0.23699920746673062,4.7697573371807689e-06
801,-0.77962812436229756,-0.77965007883230097,2.1954470003415771e-05
802,-0.83849559273927365,-0.83844667047952615,4.8922259747508079e-05
803,-0.57812460819566369,-0.57819820865579907,7.360046013538124e-05
804,-0.74532297484525278,-0.74523305274467211,8.9922100580674957e-05
805,-0.60680648971327611,-0.6069043753894503,9.7885676174191971e-05
806,-0.093629115934987794,-0.093527683545550258,0.0001014323894375363
807,-0.17398310638115699,-0.17408357295277216,0.00010046657161516537
808,-0.34827878153077441,-0.3481864405628381,9.2340967936310747e-05
809,-0.1224343950203429,-0.12251014316339094,7.5748143048046113e-05
810,-0.34769542762278766,-0.34764264463856265,5.2782984225008267e-05
811,-0.73337636352015834,-0.7334051404263503,2.8776906191962937e-05
812,-0.46643431317622575,-0.46642863113928362,5.6820369421228811e-06
813,-0.30153040511838763,-0.30151560635111452,1.4798767273116464e-05
814,-0.4080917053923705,-0.40812878085008486,3.7075457714363935e-05
815,0.043638621152097344,0.043700589851420002,6.1968699322657861e-05
816,0.43430093836207556,0.43421951880046017,8.1419561615392322e-05
817,0.21772230960594846,0.21781769531145109,9.5385705502631923e-05
818,0.28157221108119435,0.28147220864911926,0.00010000243207508586
819,0.4443559896515501,0.44445475293044301,9.8763278892910478e-05
820,0.029196649916510022,0.02910308719893202,9.3562717578002386e-05
821,-0.10322666441282438,-0.103144180935983,8.2483476841380132e-05
822,0.24788381882794844,0.24781943585950877,6.4382968439663513e-05
823,0.19572532501613538,0.19576307689207112,3.775187593574314e-05
824,0.23699438458403441,0.23698365710321664,1.0727480817762647e-05
825,0.77962792081699106,0.7796144802486269,1.344056836416474e-05
826,0.83849624633626618,0.83853098018579819,3.4733849532009309e-05
827,0.57812374291480451,0.57807077155363484,5.2971361169662501e-05
828,0.74532346483408785,0.74539525717626598,7.1792342178134128e-05
829,0.60680650817156034,0.60671799178617558,8.8516385384762586e-05
830,0.0936287975445768,0.093726121064758097,9.7323520181297196e-05
831,0.17398390193321356,0.17388595521829081,9.7946714922747535e-05
832,0.34827802445819012,0.34837045139554357,9.2426937353451422e-05
833,0.12243478184295417,0.12235161251494295,8.3169328011223342e-05
834,0.3476955526319313,0.34776550162009623,6.9948988164925119e-05
835,0.73337584325782157,0.73332581551799247,5.0027739829094919e-05
836,0.46643502357760619,0.46645940311850215,2.4379540895957952e-05
837,0.30152957089101518,0.30153525305192225,5.6821609070722978e-06
838,0.4080917933158803,0.40806011739014264,3.1675925737661981e-05
839,-0.0436384388896741,-0.043587480050397337,5.0958839276762924e-05
840,-0.43430151109808018,-0.4343696399778692,6.8128879789020047e-05
841,-0.21772140280710819,-0.21764037373848338,8.1029068624810519e-05
842,-0.28157271438445874,-0.28166518464210921,9.247025765046768e-05
843,-0.44435586057219401,-0.44425865184598445,9.7208726209552232e-05
844,-0.029196240363009676,-0.02928961403238773,9.3373669378053747e-05
845,0.10322601150098148,0.10330908641113806,8.3074910156577531e-05
846,-0.24788302422132122,-0.24795210303461379,6.9078813292572372e-05
847,-0.19572584413865679,-0.19567115140647526,5.4692732181532699e-05
848,-0.2369945642694834,-0.23702899592768387,3.4431658200467785e-05
849,-0.7796275358318564,-0.77961854319734636,8.9926345100410643e-06
850,-0.83849701540435884,-0.83847790463829452,1.9110766064311946e-05
851,-0.57812295986531004,-0.57816929961104724,4.6339745737200566e-05
852,-0.74532372061339025,-0.74525776913295028,6.5951480439974119e-05
853,-0.60680673478998592,-0.60688544248871312,7.8707698727198405e-05
854,-0.09362829445090172,-0.093539621200297976,8.8673250603743536e-05
855,-0.17398475479221104,-0.17407938570788756,9.4630915676519045e-05
856,-0.34827740325837009,-0.34818262655409177,9.4776704278320967e-05
857,-0.12243493793079369,-0.12252169003376358,8.6752102969891998e-05
858,-0.34769590824033825,-0.34762413376129175,7.1774479046493589e-05
859,-0.73337519762649928,-0.733429397148608,5.4199522108722142e-05
860,-0.46643575937388759,-0.4664002159040832,3.5543469804388828e-05
861,-0.30152891497309697,-0.30154632744551702,1.7412472420041958e-05
862,-0.40809162055902942,-0.40809775110458996,6.1305455605342729e-06
863,0.043638096236736805,0.043671263401663475,3.3167164926670156e-05
864,0.43430223905332443,0.43424524569634126,5.6993356983170429e-05
865,0.21772057785511059,0.21779722595279685,7.6648097686260463e-05
866,0.28157301823673236,0.28148610758348863,8.6910653243732483e-05
867,0.44435596852871834,0.44444830803452401,9.2339505805671962e-05
868,0.029195642713960201,0.029101679851454156,9.3962862506045269e-05
869,-0.10322530865003469,-0.10313503308216776,9.0275567866934803e-05
870,0.24788229969517939,0.24780316060045499,7.9139094724400838e-05
871,0.19572610340315058,0.19578540613662712,5.9302733476540581e-05
872,0.23699496084690644,0.23695673684356131,3.8224003345133095e-05
873,0.77962700822763364,0.77964423482948053,1.7226601846886958e-05
874,0.83849782523987337,0.8385003270908562,2.5018509828278468e-06
875,0.57812233501534249,0.57810033416101636,2.2000854326131858e-05
876,0.74532371915815721,0.74536869821578999,4.4979057632787978e-05
877,0.60680714851571493,0.60673983356858019,6.7314947134744507e-05
878,0.093627653959523299,0.093710399835983241,8.274587645994147e-05
879,0.17398558072690576,0.17389455281449465,9.102791241111241e-05
880,0.34827697766523391,0.34836951624748597,9.2538582252055246e-05
881,0.1224348479855551,0.12234484437809644,9.0003607458657986e-05
882,0.34769646054659165,0.34777951454169714,8.3053995105497602e-05
883,0.73337449003704069,0.7333054846453636,6.9005391677090522e-05
884,0.46643644849307703,0.46648471804734309,4.8269554266067161e-05
885,0.3015284991007276,0.30150660753095004,2.1891569777554576e-05
886,0.40809120189055398,0.40809022844510418,9.7344544980337844e-07
887,-0.043637626952009331,-0.043617101395143194,2.052555686613694e-05
888,-0.43430304808193104,-0.43434242683391888,3.9378751987839689e-05
889,-0.21771991277477598,-0.21766342117634527,5.6491598430713497e-05
890,-0.28157309295937621,-0.28164778595049678,7.4692991120561825e-05
891,-0.44435630382344843,-0.44426928861972081,8.7015203727613954e-05
892,-0.029194916462787331,-0.029286411288979453,9.1494826192122652e-05
893,0.10322462423794043,0.10331350632388853,8.8882085948094325e-05
894,-0.24788171458386921,-0.24796383975440273,8.2125170533520198e-05
895,-0.19572607534612377,-0.19565287712226181,7.3198223861953293e-05
896,-0.23699553653711686,-0.23705260684472493,5.7070307608070303e-05
897,-0.77962639065822692,-0.77959113937041713,3.5251287809789922e-05
898,-0.83849859769316204,-0.8385073157704126,8.718077250557954e-06
899,-0.5781219286018433,-0.57813979233313828,1.7863731294975871e-05
900,-0.74532346161031982,-0.74528546000930584,3.8001601013970543e-05
901,-0.60680771029075464,-0.6068613580078045,5.3647717049853938e-05
902,-0.093626938177393121,-0.093558547531022496,6.8390646370625197e-05
903,-0.17398629790011153,-0.17406683108885346,8.0533188741932493e-05
904,-0.34827678871865059,-0.34818801187976917,8.8776838881421405e-05
905,-0.12243452166772453,-0.12252380496884925,8.928330112471794e-05
906,-0.34769715604568152,-0.34761467448244959,8.2481563231928678e-05
907,-0.73337379070379594,-0.73344556930071569,7.1778596919758186e-05
908,-0.46643702389744091,-0.46637839578513296,5.8628112307945734e-05
909,-0.30152836240789122,-0.30157236728668124,4.4004878790027124e-05
910,-0.40809057545764899,-0.40806918965869643,2.1385798952555657e-05
911,0.043637078251939153,0.043642037623579676,4.9593716405227362e-06
912,0.43430385817024175,0.43427324013141866,3.0618038823093663e-05
913,0.21771946996849662,0.21777227400010554,5.2804031608927327e-05
914,0.2815729307700745,0.28150640760216727,6.6523167907228675e-05
915,0.44435683505256723,0.44443396392396423,7.7128871396991983e-05
916,0.029194133307545223,0.02910915329329803,8.4980014247192093e-05
917,-0.10322402417462466,-0.10313516861394831,8.8855560676351364e-05
918,0.24788132552223788,0.2477959676626724,8.5357859565482475e-05
919,0.19572575896544983,0.19579944322054557,7.3684255095740614e-05
920,0.23699623484998306,0.23693678225465209,5.9452595330966584e-05
921,0.77962574424280484,0.77966879911021503,4.3054867410186048e-05
922,0.83849925850567197,0.83847275641091468,2.6502094757296923e-05
923,0.57812177963514599,0.57812911709434134,7.3374591953445645e-06
924,0.74532297320567831,0.74534057129485065,1.7598089172343734e-05
925,0.60680836602535315,0.60676548333809288,4.2882687260270558e-05
926,0.093626220183818554,0.093688883337356893,6.2663153538339289e-05
927,0.17398683444338478,0.17391055185058518,7.6282592799598037e-05
928,0.34827685486114607,0.34836005791378744,8.3203052641367403e-05
929,0.12243399129076371,0.1223471651369841,8.6826153779612225e-05
930,0.34769792613707601,0.34778446423582388,8.6538098747868109e-05
931,0.73337316991629631,0.73329360308328384,7.9566833012467697e-05
932,0.46643743008901922,0.46650274452776397,6.531443874474574e-05
933,0.30152851801745828,0.30148361935189966,4.4898665558623652e-05
934,0.4080897997271154,0.40811667647615829,2.6876749042892278e-05
935,-0.043636505776535044,-0.043645286903287873,8.7811267528298265e-06
936,-0.43430459088430468,-0.43431433460439295,9.7437200882732888e-06
937,-0.21771929086497699,-0.21768959988599426,2.9690978982727101e-05
938,-0.2815725469416559,-0.28162521256439854,5.2665622742642526e-05
939,-0.44435751103730792,-0.44428680262888093,7.0708408426989333e-05
940,-0.029193370613801495,-0.029275079319760269,8.1708705958773858e-05
941,0.10322356629128081,0.1033090757280182,8.5509436737393751e-05
942,-0.24788117130450657,-0.24796658090580967,8.5409601303099159e-05
943,-0.19572518065920291,-0.19564315923690354,8.2021422299377589e-05
944,-0.23699698558025903,-0.23706865483006465,7.1669249805617063e-05
945,-0.77962513238996745,-0.77956981654310287,5.5315846864578688e-05
946,-0.83849974421375584,-0.83853251892649261,3.2774712736771683e-05
947,-0.57812190235221284,-0.57811235143410145,9.5509181113895281e-06
948,-0.74532230098115104,-0.74531335502866847,8.9459524825752368e-06
949,-0.60680905194170731,-0.60683481761281055,2.5765671103239463e-05
950,-0.093625572442229993,-0.093582016697282652,4.3555744947340602e-05
951,-0.17398713808658922,-0.17404794660670975,6.0808520120525511e-05
952,-0.34827717009882009,-0.34820109894908235,7.6071149737733101e-05
953,-0.12243330868814743,-0.12251734945753996,8.4040769392529358e-05
954,-0.34769869496651939,-0.34761409601315563,8.4598953363768103e-05
955,-0.73337268977883063,-0.73345312741258573,8.0437633755092719e-05
956,-0.46643762847326131,-0.46636436451149449,7.3263961766822927e-05
957,-0.3015289519556128,-0.30159194700158026,6.2995045967462193e-05
958,-0.40808894849604649,-0.40804534354186961,4.3604954176879041e-05
959,0.043635967706362362,0.043615480535960295,2.0487170402067045e-05
960,0.43430517651400508,0.43430078080751183,4.3957064932431678e-06
961,0.21771939213899033,0.21774553673102456,2.6144592034232916e-05
962,0.28157197856879729,0.28153061078862196,4.1367780175327606e-05
963,0.44435826352193453,0.4444138571696345,5.5593647699969662e-05
964,0.029192704264007482,0.02912387042475463,6.8833839252852025e-05
965,-0.10322329470152922,-0.10314355524279394,7.973945873528121e-05
966,0.24788126774629818,0.24779749534708867,8.3772399209508519e-05
967,0.19572439770991845,0.1958048572241286,8.0459514210151628e-05
968,0.23699771122603658,0.2369247938207851,7.2917405251476941e-05
969,0.77962461440914665,0.77968656957939209,6.195517024543129e-05
970,0.8385000079965782,0.83845036908728932,4.9638909288884925e-05
971,0.57812228492920392,0.57815465968619517,3.2374756991249143e-05
972,0.74532150946055153,0.74531353602123618,7.9734393153563232e-06
973,0.60680970086405417,0.60679225590906272,1.7444954991452377e-05
974,0.093625059223495732,0.093664107692318699,3.904846882296642e-05
975,0.17398718142111178,0.17393172982637456,5.5451594737215837e-05
976,0.34827770409648973,0.34834384146555408,6.6137369064356299e-05
977,0.12243254035717344,0.12235738089727183,7.5159459901608106e-05
978,0.34769938705511477,0.34778089705802134,8.1510002906570733e-05
979,0.73337239603597015,0.73329030611009915,8.2089925870998393e-05
980,0.4664376010068893,0.46651267594201534,7.5074935126040465e-05
981,0.30152962448015064,0.30146771255619076,6.1911923959878656e-05
982,0.40808810438851345,0.40813751395375897,4.9409565245517317e-05
983,-0.043635518615154752,-0.043669693317006743,3.4174701851991118e-05
984,-0.43430556027960532,-0.43428794907218837,1.761120741694544e-05
985,-0.21771976416302219,-0.21771625019158289,3.513971439300656e-06
986,-0.28157128092079758,-0.28160002498856174,2.8744067764152614e-05
987,-0.44435901718756066,-0.4443088987759235,5.011841163715669e-05
988,-0.029192199491089775,-0.029257499197318109,6.5299706228334059e-05
989,0.10322323545372919,0.10329714029367588,7.3904839946695167e-05
990,-0.24788160645562404,-0.24796105044956171,7.9443993937666768e-05
991,-0.19572348976924761,-0.19564194120389639,8.15485653512249e-05
992,-0.23699833674828685,-0.23707652679597976,7.8190047692910936e-05
993,-0.77962423952739379,-0.779555816125029,6.8423402364792274e-05
994,-0.83850002394682255,-0.83855172643878073,5.1702491958183217e-05
995,-0.57812289056522848,-0.57808919344794951,3.3697117278963518e-05
996,-0.7453206747012715,-0.7453389538021391,1.8279100867601983e-05
997,-0.6068102488516961,-0.60680844240247345,1.8064492226521622e-06
998,-0.093624730627198005,-0.093607457525491905,1.727310170610008e-05
999,-0.17398696210054787,-0.17402508649233572,3.8124391787852652e-05
1000,-0.34827840396319487,-0.34821990302650163,5.8500936693239858e-05
1001,-0.12243176124469488,-0.12250381053575719,7.2049291062317722e-05
1002,-0.34769993427540463,-0.34762150459379398,7.8429681610647783e-05
1003,-0.73337231623134969,-0.7334523151594311,7.9998928081415066e-05
1004,-0.46643735070546627,-0.4663585429247043,7.8807780761969148e-05
1005,-0.30153047370182373,-0.30160401002041765,7.3536318593914185e-05
1006,-0.40808735139763935,-0.40802783500759326,5.9516390046088219e-05
1007,0.043635203666928683,0.043593673417381011,4.1530249547672149e-05
1008,0.4343057070599714,0.43432546368057373,1.9756620602329189e-05
1009,0.21772037182658421,0.2177195840125917,7.8781399251437456e-07
1010,0.28157052206395816,0.28155614883237856,1.4373231579600798e-05
1011,0.44435969764646249,0.44439038760909361,3.068996263111412e-05
1012,0.029191903816515097,0.029143755487895429,4.814832861966753e-05
1013,-0.10322339410469109,-0.10315857549925679,6.4818605434294185e-05
1014,0.24788215600763649,0.24780668860840285,7.5467399233641874e-05
1015,0.19572254758792459,0.19580207340826569,7.9525820341097564e-05
1016,0.23699880307708826,0.23692100235261668,7.7800724471582816e-05
1017,0.77962404197566915,0.77969667576047763,7.2633784808484592e-05
1018,0.83849978938670178,0.83843461732307378,6.5172063627993992e-05
1019,0.57812366084011835,0.57817502362597273,5.136278585438081e-05
1020,0.74531987723091064,0.74528988981007194,2.9987420838706313e-05
1021,0.60681064154469122,0.60681764482829736,7.0032836061439951e-06
1022,0.093624618032204607,0.093638625063504136,1.4007031299528849e-05
1023,0.17398650271689056,0.17395565481849637,3.0847898394192885e-05
1024,0.34827920075689739,0.3483230208071959,4.3820050298515323e-05
1025,0.12243104792283316,0.12237375514918358,5.7292773649575413e-05
1026,0.34770028215927729,0.34777002016885705,6.9738009579767279e-05
1027,0.73337245740398804,0.73329499323216829,7.7464171819752181e-05
1028,0.46643690142297178,0.46651446838536292,7.7566962391140137e-05
1029,0.30153141991554755,0.30145957122483563,7.1848690711917573e-05
1030,0.40808676712706671,0.40815146243148254,6.469530441582938e-05
1031,-0.043635053734793525,-0.04368853215816524,5.3478423371715322e-05
1032,-0.43430560424124076,-0.43426545145148104,4.0152789759717589e-05
1033,-0.21772115765100805,-0.21774094070686673,1.9783055858674237e-05
1034,-0.28156977625908358,-0.28157474626509238,4.9700060087976006e-06
1035,-0.44436023844159056,-0.44433312649780232,2.7111943788238335e-05
1036,-0.029191844658837042,-0.029235889929115633,4.4045270278590676e-05
1037,0.10322375617405224,0.10327954377937791,5.5787605325666179e-05
1038,-0.24788286519879255,-0.24794859788775656,6.5732688964009744e-05
1039,-0.19572166497506735,-0.19564845441860756,7.3210556459785137e-05
1040,-0.2369990672553188,-0.23707636173438398,7.7294479065181942e-05
1041,-0.77962404001215702,-0.77954963644113273,7.4403571024284076e-05
1042,-0.83849932503160507,-0.83856383638516885,6.4511353563778684e-05
1043,-0.57812452104944678,-0.57807195102906217,5.2570020384612448e-05
1044,-0.74531919451028039,-0.7453602001361721,4.1005625891710196e-05
1045,-0.60681083961720661,-0.60678457762511795,2.6261992088660868e-05
1046,-0.093624731376249187,-0.093632388692866678,7.6573166174903617e-06
1047,-0.17398584847979168,-0.17400070664448855,1.4858164696873732e-05
1048,-0.34828001659754071,-0.34824215314370754,3.7863453833164584e-05
1049,-0.12243047071015613,-0.12248512708512044,5.4656374964309751e-05
1050,-0.34770039526268154,-0.34763541870088926,6.4976561792273735e-05
1051,-0.73337280524631876,-0.7334440614113974,7.1256165078636968e-05
1052,-0.46643629631616312,-0.46636061399897238,7.5682317190739479e-05
1053,-0.30153236865962058,-0.30160824220710375,7.5873547483173986e-05
1054,-0.40808641533851192,-0.40801758762731549,6.8827711196428609e-05
1055,0.043635081935055518,0.043578088002186072,5.6993932869446595e-05
1056,0.43430526245941486,0.43434536560899401,4.0103149579140407e-05
1057,0.21772204692539104,0.21769666451598832,2.5382409402724404e-05
1058,0.28156911674556817,0.28158059429460075,1.1477549032579137e-05
1059,0.44436058724293614,0.44436600338067878,5.4161377426309443e-06
1060,0.029192026936418453,0.029166498727451279,2.5528208967173782e-05
1061,-0.10322428728236285,-0.10317820777215028,4.6079510212571062e-05
1062,0.24788366526190711,0.24782194470981411,6.1720552092997538e-05
1063,0.19572093054322112,0.19579217238821728,7.1241844996156045e-05
1064,0.23699910524404216,0.23692491847155964,7.4186772482526253e-05
1065,0.77962423502510114,0.77969898523032877,7.4750205227624988e-05
1066,0.83849867363951303,0.83842624545247224,7.2428187040785019e-05
1067,0.57812538704480965,0.57818890228677344,6.3515241963796321e-05
1068,0.74531869360225855,0.74527141554012033,4.7278062138222943e-05
1069,0.60681082281412191,0.60683950776340112,2.8684949279211835e-05
1070,0.093625058494327063,0.093614797332186361,1.0261162140701163e-05
1071,0.1739850628526301,0.17397989927240298,5.1635802271188247e-06
1072,0.34828077206641711,0.34829993134375664,1.9159277339531045e-05
1073,0.12243008604513236,0.12239419614735933,3.5889897773033752e-05
1074,0.34770026335430648,0.34775354628437688,5.3282930070397416e-05
1075,0.73337332527084187,0.73330644123296407,6.6884037877801283e-05
1076,0.46643559343278262,0.46650877712815092,7.3183695368295165e-05
1077,0.30153322474639155,0.3014591494287836,7.4075317607946722e-05
1078,0.40808633371230119,0.40815795676618105,7.1623053879865672e-05
1079,-0.043635281941383983,-0.043700665174829338,6.5383233445355515e-05
1080,-0.43430471420176558,-0.43424847799403937,5.6236207726212406e-05
1081,-0.2177229544130399,-0.21776164448074373,3.8690067703822661e-05
1082,-0.28156860858204896,-0.2815516615885798,1.6946993469157956e-05
1083,-0.44436071067648031,-0.44435709131240525,3.6193640750581402e-06
1084,-0.029192432631475279,-0.029212599536611691,2.0166905136412283e-05
1085,0.10322493595505491,0.10325843533501182,3.3499379956905551e-05
1086,-0.24788447362471464,-0.24793103431787794,4.6560693163305578e-05
1087,-0.19572041950104582,-0.19566134277559155,5.9076725454271228e-05
1088,-0.23699891465069492,-0.23706897360966958,7.0058958974661412e-05
1089,-0.77962460904901576,-0.77955105742774433,7.3551621271428225e-05
1090,-0.83849789975168443,-0.8385684618468614,7.0562095176973649e-05
1091,-0.57812617297905877,-0.57806159171235239,6.4581266706387197e-05
1092,-0.7453184247183432,-0.74537560990104723,5.7185182704033721e-05
1093,-0.6068105921778234,-0.60676512656442616,4.5465613397244198e-05
1094,-0.093625566553523026,-0.093654612225530717,2.9045672007690926e-05
1095,-0.17398422155245052,-0.17397715637907188,7.0651733786453175e-06
1096,-0.34828139372687017,-0.34826550152779506,1.5892199075107083e-05
1097,-0.12242993121589449,-0.12246349286317341,3.3561647278926299e-05
1098,-0.34769990123710831,-0.34765394075233841,4.5960484769902443e-05
1099,-0.73337396640829833,-0.73342984493901175,5.5878530713426855e-05
1100,-0.46643485992090955,-0.46636961296340834,6.5246957501208236e-05
1101,-0.3015339026554974,-0.30160503271848266,7.113006298525848e-05
1102,-0.40808652594944844,-0.40801481196643424,7.1713983014198845e-05
1103,0.043635628950993634,0.043569519690708179,6.6109260285454607e-05
1104,0.43430401042644534,0.43435915919396817,5.5148767522827935e-05
1105,0.21772379204083236,0.21767855036096548,4.5241679866886431e-05
1106,0.28156830220988965,0.28160184631450508,3.3544104615423898e-05
1107,0.44436059734957589,0.44434299699234114,1.7600357234748287e-05
1108,0.029193022488366069,0.02918976524974537,3.2572386206991544e-06
1109,-0.10322563882719919,-0.10320022649364577,2.5412333553423427e-05
1110,0.24788520828467739,0.24784129171532557,4.3916569351820645e-05
1111,0.19572018060198529,0.19577674492375438,5.656432176909254e-05
1112,0.23699851546799469,0.23693543512854981,6.3080339444882005e-05
1113,0.77962512663599559,0.77969405041049966,6.8923774504070501e-05
1114,0.83849708076320417,0.83842529044070879,7.1790322495379755e-05
1115,0.57812680061749921,0.57819567289980378,6.8872282304566212e-05
1116,0.74531841624126094,0.74525928016844012,5.9136072820820118e-05
1117,0.60681017023488726,0.60685621043676852,4.6040201881258902e-05
1118,0.093626205432736087,0.093594619037876872,3.1586394859214884e-05
1119,0.17398340546620875,0.17400223862313263,1.8833156923886429e-05
1120,0.34828182108251754,0.34827688275462348,4.9383278940551278e-06
1121,0.1224300209872225,0.12241645924493362,1.3561742288878409e-05
1122,0.34769934542586872,0.34773350939580583,3.4163969937106575e-05
1123,0.73337466697238873,0.73332295842995576,5.1708542432971072e-05
1124,0.46643416557215078,0.46649684238181227,6.2676809661488253e-05
1125,0.30153433390677575,0.30146573805702698,6.8595849748775972e-05
1126,0.40808696983185849,0.40815712998290965,7.016015105115736e-05
1127,-0.043636088810173279,-0.043705641815945995,6.9553005772715615e-05
1128,-0.43430321553757223,-0.43423803241049741,6.5183127074819325e-05
1129,-0.21772447689302865,-0.21777687091503853,5.2394022009877306e-05
1130,-0.28156822834424966,-0.28153265069233491,3.5577651914753261e-05
1131,-0.44436025880081764,-0.444378647175384,1.8388374566358223e-05
1132,-0.029193739685761676,-0.029189900505128378,3.8391806332985223e-06
1133,0.10322632696149289,0.1032360660863542,9.7391248613104553e-06
1134,-0.24788579638577923,-0.2479104433860049,2.4647000225669347e-05
1135,-0.195720232187514,-0.19567882506364809,4.1407123865910833e-05
1136,-0.23699794785933995,-0.23705572614756756,5.777828822761677e-05
1137,-0.77962573856087103,-0.77955922056148852,6.6517999382509352e-05
1138,-0.83849629773658152,-0.83856590140332998,6.9603666748463411e-05
1139,-0.57812720928346417,-0.57805839514092905,6.8814142535122969e-05
1140,-0.74531867151469922,-0.74538434452985836,6.5673015159140036e-05
1141,-0.60680959910190024,-0.60675143116336039,5.8167938539854802e-05
1142,-0.093626912715741126,-0.093672370923997259,4.5458208256132782e-05
1143,-0.17398269312497244,-0.17395649324705653,2.6199877915911163e-05
1144,-0.34828201233735334,-0.34828772445302997,5.7121156766259951e-06
1145,-0.12243034634433868,-0.12244115306965836,1.0806725319681409e-05
1146,-0.34769865061019684,-0.34767494988307152,2.3700727125319787e-05
1147,-0.73337535937722109,-0.73341152482412642,3.6165446905322973e-05
1148,-0.46643357941753261,-0.46638406270123228,4.951671630032406e-05
1149,-0.30153447288652779,-0.30159538155888216,6.0908672354365034e-05
1150,-0.40808761957306477,-0.40801904911861986,6.8570454444916162e-05
1151,0.043636619486467604,0.043568079405084337,6.854008138326706e-05
1152,0.4343024035241343,0.43436617200375166,6.3768479617365426e-05
1153,0.21772493880818244,0.21766643073384687,5.8508074335578142e-05
1154,0.2815683946824904,0.28161827716674476,4.9882484254359927e-05
1155,0.44435972829162484,0.44432332817829429,3.6400113330559147e-05
1156,0.029194515147966137,0.029211391186614269,1.6876038648132308e-05
1157,-0.10322693267228208,-0.10322240453751245,4.5281347696296548e-06
1158,0.24788618079870364,0.24786258394677105,2.3596851932594642e-05
1159,0.19572056581128691,0.19575771611015971,3.7150298872801191e-05
1160,0.23699726532185292,0.23695097235377746,4.6292968075456464e-05
1161,0.77962638678459284,0.77968300425026482,5.6617465671982004e-05
1162,0.83849562799799071,0.83843113903514155,6.4488962849162945e-05
1163,0.5781273597790394,0.57819539022348398,6.8030444444588944e-05
1164,0.74531916537819864,0.74525398989819591,6.5175480002732655e-05
1165,0.60680893666212155,0.60686671963657535,5.778297445380165e-05
1166,0.093627619820667002,0.093579582304582881,4.8037516084120657e-05
1167,0.17398215341594206,0.17402081958871124,3.8666172769180607e-05
1168,0.34828194843265342,0.34825596847255019,2.597996010322845e-05
1169,0.12243087546276832,0.12243834721923331,7.4717564649967594e-06
1170,0.34769788446554195,0.34771206768327934,1.4183217737384624e-05
1171,0.73337597644195252,0.73334256570546574,3.3410736486771953e-05
1172,0.46643316243837207,0.46648033607705752,4.7173638685449326e-05
1173,0.30153430216322546,0.30147808030098205,5.6221862243410747e-05
1174,0.40808840938384083,0.40814974298894652,6.133360510568453e-05
1175,-0.043637171408468164,-0.043703678654859114,6.6507246390949681e-05
1176,-0.43430165614217697,-0.43423445546713652,6.7200675040457458e-05
1177,-0.21772512710469311,-0.21778574510044832,6.0617995755213316e-05
1178,-0.28156878475867619,-0.28151906480498295,4.9719953693239116e-05
1179,-0.44435905755408311,-0.44439605516738667,3.6997613303557664e-05
1180,-0.029195274008121587,-0.029169805822709033,2.5468185412554079e-05
1181,0.1032273962077993,0.10321459189791941,1.2804309879890785e-05
1182,-0.24788632513913664,-0.24788898362129677,2.6584821601338682e-06
1183,-0.19572114729133699,-0.19569888020315332,2.2267088183675066e-05
1184,-0.23699653210348295,-0.23703837205625747,4.1839952774513911e-05
1185,-0.77962700787141592,-0.77957275475534926,5.425311606666039e-05
1186,-0.83849513814324472,-0.83855705625897203,6.1918115727310763e-05
1187,-0.57812723756354745,-0.57806198758527794,6.52499782695104e-05
1188,-0.7453198476123718,-0.7453862270317676,6.6379419395801165e-05
1189,-0.6068082502284754,-0.60674420658756523,6.4043640910171895e-05
1190,-0.093628258685293703,-0.093684458899138706,5.620021384500351e-05
1191,-0.17398183918890062,-0.17394033465052888,4.1504538371733846e-05
1192,-0.34828163498873732,-0.3483068987727031,2.5263783965778774e-05
1193,-0.12243155680758451,-0.12242021118696102,1.134562062349298e-05
1194,-0.34769712126094882,-0.34769629914794392,8.2211300489465344e-07
1195,-0.73337645798728746,-0.73339115204408467,1.469405679721536e-05
1196,-0.46643295723400752,-0.46640214113821243,3.0816095795083154e-05
1197,-0.30153384280675194,-0.30158076407578616,4.6921269034216895e-05
1198,-0.4080892589299856,-0.40802926555663871,5.9993373346889367e-05
1199,0.043637692709484512,0.04357324167565186,6.4451033832652049e-05
1200,0.43430104903546424,0.43436638831463531,6.5339279171072739e-05
1201,0.21772502157869333,0.21766086049920927,6.4161079484065242e-05
1202,0.28156935908074104,0.28162882988490962,5.9470804168570979e-05
1203,0.44435831179472068,0.44430848645103627,4.98253436844176e-05
1204,0.029195942635689198,0.029229551974934737,3.3609339245538328e-05
1205,-0.1032276716606545,-0.10324270134488629,1.5029684231795959e-05
1206,0.24788621679727987,0.24788369769485488,2.5191024249915372e-06
1207,0.19572191987835671,0.19573715481802101,1.5234939664293679e-05
1208,0.23699581820805987,0.23696965028282024,2.616792523962852e-05
1209,0.77962753808645113,0.77966741596297318,3.987787652204311e-05
1210,0.83849487776140674,0.83844263392655527,5.2243834851473103e-05
1211,0.57812685404690733,0.57818872533450016,6.187128759282956e-05
1212,0.74532065036506157,0.74525540251663325,6.52478484283181e-05
1213,0.60680760624048402,0.60687064048348993,6.303424300591054e-05
1214,0.093628768360635217,0.093570592459981658,5.8175900653559265e-05
1215,0.17398178233129252,0.17403428611236277,5.2503781070245559e-05
1216,0.34828110196475942,0.34823890642554967,4.2195539209755051e-05
1217,0.12243232407795211,0.12245789244417579,2.5568366223679972e-05
1218,0.34769643485574531,0.34769131030560674,5.1245501385688286e-06
1219,0.73337675674982394,0.73336318817736823,1.3568572455713301e-05
1220,0.46643298415461903,0.46646118419284455,2.8200038225512092e-05
1221,0.30153314585107049,0.30149452379343095,3.8622057639547958e-05
1222,0.40809008383716777,0.40813706782318071,4.6983986012938406e-05
1223,-0.043638134777107866,-0.043695585568014027,5.7450790906160565e-05
1224,-0.43430064352495235,-0.43423745113764423,6.3192387308119713e-05
1225,-0.21772463614745777,-0.21778803096930721,6.3394821849444005e-05
1226,-0.28157005902913562,-0.28151165576891229,5.8403260223327536e-05
1227,-0.4443575634170368,-0.44440809743102455,5.0534013987746373e-05
1228,-0.029196455580484053,-0.029153919454759571,4.2536125724482177e-05
1229,0.1032277315514151,0.10319589803108167,3.1833520333424126e-05
1230,-0.24788586773417468,-0.2478686987121447,1.7169022029972503e-05
1231,-0.19572280943353457,-0.19571943899713254,3.3704364020281652e-06
1232,-0.23699519263769128,-0.23701887171684943,2.3679079158150929e-05
1233,-0.77962792350569243,-0.77958993545426258,3.7988051429849179e-05
1234,-0.83849487181448978,-0.83854330367371965,4.8431859229869367e-05
1235,-0.57812624553593661,-0.57807142780449239,5.4817731444223305e-05
1236,-0.74532149432734485,-0.74538170236565182,6.0208038306974743e-05
1237,-0.60680706617772284,-0.60674353210737253,6.3534070350312888e-05
1238,-0.093629099771840113,-0.093690278774507807,6.1179002667693938e-05
1239,-0.17398199075452378,-0.17392975634058225,5.2234413941532054e-05
1240,-0.34828040105587982,-0.34832154105920948,4.1140003329664943e-05
1241,-0.12243310254309578,-0.12240246129918765,3.0641243908127724e-05
1242,-0.34769589172153781,-0.34771600080261461,2.0109081076802315e-05
1243,-0.73337684305522788,-0.73337077865802147,6.0643972064067242e-06
1244,-0.4664332398767016,-0.46642186517618783,1.1374700513766545e-05
1245,-0.30153228275497779,-0.30156296585376396,3.0683098786177254e-05
1246,-0.40809080843664053,-0.4080439887067584,4.6819729882130456e-05
1247,0.043638457137284439,0.043583941910511972,5.4515226772466896e-05
1248,0.43430048148462913,0.43436039641548058,5.9914930851445725e-05
1249,0.21772401103671948,0.21766176495983286,6.224607688662398e-05
1250,0.28157081602096756,0.28163306168042423,6.2245659456672264e-05
1251,0.44435688504282378,0.44429940239370236,5.748264912142087e-05
1252,0.02919676179895107,0.029242890523788517,4.6128724837446455e-05
1253,-0.10322756964944865,-0.1032594221637744,3.1852514325747538e-05
1254,0.24788531300110275,0.24790271113816179,1.7398137059032592e-05
1255,0.19572373115733985,0.19571708481892269,6.6463384171544515e-06
1256,0.23699471665596425,0.23698947469605985,5.2419599043951326e-06
1257,0.77962812551586125,0.77964912087517479,2.0995359313547013e-05
1258,0.83849511876826766,0.83845821747307259,3.6901295195068684e-05
1259,0.57812547096903255,0.57817685763538551,5.1386666352959409e-05
1260,0.74532229589006183,0.7452627926869424,5.9503203119426473e-05
1261,0.60680668174321839,0.60686819802311387,6.1516279895479364e-05
1262,0.093629219776851944,0.093567938429210837,6.1281347641106709e-05
1263,0.17398244713765676,0.17404185499214014,5.9407854483384259e-05
1264,0.34827960104746014,0.34822692236536251,5.2678682097628826e-05
1265,0.12243381618901503,0.12247350696340324,3.9690774388215222e-05
1266,0.34769554463493313,0.34767308372651423,2.2460908418897585e-05
1267,0.73337670780888375,0.73338284115347407,6.1333445903200001e-06
1268,0.46643369823250452,0.46644138062493035,7.6823924258229148e-06
1269,0.30153133875832167,0.30151319481940408,1.8143938917580815e-05
1270,0.40809136628638915,0.40812073667042942,2.937038404027259e-05
1271,-0.043638626407275415,-0.043682647755297295,4.4021348021880402e-05
1272,-0.4343005820438498,-0.43424616395567145,5.4418088178354029e-05
1273,-0.21772320894209296,-0.21778409953879649,6.0890596703527811e-05
1274,-0.28157155720443755,-0.28151056019999604,6.0997004441509795e-05
1275,-0.44435634271760793,-0.44441413951061148,5.7796793003550562e-05
1276,-0.029196829584274057,-0.029143331621908651,5.3497962365405688e-05
1277,0.10322720176299027,0.10318145890481228,4.5742858177988399e-05
1278,-0.24788460714226951,-0.24785135091371222,3.3256228557293488e-05
1279,-0.19572459727712085,-0.19573856621385113,1.3968936730279768e-05
1280,-0.23699443770945705,-0.23699920746674674,4.769757289690979e-06
1281,-0.77962812436227436,-0.77960886191279977,1.926244947458855e-05
1282,-0.83849559273935403,-0.8385263396331295,3.0746893775468465e-05
1283,-0.57812460819570999,-0.57808533423129993,3.9273964410058149e-05
1284,-0.7453229748452509,-0.74537174862045996,4.8773775209065562e-05
1285,-0.60680648971322459,-0.60674889583248548,5.75938807391152e-05
1286,-0.093629115935059237,-0.093689843880402857,6.0727945343619361e-05
1287,-0.17398310638110728,-0.17392524350392449,5.7862877182790484e-05
1288,-0.34827878153076358,-0.34833069999294242,5.191846217883489e-05
1289,-0.12243439502034634,-0.12238925829319657,4.5136727149772127e-05
1290,-0.34769542762286371,-0.34773238502649884,3.6957403635129449e-05
1291,-0.73337636352013125,-0.73335228051775603,2.4083002375219209e-05
1292,-0.46643431317624084,-0.46644127500314414,6.9618269032956093e-06
1293,-0.3015304051184603,-0.30154390336920733,1.3498250747034923e-05
1294,-0.40809170539240064,-0.40806146968095691,3.0235711443726832e-05
1295,0.043638621152199013,0.043598711964455979,3.9909187743034091e-05
1296,0.43430093836206229,0.43434928897190789,4.8350609845593251e-05
1297,0.21772230960598823,0.21766849713539657,5.3812470591663164e-05
1298,0.28157221108119174,0.28163113268334888,5.8921602157147035e-05
1299,0.44435598965160467,0.4442964122341973,5.9577417407363775e-05
1300,0.029196649916484043,0.029250596957334295,5.394704085025237e-05
1301,-0.10322666441285533,-0.10327133686569533,4.4672452839997212e-05
1302,0.24788381882794996,0.24791805445659842,3.4235628648460192e-05
1303,0.19572532501612672,0.19569931317262201,2.6011843504702981e-05
1304,0.23699438458406474,0.23700851895023334,1.4134366168594426e-05
1305,0.7796279208170559,0.7796300400125552,2.1191954993060591e-06
1306,0.8384962463363046,0.83847609887695584,2.0147459348751617e-05
1307,0.57812374291480628,0.57816133175916096,3.7588844354674578e-05
1308,0.74532346483407785,0.74527496170008012,4.8503133997734871e-05
1309,0.60680650817162374,0.60686016790199937,5.3659730375632542e-05
1310,0.093628797544593703,0.093571317183688815,5.748036090488795e-05
1311,0.1739839019331825,0.17404333783114301,5.9435897960508077e-05
1312,0.3482780244581723,0.34822068300966103,5.7341448511272208e-05
1313,0.12243478184297939,0.12248408984779587,4.9308004816478457e-05
1314,0.34769555263195179,0.34765885088932785,3.6701742623934663e-05
1315,0.73337584325780714,0.73339979522605192,2.3951968244784183e-05
1316,0.46643502357761973,0.46642280858174689,1.221499587283903e-05
1317,0.30152957089097265,0.30153217880754074,2.6079165680870098e-06
1318,0.40809179331590195,0.40810257121322668,1.0777897324731889e-05
1319,-0.043638438889712639,-0.0436664760068615,2.8037117148861646e-05
1320,-0.434301511098098,-0.43425929813455411,4.2212963543897253e-05
1321,-0.21772140280713195,-0.21777484810048275,5.3445293350801171e-05
1322,-0.28157271438440334,-0.28151533679384005,5.737759056329006e-05
1323,-0.44435586057219217,-0.44441413891235509,5.827834016292055e-05
1324,-0.0291962403630277,-0.029138564995186009,5.7675367841691222e-05
1325,0.10322601150095366,0.10317224260501907,5.3768895934586114e-05
1326,-0.24788302422133379,-0.24783829013520467,4.473408612912233e-05
1327,-0.19572584413871313,-0.19575461836622388,2.8774227510741657e-05
1328,-0.23699456426951671,-0.23698120924006094,1.3355029455763834e-05
1329,-0.77962753583179933,-0.77962763678224889,1.0095044955527044e-07
1330,-0.83849701540431587,-0.83850800570703976,1.0990302723890011e-05
1331,-0.57812295986533568,-0.57810204042947022,2.0919435865462965e-05
1332,-0.74532372061332708,-0.74535774931670884,3.4028703381761005e-05
1333,-0.60680673479005443,-0.60675928639677801,4.7448393276416923e-05
1334,-0.093628294450917027,-0.093683728488997156,5.5434038080129366e-05
1335,-0.1739847547922406,-0.17392669543562031,5.805935662028805e-05
1336,-0.34827740325836043,-0.34833399702131956,5.6593762959133986e-05
1337,-0.12243493793080967,-0.12238143457326764,5.3503357542034058e-05
1338,-0.34769590824035496,-0.34774422036222014,4.8312121865179414e-05
1339,-0.7333751976264663,-0.73333720754889886,3.7990077567440217e-05
1340,-0.46643575937384668,-0.46645860332367955,2.2843949832873633e-05
1341,-0.30152891497309636,-0.30152544626988936,3.468703206999102e-06
1342,-0.40809162055906689,-0.40807985793099599,1.1762628070899339e-05
1343,0.043638096236779264,0.043615840386675632,2.2255850103632124e-05
1344,0.43430223905337201,0.43433452757517188,3.2288521799872516e-05
1345,0.21772057785506899,0.21767993965400931,4.0638201059678414e-05
1346,0.28157301823670983,0.2816237441799368,5.0725943226970216e-05
1347,0.44435596852876297,0.4442992755224382,5.669300632477059e-05
1348,0.029195642713958719,0.029252436107489097,5.679339353037785e-05
1349,-0.10322530865004526,-0.10327775075819509,5.2442108149836075e-05
1350,0.24788229969519199,0.24792861930293686,4.6319607744871316e-05
1351,0.19572610340318164,0.19568528926316558,4.0814140016054434e-05
1352,0.23699496084686786,0.23702508723401491,3.0126387147055844e-05
1353,0.77962700822760933,0.77961200518839535,1.500303921397883e-05
1354,0.83849782523991701,0.83849442937403573,3.3958658812727194e-06
1355,0.57812233501536126,0.57814389348053474,2.1558465173487917e-05
1356,0.74532371915810292,0.74529037981953505,3.3339338567861532e-05
1357,0.60680714851579376,0.60684776498077486,4.0616464981102496e-05
1358,0.093627653959540605,0.093579906979151112,4.7746980389493099e-05
1359,0.173985580726879,0.1740391106507066,5.3529923827594361e-05
1360,0.34827697766519772,0.34822028166468832,5.6696000509393052e-05
1361,0.12243484798553861,0.12248908533978431,5.4237354245700864e-05
1362,0.34769646054649406,0.34764959314585148,4.6867400642580659e-05
1363,0.73337449003702948,0.73341270784484147,3.8217807811991023e-05
1364,0.46643644849304494,0.46640708410395149,2.9364389093455845e-05
1365,0.30152849910075069,0.30154969151903427,2.1192418283577652e-05
1366,0.40809120189056947,0.40808440787305494,6.7940175145220216e-06
1367,-0.043637626951935779,-0.043648839730612912,1.1212778677133217e-05
1368,-0.4343030480819281,-0.4342752659211383,2.7782160789802113e-05
1369,-0.21771991277478137,-0.21776158009496005,4.1667320178684353e-05
1370,-0.28157309295942301,-0.28152505046179427,4.8042497628741909e-05
1371,-0.44435630382351887,-0.44440860237119978,5.2298547680906804e-05
1372,-0.029194916462856598,-0.02913957330945105,5.5343153405548046e-05
1373,0.10322462423797402,0.10316866553261654,5.5958705357475602e-05
1374,-0.24788171458380773,-0.24783036762938038,5.1346954427350378e-05
1375,-0.19572607534617084,-0.19576636531662991,4.0289970459073121e-05
1376,-0.23699553653705691,-0.23696640561738475,2.9130919672160083e-05
1377,-0.77962639065811878,-0.77964453269544254,1.8142037323753968e-05
1378,-0.83849859769320212,-0.83849011567521958,8.4820179825362274e-06
1379,-0.57812192860184075,-0.57811976398918252,2.1646126582286485e-06
1380,-0.74532346161030072,-0.74534133995260643,1.7878342305710504e-05
1381,-0.60680771029077274,-0.60677332102648363,3.4389264289114152e-05
1382,-0.093626938177421432,-0.09367297341104934,4.6035233627908512e-05
1383,-0.17398629790009834,-0.17393348019290153,5.281770719681167e-05
1384,-0.34827678871862933,-0.34833161494630777,5.4826227678439476e-05
1385,-0.12243452166776407,-0.12237926755301304,5.5254114751032701e-05
1386,-0.34769715604559337,-0.3477507879712613,5.3631925667929625e-05
1387,-0.7333737907038046,-0.73332667262978779,4.7118074016805345e-05
1388,-0.46643702389738734,-0.46647241607621009,3.5392178822757359e-05
1389,-0.30152836240789743,-0.30150925624114638,1.910616675104837e-05
1390,-0.40809057545768262,-0.40809737230618381,6.7968485011893343e-06
1391,0.043637078251918246,0.043633542278735851,3.535973182394736e-06
1392,0.4343038581702342,0.43431778511112618,1.3926940891972883e-05
1393,0.21771946996848357,0.21769463993698757,2.4830031496003713e-05
1394,0.28157293077002055,0.28161203462166184,3.9103851641297815e-05
1395,0.44435683505257439,0.44430724122041554,4.9593832158856266e-05
1396,0.029194133307622903,0.029248723563934056,5.4590256311153051e-05
1397,-0.10322402417468199,-0.10327852426884816,5.4500094166173851e-05
1398,0.24788132552223718,0.24793382078093376,5.2495258696577674e-05
1399,0.19572575896549366,0.19567600461092508,4.9754354568581904e-05
1400,0.23699623484991789,0.23703784640494341,4.1611555025522495e-05
1401,0.7796257442426876,0.77959660412382326,2.9140118864345865e-05
1402,0.83849925850572682,0.83851147006639126,1.221156066444351e-05
1403,0.57812177963514244,0.57812631984699225,4.5402118498127919e-06
1404,0.74532297320564556,0.74530734715369273,1.562605195282174e-05
1405,0.60680836602536681,0.60683250189226789,2.4135866901087155e-05
1406,0.093626220183839814,0.093592480211479451,3.3739972360363746e-05
1407,0.17398683444335561,0.17403003690904745,4.3202465691838388e-05
1408,0.34827685486111803,0.3482252743855514,5.1580475566637141e-05
1409,0.12243399129075605,0.12248848980385484,5.4498513098785728e-05
1410,0.34769792613697226,0.34764576070684722,5.2165430125039602e-05
1411,0.73337316991626322,0.73342071218634985,4.7542270086631255e-05
1412,0.46643743008909311,0.46639543370062936,4.1996388463749756e-05
1413,0.30152851801746999,0.30156422691216184,3.5708894691843795e-05
1414,0.40808979972708115,0.40806793408191155,2.1865645169594217e-05
1415,-0.043636505776512312,-0.043631498013257421,5.0077632548911621e-06
1416,-0.43430459088431128,-0.43429235076763378,1.2240116677497692e-05
1417,-0.21771929086498068,-0.2177458582919467,2.6567426966023211e-05
1418,-0.281572546941605,-0.2815383932880271,3.4153653577895238e-05
1419,-0.44435751103729698,-0.44439849857209007,4.0987534793091029e-05
1420,-0.029193370613865753,-0.029145789344480515,4.758126938523774e-05
1421,0.10322356629137713,0.10317059802688815,5.2968264488986727e-05
1422,-0.24788117130445861,-0.24782789895451846,5.3272349940153285e-05
1423,-0.19572518065924005,-0.19577306751184909,4.7886852609035913e-05
1424,-0.23699698558026072,-0.2369559114661996,4.1074114061123712e-05
1425,-0.77962513238988496,-0.77965813240551984,3.3000015634887525e-05
1426,-0.83849974421377349,-0.83847429674680529,2.5447466968198107e-05
1427,-0.57812190235220651,-0.57813677361257199,1.4871260365478811e-05
1428,-0.74532230098111507,-0.74532424347223392,1.9424911188448135e-06
1429,-0.60680905194169377,-0.60678939683946498,1.9655102228788301e-05
1430,-0.093625572442280203,-0.093658957734851098,3.3385292570894953e-05
1431,-0.17398713808654495,-0.17394453152527997,4.2606561264979526e-05
1432,-0.34827717009881654,-0.34832423857443728,4.7068475620748451e-05
1433,-0.12243330868811685,-0.12238249762518161,5.0811062935238183e-05
1434,-0.34769869496651512,-0.34775190615142898,5.3211184913859455e-05
1435,-0.73337268977879499,-0.73332128623887771,5.140353991728297e-05
1436,-0.46643762847329351,-0.46648171432045948,4.4085847165975522e-05
1437,-0.30152895195560875,-0.30149665525125657,3.229670435217491e-05
1438,-0.40808894849606425,-0.40811245407869196,2.3505582627703081e-05
1439,0.043635967706274918,0.043650123626654387,1.4155920379468889e-05
1440,0.43430517651399025,0.43430078080749873,4.3957064915223221e-06
1441,0.21771939213903224,0.21771096506355636,8.4270754758808408e-06
1442,0.2815719785687763,0.28159744488822558,2.5466319449274355e-05
1443,0.44435826352197638,0.44431915359247698,3.9109929499403506e-05
1444,0.029192704264001133,0.029240255462620685,4.7551198619551205e-05
1445,-0.10322329470163676,-0.10327404292149539,5.0748219858634536e-05
1446,0.24788126774625582,0.24793360949986185,5.2341753606022223e-05
1447,0.19572439770993644,0.19567193958175047,5.2458128185967068e-05
1448,0.2369977112260461,0.23704591699847055,4.8205772424453341e-05
1449,0.77962461440915787,0.77958505768233843,3.9556726819434118e-05
1450,0.83850000799659186,0.83852573842992628,2.5730433334425484e-05
1451,0.57812228492923035,0.57811025847467312,1.2026454557223509e-05
1452,0.74532150946055331,0.74532415810427088,2.6486437175732291e-06
1453,0.60680970086403951,0.60681603152939945,6.3306653599326523e-06
1454,0.093625059223513829,0.093607543776644805,1.7515446869023621e-05
1455,0.17398718142102684,0.17401735337984231,3.017195881546697e-05
1456,0.34827770409650649,0.34823476048704366,4.2943609462831045e-05
1457,0.12243254035718291,0.12248281000417756,5.0269646994643979e-05
1458,0.34769938705510894,0.34764727292259079,5.211413251815511e-05
1459,0.73337239603596172,0.73342345827488942,5.1062238927701564e-05
1460,0.46643760100690734,0.46638861455568098,4.8986451226362693e-05
1461,0.30152962448015541,0.30157467037467273,4.5045894517314888e-05
1462,0.40808810438855703,0.40805454900998522,3.3555378571803463e-05
1463,-0.0436355186150756,-0.043616043385044302,1.947523003129753e-05
1464,-0.43430556027959588,-0.43430887036395094,3.3100843550570858e-06
1465,-0.21771976416301911,-0.21772934555421866,9.5813911995534795e-06
1466,-0.28157128092070011,-0.28155382963942649,1.745128127361717e-05
1467,-0.44435901718758908,-0.44438513656714662,2.6119379557543176e-05
1468,-0.02919219949108685,-0.029156215123517487,3.5984367569363157e-05
1469,0.10322323545374515,0.10317741736892795,4.5818084817197957e-05
1470,-0.24788160645558102,-0.2478306763947514,5.0930060829623702e-05
1471,-0.19572348976927922,-0.19577450489348161,5.1015124202385964e-05
1472,-0.23699833674823456,-0.23695035963396377,4.7977114270791876e-05
1473,-0.77962423952734439,-0.77966743199869015,4.3192471345765426e-05
1474,-0.83850002394684375,-0.83846185819073782,3.8165756105934534e-05
1475,-0.57812289056524035,-0.57815154007397462,2.8649508734268636e-05
1476,-0.74532067470124541,-0.74530810954252003,1.2565158725386105e-05
1477,-0.60681024885165524,-0.60680585088529004,4.3979663651994017e-06
1478,-0.093624730627212077,-0.093643249854975671,1.851922776359427e-05
1479,-0.17398696210055728,-0.17395847712174076,2.8484978816523121e-05
1480,-0.34827840396318061,-0.34831295548789937,3.4551524718762217e-05
1481,-0.12243176124469789,-0.12239039197318828,4.1369271509605898e-05
1482,-0.3476999342754204,-0.34774790603530387,4.7971759883469467e-05
1483,-0.7333723162314062,-0.73332113972575996,5.1176505646233217e-05
1484,-0.46643735070550446,-0.46648599085261871,4.8640147114253907e-05
1485,-0.30153047370179442,-0.30148853278030463,4.194092148979145e-05
1486,-0.40808735139763885,-0.40812388979760744,3.6538399968588653e-05
1487,0.04363520366689403,0.043664126220786872,2.8922553892841985e-05
1488,0.43430570705996463,0.43428512268478109,2.0584375183541059e-05
1489,0.21772037182653264,0.2177272617043082,6.8898777755566076e-06
1490,0.28157052206386407,0.28158156635241516,1.1044288551087522e-05
1491,0.44435969764646421,0.44433358629123199,2.6111355232227851e-05
1492,0.029191903816474612,0.029228200926475233,3.629711000062083e-05
1493,-0.10322339410467039,-0.10326514324583,4.1749141159605485e-05
1494,0.24788215600765193,0.24792843571596734,4.6279708315416501e-05
1495,0.19572254758794336,0.1956730587419479,4.9488845995454556e-05
1496,0.23699880307704635,0.23704891801808897,5.0114941042622707e-05
1497,0.77962404197561996,0.77957813789813257,4.5904077487390893e-05
1498,0.83849978938669933,0.83853612209389472,3.6332707195385616e-05
1499,0.57812366084010924,0.5780970893897448,2.6571450364443194e-05
1500,0.74531987723085125,0.74533925490194142,1.9377671090170523e-05
1501,0.60681064154477704,0.60679998811809832,1.0653426678719491e-05
1502,0.093624618032169801,0.093623493066098962,1.1249660708395615e-06
1503,0.17398650271687144,0.17400253107583993,1.6028358968495082e-05
1504,0.34827920075688412,0.34824749769692853,3.1703059955590085e-05
1505,0.12243104792283467,0.12247297931487519,4.1931392040520099e-05
1506,0.34770028215921522,0.34765356531586122,4.6716843353999948e-05
1507,0.7333724574039483,0.73342110570625796,4.8648302309661773e-05
1508,0.46643690142296451,0.46638688163110181,5.0019791862698781e-05
1509,0.30153141991553006,0.30158036960159756,4.8949686067500942e-05
1510,0.40808676712713982,0.40804525935973401,4.1507767405801754e-05
1511,-0.043635053734660333,-0.043603771097005313,3.1282637655019596e-05
1512,-0.434305604241223,-0.43432332535715817,1.7721115935176446e-05
1513,-0.21772115765101893,-0.21771364779866387,7.5098523550642948e-06
1514,-0.2815697762591356,-0.28156975132043149,2.4938704101806763e-08
1515,-0.4443602384415945,-0.44437002257050073,9.7841289062317038e-06
1516,-0.029191844658905949,-0.029169543890446351,2.2300768459597442e-05
1517,0.10322375617409311,0.10318810064649868,3.565552759443591e-05
1518,-0.24788286519876299,-0.24783802672634248,4.4838472420510866e-05
1519,-0.19572166497504989,-0.19577095792935759,4.9292954307694758e-05
1520,-0.23699906725525965,-0.2369498799436659,4.9187311593756888e-05
1521,-0.77962404001210073,-0.77967190045329038,4.7860441189651048e-05
1522,-0.83849932503162128,-0.83845369714241047,4.5627889210808625e-05
1523,-0.5781245210494862,-0.57816285888531416,3.8337835827961797e-05
1524,-0.74531919451029194,-0.74529437141513566,2.4823095156278896e-05
1525,-0.60681083961734028,-0.60682111443772035,1.027482038007399e-05
1526,-0.093624731376278331,-0.093627452054760849,2.7206784825178909e-06
1527,-0.17398584847985288,-0.17397378506731456,1.2063412538315665e-05
1528,-0.34828001659762708,-0.34829912804095992,1.9111443332830991e-05
1529,-0.12243047071014572,-0.12240184584092781,2.8624869217910853e-05
1530,-0.34770039526261687,-0.34773956358684704,3.9168324230176577e-05
1531,-0.73337280524625248,-0.73332583568072196,4.696956553051912e-05
1532,-0.4664362963161332,-0.46648523938624892,4.8943070115714526e-05
1533,-0.30153236865965,-0.30148529774087479,4.7070918775204973e-05
1534,-0.40808641533856815,-0.40813089509230227,4.4479753734116834e-05
1535,0.043635081934956278,0.043674441694365997,3.9359759409718365e-05
1536,0.43430526245938983,0.43427217072499058,3.3091734399248729e-05
1537,0.2177220469253999,0.21774200683452341,1.9959909123512531e-05
1538,0.2815691167455463,0.28156598608594707,3.1306595992264263e-06
1539,0.44436058724291172,0.4443489911843897,1.1596058522023167e-05
1540,0.029192026936558587,0.029213968856258404,2.1941919699817319e-05
1541,-0.10322428728238801,-0.10325300380816822,2.8716525780209112e-05
1542,0.24788366526190836,0.24791917163822122,3.5506376312860466e-05
1543,0.19572093054323142,0.19567885227869242,4.2078264539002763e-05
1544,0.23699910524411252,0.23704696442484724,4.7859180734716178e-05
1545,0.77962423502511691,0.77957613146940763,4.8103555709277934e-05
1546,0.83849867363954966,0.83854195194175984,4.3278302210181252e-05
1547,0.57812538704481309,0.57808782012870097,3.7566916112119486e-05
1548,0.74531869360226966,0.74535135745417169,3.2663851902037244e-05
1549,0.60681082281413479,0.60678584088360898,2.4981930525802554e-05
1550,0.093625058494361618,0.093638765269505111,1.3706775143493277e-05
1551,0.17398506285266474,0.17398712493493942,2.0620822746841849e-06
1552,0.34828077206643365,0.34826203973160241,1.8732334831239594e-05
1553,0.12243008604511622,0.12246024179140089,3.0155746284662999e-05
1554,0.34770026335429682,0.34766367637237539,3.6586981921438166e-05
1555,0.73337332527082799,0.73341427158680539,4.0946315977397063e-05
1556,0.46643559343283425,0.46639000167013089,4.5591762703356409e-05
1557,0.30153322474634914,0.30158115950482278,4.7934758473644479e-05
1558,0.4080863337123134,0.40804061721510104,4.5716497212355822e-05
1559,-0.043635281941347859,-0.043595583813009237,3.9698128338622185e-05
1560,-0.43430471420174876,-0.43433452158493741,2.9807383188640291e-05
1561,-0.21772295441314829,-0.21770017280575857,2.2781607389721348e-05
1562,-0.28156860858208788,-0.28158462853226102,1.6019950173140618e-05
1563,-0.44436071067647015,-0.44435470903814434,6.0016383258143513e-06
1564,-0.029192432631463074,-0.029184301199526388,8.1314319366858345e-06
1565,0.10322493595511389,0.10320134687090383,2.3589084210060007e-05
1566,-0.24788447362468691,-0.24784890646692581,3.5567157761096091e-05
1567,-0.19572041950101154,-0.19576314537498629,4.2725873974747142e-05
1568,-0.23699891465079703,-0.2369541244297777,4.4790221019330723e-05
1569,-0.77962460904909348,-0.77967149299064242,4.6883941548947483e-05
1570,-0.83849789975172229,-0.83845024758576936,4.7652165952927206e-05
1571,-0.57812617297906455,-0.57816993561828589,4.3762639221345268e-05
1572,-0.74531842471837173,-0.74528413188500431,3.4292833367421949e-05
1573,-0.60681059217790456,-0.60683384831609166,2.3256138187099928e-05
1574,-0.0936255665534802,-0.093613052713529044,1.2513839951155958e-05
1575,-0.17398422155239338,-0.17398891449984275,4.6929474493695444e-06
1576,-0.34828139372688649,-0.34828424961708937,2.8558902028796851e-06
1577,-0.12242993121595158,-0.1224155100452524,1.4421170699177588e-05
1578,-0.34769990123712557,-0.34772799657032688,2.8095333201305639e-05
1579,-0.73337396640821861,-0.73333455983629381,3.9406571924804901e-05
1580,-0.46643485992094769,-0.46647991840393616,4.5058482988469262e-05
1581,-0.30153390265550156,-0.30148687657928863,4.7026076212930423e-05
1582,-0.40808652594954031,-0.40813315444112919,4.6628491588873722e-05
1583,0.043635628950971443,0.043680386529875909,4.4757578904465467e-05
1584,0.43430401042643468,0.43426293154441098,4.1078882023704022e-05
1585,0.21772379204088763,0.21775393650583805,3.0144464950421224e-05
1586,0.28156830220992263,0.28155214302841475,1.6159181507879872e-05
1587,0.44436059734956374,0.44436384789011601,3.2505405522798014e-06
1588,0.029193022488378868,0.029199062398360492,6.0399099816241253e-06
1589,-0.10322563882719239,-0.10323901311868383,1.337429149143865e-05
1590,0.24788520828464447,0.24790700132694982,2.1793042305345844e-05
1591,0.1957201806019595,0.1956884169987485,3.1763603210999136e-05
1592,0.2369985154680134,0.23704062045504945,4.2104987036051256e-05
1593,0.77962512663601691,0.77957884914262254,4.6277493394364377e-05
1594,0.83849708076323115,0.83854303058013779,4.5949816906643015e-05
1595,0.57812680061757293,0.57808302131590894,4.3779301663993131e-05
1596,0.74531841624120332,0.7453595594903476,4.1143249144282024e-05
1597,0.6068101702348645,0.60677477246269917,3.5397772165324248e-05
1598,0.093626205432762483,0.09365197848020633,2.577304744384723e-05
1599,0.17398340546628044,0.17397262624512319,1.077922115724772e-05
1600,0.34828182108254602,0.34827688275462426,4.9383279217551923e-06
1601,0.12243002098718062,0.12244601632728597,1.5995340105351419e-05
1602,0.34769934542587494,0.34767636397013224,2.2981455742698831e-05
1603,0.73337466697236064,0.73340394104308115,2.9274070720508583e-05
1604,0.46643416557214723,0.4663973099799133,3.6855592233930867e-05
1605,0.30153433390674911,0.30157734177534401,4.3007868594902021e-05
1606,0.40808696983188703,0.40804070285932009,4.6266972566932907e-05
1607,-0.043636088810146426,-0.043591937974873755,4.4150835272670219e-05
1608,-0.43430321553749912,-0.43434165663252877,3.8441095029650985e-05
1609,-0.2177244768929823,-0.21769001640175548,3.4460491226823153e-05
1610,-0.28156822834415451,-0.28159714353090387,2.8915186749356447e-05
1611,-0.44436025880080171,-0.44434064986969174,1.9608931109971195e-05
1612,-0.029193739685861239,-0.029198991445211105,5.2517593498654924e-06
1613,0.10322632696149063,0.10321571573218224,1.0611229308385428e-05
1614,-0.24788579638575842,-0.24786202386408754,2.3772521670878399e-05
1615,-0.19572023218759377,-0.19575212694047409,3.1894752880318178e-05
1616,-0.2369979478593833,-0.23696233373643436,3.5614122948945948e-05
1617,-0.77962573856091766,-0.77966661987613139,4.0881315213736613e-05
1618,-0.83849629773657053,-0.83845147437855805,4.4823358012480163e-05
1619,-0.57812720928349659,-0.57817242861313223,4.5219329635637351e-05
1620,-0.74531867151464237,-0.74527808666945516,4.0584845187208174e-05
1621,-0.60680959910182786,-0.60684304840135761,3.3449299529753063e-05
1622,-0.09362691271576698,-0.093601298781774506,2.5613933992474358e-05
1623,-0.17398269312504719,-0.1740024568415218,1.976371647460784e-05
1624,-0.34828201233735157,-0.34826979887234061,1.2213465010957325e-05
1625,-0.12243034634436498,-0.12242993179743136,4.1454693361364647e-07
1626,-0.34769865061021094,-0.34771453779132289,1.5887181111950976e-05
1627,-0.73337535937723042,-0.73334618555927378,2.9173817956640313e-05
1628,-0.46643357941750951,-0.46647087567635115,3.7296258841634788e-05
1629,-0.30153447288642093,-0.30149275488792115,4.1717998499779529e-05
1630,-0.40808761957304945,-0.40813081607990698,4.319650685752352e-05
1631,0.043636619486380826,0.043681733766338819,4.5114279957993164e-05
1632,0.43430240352407928,0.4342579919947237,4.4411529355581347e-05
1633,0.21772493880821661,0.21776214258221571,3.7203773999100465e-05
1634,0.28156839468253397,0.28154120723384507,2.7187448688903437e-05
1635,0.44435972829167536,0.44437680068363822,1.7072391962857925e-05
1636,0.029194515147949442,0.02918493478937715,9.5803585722920026e-06
1637,-0.10322693267228567,-0.10322462758695093,2.3050853347333922e-06
1638,0.24788618079864608,0.2478932899707938,7.1091721477178904e-06
1639,0.19572056581131544,0.19570056726682031,1.9998544495136716e-05
1640,0.23699726532186233,0.23703081563586753,3.3550314005204029e-05
1641,0.77962638678457097,0.77958567733473216,4.0709449838804979e-05
1642,0.83849562799798583,0.8385396163835116,4.3988385525772777e-05
1643,0.57812735977903207,0.57808280596732331,4.4553811708758495e-05
1644,0.74531916537822773,0.74536338451717254,4.4219138944812109e-05
1645,0.60680893666221447,0.60676759137012193,4.1345292092542785e-05
1646,0.09362761982060229,0.093662045086970111,3.4425266367821283e-05
1647,0.17398215341592202,0.17396033078619741,2.1822629724610465e-05
1648,0.3482819484326839,0.34829060712437082,8.6586916869246799e-06
1649,0.12243087546282205,0.12243175422643544,8.7876361339056519e-07
1650,0.34769788446526045,0.34769023924897619,7.6452162842688409e-06
1651,0.73337597644192543,0.733391350581165,1.5374139239576756e-05
1652,0.46643316243839761,0.46640780230225587,2.536013614173882e-05
1653,0.30153430216322835,0.30156962370732848,3.5321544100130886e-05
1654,0.40808840938387636,0.40804515133049857,4.3258053377792649e-05
1655,-0.043637171408327562,-0.043592834064691083,4.4337343636478843e-05
1656,-0.43430165614213057,-0.43434436518271613,4.2709040585564573e-05
1657,-0.21772512710475309,-0.21768388448837281,4.1242616380277042e-05
1658,-0.28156878475868058,-0.28160629611554056,3.7511356859976086e-05
1659,-0.44435905755407096,-0.44432907428138002,2.9983272690936591e-05
1660,-0.029195274008288273,-0.029212236418266313,1.6962409978039938e-05
1661,0.10322739620780846,0.10322976957997057,2.3733721621066461e-06
1662,-0.24788632513909317,-0.24787597508854758,1.0350050545587797e-05
1663,-0.19572114729129603,-0.19573918171069662,1.803441940059769e-05
1664,-0.23699653210350077,-0.23697343621856523,2.3095884935542266e-05
1665,-0.77962700787127792,-0.77965807619329841,3.1068322020488814e-05
1666,-0.83849513814330878,-0.83845691008927248,3.8228054036304471e-05
1667,-0.57812723756360074,-0.57817044787309257,4.3210309491836796e-05
1668,-0.74531984761236225,-0.74527648975908278,4.3357853279468728e-05
1669,-0.60680825022849039,-0.60684811374185932,3.9863513368931791e-05
1670,-0.093628258685317947,-0.093593098681968703,3.5160003349243851e-05
1671,-0.17398183918889792,-0.17401325555299021,3.1416364092290427e-05
1672,-0.34828163498871878,-0.34825710512286034,2.4529865858435862e-05
1673,-0.12243155680762066,-0.12244369542187002,1.2138614249354585e-05
1674,-0.34769712126096164,-0.347700597407467,3.4761465053656515e-06
1675,-0.73337645798723572,-0.73335939958622109,1.7058401014624636e-05
1676,-0.46643295723401113,-0.46645924261993016,2.6285385919033732e-05
1677,-0.30153384280673434,-0.30150205613223363,3.1786674500711154e-05
1678,-0.40808925893004255,-0.40812444525906472,3.5186329022163232e-05
1679,0.043637692709453835,0.043678701228027687,4.1008518573852626e-05
1680,0.43430104903540234,0.43425749524840496,4.3553786997385657e-05
1681,0.21772502157864795,0.21776613073887466,4.1109160226704411e-05
1682,0.28156935908070962,0.28153399159422254,3.5367486487081212e-05
1683,0.44435831179476609,0.44438677128349147,2.8459488725374182e-05
1684,0.029195942635779105,0.029172859408099279,2.3083227679826512e-05
1685,-0.10322767166073718,-0.10321123286456152,1.6438796175660686e-05
1686,0.24788621679731349,0.24787944552380364,6.7712735098424126e-06
1687,0.19572191987836129,0.19571396410067157,7.95577768972211e-06
1688,0.23699581820814783,0.23701873331594742,2.2915107799587053e-05
1689,0.77962753808647656,0.77959566477071918,3.1873315757380283e-05
1690,0.83849487776144649,0.83853236727181168,3.748951036519621e-05
1691,0.57812685404692687,0.57808685169401264,4.0002352914236816e-05
1692,0.74532065036501649,0.74536279902633362,4.2148661317131797e-05
1693,0.60680760624051788,0.60676468428293284,4.292195758504036e-05
1694,0.093628768360633094,0.093668250853544965,3.9482492911871447e-05
1695,0.17398178233122497,0.17395123355802034,3.0548773204630564e-05
1696,0.34828110196473938,0.34830200199401501,2.0900029275627841e-05
1697,0.12243232407793617,0.1224188033802126,1.3520697723562458e-05
1698,0.34769643485583102,0.34770390483219371,7.4699763626950855e-06
1699,0.73337675674983793,0.73337785643467324,1.0996848353039823e-06
1700,0.46643298415465601,0.4664202513680164,1.2732786639602089e-05
1701,0.30153314585098157,0.3015590242782929,2.5878427311332164e-05
1702,0.40809008383718998,0.40805321764814229,3.6866189047690678e-05
1703,-0.043638134777025502,-0.043597848946324361,4.0285830701140835e-05
1704,-0.43430064352493253,-0.43434272160959148,4.2078084658947468e-05
1705,-0.21772463614756557,-0.21768205572874194,4.2580418823628952e-05
1706,-0.28157005902914067,-0.28161147319346375,4.1414164323072544e-05
1707,-0.44435756341701982,-0.44432088954527948,3.6673871740333652e-05
1708,-0.029196455580499867,-0.029222893917036814,2.6438336536947771e-05
1709,0.10322773155139059,0.10324220566338412,1.4474111993525995e-05
1710,-0.2478858677341631,-0.24788938150876857,3.5137746054736407e-06
1711,-0.19572280943355952,-0.1957256747452151,2.8653116555810154e-06
1712,-0.23699519263772281,-0.23698616882295281,9.0238147699983617e-06
1713,-0.77962792350568189,-0.77964694130279621,1.9017797114329049e-05
1714,-0.838494871814494,-0.83846572870566727,2.9143108826734654e-05
1715,-0.57812624553589331,-0.57816451293128968,3.8267395396363035e-05
1716,-0.74532149432728978,-0.74527916128836369,4.2333038926090083e-05
1717,-0.60680706617768776,-0.60684887340856708,4.1807230879320478e-05
1718,-0.093629099771724567,-0.093588962515714788,4.0137256009778466e-05
1719,-0.17398199075446952,-0.17402049494114885,3.8504186679333419e-05
1720,-0.34828040105592273,-0.34824723632292598,3.3164732996748825e-05
1721,-0.12243310254314758,-0.12245555029693445,2.2447753786861147e-05
1722,-0.34769589172157739,-0.34768752738523157,8.3643363458230091e-06
1723,-0.73337684305522788,-0.73337283636732031,4.0066879075650874e-06
1724,-0.46643323987670771,-0.46644630986172858,1.3069985020874864e-05
1725,-0.30153228275494115,-0.30151364812150572,1.863463343543259e-05
1726,-0.40809080843663348,-0.40811494261485459,2.4134178221113523e-05
1727,0.043638457137128744,0.043671899997604811,3.3442860476066982e-05
1728,0.43430048148456746,0.43426115892379902,3.9322560768439985e-05
1729,0.21772401103677549,0.21776583686874396,4.182583196846168e-05
1730,0.28157081602088069,0.28153090201447867,3.9914006402019808e-05
1731,0.44435688504287846,0.44439303881850728,3.615377562882216e-05
1732,0.029196761798944575,0.029163824893241819,3.2936905702756619e-05
1733,-0.10322756964943851,-0.10320002088243689,2.7548767001617236e-05
1734,0.24788531300107572,0.24786678566075307,1.8527340322649355e-05
1735,0.19572373115732833,0.1957272496569871,3.5184996587667161e-06
1736,0.23699471665597957,0.23700568346119677,1.0966805217199616e-05
1737,0.77962812551585992,0.77960763416887002,2.0491346989892634e-05
1738,0.83849511876835736,0.83852225176433692,2.7132995979561869e-05
1739,0.57812547096905431,0.57809446117203478,3.1009797019532215e-05
1740,0.74532229588997256,0.74535818438198909,3.5888492016522555e-05
1741,0.60680668174321384,0.60676601001873565,4.0671724478191784e-05
1742,0.093629219776849668,0.09367029463805901,4.1074861209342006e-05
1743,0.17398244713767916,0.1739459579842676,3.6489153411561892e-05
1744,0.34827960104745986,0.34831016255107528,3.0561503615411656e-05
1745,0.12243381618904597,0.12240829092775428,2.5525261291695078e-05
1746,0.34769554463490226,0.34771608463079107,2.0539995888801954e-05
1747,0.73337670780890218,0.73336480072716559,1.190708173659516e-05
1748,0.46643369823252157,0.46643333608360493,3.6214891663277626e-07
1749,0.30153133875834642,0.30154675798479474,1.5419226448321055e-05
1750,0.40809136628645687,0.40806387244161901,2.7493844837855885e-05
1751,-0.043638626407298362,-0.043606204787186367,3.2421620111994232e-05
1752,-0.43430058204380534,-0.43433720219717226,3.6620153366917485e-05
1753,-0.21772320894207317,-0.21768438578280638,3.8823159266787588e-05
1754,-0.28157155720442745,-0.2816124783202561,4.0921115828651544e-05
1755,-0.44435634271768143,-0.44431661963629626,3.9723081385167891e-05
1756,-0.029196829584330439,-0.029230146891596979,3.3317307266540058e-05
1757,0.1032272017629909,0.10325196724935605,2.4765486365152523e-05
1758,-0.24788460714233235,-0.24790101554703864,1.640840470629179e-05
1759,-0.19572459727715921,-0.19571292466338019,1.167261377901796e-05
1760,-0.23699443770933321,-0.23699920746672168,4.7697573884730726e-06
1761,-0.77962812436222495,-0.77963445895081618,6.3345885912280409e-06
1762,-0.83849559273935959,-0.83847684728089833,1.8745458461255637e-05
1763,-0.57812460819570011,-0.57815547601560469,3.0867819904578653e-05
1764,-0.74532297484527676,-0.74528553461219649,3.7440233080276997e-05
1765,-0.60680648971338025,-0.60684557218923729,3.9082475857044052e-05
1766,-0.093629115935032828,-0.093588982718261909,4.0133216770918412e-05
1767,-0.17398310638112965,-0.17402375185595081,4.0645474821160432e-05
1768,-0.34827878153072872,-0.34824091841185806,3.7863118870662404e-05
1769,-0.1224343950203842,-0.12246451519488934,3.012017450514104e-05
1770,-0.34769542762279654,-0.34767650027247687,1.8927350319664082e-05
1771,-0.73337636352016544,-0.73338520830092602,8.8447807605751549e-06
1772,-0.46643431317625111,-0.46643339645399029,9.1672226082417652e-07
1773,-0.30153040511839835,-0.30152626586492715,4.1392534712025864e-06
1774,-0.40809170539238881,-0.40810343719896625,1.1731806577430781e-05
1775,0.043638621152117321,0.043662250243057379,2.3629090940058273e-05
1776,0.43430093836210926,0.43426833103551132,3.2607326597933195e-05
1777,0.21772230960596109,0.21776160294364758,3.9293337686485685e-05
1778,0.28157221108116953,0.28153192821698042,4.0282864189111756e-05
1779,0.44435598965164141,0.44439528171499881,3.9292063357398987e-05
1780,0.029196649916624625,0.029158463325909257,3.8186590715368063e-05
1781,-0.10322666441286239,-0.10319189279910915,3.4771613753245556e-05
1782,0.24788381882800531,0.24785642181841147,2.7397009593838062e-05
1783,0.19572532501612197,0.19573917455434792,1.3849538225946256e-05
1784,0.23699438458403727,0.23699297223856863,1.4123454686321146e-06
1785,0.77962792081692944,0.77962030729127774,7.6135256517062544e-06
1786,0.83849624633630915,0.83851043739528341,1.4191058974266646e-05
1787,0.57812374291483493,0.57810465304586012,1.9089868974808688e-05
1788,0.7453234648340834,0.74535027246410201,2.6807630018610418e-05
1789,0.60680650817151383,0.60677113320968645,3.5374961827372431e-05
1790,0.093628797544577369,0.093668287542881007,3.9489998303637863e-05
1791,0.17398390193315649,0.17394472392987681,3.9178003279682905e-05
1792,0.34827802445820938,0.34831455271486922,3.6528256659840164e-05
1793,0.12243478184309761,0.12240103394888735,3.3747894210262031e-05
1794,0.34769555263192425,0.34772573393391565,3.0181301991394349e-05
1795,0.73337584325782024,0.73335338776676751,2.2455491052730814e-05
1796,0.46643502357762767,0.46644577081388566,1.0747236257990789e-05
1797,0.3015295708909837,0.30153410836891142,4.5374779277240762e-06
1798,0.40809179331596773,0.40807591741734406,1.5875898623674001e-05
1799,-0.043638438889826027,-0.04361686604779217,2.1572842033856787e-05
1800,-0.43430151109813869,-0.43432861288780306,2.7101789664363274e-05
1801,-0.21772140280712587,-0.2176903501702025,3.1052636923378785e-05
1802,-0.28157271438440762,-0.28160952096432385,3.680657991622649e-05
1803,-0.44435586057220317,-0.44431638318788069,3.9477384322472719e-05
1804,-0.029196240363027173,-0.029233556793610678,3.7316430583505394e-05
1805,0.10322601150102285,0.103258324775824,3.2313274801146208e-05
1806,-0.24788302422130984,-0.24790990433897162,2.6880117661776115e-05
1807,-0.19572584413866356,-0.19570208423078864,2.3759907874926212e-05
1808,-0.23699456426950266,-0.23701129444236735,1.6730172864687365e-05
1809,-0.77962753583178157,-0.77962191014264159,5.6256891399764086e-06
1810,-0.83849701540446508,-0.83848904454054929,7.9708639157960448e-06
1811,-0.57812295986533113,-0.5781444196372536,2.1459771922471838e-05
1812,-0.7453237206133283,-0.74529473590314521,2.898471018308868e-05
1813,-0.60680673479010805,-0.606838818932253,3.2084142144950256e-05
1814,-0.093628294450902677,-0.093592854461455738,3.5439989446939268e-05
1815,-0.1739847547921537,-0.17402300781954627,3.82530273925763e-05
1816,-0.34827740325837298,-0.34823849148346553,3.891177490744635e-05
1817,-0.1224349379308696,-0.12246995092968652,3.5012998816918994e-05
1818,-0.34769590824039093,-0.34766841248136165,2.7495759029272371e-05
1819,-0.73337519762651993,-0.73339542021589066,2.0222589370733068e-05
1820,-0.46643575937394888,-0.46642172507222335,1.4034301725529552e-05
1821,-0.30152891497310885,-0.30153863858959556,9.72361648671205e-06
1822,-0.40809162055906717,-0.40809116548027341,4.5507879375961124e-07
1823,0.043638096236818573,0.043650874075246732,1.2777838428158772e-05
1824,0.43430223905332327,0.43427807635240617,2.416270091709638e-05
1825,0.21772057785512353,0.21775411700884151,3.3539153717981884e-05
1826,0.28157301823667441,0.28153667354172107,3.6344694953338585e-05
1827,0.44435596852880477,0.44439357999310553,3.7611464300757458e-05
1828,0.029195642714033569,0.02915701602799517,3.8626686038399638e-05
1829,-0.10322530865003353,-0.10318739515626428,3.7913493769248241e-05
1830,0.24788229969522654,0.24784916988620237,3.312980902417384e-05
1831,0.19572610340317032,0.19574870682216397,2.2603418993655255e-05
1832,0.23699496084681909,0.23698178051498683,1.3180331832257641e-05
1833,0.77962700822761577,0.77963243110284619,5.4228752304208427e-06
1834,0.83849782523991923,0.83849816808108268,3.4284116345872917e-07
1835,0.57812233501537413,0.57811627309092983,6.0619244443005371e-06
1836,0.74532371915814088,0.74534005316585183,1.6334007710949727e-05
1837,0.60680714851580198,0.60677929217393589,2.7856341866083767e-05
1838,0.093627653959545462,0.093662714040442061,3.50600808965984e-05
1839,0.17398558072690926,0.17394735509774853,3.822562916072636e-05
1840,0.34827697766519627,0.34831502965388572,3.8051988689447036e-05
1841,0.12243484798562103,0.12239748466606847,3.7363319552563556e-05
1842,0.34769646054655184,0.34773212089391453,3.5660347362687084e-05
1843,0.73337449003703969,0.73334458119040269,2.9908846637005659e-05
1844,0.46643644849304355,0.46645642291231704,1.997441927348298e-05
1845,0.30152849910066704,0.30152230345437059,6.1956462964474213e-06
1846,0.40809120189058701,0.40808810887474389,3.0930158431141663e-06
1847,-0.043637626951996765,-0.043628653945337728,8.9730066590368307e-06
1848,-0.43430304808196968,-0.43431799127977927,1.4943197809591524e-05
1849,-0.21771991277476732,-0.21769911948171228,2.0793293055043627e-05
1850,-0.28157309295937627,-0.28160316892975101,3.0075970374743299e-05
1851,-0.44435630382351909,-0.44431991038890417,3.6393434614923059e-05
1852,-0.029194916462823829,-0.029233078413953235,3.8161951129406235e-05
1853,0.10322462423794695,0.10326092141914828,3.6297181201322415e-05
1854,-0.24788171458388525,-0.2479154030342853,3.3688450400054526e-05
1855,-0.19572607534617179,-0.19569404411393754,3.2031232234247531e-05
1856,-0.23699553653703168,-0.23702135133905414,2.5814802022461336e-05
1857,-0.77962639065806205,-0.77961049088765622,1.5899770405836122e-05
1858,-0.838498597693207,-0.838501084534091,2.48684088399731e-06
1859,-0.57812192860184952,-0.57813253956032051,1.061095847099125e-05
1860,-0.74532346161024243,-0.74530568698668387,1.7774623558564073e-05
1861,-0.60680771029078873,-0.60682950455492013,2.1794264131402841e-05
1862,-0.093626938177437002,-0.093599931516709742,2.7006660727260656e-05
1863,-0.17398629790010231,-0.1740186228781897,3.23249780873891e-05
1864,-0.34827678871859102,-0.34823990456538712,3.6884153203908809e-05
1865,-0.12243452166769535,-0.12247159656464213,3.707489694677879e-05
1866,-0.34769715604560619,-0.34766381948206487,3.3336563541319642e-05
1867,-0.73337379070384434,-0.73340265853736042,2.8867833516077468e-05
1868,-0.46643702389739478,-0.46641231430181013,2.4709595584648802e-05
1869,-0.30152836240793179,-0.30154960899356414,2.1246585632350712e-05
1870,-0.40809057545765748,-0.40807934829681625,1.1227160841231765e-05
1871,0.043637078252003393,0.043638976686356253,1.8984343528594128e-06
1872,0.43430385817024908,0.4342892833779467,1.4574792302379791e-05
1873,0.21771946996847663,0.21774432500434468,2.4855035868048825e-05
1874,0.28157293077001966,0.28154441863340257,2.8512136617087069e-05
1875,0.44435683505256451,0.44438838016569421,3.1545113129693991e-05
1876,0.029194133307588615,0.029159337842419308,3.4795465169306511e-05
1877,-0.10322402417468504,-0.1031866931011173,3.7331073567736794e-05
1878,0.24788132552220773,0.24784549414924076,3.5831372966976804e-05
1879,0.19572575896548694,0.19575511356478356,2.9354599296621542e-05
1880,0.23699623484988136,0.23697306191497289,2.3172934908471943e-05
1881,0.77962574424265418,0.77964289335820369,1.7149115549508487e-05
1882,0.83849925850580198,0.8384866423981242,1.2616107677776434e-05
1883,0.57812177963513989,0.57812811417224785,6.3345371079659429e-06
1884,0.74532297320571794,0.74532866397101649,5.6907652985493939e-06
1885,0.60680836602538524,0.6067894926586529,1.8873366732341523e-05
1886,0.09362622018382423,0.093654360961449468,2.8140777625237923e-05
1887,0.1739868344433837,0.17395332273574038,3.35117076433189e-05
1888,0.34827685486105919,0.34831183017863604,3.4975317576846354e-05
1889,0.12243399129075577,0.12239771311128286,3.6278179472909455e-05
1890,0.34769792613699557,0.34773487363531791,3.6947498322337236e-05
1891,0.73337316991630419,0.73333903017278113,3.4139743523065036e-05
1892,0.46643743008908828,0.46646440837451242,2.6978285424139603e-05
1893,0.30152851801747743,0.3015124044576552,1.6113559822228396e-05
1894,0.40808979972704934,0.40809927739539348,9.4776683441377685e-06
1895,-0.043636505776516975,-0.043640366774505363,3.8609979883877377e-06
1896,-0.43430459088428452,-0.43430649347339667,1.9025891121460248e-06
1897,-0.21771929086501784,-0.21770965804272027,9.6328222975727851e-06
1898,-0.28157254694158729,-0.28159427055823388,2.1723616646596167e-05
1899,-0.44435751103739607,-0.44432659490152798,3.0916135868086503e-05
1900,-0.029193370613874083,-0.029229037173511104,3.5666559637020923e-05
1901,0.10322356629134964,0.10325978102602257,3.6214734672926352e-05
1902,-0.24788117130449613,-0.24791723281400196,3.6061509505830314e-05
1903,-0.19572518065916833,-0.19568936728070788,3.5813378460453071e-05
1904,-0.23699698558029805,-0.23702856793398899,3.1582353690939868e-05
1905,-0.77962513238982989,-0.77960120580879422,2.3926581035671468e-05
1906,-0.83849974421371054,-0.83851183360706771,1.2089393357173073e-05
1907,-0.57812190235220973,-0.57812102484303951,8.7750917021622854e-07
1908,-0.74532230098116625,-0.74531722050670546,5.0804744607946262e-06
1909,-0.60680905194175994,-0.60681869912745912,9.6471856991797722e-06
1910,-0.093625572442305266,-0.093609310269124044,1.6262173181222361e-05
1911,-0.17398713808647914,-0.17401127590938856,2.4137822909414686e-05
1912,-0.34827717009880316,-0.34824474715482689,3.2422943976262442e-05
1913,-0.1224333086881932,-0.12246956804081548,3.625935262227542e-05
1914,-0.34769869496649558,-0.34766290696381169,3.5788002683889708e-05
1915,-0.73337268977883274,-0.73340644842705638,3.3758648223636278e-05
1916,-0.46643762847328213,-0.46640589693838286,3.173153489927083e-05
1917,-0.30152895195561602,-0.30155823417832833,2.92822227123124e-05
1918,-0.40808894849603977,-0.4080690772584688,1.9871237570967537e-05
1919,0.04363596770640666,0.043627727465401001,8.2402410056595099e-06
1920,0.43430517651401224,0.43430078080751894,4.3957064932986789e-06
1921,0.21771939213903435,0.21773332427647582,1.393213744146915e-05
1922,0.28157197856874983,0.28155421107338524,1.7767495364584551e-05
1923,0.44435826352197727,0.44438042824888668,2.2164726909412735e-05
1924,0.029192704264135911,0.029164937169235159,2.776709490075191e-05
1925,-0.10322329470157271,-0.10318958091085369,3.3713790719022696e-05
1926,0.24788126774630384,0.24784548765918094,3.5780087122905258e-05
1927,0.19572439770990352,0.19575800943165905,3.3611721755533175e-05
1928,0.2369977112259696,0.23696746868914689,3.0242536822711052e-05
1929,0.77962461440894604,0.77965081755542431,2.6203146478276373e-05
1930,0.83850000799662572,0.83847690398928876,2.3104007336960386e-05
1931,0.57812228492918727,0.57813903335685568,1.6748427668411558e-05
1932,0.74532150946053188,0.74531727292189365,4.2365386382359205e-06
1933,0.60680970086406982,0.60680061720799194,9.0836560778795317e-06
1934,0.093625059223577389,0.093644222870378283,1.9163646800893219e-05
1935,0.17398718142104286,0.17396181940832342,2.536201271943761e-05
1936,0.34827770409641767,0.34830552257585745,2.7818479439778443e-05
1937,0.12243254035718762,0.12240142659788994,3.1113759297679566e-05
1938,0.34769938705513603,0.3477339906993886,3.4603644252562127e-05
1939,0.73337239603592219,0.7333370297834797,3.5366252442492474e-05
1940,0.46643760100691617,0.46646915807193307,3.1557065016896146e-05
1941,0.3015296244801513,0.30150521729175245,2.4407188398856139e-05
1942,0.4080881043885301,0.40810843283696768,2.032844843757875e-05
1943,-0.043635518615142525,-0.043650894572956622,1.5375957814096897e-05
1944,-0.43430556027961198,-0.43429527717703931,1.0283102572672398e-05
1945,-0.21771976416301825,-0.21772083545762941,1.0712946111601784e-06
1946,-0.28157128092067124,-0.28158385575566547,1.2574834994227846e-05
1947,-0.44435901718759435,-0.44433557386822392,2.3443319370430871e-05
1948,-0.029192199491062734,-0.029222073242412997,2.9873751350262961e-05
1949,0.10322323545386632,0.10325527994756707,3.2044493700755794e-05
1950,-0.24788160645558827,-0.24791548222807061,3.3875772482344635e-05
1951,-0.19572348976924986,-0.19568825828800007,3.52314812497867e-05
1952,-0.23699833674824991,-0.23703246025133221,3.4123503082295059e-05
1953,-0.77962423952731841,-0.77959478653505399,2.9452992264422662e-05
1954,-0.8385000239468906,-0.83852036023562249,2.0336288731881424e-05
1955,-0.57812289056523891,-0.57811094627001502,1.1944295223886847e-05
1956,-0.74532067470119656,-0.74532819598167876,7.5212804822033519e-06
1957,-0.60681024885167689,-0.60680753885362637,2.7099980505207455e-06
1958,-0.093624730627253239,-0.093619932378039242,4.7982492139969635e-06
1959,-0.17398696210047543,-0.17400187895755484,1.491685707941115e-05
1960,-0.34827840396312809,-0.34825231235868015,2.6091604447942007e-05
1961,-0.12243176124466959,-0.12246432162032857,3.256037565897707e-05
1962,-0.34769993427541052,-0.34766549847256933,3.4435802841181751e-05
1963,-0.73337231623139609,-0.73340667551976535,3.4359288369256724e-05
1964,-0.46643735070560238,-0.4664028703248404,3.44803807619809e-05
1965,-0.30153047370183028,-0.30156385998161361,3.3386279783331752e-05
1966,-0.40808735139766011,-0.40806122059365102,2.6130804009094621e-05
1967,0.043635203666916762,0.043618152152320823,1.7051514595939343e-05
1968,0.43430570705997812,0.43431145206129163,5.7450013135063038e-06
1969,0.21772037182664544,0.21772224978901125,1.8779623658093936e-06
1970,0.28157052206390459,0.28156497105198819,5.5510119164048355e-06
1971,0.44435969764648747,0.44437067904185962,1.0981395372144931e-05
1972,0.029191903816486328,0.029173045874076011,1.8857942410317047e-05
1973,-0.10322339410468843,-0.1031955265892925,2.7867515395935127e-05
1974,0.24788215600759464,0.2478488886619491,3.3267345645543456e-05
1975,0.19572254758795452,0.19575736938407498,3.4821796120465542e-05
1976,0.23699880307699459,0.2369653106196522,3.3492457342382265e-05
1977,0.77962404197558899,0.77965562965808111,3.1587682492117963e-05
1978,0.83849978938666925,0.83846975357211984,3.0035814549411732e-05
1979,0.57812366084015565,0.57814805544572034,2.439460556469264e-05
1980,0.74531987723092885,0.74530696627751003,1.2910953418820981e-05
1981,0.60681064154476994,0.60681153902368123,8.9747891129920987e-07
1982,0.093624618032233153,0.093633394063667358,8.7760314342044676e-06
1983,0.17398650271680768,0.17397185414742325,1.4648569384434484e-05
1984,0.34827920075689017,0.34829693045665511,1.7729699764934548e-05
1985,0.12243104792285922,0.12240802196568618,2.302595717304512e-05
1986,0.34770028215920457,0.34772981605848385,2.9533899279288178e-05
1987,0.73337245740405077,0.73333851712970721,3.3940274343557952e-05
1988,0.46643690142300986,0.46647045016354316,3.3548740533295707e-05
1989,0.30153141991552918,0.30150123373977228,3.0186175756896638e-05
1990,0.40808676712702829,0.40811484572778378,2.8078600755487848e-05
1991,-0.043635053734711771,-0.043659317780497385,2.4264045785614419e-05
1992,-0.4343056042412049,-0.4342853921991473,2.0212042057599078e-05
1993,-0.21772115765100672,-0.21773153985612562,1.0382205118897314e-05
1994,-0.28156977625899732,-0.28157302634990178,3.2500909044608228e-06
1995,-0.44436023844157851,-0.44434582685067198,1.4411590906537874e-05
1996,-0.029191844658894035,-0.029213059700918923,2.1215042024888553e-05
1997,0.10322375617401615,0.10324808757895228,2.4331404936128731e-05
1998,-0.24788286519877178,-0.24791057393589352,2.7708737121739935e-05
1999,-0.19572166497511831,-0.19569056821879294,3.1096756325371677e-05
2000,-0.23699906725516268,-0.2370328942282949,3.3826973132228266e-05
2001,-0.77962404001200913,-0.77959164100517286,3.2399006836270061e-05
2002,-0.83849932503165636,-0.8385260094330631,2.6684401406740221e-05
2003,-0.57812452104943546,-0.57810316308716858,2.1357962266876918e-05
2004,-0.74531919451021333,-0.74533760585978692,1.8411349573588254e-05
2005,-0.60681083961724935,-0.6067971141164733,1.3725500776051724e-05
2006,-0.093624731376357448,-0.093630695372028505,5.9639956710572095e-06
2007,-0.17398584847986759,-0.17399147516284333,5.6266829757400938e-06
2008,-0.34828001659757407,-0.34826168383874556,1.8332758828509821e-05
2009,-0.12243047071019567,-0.12245658768190185,2.6116971706180436e-05
2010,-0.34770039526256435,-0.34767109661588086,2.9298646683495466e-05
2011,-0.73337280524632875,-0.73340357235454035,3.0767108211593452e-05
2012,-0.46643629631618633,-0.46640328144143395,3.3014874752379519e-05
2013,-0.30153236865969074,-0.30156616336201347,3.3794702322731407e-05
2014,-0.40808641533855977,-0.40805635607264623,3.0059265913540134e-05
2015,0.043635081935037102,0.043611045448990839,2.403648604626385e-05
2016,0.43430526245939294,0.43432033729701314,1.5074837620199233e-05
2017,0.21772204692530725,0.21771216411590591,9.8828094013403422e-06
2018,0.28156911674547608,0.28157560223259431,6.4854871182351559e-06
2019,0.44436058724294858,0.44436019159061635,3.9565233223015639e-07
2020,0.029192026936453123,0.029182710734029699,9.3162024234240415e-06
2021,-0.10322428728242032,-0.10320374431336625,2.0542969054071492e-05
2022,0.24788366526189429,0.24785512937837259,2.8535883521696448e-05
2023,0.19572093054327058,0.19575350671028779,3.2576167017211999e-05
2024,0.23699910524395099,0.23696654882047699,3.2556423473995011e-05
2025,0.77962423502496803,0.77965709203902833,3.2857014060305723e-05
2026,0.8384986736395601,0.83846568948630518,3.2984153254922433e-05
2027,0.57812538704479821,0.5781544540476774,2.9067002879190618e-05
2028,0.74531869360224412,0.74529865109801052,2.0042504233597214e-05
2029,0.60681082281424448,0.6068212293881512,1.0406573906718286e-05
2030,0.093625058494426677,0.093622958112980256,2.1003814464209958e-06
2031,0.17398506285264986,0.17398235878375848,2.7040688913848587e-06
2032,0.34828077206637076,0.34828703743374162,6.2653673708612523e-06
2033,0.12243008604512669,0.1224166637339526,1.3422311174085544e-05
2034,0.34770026335423465,0.34772298317392386,2.2719819689209775e-05
2035,0.7333733252709429,0.73334310149403104,3.0223776911864064e-05
2036,0.46643559343288865,0.46646840767961117,3.2814246722523421e-05
2037,0.30153322474641853,0.3015006060285812,3.2618717837329392e-05
2038,0.40808633371231012,0.40811809885128003,3.1765138969908069e-05
2039,-0.043635281941216332,-0.043664981603534485,2.9699662318152797e-05
2040,-0.43430471420178862,-0.4342776881522985,2.7026049490119775e-05
2041,-0.21772295441315287,-0.21774078211834066,1.7827705187795084e-05
2042,-0.28156860858199162,-0.28156284670410681,5.7618778848134156e-06
2043,-0.44436071067645283,-0.44435628328292487,4.4273935279615095e-06
2044,-0.029192432631630294,-0.029203003977403597,1.0571345773303237e-05
2045,0.10322493595511517,0.10323908306264497,1.4147107529796643e-05
2046,-0.24788447362466512,-0.24790320205003108,1.8728425365960311e-05
2047,-0.19572041950106539,-0.19569583266679086,2.4586834274531455e-05
2048,-0.23699891465069042,-0.23703007483067234,3.1160179981920555e-05
2049,-0.77962460904888198,-0.779591836582889,3.2772465992980671e-05
2050,-0.83849789975173827,-0.83852844627300571,3.0546521267438287e-05
2051,-0.57812617297908409,-0.57809825569671858,2.7917282365508278e-05
2052,-0.74531842471843246,-0.74534466221432805,2.6237495895586882e-05
2053,-0.60681059217788358,-0.60678836903314626,2.2223144737321121e-05
2054,-0.093625566553617409,-0.093640560316094176,1.4993762476767092e-05
2055,-0.17398422155246934,-0.17398113085608691,3.0906963824350875e-06
2056,-0.34828139372688804,-0.3482718369641748,9.5567627132475685e-06
2057,-0.12242993121594224,-0.12244728286316518,1.7351647222940692e-05
2058,-0.34769990123711669,-0.34767895194992754,2.0949287189153676e-05
2059,-0.73337396640823838,-0.73339767289609226,2.3706487853880631e-05
2060,-0.46643485992101458,-0.46640684606256411,2.8013858450470774e-05
2061,-0.3015339026555216,-0.3015651607703761,3.1258114854493257e-05
2062,-0.40808652594949829,-0.40805473568752965,3.1790261968644984e-05
2063,0.043635628950954478,0.04360691107333238,2.8717877622097543e-05
2064,0.43430401042651057,0.4343267140639262,2.2703637415633082e-05
2065,0.21772379204093761,0.21770396133145689,1.983070948072263e-05
2066,0.2815683022098619,0.28158509707152352,1.6794861661617588e-05
2067,0.44436059734956118,0.44435002149356062,1.0575856000560879e-05
2068,0.02919302248837748,0.029192896526487065,1.2596189041466643e-07
2069,-0.10322563882720352,-0.10321328624478471,1.2352582418814761e-05
2070,0.24788520828467001,0.24786341060565484,2.1797679015167493e-05
2071,0.19572018060196938,0.19574702044308714,2.68398411177595e-05
2072,0.23699851546809922,0.23697082292408919,2.7692544010027298e-05
2073,0.77962512663607131,0.77965530341808642,3.0176782015112202e-05
2074,0.83849708076327401,0.83846488066525537,3.2200098018630996e-05
2075,0.57812680061751553,0.57815780391259208,3.1003295076548198e-05
2076,0.74531841624121264,0.74529298103227026,2.5435208942381493e-05
2077,0.60681017023496886,0.60682884892117206,1.8678686203199568e-05
2078,0.093626205432855603,0.093613885498830374,1.2319934025228907e-05
2079,0.17398340546617522,0.17399229477623213,8.8893100569087391e-06
2080,0.34828182108255684,0.34827688275463398,4.9383279228654153e-06
2081,0.12243002098716317,0.12242637924814091,3.6417390222587276e-06
2082,0.34769934542586822,0.34771433521977602,1.4989793907793647e-05
2083,0.73337466697241649,0.73335012359183982,2.4543380576669271e-05
2084,0.46643416557220907,0.4664634635944116,2.9298022202528529e-05
2085,0.30153433390678991,0.30150315519644361,3.1178710346302374e-05
2086,0.40808696983190812,0.40811810594373554,3.1136111827423374e-05
2087,-0.043636088810157445,-0.043667540532232423,3.1451722074977984e-05
2088,-0.43430321553752321,-0.43427274703423513,3.0468503288083593e-05
2089,-0.2177244768931017,-0.21774778179631848,2.3304903216780914e-05
2090,-0.2815682283441604,-0.28155424488372532,1.3983460435074146e-05
2091,-0.44436025880076435,-0.4443659277988144,5.668998050045726e-06
2092,-0.029193739685779093,-0.02919294285857213,7.9682720696347409e-07
2093,0.1032263269614251,0.10322925743668897,2.9304752638681375e-06
2094,-0.24788579638572447,-0.24789424775276447,8.4513670400021557e-06
2095,-0.19572023218759049,-0.19570333720437885,1.6894983211640513e-05
2096,-0.23699794785948528,-0.23702450371559008,2.6555856104809594e-05
2097,-0.77962573856094097,-0.77959511655132541,3.062200961556627e-05
2098,-0.83849629773659384,-0.83852766627125397,3.1368534660125569e-05
2099,-0.57812720928348582,-0.57809648910679745,3.0720176688370238e-05
2100,-0.74531867151465503,-0.74534885705951481,3.0185544859784308e-05
2101,-0.60680959910190613,-0.60678202131232695,2.7577789579180667e-05
2102,-0.093626912715807031,-0.093648646563930071,2.1733848123040023e-05
2103,-0.17398269312502615,-0.17397183235404667,1.0860770979476131e-05
2104,-0.348282012337362,-0.34828174377255472,2.6856480728199017e-07
2105,-0.12243034634432491,-0.12243741014550533,7.0638011804152745e-06
2106,-0.34769865061015243,-0.3476881513842584,1.0499225894022857e-05
2107,-0.73337535937726128,-0.73338974135047075,1.4381973209465215e-05
2108,-0.46643357941747321,-0.46641299813123388,2.0581286239329533e-05
2109,-0.30153447288634577,-0.30156118375339974,2.6710867053969523e-05
2110,-0.40808761957304834,-0.40805628352332579,3.1336049722552328e-05
2111,0.043636619486423209,0.043605933279515022,3.0686206908187019e-05
2112,0.4343024035241444,0.43433015025538768,2.7746731243283307e-05
2113,0.21772493880812974,0.21769829304715402,2.6645760975718691e-05
2114,0.28156839468237721,0.28159262697049131,2.4232288114101053e-05
2115,0.44435972829166009,0.44434112041857049,1.8607873089604432e-05
2116,0.029194515147870036,0.029202590319077352,8.0751712073154347e-06
2117,-0.10322693267223633,-0.10322314386835627,3.7888038800643065e-06
2118,0.24788618079865996,0.24787279354277625,1.3387255883706706e-05
2119,0.19572056581137509,0.19573871898259668,1.815317122158544e-05
2120,0.23699726532196541,0.23697750708434515,1.9758237620265406e-05
2121,0.77962638678460816,0.77965066683203466,2.4280047426494811e-05
2122,0.83849562799797106,0.83846717264828641,2.8455349684652909e-05
2123,0.57812735977909491,0.57815800129127715,3.0641512182238984e-05
2124,0.74531916537818843,0.74529031093949571,2.8854438692715867e-05
2125,0.60680893666226254,0.60683381500340494,2.4878341142398064e-05
2126,0.093627619820811941,0.093606948537733631,2.0671283078310676e-05
2127,0.17398215341594628,0.17400075040092072,1.8596984974444952e-05
2128,0.34828194843268429,0.3482674583089912,1.4490123693089441e-05
2129,0.12243087546287471,0.12243616079822646,5.2853353517540169e-06
2130,0.34769788446524857,0.34770483045266826,6.9459874196819982e-06
2131,0.73337597644195196,0.73335873659532058,1.7239846631378342e-05
2132,0.466433162438399,0.46645629863926719,2.3136200868190127e-05
2133,0.30153430216321991,0.3015084104413932,2.5891721826709624e-05
2134,0.4080884093838838,0.40811509770378274,2.6688319898937607e-05
2135,-0.043637171408360896,-0.043666970579795114,2.9799171434218008e-05
2136,-0.43430165614218474,-0.43427084558754914,3.0810554635607446e-05
2137,-0.21772512710464748,-0.21775202768561261,2.690058096513348e-05
2138,-0.28156878475862951,-0.28154793310710319,2.0851651526321291e-05
2139,-0.44435905755412414,-0.44437389357969093,1.483602556678898e-05
2140,-0.029195274008180446,-0.029183841407933619,1.1432600246826657e-05
2141,0.1032273962078132,0.10321961137584572,7.7848319674778121e-06
2142,-0.24788632513909975,-0.24788468248316811,1.6426559316384814e-06
2143,-0.19572114729132467,-0.19571220248507945,8.9448062452202048e-06
2144,-0.23699653210342486,-0.23701691133524611,2.0379231821243682e-05
2145,-0.77962700787129391,-0.77960094642781019,2.6061443483715863e-05
2146,-0.83849513814327337,-0.83852397362271802,2.8835479444655476e-05
2147,-0.57812723756355655,-0.57809780876537686,2.9428798179687021e-05
2148,-0.74531984761248604,-0.74534999214182707,3.0144529341025184e-05
2149,-0.60680825022855489,-0.60677850880243478,2.9741426120111214e-05
2150,-0.093628258685290983,-0.093654305377403477,2.6046692112494108e-05
2151,-0.17398183918894988,-0.17396439696716351,1.7442221786373446e-05
2152,-0.34828163498872877,-0.34829047155077908,8.8365620503072506e-06
2153,-0.12243155680762818,-0.12242795708222751,3.5997254006769897e-06
2154,-0.34769712126070029,-0.34769771655018339,5.9528948309628404e-07
2155,-0.73337645798721607,-0.73338068356800556,4.2255807894964192e-06
2156,-0.46643295723403,-0.46642096286069773,1.1994373332269159e-05
2157,-0.30153384280670265,-0.30155482606278444,2.0983256081796853e-05
2158,-0.4080892589300093,-0.40806062504059737,2.8633889411933122e-05
2159,0.043637692709336165,0.043607980666093622,2.9712043242542674e-05
2160,0.43430104903553979,0.43433052598677385,2.9476951234064241e-05
2161,0.21772502157877568,0.21769552230003947,2.9499278736216938e-05
2162,0.28156935908070518,0.28159760960709701,2.8250526391826458e-05
2163,0.44435831179480578,0.44433425194571058,2.4059849095203756e-05
2164,0.029195942635897906,0.029210896983003089,1.4954347105182453e-05
2165,-0.10322767166076162,-0.10323234865796416,4.6769972025378914e-06
2166,0.24788621679725067,0.24788229908465148,3.9177125991940454e-06
2167,0.19572191987831938,0.19572952860280893,7.6087244895439721e-06
2168,0.23699581820815893,0.23698578775329837,1.003045486056009e-05
2169,0.77962753808638363,0.77964383059490083,1.6292508517201654e-05
2170,0.83849487776139364,0.83847212408737848,2.2753674015163483e-05
2171,0.57812685404689723,0.57815525229636722,2.8398249469985259e-05
2172,0.74532065036511908,0.74529068293873479,2.9967426384280849e-05
2173,0.60680760624043995,0.60683584037839344,2.8234137953497829e-05
2174,0.093628768360688661,0.09360266066145137,2.6107699237290505e-05
2175,0.1739817823312694,0.17400701962797036,2.5237296700952871e-05
2176,0.34828110196475387,0.34825961672652689,2.1485238226981451e-05
2177,0.12243232407794676,0.12244506457567732,1.2740497730562295e-05
2178,0.34769643485570884,0.34769544261679985,9.9223890898114675e-07
2179,0.7333767567497893,0.73336799991482415,8.7568349651512278e-06
2180,0.46643298415467194,0.46644775939904831,1.4775244376374896e-05
2181,0.30153314585103763,0.30151567385620492,1.7471994832707338e-05
2182,0.40809008383716738,0.40810957839503514,1.9494557867760776e-05
2183,-0.043638134777063402,-0.04366355000357075,2.5415226507348454e-05
2184,-0.4343006435249398,-0.43427194924156959,2.8694283370211959e-05
2185,-0.2177246361476467,-0.21775330879284852,2.8672645201816005e-05
2186,-0.2815700590290961,-0.28154435390809712,2.5705120998975595e-05
2187,-0.44435756341696808,-0.44437953554645426,2.1972129486180769e-05
2188,-0.029196455580506223,-0.029176505184209438,1.99503962967848e-05
2189,0.10322773155148679,0.10321105852481263,1.6673026674157709e-05
2190,-0.24788586773409296,-0.24787546865919835,1.0399074894612559e-05
2191,-0.19572280943352255,-0.1957214797014756,1.3297320469451979e-06
2192,-0.23699519263772664,-0.23700817147711056,1.2978839383920304e-05
2193,-0.7796279235057274,-0.77960858390704602,1.9339598681389347e-05
2194,-0.8384948718145252,-0.83851793128622765,2.3059471702446821e-05
2195,-0.57812624553582215,-0.57810186724288704,2.4378292935112178e-05
2196,-0.74532149432734085,-0.74534817718673252,2.6682859391669034e-05
2197,-0.60680706617763569,-0.6067779662335,2.9099944135690947e-05
2198,-0.09362909977165014,-0.093657166655997326,2.8066884347185961e-05
2199,-0.17398199075439427,-0.17395940585625891,2.2584898135363796e-05
2200,-0.3482804010559124,-0.34829726601647809,1.686496056568787e-05
2201,-0.12243310254306644,-0.1224198019855415,1.3300557524936751e-05
2202,-0.3476958917215473,-0.34770670215313298,1.0810431585683844e-05
2203,-0.73337684305521322,-0.73337145052468777,5.3925305254498568e-06
2204,-0.46643323987674573,-0.46642984517084812,3.3947058976080413e-06
2205,-0.30153228275498867,-0.30154686901517708,1.4586260188409472e-05
2206,-0.40809080843662232,-0.40806714310121001,2.3665335412315081e-05
2207,0.043638457137148201,0.043612639985661436,2.5817151486765e-05
2208,0.43430048148458872,0.43432802416199434,2.7542677405623106e-05
2209,0.21772401103690076,0.21769570802885793,2.8303008042823707e-05
2210,0.28157081602087747,0.28159974837293578,2.8932352058308464e-05
2211,0.44435688504284437,0.44432993079685484,2.6954245989530001e-05
2212,0.029196761798965867,0.029217117329288073,2.0355530322205967e-05
2213,-0.10322756964942882,-0.10324006249842371,1.2492848994891115e-05
2214,0.2478853130010136,0.24789100465694375,5.6916559301456449e-06
2215,0.19572373115746963,0.19572039648366307,3.3346738065598291e-06
2216,0.23699471665605665,0.23699475450439808,3.784834143316651e-08
2217,0.77962812551589911,0.77963560949286526,7.4839769661494415e-06
2218,0.83849511876839233,0.83847906844547915,1.6050322913185866e-05
2219,0.57812547096904043,0.57815003228368733,2.4561314646898147e-05
2220,0.74532229588998966,0.74529384334717486,2.8452542814805248e-05
2221,0.60680668174321151,0.60683494096093926,2.8259217727755193e-05
2222,0.093629219776844019,0.093601244401641415,2.7975375202604624e-05
2223,0.17398244713766434,0.17401065624052767,2.8209102863330227e-05
2224,0.34827960104748573,0.34825399868948703,2.5602357998699699e-05
2225,0.1224338161889595,0.12245229719941578,1.8481010456275482e-05
2226,0.34769554463489394,0.34768706620217493,8.478432719005724e-06
2227,0.73337670780885333,0.73337697601055696,2.682017036237383e-07
2228,0.46643369823243513,0.46643876570323545,5.0674708003128899e-06
2229,0.30153133875838128,0.3015241028453356,7.2359130456889353e-06
2230,0.40809136628640574,0.40810225894425711,1.0892657851369059e-05
2231,-0.043638626407189643,-0.04365781223204046,1.9185824850817546e-05
2232,-0.43430058204377231,-0.4342757363371158,2.484570665650665e-05
2233,-0.21772320894211541,-0.21775171449760602,2.8505555490609957e-05
2234,-0.2815715572043439,-0.2815436556272759,2.7901577068001338e-05
2235,-0.44435634271759961,-0.44438247759408339,2.613487648378543e-05
2236,-0.029196829584252668,-0.02917151337031473,2.5316213937937732e-05
2237,0.10322720176304147,0.10320434334810731,2.2858414934157079e-05
2238,-0.24788460714217625,-0.24786746758517797,1.7139556998280181e-05
2239,-0.19572459727716199,-0.19573024664224076,5.6493650787692307e-06
2240,-0.23699443770948786,-0.2369992074667763,4.7697572884419781e-06
2241,-0.7796281243622738,-0.7796171643255656,1.0960036708196341e-05
2242,-0.83849559273946683,-0.8385102893732761,1.469663380926356e-05
2243,-0.5781246081956618,-0.57810807737101166,1.6530824650140552e-05
2244,-0.74532297484523569,-0.74534379865001144,2.0823804775749188e-05
2245,-0.60680648971325069,-0.60678023258356373,2.625712968695737e-05
2246,-0.093629115935025056,-0.093657155898807479,2.8039963782422461e-05
2247,-0.17398310638103001,-0.17395716387298468,2.5942508045329049e-05
2248,-0.34827878153077735,-0.34830161204515159,2.2830514374239108e-05
2249,-0.12243439502026982,-0.12241363659321568,2.0758427054137774e-05
2250,-0.3476954276227866,-0.34771428488574813,1.8857262961524679e-05
2251,-0.73337636352019442,-0.73336294360324927,1.3419916945145438e-05
2252,-0.46643431317627593,-0.4664387240721215,4.4108958455746361e-06
2253,-0.30153040511835311,-0.30153819355574474,7.7884373916314864e-06
2254,-0.40809170539239747,-0.40807505377445924,1.6651617938234775e-05
2255,0.043638621152144834,0.04361927492704238,1.9346225102453984e-05
2256,0.43430093836203337,0.43432309249995987,2.2154137926500006e-05
2257,0.21772230960603267,0.21769861981149588,2.3689794536790876e-05
2258,0.28157221108116043,0.28159904179989442,2.6830718733994452e-05
2259,0.4443559896516151,0.44432838989114753,2.7599760467567069e-05
2260,0.029196649916439107,0.029220802410597647,2.4152494158539983e-05
2261,-0.103226664412866,-0.10324564979773675,1.8985384870745525e-05
2262,0.24788381882777441,0.24789812944547684,1.4310617702434358e-05
2263,0.19572532501608264,0.19571219789810224,1.312711798040489e-05
2264,0.2369943845839852,0.23700349440634741,9.109822362213249e-06
2265,0.77962792081704968,0.77962689495978832,1.0258572613608408e-06
2266,0.83849624633631592,0.8384871934608169,9.052875499016011e-06
2267,0.57812374291480872,0.578143021877767,1.9278962958280133e-05
2268,0.7453234648341257,0.74529928704199999,2.4177792125712472e-05
2269,0.60680650817163595,0.60683141393425655,2.4905762620597294e-05
2270,0.09362879754452573,0.093602629443227087,2.6168101298643109e-05
2271,0.17398390193317834,0.17401149947044545,2.7597537267110006e-05
2272,0.34827802445828543,0.3482509852986041,2.7039159681330194e-05
2273,0.12243478184307401,0.12245728223443925,2.2500391365240513e-05
2274,0.34769555263171242,0.34768043537268878,1.5117259023644802e-05
2275,0.73337584325789718,0.73338482074986522,8.9774919680429832e-06
2276,0.46643502357772387,0.46643021684573682,4.8067319870503944e-06
2277,0.30152957089092591,0.30153280125067983,3.2303597539140583e-06
2278,0.40809179331594647,0.40809397436633638,2.1810503899044598e-06
2279,-0.043638438889515394,-0.043650477174445423,1.2038284930029897e-05
2280,-0.43430151109808462,-0.43428164850159728,1.9862596487341122e-05
2281,-0.21772140280711316,-0.21774760573109725,2.6202923984086635e-05
2282,-0.28157271438437498,-0.28154569784598088,2.70165383940979e-05
2283,-0.444355860572198,-0.44438263086716917,2.6770294971167896e-05
2284,-0.029196240363064323,-0.029169178002684922,2.706236037940124e-05
2285,0.10322601150097804,0.10319998053162339,2.6030969354648437e-05
2286,-0.24788302422119199,-0.24786136297819203,2.166124299995964e-05
2287,-0.19572584413866528,-0.19573769506964561,1.18509309803283e-05
2288,-0.23699456426951862,-0.23699089955753444,3.664711984180391e-06
2289,-0.77962753583167532,-0.77962579250212849,1.7433295468327614e-06
2290,-0.83849701540432786,-0.83850190002320923,4.8846188813733704e-06
2291,-0.57812295986533102,-0.57811568514820522,7.2747171258047416e-06
2292,-0.74532372061325469,-0.74533746373235266,1.3743119097964218e-05
2293,-0.60680673478997604,-0.60678488653848706,2.184825148898728e-05
2294,-0.093628294450980309,-0.093654481536897427,2.6187085917117603e-05
2295,-0.17398475479225695,-0.17395768864361061,2.7066148646337496e-05
2296,-0.34827740325844114,-0.3483032674304376,2.5864171996459184e-05
2297,-0.12243493793086176,-0.12240991167892754,2.5026251934220922e-05
2298,-0.34769590824032753,-0.34771983489762509,2.3926657297557163e-05
2299,-0.73337519762654046,-0.73335593069391136,1.926693262910284e-05
2300,-0.46643575937386955,-0.4664467435469109,1.0984173041350687e-05
2301,-0.30152891497307815,-0.30152968828799109,7.733149129385275e-07
2302,-0.40809162055909531,-0.40808349344032496,8.127118770351327e-06
2303,0.043638096236734231,0.04362710271871701,1.0993518017220205e-05
2304,0.4343022390534006,0.43431638237463105,1.4143321230453143e-05
2305,0.21772057785510482,0.21770377963937237,1.6798215732444222e-05
2306,0.28157301823669983,0.2815957638483757,2.2745611675867305e-05
2307,0.44435596852886761,0.44432957674590146,2.6391782966150856e-05
2308,0.029195642714046052,0.029221780164930336,2.6137450884283764e-05
2309,-0.10322530865011266,-0.10324872542136486,2.341677125219932e-05
2310,0.24788229969518741,0.24790310049114161,2.0800795954206697e-05
2311,0.19572610340322052,0.19570565626363479,2.0447139585738627e-05
2312,0.23699496084672256,0.23701118063553805,1.6219788815496905e-05
2313,0.77962700822762621,0.77961856355196724,8.4446756589695582e-06
2314,0.83849782523992267,0.83849562965800006,2.1955819226038287e-06
2315,0.57812233501536103,0.57813502720405785,1.2692188696816764e-05
2316,0.74532371915815532,0.74530632333295288,1.7395825202437543e-05
2317,0.60680714851579809,0.60682579001767289,1.86415018748054e-05
2318,0.093627653959559604,0.093606479151949459,2.1174807610144231e-05
2319,0.17398558072680431,0.17400967036695936,2.4089640155045e-05
2320,0.34827697766523558,0.34825067860297154,2.6299062264034667e-05
2321,0.12243484798561095,0.12245970147098507,2.4853485374121131e-05
2322,0.34769646054636616,0.34767606357841568,2.0396967950475631e-05
2323,0.73337449003703659,0.73339085896852463,1.6368931488042193e-05
2324,0.46643644849316207,0.46642290576098389,1.3542732178184469e-05
2325,0.30152849910072321,0.30154090986780668,1.2410767083470553e-05
2326,0.40809120189060721,0.40808559442273751,5.6074678697060065e-06
2327,-0.043637626951607895,-0.043642368835530174,4.7418839222782005e-06
2328,-0.43430304808188536,-0.43428896075401735,1.4087327868006483e-05
2329,-0.21771991277481664,-0.21774156167221967,2.1648897403026002e-05
2330,-0.28157309295947691,-0.28155008445820046,2.3008501276455817e-05
2331,-0.44435630382354413,-0.44438018303374954,2.3879210205413059e-05
2332,-0.029194916462962905,-0.029169531687205045,2.538477575786055e-05
2333,0.1032246242379679,0.10319822051530032,2.6403722667572849e-05
2334,-0.24788171458372638,-0.24785760657675088,2.4108006975498419e-05
2335,-0.19572607534617611,-0.19574320148734145,1.7126141165335618e-05
2336,-0.23699553653705735,-0.23698400239085396,1.1534146203390216e-05
2337,-0.77962639065802886,-0.77963363169182875,7.2410337998984886e-06
2338,-0.83849859769313695,-0.83849362780280345,4.9698903334949307e-06
2339,-0.57812192860183953,-0.57812385418787315,1.9255860336242492e-06
2340,-0.74532346161036089,-0.74532992654708874,6.4649367278457603e-06
2341,-0.6068077102906918,-0.60679130494643452,1.6405344257286458e-05
2342,-0.093626938177484229,-0.093649595623205198,2.2657445720969394e-05
2343,-0.17398629790007294,-0.17396072821758182,2.5569682491122236e-05
2344,-0.34827678871868861,-0.34830226801205894,2.5479293370322953e-05
2345,-0.12243452166767194,-0.12240880950949019,2.5712158181742661e-05
2346,-0.34769715604557083,-0.34772296393797836,2.5807892407525568e-05
2347,-0.73337379070383069,-0.73335098059287329,2.2810110957394159e-05
2348,-0.46643702389742286,-0.46645319133843427,1.6167441011405437e-05
2349,-0.30152836240792424,-0.30152216261316378,6.1997947604641723e-06
2350,-0.40809057545766292,-0.40809160808594713,1.0326282842143542e-06
2351,0.043637078251762849,0.043635280078518718,1.7981732441316178e-06
2352,0.43430385817016948,0.43430867177216148,4.8136019920042017e-06
2353,0.21771946996846842,0.2177105250779757,8.9448904927180717e-06
2354,0.28157293076992063,0.28159041869807078,1.7487928150150545e-05
2355,0.44435683505252394,0.44433317783108589,2.3657221438044829e-05
2356,0.029194133307594558,0.029220153464704388,2.6020157109830216e-05
2357,-0.10322402417471445,-0.10324917524215564,2.5151067441192554e-05
2358,0.24788132552218436,0.24790559437861909,2.4268856434722652e-05
2359,0.19572575896556307,0.19570128303673251,2.4475928830564042e-05
2360,0.23699623484999513,0.23701714707832072,2.0912228325592475e-05
2361,0.7796257442427621,0.77961139269539281,1.4351547369284567e-05
2362,0.83849925850587004,0.83850353878283745,4.2802769674166186e-06
2363,0.57812177963515521,0.57812689299964204,5.1133644868306405e-06
2364,0.74532297320573226,0.74531415568352832,8.8175222039410528e-06
2365,0.60680836602517463,0.60681876606594742,1.0400040772795549e-05
2366,0.093626220183799666,0.093612241307416785,1.3978876382880756e-05
2367,0.17398683444327775,0.17400554099178039,1.870654850263942e-05
2368,0.34827685486113236,0.34825291051002238,2.3944351109972395e-05
2369,0.12243399129078419,0.12245950845990486,2.5517169120664596e-05
2370,0.34769792613710765,0.34767420848234404,2.3717654763610874e-05
2371,0.73337316991628143,0.73339463878286981,2.1468866588381097e-05
2372,0.46643743008913041,0.46641744901558535,1.9981073545061179e-05
2373,0.30152851801748903,0.30154768759981743,1.9169582328393275e-05
2374,0.40808979972708159,0.40807793658886288,1.1863138218715097e-05
2375,-0.043636505776509633,-0.043634328047198419,2.1777293112146268e-06
2376,-0.43430459088422585,-0.43429686336119255,7.7275230332962686e-06
2377,-0.21771929086508096,-0.21773430859584597,1.5017730765010118e-05
2378,-0.2815725469415607,-0.28155621952680471,1.6327414755989977e-05
2379,-0.44435751103739562,-0.44437556131909395,1.8050281698323012e-05
2380,-0.029193370613742352,-0.029172343306518377,2.1027307223975278e-05
2381,0.10322356629133254,0.10319904295359504,2.4523337737503148e-05
2382,-0.24788117130441364,-0.24785638980675723,2.4781497656417573e-05
2383,-0.19572518065919328,-0.19574637540458495,2.1194745391667213e-05
2384,-0.23699698558020615,-0.23697907994977863,1.7905630427528241e-05
2385,-0.7796251323900677,-0.77963998118074207,1.484879067437106e-05
2386,-0.83849974421381523,-0.83848626460167153,1.347961214370752e-05
2387,-0.57812190235224115,-0.57813175281271678,9.8504604756355363e-06
2388,-0.74532230098122287,-0.74532200467386756,2.9630735531860353e-07
2389,-0.60680905194188273,-0.60679873721721156,1.0314724671167674e-05
2390,-0.093625572442207761,-0.093643133282185445,1.7560839977684428e-05
2391,-0.17398713808652744,-0.17396580386760851,2.133421891892251e-05
2392,-0.34827717009886328,-0.34829890537336428,2.1735274501000212e-05
2393,-0.12243330868815036,-0.12241024423540631,2.3064452744053776e-05
2394,-0.34769869496646072,-0.34772354687678181,2.4851910321088688e-05
2395,-0.73337268977885106,-0.7333484209945238,2.4268784327263759e-05
2396,-0.46643762847323272,-0.46645755870110406,1.993022787133425e-05
2397,-0.30152895195555873,-0.30151627313072143,1.2678824837297764e-05
2398,-0.40808894849606275,-0.40809863597416701,9.6874781042588509e-06
2399,0.043635967706083086,0.043642989588432296,7.0218823492104732e-06
2400,0.43430517651402956,0.43430078080753787,4.3957064916888555e-06
2401,0.21771939213904284,0.21771808639672788,1.305742314966496e-06
2402,0.28157197856864907,0.28158367595722789,1.1697388578812973e-05
2403,0.44435826352193802,0.4443386668457957,1.9596676142319414e-05
2404,0.029192704264109647,0.029216271459695711,2.356719558606335e-05
2405,-0.10322329470148166,-0.10324714892918309,2.3854227701430863e-05
2406,0.24788126774626162,0.24790555191109051,2.4284164828886068e-05
2407,0.19572439770994512,0.19569934213435561,2.5055575589516543e-05
2408,0.23699771122595026,0.23702094248607192,2.3231260121658881e-05
2409,0.77962461440897568,0.77960599148427057,1.8622924705113952e-05
2410,0.83850000799659818,0.83851019355108702,1.0185554488839621e-05
2411,0.5781222849292168,0.57811941749291496,2.867436301845494e-06
2412,0.74532150946045517,0.74532196668571671,4.5722526154090559e-07
2413,0.60680970086405828,0.60681112573820262,1.4248741443401158e-06
2414,0.093625059223565982,0.093619216663636234,5.8425599297473596e-06
2415,0.1739871814211531,0.17399968105376185,1.2499632608742317e-05
2416,0.34827770409658126,0.34825727752153068,2.0426575050580542e-05
2417,0.12243254035725301,0.12245691462732343,2.4374270070418036e-05
2418,0.34769938705520981,0.34767486412326032,2.4522931949488846e-05
2419,0.73337239603592252,0.73339596061413204,2.3564578209511744e-05
2420,0.46643760100677401,0.46641423850220154,2.3362504572466136e-05
2421,0.30152962448011517,0.30155257589163365,2.2951411518479237e-05
2422,0.40808810438859106,0.40807168968393281,1.6414704658240797e-05
2423,-0.043635518614973182,-0.043627129118949774,8.3894960234073834e-06
2424,-0.43430556027963069,-0.43430454676078156,1.013518849124484e-06
2425,-0.21771976416299657,-0.21772663887391114,6.8747109145672614e-06
2426,-0.28157128092077072,-0.28156337912205837,7.9017987123508604e-06
2427,-0.44435901718761672,-0.44436937446674418,1.0357279127459762e-05
2428,-0.029192199491111882,-0.029177158523709345,1.5040967402537436e-05
2429,0.10322323545369613,0.10320217708386907,2.1058369827062218e-05
2430,-0.24788160645560606,-0.24785764272448099,2.3963731125065113e-05
2431,-0.19572348976927009,-0.19574708172417851,2.3591954908419588e-05
2432,-0.23699833674816442,-0.23697646332014552,2.1873428018903684e-05
2433,-0.77962423952733395,-0.7796443356162156,2.0096088881649266e-05
2434,-0.8385000239469248,-0.83848045707193342,1.9566874991383543e-05
2435,-0.57812289056523614,-0.57813863513078356,1.5744565547426426e-05
2436,-0.7453206747011708,-0.74531449482529255,6.1798758782538599e-06
2437,-0.6068102488517878,-0.60680638745059501,3.8614011927950997e-06
2438,-0.093624730627235281,-0.093635838097360674,1.110747012539326e-05
2439,-0.17398696210051567,-0.17397227236565113,1.4689734864542503e-05
2440,-0.34827840396325965,-0.34829368091442475,1.5276951165099639e-05
2441,-0.12243176124470001,-0.12241388851602496,1.7872728675052962e-05
2442,-0.34769993427533863,-0.34772171607598462,2.1781800645992444e-05
2443,-0.73337231623144838,-0.73334832278503503,2.3993446413350661e-05
2444,-0.46643735070560205,-0.46645957639596053,2.2225690358479433e-05
2445,-0.30153047370182834,-0.30151246970948042,1.8003992347914721e-05
2446,-0.40808735139768237,-0.40810397599226583,1.6624594583458663e-05
2447,0.04363520366669265,0.043649518018933985,1.4314352241334705e-05
2448,0.43430570705999205,0.43429348850260424,1.2218557387810858e-05
2449,0.21772037182659723,0.217725669290917,5.2974643197645221e-06
2450,0.28157052206403999,0.28157629378985705,5.7717258170608687e-06
2451,0.44435969764650046,0.44434537077243863,1.4326874061831862e-05
2452,0.029191903816639195,0.029210678599130284,1.8774782491088465e-05
2453,-0.10322339410455898,-0.10324302732743766,1.9633222878678858e-05
2454,0.24788215600757527,0.24790316593337913,2.1009925803866514e-05
2455,0.19572254758791785,0.19569984090539169,2.2706682526157929e-05
2456,0.23699880307700197,0.23702236009630984,2.3557019307868243e-05
2457,0.77962404197548418,0.77960275241317833,2.1289562305848442e-05
2458,0.83849978938669278,0.8385150414170458,1.525203035301903e-05
2459,0.57812366084016253,0.57811327728348261,1.0383556679927075e-05
2460,0.74531987723094317,0.74532899965706434,9.122426121166427e-06
2461,0.60681064154469877,0.60680365671467651,6.9848300222608017e-06
2462,0.093624618032269319,0.093626637558799505,2.019526530186444e-06
2463,0.17398650271678892,0.17399278855193751,6.2858351485839403e-06
2464,0.34827920075693858,0.34826319636093994,1.6004395998636678e-05
2465,0.12243104792286667,0.12245235095847316,2.1303035606490273e-05
2466,0.34770028215920251,0.34767777946275275,2.2502696449766546e-05
2467,0.73337245740404688,0.73339487958284744,2.2422178800551862e-05
2468,0.46643690142301003,0.46641341828665078,2.3483136359248036e-05
2469,0.3015314199155239,0.30155524111680221,2.3821201278306781e-05
2470,0.40808676712709291,0.40806735501855934,1.9412108533567451e-05
2471,-0.043635053734664114,-0.043621408352358046,1.3645382306068377e-05
2472,-0.4343056042412114,-0.43431128103903427,5.6767978228733362e-06
2473,-0.21772115765095271,-0.21771932865897448,1.8289919782310537e-06
2474,-0.2815697762590636,-0.28157079114465267,1.0148855890679265e-06
2475,-0.44436023844162381,-0.44436234056889362,2.1021272698096283e-06
2476,-0.029191844658974654,-0.029183359636331334,8.4850226433202947e-06
2477,0.10322375617398143,0.10320714540983238,1.6610764149049828e-05
2478,-0.24788286519880071,-0.24786105872248637,2.1806476314334411e-05
2479,-0.19572166497512816,-0.19574543658590748,2.3771610779321772e-05
2480,-0.23699906725532918,-0.23697623405421095,2.283320111823306e-05
2481,-0.77962404001208097,-0.77964642133275164,2.2381320670672444e-05
2482,-0.83849932503166491,-0.8384766529924248,2.2672039240112518e-05
2483,-0.57812452104948708,-0.57814390848956931,1.9387440082230256e-05
2484,-0.74531919451025053,-0.74530809595939618,1.1098550854349298e-05
2485,-0.60681083961706539,-0.60681349577233767,2.6561552722847992e-06
2486,-0.093624731376345124,-0.093628481599790744,3.7502234456199268e-06
2487,-0.17398584847969201,-0.17397940046327304,6.4480164189695266e-06
2488,-0.34828001659759905,-0.34828724221459223,7.2256169931783631e-06
2489,-0.122430470710263,-0.12241922221074016,1.1248499522845123e-05
2490,-0.34770039526268143,-0.34771783077691171,1.7435514230279558e-05
2491,-0.73337280524635395,-0.73335051062058931,2.2294625764640585e-05
2492,-0.46643629631626349,-0.46645922480419072,2.2928487927231789e-05
2493,-0.3015323686597059,-0.30151096536275795,2.140329694794163e-05
2494,-0.40808641533860812,-0.4081072358104228,2.082047181467539e-05
2495,0.043635081935234542,0.043654319383211633,1.923744797709126e-05
2496,0.43430526245938789,0.43428745893962134,1.7803519766546039e-05
2497,0.21772204692530059,0.21773253473189597,1.0487806595377291e-05
2498,0.2815691167454627,0.28156903823903046,7.8506432243941049e-08
2499,0.4443605872429866,0.44435254615919467,8.0410837919320244e-06
2500,0.029192026936440203,0.029204047674618389,1.2020738178186718e-05
2501,-0.10322428728240962,-0.10323736914586182,1.3081863452196751e-05
2502,0.24788366526182345,0.24789884509622337,1.5179834399914327e-05
2503,0.19572093054324888,0.1957025469676584,1.8383575590474877e-05
2504,0.23699910524396303,0.23702144125669958,2.2336012736545729e-05
2505,0.77962423502521683,0.7796018275510892,2.2407474127628113e-05
2506,0.83849867363951547,0.83851774703038773,1.9073390872259566e-05
2507,0.5781253870448203,0.57810896902449616,1.6418020324149296e-05
2508,0.74531869360228165,0.74533462902245984,1.5935420178192494e-05
2509,0.60681082281419252,0.60679707281921436,1.3749994978162761e-05
2510,0.093625058494334903,0.093633748240929335,8.6897465944313357e-06
2511,0.17398506285257084,0.17398561220515357,5.4935258272936771e-07
2512,0.34828077206642655,0.34826997377486324,1.0798291563307583e-05
2513,0.12243008604516013,0.12244641047339795,1.6324428237818323e-05
2514,0.34770026335423876,0.34768249992947375,1.776342476500492e-05
2515,0.73337332527090182,0.73339168261411258,1.8357343210761989e-05
2516,0.4664355934328287,0.46641488739656295,2.0706036265749628e-05
2517,0.30153322474633815,0.30155559204695553,2.2367300617387453e-05
2518,0.40808633371217251,0.40806520982374045,2.1123888432061921e-05
2519,-0.043635281941267874,-0.043617610758918901,1.767118234897308e-05
2520,-0.43430471420181671,-0.43431648245382348,1.1768252006771895e-05
2521,-0.2177229544131645,-0.21771306244382069,9.8919693438115353e-06
2522,-0.2815686085819003,-0.28157771479233873,9.1062104384254106e-06
2523,-0.44436071067648786,-0.44435520872149137,5.5019549964896441e-06
2524,-0.029192432631688504,-0.029190237732326447,2.1948993620575508e-06
2525,0.1032249359550564,0.103213325006924,1.1610948132401155e-05
2526,-0.24788447362467694,-0.24786614103326504,1.8332591411901467e-05
2527,-0.19572041950107211,-0.1957417786540693,2.1359152997196817e-05
2528,-0.23699891465070663,-0.23697823325811918,2.0681392587457159e-05
2529,-0.779624609048996,-0.77964620745021807,2.1598401222067132e-05
2530,-0.83849789975159439,-0.83847507072713368,2.2829024460713221e-05
2531,-0.57812617297909541,-0.57814718145749844,2.1008478403028441e-05
2532,-0.74531842471843146,-0.74530334698415657,1.5077734274893118e-05
2533,-0.60681059217787015,-0.60681941089055946,8.8187126893179979e-06
2534,-0.093625566553599437,-0.093621785155603349,3.7813979960887867e-06
2535,-0.17398422155247029,-0.17398644349828912,2.2219458188366126e-06
2536,-0.34828139372687611,-0.34828030901999801,1.0847068780961422e-06
2537,-0.12242993121598529,-0.12242559701641184,4.3341995734497152e-06
2538,-0.34769990123720562,-0.34771242600744107,1.2524770235444738e-05
2539,-0.73337396640823915,-0.73335459718859297,1.9369219646181435e-05
2540,-0.46643485992086464,-0.46645671869435029,2.1858773485650129e-05
2541,-0.30153390265553542,-0.30151173149467397,2.2171160861450545e-05
2542,-0.40808652594943812,-0.40810825628878133,2.1730339343217775e-05
2543,0.043635628951004896,0.043657057391165634,2.1428440160738138e-05
2544,0.43430401042655259,0.43428318352876827,2.0826897784320675e-05
2545,0.21772379204087836,0.21773806822077912,1.427617990076846e-05
2546,0.28156830220982854,0.28156260694844343,5.6952613851080081e-06
2547,0.4443605973496173,0.4443594574807368,1.1398688805064339e-06
2548,0.029193022488414547,0.029197104450743666,4.0819623291186991e-06
2549,-0.10322563882720982,-0.10323084345014596,5.2046229361418783e-06
2550,0.24788520828471855,0.24789315857052163,7.9502858030822132e-06
2551,0.19572018060197491,0.1957070277128542,1.3152889120709998e-05
2552,0.23699851546778633,0.23701845423705575,1.9938769269423062e-05
2553,0.77962512663594974,0.77960313006731419,2.1996568635551661e-05
2554,0.83849708076326612,0.83851821044542907,2.1129682162945862e-05
2555,0.57812680061742794,0.57810677268287591,2.0027934552024895e-05
2556,0.74531841624121531,0.74533841318407024,1.9996942854927369e-05
2557,0.60681017023505712,0.60679194846189,1.8221773167126365e-05
2558,0.093626205432788726,0.093639878853139513,1.3673420350787668e-05
2559,0.17398340546619703,0.17397887383435784,4.531631839194139e-06
2560,0.3482818210825348,0.34827688275464314,4.9383278916681483e-06
2561,0.12243002098717501,0.12243977832860849,9.7573414334778397e-06
2562,0.34769934542584319,0.34768842647795278,1.0918947890403707e-05
2563,0.7333746669723884,0.73338684402245979,1.217705007139358e-05
2564,0.46643416557228035,0.46641832673935046,1.5838832929881974e-05
2565,0.30153433390682849,0.30155377215152657,1.9438244698077867e-05
2566,0.40808696983170195,0.40806529526270291,2.1674568999041632e-05
2567,-0.043636088810042342,-0.043615959184270983,2.0129625771359017e-05
2568,-0.43430321553755385,-0.43431976117422699,1.6545636673137576e-05
2569,-0.21772447689309893,-0.21770837156612824,1.6105326970689005e-05
2570,-0.28156822834423423,-0.28158351181240299,1.5283468168758585e-05
2571,-0.44436025880078667,-0.44434868263823185,1.1576162554816083e-05
2572,-0.029193739685896537,-0.029197069262356719,3.3295764601815048e-06
2573,0.10322632696145706,0.1032200193272317,6.3076342253637341e-06
2574,-0.24788579638572647,-0.24787226512840177,1.3531257324700396e-05
2575,-0.19572023218760479,-0.1957366201499425,1.6387962337716111e-05
2576,-0.23699794785931291,-0.23698209397893022,1.585388038269353e-05
2577,-0.77962573856069439,-0.77964389214117402,1.8153580479629561e-05
2578,-0.83849629773661849,-0.8384756934404699,2.0604296148585277e-05
2579,-0.57812720928347161,-0.57814828872619117,2.1079442719562635e-05
2580,-0.7453186715146809,-0.74530058437497548,1.8087139705413868e-05
2581,-0.60680959910189736,-0.60682364719477955,1.4048092882190666e-05
2582,-0.093626912715867233,-0.093616351864380748,1.0560851486485223e-05
2583,-0.1739826931250501,-0.17399272007804448,1.0026952994374172e-05
2584,-0.34828201233735995,-0.34827359681649689,8.4155208630587452e-06
2585,-0.1224303463443111,-0.12243230969012026,1.9633458091528055e-06
2586,-0.34769865061033234,-0.34770614729544325,7.4966851109081745e-06
2587,-0.73337535937728515,-0.73336003634327485,1.5323034010306102e-05
2588,-0.46643357941754965,-0.46645246965636933,1.8890238819679883e-05
2589,-0.30153447288646645,-0.30151451748597946,1.9955400486992847e-05
2590,-0.408087619572993,-0.40810711111587139,1.9491542878391499e-05
2591,0.04363661948641237,0.043657624309321449,2.1004822909079235e-05
2592,0.43430240352413946,0.43428094417340057,2.1459350738883831e-05
2593,0.21772493880817179,0.2177418321907604,1.68933825886175e-05
2594,0.28156839468249323,0.28155756459981407,1.0830082679158526e-05
2595,0.44435972829165465,0.44436544966518415,5.7213735294991963e-06
2596,0.029194515147871389,0.029190551874624718,3.9632732466710063e-06
2597,-0.10322693267231033,-0.10322415551780752,2.7771545028087985e-06
2598,0.24788618079868638,0.24788676833893117,5.8754024478968603e-07
2599,0.19572056581143699,0.1957127072057053,7.8586057316865077e-06
2600,0.23699726532187554,0.23701385180614995,1.6586484274411228e-05
2601,0.77962638678448393,0.7796063594551188,2.0027329365124302e-05
2602,0.83849562799806865,0.83851656070757008,2.0932709501431113e-05
2603,0.57812735977907714,0.57810673875406304,2.0621025014100347e-05
2604,0.74531916537817633,0.74534012565369001,2.0960275513681736e-05
2605,0.6068089366620969,0.60678867119882396,2.0265463272939321e-05
2606,0.093627619820618471,0.093644506092096541,1.688627147806987e-05
2607,0.17398215341575018,0.17397319842809764,8.9549876525485406e-06
2608,0.34828194843268234,0.34828323721167898,1.2887789966331553e-06
2609,0.12243087546276785,0.122433157238598,2.2817758301568736e-06
2610,0.34769788446538696,0.34769488524735415,2.9992180328175522e-06
2611,0.73337597644197439,0.73338096527273222,4.9888307578349611e-06
2612,0.46643316243851196,0.46642324603658197,9.9164019299879946e-06
2613,0.30153430216326321,0.30155012898427636,1.5826821013142922e-05
2614,0.40808840938386814,0.40806742876256646,2.0980621301680547e-05
2615,-0.043637171408534972,-0.043616447587163473,2.0723821371498863e-05
2616,-0.43430165614219601,-0.43432094659676374,1.9290454567721937e-05
2617,-0.21772512710474765,-0.21770559196266268,1.953514208496987e-05
2618,-0.28156878475871183,-0.2815877029233268,1.8918164614967203e-05
2619,-0.44435905755404231,-0.44434335371935452,1.5703834687796903e-05
2620,-0.029195274008097061,-0.02920318913592242,7.9151278253586366e-06
2621,0.10322739620771225,0.10322653272395782,8.634837544291285e-07
2622,-0.24788632513905512,-0.24787874984745764,7.575291597478051e-06
2623,-0.19572114729135337,-0.19573058371207244,9.4364207190722471e-06
2624,-0.23699653210337082,-0.23698729227970144,9.2398236693769231e-06
2625,-0.77962700787135031,-0.77963986690825648,1.2859036906176513e-05
2626,-0.83849513814325338,-0.8384782871786377,1.685096461567781e-05
2627,-0.57812723756360473,-0.57814729181627089,2.0054252666157346e-05
2628,-0.74531984761239456,-0.7452999227520466,1.9924860347964035e-05
2629,-0.606808250228693,-0.60682592161558624,1.7671386893236551e-05
2630,-0.09362825868532447,-0.093612614671590086,1.5644013734383844e-05
2631,-0.17398183918880072,-0.17399767561943105,1.5836430630328246e-05
2632,-0.34828163498876341,-0.34826774576304609,1.3889225717322873e-05
2633,-0.12243155680750549,-0.12243867603608337,7.1192285778787223e-06
2634,-0.34769712126069335,-0.34769967855173961,2.5572910462567933e-06
2635,-0.73337645798727835,-0.73336618869206094,1.0269295217413266e-05
2636,-0.46643295723404654,-0.4664470312797242,1.4074045677658908e-05
2637,-0.30153384280667755,-0.30151889121931641,1.4951587361144991e-05
2638,-0.40808925892996639,-0.40810408318002422,1.4824250057832167e-05
2639,0.043637692709346525,0.043656135736681409,1.8443027334884288e-05
2640,0.43430104903549394,0.43428079977694117,2.0249258552762495e-05
2641,0.21772502157857954,0.21774359732194004,1.8575743360504937e-05
2642,0.2815693590806137,0.28155429582907665,1.5063251537050792e-05
2643,0.44435831179466723,0.44437000788238451,1.1696087717283365e-05
2644,0.029195942635722383,0.029185001467302549,1.0941168419834058e-05
2645,-0.10322767166070426,-0.10321797385719585,9.6978035084155367e-06
2646,0.24788621679725908,0.24788035657075108,5.860226508003219e-06
2647,0.19572191987839765,0.19571893375681046,2.9861215871951341e-06
2648,0.23699581820809743,0.23700821307270856,1.2394864611131595e-05
2649,0.7796275380863763,0.77961104652489788,1.6491561478426675e-05
2650,0.83849487776133569,0.83851312691650426,1.8249155168570397e-05
2651,0.57812685404691122,0.5781086992905069,1.8154756404320516e-05
2652,0.74532065036500783,0.74533976261909374,1.9112254085906777e-05
2653,0.60680760624059416,0.60678741608300191,2.019015759224807e-05
2654,0.093628768360804429,0.093647295257360152,1.8526896555723371e-05
2655,0.17398178233119255,0.17396905843597193,1.2723895220612125e-05
2656,0.34828110196479528,0.3482884577214353,7.3557566400150876e-06
2657,0.12243232407798925,0.12242719596015873,5.1281178305162545e-06
2658,0.34769643485571056,0.34770120021630752,4.7653605969588675e-06
2659,0.73337675674980196,0.73337470588813924,2.0508616627168408e-06
2660,0.46643298415459539,0.46642904489035297,3.9392642424140867e-06
2661,0.30153314585102647,0.301545165082235,1.2019231208526548e-05
2662,0.40809008383718803,0.40807123799189199,1.8845845296044939e-05
2663,-0.043638134777125186,-0.043618857714698873,1.9277062426312219e-05
2664,-0.43430064352508035,-0.43432008902583091,1.9445500750558953e-05
2665,-0.21772463614750515,-0.21770484426410339,1.9791883401759636e-05
2666,-0.28157005902913623,-0.28159000463282141,1.9945603685178614e-05
2667,-0.4443575634169345,-0.44433964972613071,1.7913690803783577e-05
2668,-0.029196455580352977,-0.029208053215722226,1.1597635369248877e-05
2669,0.10322773155149166,0.10323224005915427,4.5085076626066867e-06
2670,-0.24788586773416138,-0.24788492960851749,9.3812564389006425e-07
2671,-0.19572280943354356,-0.19572433225863992,1.5228250963561507e-06
2672,-0.23699519263756877,-0.23699321077292917,1.9818646395941553e-06
2673,-0.7796279235057284,-0.77963466375408275,6.740248354342171e-06
2674,-0.8384948718145202,-0.83848243959222757,1.2432222292635409e-05
2675,-0.57812624553594749,-0.57814445694846595,1.821141251845404e-05
2676,-0.74532149432737194,-0.74530125900684063,2.023532053130328e-05
2677,-0.60680706617784574,-0.6068261677409329,1.9101563087153828e-05
2678,-0.093629099771860208,-0.093610804944076864,1.8294827783343903e-05
2679,-0.17398199075434728,-0.17400092902616845,1.8938271821172803e-05
2680,-0.34828040105591951,-0.34826326180227185,1.7139253647657782e-05
2681,-0.12243310254309649,-0.12244409818346468,1.0995640368188786e-05
2682,-0.3476958917214194,-0.34769367076591218,2.2209555072261189e-06
2683,-0.73337684305522366,-0.7333723923103217,4.4507449019626222e-06
2684,-0.46643323987674307,-0.46644103360223449,7.793725491422876e-06
2685,-0.30153228275499888,-0.30152429523586555,7.9875191333345086e-06
2686,-0.40809080843660389,-0.40809962142791617,8.8129913122791947e-06
2687,0.043638457137097873,0.043652903249161108,1.4446112063234984e-05
2688,0.43430048148470179,0.43428259606291364,1.788542178815522e-05
2689,0.21772401103683528,0.21774335086641056,1.933982957527669e-05
2690,0.28157081602094375,0.28155297931757273,1.783670337102139e-05
2691,0.44435688504285453,0.44437279933880142,1.5914295946883872e-05
2692,0.029196761799081844,0.029180918368339217,1.584343074262709e-05
2693,-0.10322756964943974,-0.10321286566276544,1.4703986674302616e-05
2694,0.24788531300101282,0.24787455567472169,1.0757326291133129e-05
2695,0.19572373115725511,0.1957250507429707,1.3195857155867685e-06
2696,0.23699471665588703,0.23700217637545873,7.4597195716952225e-06
2697,0.77962812551580274,0.77961661247084568,1.1513044957056628e-05
2698,0.83849511876824645,0.83850839101191266,1.327224366620694e-05
2699,0.57812547096896938,0.57811230022745053,1.3170741518853113e-05
2700,0.74532229589003418,0.74533752758018113,1.5231690146944032e-05
2701,0.6068066817432225,0.60678814309641382,1.8538646808674564e-05
2702,0.093629219776980702,0.093648120558747397,1.8900781766695296e-05
2703,0.17398244713765423,0.17396673705496765,1.5710082686581917e-05
2704,0.34827960104749439,0.34829212224480782,1.2521197313430932e-05
2705,0.12243381618895181,0.12242242786090132,1.1388328050490615e-05
2706,0.34769554463488994,0.347706761355914,1.1216721024054355e-05
2707,0.7333767078088711,0.73336871298912176,7.9948197493351358e-06
2708,0.46643369823262187,0.46643508099275238,1.3827601305083093e-06
2709,0.30153133875838395,0.30153947641633938,8.137657955431532e-06
2710,0.40809136628634868,0.40807621177916503,1.5154507183645638e-05
2711,-0.043638626407180303,-0.043622796111107469,1.5830296072834316e-05
2712,-0.43430058204381705,-0.43431743894920383,1.685690538677509e-05
2713,-0.21772320894209574,-0.21770603691623874,1.7172025856992956e-05
2714,-0.28157155720437177,-0.2815903438968933,1.8786692521532977e-05
2715,-0.44435634271758895,-0.44433780331264522,1.8539404943729298e-05
2716,-0.029196829584269127,-0.0292112845389613,1.4454954692173089e-05
2717,0.1032272017630651,0.10323664466772572,9.4429046606225864e-06
2718,-0.24788460714232408,-0.24789022035202596,5.6132097018823934e-06
2719,-0.19572459727726546,-0.19571849933803651,6.0979392289550738e-06
2720,-0.23699443770935516,-0.23699920746663411,4.7697572789495712e-06
2721,-0.77962812436227491,-0.77962889159022952,7.6722795461225957e-07
2722,-0.83849559273932617,-0.83848761416788797,7.9785714381941375e-06
2723,-0.57812460819559441,-0.5781402136642243,1.5605468629886765e-05
2724,-0.7453229748452358,-0.74530429817013089,1.8676675104911666e-05
2725,-0.60680648971326967,-0.60682452711318158,1.803739991190767e-05
2726,-0.093629115935064414,-0.093610943470419317,1.8172464645097031e-05
2727,-0.17398310638100592,-0.17400229878525003,1.9192404244111616e-05
2728,-0.34827878153077241,-0.34826047517502884,1.8306355743569203e-05
2729,-0.1224343950203365,-0.12244811875618195,1.3723735845447282e-05
2730,-0.34769542762289674,-0.3476886786702168,6.7489526799358046e-06
2731,-0.73337636352014524,-0.73337803113358646,1.6676134412252352e-06
2732,-0.46643431317647249,-0.46643511408857791,8.0091210541421987e-07
2733,-0.30153040511852502,-0.30153011192187562,2.9319664940352652e-07
2734,-0.40809170539236961,-0.40809428372239759,2.5783300279802468e-06
2735,0.043638621152145896,0.043648388986346501,9.7678342006052299e-06
2736,0.43430093836206785,0.43428599633934367,1.4942022724173665e-05
2737,0.21772230960602484,0.21774128250243857,1.8972896413727014e-05
2738,0.28157221108115899,0.28155358442490563,1.8626656253351026e-05
2739,0.44435598965158746,0.44437369391310605,1.7704261518591835e-05
2740,0.029196649916451958,0.02917858478597456,1.8065130477397384e-05
2741,-0.10322666441287402,-0.10320924673775023,1.7417675123795884e-05
2742,0.24788381882796032,0.24786988794802489,1.3930879935425411e-05
2743,0.19572532501616655,0.19573046331447513,5.1382983085879186e-06
2744,0.23699438458387309,0.23699637054008352,1.9859562104262984e-06
2745,0.7796279208169401,0.77962243520291885,5.4856140212500293e-06
2746,0.83849624633635511,0.83850292813970706,6.6818033519489006e-06
2747,0.57812374291478885,0.57811705047200779,6.6924427810644005e-06
2748,0.74532346483410095,0.74533379596382887,1.0331129727925159e-05
2749,0.60680650817167858,0.60679061656284661,1.5891608831974935e-05
2750,0.093628797544690251,0.093647062913132934,1.8265368442682561e-05
2751,0.17398390193318436,0.1739663131072624,1.7588825921954765e-05
2752,0.34827802445822548,0.34829399757675678,1.5973118531298347e-05
2753,0.12243478184293809,0.12241922520015625,1.5556642781841545e-05
2754,0.34769555263173241,0.34771108164633552,1.5529014603110625e-05
2755,0.73337584325775318,0.73336355668252295,1.2286575230224805e-05
2756,0.46643502357776706,0.46644073814255071,5.7145647836542857e-06
2757,0.3015295708910416,0.30153368536853342,4.1144774918233651e-06
2758,0.40809179331592133,0.4080817618082172,1.0031507704122422e-05
2759,-0.043638438889522874,-0.043627746505005241,1.0692384517632658e-05
2760,-0.43430151109810983,-0.43431340733496621,1.1896236856379083e-05
2761,-0.21772140280710681,-0.21770889065190013,1.2512155206673148e-05
2762,-0.28157271438437276,-0.28158885044311505,1.6136058742288739e-05
2763,-0.44435586057216492,-0.44433784243283747,1.8018139327447003e-05
2764,-0.029196240363096156,-0.029212699534427167,1.6459171331011796e-05
2765,0.10322601150113619,0.10323941948408528,1.340798294909018e-05
2766,-0.24788302422124989,-0.24789417289632354,1.1148675073652248e-05
2767,-0.19572584413878766,-0.19571362700874934,1.2217130038322255e-05
2768,-0.23699456426945001,-0.2370046826193753,1.0118349925286596e-05
2769,-0.77962753583168076,-0.77962316897479012,4.3668568906474192e-06
2770,-0.83849701540449406,-0.83849321354986717,3.8018546268947517e-06
2771,-0.57812295986530549,-0.57813509953526998,1.2139669964494892e-05
2772,-0.74532372061332641,-0.74530859710893971,1.5123504386704845e-05
2773,-0.60680673479006697,-0.60682131993481903,1.4585144752055079e-05
2774,-0.093628294450962241,-0.093612853476766164,1.5440974196076485e-05
2775,-0.17398475479211883,-0.17400180704981655,1.7052257697713902e-05
2776,-0.34827740325833473,-0.34825951952734258,1.7883730992152014e-05
2777,-0.12243493793075924,-0.12245045720452999,1.5519273770747688e-05
2778,-0.3476959082403232,-0.34768511134089441,1.0796899428788809e-05
2779,-0.73337519762644887,-0.73338259421492891,7.3965884800353265e-06
2780,-0.46643575937409942,-0.46642985235875067,5.9070153487494892e-06
2781,-0.30152891497305756,-0.30153573056508193,6.8155920243673229e-06
2782,-0.40809162055906278,-0.40808867233727431,2.9482217884790884e-06
2783,0.043638096236746769,0.043643147864798802,5.0516280520329637e-06
2784,0.43430223905330873,0.43429052884100927,1.1710212299453904e-05
2785,0.21772057785516621,0.21773775048514418,1.7172629977968423e-05
2786,0.2815730182367574,0.28155588937831028,1.7128858447124085e-05
2787,0.44435596852872306,0.44437276278501658,1.6794256293528598e-05
2788,0.029195642713953831,0.029178084486946407,1.7558227007424126e-05
2789,-0.10322530865012679,-0.10320735012474848,1.7958525378308776e-05
2790,0.24788229969507386,0.24786672039877072,1.5579296303136481e-05
2791,0.19572610340316343,0.19573469444194019,8.5910387767618168e-06
2792,0.23699496084669117,0.23699135159918913,3.6092475020343961e-06
2793,0.77962700822763054,0.7796279157572481,9.0752961756646044e-07
2794,0.83849782523994276,0.83849734140617826,4.8383376449745441e-07
2795,0.57812233501537957,0.5781223817664739,4.6751094329167131e-08
2796,0.74532371915815399,0.74532906450392367,5.3453457696805984e-06
2797,0.60680714851603745,0.60679444326242415,1.2705253613298773e-05
2798,0.093627653959619736,0.093644386780266209,1.6732820646472857e-05
2799,0.17398558072683135,0.17396766777531478,1.7912951516568798e-05
2800,0.34827697766538446,0.3482940494536429,1.7071788258438136e-05
2801,0.12243484798560227,0.12241777285499239,1.7075130609875422e-05
2802,0.34769646054637104,0.34771383779704634,1.7377250675298939e-05
2803,0.73337449003701605,0.73335967754709019,1.4812489925852823e-05
2804,0.46643644849319454,0.46644548714568224,9.0386524876917562e-06
2805,0.30152849910064428,0.30152837539599542,1.2370464885780308e-07
2806,0.40809120189057652,0.40808728816164019,3.9137289363222472e-06
2807,-0.043637626951758386,-0.043633131322973626,4.4956287847605636e-06
2808,-0.4343030480820021,-0.4343085121171229,5.4640351208057325e-06
2809,-0.2177199127748389,-0.21771298055482133,6.9322200175747639e-06
2810,-0.28157309295936606,-0.28158582885972994,1.2735900363880504e-05
2811,-0.44435630382340813,-0.44433960231440717,1.6701509000960346e-05
2812,-0.029194916462891071,-0.029212312740876937,1.7396277985866349e-05
2813,0.10322462423795706,0.10324042812295341,1.5803884996348772e-05
2814,-0.24788171458370753,-0.24789650899867685,1.4794414969321323e-05
2815,-0.19572607534624037,-0.19571011715186096,1.5958194379411816e-05
2816,-0.23699553653709649,-0.23700913689319988,1.3600356103399269e-05
2817,-0.77962639065802164,-0.77961806026648861,8.3303915330290579e-06
2818,-0.83849859769316415,-0.83849864494328452,4.7250120371877813e-08
2819,-0.57812192860186051,-0.5781296974303386,7.768828478083023e-06
2820,-0.74532346161014873,-0.74531362053609163,9.8410740571042155e-06
2821,-0.60680771029087721,-0.60681699939327993,9.2891024027208502e-06
2822,-0.093626938177617872,-0.093616193029374503,1.0745148243368474e-05
2823,-0.17398629790003539,-0.17399966258542474,1.3364685389344322e-05
2824,-0.34827678871871254,-0.34826033253264344,1.6456186069102596e-05
2825,-0.12243452166775912,-0.12245102563229583,1.6503964536715432e-05
2826,-0.34769715604558027,-0.34768320096606908,1.3955079511185353e-05
2827,-0.73337379070380537,-0.73338572032215377,1.1929618348394122e-05
2828,-0.46643702389743069,-0.46642571512731901,1.1308770111684296e-05
2829,-0.30152836240790709,-0.30154060930951937,1.2246901612278371e-05
2830,-0.40809057545768346,-0.40808336912508791,7.2063325955440405e-06
2831,0.043637078251952309,0.043637764061284369,6.858093320599723e-07
2832,0.43430385817026207,0.43429564482576438,8.2133444976872916e-06
2833,0.21771946996849414,0.21773323271638745,1.376274789330334e-05
2834,0.28157293077008322,0.28155951788393535,1.3412886147867731e-05
2835,0.44435683505269086,0.44437025649108403,1.3421438393168561e-05
2836,0.029194133307618504,0.029179308673732616,1.4824633885888311e-05
2837,-0.10322402417473694,-0.10320721555891992,1.6808615817029415e-05
2838,0.24788132552218592,0.24786523847850697,1.608704367894731e-05
2839,0.19572575896550976,0.19573742518760132,1.1666222091560874e-05
2840,0.23699623484986365,0.23698755114164621,8.6837082174384683e-06
2841,0.77962574424270736,0.7796325379756105,6.7937329031320104e-06
2842,0.83849925850575213,0.83849219804012731,7.0604656248196562e-06
2843,0.57812177963514244,0.57812771255547102,5.9329203285773957e-06
2844,0.74532297320561258,0.74532389147486944,9.1826925685545291e-07
2845,0.60680836602560495,0.60679912424108007,9.241784524882668e-06
2846,0.093626220183900655,0.093640499647386036,1.4279463485381005e-05
2847,0.17398683444322119,0.17397051121789006,1.63232253311274e-05
2848,0.34827685486117149,0.34829243153687017,1.557667569868082e-05
2849,0.12243399129078616,0.12241806304450838,1.5928246277788216e-05
2850,0.34769792613685385,0.34771489145008255,1.6965313228700651e-05
2851,0.73337316991625323,0.73335735089176779,1.5819024485441702e-05
2852,0.4664374300891414,0.46644893376372176,1.1503674580359835e-05
2853,0.30152851801747699,0.30152403398967936,4.484027797624357e-06
2854,0.40808979972716214,0.40809224175670794,2.4420295458016383e-06
2855,-0.043636505776208666,-0.04363837547688558,1.869700676913888e-06
2856,-0.43430459088431045,-0.43430331718143034,1.2737028801113048e-06
2857,-0.21771929086507427,-0.21771779036152222,1.5005035520487819e-06
2858,-0.28157254694155021,-0.28158171450571501,9.1675641648025774e-06
2859,-0.44435751103735649,-0.44434275649925364,1.4754538102845771e-05
2860,-0.029193370613972335,-0.02921032080324382,1.6950189271485588e-05
2861,0.10322356629134698,0.10323972492775162,1.6158636404639548e-05
2862,-0.24788117130441506,-0.24789713742933223,1.5966124917166091e-05
2863,-0.19572518065916389,-0.19570820042877585,1.698023038804175e-05
2864,-0.23699698558026583,-0.23701221533572592,1.5229755460088867e-05
2865,-0.77962513238979614,-0.77961402156165682,1.1110828139315743e-05
2866,-0.83849974421370976,-0.83850338075156583,3.6365378560665462e-06
2867,-0.57812190235222738,-0.57812457223287261,2.6698806452341017e-06
2868,-0.74532230098110219,-0.745318802846623,3.4981344791962243e-06
2869,-0.60680905194192103,-0.60681209526596225,3.0433240412186535e-06
2870,-0.0936255724423775,-0.093620502350656012,5.0700917214874242e-06
2871,-0.17398713808649069,-0.17399622557835254,9.0874918618477629e-06
2872,-0.3482771700988852,-0.34826267670145628,1.4493397428927413e-05
2873,-0.12243330868815525,-0.12244992369400726,1.6615005852010922e-05
2874,-0.34769869496633027,-0.34768299193101737,1.5703035312897295e-05
2875,-0.73337268977868042,-0.7333872241418431,1.4534363162677089e-05
2876,-0.46643762847329195,-0.46642301642206591,1.4612051226048361e-05
2877,-0.30152895195557716,-0.30154432592226782,1.5373966690657159e-05
2878,-0.40808894849606009,-0.40807887705697149,1.0071439088599199e-05
2879,0.043635967706092738,0.043632788648769724,3.179057323013379e-06
2880,0.43430517651398159,0.43430078080749263,4.3957064889688091e-06
2881,0.21771939213904265,0.21772826866475184,8.8765257091893979e-06
2882,0.28157197856864852,0.2815639893067578,7.9892618907173585e-06
2883,0.44435826352190638,0.44436656587651518,8.3023546088023537e-06
2884,0.02919270426413571,0.029181981390752766,1.072287338294356e-05
2885,-0.10322329470166283,-0.10320869960973346,1.4595091929373027e-05
2886,0.2478812677463276,0.24786544032319127,1.5827423136327567e-05
2887,0.19572439770997646,0.19573851596952044,1.4118259543977052e-05
2888,0.23699771122603663,0.23698524093539289,1.2470290643745718e-05
2889,0.77962461440914199,0.77963591568829094,1.1301279148945298e-05
2890,0.83850000799673519,0.83848797346705584,1.2034529679350037e-05
2891,0.57812228492921791,0.57813250902793134,1.0224098713429441e-05
2892,0.74532150946049314,0.74531883448421554,2.6749762775946095e-06
2893,0.60680970086404951,0.60680411416307478,5.5867009747245788e-06
2894,0.093625059223550203,0.09363589936601642,1.0840142466217451e-05
2895,0.17398718142099509,0.17397442515315592,1.2756267839170166e-05
2896,0.34827770409646414,0.34828945565031627,1.175155385213511e-05
2897,0.12243254035719728,0.12241991036793184,1.2629989265433572e-05
2898,0.3476993870550954,0.34771428982130509,1.490276620969011e-05
2899,0.73337239603578774,0.73335667049999509,1.5725535792654455e-05
2900,0.4664376010070389,0.46645084951434301,1.324850730410887e-05
2901,0.30152962448010179,0.30152100933838383,8.6151417179602952e-06
2902,0.40808810438856702,0.40809617739812565,8.0730095586289963e-06
2903,-0.043635518614980669,-0.043642965694336622,7.4470793559530679e-06
2904,-0.43430556027958267,-0.43429837060068699,7.1896788956804514e-06
2905,-0.21771976416311076,-0.21772277266784371,3.0085047329486692e-06
2906,-0.28157128092076622,-0.2815770187530327,5.7378322664836112e-06
2907,-0.44435901718759052,-0.44434686262392575,1.215456366476797e-05
2908,-0.029192199491080869,-0.029207068616007609,1.486912492673978e-05
2909,0.10322323545392939,0.10323753520993466,1.4299756005267672e-05
2910,-0.24788160645547053,-0.24789614956572137,1.4543110250841984e-05
2911,-0.19572348976929624,-0.19570792506927584,1.5564700020398448e-05
2912,-0.23699833674809057,-0.23701373346573415,1.5396717643584301e-05
2913,-0.77962423952737359,-0.77961136144030285,1.2878087070733457e-05
2914,-0.83850002394692469,-0.83850700844418857,6.9844972638843927e-06
2915,-0.57812289056525912,-0.57812021359486376,2.6769703953544166e-06
2916,-0.74532067470120333,-0.74532360903243444,2.9343312311080894e-06
2917,-0.60681024885177492,-0.60680715327598667,3.0955757882589197e-06
2918,-0.093624730627219835,-0.093625260275151459,5.2964793162413315e-07
2919,-0.17398696210051859,-0.17399195901115824,4.9969106396541285e-06
2920,-0.3482784039631891,-0.34826617704302099,1.2226920168112443e-05
2921,-0.12243176124464146,-0.12244741431578988,1.5653071148424846e-05
2922,-0.3476999342752442,-0.34768435016615246,1.5584109091748566e-05
2923,-0.73337231623121157,-0.73338710244906502,1.478621785344636e-05
2924,-0.46643735070555459,-0.46642189631777109,1.5454387783497836e-05
2925,-0.30153047370177105,-0.30154661276381239,1.6139062041342633e-05
2926,-0.40808735139765334,-0.40807557382791898,1.1777569734361393e-05
2927,0.043635203666699554,0.043628684789312699,6.5188773868546379e-06
2928,0.43430570705993521,0.43430541822463969,2.8883529551437803e-07
2929,0.21772037182661455,0.21772339869814419,3.0268715296433157e-06
2930,0.28157052206385602,0.28156877641676803,1.7456470879917418e-06
2931,0.44435969764640981,0.44436217099988945,2.4733534796372858e-06
2932,0.029191903816665133,0.029185700680301765,6.2031363633682779e-06
2933,-0.10322339410474049,-0.10321150424953113,1.1889855209362699e-05
2934,0.24788215600753014,0.24786715090621927,1.5005101310860969e-05
2935,0.19572254758803989,0.19573800771993066,1.5460131890771001e-05
2936,0.23699880307692614,0.23698451655399949,1.428652292664867e-05
2937,0.77962404197552981,0.77963782322594111,1.37812504112933e-05
2938,0.83849978938669034,0.83848500864872988,1.4780737960462531e-05
2939,0.57812366084017042,0.57813633715293122,1.2676312760806496e-05
2940,0.74531987723088189,0.74531439243479947,5.4847960824222497e-06
2941,0.60681064154467845,0.60680888159182156,1.7599528568945644e-06
2942,0.093624618032257786,0.093631115523183109,6.4974909253223689e-06
2943,0.1739865027169365,0.1739789160476535,7.5866692829940074e-06
2944,0.34827920075699825,0.34828554745837886,6.3467013806106642e-06
2945,0.12243104792289125,0.12242298440635255,8.063516538703297e-06
2946,0.34770028215918292,0.34771224690783381,1.1964748650894474e-05
2947,0.73337245740401569,0.73335755241638478,1.4904987630903754e-05
2948,0.46643690142304867,0.46645118311555361,1.4281692504947152e-05
2949,0.30153141991550808,0.30151948441414078,1.1935501367299484e-05
2950,0.40808676712712527,0.40809879247158443,1.2025344459154486e-05
2951,-0.043635053734674051,-0.043646499472484078,1.1445737810027168e-05
2952,-0.43430560424118186,-0.43429414859487331,1.1455646308555778e-05
2953,-0.21772115765097172,-0.21772740842329993,6.2507723282145822e-06
2954,-0.28156977625904872,-0.28157226988316303,2.4936241143080906e-06
2955,-0.44436023844163491,-0.44435141731200478,8.8211296301321518e-06
2956,-0.02919184465899009,-0.029203002182437852,1.1157523447762052e-05
2957,0.10322375617414592,0.10323421889342929,1.0462719283371724e-05
2958,-0.24788286519869099,-0.24789379615732671,1.0930958635718691e-05
2959,-0.19572166497515894,-0.19570916550267839,1.249947248055383e-05
2960,-0.23699906725514847,-0.23701368378402118,1.4616528872718471e-05
2961,-0.77962404001208652,-0.7796102197552307,1.3820256855812119e-05
2962,-0.83849932503169644,-0.83850926507900569,9.9400473092536856e-06
2963,-0.57812452104945311,-0.57811699034991904,7.530699534075147e-06
2964,-0.74531919451009954,-0.74532758837407065,8.3938639711123031e-06
2965,-0.60681083961730775,-0.60680267677622324,8.1628410845135946e-06
2966,-0.093624731376263343,-0.093629943417207415,5.2120409440720161e-06
2967,-0.17398584847967466,-0.17398737246528875,1.5239856140936148e-06
2968,-0.34828001659763891,-0.34827037066541239,9.6459322265207703e-06
2969,-0.12243047071019417,-0.12244388388779918,1.3413177605017812e-05
2970,-0.34770039526257668,-0.34768699060314312,1.3404659433557953e-05
2971,-0.733372805246435,-0.7333855207584743,1.2715512039296328e-05
2972,-0.46643629631625133,-0.46642231933291139,1.3976983339936133e-05
2973,-0.30153236865967759,-0.30154737321983693,1.5004560159348479e-05
2974,-0.40808641533861889,-0.40807368167682168,1.2733661797215134e-05
2975,0.043635081934835181,0.043625785773279212,9.296161555968907e-06
2976,0.43430526245933282,0.43430913445391628,3.8719945834597702e-06
2977,0.21772204692534344,0.2177191073230951,2.9396022483418882e-06
2978,0.28156911674560253,0.28157336422141688,4.2474758143451474e-06
2979,0.44436058724299071,0.44435758402864767,3.0032143430447356e-06
2980,0.029192026936658046,0.029189990269285749,2.0366673722967132e-06
2981,-0.10322428728240976,-0.10321521979268788,9.0674897218756545e-06
2982,0.24788366526182179,0.24787005346866064,1.3611793161144581e-05
2983,0.19572093054327139,0.19573610398062105,1.5173437349663699e-05
2984,0.23699910524399992,0.23698530061760403,1.3804626395885755e-05
2985,0.77962423502494194,0.77963820703310327,1.3972008161333704e-05
2986,0.83849867363950092,0.83848348438764742,1.5189251853509056e-05
2987,0.57812538704477623,0.57813890078120311,1.3513736426884471e-05
2988,0.74531869360214131,0.74531095749502663,7.7361071146864191e-06
2989,0.60681082281418219,0.60681296383259964,2.1410184174452951e-06
2990,0.093625058494388222,0.093626651337447866,1.5928430596445775e-06
2991,0.17398506285254511,0.17398347272449366,1.5901280514540872e-06
2992,0.34828077206645475,0.34828119307351879,4.2100706404424315e-07
2993,0.12243008604512033,0.12242685545574138,3.230589378955262e-06
2994,0.34770026335423954,0.34770910835820595,8.8450039664178526e-06
2995,0.73337332527087951,0.73335975721771618,1.3568053163326432e-05
2996,0.46643559343282387,0.46645005249279203,1.4459059968163768e-05
2997,0.30153322474637961,0.30151947018775133,1.3754558628287228e-05
2998,0.40808633371238517,0.40809994804666611,1.3614334280931395e-05
2999,-0.043635281941085166,-0.043648719118487583,1.3437177402417233e-05
3000,-0.43430471420176342,-0.43429101076923637,1.3703432527045756e-05
3001,-0.21772295441315195,-0.21773125951025635,8.305097104394088e-06
3002,-0.28156860858190114,-0.28156795609870339,6.5248319774946495e-07
3003,-0.44436071067643257,-0.44435591388666645,4.7967897661149728e-06
3004,-0.029192432631475168,-0.029198613905525396,6.1812740502278918e-06
3005,0.10322493595523197,0.10323022234080667,5.2863855747042887e-06
3006,-0.24788447362471608,-0.24789044878748373,5.9751627676518648e-06
3007,-0.19572041950105781,-0.19571164878338562,8.770717672190731e-06
3008,-0.23699891465077935,-0.23701222315083043,1.3308500051073535e-05
3009,-0.77962460904890885,-0.77961056565206643,1.4043396842411404e-05
3010,-0.83849789975183764,-0.83851005373656229,1.2153984724649902e-05
3011,-0.57812617297911006,-0.57811512070677284,1.1052272337219726e-05
3012,-0.74531842471830378,-0.74533041567860592,1.1990960302132869e-05
3013,-0.60681059217794431,-0.60679907675856959,1.1515419374719116e-05
3014,-0.093625566553660111,-0.093634081674315139,8.515120655028241e-06
3015,-0.17398422155243931,-0.1739829646986413,1.2568537980095495e-06
3016,-0.34828139372684369,-0.34827476240799787,6.6313188458178018e-06
3017,-0.12242993121597484,-0.12243979201134236,9.8607953675222682e-06
3018,-0.34769990123723465,-0.34769051880788621,9.3824293484479071e-06
3019,-0.73337396640824193,-0.73338278298727022,8.8165790282923595e-06
3020,-0.46643485992107392,-0.46642409152490766,1.0768396166260796e-05
3021,-0.30153390265541941,-0.30154667893311904,1.2776277699633187e-05
3022,-0.40808652594955297,-0.40807325566667629,1.3270282876676198e-05
3023,0.043635628950810218,0.04362426958834232,1.1359362467898426e-05
3024,0.43430401042649502,0.43431164029310193,7.6298666069063437e-06
3025,0.21772379204097581,0.21771577608725981,8.0159537159951721e-06
3026,0.28156830220986284,0.2815773036248439,9.001414981057998e-06
3027,0.44436059734956662,0.44435329249348732,7.3048560793043116e-06
3028,0.029193022488192926,0.029194355733383741,1.3332451908147636e-06
3029,-0.10322563882725024,-0.10321937685204335,6.2619752068809875e-06
3030,0.24788520828464655,0.24787373391668505,1.1474367961505916e-05
3031,0.19572018060194887,0.1957331369190716,1.295631712272538e-05
3032,0.23699851546796433,0.23698736418033697,1.1151287627353401e-05
3033,0.7796251266360148,0.77963717823912304,1.2051603108242936e-05
3034,0.8384970807633344,0.83848341433289164,1.366643044276028e-05
3035,0.57812680061757971,0.57814006259075634,1.3261973176637021e-05
3036,0.74531841624120942,0.74530878157413838,9.634667071045655e-06
3037,0.60681017023515105,0.60681601085703629,5.8406218852447012e-06
3038,0.093626205432966125,0.093622932185899566,3.2732470665597369e-06
3039,0.17398340546632174,0.17398762205312063,4.2165867988885886e-06
3040,0.34828182108260031,0.34827688275465229,4.9383279480119668e-06
3041,0.12243002098718697,0.12243104780681151,1.0268196245361016e-06
3042,0.34769934542585379,0.34770530465162985,5.9592257760643363e-06
3043,0.73337466697239317,0.7333629273604837,1.1739611909478143e-05
3044,0.46643416557224193,0.46644771930676804,1.3553734526106087e-05
3045,0.30153433390667128,0.30152081759859667,1.3516308074612571e-05
3046,0.4080869698318112,0.40809967116505158,1.2701333240383583e-05
3047,-0.043636088809864214,-0.043649528130516452,1.3439320652237907e-05
3048,-0.43430321553755319,-0.43428917071797696,1.4044819576231049e-05
3049,-0.21772447689303295,-0.21773400923976258,9.5323467296237752e-06
3050,-0.28156822834397349,-0.28156447655596917,3.7517880043247409e-06
3051,-0.44436025880084562,-0.44435989663717118,3.6216367443886455e-07
3052,-0.029193739685892894,-0.029194386535711409,6.4684981851415024e-07
3053,0.10322632696147511,0.10322602413331296,3.0282816215754238e-07
3054,-0.24788579638575323,-0.24788655098707812,7.5460132489824083e-07
3055,-0.1957202321875835,-0.19571499499427331,5.2371933101924562e-06
3056,-0.23699794785926193,-0.23700964346374767,1.1695604485745248e-05
3057,-0.77962573856072803,-0.77961221393306068,1.352462766734952e-05
3058,-0.83849629773661138,-0.8385094411546371,1.314341802571839e-05
3059,-0.57812720928349504,-0.57811466048016691,1.2548803328127356e-05
3060,-0.74531867151460418,-0.74533191640257224,1.3244887968055785e-05
3061,-0.60680959910199106,-0.60679663501413605,1.2964087855005246e-05
3062,-0.093626912716063465,-0.093637304387698808,1.0391671635343047e-05
3063,-0.17398269312516029,-0.17397917115346145,3.5219716988388328e-06
3064,-0.34828201233736661,-0.34827888026469417,3.1320726724404224e-06
3065,-0.12243034634440973,-0.12243561672783991,5.2703834301781605e-06
3066,-0.34769865061034699,-0.3476944815666293,4.1690437176944428e-06
3067,-0.73337535937721543,-0.73337928831836086,3.9289411454257461e-06
3068,-0.46643357941753028,-0.4664268934065422,6.6860109880773066e-06
3069,-0.30153447288645208,-0.30154474922232755,1.0276335875469833e-05
3070,-0.40808761957305423,-0.40807419061995365,1.3428953100580454e-05
3071,0.043636619486291855,0.043624151778088677,1.2467708203178773e-05
3072,0.434302403524224,0.43431280070081763,1.0397176593623936e-05
3073,0.21772493880827226,0.21771365059777978,1.1288210492482742e-05
3074,0.28156839468233286,0.28158025450491242,1.1859822579562973e-05
3075,0.4443597282916803,0.4443497089106575,1.0019381022796647e-05
3076,0.029194515147864922,0.029198338915809485,3.8237679445621287e-06
3077,-0.10322693267232141,-0.10322350127782116,3.4313945002500956e-06
3078,0.24788618079870509,0.24787773273462119,8.4480640838990873e-06
3079,0.19572056581130365,0.1957295217906547,8.9559793510496366e-06
3080,0.23699726532164653,0.2369903629630945,6.902358552024479e-06
3081,0.77962638678452456,0.77963498805994391,8.6012754193509622e-06
3082,0.8384956279980541,0.83848465637195846,1.0971626095646059e-05
3083,0.57812735977910545,0.57813984661866413,1.2486839558678575e-05
3084,0.74531916537819354,0.74530796004519817,1.1205332995367634e-05
3085,0.60680893666246583,0.60681781425347769,8.8775910118688017e-06
3086,0.093627619820819324,0.093620265862727148,7.353958092176649e-06
3087,0.1739821534158601,0.17399097689712914,8.8234812690435316e-06
3088,0.34828194843267918,0.34827305785303669,8.8905796424842976e-06
3089,0.12243087546278976,0.12243509447022263,4.2190074328735117e-06
3090,0.34769788446531286,0.34770129823609502,3.4137707821679797e-06
3091,0.73337597644201347,0.73336663476873598,9.3416732774853628e-06
3092,0.46643316243848831,0.46644454970330668,1.1387264818363274e-05
3093,0.30153430216328392,0.30152324594279317,1.105622049074606e-05
3094,0.4080884093838732,0.40809813913430004,9.7297504268456514e-06
3095,-0.04363717140806754,-0.043648989168168124,1.1817760100583941e-05
3096,-0.43430165614229688,-0.43428868426212613,1.2971880170742356e-05
3097,-0.21772512710485373,-0.21773548712981172,1.0360024957994929e-05
3098,-0.28156878475857888,-0.28156210518885927,6.6795697196142534e-06
3099,-0.44435905755407012,-0.4443630060417022,3.9484876320772244e-06
3100,-0.029195274008314683,-0.029190741828642855,4.5321796718275631e-06
3101,0.10322739620771682,0.10322208093613133,5.315271585482062e-06
3102,-0.2478863251390909,-0.24788256480299076,3.760336100139261e-06
3103,-0.19572114729137732,-0.19571876652691703,2.3807644602968914e-06
3104,-0.23699653210339697,-0.23700632970501118,9.7976016142087285e-06
3105,-0.77962700787111872,-0.77961485698405952,1.2150887059192428e-05
3106,-0.83849513814329657,-0.83850763787614924,1.249973285266659e-05
3107,-0.57812723756349782,-0.5781155096030377,1.1727960460117259e-05
3108,-0.74531984761233994,-0.7453320738843936,1.2226272053661447e-05
3109,-0.60680825022876339,-0.60679548364337599,1.2766585387402607e-05
3110,-0.093628258685541352,-0.093639372753021394,1.1114067480041956e-05
3111,-0.17398183918890722,-0.1739763217351242,5.5174537830215975e-06
3112,-0.34828163498875209,-0.34828232467937775,6.8969062566592854e-07
3113,-0.12243155680753397,-0.12243180133925576,2.4453172178806604e-07
3114,-0.34769712126087415,-0.34769842051018429,1.2992493101382507e-06
3115,-0.73337645798727102,-0.73337548059070756,9.77396563461852e-07
3116,-0.46643295723402639,-0.46643032427424919,2.6329597772045688e-06
3117,-0.30153384280673934,-0.30154191588568352,8.0730789441818551e-06
3118,-0.40808925892998754,-0.40807624492016076,1.3014009826783912e-05
3119,0.043637692709143104,0.043625296327310555,1.2396381832549541e-05
3120,0.43430104903549782,0.43431263751123356,1.1588475735735404e-05
3121,0.21772502157871412,0.21771282439844053,1.2197180273593178e-05
3122,0.28156935908058439,0.28158201418723477,1.2655106650383274e-05
3123,0.44435831179471508,0.44434713180986996,1.1179984845122171e-05
3124,0.029195942635719809,0.029201564865054923,5.6222293351136654e-06
3125,-0.10322767166072749,-0.10322716602537207,5.056353554189208e-07
3126,0.24788621679726275,0.24788159842671398,4.6183705487701232e-06
3127,0.1957219198783928,0.19572570537390813,3.7854955153293623e-06
3128,0.23699581820819487,0.23699388371492611,1.934493268768156e-06
3129,0.77962753808637342,0.77963198962649261,4.4515401191880244e-06
3130,0.83849487776151421,0.8384869401613918,7.9376001224096271e-06
3131,0.57812685404681341,0.5781384231374016,1.1569090588192665e-05
3132,0.74532065036495532,0.74530843350377551,1.2216861179803473e-05
3133,0.606807606240646,0.60681831893215799,1.0712691511982619e-05
3134,0.093628768360878273,0.093618818186936528,9.9501739417445778e-06
3135,0.17398178233115447,0.17399327161026862,1.1489279114151874e-05
3136,0.34828110196480161,0.34827006652454334,1.103544025826686e-05
3137,0.12243232407791377,0.12243858738934357,6.263311429804963e-06
3138,0.34769643485572077,0.34769753063929654,1.0957835757663403e-06
3139,0.7333767567498114,0.73337043298251103,6.3237673003646577e-06
3140,0.46643298415478723,0.46644096627011394,7.9821153267101153e-06
3141,0.30153314585112384,0.30152638371470408,6.7621364197578693e-06
3142,0.40809008383720768,0.40809564851220931,5.5646750016236091e-06
3143,-0.043638134776980059,-0.043647304854916663,9.1700779366044038e-06
3144,-0.43430064352494951,-0.43428945560515586,1.1187919793653744e-05
3145,-0.21772463614763238,-0.21773567616948061,1.1040021848235382e-05
3146,-0.28157005902914783,-0.28156097050787793,9.0885212699065576e-06
3147,-0.44435756341708044,-0.44436501058561667,7.4471685362342832e-06
3148,-0.029196455580378238,-0.02918799918140564,8.4563989725984501e-06
3149,0.10322773155142807,0.10321877926667967,8.9522847483980428e-06
3150,-0.24788586773403648,-0.24787891882168805,6.948912348425651e-06
3151,-0.19572280943357279,-0.19572252044289673,2.8899067605614448e-07
3152,-0.23699519263760721,-0.23700271057297717,7.5179353699605933e-06
3153,-0.77962792350559229,-0.77961810796481334,9.8155407789457527e-06
3154,-0.83849487181469062,-0.83850496401483043,1.0092200139810714e-05
3155,-0.57812624553592673,-0.57811743520720038,8.810328726349681e-06
3156,-0.745321494327293,-0.74533101889381215,9.5245665191479034e-06
3157,-0.60680706617793689,-0.60679560221755391,1.1463960382984695e-05
3158,-0.093629099771933816,-0.093640195746882107,1.1095974948291398e-05
3159,-0.1739819907544386,-0.17397461284237062,7.3779120679795529e-06
3160,-0.34828040105597297,-0.34828480674034901,4.4056843760409414e-06
3161,-0.12243310254317637,-0.12242870846837701,4.3940747993520546e-06
3162,-0.34769589172142173,-0.34770192282517448,6.0311037527460698e-06
3163,-0.73337684305522433,-0.73337179609541769,5.0469598066316124e-06
3164,-0.46643323987677471,-0.46643395253495129,7.1265817658261454e-07
3165,-0.3015322827550237,-0.30153857799800809,6.2952429843998736e-06
3166,-0.40809080843664752,-0.40807907768184604,1.1730754801486665e-05
3167,0.0436384571369881,0.043627442411286479,1.1014725701620487e-05
3168,0.43430048148458966,0.43431131482152047,1.083333693080446e-05
3169,0.21772401103686606,0.2177132405195987,1.0770517267361113e-05
3170,0.2815708160208184,0.28158252904166553,1.171302084712611e-05
3171,0.44435688504290599,0.44434572175606307,1.1163286842919007e-05
3172,0.029196761798908431,0.029203776634382207,7.0148354737765983e-06
3173,-0.10322756964944864,-0.10323003451302727,2.4648635786328477e-06
3174,0.24788531300098593,0.24788493662643638,3.7637454955441463e-07
3175,0.19572373115739966,0.19572211428572697,1.6168716726883137e-06
3176,0.23699471665600658,0.23699749513333401,2.7784773274364127e-06
3177,0.77962812551561045,0.77962859110974847,4.6559413802160776e-07
3178,0.8384951187683668,0.83848990693222436,5.2118361424380311e-06
3179,0.57812547096901168,0.57813607847659498,1.0607507583304532e-05
3180,0.74532229588997345,0.74531000638401768,1.2289505955775937e-05
3181,0.60680668174310137,0.60681761725805294,1.0935514951571079e-05
3182,0.093629219776814571,0.093618605754451092,1.0614022363478193e-05
3183,0.17398244713780373,0.17399438190925068,1.1934771446953096e-05
3184,0.34827960104746752,0.34826813252468392,1.1468522783608659e-05
3185,0.12243381618913465,0.12244121794803793,7.4017589032776554e-06
3186,0.34769554463493929,0.34769437528395419,1.169350985097406e-06
3187,0.73337670780887665,0.73337390796796653,2.7998409101170907e-06
3188,0.46643369823247327,0.46643739688622554,3.6986537522709639e-06
3189,0.30153133875823107,0.30152981679887869,1.5219593523796426e-06
3190,0.40809136628654835,0.40809257298133583,1.206694787481144e-06
3191,-0.043638626407141702,-0.04364478442832815,6.1580211864475931e-06
3192,-0.43430058204378491,-0.43429125976751731,9.3222762675981841e-06
3193,-0.21772320894211128,-0.21773470273740572,1.1493795294442721e-05
3194,-0.28157155720439642,-0.2815610526963,1.0504508096420562e-05
3195,-0.44435634271775687,-0.44436582244672174,9.4797289648673733e-06
3196,-0.029196829584283674,-0.02918634819104771,1.0481393235964309e-05
3197,0.1032272017629912,0.10321639808401785,1.0803678973353437e-05
3198,-0.24788460714226482,-0.24787596321517705,8.6439270877702867e-06
3199,-0.19572459727714642,-0.19572585806271425,1.2607855678359314e-06
3200,-0.2369944377092397,-0.23699920746672651,4.769757486811077e-06
3201,-0.7796281243621348,-0.77962154996138322,6.5744007515800007e-06
3202,-0.83849559273943919,-0.83850180513603845,6.2123965992588737e-06
3203,-0.57812460819565048,-0.5781201078669036,4.5003287468814435e-06
3204,-0.74532297484520393,-0.74532900358965193,6.0287444479945052e-06
3205,-0.60680648971334927,-0.60679683195067702,9.6577626722549326e-06
3206,-0.093629115934926052,-0.093639828724065885,1.0712789139832868e-05
3207,-0.1739831063811843,-0.17397409592296847,9.0104582158301305e-06
3208,-0.34827878153066688,-0.34828617171405424,7.3901833873568634e-06
3209,-0.12243439502037816,-0.12242658596622978,7.8090541483777365e-06
3210,-0.34769542762271649,-0.34770466369201264,9.2360692961479529e-06
3211,-0.73337636352018876,-0.73336861554173549,7.7479784532652474e-06
3212,-0.46643431317647754,-0.46643736623156468,3.0530550871321616e-06
3213,-0.30153040511838425,-0.30153515215627946,4.7470378952141346e-06
3214,-0.40809170539247769,-0.40808229452447997,9.410867997716732e-06
3215,0.043638621151667507,0.043630243239244186,8.3779124233213098e-06
3216,0.43430093836202771,0.43430910957341368,8.1712113859655489e-06
3217,0.21772230960604916,0.21771470958314515,7.6000229040085188e-06
3218,0.2815722110811465,0.28158188884405888,9.6777629123856457e-06
3219,0.44435598965158113,0.44434549417183244,1.0495479748684478e-05
3220,0.029196649916683734,0.029204854795313661,8.2048786299269982e-06
3221,-0.10322666441281794,-0.1032318911988372,5.2267860192606319e-06
3222,0.24788381882791649,0.24788744975031371,3.6309223972186278e-06
3223,0.19572532501608605,0.19571910882019916,6.216195886893372e-06
3224,0.23699438458388039,0.23700079754923775,6.4129653573608003e-06
3225,0.77962792081677945,0.77962520572667793,2.7150901015238205e-06
3226,0.8384962463363137,0.83849315657238765,3.0897639260452081e-06
3227,0.5781237429148598,0.57813317388672858,9.43097186878461e-06
3228,0.74532346483403611,0.74531237949975249,1.1085334283622572e-05
3229,0.60680650817143666,0.60681592719271271,9.4190212760469905e-06
3230,0.093628797544544742,0.093619505719411009,9.2918251337337221e-06
3231,0.17398390193322624,0.17399432779036983,1.0425857143586681e-05
3232,0.34827802445818179,0.34826733980028179,1.0684657899995287e-05
3233,0.12243478184293403,0.12244280386160193,8.0220186678969796e-06
3234,0.34769555263180496,0.34769210086037222,3.4517714327386706e-06
3235,0.73337584325782068,0.73337672210342586,8.7884560517892396e-07
3236,0.4664350235777705,0.46643422622117958,7.9735659092028399e-07
3237,0.30152957089094395,0.30153313835118484,3.567460240883058e-06
3238,0.40809179331597084,0.40808931530737536,2.4780085954856368e-06
3239,-0.043638438889356743,-0.043641800634570883,3.3617452141407322e-06
3240,-0.43430151109820825,-0.43429377797977781,7.7331184304418876e-06
3241,-0.21772140280716526,-0.21773281119207508,1.1408384909816771e-05
3242,-0.28157271438431286,-0.28156219740792171,1.0516976391150568e-05
3243,-0.4443558605721698,-0.44436549618616938,9.6356139995812384e-06
3244,-0.029196240363056705,-0.029185837406490674,1.040295656603088e-05
3245,0.10322601150103697,0.10321508572436915,1.092577666782224e-05
3246,-0.24788302422137212,-0.24787393636138141,9.0878599907084912e-06
3247,-0.19572584413885369,-0.1957284664941468,2.6223552931081695e-06
3248,-0.23699456426945639,-0.23699618749524695,1.6232257905590686e-06
3249,-0.77962753583162503,-0.77962478539938296,2.7504322420712768e-06
3250,-0.83849701540448629,-0.83849856361124231,1.5482067560190771e-06
3251,-0.57812295986530182,-0.57812314634267026,1.8647736843568907e-07
3252,-0.74532372061322039,-0.74532636356197823,2.6429487578472077e-06
3253,-0.60680673478990288,-0.60679890443252416,7.8303573787241731e-06
3254,-0.093628294450912433,-0.09363845575460035,1.0161303687916678e-05
3255,-0.17398475479210815,-0.17397468294473803,1.0071847370118903e-05
3256,-0.34827740325834861,-0.34828640610725758,9.0028489089788444e-06
3257,-0.12243493793077383,-0.12242554778992125,9.3901408525776109e-06
3258,-0.34769590824039076,-0.3477064362211445,1.0527980753738397e-05
3259,-0.73337519762648007,-0.73336622524879092,8.9723776891537099e-06
3260,-0.4664357593741319,-0.4664402182070595,4.4588329276007421e-06
3261,-0.3015289149730892,-0.30153202387974382,3.108906654614163e-06
3262,-0.4080916205591244,-0.40808549647013248,6.1240889919211838e-06
3263,0.043638096236430307,0.043633312097031009,4.7841393992983927e-06
3264,0.43430223905330773,0.43430637133447231,4.1322811645816415e-06
3265,0.21772057785519128,0.21771694161148786,3.6362437034198614e-06
3266,0.28157301823665848,0.28158030541986945,7.2871832109688839e-06
3267,0.44435596852877118,0.44434632887806386,9.6396507073270854e-06
3268,0.02919564271389968,0.029204820315217463,9.177601317782863e-06
3269,-0.10322530865009193,-0.10323265667754784,7.3480274559167835e-06
3270,0.24788229969502618,0.24788896332401278,6.6636289866028875e-06
3271,0.19572610340318827,0.19571694710340962,9.156299778656507e-06
3272,0.23699496084674151,0.23700346596709912,8.5051203576047563e-06
3273,0.77962700822757192,0.77962220428607476,4.8039414971556837e-06
3274,0.83849782523993022,0.83849629642575563,1.528814174589499e-06
3275,0.57812233501534793,0.57813009854406083,7.763528712900758e-06
3276,0.74532371915815687,0.74531519220922426,8.5269489326078585e-06
3277,0.60680714851576845,0.60681355767468292,6.4091589144776862e-06
3278,0.093627653959430207,0.093621280642213214,6.3733172169927466e-06
3279,0.1739855807268853,0.17399326004107474,7.6793141894349048e-06
3280,0.3482769776652706,0.34826763376119324,9.3439040773635185e-06
3281,0.12243484798548832,0.12244330019142941,8.4522059410896411e-06
3282,0.34769646054632547,0.34769084875403183,5.6117922936360642e-06
3283,0.73337449003696853,0.73337864684426968,4.156807301147758e-06
3284,0.46643644849322247,0.46643175509700902,4.6933962134509954e-06
3285,0.30152849910067536,0.30153599477785986,7.4956771844991721e-06
3286,0.40809120189057707,0.40808625898811651,4.942902460558507e-06
3287,-0.043637626951538638,-0.043638742126995651,1.1151754570129513e-06
3288,-0.43430304808188919,-0.43429664146605906,6.4066158301234744e-06
3289,-0.21771991277485461,-0.21773032672582254,1.0413950967930186e-05
3290,-0.28157309295927585,-0.28156414388774004,8.9490715358131467e-06
3291,-0.4443563038233983,-0.44436421145682636,7.9076334280614446e-06
3292,-0.029194916462858635,-0.029186379689938126,8.5367729205088061e-06
3293,0.10322462423795871,0.10321485299860154,9.7712393571647294e-06
3294,-0.24788171458367728,-0.24787294613747615,8.7684462011239361e-06
3295,-0.19572607534624989,-0.19573014792217019,4.0725759203052991e-06
3296,-0.23699553653707583,-0.23699392550470125,1.6110323745877064e-06
3297,-0.77962639065805073,-0.77962748024145678,1.0895834060553611e-06
3298,-0.83849859769330459,-0.83849561105273929,2.9866405653056205e-06
3299,-0.57812192860185974,-0.578126165441333,4.2368394732594794e-06
3300,-0.7453234616102391,-0.74532347276306521,1.11528261070859e-08
3301,-0.60680771029076197,-0.60680148100328857,6.2292874734026782e-06
3302,-0.093626938177456154,-0.093636358472183517,9.4202947273636095e-06
3303,-0.1739862979001521,-0.17397616732033239,1.01305798197171e-05
3304,-0.34827678871876394,-0.34828562830561732,8.8395868533819311e-06
3305,-0.12243452166777347,-0.12242557120864843,8.9504591250372245e-06
3306,-0.347697156045572,-0.34770716620732933,1.001016175733449e-05
3307,-0.73337379070375197,-0.73336479139790123,8.9993058507431556e-06
3308,-0.46643702389749692,-0.46644226117555593,5.2372780590115298e-06
3309,-0.30152836240787773,-0.30152950548827701,1.1430803992795724e-06
3310,-0.40809057545768823,-0.4080883263905391,2.2490671491293135e-06
3311,0.043637078251698144,0.043636270119456089,8.0813224205555922e-07
3312,0.43430385817021866,0.43430347628106458,3.8188915407744162e-07
3313,0.21771946996849323,0.21771958732349797,1.173550047417482e-07
3314,0.28157293076999418,0.28157807872588264,5.1479558884626186e-06
3315,0.44435683505251478,0.44434799445390888,8.8405986058970321e-06
3316,0.029194133307503652,0.02920382131500622,9.6880075025687629e-06
3317,-0.10322402417470099,-0.10323238639478192,8.3622200809374547e-06
3318,0.24788132552212255,0.24788943672612487,8.1112040023201271e-06
3319,0.19572575896550726,0.19571576302791588,9.99593759137829e-06
3320,0.236996234849672,0.23700528201617199,9.0471664999924872e-06
3321,0.77962574424261399,0.77961987542292643,5.868819687560034e-06
3322,0.83849925850589135,0.8384989863005291,2.7220536225058822e-07
3323,0.57812177963515665,0.57812722220778423,5.4425726275786346e-06
3324,0.74532297320565044,0.74531806903669839,4.9041689520468168e-06
3325,0.60680836602545973,0.60681086572295373,2.4996974939961447e-06
3326,0.093626220183768261,0.093623614898680027,2.6052850882335443e-06
3327,0.17398683444334118,0.17399143265842507,4.5982150838896896e-06
3328,0.34827685486123666,0.348268838264637,8.0165965996581434e-06
3329,0.1224339912907855,0.12244279403920932,8.802748423825113e-06
3330,0.34769792613687162,0.34769062634068815,7.2997961834686542e-06
3331,0.73337316991624679,0.73337958099090661,6.4110746598178281e-06
3332,0.46643743008914157,0.46643017184885549,7.2582402860787987e-06
3333,0.30152851801739183,0.30153812289124221,9.6048738503773379e-06
3334,0.4080897997271466,0.4080837249884755,6.0747386710913176e-06
3335,-0.043636505776131249,-0.043635966887494375,5.3888863687373556e-07
3336,-0.43430459088427475,-0.43429947833023669,5.1125540380669854e-06
3337,-0.21771929086500433,-0.21772761119624295,8.3203312386259665e-06
3338,-0.28157254694174289,-0.28156656357900167,5.9833627412131385e-06
3339,-0.44435751103738858,-0.44436224243914135,4.731401752777753e-06
3340,-0.029193370613875683,-0.029187772774284828,5.5978395908547196e-06
3341,0.10322356629128954,0.10321558242991244,7.9838613770977229e-06
3342,-0.24788117130435794,-0.24787296725538574,8.2040489721990628e-06
3343,-0.19572518065919575,-0.195730833994223,5.6533350272502947e-06
3344,-0.23699698558003476,-0.23699257891521974,4.4066648150209442e-06
3345,-0.77962513238972952,-0.77962939829421218,4.2659044826587333e-06
3346,-0.83849974421384343,-0.83849324708375006,6.4971300933747145e-06
3347,-0.57812190235225192,-0.57812882150274891,6.9191504969978723e-06
3348,-0.74532230098117747,-0.74532069669967471,1.6042815027539348e-06
3349,-0.60680905194170265,-0.60680419786174566,4.8540799569840587e-06
3350,-0.093625572442346358,-0.093633875573467487,8.3031311211290149e-06
3351,-0.17398713808654637,-0.17397825719667401,8.8808898723591323e-06
3352,-0.34827717009886344,-0.34828406463318806,6.8945343246196167e-06
3353,-0.1224333086881883,-0.12242650986107263,6.7988271156699254e-06
3354,-0.34769869496637296,-0.347706910784639,8.215818266044117e-06
3355,-0.73337268977886916,-0.7333643495896951,8.3401891740608747e-06
3356,-0.46643762847342196,-0.46644336926612151,5.7407926995489689e-06
3357,-0.30152895195555152,-0.30152780485835978,1.1470971917337813e-06
3358,-0.40808894849605809,-0.40809050792763568,1.5594315775913081e-06
3359,0.043635967706019047,0.0436387903692061,2.8226631870534313e-06
3360,0.43430517651395889,0.43430078080747364,4.395706485249562e-06
3361,0.2177193921389465,0.21772228384401834,2.8917050718391124e-06
3362,0.28157197856882638,0.28157555476833768,3.5761995113015033e-06
3363,0.44435826352194885,0.44435018398298809,8.0795389607590806e-06
3364,0.029192704263977343,0.029202105956687485,9.401692710141879e-06
3365,-0.10322329470159197,-0.10323125390871882,7.9592071268452802e-06
3366,0.24788126774618444,0.24788895788883911,7.6901426546704954e-06
3367,0.19572439771000594,0.19571555978215072,8.8379278552208618e-06
3368,0.23699771122588673,0.23700615176320233,8.4405373156071217e-06
3369,0.77962461440889885,0.77961839760633911,6.2168025597442167e-06
3370,0.83850000799676272,0.83850097482605102,9.6682928829583403e-07
3371,0.57812228492924289,0.57812485284954429,2.5679203013995178e-06
3372,0.74532150946057119,0.74532066531801444,8.4414255674403194e-07
3373,0.60680970086390551,0.6068082104636362,1.4904002693105767e-06
3374,0.093625059223543819,0.093626158019744332,1.0987962005132301e-06
3375,0.17398718142102032,0.17398916493579064,1.9835147703206601e-06
3376,0.34827770409647696,0.34827068566456987,7.0184319070909496e-06
3377,0.12243254035725637,0.12244148428999564,8.9439327392720758e-06
3378,0.34769938705513209,0.34769131615521215,8.0708999199430309e-06
3379,0.73337239603601345,0.73337955318694459,7.1571509311363357e-06
3380,0.46643760100714871,0.46642953833136541,8.0626757832935603e-06
3381,0.30152962448011544,0.30153937448383294,9.7500037175013432e-06
3382,0.40808810438856774,0.40808193818076677,6.1662078009727672e-06
3383,-0.043635518614969331,-0.043633761853821597,1.7567611477337097e-06
3384,-0.43430556027960904,-0.43430195813093508,3.6021486739534758e-06
3385,-0.21771976416298497,-0.21772501722406151,5.2530610765433305e-06
3386,-0.28157128092071138,-0.28156910439138899,2.176529322384102e-06
3387,-0.44435901718769066,-0.44435991805867397,9.0087098331137483e-07
3388,-0.029192199490977858,-0.029189732000133209,2.4674908446487009e-06
3389,0.10322323545381552,0.10321705184267552,6.1836111400065397e-06
3390,-0.24788160645557039,-0.24787385418959879,7.7522659716056097e-06
3391,-0.19572348976931078,-0.19573058437223534,7.0946029245566589e-06
3392,-0.23699833674807638,-0.23699217760575911,6.1591423172746573e-06
3393,-0.77962423952723159,-0.77963042222429291,6.1826970613187981e-06
3394,-0.83850002394689693,-0.83849166878973813,8.3551571588014184e-06
3395,-0.57812289056526955,-0.57813085050462221,7.9599393526530449e-06
3396,-0.74532067470130026,-0.74531834923773965,2.3254635606040353e-06
3397,-0.60681024885176771,-0.60680671156399524,3.537287772470421e-06
3398,-0.093624730627196354,-0.093631357952061664,6.6273248653103689e-06
3399,-0.17398696210052264,-0.17398061679726706,6.3453032555782496e-06
3400,-0.34827840396320459,-0.34828201419657717,3.6102333725862579e-06
3401,-0.12243176124475463,-0.12242812046768568,3.6407770689500518e-06
3402,-0.34769993427522894,-0.34770584187249648,5.9075972675404209e-06
3403,-0.7333723162313186,-0.73336481018273103,7.5060485875688698e-06
3404,-0.4664373507056907,-0.4664435442306632,6.1935249724975883e-06
3405,-0.30153047370179331,-0.30152700807898136,3.4656228119489541e-06
3406,-0.40808735139782065,-0.40809187284455511,4.5214467344623088e-06
3407,0.043635203666544747,0.043640633422422713,5.4297558779656252e-06
3408,0.4343057070600021,0.43429858000856891,7.1270514331867041e-06
3409,0.21772037182662085,0.2177246994720427,4.3276454218532656e-06
3410,0.28157052206383187,0.28157308047272578,2.5584088939045735e-06
3411,0.44435969764648159,0.44435255763541276,7.1400110688291107e-06
3412,0.029191903816601261,0.029199985149903362,8.0813333021012568e-06
3413,-0.1032233941046399,-0.10322952128318535,6.127178545450862e-06
3414,0.2478821560076305,0.2478877232798487,5.5672722182043e-06
3415,0.19572254758803187,0.19571621899964101,6.3285883908636986e-06
3416,0.23699880307695895,0.23700610800924696,7.304932288010324e-06
3417,0.77962404197541191,0.77961782555322601,6.216422185900683e-06
3418,0.83849978938668945,0.83850212344140107,2.3340547116168509e-06
3419,0.57812366084023592,0.5781232038206966,4.570195393238663e-07
3420,0.74531987723092785,0.74532270675406853,2.829523140679413e-06
3421,0.6068106415446638,0.60680590941076118,4.7321339026185072e-06
3422,0.0936246180322476,0.093628569753671106,3.9517214235063047e-06
3423,0.17398650271695348,0.1739867979623029,2.9524534941871572e-07
3424,0.34827920075682811,0.34827285594934793,6.3448074801852883e-06
3425,0.12243104792292342,0.1224396493579039,8.6014349804791612e-06
3426,0.34770028215925847,0.34769269919240242,7.5829668560456476e-06
3427,0.73337245740397805,0.73337870906585456,6.2516618765107168e-06
3428,0.46643690142308947,0.46642979150592462,7.109917164849211e-06
3429,0.30153141991551236,0.30153972609648794,8.3061809755813343e-06
3430,0.40808676712731573,0.40808100685987864,5.7602674370937912e-06
3431,-0.043635053734565818,-0.043632313048373048,2.7406861927703474e-06
3432,-0.43430560424129372,-0.43430382920554528,1.7750357484414003e-06
3433,-0.21772115765097758,-0.21772284582997095,1.6881789933753666e-06
3434,-0.28156977625902996,-0.28157143536996126,1.6591109313068841e-06
3435,-0.44436023844163142,-0.44435757789487068,2.6605467607354605e-06
3436,-0.02919184465892458,-0.029191930990499909,8.6331575329529064e-08
3437,0.10322375617420017,0.10321896900169376,4.787172506404147e-06
3438,-0.24788286519873315,-0.24787536755561104,7.4976431221063233e-06
3439,-0.19572166497515059,-0.19572957030805693,7.905332906343876e-06
3440,-0.23699906725507314,-0.23699262933443785,6.4379206352882523e-06
3441,-0.77962404001204144,-0.77963055947858639,6.5194665449519462e-06
3442,-0.83849932503176661,-0.83849095384785344,8.3711839131694887e-06
3443,-0.57812452104955159,-0.57813209478486016,7.5737353085747472e-06
3444,-0.74531919451014728,-0.7453166577584901,2.536751657178371e-06
3445,-0.60681083961728366,-0.60680873973388638,2.0998833972774023e-06
3446,-0.093624731376256223,-0.093629124748142861,4.393371886637909e-06
3447,-0.17398584847983894,-0.17398291077624709,2.9377035918598526e-06
3448,-0.34828001659763597,-0.34827980698443234,2.0961320362777869e-07
3449,-0.12243047071024711,-0.1224300995777053,3.7113254180987099e-07
3450,-0.34770039526253332,-0.34770421694482434,3.8216822910164261e-06
3451,-0.73337280524628168,-0.73336597813320459,6.8271130770902744e-06
3452,-0.46643629631640204,-0.4664429062685263,6.6099521242590775e-06
3453,-0.30153236865953226,-0.30152707738329082,5.2912762414369929e-06
3454,-0.40808641533870343,-0.40809237419326844,5.9588545650024471e-06
3455,0.043635081934598162,0.043641670778744909,6.5888441467473746e-06
3456,0.43430526245948248,0.43429707554578051,8.1869137019685567e-06
3457,0.21772204692533145,0.21772657245900556,4.5255336741101271e-06
3458,0.28156911674559038,0.28157096076546978,1.8440198794045237e-06
3459,0.44436058724293254,0.44435478695907182,5.8002838607129625e-06
3460,0.029192026936690794,0.029197789745303536,5.7628086127421707e-06
3461,-0.1032242872823623,-0.10322750052305069,3.2132406883877973e-06
3462,0.24788366526179331,0.24788600605983704,2.3407980437317732e-06
3463,0.19572093054331469,0.19571752383299537,3.4067103193147208e-06
3464,0.23699910524376658,0.23700529746372712,6.1922199605379813e-06
3465,0.77962423502482903,0.77961809198963272,6.143035196304325e-06
3466,0.83849867363959285,0.83850241580201179,3.7421624189404312e-06
3467,0.57812538704492922,0.5781223738925938,3.0131523354182121e-06
3468,0.74531869360225433,0.74532401862724285,5.3250249885117285e-06
3469,0.60681082281408782,0.60680420188338424,6.6209307035824949e-06
3470,0.09362505849438521,0.093630561650765914,5.5031563807039774e-06
3471,0.17398506285271917,0.17398465071977892,4.1213294024733393e-07
3472,0.34828077206648306,0.34827502013101624,5.7519354668134071e-06
3473,0.12243008604505849,0.1224376071042047,7.5210591462121501e-06
3474,0.34770026335426774,0.34769448910066636,5.774253601376067e-06
3475,0.73337332527087218,0.73337728514416289,3.9598732907153433e-06
3476,0.46643559343294999,0.4664307597881151,4.8336448348895722e-06
3477,0.30153322474629746,0.30153927347889764,6.0487326001834596e-06
3478,0.40808633371239511,0.40808091712851452,5.4165838805908528e-06
3479,-0.043635281940990985,-0.043631689182191152,3.5927587998321742e-06
3480,-0.434304714201805,-0.43430494478274179,2.305809367886269e-07
3481,-0.21772295441301512,-0.21772131229586519,1.6421171499247933e-06
3482,-0.28156860858204408,-0.28157328665086651,4.6780688224279388e-06
3483,-0.44436071067646887,-0.44435552898424863,5.1816922202463367e-06
3484,-0.029192432631634846,-0.029194045300880159,1.612669245313475e-06
3485,0.10322493595514767,0.10322101290276293,3.9230523847383347e-06
3486,-0.24788447362462851,-0.24787721038300664,7.2632416218687545e-06
3487,-0.19572041950117569,-0.19572804572284141,7.6262216657241311e-06
3488,-0.23699891465052819,-0.23699373945214214,5.1751983860537365e-06
3489,-0.77962460904885422,-0.77962993304140482,5.3239925505987884e-06
3490,-0.83849789975176359,-0.8384910587112353,6.8410405282826048e-06
3491,-0.57812617297910607,-0.57813251578772284,6.3428086167771625e-06
3492,-0.74531842471840426,-0.74531574031217862,2.6844062256392576e-06
3493,-0.6068105921776823,-0.60681009253132412,4.9964635817634218e-07
3494,-0.093625566553497339,-0.09362742529556653,1.8587420691912326e-06
3495,-0.17398422155227297,-0.17398484639933109,6.248470581227128e-07
3496,-0.34828139372691125,-0.34827776027973256,3.6334471786858558e-06
3497,-0.12242993121593811,-0.12243212575400798,2.1945380698773498e-06
3498,-0.34769990123706263,-0.34770234096397257,2.439726909941875e-06
3499,-0.73337396640834807,-0.73336758449056016,6.3819177879009814e-06
3500,-0.4664348599211624,-0.46644167112236384,6.8112012014398537e-06
3501,-0.30153390265553326,-0.30152786399153092,6.0386640023391003e-06
3502,-0.40808652594945988,-0.40809208435437955,5.5584049196699681e-06
3503,0.043635628951060414,0.043641893898403172,6.2649473427586755e-06
3504,0.43430401042647288,0.43429635620295193,7.6542235209475784e-06
3505,0.21772379204088715,0.2177277395998668,3.9475589796444943e-06
3506,0.28156830220992085,0.28156942268613039,1.1204762095373688e-06
3507,0.44436059734957911,0.44435659574373465,4.0016058444614089e-06
3508,0.029193022488410877,0.029195827329401777,2.8048409909005312e-06
3509,-0.1032256388272106,-0.1032255108127729,1.280144377030501e-07
3510,0.24788520828452321,0.24788411652108103,1.0917634421792055e-06
3511,0.1957201806021463,0.19571919277023109,9.878319152112347e-07
3512,0.23699851546781725,0.23700395484864861,5.439380831362417e-06
3513,0.77962512663588002,0.77961902396543725,6.1026704427646905e-06
3514,0.83849708076326357,0.83850195209042933,4.871327165756334e-06
3515,0.5781268006175303,0.57812234196172496,4.4586558053394398e-06
3516,0.74531841624137796,0.74532454173088547,6.1254895075135707e-06
3517,0.60681017023498651,0.60680322347796933,6.9467570171788395e-06
3518,0.09362620543273871,0.093631930539048072,5.7251063093621823e-06
3519,0.17398340546616273,0.17398298082316327,4.2464299945810247e-07
3520,0.34828182108258576,0.34827688275464486,4.9383279409065395e-06
3521,0.1224300209871837,0.12243567181901088,5.6508318271863978e-06
3522,0.34769934542572023,0.34769637293705979,2.9724886604354239e-06
3523,0.73337466697248366,0.73337557295276012,9.0598027646660029e-07
3524,0.46643416557236644,0.4664321917199129,1.9738524535406476e-06
3525,0.30153433390674672,0.30153821195314712,3.87804640039624e-06
3526,0.40808696983175974,0.40808154224038495,5.4275913747847682e-06
3527,-0.043636088810133547,-0.043631840108235814,4.2487018977327429e-06
3528,-0.4343032155375588,-0.43430527531065233,2.0597730935323355e-06
3529,-0.21772447689293609,-0.21772052385932358,3.9530336125026544e-06
3530,-0.28156822834401646,-0.2815744803024442,6.2519584277387352e-06
3531,-0.44436025880076541,-0.44435400843948397,6.2503612814346354e-06
3532,-0.029193739685930274,-0.02919579392673614,2.0542408058661643e-06
3533,0.10322632696146745,0.1032228767303508,3.4502311166556554e-06
3534,-0.24788579638567054,-0.24787906975248258,6.7266331879589636e-06
3535,-0.19572023218763268,-0.19572630956934922,6.0773817165404864e-06
3536,-0.23699794785927927,-0.2369952421173466,2.7057419326736998e-06
3537,-0.77962573856073036,-0.77962875865011527,3.0200893849086086e-06
3538,-0.83849629773648249,-0.83849183150446438,4.4662320181076964e-06
3539,-0.57812720928345496,-0.57813219188436438,4.982600909420043e-06
3540,-0.74531867151472109,-0.74531559694956762,3.0745651534713758e-06
3541,-0.60680959910183607,-0.60681069159960488,1.0924977688064885e-06
3542,-0.093626912715810237,-0.093626411121881928,5.0159392830928518e-07
3543,-0.17398269312499284,-0.17398620878642101,3.5156614281717236e-06
3544,-0.34828201233736888,-0.34827613845230337,5.8738850655104535e-06
3545,-0.12243034634437473,-0.12243390215330324,3.5558089285098182e-06
3546,-0.34769865061011646,-0.34770052417504888,1.8735649324197468e-06
3547,-0.73337535937720899,-0.73336932551202327,6.0338651857172465e-06
3548,-0.46643357941757602,-0.46644011657371154,6.537156135522082e-06
3549,-0.30153447288648944,-0.3015291338497208,5.3390367686367846e-06
3550,-0.40808761957299927,-0.40809117871460343,3.559141604159155e-06
3551,0.043636619486582831,0.043641408341219788,4.7888546369570517e-06
3552,0.43430240352417954,0.43429639291411509,6.010610064444144e-06
3553,0.21772493880822008,0.21772815170987414,3.212901654059408e-06
3554,0.28156839468246503,0.28156859041066196,1.9572819692781351e-07
3555,0.44435972829161807,0.44435779288292038,1.9354086976952622e-06
3556,0.029194515147914157,0.029194343600859585,1.7154705457197994e-07
3557,-0.10322693267232359,-0.10322383662392889,3.0960483946990136e-06
3558,0.24788618079862942,0.24788235962622995,3.8211723994707736e-06
3559,0.19572056581136862,0.19572091992699481,3.5411562618326009e-07
3560,0.23699726532164986,0.23700236736745303,5.1020458031736382e-06
3561,0.77962638678454776,0.77962037133537998,6.0154491677844035e-06
3562,0.83849562799795196,0.8385009294147614,5.3014168094334124e-06
3563,0.57812735977905472,0.57812297651685907,4.3832621956507722e-06
3564,0.7453191653783211,0.7453243336403742,5.1682620531012802e-06
3565,0.60680893666231694,0.60680299414604011,5.9425162768356188e-06
3566,0.093627619820720098,0.093632580319633951,4.9604989138529731e-06
3567,0.17398215341584294,0.17398195426190882,1.9915393412173188e-07
3568,0.34828194843269145,0.34827821866690517,3.7297657862755962e-06
3569,0.12243087546289073,0.12243411331834184,3.2378554511020008e-06
3570,0.34769788446508587,0.34769805356700978,1.69101923908066e-07
3571,0.7333759764419161,0.73337387787327046,2.0985686456365116e-06
3572,0.4664331624385406,0.46643379324689599,6.3080835538409374e-07
3573,0.30153430216325028,0.30153680542227579,2.503259025510296e-06
3574,0.40808840938378499,0.40808266531156973,5.7440722152635182e-06
3575,-0.043637171408348462,-0.043632609795261436,4.5616130870257399e-06
3576,-0.43430165614224669,-0.43430490604762667,3.249905379976159e-06
3577,-0.21772512710479033,-0.21772047140763204,4.655697158295613e-06
3578,-0.281568784758705,-0.28157494880370587,6.1640450008670911e-06
3579,-0.44435905755402799,-0.44435315599605224,5.9015579757515368e-06
3580,-0.02919527400828895,-0.029196973958569277,1.6999502803274891e-06
3581,0.10322739620784295,0.10322430747558832,3.0887322546302443e-06
3582,-0.24788632513902323,-0.24788065882311761,5.6663159056224988e-06
3583,-0.19572114729130113,-0.19572466410681585,3.5168155147202729e-06
3584,-0.23699653210322993,-0.23699683903098365,3.0692775371266023e-07
3585,-0.77962700787110251,-0.77962731154154419,3.036704416814473e-07
3586,-0.83849513814316767,-0.83849303765334071,2.100489826961649e-06
3587,-0.57812723756347117,-0.57813130201052154,4.0644470503670149e-06
3588,-0.74531984761242875,-0.74531611576739332,3.7318450354373311e-06
3589,-0.60680825022856522,-0.60681057472103206,2.3244924668430755e-06
3590,-0.093628258685460902,-0.093626120898054874,2.1377874060285462e-06
3591,-0.17398183918893884,-0.17398688537841087,5.0461894720299494e-06
3592,-0.34828163498879011,-0.34827512065484728,6.5143339428308522e-06
3593,-0.12243155680764357,-0.1224351945791462,3.6377715026264523e-06
3594,-0.34769712126065921,-0.34769904075749947,1.9194968402524992e-06
3595,-0.73337645798722495,-0.73337090463948251,5.5533477424374311e-06
3596,-0.46643295723410838,-0.46643854254374856,5.5853096401770053e-06
3597,-0.30153384280657697,-0.30153060288392519,3.2399226517765278e-06
3598,-0.40808925892979153,-0.40808990732706951,6.4839727798027269e-07
3599,0.043637692709452718,0.043640414165949319,2.7214564966016042e-06
3600,0.43430104903546524,0.43429704837054223,4.0006649230095448e-06
3601,0.21772502157864973,0.21772787462383059,2.8530451808561619e-06
3602,0.28156935908071162,0.28156847371511534,8.8536559628149547e-07
3603,0.44435831179481361,0.44435829369796159,1.8096852016924458e-08
3604,0.029195942635852134,0.02919349263900814,2.4499968439943565e-06
3605,-0.10322767166084774,-0.10322269149625797,4.9801645897740165e-06
3606,0.24788621679723061,0.24788099463950905,5.2221577215572079e-06
3607,0.1957219198783868,0.19572241696286022,4.9708447341645368e-07
3608,0.23699581820799187,0.23700083394562796,5.0157376360882022e-06
3609,0.7796275380862483,0.77962184373884635,5.69434740194108e-06
3610,0.83849487776150744,0.83849961098944792,4.7332279404788125e-06
3611,0.57812685404688391,0.57812405831358482,2.7957332990879991e-06
3612,0.7453206503650035,0.74532355563829045,2.9052732869461195e-06
3613,0.60680760624045482,0.60680342083333649,4.1854071183289321e-06
3614,0.09362876836072194,0.093632529929673011,3.7615689510717143e-06
3615,0.17398178233119543,0.17398162735398312,1.5497721231327866e-07
3616,0.34828110196478246,0.34827889997428468,2.2019904977743643e-06
3617,0.1224323240780623,0.12243312281301609,7.9873495378857129e-07
3618,0.34769643485566143,0.34769928876463374,2.8539089723111921e-06
3619,0.73337675674978453,0.73337247759154911,4.2791582354206881e-06
3620,0.46643298415497847,0.46643526903415961,2.284879181135846e-06
3621,0.30153314585102781,0.30153534794871972,2.2020976919168156e-06
3622,0.40809008383709544,0.40808401237481789,6.0714622775459581e-06
3623,-0.043638134777225675,-0.04363376188978374,4.3728874419349251e-06
3624,-0.43430064352496478,-0.43430402063945034,3.3771144855587742e-06
3625,-0.21772463614755966,-0.21772103570867263,3.6004388870303217e-06
3626,-0.28157005902916138,-0.28157473939894817,4.6803697867914273e-06
3627,-0.44435756341701282,-0.444352999355276,4.5640617368225556e-06
3628,-0.029196455580479262,-0.02919748458990969,1.0290094304282738e-06
3629,0.10322773155154562,0.10322513774357346,2.593807972156581e-06
3630,-0.2478858677340203,-0.24788175438521171,4.1133488085931535e-06
3631,-0.19572280943353806,-0.19572337402453421,5.6459099614936115e-07
3632,-0.23699519263741975,-0.23699824100138872,3.048363968971568e-06
3633,-0.77962792350549204,-0.77962588687984269,2.0366256493487001e-06
3634,-0.83849487181450955,-0.83849439491765176,4.7689685778173896e-07
3635,-0.5781262455359345,-0.57813009742994503,3.8518940105314314e-06
3636,-0.74532149432734596,-0.74531709253435963,4.4017929863304772e-06
3637,-0.60680706617776836,-0.60680988606328023,2.819885511873288e-06
3638,-0.09362909977170307,-0.093626479697553167,2.6200741499032842e-06
3639,-0.17398199075438209,-0.17398687712106803,4.8863666859411126e-06
3640,-0.34828040105593477,-0.3482747799230137,5.6211329210742456e-06
3641,-0.12243310254317201,-0.12243586074657344,2.7582034014261847e-06
3642,-0.34769589172136239,-0.34769809308489436,2.2013635319617642e-06
3643,-0.73337684305521911,-0.73337207240766511,4.7706475539976978e-06
3644,-0.4664332398769368,-0.46643722958862172,3.9897116849152425e-06
3645,-0.3015322827549296,-0.30153197742485144,3.053300781652446e-07
3646,-0.40809080843654044,-0.40808855817273332,2.2502638071242309e-06
3647,0.043638457137224432,0.043639175240149576,7.1810292514434826e-07
3648,0.43430048148461992,0.43429809968585159,2.3817987683250053e-06
3649,0.21772401103678013,0.2177270760145178,3.0649777376656751e-06
3650,0.28157081602083167,0.28156897083057303,1.8451902586424929e-06
3651,0.44435688504283255,0.44435812758777932,1.2425449467667882e-06
3652,0.029196761799202584,0.029193319244526113,3.4425546764707549e-06
3653,-0.10322756964953166,-0.10322219151265248,5.3781368791749884e-06
3654,0.24788531300102432,0.24788020145015532,5.1115508689913991e-06
3655,0.19572373115751776,0.19572345173585529,2.7942166247463263e-07
3656,0.23699471665584415,0.23699962408962347,4.9074337793164613e-06
3657,0.77962812551575977,0.77962315157427153,4.9739414882399302e-06
3658,0.838495118768259,0.83849828796852921,3.1692002702143895e-06
3659,0.57812547096901012,0.57812531327530781,1.5769370231843993e-07
3660,0.74532229588997323,0.74532244719804375,1.5130807051733086e-07
3661,0.60680668174322405,0.60680431397116674,2.3677720573100913e-06
3662,0.093629219776953057,0.093631906934993681,2.6871580406234719e-06
3663,0.17398244713763647,0.17398194266149308,5.0447614338700042e-07
3664,0.34827960104747513,0.34827891035268077,6.9069479435857062e-07
3665,0.12243381618910144,0.12243278930189057,1.0268872108754046e-06
3666,0.34769554463488911,0.34769992259177657,4.3779568874580121e-06
3667,0.73337670780886044,0.73337158497041921,5.1228384412294048e-06
3668,0.46643369823264907,0.46643636294365071,2.6647110016320141e-06
3669,0.30153133875832955,0.30153412253440931,2.7837760797622124e-06
3670,0.40809136628644527,0.40808529168434121,6.0746021040558595e-06
3671,-0.043638626407364753,-0.043635014571839111,3.6118355256423151e-06
3672,-0.43430058204381428,-0.43430287295573061,2.2909119163361247e-06
3673,-0.21772320894198502,-0.21772200707137734,1.2018706076755148e-06
3674,-0.28157155720438504,-0.28157400420764328,2.4470032582435408e-06
3675,-0.44435634271760865,-0.44435345367366169,2.8890439469630991e-06
3676,-0.029196829584427396,-0.029197337991796902,5.0840736950594212e-07
3677,0.10322720176310411,0.10322530628845529,1.8954746488220042e-06
3678,-0.24788460714222263,-0.24788222572696744,2.3814152551870915e-06
3679,-0.19572459727725353,-0.19572263110734878,1.9661699047490711e-06
3680,-0.23699443770910683,-0.23699920746658465,4.7697574778182705e-06
3681,-0.77962812436229678,-0.7796247585948427,3.3657674540776839e-06
3682,-0.83849559273933927,-0.83849561353834401,2.0799004740723603e-08
3683,-0.57812460819563138,-0.57812886518780671,4.2569921753221607e-06
3684,-0.74532297484522569,-0.74531826128014145,4.7135650842466958e-06
3685,-0.60680648971348206,-0.60680885351504787,2.363801565818946e-06
3686,-0.093629115935067786,-0.093627312278069363,1.8036569984225537e-06
3687,-0.17398310638101019,-0.17398629541997712,3.1890389669275709e-06
3688,-0.34827878153075509,-0.34827507579317413,3.7057375809612658e-06
3689,-0.12243439502026579,-0.12243586761327238,1.472593006590639e-06
3690,-0.34769542762254702,-0.34769778556733905,2.357944792030775e-06
3691,-0.7333763635201439,-0.73337265974026411,3.7037798797934229e-06
3692,-0.46643431317650358,-0.46643640061480512,2.0874383015456743e-06
3693,-0.30153040511847257,-0.30153299501044478,2.5898919722155966e-06
3694,-0.4080917053924013,-0.40808741646735153,4.2889250497779585e-06
3695,0.043638621151916961,0.043637981282535182,6.3986938177856834e-07
3696,0.43430093836216599,0.43429927117238554,1.6671897804521052e-06
3697,0.21772230960599545,0.21772599990675875,3.6903007633037888e-06
3698,0.28157221108119102,0.28156988499719499,2.3260839960292934e-06
3699,0.44435598965155354,0.44435743147242351,1.4418208699740198e-06
3700,0.029196649916791356,0.02919375508278357,2.8948340077862567e-06
3701,-0.10322666441292838,-0.10322234128057539,4.3231323529901999e-06
3702,0.24788381882784363,0.24788005729780063,3.761530043000505e-06
3703,0.19572532501619508,0.19572387932823579,1.4456879592894545e-06
3704,0.23699438458383143,0.23699894111235151,4.5565285200777073e-06
3705,0.77962792081694687,0.77962404614848746,3.8746684594137548e-06
3706,0.83849624633621178,0.83849723850978375,9.921735719675695e-07
3707,0.57812374291483126,0.57812645157703235,2.7086622010896733e-06
3708,0.74532346483408418,0.74532129127108449,2.173562999696621e-06
3709,0.60680650817155879,0.60680541557989176,1.0925916670290192e-06
3710,0.093628797544767633,0.093630927843333281,2.1302985656473927e-06
3711,0.17398390193311444,0.17398273899356784,1.1629395466061787e-06
3712,0.34827802445832645,0.34827834537092067,3.2091259422051266e-07
3713,0.12243478184299288,0.12243308894668192,1.6928963109535955e-06
3714,0.34769555263162899,0.34769990563613862,4.3530045096273895e-06
3715,0.73337584325780891,0.73337131950718815,4.5237506207662648e-06
3716,0.46643502357778888,0.46643689304007052,1.8694622816450845e-06
3717,0.30152957089102156,0.30153336191277558,3.7910217540182423e-06
3718,0.40809179331590933,0.40808623459699672,5.5587189126127257e-06
3719,-0.043638438889639641,-0.043636080473789217,2.3584158504244557e-06
3720,-0.43430151109821397,-0.43430175070638855,2.3960817457924222e-07
3721,-0.21772140280709457,-0.2177231158478718,1.7130407772292244e-06
3722,-0.28157271438436571,-0.28157297756681671,2.6318245099909987e-07
3723,-0.44435586057216497,-0.44435433491654647,1.5256556185061498e-06
3724,-0.029196240363161874,-0.029196656121928455,4.1575876658095368e-07
3725,0.10322601150115174,0.10322486518628801,1.1463148637258502e-06
3726,-0.24788302422125014,-0.24788205170655001,9.7251470013159924e-07
3727,-0.19572584413879726,-0.19572252836826176,3.3157705355002509e-06
3728,-0.23699456426942062,-0.23699957948508762,5.0152156670091319e-06
3729,-0.77962753583182787,-0.77962414139487068,3.3944369571825561e-06
3730,-0.83849701540436661,-0.83849643676744434,5.7863692226600705e-07
3731,-0.57812295986526119,-0.57812788765261758,4.9277873563902119e-06
3732,-0.7453237206134038,-0.74531933207557888,4.3885378249175488e-06
3733,-0.6068067347899555,-0.60680775602033188,1.0212303763745822e-06
3734,-0.093628294450992661,-0.093628368526181824,7.4075189163136379e-08
3735,-0.17398475479206169,-0.17398534555203674,5.9075997504987043e-07
3736,-0.34827740325846446,-0.34827586096478463,1.5422936798237252e-06
3737,-0.12243493793084936,-0.12243529506928419,3.5713843482554353e-07
3738,-0.34769590824021623,-0.34769811085134683,2.2026111305972762e-06
3739,-0.73337519762650638,-0.73337260096828105,2.5966582253289516e-06
3740,-0.466435759374137,-0.46643619013016463,4.3075602762510101e-07
3741,-0.30152891497313294,-0.30153346088208588,4.5459089529353847e-06
3742,-0.40809162055909631,-0.40808672477653618,4.8957825601325666e-06
3743,0.043638096236717314,0.043637107160930701,9.8907578661294737e-07
3744,0.43430223905330501,0.4343002732355552,1.9658177498049767e-06
3745,0.21772057785514157,0.21772493209876567,4.3542436241050808e-06
3746,0.2815730182366743,0.28157095249813097,2.0657385433331399e-06
3747,0.44435596852886367,0.4443564301085558,4.6157969213478367e-07
3748,0.029195642714083155,0.029194628749851261,1.0139642318933439e-06
3749,-0.10322530865017777,-0.1032230337329437,2.2749172340769119e-06
3750,0.24788229969508463,0.24788052632541524,1.7733696693889023e-06
3751,0.19572610340317553,0.19572366206701217,2.4413361633668362e-06
3752,0.23699496084674374,0.23699889383521663,3.9329884728989128e-06
3753,0.77962700822778053,0.77962435442601141,2.653801769114672e-06
3754,0.83849782523980254,0.8384966888180635,1.136421739045268e-06
3755,0.5781223350153244,0.57812720829502862,4.8732797042205789e-06
3756,0.74532371915822793,0.7453203745661926,3.3445920353258884e-06
3757,0.60680714851578543,0.60680643550076263,7.1301502280185503e-07
3758,0.093627653959526991,0.093629867700234681,2.2137407076905369e-06
3759,0.17398558072677642,0.17398377402370252,1.8067030738977419e-06
3760,0.34827697766529031,0.34827739911481798,4.2144952766554056e-07
3761,0.1224348479856282,0.12243388834437575,9.5964125244873966e-07
3762,0.34769646054620179,0.34769930205142663,2.8415052248376149e-06
3763,0.73337449003704236,0.73337169043964767,2.7995973946870478e-06
3764,0.46643644849339788,0.46643677724659366,3.2875319577740925e-07
3765,0.30152849910069657,0.30153321578771058,4.7166870140169515e-06
3766,0.40809120189052051,0.40808663332360168,4.5685669188277878e-06
3767,-0.043637626951791263,-0.043636706984492943,9.1996729831983481e-07
3768,-0.43430304808189457,-0.43430093518535573,2.1128965388417242e-06
3769,-0.2177199127747787,-0.21772407004421396,4.1572694352565165e-06
3770,-0.28157309295928173,-0.28157194349047865,1.1494688030855293e-06
3771,-0.44435630382349534,-0.44435538523006723,9.1859342810085565e-07
3772,-0.029194916463030834,-0.029195654156127921,7.3769309708732189e-07
3773,0.1032246242380182,0.10322397313590365,6.5110211455721156e-07
3774,-0.2478817145837067,-0.24788132435241494,3.9023129175252969e-07
3775,-0.19572607534614206,-0.19572304638399651,3.0289621455459326e-06
3776,-0.23699553653709987,-0.23699930258198929,3.7660448894138998e-06
3777,-0.77962639065825901,-0.77962416021876735,2.2304394916572434e-06
3778,-0.83849859769318502,-0.83849667714868381,1.920544501210486e-06
3779,-0.57812192860183365,-0.57812740284643616,5.4742446025102254e-06
3780,-0.74532346161030771,-0.74532003152993342,3.4300803742892683e-06
3781,-0.60680771029080993,-0.60680688486682421,8.2542398571749942e-07
3782,-0.093626938177491681,-0.093629357888265374,2.4197107736934065e-06
3783,-0.17398629790004316,-0.17398429873891275,1.9991611304170931e-06
3784,-0.34827678871868278,-0.34827690092378538,1.1220510259812855e-07
3785,-0.12243452166778808,-0.12243432587921013,1.957885779474422e-07
3786,-0.3476971560454542,-0.34769894966232096,1.7936168667520569e-06
3787,-0.7333737907038389,-0.7333719441880624,1.8465157765046314e-06
3788,-0.46643702389765501,-0.46643662435584049,3.9954181452195314e-07
3789,-0.30152836240789344,-0.30153327611615177,4.9137082583361469e-06
3790,-0.40809057545763056,-0.40808664845733938,3.927000291170657e-06
3791,0.043637078251947611,0.043636774139019965,3.0411292764598308e-07
3792,0.43430385817019573,0.43430084282049686,3.0153496988760686e-06
3793,0.21771946996846328,0.21772416063454203,4.6906660787493504e-06
3794,0.2815729307698891,0.28157187871861755,1.0520512715439523e-06
3795,0.4443568350525316,0.44435540582525446,1.4292272771387893e-06
3796,0.029194133307690693,0.029195688289291984,1.554981601290667e-06
3797,-0.10322402417480911,-0.10322406344765386,3.9272844754023595e-08
3798,0.24788132552225614,0.24788146284359353,1.3732133738453278e-07
3799,0.19572575896550781,0.1957228765212134,2.8824442944164197e-06
3800,0.23699623484971111,0.23699947978162281,3.2449319117000552e-06
3801,0.77962574424282338,0.77962400455637793,1.7396864454566341e-06
3802,0.83849925850576379,0.83849678054648058,2.4779592832091524e-06
3803,0.57812177963513733,0.578127380971734,5.6013365966611772e-06
3804,0.74532297320572471,0.74531994744536145,3.0257603632621866e-06
3805,0.60680836602551147,0.60680709144860423,1.274576907239755e-06
3806,0.093626220183817971,0.093629022670891099,2.8024870731280238e-06
3807,0.17398683444322119,0.17398475665857235,2.0777846488351237e-06
3808,0.3482768548611615,0.34827633895783072,5.1590333077777828e-07
3809,0.12243399129079818,0.12243496099264074,9.6970184255973368e-07
3810,0.34769792613676759,0.34769828291525984,3.5677849224979852e-07
3811,0.73337316991608315,0.73337259313553349,5.7678054965482062e-07
3812,0.46643743008898203,0.46643604696963747,1.3831193445557055e-06
3813,0.30152851801746855,0.30153372807531703,5.2100578484814974e-06
3814,0.40808979972707693,0.40808637134818065,3.4283788962752304e-06
3815,-0.043636505776409353,-0.043636712363883418,2.065874740650453e-07
3816,-0.43430459088424123,-0.43430066179516913,3.9290890720966587e-06
3817,-0.21771929086506633,-0.2177245956100016,5.3047449352638942e-06
3818,-0.28157254694162887,-0.2815711971695859,1.3497720429689331e-06
3819,-0.44435751103730531,-0.44435630716699676,1.2038703085526237e-06
3820,-0.029193370613994754,-0.029194612744058098,1.2421300633440324e-06
3821,0.10322356629137926,0.10322287598786963,6.9030350963172893e-07
3822,-0.24788117130445911,-0.24788023891897776,9.323854813503285e-07
3823,-0.19572518065925526,-0.19572405307362811,1.1275856271475426e-06
3824,-0.23699698558022389,-0.23699843711850674,1.4515382828483858e-06
3825,-0.77962513238990472,-0.77962483038898456,3.020009201604168e-07
3826,-0.83849974421373707,-0.83849624455435823,3.4996593788472197e-06
3827,-0.5781219023522165,-0.57812757002844894,5.6676762324459062e-06
3828,-0.74532230098121355,-0.74532014136210623,2.1596191073225413e-06
3829,-0.60680905194191026,-0.60680650345170162,2.548490208642562e-06
3830,-0.093625572442428862,-0.09362998866753923,4.4162251103679884e-06
3831,-0.17398713808651467,-0.17398345632326917,3.6817632454999583e-06
3832,-0.34827717009886944,-0.34827790398164382,7.3388277438413141e-07
3833,-0.1224333086881467,-0.12243322336903791,8.5319108791837017e-08
3834,-0.34769869496625444,-0.34770008395650853,1.3889902540920041e-06
3835,-0.73337268977868886,-0.7333708481179928,1.8416606960558468e-06
3836,-0.46643762847327369,-0.46643761416026458,1.4313009111255326e-08
3837,-0.30152895195559482,-0.30153245443803184,3.5024824370233354e-06
3838,-0.40808894849602845,-0.40808725018467157,1.6983113568791453e-06
3839,0.04363596770630359,0.043637117390781202,1.1496844776123782e-06
3840,0.4343051765140184,0.43430078080753204,4.395706486359785e-06
3841,0.21771939213903349,0.21772393591339026,4.5437743567688926e-06
3842,0.28157197856870148,0.28157237795328827,3.9938458679111832e-07
3843,0.44435826352193969,0.44435466137252938,3.6021494103088969e-06
3844,0.029192704264127681,0.029196633291993741,3.9290278660598921e-06
3845,-0.10322329470181785,-0.10322515162249592,1.8569206780699732e-06
3846,0.24788126774617936,0.24788262756940427,1.3598232249112385e-06
3847,0.19572439771003658,0.19572170704484249,2.6906651940938886e-06
3848,0.23699771122585017,0.23700058144000508,2.8702141549041826e-06
3849,0.77962461440908359,0.77962303956202428,1.5748470593157649e-06
3850,0.83850000799665925,0.83849754804649501,2.4599501642352806e-06
3851,0.5781222849291815,0.57812685995316637,4.575023984876303e-06
3852,0.74532150946044629,0.74532018796006927,1.3215003770161715e-06
3853,0.60680970086433283,0.60680714827683513,2.5525874977061491e-06
3854,0.093625059223645821,0.093628670012744872,3.6107890990511038e-06
3855,0.17398718142096589,0.17398538524157844,1.7961793874476939e-06
3856,0.34827770409663161,0.34827547164776845,2.2324488631597639e-06
3857,0.12243254035729398,0.12243601472213676,3.4743648427842944e-06
3858,0.34769938705473313,0.34769710704848672,2.2800062464134463e-06
3859,0.73337239603583593,0.7333738187884089,1.4227525729770818e-06
3860,0.46643760100700582,0.46643484751512632,2.7534918795035779e-06
3861,0.30152962448015713,0.30153482641237866,5.2019322215324237e-06
3862,0.40808810438853665,0.40808544331462104,2.6610739156107677e-06
3863,-0.043635518614931056,-0.0436360137357562,4.9512082514469036e-07
3864,-0.43430556027960859,-0.43430108575845244,4.474521156150324e-06
3865,-0.21771976416310812,-0.21772447480100821,4.7106379000849685e-06
3866,-0.28157128092075817,-0.28157100501396093,2.7590679724243117e-07
3867,-0.44435901718765219,-0.44435680265750405,2.2145301481479862e-06
3868,-0.029192199491426388,-0.02919384254602771,1.6430546013225522e-06
3869,0.10322323545395733,0.10322187707631099,1.3583776463377273e-06
3870,-0.24788160645546808,-0.24787907192869987,2.5345267682108652e-06
3871,-0.1957234897692697,-0.19572531652878133,1.8267595116305824e-06
3872,-0.23699833674822543,-0.2369971554121543,1.181336071132133e-06
3873,-0.7796242395271985,-0.77962605036006249,1.8108328639909743e-06
3874,-0.83850002394680689,-0.83849516309716399,4.8608496429070058e-06
3875,-0.57812289056525101,-0.57812844422363641,5.5536583853932342e-06
3876,-0.74532067470115704,-0.74531953078188384,1.1439192731943493e-06
3877,-0.60681024885181978,-0.60680681008647508,3.4387653446987798e-06
3878,-0.093624730627416386,-0.093630007626095108,5.2769986787215561e-06
3879,-0.1739869621004875,-0.1739831103198958,3.851780591701548e-06
3880,-0.3482784039633528,-0.34827855801913399,1.5405578118743435e-07
3881,-0.1224317612447753,-0.12243229975890219,5.385141268882121e-07
3882,-0.3476999342751857,-0.34770122146631166,1.2871911259648705e-06
3883,-0.73337231623122368,-0.73336956625856831,2.7499726553692483e-06
3884,-0.46643735070554454,-0.46643896117772099,1.6104721764498287e-06
3885,-0.30153047370183139,-0.30153112621893435,6.5251710296143628e-07
3886,-0.40808735139776497,-0.40808847610480636,1.1247070413888949e-06
3887,0.043635203666784021,0.04363816320595993,2.9595391759090761e-06
3888,0.43430570705996296,0.43429998227637895,5.7247835840157357e-06
3889,0.21772037182660997,0.21772443491720414,4.0630905941696493e-06
3890,0.28157052206384264,0.28157221237039809,1.6903065554463303e-06
3891,0.44435969764654532,0.44435448028406482,5.2173624804918717e-06
3892,0.029191903816700705,0.02919715264035172,5.2488236510148112e-06
3893,-0.10322339410494101,-0.10322597948750734,2.5853825663252339e-06
3894,0.24788215600756372,0.24788371455144914,1.5585438854215372e-06
3895,0.19572254758797772,0.1957204270776966,2.1205102811172605e-06
3896,0.23699880307710372,0.23700197553228489,3.1724551811662671e-06
3897,0.77962404197561819,0.77962161809048913,2.4238851290547814e-06
3898,0.83849978938671965,0.83849890764958235,8.8173713730377301e-07
3899,0.57812366084016542,0.57812564837547209,1.9875353066689527e-06
3900,0.74531987723076931,0.74532117389768637,1.2966669170610956e-06
3901,0.60681064154474218,0.6068064520856864,4.189459055781164e-06
3902,0.093624618032298879,0.093629030022532117,4.4119902332384608e-06
3903,0.17398650271659924,0.17398538708568653,1.1156309127069441e-06
3904,0.34827920075692903,0.34827510485089475,4.0959060342848908e-06
3905,0.12243104792292923,0.12243672658832046,5.6786653912233032e-06
3906,0.34770028215920329,0.34769609194020035,4.1902190029419195e-06
3907,0.7333724574038909,0.73337507579818273,2.6183942918311942e-06
3908,0.46643690142317396,0.46643342577298741,3.4756501865462752e-06
3909,0.30153141991548721,0.30153632460886987,4.9046933826568662e-06
3910,0.40808676712715508,0.40808396258422874,2.8045429263379162e-06
3911,-0.043635053734663268,-0.043634644158406621,4.0957625664639341e-07
3912,-0.43430560424122111,-0.43430225664684619,3.3475943749250447e-06
3913,-0.21772115765105723,-0.2177235783970479,2.4207459906611106e-06
3914,-0.28156977625902707,-0.2815715677782859,1.7915192588313644e-06
3915,-0.44436023844169437,-0.44435661214953792,3.6262921564444994e-06
3916,-0.029191844659110393,-0.029193645357249731,1.8006981393377253e-06
3917,0.10322375617416893,0.1032213011248924,2.4550492765257337e-06
3918,-0.24788286519858721,-0.24787815019296655,4.715005620659074e-06
3919,-0.19572166497509294,-0.19572652888202047,4.8639069275269176e-06
3920,-0.23699906725520864,-0.23699572651966055,3.3407355480852274e-06
3921,-0.77962404001226226,-0.7796276073085957,3.5672963334398844e-06
3922,-0.83849932503163271,-0.83849357551832504,5.7495133076734817e-06
3923,-0.57812452104953493,-0.57812996214853341,5.4410989984710056e-06
3924,-0.74531919451017015,-0.7453181793300222,1.015180147945216e-06
3925,-0.60681083961735549,-0.60680790787941286,2.9317379426352375e-06
3926,-0.093624731376381623,-0.093629235426392343,4.5040500107201842e-06
3927,-0.17398584847965906,-0.17398350495104067,2.3435286183870474e-06
3928,-0.34828001659764296,-0.34827856948327973,1.447114363228863e-06
3929,-0.12243047071026848,-0.12243187915711216,1.4084468436814657e-06
3930,-0.34770039526245944,-0.34770202832186892,1.6330594094782214e-06
3931,-0.73337280524621606,-0.7333684207593727,4.3844868433673412e-06
3932,-0.46643629631624239,-0.46644037576495806,4.0794487156659009e-06
3933,-0.3015323686595498,-0.30152952984366904,2.8388158807568509e-06
3934,-0.40808641533857432,-0.40809015459282949,3.7392542551750729e-06
3935,0.043635081934793922,0.043639817965964361,4.7360311704394698e-06
3936,0.43430526245941076,0.43429845658888705,6.8058705237072914e-06
3937,0.21772204692534242,0.21772573338156159,3.6864562191762928e-06
3938,0.28156911674527796,0.28157122577833044,2.1090330524775602e-06
3939,0.44436058724296912,0.4443550893674682,5.4978755009149616e-06
3940,0.02919202693677949,0.029196963329524792,4.9363927453020817e-06
3941,-0.10322428728240134,-0.1032262259253351,1.9386429337686639e-06
3942,0.24788366526183159,0.24788438515309008,7.1989125849380997e-07
3943,0.19572093054331938,0.1957193709916776,1.5595516417721278e-06
3944,0.23699910524393941,0.2370033535247934,4.2482808539912043e-06
3945,0.77962423502501255,0.77962000286559607,4.2321594164729248e-06
3946,0.83849867363948583,0.83850065951889385,1.9858794080285236e-06
3947,0.57812538704483851,0.57812387011543287,1.5169294056427418e-06
3948,0.7453186936020979,0.74532286555512395,4.1719530260442284e-06
3949,0.6068108228141732,0.60680495559442948,5.8672197437159568e-06
3950,0.093625058494506128,0.093630234173027294,5.1756785211659606e-06
3951,0.17398506285254034,0.17398455475836697,5.0809417337371876e-07
3952,0.34828077206645042,0.3482755088037251,5.2632627253190734e-06
3953,0.12243008604512717,0.12243678080088045,6.6947557532809343e-06
3954,0.34770026335403792,0.3476955786931708,4.6846608671158307e-06
3955,0.73337332527076005,0.7333760196865533,2.6944157932584645e-06
3956,0.46643559343280655,0.46643210737356267,3.486059243884565e-06
3957,0.30153322474638233,0.30153793695939374,4.7122130114041205e-06
3958,0.40808633371232833,0.40808215637219231,4.1773401360245543e-06
3959,-0.043635281941141441,-0.04363275750880783,2.5244323336101604e-06
3960,-0.43430471420174488,-0.43430410408392428,6.1011782059861019e-07
3961,-0.21772295441318623,-0.21772188847212665,1.0659410595859065e-06
3962,-0.28156860858186966,-0.28157299080828713,4.3822264174653291e-06
3963,-0.44436071067653754,-0.44435554940805538,5.1612684821567001e-06
3964,-0.02919243263172052,-0.029194276526838536,1.8438951180158036e-06
3965,0.10322493595518782,0.10322145632088653,3.4796343012927222e-06
3966,-0.2478844736246546,-0.2478778149952463,6.6586294082959796e-06
3967,-0.19572041950107774,-0.19572733769659312,6.9181955153763131e-06
3968,-0.2369989146505467,-0.23699449129596567,4.4233545810345998e-06
3969,-0.77962460904900377,-0.77962919402202213,4.5849730183622484e-06
3970,-0.83849789975172417,-0.83849173542726396,6.1643244602116454e-06
3971,-0.57812617297914559,-0.57813194035808801,5.7673789424228517e-06
3972,-0.74531842471843002,-0.74531618820444157,2.2365139884517049e-06
3973,-0.6068105921780893,-0.60680978468694491,8.0749114439448988e-07
3974,-0.093625566553620948,-0.093627594083409857,2.027529788908855e-06
3975,-0.17398422155228385,-0.173984803582416,5.8203013214574995e-07
3976,-0.34828139372690187,-0.34827769991178431,3.6938151175558431e-06
3977,-0.12242993121595194,-0.12243225995076427,2.3287348123318674e-06
3978,-0.34769990123702288,-0.3477021653102168,2.2640731939249648e-06
3979,-0.7333739664083917,-0.73336776985661223,6.196551779469317e-06
3980,-0.46643485992100991,-0.46644150377040405,6.6438493941389787e-06
3981,-0.30153390265557478,-0.30152799245776013,5.9101978146514078e-06
3982,-0.40808652594950962,-0.4080920067636733,5.4808141636830676e-06
3983,0.043635628950618274,0.043641869250057412,6.2402994391377864e-06
3984,0.43430401042646977,0.43429633573337367,7.6746930960935877e-06
3985,0.2177237920410186,0.21772778856270658,3.9965216879767063e-06
3986,0.28156830220974566,0.28156936860869858,1.0663989529202667e-06
3987,0.4443605973496621,0.44435662760936168,3.969740300424629e-06
3988,0.029193022488684557,0.029195845647338556,2.8231586539986808e-06
3989,-0.10322563882739054,-0.10322560444568213,3.4381708410857748e-08
3990,0.24788520828454919,0.24788430442415554,9.038603936417644e-07
3991,0.1957201806020728,0.19571890067573364,1.2799263391649607e-06
3992,0.23699851546800535,0.23700434993109942,5.8344630940732056e-06
3993,0.77962512663580386,0.77961853931525749,6.5873205463695683e-06
3994,0.83849708076326235,0.8385025007275213,5.4199642589569663e-06
3995,0.57812680061747823,0.57812176582873009,5.0347887481372311e-06
3996,0.74531841624126682,0.74532510035515864,6.6841138918194432e-06
3997,0.60681017023514072,0.60680273249529648,7.4377398442404541e-06
3998,0.093626205432900872,0.093632302744591292,6.0973116904200486e-06
3999,0.17398340546617852,0.17398277498911571,6.3047706280738858e-07
4000,0.34828182108259664,0.34827688275465168,4.9383279449588535e-06
4001,0.12243002098721403,0.12243590474240779,5.8837551937529486e-06
4002,0.34769934542595354,0.34769589588467165,3.4495412818968951e-06
4003,0.7333746669724851,0.73337628701971691,1.6200472318095294e-06
4004,0.4664341655721928,0.4664312671698862,2.8984023066058739e-06
4005,0.30153433390673939,0.3015393014570999,4.9675503605017823e-06
4006,0.40808696983185261,0.40808035031673251,6.619515120098729e-06
4007,-0.043636088810044639,-0.043630621804864822,5.4670051798169639e-06
4008,-0.43430321553752288,-0.43430643526541424,3.2197278913570493e-06
4009,-0.21772447689312605,-0.21771950983536376,4.9670577622895618e-06
4010,-0.28156822834395279,-0.28157526441051645,7.0360665636592934e-06
4011,-0.44436025880087321,-0.44435352803420375,6.7307666694604862e-06
4012,-0.029193739686118391,-0.029195913292967016,2.1736068486245819e-06
4013,0.10322632696174078,0.10322259957283683,3.7273889039457497e-06
4014,-0.24788579638569647,-0.24787838653322589,7.409852470580125e-06
4015,-0.19572023218757628,-0.19572738003666801,7.1478490917264992e-06
4016,-0.23699794785943765,-0.23699383201099211,4.1158484455350308e-06
4017,-0.77962573856089079,-0.77963043364591245,4.6950850216553874e-06
4018,-0.83849629773662337,-0.83848998977131162,6.3079653117581458e-06
4019,-0.57812720928340655,-0.57813408445725001,6.8751738434569276e-06
4020,-0.74531867151460729,-0.74531377992788572,4.8915867215670872e-06
4021,-0.6068095991019864,-0.60681230458419377,2.7054822073768747e-06
4022,-0.093626912715818328,-0.093625123765553431,1.7889502648971156e-06
4023,-0.17398269312485762,-0.17398706477514481,4.3716502871882224e-06
4024,-0.34828201233740103,-0.34827579544380238,6.2168935986428586e-06
4025,-0.12243034634445511,-0.12243368166383511,3.3353193800017555e-06
4026,-0.3476986506103541,-0.34770132248588886,2.6718755347654444e-06
4027,-0.7333753593772282,-0.73336797403715337,7.3853400748280507e-06
4028,-0.46643357941763902,-0.4664419574078269,8.3779901878799912e-06
4029,-0.3015344728864619,-0.30152690403519228,7.5688512696236998e-06
4030,-0.40808761957319944,-0.40809366580812062,6.0462349211753974e-06
4031,0.043636619486432569,0.043643997361789984,7.3778753574144096e-06
4032,0.43430240352408378,0.4342938713137261,8.532210357681258e-06
4033,0.21772493880835192,0.21773043358386471,5.494775512787653e-06
4034,0.28156839468239375,0.28156671182080478,1.6828615889696863e-06
4035,0.44435972829174342,0.44435912496151309,6.0333023033098954e-07
4036,0.029194515148087508,0.02919367028319728,8.448648902287248e-07
4037,-0.10322693267247551,-0.10322389440345052,3.0382690249936006e-06
4038,0.24788618079859617,0.24788317438924914,3.0064093470283382e-06
4039,0.19572056581132222,0.19571937234156617,1.1934697560500585e-06
4040,0.23699726532179638,0.23700457326703409,7.3079452377056153e-06
4041,0.77962638678472118,0.77961762883914676,8.7579455744224433e-06
4042,0.83849562799804922,0.83850404606659767,8.4180685484547269e-06
4043,0.57812735977914709,0.57811967937393283,7.6804052142609436e-06
4044,0.74531916537813903,0.74532759836084184,8.4329827028106763e-06
4045,0.60680893666249436,0.6067999803033769,8.956359117462398e-06
4046,0.093627619820652291,0.09363513384988896,7.5140292366687733e-06
4047,0.17398215341573392,0.17398004700775355,2.1064079803734259e-06
4048,0.34828194843274984,0.34827933049880844,2.6179339414067471e-06
4049,0.12243087546287273,0.12243389793962726,3.0224767545300457e-06
4050,0.34769788446532707,0.34769732798729663,5.5647803043346045e-07
4051,0.73337597644194963,0.73337552753186297,4.4891008665892684e-07
4052,0.46643316243841543,0.46643129864158667,1.8637968287604778e-06
4053,0.30153430216306987,0.3015400069005516,5.7047374817376095e-06
4054,0.40808840938388319,0.40807894658319288,9.4628006903074713e-06
4055,-0.043637171408156955,-0.04362860389301592,8.567515141034987e-06
4056,-0.43430165614216665,-0.43430894275472132,7.286612554668892e-06
4057,-0.21772512710480246,-0.21771667019595045,8.4569088520114466e-06
4058,-0.28156878475847519,-0.28157825580447177,9.4710459965785532e-06
4059,-0.44435905755405231,-0.44435057681038959,8.4807436627198918e-06
4060,-0.029195274008488946,-0.029198633188095794,3.359179606848145e-06
4061,0.10322739620781636,0.10322491011292285,2.4860948935057081e-06
4062,-0.24788632513910733,-0.24788013446040225,6.1906787050813872e-06
4063,-0.19572114729134049,-0.19572631306377306,5.1657724325637755e-06
4064,-0.23699653210337659,-0.23699414259429488,2.3895090817127596e-06
4065,-0.77962700787128392,-0.77963090668930879,3.8988180248722415e-06
4066,-0.83849513814324783,-0.83848875628801878,6.3818552290539898e-06
4067,-0.57812723756364681,-0.57813600578342461,8.768219777799402e-06
4068,-0.74531984761224113,-0.74531128854687667,8.5590653644551651e-06
4069,-0.60680825022878715,-0.60681521022625873,6.959997471578383e-06
4070,-0.093628258685524532,-0.093621987949219429,6.2707363051028864e-06
4071,-0.17398183918876992,-0.17399023002541156,8.3908366416418634e-06
4072,-0.34828163498879733,-0.34827280532438581,8.8296644115137823e-06
4073,-0.12243155680769463,-0.12243630146506812,4.7446573734899467e-06
4074,-0.3476971212608978,-0.3476992460886999,2.1248278020968847e-06
4075,-0.73337645798723206,-0.73336936746334425,7.0905238878093968e-06
4076,-0.46643295723391442,-0.46644134364247614,8.386408561711356e-06
4077,-0.3015338428066362,-0.30152669100111462,7.1518055215769039e-06
4078,-0.40808925892997189,-0.4080946996973156,5.4407673437117943e-06
4079,0.043637692709364524,0.043645792951671203,8.1002423066786622e-06
4080,0.43430104903541994,0.43429142307314944,9.6259622704986114e-06
4081,0.21772502157862958,0.21773338210991081,8.3605312812262689e-06
4082,0.28156935908062092,0.28156344924066568,5.9098399552426351e-06
4083,0.4443583117948578,0.4443624932326663,4.181437808503663e-06
4084,0.029195942635882932,0.029190413532365761,5.5291035171711744e-06
4085,-0.10322767166081225,-0.10322096124662029,6.7104141919516191e-06
4086,0.24788621679733283,0.24788075797231024,5.4588250225917623e-06
4087,0.19572191987829954,0.19572111049931487,8.0937898466748592e-07
4088,0.23699581820783858,0.23700363248775688,7.8142799183056333e-06
4089,0.77962753808632435,0.77961770365117822,9.8344351461276958e-06
4090,0.83849487776146026,0.83850485034200062,9.9725805403627632e-06
4091,0.57812685404694941,0.57811803974724163,8.8142997077822471e-06
4092,0.74532065036496176,0.74532997502741216,9.3246624504050857e-06
4093,0.60680760624090146,0.60679701364106164,1.0592599839820416e-05
4094,0.093628768360809966,0.093638503790093919,9.7354292839524348e-06
4095,0.17398178233104461,0.17397648846189523,5.2938691493809031e-06
4096,0.34828110196479506,0.34828284867222165,1.7467074265864468e-06
4097,0.12243232407805016,0.1224306487139519,1.6753640982580809e-06
4098,0.34769643485564949,0.34770009492113707,3.6600654875762473e-06
4099,0.73337675674981306,0.73337342701708963,3.3297327234338425e-06
4100,0.46643298415478202,0.46643259005627474,3.9409850727256668e-07
4101,0.30153314585110902,0.3015396161604299,6.4703093208828832e-06
4102,0.40809008383714618,0.40807840262281403,1.1681214332148748e-05
4103,-0.043638134776818806,-0.043627151524794745,1.0983252024060475e-05
4104,-0.43430064352501535,-0.43431121803425521,1.0574509239857921e-05
4105,-0.21772463614764143,-0.21771371173883033,1.0924408811091579e-05
4106,-0.28157005902908611,-0.28158171200516485,1.1652976078746491e-05
4107,-0.44435756341707805,-0.44434684241514466,1.0721001933389207e-05
4108,-0.02919645558069139,-0.029202406029189748,5.9504484983576023e-06
4109,0.10322773155148326,0.1032284768151072,7.4526362393856349e-07
4110,-0.24788586773412513,-0.24788326143280334,2.6063013217891839e-06
4111,-0.19572280943343667,-0.19572383314461955,1.02371118287925e-06
4112,-0.23699519263760571,-0.23699580812407747,6.1548647176112858e-07
4113,-0.77962792350546228,-0.77963017163712633,2.2481316640510229e-06
4114,-0.83849487181449789,-0.83848850406626396,6.3677482339263847e-06
4115,-0.5781262455359798,-0.57813723850793641,1.0992971956613751e-05
4116,-0.74532149432731121,-0.74530914584694485,1.2348480366353165e-05
4117,-0.60680706617790936,-0.60681813256715933,1.106638924996961e-05
4118,-0.093629099772035124,-0.093618468235337024,1.0631536698099686e-05
4119,-0.17398199075433099,-0.17399412423566066,1.2133481329668072e-05
4120,-0.34828040105597569,-0.34826878602637851,1.1615029597178417e-05
4121,-0.1224331025433308,-0.12244018585167364,7.0833083428423205e-06
4122,-0.34769589172158932,-0.34769575041513529,1.4130645403787057e-07
4123,-0.73337684305521367,-0.73337224337587703,4.5996793366365196e-06
4124,-0.46643323987677587,-0.46643928054401729,6.0406672414137219e-06
4125,-0.30153228275500421,-0.30152779915534705,4.4835996571568337e-06
4126,-0.40809080843660089,-0.40809462794845391,3.8195118530204297e-06
4127,0.043638457137152059,0.04364677249637456,8.3153592225007622e-06
4128,0.43430048148465122,0.43428944555410126,1.1035930549962991e-05
4129,0.21772401103686984,0.21773623885934595,1.2227822476118533e-05
4130,0.28157081602071438,0.2815598903669515,1.0925653762872134e-05
4131,0.44435688504295762,0.44436652969260987,9.6446496522517577e-06
4132,0.029196761799168539,0.029186157332452091,1.0604466716447603e-05
4133,-0.10322756964965887,-0.10321676002756533,1.0809622093543858e-05
4134,0.24788531300112643,0.2478768856321128,8.4273690136305035e-06
4135,0.19572373115742345,0.19572439870991082,6.6755248737115913e-07
4136,0.23699471665602126,0.23700114821799353,6.4315619722754569e-06
4137,0.779628125515755,0.7796192142688545,8.9112469005003803e-06
4138,0.83849511876835081,0.83850442143891257,9.3026705617615946e-06
4139,0.57812547096898059,0.57811734818009797,8.1227888826251871e-06
4140,0.74532229588986942,0.74533175328601797,9.4573961485489022e-06
4141,0.60680668174330987,0.60679425354402505,1.2428199284819641e-05
4142,0.093629219776967379,0.093642075896012644,1.2856119045265291e-05
4143,0.17398244713750427,0.17397232876267868,1.0118374825590637e-05
4144,0.34827960104742112,0.34828733101187659,7.729964455471805e-06
4145,0.12243381618904575,0.12242613239146861,7.6837975771376632e-06
4146,0.34769554463509322,0.34770435141268274,8.8067775895206424e-06
4147,0.73337670780888131,0.73336971024933639,6.9975595449189854e-06
4148,0.46643369823269415,0.46643551949625972,1.8212635655712184e-06
4149,0.30153133875833588,0.30153767290692046,6.3341485845858081e-06
4150,0.4080913662864919,0.40807922303030336,1.2143256188534846e-05
4151,-0.043638626407141147,-0.043626784169532667,1.1842237608479522e-05
4152,-0.43430058204382888,-0.43431276135355362,1.2179309724746901e-05
4153,-0.21772320894226557,-0.2177110809961785,1.2127946087070463e-05
4154,-0.28157155720425875,-0.28158526985787519,1.3712653616437809e-05
4155,-0.44435634271781088,-0.44434257984112585,1.3762876685030623e-05
4156,-0.029196829584566569,-0.029207102702969976,1.027311840340675e-05
4157,0.10322720176303697,0.10323330586254396,6.1040995069927551e-06
4158,-0.24788460714219562,-0.24788790936187777,3.3022196821441696e-06
4159,-0.19572459727716007,-0.1957196712858526,4.9259913074695127e-06
4160,-0.23699443770927797,-0.23699920746675907,4.7697574810934285e-06
4161,-0.77962812436227069,-0.77962776443168269,3.5993058800087852e-07
4162,-0.83849559273929275,-0.83848975180103213,5.8409382606150473e-06
4163,-0.57812460819563072,-0.57813724372283781,1.2635527207094377e-05
4164,-0.74532297484512033,-0.74530787493375783,1.5099911362503882e-05
4165,-0.60680648971355877,-0.60682059950844658,1.4109794887806615e-05
4166,-0.09362911593508938,-0.093614953686819574,1.4162248269805611e-05
4167,-0.17398310638103731,-0.17399846805991614,1.5361678878833551e-05
4168,-0.3482787815306746,-0.34826388767450411,1.4893856170483666e-05
4169,-0.12243439502025197,-0.12244532488299434,1.09298627423704e-05
4170,-0.34769542762273714,-0.34769070359670928,4.7240260278580415e-06
4171,-0.73337636352019631,-0.73337686755413145,5.0403393514475425e-07
4172,-0.46643431317651129,-0.46643538538219992,1.0722056886236508e-06
4173,-0.30153040511829104,-0.30153070322489639,2.9810660534534961e-07
4174,-0.40809170539240885,-0.4080929151671206,1.2097747117412183e-06
4175,0.043638621151648974,0.043646375584794277,7.7544331453030524e-06
4176,0.43430093836207784,0.43428848657908437,1.2451782993472271e-05
4177,0.21772230960604122,0.2177385056398759,1.6196033834681156e-05
4178,0.28157221108098401,0.2815564497802604,1.5761300723615701e-05
4179,0.4443559896516201,0.44437093197638977,1.4942324769673387e-05
4180,0.029196649916793115,0.029181070577512923,1.5579339280192422e-05
4181,-0.10322666441289978,-0.10321131375849986,1.5350654399920449e-05
4182,0.24788381882795368,0.2478714318429957,1.2386984957979408e-05
4183,0.19572532501622461,0.19572950367630065,4.1786600760429504e-06
4184,0.23699438458400174,0.23699672954120674,2.3449572049971668e-06
4185,0.77962792081689802,0.77962265031576261,5.2705011354126086e-06
4186,0.83849624633617492,0.83850220342184734,5.9570856724144861e-06
4187,0.5781237429149082,0.57811818976444806,5.553150460135825e-06
4188,0.74532346483385747,0.74533235833238487,8.8934985273958489e-06
4189,0.60680650817178705,0.60679222544814237,1.428272364467631e-05
4190,0.093628797544802189,0.0936454101702828,1.6612625480610932e-05
4191,0.1739839019330679,0.17396789188305459,1.6010050013309796e-05
4192,0.34827802445810657,0.34829259254867517,1.4568090568600756e-05
4193,0.12243478184292708,0.12242038119380401,1.4400649123072484e-05
4194,0.34769555263195112,0.34771022147669156,1.4668844740439724e-05
4195,0.73337584325781857,0.73336410407700836,1.1739180810210748e-05
4196,0.46643502357779942,0.46644049194280457,5.4683650051456922e-06
4197,0.30152957089091487,0.30153366676673649,4.0958758216191882e-06
4198,0.40809179331595352,0.40808198971249443,9.803603459090926e-06
4199,-0.04363843888934682,-0.043628116217824336,1.0322671522483562e-05
4200,-0.4343015110981332,-0.43431296747537634,1.1456377243146409e-05
4201,-0.21772140280709709,-0.21770933263899758,1.2070168099509448e-05
4202,-0.28157271438436693,-0.28158846362492568,1.5749240558748934e-05
4203,-0.44435586057231613,-0.44433813321853416,1.77273537819711e-05
4204,-0.029196240363135569,-0.029212525379827877,1.6285016692308557e-05
4205,0.10322601150108415,0.10323936067387213,1.3349172787974206e-05
4206,-0.2478830242213447,-0.24789420698677295,1.1182765428247032e-05
4207,-0.19572584413871999,-0.19571354062230092,1.2303516419065463e-05
4208,-0.23699456426938156,-0.23700476751986005,1.0203250478485471e-05
4209,-0.77962753583174926,-0.77962314601690941,4.3898148398557879e-06
4210,-0.8384970154043484,-0.83849311484866418,3.9005556842219846e-06
4211,-0.57812295986526474,-0.57813537124881398,1.2411383549237875e-05
4212,-0.74532372061325136,-0.7453081164899461,1.5604123305257289e-05
4213,-0.60680673479043701,-0.60682202402411212,1.5289233675108704e-05
4214,-0.093628294451017627,-0.093611936703728679,1.6357747288947566e-05
4215,-0.17398475479203676,-0.17400289865653915,1.8143864502384588e-05
4216,-0.34827740325819906,-0.34825831712633826,1.9086131860801547e-05
4217,-0.12243493793071784,-0.12245168368871628,1.6745757998440358e-05
4218,-0.3476959082402557,-0.34768396416750852,1.1944072747183121e-05
4219,-0.73337519762650738,-0.73338355005890776,8.3524324003825257e-06
4220,-0.46643575937409654,-0.46642919895693746,6.5604171590738503e-06
4221,-0.30152891497306777,-0.30153598157036926,7.0665973014860661e-06
4222,-0.40809162055909204,-0.40808890240570961,2.7181533824305326e-06
4223,0.043638096236331275,0.043643907304289312,5.8110679580364311e-06
4224,0.43430223905327464,0.43428922935260883,1.3009700665811419e-05
4225,0.21772057785513152,0.21773955843685547,1.8980581723948564e-05
4226,0.28157301823666075,0.2815536482973881,1.936993927265096e-05
4227,0.44435596852904308,0.44437531991514639,1.935138610331677e-05
4228,0.029195642714375469,0.029175364575550596,2.0278138824873781e-05
4229,-0.10322530865013423,-0.10320464798781205,2.0660662322175005e-05
4230,0.24788229969516512,0.24786423214028341,1.8067554881706638e-05
4231,0.19572610340301166,0.19573677100856984,1.0667605558178916e-05
4232,0.23699496084687943,0.2369898712687597,5.0895781197324297e-06
4233,0.77962700822746511,0.77962864360014994,1.6353726848272743e-06
4234,0.83849782523979022,0.83849748010095171,3.4513883850895155e-07
4235,0.57812233501533705,0.5781213163425204,1.0186728166550196e-06
4236,0.7453237191580725,0.74533105460950799,7.3354514354972977e-06
4237,0.60680714851602402,0.60679159703163177,1.5551484392251069e-05
4238,0.093627653959707485,0.093647954472115325,2.0300512407839255e-05
4239,0.17398558072677855,0.17396357407620872,2.2006650569839081e-05
4240,0.34827697766510896,0.34829842303493341,2.1445369824457661e-05
4241,0.1224348479854052,0.12241340174156334,2.1446243841857782e-05
4242,0.34769646054635239,0.34771790581222611,2.1445265873720754e-05
4243,0.73337449003698874,0.73335621121060901,1.827882637972511e-05
4244,0.4664364484932001,0.46644807662643223,1.1628133232133298e-05
4245,0.30152849910066543,0.30152689365911284,1.6054415525879051e-06
4246,0.40809120189060089,0.40808749443590342,3.7074546974658062e-06
4247,-0.043637626951726315,-0.043631972995774801,5.6539559515136895e-06
4248,-0.43430304808185621,-0.43431103494716389,7.9868653076742291e-06
4249,-0.21771991277475061,-0.21770918745766052,1.0725317090093389e-05
4250,-0.28157309295925043,-0.28159070534194491,1.7612382694487394e-05
4251,-0.44435630382369595,-0.4443339138808392,2.2389942856748668e-05
4252,-0.029194916463022413,-0.029218471581830989,2.3555118808575581e-05
4253,0.10322462423809185,0.10324666578793672,2.2041549844864505e-05
4254,-0.24788171458384223,-0.2479024084221827,2.0693838340468673e-05
4255,-0.19572607534607009,-0.19570497099761172,2.1104348458367284e-05
4256,-0.23699553653719521,-0.23701314548183014,1.7608944634928125e-05
4257,-0.77962639065820505,-0.77961551489702163,1.0875761183415378e-05
4258,-0.83849859769348334,-0.83849948522969897,8.8753621563242291e-07
4259,-0.57812192860185185,-0.57813069979768095,8.771195829093692e-06
4260,-0.74532346161015717,-0.74531075647500622,1.2705135150947733e-05
4261,-0.60680771029102665,-0.60682161895280384,1.3908661777195519e-05
4262,-0.093626938177595528,-0.093610047790299328,1.6890387296200626e-05
4263,-0.17398629789985012,-0.17400699023496721,2.0692335117089566e-05
4264,-0.34827678871870937,-0.34825226080179272,2.4527916916650128e-05
4265,-0.12243452166785593,-0.12245933373839224,2.4812070536311959e-05
4266,-0.34769715604553758,-0.34767520205873592,2.1953986801659386e-05
4267,-0.73337379070384412,-0.73339286199741494,1.9071293570815939e-05
4268,-0.46643702389763725,-0.46641994414114524,1.70797564920111e-05
4269,-0.30152836240790465,-0.30154456691776133,1.6204509856676541e-05
4270,-0.40809057545770222,-0.40808156397725842,9.0114804437990692e-06
4271,0.043637078251885841,0.043638319739781363,1.2414878955216424e-06
4272,0.43430385817014583,0.43429266998029781,1.1188189848021501e-05
4273,0.21771946996857858,0.21773852515131109,1.9055182732513609e-05
4274,0.2815729307696706,0.28155216879538869,2.0761974281913176e-05
4275,0.44435683505265855,0.44437925330303696,2.2418250378408722e-05
4276,0.029194133307662455,0.029169199252264515,2.4934055397940469e-05
4277,-0.10322402417474515,-0.10319662366861128,2.7400506133867797e-05
4278,0.24788132552219019,0.24785485054421519,2.6474977975005087e-05
4279,0.19572575896533143,0.1957469104375669,2.1151472235469981e-05
4280,0.2369962348497531,0.23697963317469697,1.6601675056127085e-05
4281,0.77962574424260134,0.77963830402437406,1.2559781772725209e-05
4282,0.83849925850593443,0.83848904645993982,1.0212045994606456e-05
4283,0.57812177963517186,0.57812794463047301,6.1649953011500003e-06
4284,0.74532297320556806,0.74532670031491766,3.7271093495938601e-06
4285,0.6068083660257404,0.6067933514141659,1.5014611574493131e-05
4286,0.093626220183900544,0.093648959275995078,2.2739092094534175e-05
4287,0.17398683444321705,0.17395983078587454,2.7003657342511422e-05
4288,0.34827685486122106,0.34830470246091155,2.7847599690489222e-05
4289,0.12243399129088868,0.12240495989740656,2.9031393482120693e-05
4290,0.34769792613683681,0.34772798676867939,3.0060631842576679e-05
4291,0.73337316991628176,0.73334513200865248,2.8037907629285819e-05
4292,0.46643743008912586,0.46645943599846867,2.2005909342814878e-05
4293,0.30152851801745156,0.30151600324365802,1.2514773793548262e-05
4294,0.4080897997271023,0.40809718473914702,7.3850120447249701e-06
4295,-0.043636505776315802,-0.043639798707663151,3.2929313473484267e-06
4296,-0.43430459088419465,-0.43430562646014526,1.035575950603107e-06
4297,-0.21771929086517636,-0.21771177652282303,7.5143423533263753e-06
4298,-0.28157254694135131,-0.28159115811397029,1.8611172618976379e-05
4299,-0.44435751103714016,-0.44433039463445195,2.7116402688209806e-05
4300,-0.029193370613809465,-0.029224878909224088,3.1508295414622856e-05
4301,0.10322356629127055,0.1032555878535984,3.2021562327844144e-05
4302,-0.24788117130448636,-0.24791329805127488,3.212674678851335e-05
4303,-0.19572518065913952,-0.19569280179738366,3.2378861755860688e-05
4304,-0.23699698558010143,-0.2370258083945857,2.8822814484269488e-05
4305,-0.77962513238970987,-0.77960319175314752,2.1940636562356453e-05
4306,-0.83849974421390117,-0.8385106418528363,1.0897638935136733e-05
4307,-0.57812190235222471,-0.57812147475890996,4.2759331475572537e-07
4308,-0.74532230098097962,-0.7453173984921817,4.9024887979198795e-06
4309,-0.60680905194197066,-0.60681805233521158,9.0003932409210563e-06
4310,-0.093625572442466304,-0.093610241484936352,1.5330957529952061e-05
4311,-0.17398713808650382,-0.17401024852989574,2.3110443391927138e-05
4312,-0.34827717009887799,-0.34824569951263018,3.1470586247805965e-05
4313,-0.12243330868830402,-0.12246882627345093,3.5517585146915831e-05
4314,-0.34769869496639766,-0.34766335260541287,3.5342360984791377e-05
4315,-0.73337268977883052,-0.73340632547175,3.3635692919475879e-05
4316,-0.4664376284732471,-0.46640573223157683,3.1896241670270609e-05
4317,-0.30152895195570628,-0.30155859395403878,2.9641998332496922e-05
4318,-0.40808894849607419,-0.40806866224043919,2.0286255634993644e-05
4319,0.043635967706181528,0.043627428491092496,8.5392150890317708e-06
4320,0.43430517651388256,0.43430078080738227,4.395706500293084e-06
4321,0.21771939213914715,0.21773379576515464,1.440362600749201e-05
4322,0.28157197856856236,0.28155312825035994,1.8850318202423555e-05
4323,0.44435826352177515,0.4443822092778032,2.3945756028043164e-05
4324,0.029192704263927338,0.029162440350814986,3.0263913112352214e-05
4325,-0.10322329470153059,-0.10318643056670537,3.6864134825217998e-05
4326,0.24788126774627475,0.24784182936323185,3.94383830429057e-05
4327,0.19572439770988573,0.19576195118961828,3.7553479732554962e-05
4328,0.23699771122582564,0.23696353450521496,3.4176720610679112e-05
4329,0.77962461440885644,0.779654406350759,2.9791941902557184e-05
4330,0.83850000799682789,0.83847401925751186,2.598873931602963e-05
4331,0.57812228492921036,0.57814086470927994,1.8579780069583052e-05
4332,0.74532150946047204,0.74531680270840506,4.7067520669852314e-06
4333,0.60680970086441499,0.6067994916255508,1.0209238864189452e-05
4334,0.093625059223656146,0.093647077646521276,2.2018422865130449e-05
4335,0.17398718142099168,0.1739572254438374,2.995597715427234e-05
4336,0.34827770409649589,0.34831172848910186,3.4024392605969123e-05
4337,0.12243254035730497,0.12239387696730397,3.8663390000998055e-05
4338,0.34769938705490688,0.34774248220695908,4.3095152052197161e-05
4339,0.73337239603596072,0.73332811309112311,4.4282944837603644e-05
4340,0.46643760100699072,0.4664778978879115,4.029688092077599e-05
4341,0.3015296244802565,0.30149730311754347,3.2321362713028101e-05
4342,0.40808810438853527,0.40811487138805658,2.6766999521310453e-05
4343,-0.043635518614814524,-0.043655255570327692,1.9736955513167953e-05
4344,-0.43430556027961886,-0.43429349809742529,1.2062182193572912e-05
4345,-0.21771976416321012,-0.21771967180956067,9.2353649450149788e-08
4346,-0.28157128092059602,-0.28158814067657745,1.6859755981424307e-05
4347,-0.44435901718752041,-0.44432819939451895,3.0817793001458593e-05
4348,-0.029192199491134569,-0.029232280838937048,4.0081347802478628e-05
4349,0.10322323545374848,0.10326784064764251,4.4605193894028949e-05
4350,-0.24788160645570756,-0.24792971007816525,4.8103622457690287e-05
4351,-0.1957234897692838,-0.19567322117648581,5.0268592797997336e-05
4352,-0.23699833674815798,-0.23704732573554146,4.8988987383480342e-05
4353,-0.77962423952699256,-0.77958113529456241,4.3104232430146716e-05
4354,-0.83850002394694201,-0.83853176284770858,3.1738900766575817e-05
4355,-0.57812289056524335,-0.57810274430097131,2.0146264272047354e-05
4356,-0.74532067470118746,-0.7453324008976745,1.1726196487038543e-05
4357,-0.60681024885190138,-0.60680790478545354,2.3440664478346918e-06
4358,-0.093624730627433705,-0.093614700016459093,1.0030610974612331e-05
4359,-0.17398696210049483,-0.17401195561357766,2.4993513082827157e-05
4360,-0.34827840396324911,-0.34823775086999126,4.0653093257847495e-05
4361,-0.12243176124475295,-0.12248267405359663,5.0912808843672774e-05
4362,-0.34769993427535012,-0.34764435683646266,5.5577438887455255e-05
4363,-0.73337231623134425,-0.73342934657291814,5.703034157389375e-05
4364,-0.46643735070552383,-0.4663801167445028,5.72339610210304e-05
4365,-0.30153047370185609,-0.30158515046025214,5.4676758396043912e-05
4366,-0.40808735139786889,-0.40804293693472599,4.4414463142905536e-05
4367,0.04363520366653361,0.043604310473855594,3.089319267801649e-05
4368,0.43430570706001964,0.43431963073280466,1.3923672785021157e-05
4369,0.2177203718267243,0.21772064388553511,2.7205881081293626e-07
4370,0.28157052206367633,0.28155948715937712,1.1034904299211945e-05
4371,0.44435969764634847,0.44438331774693623,2.3620100587762316e-05
4372,0.029191903816523042,0.029153671078823551,3.8232737699490926e-05
4373,-0.10322339410498396,-0.10317031858514872,5.3075519835243945e-05
4374,0.24788215600756081,0.24781920178003694,6.2954227523864814e-05
4375,0.19572254758809624,0.1957897948391111,6.7247251014868059e-05
4376,0.23699880307698304,0.23693217723706503,6.6625839918010854e-05
4377,0.77962404197543889,0.77968727094965284,6.3228974213958011e-05
4378,0.83849978938683989,0.83844183426763652,5.7955119203367822e-05
4379,0.57812366084014433,0.5781701425735013,4.6481733356973365e-05
4380,0.74531987723082038,0.74529255172117348,2.7325509646902724e-05
4381,0.60681064154480135,0.60681685086053705,6.2093157356946094e-06
4382,0.0936246180323375,0.093638084072785344,1.3466040447843164e-05
4383,0.17398650271675148,0.17395688602461346,2.9616692138023648e-05
4384,0.34827920075688595,0.34832177501860362,4.2574261717664985e-05
4385,0.12243104792288373,0.12237439314292707,5.6654779956658019e-05
4386,0.34770028215940252,0.34777047965535085,7.0197495948332023e-05
4387,0.73337245740400281,0.73329314625982123,7.9311144181581916e-05
4388,0.46643690142318228,0.46651774546910013,8.0844045917849439e-05
4389,0.30153141991546367,0.30145509187303793,7.632804242574398e-05
4390,0.40808676712707598,0.4081566505857665,6.9883458690522815e-05
4391,-0.043635053734467667,-0.043693703769217197,5.8650034749530011e-05
4392,-0.43430560424129871,-0.43426119254372908,4.4411697569635145e-05
4393,-0.21772115765117905,-0.21774330424366775,2.2146592488697658e-05
4394,-0.28156977625884089,-0.28157524608589179,5.4698270509079272e-06
4395,-0.44436023844158046,-0.44432891985817946,3.131858340099658e-05
4396,-0.029191844658818678,-0.029244413318390224,5.256865957154605e-05
4397,0.10322375617429058,0.10329266221265351,6.890603836293141e-05
4398,-0.24788286519866012,-0.24796618062817982,8.3315429519698059e-05
4399,-0.19572166497520935,-0.1956269950524813,9.4669922728052303e-05
4400,-0.23699906725509626,-0.23710064159538474,0.000101574340288485
4401,-0.77962404001204288,-0.77952403133486858,0.0001000086771743014
4402,-0.8384993250316759,-0.83858890392869589,8.9578897019992887e-05
4403,-0.57812452104953715,-0.57804953957336813,7.4981476169022621e-05
4404,-0.74531919451019923,-0.74537772800692326,5.8533496724022527e-05
4405,-0.60681083961742621,-0.6067740967848696,3.6742832556613259e-05
4406,-0.093624731376475201,-0.093633910967374556,9.1795908993552722e-06
4407,-0.17398584847983159,-0.17400961346169938,2.3764981867790969e-05
4408,-0.34828001659761038,-0.34822196319171822,5.8053405892155574e-05
4409,-0.12243047071008488,-0.12251669101364086,8.6220303555983868e-05
4410,-0.34770039526262719,-0.34759325685350045,0.00010713840912673911
4411,-0.73337280524634674,-0.73349512984277154,0.00012232459642480542
4412,-0.46643629631625039,-0.46630322938200564,0.00013306693424475213
4413,-0.30153236865949601,-0.30166853969588336,0.00013617103638735584
