out_index,library,reference,abs_error
204,0.73916616010500746,0.73916422936743809,1.9307375693777828e-06
205,0.7646342841653565,0.76576683362841114,0.0011325494630546329
206,0.76485890267402301,0.76681347766840036,0.0019545749943773449
207,0.73423702150754089,0.7364844772884136,0.0022474557808727091
208,0.67153767648800966,0.67347528452522298,0.0019376080372133231
209,0.58017823390392231,0.58129132363784886,0.0011130897339265422
210,0.46779541971163413,0.46779426701427573,1.1526973583975142e-06
211,0.34517532062012912,0.34407052480885908,0.0011047958112700429
212,0.22470308200130315,0.2227999500378943,0.001903131963408855
213,0.11856675744551712,0.11638093659759106,0.0021858208479260538
214,0.03698725673122924,0.03510477561116087,0.0018824811200683703
215,-0.013258294645357301,-0.014338110149804066,0.0010798155044467652
216,-0.029795609112122052,-0.029792283620031002,3.3254920910504027e-06
217,-0.01494938836694157,-0.013873906393817231,0.0010754819731243394
218,0.024667068705009818,0.026518006887827839,0.001850938182818021
219,0.079205483832611959,0.081331245637327576,0.0021257618047156174
220,0.13711831148456072,0.13894954154343675,0.0018312300588760322
221,0.18694169827258608,0.18799272107194334,0.0010510227993572596
222,0.21905417395220081,0.21905177033839493,2.4036138058791678e-06
223,0.22714313056727509,0.22609752241082012,0.0010456081564549635
224,0.20915581610370135,0.2073554211257318,0.0018003949779695494
225,0.1675903237725016,0.16552228676868358,0.002068037003818024
226,0.10908275892908489,0.1073009836806242,0.0017817752484606958
227,0.043353365612021598,0.042330270689254941,0.0010230949227666569
228,-0.018326426242805442,-0.018324809200095108,1.6170427103341656e-06
229,-0.064911195644815706,-0.063894157518885594,0.0010170381259301114
230,-0.087331786591687,-0.085579019591917355,0.0017527669997696449
231,-0.079950934078702712,-0.077935743392731821,0.0020151906859708912
232,-0.041501344680714682,-0.039763151213271716,0.0017381934674429653
233,0.024637409918636114,0.025637317641788237,0.00099990772315212278
234,0.11086728029425355,0.11086818116931993,9.0087506637859249e-07
235,0.20644205980979741,0.20545170001062907,0.00099035979916833883
236,0.29901794741972082,0.29730830439232281,0.0017096430273980112
237,0.37644989992709649,0.37448254666517655,0.0019673532619199352
238,0.42856185073925318,0.4268633767644216,0.0016984739748315825
239,0.44862262619906423,0.44764382452524276,0.00097880167382147221
240,0.43430428233358159,0.43430078080750489,3.5015260766990686e-06
241,0.38797859644364929,0.38894414985395692,0.00096555341030762909
242,0.31630696659007812,0.31797692589566612,0.001669959305587998
243,0.22918704418841743,0.23111063200102036,0.0019235878126029338
244,0.13821725385271147,0.13987887140993907,0.0016616175572276015
245,0.054913018738587928,0.055870407954860007,0.00095738921627207957
246,-0.011052741197048932,-0.011050428101255212,2.3130957937204932e-06
247,-0.053315748270090745,-0.054262220990686436,0.00094647272059569104
248,-0.069771054409609817,-0.071406493972890658,0.0016354395632808411
249,-0.062863745299025012,-0.064746193244993616,0.0018824479459686044
250,-0.039175822900264216,-0.040800785981644494,0.0016249630813802776
251,-0.0083731933098134363,-0.0093088262560386045,0.00093563294622516814
252,0.018326426242806833,0.018324809200097113,1.6170427097200735e-06
253,0.029931023342610392,0.030857028531569415,0.00092600518895902262
254,0.017424850562869337,0.019024486371713351,0.0015996358088440146
255,-0.02477564439477067,-0.022934469613366256,0.0018411747814044144
256,-0.097883417013373414,-0.096294468043338841,0.0015889489700345732
257,-0.19846479221581684,-0.19755107223477553,0.00091371998104131102
258,-0.31886871304940206,-0.31886952340645514,8.1035705307153094e-07
259,-0.44829677682096808,-0.44920495199910349,0.00090817517813540638
260,-0.57435351275699054,-0.57591916448405767,0.00156565172706713
261,-0.68484242794812367,-0.68664173717093346,0.0017993092228097973
262,-0.76953588603434009,-0.77108621014264789,0.001550324108307799
263,-0.82165183427577193,-0.82254120294458499,0.00088936866881306198
264,-0.83881295555504154,-0.83880927799497906,3.677560062476104e-06
265,-0.82334292799735742,-0.82245431804667035,0.00088860995068706927
266,-0.78185607406056234,-0.78032660979571633,0.0015294642648460144
267,-0.72420370156103275,-0.72244635994148909,0.001757341619543662
268,-0.66193828327373738,-0.66042358605158069,0.0015146972221566912
269,-0.60653039916851581,-0.60566051592717918,0.00086988324133663308
270,-0.56760995880883935,-0.56761202008234035,2.0612735009972738e-06
271,-0.55149989555246781,-0.55236667136144857,0.00086677580898075757
272,-0.56026527739768517,-0.56175878730127138,0.0014935099035862098
273,-0.59142234212981315,-0.59313907571217117,0.001716733582358021
274,-0.6383512931820714,-0.63983131254741032,0.0014800193653389249
275,-0.69134989521072698,-0.69220000311337304,0.00085010790264605784
276,-0.73916616010500868,-0.73916422936743964,1.9307375690447159e-06
277,-0.77077577066692549,-0.76992860472045965,0.00084716594646583321
278,-0.7771324987065934,-0.77567221265738584,0.0014602860492075598
279,-0.75262391973358711,-0.75094433540842542,0.0016795843251616871
280,-0.69600952943009731,-0.69456004515169845,0.0014494842783988604
281,-0.61069719512452314,-0.60986267892441726,0.00083451620010588368
282,-0.50431433621485156,-0.50431316762519973,1.1685896518232042e-06
283,-0.38763787532203353,-0.38846489874996315,0.00082702342792961847
284,-0.27304388613775177,-0.27447323374711713,0.0014293476093653612
285,-0.17271138920039797,-0.17435802698124542,0.0016466377808474486
286,-0.096852240158353808,-0.098275391217605534,0.001423151059251726
287,-0.052234631641593199,-0.053055673926076116,0.00082104228448291738
288,-0.041224182754356305,-0.04122747734007183,3.2945857155255998e-06
289,-0.061487747002229962,-0.060677334440829109,0.00081041256140085283
290,-0.10640376041267337,-0.10500105257267547,0.0014027078399978937
291,-0.16611580814547486,-0.16449919782583808,0.0016166103196367798
292,-0.22906827688175771,-0.22767105765580606,0.0013972192259516514
293,-0.28378944009249529,-0.28298370061339961,0.00080573947909567956
294,-0.32065027617672331,-0.32064782835035033,2.4478263729865724e-06
295,-0.33333091833407219,-0.33412769373065404,0.00079677539658185026
296,-0.3197716127859585,-0.32115006907243943,0.0013784562864809224
297,-0.28246366228529463,-0.28405213655013722,0.0015884742648425987
298,-0.22803653656964512,-0.22940924634743973,0.0013727097777946062
299,-0.16620410133331032,-0.16699528249951487,0.00079118116620455203
300,-0.10823176955625929,-0.10823333152340468,1.5619671453886985e-06
301,-0.065159290462019889,-0.064375629439984192,0.00078366102203569765
302,-0.046050468529947208,-0.044696050682844199,0.0013544178471030094
303,-0.056537499659427413,-0.054978176434214529,0.0015593232252128844
304,-0.097882840512791891,-0.096536866763438742,0.0013459737493531493
305,-0.16670238832693388,-0.16592819778569629,0.00077419054123759046
306,-0.25539394361934981,-0.25539478159933782,8.3797998801093954e-07
307,-0.35320752848658271,-0.35397811707572946,0.00077058858914674788
308,-0.44779593632763942,-0.44912521004198713,0.0013292737143477118
309,-0.52701105631260703,-0.52853990945895446,0.0015288531463474309
310,-0.58067405122130977,-0.58199232203819495,0.0013182708168851809
311,-0.60205131397013145,-0.6028078694665977,0.00075655549646624909
312,-0.58881284676005452,-0.58880927799497895,3.5687650755678035e-06
313,-0.54332876452556567,-0.54257134580550348,0.00075741872006218625
314,-0.4722591939310859,-0.47095563818592445,0.0013035557451614443
315,-0.38550088974941199,-0.38400323162556055,0.0014976581238514419
316,-0.2946517252077101,-0.29336098110932529,0.0012907440983848106
317,-0.21122692215963301,-0.21048576775941236,0.00074115440022065604
318,-0.14489955646211028,-0.14490180169062095,2.2452285106666636e-06
319,-0.10203444419627855,-0.10277445448847827,0.00074001029219972203
320,-0.084737466453299992,-0.086012935766232868,0.0012754693129328754
321,-0.090564861445858208,-0.092031936511609042,0.0014670750657508336
322,-0.11293632553550116,-0.11420204140142411,0.001265715865922945
323,-0.14218799457226006,-0.1429154757560373,0.00072748118377724547
324,-0.16710450833767396,-0.16710282654975483,1.6817879191222129e-06
325,-0.17669656382526658,-0.17597081683636945,0.00072574698889713019
326,-0.16195149948632151,-0.16070012967439357,0.0012513698119279437
327,-0.11728923429873195,-0.11584968289286941,0.0014395514058625353
328,-0.041500666963638431,-0.040258144028457662,0.001242522935180769
329,0.061976355085117091,0.062691849082962978,0.00071549399784588685
330,0.18548634702154884,0.18548721542390764,8.684023588001466e-07
331,0.3182261754548496,0.31751621949463188,0.000709955960217723
332,0.44779530140181711,0.44656759414578356,0.00122770725603355
333,0.56199180511999147,0.56057633712931187,0.0014154679906795975
334,0.65058225318724372,0.64935773794933982,0.0012245152379039004
335,0.70677852066188129,0.7060711705019711,0.00070735015991019168
336,0.72819703637599442,0.72819340695374113,3.6294222532928799e-06
337,0.71715498788711507,0.71785261352715701,0.00069762564004194338
338,0.68025992718181294,0.68146875337847257,0.0012088261966596292
339,0.62735607957414574,0.62875015027761594,0.001394070703470196
340,0.56998849824566034,0.57119399388319536,0.0012054956375350256
341,0.51962012667010526,0.52031561517297076,0.00069548850286549335
342,0.48587313978300223,0.48587523662671195,2.0968437097201864e-06
343,0.4750625791742053,0.47437418192666636,0.00068839724753894105
344,0.48924541424645518,0.48805388982827425,0.0011915244181809337
345,0.5259295359937548,0.52455571499608222,0.0013738209976725813
346,0.57848651573249521,0.57729852776155965,0.0011879879709355556
347,0.63720533932257384,0.63651997537172933,0.00068536395084450863
348,0.69082523086462733,0.69082332116405176,1.9097005755641661e-06
349,0.72831301629288114,0.72899159782236622,0.00067858152948507833
350,0.74061348822731399,0.74178742055539237,0.0011739323280783864
351,0.72210507234220001,0.7234574905319362,0.0013524181897361931
352,0.67153789669164188,0.67270583481334056,0.0011679381216986862
353,0.59231039262507945,0.59298227164383144,0.0006718790187519863
354,0.4920406242058577,0.49203946095747725,1.1632483804535632e-06
355,0.38149618151919168,0.38082620821810603,0.00066997330108564679
356,0.27304377466350854,0.27188823236505261,0.001155542298455936
357,0.17885297691927304,0.17752395664904996,0.0013290202702230802
358,0.10912605845214192,0.10798005749253509,0.0011460009596068327
359,0.070621640164237567,0.06996390227176208,0.00065773789247548786
360,0.065695935256391641,0.065699219192495661,3.2839361040204462e-06
361,0.092006504747912693,0.092665811433860851,0.00065930668594815778
362,0.14292255410354143,0.14405766085902633,0.0011351067554848937
363,0.20857844585949029,0.20988322551555533,0.0013047796560650415
364,0.27740929305481993,0.27853429453186829,0.0011250014770483596
365,0.33793419061896623,0.33858020546423229,0.00064601484526605191
366,0.38051518025050829,0.38051270637214102,2.4738783672706433e-06
367,0.39882365621652782,0.39817735559983575,0.00064630061669207484
368,0.39079127728862395,0.38967770216944492,0.0011135751191790333
369,0.35890085787413029,0.35762026471824354,0.0012805931558867445
370,0.30977341837215022,0.30866873049645371,0.0011046878756965084
371,0.25311454632942498,0.25247958749939309,0.00063495883003189535
372,0.2001816810719112,0.20018320302431639,1.5219524051868216e-06
373,0.16200686935911945,0.16264087861675106,0.00063400925763160143
374,0.14764644587733447,0.14874027832155381,0.0010938324442193448
375,0.16272532152568911,0.16398462593492885,0.0012593044092397421
376,0.20849879484344214,0.20958660003657292,0.0010878051931307864
377,0.2815758427656595,0.28220264393011674,0.00062680116445723577
378,0.37434769582765898,0.37434848204138238,7.8621372340270668e-07
379,0.4760581357698857,0.47543576972829499,0.00062236604159071618
380,0.57435401663697772,0.5732776035549495,0.0010764130820282158
381,0.65708154851436751,0.65584049420325585,0.0012410543111116557
382,0.7140564228332158,0.7129826962718796,0.0010737265613361968
383,0.73853985247079246,0.73791928508395621,0.00062056738683624602
384,0.72819703637599587,0.72819340695374235,3.6294222535149245e-06
385,0.68539365607820291,0.68600542970936629,0.00061177363116338146
386,0.6167857575358463,0.6178470194603195,0.0010612619244732002
387,0.53226633617977193,0.53349157844770234,0.0012252422679304154
388,0.44342978301049985,0.4444904344241295,0.0010606514136296541
389,0.3617881663550771,0.36240072040774851,0.00061255405267141017
390,0.29701179097689756,0.2970139700092429,2.1790323453396709e-06
391,0.25546309149366758,0.25485686711601691,0.00060622437765067705
392,0.23924595243938152,0.23819623672636089,0.0010497157130206214
393,0.24591498016934102,0.24470463263085801,0.0012103475384830087
394,0.26888857036884761,0.26784197489587253,0.001046595472975087
395,0.29850190613819394,0.29789802337098031,0.00060388276721362599
396,0.32353904145504803,0.32353729158998706,1.7498650609626409e-06
397,0.33301047539120043,0.33360866453339844,0.00059818914219800234
398,0.31790374431966689,0.31893928353029216,0.0010355392106252692
399,0.27263935302221232,0.27383330469132927,0.0011939516691169549
400,0.19600915294971322,0.1970410882398711,0.0010319352901578815
401,0.091452292212275271,0.092046351960923617,0.00059405974864834565
402,-0.033374112506765467,-0.033375047105289164,9.3459852369692786e-07
403,-0.16766493125941917,-0.16825754378209076,0.00059261252267159281
404,-0.29901724359902221,-0.30003947644350781,0.0010222328444856044
405,-0.41522635868963492,-0.41640184747373477,0.0011754887840998429
406,-0.50605568958249358,-0.50706896240103871,0.0010132728185451301
407,-0.56471362910924239,-0.56529483020435145,0.00058120109510906293
408,-0.58881284676005641,-0.5888092779949804,3.5687650760118927e-06
409,-0.58066644938645506,-0.58008247559540149,0.00058397379105357139
410,-0.54687755556991002,-0.54587238291296991,0.001005172656940112
411,-0.49728558737238665,-0.49612983537313143,0.0011557519992552168
412,-0.44343041793632126,-0.44243348245628167,0.00099693548003959576
413,-0.39676951938680499,-0.39619679018177539,0.00057272920502959845
414,-0.36691938757469489,-0.36692153618466922,2.1486099743284193e-06
415,-0.36018912473548265,-0.36076238037097291,0.00057325563549026626
416,-0.37862945991580654,-0.37961737473662099,0.00098791482081445059
417,-0.41974171412749711,-0.42087783028131787,0.0011361161538207543
418,-0.47689053838511541,-0.47787049883886645,0.00097996045375103868
419,-0.54035776042547667,-0.54092081257338664,0.00056305214790997038
420,-0.59887531934898108,-0.59887344966314549,1.8696858355982116e-06
421,-0.64140257129677392,-0.64083923558532607,0.00056333571144784322
422,-0.65887660642481438,-0.65790491010726004,0.00097169631755433805
423,-0.64566787675336879,-0.64454897090969587,0.0011189058436729127
424,-0.60051823218897782,-0.59955132574303582,0.00096690644594199515
425,-0.52681765474263031,-0.52626010710217452,0.00055754764045579108
426,-0.43217572013207406,-0.43217458293568789,1.1371963861694923e-06
427,-0.32735143099271735,-0.32790468233234166,0.0005532513396243055
428,-0.22470275849045046,-0.22566045000706964,0.00095769151661917462
429,-0.13639033920525762,-0.13749518008878497,0.0011048408835273582
430,-0.072607264761271537,-0.07356363592043054,0.00095637115915900295
431,-0.040102882418555391,-0.040655868779253056,0.00055298636069766455
432,-0.041224182754356686,-0.041227477340071886,3.2945857151994717e-06
433,-0.073619496225271239,-0.073074149216431419,0.00054534700883981935
434,-0.13064873580975173,-0.12970244841321268,0.0009462873965390417
435,-0.20243685814061688,-0.20134410014973092,0.0010927579908859564
436,-0.27740940452906826,-0.2764631184269124,0.00094628610215585773
437,-0.3440758844218072,-0.343528959320621,0.00054692510118620197
438,-0.39278889225950381,-0.39278641303986572,2.4792196380851728e-06
439,-0.41721045871597295,-0.41775121454849479,0.00054075583252183312
440,-0.41526291002708071,-0.41620026688913808,0.00093735686205737023
441,-0.38941970526551778,-0.39050139803258593,0.0010816927670681542
442,-0.34629242885142725,-0.34722842738099036,0.00093599852956310903
443,-0.29557730070347032,-0.29611761019423205,0.00054030949076172563
444,-0.24852261031229086,-0.24852411122770229,1.500915411428716e-06
445,-0.21615142524726885,-0.21561583841001075,0.00053558683725810075
446,-0.20751122332690763,-0.2065841205555379,0.00092710277136973107
447,-0.22821812766174387,-0.22714938205013138,0.0010687456116124927
448,-0.27951865799467118,-0.27859506195410438,0.00092359604056679867
449,-0.35801315914391452,-0.35748141280387669,0.00053174634003783083
450,-0.4560845148534925,-0.45608526549700668,7.506435141801937e-07
451,-0.56296840826829719,-0.56349899500400302,0.00053058673570582915
452,-0.66630380166504677,-0.66721958067828813,0.00091577901324135791
453,-0.75392917050125197,-0.75498293598414579,0.0010537654828938203
454,-0.81565256971196587,-0.81656140054163262,0.00090883082966675133
455,-0.84472779258103392,-0.84524908673937049,0.00052129415833657156
456,-0.83881295555504209,-0.83880927799497984,3.6775600622540594e-06
457,-0.80026696969209477,-0.79974219234504751,0.00052477734704725609
458,-0.73573939038294367,-0.73483672421433888,0.00090266616860479321
459,-0.65511695900790601,-0.6540797060563186,0.0010372529515874085
460,-0.5699879943656746,-0.56909377320271382,0.00089422116296078435
461,-0.49185876772119613,-0.49134525430869003,0.00051351341250610583
462,-0.43039415700475081,-0.43039627799179103,2.1209870402216779e-06
463,-0.39195152862436711,-0.39246604957128772,0.00051452094692061578
464,-0.37863003641639237,-0.37951703706190709,0.00088700064551472391
465,-0.38797985886284225,-0.38900062663885848,0.0010207677760162293
466,-0.41341521929229857,-0.41429630748085183,0.00088108818855325843
467,-0.44526744662084877,-0.44577389715810561,0.00050645053725684175
468,-0.47231712354991445,-0.47231530893964396,1.8146102704896805e-06
469,-0.483571663273274,-0.48306451040632614,0.00050715286694785755
470,-0.47001589275543287,-0.46914135183809791,0.00087454091733496497
471,-0.4260679597670971,-0.42506136350671397,0.0010065962603831302
472,-0.35051767381262539,-0.34964818060420405,0.00086949320842133471
473,-0.24680248467864738,-0.24630120110299669,0.00050128357565068504
474,-0.12257818515239678,-0.12257718268659039,1.0024658063934044e-06
475,0.011351027838370832,0.010853352264041872,0.00049767557432896063
476,0.14258277224402047,0.14172076069444034,0.00086201154958012727
477,0.25891251312863728,0.25791713846366948,0.00099537466496779636
478,0.35010346224148303,0.34924094296981184,0.00086251927167119158
479,0.40936346102732307,0.40886413576314345,0.00049932526417961753
480,0.4343042823335802,0.43430078080750373,3.501526076477024e-06
481,0.42723776161538551,0.42772959709872382,0.00049183548333830984
482,0.39476535508785082,0.39561930885812535,0.00085395377027452923
483,0.34672443098687306,0.34771059663571774,0.0009861656488446835
484,0.29465242902840055,0.2955063230357774,0.00085389400737684307
485,0.2500040507100173,0.25049756196140355,0.00049351125138624719
486,0.22239272424959694,0.22239493575464939,2.211505052446272e-06
487,0.21812414632718385,0.21763594958941332,0.0004881967377705354
488,0.23924527472229926,0.23839864274745487,0.00084663197484438624
489,0.28325328038936642,0.28227560786671296,0.00097767252265346105
490,0.34350828326348093,0.34266160831183023,0.0008466749516506944
491,0.41028727431863993,0.40979803076575838,0.00048924355288154642
492,0.47231712354991412,0.47231530893964319,1.8146102709337697e-06
493,0.51855183557548123,0.51903630926688371,0.00048447369140247609
494,0.53992282878424724,0.54076196048698866,0.00083913170274141358
495,0.53079453824056788,0.53176197627200184,0.00096743803143395368
496,0.4899024355067112,0.49073839246475798,0.00083595695804677961
497,0.4206298669758215,0.42111096138546633,0.0004810944096448333
498,0.33057961790754015,0.33057852492372042,1.0929838197282216e-06
499,0.23050368917279659,0.23002281851960177,0.00048087065319482591
500,0.13275279309324253,0.13192306569219223,0.0008297274010503064
501,0.049480014892385744,0.048525211020336662,0.00095480387204908285
502,-0.0091294269463980896,-0.0099530467303128155,0.00082361978391472593
503,-0.03633425295061999,-0.036806775213098462,0.00047252226247847251
504,-0.02979560911212209,-0.029792283620031203,3.3254920908873387e-06
505,0.0081265699383234191,0.0086024388055251019,0.00047586886720168281
506,0.070783752382631557,0.071602435849524734,0.0008186834668931775
507,0.14829222638574216,0.14923306056973576,0.00094083418399359964
508,0.22906860039262661,0.22987965392227022,0.00081105352964361277
509,0.30161332971990912,0.30207884939538288,0.00046551967547375783
510,0.35626997575629177,0.35626751242894644,2.4633273453256166e-06
511,0.3866914974953764,0.38622406389132663,0.00046743360404977174
512,0.39079105708499434,0.38998573863742864,0.00080531844756570603
513,0.37103280703947084,0.37010628880381036,0.00092651823566047842
514,0.33401883281885458,0.33321917141331159,0.00079966140554299514
515,0.2894358142018969,0.28897607821253185,0.000459735989365051
516,0.24852261031228451,0.24852411122769597,1.5009154114564716e-06
517,0.22229291174883006,0.22275324386344555,0.00046033211461549151
518,0.21978481935946959,0.22057908162473738,0.00079426226526779775
519,0.24660502588778274,0.24751973125357785,0.00091470536579510431
520,0.3039905109367525,0.30478099892651161,0.00079048798975911438
521,0.38853212036450907,0.38898792868012017,0.00045580831561109481
522,0.49260343135670503,0.49260416610792601,7.3475122097654832e-07
523,0.60543096297019805,0.60497799661868845,0.0004529663515095983
524,0.71464460580149314,0.71386023960353073,0.00078436619796240503
525,0.80807380225613124,0.80716827875491748,0.00090552350121375635
526,0.87551755313909019,0.87473291725581026,0.00078463588327992717
527,0.91022071886798361,0.90976621250724077,0.00045450636074284567
528,0.90983274742152109,0.90982903895508294,3.708466438157032e-06
529,0.87670410506126661,0.87715115250365017,0.00044704744238355243
530,0.81747608209060674,0.8182532594978873,0.0007771774072805604
531,0.74202728332076839,0.74292575935080396,0.00089847603003556653
532,0.66193795976287062,0.66271667368003173,0.00077871391716111127
533,0.58870650954110371,0.58915687974155651,0.00045037020045279874
534,0.53199025922927179,0.53199233600374463,2.0767744728367177e-06
535,0.49813931639116321,0.49769372146586061,0.00044559492530260592
536,0.48924583309864816,0.48847316432809518,0.00077266877055298666
537,0.50285319737563439,0.50196126557473431,0.00089193180090008095
538,0.53236899693285933,0.53159682777625594,0.00077216915660338614
539,0.56811818234213829,0.56767195064101805,0.00044623170112023658
540,0.59887531934898075,0.59887344966314593,1.8696858348210554e-06
541,0.6136421493801123,0.61408385011577671,0.0004417007356644076
542,0.60339814787707013,0.60416386753467588,0.00076571965760574567
543,0.5625563935052309,0.5634400502655158,0.00088365676028490103
544,0.48990185900613603,0.49066610725426091,0.00076424824812487691
545,0.38886746308694936,0.38930752664938378,0.00044006356243442291
546,0.26710484847749733,0.26710378311661281,1.0653608845112572e-06
547,0.13541444083841842,0.13497433116201971,0.0004401096763987089
548,0.0061952166639012238,0.0054361295969641687,0.00075908706693705516
549,-0.10835135674312367,-0.10922426246702403,0.00087290572390036347
550,-0.19799126175942466,-0.1987436399371324,0.00075237817770773541
551,-0.25593477325625535,-0.2563660608645193,0.00043128760826394164
552,-0.279795717907107,-0.27979228362002928,3.4342870777193113e-06
553,-0.27188759353346942,-0.27145249208033578,0.00043510145313363502
554,-0.23881312774684427,-0.23806459307401712,0.00074853467282715025
555,-0.19041058542587999,-0.18954988482132035,0.00086070060455964437
556,-0.13821795767340345,-0.1374754906334425,0.00074246703996094787
557,-0.093690147288973721,-0.093263795281780332,0.00042635200719338961
558,-0.066440426590438917,-0.066442705962774268,2.2793723353509154e-06
559,-0.062773953860815274,-0.063202231385170116,0.00042827752435484201
560,-0.084736753859389682,-0.085474414987118968,0.00073766112772928605
561,-0.12982467364448291,-0.13067288466495172,0.0008482110204688087
562,-0.19139613482771503,-0.19212772905702932,0.00073159422931429186
563,-0.25972608643656564,-0.26014636973040062,0.00042028329383497764
564,-0.32353904145504653,-0.32353729158998457,1.7498650619618417e-06
565,-0.37178629509282513,-0.37136475438783634,0.0004215407049887876
566,-0.39539617986079595,-0.39466889709756675,0.00072728276322919783
567,-0.38872965954706673,-0.38789167101582483,0.00083798853124189554
568,-0.35051835152970129,-0.34979364729875662,0.00072470423094467273
569,-0.28414142984512419,-0.28372317144985476,0.00041825839526943298
570,-0.19719725187968984,-0.19719621694117567,1.0349385141661394e-06
571,-0.10043308780668164,-0.10084832031728419,0.00041523251060254784
572,-0.0061945817380719805,-0.0069139778008061618,0.00071939606273418132
573,0.073370607935744375,0.07254003797200384,0.00083056996374053504
574,0.12808305979349255,0.12736341192947326,0.00071964786401929048
575,0.15120756656450982,0.15079072051978018,0.00041684604472963516
576,0.14041152829116879,0.14040815466126949,3.3736298993003455e-06
577,0.098061370171919529,0.098471531621699637,0.00041016144978010816
578,0.030812394496119378,0.031525648061451784,0.00071325356533240639
579,-0.051444604398853955,-0.050619633514337022,0.00082497088451693318
580,-0.13711881536454906,-0.1364033492009023,0.00071546616364676074
581,-0.21470305722149763,-0.21428883620397693,0.00041422101752069951
582,-0.27453315673045414,-0.27453072897331809,2.4277571360475925e-06
583,-0.31025418111711467,-0.31066334860430667,0.00040916748719199703
584,-0.31977119393376524,-0.32048134726822808,0.00071015333446283746
585,-0.30554000090341449,-0.30636010992627993,0.00082010902286544507
586,-0.27415405536928067,-0.27486419114752447,0.00071013577824380336
587,-0.23529125831374614,-0.23570161038806062,0.00041035207431447396
588,-0.20018168107190534,-0.20018320302431031,1.521952404964777e-06
589,-0.17983015737478808,-0.17942355858726355,0.00040659878752452583
590,-0.18326580888019123,-0.18256110912966417,0.00070469975052706024
591,-0.21608617849639603,-0.21527299916180093,0.00081317933459509883
592,-0.27951887819829718,-0.27881554007292308,0.00070333812537409779
593,-0.37014531786506444,-0.36974016842133417,0.00040514944373026829
594,-0.48032971934771007,-0.48033045944020214,7.4009249206863359e-07
595,-0.59928926916735548,-0.59969421001360701,0.00040494084625153359
596,-0.71464449432724797,-0.71534336087492778,0.0006988665476798106
597,-0.81421538997500464,-0.81501939632878051,0.00080400635377586571
598,-0.88779137143287701,-0.88848450353798025,0.00069313210510324463
599,-0.92860772739062702,-0.9290048614702161,0.00039713407958907876
600,-0.93430449992355546,-0.934300780807506,3.7191160494609576e-06
601,-0.90722286280694953,-0.90682124795798491,0.00040161484896461541
602,-0.85399487578147415,-0.85330465337481232,0.00069022240666183343
603,-0.78448992103478321,-0.78369683825374659,0.00079308278103662477
604,-0.71027897593593259,-0.70959520714910718,0.00068376878682541165
605,-0.64285126006757332,-0.64245868767962422,0.00039257238794909721
606,-0.59185516330305576,-0.59185721402553415,2.0507224783861133e-06
607,-0.56363205427361718,-0.56402643021685916,0.00039437594324198688
608,-0.56026549760131106,-0.56094514300449272,0.00067964540318166122
609,-0.57929039296446749,-0.58007243801787722,0.00078204505340973007
610,-0.61410587873536171,-0.61478080318587458,0.00067492445051287042
611,-0.6550286273382494,-0.65541637620815341,0.00038774886990400326
612,-0.69082523086462999,-0.69082332116405465,1.9097005753421215e-06
613,-0.71048972827721024,-0.71010025918518038,0.00038946909202985935
614,-0.70499412522445548,-0.70432268144513355,0.00067144377932193411
615,-0.66874421537149198,-0.66797114228297816,0.00077307308851382039
616,-0.60051781333678633,-0.59984965699762482,0.00066815633916150752
617,-0.50374091752567496,-0.50335533829385226,0.00038557923182269693
618,-0.38605860068580683,-0.3860574835586576,1.1171271492305124e-06
619,-0.25826504812172246,-0.25864768927157411,0.00038264114985164799
620,-0.1327532969732397,-0.13341684650946434,0.00066354953622463353
621,-0.021719135458636595,-0.022486101738957313,0.0007669662803207189
622,0.064608890147518833,0.063943578755279187,0.00066531139223964531
623,0.11944623475559535,0.11906045976534343,0.00038577499025191364
624,0.14041152829116751,0.14040815466126774,3.3736298997721903e-06
625,0.12982270198083112,0.13020199908771188,0.00037929710688075491
626,0.09428656414208908,0.094946197317158032,0.00065963317506895214
627,0.043645138995521367,0.044407746519676848,0.00076260752415548139
628,-0.010560100129388893,-0.0098990482364089936,0.0006610518929798994
629,-0.056871096906466245,-0.056488433557837725,0.00038266334862852025
630,-0.085671807924348226,-0.08566946235584777,2.3455685004558635e-06
631,-0.090654693436575964,-0.091032629116508029,0.00037793567993206489
632,-0.069771732126692854,-0.070428202823712358,0.00065647069701950389
633,-0.025525445079001178,-0.026284361075475722,0.00075891599647454414
634,0.035443889994368122,0.034786010935632029,0.00065787905873609248
635,0.10341217487062954,0.10303161910774697,0.00038055576288256732
636,0.16710450833767121,0.16710282654975192,1.6817879192887464e-06
637,0.21547238352689077,0.21584913758054194,0.00037675405365117376
638,0.23944393502745204,0.24009698277089789,0.00065304774344585037
639,0.23337954082358675,0.23413276304644337,0.00075322222285661988
640,0.1960098655436236,0.1966609244001355,0.0006510588565118991
641,0.13071278254773741,0.13108754997869332,0.00037476743095590792
642,0.045085017364906575,0.045084048622557507,9.6874234906813017e-07
643,-0.050128156388755597,-0.050503252781996806,0.0003750963932412088
644,-0.14258347606471905,-0.14323082051179387,0.00064734444707481575
645,-0.22013605436610298,-0.22088114544761678,0.00074509108151379899
646,-0.27260962339824918,-0.27325234059065928,0.00064271719241010272
647,-0.29327245811715019,-0.29364087354355523,0.00036841542640503322
648,-0.27979571790711072,-0.27979228362003317,3.4342870775527778e-06
649,-0.2345499086725818,-0.23417726210535686,0.00037264656722493794
650,-0.1641947661080268,-0.16355444684117404,0.00064031926685276241
651,-0.078625887802906899,-0.077890497955347096,0.00073538984755980308
652,0.010560735055211495,0.011194350823939856,0.00063361576872836105
653,0.091852449938196051,0.092215875416208973,0.00036342547801292147
654,0.15557940452214847,0.15557702853127686,2.3759908716058931e-06
655,0.19538072667839415,0.19501482344595825,0.00036590323243590461
656,0.20915523960312127,0.20852498364949953,0.00063025595362173337
657,0.1993521790371604,0.19862688793555469,0.00072529110160571286
658,0.17255807802190209,0.17193192400914484,0.00062615401275725735
659,0.13844367941665495,0.13808374953171182,0.00035992988494312761
660,0.10823176955626176,0.10823333152340685,1.5619671450833872e-06
661,0.092919712378681227,0.093281006986639853,0.000361294607958626
662,0.10152892707769202,0.10215204944529756,0.00062312236760553308
663,0.13964898290756475,0.14036648988214881,0.00071750697458405899
664,0.20849921369563462,0.20911930046206753,0.00062008676643290905
665,0.30465257998260942,0.30501028436422861,0.00035770438161919493
666,0.42046481527392393,0.42046558141841017,7.6614448624168219e-07
667,0.54514451864088209,0.54478904870653799,0.00035546993434409924
668,0.66630347815418167,0.66568725692533759,0.0006162212288440827
669,0.77175275226098605,0.77104048206997389,0.00071227019101216538
670,0.8512725777420056,0.85065453086033704,0.0006180468816685547
671,0.89808896964494167,0.89773024831945736,0.00035872132548431246
672,0.90983274742151898,0.90982903895508105,3.7084664379349874e-06
673,0.88883585428430545,0.88918775250009363,0.00035189821578818226
674,0.84172105748768788,0.84233384843620784,0.00061279094851995897
675,0.77834833331591169,0.77905737105877393,0.00070903774286223964
676,0.7102790874101812,0.71089406174020031,0.0006149743300191135
677,0.64899295387042077,0.64934900712467236,0.00035605325425158707
678,0.60412887531205517,0.60413092069326291,2.0453812077381173e-06
679,0.58201885677306653,0.58166691392357828,0.0003519428494882515
680,0.58473713033977082,0.58412604965779136,0.00061108068197945897
681,0.60980924035585771,0.60910305725724323,0.00070618309861447681
682,0.65062488921464268,0.65001284131383685,0.00061204790080582328
683,0.69749138171229241,0.69713718891649368,0.00035419279579873564
684,0.73916616010500868,0.73916422936743953,1.9307375691557382e-06
685,0.76463428416535861,0.76498445209717481,0.0003501679318161921
686,0.76485890267402523,0.76546654934292158,0.00060764666889634444
687,0.73423702150754244,0.73493854936233283,0.00070152785479038471
688,0.67153767648800844,0.67214450749756727,0.00060683100955882807
689,0.58017823390392853,0.58052759330968517,0.00034935940575664404
690,0.46779541971163596,0.4677942670142774,1.1526973585640476e-06
691,0.34517532062012513,0.34482520036572106,0.00035012025440406269
692,0.2247030820013087,0.2240993583012181,0.00060372370009059706
693,0.11856675744551685,0.11787252611945979,0.00069423132605705984
694,0.036987256731225111,0.036388949471312146,0.00059830725991296546
695,-0.01325829464535804,-0.013601026924055034,0.00034273227869699441
696,-0.029795609112125025,-0.029792283620033826,3.3254920911995889e-06
697,-0.014949388366943888,-0.014602442796467739,0.0003469455704761485
698,0.024667068705004364,0.025263441992081179,0.00059637328707681445
699,0.079205483832609114,0.079890945833843194,0.00068546200123408008
700,0.13711831148456111,0.13770936641887913,0.00059105493431801936
701,0.18694169827258383,0.18728080158683191,0.00033910331424807927
702,0.21905417395220167,0.21905177033839562,2.4036138060457013e-06
703,0.22714313056727684,0.2268013634711466,0.00034176709613023548
704,0.20915581610370626,0.20856761005435753,0.00058820604934872733
705,0.16759032377250596,0.16691410811725971,0.00067621565524625393
706,0.1090827589290866,0.10849956248805556,0.00058319644103103918
707,0.043353365612028898,0.043018395196661161,0.00033497041536773714
708,-0.018326426242802129,-0.018324809200091635,1.6170427104937601e-06
709,-0.064911195644815567,-0.064574636386914436,0.00033655925790113117
710,-0.087331786591686111,-0.086751111582378734,0.00058067500930737703
711,-0.079950934078703823,-0.079281683767148003,0.00066925031155581904
712,-0.041501344680715084,-0.040922354142534999,0.00057899053818008528
713,0.024637409918629366,0.024971722628159086,0.0003343127095297195
714,0.11086728029424912,0.11086818116931511,9.0087506599001443e-07
715,0.20644205980979632,0.20611005001948679,0.00033200979030953426
716,0.2990179474197126,0.29844240849032905,0.00057553892938355666
717,0.37644989992709255,0.3757850105508489,0.00066488937624364919
718,0.4285618507392519,0.42798525990117903,0.00057659083807287681
719,0.44862262619906285,0.44828806221472556,0.00033456398433728829
720,0.43430428233358104,0.43430078080750445,3.5015260765880463e-06
721,0.38797859644364696,0.38830678563133297,0.00032818918768601213
722,0.3163069665900835,0.31687885441527758,0.00057188782519407289
723,0.22918704418842009,0.22984941477693571,0.00066237058851562058
724,0.13821725385271114,0.13879240077685495,0.00057514692414381563
725,0.054913018738595602,0.055246439935120746,0.00033342119652514379
726,-0.011052741197044491,-0.011050428101251109,2.3130957933822222e-06
727,-0.053315748270087754,-0.053644781294310495,0.00032903302422274128
728,-0.069771054409605363,-0.070342639268842724,0.0005715848592373618
729,-0.062863745299021181,-0.063524151289364131,0.00066040599034294933
730,-0.039175822900259845,-0.03974795558951448,0.00057213268925463551
731,-0.0083731933098123313,-0.0087041169741000311,0.00033092366428769983
732,0.018326426242808062,0.018324809200098775,1.6170427092863926e-06
733,0.029931023342610465,0.030258526426079228,0.00032750308346876297
734,0.017424850562869691,0.017993159320525892,0.00056830875765620167
735,-0.024775644394772388,-0.024119263655649124,0.00065638073912326414
736,-0.097883417013379506,-0.097315307655738287,0.00056810935764121939
737,-0.19846479221581456,-0.19813746390940939,0.00032732830640516686
738,-0.31886871304940489,-0.31886952340645802,8.1035705312704209e-07
739,-0.44829677682097679,-0.44862446821702728,0.00032769139605048903
740,-0.57435351275698776,-0.57491879137132518,0.00056527861433741666
741,-0.68484242794812555,-0.68549239491615988,0.00064996696803432119
742,-0.76953588603434497,-0.77009582376864549,0.00055993773430051963
743,-0.82165183427577149,-0.82197225138481778,0.00032041710904628928
744,-0.83881295555504198,-0.83880927799497929,3.6775600626981486e-06
745,-0.82334292799735698,-0.82301764103804165,0.00032528695931532958
746,-0.78185607406056468,-0.78129749735911203,0.00055857670145265104
747,-0.72420370156103264,-0.72356192673153363,0.00064177482949900888
748,-0.66193828327373472,-0.66138495451981993,0.00055332875391478353
749,-0.60653039916851792,-0.60621284672923004,0.00031755243928788257
750,-0.56760995880884013,-0.56761202008234091,2.0612735007752292e-06
751,-0.55149989555246881,-0.55181970806123792,0.00031981250876911282
752,-0.56026527739768561,-0.56081601320922736,0.00055073581154174711
753,-0.59142234212981448,-0.59205571764878118,0.00063337551896669453
754,-0.63835129318207628,-0.63889762017286711,0.00054632699079082414
755,-0.69134989521072765,-0.69166352692214905,0.00031363171142140267
756,-0.73916616010501268,-0.73916422936744308,1.9307375695998275e-06
757,-0.77077577066693104,-0.770459957744691,0.00031581292224003299
758,-0.77713249870659928,-0.77658815712234563,0.0005443415842536492
759,-0.75262391973359322,-0.75199695105857223,0.00062696867502098907
760,-0.69600952943010141,-0.69546731751537894,0.00054221191472247909
761,-0.61069719512453413,-0.61038401785982543,0.00031317726470869722
762,-0.50431433621485833,-0.5043131676252065,1.1685896518232042e-06
763,-0.38763787532203453,-0.38794845400744826,0.00031057868541373157
764,-0.27304388613776143,-0.27358291604408674,0.00053902990632531678
765,-0.17271138920040185,-0.17333477962556101,0.00062339042515915932
766,-0.096852240158353781,-0.097393361508314402,0.00054112134996062156
767,-0.052234631641595641,-0.05254879971066579,0.00031416806907014899
768,-0.041224182754356437,-0.041227477340071428,3.2945857149913049e-06
769,-0.061487747002227991,-0.061179529311294216,0.00030821769093377499
770,-0.10640376041267437,-0.10586687192995171,0.00053688848272265277
771,-0.16611580814547341,-0.1654943662220098,0.00062144192346361149
772,-0.2290682768817536,-0.22852894964888038,0.00053932723287322681
773,-0.28378944009249651,-0.28347674140526802,0.00031269868722849647
774,-0.32065027617672293,-0.32064782835035027,2.4478263726535054e-06
775,-0.33333091833407308,-0.33363913044798793,0.00030821211391485193
776,-0.31977161278595889,-0.32030768820344346,0.00053607541748457166
777,-0.28246366228529651,-0.28308383587538838,0.0006201735900918659
778,-0.2280365365696502,-0.22857445385683722,0.00053791728718702303
779,-0.16620410133331054,-0.16651548184175149,0.00031138050844095599
780,-0.10823176955626194,-0.10823333152340711,1.5619671451666539e-06
781,-0.065159290462023747,-0.064851142419348654,0.00030814804267509377
782,-0.046050468529949207,-0.045515989686409949,0.00053447884353925723
783,-0.056537499659428996,-0.055920748574940872,0.00061675108448812355
784,-0.097882840512790309,-0.097349536390818642,0.00053330412197166721
785,-0.16670238832693787,-0.16639531651629885,0.00030707181063902023
786,-0.25539394361934969,-0.25539478159933782,8.3797998812196184e-07
787,-0.35320752848657783,-0.35351510728517943,0.00030757879860160431
788,-0.44779593632764247,-0.44832677469402332,0.00053083836638084803
789,-0.52701105631260614,-0.52762199323824677,0.00061093692564062607
790,-0.58067405122130689,-0.58120085554243273,0.00052680432112583997
791,-0.60205131397013023,-0.60235290688768894,0.00030159291755871287
792,-0.58881284676005352,-0.58880927799497751,3.5687650760118927e-06
793,-0.54332876452556744,-0.54302236791846581,0.0003063966071016333
794,-0.47225919393108168,-0.47173345404989886,0.00052573988118281845
795,-0.38550088974941144,-0.38489750293810959,0.00060338681130184257
796,-0.29465172520771354,-0.29413211153440721,0.00051961367330632946
797,-0.21122692215962971,-0.21092906993817634,0.00029785222145337076
798,-0.14489955646211058,-0.14490180169062153,2.2452285109442194e-06
799,-0.1020344441962806,-0.10233493381275149,0.00030048961647088923
800,-0.084737466453300936,-0.085254905276300599,0.00051743882299966348
801,-0.09056486144585979,-0.091160356177469593,0.00059549473160980249
802,-0.11293632553550184,-0.11345042880322226,0.00051410326772041715
803,-0.14218799457226317,-0.14248336605947806,0.00029537148721489603
804,-0.16710450833767559,-0.16710282654975606,1.6817879195385466e-06
805,-0.17669656382526763,-0.1763992951674889,0.00029726865777873757
806,-0.16195149948632009,-0.16143916245941134,0.0005123370269087546
807,-0.11728923429873021,-0.11669947321311773,0.00058976108561248353
808,-0.041500666963639007,-0.04099101173725439,0.00050965522638461713
809,0.061976355085127235,0.062270489788208677,0.00029413470308144174
810,0.18548634702155556,0.18548721542391375,8.6840235818952394e-07
811,0.31822617545485199,0.31793408936199596,0.00029208609285602538
812,0.44779530140183094,0.44728837375669017,0.00050692764514076449
813,0.56199180511999913,0.56140518919090032,0.00058661592909881044
814,0.65058225318724794,0.65007259160376785,0.00050966158348009216
815,0.70677852066188829,0.70648219745984808,0.00029632320204020512
816,0.72819703637599797,0.72819340695374457,3.6294222534039022e-06
817,0.71715498788711751,0.71744494168638129,0.00028995379926377574
818,0.68025992718181039,0.68076552253223821,0.00050559535042782322
819,0.6273560795741443,0.62794143049663842,0.00058535092249412113
820,0.56998849824566156,0.57049646262213938,0.00050796437647782078
821,0.5196201266701026,0.51991452483671319,0.00029439816661058771
822,0.48587313978300228,0.48587523662671184,2.096843709553653e-06
823,0.47506257917420724,0.47477204435174503,0.0002905348224622184
824,0.48924541424645973,0.48874023895842794,0.00050517528803178946
825,0.5259295359937598,0.52534506583848628,0.00058447015527351986
826,0.57848651573249932,0.57797939179705504,0.00050712393544427581
827,0.63720533932258316,0.63691150397736485,0.00029383534521831844
828,0.69082523086463343,0.69082332116405809,1.9097005753421215e-06
829,0.72831301629288536,0.72860317654670781,0.00029016025382244681
830,0.74061348822731743,0.74111732092406657,0.00050383269674914022
831,0.72210507234220134,0.72268678504305461,0.00058171270085327631
832,0.6715378966916451,0.67204101687106033,0.00050312017941522846
833,0.59231039262507446,0.59259994930332915,0.00028955667825469877
834,0.49204062420585593,0.49203946095747514,1.1632483807866301e-06
835,0.38149618151919473,0.38120553762545922,0.00029064389373550936
836,0.27304377466350266,0.27254268220483829,0.00050109245866436503
837,0.17885297691927229,0.17827670325521755,0.00057627366405474389
838,0.10912605845214458,0.10862941869503007,0.00049663975711451702
839,0.070621640164237373,0.0703373556716997,0.00028428449253767307
840,0.065695935256392321,0.065699219192496688,3.2839361043673909e-06
841,0.092006504747911652,0.092295242349914236,0.00028873760200258392
842,0.14292255410354393,0.14341829148024732,0.0004957373767033868
843,0.20857844585948915,0.20914778600642969,0.00056934014694054458
844,0.27740929305481521,0.27789983042004235,0.00049053736522713942
845,0.3379341906189664,0.33821530063994742,0.00028111002098102356
846,0.38051518025050629,0.38051270637213874,2.473878367548199e-06
847,0.39882365621652638,0.39853947931814698,0.00028417689837939575
848,0.3907912772886229,0.39030253200405929,0.00048874528456360755
849,0.35890085787413151,0.35833901646670085,0.00056184140743065214
850,0.30977341837215527,0.3092888293723734,0.00048458899978187642
851,0.2531145463294262,0.25283624824103823,0.00027829808838797376
852,0.20018168107191453,0.20018320302432027,1.5219524057419331e-06
853,0.16200686935912317,0.16228690083486122,0.00028003147573804621
854,0.14764644587733516,0.14812947371913199,0.00048302784179682368
855,0.16272532152568725,0.16328197299945008,0.00055665147376282587
856,0.20849879484343461,0.20898036057549349,0.0004815657320588751
857,0.28157584276565584,0.28185393764705202,0.00027809488139618477
858,0.37434769582764904,0.37434848204137228,7.8621372323617322e-07
859,0.47605813576987038,0.47578188645084257,0.00027624931902781036
860,0.57435401663697061,0.57387487230109091,0.00047914433587969985
861,0.65708154851435718,0.65652760878626637,0.00055393972809081315
862,0.71405642283320614,0.71357555773052184,0.00048086510268430249
863,0.73853985247078846,0.73826031258941105,0.00027953988137741081
864,0.72819703637599498,0.7281934069537418,3.6294222531818576e-06
865,0.68539365607821101,0.68566690281939457,0.00027324674118356373
866,0.61678575753584519,0.61726282058901161,0.00047706305316641551
867,0.53226633617977925,0.53281946848692163,0.00055313230714237882
868,0.44342978301051511,0.44391049246240571,0.0004807094518906041
869,0.36178816635507788,0.36206710908618189,0.00027894273110401491
870,0.29701179097690344,0.29701397000924878,2.1790323453396709e-06
871,0.25546309149367447,0.25518806258367155,0.00027502891000291685
872,0.2392459524393834,0.23876780973547812,0.00047814270390528213
873,0.24591498016934141,0.24536224659448092,0.00055273357486049224
874,0.26888857036884478,0.26840943434868736,0.0004791360201574224
875,0.29850190613819533,0.29822446880704501,0.00027743733115032088
876,0.32353904145504792,0.32353729158998723,1.7498650606850852e-06
877,0.33301047539120182,0.33328455412237423,0.00027407873117241133
878,0.31790374431966678,0.31837991301944996,0.00047616869978317489
879,0.27263935302221665,0.27318970169993484,0.00055034867771819318
880,0.19600915294972684,0.19648569453851533,0.00047654158878848718
881,0.09145229221227201,0.091726833673650907,0.00027454146137889657
882,-0.033374112506758057,-0.033375047105281691,9.3459852363447782e-07
883,-0.16766493125940016,-0.16794028339113759,0.000275352131737433
884,-0.29901724359902676,-0.29949190449205837,0.00047466089303160874
885,-0.41522635868962959,-0.41577179263438829,0.00054543394475869977
886,-0.50605568958248304,-0.50652523673081407,0.00046954714833102873
887,-0.56471362910924428,-0.56498201121032099,0.00026838210107671401
888,-0.58881284676005619,-0.58880927799497984,3.5687650763449597e-06
889,-0.58066644938645784,-0.58039311033741814,0.0002733390490397003
890,-0.54687755556990869,-0.54640854195432631,0.00046901361558238097
891,-0.49728558737238937,-0.4967467839708769,0.00053880340151246653
892,-0.44343041793632892,-0.44296591988634976,0.00046449804997916733
893,-0.39676951938680466,-0.39650312748868233,0.00026639189812233122
894,-0.3669193875746975,-0.3669215361846721,2.148609974605975e-06
895,-0.36018912473548431,-0.36045815695565292,0.00026903222016860795
896,-0.37862945991581082,-0.37909226019077275,0.00046280027496192755
897,-0.41974171412749783,-0.42027356572116603,0.00053185159366819779
898,-0.47689053838511075,-0.47734898675784043,0.00045844837272968064
899,-0.54035776042548267,-0.54062074900969304,0.00026298858421036631
900,-0.59887531934898119,-0.59887344966314571,1.8696858354871893e-06
901,-0.64140257129677158,-0.64113725252045528,0.00026531877631630341
902,-0.65887660642481527,-0.65841933231834315,0.00045727410647211642
903,-0.64566787675337001,-0.64514095504891678,0.0005269217044532315
904,-0.60051823218898515,-0.60006225942389646,0.00045597276508868578
905,-0.52681765474262565,-0.52655409575067336,0.00026355899195229515
906,-0.43217572013207661,-0.43217458293569044,1.1371963861694923e-06
907,-0.32735143099272884,-0.32761267597320787,0.00026124498047902511
908,-0.22470275849044397,-0.22515638331083374,0.0004536248203897697
909,-0.13639033920525867,-0.1369150902993351,0.00052475109407643106
910,-0.072607264761275964,-0.073062948741445297,0.00045568398016933298
911,-0.040102882418553296,-0.040367764825074384,0.00026488240652108863
912,-0.041224182754354709,-0.041227477340069638,3.2945857149288549e-06
913,-0.073619496225264772,-0.0733603324584194,0.00025916376684537168
914,-0.13064873580975467,-0.13019648192441774,0.00045225388533692845
915,-0.20243685814061407,-0.201912665085973,0.00052419305464107557
916,-0.2774094045290601,-0.27695387678280192,0.00045552774625817749
917,-0.34407588442181147,-0.34381136066848395,0.00026452375332752798
918,-0.3927888922595042,-0.392786413039866,2.4792196381961951e-06
919,-0.41721045871597418,-0.41747067494677453,0.00026021623080035861
920,-0.41526291002708249,-0.41571595792987981,0.0004530479027973211
921,-0.389419705265521,-0.3899440041219866,0.00052429885646559926
922,-0.34629242885143496,-0.34674729361363105,0.00045486476219608329
923,-0.29557730070346866,-0.29584073705504532,0.00026343635157666245
924,-0.24852261031229247,-0.24852411122770368,1.5009154112066714e-06
925,-0.21615142524727102,-0.21589090629885807,0.00026051894841294665
926,-0.20751122332690677,-0.20705900063979163,0.00045222268711514468
927,-0.22821812766174052,-0.22769594393913095,0.00052218372260956492
928,-0.27951865799466069,-0.27906686264721658,0.0004517953474441061
929,-0.35801315914391652,-0.35775292485490895,0.00026023428900756596
930,-0.45608451485348644,-0.45608526549700068,7.5064351423570486e-07
931,-0.56296840826828232,-0.5632292340460977,0.00026082577781538774
932,-0.6663038016650501,-0.66675384605629606,0.00045004439124596285
933,-0.75392917050124753,-0.75444688114616554,0.00051771064491801244
934,-0.8156525697119581,-0.81609865345218668,0.00044608374022858666
935,-0.84472779258103248,-0.84498277554680346,0.0002549829657709779
936,-0.83881295555504054,-0.83880927799497851,3.6775600620320148e-06
937,-0.80026696969209854,-0.80000680438620475,0.00026016530589378917
938,-0.73573939038293623,-0.73529358516962917,0.00044580521330706002
939,-0.65511695900790479,-0.65460556551925642,0.00051139348864837064
940,-0.56998799436568026,-0.56954773474819009,0.00044025961749016851
941,-0.49185876772118786,-0.49160651834297364,0.00025224937821421989
942,-0.43039415700474876,-0.4303962779917887,2.1209870399441222e-06
943,-0.39195152862436738,-0.3922064348468981,0.00025490622253071527
944,-0.37863003641639054,-0.37906878898933327,0.00043875257294273551
945,-0.38797985886284092,-0.38848466347791577,0.00050480461507484975
946,-0.41341521929229552,-0.41385087423803535,0.00043565494573982733
947,-0.44526744662085127,-0.44551753277304956,0.00025008615219829222
948,-0.47231712354991484,-0.47231530893964441,1.8146102704341693e-06
949,-0.48357166327327511,-0.48331927333073887,0.00025238994253623526
950,-0.47001589275543137,-0.46958123736755331,0.00043465538787806901
951,-0.42606795976709816,-0.42556771748366617,0.00050024228343198418
952,-0.35051767381263371,-0.35008533252234036,0.00043234129029334767
953,-0.24680248467863761,-0.24655280747377267,0.00024967720486493428
954,-0.12257818515239684,-0.12257718268659053,1.0024658063101377e-06
955,0.011351027838359186,0.011103403132396402,0.00024762470596278313
956,0.14258277224403129,0.14215252410773721,0.00043024813629408132
957,0.25891251312863717,0.2584141590270681,0.00049835410156906512
958,0.35010346224147554,0.34967005079842262,0.00043341144305292234
959,0.40936346102732568,0.40911112017781009,0.00025234084951558655
960,0.43430428233357882,0.43430078080750234,3.501526076477024e-06
961,0.4272377616153854,0.42748412402430397,0.00024636240891856565
962,0.39476535508784533,0.39519543654781231,0.00043008145996698
963,0.34672443098687117,0.34722264449302831,0.00049821350615714133
964,0.29465242902840338,0.29508503131592606,0.00043260228752267649
965,0.25000405071001341,0.25025506874239889,0.00025101803238547493
966,0.22239272424959663,0.22239493575464925,2.2115050526128055e-06
967,0.21812414632718327,0.21787697392347327,0.00024717240370999982
968,0.23924527472230331,0.2388148460225285,0.00043042869977480414
969,0.28325328038936798,0.28275474633914066,0.00049853405022731723
970,0.34350828326347743,0.34307530310799006,0.00043298015548737245
971,0.41028727431864837,0.41003615851390429,0.00025111580474407313
972,0.47231712354991695,0.47231530893964613,1.8146102708227474e-06
973,0.51855183557548146,0.51879960957144089,0.00024777399595943272
974,0.53992282878425168,0.54035321268476832,0.00043038390051663988
975,0.53079453824057166,0.53129140645885153,0.00049686821827987782
976,0.48990243550671991,0.49033208377183091,0.00042964826511099341
977,0.42062986697581856,0.42087707817267728,0.00024721119685872095
978,0.33057961790754348,0.3305785249237238,1.0929838196727104e-06
979,0.23050368917280828,0.23025531296769927,0.00024837620510900771
980,0.13275279309323704,0.13232456349238036,0.00042822960085667217
981,0.049480014892387403,0.0489874479186925,0.00049256697369490232
982,-0.0091294269463933729,-0.0095539212793124897,0.00042449433291911684
983,-0.036334252950620503,-0.03657702015772886,0.00024276720710835614
984,-0.02979560911212269,-0.029792283620031685,3.3254920910052999e-06
985,0.0081265699383180415,0.0083740346969344778,0.00024746475861643635
986,0.070783752382636664,0.071207990282801267,0.0004242379001646035
987,0.14829222638574113,0.1487789296631605,0.00048670327741937025
988,0.22906860039261928,0.22948751642949733,0.00041891603687804757
989,0.30161332971991478,0.30185311045898494,0.00023978073907016118
990,0.35626997575629199,0.3562675124289465,2.46332734549215e-06
991,0.38669149749537551,0.38644848829862005,0.00024300919675546151
992,0.39079105708499429,0.39037332240362027,0.0004177346813740157
993,0.37103280703947134,0.37055253223928158,0.00048027480018975055
994,0.33401883281885875,0.33360450901333771,0.00041432380552103298
995,0.28943581420189346,0.2891979089343602,0.00023790526753325603
996,0.24852261031228465,0.24852411122769644,1.5009154117895385e-06
997,0.22229291174883198,0.22253269258747491,0.00023978083864292787
998,0.21978481935947169,0.22019817621637375,0.00041335685690205293
999,0.24660502588778466,0.24708116477593786,0.00047613888815320471
1000,0.30399051093674917,0.30440228003329872,0.0004117690965495524
1001,0.38853212036452156,0.3887699022088833,0.00023778184436173966
1002,0.49260343135671009,0.49260416610793079,7.3475122069899257e-07
1003,0.60543096297019416,0.60519477745495642,0.00023618551523774123
1004,0.71464460580150713,0.71423464343222676,0.00040996236928037
1005,0.80807380225613579,0.80759937115301483,0.0004744311031209536
1006,0.87551755313908841,0.87510519206800663,0.00041236107108177933
1007,0.91022071886798628,0.90998053493407793,0.00024018393390834447
1008,0.90983274742151943,0.90982903895508171,3.7084664377129428e-06
1009,0.87670410506126684,0.8769380431147229,0.000233938053456062
1010,0.81747608209059563,0.81788518682800815,0.00040910473741251341
1011,0.74202728332076229,0.74250194543757975,0.00047466211681745918
1012,0.6619379597628714,0.66235067458182095,0.00041271481894955553
1013,0.58870650954109283,0.5889461647383889,0.00023965519729607365
1014,0.53199025922926801,0.53199233600374063,2.0767744726146731e-06
1015,0.49813931639116338,0.49790325486964554,0.00023606152151783855
1016,0.48924583309864794,0.48883507019278016,0.00041076290586777864
1017,0.50285319737563483,0.50237798964590596,0.00047520772972886594
1018,0.532368996932857,0.53195671355334462,0.00041228337951237926
1019,0.56811818234214062,0.56787915141853973,0.0002390309236008914
1020,0.5988753193489792,0.59887344966314449,1.8696858347100331e-06
1021,0.61364214938010841,0.61387780060538655,0.00023565122527813287
1022,0.60339814787706259,0.60380796991476426,0.00040982203770167924
1023,0.56255639350522357,0.56303023403197494,0.0004738405267513679
1024,0.48990185900613525,0.49031217811067984,0.00041031910454458753
1025,0.38886746308693149,0.38910375016836607,0.00023628708143458299
1026,0.26710484847749033,0.26710378311660538,1.0653608849553464e-06
1027,0.13541444083842541,0.1351769856512047,0.00023745518722070869
1028,0.0061952166638885777,0.005786171998266712,0.00040904466562186569
1029,-0.10835135674312292,-0.1088211784088581,0.00046982166573518447
1030,-0.19799126175941509,-0.1983955161905368,0.00040425443112171444
1031,-0.25593477325625447,-0.25616562187438774,0.00023084861813327251
1032,-0.279795717907102,-0.27979228362002428,3.4342870777193113e-06
1033,-0.27188759353346675,-0.27165183734373066,0.00023575618973609158
1034,-0.2388131277468378,-0.23840892799361396,0.00040419975322383839
1035,-0.19041058542587913,-0.18994640630448417,0.00046417912139495865
1036,-0.13821795767340866,-0.13781795500899291,0.00040000266441575505
1037,-0.093690147288973097,-0.093460980600720084,0.00022916668825301301
1038,-0.066440426590441762,-0.066442705962777723,2.2793723359615381e-06
1039,-0.062773953860816661,-0.063006112493900104,0.00023215863308344298
1040,-0.084736753859393818,-0.085135644869820171,0.00039889101042635267
1041,-0.12982467364448227,-0.13028276195310584,0.00045808830862356653
1042,-0.19139613482770668,-0.19179078300958877,0.00039464818188209017
1043,-0.25972608643656736,-0.25995235711868425,0.00022627068211689139
1044,-0.32353904145504131,-0.32353729158997946,1.7498650618508194e-06
1045,-0.37178629509281702,-0.37155772694676747,0.00022856814604954589
1046,-0.39539617986079317,-0.39500224025395125,0.00039393960684191986
1047,-0.38872965954706534,-0.38827555321448615,0.00045410633257919608
1048,-0.35051835152970745,-0.3501252112935539,0.0003931402361535552
1049,-0.28414142984512208,-0.28391408958590991,0.00022734025921217205
1050,-0.19719725187969642,-0.19719621694118286,1.0349385135555167e-06
1051,-0.1004330878066978,-0.10065841674365353,0.00022532893695573208
1052,-0.006194581738072376,-0.0065859283940487576,0.0003913466559763816
1053,0.073370607935737492,0.072917832608013392,0.00045277532772410034
1054,0.12808305979348433,0.12768972558385741,0.00039333420962692212
1055,0.15120756656450826,0.1509786197961932,0.00022894676831505811
1056,0.14041152829117012,0.14040815466127105,3.3736298990783009e-06
1057,0.098061370171928716,0.098284622264271218,0.00022325209234250187
1058,0.030812394496119021,0.031202763626038802,0.00039036912991978132
1059,-0.051444604398846544,-0.050991488456200572,0.00045311594264597216
1060,-0.1371188153645346,-0.13672453985750208,0.00039427550703252656
1061,-0.21470305722149777,-0.21447378973204129,0.00022926748945648057
1062,-0.2745331567304497,-0.2745307289733141,2.4277571356035033e-06
1063,-0.31025418111711045,-0.31047936116306885,0.00022518004595839525
1064,-0.31977119393376469,-0.32016350327198234,0.00039230933821765568
1065,-0.30554000090341538,-0.30599405167815319,0.00045405077473781308
1066,-0.27415405536928533,-0.27454800033202864,0.00039394496274330892
1067,-0.2352912583137439,-0.23551953189666636,0.00022827358292246136
1068,-0.20018168107190445,-0.20018320302430898,1.5219524045206878e-06
1069,-0.17983015737478569,-0.17960469404651846,0.00022546332826722804
1070,-0.18326580888018668,-0.18287403315015469,0.00039177573003199018
1071,-0.21608617849638692,-0.21563339905150039,0.00045277944488653077
1072,-0.2795188781982787,-0.27912685019231842,0.00039202800596027654
1073,-0.37014531786505983,-0.36991944028785073,0.00022587757720909929
1074,-0.48032971934769553,-0.48033045944018765,7.4009249212414474e-07
1075,-0.5992892691673305,-0.59951585886982905,0.00022658970249855859
1076,-0.71464449432724342,-0.71503524026711518,0.00039074593987176165
1077,-0.81421538997499299,-0.81466452093448116,0.00044913095948817539
1078,-0.88779137143286313,-0.88817795881578665,0.00038658738292352002
1079,-0.92860772739062325,-0.92882833002185838,0.00022060263123513391
1080,-0.93430449992355291,-0.93430078080750323,3.7191160496830022e-06
1081,-0.90722286280695363,-0.90699688027812464,0.00022598252882899406
1082,-0.85399487578147137,-0.85360808339251959,0.00038679238895178436
1083,-0.7844899210347871,-0.78404631872639063,0.00044360230839646242
1084,-0.7102789759359438,-0.70989709808401436,0.00038187785192944634
1085,-0.64285126006757298,-0.64263254280136883,0.00021871726620414922
1086,-0.59185516330305932,-0.59185721402553837,2.0507224790522471e-06
1087,-0.56363205427362084,-0.56385345331459402,0.00022139904097318031
1088,-0.56026549760131183,-0.56064629434274671,0.00038079674143487452
1089,-0.57929039296446572,-0.57972822700832194,0.00043783404385622227
1090,-0.61410587873535427,-0.61448345796780457,0.00037757923245029801
1091,-0.65502862733824718,-0.6552451353510198,0.00021650801277262044
1092,-0.690825230864623,-0.69082332116404721,1.9097005757862107e-06
1093,-0.71048972827720192,-0.7102706420733238,0.00021908620387811606
1094,-0.70499412522444682,-0.70461705454107293,0.00037707068337389238
1095,-0.66874421537148565,-0.66831020533824204,0.00043401003324361476
1096,-0.60051781333678889,-0.60014256117189613,0.0003752521648927587
1097,-0.50374091752566319,-0.50352402500015425,0.00021689252550893823
1098,-0.38605860068580627,-0.3860574835586571,1.1171271491750012e-06
1099,-0.25826504812173506,-0.25847984091576459,0.000214792794029528
1100,-0.13275329697323207,-0.13312684649569306,0.00037354952246099193
1101,-0.021719135458640289,-0.022152068921534162,0.00043293346289387247
1102,0.064608890147508591,0.064232143296593158,0.00037674685091543259
1103,0.11944623475559488,0.11922665056380692,0.00021958419178795541
1104,0.14041152829116463,0.14040815466126513,3.3736298994946345e-06
1105,0.1298227019808311,0.13003662762830592,0.00021392564747482745
1106,0.094286564142084722,0.094660471077666467,0.00037390693558174426
1107,0.043645138995522227,0.044078629866222033,0.00043349087069980557
1108,-0.010560100129382506,-0.010183371422049097,0.00037672870733340864
1109,-0.056871096906466696,-0.056652184894323124,0.00021891201214357253
1110,-0.085671807924345006,-0.085669462355844675,2.3455685003309634e-06
1111,-0.09065469343657355,-0.090869678690929503,0.00021498525435595384
1112,-0.069771732126686803,-0.0701466541018229,0.00037492197513609715
1113,-0.025525445078998378,-0.025960050012061735,0.00043460493306335737
1114,0.035443889994364645,0.03506618803184873,0.00037770196251591531
1115,0.10341217487063731,0.10319298570115426,0.00021918916948304723
1116,0.16710450833767254,0.16710282654975323,1.681787919316502e-06
1117,0.21547238352688824,0.21568855403054277,0.00021617050365452251
1118,0.23944393502745373,0.2398195182425393,0.00037558321508557313
1119,0.23337954082358761,0.23381315036323716,0.00043360953964954874
1120,0.19600986554362904,0.19638480102142283,0.00037493547779379743
1121,0.13071278254773253,0.13092851506959433,0.00021573252186180003
1122,0.045085017364908248,0.045084048622558846,9.6874234940119708e-07
1123,-0.050128156388745591,-0.05034498358785755,0.00021682719911195886
1124,-0.14258347606472419,-0.14295734967245888,0.00037387360773469269
1125,-0.22013605436610037,-0.220566127169388,0.00043007280328763442
1126,-0.27260962339824324,-0.2729801813406062,0.00037055794236295903
1127,-0.29327245811714797,-0.2934841188563907,0.00021166073924272499
1128,-0.27979571790710867,-0.27979228362003133,3.4342870773307332e-06
1129,-0.23454990867258554,-0.23433326788750192,0.00021664078508362716
1130,-0.16419476610801909,-0.16382401178415079,0.00037075432386829421
1131,-0.078625887802906927,-0.078201022692632571,0.00042486511027435558
1132,0.010560735055203073,0.01092606879074917,0.00036533373554609692
1133,0.091852449938200895,0.092061351024275331,0.00020890108607443669
1134,0.15557940452214583,0.15557702853127373,2.3759908721054934e-06
1135,0.19538072667838854,0.19516861524394122,0.00021211143444732627
1136,0.20915523960311747,0.20879072787972025,0.00036451172339721505
1137,0.19935217903715599,0.19893301700248084,0.00041916203467515234
1138,0.1725580780219001,0.17219641316139495,0.0003616648605051509
1139,0.13844367941664734,0.13823609207740198,0.0002075873392453631
1140,0.10823176955625655,0.10823333152340167,1.5619671451250206e-06
1141,0.092919712378676383,0.093129381203968534,0.00020966882529215025
1142,0.10152892707768893,0.10189004325524235,0.00036111617755342496
1143,0.13964898290755981,0.14006466149610391,0.000415678588544105
1144,0.20849921369562263,0.20885852233416313,0.00035930863854050088
1145,0.30465257998261447,0.30486007663818454,0.00020749665557007191
1146,0.42046481527392016,0.42046558141840573,7.6614448557554837e-07
1147,0.54514451864086866,0.54493855503817501,0.00020596360269364844
1148,0.66630347815418955,0.66594560533034541,0.00035787282384414087
1149,0.77175275226098472,0.77133810199069108,0.00041465027029363721
1150,0.85127257774199994,0.85091167743326057,0.00036090030873936474
1151,0.89808896964494456,0.89787836688280431,0.00021060276214024398
1152,0.90983274742151987,0.90982903895508227,3.7084664376019205e-06
1153,0.88883585428431022,0.88904032040773973,0.0002044661234295031
1154,0.84172105748768467,0.84207907988918729,0.00035802240150262232
1155,0.77834833331591224,0.77876387005930514,0.00041553674339289692
1156,0.71027908741018686,0.71064046955206817,0.00036138214188130569
1157,0.64899295387041489,0.64920293338625279,0.0002099795158378992
1158,0.60412887531205262,0.60413092069326013,2.0453812075160727e-06
1159,0.58201885677306431,0.58181231568549052,0.00020654108757378609
1160,0.58473713033976782,0.58437731403114801,0.00035981630861980918
1161,0.60980924035585271,0.60939252630585228,0.00041671405000043293
1162,0.65062488921463391,0.65026295407223289,0.00036193514240101532
1163,0.69749138171229208,0.69728126089671938,0.00021012081557270079
1164,0.7391661601050048,0.73916422936743609,1.930737568711649e-06
1165,0.76463428416535484,0.76484103801229653,0.00020675384694168741
1166,0.76485890267402312,0.76521871562004695,0.00035981294602382974
1167,0.73423702150754322,0.73465302777437846,0.00041600626683524489
1168,0.67153767648801732,0.67189780134860988,0.00036012486059255888
1169,0.58017823390392376,0.58038548124588552,0.0002072473419617582
1170,0.46779541971164096,0.46779426701428262,1.152697358342003e-06
1171,0.34517532062014206,0.34496666821687738,0.00020865240326467527
1172,0.22470308200130557,0.22434383281360964,0.00035924918769592029
1173,0.11856675744552413,0.11815418234613566,0.00041257509938846804
1174,0.036987256731238351,0.036632319773179337,0.00035493695805901421
1175,-0.01325829464535366,-0.013460834115864672,0.00020253947051101194
1176,-0.029795609112118333,-0.029792283620026748,3.3254920915846975e-06
1177,-0.014949388366940168,-0.014742004690490376,0.00020738367644979223
1178,0.024667068705013361,0.02502225725879299,0.00035518855377962913
1179,0.079205483832612236,0.079613075174442285,0.00040759134183004919
1180,0.13711831148455758,0.1374692631862498,0.00035095170169222034
1181,0.18694169827258639,0.187142488512308,0.00020079023972160992
1182,0.21905417395219834,0.21905177033839221,2.403613806128968e-06
1183,0.22714313056727195,0.22693905855943436,0.00020407200783759127
1184,0.20915581610369585,0.20880557250268553,0.00035024360101032492
1185,0.16759032377249658,0.16718827077983667,0.00040205299265991257
1186,0.10908275892908208,0.10873646551514859,0.00034629341393348223
1187,0.043353365612013348,0.043154866960921572,0.00019849865109177606
1188,-0.018326426242810657,-0.018324809200100243,1.6170427104139629e-06
1189,-0.06491119564481837,-0.064710502735355405,0.00020069290946296559
1190,-0.08733178659168972,-0.086985917370911658,0.00034586922077806115
1191,-0.079950934078703101,-0.079552213858052528,0.00039872022065057244
1192,-0.041501344680715126,-0.041156121980925747,0.00034522269978937842
1193,0.024637409918643792,0.024837054810727406,0.00019964489208361413
1194,0.1108672802942598,0.11086818116932556,9.0087506576796983e-07
1195,0.2064420598098006,0.2062441246464522,0.00019793516334840056
1196,0.29901794741973248,0.29867412144059291,0.00034382597913956703
1197,0.37644989992710348,0.37605198142483987,0.00039791850226361669
1198,0.42856185073925718,0.42821595578523858,0.0003458949540185996
1199,0.4486226261990684,0.44842096242570467,0.00020166377336372499
1200,0.43430428233358281,0.43430078080750667,3.5015260761439571e-06
1201,0.38797859644365124,0.38817446671857814,0.00019587027492690146
1202,0.3163069665900724,0.31665017222279801,0.00034320563272560722
1203,0.22918704418841446,0.2295859317637344,0.00039888757531994501
1204,0.13821725385271269,0.13856471533352913,0.00034746148081643558
1205,0.054913018738583105,0.055115271977927531,0.00020225323934442568
1206,-0.01105274119704882,-0.011050428101255866,2.3130957929537455e-06
1207,-0.053315748270087573,-0.053514183064706462,0.00019843479461888885
1208,-0.069771054409606126,-0.070116927434698939,0.00034587302509281326
1209,-0.062863745299019835,-0.063264086710672116,0.00040034141165228021
1210,-0.039175822900259713,-0.039523220734941099,0.0003473978346813858
1211,-0.0083731933098066518,-0.0085746468718103999,0.0002014535620037481
1212,0.018326426242811566,0.018324809200102297,1.6170427092690454e-06
1213,0.029931023342613761,0.030129614791381348,0.00019859144876758703
1214,0.017424850562870194,0.017770359068858224,0.00034550850598803057
1215,-0.024775644394769741,-0.024375977362143655,0.00039966703262608524
1216,-0.097883417013369306,-0.09753715016857574,0.00034626684479356629
1217,-0.19846479221582142,-0.19826526963437058,0.00019952258145083945
1218,-0.31886871304940101,-0.31886952340645458,8.103570535711313e-07
1219,-0.4482967768209607,-0.44849720999976533,0.00020043317880463762
1220,-0.57435351275699265,-0.57469884549476191,0.0003453327377692661
1221,-0.68484242794811934,-0.68523896632033687,0.00039653837221753641
1222,-0.76953588603433254,-0.76987681690115228,0.00034093086681974416
1223,-0.82165183427576927,-0.82184607744975369,0.00019424317398442081
1224,-0.83881295555503821,-0.83880927799497518,3.6775600630312155e-06
1225,-0.82334292799735753,-0.82314327813524901,0.00019964986210851965
1226,-0.78185607406056035,-0.78151464455225317,0.00034142950830717833
1227,-0.72420370156103442,-0.72381213423796786,0.00039156732306655506
1228,-0.6619382832737426,-0.66160118093979703,0.00033710233394557143
1229,-0.60653039916851681,-0.60633742060151452,0.00019297856700228877
1230,-0.56760995880884069,-0.56761202008234268,2.0612735019964745e-06
1231,-0.55149989555246814,-0.55169566063728226,0.00019576508481411459
1232,-0.56026527739768317,-0.56060161047278834,0.0003363330751051663
1233,-0.59142234212980704,-0.59180866889252826,0.00038632676272121191
1234,-0.63835129318206107,-0.63868412045110845,0.00033282726904737547
1235,-0.69134989521071977,-0.69154052221712925,0.00019062700640948282
1236,-0.73916616010499903,-0.73916422936742909,1.9307375699328944e-06
1237,-0.77077577066691683,-0.77058244611983795,0.00019332454707887692
1238,-0.77713249870658774,-0.77679986821241775,0.00033263049416998314
1239,-0.752623919733586,-0.75224090177748826,0.00038301795609774203
1240,-0.69600952943010452,-0.6956781428875991,0.00033138654250541855
1241,-0.6106971951245268,-0.61050548348893763,0.0001917116355891757
1242,-0.50431433621486299,-0.5043131676252115,1.1685896514901373e-06
1243,-0.38763787532205235,-0.3878274948518311,0.00018961952977875063
1244,-0.27304388613776087,-0.27337384515969038,0.00032995902192950455
1245,-0.17271138920041043,-0.17309386780390151,0.00038247860349108209
1246,-0.096852240158366285,-0.097185159491459588,0.0003329193330933039
1247,-0.052234631641597883,-0.052428843843792525,0.00019421220219464214
1248,-0.041224182754357706,-0.041227477340072823,3.294585715116205e-06
1249,-0.061487747002226034,-0.061298988307491052,0.00018875869473498202
1250,-0.10640376041266976,-0.10607335272448594,0.00033040768818382027
1251,-0.16611580814546692,-0.16573229676508738,0.00038351138037953647
1252,-0.22906827688174641,-0.22873457799421421,0.00033369888753220778
1253,-0.28378944009248952,-0.28359521607120913,0.00019422402128038696
1254,-0.32065027617671732,-0.32064782835034489,2.4478263724314608e-06
1255,-0.3333309183340693,-0.33352114329523419,0.00019022496116488652
1256,-0.31977161278595706,-0.3201037486647782,0.00033213587882113815
1257,-0.28246366228529673,-0.28284883046424497,0.00038516817894823641
1258,-0.22803653656965167,-0.22837135076702922,0.00033481419737754758
1259,-0.16620410133331248,-0.16639846054343357,0.00019435921012109225
1260,-0.10823176955626337,-0.10823333152340832,1.5619671449446093e-06
1261,-0.065159290462023844,-0.064967685324531205,0.00019160513749263974
1262,-0.04605046852994743,-0.045717435562722994,0.00033303296722443643
1263,-0.056537499659424985,-0.056152883576192587,0.00038461608323239749
1264,-0.097882840512784133,-0.097550161414035746,0.00033267909874838686
1265,-0.16670238832693002,-0.1665109115756859,0.00019147675124411845
1266,-0.25539394361934081,-0.25539478159932921,8.3797998839951759e-07
1267,-0.35320752848656922,-0.35339998172867537,0.00019245324210614978
1268,-0.44779593632763487,-0.44812777608725024,0.00033183975961537104
1269,-0.52701105631260037,-0.52739267530382772,0.00038161899122735043
1270,-0.58067405122130433,-0.58100266258467204,0.00032861136336770347
1271,-0.60205131397013056,-0.60223871162061893,0.00018739765048836343
1272,-0.58881284676005707,-0.58880927799498128,3.5687650757898481e-06
1273,-0.54332876452557366,-0.54313610235035981,0.00019266217521385354
1274,-0.47225919393109039,-0.4719300506173974,0.00032914331369299221
1275,-0.38550088974942087,-0.38512405581355208,0.00037683393586879221
1276,-0.29465172520772293,-0.29432791727770713,0.00032380793001579589
1277,-0.21122692215963756,-0.21104189119905276,0.00018503096058480883
1278,-0.14489955646211602,-0.144901801690627,2.245228510971975e-06
1279,-0.10203444419628324,-0.10222256493484878,0.00018812073856554201
1280,-0.084737466453300742,-0.085060666643605218,0.00032320019030447622
1281,-0.090564861445857209,-0.090936517646197035,0.00037165620033982605
1282,-0.1129363255354978,-0.11325696653726001,0.00032064100176221189
1283,-0.142187994572259,-0.14237189365836406,0.0001838990861050549
1284,-0.16710450833767268,-0.16710282654975323,1.6817879194552798e-06
1285,-0.17669656382526741,-0.1765103234291113,0.0001862403961561121
1286,-0.16195149948632342,-0.16163108617132946,0.00032041331499396697
1287,-0.11728923429873783,-0.11692064686253456,0.0003685874362032715
1288,-0.041500666963650699,-0.041182173184035969,0.00031849377961472997
1289,0.061976355085112053,0.062160341720073321,0.00018398663496126816
1290,0.1854863470215381,0.18548721542389657,8.6840235846707969e-07
1291,0.31822617545483384,0.31804380133184407,0.00018237412298977018
1292,0.44779530140181339,0.44747802450534757,0.00031727689646582347
1293,0.56199180511998414,0.56162374620722033,0.00036805891276381342
1294,0.65058225318723595,0.65026149384404897,0.00032075934318698263
1295,0.70677852066188041,0.70659104512131621,0.00018747554056419702
1296,0.72819703637599387,0.72819340695374057,3.6294222532928799e-06
1297,0.71715498788711685,0.71733652227791556,0.00018153439079870992
1298,0.6802599271818125,0.6805781038130323,0.000318176631219802
1299,0.6273560795741473,0.62772544304058342,0.00036936346643612339
1300,0.56998849824566511,0.57030977898875412,0.00032128074308901411
1301,0.51962012667010549,0.51980695423743706,0.00018682756733157113
1302,0.48587313978300412,0.48587523662671372,2.0968437096091641e-06
1303,0.4750625791742083,0.47487919435328918,0.00018338482091911912
1304,0.48924541424645984,0.4889254655896591,0.00031994865680073925
1305,0.52592953599375925,0.52555852966720162,0.00037100632655762134
1306,0.57848651573249887,0.57816389644106259,0.00032261929143628798
1307,0.63720533932258294,0.63701782029483578,0.00018751902774716278
1308,0.69082523086463377,0.69082332116405809,1.9097005756751884e-06
1309,0.72831301629288603,0.72849727335587056,0.00018425706298452749
1310,0.74061348822731832,0.74093424740128888,0.00032075917397056397
1311,0.72210507234220223,0.72247580001382339,0.00037072767162116271
1312,0.67153789669164488,0.67185865255102284,0.00032075585937796358
1313,0.59231039262507312,0.59249486503416182,0.00018447240908869844
1314,0.49204062420585304,0.4920394609574722,1.1632483808421412e-06
1315,0.38149618151919046,0.38131021606050208,0.00018596545868837522
1316,0.2730437746634975,0.27272364066591104,0.00032013399758645811
1317,0.17885297691926674,0.17848525324124304,0.00036772367802370698
1318,0.10912605845213927,0.10880968043322048,0.00031637801891878925
1319,0.070621640164232807,0.070441229595717025,0.00018041056851578197
1320,0.065695935256388824,0.065699219192492789,3.2839361039649351e-06
1321,0.092006504747909307,0.092191767140702735,0.00018526239279342827
1322,0.14292255410354254,0.14323941093876191,0.00031685683521937014
1323,0.20857844585948826,0.20894162834661364,0.00036318248712538526
1324,0.27740929305481454,0.27772163441705744,0.0003123413622428961
1325,0.33793419061896524,0.33811261587230823,0.0001784252533429953
1326,0.38051518025050418,0.3805127063721373,2.4738783668820652e-06
1327,0.39882365621652371,0.39864177232224907,0.00018188389427464813
1328,0.39079127728861968,0.39047937089050822,0.00031190639811146115
1329,0.35890085787412807,0.35854282350908456,0.0003580343650435025
1330,0.30977341837215266,0.30946499561804225,0.00030842275411041564
1331,0.25311454632942504,0.25293776454200972,0.00017678178741531436
1332,0.20018168107191539,0.20018320302432036,1.521952404964777e-06
1333,0.16200686935912614,0.16218576950917496,0.00017890015004881632
1334,0.14764644587734027,0.14795464107458065,0.00030819519724037403
1335,0.16272532152569402,0.16308047584393159,0.0003551543182375716
1336,0.20849879484344244,0.20880618895217345,0.00030739410873101281
1337,0.28157584276566366,0.28175356960726916,0.00017772684160549668
1338,0.37434769582765648,0.37434848204138033,7.8621372384679589e-07
1339,0.47605813576987666,0.47588187614539224,0.00017625962448442056
1340,0.57435401663697527,0.57404773329064951,0.00030628334632576415
1341,0.65708154851436074,0.65672683583617997,0.00035471267818076857
1342,0.71405642283320836,0.71374776904842563,0.00030865378478273087
1343,0.73853985247078924,0.73835955210354531,0.00018030036724392406
1344,0.72819703637599498,0.72819340695374124,3.6294222537369691e-06
1345,0.68539365607821012,0.68556803517404108,0.00017437909583095657
1346,0.61678575753584375,0.61709189746952853,0.00030613993368477921
1347,0.53226633617977626,0.53262247268282892,0.00035613650305266198
1348,0.44342978301051106,0.44374020792707125,0.00031042491656019244
1349,0.36178816635507222,0.36196897881836715,0.00018081246329493261
1350,0.29701179097689584,0.29701397000924179,2.1790323459502936e-06
1351,0.25546309149366492,0.25528582731006799,0.00017726418359692575
1352,0.23924595243937236,0.23893682799126351,0.00030912444810884954
1353,0.24591498016932942,0.24555704911796317,0.00035793105136625036
1354,0.26888857036883285,0.26857782485336984,0.00031074551546300677
1355,0.29850190613818428,0.29832150866494023,0.00018039747324405386
1356,0.32353904145503865,0.32353729158997718,1.7498650614622413e-06
1357,0.3330104753911951,0.33318787362325425,0.00017739823205914496
1358,0.31790374431966301,0.31821276737689591,0.00030902305723290446
1359,0.27263935302221576,0.27299705536044794,0.00035770233823217978
1360,0.19600915294972818,0.19631916606112126,0.00031001311139308707
1361,0.091452292212275202,0.091630865819326252,0.00017857360705104963
1362,-0.03337411250675381,-0.033375047105276792,9.3459852298222179e-07
1363,-0.16766493125939533,-0.16784466885358437,0.00017973759418904445
1364,-0.29901724359902188,-0.29932659994645783,0.00030935634743595175
1365,-0.4152263586896251,-0.41558126622592823,0.00035490753630312843
1366,-0.50605568958247893,-0.50636053900442424,0.00030484942194530795
1367,-0.56471362910924006,-0.5648870973709762,0.00017346826173614271
1368,-0.58881284676005152,-0.58880927799497607,3.5687650754567812e-06
1369,-0.58066644938645318,-0.58048767676541746,0.00017877262103571656
1370,-0.54687755556990369,-0.54657203620614936,0.0003055193637543363
1371,-0.49728558737238504,-0.49693522588182021,0.00035036149056483223
1372,-0.4434304179363257,-0.44312881743175692,0.00030160050456878862
1373,-0.39676951938680344,-0.39659700489583066,0.00017251449097277494
1374,-0.36691938757469905,-0.36692153618467266,2.1486099736067743e-06
1375,-0.36018912473548831,-0.36036462118708429,0.00017549645159598004
1376,-0.37862945991581776,-0.37893054612232263,0.00030108620650487472
1377,-0.41974171412750694,-0.42008717367034815,0.00034545954284120883
1378,-0.47689053838512019,-0.47718785950955445,0.00029732112443425773
1379,-0.54035776042549133,-0.54052789084621611,0.00017013042072477891
1380,-0.59887531934898697,-0.59887344966315215,1.8696858348210554e-06
1381,-0.64140257129677314,-0.64122977468919251,0.00017279660758062754
1382,-0.65887660642481161,-0.65857929564064821,0.00029731078416339596
1383,-0.64566787675336124,-0.6453253311033853,0.00034254564997593384
1384,-0.60051823218897082,-0.60022164559213587,0.00029658659683495792
1385,-0.52681765474260789,-0.52664595147586135,0.0001717032667465368
1386,-0.4321757201320568,-0.43217458293566957,1.1371963872242041e-06
1387,-0.32735143099270864,-0.32752115072421017,0.00016971973150153863
1388,-0.22470275849042529,-0.22499814195166148,0.0002953834612361983
1389,-0.13639033920524318,-0.13673269712928529,0.00034235792404210819
1390,-0.072607264761264334,-0.072905275084207105,0.00029801032294277108
1391,-0.040102882418545815,-0.040276895105146544,0.00017401268660072883
1392,-0.041224182754350872,-0.041227477340067056,3.2945857161847947e-06
1393,-0.073619496225263828,-0.073450877098827472,0.00016861912643635624
1394,-0.13064873580975558,-0.13035302946748331,0.00029570634227227277
1395,-0.20243685814061577,-0.20209310775261752,0.00034375038799824842
1396,-0.27740940452906176,-0.2771098658680527,0.0002995386610090689
1397,-0.34407588442181269,-0.34390126045411035,0.00017462396770234756
1398,-0.39278889225950459,-0.39278641303986528,2.4792196393064181e-06
1399,-0.41721045871597373,-0.41738109496236453,0.00017063624639079844
1400,-0.41526291002708149,-0.41556107667408165,0.00029816664700016426
1401,-0.38941970526551972,-0.3897654802882336,0.00034577502271387894
1402,-0.34629242885143291,-0.3465929617737904,0.00030053292235748819
1403,-0.29557730070346588,-0.29575179148469094,0.00017449078122505624
1404,-0.24852261031228801,-0.2485241112277006,1.5009154125944502e-06
1405,-0.21615142524726447,-0.21597953723113283,0.00017188801613163274
1406,-0.20751122332689739,-0.20721224253597997,0.00029898079091741914
1407,-0.22821812766172819,-0.22787257991955254,0.00034554774217565587
1408,-0.2795186579946457,-0.2792195639726115,0.00029909402203420754
1409,-0.35801315914389931,-0.35784093158672475,0.00017222755717455351
1410,-0.45608451485346813,-0.45608526549698131,7.5064351318099298e-07
1411,-0.56296840826826466,-0.56314153690116153,0.00017312863289686842
1412,-0.666303801665034,-0.66660221717664814,0.00029841551161413626
1413,-0.7539291705012352,-0.7542721027114262,0.00034293221019099374
1414,-0.81565256971195044,-0.8159475564894666,0.00029498677751615965
1415,-0.84472779258102959,-0.84489569260962105,0.00016790002859146114
1416,-0.83881295555504343,-0.83880927799498217,3.6775600612548587e-06
1417,-0.80026696969210542,-0.80009358267869912,0.00017338701340630092
1418,-0.73573939038294667,-0.73544362680707676,0.00029576357586991175
1419,-0.65511695900791711,-0.65477851606228088,0.00033844294563623034
1420,-0.56998799436569292,-0.56969725293649232,0.00029074142920060275
1421,-0.49185876772119919,-0.491692692205556,0.00016607551564318257
1422,-0.43039415700475742,-0.43039627799179647,2.1209870390559438e-06
1423,-0.39195152862437316,-0.39212056079277968,0.00016903216840652435
1424,-0.37863003641639287,-0.37892030937293897,0.00029027295654610041
1425,-0.38797985886284025,-0.38831351180851181,0.00033365294567155868
1426,-0.41341521929229269,-0.41370290978407248,0.00028769049177979067
1427,-0.44526744662084738,-0.44543225358009109,0.00016480695924370181
1428,-0.47231712354991096,-0.47231530893964158,1.8146102693794575e-06
1429,-0.48357166327327233,-0.48340425744837023,0.00016740582490210043
1430,-0.47001589275543065,-0.4697281796457855,0.00028771310964514907
1431,-0.42606795976709988,-0.42573709867883891,0.00033086108826096972
1432,-0.35051767381263843,-0.35023176774866099,0.0002859060639774369
1433,-0.24680248467864502,-0.24663720609554188,0.00016527858310314003
1434,-0.12257818515240636,-0.12257718268659926,1.0024658071011716e-06
1435,0.011351027838348385,0.011187511311601936,0.00016351652674644925
1436,0.14258277224402052,0.14229795320684618,0.00028481903717433865
1437,0.25891251312862729,0.25858179754523936,0.0003307155833879305
1438,0.35010346224146821,0.34981498078465922,0.00028848145680898662
1439,0.40936346102732152,0.40919465202843885,0.00016880899888266354
1440,0.43430428233357848,0.43430078080750101,3.5015260774762247e-06
1441,0.42723776161538896,0.42740087808112165,0.00016311646573269334
1442,0.39476535508785199,0.39505149697860265,0.00028614189075065743
1443,0.34672443098687983,0.34705672144067623,0.00033229045379640221
1444,0.29465242902841271,0.29494158308747143,0.00028915405905871605
1445,0.25000405071002146,0.25017239015325859,0.00016833944323713101
1446,0.22239272424960185,0.22239493575465508,2.2115050532234282e-06
1447,0.21812414632718444,0.21795937104518853,0.00016477528199590474
1448,0.23924527472229973,0.23895731921473801,0.00028795550756172128
1449,0.28325328038936032,0.28291898056630888,0.00033429982305144268
1450,0.343508283263466,0.34321729256905942,0.00029099069440657876
1451,0.41028727431863526,0.41011799706846841,0.00016927725016685491
1452,0.47231712354990429,0.47231530893963269,1.8146102715999035e-06
1453,0.51855183557547158,0.51871804813685274,0.00016621256138116269
1454,0.53992282878424647,0.5402121831998592,0.00028935441561273034
1455,0.53079453824057277,0.53112883497170948,0.00033429673113671843
1456,0.48990243550672768,0.49019153056667747,0.00028909505994978435
1457,0.42062986697583232,0.42079606670106018,0.00016619972522785575
1458,0.33057961790756207,0.33057852492374262,1.0929838194506658e-06
1459,0.23050368917282926,0.230336051576637,0.00016763759619226049
1460,0.13275279309325788,0.13246417146916611,0.00028862162409176717
1461,0.049480014892405708,0.049148382210052161,0.00033163268235354704
1462,-0.0091294269463797362,-0.0094147822849814187,0.00028535533860168244
1463,-0.036334252950612773,-0.036496823085495768,0.00016257013488299443
1464,-0.029795609112121202,-0.029792283620030814,3.3254920903877383e-06
1465,0.0081265699383139718,0.0082941063179342404,0.00016753637962026863
1466,0.070783752382628656,0.071069782073241911,0.00028602969061325423
1467,0.14829222638573109,0.14861960755019368,0.00032738116446259791
1468,0.22906860039260932,0.22934977005517315,0.00028116966256383491
1469,0.30161332971990679,0.30177371536372272,0.00016038564381593012
1470,0.35626997575628716,0.35626751242894239,2.4633273447705051e-06
1471,0.38669149749537446,0.38652761878460706,0.00016387871076739557
1472,0.39079105708499678,0.39051015214053797,0.0002809049444588152
1473,0.37103280703947566,0.37071026667812385,0.00032254036135181963
1474,0.3340188328188638,0.33374088391602735,0.00027794890283644458
1475,0.28943581420189707,0.28927651422073553,0.00015929998116154254
1476,0.24852261031228501,0.24852411122769613,1.5009154111234047e-06
1477,0.22229291174882782,0.2224543479097198,0.00016143616089198121
1478,0.21978481935946259,0.22006270409233275,0.00027788473287015947
1479,0.24660502588777075,0.2469249940068563,0.00031996811908555078
1480,0.30399051093673152,0.3042672558849176,0.00027674494818608064
1481,0.38853212036450163,0.38869207481108398,0.00015995444658234437
1482,0.49260343135668977,0.49260416610791141,7.3475122164268214e-07
1483,0.60543096297017562,0.60527234816356268,0.00015861480661294447
1484,0.71464460580149214,0.71436877837944968,0.0002758274220424628
1485,0.80807380225612524,0.80775400176955703,0.00031980048656821136
1486,0.87551755313908364,0.8752388857593334,0.00027866737975024147
1487,0.91022071886798706,0.91005759612210091,0.00016312274588614617
1488,0.9098327474215252,0.90982903895508649,3.7084664387121435e-06
1489,0.87670410506127594,0.87686123477550837,0.00015712971423242905
1490,0.81747608209060696,0.81775236903433046,0.00027628694372350271
1491,0.74202728332077417,0.74234883193096701,0.00032154861019284553
1492,0.66193795976288206,0.66221829145955546,0.00028033169667340818
1493,0.58870650954110182,0.5888698583166031,0.00016334877550128191
1494,0.53199025922927434,0.53199233600374718,2.0767744728367177e-06
1495,0.49813931639116682,0.49797931220590091,0.0001600041852659051
1496,0.48924583309864894,0.48896659045380741,0.00027924264484152639
1497,0.50285319737563405,0.50252960862256624,0.00032358875306781609
1498,0.53236899693285589,0.53208780559560465,0.0002811913372512409
1499,0.56811818234214007,0.56795471428829125,0.00016346805384881424
1500,0.5988753193489802,0.59887344966314493,1.8696858352651446e-06
1501,0.61364214938011186,0.61380248313308172,0.00016033375296986563
1502,0.60339814787706847,0.60367772795771713,0.00027958008064865592
1503,0.56255639350523234,0.56288008745627027,0.00032369395103792886
1504,0.48990185900614608,0.49018235804828181,0.00028049904213572896
1505,0.38886746308694353,0.38902891986005261,0.00016145677310908102
1506,0.26710484847750227,0.26710378311661803,1.0653608842337015e-06
1507,0.13541444083843604,0.13525157417692762,0.00016286666150841511
1508,0.006195216663897057,0.0059151544977037148,0.00028006216619334227
1509,-0.10835135674311719,-0.10867248254469777,0.00032112580158058512
1510,-0.19799126175941226,-0.1982669493869382,0.00027568762752594456
1511,-0.25593477325625408,-0.25609151335483687,0.00015674009858279714
1512,-0.27979571790710361,-0.27979228362002584,3.4342870777748224e-06
1513,-0.2718875935334692,-0.27172570762406034,0.00016188590940885428
1514,-0.23881312774683996,-0.2385366695089817,0.00027645823785826806
1515,-0.19041058542587999,-0.19009367271781866,0.00031691270806133431
1516,-0.13821795767340772,-0.13794528690514679,0.00027267076826092973
1517,-0.093690147288969849,-0.093534377891609954,0.00015576939735989503
1518,-0.066440426590436516,-0.066442705962772131,2.2793723356145934e-06
1519,-0.062773953860809986,-0.062932949968497118,0.00015899610768713157
1520,-0.084736753859386588,-0.085009126228467097,0.0002723723690805091
1521,-0.12982467364447545,-0.13013690414785084,0.0003122305033753936
1522,-0.19139613482770135,-0.19166466802998733,0.00026853320228598099
1523,-0.25972608643656431,-0.25987966070358903,0.00015357426702472532
1524,-0.32353904145504081,-0.32353729158997907,1.7498650617397971e-06
1525,-0.3717862950928188,-0.37163019200214542,0.00015610309067337624
1526,-0.39539617986079728,-0.39512755377679598,0.00026862608400129995
1527,-0.38872965954707073,-0.3884200228467144,0.00030963670035633051
1528,-0.35051835152971333,-0.35025012699588531,0.00026822453382802092
1529,-0.28414142984512719,-0.28398609527591079,0.00015533456921640321
1530,-0.19719725187970036,-0.19719621694118628,1.0349385140828726e-06
1531,-0.1004330878067001,-0.10058663907386833,0.00015355126716823375
1532,-0.006194581738073246,-0.006461802580006829,0.00026722084193358305
1533,0.073370607935737742,0.073060934104617337,0.00030967383112040503
1534,0.12808305979348511,0.12781345930524593,0.00026960048823918004
1535,0.15120756656450876,0.15104994471460809,0.00015762184990067429
1536,0.14041152829116973,0.14040815466127024,3.3736298994946345e-06
1537,0.098061370171917239,0.098213522091209204,0.00015215191929196514
1538,0.030812394496128947,0.031079808448427872,0.00026741395229892481
1539,-0.051444604398850881,-0.051133241466663613,0.0003113629321872674
1540,-0.13711881536455389,-0.13684710855970875,0.00027170680484514542
1541,-0.21470305722149013,-0.21454444364001612,0.00015861358147400972
1542,-0.2745331567304532,-0.27453072897331676,2.4277571364361705e-06
1543,-0.31025418111711572,-0.31040892878868004,0.00015474767156431479
1544,-0.31977119393376469,-0.32004170198757609,0.00027050805381140242
1545,-0.30554000090341304,-0.30585362788285575,0.0003136269794427049
1546,-0.27415405536927528,-0.27442658001370313,0.00027252464442784063
1547,-0.23529125831374659,-0.23544953942570354,0.00015828111195695382
1548,-0.2001816810719021,-0.20018320302430742,1.5219524053255995e-06
1549,-0.17983015737478436,-0.179674468134118,0.00015568924066636236
1550,-0.1832658088801882,-0.18299469696343731,0.00027111191675088797
1551,-0.21608617849639608,-0.21577251253328772,0.00031366596310836159
1552,-0.27951887819830618,-0.27924713844352711,0.00027173975477906565
1553,-0.37014531786506044,-0.36998878071207975,0.00015653715298069582
1554,-0.48032971934771646,-0.48033045944020825,7.4009249179107783e-07
1555,-0.59928926916737268,-0.59944673373885293,0.00015746457148024806
1556,-0.71464449432724553,-0.71491569781633069,0.0002712034890851589
1557,-0.81421538997501142,-0.81452669922503163,0.00031130925002020859
1558,-0.88779137143288711,-0.88805878662586912,0.00026741519298201233
1559,-0.92860772739062791,-0.92875963243290949,0.00015190504228157486
1560,-0.93430449992355613,-0.934300780807507,3.7191160491278907e-06
1561,-0.90722286280694464,-0.90706536560538331,0.00015749720156132963
1562,-0.8539948757814777,-0.85372652028360063,0.0002683554978770708
1563,-0.78448992103478099,-0.78418286685294314,0.00030705418183785138
1564,-0.71027897593592582,-0.71001516991509306,0.0002638060208327575
1565,-0.64285126006757987,-0.64270060659207395,0.00015065347550591301
1566,-0.59185516330305943,-0.59185721402553837,2.0507224789412248e-06
1567,-0.56363205427362206,-0.56378559881130808,0.00015354453768601228
1568,-0.56026549760131827,-0.56052894750724447,0.00026344990592619411
1569,-0.57929039296447637,-0.57959293461870387,0.00030254165422749502
1570,-0.61410587873537348,-0.61436647108938613,0.00026059235401265646
1571,-0.65502862733825218,-0.65517769649190893,0.00014906915365675566
1572,-0.69082523086463321,-0.69082332116405787,1.9097005753421215e-06
1573,-0.71048972827721057,-0.71033787456343811,0.00015185371377246515
1574,-0.70499412522445348,-0.70473332653363818,0.00026079869081530038
1575,-0.66874421537148521,-0.66844425950164554,0.00029995586983966316
1576,-0.60051781333676968,-0.60025847821466338,0.00025933512210629672
1577,-0.50374091752567374,-0.50359084762804229,0.00015006989763144407
1578,-0.38605860068579678,-0.38605748355864722,1.1171271495635793e-06
1579,-0.25826504812170276,-0.25841322179303244,0.00014817367132968773
1580,-0.1327532969732432,-0.13301163441807659,0.00025833744483338972
1581,-0.02171913545863205,-0.022019235801005628,0.00030010034237357847
1582,0.064608890147527118,0.064347005338323923,0.00026188480920319446
1583,0.1194462347555925,0.1192928654984486,0.00015336925714390381
1584,0.14041152829116646,0.14040815466126672,3.3736298997444347e-06
1585,0.12982270198082688,0.12997061338827709,0.00014791140745021303
1586,0.094286564142090218,0.094546304264964243,0.00025974012287402481
1587,0.043645138995518411,0.043947000924918038,0.00030186192939962719
1588,-0.010560100129396862,-0.01029719302158476,0.00026290710781210272
1589,-0.056871096906466863,-0.056717800515096888,0.0001532963913699753
1590,-0.085671807924352916,-0.085669462355852308,2.3455685006085192e-06
1591,-0.090654693436580946,-0.090804261006248804,0.00014956756966785778
1592,-0.069771732126702291,-0.070033518175435322,0.00026178604873303146
1593,-0.025525445079008273,-0.025829608698534998,0.00030416361952672472
1594,0.035443889994366526,0.035178983478709944,0.00026490651565658219
1595,0.10341217487061714,0.10325801023254762,0.00015416463806952607
1596,0.16710450833766566,0.16710282654974606,1.6817879195940577e-06
1597,0.21547238352688994,0.21562372472750593,0.00015134120061599532
1598,0.23944393502744934,0.23970739908896821,0.00026346406151886437
1599,0.23337954082358728,0.23368388043095603,0.00030433960736875321
1600,0.1960098655436216,0.1962730177007416,0.00026315215712000017
1601,0.13071278254774826,0.13086407355434268,0.0001512910065944173
1602,0.045085017364911599,0.0450840486225626,9.6874234899874123e-07
1603,-0.050128156388758421,-0.050280734642909525,0.00015257825415110338
1604,-0.14258347606470634,-0.14284623343722996,0.00026275737252362541
1605,-0.22013605436609843,-0.22043801266974641,0.0003019583036479867
1606,-0.27260962339824812,-0.2728693963766195,0.00025977297837137536
1607,-0.29327245811714636,-0.29342025243185677,0.00014779431471040327
1608,-0.27979571790710756,-0.27979228362003061,3.4342870769421552e-06
1609,-0.2345499086725738,-0.23439694435127939,0.00015296432129441317
1610,-0.16419476610803049,-0.16393413870249673,0.00026062740553375874
1611,-0.078625887802903804,-0.078327997417209055,0.00029789038569474902
1612,0.010560735055221707,0.010816268665042834,0.00025553360982112638
1613,0.091852449938191444,0.091998051909437259,0.00014560197124581509
1614,0.15557940452214841,0.15557702853127681,2.3759908716058931e-06
1615,0.19538072667839368,0.19523172696019245,0.00014899971820123148
1616,0.20915523960311569,0.20889987883543504,0.0002553607676806513
1617,0.19935217903715194,0.19905886732521208,0.00029331171193985872
1618,0.17255807802188838,0.17230524172192382,0.00025283629996455947
1619,0.13844367941664512,0.13829883152248343,0.00014484789416169264
1620,0.10823176955624865,0.10823333152339365,1.5619671450001205e-06
1621,0.092919712378668806,0.093066826641614059,0.00014711426294525265
1622,0.1015289270776808,0.10178185514948486,0.00025292807180406218
1623,0.13964898290755925,0.13993992047987719,0.00029093757231793416
1624,0.20849921369564076,0.20875065230543616,0.00025143860979540134
1625,0.30465257998260403,0.30479788936079732,0.00014530937819329237
1626,0.42046481527393176,0.42046558141841844,7.661444866857714e-07
1627,0.54514451864090352,0.5450005599034331,0.00014395873747041765
1628,0.66630347815418456,0.66605284346272997,0.00025063469145458761
1629,0.77175275226099893,0.77146174852418403,0.00029100373681489877
1630,0.85127257774202292,0.85101860172927546,0.00025397601274745885
1631,0.89808896964494844,0.8979400093598191,0.00014896028512934034
1632,0.90983274742152531,0.90982903895508704,3.7084664382680543e-06
1633,0.88883585428430578,0.8889788579165373,0.00014300363223151979
1634,0.84172105748769332,0.8419727790843744,0.00025172159668107597
1635,0.77834833331591013,0.77864130345025107,0.00029297013434093078
1636,0.71027908741017298,0.71053447841872264,0.00025539100854965469
1637,0.64899295387042233,0.649141828474047,0.00014887460362467131
1638,0.60412887531205317,0.60413092069326113,2.0453812079601619e-06
1639,0.58201885677306486,0.58187324299500109,0.00014561377806376896
1640,0.58473713033976982,0.58448268992867158,0.00025444041109823345
1641,0.60980924035585937,0.60951402728933168,0.00029521306652768864
1642,0.65062488921464845,0.65036802438912944,0.0002568648255190098
1643,0.69749138171228997,0.69734183535095529,0.0001495463613346848
1644,0.7391661601050088,0.73916422936743975,1.9307375690447159e-06
1645,0.76463428416535795,0.76478063881993563,0.00014635465457768504
1646,0.76485890267402268,0.76511425243006581,0.00025534975604313281
1647,0.73423702150753734,0.7345325783712976,0.00029555686376026014
1648,0.67153767648799489,0.67179363972081529,0.00025596323282039979
1649,0.58017823390393009,0.58032543026867522,0.00014719636474513909
1650,0.46779541971162908,0.46779426701427096,1.1526973581199584e-06
1651,0.3451753206201098,0.34502654623169021,0.00014877438841959245
1652,0.22470308200131586,0.22444739528019561,0.00025568672112025181
1653,0.11856675744551703,0.11827359396596646,0.00029316347955057886
1654,0.036987256731222884,0.036735584625216519,0.0002516721060063648
1655,-0.013258294645349038,-0.013401299757838455,0.00014300511248941696
1656,-0.029795609112116563,-0.029792283620025665,3.325492090897747e-06
1657,-0.0149493883669315,-0.014801368345212944,0.00014802002171855622
1658,0.024667068705010554,0.02491958374224254,0.00025251503723198662
1659,0.079205483832618787,0.079494687783205925,0.00028920395058713855
1660,0.13711831148457415,0.13736688340584596,0.00024857192127181182
1661,0.18694169827258625,0.18708346403596032,0.00014176576337407432
1662,0.21905417395220517,0.2190517703383992,2.4036138059624346e-06
1663,0.22714313056727758,0.22699791455204041,0.0001452160152371762
1664,0.20915581610370779,0.20890736863639289,0.00024844746731489398
1665,0.16759032377250302,0.16730564725996133,0.00028467651254168724
1666,0.10908275892907725,0.10883797172341096,0.00024478720566628587
1667,0.043353365612030167,0.043213388175397743,0.00013997743663242412
1668,-0.018326426242806067,-0.018324809200096281,1.617042709785993e-06
1669,-0.064911195644821645,-0.064768857646955225,0.00014233799786642076
1670,-0.087331786591687388,-0.087086847487312616,0.00024493910437477229
1671,-0.079950934078704738,-0.079668592512557979,0.00028234156614675987
1672,-0.041501344680710373,-0.041256765916365817,0.00024457876434455517
1673,0.02463740991862368,0.024779030353472432,0.00014162043484875278
1674,0.11086728029425066,0.11086818116931672,9.0087506605940337e-07
1675,0.20644205980980612,0.20630198494389432,0.00014007486591180451
1676,0.29901794741970672,0.29877419670802352,0.00024375071168319939
1677,0.37644989992709321,0.37616737511233661,0.00028252481475660174
1678,0.42856185073925473,0.42831574855140453,0.00024610218785020566
1679,0.44862262619906118,0.44847849651776894,0.00014412968129223769
1680,0.43430428233357815,0.43430078080750134,3.5015260768100909e-06
1681,0.38797859644363769,0.38811709468021771,0.00013849823658002025
1682,0.31630696659008445,0.31655094082889729,0.00024397423881283853
1683,0.2291870441884126,0.22947151040655672,0.00028446621814412487
1684,0.13821725385269437,0.13846576282456768,0.00024850897187331245
1685,0.054913018738591522,0.055058221969151035,0.00014520323055951245
1686,-0.011052741197055691,-0.011050428101262074,2.3130957936164098e-06
1687,-0.053315748270101604,-0.053457293039765943,0.0001415447696643396
1688,-0.069771054409615951,-0.070018529127676296,0.00024747471806034482
1689,-0.062863745299030438,-0.063150625264318652,0.00028687996528821424
1690,-0.039175822900264008,-0.039425097758533617,0.00024927485826960888
1691,-0.00837319330981799,-0.0085180747722514386,0.00014488146243344865
1692,0.018326426242809647,0.018324809200099566,1.617042710080896e-06
1693,0.029931023342617328,0.030073200641160779,0.00014217729854345065
1694,0.017424850562884005,0.017672783246689854,0.00024793268380584807
1695,-0.02477564439475511,-0.024488491104737758,0.00028715329001735221
1696,-0.097883417013365476,-0.097634454153773101,0.00024896285959237485
1697,-0.19846479221578037,-0.19832136989333482,0.00014342232244554665
1698,-0.31886871304937864,-0.31886952340643138,8.1035705273846403e-07
1699,-0.44829677682096158,-0.44844126569026826,0.00014448886930668037
1700,-0.57435351275695412,-0.57460208173611138,0.00024856897915725984
1701,-0.68484242794810624,-0.68512738828231656,0.00028496033421032685
1702,-0.76953588603433676,-0.76978032154518772,0.00024443551085095994
1703,-0.82165183427576083,-0.82179044306592142,0.00013860879016058814
1704,-0.83881295555504121,-0.83880927799497884,3.6775600623650817e-06
1705,-0.82334292799735864,-0.82319875853549873,0.00014416946185991097
1706,-0.78185607406057844,-0.78161060649182579,0.0002454675687526553
1707,-0.72420370156104485,-0.72392278836708013,0.00028091319396472691
1708,-0.6619382832737426,-0.66169687785287712,0.00024140542086548145
1709,-0.60653039916853357,-0.60639259497461917,0.00013780419391440368
1710,-0.56760995880884835,-0.56761202008234868,2.06127350033114e-06
1711,-0.55149989555247181,-0.55164063831504417,0.00014074276257236562
1712,-0.56026527739768184,-0.56050644028089136,0.00024116288320952251
1713,-0.59142234212980749,-0.59169892707576832,0.00027658494596083383
1714,-0.63835129318206951,-0.63858921196638974,0.00023791878432022351
1715,-0.69134989521070911,-0.69148580208920252,0.0001359068784934081
1716,-0.73916616010499814,-0.73916422936742909,1.9307375690447159e-06
1717,-0.77077577066692016,-0.77063701609716151,0.00013875456975864786
1718,-0.77713249870659129,-0.77689425655865885,0.00023824214793244369
1719,-0.75262391973359022,-0.75234974268356303,0.00027417705002719117
1720,-0.69600952943009797,-0.6957722727903064,0.00023725663979157208
1721,-0.61069719512455134,-0.61055975504050186,0.00013744008404947827
1722,-0.50431433621487243,-0.50431316762522038,1.1685896520452488e-06
1723,-0.38763787532204208,-0.3877733715824373,0.00013549626039521812
1724,-0.27304388613778918,-0.2732802289229444,0.00023634278515521912
1725,-0.17271138920041848,-0.17298591659767878,0.00027452739726030462
1726,-0.096852240158361635,-0.097091798489100892,0.00023955833073925625
1727,-0.052234631641605571,-0.052375015294536947,0.0001403836529313765
1728,-0.041224182754358088,-0.041227477340073523,3.2945857154353941e-06
1729,-0.061487747002229733,-0.061352670411912835,0.00013507659031689739
1730,-0.10640376041265724,-0.10616620642558899,0.00023755398706824804
1731,-0.16611580814546356,-0.1658393692955272,0.00027643884993636125
1732,-0.22906827688175493,-0.22882717961671867,0.00024109726503626638
1733,-0.28378944009248203,-0.28364860709950024,0.00014083299298178753
1734,-0.32065027617672143,-0.32064782835034789,2.4478263735416839e-06
1735,-0.33333091833407652,-0.33346789690494888,0.00013697857087235921
1736,-0.31977161278597294,-0.32001164808444382,0.00024003529847088645
1737,-0.28246366228531022,-0.28274262576844139,0.00027896348313116714
1738,-0.22803653656965556,-0.22827949916174856,0.00024296259209299897
1739,-0.16620410133333596,-0.16634550164559997,0.00014140031226400618
1740,-0.10823176955627314,-0.10823333152341853,1.5619671453886985e-06
1741,-0.06515929046202297,-0.065020501361374161,0.00013878910064880901
1742,-0.046050468529947326,-0.045808792281557403,0.00024167624838992291
1743,-0.056537499659417768,-0.056258231099450939,0.00027926855996682903
1744,-0.097882840512781039,-0.097641272210199304,0.00024156830258173501
1745,-0.16670238832689971,-0.16656344364467637,0.00013894468222333534
1746,-0.25539394361932216,-0.25539478159931001,8.3797998784440608e-07
1747,-0.35320752848656695,-0.35334759077289724,0.00014006228633028917
1748,-0.44779593632760323,-0.44803715412306638,0.00024121779546315558
1749,-0.52701105631258849,-0.52728817446640075,0.00027711815381226135
1750,-0.58067405122130333,-0.58091228354086488,0.00023823231956154878
1751,-0.60205131397012823,-0.60218660116592371,0.00013528719579547488
1752,-0.58881284676005974,-0.58880927799498406,3.5687650756788258e-06
1753,-0.54332876452556911,-0.54318807341094677,0.00014069111462233774
1754,-0.47225919393111165,-0.47201994678448567,0.00023924714662598712
1755,-0.38550088974942914,-0.38522772028006824,0.00027316946936090103
1756,-0.29465172520771454,-0.29441757347765085,0.00023415173006369194
1757,-0.21122692215965613,-0.2110935851686776,0.00013333699097853313
1758,-0.14489955646211938,-0.14490180169063005,2.2452285106666636e-06
1759,-0.10203444419627927,-0.10217100866824509,0.00013656447196581933
1760,-0.084737466453301408,-0.084971487462225548,0.00023402100892414013
1761,-0.090564861445856279,-0.090833679403878861,0.00026881795802258246
1762,-0.11293632553550152,-0.11316802441786249,0.00023169888236096448
1763,-0.14218799457225381,-0.14232061112811356,0.00013261655585974919
1764,-0.16710450833767301,-0.16710282654975378,1.6817879192332352e-06
1765,-0.1766965638252681,-0.17656146991998312,0.00013509390528498866
1766,-0.16195149948633022,-0.16171955703519703,0.00023194245113319911
1767,-0.11728923429874022,-0.11702266886259421,0.00026656543614600459
1768,-0.041500666963637606,-0.041270409844000253,0.00023025711963735318
1769,0.061976355085089883,0.062109465665313904,0.00013311058022402039
1770,0.18548634702153599,0.18548721542389451,8.6840235852259084e-07
1771,0.31822617545485482,0.31809454298394896,0.0001316324709058625
1772,0.44779530140179091,0.44756579557960186,0.0002295058221890578
1773,0.56199180511998381,0.56172496178551745,0.0002668433344663601
1774,0.65058225318724927,0.65034903352635676,0.00023321966089251411
1775,0.70677852066187574,0.70664151958429255,0.00013700107758318758
1776,0.72819703637599753,0.72819340695374435,3.6294222531818576e-06
1777,0.71715498788711818,0.71728618060722626,0.00013119272010808647
1778,0.68025992718182737,0.68049102413792484,0.00023109695609746517
1779,0.62735607957415573,0.62762502422171007,0.00026894464755433667
1780,0.569988498245664,0.57022292793883256,0.00023442969316855855
1781,0.51962012667012047,0.51975687656108349,0.00013674989096301715
1782,0.4858731397830105,0.48587523662672027,2.0968437097756976e-06
1783,0.47506257917421152,0.47492914082191945,0.00013343835229207013
1784,0.48924541424645446,0.4890118621214451,0.00023355212500936195
1785,0.52592953599375458,0.52565816123404607,0.00027137475970850922
1786,0.57848651573249987,0.57825006707014093,0.00023644866235894568
1787,0.63720533932256174,0.63706750591278649,0.00013783340977524539
1788,0.69082523086462178,0.69082332116404643,1.9097005753421215e-06
1789,0.72831301629288014,0.72844771738639569,0.00013470109351554349
1790,0.74061348822731254,0.74084852588895733,0.00023503766164478801
1791,0.722105072342202,0.72237694634346761,0.00027187400126560402
1792,0.67153789669163999,0.6717731542623111,0.00023525757067111019
1793,0.59231039262510221,0.59244556682181182,0.00013517419670960873
1794,0.49204062420587252,0.49203946095749179,1.1632483807311189e-06
1795,0.38149618151919495,0.38135938615882942,0.00013679536036553808
1796,0.27304377466353996,0.27280869515336392,0.00023507951017603945
1797,0.17885297691928956,0.17858333822186243,0.00026963869742713253
1798,0.10912605845214822,0.10889451433362921,0.00023154411851901424
1799,0.070621640164248545,0.070490144981392999,0.00013149518285554551
1800,0.065695935256394236,0.065699219192498354,3.2839361041175907e-06
1801,0.092006504747915205,0.092142978358965677,0.00013647361105047218
1802,0.14292255410352714,0.14315501560838237,0.00023246150485523032
1803,0.20857844585948135,0.20884430299486895,0.00026585713538759825
1804,0.27740929305481987,0.27763745707882392,0.00022816402400405167
1805,0.33793419061895336,0.33806407880687345,0.00012988818792009083
1806,0.38051518025050662,0.3805127063721393,2.4738783673261544e-06
1807,0.39882365621653248,0.39869018427007052,0.00013347194646196048
1808,0.3907912772886365,0.39056311480748135,0.00022816248115514748
1809,0.35890085787414455,0.35863939814994006,0.00026145972420449359
1810,0.3097734183721601,0.30954852409691225,0.00022489427524785555
1811,0.25311454632944913,0.25298592772269723,0.00012861860675189574
1812,0.20018168107192508,0.20018320302433054,1.5219524054643774e-06
1813,0.16200686935912437,0.1621377299831665,0.00013086062404213394
1814,0.14764644587733639,0.14787154094913424,0.00022509507179785393
1815,0.1627253215256832,0.16298464313613079,0.00025932161044758817
1816,0.20849879484343686,0.20872330175082776,0.00022450690739089785
1817,0.28157584276563075,0.28170577594545559,0.0001299331798248482
1818,0.37434769582763761,0.37434848204136068,7.8621372306963977e-07
1819,0.47605813576987704,0.47592954759257555,0.00012858817730149186
1820,0.57435401663694707,0.57413019712711399,0.00022381950983307863
1821,0.65708154851435363,0.65682193525141186,0.00025961326294177134
1822,0.71405642283321402,0.71383002243552496,0.00022640039768906384
1823,0.73853985247079101,0.73840698054412357,0.00013287192666744385
1824,0.72819703637600086,0.72819340695374812,3.6294222527377684e-06
1825,0.68539365607820846,0.68552072753044591,0.00012707145223744831
1826,0.61678575753586629,0.61701006253647528,0.00022430500060899305
1827,0.53226633617978558,0.53252809805430878,0.0002617618745232031
1828,0.44342978301050429,0.44365858100714628,0.00022879799664199396
1829,0.36178816635509259,0.36192191136824808,0.00013374501315549514
1830,0.29701179097690333,0.29701397000924873,2.1790323453951821e-06
1831,0.25546309149366758,0.2553327753588514,0.00013031613481617743
1832,0.23924595243938135,0.23901804129175766,0.00022791114762368836
1833,0.24591498016933877,0.245650707333608,0.0002642728357307722
1834,0.26888857036884767,0.26865883253924455,0.00022973782960311606
1835,0.29850190613818978,0.29836821928981999,0.00013368684836978506
1836,0.32353904145504897,0.32353729158998806,1.7498650609071298e-06
1837,0.33301047539120399,0.33314128102570079,0.00013080563449680005
1838,0.31790374431967633,0.31813216855063675,0.0002284242309604223
1839,0.27263935302222242,0.27290410531335302,0.00026475229113059884
1840,0.19600915294971766,0.19623877048797753,0.00022961753825986864
1841,0.091452292212299058,0.091584507918834213,0.0001322157065351548
1842,-0.033374112506750792,-0.033375047105274495,9.3459852370386676e-07
1843,-0.16766493125941609,-0.16779842762750563,0.00013349636808954179
1844,-0.29901724359899851,-0.2992466085463481,0.00022936494734959734
1845,-0.4152263586896241,-0.41548901622994749,0.00026265754032339661
1846,-0.50605568958249225,-0.50628074853222238,0.00022505894973012808
1847,-0.56471362910923506,-0.56484108815703338,0.00012745904779831729
1848,-0.58881284676005607,-0.58880927799497984,3.5687650762339374e-06
1849,-0.58066644938645595,-0.58053357063708699,0.00013287874936895872
1850,-0.54687755556991979,-0.54665142711999959,0.00022612844992020431
1851,-0.49728558737239481,-0.49702678381960391,0.00025880355279089828
1852,-0.44343041793632648,-0.4432080097073241,0.00022240822900237989
1853,-0.3967695193868182,-0.39664266939920834,0.00012684998760986721
1854,-0.3669193875747041,-0.36692153618467865,2.1486099745504639e-06
1855,-0.36018912473549058,-0.36031907071421099,0.0001299459787204027
1856,-0.37862945991580882,-0.37885174886093836,0.00022228894512954511
1857,-0.41974171412749878,-0.41999629991995924,0.00025458579246045998
1858,-0.47689053838511941,-0.47710925863173392,0.00021872024661451217
1859,-0.54035776042546746,-0.54048256713809339,0.00012480671262593557
1860,-0.59887531934897498,-0.59887344966313938,1.8696858355982116e-06
1861,-0.64140257129676959,-0.64127498565862706,0.00012758563814252444
1862,-0.65887660642480728,-0.65865750597931694,0.00021910044549033891
1863,-0.64566787675336312,-0.64541552841742311,0.00025234833594001138
1864,-0.60051823218896927,-0.60029966176771821,0.00021857042125106307
1865,-0.52681765474263664,-0.52669093824454571,0.00012671649809092855
1866,-0.43217572013207523,-0.43217458293568878,1.137196386447048e-06
1867,-0.32735143099271113,-0.32747627542198032,0.00012484442926918859
1868,-0.22470275849046256,-0.22492051190803283,0.00021775341757027111
1869,-0.13639033920526131,-0.13664316861804582,0.00025282941278451099
1870,-0.072607264761270551,-0.072827837016788313,0.00022057225551776194
1871,-0.040102882418558632,-0.040232241478474214,0.00012935905991558194
1872,-0.041224182754357276,-0.041227477340072455,3.2945857151786551e-06
1873,-0.073619496225274736,-0.073495420512133133,0.00012407571314160259
1874,-0.13064873580974526,-0.1304300857436673,0.00021865006607796333
1875,-0.20243685814061579,-0.20218197497941592,0.00025488316119987031
1876,-0.27740940452907414,-0.27718673232195096,0.0002226722071231868
1877,-0.34407588442180254,-0.34394558467900066,0.00013029974280187595
1878,-0.39278889225950464,-0.39278641303986633,2.4792196383072174e-06
1879,-0.41721045871597501,-0.41733687971665884,0.00012642100068382955
1880,-0.41526291002708227,-0.41548458773603669,0.0002216777089544264
1881,-0.38941970526551584,-0.3896772669406387,0.00025756167512286376
1882,-0.34629242885141814,-0.34651666053642433,0.00022423168500618207
1883,-0.29557730070346611,-0.29570779297756561,0.00013049227409950293
1884,-0.24852261031227837,-0.24852411122768986,1.5009154114842271e-06
1885,-0.2161514252472507,-0.2160234279747614,0.00012799727248929971
1886,-0.20751122332688832,-0.20728817046882414,0.00022305285806417663
1887,-0.22821812766172317,-0.22796014668224601,0.00025798097947715704
1888,-0.27951865799465625,-0.27929530629465843,0.00022335169999782023
1889,-0.35801315914388765,-0.35788460800497279,0.00012855113891485637
1890,-0.45608451485347606,-0.45608526549699019,7.5064351412468255e-07
1891,-0.56296840826829342,-0.5630979670488423,0.00012955878054887737
1892,-0.66630380166502967,-0.66652684401061935,0.00022304234558967462
1893,-0.75392917050124686,-0.75418517534816942,0.00025600484692256398
1894,-0.81565256971196709,-0.81587236687548614,0.00021979716351905321
1895,-0.84472779258103237,-0.84485233470543797,0.00012454212440560219
1896,-0.83881295555504365,-0.83880927799498139,3.6775600622540594e-06
1897,-0.80026696969209155,-0.8001368351967304,0.00013013449536114496
1898,-0.73573939038295166,-0.73551845135188221,0.00022093903106945589
1899,-0.65511695900790723,-0.6548648111047537,0.0002521479031535323
1900,-0.56998799436566894,-0.56977189595745059,0.00021609840821834592
1901,-0.49185876772120402,-0.4917357351174213,0.00012303260378271341
1902,-0.43039415700475359,-0.43039627799179381,2.1209870402216779e-06
1903,-0.39195152862436927,-0.39207762210476882,0.00012609348039954726
1904,-0.37863003641639803,-0.3788460273948428,0.00021599097844476889
1905,-0.38797985886284869,-0.38822784211300609,0.00024798325015740197
1906,-0.4134152192923079,-0.41362880733159935,0.00021358803929144576
1907,-0.44526744662085205,-0.4453895221908884,0.00012207557003635072
1908,-0.47231712354991923,-0.47231530893964929,1.814610269934569e-06
1909,-0.48357166327327711,-0.4834468857588714,0.00012477751440570506
1910,-0.47001589275543654,-0.46980192502231466,0.00021396773312187811
1911,-0.42606795976709694,-0.42582214989831735,0.00024580986877958955
1912,-0.35051767381261623,-0.3503053355683694,0.00021233824424682357
1913,-0.24680248467865559,-0.24667962938061874,0.00012285529803685025
1914,-0.1225781851523961,-0.12257718268658949,1.002465806615449e-06
1915,0.01135102783838138,0.011229832646295774,0.00012119519208560539
1916,0.14258277224400737,0.14237116785922604,0.00021160438478132204
1917,0.25891251312863339,0.25866623705865011,0.00024627606998328666
1918,0.35010346224148453,0.34988801982014583,0.00021544242133869629
1919,0.40936346102731475,0.40923677057775426,0.00012669044956048481
1920,0.43430428233357665,0.43430078080749984,3.5015260768100909e-06
1921,0.42723776161538196,0.42735886037041082,0.00012109875502885892
1922,0.39476535508785499,0.39497880725907536,0.00021345217122037408
1923,0.34672443098687605,0.34697288696250972,0.00024845597563366573
1924,0.29465242902840105,0.29486906707325672,0.00021663804485566596
1925,0.25000405071002618,0.25013057302061315,0.00012652231058696284
1926,0.22239272424960202,0.22239493575465513,2.2115050531124059e-06
1927,0.21812414632718805,0.21800108843480687,0.0001230578923811787
1928,0.23924527472229742,0.2390294897082032,0.00021578501409422191
1929,0.28325328038936443,0.28300221658277103,0.000251063806593399
1930,0.34350828326348182,0.34328929124095986,0.00021899202252195771
1931,0.41028727431862788,0.41015951605519635,0.00012775826343153218
1932,0.47231712354990729,0.47231530893963586,1.8146102714333701e-06
1933,0.51855183557547813,0.51867662781350066,0.00012479223802253081
1934,0.53992282878424347,0.54014052630865417,0.00021769752441069823
1935,0.53079453824056855,0.53104619093894179,0.00025165269837323923
1936,0.48990243550671125,0.4901200436406089,0.00021760813389765099
1937,0.42062986697583715,0.42075484263696927,0.00012497566113212066
1938,0.33057961790755175,0.33057852492373274,1.0929838190065766e-06
1939,0.23050368917280148,0.23037717804136648,0.00012651113143499759
1940,0.13275279309326424,0.13253532030043974,0.00021747279282449683
1941,0.049480014892397998,0.049230440643341977,0.00024957424905602127
1942,-0.0091294269463918672,-0.0093438015892465115,0.00021437464285464433
1943,-0.036334252950612274,-0.036455890767382294,0.0001216378167700205
1944,-0.029795609112118392,-0.029792283620027761,3.3254920906305996e-06
1945,0.0081265699383290257,0.0082532705504880354,0.00012670061215900967
1946,0.070783752382625159,0.070999135839539887,0.00021538345691472782
1947,0.1482922263857411,0.14853812842422642,0.00024590203848531833
1948,0.22906860039263274,0.22927929015375714,0.00021068976112439963
1949,0.30161332971990346,0.30173307166067181,0.00011974194076835865
1950,0.35626997575629216,0.35626751242894722,2.4633273449370385e-06
1951,0.38669149749537807,0.38656816697061597,0.00012333052476209971
1952,0.39079105708499479,0.39058030116047943,0.00021075592451536007
1953,0.3710328070394685,0.37079117269850254,0.00024163434096596825
1954,0.33401883281884642,0.33381086838107032,0.00020796443777609808
1955,0.28943581420189313,0.28931687239470322,0.00011894180718990954
1956,0.24852261031227427,0.2485241112276852,1.5009154109291156e-06
1957,0.22229291174881652,0.22241408423396936,0.00012117248515283729
1958,0.21978481935945562,0.21999304697947039,0.00020822762001476702
1959,0.24660502588776989,0.2468446549791235,0.00023962909135361032
1960,0.30399051093674734,0.3041977615749622,0.000207250638214862
1961,0.38853212036449231,0.38865199912434401,0.00011987875985169927
1962,0.49260343135669959,0.49260416610792068,7.3475122108757063e-07
1963,0.60543096297020527,0.60531233035636323,0.00011863261384204016
1964,0.71464460580148392,0.71443794881616407,0.00020665698531985299
1965,0.80807380225613212,0.80783377983038185,0.00024002242575027477
1966,0.87551755313909541,0.87530789512019158,0.00020965801890382441
1967,0.91022071886798273,0.91009739232012643,0.00012332654785629504
1968,0.90983274742151943,0.90982903895508105,3.7084664383790766e-06
1969,0.87670410506125873,0.8768215310814218,0.00011742602016306947
1970,0.81747608209060796,0.81768368011722004,0.00020759802661207694
1971,0.74202728332076262,0.74226960889695048,0.00024232557618786288
1972,0.66193795976285863,0.66214976191574759,0.00021180215288896242
1973,0.5887065095411057,0.58883033865134138,0.00012382911023567367
1974,0.53199025922927079,0.5319923360037444,2.0767744736138738e-06
1975,0.49813931639116377,0.49801874034319549,0.00012057604796827937
1976,0.48924583309865333,0.48903480293479074,0.0002110301638625911
1977,0.50285319737564227,0.50260828248575407,0.00024491488988820365
1978,0.53236899693287165,0.5321558603817742,0.00021313655109744811
1979,0.56811818234214417,0.56799396033492378,0.00012422200722039811
1980,0.59887531934898874,0.59887344966315303,1.8696858357092339e-06
1981,0.61364214938011818,0.61376332765220654,0.00012117827208835141
1982,0.6033981478770748,0.60360998690114498,0.00021183902407018174
1983,0.56255639350523035,0.56280195699054913,0.00024556348531878935
1984,0.48990185900612543,0.49011477303167561,0.00021291402555018157
1985,0.38886746308695408,0.38898994455897784,0.00012248147202376103
1986,0.26710484847749205,0.26710378311660793,1.0653608841226792e-06
1987,0.13541444083840265,0.13529045986093316,0.00012398097746948999
1988,0.0061952166639087274,0.0059824290710849722,0.00021278759282375524
1989,-0.10835135674312521,-0.10859488978424432,0.00024353304111911223
1990,-0.19799126175943099,-0.19819982922190427,0.00020856746247327473
1991,-0.25593477325625114,-0.25605280596659763,0.00011803271034649399
1992,-0.27979571790710639,-0.27979228362002961,3.4342870767756217e-06
1993,-0.27188759353346786,-0.27176432633065983,0.00012326720280803061
1994,-0.23881312774685001,-0.23860348247115853,0.00020964527569147795
1995,-0.19041058542588413,-0.19017073338549784,0.00023985204038629027
1996,-0.13821795767340472,-0.1380119470677848,0.00020601060561992179
1997,-0.093690147288983436,-0.093572820160142012,0.00011732712884142404
1998,-0.066440426590445037,-0.066442705962779666,2.2793723346292705e-06
1999,-0.062773953860820256,-0.062894595459280223,0.0001206415984599668
2000,-0.084736753859388059,-0.084942770073590884,0.00020601621420282545
2001,-0.12982467364448072,-0.13006037003883028,0.00023569639434956047
2002,-0.19139613482771486,-0.19159846308825174,0.00020232826053687147
2003,-0.25972608643655115,-0.25984148080061664,0.00011539436406549086
2004,-0.32353904145503598,-0.32353729158997541,1.7498650605740629e-06
2005,-0.37178629509281791,-0.37166828505533184,0.00011801003748607153
2006,-0.39539617986078701,-0.39519345786145976,0.00020272199932724888
2007,-0.38872965954706218,-0.38849603585425713,0.00023362369280505169
2008,-0.3505183515296969,-0.35031588143177822,0.00020247009791868331
2009,-0.28414142984513574,-0.28402401552923401,0.00011741431590173157
2010,-0.19719725187969897,-0.19719621694118433,1.0349385146379841e-06
2011,-0.10043308780668526,-0.10054880477340307,0.00011571696671780485
2012,-0.0061945817380925127,-0.0063963458941545624,0.00020176415606204968
2013,0.073370607935732551,0.07313643139223891,0.00023417654349364159
2014,0.12808305979348666,0.12787876788505806,0.00020429190842860545
2015,0.15120756656450343,0.15108760799660542,0.00011995856789800974
2016,0.14041152829116704,0.14040815466126677,3.3736299002717907e-06
2017,0.098061370171916337,0.098175943877534949,0.00011457370561861191
2018,0.030812394496129412,0.031014794554534861,0.00020240005840544903
2019,-0.051444604398849784,-0.051208228341606273,0.00023637605724351196
2020,-0.1371188153645532,-0.13691197586903101,0.00020683949552219305
2021,-0.2147030572214905,-0.21458185259207158,0.00012120462941891952
2022,-0.27453315673045509,-0.27453072897331804,2.4277571370467932e-06
2023,-0.31025418111711955,-0.31037160403259567,0.0001174229154761175
2024,-0.31977119393376935,-0.31997712634222236,0.00020593240845301342
2025,-0.30554000090341721,-0.30577914618638419,0.00023914528296697934
2026,-0.27415405536927795,-0.27436214945234688,0.00020809408306893262
2027,-0.2352912583137462,-0.23541238219851757,0.00012112388477136804
2028,-0.20018168107189763,-0.20018320302430354,1.5219524059084666e-06
2029,-0.17983015737477506,-0.17971154202572784,0.00011861534904722415
2030,-0.18326580888017444,-0.18305883884134297,0.00020697003883146659
2031,-0.2160861784963789,-0.21584649421372787,0.00023968428265103148
2032,-0.2795188781982868,-0.27931113671746072,0.00020774148082608468
2033,-0.37014531786504085,-0.37002568878377751,0.00011962908126333938
2034,-0.48032971934769847,-0.48033045944018932,7.4009249084738826e-07
2035,-0.59928926916735781,-0.59940990815404183,0.00012063898668401851
2036,-0.71464449432723476,-0.7148519852860038,0.000207490958769041
2037,-0.8142153899750042,-0.81445321246866953,0.00023782249366532948
2038,-0.88779137143288234,-0.88799521623966915,0.0002038448067868126
2039,-0.92860772739062503,-0.92872297098232126,0.00011524359169623466
2040,-0.93430449992355413,-0.93430078080750556,3.7191160485727792e-06
2041,-0.90722286280694209,-0.9071019454061362,0.00012091740080588664
2042,-0.85399487578147459,-0.8537898078259325,0.00020506795554209312
2043,-0.78448992103477699,-0.78425586370777745,0.00023405732699954829
2044,-0.71027897593592071,-0.71007831675330868,0.00020065918261202853
2045,-0.64285126006757476,-0.64273702392139453,0.00011423614618022437
2046,-0.59185516330305588,-0.59185721402553337,2.0507224774979349e-06
2047,-0.56363205427362018,-0.56374926230607725,0.00011720803245707234
2048,-0.5602654976013185,-0.56046608065244963,0.00020058305113113128
2049,-0.57929039296447826,-0.57952042271093873,0.00023002974646046948
2050,-0.61410587873537603,-0.61430374351820627,0.00019786478283023712
2051,-0.65502862733825484,-0.65514152081785271,0.00011289347959786422
2052,-0.69082523086463432,-0.69082332116405976,1.9097005745649653e-06
2053,-0.71048972827720869,-0.71037397022796711,0.00011575804924157662
2054,-0.70499412522444838,-0.70479577694314888,0.00019834828129949855
2055,-0.66874421537147699,-0.66851629134978874,0.00022792402168825276
2056,-0.60051781333675969,-0.60032079074188704,0.00019702259487264229
2057,-0.5037409175256633,-0.50362678407951456,0.00011413344614874532
2058,-0.38605860068578773,-0.38605748355863745,1.1171271502852242e-06
2059,-0.2582650481216972,-0.25837736454747812,0.00011231642578091172
2060,-0.13275329697324195,-0.1329495962687697,0.00019629929552775205
2061,-0.021719135458635581,-0.021947679190869516,0.0002285437322339344
2062,0.064608890147519429,0.064408906987820397,0.00019998315969903258
2063,0.11944623475558226,0.11932856512729535,0.00011766962828690941
2064,0.14041152829115583,0.14040815466125522,3.3736299006048576e-06
2065,0.12982270198081824,0.12993499217254212,0.00011229019172387389
2066,0.09428656414208561,0.094484674247022199,0.00019811010493658854
2067,0.043645138995518973,0.04387591479592811,0.00023077580040913731
2068,-0.01056010012939112,-0.010358687903665299,0.00020141222572582149
2069,-0.056871096906456989,-0.056753265689080526,0.00011783121737646285
2070,-0.085671807924340995,-0.08566946235583961,2.3455685013856753e-06
2071,-0.090654693436569483,-0.090768873463179328,0.00011418002660984472
2072,-0.069771732126693728,-0.069972292215295578,0.00020056008860185048
2073,-0.025525445079004488,-0.02575898835748033,0.00023354327847584233
2074,0.035443889994364854,0.035240075648718693,0.00020381434564616108
2075,0.10341217487061051,0.1032932432877864,0.00011893158282411109
2076,0.16710450833765597,0.16710282654973535,1.681787920621014e-06
2077,0.21547238352687986,0.21558856853142189,0.00011618500454202429
2078,0.23944393502744224,0.23964657316742791,0.00020263813998566693
2079,0.23337954082358556,0.23361372124721946,0.00023418042363390623
2080,0.19600986554362715,0.19621232424152024,0.00020245869789309312
2081,0.1307127825477615,0.13082907031286092,0.00011628776509942096
2082,0.04508501736493143,0.045084048622583098,9.6874234833260742e-07
2083,-0.05012815638873476,-0.050245807499054947,0.00011765111032018688
2084,-0.14258347606468255,-0.1427858035885092,0.00020232752382665087
2085,-0.22013605436607828,-0.22036831007422431,0.00023225570814602858
2086,-0.27260962339823525,-0.27280909768001727,0.00019947428178201942
2087,-0.29327245811714309,-0.29338547672971016,0.00011301861256707291
2088,-0.27979571790711433,-0.279792283620038,3.4342870763315325e-06
2089,-0.23454990867258968,-0.23443164470719555,0.00011826396539413309
2090,-0.16419476610805284,-0.16399417639158645,0.00020058971646638724
2091,-0.078625887802928618,-0.078397247933068501,0.0002286398698601172
2092,0.010560735055198665,0.010756360835185608,0.00019562577998694271
2093,0.091852449938174055,0.091963501502319911,0.00011105156414585593
2094,0.15557940452213911,0.15557702853126815,2.3759908709675148e-06
2095,0.19538072667839387,0.19526620276255233,0.00011452391584154675
2096,0.20915523960312396,0.20895952822640471,0.0001957113767192542
2097,0.19935217903716584,0.19912767021044633,0.00022450882671951056
2098,0.17255807802190387,0.17236476252950481,0.00019331549239906543
2099,0.13844367941665778,0.13833315884927017,0.00011052056738761196
2100,0.10823176955625388,0.10823333152339826,1.56196714437562e-06
2101,0.092919712378663283,0.093032573187826345,0.00011286080916306229
2102,0.1015289270776628,0.10172259024591722,0.00019366316825442098
2103,0.13964898290752856,0.13987156083471691,0.00022257792718835545
2104,0.20849921369559954,0.2086915147261596,0.00019230103056006032
2105,0.3046525799825554,0.30476378292868506,0.00011120294612965154
2106,0.4204648152738803,0.4204655814183671,7.661444867967937e-07
2107,0.54514451864085389,0.54503459318460767,0.00010992545624621819
2108,0.66630347815414059,0.6661117276395272,0.00019175051461339798
2109,0.77175275226096385,0.77152966926214606,0.00022308299881779181
2110,0.85127257774199927,0.85107735982437926,0.00019521791762000529
2111,0.89808896964493623,0.89797389705414954,0.00011507259078669119
2112,0.90983274742152365,0.90982903895508493,3.7084664387121435e-06
2113,0.88883585428431244,0.88894504266032315,0.00010918837601070486
2114,0.84172105748770598,0.84191427192272095,0.0001932144350149656
2115,0.77834833331592546,0.77857381734306375,0.00022548402713828963
2116,0.7102790874101883,0.71047609611239393,0.0001970087022056255
2117,0.64899295387043532,0.64910815738860261,0.00011520351816729502
2118,0.60412887531206272,0.60413092069327101,2.0453812082932288e-06
2119,0.58201885677307041,0.58190684234577739,0.00011201442729302791
2120,0.58473713033977126,0.58454082373833316,0.00019630660143810097
2121,0.60980924035585748,0.60958108298638192,0.00022815736947556786
2122,0.65062488921464467,0.6504260345539099,0.00019885466073477076
2123,0.6974913817122862,0.69737529192866543,0.00011608978362076527
2124,0.73916616010500669,0.73916422936743709,1.9307375695998275e-06
2125,0.7646342841653585,0.76474725328260496,0.00011296911724645309
2126,0.76485890267402779,0.76505648835682305,0.00019758568279526489
2127,0.73423702150754677,0.73446594891854733,0.0002289274110005568
2128,0.67153767648800922,0.67173599809769935,0.00019832160969013302
2129,0.58017823390394829,0.58029218612482558,0.00011395222087728918
2130,0.46779541971165012,0.46779426701429194,1.1526973581754696e-06
2131,0.34517532062013179,0.34505972002051943,0.00011560059961235325
2132,0.22470308200133743,0.22450479318584288,0.00019828881549455168
2133,0.11856675744553609,0.11833980128641715,0.00022695615911894063
2134,0.03698725673123765,0.036792861260067561,0.00019439547117008904
2135,-0.013258294645339791,-0.01336826600071115,0.00010997135537135945
2136,-0.029795609112113496,-0.029792283620022935,3.3254920905612106e-06
2137,-0.014949388366934524,-0.014834332423758295,0.00011505594317622915
2138,0.024667068705002307,0.024862548481483112,0.00019547977648080514
2139,0.079205483832606741,0.079428898536149289,0.00022341470354254878
2140,0.13711831148456027,0.13730996825172398,0.00019165676716370594
2141,0.18694169827257259,0.18705063864484908,0.00010894037227648923
2142,0.21905417395219379,0.21905177033838785,2.403613805934679e-06
2143,0.22714313056726981,0.22703067093234486,0.00011245963492495514
2144,0.20915581610370446,0.20896404472971333,0.0001917713739911231
2145,0.16759032377250407,0.16737102244039409,0.00021930133210998348
2146,0.1090827589290817,0.10889452885930515,0.0001882300697765571
2147,0.043353365612036537,0.043246007195267389,0.00010735841676914881
2148,-0.018326426242799787,-0.018324809200089994,1.6170427097929319e-06
2149,-0.064911195644817385,-0.064801408315264902,0.0001097873295524826
2150,-0.087331786591686611,-0.087143167846085071,0.00018861874560154035
2151,-0.079950934078708638,-0.079733557581828637,0.00021737649688000071
2152,-0.041501344680719067,-0.041312968452225686,0.00018837622849338098
2153,0.02463740991861087,0.024746615735568727,0.00010920581695785664
2154,0.11086728029423505,0.11086818116930124,9.0087506618430346e-07
2155,0.20644205980978972,0.20633433186103853,0.00010772794875119063
2156,0.29901794741969134,0.2988301647212524,0.00018778269843894302
2157,0.37644989992708106,0.37623193397537075,0.0002179659517103083
2158,0.42856185073924707,0.42837159986176876,0.00019025087747831515
2159,0.44862262619905879,0.44851070867782983,0.00011191752122896581
2160,0.43430428233358104,0.43430078080750467,3.5015260763660017e-06
2161,0.3879785964436453,0.38808494957835676,0.00010635313471146768
2162,0.31630696659009555,0.3164953218153258,0.00018835522523025228
2163,0.22918704418842561,0.22940735389449707,0.00022030970607145317
2164,0.13821725385270808,0.13841025940805254,0.00019300555534446096
2165,0.054913018738604921,0.0550262103475,0.00011319160889507879
2166,-0.011052741197043364,-0.011050428101249794,2.3130957935695723e-06
2167,-0.053315748270090453,-0.05342534784189882,0.00010959957180836644
2168,-0.069771054409605501,-0.069963255810343628,0.00019220140073812619
2169,-0.062863745299020168,-0.063086867296866134,0.00022312199784596531
2170,-0.039175822900253121,-0.039369938946440169,0.00019411604618704836
2171,-0.0083731933098057532,-0.0084862617938660026,0.00011306848406024937
2172,0.018326426242823508,0.018324809200113871,1.6170427096368067e-06
2173,0.029931023342632687,0.030041453460247423,0.00011043011761473556
2174,0.017424850562900229,0.017617852364034809,0.00019300180113458049
2175,-0.024775644394738918,-0.024551854285747687,0.00022379010899123072
2176,-0.097883417013350543,-0.097689271609220946,0.00019414540412959758
2177,-0.19846479221576799,-0.19835298609957508,0.00011180611619290848
2178,-0.31886871304936965,-0.31886952340642277,8.1035705312704209e-07
2179,-0.44829677682095648,-0.44840971466298452,0.00011293784202803803
2180,-0.57435351275695268,-0.57454749006760886,0.00019397731065617929
2181,-0.68484242794810812,-0.6850644161768602,0.00022198822875207913
2182,-0.76953588603434131,-0.76972584223943319,0.00018995620509187905
2183,-0.82165183427576671,-0.82175902178418181,0.00010718750841509639
2184,-0.83881295555504654,-0.83880927799498439,3.6775600621430371e-06
2185,-0.82334292799736319,-0.82323011524897494,0.00011281274838825794
2186,-0.78185607406058111,-0.78166486212615993,0.00019121193442117601
2187,-0.72420370156104541,-0.72398537306120092,0.00021832849984448899
2188,-0.66193828327374127,-0.66175102217557913,0.00018726109816213921
2189,-0.60653039916853058,-0.60642382315628129,0.00010657601224928204
2190,-0.56760995880884513,-0.56761202008234601,2.0612735008862515e-06
2191,-0.55149989555246881,-0.55160947409859751,0.00010957854612869689
2192,-0.56026527739767973,-0.5604525175405719,0.0001872401428921755
2193,-0.59142234212980749,-0.59163672617464325,0.00021438404483575813
2194,-0.63835129318207118,-0.63853539949972826,0.00018410631765708452
2195,-0.69134989521071222,-0.69145476520601712,0.00010486999530490149
2196,-0.73916616010500236,-0.73916422936743287,1.9307375694888051e-06
2197,-0.77077577066692415,-0.7706679896106583,0.00010778105626585432
2198,-0.77713249870659495,-0.77694784950590512,0.00018464920068983481
2199,-0.75262391973359222,-0.75241156336487203,0.00021235636872019015
2200,-0.69600952943009864,-0.6958257564889323,0.00018377294116633802
2201,-0.61069719512455023,-0.61059060240435203,0.00010659272019819532
2202,-0.50431433621487021,-0.50431316762521861,1.1685896516011596e-06
2203,-0.3876378753220393,-0.38774258700016434,0.00010471167812503568
2204,-0.27304388613778674,-0.27322696270644142,0.00018307656865468314
2205,-0.17271138920041684,-0.17292447260747323,0.00021308340705639139
2206,-0.0968522401583614,-0.097038640508915058,0.00018640035055365878
2207,-0.052234631641606952,-0.052344355692999604,0.00010972405139265257
2208,-0.041224182754360669,-0.041227477340075841,3.2945857151717162e-06
2209,-0.061487747002232848,-0.061383267812694556,0.00010447918953829238
2210,-0.10640376041265991,-0.10621914893567899,0.00018461147698091429
2211,-0.16611580814546451,-0.16590044007957663,0.00021536806588787205
2212,-0.22906827688175327,-0.22888001489025689,0.00018826199149638012
2213,-0.28378944009247714,-0.28367908067397679,0.0001103594185003498
2214,-0.32065027617671271,-0.32064782835034011,2.4478263725979943e-06
2215,-0.33333091833406497,-0.33343748495757763,0.00010656662351266055
2216,-0.31977161278595906,-0.31995902629384065,0.00018741350788159528
2217,-0.28246366228529601,-0.28268192474867643,0.00021826246338041422
2218,-0.22803653656964243,-0.22822698362026894,0.00019044705062651324
2219,-0.1662041013333258,-0.16631521238434405,0.00011111105101824226
2220,-0.10823176955626766,-0.10823333152341291,1.5619671452499206e-06
2221,-0.065159290462023289,-0.065050729562067644,0.00010856089995564533
2222,-0.046050468529953821,-0.04586109630273727,0.00018937222721655128
2223,-0.056537499659430106,-0.056318565754352873,0.00021893390507723293
2224,-0.097882840512798192,-0.097693470957540773,0.00018936955525741817
2225,-0.16670238832692,-0.16659355028542788,0.00010883804149211529
2226,-0.2553939436193437,-0.25539478159933204,8.3797998834400644e-07
2227,-0.35320752848658749,-0.35331754463313203,0.00011001614654454483
2228,-0.44779593632762077,-0.44798516495751084,0.00018922862989007028
2229,-0.52701105631260137,-0.52722820281871718,0.00021714650611581732
2230,-0.58067405122131077,-0.58086039868583839,0.00018634746452761419
2231,-0.60205131397012979,-0.60215667547376484,0.00010536150363504859
2232,-0.58881284676005596,-0.58880927799498006,3.5687650759008704e-06
2233,-0.54332876452556078,-0.54321793915490724,0.00011082537065354447
2234,-0.47225919393110022,-0.47207162397255498,0.00018756995854524172
2235,-0.38550088974941571,-0.3852873322371021,0.00021355751231361131
2236,-0.29465172520770144,-0.29446914730670853,0.00018257790099290849
2237,-0.21122692215964461,-0.2111233315637441,0.00010359059590051012
2238,-0.14489955646211092,-0.14490180169062183,2.2452285109164638e-06
2239,-0.10203444419627471,-0.10214132167535041,0.000106877479075701
2240,-0.084737466453301283,-0.084920119408688419,0.00018265295538713588
2241,-0.09056486144586072,-0.090774423861438178,0.00020956241557745781
2242,-0.11293632553551022,-0.11311675878341454,0.00018043324790431581
2243,-0.14218799457226586,-0.14229104239878626,0.00010304782652040267
2244,-0.16710450833768767,-0.16710282654976857,1.6817879190944574e-06
2245,-0.17669656382528426,-0.17659097978650903,0.00010558403877522493
2246,-0.16195149948634666,-0.16177061876253263,0.00018088072381403086
2247,-0.1172892342987556,-0.11708157122662459,0.00020766307213100632
2248,-0.041500666963651157,-0.041321370080758597,0.00017929688289256007
2249,0.061976355085078989,0.062080072990194746,0.00010371790511575635
2250,0.18548634702152783,0.18548721542388644,8.6840235860585757e-07
2251,0.31822617545484932,0.31812387732903596,0.0001022981258133604
2252,0.4477953014017878,0.44761655375493126,0.00017874764685654743
2253,0.56199180511998204,0.56178351416800343,0.00020829095197860692
2254,0.65058225318724749,0.65039969112837004,0.00018256205887745569
2255,0.70677852066187374,0.70667073779714085,0.00010778286473289711
2256,0.72819703637599431,0.72819340695374146,3.6294222528487907e-06
2257,0.71715498788711296,0.71725702019801885,0.00010203231090588627
2258,0.6802599271818206,0.68044056677391829,0.00018063959209768665
2259,0.62735607957414785,0.62756681866251041,0.00021073908836255484
2260,0.56998849824565567,0.57017257024196355,0.00018407199630787741
2261,0.5196201266701127,0.51972783123774824,0.00010770456763553593
2262,0.485873139783005,0.48587523662671445,2.0968437094426307e-06
2263,0.47506257917420919,0.47495812886161748,0.00010445031259170845
2264,0.4892454142464559,0.4890620213817003,0.0001833928647556049
2265,0.52592953599376013,0.52571602309009002,0.00021351290367011
2266,0.57848651573250887,0.57830012755853077,0.00018638817397809149
2267,0.63720533932257306,0.63709637990039114,0.00010895942218192012
2268,0.69082523086463365,0.69082332116405842,1.9097005752310992e-06
2269,0.72831301629289114,0.72841890016867228,0.00010588387578114311
2270,0.74061348822732065,0.74079866205744049,0.00018517383011984467
2271,0.72210507234220611,0.72231942510795433,0.00021435276574821582
2272,0.67153789669163988,0.67172338831813827,0.00018549162649839079
2273,0.59231039262509699,0.59241686263482118,0.00010647000972419107
2274,0.49204062420586342,0.49203946095748224,1.1632483811752081e-06
2275,0.3814961815191828,0.38138803408355471,0.00010814743562809204
2276,0.27304377466352675,0.27285826619908604,0.00018550846444070901
2277,0.17885297691927676,0.17864052188253018,0.00021245503674657829
2278,0.10912605845213759,0.10894398836593575,0.00018207008620184373
2279,0.070621640164241051,0.070518680884509632,0.00010295927973141827
2280,0.065695935256390545,0.065699219192495065,3.2839361045200466e-06
2281,0.092006504747915094,0.092114498216545437,0.00010799346863034354
2282,0.14292255410352989,0.14310573473709801,0.00018318063356811964
2283,0.20857844585948596,0.20878745389974021,0.0002090080402542549
2284,0.27740929305482515,0.2775882723574522,0.00017897930262705808
2285,0.33793419061895763,0.33803570968897595,0.00010151907001831884
2286,0.3805151802505094,0.38051270637214185,2.473878367548199e-06
2287,0.39882365621653282,0.39871849812283972,0.00010515809369310292
2288,0.39079127728863444,0.3906121080845365,0.00017916920409793979
2289,0.35890085787414067,0.35869591565296366,0.00020494222117700689
2290,0.30977341837215483,0.30959742207728957,0.00017599629486525492
2291,0.25311454632944341,0.25301413153617691,0.00010041479326650116
2292,0.20018168107192014,0.20018320302432568,1.5219524055476441e-06
2293,0.16200686935912079,0.16210958094512606,0.00010271158600527741
2294,0.14764644587733464,0.14782283271674845,0.00017638683941381683
2295,0.16272532152568361,0.1629284542870835,0.00020313276139988234
2296,0.20849879484343919,0.20867468797200264,0.00017589312856344796
2297,0.28157584276563447,0.28167773597315438,0.00010189320751990971
2298,0.37434769582764199,0.37434848204136506,7.8621372306963977e-07
2299,0.47605813576988137,0.47595753327332202,0.00010060249655935438
2300,0.57435401663695052,0.57417862283418075,0.00017539380276976324
2301,0.65708154851435552,0.65687779834981674,0.00020375016453877404
2302,0.7140564228332138,0.7138783545221814,0.00017806831103239773
2303,0.73853985247078924,0.73843485812117249,0.00010499434961674936
2304,0.72819703637599742,0.72819340695374435,3.6294222530708353e-06
2305,0.68539365607820357,0.68549290376677807,9.9247688574499726e-05
2306,0.61678575753585996,0.6169619168651298,0.00017615932926984268
2307,0.5322663361797787,0.53247255783748204,0.00020622165770334266
2308,0.44342978301049768,0.44361052813287782,0.00018074512238014373
2309,0.36178816635508698,0.3618941947575704,0.00010602840248341572
2310,0.29701179097689906,0.29701397000924412,2.1790323450621152e-06
2311,0.25546309149366536,0.25536043862867813,0.00010265286498722936
2312,0.23924595243938138,0.23906590938765263,0.00018004305172875101
2313,0.24591498016934119,0.24570592750414016,0.0002090526652010205
2314,0.26888857036885233,0.26870660865171986,0.00018196171713247278
2315,0.29850190613819605,0.29839577634619324,0.00010612979200280703
2316,0.32353904145505608,0.32353729158999545,1.749865060629574e-06
2317,0.33301047539121115,0.33311377684318388,0.0001033014519727371
2318,0.31790374431968244,0.31808457559879855,0.00018083127911611152
2319,0.27263935302222636,0.27284920238709659,0.00020984936487022932
2320,0.19600915294971905,0.19619126871543913,0.00018211576572008115
2321,0.091452292212297295,0.091557109021250901,0.00010481680895360612
2322,-0.033374112506755593,-0.033375047105279651,9.3459852405775035e-07
2323,-0.16766493125942344,-0.16777108114223754,0.00010614988281409943
2324,-0.29901724359900728,-0.29919928833562864,0.00018204473662136733
2325,-0.41522635868963331,-0.41543442777872569,0.00020806908909237753
2326,-0.50605568958250013,-0.5062335187060808,0.00017782912358066394
2327,-0.56471362910924017,-0.56481384603903395,0.00010021692979378383
2328,-0.58881284676005829,-0.58880927799498173,3.5687650765670043e-06
2329,-0.58066644938645406,-0.58056076079893804,0.0001056885875160285
2330,-0.54687755556991435,-0.54669847696449736,0.0001790786054169935
2331,-0.49728558737238671,-0.49708106053273354,0.00020452683965316298
2332,-0.44343041793631677,-0.44325496995270763,0.00017544798360913383
2333,-0.39676951938680843,-0.39666975610076483,9.9763286043608179e-05
2334,-0.36691938757469578,-0.36692153618467016,2.1486099743839304e-06
2335,-0.36018912473548464,-0.36029203551794264,0.0001029107824579989
2336,-0.37862945991580627,-0.37880496703540201,0.00017550711959574139
2337,-0.41974171412749961,-0.41994233223981042,0.00020061811231081306
2338,-0.47689053838512302,-0.47706256562896598,0.00017202724384296486
2339,-0.54035776042547323,-0.54045563450567202,9.7874080198789848e-05
2340,-0.59887531934898097,-0.59887344966314526,1.8696858357092339e-06
2341,-0.64140257129677436,-0.64130186723137395,0.00010070406540041432
2342,-0.65887660642480972,-0.65870402210590795,0.00017258431890176951
2343,-0.6456678767533629,-0.64546918973832135,0.00019868701504155428
2344,-0.6005182321889655,-0.60034608983889937,0.00017214235006612899
2345,-0.52681765474262965,-0.52671771813951718,9.9936603112471545e-05
2346,-0.43217572013206668,-0.4321745829356804,1.1371963862805146e-06
2347,-0.3273514309927022,-0.32744954614620958,9.8115153507383202e-05
2348,-0.2247027584904546,-0.22487425918719361,0.00017150069673901869
2349,-0.13639033920525584,-0.13658981101356857,0.00019947180831272893
2350,-0.072607264761268345,-0.072781671592858907,0.00017440683159056225
2351,-0.040102882418560047,-0.040205613004636258,0.00010273058607621066
2352,-0.041224182754361932,-0.041227477340077111,3.2945857151786551e-06
2353,-0.073619496225281716,-0.073521998802153377,9.7497423128339866e-05
2354,-0.13064873580975342,-0.13047607732548905,0.0001726584842643708
2355,-0.20243685814062404,-0.20223503147982805,0.00020182666079598954
2356,-0.27740940452908142,-0.27723263735663589,0.00017676717244552442
2357,-0.34407588442180792,-0.3439720630328571,0.00010382138895081994
2358,-0.39278889225950797,-0.39278641303986989,2.4792196380851728e-06
2359,-0.4172104587159769,-0.4173104511162497,9.9992400272808091e-05
2360,-0.41526291002708382,-0.4154388550525695,0.00017594502548567981
2361,-0.38941970526551806,-0.38962450896197337,0.00020480369645531349
2362,-0.34629242885142197,-0.34647101365893185,0.00017858480750987393
2363,-0.29557730070347249,-0.29568146345749918,0.00010416275402669317
2364,-0.24852261031228812,-0.24852411122769946,1.5009154113454493e-06
2365,-0.21615142524726355,-0.21604970816686045,0.00010171708040310201
2366,-0.20751122332690342,-0.20733364646894389,0.00017757685795952161
2367,-0.22821812766173957,-0.22801260869193035,0.0002055189698092208
2368,-0.27951865799467224,-0.27934069722148874,0.00017796077318349424
2369,-0.35801315914390208,-0.35791078996276515,0.00010236918113692983
2370,-0.45608451485348744,-0.45608526549700146,7.5064351401366025e-07
2371,-0.56296840826830086,-0.56307183399846639,0.00010342573016552947
2372,-0.66630380166503289,-0.66648162250422327,0.00017782083919037905
2373,-0.75392917050124664,-0.7541330067839328,0.00020383628268616505
2374,-0.81565256971196387,-0.81582722971805222,0.0001746600060883452
2375,-0.84472779258102693,-0.84482629905298012,9.850647195319695e-05
2376,-0.83881295555503621,-0.83880927799497385,3.6775600623650817e-06
2377,-0.80026696969208366,-0.8001628223575793,0.00010414733450436753
2378,-0.73573939038294356,-0.73556342052926582,0.00017596985367773765
2379,-0.65511695900789979,-0.65491668871836395,0.00020027028953584214
2380,-0.56998799436566183,-0.56981678150194692,0.00017121286371490907
2381,-0.49185876772119747,-0.49176162570720078,9.7142013996687204e-05
2382,-0.43039415700474776,-0.43039627799178803,2.1209870402771891e-06
2383,-0.39195152862436378,-0.39205177959549675,0.00010025097113297576
2384,-0.37863003641639326,-0.37880130840636173,0.00017127198996846893
2385,-0.3879798588628447,-0.38817625298353242,0.00019639412068772621
2386,-0.4134152192923054,-0.41358417126805153,0.00016895197574612331
2387,-0.44526744662085072,-0.44536377543521155,9.6328814360835402e-05
2388,-0.47231712354991939,-0.47231530893964885,1.8146102705451916e-06
2389,-0.48357166327327838,-0.48347258484044781,9.9078432830579377e-05
2390,-0.47001589275543809,-0.4698463959377141,0.00016949681772399083
2391,-0.42606795976709805,-0.42587345298216972,0.00019450678492832774
2392,-0.35051767381261617,-0.35034972425878558,0.00016794955383059307
2393,-0.24680248467865321,-0.24670523351683418,9.7251161819023046e-05
2394,-0.12257818515239088,-0.1225771826865846,1.0024658062823821e-06
2395,0.011351027838389651,0.011255389510249784,9.5638328139866294e-05
2396,0.14258277224401827,0.14241539279348325,0.00016737945053502123
2397,0.25891251312864655,0.25871725650788052,0.00019525662076602668
2398,0.35010346224149852,0.34993216322147769,0.00017129902002083197
2399,0.4093634610273279,0.40926223329547218,0.0001012277318557242
2400,0.43430428233358787,0.43430078080751133,3.5015260765325351e-06
2401,0.4272377616153899,0.42733344452768324,9.5682912293337807e-05
2402,0.39476535508785932,0.39493482623763176,0.00016947114977244881
2403,0.34672443098687689,0.34692214876409716,0.00019771777722027428
2404,0.29465242902839894,0.29482516690046479,0.00017273787206584235
2405,0.25000405071002191,0.25010525053398497,0.00010119982396306071
2406,0.2223927242495973,0.22239493575464989,2.2115050525850499e-06
2407,0.21812414632718383,0.21802636443929713,9.7781887886699836e-05
2408,0.23924527472229487,0.23907322886196239,0.00017204586033248148
2409,0.28325328038936437,0.28305267588743621,0.00020060450192815882
2410,0.34350828326348437,0.34333295022266175,0.0001753330408226228
2411,0.41028727431863249,0.41018469948485103,0.00010257483378145471
2412,0.47231712354991318,0.4723153089396423,1.8146102708782585e-06
2413,0.5185518355754849,0.51865149047754466,9.9654902059764794e-05
2414,0.53992282878424969,0.54009702700038664,0.00017419821613695596
2415,0.53079453824057365,0.53099600819737003,0.00020146995679637403
2416,0.48990243550671503,0.49007662383537132,0.00017418832865628842
2417,0.42062986697583943,0.42072979710332314,9.9930127483716102e-05
2418,0.33057961790755297,0.33057852492373369,1.0929838192841324e-06
2419,0.23050368917280173,0.23040217786543005,0.00010151130737168224
2420,0.13275279309326399,0.13257858176282994,0.00017421133043404868
2421,0.049480014892397568,0.049280349126462918,0.00019966576593465069
2422,-0.0091294269463924951,-0.0093006189683194837,0.00017119202192698857
2423,-0.036334252950613287,-0.036430981981717334,9.6729031104046681e-05
2424,-0.02979560911212005,-0.029792283620029298,3.3254920907520302e-06
2425,0.0081265699383265243,0.0082284070945785708,0.00010183715625204648
2426,0.070783752382621884,0.070956110245701198,0.00017235786307931433
2427,0.14829222638573758,0.14848849192058755,0.00019626553484997089
2428,0.22906860039262961,0.2292363427471692,0.00016774235453959063
2429,0.3016133297199019,0.30170829848774017,9.4968767838266022e-05
2430,0.35626997575629327,0.356267512428948,2.4633273452701054e-06
2431,0.38669149749538312,0.38659289518940071,9.8602305982409266e-05
2432,0.39079105708500422,0.39062309284113023,0.000167964243873997
2433,0.37103280703948244,0.37084053947632845,0.00019226756315399163
2434,0.33401883281886346,0.33385358252143638,0.00016525029742708863
2435,0.28943581420191167,0.28934151107756956,9.4303124342109967e-05
2436,0.24852261031229164,0.24852411122770296,1.5009154113176937e-06
2437,0.2222929117488299,0.22238949013383594,9.6578385006040879e-05
2438,0.21978481935946234,0.21995048727833086,0.00016566791886851728
2439,0.24660502588776828,0.24679555569842399,0.00019052981065570407
2440,0.30399051093673635,0.30415527877429205,0.00016476783755570157
2441,0.38853212036447232,0.38862749382132439,9.5373456852065885e-05
2442,0.49260343135667256,0.49260416610789359,7.3475122103205948e-07
2443,0.60543096297017396,0.60533679144397856,9.4171526195396815e-05
2444,0.71464460580145273,0.71448027845012207,0.00016432735133065091
2445,0.80807380225610503,0.80788261381803772,0.00019118843806731345
2446,0.87551755313907498,0.87535014848642334,0.00016740465265163706
2447,0.91022071886797207,0.91012176534125333,9.8953526718736917e-05
2448,0.90983274742151921,0.9098290389550816,3.7084664376019205e-06
2449,0.87670410506126895,0.87679720191234434,9.3096851075391562e-05
2450,0.81747608209062517,0.81764157865913312,0.00016549656850795014
2451,0.74202728332078416,0.74222103802247219,0.00019375470168803144
2452,0.66193795976288028,0.66210773609960982,0.00016977633672954351
2453,0.58870650954112325,0.58880609682617613,9.958728505288228e-05
2454,0.53199025922928167,0.53199233600375473,2.0767744730587623e-06
2455,0.49813931639116582,0.49804293867564453,9.6377715521289709e-05
2456,0.489245833098647,0.48907667808749855,0.00016915501114844744
2457,0.50285319737562861,0.50265659240295257,0.00019660497267603994
2458,0.532368996932854,0.53219766051145689,0.00017133642139710581
2459,0.56811818234212563,0.56801807203812982,0.00010011030399581511
2460,0.59887531934897376,0.59887344966313849,1.8696858352651446e-06
2461,0.61364214938011019,0.61373925908633087,9.7109706220677161e-05
2462,0.60339814787707569,0.60356833620381678,0.00017018832674109419
2463,0.56255639350524189,0.5627539058983464,0.00019751239310450419
2464,0.48990185900614602,0.49007319674521715,0.00017133773907113126
2465,0.388867463086982,0.38896596191549326,9.8498828511262015e-05
2466,0.26710484847752369,0.26710378311663918,1.0653608845112572e-06
2467,0.13541444083843449,0.13531439971861939,0.00010004111981509745
2468,0.0061952166639368568,0.0060238571428524127,0.00017135952108444409
2469,-0.10835135674310392,-0.10854709540799953,0.00019573866489561165
2470,-0.19799126175941847,-0.19815847495551392,0.00016721319609544483
2471,-0.25593477325624792,-0.25602895133213566,9.4178075887740853e-05
2472,-0.27979571790711166,-0.27979228362003422,3.4342870774417555e-06
2473,-0.27188759353347974,-0.27178813852694467,9.9455006535076329e-05
2474,-0.23881312774686581,-0.23864468972718475,0.00016843801968105532
2475,-0.1904105854259005,-0.19021827313178902,0.0001923122941114852
2476,-0.13821795767341888,-0.13805308111735232,0.00016487655606656215
2477,-0.093690147288993081,-0.093596547824785145,9.3599464207935745e-05
2478,-0.066440426590448909,-0.066442705962784371,2.2793723354619377e-06
2479,-0.062773953860818257,-0.062870909888934054,9.6956028115796622e-05
2480,-0.08473675385938112,-0.084901781843102847,0.00016502798372172722
2481,-0.12982467364447048,-0.13001308285910354,0.00018840921463306182
2482,-0.19139613482770373,-0.19155754747180653,0.00016141264410279854
2483,-0.25972608643654138,-0.25981787907784443,9.1792641303045652e-05
2484,-0.32353904145502993,-0.32353729158996836,1.7498650615732636e-06
2485,-0.3717862950928173,-0.37169184502397623,9.4450068841067658e-05
2486,-0.39539617986079251,-0.39523422883722054,0.00016195102357197122
2487,-0.38872965954707411,-0.38854307250847209,0.0001865870386020263
2488,-0.35051835152971428,-0.3503565803795074,0.00016177115020687971
2489,-0.28414142984515728,-0.28404749232697896,9.3937518178321966e-05
2490,-0.1971972518797227,-0.19719621694120848,1.0349385142216505e-06
2491,-0.10043308780670906,-0.10052536939332159,9.228158661252206e-05
2492,-0.0061945817381140597,-0.0063557904214743347,0.00016120868336027497
2493,0.073370607935715149,0.073183219539915523,0.00018738839579962585
2494,0.1280830597934749,0.12791925190938833,0.00016380788408656977
2495,0.15120756656449841,0.15111096087514672,9.6605689351686452e-05
2496,0.14041152829116874,0.14040815466126916,3.3736298995779013e-06
2497,0.098061370171924386,0.098152632083740615,9.1261911816228891e-05
2498,0.030812394496142547,0.030974452852101694,0.00016205835595914722
2499,-0.051444604398833436,-0.051254769980033477,0.00018983441879995983
2500,-0.13711881536453591,-0.13695224669654923,0.0001665686679866718
2501,-0.21470305722147473,-0.21460508254646307,9.7974675011658352e-05
2502,-0.27453315673044354,-0.27453072897330699,2.4277571365471928e-06
2503,-0.31025418111711361,-0.31034841483362696,9.4233716513347776e-05
2504,-0.31977119393377079,-0.31993699669585457,0.00016580276208377764
2505,-0.30554000090342637,-0.30573284908139198,0.00019284817796560993
2506,-0.2741540553692936,-0.27432209011360525,0.00016803474431165144
2507,-0.2352912583137666,-0.23538927418390884,9.8015870142242889e-05
2508,-0.20018168107192008,-0.2001832030243253,1.5219524052145772e-06
2509,-0.17983015737479671,-0.17973460961070636,9.5547764090347931e-05
2510,-0.18326580888019212,-0.1830987581274621,0.00016705075273001913
2511,-0.21608617849639006,-0.21589254873994279,0.00019362975644726665
2512,-0.27951887819828997,-0.27935098625718413,0.0001678919411058355
2513,-0.37014531786503552,-0.37004867583244955,9.6642032585969595e-05
2514,-0.48032971934768554,-0.4803304594401776,7.4009249206863359e-07
2515,-0.59928926916733949,-0.59938696121272594,9.7692045386454929e-05
2516,-0.71464449432721422,-0.71481227468246278,0.00016778035524855905
2517,-0.8142153899749851,-0.81440739858747979,0.00019200861249468737
2518,-0.88779137143286768,-0.88795557482727161,0.00016420339440392784
2519,-0.92860772739061703,-0.92870010393615376,9.2376545536732024e-05
2520,-0.93430449992355402,-0.93430078080750478,3.719116049238913e-06
2521,-0.90722286280694953,-0.90712477266378289,9.8090143166640331e-05
2522,-0.85399487578148781,-0.8538293114066916,0.00016556437479620101
2523,-0.78448992103479342,-0.78430143885709702,0.00018848217769640296
2524,-0.71027897593593703,-0.71011775169226921,0.00016122424366782351
2525,-0.64285126006758841,-0.64275977191822864,9.1488149359775228e-05
2526,-0.59185516330306409,-0.5918572140255427,2.0507224786081579e-06
2527,-0.56363205427362217,-0.56372655378230863,9.4499508686451961e-05
2528,-0.56026549760131528,-0.56042678245231359,0.00016128485099831114
2529,-0.57929039296447105,-0.57947508440065976,0.00018469143618871087
2530,-0.61410587873536804,-0.61426451341635935,0.00015863468099130973
2531,-0.65502862733824907,-0.65511889092730446,9.0263589055394888e-05
2532,-0.69082523086463421,-0.69082332116405909,1.9097005751200768e-06
2533,-0.71048972827721568,-0.71039656095759696,9.3167319618725486e-05
2534,-0.70499412522446381,-0.70483487138743983,0.000159253837023976
2535,-0.66874421537150019,-0.66856139469383424,0.00018282067766595134
2536,-0.60051781333678889,-0.60035981762565382,0.00015799571113506161
2537,-0.50374091752569428,-0.50364929679688863,9.1620728805641427e-05
2538,-0.38605860068581765,-0.38605748355866792,1.1171271497301127e-06
2539,-0.25826504812172224,-0.25835489068225082,8.9842560528574644e-05
2540,-0.13275329697325983,-0.13291070397279248,0.00015740699953264992
2541,-0.021719135458644966,-0.021902808960115649,0.0001836735014706832
2542,0.064608890147518416,0.064447732255358853,0.00016115789215956355
2543,0.1194462347555882,0.11935096159467017,9.5273160918035726e-05
2544,0.14041152829116632,0.14040815466126644,3.3736298998832126e-06
2545,0.12982270198083048,0.12991263425170044,8.9932270869952369e-05
2546,0.094286564142097032,0.094445982508690463,0.00015941836659343067
2547,0.043645138995527653,0.043831275844971158,0.00018613684944350506
2548,-0.010560100129385895,-0.010397313140028147,0.00016278698935774834
2549,-0.0568710969064549,-0.05677554681997754,9.5550086477359797e-05
2550,-0.085671807924340745,-0.085669462355839887,2.3455685008583194e-06
2551,-0.090654693436569303,-0.0907466305764313,9.1937139861997252e-05
2552,-0.069771732126691827,-0.06993379946070237,0.0001620673340105433
2553,-0.025525445078999533,-0.025714578872117595,0.00018913379311806186
2554,0.035443889994373382,0.035278502422298234,0.00016538757207514715
2555,0.10341217487062217,0.1033154099861391,9.6764884483069302e-05
2556,0.16710450833766949,0.16710282654974964,1.6817879198438579e-06
2557,0.21547238352689319,0.2155664397780522,9.4056251159019277e-05
2558,0.23944393502745326,0.2396082778392056,0.00016434281175234378
2559,0.23337954082359269,0.2335695394323056,0.00018999860871291019
2560,0.19600986554362948,0.19617409437880889,0.00016422883517941411
2561,0.13071278254775887,0.13080701715263271,9.4234604873844052e-05
2562,0.045085017364924929,0.045084048622576534,9.6874234839505746e-07
2563,-0.050128156388743468,-0.050223791987729915,9.5635598986447412e-05
2564,-0.14258347606469141,-0.14274770414553908,0.00016422808084767815
2565,-0.22013605436608533,-0.22032435415334511,0.00018829978725978802
2566,-0.27260962339823891,-0.27277106319244415,0.00016143979420524257
2567,-0.29327245811714298,-0.29336353622249872,9.1078105355746342e-05
2568,-0.27979571790711066,-0.27979228362003394,3.4342870767201106e-06
2569,-0.23454990867258349,-0.23445354785848663,9.6360814096863034e-05
2570,-0.1641947661080457,-0.16403208147432985,0.00016268463371585384
2571,-0.07862588780292229,-0.078440979717791764,0.00018490808513052515
2572,0.010560735055203066,0.010718520203035965,0.00015778514783289926
2573,0.09185244993817604,0.091941672772246713,8.9222834070673551e-05
2574,0.15557940452213928,0.1555770285312682,2.3759908710785371e-06
2575,0.19538072667839332,0.19528799442664443,9.2732251748883776e-05
2576,0.20915523960312468,0.20899724045808604,0.00015799914503863977
2577,0.19935217903716959,0.19917117959861877,0.00018099943855082179
2578,0.17255807802191231,0.17240241081016033,0.00015566721175197529
2579,0.13844367941667168,0.13835487666900068,8.8802747671007376e-05
2580,0.10823176955627324,0.10823333152341776,1.5619671445143979e-06
2581,0.092919712378686792,0.09301089214719227,9.1179768505478265e-05
2582,0.10152892707768832,0.10168506937183454,0.00015614229414621927
2583,0.13964898290755387,0.13982827212158375,0.0001792892140298763
2584,0.20849921369562197,0.20865405730872033,0.00015484361309836547
2585,0.30465257998257311,0.30474217516155061,8.9595178977497358e-05
2586,0.42046481527389179,0.42046558141837886,7.6614448707434946e-07
2587,0.54514451864085944,0.5450561644566625,8.8354184196948182e-05
2588,0.66630347815414148,0.66614905863410312,0.00015441952003836246
2589,0.77175275226096174,0.77157273900403256,0.00018001325692917902
2590,0.85127257774199505,0.85111462785158343,0.00015794989041162388
2591,0.89808896964493212,0.89799539561766073,9.3574027271392524e-05
2592,0.90983274742152087,0.90982903895508249,3.7084664383790766e-06
2593,0.88883585428431178,0.88892358031088525,8.7726026573475835e-05
2594,0.8417210574877072,0.84187712934489822,0.00015607185719102024
2595,0.77834833331592723,0.77853096488628548,0.00018263157035824928
2596,0.7102790874101893,0.71043901601770132,0.00015992860751201654
2597,0.64899295387043476,0.64908676718854852,9.3813318113755706e-05
2598,0.6041288753120595,0.60413092069326824,2.045381208737318e-06
2599,0.58201885677306509,0.58192819660988093,9.0660163184153042e-05
2600,0.58473713033976471,0.58457777934711863,0.00015935099264607899
2601,0.60980924035585071,0.60962371982685315,0.00018552052899756255
2602,0.65062488921464012,0.65046292815882711,0.00016196105581300912
2603,0.69749138171228464,0.69739657459679172,9.4807115492923089e-05
2604,0.73916616010500991,0.73916422936744008,1.9307375698218721e-06
2605,0.76463428416536672,0.7647260062751513,9.1722109784586614e-05
2606,0.76485890267403966,0.76501971828422077,0.00016081561018110868
2607,0.73423702150756065,0.73442352604270855,0.00018650453514790222
2608,0.67153767648802321,0.67169928955462199,0.00016161306659878694
2609,0.58017823390395984,0.5802710101656271,9.2776261667260052e-05
2610,0.46779541971165789,0.46779426701430016,1.1526973577313804e-06
2611,0.34517532062013484,0.34508086059152632,9.4460028608522872e-05
2612,0.22470308200133612,0.22454137914045469,0.00016170286088143526
2613,0.11856675744553162,0.11838201183240621,0.0001847456131254116
2614,0.03698725673123221,0.036829386154649042,0.00015787057658316755
2615,-0.013258294645343787,-0.013347195935833613,8.8901290489825507e-05
2616,-0.029795609112113947,-0.029792283620023268,3.3254920906791718e-06
2617,-0.014949388366930196,-0.014855367370106547,9.4020996823648145e-05
2618,0.024667068705011515,0.024826145241191741,0.00015907653618022627
2619,0.079205483832619605,0.079386898701955783,0.00018141486933617723
2620,0.1371183114845746,0.13727362560675582,0.00015531412218122709
2621,0.18694169827258542,0.18702967366803161,8.7975395446193705e-05
2622,0.21905417395220203,0.21905177033839651,2.4036138055183454e-06
2623,0.2271431305672712,0.22705160105757866,9.152950969254503e-05
2624,0.20915581610369799,0.20900026664507987,0.00015554945861812053
2625,0.16759032377249009,0.16741281316439191,0.00017751060809817476
2626,0.10908275892906225,0.1089306906393222,0.00015206828974004272
2627,0.043353365612014784,0.043266867882097333,8.649772991745075e-05
2628,-0.018326426242819917,-0.018324809200110648,1.6170427092690454e-06
2629,-0.064911195644832123,-0.064822234414752572,8.8961230079551146e-05
2630,-0.087331786591693036,-0.087179209811801411,0.00015257677989162499
2631,-0.079950934078705002,-0.079775140780962345,0.0001757932977426574
2632,-0.041501344680705342,-0.041348950737899334,0.00015239394280600754
2633,0.024637409918633033,0.024725858548745927,8.8448630112893806e-05
2634,0.11086728029426281,0.11086818116932967,9.0087506686431507e-07
2635,0.20644205980981956,0.20635505472207549,8.7005087744063125e-05
2636,0.29901794741971943,0.29886602809864948,0.00015191932106994877
2637,0.37644989992710493,0.37627331121891427,0.00017658870819065031
2638,0.42856185073926467,0.42840740400983951,0.00015444672942516169
2639,0.4486226261990699,0.44853136314665232,9.1263052417578372e-05
2640,0.43430428233358698,0.43430078080750989,3.5015260770876466e-06
2641,0.38797859644364735,0.38806432917648692,8.5732732839571835e-05
2642,0.31630696659009655,0.31645963567874169,0.00015266908864514095
2643,0.22918704418842745,0.22936618105320111,0.00017913686477366575
2644,0.13821725385271214,0.13837463205463021,0.00015737820191807916
2645,0.054913018738611312,0.05500565782265162,9.2639084040307962e-05
2646,-0.011052741197035356,-0.01105042810124123,2.3130957941264185e-06
2647,-0.053315748270082619,-0.053404829127687702,8.9080857605082497e-05
2648,-0.0697710544096002,-0.069927745580570758,0.00015669117097055762
2649,-0.062863745299019627,-0.063045897320054375,0.00018215202103474826
2650,-0.039175822900258922,-0.039334487058172475,0.00015866415791355309
2651,-0.0083731933098186648,-0.0084658104467014335,9.2617136882768708e-05
2652,0.018326426242803989,0.018324809200093758,1.6170427102300822e-06
2653,0.029931023342608148,0.030021035669985818,9.0012327377670537e-05
2654,0.017424850562873129,0.017582516720510782,0.00015766615763765368
2655,-0.024775644394765813,-0.024592622920371059,0.00018302147439475461
2656,-0.097883417013374538,-0.097724549348477033,0.00015886766489750515
2657,-0.19846479221578703,-0.19837333702767504,9.1455188111988495e-05
2658,-0.31886871304938241,-0.31886952340643526,8.1035705284948634e-07
2659,-0.44829677682096325,-0.44838939704068465,9.2620219721395447e-05
2660,-0.57435351275695434,-0.57451232770308935,0.00015881494613501079
2661,-0.68484242794810624,-0.68502384737747257,0.00018141942936633626
2662,-0.76953588603433731,-0.76969073734632321,0.00015485131198589297
2663,-0.82165183427576194,-0.8217387705242144,8.6936248452462728e-05
2664,-0.83881295555504343,-0.83880927799498084,3.6775600625871263e-06
2665,-0.82334292799736108,-0.82325033345181375,9.2594545547330931e-05
2666,-0.78185607406058011,-0.78169985250591534,0.0001562215546647705
2667,-0.7242037015610453,-0.72402574351730142,0.00017795804374387547
2668,-0.66193828327374082,-0.66178595551244501,0.00015232776129581183
2669,-0.60653039916853024,-0.60644397549159668,8.6423676933566895e-05
2670,-0.56760995880884368,-0.56761202008234413,2.0612735004421623e-06
2671,-0.55149989555246637,-0.55158935457422953,8.9459021763160784e-05
2672,-0.56026527739767806,-0.56041769786428819,0.00015242046661012587
2673,-0.59142234212980638,-0.59159655258478883,0.00017421045498244858
2674,-0.63835129318207129,-0.6385006364420841,0.00014934326001281306
2675,-0.69134989521071433,-0.691434711059292,8.481584857766844e-05
2676,-0.73916616010500624,-0.7391642293674372,1.9307375690447159e-06
2677,-0.77077577066692871,-0.77068801119016128,8.7759476767423905e-05
2678,-0.77713249870659873,-0.77698249974724654,0.00014999895935219332
2679,-0.75262391973359488,-0.75245154155081473,0.00017237818278015293
2680,-0.69600952943009764,-0.69586035053166617,0.00014917889843146792
2681,-0.61069719512454523,-0.6106105590912223,8.6636033322928796e-05
2682,-0.50431433621486055,-0.5043131676252085,1.1685896520452488e-06
2683,-0.38763787532202598,-0.38772266263920285,8.4787317176870935e-05
2684,-0.27304388613777159,-0.27319248064410501,0.00014859450633342153
2685,-0.17271138920040216,-0.17288468837761628,0.00017329917721412014
2686,-0.096852240158349631,-0.097004214229313976,0.00015197407096434468
2687,-0.052234631641600165,-0.052324495744461852,8.9864102861686446e-05
2688,-0.041224182754360426,-0.041227477340075966,3.2945857155394775e-06
2689,-0.061487747002239447,-0.061403095674216014,8.4651328023432892e-05
2690,-0.10640376041267241,-0.10625346406248147,0.0001502963501909399
2691,-0.16611580814548088,-0.16594003178681163,0.00017577635866924957
2692,-0.22906827688177042,-0.2289142746460881,0.00015400223568232119
2693,-0.28378944009249202,-0.28369884459854533,9.0595493946687977e-05
2694,-0.32065027617672248,-0.3206478283503495,2.4478263729865724e-06
2695,-0.33333091833406769,-0.33341775288349157,8.6834549423875362e-05
2696,-0.31977161278595362,-0.3199248768713821,0.00015326408542848391
2697,-0.28246366228528269,-0.28264252414475588,0.00017886185947318944
2698,-0.22803653656962355,-0.2281928891610803,0.00015635259145674318
2699,-0.16620410133330404,-0.16629554377643052,9.1442443126477091e-05
2700,-0.10823176955624624,-0.10823333152339151,1.5619671452776762e-06
2701,-0.065159290462005193,-0.0650703665536954,8.8923908309793132e-05
2702,-0.046050468529941373,-0.045895081239896163,0.00015538729004520996
2703,-0.056537499659424756,-0.056357776660268227,0.00017972299915652856
2704,-0.097882840512799982,-0.097727401335110764,0.00015543917768921778
2705,-0.16670238832692788,-0.16661312427701558,8.9264049912302079e-05
2706,-0.25539394361935563,-0.25539478159934387,8.3797998823298414e-07
2707,-0.35320752848660147,-0.35329800202589468,9.0473539293201011e-05
2708,-0.4477959363276347,-0.44795134329856889,0.00015540697093419098
2709,-0.52701105631261347,-0.52718918021928562,0.00017812390667215627
2710,-0.58067405122132032,-0.58082663118677813,0.00015257996545781083
2711,-0.60205131397013723,-0.60213719540503241,8.5881434895185293e-05
2712,-0.58881284676006129,-0.58880927799498517,3.568765076122915e-06
2713,-0.54332876452556533,-0.54323738806896549,9.137645659984539e-05
2714,-0.47225919393110533,-0.47210528354852521,0.00015391038258011358
2715,-0.38550088974942226,-0.38532616790793905,0.00017472184148320524
2716,-0.29465172520770938,-0.29450275311859786,0.00014897208911152093
2717,-0.21122692215965358,-0.21114271839632842,8.4203763325157999e-05
2718,-0.14489955646211963,-0.14490180169063044,2.2452285108054415e-06
2719,-0.10203444419628151,-0.10212196577007074,8.7521573789231533e-05
2720,-0.084737466453304322,-0.084886620732188001,0.0001491542788836786
2721,-0.090564861445858388,-0.090735773754832064,0.00017091230897367526
2722,-0.11293632553550159,-0.11308331347905189,0.00014698794355029465
2723,-0.14218799457225101,-0.1422717481223949,8.3753550143894628e-05
2724,-0.16710450833766732,-0.16710282654974815,1.6817879191777241e-06
2725,-0.17669656382526011,-0.1766102433607501,8.6320464510014627e-05
2726,-0.1619514994863207,-0.16180395771152267,0.00014754177479803232
2727,-0.11728923429873035,-0.11712003712004902,0.00016919717868132955
2728,-0.041500666963628634,-0.041354656045718384,0.00014601091791024978
2729,0.061976355085097155,0.062060870596700485,8.451551160332943e-05
2730,0.18548634702154093,0.18548721542389929,8.6840235835605739e-07
2731,0.31822617545485715,0.31814304924343095,8.3126211426198804e-05
2732,0.44779530140179097,0.44764973413702558,0.00014556726476538939
2733,0.56199180511998159,0.5618217971862195,0.00017000793376209522
2734,0.65058225318724527,0.65043281891076687,0.00014943427647839957
2735,0.70677852066186964,0.70668984897457299,8.8671687296648649e-05
2736,0.72819703637599043,0.72819340695373691,3.6294222535149245e-06
2737,0.71715498788710885,0.71723793927888324,8.2951391774388483e-05
2738,0.68025992718181727,0.68040754380945967,0.00014761662764239958
2739,0.62735607957414463,0.62752871719459424,0.00017263762044961162
2740,0.56998849824565312,0.57013959949658277,0.00015110125092965276
2741,0.51962012667011126,0.51970881061606988,8.8683945958623056e-05
2742,0.48587313978300362,0.48587523662671334,2.0968437097201864e-06
2743,0.47506257917420897,0.47497711944367071,8.5459730538250955e-05
2744,0.48924541424645668,0.48909488806667289,0.00015052617978378313
2745,0.52592953599376224,0.52575394431980049,0.00017559167396175024
2746,0.5784865157325122,0.57833294240136157,0.00015357333115062488
2747,0.63720533932257728,0.63711531062023963,9.0028702337652255e-05
2748,0.69082523086463876,0.69082332116406353,1.9097005752310992e-06
2749,0.72831301629289513,0.72839999927188648,8.6982978991345661e-05
2750,0.74061348822732265,0.74076595052480454,0.00015246229748189233
2751,0.72210507234220522,0.72228168281703253,0.00017661047482731007
2752,0.67153789669163522,0.67169072825434495,0.00015283156270973208
2753,0.59231039262508878,0.59239802116918849,8.7628544099715988e-05
2754,0.49204062420585248,0.49203946095747153,1.1632483809531635e-06
2755,0.38149618151917064,0.38140684594059476,8.9335578575877594e-05
2756,0.27304377466351526,0.27289082369566092,0.00015295096785433726
2757,0.17885297691926871,0.17867808652155009,0.00017489039771861892
2758,0.10912605845213463,0.10897649476337114,0.00014956368876349602
2759,0.070621640164244548,0.070537433737294597,8.4206426949950952e-05
2760,0.065695935256400759,0.065699219192504932,3.2839361041731019e-06
2761,0.092006504747931081,0.092095774759932914,8.9270012001832488e-05
2762,0.14292255410354948,0.14307333017104015,0.00015077606749067107
2763,0.20857844585950602,0.20875006563810591,0.00017161977859989075
2764,0.27740929305484219,0.27755591852438899,0.00014662546954680167
2765,0.33793419061896857,0.33801704481383377,8.2854194865200625e-05
2766,0.38051518025051168,0.38051270637214407,2.4738783676037102e-06
2767,0.39882365621652532,0.39873713381221298,8.6522404312339152e-05
2768,0.39079127728861796,0.39064436081502302,0.00014691647359493798
2769,0.35890085787411691,0.35873312879951419,0.00016772907460271824
2770,0.30977341837212763,0.30962962443741077,0.00014379393471686264
2771,0.25311454632941677,0.25303270906279984,8.1837266616924254e-05
2772,0.2001816810718979,0.20018320302430348,1.5219524055753997e-06
2773,0.16200686935910671,0.16209103239586617,8.4163036759454801e-05
2774,0.14764644587733092,0.1477907307373636,0.00014428486003267849
2775,0.162725321525691,0.16289141500538162,0.0001660934796906266
2776,0.20849879484345649,0.20864263600381655,0.00014384116036006422
2777,0.28157584276565933,0.28165924517192265,8.3402406263310969e-05
2778,0.37434769582767108,0.37434848204139437,7.8621372329168437e-07
2779,0.47605813576991129,0.47597599530358392,8.2140466327373929e-05
2780,0.57435401663697749,0.57421057513656359,0.00014344150041389891
2781,0.65708154851437794,0.65691466500496376,0.00016688350941418406
2782,0.71405642283323023,0.71391025716912748,0.00014616566410274867
2783,0.73853985247079956,0.73845326281421342,8.6589656586144592e-05
2784,0.72819703637600353,0.72819340695375012,3.6294222534039022e-06
2785,0.68539365607820701,0.68547452764036154,8.087156215452751e-05
2786,0.61678575753586273,0.61693011317593882,0.00014435564007608814
2787,0.53226633617978258,0.53243586258245779,0.00016952640267520191
2788,0.44342978301050406,0.44357877374674759,0.0001489907362435261
2789,0.36178816635509475,0.36187587556147915,8.770920638440094e-05
2790,0.29701179097690728,0.29701397000925289,2.1790323456172267e-06
2791,0.25546309149367191,0.25537872946064516,8.4362033026752492e-05
2792,0.23924595243938432,0.2390975655174401,0.00014838692194421577
2793,0.24591498016933855,0.2457424525739059,0.00017252759543265328
2794,0.26888857036884317,0.26873821582746216,0.00015035454138101478
2795,0.29850190613818067,0.29841401065083667,8.7895487344002987e-05
2796,0.32353904145503587,0.32353729158997507,1.7498650607961075e-06
2797,0.33301047539118889,0.33309557070208845,8.5095310899563348e-05
2798,0.31790374431966123,0.31805306598464,0.0001493216649787743
2799,0.27263935302220976,0.27281284629924768,0.00017349327703791717
2800,0.19600915294970939,0.19615980770960431,0.00015065475989492483
2801,0.091452292212296352,0.091538959008273468,8.6666795977116684e-05
2802,-0.033374112506747766,-0.033375047105271505,9.3459852373856123e-07
2803,-0.16766493125940821,-0.16775295909417456,8.8027834766357671e-05
2804,-0.29901724359898757,-0.2991679242032298,0.00015068060424222596
2805,-0.41522635868961255,-0.41539823948086452,0.00017188079125196598
2806,-0.50605568958248215,-0.50620220283953932,0.00014651325705716811
2807,-0.56471362910922773,-0.56479577972363471,8.2150614406972799e-05
2808,-0.58881284676005285,-0.58880927799497629,3.5687650765670043e-06
2809,-0.58066644938645695,-0.58057879934618073,8.7650040276221475e-05
2810,-0.54687755556992301,-0.54672969663925941,0.00014785893066360245
2811,-0.49728558737239792,-0.49711708222129636,0.00016850515110156117
2812,-0.44343041793632715,-0.44328614170084546,0.00014427623548168844
2813,-0.39676951938681404,-0.39668773930705842,8.1780079755622292e-05
2814,-0.36691938757469317,-0.3669215361846675,2.1486099743284193e-06
2815,-0.3601891247354721,-0.36027407988485677,8.4955149384668971e-05
2816,-0.37862945991578401,-0.37877389080375845,0.00014443088797444492
2817,-0.41974171412746958,-0.4199064759909254,0.00016476186345582011
2818,-0.47689053838508905,-0.4770315369878958,0.00014099860280675225
2819,-0.54035776042544026,-0.5404377338254901,7.9973400049837551e-05
2820,-0.59887531934895444,-0.59887344966311884,1.8696858355982116e-06
2821,-0.64140257129675882,-0.64131974053139362,8.2830765365193848e-05
2822,-0.65887660642480816,-0.65873495589936049,0.00014165052544767853
2823,-0.64566787675337733,-0.64550488170610731,0.00016299504727002034
2824,-0.60051823218899447,-0.60037697637468757,0.00014125581430690648
2825,-0.52681765474267039,-0.52673553687105801,8.211787161238604e-05
2826,-0.43217572013211408,-0.43217458293572769,1.1371963863915369e-06
2827,-0.3273514309927506,-0.32743175460357815,8.0323610827548464e-05
2828,-0.22470275849049803,-0.22484346683640119,0.00014070834590315662
2829,-0.13639033920528904,-0.1365542821791518,0.00016394297386276846
2830,-0.072607264761287871,-0.072750926169960428,0.00014366140867255739
2831,-0.040102882418564322,-0.040187875649702068,8.4993231137746317e-05
2832,-0.041224182754351767,-0.041227477340067084,3.2945857153174329e-06
2833,-0.073619496225259845,-0.073539709157755248,7.9787067504596965e-05
2834,-0.13064873580972389,-0.13050672921992118,0.00014200658980270675
2835,-0.20243685814059167,-0.2022703983179614,0.00016645982263027714
2836,-0.27740940452905111,-0.27726324264984825,0.00014616187920285517
2837,-0.34407588442178316,-0.34398971957795443,8.6164843828728799e-05
2838,-0.39278889225949165,-0.39278641303985318,2.4792196384737508e-06
2839,-0.4172104587159694,-0.41729282138269569,8.2362666726287781e-05
2840,-0.41526291002708426,-0.41540834263743509,0.00014543261035082633
2841,-0.38941970526552422,-0.38958930299365807,0.00016959772813385232
2842,-0.34629242885143069,-0.34644054752136699,0.00014811866993630352
2843,-0.29557730070347987,-0.29566388716073411,8.6586457254234084e-05
2844,-0.24852261031229117,-0.24852411122770279,1.500915411623005e-06
2845,-0.2161514252472603,-0.21606725783804726,8.4167409213048439e-05
2846,-0.20751122332689281,-0.20736402037269858,0.00014720295419423657
2847,-0.22821812766172184,-0.22804765490635279,0.00017047275536904993
2848,-0.27951865799464914,-0.27937102516832013,0.00014763282632901387
2849,-0.35801315914387588,-0.35792828656741127,8.4872576464611882e-05
2850,-0.45608451485346124,-0.45608526549697515,7.5064351390263795e-07
2851,-0.56296840826827765,-0.56305436383508578,8.5955566808126882e-05
2852,-0.66630380166501502,-0.66645138615283617,0.00014758448782115074
2853,-0.75392917050123542,-0.75409811921775316,0.00016894871651773613
2854,-0.81565256971196032,-0.81579703900591094,0.00014446929395062202
2855,-0.84472779258103059,-0.84480888158931955,8.1089008288959263e-05
2856,-0.83881295555504654,-0.83880927799498484,3.6775600616989479e-06
2857,-0.80026696969209909,-0.80018021356250668,8.6756129592413522e-05
2858,-0.73573939038296166,-0.73559352027835101,0.00014587010461064587
2859,-0.65511695900791889,-0.65495141873165652,0.00016554027626236589
2860,-0.56998799436567993,-0.56984683592654295,0.00014115843913697912
2861,-0.49185876772121279,-0.49177896457586967,7.9803145343115833e-05
2862,-0.43039415700475947,-0.43039627799179958,2.1209870401106556e-06
2863,-0.3919515286243716,-0.3920344668047282,8.2938180356595392e-05
2864,-0.37863003641639742,-0.37877134431828485,0.00014130790188743303
2865,-0.38797985886284581,-0.38814167943789379,0.00016182057504798841
2866,-0.41341521929230446,-0.41355425219261949,0.00013903290031502813
2867,-0.44526744662084972,-0.44534651462061109,7.906799976137302e-05
2868,-0.47231712354991978,-0.47231530893964974,1.8146102700455913e-06
2869,-0.48357166327328194,-0.48348981975638372,8.1843516898216784e-05
2870,-0.47001589275544664,-0.46987622529745893,0.00013966745798771329
2871,-0.42606795976711265,-0.42590787113545214,0.00016008863166050435
2872,-0.35051767381263715,-0.35037950891486186,0.00013816489777529473
2873,-0.24680248467868027,-0.24672241681338433,8.0067865295935237e-05
2874,-0.12257818515242294,-0.12257718268661622,1.0024658067264713e-06
2875,0.011351027838354613,0.011272547085633196,7.848075272141701e-05
2876,0.14258277224398277,0.14244508834890315,0.00013768389507962109
2877,0.25891251312861319,0.25875152033412163,0.00016099279449155457
2878,0.35010346224146988,0.34996181437935686,0.00014164786211301461
2879,0.40936346102730603,0.40927933960495183,8.4121422354199726e-05
2880,0.43430428233357393,0.43430078080749723,3.5015260766990686e-06
2881,0.42723776161538379,0.42731636376334647,7.8602147962680835e-05
2882,0.39476535508785954,0.39490526357086991,0.00013990848301037584
2883,0.34672443098688066,0.3468880382092111,0.00016360722233044189
2884,0.29465242902840322,0.29479564832792571,0.00014321929952249013
2885,0.25000405071002402,0.250088220685319,8.4169975294978716e-05
2886,0.22239272424959372,0.22239493575464658,2.2115050528626057e-06
2887,0.21812414632717278,0.21804336891710724,8.0777410065541178e-05
2888,0.23924527472227614,0.23910265954721904,0.00014261517505709254
2889,0.28325328038933872,0.28308663421686642,0.00016664617247230673
2890,0.34350828326345445,0.34336233711424569,0.00014594614920876436
2891,0.41028727431860179,0.41020165339403242,8.562092456937398e-05
2892,0.47231712354988598,0.47231530893961504,1.8146102709337697e-06
2893,0.51855183557546536,0.51863456176642664,8.2726190961279755e-05
2894,0.53992282878424058,0.54006772739766551,0.00014489861342492638
2895,0.53079453824057632,0.53096220105694814,0.00016766281637181635
2896,0.48990243550672929,0.49004736772851959,0.00014493222179029486
2897,0.42062986697586302,0.42071291861696791,8.3051641104892049e-05
2898,0.33057961790758233,0.33057852492376272,1.0929838196171993e-06
2899,0.23050368917283259,0.2304190313248862,8.4657847946395526e-05
2900,0.13275279309329172,0.13260775117373835,0.00014504191955336254
2901,0.049480014892418087,0.049314006104839575,0.00016600878757851156
2902,-0.009129426946381948,-0.0092714927581674239,0.00014206581178547589
2903,-0.036334252950613828,-0.036414178406252252,7.9925455638424348e-05
2904,-0.029795609112131059,-0.029792283620040355,3.325492090703458e-06
2905,0.0081265699383072081,0.008211628376442218,8.5058438135009878e-05
2906,0.070783752382597417,0.070927070143991744,0.0001433177613943265
2907,0.14829222638571157,0.14845498408664101,0.00016275770092943898
2908,0.22906860039260532,0.22920734555377004,0.00013874516116471614
2909,0.30161332971988192,0.30169156931589441,7.8239596012497081e-05
2910,0.35626997575627928,0.35626751242893384,2.4633273454366389e-06
2911,0.38669149749537501,0.38660959967193609,8.1897823438925599e-05
2912,0.39079105708500117,0.39065200450824722,0.00013905257675395077
2913,0.37103280703948288,0.37087389917421926,0.00015890786526362444
2914,0.33401883281886574,0.33388245157002905,0.00013638124883669223
2915,0.28943581420191411,0.28935816634843486,7.7647853479245743e-05
2916,0.24852261031229378,0.24852411122770496,1.5009154111789158e-06
2917,0.2222929117488314,0.22237285938571028,7.9947636878879846e-05
2918,0.21978481935946395,0.21992170317906076,0.0001368838195968114
2919,0.24660502588777078,0.24676234313728065,0.00015731724950987513
2920,0.30399051093674084,0.30412653700639219,0.00013602606965135156
2921,0.38853212036447987,0.38861091195329872,7.8791588818849512e-05
2922,0.492603431356683,0.49260416610790392,7.3475122092103717e-07
2923,0.6054309629701865,0.60535334895433324,7.7614015853266771e-05
2924,0.71464460580146616,0.71450893584045105,0.00013566996101510576
2925,0.80807380225611747,0.8079156802327182,0.00015812202339926529
2926,0.87551755313908441,0.87537876382995461,0.00013878930912980536
2927,0.91022071886797584,0.91013827430010308,8.2444567872763663e-05
2928,0.90983274742151721,0.90982903895507938,3.7084664378239651e-06
2929,0.87670410506126051,0.87678071714762418,7.6612086363669896e-05
2930,0.81747608209061251,0.8176130471266061,0.00013696503599358589
2931,0.74202728332076939,0.74218811677291596,0.0001608334521465693
2932,0.66193795976286596,0.66207924633186022,0.00014128656899425884
2933,0.58870650954111292,0.58878966028730684,8.315074619391627e-05
2934,0.53199025922927679,0.53199233600375007,2.0767744732808069e-06
2935,0.49813931639116887,0.49805935118246086,7.9965208708010493e-05
2936,0.48924583309865743,0.48910508460572799,0.00014074849292944336
2937,0.50285319737564571,0.50268936945991782,0.00016382791572788769
2938,0.53236899693287487,0.53222602554440179,0.00014297138847307878
2939,0.56811818234214784,0.56803443664183206,8.3745700315773774e-05
2940,0.59887531934899418,0.59887344966315936,1.8696858348210554e-06
2941,0.61364214938012573,0.61372291835407655,8.0768973950817724e-05
2942,0.60339814787708479,0.60354005386395992,0.00014190598687513489
2943,0.56255639350524367,0.56272127207017619,0.00016487856493252462
2944,0.4899018590061413,0.49004495561366063,0.00014309660751932185
2945,0.38886746308697223,0.3889496687665156,8.2205679543367882e-05
2946,0.2671048484775112,0.26710378311662658,1.0653608846222795e-06
2947,0.135414440838422,0.13533066915536396,8.3771683058037061e-05
2948,0.0061952166639263409,0.006052016132817967,0.00014320053110837387
2949,-0.10835135674311061,-0.10851460385341333,0.00016324711030271666
2950,-0.1979912617594205,-0.19813035689934705,0.00013909513992654832
2951,-0.2559347732562452,-0.25601272916170392,7.7955905458726438e-05
2952,-0.27979571790710467,-0.27979228362002684,3.4342870778303336e-06
2953,-0.27188759353346958,-0.27180433714293017,8.3256390539410141e-05
2954,-0.23881312774685343,-0.23867272618832644,0.00014040155852698688
2955,-0.1904105854258869,-0.19025062335946263,0.00015996206642426847
2956,-0.13821795767340464,-0.13808107691674504,0.00013688075665960198
2957,-0.093690147288978204,-0.093612699488586137,7.7447800392066446e-05
2958,-0.066440426590433338,-0.066442705962769133,2.2793723357950046e-06
2959,-0.062773953860801784,-0.062854781623161174,8.0827762359389488e-05
2960,-0.084736753859363592,-0.084873867096998665,0.00013711323763507255
2961,-0.12982467364445238,-0.12998087302005878,0.00015619937560640285
2962,-0.19139613482768572,-0.19152967311780822,0.00013353829012249796
2963,-0.25972608643652489,-0.25980179745289661,7.5711016371715623e-05
2964,-0.32353904145501627,-0.32353729158995426,1.7498650620173528e-06
2965,-0.37178629509280792,-0.37170790340582327,7.8391686984646824e-05
2966,-0.39539617986078868,-0.39526202267475991,0.00013415718602877158
2967,-0.38872965954707622,-0.38857514288875017,0.00015451665832605377
2968,-0.35051835152972155,-0.35038433409219999,0.00013401743752156081
2969,-0.28414142984516899,-0.2840635043766136,7.7925468555395394e-05
2970,-0.19719725187973636,-0.19719621694122264,1.0349385137220501e-06
2971,-0.10043308780672239,-0.1005093804331763,7.6292626453908219e-05
2972,-0.0061945817381247673,-0.0063281166931136532,0.00013353495498888597
2973,0.07337060793570907,0.073215151383102944,0.00015545655260612579
2974,0.1280830597934747,0.12794688577778301,0.00013617401569168686
2975,0.15120756656450421,0.15112690380893792,8.0662755566285327e-05
2976,0.14041152829117975,0.14040815466128082,3.373629898939523e-06
2977,0.098061370171938875,0.098136712087182124,7.5341915243248847e-05
2978,0.030812394496158441,0.030946898440618632,0.0001345039444601917
2979,-0.051444604398818469,-0.051286564199646008,0.00015804019917246143
2980,-0.13711881536452375,-0.13697976151060215,0.00013905385392160019
2981,-0.2147030572214669,-0.21462095681981236,8.2100401654544575e-05
2982,-0.27453315673044021,-0.27453072897330444,2.4277571357700367e-06
2983,-0.3102541811171145,-0.31033256334657422,7.8382229459716957e-05
2984,-0.31977119393377451,-0.31990956081592514,0.0001383668821506312
2985,-0.30554000090343109,-0.30570119157987896,0.00016119067644787544
2986,-0.27415405536929777,-0.2742946935708831,0.00014063820158533025
2987,-0.2352912583137684,-0.23537346811958715,8.2209805818744819e-05
2988,-0.20018168107191878,-0.2001832030243233,1.5219524045206878e-06
2989,-0.17983015737479177,-0.17975039303830162,7.9764336490151244e-05
2990,-0.18326580888018409,-0.18312607625420965,0.00013973262597444247
2991,-0.21608617849637998,-0.21592407042082387,0.00016210807555611106
2992,-0.2795188781982792,-0.27937826530466103,0.00014061289361816387
2993,-0.37014531786502541,-0.37006441413515168,8.0903729873738062e-05
2994,-0.4803297193476776,-0.48033045944016972,7.4009249212414474e-07
2995,-0.59928926916733394,-0.5993712453984652,8.1976231131264399e-05
2996,-0.71464449432721122,-0.71478507353733367,0.00014057921012244901
2997,-0.81421538997498388,-0.81437601183761554,0.00016062186263166023
2998,-0.88779137143286835,-0.88792841250573784,0.00013704107286949263
2999,-0.9286077273906177,-0.92868443295155789,7.6705560940193429e-05
3000,-0.93430449992355347,-0.93430078080750412,3.7191160493499353e-06
3001,-0.90722286280694775,-0.90714042130688566,8.24415000620915e-05
3002,-0.85399487578148392,-0.85385639633496613,0.00013847944651779187
3003,-0.78448992103478798,-0.78433269155772711,0.00015722947706087176
3004,-0.71027897593593126,-0.71014479805038611,0.00013417788554515031
3005,-0.64285126006758242,-0.64277537602431345,7.5884043268970025e-05
3006,-0.59185516330305932,-0.59185721402553859,2.0507224792742917e-06
3007,-0.56363205427362006,-0.56371097187202623,7.8917598406169631e-05
3008,-0.5602654976013155,-0.5603998129827924,0.00013431538147690159
3009,-0.57929039296447415,-0.57944396487516725,0.0001535719106930955
3010,-0.61410587873537326,-0.61423758226577607,0.00013170353040281579
3011,-0.65502862733825529,-0.65510335326395808,7.4725925702789908e-05
3012,-0.69082523086464009,-0.69082332116406442,1.9097005756751884e-06
3013,-0.71048972827721968,-0.71041207656955241,7.7651707667270031e-05
3014,-0.70499412522446503,-0.70486172614967701,0.00013239907478801438
3015,-0.66874421537149753,-0.6685923819106464,0.00015183346085112515
3016,-0.60051781333678156,-0.600386634317982,0.00013117901879955429
3017,-0.50374091752568362,-0.50366476844945995,7.6149076223663847e-05
3018,-0.38605860068580483,-0.38605748355865604,1.1171271487864232e-06
3019,-0.25826504812170881,-0.25833944093790534,7.4392816196533484e-05
3020,-0.13275329697324773,-0.1328839631729043,0.00013066619965657056
3021,-0.02171913545863622,-0.021871953193058735,0.00015281773442251539
3022,0.064608890147522177,0.064474435232203711,0.00013445491531846598
3023,0.11944623475558587,0.11936636766468664,7.9867090899229942e-05
3024,0.14041152829115758,0.14040815466125825,3.3736298993281011e-06
3025,0.12982270198081594,0.12989724994800872,7.4547967192778453e-05
3026,0.094286564142078019,0.09441935493270559,0.00013279079062757104
3027,0.043645138995506302,0.043800550676217673,0.00015541168071137035
3028,-0.010560100129407222,-0.010423903137703729,0.00013619699170349352
3029,-0.056871096906473705,-0.056790887731943462,8.0209174530242178e-05
3030,-0.085671807924354748,-0.085669462355854584,2.34556850016443e-06
3031,-0.090654693436576714,-0.090731311290156227,7.6617853579513673e-05
3032,-0.069771732126691535,-0.069907284376601958,0.00013555224991042281
3033,-0.025525445078991221,-0.025683983457626128,0.00015853837863490788
3034,0.035443889994389154,0.035304980170706317,0.00013890982368283677
3035,0.10341217487064414,0.10333068616084848,8.1488709795657366e-05
3036,0.16710450833769594,0.16710282654977665,1.6817879192887464e-06
3037,0.21547238352692211,0.21555118508959775,7.8801562675645531e-05
3038,0.23944393502748257,0.23958187452129062,0.00013793949380805359
3039,0.23337954082362028,0.23353907293533355,0.00015953211171326753
3040,0.19600986554365388,0.19614772815608997,0.00013786261243609044
3041,0.13071278254777902,0.13079180529805073,7.902275027171779e-05
3042,0.045085017364940166,0.04508404862259055,9.6874234961630279e-07
3043,-0.050128156388733157,-0.050208601481065436,8.0445092332279144e-05
3044,-0.14258347606468563,-0.14272141187430304,0.00013793580961740659
3045,-0.22013605436608333,-0.22029401574428525,0.00015796137820192624
3046,-0.27260962339823991,-0.27274480777798282,0.0001351843797429142
3047,-0.29327245811714586,-0.29334838827440957,7.593015726370389e-05
3048,-0.27979571790711444,-0.27979228362003694,3.4342870774972667e-06
3049,-0.23454990867258763,-0.2344686745957007,8.1234076886926854e-05
3050,-0.16419476610804934,-0.16405826341209245,0.00013650269595688602
3051,-0.07862588780292519,-0.078471190861306439,0.00015469694161875103
3052,0.010560735055200939,0.010692374885661691,0.00013163983046075162
3053,0.091852449938174527,0.091926588320647429,7.4138382472901942e-05
3054,0.15557940452213803,0.15557702853126601,2.3759908720222267e-06
3055,0.1953807266783921,0.19530305780324561,7.7668875146486016e-05
3056,0.20915523960312307,0.20902331276948077,0.00013192683364229851
3057,0.19935217903716762,0.19920126429190882,0.00015091474525880111
3058,0.17255807802191001,0.17242844673551924,0.00012963128639076338
3059,0.13844367941666932,0.13836989803059496,7.378138607436191e-05
3060,0.10823176955627115,0.10823333152341619,1.5619671450417538e-06
3061,0.092919712378685668,0.092995891725867058,7.6179347181390411e-05
3062,0.1015289270776889,0.10165910598575845,0.0001301789080695448
3063,0.13964898290755645,0.13979831307017948,0.00014933016262302923
3064,0.20849921369562693,0.20862813007633993,0.0001289163807129956
3065,0.30465257998258033,0.30472721648695178,7.4636504371450307e-05
3066,0.42046481527390078,0.42046558141838647,7.6614448568657068e-07
3067,0.5451445186408691,0.54507110232457379,7.3416316295316086e-05
3068,0.66630347815415047,0.66617491378990967,0.00012856436424080186
3069,0.77175275226096973,0.77160257321497716,0.00015017904599257115
3070,0.85127257774200105,0.85114044708405168,0.00013213065794936973
3071,0.89808896964493456,0.89801029200484073,7.8677640093838264e-05
3072,0.90983274742152009,0.9098290389550826,3.7084664374908982e-06
3073,0.88883585428432021,0.88890870459797999,7.285031365977801e-05
3074,0.84172105748768178,0.84185138173027296,0.00013032424259118436
3075,0.77834833331592035,0.77850125472124154,0.00015292140532119358
3076,0.71027908741020584,0.71041330409801717,0.00013421668781132823
3077,0.64899295387041167,0.64907193269264174,7.8978822230069134e-05
3078,0.60412887531205739,0.60413092069326502,2.045381207627095e-06
3079,0.58201885677306886,0.58194301056280684,7.5846210262020541e-05
3080,0.58473713033977304,0.58460342010379152,0.00013371023598152121
3081,0.60980924035585615,0.6096533067337957,0.00015593362206045569
3082,0.65062488921463013,0.65048853344700863,0.00013635576762149881
3083,0.69749138171230618,0.69741134759420353,8.003411810264538e-05
3084,0.73916616010501313,0.73916422936744408,1.9307375690447159e-06
3085,0.76463428416536228,0.76471125369053905,7.6969525176773246e-05
3086,0.76485890267403145,0.76499418370808303,0.00013528103405158198
3087,0.73423702150755443,0.73439406161276444,0.00015704010521000455
3088,0.67153767648804097,0.67167379022244855,0.00013611373440758356
3089,0.58017823390391443,0.58025629827726566,7.8064373351227623e-05
3090,0.46779541971164745,0.46779426701428889,1.1526973585640476e-06
3091,0.34517532062016731,0.34509555219615257,7.9768424014747819e-05
3092,0.22470308200128852,0.22456680820771113,0.00013627379357739056
3093,0.1185667574455255,0.11841135455981025,0.00015540288571525007
3094,0.03698725673125064,0.036854780200560419,0.00013247653069022036
3095,-0.013258294645358071,-0.013332544770400592,7.425012504252114e-05
3096,-0.029795609112115616,-0.029792283620024399,3.3254920912169361e-06
3097,-0.014949388366940963,-0.014869998379813329,7.9389987127633996e-05
3098,0.024667068705027655,0.024800821016821236,0.00013375231179358141
3099,0.079205483832619702,0.079357676909159014,0.00015219307653931147
3100,0.13711831148455644,0.13724833618299748,0.00013002469844103359
3101,0.18694169827260176,0.18701508284264146,7.3384570039691788e-05
3102,0.21905417395220544,0.2190517703383992,2.4036138062399903e-06
3103,0.22714313056727761,0.22706617185414879,7.6958713128821854e-05
3104,0.20915581610369283,0.20902548668690654,0.00013032941678628451
3105,0.16759032377249491,0.16744191478400505,0.00014840898848986206
3106,0.1090827589290867,0.10895587609941002,0.0001268828296766833
3107,0.04335336561199106,0.043281398747082978,7.1966864908082351e-05
3108,-0.018326426242826984,-0.018324809200116768,1.6170427102162044e-06
3109,-0.064911195644834038,-0.064836745376760846,7.4450268073192327e-05
3110,-0.08733178659171717,-0.087204326325871231,0.00012746026584593839
3111,-0.079950934078732785,-0.079804122982414821,0.00014681109631796418
3112,-0.041501344680756336,-0.041374032887275806,0.00012731179348052929
3113,0.024637409918624183,0.024711387267688924,7.3977349064741765e-05
3114,0.11086728029422786,0.11086818116929392,9.0087506605940337e-07
3115,0.20644205980975522,0.20636950622484806,7.2553584907153468e-05
3116,0.29901794741972348,0.2988910417341647,0.0001269056855587869
3117,0.37644989992708666,0.37630217475078909,0.00014772517629757509
3118,0.42856185073924208,0.42843238349587126,0.00012946724337081772
3119,0.44862262619906806,0.44854577521698008,7.6850982087983688e-05
3120,0.43430428233358931,0.43430078080751294,3.5015260763660017e-06
3121,0.38797859644367355,0.38804993676065158,7.1340316978030227e-05
3122,0.31630696659007468,0.31643472427790403,0.00012775768782935515
3123,0.22918704418843172,0.22933743544847818,0.00015039126004645631
3124,0.13821725385274386,0.13834975458988424,0.00013250073714038413
3125,0.054913018738582994,0.054991304592866094,7.8285854283099976e-05
3126,-0.011052741197041107,-0.011050428101247872,2.3130957932347707e-06
3127,-0.053315748270080399,-0.053390495429712428,7.4747159632029825e-05
3128,-0.069771054409609942,-0.0699029357760175,0.00013188136640755743
3129,-0.06286374529902683,-0.063017268906354298,0.00015352360732746873
3130,-0.039175822900273806,-0.039309710978097025,0.00013388807782321877
3131,-0.0083731933098105775,-0.008451515690425097,7.8322380614519529e-05
3132,0.018326426242804054,0.018324809200094171,1.6170427098831375e-06
3133,0.029931023342609588,0.030006760323843744,7.5736981234156286e-05
3134,0.017424850562865742,0.017557807879158137,0.00013295731629239457
3135,-0.024775644394765352,-0.02462113487304899,0.00015450952171636168
3136,-0.097883417013346255,-0.097749224675199975,0.00013419233814628007
3137,-0.19846479221582966,-0.19838757367442997,7.7218541399692864e-05
3138,-0.31886871304938919,-0.31886952340644203,8.1035705284948634e-07
3139,-0.44829677682092683,-0.44837517968342688,7.8402862500048798e-05
3140,-0.57435351275700275,-0.57448771919715791,0.00013420644015516014
3141,-0.68484242794811101,-0.6849954511619285,0.00015302321381749362
3142,-0.76953588603431466,-0.76966616214692007,0.00013027611260540972
3143,-0.82165183427577049,-0.82172459162604661,7.2757350276120292e-05
3144,-0.83881295555503488,-0.83880927799497274,3.6775600621430371e-06
3145,-0.82334292799735986,-0.82326449318012662,7.8434817233241638e-05
3146,-0.7818560740605488,-0.78172436129898559,0.00013171276156320744
3147,-0.72420370156103153,-0.72405402471357916,0.00014967684745237353
3148,-0.66193828327375015,-0.6618104312053511,0.00012785206839904806
3149,-0.60653039916850637,-0.60645809699910613,7.2302169400240146e-05
3150,-0.56760995880884102,-0.56761202008234179,2.0612735007752292e-06
3151,-0.55149989555247081,-0.55157525211790392,7.5356565433115641e-05
3152,-0.56026527739769127,-0.56039328816667777,0.00012801076898649733
3153,-0.59142234212981448,-0.59156838569585579,0.00014604356604130952
3154,-0.63835129318206141,-0.63847625963998778,0.00012496645792636762
3155,-0.69134989521073831,-0.69142064658746283,7.0751376724520476e-05
3156,-0.73916616010500902,-0.73916422936743964,1.9307375693777828e-06
3157,-0.7707757706669206,-0.77070205672847358,7.3713938447017568e-05
3158,-0.77713249870659074,-0.77700681096165591,0.00012568774493482149
3159,-0.75262391973358578,-0.75247959483840154,0.00014432489518423353
3160,-0.6960095294301113,-0.69588462905351811,0.00012490037659318443
3161,-0.61069719512450049,-0.61062456687939026,7.2628245110228917e-05
3162,-0.50431433621485033,-0.50431316762519851,1.1685896518232042e-06
3163,-0.38763787532205796,-0.38770867366784417,7.0798345786216021e-05
3164,-0.27304388613772851,-0.27316826730568822,0.00012438116795970844
3165,-0.17271138920039877,-0.17285674799120121,0.00014535879080243563
3166,-0.096852240158368783,-0.096980033382171454,0.00012779322380267188
3167,-0.052234631641590049,-0.052310544290824219,7.5912649234170793e-05
3168,-0.041224182754360322,-0.041227477340075716,3.2945857153937608e-06
3169,-0.061487747002227672,-0.061417028426754693,7.0718575472979162e-05
3170,-0.10640376041269073,-0.10627758012707121,0.00012618028561951766
3171,-0.16611580814548133,-0.16596785996642072,0.00014794817906060853
3172,-0.22906827688175119,-0.22893835841903076,0.00012991846272042418
3173,-0.28378944009251145,-0.28371274006387714,7.6700028634302253e-05
3174,-0.32065027617672787,-0.32064782835035466,2.447826373208617e-06
3175,-0.33333091833407502,-0.33340387600449239,7.2957670417372888e-05
3176,-0.31977161278595295,-0.31990085748340419,0.00012924469745123623
3177,-0.2824636622852908,-0.28261480748329926,0.00015114519800846216
3178,-0.22803653656964937,-0.228168901866769,0.00013236529711962985
3179,-0.16620410133328364,-0.16628170395602909,7.7602622745448491e-05
3180,-0.10823176955624024,-0.10823333152338595,1.5619671457078876e-06
3181,-0.065159290462002389,-0.065084187901593787,7.510256040860197e-05
3182,-0.046050468529917989,-0.045919004543562396,0.00013146398635559275
3183,-0.056537499659396313,-0.056385382486554447,0.00015211717284186604
3184,-0.09788284051274744,-0.097751292741447171,0.0001315477713002694
3185,-0.16670238832691961,-0.16662690879301545,7.547953390416029e-05
3186,-0.25539394361932094,-0.25539478159930856,8.3797998762236148e-07
3187,-0.35320752848653697,-0.35328423586941982,7.6707382882845732e-05
3188,-0.44779593632764003,-0.4479275154917115,0.00013157916407147141
3189,-0.5270110563125957,-0.52716168455071244,0.00015062823811673454
3190,-0.58067405122129756,-0.58080283508251196,0.00012878386121439878
3191,-0.60205131397013578,-0.60212346585559318,7.2151885457394371e-05
3192,-0.58881284676006362,-0.58880927799498806,3.5687650755678035e-06
3193,-0.5433287645255912,-0.54325109937078953,7.7665154801676017e-05
3194,-0.47225919393108384,-0.47212901644113847,0.00013017748994537115
3195,-0.3855008897494277,-0.38535355409058325,0.00014733565884444966
3196,-0.29465172520774319,-0.29452645450178028,0.0001252707059629099
3197,-0.21122692215962802,-0.21115639331416891,7.052884545910576e-05
3198,-0.14489955646211744,-0.14490180169062766,2.2452285102225744e-06
3199,-0.10203444419628777,-0.1021083089887861,7.3864792498337661e-05
3200,-0.084737466453297758,-0.084862982175936671,0.00012551572263891364
3201,-0.090564861445853975,-0.090708496391754809,0.00014363494590083348
3202,-0.11293632553548898,-0.11305970624065742,0.00012338070516844379
3203,-0.14218799457225917,-0.1422581275038832,7.0132931624028449e-05
3204,-0.16710450833766696,-0.16710282654974842,1.6817879185393458e-06
3205,-0.17669656382526117,-0.17662384595285341,7.2717872407757067e-05
3206,-0.16195149948631143,-0.16182750250456129,0.00012399698175014073
3207,-0.11728923429873005,-0.1171472063244718,0.00014202797425824643
3208,-0.041500666963657805,-0.041378169710910101,0.0001224972527477039
3209,0.061976355085140204,0.062047303947965531,7.0948862825326309e-05
3210,0.1854863470215467,0.18548721542390589,8.6840235918872466e-07
3211,0.31822617545481907,0.31815659797502566,6.9577479793414554e-05
3212,0.44779530140184126,0.44767318573534703,0.00012211566649422689
3213,0.56199180511998936,0.56184885888753688,0.00014294623245247884
3214,0.6505822531872264,0.65045623956970899,0.00012601361751740647
3215,0.70677852066188773,0.70670336198042261,7.5158681465126165e-05
3216,0.72819703637599276,0.72819340695373846,3.6294222542920807e-06
3217,0.71715498788711818,0.71722444408182173,6.9456194703554353e-05
3218,0.6802599271817994,0.68038418484200358,0.0001242576602041856
3219,0.62735607957414208,0.62750176234618404,0.00014568277204196622
3220,0.56998849824566911,0.5701162712815675,0.00012777303589839306
3221,0.51962012667009394,0.51969535092889174,7.5224258797801369e-05
3222,0.48587313978300201,0.48587523662671239,2.0968437103863202e-06
3223,0.4750625791742078,0.47499056142955198,7.2017744655816784e-05
3224,0.48924541424646689,0.48911815496256034,0.00012725928390655561
3225,0.52592953599376435,0.52578079296024738,0.00014874303351697371
3226,0.57848651573249554,0.57835617873023126,0.00013033700226428024
3227,0.63720533932260048,0.63712871731034504,7.6622012255445071e-05
3228,0.69082523086464109,0.69082332116406497,1.9097005761192776e-06
3229,0.72831301629288736,0.72838661017645845,7.3593883571088092e-05
3230,0.74061348822732098,0.74074277514571929,0.00012928691839830808
3231,0.72210507234220167,0.72225493974482491,0.00014986740262323828
3232,0.67153789669165131,0.67166758325835052,0.00012968656669920531
3233,0.59231039262504903,0.59238466715715232,7.4274532103291158e-05
3234,0.49204062420584238,0.49203946095746176,1.1632483806200966e-06
3235,0.38149618151919801,0.38142018246369641,7.599905550159658e-05
3236,0.27304377466346985,0.27291390810821653,0.0001298665552533218
3237,0.17885297691926019,0.17870472466006046,0.00014825225919973262
3238,0.10912605845214751,0.10899954897527532,0.00012650947687219138
3239,0.070621640164234903,0.070550735387667651,7.0904776567251582e-05
3240,0.065695935256402563,0.065699219192505806,3.2839361032432901e-06
3241,0.092006504747922851,0.092082490493570771,7.5985745647919045e-05
3242,0.14292255410357815,0.14305033617915117,0.00012778207557301302
3243,0.20857844585951563,0.20872353180383726,0.00014508594432163791
3244,0.27740929305482875,0.2775329545521858,0.00012366149735704157
3245,0.33793419061899382,0.33800379521124274,6.9604592248917463e-05
3246,0.38051518025051528,0.3805127063721484,2.4738783668820652e-06
3247,0.39882365621652227,0.39875036613486564,7.3290081656629535e-05
3248,0.39079127728860397,0.39066726492770187,0.00012401236090209267
3249,0.35890085787410503,0.35875955895392081,0.00014129892018421852
3250,0.30977341837213024,0.30965249870991396,0.00012091966221627892
3251,0.25311454632937908,0.25304590692895546,6.8639400423620156e-05
3252,0.20018168107187931,0.20018320302428413,1.5219524048259991e-06
3253,0.16200686935909922,0.16207785170639169,7.0982347292469772e-05
3254,0.14764644587731796,0.14776791596676536,0.00012147008944740634
3255,0.16272532152568336,0.16286508791144411,0.0001397663857607423
3256,0.20849879484343384,0.20861985089531737,0.00012105605188353352
3257,0.28157584276569131,0.28164609873332058,7.0255967629273552e-05
3258,0.37434769582767868,0.37434848204140225,7.8621372356924013e-07
3259,0.47605813576988648,0.47598912466788407,6.9011102002414226e-05
3260,0.57435401663701957,0.57423330109786574,0.00012071553915382616
3261,0.65708154851438672,0.65694088965282282,0.00014065886156389151
3262,0.71405642283322168,0.71393295364499065,0.00012346918823102904
3263,0.73853985247080367,0.73846635813163541,7.3494339168256317e-05
3264,0.7281970363760002,0.72819340695374701,3.6294222531818576e-06
3265,0.68539365607821956,0.68546144929566721,6.7793217447653653e-05
3266,0.61678575753582587,0.61690747549538383,0.00012171795955795428
3267,0.53226633617977137,0.53240973977117811,0.0001434035914067433
3268,0.44342978301052255,0.44355616537638287,0.00012638236586032248
3269,0.36178816635505989,0.36186283106129852,7.46647062386252e-05
3270,0.2970117909769005,0.29701397000924645,2.1790323459502936e-06
3271,0.2554630914936788,0.25539175708885259,7.1334404826206566e-05
3272,0.23924595243938362,0.23912011544156758,0.0001258369978160423
3273,0.2459149801693426,0.24576847415323197,0.0001465060161106313
3274,0.26888857036884012,0.2687607366152503,0.0001278337535898233
3275,0.29850190613819838,0.29842700463527944,7.4901502918944818e-05
3276,0.32353904145504359,0.32353729158998251,1.7498650610736632e-06
3277,0.33301047539119577,0.33308259348965025,7.2118098454476698e-05
3278,0.31790374431965407,0.31803060329678201,0.00012685897712794159
3279,0.27263935302220893,0.27278692535205001,0.00014757232984108359
3280,0.19600915294973553,0.19613737398561953,0.00012822103588400191
3281,0.091452292212247016,0.091526015240451439,7.3723028204422669e-05
3282,-0.033374112506761235,-0.033375047105284647,9.3459852341243321e-07
3283,-0.16766493125937842,-0.16774003199919388,7.510073981545351e-05
3284,-0.2990172435990478,-0.29914554823563311,0.000128304636585308
3285,-0.41522635868962837,-0.41537241857075269,0.00014605988112431634
3286,-0.50605568958246905,-0.50617985566472623,0.00012416608225718218
3287,-0.56471362910924994,-0.56478288587571535,6.9256766465408681e-05
3288,-0.58881284676005485,-0.58880927799497906,3.5687650757898481e-06
3289,-0.58066644938646028,-0.58059167661967825,7.4772766782027489e-05
3290,-0.54687755556989925,-0.54675198639854139,0.00012556917135786438
3291,-0.49728558737238643,-0.49714280368467922,0.00014278368770720418
3292,-0.44343041793633348,-0.4433084028370764,0.00012201509925707787
3293,-0.39676951938679278,-0.39670058352948084,6.8935857311935855e-05
3294,-0.3669193875746925,-0.36692153618466716,2.1486099746614862e-06
3295,-0.36018912473547948,-0.36026125213925242,7.2127403772936916e-05
3296,-0.37862945991581443,-0.37875168674493909,0.00012222682912466087
3297,-0.4197417141274995,-0.4198808533886299,0.00013913926113040542
3298,-0.47689053838510531,-0.47700936138374539,0.00011882299864007795
3299,-0.54035776042550199,-0.54042493893653976,6.7178511037768729e-05
3300,-0.59887531934899207,-0.5988734496631567,1.8696858353761669e-06
3301,-0.64140257129677747,-0.6413325190404372,7.0052256340269459e-05
3302,-0.65887660642482504,-0.65875707476162182,0.00011953166320322062
3303,-0.645667876753375,-0.64553040602839817,0.00013747072497682922
3304,-0.60051823218899458,-0.60039906694932876,0.00011916523966581938
3305,-0.52681765474260311,-0.52674828271632435,6.9372026278768928e-05
3306,-0.43217572013206307,-0.43217458293567651,1.1371963865580703e-06
3307,-0.32735143099272918,-0.3274190250421174,6.759404938821989e-05
3308,-0.22470275849040861,-0.22482143267080817,0.00011867418039956945
3309,-0.13639033920524249,-0.13652885556038741,0.00013851635514491867
3310,-0.072607264761274048,-0.072728920126225172,0.00012165536495112317
3311,-0.040102882418549,-0.040175178560604437,7.229614205543633e-05
3312,-0.041224182754363708,-0.041227477340078797,3.2945857150884494e-06
3313,-0.073619496225275444,-0.073552390058292838,6.7106166982605631e-05
3314,-0.13064873580979192,-0.13052867918474473,0.00012005662504718795
3315,-0.20243685814064355,-0.20229572780507676,0.00014113033556678589
3316,-0.27740940452907564,-0.27728516465729375,0.00012423987178189488
3317,-0.34407588442184273,-0.34400236819607521,7.3516225767511489e-05
3318,-0.3927888922595148,-0.39278641303987644,2.4792196383627285e-06
3319,-0.41721045871596935,-0.41728018885862894,6.9730142659596428e-05
3320,-0.41526291002706406,-0.41538647638134618,0.00012356635428212304
3321,-0.3894197052654938,-0.38956407007078897,0.00014436480529517182
3322,-0.3462924288514086,-0.34641870905947836,0.00012628020806976226
3323,-0.29557730070342397,-0.29565128673065022,7.3986027226247142e-05
3324,-0.24852261031226067,-0.24852411122767198,1.5009154113176937e-06
3325,-0.21615142524725223,-0.21607984226789695,7.158297935527802e-05
3326,-0.2075112233268992,-0.20738580340826931,0.00012541991862988211
3327,-0.22821812766174798,-0.22807279182797663,0.00014533583377135395
3328,-0.27951865799467213,-0.27939278057158989,0.00012587742308223238
3329,-0.35801315914396659,-0.35794083909023622,7.2320053730368095e-05
3330,-0.45608451485352919,-0.45608526549704331,7.5064351412468255e-07
3331,-0.56296840826830841,-0.56304182721947271,7.3418951164305746e-05
3332,-0.66630380166510761,-0.66642968585346074,0.00012588418835313142
3333,-0.75392917050128083,-0.75407307773886378,0.00014390723758295199
3334,-0.81565256971197275,-0.81577536617822988,0.00012279646625712459
3335,-0.84472779258104469,-0.84479637669528518,6.8584114240488603e-05
3336,-0.83881295555503999,-0.83880927799497762,3.6775600623650817e-06
3337,-0.80026696969209798,-0.80019270264181652,7.426705028146241e-05
3338,-0.73573939038291003,-0.73561513832222203,0.00012425206068800154
3339,-0.65511695900789046,-0.65497636532211878,0.00014059368577168385
3340,-0.56998799436568326,-0.56986842665805315,0.00011956770763010827
3341,-0.49185876772117038,-0.49179142211756194,6.7345603608437443e-05
3342,-0.43039415700474964,-0.4303962779917902,2.1209870405547449e-06
3343,-0.39195152862437904,-0.39202202498608141,7.0496361702365729e-05
3344,-0.37863003641640214,-0.37874980805308245,0.00011977163668031032
3345,-0.38797985886285513,-0.38811682718595819,0.0001369683231030594
3346,-0.41341521929230396,-0.41353274308166055,0.00011752378935658836
3347,-0.44526744662086737,-0.44533410415700631,6.6657536138936546e-05
3348,-0.47231712354992084,-0.47231530893965029,1.8146102705451916e-06
3349,-0.48357166327327555,-0.4835022145878608,6.9448685414752465e-05
3350,-0.47001589275542194,-0.46989768025710005,0.00011821249832189018
3351,-0.42606795976708911,-0.42593262959445177,0.00013533017263733793
3352,-0.35051767381263782,-0.35040093687714391,0.00011673693549391073
3353,-0.2468024846786058,-0.24673478047096561,6.7704207640184588e-05
3354,-0.12257818515238572,-0.12257718268657961,1.0024658061158487e-06
3355,0.011351027838345193,0.011284895201388518,6.6132636956674901e-05
3356,0.14258277224405871,0.14246646247250552,0.00011630977155319133
3357,0.25891251312864005,0.25877618554163784,0.00013632758700221626
3358,0.35010346224146305,0.34998316166127946,0.00012030058018358547
3359,0.40936346102733107,0.4092916567265758,7.1804300755262673e-05
3360,0.43430428233357549,0.43430078080749923,3.5015260762549794e-06
3361,0.42723776161538518,0.42730406209409177,6.6300478706593502e-05
3362,0.39476535508783372,0.39488396981754847,0.00011861472971474996
3363,0.34672443098686639,0.34686346571604698,0.00013903472918058712
3364,0.29465242902840649,0.29477438126179523,0.00012195223338873351
3365,0.2500040507100012,0.25007594983179537,7.1899121794172238e-05
3366,0.22239272424959045,0.22239493575464278,2.2115050523352497e-06
3367,0.21812414632717583,0.21805562440710197,6.852192007386626e-05
3368,0.23924527472230323,0.23912387339250829,0.00012140132979493456
3369,0.2832532803893642,0.2831111145287421,0.00014216586062210101
3370,0.34350828326346522,0.34338352442563935,0.00012475883782586683
3371,0.41028727431866269,0.41021387824531691,7.3396073345777246e-05
3372,0.4723171235499255,0.47231530893965451,1.8146102709892808e-06
3373,0.51855183557549045,0.51862235219058783,7.0516615097382385e-05
3374,0.53992282878427411,0.54004659300180369,0.00012376421752957611
3375,0.53079453824059863,0.53093781239749271,0.00014327415689407985
3376,0.48990243550676166,0.49002625971445496,0.0001238242076933016
3377,0.42062986697584054,0.42070073950421194,7.0872528371401788e-05
3378,0.330579617907581,0.33057852492376111,1.092983819894755e-06
3379,0.23050368917286201,0.23043119524974662,7.2493923115396486e-05
3380,0.13275279309325469,0.13262880657536666,0.00012398651788803061
3381,0.0494800148924152,0.049338303636795644,0.000141711255619556
3382,-0.0091294269463655132,-0.0092504635874193723,0.00012103664105385901
3383,-0.036334252950610484,-0.036402044770217606,6.7791819607122827e-05
3384,-0.029795609112119117,-0.029792283620028205,3.3254920909116248e-06
3385,0.0081265699383046442,0.0081995098415220818,7.2939903217437638e-05
3386,0.070783752382637885,0.070906093285010671,0.00012234090237278616
3387,0.14829222638572567,0.14843077716139699,0.00013855077567132001
3388,0.22906860039258828,0.2291863947759018,0.00011779438331352421
3389,0.30161332971990856,0.30167948089686353,6.6151176954964974e-05
3390,0.35626997575627739,0.35626751242893179,2.4633273456031723e-06
3391,0.38669149749536164,0.38662167307600825,6.9824419353381462e-05
3392,0.39079105708498629,0.39067290327275017,0.00011815381223612142
3393,0.371032807039468,0.37089801600958378,0.0001347910298842292
3394,0.33401883281886363,0.33390332440202919,0.00011550841683444224
3395,0.28943581420188119,0.28937020980820854,6.5604393672646921e-05
3396,0.24852261031227432,0.24852411122768556,1.500915411234427e-06
3397,0.22229291174881427,0.22236083085537448,6.7919106560204723e-05
3398,0.21978481935944125,0.21990088206427844,0.00011606270483718872
3399,0.24660502588773828,0.24673831587888415,0.00013328999114586848
3400,0.30399051093667728,0.3041057416766122,0.00011523073993491284
3401,0.38853212036446733,0.38859891319692808,6.6792832460749185e-05
3402,0.49260343135663343,0.49260416610785451,7.3475122108757063e-07
3403,0.60543096297009824,0.60536533286595351,6.5630104144731582e-05
3404,0.71464460580145484,0.71452967974672255,0.00011492605473228945
3405,0.8080738022560795,0.80793961842297324,0.00013418383310626059
3406,0.87551755313904189,0.87539948209759022,0.0001180710414516728
3407,0.9102207188679744,0.91015022860677641,7.0490261197986293e-05
3408,0.9098327474215272,0.9098290389550896,3.7084664376019205e-06
3409,0.87670410506130347,0.87676877760144767,6.467254014419499e-05
3410,0.81747608209062772,0.81759237999081091,0.00011629790018319319
3411,0.74202728332081469,0.74216426714567874,0.00013698382486404537
3412,0.66193795976293701,0.66205860468948663,0.00012064492654961789
3413,0.58870650954112647,0.58877775017841882,7.1240637292357967e-05
3414,0.53199025922929899,0.53199233600377216,2.0767744731697846e-06
3415,0.49813931639118053,0.49807124661444713,6.8069776733403753e-05
3416,0.48924583309864417,0.48912567540568186,0.00012015769296230827
3417,0.50285319737561551,0.50271313102537474,0.00014006635024077507
3418,0.53236899693282236,0.53224659099504967,0.00012240593777268494
3419,0.56811818234211586,0.56804630280292623,7.1879539189634301e-05
3420,0.59887531934895433,0.59887344966311951,1.8696858348210554e-06
3421,0.6136421493800962,0.61371106678695131,6.8917406855106833e-05
3422,0.60339814787706469,0.60351953896853372,0.00012139109146902527
3423,0.56255639350525133,0.56269759806908759,0.00014120456383626134
3424,0.48990185900619793,0.4900244659245096,0.00012260691831167403
3425,0.3888674630869759,0.38893784630513428,7.0383218158387439e-05
3426,0.26710484847756349,0.26710378311667915,1.0653608843447238e-06
3427,0.13541444083852278,0.13534247710507361,7.196373344917073e-05
3428,0.0061952166639362444,0.0060724555517724134,0.00012276111216383105
3429,-0.10835135674306723,-0.10849101692303212,0.00013966017996489
3430,-0.19799126175936449,-0.1981099425446938,0.00011868078532931148
3431,-0.2559347732562432,-0.25600095015378782,6.6176897544623081e-05
3432,-0.27979571790710261,-0.27979228362002501,3.434287077608289e-06
3433,-0.27188759353348663,-0.27181610172071891,7.1491812767721097e-05
3434,-0.23881312774685667,-0.23869309055553142,0.0001200371913252507
3435,-0.19041058542590916,-0.19027412370895844,0.0001364617169507254
3436,-0.13821795767344514,-0.13810141636056103,0.0001165413128841053
3437,-0.093690147288987918,-0.093624435287313248,6.571200167466984e-05
3438,-0.066440426590453211,-0.066442705962788576,2.2793723353647932e-06
3439,-0.062773953860815954,-0.06284306017356249,6.9106312746536336e-05
3440,-0.084736753859390654,-0.084853577359954566,0.00011682350056391178
3441,-0.12982467364446659,-0.12995745876527237,0.00013278512080577842
3442,-0.1913961348276767,-0.1915094081643372,0.0001132733366605021
3443,-0.2597260864365617,-0.25979010462091856,6.4018184356862129e-05
3444,-0.32353904145502965,-0.32353729158996813,1.7498650615177525e-06
3445,-0.37178629509280769,-0.37171958196915905,6.6713123648642902e-05
3446,-0.39539617986080211,-0.39528223820010633,0.00011394166069578215
3447,-0.38872965954708288,-0.38859847153140903,0.00013118801567385541
3448,-0.35051835152974331,-0.35040452497273111,0.00011382655701219768
3449,-0.28414142984514174,-0.284075154482547,6.6275362594736542e-05
3450,-0.19719725187973308,-0.19719621694121908,1.0349385139996059e-06
3451,-0.10043308780675131,-0.10049774451609159,6.465670934027723e-05
3452,-0.0061945817380909332,-0.0063079749642425912,0.00011339322615165799
3453,0.073370607935709806,0.073238394892497463,0.00013221304321234251
3454,0.12808305979345788,0.12796700299956193,0.00011605679389595225
3455,0.15120756656449841,0.15113851142764831,6.9055136850099119e-05
3456,0.14041152829116743,0.14040815466126791,3.3736298995223901e-06
3457,0.098061370171943024,0.09812511857808634,6.3748406143315783e-05
3458,0.030812394496116439,0.030926830096071892,0.00011443559995545291
3459,-0.051444604398832569,-0.051309723051087448,0.00013488134774512078
3460,-0.13711881536450513,-0.13699980548474608,0.00011900987975904664
3461,-0.21470305722149485,-0.21463252218837051,7.0535033124347057e-05
3462,-0.27453315673043777,-0.27453072897330166,2.4277571361031036e-06
3463,-0.31025418111709774,-0.31032101200902906,6.6830891931324299e-05
3464,-0.31977119393375869,-0.31988956544667757,0.00011837151291888004
3465,-0.30554000090341216,-0.30567811691467356,0.00013811601126140216
3466,-0.27415405536928888,-0.27427472243636075,0.00012066706707186681
3467,-0.23529125831373246,-0.23536194476590336,7.0686452170898306e-05
3468,-0.20018168107189566,-0.20018320302430043,1.521952404770488e-06
3469,-0.17983015737477154,-0.17976190243895368,6.8254935817857465e-05
3470,-0.18326580888016583,-0.18314599905409654,0.0001198098260692948
3471,-0.21608617849635425,-0.2159470613679382,0.00013911712841604973
3472,-0.27951887819822463,-0.2793981640044616,0.00012071419376302739
3473,-0.3701453178650303,-0.37007589570740268,6.942215762761883e-05
3474,-0.48032971934764596,-0.48033045944013814,7.4009249217965589e-07
3475,-0.59928926916726188,-0.59935977770169013,7.0508534428248559e-05
3476,-0.71464449432721999,-0.71476522290377553,0.00012072857655553992
3477,-0.81421538997496112,-0.81435310414380468,0.00013771416884356125
3478,-0.88779137143283404,-0.88790858583863308,0.00011721440579903764
3479,-0.92860772739062236,-0.92867299292888672,6.5265538264358547e-05
3480,-0.93430449992356213,-0.93430078080751278,3.7191160493499353e-06
3481,-0.90722286280698161,-0.90715184753090761,7.1015276074004596e-05
3482,-0.8539948757814908,-0.85387617520207648,0.00011870057941432144
3483,-0.78448992103482129,-0.78435551645942503,0.00013440457539626305
3484,-0.71027897593598921,-0.71016455308371074,0.00011442285227847293
3485,-0.64285126006759041,-0.64278677472743673,6.448534015368601e-05
3486,-0.59185516330307875,-0.59185721402555758,2.0507224788302025e-06
3487,-0.5636320542736325,-0.56369958689130528,6.7532617672783068e-05
3488,-0.56026549760131217,-0.56038010548519723,0.00011460788388506504
3489,-0.57929039296445661,-0.57942122230781534,0.00013082934335872931
3490,-0.61410587873533418,-0.61421789847029118,0.0001120197349570029
3491,-0.65502862733824108,-0.65509199565207987,6.3368313838796375e-05
3492,-0.69082523086461489,-0.69082332116403955,1.9097005753421215e-06
3493,-0.71048972827720103,-0.71042342053475049,6.6307742450533169e-05
3494,-0.70499412522445515,-0.70488136267177381,0.00011276255268133362
3495,-0.66874421537151008,-0.66861504259805526,0.00012917277345481093
3496,-0.60051781333683929,-0.60040624726866432,0.00011156606817497305
3497,-0.50374091752568906,-0.50367608519673923,6.483232894982649e-05
3498,-0.38605860068585668,-0.38605748355870756,1.1171271491194901e-06
3499,-0.25826504812180806,-0.25832813776218927,6.3089640381208678e-05
3500,-0.13275329697325952,-0.13286439723526669,0.00011110026200716883
3501,-0.021719135458680625,-0.021849373934625708,0.00013023847594508323
3502,0.064608890147466388,0.064493977728130814,0.00011491241933557494
3503,0.11944623475558303,0.11937764377224691,6.8590983336114242e-05
3504,0.14041152829115744,0.14040815466125822,3.3736298992170788e-06
3505,0.12982270198083826,0.12988598733729917,6.3285356460912601e-05
3506,0.094286564142087317,0.094399859191267393,0.00011329504918007605
3507,0.043645138995536591,0.043778052399009906,0.00013291340347331565
3508,-0.010560100129358449,-0.010443375566159013,0.00011672456319943535
3509,-0.056871096906459973,-0.056802123423118363,6.8973483341609743e-05
3510,-0.085671807924335625,-0.085669462355835585,2.3455685000395299e-06
3511,-0.090654693436570288,-0.090720089021736283,6.5395585165994863e-05
3512,-0.069771732126681724,-0.069887858446055218,0.00011612631937349405
3513,-0.025525445079002933,-0.025661565717267271,0.00013612063826433721
3514,0.035443889994346646,0.035324382916062116,0.0001195070782845295
3515,0.10341217487064217,0.10334188165728796,7.029321335420835e-05
3516,0.16710450833766849,0.16710282654974934,1.6817879191499685e-06
3517,0.21547238352688258,0.21554000294238226,6.7619415499681201e-05
3518,0.23944393502746186,0.23956251801916492,0.00011858299170305897
3519,0.23337954082360063,0.2335167352907187,0.00013719446711807359
3520,0.19600986554365746,0.19612839471228452,0.00011852916862706286
3521,0.13071278254774366,0.13078064977631082,6.7867228567164428e-05
3522,0.04508501736493585,0.045084048622586081,9.6874234976895846e-07
3523,-0.050128156388700947,-0.050197459235637461,6.9302846936514229e-05
3524,-0.142583476064713,-0.14270212442099492,0.00011864835628191961
3525,-0.22013605436607947,-0.22027175775761851,0.00013570339153903821
3526,-0.27260962339822281,-0.2727255432570535,0.00011591985883069311
3527,-0.29327245811714264,-0.29333727250902464,6.4814391881995448e-05
3528,-0.27979571790711066,-0.27979228362003267,3.4342870779968671e-06
3529,-0.2345499086726047,-0.23447977715721285,7.013151539184137e-05
3530,-0.16419476610802003,-0.16407748219345958,0.00011728391456045095
3531,-0.078625887802924371,-0.078493369624661885,0.00013251817826248624
3532,0.010560735055170582,0.010673178911669646,0.00011244385649906465
3533,0.091852449938197744,0.091915512094836366,6.3062156638621358e-05
3534,0.15557940452213442,0.1555770285312621,2.375990872327538e-06
3535,0.19538072667837733,0.19531412089709022,6.6605781287115695e-05
3536,0.20915523960311524,0.20904246325299786,0.0001127763501173884
3537,0.1993521790371561,0.19922336426338202,0.00012881477377407746
3538,0.17255807802190537,0.17244757453573809,0.00011050348616728489
3539,0.13844367941663727,0.13838093493200246,6.2744484634807973e-05
3540,0.10823176955624539,0.10823333152339087,1.561967145485843e-06
3541,0.092919712378655553,0.092984867884988553,6.5155506333000601e-05
3542,0.10152892707765948,0.10164002342868872,0.00011109635102923843
3543,0.13964898290751426,0.13977629146224899,0.00012730855473472302
3544,0.2084992136955523,0.20860907007937241,0.0001098563838201061
3545,0.30465257998256895,0.3047162186962441,6.3638713675151504e-05
3546,0.42046481527385354,0.42046558141833917,7.6614448563105952e-07
3547,0.54514451864078284,0.54508208712546624,6.2431515316596631e-05
3548,0.66630347815415303,0.66619392878904815,0.00010954936510487734
3549,0.77175275226094131,0.77162451688438483,0.00012823537655648476
3550,0.85127257774196174,0.85115943964537877,0.00011313809658297647
3551,0.89808896964494012,0.89802125089678175,6.7718748158362985e-05
3552,0.90983274742152764,0.90982903895509004,3.7084664376019205e-06
3553,0.88883585428433776,0.88889775862543541,6.1904341097651638e-05
3554,0.84172105748770654,0.84183243392303464,0.00011137643532810326
3555,0.77834833331594966,0.7784793885682465,0.00013105525229684112
3556,0.71027908741023416,0.71039437860722698,0.0001152911969928283
3557,0.64899295387043565,0.649061012488928,6.8058618492350398e-05
3558,0.60412887531207349,0.60413092069328045,2.0453812069609612e-06
3559,0.5820188567730743,0.58195391791699469,6.4938856079610474e-05
3560,0.58473713033976782,0.58462230108241486,0.00011482925735295524
3561,0.60980924035584083,0.6096750957893593,0.00013414456648153106
3562,0.65062488921460748,0.65050739222967402,0.00011749698493346283
3563,0.69749138171227976,0.69742222931868125,6.9152393598503892e-05
3564,0.73916616010498881,0.73916422936742054,1.9307375682675598e-06
3565,0.76463428416534363,0.76470038474625368,6.6100580910055662e-05
3566,0.76485890267402223,0.7649753691974458,0.00011646652342356401
3567,0.73423702150755743,0.73437234923871508,0.00013532773115765284
3568,0.67153767648805651,0.67165499778814775,0.0001173213000912332
3569,0.58017823390394108,0.58024545482456813,6.7220920627053538e-05
3570,0.46779541971168204,0.46779426701432314,1.1526973588971146e-06
3571,0.34517532062020567,0.34510638293749507,6.8937682710601411e-05
3572,0.22470308200132558,0.22458555660839224,0.00011752539293333197
3573,0.11856675744555668,0.11843299066526809,0.00013376678028859113
3574,0.036987256731272171,0.036873506643675474,0.00011375008759669653
3575,-0.013258294645348402,-0.013321739383495934,6.3444738147531987e-05
3576,-0.029795609112118294,-0.029792283620026495,3.3254920917998032e-06
3577,-0.014949388366954711,-0.014880791123619412,6.8597243335298194e-05
3578,0.024667068705005783,0.024782138370718691,0.0001150696657129073
3579,0.079205483832593626,0.079336116662424822,0.0001306328298311954
3580,0.13711831148453038,0.13722967537654063,0.00011136389201024666
3581,0.18694169827257989,0.18700431531709619,6.2617044516294351e-05
3582,0.21905417395219084,0.21905177033838413,2.4036138067118351e-06
3583,0.22714313056727214,0.22707692680438868,6.6203762883465522e-05
3584,0.2091558161036971,0.20904410393127784,0.00011171217241925935
3585,0.16759032377250802,0.16746339957895082,0.00012692419355719853
3586,0.10908275892910699,0.10897447162119595,0.00010828730791104246
3587,0.043353365612015804,0.043292128614240408,6.1236997775396262e-05
3588,-0.018326426242800467,-0.018324809200089793,1.6170427106741714e-06
3589,-0.064911195644808212,-0.064847462735923123,6.373290888508909e-05
3590,-0.087331786591694174,-0.08722287851880231,0.00010890807289186399
3591,-0.079950934078713842,-0.079825532729558141,0.00012540134915570156
3592,-0.041501344680742139,-0.041392563473818936,0.00010878120692320303
3593,0.024637409918633519,0.024700694857441068,6.3284938807549318e-05
3594,0.11086728029423248,0.11086818116929811,9.0087506562919195e-07
3595,0.20644205980975555,0.2063801861940098,6.187361574575001e-05
3596,0.29901794741971999,0.29890952922347697,0.00010841819624302085
3597,0.37644989992707961,0.37632350985126672,0.00012639007581288775
3598,0.42856185073923214,0.42845084949414869,0.00011100124508345299
3599,0.44862262619905574,0.44855643037041371,6.6195828642034993e-05
3600,0.43430428233357515,0.43430078080749945,3.5015260756998678e-06
3601,0.38797859644365884,0.38803929398191994,6.0697538261100803e-05
3602,0.31630696659006097,0.3164163011469403,0.00010933455687933691
3603,0.22918704418842037,0.22931617459645368,0.00012913040803330667
3604,0.13821725385273648,0.13833135283541761,0.00011409898268113783
3605,0.054913018738581315,0.054980686497604792,6.7667759023476437e-05
3606,-0.011052741197036238,-0.011050428101243445,2.3130957927924162e-06
3607,-0.053315748270068658,-0.053379889643278444,6.414137320978619e-05
3608,-0.069771054409591846,-0.069884576660623504,0.00011352225103165858
3609,-0.062863745299003557,-0.062996081907442214,0.00013233660843865735
3610,-0.039175822900247181,-0.039291373125468571,0.00011555022522138914
3611,-0.0083731933097827092,-0.0084409344561243056,6.7741146341596462e-05
3612,0.018326426242831102,0.018324809200121965,1.6170427091372064e-06
3613,0.029931023342634054,0.029996191333014014,6.5167990379959989e-05
3614,0.017424850562886372,0.017539512439043961,0.00011466187615758947
3615,-0.024775644394749066,-0.024642248411309107,0.00013339598343995937
3616,-0.097883417013334237,-0.097767498965450617,0.00011591804788362026
3617,-0.19846479221582153,-0.1983981182434946,6.6673972326930508e-05
3618,-0.31886871304938436,-0.31886952340643809,8.1035705373766476e-07
3619,-0.448296776820925,-0.44836464729282116,6.7870471896158691e-05
3620,-0.57435351275700364,-0.57446948709436885,0.00011597433736521001
3621,-0.6848424279481149,-0.68497441069456533,0.00013198274645043195
3622,-0.7695358860343221,-0.76964795108191519,0.00011206504759309066
3623,-0.82165183427578203,-0.82171408352779962,6.2249252017587686e-05
3624,-0.8388129555550512,-0.83880927799498839,3.6775600628091709e-06
3625,-0.82334292799738018,-0.82327498916442332,6.7938832956859763e-05
3626,-0.78185607406057267,-0.78174253039993702,0.00011354366063565102
3627,-0.72420370156105662,-0.72407499249698093,0.00012870906407569382
3628,-0.66193828327377335,-0.66182857937981909,0.0001097038939542605
3629,-0.60653039916852547,-0.60646856881956768,6.1830348957792047e-05
3630,-0.56760995880885268,-0.56761202008235412,2.061273501441363e-06
3631,-0.55149989555247325,-0.5515647923474194,6.489679494614542e-05
3632,-0.56026527739768361,-0.56037518173451595,0.0001099043368323338
3633,-0.59142234212979783,-0.59154749021229303,0.00012514808249519671
3634,-0.63835129318203865,-0.63845817402379257,0.00010688084175392021
3635,-0.69134989521071299,-0.69141021085318832,6.0315642475328168e-05
3636,-0.73916616010498604,-0.73916422936741633,1.9307375697108498e-06
3637,-0.77077577066690572,-0.77071248047632279,6.3290190582931949e-05
3638,-0.7771324987065874,-0.77702485505574981,0.00010764365083759664
3639,-0.75262391973359732,-0.75250041840355297,0.00012350133004435104
3640,-0.69600952943013805,-0.6959026524413755,0.00010687698876254981
3641,-0.61069719512454068,-0.61063496671774542,6.2228406795261648e-05
3642,-0.50431433621489941,-0.5043131676252478,1.1685896516011596e-06
3643,-0.38763787532211058,-0.38769828575284759,6.0410430737012355e-05
3644,-0.27304388613777836,-0.27315028522133272,0.00010639908355436489
3645,-0.17271138920044007,-0.17283599596579494,0.00012460676535486215
3646,-0.09685224015839658,-0.09696207189512393,0.00010983173672735047
3647,-0.052234631641601761,-0.05230018015954703,6.5548517945268614e-05
3648,-0.041224182754355576,-0.041227477340070498,3.294585714921916e-06
3649,-0.061487747002208604,-0.061427380697428695,6.0366304779908841e-05
3650,-0.10640376041266134,-0.10629550052779041,0.00010825988487092597
3651,-0.16611580814544691,-0.16598854082816744,0.00012726731727946694
3652,-0.22906827688171758,-0.22895625833057942,0.0001120185511381544
3653,-0.28378944009248352,-0.28372306867567942,6.6371416804100747e-05
3654,-0.32065027617670944,-0.32064782835033673,2.4478263727090166e-06
3655,-0.33333091833406819,-0.33339355919102354,6.2640856955342716e-05
3656,-0.31977161278595784,-0.31988299844259149,0.00011138565663365574
3657,-0.28246366228530551,-0.28259419741183511,0.0001305351265296073
3658,-0.22803653656967168,-0.22815106320774112,0.00011452663806943431
3659,-0.16620410133330993,-0.16627141067744278,6.7309344132848725e-05
3660,-0.10823176955626711,-0.10823333152341212,1.5619671450139982e-06
3661,-0.065159290462026995,-0.065094469443650438,6.4821018376556849e-05
3662,-0.046050468529938438,-0.045936802545905667,0.00011366598403277084
3663,-0.056537499659411725,-0.056405922138471364,0.00013157752094036107
3664,-0.097882840512757738,-0.097769070468653102,0.00011377004410463576
3665,-0.16670238832692544,-0.16663716692334091,6.5221403584531101e-05
3666,-0.25539394361932305,-0.2553947815993115,8.3797998845502875e-07
3667,-0.35320752848653636,-0.35327398941432941,6.6460927793055014e-05
3668,-0.44779593632763703,-0.4479097782087143,0.00011384188107727011
3669,-0.52701105631259071,-0.5271412149502761,0.00013015863768539582
3670,-0.58067405122128979,-0.5807851179687491,0.00011106674745930967
3671,-0.60205131397012523,-0.60211324268993571,6.1928719810477872e-05
3672,-0.58881284676005063,-0.58880927799497484,3.5687650757898481e-06
3673,-0.54332876452557688,-0.54326131092211116,6.7453603465716938e-05
3674,-0.4722591939310683,-0.47214669332170667,0.00011250060936163209
3675,-0.38550088974941304,-0.38537395400504326,0.00012693574436978272
3676,-0.29465172520773147,-0.2945441113182562,0.00010761388947527761
3677,-0.21122692215962133,-0.21116658169746408,6.0340462157248975e-05
3678,-0.14489955646211752,-0.14490180169062813,2.2452285106111525e-06
3679,-0.10203444419629558,-0.10209813215931315,6.3687963017575178e-05
3680,-0.084737466453313329,-0.084845365383091592,0.00010789892977826343
3681,-0.090564861445876277,-0.09068816580031544,0.00012330435443916321
3682,-0.11293632553551614,-0.11304210940751626,0.00010578387200012307
3683,-0.14218799457228878,-0.14224797372191056,5.9979149621774974e-05
3684,-0.16710450833769638,-0.16710282654977709,1.6817879192887464e-06
3685,-0.17669656382528773,-0.17663398824112717,6.2575584160562414e-05
3686,-0.16195149948633342,-0.16184505952219874,0.00010643996413467471
3687,-0.11728923429874656,-0.11716746795333166,0.00012176634541490039
3688,-0.041500666963668893,-0.041395706872515564,0.0001049600911533291
3689,0.061976355085133751,0.062037184587481101,6.0829502347349573e-05
3690,0.18548634702154373,0.18548721542390217,8.6840235843932412e-07
3691,0.31822617545481807,0.31816670590139173,5.9469553426338972e-05
3692,0.44779530140184121,0.44769068328800399,0.0001046181138372182
3693,0.56199180511998992,0.56186905191163161,0.00012275320835830605
3694,0.6505822531872274,0.65047371736929116,0.00010853581793623945
3695,0.70677852066189051,0.70671344709789419,6.5073563996320694e-05
3696,0.72819703637599775,0.72819340695374368,3.629422254070036e-06
3697,0.71715498788712584,0.71721437033924318,5.9382452117340279e-05
3698,0.6802599271818105,0.68036674644620099,0.00010681926439048972
3699,0.62735607957415607,0.62748163757148756,0.00012555799733149353
3700,0.56998849824568365,0.57009885253661852,0.00011035429093486648
3701,0.51962012667010726,0.51968529987717704,6.5173207069779693e-05
3702,0.48587313978301161,0.48587523662672122,2.0968437096091641e-06
3703,0.47506257917421124,0.47500060116521431,6.1978008996932399e-05
3704,0.48924541424646228,0.48913553450748809,0.00010987973897419456
3705,0.52592953599375158,0.52580084983844277,0.00012868615530881033
3706,0.57848651573247567,0.57837353872580677,0.00011297700666890176
3707,0.63720533932257684,0.63713873447233926,6.6604850237572677e-05
3708,0.69082523086461844,0.69082332116404299,1.9097005754531438e-06
3709,0.72831301629287037,0.72837660427209006,6.3587979219681401e-05
3710,0.74061348822731432,0.74072545414783342,0.00011196592051909704
3711,0.72210507234220955,0.7222349504127048,0.00012987807049524847
3712,0.67153789669167474,0.67165028170902707,0.00011238501735233442
3713,0.59231039262508711,0.59237468371008095,6.4291084993839398e-05
3714,0.4920406242058914,0.4920394609575105,1.1632483808976524e-06
3715,0.38149618151925224,0.38143015471119157,6.6026808060670739e-05
3716,0.27304377466352264,0.27293117086080826,0.00011260380271438386
3717,0.17885297691930419,0.17872464679413502,0.00012833012516916265
3718,0.10912605845217666,0.10901679237941463,0.00010926607276202926
3719,0.0706216401642452,0.070560685293466527,6.0954870778673342e-05
3720,0.065695935256393126,0.065699219192497549,3.2839361044229021e-06
3721,0.092006504747895831,0.092072551729831115,6.6046981935283244e-05
3722,0.14292255410353868,0.14303313137229934,0.00011057726876065321
3723,0.20857844585947097,0.20870367652229629,0.00012523066282532636
3724,0.27740929305478673,0.27751576899435082,0.00010647593956408796
3725,0.33793419061896202,0.3379938786743627,5.9688055400686224e-05
3726,0.38051518025049913,0.38051270637213169,2.4738783674371767e-06
3727,0.3988236562165246,0.3987602715868353,6.3384629689300365e-05
3728,0.39079127728862406,0.39068441208634475,0.00010686520227931595
3729,0.35890085787413989,0.35877934772608522,0.00012151014805467097
3730,0.30977341837217365,0.30966962671827997,0.00010379165389368117
3731,0.25311454632942387,0.25305579026809488,5.8756061328990583e-05
3732,0.20018168107191822,0.20018320302432385,1.5219524056309108e-06
3733,0.1620068693591262,0.16206797939540732,6.1110036281120106e-05
3734,0.14764644587732892,0.14775082616086943,0.00010438028354051165
3735,0.16272532152567704,0.16284536530788651,0.00012004378220947798
3736,0.20849879484341186,0.20860278014165265,0.00010398529824079406
3737,0.28157584276565722,0.2816362484219449,6.0405656287676468e-05
3738,0.37434769582763733,0.37434848204136045,7.8621372312515092e-07
3739,0.47605813576984335,0.4759989640075053,5.9171762338050549e-05
3740,0.57435401663698005,0.57425033384444812,0.00010368279253192281
3741,0.65708154851435363,0.65696054642619717,0.00012100208815646329
3742,0.71405642283319726,0.7139499674366836,0.00010645539651366054
3743,0.73853985247078791,0.73847617558403522,6.3676886752683792e-05
3744,0.72819703637599231,0.7281934069537398,3.6294222525157238e-06
3745,0.68539365607821701,0.68545164275891102,5.7986680694011028e-05
3746,0.61678575753582698,0.6168904995166431,0.0001047419808161143
3747,0.53226633617977404,0.53239014849182076,0.00012381231204672272
3748,0.44342978301052588,0.44353920825586146,0.00010942524533558151
3749,0.36178816635506372,0.36185304630015253,6.4879945088802682e-05
3750,0.29701179097690555,0.29701397000925084,2.1790323452841598e-06
3751,0.25546309149368579,0.25540153098997809,6.1560503707702718e-05
3752,0.23924595243939359,0.23913703494183519,0.0001089174975583973
3753,0.24591498016935617,0.24578800027234013,0.00012697989701604406
3754,0.26888857036885716,0.26877763735332977,0.00011093301552739243
3755,0.29850190613821803,0.29843675687169025,6.5149266527786409e-05
3756,0.32353904145506451,0.32353729159000411,1.7498650604075294e-06
3757,0.33301047539121625,0.33307285205806364,6.2376666847385742e-05
3758,0.31790374431967311,0.31801373998762267,0.0001099956679495584
3759,0.27263935302222519,0.27276746406175312,0.0001281110395279228
3760,0.19600915294974947,0.1961205293432885,0.00011137639353903106
3761,0.091452292212258965,0.091516295363468642,6.4003151209676701e-05
3762,-0.033374112506750084,-0.033375047105273711,9.3459852362753892e-07
3763,-0.16766493125936668,-0.16773032287210277,6.5391612736082072e-05
3764,-0.29901724359903459,-0.29912874083209096,0.00011149723305636794
3765,-0.41522635868961338,-0.41535302177999678,0.00012666309038339429
3766,-0.50605568958245328,-0.50616306683330692,0.00010737725085363525
3767,-0.56471362910923428,-0.56477319819387384,5.9569084639554681e-05
3768,-0.58881284676004142,-0.58880927799496474,3.5687650766780266e-06
3769,-0.58066644938645107,-0.58060135360607013,6.5095780380941548e-05
3770,-0.5468775555698957,-0.5467687381798898,0.00010881739000589974
3771,-0.49728558737238948,-0.49716213630280126,0.00012345106958822072
3772,-0.44343041793634219,-0.44332513614036961,0.00010528179597257825
3773,-0.39676951938680499,-0.39671023917925019,5.9280207554801567e-05
3774,-0.36691938757470483,-0.36692153618468004,2.1486099752165977e-06
3775,-0.36018912473548848,-0.36025160713080973,6.248239532125055e-05
3776,-0.37862945991581687,-0.3787349903042353,0.00010553038841842888
3777,-0.41974171412749361,-0.419861584618414,0.00011987049092038182
3778,-0.47689053838509055,-0.47699268332767608,0.00010214494258553586
3779,-0.54035776042548012,-0.54041531515684316,5.7554731363040901e-05
3780,-0.59887531934896621,-0.59887344966313028,1.8696858359312785e-06
3781,-0.6414025712967526,-0.64134213223253045,6.043906422215084e-05
3782,-0.65887660642480594,-0.65877371614127156,0.00010289028353438479
3783,-0.64566787675336657,-0.64554961127318533,0.00011826548018123439
3784,-0.60051823218899891,-0.6004156900371278,0.00010254215187111004
3785,-0.52681765474262165,-0.52675787478681413,5.9779955807526264e-05
3786,-0.4321757201320931,-0.4321745829357071,1.1371963860029588e-06
3787,-0.32735143099276637,-0.32740944350585771,5.8012513091343365e-05
3788,-0.22470275849044719,-0.22480484607451745,0.00010208758407026508
3789,-0.13639033920527577,-0.13650971352074603,0.00011937431547026645
3790,-0.072607264761296281,-0.072712351729647004,0.00010508696835072329
3791,-0.04010288241855605,-0.040165618039561035,6.273562100498481e-05
3792,-0.041224182754354105,-0.041227477340068833,3.294585714727627e-06
3793,-0.073619496225250713,-0.073561940098163067,5.7556127087646236e-05
3794,-0.13064873580975614,-0.13054521127350666,0.00010352453624948299
3795,-0.20243685814060283,-0.20231480695770229,0.00012205118290053996
3796,-0.27740940452903706,-0.27730167863784089,0.00010772589119617537
3797,-0.34407588442181258,-0.34401189732636872,6.3987095443862607e-05
3798,-0.39278889225949798,-0.39278641303986001,2.4792196379741505e-06
3799,-0.41721045871596818,-0.41727067015680097,6.0211440832791396e-05
3800,-0.41526291002707783,-0.41536999852616324,0.00010708849908541707
3801,-0.38941970526551933,-0.38954505348920776,0.00012534822368842624
3802,-0.34629242885143996,-0.34640224922162827,0.00010982037018830715
3803,-0.295577300703455,-0.29564178883346753,6.4488130012529954e-05
3804,-0.2485226103122849,-0.2485241112276963,1.5009154114009604e-06
3805,-0.21615142524726466,-0.21608932978892689,6.2095458337768639e-05
3806,-0.20751122332689645,-0.20740222730193383,0.0001089960249626154
3807,-0.22821812766172961,-0.22809174615231054,0.00012638150941907123
3808,-0.27951865799463987,-0.27940918653818914,0.00010947145645073819
3809,-0.35801315914392406,-0.35795030591084376,6.2853233080306659e-05
3810,-0.45608451485348128,-0.45608526549699568,7.5064351440223831e-07
3811,-0.56296840826826056,-0.56303237072302459,6.3962454764032728e-05
3812,-0.66630380166506431,-0.66641331565105366,0.00010951398598935125
3813,-0.75392917050124575,-0.75405418536005386,0.00012501485880811458
3814,-0.815652569711947,-0.81575901381320726,0.00010644410126026127
3815,-0.84472779258102815,-0.84478694079569583,5.9148214667681387e-05
3816,-0.83881295555503177,-0.83880927799496985,3.6775600619209925e-06
3817,-0.80026696969209665,-0.80020212826873283,6.4841423363826145e-05
3818,-0.73573939038291236,-0.73563145510168271,0.00010793528122965412
3819,-0.65511695900789446,-0.65499519606488898,0.00012176294300547674
3820,-0.56998799436568759,-0.56988472568921078,0.00010326867647680871
3821,-0.49185876772117443,-0.4918008272504964,5.7940470678030653e-05
3822,-0.4303941570047532,-0.43039627799179364,2.1209870404437225e-06
3823,-0.39195152862438243,-0.39201263007456311,6.1101450180678363e-05
3824,-0.37863003641640558,-0.37873354442994867,0.00010350801354308548
3825,-0.38797985886285907,-0.38809805777172746,0.00011819890886838325
3826,-0.41341521929230912,-0.41351649711837257,0.00010127782606345059
3827,-0.44526744662087336,-0.44532472963733194,5.7283016458575808e-05
3828,-0.47231712354992739,-0.47231530893965723,1.8146102701566136e-06
3829,-0.4835716632732826,-0.48351157893704022,6.0084336242383074e-05
3830,-0.47001589275542921,-0.46991389098870912,0.00010200176672009453
3831,-0.42606795976709688,-0.42595133798556717,0.00011662178152971325
3832,-0.35051767381264609,-0.35041713003677433,0.00010054377587176422
3833,-0.24680248467861515,-0.24674412452976344,5.8360148851716032e-05
3834,-0.12257818515239623,-0.12257718268659019,1.002465806032582e-06
3835,0.011351027838333244,0.011294229140214622,5.6798698118622204e-05
3836,0.1425827722440457,0.14248262057556138,0.00010015166848431623
3837,0.25891251312862673,0.25879483321295321,0.00011767991567351865
3838,0.35010346224145122,0.34999930227963116,0.0001041599618200606
3839,0.40936346102732202,0.4093009704757965,6.2490551525518079e-05
3840,0.43430428233357088,0.43430078080749446,3.5015260764215128e-06
3841,0.4272377616153859,0.42729475841459535,5.699679920945222e-05
3842,0.39476535508783989,0.3948678640817852,0.0001025089939453161
3843,0.3467244309868775,0.34684487846320083,0.00012044747632333763
3844,0.29465242902842076,0.29475829292405731,0.00010586389563654874
3845,0.2500040507100158,0.25006666624182294,6.2615531807141966e-05
3846,0.22239272424960271,0.22239493575465516,2.211505052446272e-06
3847,0.2181241463271828,0.21806489797724418,5.9248349938617606e-05
3848,0.23924527472230286,0.23913992702045894,0.00010534770184392195
3849,0.28325328038935532,0.28312964166240556,0.00012363872694975964
3850,0.34350828326344834,0.34339956074166189,0.00010872252178645292
3851,0.41028727431863932,0.41022313182534631,6.4142493293006808e-05
3852,0.47231712354989847,0.47231530893962759,1.8146102708782585e-06
3853,0.51855183557546303,0.518613108580813,6.1273005349971044e-05
3854,0.53992282878424958,0.54003059122390495,0.00010776243965537891
3855,0.53079453824057898,0.53091934508570449,0.00012480684512550244
3856,0.48990243550674828,0.49001027516294943,0.00010783965620114744
3857,0.42062986697583321,0.42069151578577851,6.1648809945302752e-05
3858,0.33057961790757867,0.33057852492375878,1.092983819894755e-06
3859,0.23050368917286251,0.23044040904708341,6.3280125779108243e-05
3860,0.13275279309325544,0.13264475675918097,0.00010803633407446833
3861,0.049480014892414013,0.04935671142195195,0.00012330347046206336
3862,-0.0091294269463699142,-0.0092345305450332645,0.00010510359866335028
3863,-0.036334252950618345,-0.036392850766108972,5.8597815490626926e-05
3864,-0.029795609112129612,-0.029792283620038645,3.3254920909671359e-06
3865,0.0081265699382932644,0.0081903257095975821,6.3755771304317699e-05
3866,0.07078375238262774,0.07089019444094094,0.00010644205831319975
3867,0.1482922263857189,0.14841242860952364,0.00012020222380473844
3868,0.22906860039258611,0.22917051298887237,0.00010191259628625216
3869,0.30161332971991123,0.30167031646072645,5.6986740815223591e-05
3870,0.35626997575628466,0.35626751242893895,2.4633273457141946e-06
3871,0.38669149749537185,0.38663082768851575,6.0669806856095132e-05
3872,0.3907910570849974,0.39068875102967743,0.00010230605531996728
3873,0.37103280703947905,0.37091630561953454,0.00011650141994451468
3874,0.3340188328188739,0.33391915518575233,9.9677633121575404e-05
3875,0.28943581420189152,0.2893793448217406,5.6469380150914184e-05
3876,0.24852261031228659,0.24852411122769824,1.5009154116507606e-06
3877,0.22229291174883178,0.22235170561727577,5.879386844398482e-05
3878,0.21978481935946709,0.21988508514360378,0.0001002657841366883
3879,0.24660502588777564,0.24672008492148345,0.00011505903370781501
3880,0.30399051093672697,0.30408996164589347,9.9450709166504225e-05
3881,0.38853212036452867,0.38858980746169552,5.7687097166858603e-05
3882,0.49260343135670331,0.49260416610792374,7.3475122042143681e-07
3883,0.60543096297017052,0.60537442887383108,5.6534096339433404e-05
3884,0.71464460580152267,0.71454542608053551,9.9179720987163655e-05
3885,0.80807380225613434,0.80795779101546594,0.00011601124066840107
3886,0.87551755313907775,0.87541521162415792,0.00010234151491983479
3887,0.91022071886798583,0.91015930520728583,6.1413660700004868e-05
3888,0.90983274742151332,0.9098290389550755,3.7084664378239651e-06
3889,0.87670410506126617,0.87675971068080161,5.5605619535437079e-05
3890,0.81747608209057343,0.81757668399636074,0.00010060190578731198
3891,0.74202728332075207,0.74214615263258565,0.0001188693118335804
3892,0.66193795976287662,0.66204292542007415,0.00010496565719753104
3893,0.58870650954107828,0.58876870257018754,6.2193029109258724e-05
3894,0.53199025922927123,0.53199233600374385,2.0767744726146731e-06
3895,0.49813931639117726,0.49808028459002024,5.9031801157016783e-05
3896,0.48924583309866554,0.48914132130671356,0.00010451179195197779
3897,0.50285319737565726,0.50273118774274084,0.00012200963291641997
3898,0.53236899693287643,0.53226222025269654,0.00010677668017988751
3899,0.5681181823421716,0.56805532156038707,6.2860781784523923e-05
3900,0.59887531934900151,0.5988734496631668,1.8696858347100331e-06
3901,0.61364214938012507,0.61370205761521079,5.9908235085726069e-05
3902,0.60339814787706891,0.6035039429165745,0.00010579503950558511
3903,0.56255639350522813,0.56267959886562091,0.00012320536039278629
3904,0.48990185900614974,0.49000888643482937,0.00010702742867962911
3905,0.38886746308690862,0.38892885625783874,6.1393170930124086e-05
3906,0.26710484847748583,0.26710378311660116,1.0653608846777907e-06
3907,0.13541444083844492,0.13535145761324824,6.2983225196683312e-05
3908,0.0061952166638674401,0.0060880019973424326,0.0001072146665250075
3909,-0.1083513567431194,-0.10847307495355779,0.0001217182104383957
3910,-0.19799126175939569,-0.19809441258086574,0.00010315082147005494
3911,-0.25593477325625269,-0.25599198867707273,5.7215420820044827e-05
3912,-0.27979571790709301,-0.27979228362001479,3.4342870782189117e-06
3913,-0.27188759353346292,-0.27182505370479731,6.2539828665608699e-05
3914,-0.23881312774682578,-0.23870858763593755,0.00010454011088822934
3915,-0.19041058542587766,-0.190292008722654,0.0001185767032236551
3916,-0.13821795767341877,-0.13811689703921323,0.00010106063420553535
3917,-0.093690147288970155,-0.093633368332269429,5.6778956700725969e-05
3918,-0.066440426590445495,-0.066442705962781262,2.2793723357672491e-06
3919,-0.062773953860817452,-0.062834136575164817,6.0182714347364885e-05
3920,-0.084736753859398647,-0.08483812940519217,0.00010137554579352226
3921,-0.12982467364447731,-0.1299396304310684,0.0001149567865910972
3922,-0.19139613482768658,-0.19149397653184097,9.7841704154388864e-05
3923,-0.25972608643656758,-0.25978119986986054,5.5113433292952596e-05
3924,-0.32353904145502965,-0.32353729158996747,1.7498650621838863e-06
3925,-0.37178629509280114,-0.37172847731938546,5.7817773415680396e-05
3926,-0.39539617986078962,-0.39529763726715722,9.8542593632400255e-05
3927,-0.38872965954706623,-0.38861624346056484,0.00011341608650139445
3928,-0.35051835152972416,-0.3504199077964838,9.8443733240360931e-05
3929,-0.28414142984512242,-0.28408403107661478,5.7398768507632703e-05
3930,-0.19719725187971535,-0.19719621694120168,1.034938513666539e-06
3931,-0.1004330878067359,-0.10048887727737435,5.5789470638445415e-05
3932,-0.006194581738078327,-0.0062926245484753382,9.8042810397011224e-05
3933,0.07337060793571952,0.07325611068930804,0.00011449724641147963
3934,0.12808305979346479,0.1279823372504858,0.00010072254297899264
3935,0.15120756656450268,0.15114736000080017,6.0206563702508431e-05
3936,0.1404115282911689,0.14040815466127027,3.3736298986342117e-06
3937,0.098061370171941484,0.098116279315175803,5.4909143234319058e-05
3938,0.030812394496111575,0.030911528096772362,9.9133600660786247e-05
3939,-0.051444604398840944,-0.051327382986407835,0.00011722141243310918
3940,-0.13711881536451689,-0.13701509139715609,0.00010372396736080258
3941,-0.21470305722150954,-0.21464134287573855,6.1714345770985668e-05
3942,-0.27453315673045425,-0.27453072897331876,2.427757135492481e-06
3943,-0.31025418111711495,-0.31031220058707931,5.8019469964365467e-05
3944,-0.31977119393377579,-0.31987431163054741,0.0001031176967716263
3945,-0.30554000090342814,-0.30566051257175442,0.00012051166832627302
3946,-0.2741540553693036,-0.27425948462969379,0.00010542926039019962
3947,-0.2352912583137472,-0.23535315183009689,6.1893516349692534e-05
3948,-0.20018168107191164,-0.20018320302431597,1.5219524043263988e-06
3949,-0.17983015737479127,-0.17977068615396682,5.9471220824447446e-05
3950,-0.18326580888019131,-0.18316120491890911,0.0001046039612822014
3951,-0.21608617849638725,-0.2159646103858823,0.00012156811050495486
3952,-0.27951887819826526,-0.2794133539367501,0.00010552426151516636
3953,-0.37014531786507759,-0.37008466102512405,6.0656839953543429e-05
3954,-0.48032971934769736,-0.48033045944018976,7.400924924017005e-07
3955,-0.59928926916731262,-0.59935102156062592,6.1752393313296849e-05
3956,-0.71464449432726451,-0.7147500647601166,0.00010557043285208678
3957,-0.81421538997499454,-0.81433561018534006,0.00012022021034552299
3958,-0.88779137143285192,-0.88789344355106192,0.00010207211821000595
3959,-0.9286077273906217,-0.92866425509684269,5.6527706220999008e-05
3960,-0.93430449992354259,-0.93430078080749279,3.7191160497940245e-06
3961,-0.90722286280694575,-0.90716057623033619,6.2286576609560385e-05
3962,-0.8539948757814434,-0.85389128585342533,0.00010358992801806632
3963,-0.78448992103476856,-0.784372955622338,0.00011696541243055858
3964,-0.71027897593593914,-0.71017964795486965,9.9327981069485816e-05
3965,-0.64285126006754956,-0.64279548520546248,5.5774862087076826e-05
3966,-0.59185516330305332,-0.5918572140255326,2.0507224792742917e-06
3967,-0.56363205427362506,-0.56369088550211632,5.8831228491262877e-05
3968,-0.56026549760132338,-0.56036504209883031,9.9544497506931506e-05
3969,-0.5792903929644827,-0.57940383767824144,0.00011344471375873688
3970,-0.61410587873536993,-0.6142028507887014,9.6972053331478847e-05
3971,-0.65502862733827882,-0.65508331239722972,5.468505895089848e-05
3972,-0.69082523086464753,-0.69082332116407152,1.9097005760082553e-06
3973,-0.71048972827722123,-0.71043209474418445,5.7633533036782758e-05
3974,-0.70499412522445837,-0.70489637901894941,9.7746205508952855e-05
3975,-0.66874421537149398,-0.66863237295473565,0.00011184241675832318
3976,-0.60051781333680454,-0.6004212479859945,9.6565350810040584e-05
3977,-0.50374091752563965,-0.50368474135834851,5.6176167291144274e-05
3978,-0.38605860068579695,-0.38605748355864794,1.1171271490084678e-06
3979,-0.258265048121745,-0.2583194906028114,5.444248106639682e-05
3980,-0.13275329697319993,-0.13284942770289079,9.6130729690863115e-05
3981,-0.021719135458630114,-0.021832097592005349,0.00011296213337523564
3982,0.064608890147503706,0.064508931705136885,9.9958442366820943e-05
3983,0.11944623475560501,0.11938627296980754,5.9961785797466027e-05
3984,0.14041152829116407,0.1404081546612653,3.3736298987729896e-06
3985,0.12982270198083137,0.12987736709924774,5.466511841636934e-05
3986,0.094286564142069582,0.09438493625089206,9.8372108822478155e-05
3987,0.043645138995511729,0.04376082981344024,0.00011569081792851127
3988,-0.010560100129386742,-0.010458283025175851,0.00010181710421089049
3989,-0.056871096906488491,-0.056810725784838249,6.0371121650241999e-05
3990,-0.085671807924361881,-0.085669462355861647,2.3455685002338189e-06
3991,-0.090654693436592701,-0.090711495576988016,5.6802140395315059e-05
3992,-0.069771732126699459,-0.069872981876216919,0.00010124974951745969
3993,-0.025525445079015802,-0.02564439663332,0.00011895155430419885
3994,0.035443889994338389,0.035339244078041551,0.00010464591629683745
3995,0.10341217487063802,0.10335045731057284,6.171756006517759e-05
3996,0.16710450833766785,0.16710282654974848,1.6817879193720131e-06
3997,0.21547238352688458,0.21553143616371676,5.905263683217421e-05
3998,0.23944393502746575,0.2395476875997864,0.00010375257232064783
3999,0.23337954082360526,0.23349961945455497,0.00012007863094970483
4000,0.19600986554366154,0.19611357962774709,0.00010371408408554883
4001,0.13071278254774638,0.13077210070480347,5.9318157057092202e-05
4002,0.045085017364935885,0.045084048622586512,9.687423493734415e-07
4003,-0.050128156388704256,-0.050188918996726103,6.0762608021847075e-05
4004,-0.14258347606471997,-0.14268733993348209,0.00010386386876212739
4005,-0.22013605436608963,-0.22025469491709337,0.00011864055100374582
4006,-0.27260962339823536,-0.27271077403183092,0.0001011506335955592
4007,-0.2932724581171558,-0.29332874989349861,5.6291776342809463e-05
4008,-0.27979571790712238,-0.27979228362004499,3.4342870773862444e-06
4009,-0.23454990867261322,-0.23448829098192145,6.161769069176759e-05
4010,-0.16419476610802364,-0.16409222096632459,0.00010254514169905082
4011,-0.078625887802922137,-0.078510379720098208,0.00011550808282392855
4012,0.010560735055178485,0.010658455329009432,9.7720273830946558e-05
4013,0.091852449938210276,0.091907015810280851,5.456587207057495e-05
4014,0.1555794045221498,0.15557702853127803,2.3759908717724265e-06
4015,0.1953807266783931,0.19532260843232271,5.8118246070382185e-05
4016,0.20915523960312951,0.20905715652702508,9.8083076104427125e-05
4017,0.19935217903716707,0.19924032186266347,0.000111857174503599
4018,0.17255807802191286,0.17246225269119367,9.5825330719195856e-05
4019,0.13844367941664207,0.13838940500980113,5.4274406840942868e-05
4020,0.10823176955624962,0.10823333152339465,1.561967145027876e-06
4021,0.092919712378662325,0.092976406515329804,5.6694136667478912e-05
4022,0.10152892707767203,0.1016253754391111,9.6448361439072094e-05
4023,0.13964898290753555,0.13975938611183586,0.00011040320430030781
4024,0.20849921369558386,0.20859443713720985,9.5223441625991168e-05
4025,0.30465257998261092,0.30470777470186428,5.5194719253359725e-05
4026,0.4204648152739035,0.42046558141838974,7.6614448624168219e-07
4027,0.54514451864083713,0.54509052245277168,5.3996188065452699e-05
4028,0.66630347815420543,0.66620853170731997,9.4946446885457725e-05
4029,0.77175275226098572,0.77164137023177692,0.00011138202920879525
4030,0.85127257774199239,0.85117402758694771,9.8550155044674348e-05
4031,0.89808896964495255,0.89802966893045588,5.9300714496668405e-05
4032,0.90983274742152076,0.90982903895508271,3.7084664380460097e-06
4033,0.88883585428431255,0.88888934921822271,5.3494933910158693e-05
4034,0.84172105748766679,0.84181787586445544,9.6818376788654348e-05
4035,0.77834833331590203,0.77846258697976023,0.00011425366385819924
4036,0.71027908741018775,0.71037983545505889,0.00010074804487114619
4037,0.64899295387039724,0.64905262029415933,5.9666423762094745e-05
4038,0.60412887531205073,0.60413092069325858,2.0453812078491396e-06
4039,0.58201885677307164,0.58196230152568473,5.655524738690243e-05
4040,0.58473713033978569,0.58463681449163196,0.0001003158481537314
4041,0.60980924035587669,0.60969184586154579,0.00011739449433090243
4042,0.65062488921465567,0.65052189080231759,0.00010299841233807339
4043,0.69749138171233205,0.69743059579558397,6.0785916748073987e-05
4044,0.739166160105035,0.73916422936746562,1.9307375693777828e-06
4045,0.76463428416537504,0.76469202681529236,5.7742649917313926e-05
4046,0.76485890267403334,0.76496090022859753,0.00010199755456419268
4047,0.73423702150754244,0.7343556504417631,0.00011862893422065479
4048,0.67153767648801632,0.67164054358648362,0.00010286709846729636
4049,0.58017823390388024,0.58023711394525535,5.8880041375108938e-05
4050,0.46779541971160771,0.4677942670142497,1.1526973580089361e-06
4051,0.3451753206201269,0.3451147153107339,6.0605309393002571e-05
4052,0.22470308200125219,0.22459998134450432,0.00010310065674787317
4053,0.11856675744549702,0.11844963842647116,0.00011711901902586308
4054,0.036987256731232605,0.036887916681515864,9.9340049716740986e-05
4055,-0.013258294645364991,-0.013313423982343905,5.5129336978914506e-05
4056,-0.029795609112112497,-0.029792283620022033,3.3254920904640661e-06
4057,-0.014949388366930341,-0.01488909805849923,6.029030843111155e-05
4058,0.02466706870504258,0.024767757660893761,0.00010068895585118101
4059,0.079205483832635537,0.079319519698858587,0.00011403586622305006
4060,0.13711831148457035,0.1372153092965325,9.6997811962151737e-05
4061,0.18694169827261209,0.18699602527528542,5.4327002673326685e-05
4062,0.21905417395221169,0.21905177033840628,2.4036138054073231e-06
4063,0.22714313056728044,0.22708520841939361,5.79221478868297e-05
4064,0.20915581610369427,0.20905844081985292,9.7375283841349969e-05
4065,0.16759032377249708,0.16747994598140192,0.00011037779109515644
4066,0.10908275892909197,0.10898879394800284,9.3964981089128541e-05
4067,0.043353365612000969,0.043300393414746799,5.2972197254169684e-05
4068,-0.01832642624281167,-0.018324809200102085,1.617042709584765e-06
4069,-0.064911195644813638,-0.064855719148771765,5.5476496041872991e-05
4070,-0.087331786591692967,-0.087237171789835963,9.4614801857004216e-05
4071,-0.079950934078706681,-0.07984202880587743,0.00010890527282925166
4072,-0.041501344680730461,-0.041406842250712721,9.4502430017739947e-05
4073,0.024637409918647817,0.024692455180998874,5.5045262351057639e-05
4074,0.11086728029424775,0.11086818116931471,9.0087506696145958e-07
4075,0.20644205980977065,0.20638841752172424,5.3642288046412689e-05
4076,0.29901794741973425,0.29892377907943568,9.4168340298572684e-05
4077,0.37644989992709349,0.37633995583499597,0.00010994409209752476
4078,0.42856185073924552,0.42846508492317631,9.6765816069210864e-05
4079,0.44862262619906917,0.44856464503933507,5.7981159734099563e-05
4080,0.43430428233358881,0.43430078080751183,3.5015260769766243e-06
4081,0.38797859644367189,0.3880310876231069,5.2491179435010249e-05
4082,0.31630696659007179,0.31640209450492418,9.5127914852388695e-05
4083,0.22918704418842725,0.22929977847330515,0.00011273428487790227
4084,0.1382172538527375,0.13831716055354637,9.99067008088661e-05
4085,0.054913018738574702,0.054972496720458557,5.9477981883854225e-05
4086,-0.011052741197051134,-0.01105042810125652,2.3130957946138758e-06
4087,-0.053315748270091529,-0.053371708137812029,5.5959867720500878e-05
4088,-0.06977105440962128,-0.069870413032638565,9.9358623017284375e-05
4089,-0.06286374529903746,-0.062979735414294372,0.0001159901152569115
4090,-0.039175822900282854,-0.039277223791290297,0.00010140089100744293
4091,-0.0083731933098177402,-0.008432769455736986,5.9576145919245857e-05
4092,0.018326426242798444,0.018324809200087697,1.6170427107470298e-06
4093,0.029931023342604557,0.029988034566023489,5.7011223418931833e-05
4094,0.017424850562859803,0.017525391626369718,0.00010054106350991521
4095,-0.024775644394773765,-0.024658545503677198,0.00011709889109656757
4096,-0.09788341701335844,-0.097781605550259137,0.00010181146309930222
4097,-0.19846479221584623,-0.19840625858155159,5.8533634294644088e-05
4098,-0.31886871304940989,-0.31886952340646185,8.1035705196130792e-07
4099,-0.44829677682095032,-0.4483565151503266,5.9738329376279875e-05
4100,-0.57435351275702651,-0.57445540889971436,0.00010189614268785174
4101,-0.68484242794813222,-0.68495816277538302,0.00011573482725080186
4102,-0.76953588603433043,-0.76963388704958668,9.8001015256254931e-05
4103,-0.82165183427577915,-0.82170596773854654,5.4133462767391727e-05
4104,-0.83881295555503532,-0.83880927799497451,3.6775600608107695e-06
4105,-0.82334292799735243,-0.82328309679584477,5.9831201507654086e-05
4106,-0.78185607406053603,-0.78175656617276512,9.9507887770911019e-05
4107,-0.72420370156101643,-0.7240911914692626,0.00011251009175383686
4108,-0.66193828327373627,-0.6618426010554177,9.5682218318571266e-05
4109,-0.6065303991684976,-0.60647666017290425,5.3738995593355376e-05
4110,-0.56760995880883947,-0.56761202008233891,2.0612734994429616e-06
4111,-0.5514998955524768,-0.55155670911438581,5.6813561909008214e-05
4112,-0.56026527739770438,-0.56036118818855751,9.5910790853137584e-05
4113,-0.59142234212983158,-0.59153133996203566,0.00010899783220408299
4114,-0.63835129318207884,-0.63844419451037804,9.2901328299199726e-05
4115,-0.69134989521075174,-0.69140214382356002,5.2248612808281081e-05
4116,-0.73916616010501435,-0.73916422936744663,1.9307375677124483e-06
4117,-0.77077577066691649,-0.77072053942291352,5.5231244002973412e-05
4118,-0.77713249870657641,-0.77703880656853952,9.3692138036893802e-05
4119,-0.75262391973356435,-0.75251652015522019,0.00010739957834415836
4120,-0.69600952943008576,-0.69591658998589945,9.2939444186312947e-05
4121,-0.61069719512447584,-0.61064300953513662,5.4185589339228457e-05
4122,-0.50431433621483102,-0.50431316762517786,1.1685896531554718e-06
4123,-0.38763787532204752,-0.38769025098140841,5.2375659360892612e-05
4124,-0.2730438861377284,-0.27313637554916376,9.2489411435359159e-05
4125,-0.17271138920040854,-0.17281994249061,0.00010855329020145743
4126,-0.096852240158385075,-0.09694817612731968,9.5935968934604543e-05
4127,-0.052234631641607972,-0.052292161443517754,5.7529801909782241e-05
4128,-0.041224182754374575,-0.041227477340091238,3.2945857166635784e-06
4129,-0.0614877470022335,-0.061435391404186052,5.2355598047448826e-05
4130,-0.10640376041268527,-0.10630936855054661,9.4391862138665239e-05
4131,-0.16611580814546423,-0.16600454624744948,0.00011126189801474728
4132,-0.22906827688172518,-0.22897011251249277,9.8164369232406345e-05
4133,-0.28378944009248158,-0.28373106340039239,5.8376692089190385e-05
4134,-0.32065027617670067,-0.3206478283503264,2.4478263742633288e-06
4135,-0.33333091833405704,-0.33338557243905409,5.4654104997053921e-05
4136,-0.31977161278594968,-0.31986917187913538,9.7559093185706214e-05
4137,-0.28246366228530523,-0.28257823982917568,0.00011457754387045327
4138,-0.2280365365696812,-0.22813725042202523,0.00010071385234403096
4139,-0.16620410133332883,-0.16626343983465441,5.933850132558427e-05
4140,-0.10823176955629182,-0.10823333152343853,1.5619671467070884e-06
4141,-0.065159290462051822,-0.065102432350045897,5.6858112005925276e-05
4142,-0.046050468529956499,-0.045950587839007177,9.9880690949322171e-05
4143,-0.05653749965941688,-0.056421832102448943,0.0001156675569679369
4144,-0.097882840512745942,-0.097782842046714363,9.9998466031578359e-05
4145,-0.16670238832689599,-0.16664511399294504,5.7274333950946277e-05
4146,-0.25539394361927875,-0.25539478159926576,8.3797998701173881e-07
4147,-0.35320752848648335,-0.35326605024498592,5.852175850257213e-05
4148,-0.44779593632758402,-0.44789603399819655,0.00010009767061253116
4149,-0.52701105631254686,-0.52712535238838121,0.00011429607583435253
4150,-0.58067405122126348,-0.58077138741094569,9.73361896822178e-05
4151,-0.60205131397012168,-0.60210531928541455,5.4005315292871003e-05
4152,-0.58881284676007073,-0.58880927799499638,3.5687650743465582e-06
4153,-0.54332876452561818,-0.54326922646219655,5.953806342162693e-05
4154,-0.47225919393112403,-0.47216039663618831,9.879729493572631e-05
4155,-0.3855008897494735,-0.38538976938005493,0.0001111203694185714
4156,-0.29465172520778676,-0.29455780104198603,9.3924165800729487e-05
4157,-0.21122692215966277,-0.21117448154429463,5.2440615368132271e-05
4158,-0.14489955646213895,-0.14490180169064862,2.2452285096674629e-06
4159,-0.10203444419629495,-0.10209024014134833,5.5795945053380147e-05
4160,-0.084737466453292984,-0.084831702779258403,9.4236325965418866e-05
4161,-0.09056486144584236,-0.09067239739834182,0.00010753595249946013
4162,-0.11293632553547735,-0.11302846033286296,9.213479738560959e-05
4163,-0.14218799457225467,-0.14224009732609169,5.21027538370189e-05
4164,-0.16710450833767559,-0.16710282654975722,1.6817879183728124e-06
4165,-0.17669656382528662,-0.17664185684351269,5.4706981773927632e-05
4166,-0.16195149948635451,-0.16185868159969644,9.2817886658075333e-05
4167,-0.11728923429878883,-0.11718318959486757,0.00010604470392126808
4168,-0.041500666963727804,-0.041409315482024964,9.1351481702840742e-05
4169,0.061976355085065153,0.062029331536569421,5.2976451504267719e-05
4170,0.18548634702147315,0.18548721542383254,8.6840235938301369e-07
4171,0.31822617545475312,0.31817455119398053,5.1624260772598074e-05
4172,0.44779530140178747,0.44770426502222932,9.103637955815147e-05
4173,0.56199180511994995,0.56188472700389136,0.00010707811605858986
4174,0.65058225318720264,0.65048728569631387,9.496749088877543e-05
4175,0.70677852066187796,0.70672127690919151,5.724375268645332e-05
4176,0.72819703637599387,0.72819340695373957,3.6294222542920807e-06
4177,0.71715498788712684,0.71720654825113328,5.156036400644215e-05
4178,0.68025992718181305,0.68035320487311313,9.327769130007546e-05
4179,0.62735607957415662,0.62746600881843373,0.00010992924427710715
4180,0.56998849824568276,0.57008532431033809,9.6826064655330946e-05
4181,0.51962012667010427,0.51967749320063905,5.7366530534785909e-05
4182,0.48587313978300889,0.48587523662671916,2.0968437102752979e-06
4183,0.47506257917421074,0.47500840015332696,5.4179020883782236e-05
4184,0.48924541424646578,0.48914903610028143,9.6378146184350477e-05
4185,0.52592953599376024,0.52581643246091803,0.00011310353284221808
4186,0.57848651573248888,0.57838702703184663,9.9488700642247352e-05
4187,0.63720533932259293,0.63714651811822953,5.8821204363401769e-05
4188,0.69082523086463488,0.69082332116405898,1.909700575897233e-06
4189,0.7283130162928847,0.72836882828009009,5.5811987205389713e-05
4190,0.74061348822732387,0.74071199235557916,9.8504128255294532e-05
4191,0.72210507234221244,0.72221941371345622,0.00011434137124377575
4192,0.67153789669167174,0.6716368331438437,9.8936452171960454e-05
4193,0.59231039262507901,0.59236692299138527,5.6530366306262181e-05
4194,0.49204062420587985,0.49203946095749934,1.1632483805090743e-06
4195,0.3814961815192402,0.38143790781035608,5.8273708884115649e-05
4196,0.2730437746635121,0.27294459303120655,9.9181632305544998e-05
4197,0.17885297691929697,0.17874013777626424,0.00011283914303272802
4198,0.10912605845217334,0.10903020138204941,9.5857070123925303e-05
4199,0.070621640164245117,0.070568423187805804,5.3216976439313113e-05
4200,0.065695935256394541,0.065699219192498493,3.2839361039510573e-06
4201,0.092006504747896636,0.092064821420863988,5.8316672967351213e-05
4202,0.14292255410353677,0.14301974864616823,9.7194542631462433e-05
4203,0.20857844585946475,0.208688231052433,0.00010978519296825362
4204,0.27740929305477602,0.27750239937703253,9.3106322256508722e-05
4205,0.33793419061894781,0.33798616350214905,5.1972883201245601e-05
4206,0.3805151802504832,0.38051270637211576,2.4738783674371767e-06
4207,0.39882365621651006,0.39876797920757834,5.5677008931720451e-05
4208,0.39079127728861374,0.39069775554467007,9.3521743943669744e-05
4209,0.35890085787413534,0.35879474788723942,0.00010610998689591922
4210,0.30977341837217598,0.30968295712638561,9.0461245790374178e-05
4211,0.25311454632943181,0.25306348281974494,5.1063509686866126e-05
4212,0.20018168107192955,0.20018320302433493,1.5219524053811107e-06
4213,0.16200686935913694,0.16206029436149494,5.3425002357998519e-05
4214,0.14764644587733522,0.14773752179492586,9.1075917590638378e-05
4215,0.16272532152567551,0.16283001025308752,0.00010468872741201118
4216,0.20849879484340017,0.20858948876769146,9.06939242912852e-05
4217,0.2815758427656353,0.28162857838987626,5.2735624240962675e-05
4218,0.37434769582760702,0.37434848204133014,7.8621372312515092e-07
4219,0.4760581357698086,0.47600662655531506,5.1509214493539179e-05
4220,0.57435401663694552,0.57426359929231552,9.0417344630000507e-05
4221,0.6570815485143261,0.65697585657570545,0.00010569193862064452
4222,0.71405642283318049,0.71396321995044243,9.3202882738063764e-05
4223,0.73853985247078535,0.73848382319682859,5.6029273956759162e-05
4224,0.72819703637600464,0.72819340695375145,3.6294222531818576e-06
4225,0.68539365607824265,0.68544400259702953,5.0346518786881234e-05
4226,0.61678575753586173,0.61687727281355198,9.1515277690246144e-05
4227,0.532266336179813,0.5323748830477083,0.00010854686789529833
4228,0.44342978301056302,0.44352599442937557,9.6211418812552907e-05
4229,0.36178816635509387,0.36184542100690148,5.7254651807614465e-05
4230,0.29701179097692515,0.29701397000927049,2.1790323453396709e-06
4231,0.25546309149369339,0.25540914886548655,5.3942628206848919e-05
4232,0.2392459524393904,0.23915022307240008,9.5729366990315867e-05
4233,0.24591498016934529,0.24580322120975251,0.0001117589595927837
4234,0.26888857036884328,0.26879081266445393,9.775770438935627e-05
4235,0.29850190613820632,0.2984443599445703,5.7546193636015541e-05
4236,0.32353904145505935,0.32353729158999833,1.7498650610181521e-06
4237,0.33301047539122119,0.33306525637004764,5.478097882644084e-05
4238,0.31790374431968904,0.31800059025845751,9.6845938768463924e-05
4239,0.27263935302225145,0.27275228743363295,0.0001129344113814934
4240,0.19600915294978311,0.1961073923767456,9.8239426962493104e-05
4241,0.091452292212296102,0.091508714412477099,5.6422200180997195e-05
4242,-0.033374112506713884,-0.033375047105237587,9.3459852370386676e-07
4243,-0.16766493125933535,-0.16772274927320655,5.7818013871197005e-05
4244,-0.29901724359901083,-0.29911562933414237,9.838573513154536e-05
4245,-0.41522635868959862,-0.41533788926486248,0.0001115305752638629
4246,-0.50605568958244673,-0.5061499680414997,9.4278459052965502e-05
4247,-0.56471362910923473,-0.56476563926678325,5.2010157548521008e-05
4248,-0.58881284676004608,-0.58880927799496985,3.5687650762339374e-06
4249,-0.58066644938645762,-0.58060890521351449,5.754417294312475e-05
4250,-0.54687755556990125,-0.54678181161566364,9.5743954237614837e-05
4251,-0.49728558737239298,-0.49717722489995902,0.0001083624724339538
4252,-0.44343041793634319,-0.44333819692615289,9.2221010190296493e-05
4253,-0.39676951938680366,-0.39671777617973603,5.1743207067633801e-05
4254,-0.36691938757470233,-0.36692153618467682,2.1486099744949527e-06
4255,-0.36018912473548559,-0.36024407741765929,5.4952682173703415e-05
4256,-0.37862945991581487,-0.37872195476254711,9.24948467322384e-05
4257,-0.41974171412749284,-0.41984653974534375,0.00010482561785091216
4258,-0.47689053838509055,-0.4769796603801767,8.912199508614993e-05
4259,-0.54035776042548056,-0.54040779998621591,5.0039560735348765e-05
4260,-0.59887531934896643,-0.59887344966313094,1.8696858354871893e-06
4261,-0.64140257129675204,-0.6413496401479355,5.2931148816548479e-05
4262,-0.65887660642480439,-0.65878671395593258,8.9892468871810571e-05
4263,-0.64566787675336501,-0.64556461261487552,0.00010326413848948945
4264,-0.60051823218899814,-0.60042867531306421,8.9556875933927138e-05
4265,-0.52681765474262265,-0.52676536822374309,5.2286518879562927e-05
4266,-0.43217572013209793,-0.43217458293571137,1.1371963865580703e-06
4267,-0.32735143099277569,-0.32740195729223692,5.0526299461228774e-05
4268,-0.22470275849046067,-0.22479188582084156,8.9127330380883718e-05
4269,-0.13639033920529209,-0.13649475551890275,0.00010441631361066128
4270,-0.072607264761313031,-0.072699403959572639,9.2139198259608146e-05
4271,-0.040102882418570331,-0.040158146240768522,5.5263822198191315e-05
4272,-0.041224182754362793,-0.041227477340077916,3.2945857151231439e-06
4273,-0.073619496225251352,-0.07356940470540424,5.0091519847111909e-05
4274,-0.1306487358097479,-0.13055813413126269,9.060167848520817e-05
4275,-0.20243685814058635,-0.20232972181010256,0.0001071363304837869
4276,-0.27740940452901486,-0.27731458906678036,9.4815462234498771e-05
4277,-0.3440758844217891,-0.34401934758203462,5.6536839754484092e-05
4278,-0.39278889225947805,-0.39278641303983963,2.4792196384182397e-06
4279,-0.41721045871595663,-0.41726322706112595,5.2768345169318387e-05
4280,-0.41526291002707849,-0.41535711290026978,9.4202873191284731e-05
4281,-0.38941970526553349,-0.38953018159700459,0.00011047633147109881
4282,-0.34629242885146694,-0.34638937597009889,9.694711863195149e-05
4283,-0.29557730070349048,-0.29563436002649929,5.7059323008812335e-05
4284,-0.24852261031232317,-0.2485241112277346,1.500915411428716e-06
4285,-0.21615142524729863,-0.21609675146728918,5.4673780009451001e-05
4286,-0.20751122332691913,-0.2074150758590475,9.6147467871621206e-05
4287,-0.22821812766173563,-0.22810657527243897,0.00011155238929666522
4288,-0.27951865799462644,-0.27942202277506678,9.6635219559659813e-05
4289,-0.35801315914389181,-0.35795771336299331,5.544578089849983e-05
4290,-0.45608451485343371,-0.45608526549694806,7.5064351434672716e-07
4291,-0.56296840826820471,-0.56302497036829979,5.6562100095081114e-05
4292,-0.6663038016650088,-0.6664005040006209,9.6702335612097734e-05
4293,-0.75392917050119856,-0.75403939882500193,0.000110228323803363
4294,-0.81565256971191558,-0.81574621442918593,9.3644717270358058e-05
4295,-0.84472779258101793,-0.84477955460502474,5.1762024006807295e-05
4296,-0.83881295555504265,-0.83880927799498051,3.6775600621430371e-06
4297,-0.80026696969212585,-0.80020950739288621,5.746229923964119e-05
4298,-0.73573939038295422,-0.73564423000650392,9.5160376450298401e-05
4299,-0.65511695900794187,-0.65500994020067704,0.00010701880726482482
4300,-0.56998799436573111,-0.56989748838113707,9.0505984594035915e-05
4301,-0.49185876772120657,-0.49180819227240913,5.0575448797440803e-05
4302,-0.43039415700476907,-0.43039627799180941,2.1209870403327002e-06
4303,-0.3919515286243801,-0.39200527208842645,5.3743464046351885e-05
4304,-0.37863003641638704,-0.37872080611059794,9.076969421090153e-05
4305,-0.38797985886282949,-0.38808335585047721,0.00010349698764772208
4306,-0.41341521929227509,-0.4135037709587312,8.8551666456104794e-05
4307,-0.44526744662084278,-0.44531738569201351,4.9939071170734817e-05
4308,-0.47231712354990757,-0.4723153089396373,1.8146102702676359e-06
4309,-0.48357166327327805,-0.48351891587718271,5.2747396095342847e-05
4310,-0.4700158927554422,-0.46992659288180205,8.9299873640147354e-05
4311,-0.42606795976712686,-0.42596599787593403,0.0001019618911928255
4312,-0.3505176738126895,-0.35042981982302546,8.7853989664044008e-05
4313,-0.24680248467866647,-0.24675144749014469,5.1037188521785293e-05
4314,-0.12257818515244949,-0.12257718268664304,1.0024658064489156e-06
4315,0.01135102783828399,0.011301545125778929,4.9482712505061893e-05
4316,0.14258277224400479,0.14249528620059093,8.7486043413853576e-05
4317,0.25891251312859687,0.25880945125491678,0.00010306187368008812
4318,0.35010346224143191,0.35001195585034667,9.1506391085238725e-05
4319,0.40936346102731158,0.40930827254224711,5.5188485064472381e-05
4320,0.43430428233356666,0.43430078080748996,3.5015260766990686e-06
4321,0.42723776161538424,0.42728746329260736,4.9701677223124019e-05
4322,0.39476535508783839,0.39485523456742389,8.9879479585497357e-05
4323,0.346724430986874,0.34683030208809412,0.000105871101220123
4324,0.29465242902841488,0.29474567541180291,9.3246383388034815e-05
4325,0.25000405071000847,0.25005938497867797,5.5334268669493536e-05
4326,0.22239272424959555,0.22239493575464805,2.2115050525017832e-06
4327,0.21812414632717794,0.21807217232596415,5.1974001213789256e-05
4328,0.23924527472230209,0.23915252058046879,9.2754141833295556e-05
4329,0.28325328038935954,0.28314417655099428,0.00010910383836526538
4330,0.34350828326345728,0.34341214235148471,9.6140911972575349e-05
4331,0.41028727431865203,0.41023039237517989,5.6881943472142371e-05
4332,0.47231712354991284,0.47231530893964174,1.8146102711003032e-06
4333,0.51855183557547713,0.51860585491553546,5.4019340058331089e-05
4334,0.53992282878426145,0.54001803346282318,9.5204678561722211e-05
4335,0.53079453824058809,0.53090485150434819,0.00011031326376009787
4336,0.48990243550675422,0.48999772930045338,9.5293793699158247e-05
4337,0.42062986697583699,0.42068427585980667,5.4408883969681021e-05
4338,0.33057961790758206,0.33057852492376238,1.0929838196727104e-06
4339,0.23050368917286737,0.23044764211824004,5.6047054627333948e-05
4340,0.13275279309326324,0.1326572788758745,9.5514217388736888e-05
4341,0.049480014892425803,0.049371163874343996,0.00010885101808180697
4342,-0.0091294269463547285,-0.0092220202756252128,9.2593329270484331e-05
4343,-0.036334252950601026,-0.036385631375020155,5.1378424419129542e-05
4344,-0.029795609112112226,-0.029792283620021391,3.325492090835297e-06
4345,0.008126569938308556,0.0081831131438357199,5.6543205527163909e-05
4346,0.070783752382639176,0.070877707815082486,9.3955432443310061e-05
4347,0.1482922263857257,0.14839801710895817,0.00010579072323246841
4348,0.22906860039258908,0.2291580381593033,8.9437766714217659e-05
4349,0.30161332971991212,0.30166311751614699,4.9787796234879167e-05
4350,0.35626997575628622,0.35626751242894072,2.46332734549215e-06
4351,0.38669149749537685,0.38663801983716173,5.3477658215117518e-05
4352,0.3907910570850085,0.39070120231742506,8.9854767583441575e-05
4353,0.37103280703949681,0.3709306763444451,0.00010213069505171646
4354,0.33401883281889722,0.33393159472790707,8.7238090990149342e-05
4355,0.28943581420191727,0.2893865234077454,4.9290794171874541e-05
4356,0.24852261031230974,0.24852411122772097,1.500915411234427e-06
4357,0.22229291174884674,0.22234453379807029,5.1622049223543076e-05
4358,0.21978481935946825,0.21987266904222297,8.7849682754714831e-05
4359,0.24660502588775893,0.24670575479716694,0.00010072890940801549
4360,0.30399051093669111,0.30407755723968705,8.7046302995941183e-05
4361,0.38853212036447543,0.38858264914689411,5.052878241867953e-05
4362,0.49260343135663737,0.49260416610785868,7.3475122130961523e-07
4363,0.60543096297010002,0.60538158045075907,4.9382519340945841e-05
4364,0.71464460580145661,0.71455780714637918,8.6798655077435782e-05
4365,0.80807380225608183,0.80797208071317139,0.00010172154291043789
4366,0.87551755313904667,0.87542758104492036,8.9972094126311575e-05
4367,0.91022071886797951,0.91016644333765173,5.4275530327774213e-05
4368,0.90983274742153264,0.90982903895509448,3.708466438157032e-06
4369,0.87670410506130714,0.87675257925938332,4.8474198076187136e-05
4370,0.81747608209062828,0.81756433781598647,8.8255725358199477e-05
4371,0.74202728332081136,0.74213190318840361,0.00010461986759224828
4372,0.6619379597629298,0.66203059083501314,9.2631072083348975e-05
4373,0.5887065095411167,0.58876158453788829,5.5074996771597995e-05
4374,0.53199025922928922,0.53199233600376228,2.0767744730587623e-06
4375,0.49813931639117287,0.49808739594210949,5.1920449063380669e-05
4376,0.48924583309864167,0.48915363275074719,9.220034789447773e-05
4377,0.50285319737562029,0.5027453971054352,0.00010780027018508775
4378,0.53236899693283546,0.53227452015090548,9.4476781929975218e-05
4379,0.56811818234213696,0.56806241958048975,5.5762761647204506e-05
4380,0.59887531934898108,0.59887344966314604,1.8696858350431e-06
4381,0.61364214938012573,0.61369496624681952,5.2816866693783382e-05
4382,0.60339814787709278,0.60349166606068183,9.351818358904751e-05
4383,0.5625563935052732,0.56266542941345055,0.00010903590817734621
4384,0.48990185900621108,0.48999662107556569,9.4762069354603629e-05
4385,0.38886746308697784,0.38892177816464119,5.43150776633472e-05
4386,0.26710484847755456,0.26710378311667005,1.0653608845112572e-06
4387,0.13541444083850454,0.13535852908316079,5.591175534375159e-05
4388,0.0061952166639123027,0.0061002444125218712,9.49722513904315e-05
4389,-0.10835135674309233,-0.10845894524184285,0.00010758849875051879
4390,-0.19799126175938614,-0.19808218161338545,9.0919853999310574e-05
4391,-0.25593477325625741,-0.25598493042585324,5.0157169595832496e-05
4392,-0.27979571790710656,-0.27979228362002895,3.434287077608289e-06
4393,-0.27188759353347952,-0.27183210536078906,5.5488172690465465e-05
4394,-0.2388131277468401,-0.23872079575680014,9.2331990039967726e-05
4395,-0.19041058542588626,-0.1903060988628158,0.00010448656307046611
4396,-0.13821795767342065,-0.13812909376103916,8.8863912381498267e-05
4397,-0.093690147288966352,-0.093640406825777095,4.9740463189257289e-05
4398,-0.06644042659043907,-0.066442705962774143,2.2793723350733597e-06
4399,-0.062773953860812234,-0.062827104648896515,5.3150788084280198e-05
4400,-0.084736753859398509,-0.084825955432993871,8.9201573595362738e-05
4401,-0.1298246736444848,-0.12992557969445584,0.00010090604997103902
4402,-0.19139613482770265,-0.19148181391032695,8.5679082624301461e-05
4403,-0.25972608643659112,-0.25977418105024808,4.8094613656957108e-05
4404,-0.3235390414550573,-0.32353729158999561,1.7498650616842859e-06
4405,-0.3717862950928289,-0.37173548959963743,5.080549319147476e-05
4406,-0.39539617986081294,-0.39530977723551208,8.6402625300852076e-05
4407,-0.38872965954708183,-0.38863025496068615,9.9404586395679395e-05
4408,-0.35051835152972982,-0.35043203646222565,8.6315067504172394e-05
4409,-0.28414142984511787,-0.28409103030571681,5.0399539401058124e-05
4410,-0.19719725187970227,-0.197196216941188,1.0349385142771617e-06
4411,-0.10043308780671738,-0.10048188455998723,4.8796753269852999e-05
4412,-0.0061945817380580489,-0.0062805184400524655,8.5936701994416588e-05
4413,0.073370607935737936,0.073270083118960286,0.00010052481677765013
4414,0.12808305979347878,0.12799443210409964,8.8627689379144892e-05
4415,0.15120756656451081,0.15115433972224479,5.3226842266024255e-05
4416,0.14041152829117176,0.14040815466127232,3.3736298994391234e-06
4417,0.098061370171940387,0.098109306077964226,4.7935906023838237e-05
4418,0.030812394496108873,0.030899455705198867,8.7061209089994707e-05
4419,-0.051444604398842929,-0.051341316510645357,0.00010328788819757156
4420,-0.13711881536451648,-0.13702715258143686,9.1662783079621279e-05
4421,-0.21470305722150604,-0.21464830317187727,5.4754049628763513e-05
4422,-0.27453315673044848,-0.2745307289733121,2.4277571363806594e-06
4423,-0.31025418111710806,-0.31030524674780463,5.1065630696567332e-05
4424,-0.31977119393376979,-0.31986227281353963,9.1078879769834753e-05
4425,-0.30554000090342537,-0.30564661778880359,0.00010661688537821901
4426,-0.27415405536930498,-0.27424745697274577,9.3401603440790293e-05
4427,-0.23529125831375208,-0.23534621087735749,5.4952563605409344e-05
4428,-0.20018168107191855,-0.20018320302432333,1.521952404770488e-06
4429,-0.17983015737479707,-0.17977762067703551,5.2536697761562667e-05
4430,-0.18326580888019298,-0.18317321030277878,9.2598577414199079e-05
4431,-0.21608617849638145,-0.21597846659069328,0.00010771190568817368
4432,-0.27951887819824994,-0.27942534820751158,9.3529990738361324e-05
4433,-0.37014531786505261,-0.37009158271586473,5.3735149187883469e-05
4434,-0.48032971934766439,-0.48033045944015645,7.4009249206863359e-07
4435,-0.59928926916727576,-0.5993441062724707,5.4837105194938118e-05
4436,-0.7146444943272291,-0.71473809266873545,9.3598341506351268e-05
4437,-0.81421538997496634,-0.81432179239641922,0.00010640242145287804
4438,-0.88779137143283615,-0.88788148252610255,9.0111093266398434e-05
4439,-0.9286077273906217,-0.92865735258710969,4.9625196487990131e-05
4440,-0.93430449992355991,-0.93430078080751033,3.7191160495719799e-06
4441,-0.90722286280697806,-0.90716747236433237,5.5390442645686377e-05
4442,-0.85399487578148703,-0.85390322479208813,9.1650989398894822e-05
4443,-0.78448992103481707,-0.78438673515662027,0.0001031858781967987
4444,-0.71027897593598488,-0.71019157587355053,8.7400062434350723e-05
4445,-0.64285126006758575,-0.64280236861467599,4.8891452909760602e-05
4446,-0.59185516330307431,-0.59185721402555336,2.0507224790522471e-06
4447,-0.56363205427362861,-0.56368400844199051,5.1954168361900699e-05
4448,-0.56026549760130928,-0.560353136173939,8.7638572629722411e-05
4449,-0.57929039296445406,-0.57939009623830784,9.9703273853779528e-05
4450,-0.61410587873533173,-0.6141909558376214,8.5077102289665696e-05
4451,-0.65502862733823819,-0.65507644800855724,4.7820670319054237e-05
4452,-0.69082523086461101,-0.690823321164035,1.9097005760082553e-06
4453,-0.71048972827719492,-0.71043895281030844,5.0775466886476828e-05
4454,-0.70499412522444571,-0.70490825206825214,8.5873156193572164e-05
4455,-0.66874421537149698,-0.66864607645971708,9.8138911779899196e-05
4456,-0.60051781333682142,-0.60043311010737421,8.4703229447202766e-05
4457,-0.50374091752566752,-0.50369158680601034,4.9330719657181277e-05
4458,-0.38605860068583236,-0.38605748355868336,1.1171271490084678e-06
4459,-0.25826504812178269,-0.25831265145128474,4.7603329502043934e-05
4460,-0.13275329697323479,-0.13283758739179327,8.4290418558480296e-05
4461,-0.021719135458659139,-0.02181843186350263,9.9296404843490782e-05
4462,0.064608890147482792,0.064520761133912849,8.8129013569943071e-05
4463,0.11944623475559292,0.11939309955551648,5.313520007643735e-05
4464,0.14041152829116038,0.14040815466126089,3.3736298994946345e-06
4465,0.12982270198083457,0.12987054678333765,4.7844802503083095e-05
4466,0.094286564142078283,0.094373128541362719,8.6564399284436155e-05
4467,0.043645138995524149,0.043747201703802654,0.00010206270827850528
4468,-0.010560100129372023,-0.010470079897716651,9.0020231655371652e-05
4469,-0.056871096906472504,-0.056817533587262062,5.3563319210442328e-05
4470,-0.08567180792434545,-0.08566946235584548,2.3455684999701409e-06
4471,-0.090654693436576589,-0.090704694018231224,5.0000581654635612e-05
4472,-0.069771732126684485,-0.069861206632461259,8.9474505776773738e-05
4473,-0.025525445079002954,-0.025630805985883971,0.00010536090688101699
4474,0.035443889994347867,0.035351008529901841,9.2881464446026296e-05
4475,0.10341217487064283,0.10335724640791333,5.4928462729503247e-05
4476,0.16710450833766718,0.16710282654974828,1.6817879189001683e-06
4477,0.21547238352687811,0.21552465328411519,5.2269757237072278e-05
4478,0.2394439350274537,0.23953594468681408,9.2009659360375862e-05
4479,0.23337954082358919,0.23348606611358907,0.00010652528999988142
4480,0.19600986554364358,0.19610184746182702,9.1981918183436928e-05
4481,0.13071278254772919,0.1307653302348285,5.2547687099308016e-05
4482,0.045085017364922236,0.045084048622572447,9.6874234978977514e-07
4483,-0.050128156388712132,-0.050182154718707302,5.3998329995169625e-05
4484,-0.14258347606472077,-0.1426756292170645,9.2153152343732447e-05
4485,-0.22013605436608341,-0.22024117872775401,0.00010512436167059436
4486,-0.27260962339822348,-0.27269907401788351,8.9450619660036423e-05
4487,-0.29327245811714053,-0.29332199797362346,4.9539856482927469e-05
4488,-0.27979571790710689,-0.27979228362002873,3.4342870781634005e-06
4489,-0.23454990867260059,-0.23449503673549849,5.4871937102102253e-05
4490,-0.164194766108016,-0.16410389961966018,9.0866488355823005e-05
4491,-0.078625887802920569,-0.07852385891177957,0.00010202889114099833
4492,0.010560735055174724,0.010646787333826504,8.6052278651780126e-05
4493,0.091852449938203351,0.091900282363675798,4.7832425472446594e-05
4494,0.15557940452214289,0.15557702853127053,2.3759908723552936e-06
4495,0.19538072667839015,0.19532933573816139,5.1390940228768223e-05
4496,0.20915523960313384,0.20906880324999905,8.6436353134794475e-05
4497,0.19935217903718067,0.1992537642097934,9.8414827387260928e-05
4498,0.17255807802193598,0.17247388880008674,8.418922184924571e-05
4499,0.13844367941667282,0.13839612005956312,4.7559357109705491e-05
4500,0.10823176955628409,0.10823333152342991,1.5619671458189099e-06
4501,0.092919712378695257,0.092969697581021554,4.9985202326296996e-05
4502,0.10152892707769771,0.10161376051460053,8.4833436902811976e-05
4503,0.1396489829075489,0.13974598045709405,9.6997549545146944e-05
4504,0.20849921369558166,0.2085828327829588,8.36190873771403e-05
4505,0.30465257998259215,0.3047010779730242,4.8497990432050386e-05
4506,0.42046481527386975,0.42046558141835516,7.6614448540901492e-07
4507,0.54514451864079294,0.54509721309138159,4.7305549411347236e-05
4508,0.6663034781541568,0.6662201149645598,8.3363189597007725e-05
4509,0.77175275226094076,0.77165473934546003,9.8012915480727436e-05
4510,0.85127257774195697,0.85118560031747381,8.6977424483158927e-05
4511,0.89808896964493257,0.89803634741386962,5.2622231062948721e-05
4512,0.90983274742151798,0.90982903895508094,3.708466437046809e-06
4513,0.8888358542843271,0.88888267679989208,4.6822515564981515e-05
4514,0.84172105748769444,0.8418063241440088,8.5266656314364475e-05
4515,0.77834833331593722,0.77844925425662415,0.00010092094068692159
4516,0.71027908741022228,0.71036829421803338,8.9206807811104127e-05
4517,0.64899295387042455,0.64904595998104853,5.3006110623976532e-05
4518,0.60412887531206416,0.60413092069327112,2.0453812069609612e-06
4519,0.58201885677306786,0.58196895579866414,4.9900974403715992e-05
4520,0.58473713033976427,0.58464833480496037,8.8795534803898235e-05
4521,0.60980924035584105,0.60970514234373341,0.00010409801210764513
4522,0.65062488921461115,0.65053340067527432,9.148853933682588e-05
4523,0.69749138171228642,0.6974372380130418,5.4143699244613153e-05
4524,0.73916616010499636,0.73916422936742832,1.9307375680455152e-06
4525,0.76463428416535162,0.76468539061312735,5.110644777572837e-05
4526,0.76485890267402956,0.76494941119341964,9.0508519390075648e-05
4527,0.73423702150756132,0.73434239005175073,0.00010536854418941033
4528,0.67153767648805718,0.6716290649488782,9.1388460821018036e-05
4529,0.5801782339039383,0.58023048974920632,5.2255845268023293e-05
4530,0.46779541971167632,0.46779426701431698,1.1526973593412038e-06
4531,0.3451753206201984,0.34512133351620117,5.3987103997232833e-05
4532,0.22470308200131797,0.22461143922978555,9.1642771532424172e-05
4533,0.11856675744555083,0.11846286287227445,0.00010389457327637797
4534,0.036987256731269742,0.03689936421181577,8.7892519453972029e-05
4535,-0.013258294645346237,-0.01330681773380105,4.8523088454812888e-05
4536,-0.029795609112111033,-0.029792283620018956,3.325492092077359e-06
4537,-0.014949388366942609,-0.0148956983408356,5.369002610700925e-05
4538,0.024667068705021632,0.024756330798132015,8.9262093110383661e-05
4539,0.079205483832611612,0.079306331050299855,0.00010084721768824356
4540,0.13711831148454851,0.13720389274638839,8.5581261839884348e-05
4541,0.18694169827259605,0.18698943690093461,4.7738628338567235e-05
4542,0.2190541739522035,0.21905177033839657,2.4036138069338797e-06
4543,0.22714313056728003,0.22709179085190023,5.1339715379794537e-05
4544,0.20915581610369968,0.20906983678688651,8.5979316813172835e-05
4545,0.16759032377250538,0.16749309897896278,9.7224793542599608e-05
4546,0.10908275892909977,0.10900017964451357,8.2579284586201118e-05
4547,0.043353365612005139,0.043306963987874411,4.6401624130727737e-05
4548,-0.018326426242813245,-0.018324809200102342,1.6170427109031549e-06
4549,-0.06491119564482177,-0.064862283804308904,4.8911840512866345e-05
4550,-0.087331786591707247,-0.087248536987206027,8.3249604501220431e-05
4551,-0.079950934078725319,-0.079855146297868274,9.5787780857045646e-05
4552,-0.041501344680751256,-0.041418197219419188,8.3147461332068462e-05
4553,0.024637409918627493,0.024685902336503383,4.8492417875890814e-05
4554,0.11086728029423001,0.11086818116929559,9.008750655736808e-07
4555,0.20644205980975683,0.20639496447268782,4.7095337069008592e-05
4556,0.29901794741972504,0.29893511363243769,8.2833787287350802e-05
4557,0.37644989992708849,0.37635303796596142,9.6861961127070462e-05
4558,0.42856185073924402,0.42847640928913322,8.5441450110801398e-05
4559,0.44862262619906973,0.44857118022731501,5.1445971754715547e-05
4560,0.43430428233358992,0.4343007808075145,3.5015260754223121e-06
4561,0.38797859644367283,0.38802455830466664,4.5961860993815051e-05
4562,0.31630696659007201,0.31639079047164104,8.3823881569022873e-05
4563,0.22918704418842703,0.22928673155957777,9.9687371150736226e-05
4564,0.13821725385273717,0.13830586666593309,8.8612813195915185e-05
4565,0.05491301873857532,0.054965979117231493,5.296037865617359e-05
4566,-0.011052741197048665,-0.01105042810125613,2.3130957925356771e-06
4567,-0.053315748270086234,-0.053365196380293266,4.9448110207031548e-05
4568,-0.069771054409612232,-0.069859139395161612,8.8084985549380379e-05
4569,-0.062863745299023596,-0.062966723574849309,0.00010297827582571306
4570,-0.039175822900263418,-0.039265960258324316,9.0137358060897455e-05
4571,-0.0083731933097916898,-0.0084262693658965181,5.307605610482824e-05
4572,0.018326426242832112,0.018324809200123294,1.6170427088180173e-06
4573,0.029931023342646693,0.029981540298275711,5.051695562901734e-05
4574,0.017424850562910769,0.017514148261555538,8.9297698644769108e-05
4575,-0.024775644394714347,-0.024671522410892589,0.00010412198382175886
4576,-0.097883417013292007,-0.097792838851452638,9.0578161839369176e-05
4577,-0.19846479221577565,-0.19841274122881772,5.2050986957929979e-05
4578,-0.31886871304933906,-0.31886952340639263,8.103570535711313e-07
4579,-0.44829677682088437,-0.44835003830139131,5.3261480506938685e-05
4580,-0.57435351275697044,-0.57444419568487781,9.0682927907370647e-05
4581,-0.68484242794809158,-0.68494522065888563,0.00010279271079405294
4582,-0.76953588603430845,-0.76962268385770405,8.679782339560127e-05
4583,-0.8216518342757777,-0.82169950246314927,4.766818737156342e-05
4584,-0.83881295555505309,-0.83880927799498983,3.6775600632532601e-06
4585,-0.82334292799738551,-0.82328955629622858,5.337170115693457e-05
4586,-0.78185607406057867,-0.78176774935933002,8.8324701248643223e-05
4587,-0.72420370156106073,-0.72410409893548611,9.9602625574624071e-05
4588,-0.66193828327377457,-0.66185377425951519,8.4509014259381843e-05
4589,-0.60653039916852314,-0.60648310814652218,4.7291022000961469e-05
4590,-0.56760995880884813,-0.56761202008235001,2.0612735018854522e-06
4591,-0.5514998955524687,-0.55155026689253805,5.0371340069355064e-05
4592,-0.56026527739768173,-0.56035003490912916,8.4757511447430822e-05
4593,-0.59142234212980049,-0.59151846700635158,9.6124876551084704e-05
4594,-0.63835129318204764,-0.63843305117317484,8.175799112719595e-05
4595,-0.69134989521072832,-0.69139571308200298,4.5817871274667077e-05
4596,-0.73916616010500635,-0.73916422936743698,1.9307375693777828e-06
4597,-0.77077577066692893,-0.77072696443586797,4.8806231060960492e-05
4598,-0.77713249870661061,-0.77704993006132406,8.2568645286551501e-05
4599,-0.75262391973361664,-0.752529358739365,9.4560994251646768e-05
4600,-0.69600952943015082,-0.69592770357648359,8.1825853667227832e-05
4601,-0.61069719512454479,-0.61064942311403325,4.7772010511537566e-05
4602,-0.50431433621489519,-0.50431316762524403,1.1685896511570704e-06
4603,-0.38763787532209898,-0.38768384310819332,4.5967786094336383e-05
4604,-0.2730438861377622,-0.27312528172331818,8.1395585555976702e-05
4605,-0.17271138920042312,-0.17280713813990745,9.5748939484330275e-05
4606,-0.09685224015838266,-0.096937092163890626,8.4852005507965456e-05
4607,-0.052234631641593976,-0.05228576495841869,5.1133316824714115e-05
4608,-0.041224182754356027,-0.041227477340070436,3.2945857144084378e-06
4609,-0.061487747002217645,-0.061441782206595422,4.5964795622223387e-05
4610,-0.10640376041267763,-0.10632043282865973,8.3327584017897638e-05
4611,-0.1661158081454675,-0.16601731650220578,9.8491643261727768e-05
4612,-0.22906827688173872,-0.22898116696773049,8.7109914008232092e-05
4613,-0.2837894400925009,-0.28373744286033037,5.1997232170530872e-05
4614,-0.32065027617671982,-0.32064782835034722,2.4478263725979943e-06
4615,-0.3333309183340688,-0.33337919863903281,4.8280304964010146e-05
4616,-0.31977161278594779,-0.31985813703032528,8.6524244377494952e-05
4617,-0.28246366228528652,-0.28256550353372678,0.00010184124844025977
4618,-0.22803653656964634,-0.22812622535674451,8.9688787098168854e-05
4619,-0.16620410133328223,-0.16625707733166195,5.2975998379722888e-05
4620,-0.10823176955624164,-0.10823333152338648,1.561967144833587e-06
4621,-0.065159290462008135,-0.065108789215708548,5.05012462995863e-05
4622,-0.046050468529929396,-0.04596159337625888,8.8875153670515961e-05
4623,-0.05653749965941425,-0.056434534574430699,0.00010296508498355145
4624,-0.097882840512771921,-0.097793837839570755,8.9002673201166171e-05
4625,-0.16670238832694953,-0.16665145960678318,5.0928720166348862e-05
4626,-0.25539394361935414,-0.25539478159934292,8.3797998878809565e-07
4627,-0.35320752848657067,-0.35325971024600822,5.2181759437552877e-05
4628,-0.4477959363276704,-0.44788505765540887,8.9121327738472811e-05
4629,-0.52701105631261946,-0.52711268360479735,0.00010162729217788602
4630,-0.58067405122131199,-0.58076042077367207,8.6369552360077151e-05
4631,-0.60205131397013945,-0.60209899049337579,4.7676523236339641e-05
4632,-0.58881284676005607,-0.58880927799498017,3.5687650759008704e-06
4633,-0.5433287645255751,-0.54327554966188452,5.3214863690587144e-05
4634,-0.47225919393106108,-0.4721713439010663,8.7850029994784862e-05
4635,-0.38550088974940228,-0.38540240460967695,9.8485139725323911e-05
4636,-0.29465172520771937,-0.29456873863998684,8.2986567732534766e-05
4637,-0.21122692215960984,-0.21118079358162722,4.6128577982612606e-05
4638,-0.144899556462108,-0.1449018016906192,2.2452285111940196e-06
4639,-0.10203444419628921,-0.10208393367401303,4.948947772381862e-05
4640,-0.084737466453310734,-0.084820784476446753,8.331802313601977e-05
4641,-0.090564861445877928,-0.090659795589032033,9.4934143154104533e-05
4642,-0.11293632553552224,-0.11301755165848784,8.1226122965599723e-05
4643,-0.14218799457229944,-0.14223380197673896,4.5807404439518473e-05
4644,-0.16710450833771162,-0.16710282654979217,1.6817879194552798e-06
4645,-0.17669656382530757,-0.17664814664502101,4.8417180286558503e-05
4646,-0.16195149948635734,-0.1618695710555953,8.1928430762046034e-05
4647,-0.11728923429877393,-0.11719575811672223,9.3476182051702161e-05
4648,-0.041500666963698606,-0.041420195347732357,8.0471615966248855e-05
4649,0.061976355085103317,0.062023052808885107,4.6697723781789768e-05
4650,0.18548634702151423,0.18548721542387245,8.6840235821727951e-07
4651,0.31822617545479159,0.31818082439585404,4.5351058937548316e-05
4652,0.4477953014018195,0.44771512574576061,8.0175656058889544e-05
4653,0.56199180511997404,0.5618972623704418,9.4542749532244841e-05
4654,0.6505822531872183,0.65049813686770741,8.4116319510885162e-05
4655,0.70677852066188762,0.70672753908119335,5.0981580694275941e-05
4656,0.72819703637599997,0.72819340695374679,3.6294222531818576e-06
4657,0.7171549878871325,0.71720029158313481,4.5303696002307881e-05
4658,0.6802599271818196,0.68034237276811627,8.244558629666443e-05
4659,0.62735607957416517,0.62745350647585874,9.7426901693564716e-05
4660,0.56998849824569153,0.57007450171963925,8.600347394771557e-05
4661,0.51962012667011215,0.51967124751880811,5.1120848695962451e-05
4662,0.48587313978301333,0.48587523662672288,2.096843709553653e-06
4663,0.47506257917420952,0.47501464035295493,4.7938821254589481e-05
4664,0.48924541424645707,0.48915983970004939,8.5574546407674035e-05
4665,0.52592953599374404,0.52582890191021214,0.00010063408353189196
4666,0.57848651573246646,0.57839782115492178,8.8694577544679021e-05
4667,0.63720533932256651,0.63715274737510352,5.2591947462987676e-05
4668,0.69082523086460712,0.69082332116403244,1.9097005746759876e-06
4669,0.72831301629285805,0.72836260448371537,4.9588190857319248e-05
4670,0.74061348822730133,0.7407012171483659,8.7728921064567089e-05
4671,0.72210507234219468,0.7222069770274544,0.00010190468525972385
4672,0.67153789669165831,0.67162606737591068,8.8170684252375509e-05
4673,0.59231039262506946,0.59236071009456159,5.0317469492133782e-05
4674,0.49204062420587313,0.49203946095749185,1.1632483812862304e-06
4675,0.38149618151923431,0.38144411526815097,5.2066251083338067e-05
4676,0.27304377466350621,0.27295533995782284,8.8434705683371195e-05
4677,0.17885297691929095,0.17875254182814271,0.00010043509114823768
4678,0.10912605845216788,0.10904093890659684,8.5119545571041288e-05
4679,0.070621640164241578,0.070574619789025211,4.7020375216366705e-05
4680,0.065695935256394958,0.065699219192499464,3.2839361045061688e-06
4681,0.092006504747902437,0.092058630237240965,5.2125489338528119e-05
4682,0.14292255410354887,0.14300902988872741,8.6475785178535824e-05
4683,0.20857844585948279,0.20867585950615225,9.741364666945862e-05
4684,0.27740929305479811,0.27749168998467527,8.2396929877159852e-05
4685,0.33793419061897084,0.33797998313240213,4.579251343128643e-05
4686,0.38051518025050379,0.38051270637213586,2.4738783679367771e-06
4687,0.39882365621652432,0.39877415418106926,4.9502035455062376e-05
4688,0.39079127728861912,0.39070844624374246,8.2831044876663373e-05
4689,0.35890085787413067,0.35880708705575148,9.3770818379190768e-05
4690,0.30977341837216221,0.30969363849715664,7.9779875005570045e-05
4691,0.25311454632941194,0.25306964702182633,4.4899307585610782e-05
4692,0.20018168107190831,0.20018320302431414,1.5219524058251999e-06
4693,0.16200686935911993,0.16205413553448711,4.726617536718325e-05
4694,0.14764644587732759,0.14772685904406496,8.0413166737375308e-05
4695,0.16272532152568134,0.16281770333526002,9.238180957868436e-05
4696,0.20849879484342138,0.20857883530855276,8.00404651313813e-05
4697,0.28157584276567071,0.28162243029204703,4.6587526376318245e-05
4698,0.37434769582765348,0.3743484820413765,7.8621372301412862e-07
4699,0.47605813576985984,0.47601276929918712,4.5366470672714154e-05
4700,0.57435401663699404,0.57427423420456891,7.978243242512395e-05
4701,0.65708154851436473,0.65698813136929413,9.3417145070606722e-05
4702,0.7140564228332037,0.71397384560736477,8.2577225838931234e-05
4703,0.73853985247078902,0.73848995525354388,4.9897217245131742e-05
4704,0.72819703637598743,0.72819340695373469,3.6294222527377684e-06
4705,0.68539365607820701,0.68543787587337546,4.4219795168443099e-05
4706,0.61678575753581311,0.61686666563098425,8.0908095171139394e-05
4707,0.53226633617975716,0.53236264025268398,9.6304072926822748e-05
4708,0.44342978301050789,0.44351539646591948,8.5613455411581718e-05
4709,0.36178816635504613,0.36183930492855843,5.1138573512299335e-05
4710,0.29701179097688962,0.29701397000923468,2.1790323450621152e-06
4711,0.25546309149367247,0.25541525963150324,4.7831862169223083e-05
4712,0.23924595243938354,0.23916080263359002,8.5149805793521827e-05
4713,0.24591498016934973,0.24581543213115747,9.9548038192259769e-05
4714,0.26888857036885389,0.26880138304253171,8.718732632218007e-05
4715,0.29850190613821742,0.29845046010685156,5.1446031365864897e-05
4716,0.32353904145506507,0.32353729159000472,1.7498650603520183e-06
4717,0.33301047539121725,0.33305916149931092,4.8686108093665137e-05
4718,0.317903744319673,0.31799003821079919,8.6293891126187905e-05
4719,0.27263935302222331,0.27274010826144635,0.0001007552392230382
4720,0.19600915294974433,0.19609684947640246,8.769652665813199e-05
4721,0.091452292212250319,0.091502630104137186,5.0337891886867436e-05
4722,-0.033374112506762338,-0.033375047105286257,9.3459852391897247e-07
4723,-0.16766493125938209,-0.16771667023588849,5.1738976506399137e-05
4724,-0.29901724359905246,-0.29910510469291784,8.7861093865382323e-05
4725,-0.41522635868963215,-0.4153257417183352,9.9383028703048382e-05
4726,-0.5060556895824716,-0.50613945251200132,8.37629295297182e-05
4727,-0.56471362910925083,-0.56475957075077199,4.5941641521163312e-05
4728,-0.58881284676005563,-0.58880927799497862,3.5687650770110935e-06
4729,-0.58066644938646095,-0.58061496847911132,5.148090734963251e-05
4730,-0.54687755556990192,-0.54679230895714381,8.52466127581053e-05
4731,-0.49728558737239148,-0.49718934094388911,9.6246428502366754e-05
4732,-0.4434304179363408,-0.44334868519128878,8.1732745052021105e-05
4733,-0.39676951938680133,-0.3967238289648663,4.569042193502959e-05
4734,-0.3669193875747005,-0.36692153618467538,2.1486099748835308e-06
4735,-0.36018912473548392,-0.36023802986257736,4.8905127093434864e-05
4736,-0.37862945991581332,-0.37871148461484383,8.2024699030514014e-05
4737,-0.41974171412749139,-0.41983445508174594,9.2740954254544317e-05
4738,-0.47689053838508971,-0.47696919927361037,7.8660888520654115e-05
4739,-0.54035776042548034,-0.5404017628709431,4.4002445462765216e-05
4740,-0.59887531934896754,-0.59887344966313205,1.8696858354871893e-06
4741,-0.64140257129675438,-0.64135567205342958,4.6899243324793893e-05
4742,-0.65887660642480717,-0.65879715701528585,7.9449409521314962e-05
4743,-0.64566787675336701,-0.64557666601976604,9.1210733600965987e-05
4744,-0.60051823218899891,-0.60043910936629474,7.9122822704169593e-05
4745,-0.52681765474262132,-0.5267713897298576,4.62650127637243e-05
4746,-0.43217572013209299,-0.43217458293570704,1.1371963859474477e-06
4747,-0.32735143099276742,-0.32739594097573316,4.4509982965734718e-05
4748,-0.22470275849045013,-0.2247814697449787,7.8711254528573971e-05
4749,-0.13639033920528135,-0.13648273325174945,9.2394046468102786e-05
4750,-0.072607264761304663,-0.072688996855009749,8.1732093705086384e-05
4751,-0.040102882418567146,-0.040152140283434903,4.9257864867757739e-05
4752,-0.041224182754367407,-0.041227477340081913,3.2945857145055824e-06
4753,-0.073619496225265244,-0.073575405493178064,4.4090732087179174e-05
4754,-0.13064873580977091,-0.1305685233279196,8.0212481851305029e-05
4755,-0.20243685814061663,-0.20234171305983245,9.5145080784175828e-05
4756,-0.27740940452904883,-0.27732496932678424,8.4435202264587783e-05
4757,-0.34407588442182163,-0.34402533805065394,5.0546371167692339e-05
4758,-0.39278889225950381,-0.39278641303986583,2.4792196379741505e-06
4759,-0.41721045871597046,-0.41725724174218221,4.6783026211749679e-05
4760,-0.41526291002707716,-0.4153467504791401,8.3840452062944326e-05
4761,-0.38941970526551578,-0.38951822124508201,9.8515979566227152e-05
4762,-0.34629242885143463,-0.34637902245115698,8.6593599722351033e-05
4763,-0.29557730070344801,-0.29562838498689892,5.108428345090843e-05
4764,-0.24852261031227713,-0.24852411122768842,1.5009154112899381e-06
4765,-0.21615142524725672,-0.21610272137700942,4.8703870247301939e-05
4766,-0.20751122332688907,-0.2074254116077881,8.5811719100964412e-05
4767,-0.22821812766172336,-0.22811850484553362,9.9622816189748331e-05
4768,-0.27951865799463521,-0.27943234965588587,8.6308338749341296e-05
4769,-0.35801315914392201,-0.35796367303294369,4.9486110978325115e-05
4770,-0.45608451485348195,-0.45608526549699668,7.5064351473530522e-07
4771,-0.56296840826826466,-0.56301901580851077,5.060754024610592e-05
4772,-0.66630380166507175,-0.66639019482168327,8.6393156611519473e-05
4773,-0.75392917050125607,-0.7540274999123997,9.8329411143627254e-05
4774,-0.81565256971195943,-0.81573591408411728,8.3344372157845292e-05
4775,-0.84472779258104136,-0.84477361024569819,4.5817664656833124e-05
4776,-0.83881295555504376,-0.83880927799498162,3.6775600621430371e-06
4777,-0.80026696969210587,-0.80021544666176281,5.1523030343059162e-05
4778,-0.73573939038291802,-0.73565451271772819,8.4877665189830864e-05
4779,-0.65511695900789535,-0.65502180857055026,9.5150437345092875e-05
4780,-0.56998799436568304,-0.56990776229234874,8.0232073334296494e-05
4781,-0.49185876772116544,-0.49181412137989533,4.4646341270104806e-05
4782,-0.4303941570047416,-0.43039627799178215,2.1209870405547449e-06
4783,-0.39195152862437033,-0.3919993480518314,4.781942746107104e-05
4784,-0.37863003641639592,-0.37871054976560797,8.0513349212052443e-05
4785,-0.38797985886285391,-0.38807151790625227,9.1659043398362172e-05
4786,-0.4134152192923104,-0.41349352338006656,7.8304087756164709e-05
4787,-0.44526744662088236,-0.44531147177792002,4.4025157037663742e-05
4788,-0.47231712354994376,-0.47231530893967305,1.8146102707117251e-06
4789,-0.4835716632733042,-0.48352482473980601,4.6838533498183565e-05
4790,-0.47001589275545352,-0.4699368229614771,7.9069793976427327e-05
4791,-0.4260679597671207,-0.42597780551094289,9.0154256177810144e-05
4792,-0.3505176738126658,-0.35044004116988786,7.7632642777936134e-05
4793,-0.24680248467862784,-0.24675734626895818,4.5138409669659429e-05
4794,-0.12257818515239995,-0.12257718268659419,1.0024658057550262e-06
4795,0.0113510278383392,0.011307438872450556,4.3588965888644027e-05
4796,0.14258277224406055,0.14250549011535563,7.7282128704919684e-05
4797,0.25891251312864833,0.25882122869655444,9.1284432093885481e-05
4798,0.35010346224147648,0.35002215106566303,8.1311175813447711e-05
4799,0.40936346102734755,0.40931415624365164,4.9304783695913734e-05
4800,0.43430428233359353,0.43430078080751761,3.5015260759219125e-06
4801,0.42723776161540367,0.42728158460429705,4.3822988893382764e-05
4802,0.39476535508785154,0.39484505671784342,7.9701629991879575e-05
4803,0.34672443098688321,0.34681855472476691,9.4123737883700098e-05
4804,0.29465242902842231,0.29473550622849443,8.30772000721125e-05
4805,0.25000405071001564,0.25005351629731376,4.9465587298125335e-05
4806,0.2223927242496031,0.22239493575465522,2.2115050521132051e-06
4807,0.21812414632718596,0.21807803601339776,4.6110313788205737e-05
4808,0.23924527472231039,0.23916267246425532,8.2602258055064492e-05
4809,0.28325328038936709,0.28315589395064727,9.7386438719815338e-05
4810,0.34350828326346333,0.3434222856019718,8.599766149153254e-05
4811,0.41028727431865503,0.4102362460937331,5.1028224921922938e-05
4812,0.47231712354991207,0.47231530893964224,1.8146102698235467e-06
4813,0.51855183557547135,0.51860000617193613,4.8170596464780502e-05
4814,0.53992282878424991,0.5400079074460854,8.5078661835491509e-05
4815,0.5307945382405701,0.53089316395443675,9.862571386665131e-05
4816,0.48990243550673018,0.48998761188419748,8.517637746729978e-05
4817,0.42062986697580707,0.42067843704718066,4.8570071373599255e-05
4818,0.33057961790754764,0.3305785249237268,1.0929838208384446e-06
4819,0.23050368917282985,0.23045347597473001,5.0213198099835488e-05
4820,0.1327527930932253,0.13266737912374271,8.5413969482583951e-05
4821,0.049480014892390116,0.04938282168777676,9.7193204613356399e-05
4822,-0.0091294269463849612,-0.0092119285956175044,8.2501649232543176e-05
4823,-0.03633425295062321,-0.036379807411839014,4.5554461215804865e-05
4824,-0.029795609112124578,-0.02979228362003275,3.3254920918275588e-06
4825,0.0081265699383064275,0.0081772941179133526,5.0724179606925074e-05
4826,0.070783752382646031,0.070867633238300753,8.3880855654722142e-05
4827,0.14829222638573861,0.14838638891921155,9.4162533472941234e-05
4828,0.22906860039260366,0.22914797211794635,7.9371725342697319e-05
4829,0.30161332971992322,0.301657308346091,4.3978626167784363e-05
4830,0.35626997575628883,0.35626751242894261,2.463327346213795e-06
4831,0.38669149749536735,0.38664382408862141,4.7673406745940561e-05
4832,0.39079105708498491,0.39071125132025047,7.9805764734430795e-05
4833,0.37103280703945979,0.37094227502256888,9.0532016890909617e-05
4834,0.33401883281885086,0.33394163522756914,7.7197591281719102e-05
4835,0.2894358142018677,0.28939231784058217,4.3496361285533247e-05
4836,0.24852261031226541,0.24852411122767798,1.5009154125666946e-06
4837,0.2222929117488161,0.22233874426516692,4.5832516350818864e-05
4838,0.21978481935945909,0.21986264551664841,7.7826157189320178e-05
4839,0.24660502588777614,0.24669418551911354,8.9159631337404344e-05
4840,0.30399051093673601,0.30406754218520399,7.7031248467973601e-05
4841,0.38853212036454449,0.38857686939560376,4.4749031059276856e-05
4842,0.49260343135672396,0.49260416610794366,7.3475121969979185e-07
4843,0.60543096297019294,0.60538735532068322,4.3607649509724844e-05
4844,0.71464460580154432,0.7145678052908857,7.6800510658614485e-05
4845,0.80807380225615266,0.80798362070213292,9.0181554019741483e-05
4846,0.87551755313909063,0.87543757075027717,7.998238881345987e-05
4847,0.91022071886799183,0.91017220846285274,4.8510405139090551e-05
4848,0.90983274742151254,0.90982903895507605,3.7084664364916975e-06
4849,0.87670410506125984,0.87674681899729012,4.2713936030280841e-05
4850,0.81747608209056244,0.81755436495702682,7.8282866464385314e-05
4851,0.74202728332073897,0.74212039237830474,9.3109057565765596e-05
4852,0.66193795976286418,0.66202062638339965,8.2666620535465363e-05
4853,0.58870650954106873,0.5887558339837633,4.9324442694564929e-05
4854,0.53199025922926613,0.53199233600373808,2.0767744719485393e-06
4855,0.49813931639117776,0.49809314165133561,4.6174739842141932e-05
4856,0.48924583309867165,0.48916358041925662,8.2252679415029117e-05
4857,0.50285319737566836,0.50275687884637132,9.6318529297034772e-05
4858,0.53236899693289119,0.53228445944368441,8.4537489206781835e-05
4859,0.56811818234218836,0.56806815561827095,5.0026723917406812e-05
4860,0.59887531934901739,0.59887344966318334,1.8696858340438993e-06
4861,0.61364214938013828,0.61368923503576778,4.7085655629497403e-05
4862,0.60339814787707791,0.60348174348800154,8.3595610923636876e-05
4863,0.56255639350523168,0.56265397663252148,9.7583127289802007e-05
4864,0.4899018590061478,0.48998670684717133,8.4847841023527604e-05
4865,0.38886746308690073,0.38891605658870965,4.859350180891342e-05
4866,0.26710484847747346,0.26710378311658767,1.0653608857880137e-06
4867,0.13541444083842824,0.13536424585036588,5.0194988062357559e-05
4868,0.0061952166638477042,0.0061101419834058389,8.5074680441865266e-05
4869,-0.10835135674314125,-0.1084475213124482,9.6164569306944614e-05
4870,-0.19799126175941895,-0.19807229235555107,8.1030596132125599e-05
4871,-0.2559347732562765,-0.25597922325771233,4.4450001435825115e-05
4872,-0.27979571790711671,-0.27979228362003772,3.4342870789960678e-06
4873,-0.27188759353348585,-0.27183780773837873,4.9785795107115671e-05
4874,-0.23881312774684657,-0.23873066841963114,8.2459327215428369e-05
4875,-0.1904105854258952,-0.19031749404880025,9.3091377094955963e-05
4876,-0.13821795767343178,-0.1381389581418809,7.8999531550882907e-05
4877,-0.093690147288977538,-0.093646099640147154,4.4047648830383701e-05
4878,-0.066440426590446244,-0.066442705962783483,2.2793723372382946e-06
4879,-0.06277395386081136,-0.062821416607214464,4.7462746403104106e-05
4880,-0.084736753859386338,-0.084816107585187192,7.9353725800854202e-05
4881,-0.12982467364446043,-0.12991421314452398,8.9539500063545718e-05
4882,-0.19139613482766754,-0.19147197431357058,7.5839485903034243e-05
4883,-0.25972608643655015,-0.25976850253604622,4.2416099496067616e-05
4884,-0.32353904145501683,-0.32353729158995409,1.7498650627389978e-06
4885,-0.37178629509279687,-0.37174116335889446,4.5131733902414872e-05
4886,-0.39539617986079612,-0.39531960036085989,7.6579499936224593e-05
4887,-0.38872965954708533,-0.38864159298135886,8.8066565726463431e-05
4888,-0.35051835152975541,-0.35044185136729938,7.6500162456027976e-05
4889,-0.28414142984516394,-0.28409669457304609,4.4735272117846225e-05
4890,-0.19719725187976306,-0.19719621694125045,1.0349385126118271e-06
4891,-0.10043308780678553,-0.10047622502993443,4.3137223148900783e-05
4892,-0.0061945817381246502,-0.0062707199450792069,7.6138206954556691e-05
4893,0.073370607935681509,0.073281392716594701,8.9215219086807851e-05
4894,0.12808305979343912,0.12800422240937645,7.8837384062668825e-05
4895,0.15120756656449158,0.15115998979566697,4.7576768824608706e-05
4896,0.14041152829117298,0.14040815466127485,3.3736298981346113e-06
4897,0.098061370171959067,0.098103660724087438,4.2290552128371184e-05
4898,0.030812394496139411,0.030889681748897741,7.7287252758330427e-05
4899,-0.051444604398807388,-0.051352597791017834,9.2006607789553441e-05
4900,-0.13711881536448273,-0.1370369183784419,8.1896986040830289e-05
4901,-0.21470305722147948,-0.21465393910420408,4.9118117275398498e-05
4902,-0.27453315673043188,-0.27453072897329689,2.4277571349928806e-06
4903,-0.3102541811171024,-0.31029961551746821,4.5434400365806926e-05
4904,-0.31977119393377251,-0.31985252330478814,8.1329371015625984e-05
4905,-0.30554000090343247,-0.3056353647205502,9.5363817117721794e-05
4906,-0.27415405536931226,-0.27423771559302346,8.3660223711201631e-05
4907,-0.23529125831375522,-0.23534058903362085,4.933071986562565e-05
4908,-0.20018168107191453,-0.20018320302431805,1.5219524035214871e-06
4909,-0.17983015737478444,-0.17978323783616892,4.6919538615519674e-05
4910,-0.1832658088801721,-0.18318293545458025,8.2873425591850625e-05
4911,-0.21608617849635461,-0.21598969155135572,9.6486944998891433e-05
4912,-0.27951887819822052,-0.2794350652603888,8.3812937831717615e-05
4913,-0.37014531786502364,-0.37009719052315787,4.8127341865766837e-05
4914,-0.48032971934763907,-0.48033045944013242,7.4009249334539007e-07
4915,-0.59928926916725644,-0.59933850313238568,4.9233965129236168e-05
4916,-0.71464449432721611,-0.7147283917836651,8.3897456448989161e-05
4917,-0.81421538997495901,-0.81431059543927087,9.5205464311853838e-05
4918,-0.88779137143283315,-0.8878717897100088,8.0418277175642316e-05
4919,-0.92860772739062158,-0.92865175876428541,4.4031373663822038e-05
4920,-0.93430449992355968,-0.93430078080750978,3.7191160499050469e-06
4921,-0.90722286280697695,-0.90717306153714428,4.980126983267219e-05
4922,-0.85399487578148414,-0.85391290150006616,8.1974281417984685e-05
4923,-0.78448992103481241,-0.78439790421368094,9.2016821131468696e-05
4924,-0.71027897593597933,-0.71020124454235001,7.7731393629321133e-05
4925,-0.64285126006758075,-0.64280794850464129,4.3311562939463144e-05
4926,-0.59185516330307131,-0.59185721402555092,2.0507224796073587e-06
4927,-0.56363205427362917,-0.56367843318487731,4.6378911248146082e-05
4928,-0.56026549760131461,-0.56034348355382524,7.7985952510628564e-05
4929,-0.57929039296446527,-0.5793789549784043,8.8562013939030848e-05
4930,-0.61410587873535016,-0.61418131122706332,7.543249171315658e-05
4931,-0.65502862733826417,-0.655070882000095,4.2254661830831708e-05
4932,-0.69082523086464553,-0.69082332116406941,1.9097005761192776e-06
4933,-0.710489728277238,-0.71044451420304766,4.5214074190336184e-05
4934,-0.70499412522449734,-0.70491788068930439,7.6244535192948604e-05
4935,-0.66874421537155604,-0.6686571900249223,8.7025346633740064e-05
4936,-0.60051781333688681,-0.60044273074837429,7.5082588512520587e-05
4937,-0.50374091752573646,-0.50369713898418611,4.3778541550354433e-05
4938,-0.38605860068590048,-0.3860574835587518,1.1171271486754009e-06
4939,-0.25826504812184559,-0.25830710387205907,4.205575021348773e-05
4940,-0.13275329697328794,-0.13282798268168905,7.4685708401106554e-05
4941,-0.021719135458697997,-0.021807345891323583,8.8210432625586421e-05
4942,0.064608890147461268,0.064530357893303955,7.8532254157312464e-05
4943,0.11944623475559007,0.11939863795407062,4.7596801519458887e-05
4944,0.14041152829117509,0.14040815466127612,3.3736298989672786e-06
4945,0.12982270198086335,0.12986501296674383,4.2310985880478214e-05
4946,0.094286564142115531,0.094363547654277069,7.6983512161538092e-05
4947,0.043645138995563333,0.043736143223247932,9.1004227684599037e-05
4948,-0.010560100129337795,-0.010479652863226899,8.0447266110896323e-05
4949,-0.056871096906449044,-0.056823058256808057,4.8038649640987086e-05
4950,-0.085671807924336568,-0.085669462355836404,2.34556850016443e-06
4951,-0.090654693436583153,-0.090699173913806913,4.4480477223760029e-05
4952,-0.0697717321267044,-0.069851649481045802,7.9917354341402236e-05
4953,-0.025525445079031501,-0.025619774896171347,9.4329817139846006e-05
4954,0.035443889994317419,0.035360557788741746,8.3332205575673002e-05
4955,0.10341217487061792,0.10336275739876698,4.9417471850943251e-05
4956,0.16710450833765444,0.1671028265497348,1.6817879196495689e-06
4957,0.21547238352688228,0.21551914684167181,4.6763314789532995e-05
4958,0.2394439350274768,0.23952641118420198,8.2476156725186378e-05
4959,0.2333795408236301,0.23347506231450144,9.5521490871330883e-05
4960,0.19600986554369815,0.19609232182295092,8.2456279252768327e-05
4961,0.1307127825477909,0.13075983287266962,4.7050324878727956e-05
4962,0.045085017364983763,0.045084048622634529,9.6874234923466362e-07
4963,-0.050128156388658071,-0.050176661888244788,4.8505499586716516e-05
4964,-0.14258347606468,-0.14266611927675904,8.2643212079042128e-05
4965,-0.22013605436605946,-0.22023020211950087,9.4147753441409243e-05
4966,-0.27260962339821676,-0.27268957191260812,7.9948514391359193e-05
4967,-0.29327245811714953,-0.29331651419030108,4.4056073151554909e-05
4968,-0.27979571790712787,-0.27979228362005071,3.4342870771641998e-06
4969,-0.23454990867262862,-0.23450051600357774,4.9392669050879467e-05
4970,-0.16419476610804609,-0.16411338608356182,8.1380024484267732e-05
4971,-0.078625887802948907,-0.078534808428328426,9.1079374620481324e-05
4972,0.010560735055150455,0.010637308676368758,7.6573621218302412e-05
4973,0.091852449938183464,0.091894812109705792,4.236217152232824e-05
4974,0.15557940452212618,0.15557702853125452,2.3759908716614042e-06
4975,0.19538072667837417,0.19533480149326016,4.592518511400967e-05
4976,0.20915523960311588,0.20907826632298376,7.6973280132119903e-05
4977,0.19935217903715874,0.1992646867332519,8.7492303906838709e-05
4978,0.17255807802190892,0.17248334409503324,7.4733926875680812e-05
4979,0.13844367941664132,0.13840157683334933,4.2102583291986351e-05
4980,0.10823176955625002,0.10823333152339468,1.5619671446531758e-06
4981,0.09291971237866184,0.092964245289646405,4.4532910984565466e-05
4982,0.10152892707766852,0.10160432074736053,7.5393669692017107e-05
4983,0.13964898290752714,0.13973508482847929,8.6101920952152966e-05
4984,0.20849921369556937,0.20857340076550523,7.418706993586599e-05
4985,0.30465257998258988,0.30469563463034649,4.305464775661294e-05
4986,0.4204648152738768,0.42046558141836315,7.6614448635270449e-07
4987,0.54514451864080626,0.54510265196786756,4.1866672938706273e-05
4988,0.66630347815417379,0.6662295315106268,7.394664354698488e-05
4989,0.77175275226095652,0.77166560817681984,8.7144084136681066e-05
4990,0.85127257774196918,0.85119500914187851,7.756860009067168e-05
4991,0.89808896964493823,0.89804177737414304,4.7192270795193281e-05
4992,0.90983274742151676,0.9098290389550785,3.7084664382680543e-06
4993,0.88883585428431955,0.88887725128963302,4.1397005313470459e-05
4994,0.84172105748768344,0.84179693073491979,7.5873247236346586e-05
4995,0.77834833331592512,0.77843841212539022,9.0078809465099496e-05
4996,0.7102790874102124,0.71035890850263894,7.9821092426546336e-05
4997,0.64899295387042,0.64904054335470673,4.7589484286736372e-05
4998,0.6041288753120666,0.60413092069327456,2.0453812079601619e-06
4999,0.58201885677307863,0.58197436799110047,4.4488781978158087e-05
5000,0.58473713033978192,0.58465770516083271,7.942517894921064e-05
5001,0.60980924035586559,0.60971595787147814,9.3282484387446907e-05
5002,0.65062488921464057,0.65054276336528361,8.21258493569621e-05
5003,0.69749138171231861,0.69744264135370837,4.8740358610244172e-05
5004,0.73916616010503056,0.73916422936746107,1.9307375694888051e-06
5005,0.76463428416538615,0.76467999169042,4.5707525033855667e-05
5006,0.76485890267406387,0.76494006380751278,8.1161133448914846e-05
5007,0.73423702150759618,0.73433160103145145,9.4579523855276015e-05
5008,0.67153767648809148,0.67161972520117175,8.2048713080262736e-05
5009,0.5801782339039725,0.58022509964633651,4.6865742364010643e-05
5010,0.46779541971170907,0.46779426701435123,1.1526973578424027e-06
5011,0.34517532062022821,0.34512671921717841,4.8601403049797209e-05
5012,0.22470308200134317,0.22462076372871506,8.2318272628112421e-05
5013,0.1185667574455687,0.11847362548085359,9.313196471510965e-05
5014,0.036987256731278145,0.036908681100057322,7.8575631220823006e-05
5015,-0.013258294645348976,-0.013301440820905968,4.314617555699167e-05
5016,-0.029795609112125292,-0.02979228362003452,3.3254920907728469e-06
5017,-0.014949388366967374,-0.014901070867654218,4.8317499313155904e-05
5018,0.024667068704989022,0.024747029103786854,7.9960398797832011e-05
5019,0.079205483832575127,0.079295594758359234,9.011092578410651e-05
5020,0.1371183114845132,0.13719459863532635,7.6287150813147964e-05
5021,0.18694169827256699,0.18698407313053861,4.2374857971622104e-05
5022,0.21905417395218515,0.21905177033837964,2.4036138055183454e-06
5023,0.22714313056727561,0.22709715025192881,4.5980315346805245e-05
5024,0.20915581610371056,0.20907911575863186,7.6700345078700716e-05
5025,0.16759032377253053,0.16750380904885534,8.651472367518509e-05
5026,0.10908275892913592,0.10900945106024255,7.33078688933686e-05
5027,0.043353365612047549,0.043312314662980925,4.1050949066624709e-05
5028,-0.018326426242770501,-0.018324809200060965,1.6170427095361928e-06
5029,-0.064911195644784675,-0.064867630124690073,4.3565520094601684e-05
5030,-0.087331786591680921,-0.08725779331792563,7.3993273755290634e-05
5031,-0.079950934078713481,-0.079865830239815541,8.5103838897940265e-05
5032,-0.041501344680755128,-0.041427446021228456,7.3898659526672184e-05
5033,0.024637409918608882,0.024680564709741191,4.3154791132309078e-05
5034,0.1108672802941999,0.11086818116926644,9.0087506654512595e-07
5035,0.20644205980972022,0.20640029776035473,4.1762049365484666e-05
5036,0.29901794741968774,0.29894434740332027,7.3600016367469934e-05
5037,0.37644989992705608,0.37636369587361784,8.6204053438232453e-05
5038,0.42856185073922137,0.42848563555805164,7.6215181169736468e-05
5039,0.44862262619906007,0.44857650485246625,4.6121346593819279e-05
5040,0.43430428233359458,0.43430078080751783,3.5015260767545797e-06
5041,0.38797859644369043,0.38801923800303773,4.0641559347298628e-05
5042,0.31630696659009988,0.3163815791798314,7.46125897315153e-05
5043,0.22918704418846084,0.22927609959303921,8.9055404578375352e-05
5044,0.13821725385277181,0.13829666284928854,7.9408996516733277e-05
5045,0.054913018738605913,0.054960667447188097,4.7648708582183341e-05
5046,-0.011052741197026247,-0.011050428101232248,2.3130957939997837e-06
5047,-0.053315748270074716,-0.053359889018277054,4.4140748202338431e-05
5048,-0.069771054409612746,-0.06984995050208366,7.889609247091478e-05
5049,-0.06286374529903585,-0.062956117456737015,9.2372157701164914e-05
5050,-0.039175822900285505,-0.039256778813744411,8.0955913458906348e-05
5051,-0.0083731933098208765,-0.0084209706046840613,4.7777294863184799e-05
5052,0.018326426242798993,0.018324809200088662,1.6170427103306961e-06
5053,0.029931023342612797,0.029976245829704797,4.5222487091999691e-05
5054,0.017424850562878947,0.01750498168729708,8.0131124418132693e-05
5055,-0.024775644394741884,-0.024682102772785725,9.3541621956159254e-05
5056,-0.097883417013313753,-0.097801998003767932,8.1419009545821708e-05
5057,-0.19846479221579083,-0.19841802712725709,4.6765088533740062e-05
5058,-0.31886871304934744,-0.3188695234063999,8.1035705246090828e-07
5059,-0.4482967768208857,-0.44834475668038842,4.7979859502722544e-05
5060,-0.57435351275696578,-0.57443505135000505,8.1538593039276464e-05
5061,-0.6848424279480807,-0.68493466596155606,9.2238013475354208e-05
5062,-0.76953588603429268,-0.76961354691834638,7.7660884053698531e-05
5063,-0.82165183427575739,-0.82169422938174608,4.2395105988690673e-05
5064,-0.83881295555502988,-0.83880927799496829,3.6775600615879256e-06
5065,-0.82334292799736142,-0.82329482511537422,4.8102881987199808e-05
5066,-0.78185607406055546,-0.78177687153389797,7.9202526657495831e-05
5067,-0.72420370156104052,-0.72411462805947435,8.9073501566172553e-05
5068,-0.66193828327375892,-0.66186288906483381,7.5394208925105843e-05
5069,-0.60653039916851337,-0.6064883684563942,4.2030712119167646e-05
5070,-0.56760995880884502,-0.56761202008234535,2.06127350033114e-06
5071,-0.55149989555247092,-0.55154501082974439,4.5115277273466425e-05
5072,-0.5602652773976885,-0.56034093481614833,7.5657418459829096e-05
5073,-0.5914223421298096,-0.59150796336489675,8.5621235087152137e-05
5074,-0.6383512931820563,-0.63842395842331878,7.266524126248175e-05
5075,-0.69134989521073453,-0.69139046549832417,4.0570287589636322e-05
5076,-0.73916616010500846,-0.73916422936743953,1.9307375689336936e-06
5077,-0.77077577066692549,-0.77073220778751295,4.3562879412539779e-05
5078,-0.7771324987066025,-0.77705900815096629,7.3490555636213095e-05
5079,-0.75262391973360476,-0.75253983698856908,8.4082745035685136e-05
5080,-0.69600952943013772,-0.69593677434899726,7.275508114046314e-05
5081,-0.61069719512453258,-0.61065465801657959,4.2537107952989039e-05
5082,-0.50431433621488686,-0.50431316762523404,1.1685896528224049e-06
5083,-0.38763787532209509,-0.38767861242269552,4.0737100600429788e-05
5084,-0.27304388613776309,-0.27311622555914239,7.2339421379297164e-05
5085,-0.17271138920042761,-0.17279668519311314,8.529599268553012e-05
5086,-0.096852240158388614,-0.096928043290978996,7.5803132590382405e-05
5087,-0.052234631641598632,-0.052280542692153438,4.5911050554806043e-05
5088,-0.04122418275435679,-0.041227477340072399,3.2945857156088665e-06
5089,-0.061487747002212691,-0.061447000270690187,4.0746731522503521e-05
5090,-0.10640376041266643,-0.10632946714481223,7.4293267854200207e-05
5091,-0.16611580814545138,-0.1660277442359388,8.80639095125757e-05
5092,-0.22906827688172046,-0.22899019401834847,7.8082863371992106e-05
5093,-0.28378944009248491,-0.28374265253490311,4.6787557581806638e-05
5094,-0.32065027617670994,-0.32064782835033667,2.4478263732641281e-06
5095,-0.33333091833406925,-0.33337399315179755,4.3074817728305792e-05
5096,-0.319771612785961,-0.31984912448512581,7.7511699164811709e-05
5097,-0.28246366228531233,-0.28255510092414643,9.1438638834095975e-05
5098,-0.22803653656968223,-0.2281172200514959,8.0683481813670355e-05
5099,-0.16620410133332342,-0.16625188020441875,4.7778871095333075e-05
5100,-0.10823176955628142,-0.10823333152342712,1.5619671457078876e-06
5101,-0.065159290462039138,-0.065113982170412588,4.5308291626550146e-05
5102,-0.046050468529945127,-0.045970584227201863,7.9884302743263302e-05
5103,-0.056537499659409962,-0.056444912148339708,9.2587511070253703e-05
5104,-0.097882840512745789,-0.097802821476011451,8.0019036734338411e-05
5105,-0.16670238832690323,-0.16665664423086546,4.5744096037775295e-05
5106,-0.25539394361929252,-0.25539478159928036,8.3797998784440608e-07
5107,-0.35320752848650094,-0.35325452977975513,4.7001293254189669e-05
5108,-0.44779593632760167,-0.44787608842242704,8.015209482536978e-05
5109,-0.52701105631256095,-0.52710233097852355,9.1274665962592927e-05
5110,-0.58067405122127036,-0.58075145872984157,7.7407508571214478e-05
5111,-0.60205131397011902,-0.60209381832846032,4.2504358341299842e-05
5112,-0.58881284676005863,-0.58880927799498362,3.568765075012692e-06
5113,-0.54332876452559764,-0.54328071768344732,4.8046842150317737e-05
5114,-0.47225919393109778,-0.47218029159188157,7.8902339216202488e-05
5115,-0.38550088974944552,-0.38541273237578,8.8157373665520566e-05
5116,-0.2946517252077609,-0.29457767916688904,7.4046040871855734e-05
5117,-0.21122692215964203,-0.21118595333101742,4.0968828624615705e-05
5118,-0.14489955646212532,-0.14490180169063605,2.2452285107221748e-06
5119,-0.10203444419628908,-0.10207877805349477,4.4333857205688942e-05
5120,-0.08473746645329365,-0.084811858252296438,7.4391799002787584e-05
5121,-0.090564861445847397,-0.09064949259600405,8.4631150156652679e-05
5122,-0.11293632553548383,-0.11300863257315646,7.2307037672636465e-05
5123,-0.14218799457225964,-0.14222865459940626,4.0660027146616207e-05
5124,-0.16710450833767684,-0.167102826549758,1.6817879188446572e-06
5125,-0.17669656382528298,-0.17665328990789031,4.3273917392672168e-05
5126,-0.16195149948634591,-0.161878475888174,7.302359817190629e-05
5127,-0.11728923429877622,-0.11720603642330585,8.3197875470369942e-05
5128,-0.041500666963712914,-0.04142909306644519,7.1573897267723785e-05
5129,0.061976355085080266,0.062017917760385316,4.1562675305049923e-05
5130,0.18548634702148672,0.1854872154238455,8.6840235877239103e-07
5131,0.31822617545476378,0.31818595534427102,4.0220110492761307e-05
5132,0.44779530140179519,0.44772400926150097,7.1292140294221262e-05
5133,0.56199180511995517,0.56190751607679101,8.4289043164154087e-05
5134,0.65058225318720564,0.6505070132943882,7.5239892817435816e-05
5135,0.70677852066188052,0.70673266184387362,4.5858818006894175e-05
5136,0.72819703637599653,0.72819340695374291,3.6294222536259468e-06
5137,0.71715498788713039,0.71719517290618329,4.0185019052896287e-05
5138,0.68025992718181716,0.68033351049483937,7.3583313022207442e-05
5139,0.62735607957416084,0.62744327728393912,8.7197709778275012e-05
5140,0.56998849824568565,0.57006564651073655,7.7148265050897002e-05
5141,0.51962012667010526,0.5196661369990947,4.6010328989432026e-05
5142,0.48587313978300711,0.48587523662671689,2.0968437097756976e-06
5143,0.47506257917420608,0.47501974680113956,4.2832373066514773e-05
5144,0.48924541424645901,0.48916868080478926,7.6733441669751823e-05
5145,0.52592953599375292,0.5258391066730066,9.0429320746321373e-05
5146,0.57848651573248311,0.5784066552198659,7.9860512617213608e-05
5147,0.63720533932259094,0.63715784569444078,4.7493628150152567e-05
5148,0.69082523086463798,0.69082332116406242,1.9097005755641661e-06
5149,0.72831301629289336,0.72835751022180806,4.4493928914701719e-05
5150,0.7406134882273383,0.74069239713862511,7.8908911286812433e-05
5151,0.72210507234223131,0.72219679660894975,9.1724266718440362e-05
5152,0.67153789669169173,0.67161725438153475,7.9357689843018164e-05
5153,0.59231039262509799,0.59235562393329921,4.5231308201221232e-05
5154,0.49204062420589495,0.49203946095751416,1.1632483807866301e-06
5155,0.38149618151924886,0.3814491973861609,4.6984133087957236e-05
5156,0.27304377466351326,0.27296413894584859,7.9635717664672256e-05
5157,0.17885297691929058,0.17876269798689232,9.0278932398268896e-05
5158,0.10912605845216081,0.10904973090355696,7.6327548603843942e-05
5159,0.07062164016422888,0.070579693834434715,4.1946329794165238e-05
5160,0.065695935256377486,0.065699219192481575,3.2839361040898352e-06
5161,0.092006504747881732,0.092053560221089833,4.7055473208101883e-05
5162,0.14292255410352631,0.14300025184961945,7.7697746093147169e-05
5163,0.20857844585946006,0.20866572752315016,8.7281663690097488e-05
5164,0.27740929305477724,0.2774829189124271,7.3625857649861626e-05
5165,0.33793419061895352,0.33797492116089178,4.0730541938260867e-05
5166,0.38051518025049164,0.3805127063721242,2.4738783674371767e-06
5167,0.39882365621651844,0.39877921213719708,4.4444079321359631e-05
5168,0.39079127728861984,0.39071720340635147,7.40738822683773e-05
5169,0.35890085787413734,0.3588171949465605,8.3662927576833024e-05
5170,0.30977341837217315,0.30970238871698708,7.1029655186072294e-05
5171,0.25311454632942476,0.25307469696112811,3.9849368296651644e-05
5172,0.20018168107191972,0.20018320302432499,1.5219524052700883e-06
5173,0.16200686935912689,0.16204908959670306,4.2220237576162667e-05
5174,0.14764644587732739,0.14771812268584783,7.1676808520437785e-05
5175,0.16272532152567226,0.16280761945345873,8.2297927786467717e-05
5176,0.20849879484340322,0.20857010586915972,7.1311025756498614e-05
5177,0.28157584276564507,0.28161739234342309,4.1549577778021707e-05
5178,0.37434769582762301,0.37434848204134646,7.8621372345821783e-07
5179,0.47605813576982897,0.47601780326004656,4.033250978241476e-05
5180,0.57435401663696806,0.57428294983008688,7.1066806881181499e-05
5181,0.65708154851434675,0.65699819132480131,8.3357189545441024e-05
5182,0.7140564228331977,0.71398255433788649,7.3868495311213422e-05
5183,0.73853985247079657,0.73849498125276036,4.4871218036202087e-05
5184,0.72819703637600919,0.7281934069537559,3.6294222532928799e-06
5185,0.68539365607823999,0.68543285384818775,3.9197769947763028e-05
5186,0.61678575753585341,0.61685797066679904,7.2213130945630866e-05
5187,0.53226633617980068,0.53235260414114605,8.6267961345365407e-05
5188,0.44342978301054858,0.44350670837304706,7.6925362498481142e-05
5189,0.36178816635507965,0.36183429083768165,4.6124482601994643e-05
5190,0.29701179097691272,0.29701397000925817,2.1790323454506932e-06
5191,0.25546309149368401,0.2554202697620882,4.2821731595810153e-05
5192,0.23924595243938446,0.23916947700748967,7.6475431894790225e-05
5193,0.24591498016934268,0.24582544448069144,8.9535688651248835e-05
5194,0.26888857036884295,0.26881005056869056,7.8519800152387909e-05
5195,0.29850190613820726,0.29845546233033649,4.6443807870777398e-05
5196,0.32353904145506041,0.32353729158999955,1.7498650608516186e-06
5197,0.33301047539122075,0.33305416322257503,4.3687831354277673e-05
5198,0.31790374431968643,0.31798138435661039,7.7640036923953826e-05
5199,0.27263935302224634,0.27273011959248078,9.0766570234435129e-05
5200,0.196009152949775,0.19608820244649658,7.9049496721578238e-05
5201,0.091452292212285499,0.091497639707418338,4.5347495132838644e-05
5202,-0.033374112506726422,-0.033375047105250098,9.3459852367611118e-07
5203,-0.16766493125934911,-0.16771168377234427,4.6752512995157369e-05
5204,-0.29901724359902465,-0.29909647128811201,7.9227689087357778e-05
5205,-0.41522635868961161,-0.41531577664880293,8.9417959191318008e-05
5206,-0.50605568958245772,-0.50613082590813008,7.5136325672353621e-05
5207,-0.5647136291092425,-0.56475459214028167,4.0963031039176201e-05
5208,-0.58881284676004997,-0.58880927799497396,3.5687650760118927e-06
5209,-0.5806664493864564,-0.58061994316978971,4.6506216666686306e-05
5210,-0.54687755556989537,-0.54680092198240748,7.6633587487884292e-05
5211,-0.49728558737238215,-0.49719928249457723,8.6304877804921354e-05
5212,-0.44343041793632837,-0.44335729143885139,7.3126497476982966e-05
5213,-0.39676951938678673,-0.39672879582932541,4.0723557461319615e-05
5214,-0.36691938757468601,-0.36692153618466039,2.1486099743839304e-06
5215,-0.36018912473547193,-0.36023306690451534,4.3942169043409418e-05
5216,-0.37862945991580688,-0.37870289189951517,7.343198370829418e-05
5217,-0.41974171412749289,-0.41982453696960959,8.2822842116692108e-05
5218,-0.47689053838510043,-0.47696061331288442,7.0074927783991825e-05
5219,-0.54035776042550054,-0.54039680771243892,3.9047286938376224e-05
5220,-0.59887531934899629,-0.59887344966316103,1.8696858352651446e-06
5221,-0.64140257129678935,-0.64136062331887378,4.194797791556848e-05
5222,-0.65887660642484658,-0.65880572948990934,7.0876934937236236e-05
5223,-0.64566787675340775,-0.64558656077323295,8.1315980174800906e-05
5224,-0.60051823218903855,-0.60044767510932384,7.0557079714705928e-05
5225,-0.52681765474265696,-0.52677633322232476,4.132152033220482e-05
5226,-0.43217572013212435,-0.43217458293573774,1.1371963866135815e-06
5227,-0.32735143099279296,-0.32739100136320243,3.9570370409469646e-05
5228,-0.22470275849047,-0.22477291744229427,7.0158951824272897e-05
5229,-0.13639033920529539,-0.13647286177760493,8.2522572309534636e-05
5230,-0.07260726476131342,-0.072680451261032883,7.3186499719463116e-05
5231,-0.04010288241857092,-0.040147208417445665,4.4325998874744643e-05
5232,-0.041224182754366387,-0.041227477340082037,3.2945857156504998e-06
5233,-0.07361949622525972,-0.073580333492465608,3.916273279411242e-05
5234,-0.13064873580976111,-0.13057705552724538,7.168028251572367e-05
5235,-0.202436858140603,-0.20235156133375251,8.5296806850487794e-05
5236,-0.27740940452903212,-0.27733349484014408,7.5909688888042837e-05
5237,-0.34407588442180287,-0.34403025832964501,4.5626092157857734e-05
5238,-0.39278889225948449,-0.39278641303984541,2.4792196390843735e-06
5239,-0.41721045871595219,-0.41725232531674677,4.1866600794582265e-05
5240,-0.41526291002706089,-0.41533823831499295,7.5328287932052707e-05
5241,-0.38941970526550301,-0.38950839609271748,8.8690827214465973e-05
5242,-0.34629242885142564,-0.34637051695033128,7.8088098905637615e-05
5243,-0.29557730070344218,-0.29562347625561114,4.6175552168958856e-05
5244,-0.24852261031227346,-0.24852411122768525,1.5009154117895385e-06
5245,-0.21615142524725314,-0.21610762626773541,4.3798979517728487e-05
5246,-0.20751122332688327,-0.20743390380452886,7.7319522354402093e-05
5247,-0.22821812766171326,-0.22812830695453926,8.9820707174004255e-05
5248,-0.27951865799461906,-0.27944083521183227,7.7822782786785005e-05
5249,-0.35801315914389897,-0.3579685702555313,4.4588888367669277e-05
5250,-0.45608451485345203,-0.45608526549696587,7.506435138471268e-07
5251,-0.56296840826822903,-0.5630141224134414,4.5714145212372159e-05
5252,-0.66630380166503334,-0.66638172252480465,7.7920859771318796e-05
5253,-0.75392917050121733,-0.75401772076883078,8.8550267613451972e-05
5254,-0.81565256971192457,-0.81572744840560962,7.4878693685054287e-05
5255,-0.84472779258101383,-0.84476872449287088,4.0931911857056136e-05
5256,-0.83881295555502611,-0.8388092779949643,3.6775600618099702e-06
5257,-0.80026696969209854,-0.80022032859988845,4.6641092210086832e-05
5258,-0.73573939038292091,-0.73566296518180307,7.6425201117835684e-05
5259,-0.6551169590079079,-0.65503156482606806,8.539418183983738e-05
5260,-0.5699879943657028,-0.56991620816037658,7.17862053262186e-05
5261,-0.49185876772118892,-0.49181899570157217,3.9772019616746146e-05
5262,-0.43039415700476563,-0.43039627799180513,2.120987039500033e-06
5263,-0.39195152862439214,-0.39199447753202188,4.2948907629736244e-05
5264,-0.37863003641641346,-0.37870211706752327,7.2080651109807103e-05
5265,-0.38797985886286684,-0.38806178446171768,8.1925598850840498e-05
5266,-0.41341521929231895,-0.41348509725584415,6.9877963525200038e-05
5267,-0.44526744662088807,-0.44530660884894957,3.9162228061495608e-05
5268,-0.47231712354994937,-0.47231530893967988,1.8146102694904798e-06
5269,-0.48357166327331236,-0.48352968387974865,4.1979393563706946e-05
5270,-0.4700158927554669,-0.46994523596008625,7.0656795380652504e-05
5271,-0.42606795976714068,-0.42598751622123304,8.0443545907638025e-05
5272,-0.35051767381269294,-0.35044844761671945,6.9226195973492999e-05
5273,-0.24680248467866134,-0.24676219784356587,4.028683509546549e-05
5274,-0.12257818515243771,-0.12257718268663041,1.0024658072954606e-06
5275,0.011351027838300295,0.011312286670660643,3.8741167639652282e-05
5276,0.14258277224402394,0.14251388348053856,6.8888763485375204e-05
5277,0.25891251312861757,0.25883091674881192,8.1596379805648489e-05
5278,0.35010346224145411,0.35003053790103694,7.2924340417168665e-05
5279,0.40936346102733484,0.4093189965018954,4.446452543943602e-05
5280,0.43430428233359047,0.43430078080751278,3.5015260776982693e-06
5281,0.42723776161540838,0.42727674810971839,3.8986494310000452e-05
5282,0.39476535508786148,0.39483668292021434,7.1327832352863219e-05
5283,0.34672443098689437,0.34680888925455988,8.4458267665510345e-05
5284,0.29465242902843014,0.29472713893882785,7.4709910397707802e-05
5285,0.25000405071001652,0.25004868731748386,4.4636607467340994e-05
5286,0.22239272424959461,0.22239493575464789,2.2115050532789393e-06
5287,0.21812414632716678,0.21808286124212373,4.1285085043057945e-05
5288,0.23924527472228099,0.23917102675974913,7.424796253185928e-05
5289,0.2832532803893294,0.28316553691428625,8.7743475043144947e-05
5290,0.34350828326342064,0.34343063341123681,7.7649852183836465e-05
5291,0.41028727431861184,0.41024106383279568,4.6210485816156055e-05
5292,0.47231712354987232,0.4723153089396005,1.8146102718219481e-06
5293,0.5185518355754386,0.5185951921713573,4.3356595918697671e-05
5294,0.53992282878422748,0.53999957258751774,7.6743803290257873e-05
5295,0.53079453824055978,0.5308835434221395,8.9005181579726589e-05
5296,0.48990243550673113,0.48997928349022868,7.6847983497552175e-05
5297,0.42062986697581811,0.42067363051129725,4.3763535479135474e-05
5298,0.33057961790756601,0.33057852492374712,1.0929838188955543e-06
5299,0.23050368917285244,0.23045827878454958,4.5410388302857818e-05
5300,0.13275279309324833,0.13267569461014378,7.7098483104554028e-05
5301,0.049480014892410357,0.049392419863467166,8.7595028943190933e-05
5302,-0.0091294269463702785,-0.0092036195522698632,7.4192605899584679e-05
5303,-0.036334252950615667,-0.036375012041824986,4.0759091209319198e-05
5304,-0.029795609112124612,-0.029792283620034648,3.3254920899644658e-06
5305,0.0081265699382996725,0.0081725024615969671,4.593252329729465e-05
5306,0.070783752382634554,0.070859337059593255,7.5584676958700969e-05
5307,0.14829222638572509,0.1483768130257446,8.458664001950722e-05
5308,0.2290686003925915,0.2291396823608603,7.1081968268799089e-05
5309,0.30161332971991578,0.3016525241048269,3.9194384911123148e-05
5310,0.35626997575628877,0.35626751242894417,2.4633273446039716e-06
5311,0.38669149749537651,0.38664860462852757,4.2892866848942557e-05
5312,0.39079105708500433,0.39071952825544587,7.1528829558464846e-05
5313,0.37103280703948865,0.3709518287078602,8.0978331628456246e-05
5314,0.33401883281888706,0.33394990576247552,6.8927056411538512e-05
5315,0.28943581420190773,0.28939709099007954,3.872321182818439e-05
5316,0.24852261031230469,0.24852411122771517,1.5009154104850264e-06
5317,0.22229291174884999,0.22233397480482681,4.1063055976814367e-05
5318,0.2197848193594833,0.21985438776117566,6.9568401692365889e-05
5319,0.24660502588778777,0.24668465396839825,7.9628080610488761e-05
5320,0.30399051093673368,0.30405929080880145,6.8779872067770143e-05
5321,0.38853212036452944,0.38857210730116398,3.998693663453956e-05
5322,0.49260343135669904,0.49260416610792102,7.3475122197574905e-07
5323,0.60543096297016319,0.60539211373820923,3.8849231953963503e-05
5324,0.71464460580151579,0.71457604393019647,6.8561871319317014e-05
5325,0.80807380225613112,0.80799313019159025,8.0672064540876498e-05
5326,0.87551755313908131,0.8754458030316139,7.17501074674054e-05
5327,0.91022071886799771,0.91017695953883271,4.3759329165005134e-05
5328,0.90983274742153364,0.90982903895509515,3.7084664384900989e-06
5329,0.87670410506129337,0.87674207158606487,3.7966524771504417e-05
5330,0.81747608209060341,0.81754614537068138,7.0063280077969914e-05
5331,0.7420272833207795,0.74211090487719378,8.3621556414281706e-05
5332,0.66193795976289649,0.66201241313404147,7.4453371144977964e-05
5333,0.58870650954108517,0.5887510938898568,4.4584348771636861e-05
5334,0.53199025922926257,0.53199233600373652,2.0767744739469407e-06
5335,0.49813931639115305,0.4980978780926118,4.1438298541252028e-05
5336,0.48924583309862857,0.48917178101553466,7.4052083093911758e-05
5337,0.50285319737561285,0.50276634443169621,8.685294391663767e-05
5338,0.53236899693283257,0.53229265372384371,7.6343208988860489e-05
5339,0.56811818234213718,0.56807288476631046,4.5297575826719338e-05
5340,0.59887531934898419,0.59887344966314848,1.8696858357092339e-06
5341,0.61364214938013151,0.61368450952826104,4.2360148129527708e-05
5342,0.603398147877102,0.60347356181919543,7.5413942093427444e-05
5343,0.56255639350528686,0.56264453289077321,8.813938548635214e-05
5344,0.4899018590062299,0.48997853147373799,7.6672467508087649e-05
5345,0.38886746308700199,0.38891133835051678,4.3875263514792096e-05
5346,0.26710484847758309,0.26710378311669952,1.0653608835675676e-06
5347,0.13541444083853557,0.13536896046014954,4.5480378386031362e-05
5348,0.0061952166639427262,0.0061183047871012277,7.6911876841498535e-05
5349,-0.10835135674306615,-0.1084380993423129,8.6742599246750207e-05
5350,-0.1979912617593676,-0.19806413582652882,7.2874067161221578e-05
5351,-0.25593477325624903,-0.25597451589332959,3.9742637080564247e-05
5352,-0.27979571790710994,-0.27979228362003294,3.4342870769976663e-06
5353,-0.27188759353349412,-0.27184251148603633,4.5082047457789542e-05
5354,-0.23881312774686336,-0.23873881241996991,7.4315326893448219e-05
5355,-0.19041058542591438,-0.19032689431861141,8.3691107302968915e-05
5356,-0.13821795767344897,-0.13814709588817176,7.0861785277209766e-05
5357,-0.0936901472889905,-0.093650796166253852,3.9351122736647204e-05
5358,-0.06644042659045539,-0.066442705962790199,2.2793723348096817e-06
5359,-0.062773953860818979,-0.062816723685980028,4.2769825161048658e-05
5360,-0.084736753859395941,-0.084807982326510184,7.1228467114242688e-05
5361,-0.12982467364447556,-0.12990483450389448,8.0160859418920705e-05
5362,-0.19139613482769072,-0.19146385528847565,6.7720460784931324e-05
5363,-0.25972608643658185,-0.25976381681274402,3.7730376162170565e-05
5364,-0.32353904145505585,-0.32353729158999484,1.7498650610181521e-06
5365,-0.37178629509283928,-0.37174584548921241,4.0449603626868669e-05
5366,-0.39539617986083797,-0.39532770693928765,6.8472921550322141e-05
5367,-0.38872965954712113,-0.3886509500636558,7.8709483465333463e-05
5368,-0.35051835152978134,-0.35044995173251975,6.8399797261586848e-05
5369,-0.28414142984517765,-0.28410136952895659,4.0060316221057768e-05
5370,-0.1971972518797645,-0.19719621694124953,1.034938514971051e-06
5371,-0.10043308780677691,-0.10047155365535114,3.8465848574226191e-05
5372,-0.0061945817381100507,-0.0062626319859488732,6.8050247838822436e-05
5373,0.073370607935696816,0.073290728310900582,7.9879624796233561e-05
5374,0.12808305979345008,0.12801230417558704,7.0755617863044185e-05
5375,0.15120756656449402,0.15116465401927814,4.2912545215878506e-05
5376,0.14041152829116502,0.14040815466126508,3.3736298999387238e-06
5377,0.098061370171941054,0.098099000070106399,3.762989816534501e-05
5378,0.030812394496114129,0.030881612348300089,6.9217852185960577e-05
5379,-0.051444604398835213,-0.051361911967429119,8.2692431406093669e-05
5380,-0.13711881536450737,-0.13704498160629797,7.3833758209407296e-05
5381,-0.21470305722149516,-0.21465859263051318,4.4464590981979635e-05
5382,-0.27453315673043432,-0.27453072897329772,2.427757136602704e-06
5383,-0.31025418111708919,-0.31029496554918889,4.0784432099705281e-05
5384,-0.31977119393374409,-0.31984447240230723,7.3278468563142685e-05
5385,-0.30554000090339184,-0.30562607189231994,8.6070988928099723e-05
5386,-0.27415405536926435,-0.27422967084318894,7.5615473924595111e-05
5387,-0.23529125831370698,-0.23533594616979542,4.4687856088437838e-05
5388,-0.20018168107187267,-0.20018320302427828,1.5219524056031553e-06
5389,-0.1798301573747553,-0.17978787715345138,4.2280221303925281e-05
5390,-0.18326580888016011,-0.1831909679190257,7.4840961134414741e-05
5391,-0.21608617849636139,-0.21599896310072672,8.7215395634665516e-05
5392,-0.27951887819824511,-0.27944309159218061,7.5786606064498496e-05
5393,-0.37014531786506266,-0.37010182275908488,4.3495105977786608e-05
5394,-0.48032971934768648,-0.4803304594401781,7.4009249162454438e-07
5395,-0.59928926916730496,-0.59933387443150876,4.4605264203800843e-05
5396,-0.71464449432725896,-0.7147203776974197,7.5883370160734209e-05
5397,-0.81421538997498966,-0.81430134509973917,8.5955124749514944e-05
5398,-0.88779137143284714,-0.88786378173654956,7.2410303702419299e-05
5399,-0.92860772739061725,-0.92864713712182856,3.9409731211303978e-05
5400,-0.9343044999235387,-0.93430078080748957,3.7191160491278907e-06
5401,-0.90722286280694242,-0.90717767965604634,4.5183150896077606e-05
5402,-0.85399487578144173,-0.85392089726767129,7.3978513770445176e-05
5403,-0.78448992103476989,-0.78440713341207946,8.2787622690427831e-05
5404,-0.7102789759359438,-0.71020923421692439,6.9741719019411619e-05
5405,-0.64285126006755855,-0.64281255958792005,3.8700479638498209e-05
5406,-0.59185516330306664,-0.59185721402554525,2.0507224786081579e-06
5407,-0.56363205427364393,-0.56367382561371659,4.1771340072660479e-05
5408,-0.56026549760134758,-0.56033550604561766,7.0008444270075465e-05
5409,-0.57929039296451124,-0.57936974685278964,7.9353888278399509e-05
5410,-0.61410587873540212,-0.61417333979223321,6.7461056831086275e-05
5411,-0.65502862733831402,-0.65506628144188195,3.7654103567930086e-05
5412,-0.69082523086468439,-0.69082332116410949,1.9097005748980322e-06
5413,-0.71048972827725887,-0.71044911126053911,4.061701671975726e-05
5414,-0.70499412522449534,-0.70492583999707448,6.8285227420861183e-05
5415,-0.66874421537152873,-0.66866637714577548,7.7838225753246171e-05
5416,-0.60051781333683574,-0.60045068400231871,6.7129334517024297e-05
5417,-0.50374091752566597,-0.50370172905128485,3.9188474381113281e-05
5418,-0.38605860068581782,-0.38605748355866798,1.117127149841135e-06
5419,-0.25826504812175982,-0.25830251729431913,3.7469172559312369e-05
5420,-0.13275329697320734,-0.13282004151565602,6.674454244867678e-05
5421,-0.021719135458630547,-0.02179817970749057,7.9044248860023203e-05
5422,0.064608890147510326,0.064538293025013738,7.0597122496587894e-05
5423,0.11944623475561819,0.11940321756395092,4.3017191667271693e-05
5424,0.14041152829118295,0.14040815466128309,3.373629899855457e-06
5425,0.12982270198085469,0.1298604368351772,3.7734854322513112e-05
5426,0.094286564142095811,0.094355624571767813,6.9060429672002099e-05
5427,0.04364513899553879,0.043726997909243483,8.1858913704692393e-05
5428,-0.010560100129361181,-0.010487569930836759,7.2530198524422065e-05
5429,-0.056871096906466884,-0.05682762744297,4.3469463496884075e-05
5430,-0.085671807924346588,-0.08566946235584591,2.3455685006779081e-06
5431,-0.090654693436585859,-0.090694608194794343,3.9914758208484113e-05
5432,-0.069771732126702582,-0.069843744423948501,7.2012297245918622e-05
5433,-0.025525445079029759,-0.025610650384979131,8.5205305949371396e-05
5434,0.035443889994313672,0.035368456850222392,7.5433144091280324e-05
5435,0.10341217487060358,0.10336731619463158,4.4858675972009321e-05
5436,0.16710450833762561,0.16710282654970618,1.6817879194275243e-06
5437,0.21547238352683729,0.21551459150176683,4.2207974929542313e-05
5438,0.23944393502741643,0.23951852409465954,7.458906724311376e-05
5439,0.2333795408235573,0.23346595853936264,8.641771580533697e-05
5440,0.19600986554361813,0.19608444070980274,7.4575166184615016e-05
5441,0.13071278254770988,0.13075528443369805,4.2501885988172061e-05
5442,0.045085017364907894,0.045084048622558909,9.6874234898486344e-07
5443,-0.050128156388723165,-0.050172116894381912,4.3960505658746651e-05
5444,-0.14258347606473035,-0.14265825009744459,7.4774032714247651e-05
5445,-0.22013605436609265,-0.22022111901425734,8.5064648164684398e-05
5446,-0.27260962339823314,-0.27268170869057101,7.2085292337875639e-05
5447,-0.29327245811715086,-0.29331197607528631,3.9517958135448783e-05
5448,-0.27979571790711727,-0.27979228362003966,3.434287077608289e-06
5449,-0.23454990867260964,-0.23450505068461283,4.4857987996804738e-05
5450,-0.16419476610802325,-0.16412123740999734,7.3528698025904227e-05
5451,-0.078625887802925329,-0.078543870929799614,8.2016873125714818e-05
5452,0.01056073505517228,0.01062946328823583,6.8728233063549901e-05
5453,0.09185244993820231,0.091890284285634588,3.7834347432277871e-05
5454,0.15557940452214203,0.1555770285312702,2.3759908718279377e-06
5455,0.19538072667838802,0.19533932589434935,4.1400784038664318e-05
5456,0.2091552396031294,0.20908609985347842,6.9139749650976023e-05
5457,0.19935217903717414,0.19927372869666182,7.8450340512320471e-05
5458,0.17255807802192827,0.17249117170614361,6.6906315784653891e-05
5459,0.13844367941666647,0.1384060943993255,3.7585017340968641e-05
5460,0.10823176955628226,0.10823333152342748,1.5619671452221651e-06
5461,0.092919712378701655,0.092959731135857704,4.0018757156048967e-05
5462,0.1015289270777157,0.10159650495625626,6.7577878540558967e-05
5463,0.13964898290758054,0.13972606333788107,7.7080430300524583e-05
5464,0.20849921369562724,0.20856559087498108,6.6377179353843685e-05
5465,0.30465257998264955,0.30469112728996972,3.85473073201692e-05
5466,0.42046481527393531,0.42046558141842139,7.6614448607514873e-07
5467,0.54514451864086033,0.54510715590707437,3.7362733785961666e-05
5468,0.66630347815421986,0.66623732961886284,6.6148535357024585e-05
5469,0.77175275226099205,0.77167460925979903,7.8143001193020645e-05
5470,0.85127257774199216,0.85120280136825011,6.9776373742058695e-05
5471,0.89808896964494789,0.89804627452153873,4.2695123409153268e-05
5472,0.90983274742151388,0.90982903895507639,3.7084664374908982e-06
5473,0.888835854284306,0.88887275753273132,3.6903248425312896e-05
5474,0.84172105748766235,0.84178915025357925,6.8092765916905051e-05
5475,0.7783483333158997,0.77842943138541443,8.1098069514728977e-05
5476,0.71027908741018664,0.71035113388449977,7.2046474313136599e-05
5477,0.64899295387039724,0.64903605636804396,4.3102497646718696e-05
5478,0.60412887531204906,0.6041309206932568,2.0453812077381173e-06
5479,0.58201885677306653,0.58197885159796292,4.0005175103607904e-05
5480,0.58473713033977504,0.58466546807108799,7.166226868704495e-05
5481,0.60980924035585959,0.60972491833282405,8.4322023035543481e-05
5482,0.65062488921463224,0.6505505204308748,7.4368783757439161e-05
5483,0.69749138171230307,0.69744711821173055,4.4263500572516712e-05
5484,0.73916616010500302,0.73916422936743442,1.9307375686006267e-06
5485,0.76463428416534318,0.76467551820142576,4.123403608258247e-05
5486,0.7648589026740048,0.76493231841270937,7.3415738704563083e-05
5487,0.73423702150752135,0.73432266078454556,8.5639277024207594e-05
5488,0.67153767648800455,0.67161198563255142,7.4309144546869099e-05
5489,0.58017823390387913,0.58022063288482117,4.2398980942048858e-05
5490,0.46779541971161614,0.46779426701425736,1.1526973587860923e-06
5491,0.34517532062014306,0.34513118262005626,4.4138000086790807e-05
5492,0.22470308200127256,0.22462849166313581,7.4590338136754086e-05
5493,0.11856675744551765,0.11848254557687582,8.4211868641825838e-05
5494,0.03698725673124937,0.036916403226671016,7.0853504578353987e-05
5495,-0.013258294645355426,-0.013296984124277031,3.8689478921605236e-05
5496,-0.029795609112112268,-0.029792283620020819,3.3254920914493891e-06
5497,-0.014949388366939972,-0.014905524216377928,4.3864150562044832e-05
5498,0.024667068705024168,0.024739318574589712,7.2249869565544494e-05
5499,0.079205483832610821,0.07928669474963071,8.1210917019888806e-05
5500,0.13711831148454279,0.13718689389570174,6.8582411158951695e-05
5501,0.18694169827258514,0.18697962646703586,3.7928194450725927e-05
5502,0.21905417395218865,0.21905177033838216,2.4036138064897905e-06
5503,0.2271431305672636,0.2271015935780758,4.1536989187795914e-05
5504,0.20915581610368422,0.2090868089373015,6.9007166382722973e-05
5505,0.16759032377249328,0.16751268903340968,7.7634739083592974e-05
5506,0.10908275892909218,0.1090171384674974,6.5620461594778634e-05
5507,0.043353365612002252,0.043316751324858509,3.6614287143743596e-05
5508,-0.0183264262428127,-0.018324809200102255,1.6170427104451879e-06
5509,-0.064911195644820147,-0.064872063459757684,3.9132185062462632e-05
5510,-0.087331786591707428,-0.08726546920056559,6.6317391141837434e-05
5511,-0.079950934078730412,-0.079874690263078141,7.6243815652271563e-05
5512,-0.041501344680763448,-0.04143511615054471,6.6228530218738479e-05
5513,0.024637409918606766,0.024676138018052761,3.8728099445994868e-05
5514,0.11086728029420084,0.11086818116926635,9.0087506550429186e-07
5515,0.20644205980972075,0.20640472113557021,3.733867415053882e-05
5516,0.29901794741968463,0.29895200604403416,6.5941375650468981e-05
5517,0.37644989992704686,0.37637253599802528,7.7363929021578848e-05
5518,0.42856185073920444,0.42849328846344881,6.8562275755634783e-05
5519,0.44862262619903537,0.4485809216050991,4.17045939362648e-05
5520,0.43430428233356355,0.43430078080748785,3.5015260756998678e-06
5521,0.38797859644365529,0.38801482455644831,3.6228112793024181e-05
5522,0.31630696659006402,0.31637393772705491,6.6971136990889857e-05
5523,0.22918704418842767,0.22926727930520824,8.0235116780569271e-05
5524,0.13821725385274511,0.13828902711390989,7.1773261164781443e-05
5525,0.054913018738588511,0.054956260602488385,4.3241863899874666e-05
5526,-0.011052741197032138,-0.011050428101238871,2.3130957932677304e-06
5527,-0.053315748270068353,-0.053355485469373687,3.9737199305334148e-05
5528,-0.069771054409594774,-0.069842326183646608,7.1271774051834269e-05
5529,-0.062863745299008247,-0.062947316943625514,8.3571644617266849e-05
5530,-0.039175822900251504,-0.039249160194853597,7.3337294602092429e-05
5531,-0.0083731933097843641,-0.0084165736370384343,4.3380327254070178e-05
5532,0.018326426242833847,0.018324809200124376,1.6170427094702733e-06
5533,0.029931023342642169,0.029971852147643398,4.0828805001228569e-05
5534,0.017424850562899753,0.017497374449828663,7.2523886928910208e-05
5535,-0.024775644394731455,-0.02469088357274658,8.4760821984875695e-05
5536,-0.0978834170133141,-0.097809599559434912,7.3817453879188033e-05
5537,-0.19846479221580082,-0.198422414248553,4.2377967247819726e-05
5538,-0.31886871304936465,-0.31886952340641794,8.1035705329357555e-07
5539,-0.44829677682090679,-0.44834037283442568,4.3596013518887311e-05
5540,-0.57435351275698709,-0.57442746114033716,7.3948383350064262e-05
5541,-0.68484242794809891,-0.68492590481341775,8.3476865318843352e-05
5542,-0.76953588603430523,-0.76960596237284085,7.0076338535618454e-05
5543,-0.82165183427576205,-0.82168985207618939,3.8017800427336823e-05
5544,-0.838812955555027,-0.8388092779949643,3.6775600626981486e-06
5545,-0.82334292799735109,-0.82329919915579053,4.3728841560564113e-05
5546,-0.78185607406054058,-0.78178444476864228,7.1629291898300806e-05
5547,-0.7242037015610242,-0.72412336961679913,8.0331944225076057e-05
5548,-0.66193828327374515,-0.66187045665297306,6.7826620772093449e-05
5549,-0.60653039916850493,-0.60649273597667241,3.766319183251543e-05
5550,-0.56760995880884479,-0.56761202008234612,2.0612735013303407e-06
5551,-0.55149989555248136,-0.55154064656448731,4.0751012005957321e-05
5552,-0.56026527739771026,-0.56033337850373166,6.8101106021400959e-05
5553,-0.59142234212984157,-0.59149924133770493,7.68992078633568e-05
5554,-0.63835129318209638,-0.63841640774004771,6.5114557951329033e-05
5555,-0.69134989521077994,-0.69138610773305831,3.6212522278367132e-05
5556,-0.73916616010505531,-0.73916422936748605,1.9307375692667605e-06
5557,-0.77077577066696967,-0.77073656230791654,3.9208359053133357e-05
5558,-0.77713249870663947,-0.77706654759347304,6.5951113166429209e-05
5559,-0.75262391973363241,-0.75254853954610446,7.5380187527951392e-05
5560,-0.69600952943015315,-0.69594430817974873,6.5221250404423614e-05
5561,-0.61069719512453546,-0.61065900605706946,3.8189067465999038e-05
5562,-0.50431433621487642,-0.50431316762522449,1.1685896519342265e-06
5563,-0.38763787532207428,-0.38767426761712154,3.6392295047260603e-05
5564,-0.27304388613773506,-0.273108702934518,6.48167967829405e-05
5565,-0.17271138920039569,-0.17278800204518291,7.6612844787216083e-05
5566,-0.096852240158357028,-0.096920526260775852,6.8286102418824157e-05
5567,-0.052234631641571189,-0.052276204346458813,4.1572704887624101e-05
5568,-0.041224182754336508,-0.041227477340052027,3.2945857155186609e-06
5569,-0.061487747002201339,-0.061451335391381125,3.6411610820213935e-05
5570,-0.1064037604126644,-0.10633697300337389,6.6787409290516853e-05
5571,-0.16611580814545757,-0.1660364080340441,7.9400111413469032e-05
5572,-0.22906827688173231,-0.22899769429972283,7.0582582009481865e-05
5573,-0.28378944009249907,-0.28374698121562125,4.2458876877815577e-05
5574,-0.32065027617672348,-0.32064782835035033,2.4478263731531058e-06
5575,-0.33333091833407907,-0.33336966768614856,3.8749352069489262e-05
5576,-0.31977161278596572,-0.31984163534101218,7.0022555046456159e-05
5577,-0.28246366228531145,-0.2825464564163262,8.2794131014751748e-05
5578,-0.22803653656967787,-0.22810973646743515,7.3199897757281196e-05
5579,-0.1662041013333187,-0.16624756115896294,4.3459825644243111e-05
5580,-0.10823176955628087,-0.10823333152342626,1.5619671453886985e-06
5581,-0.065159290462047451,-0.065118298010698142,4.0992451349308734e-05
5582,-0.04605046852996638,-0.045978056708229686,7.2411821736693971e-05
5583,-0.05653749965944694,-0.056453537425143308,8.3962234303631977e-05
5584,-0.097882840512798955,-0.097810288414065027,7.2552098733927317e-05
5585,-0.16670238832697057,-0.16666095367069672,4.1434656273847681e-05
5586,-0.25539394361936962,-0.25539478159935758,8.3797998795542838e-07
5587,-0.3532075284865816,-0.35325022353542274,4.2695048841134842e-05
5588,-0.44779593632767878,-0.4478686325535251,7.2696225846324847e-05
5589,-0.5270110563126269,-0.52709372487393735,8.2668561310450528e-05
5590,-0.58067405122131965,-0.58074400838694629,6.99571656266329e-05
5591,-0.60205131397014788,-0.60208951846499226,3.8204494844373826e-05
5592,-0.58881284676006651,-0.58880927799499105,3.5687650754567812e-06
5593,-0.54332876452558643,-0.54328501436135745,4.3750164228972821e-05
5594,-0.4722591939310728,-0.47218773089964,7.1463031432794644e-05
5595,-0.38550088974941332,-0.38542131936693397,7.9570382479354773e-05
5596,-0.29465172520772864,-0.29458511296549544,6.6612242233199392e-05
5597,-0.21122692215961611,-0.21119024364749858,3.6678512117527262e-05
5598,-0.14489955646211017,-0.1449018016906205,2.2452285103335967e-06
5599,-0.10203444419628631,-0.1020744909128333,4.0046716546990324e-05
5600,-0.084737466453301755,-0.084804435455130306,6.6969001828551256e-05
5601,-0.090564861445861927,-0.090640924659935243,7.6063214073315843e-05
5602,-0.11293632553549844,-0.11300121526833552,6.4889732837081215e-05
5603,-0.14218799457226713,-0.14222437380076244,3.6379228495309057e-05
5604,-0.16710450833767004,-0.16710282654975134,1.6817879187058793e-06
5605,-0.17669656382525697,-0.17665756754034667,3.8996284910303158e-05
5606,-0.1619514994862985,-0.16188588222502853,6.5617261269967919e-05
5607,-0.1172892342987084,-0.11721458536229623,7.4648936412166633e-05
5608,-0.041500666963628752,-0.041436493927648838,6.4173035979914195e-05
5609,0.061976355085174135,0.062013646450692607,3.7291365518471453e-05
5610,0.18548634702158215,0.18548721542394098,8.6840235882790218e-07
5611,0.31822617545485243,0.31819022349760945,3.595195724298561e-05
5612,0.44779530140186991,0.44773139918829707,6.3902213572830657e-05
5613,0.56199180512001079,0.56191604607667345,7.5759043337342291e-05
5614,0.65058225318723972,0.65051439776217257,6.7855425067153696e-05
5615,0.70677852066189406,0.70673692369365915,4.1596968234913767e-05
5616,0.72819703637599209,0.72819340695373858,3.6294222535149245e-06
5617,0.7171549878871134,0.71719091420334569,3.5926316232282041e-05
5618,0.68025992718179296,0.68032613692842703,6.6209746634071642e-05
5619,0.62735607957413453,0.62743476616580607,7.8686591671539574e-05
5620,0.56998849824566178,0.5700582783867344,6.9780141072617319e-05
5621,0.51962012667008683,0.51966188458061024,4.1757910523410047e-05
5622,0.48587313978299457,0.48587523662670462,2.0968437100532533e-06
5623,0.4750625791741992,0.47502399608218593,3.8583092013266818e-05
5624,0.48924541424645629,0.4891760380604453,6.9376186010994267e-05
5625,0.52592953599375269,0.52584759896662414,8.1937027128553552e-05
5626,0.57848651573248366,0.57841400704959667,7.2508682886995857e-05
5627,0.6372053393225916,0.63716208871017088,4.3250612420719925e-05
5628,0.69082523086463965,0.69082332116406431,1.9097005753421215e-06
5629,0.72831301629289757,0.7283532703340041,4.0254041106524419e-05
5630,0.74061348822734618,0.74068505614434166,7.1567916995474157e-05
5631,0.72210507234224475,0.72218832308288272,8.3250740637974552e-05
5632,0.67153789669171204,0.6716099187967921,7.2022105080060683e-05
5633,0.59231039262512453,0.59235139029190453,4.0997666780007158e-05
5634,0.49204062420592654,0.49203946095754569,1.1632483808421412e-06
5635,0.381496181519283,0.38145342790914089,4.2753610142109988e-05
5636,0.27304377466354635,0.27297146372792602,7.2310935620323313e-05
5637,0.17885297691931928,0.17877115280213743,8.1824117181855671e-05
5638,0.10912605845218157,0.10905705029241385,6.9008159767722232e-05
5639,0.070621640164239691,0.070583918129849821,3.7722034389869874e-05
5640,0.065695935256377999,0.065699219192482297,3.283936104298002e-06
5641,0.092006504747873169,0.092049339034753319,4.2834286880150119e-05
5642,0.14292255410351185,0.14299294323092643,7.0389127414582919e-05
5643,0.20857844585944377,0.20865729136238398,7.8845502940211309e-05
5644,0.27740929305476386,0.27747561567070289,6.632261593902955e-05
5645,0.33793419061894747,0.33797070618334601,3.6515564398542644e-05
5646,0.38051518025049602,0.38051270637212858,2.4738783674371767e-06
5647,0.39882365621653476,0.39878342401503014,4.0232201504619702e-05
5648,0.3907912772886476,0.39072449591033465,6.6781378312952278e-05
5649,0.35890085787417442,0.35882561250900291,7.5245365171505707e-05
5650,0.30977341837221573,0.30970967586017956,6.3742512036168986e-05
5651,0.25311454632946823,0.25307890264886251,3.5643680605712547e-05
5652,0.20018168107195916,0.20018320302436479,1.5219524056309108e-06
5653,0.16200686935915837,0.16204488699945829,3.8017640299925493e-05
5654,0.1476464458773479,0.14771084624823005,6.4400370882150559e-05
5655,0.16272532152568048,0.16279922043355777,7.3898907877290032e-05
5656,0.20849879484339956,0.20856283477624077,6.4039932841208902e-05
5657,0.28157584276563169,0.28161319591768902,3.735315205732892e-05
5658,0.37434769582760252,0.37434848204132559,7.8621372306963977e-07
5659,0.47605813576980516,0.47602199660459155,3.6139165213611157e-05
5660,0.57435401663694463,0.57429021024955451,6.3806387390119568e-05
5661,0.65708154851432787,0.657006571857772,7.4976656555869603e-05
5662,0.7140564228331846,0.71398980942864632,6.6613404538284904e-05
5663,0.73853985247079124,0.73849916844424879,4.068402654244796e-05
5664,0.72819703637601119,0.72819340695375834,3.6294222528487907e-06
5665,0.68539365607824876,0.68542866972863681,3.5013650388049378e-05
5666,0.61678575753586617,0.61685072621753312,6.4968681666943695e-05
5667,0.53226633617981489,0.53234424203978459,7.790585996969579e-05
5668,0.4434297830105608,0.44349946923657313,6.9686226012333208e-05
5669,0.36178816635508737,0.36183011285281552,4.19464977281514e-05
5670,0.29701179097691338,0.29701397000925855,2.1790323451731375e-06
5671,0.25546309149367619,0.25542444468419256,3.8646809483622313e-05
5672,0.23924595243936755,0.23917670553424009,6.9246905127468006e-05
5673,0.24591498016931726,0.24583378820546381,8.1191963853449733e-05
5674,0.26888857036881131,0.26881727379848325,7.1296570328061026e-05
5675,0.29850190613817212,0.29845963113602941,4.227500214271096e-05
5676,0.32353904145502577,0.32353729158996508,1.7498650606850852e-06
5677,0.33301047539119077,0.33304999747045072,3.9522079259945997e-05
5678,0.31790374431966489,0.31797417170486286,7.042738519796865e-05
5679,0.27263935302223646,0.27272179418948223,8.2441167245761449e-05
5680,0.19600915294977819,0.19608099507594523,7.1842126167037668e-05
5681,0.091452292212301944,0.091493480053513265,4.1187841211320908e-05
5682,-0.033374112506698639,-0.033375047105222808,9.3459852416877265e-07
5683,-0.16766493125931342,-0.1677075271629378,4.2595903624376152e-05
5684,-0.29901724359898607,-0.29908927446415218,7.2030865166106128e-05
5685,-0.41522635868957558,-0.41530746951308734,8.1110823511754138e-05
5686,-0.50605568958242919,-0.50612363434965635,6.7944767227157143e-05
5687,-0.5647136291092254,-0.56475044161094279,3.6812501717387036e-05
5688,-0.58881284676004653,-0.58880927799496963,3.5687650769000712e-06
5689,-0.5806664493864665,-0.58062409066360932,4.2358722857183118e-05
5690,-0.54687755556991591,-0.54680810302555338,6.9452544362524904e-05
5691,-0.49728558737240836,-0.49720757141721,7.8015955198351694e-05
5692,-0.44343041793635452,-0.44336446723214512,6.5950704209394306e-05
5693,-0.39676951938680688,-0.39673293726114067,3.6582125666206888e-05
5694,-0.36691938757469422,-0.36692153618466949,2.1486099752721088e-06
5695,-0.36018912473546555,-0.36022892849922983,3.9803763764278965e-05
5696,-0.37862945991578467,-0.37869572659038414,6.6266674599468889e-05
5697,-0.41974171412745742,-0.4198162662060676,7.4552078610179429e-05
5698,-0.47689053838505641,-0.476953453238047,6.2914852990592074e-05
5699,-0.54035776042545469,-0.54039267535118207,3.4914925727380641e-05
5700,-0.59887531934895666,-0.59887344966312028,1.8696858363753677e-06
5701,-0.64140257129676326,-0.64136475266249349,3.7818634269770612e-05
5702,-0.65887660642483914,-0.65881287911154562,6.3727313293515664e-05
5703,-0.64566787675342208,-0.64559481343136271,7.30633220593635e-05
5704,-0.60051823218907352,-0.60045481951215429,6.3412676919227806e-05
5705,-0.52681765474270903,-0.52678045653981509,3.7198202893939936e-05
5706,-0.43217572013218702,-0.43217458293580102,1.1371963860029588e-06
5707,-0.32735143099285796,-0.32738688105448605,3.5450061628083951e-05
5708,-0.22470275849052843,-0.2247657834618495,6.3024971321073986e-05
5709,-0.13639033920533983,-0.13646462717147698,7.428796613714872e-05
5710,-0.072607264761338081,-0.072673322484010788,6.6057722672707708e-05
5711,-0.040102882418573738,-0.0401430941171022,4.0211698528462569e-05
5712,-0.041224182754348374,-0.0412274773400629,3.294585714526399e-06
5713,-0.073619496225225109,-0.073584444792984205,3.5051432240904012e-05
5714,-0.1306487358097165,-0.13058417391266366,6.4561897052839434e-05
5715,-0.20243685814055629,-0.20235977794112267,7.7080199433615659e-05
5716,-0.27740940452899088,-0.27734060803742505,6.8796491565825679e-05
5717,-0.34407588442177356,-0.34403436363942003,4.1520782353532404e-05
5718,-0.39278889225947022,-0.3927864130398328,2.4792196374190389e-06
5719,-0.41721045871595436,-0.41724822299791614,3.7764281961782942e-05
5720,-0.41526291002707688,-0.41533113547871181,6.8225451634928991e-05
5721,-0.38941970526552777,-0.3895001974311515,8.0492165623724521e-05
5722,-0.34629242885145262,-0.34636341928695924,7.0990435506623761e-05
5723,-0.29557730070346455,-0.29561937990994935,4.2079206484801901e-05
5724,-0.24852261031228445,-0.24852411122769533,1.5009154108736045e-06
5725,-0.21615142524724812,-0.21611171963122194,3.9705616026175505e-05
5726,-0.20751122332686012,-0.20744099113728978,7.0232189570335057e-05
5727,-0.22821812766167215,-0.22813648772293516,8.1639938736999262e-05
5728,-0.27951865799456399,-0.27944791738683122,7.0740607732766581e-05
5729,-0.35801315914383486,-0.35797265766332492,4.0501480509935739e-05
5730,-0.45608451485338652,-0.45608526549690137,7.5064351484632752e-07
5731,-0.56296840826816885,-0.56301003797898064,4.1629710811785792e-05
5732,-0.66630380166498493,-0.66637465065005508,7.0848985070148807e-05
5733,-0.75392917050118569,-0.75400955784110035,8.0387339914667066e-05
5734,-0.81565256971191147,-0.81572038167353056,6.7811961619090866e-05
5735,-0.84472779258101938,-0.84476464599668022,3.6853415660842437e-05
5736,-0.8388129555550472,-0.83880927799498461,3.6775600625871263e-06
5737,-0.80026696969213129,-0.80022440413135398,4.2565560777307887e-05
5738,-0.73573939038295999,-0.73567002164366979,6.9368739290198711e-05
5739,-0.65511695900794686,-0.65503970996522787,7.7249042718996463e-05
5740,-0.56998799436573666,-0.56992325949462386,6.4734871112803738e-05
5741,-0.49185876772121379,-0.49182306531216946,3.5702409044324757e-05
5742,-0.43039415700477984,-0.43039627799182112,2.1209870412763898e-06
5743,-0.39195152862439592,-0.39199041087756581,3.8882253169891801e-05
5744,-0.37863003641640847,-0.37869507597357438,6.5039557165913475e-05
5745,-0.38797985886285619,-0.38805365705925615,7.3798196399965654e-05
5746,-0.41341521929230668,-0.41347806127455478,6.284198224809634e-05
5747,-0.44526744662087825,-0.44530254809807945,3.5101477201204823e-05
5748,-0.47231712354994482,-0.47231530893967444,1.8146102703786582e-06
5749,-0.48357166327331574,-0.48353374168310947,3.7921590206269062e-05
5750,-0.47001589275547873,-0.46995226173092969,6.3631024549037907e-05
5751,-0.42606795976716111,-0.42599562593868945,7.2333828471660144e-05
5752,-0.35051767381272031,-0.35045546828978613,6.2205522934177804e-05
5753,-0.24680248467869367,-0.24676624976053219,3.6234918161487384e-05
5754,-0.12257818515247279,-0.12257718268666667,1.0024658061158487e-06
5755,0.011351027838264497,0.011316335648622902,3.4692189641595192e-05
5756,0.14258277224398902,0.14252089397277451,6.1878271214510505e-05
5757,0.2589125131285846,0.25883900883260341,7.3504295981186019e-05
5758,0.3501034622414233,0.3500375433102888,6.591893113450098e-05
5759,0.40936346102730681,0.40932303961053546,4.0421416771352359e-05
5760,0.43430428233356544,0.43430078080748935,3.5015260760884459e-06
5761,0.42723776161538668,0.42727270793143962,3.4946316052941739e-05
5762,0.39476535508784422,0.39482968766214965,6.4332574305436818e-05
5763,0.34672443098688288,0.3468008147531817,7.6383766298815381e-05
5764,0.2946524290284267,0.29472014874903413,6.7719720607428702e-05
5765,0.25000405071002263,0.2500446529915526,4.0602281529966699e-05
5766,0.22239272424961185,0.22239493575466421,2.2115050523630053e-06
5767,0.21812414632719612,0.21808689264616476,3.7253681031357289e-05
5768,0.23924527472232221,0.23917800682773663,6.7267894585582022e-05
5769,0.28325328038938152,0.28317359388415386,7.9686505227660742e-05
5770,0.34350828326348137,0.34343760842564547,7.0674837835904558e-05
5771,0.41028727431867834,0.41024508940148069,4.2184917197651828e-05
5772,0.47231712354994104,0.4723153089396705,1.8146102705451916e-06
5773,0.51855183557550644,0.51859116951628947,3.9333940783037313e-05
5774,0.53992282878429132,0.53999260766582968,6.9778881538362647e-05
5775,0.53079453824061651,0.53087550393327454,8.0965692658030441e-05
5776,0.4899024355067802,0.48997232360753701,6.9888100756809735e-05
5777,0.42062986697585808,0.42066961367475075,3.9746698892673127e-05
5778,0.33057961790759666,0.33057852492377687,1.0929838197837327e-06
5779,0.230503689172874,0.23046229271607713,4.1396456796877201e-05
5780,0.13275279309326102,0.13268264442940583,7.0148663855185145e-05
5781,0.04948001489241427,0.049400441921911085,7.9572970503184737e-05
5782,-0.0091294269463750525,-0.0091966747575182705,6.7247811143218011e-05
5783,-0.036334252950628892,-0.03637100391211729,3.6750961488397904e-05
5784,-0.0297956091121458,-0.029792283620054656,3.3254920911440777e-06
5785,0.0081265699382715682,0.008168497228568045,4.1927290296476724e-05
5786,0.070783752382601428,0.070852402299331402,6.864991672997367e-05
5787,0.14829222638568962,0.14836880834758476,7.6581961895139106e-05
5788,0.2290686003925573,0.22913275261064364,6.4152218086338531e-05
5789,0.30161332971988652,0.30164852465690073,3.5194937014204619e-05
5790,0.35626997575626829,0.35626751242892291,2.4633273453811277e-06
5791,0.38669149749536785,0.38665260118801725,3.8896307350599901e-05
5792,0.39079105708500878,0.39072644799992856,6.4609085080213902e-05
5793,0.37103280703950609,0.37095981605561085,7.299098389523806e-05
5794,0.33401883281891509,0.33395682051131198,6.2012307603109829e-05
5795,0.28943581420194248,0.28940108178110929,3.4732420833183397e-05
5796,0.24852261031234105,0.24852411122775256,1.5009154115119827e-06
5797,0.22229291174888247,0.22232998689398295,3.7075145100484708e-05
5798,0.21978481935950631,0.21984748298941131,6.2663629905007623e-05
5799,0.24660502588779776,0.24667668390138608,7.165801358832713e-05
5800,0.30399051093672858,0.30405239101837234,6.1880081643761464e-05
5801,0.38853212036450985,0.38856812514225181,3.6004777741960314e-05
5802,0.49260343135666745,0.49260416610788826,7.3475122081001487e-07
5803,0.60543096297012444,0.60539609302518427,3.4869944940174591e-05
5804,0.7146446058014756,0.71458293377210325,6.1672029372350501e-05
5805,0.80807380225609515,0.80800108302730489,7.2719228790263379e-05
5806,0.87551755313905444,0.87545268790640773,6.486523264670474e-05
5807,0.91022071886798361,0.91018093309028836,3.9785777695255931e-05
5808,0.90983274742153342,0.9098290389550957,3.7084664377129428e-06
5809,0.87670410506130636,0.87673810089828719,3.3995836980826866e-05
5810,0.81747608209062683,0.81753927041595609,6.3188325329255335e-05
5811,0.74202728332080947,0.74210296922354602,7.5685902736544186e-05
5812,0.66193795976292824,0.66200554313228288,6.7583369354640155e-05
5813,0.58870650954111448,0.58874712892127923,4.0619380164752528e-05
5814,0.53199025922928533,0.5319923360037585,2.0767744731697846e-06
5815,0.49813931639116632,0.49810184020571335,3.7476185452967048e-05
5816,0.48924583309863101,0.48917864112552284,6.7191973108171599e-05
5817,0.50285319737560441,0.50277426295225314,7.8934423351273431e-05
5818,0.53236899693281381,0.53229950889495126,6.9488037862552865e-05
5819,0.5681181823421092,0.56807684117646629,4.1341165642916344e-05
5820,0.59887531934894855,0.59887344966311318,1.8696858353761669e-06
5821,0.61364214938008976,0.61368055596543347,3.8406585343708777e-05
5822,0.60339814787705548,0.60346671651169781,6.8568634642329762e-05
5823,0.56255639350523734,0.56263663145454856,8.0237949311223744e-05
5824,0.48990185900617866,0.48997169109106398,6.9832084885312895e-05
5825,0.3888674630869508,0.38890739047438272,3.992738743191504e-05
5826,0.26710484847753424,0.26710378311664978,1.0653608844557461e-06
5827,0.13541444083849116,0.13537290549687089,4.1535341620269062e-05
5828,0.0061952166639052562,0.0061251353340049386,7.0081329900317617e-05
5829,-0.1083513567430945,-0.10843021494207104,7.8858198976544669e-05
5830,-0.19799126175938536,-0.19805731019047187,6.6048431086512815e-05
5831,-0.25593477325625563,-0.25597057652715144,3.5803270895806705e-05
5832,-0.279795717907106,-0.27979228362002889,3.4342870771086886e-06
5833,-0.2718875935334813,-0.27184644802093383,4.1145512547469121e-05
5834,-0.23881312774684466,-0.23874562824820197,6.7499498642681344e-05
5835,-0.19041058542589293,-0.19033476173120578,7.5823694687143783e-05
5836,-0.13821795767342748,-0.13815390681942932,6.4050853998159907e-05
5837,-0.093690147288971279,-0.093654727046607794,3.5420242363484733e-05
5838,-0.066440426590439403,-0.066442705962774309,2.2793723349068262e-06
5839,-0.062773953860805518,-0.06281279562886577,3.884176806025208e-05
5840,-0.084736753859383077,-0.084801181175321136,6.4427315938059282e-05
5841,-0.12982467364446015,-0.1298969840309033,7.2310386443147356e-05
5842,-0.19139613482766923,-0.19145705902042304,6.0924192753802897e-05
5843,-0.25972608643655121,-0.25975989439418357,3.3807957632359109e-05
5844,-0.32353904145501422,-0.32353729158995315,1.7498650610736632e-06
5845,-0.37178629509278671,-0.371749765092381,3.6530000405710084e-05
5846,-0.39539617986077563,-0.39533449345474081,6.1686406034822117e-05
5847,-0.38872965954705307,-0.38865878364470585,7.0875902347222741e-05
5848,-0.35051835152971195,-0.35045673337858113,6.161815113081559e-05
5849,-0.28414142984511231,-0.28410528350943071,3.6146335681608299e-05
5850,-0.19719725187970816,-0.19719621694119349,1.0349385146657397e-06
5851,-0.10043308780673244,-0.10046764248215151,3.4554675419073977e-05
5852,-0.0061945817380789853,-0.0062558600648499104,6.1278326770925103e-05
5853,0.073370607935715385,0.073298545047730021,7.2062887985363533e-05
5854,0.12808305979345896,0.12801907124097214,6.3988552486821115e-05
5855,0.1512075665644976,0.15116855958556588,3.9006978931721559e-05
5856,0.14041152829116751,0.14040815466126777,3.3736298997444347e-06
5857,0.09806137017194648,0.098095097303324719,3.3727131378238906e-05
5858,0.030812394496124763,0.03087485498067799,6.2460484553227696e-05
5859,-0.051444604398819066,-0.051369711907234966,7.489249158409983e-05
5860,-0.13711881536448753,-0.13705173413184563,6.7081232641902355e-05
5861,-0.21470305722147534,-0.21466248980614414,4.0567415331205225e-05
5862,-0.27453315673041895,-0.27453072897328257,2.4277571363806594e-06
5863,-0.31025418111708275,-0.31029107116518084,3.6890048098092709e-05
5864,-0.3197711939337497,-0.31983772954730222,6.65356135525208e-05
5865,-0.30554000090341071,-0.30561828870241675,7.8287799006038217e-05
5866,-0.27415405536929421,-0.27422293281671278,6.8877447418569382e-05
5867,-0.23529125831374306,-0.23533205736130836,4.0799047565293067e-05
5868,-0.20018168107190873,-0.20018320302431425,1.5219524055198885e-06
5869,-0.17983015737478381,-0.17979176317816412,3.8394196619689902e-05
5870,-0.18326580888017374,-0.18319769630204324,6.8112578130496981e-05
5871,-0.21608617849635495,-0.21600672958760203,7.9448908752915992e-05
5872,-0.27951887819821636,-0.27944981516014472,6.9063038071637273e-05
5873,-0.37014531786501254,-0.37010570322382219,3.9614641190344191e-05
5874,-0.48032971934761959,-0.4803304594401111,7.4009249151352208e-07
5875,-0.59928926916722924,-0.59932999674271192,4.072757548267969e-05
5876,-0.7146444943271838,-0.71471366374593015,6.9169418746350964e-05
5877,-0.81421538997492415,-0.81429359526920053,7.8205294276378901e-05
5878,-0.88779137143279951,-0.88785707258667002,6.5701153870501017e-05
5879,-0.92860772739059227,-0.92864326497747363,3.5537586881351224e-05
5880,-0.93430449992353792,-0.93430078080748924,3.7191160486838015e-06
5881,-0.90722286280696307,-0.90718154903206527,4.131377489779986e-05
5882,-0.85399487578147837,-0.85392759682775321,6.7278953725158352e-05
5883,-0.7844899210348133,-0.78441486663259363,7.5054402219665306e-05
5884,-0.71027897593598521,-0.71021592898879216,6.3046947193057257e-05
5885,-0.6428512600675893,-0.64281642343498868,3.4836632600621087e-05
5886,-0.59185516330308074,-0.59185721402555902,2.050722478275091e-06
5887,-0.56363205427363816,-0.56366996452730833,3.7910253670170313e-05
5888,-0.56026549760132249,-0.56032882083689106,6.332323556856867e-05
5889,-0.57929039296447149,-0.57936203019610322,7.1637231631727083e-05
5890,-0.61410587873535527,-0.61416665935840509,6.0780623049816462e-05
5891,-0.65502862733826828,-0.65506242586903807,3.379853076979078e-05
5892,-0.69082523086464809,-0.69082332116407363,1.909700574453943e-06
5893,-0.71048972827723944,-0.71045296408034053,3.676419689890853e-05
5894,-0.70499412522449667,-0.70493251089426412,6.161433023255114e-05
5895,-0.66874421537155238,-0.6686740772845774,7.0138086974980141e-05
5896,-0.60051781333687915,-0.60045735013786405,6.0463199015092783e-05
5897,-0.50374091752572503,-0.50370557637284241,3.5341152882617521e-05
5898,-0.3860586006858866,-0.38605748355873681,1.1171271497856239e-06
5899,-0.25826504812183076,-0.25829867271824652,3.3624596415759989e-05
5900,-0.13275329697327468,-0.132813384890411,6.0087917136325553e-05
5901,-0.021719135458688893,-0.021790496040907412,7.1360582218519403e-05
5902,0.064608890147463655,0.064544944901761339,6.3945245702315412e-05
5903,0.11944623475558405,0.11940705665694307,3.9178098640985093e-05
5904,0.14041152829116033,0.14040815466126016,3.3736299001607684e-06
5905,0.12982270198084131,0.12985660047990652,3.3898499065210252e-05
5906,0.094286564142089094,0.094348982178881297,6.2418036792202813e-05
5907,0.043645138995536563,0.043719330669227292,7.4191673690729432e-05
5908,-0.010560100129360202,-0.0104942075883033,6.5892541056902093e-05
5909,-0.05687109690646272,-0.056831458330238525,3.9638576224194921e-05
5910,-0.085671807924338067,-0.085669462355837084,2.3455685009832195e-06
5911,-0.090654693436570968,-0.090690780037728,3.608660115703155e-05
5912,-0.069771732126678948,-0.069837116224225504,6.5384097546555831e-05
5913,-0.025525445078995204,-0.025602999526271274,7.7554447276070859e-05
5914,0.035443889994360447,0.035375080327597667,6.8809666762779942e-05
5915,0.10341217487066268,0.10337113889881606,4.1035971846611896e-05
5916,0.16710450833769577,0.16710282654977551,1.6817879202601915e-06
5917,0.21547238352691597,0.21551077152042941,3.8387993513439023e-05
5918,0.23944393502749989,0.23951191004916295,6.7975021663058133e-05
5919,0.23337954082364137,0.23345832401704694,7.8783193405568275e-05
5920,0.1960098655436984,0.19607783137369583,6.7965829997435057e-05
5921,0.13071278254778218,0.13075146989029457,3.8687342512389034e-05
5922,0.045085017364969143,0.04508404862262079,9.687423483534241e-07
5923,-0.050128156388675453,-0.050168305066093717,4.0148677418264112e-05
5924,-0.1425834760646974,-0.14265165016708026,6.8174102382856372e-05
5925,-0.22013605436607508,-0.22021350078326563,7.7446417190540906e-05
5926,-0.27260962339823019,-0.27267511345671525,6.5490058485051517e-05
5927,-0.29327245811716079,-0.29330816967008388,3.5711552923090029e-05
5928,-0.27979571790713803,-0.27979228362006175,3.4342870762760214e-06
5929,-0.23454990867263839,-0.23450885438205804,4.105429058035015e-05
5930,-0.1641947661080565,-0.16412782326379508,6.694284426142505e-05
5931,-0.078625887802959496,-0.078551472914011475,7.4414888948021174e-05
5932,0.010560735055140835,0.010622882118066418,6.2147062925583391e-05
5933,0.091852449938176886,0.091886485996380468,3.403605820358202e-05
5934,0.15557940452212515,0.15557702853125435,2.3759908708009814e-06
5935,0.19538072667838094,0.19534312148317631,3.7605195204626352e-05
5936,0.20915523960313193,0.20909267166917112,6.2567933960810951e-05
5937,0.19935217903718414,0.19928131447846481,7.0864558719324622e-05
5938,0.17255807802194234,0.172497738851011,6.0339170931344999e-05
5939,0.1384436794166799,0.13840988459475301,3.3794821926891316e-05
5940,0.10823176955628971,0.10823333152343378,1.5619671440703087e-06
5941,0.09291971237869831,0.092955943633468638,3.6231254770327515e-05
5942,0.10152892707769766,0.10158994714031579,6.1020062618127868e-05
5943,0.13964898290754604,0.13971849371424236,6.9510806696315708e-05
5944,0.20849921369557706,0.20855903771711881,5.982402154175448e-05
5945,0.3046525799825871,0.30468734516624546,3.4765183658358456e-05
5946,0.42046481527386625,0.42046558141835344,7.6614448718537176e-07
5947,0.54514451864079183,0.54511093534496968,3.3583295822148251e-05
5948,0.66630347815416002,0.66624387347307623,5.9604681083791355e-05
5949,0.77175275226094764,0.7716821627691498,7.0589491797834469e-05
5950,0.85127257774196763,0.85120934057705344,6.3237164914187183e-05
5951,0.89808896964494545,0.89805004859539983,3.8921049545614927e-05
5952,0.90983274742153197,0.90982903895509337,3.7084664386011212e-06
5953,0.88883585428433998,0.88886898613730592,3.3131852965939679e-05
5954,0.84172105748770532,0.84178262032306561,6.1562835360295942e-05
5955,0.77834833331594455,0.77842189394650729,7.3560630562741203e-05
5956,0.71027908741022516,0.71034460858682402,6.5521176598859476e-05
5957,0.64899295387042399,0.64903229032215848,3.9336451734484079e-05
5958,0.60412887531206039,0.60413092069326879,2.0453812084042511e-06
5959,0.58201885677306187,0.58198261497272563,3.6241800336234142e-05
5960,0.5847371303397576,0.58467198411565957,6.5146224098033834e-05
5961,0.60980924035583572,0.6097324397448608,7.6800610974925299e-05
5962,0.65062488921460737,0.65055703185513869,6.7857359468681544e-05
5963,0.69749138171228475,0.69745087625141355,4.0505460871198551e-05
5964,0.73916616010499592,0.73916422936742565,1.9307375702659613e-06
5965,0.76463428416535029,0.7646717628256523,3.7478660302014966e-05
5966,0.76485890267402545,0.7649258162165451,6.69135425196421e-05
5967,0.73423702150755321,0.73431515535606695,7.8133848513739501e-05
5968,0.67153767648804252,0.67160548804422449,6.7811556181962551e-05
5969,0.58017823390391687,0.58021688282973283,3.8648925815953916e-05
5970,0.46779541971164867,0.46779426701429117,1.1526973575093358e-06
5971,0.34517532062016576,0.34513493001847217,4.0390601693585104e-05
5972,0.22470308200128358,0.22463498004830951,6.8101952974075619e-05
5973,0.11856675744551744,0.11849003506496381,7.6722380553631564e-05
5974,0.03698725673124053,0.036922887016423787,6.4369714816742141e-05
5975,-0.013258294645369059,-0.013293242032211251,3.494738684219241e-05
5976,-0.029795609112126184,-0.029792283620036296,3.3254920898881379e-06
5977,-0.014949388366950254,-0.01490926365888768,4.0124708062574607e-05
5978,0.024667068705020015,0.02473284396324802,6.5775258228005506e-05
5979,0.07920548383261361,0.079279221159049701,7.3737326436090767e-05
5980,0.13711831148455145,0.13718042386741466,6.2112382863216409e-05
5981,0.18694169827259738,0.18697589231659126,3.4194043993879264e-05
5982,0.21905417395220181,0.21905177033839704,2.4036138047689448e-06
5983,0.22714313056727534,0.22710532508608261,3.780548119272642e-05
5984,0.20915581610369319,0.20909326981184018,6.2546291853010638e-05
5985,0.1675903237724998,0.16752014676920421,7.0177003295590623e-05
5986,0.10908275892909827,0.10902359477129052,5.9164157807753415e-05
5987,0.043353365612010766,0.043320477555021025,3.2888056989741066e-05
5988,-0.018326426242798361,-0.018324809200089283,1.6170427090782258e-06
5989,-0.064911195644797165,-0.064875787054509734,3.5408590287430708e-05
5990,-0.08733178659167426,-0.087271916375089784,5.987021658447611e-05
5991,-0.079950934078687322,-0.079882132186526442,6.8801892160880174e-05
5992,-0.041501344680712614,-0.04144155876654726,5.9785914165354226e-05
5993,0.024637409918661771,0.024672419687041848,3.5009768380077355e-05
5994,0.11086728029425573,0.11086818116932323,9.0087506750269331e-07
5995,0.20644205980977151,0.2064084368383573,3.3622971414210001e-05
5996,0.2990179474197282,0.29895843955531942,5.9507864408780975e-05
5997,0.37644989992708239,0.37637996215154851,6.9937775533879254e-05
5998,0.42856185073923303,0.42849971742839355,6.2133310839485034e-05
5999,0.44862262619905968,0.44858463205821264,3.7994140847041891e-05
6000,0.43430428233358681,0.43430078080750939,3.5015260774207135e-06
6001,0.38797859644368182,0.38801111672470012,3.2520281018300068e-05
6002,0.31630696659009561,0.31636751784268385,6.0551252588247895e-05
6003,0.22918704418846494,0.22925986887967609,7.2824691211142989e-05
6004,0.13821725385278638,0.13828261176375442,6.5357910968039112e-05
6005,0.054913018738629846,0.054952558006407706,3.9539267777860543e-05
6006,-0.011052741196995975,-0.011050428101201243,2.313095794731837e-06
6007,-0.053315748270042686,-0.053351785487562114,3.6037217519428733e-05
6008,-0.069771054409583783,-0.069835919889773501,6.4865480189718605e-05
6009,-0.062863745299013604,-0.062939922204100496,7.6176905086891566e-05
6010,-0.039175822900271766,-0.039242758423157914,6.693552288614818e-05
6011,-0.0083731933098147738,-0.0084128788770096823,3.9685567194908469e-05
6012,0.018326426242800762,0.018324809200089921,1.6170427108407048e-06
6013,0.029931023342615291,0.029968159994947327,3.7136652332035724e-05
6014,0.017424850562887815,0.017490981710374477,6.6131147486662295e-05
6015,-0.024775644394721682,-0.024698262667903204,7.7381726818478297e-05
6016,-0.097883417013279225,-0.097815987788697198,6.7429224582027381e-05
6017,-0.19846479221574156,-0.1984261011932946,3.8691022446968315e-05
6018,-0.31886871304928605,-0.31886952340633823,8.1035705218335252e-07
6019,-0.44829677682081764,-0.44833668849001446,3.991166919681266e-05
6020,-0.5743535127568985,-0.57442108191928165,6.7569162383152026e-05
6021,-0.68484242794802141,-0.68491854132106678,7.6113373045361143e-05
6022,-0.76953588603424739,-0.76959958765001923,6.3701615771849518e-05
6023,-0.82165183427573041,-0.82168617292591417,3.4338650183762809e-05
6024,-0.83881295555502278,-0.83880927799496163,3.6775600611438364e-06
6025,-0.82334292799737174,-0.82330287571245364,4.0052284918101755e-05
6026,-0.78185607406057889,-0.78179081050693966,6.5263553639227645e-05
6027,-0.72420370156107039,-0.72413071754749281,7.2984013577581663e-05
6028,-0.66193828327378856,-0.66187681790495734,6.1465368831226108e-05
6029,-0.6065303991685369,-0.60649640735299093,3.3991815545975079e-05
6030,-0.56760995880885901,-0.56761202008235934,2.06127350033114e-06
6031,-0.55149989555247425,-0.55153697777495059,3.7082222476336746e-05
6032,-0.56026527739768262,-0.5603270262125597,6.1748814877082836e-05
6033,-0.59142234212979961,-0.59149190892757486,6.9566797775255651e-05
6034,-0.63835129318204675,-0.63841005992334576,5.876674129901005e-05
6035,-0.69134989521073142,-0.6913824441101809,3.2548899449480473e-05
6036,-0.73916616010501612,-0.73916422936744741,1.930737568711649e-06
6037,-0.77077577066694702,-0.77074022335077585,3.5547316171169463e-05
6038,-0.77713249870663714,-0.77707288647292039,5.9612233716754837e-05
6039,-0.75262391973365184,-0.75255585647651657,6.8063257135264621e-05
6040,-0.69600952943019279,-0.69595064259651307,5.8886833679716588e-05
6041,-0.61069719512459142,-0.61066266194689567,3.4533177695750261e-05
6042,-0.50431433621494415,-0.50431316762529199,1.1685896521562711e-06
6043,-0.3876378753221475,-0.38767061430059485,3.2738978447355294e-05
6044,-0.27304388613780811,-0.27310237743159299,5.8491293784879161e-05
6045,-0.17271138920046447,-0.17278070055389064,6.9311353426165789e-05
6046,-0.096852240158417813,-0.09691420520885298,6.1965050435167091e-05
6047,-0.05223463164162178,-0.052272556169499822,3.792452787804157e-05
6048,-0.041224182754375865,-0.041227477340091516,3.2945857156504998e-06
6049,-0.061487747002229372,-0.061454981001992481,3.2766000236890414e-05
6050,-0.10640376041268181,-0.10634328516501138,6.047524767043011e-05
6051,-0.16611580814546545,-0.166043694126847,7.2114018618452125e-05
6052,-0.22906827688173226,-0.22900400202198085,6.4274859751412006e-05
6053,-0.28378944009249307,-0.28375062170006382,3.881839242925178e-05
6054,-0.32065027617671288,-0.32064782835034006,2.4478263728200389e-06
6055,-0.33333091833406558,-0.33336602976140228,3.5111427336698142e-05
6056,-0.31977161278594957,-0.31983533648585499,6.3723699905426923e-05
6057,-0.2824636622852929,-0.28253918568181363,7.5523396520726926e-05
6058,-0.22803653656965495,-0.22810344204003818,6.6905470383238352e-05
6059,-0.16620410133328845,-0.16624392834694568,3.9827013657234289e-05
6060,-0.10823176955623907,-0.10823333152338471,1.5619671456384987e-06
6061,-0.065159290461989303,-0.065121928269589791,3.7362192399512106e-05
6062,-0.046050468529887131,-0.045984342291541927,6.6126238345204369e-05
6063,-0.056537499659343175,-0.056460792841301122,7.6706818042053537e-05
6064,-0.097882840512669753,-0.09781656958109862,6.6270931571132952e-05
6065,-0.16670238832681819,-0.16666457883007157,3.7809496746615823e-05
6066,-0.25539394361920015,-0.2553947815991886,8.3797998845502875e-07
6067,-0.35320752848640474,-0.35324660092211169,3.9072435706943853e-05
6068,-0.44779593632750658,-0.44786236020715414,6.6423879647559136e-05
6069,-0.52701105631247358,-0.52708648473588382,7.5428423410239809e-05
6070,-0.58067405122119764,-0.58073774044537141,6.3689224173768544e-05
6071,-0.60205131397006728,-0.60208590093794101,3.4586967873728724e-05
6072,-0.58881284676003232,-0.58880927799495653,3.5687650757898481e-06
6073,-0.54332876452559864,-0.54328862934855904,4.0135177039601899e-05
6074,-0.4722591939311247,-0.47219399004308715,6.5203888037546065e-05
6075,-0.38550088974949281,-0.38542854426622808,7.2345483264735222e-05
6076,-0.2946517252078204,-0.29459136771566113,6.0357492159268666e-05
6077,-0.21122692215970373,-0.21119385356180498,3.3068597898755492e-05
6078,-0.1448995564621792,-0.14490180169069047,2.2452285112772863e-06
6079,-0.10203444419632625,-0.10207088353185576,3.6439335529506178e-05
6080,-0.084737466453308929,-0.084798189480327343,6.0723027018413922e-05
6081,-0.090564861445839639,-0.090633714959903799,6.885351406415996e-05
6082,-0.11293632553545666,-0.1129949736754358,5.8648139979147751e-05
6083,-0.14218799457222084,-0.14222077147954187,3.2776907321035997e-05
6084,-0.16710450833763696,-0.16710282654971731,1.6817879196495689e-06
6085,-0.1766965638252537,-0.17666116733486398,3.5396490389721924e-05
6086,-0.16195149948633786,-0.16189211506534396,5.9384420993902065e-05
6087,-0.11728923429879708,-0.11722177990247436,6.7454396322719212e-05
6088,-0.041500666963765614,-0.041442722397422339,5.7944566343275106e-05
6089,0.061976355084997915,0.06201005170277573,3.3696617777814741e-05
6090,0.18548634702138198,0.18548721542373972,8.6840235774543473e-07
6091,0.31822617545464765,0.31819381572500727,3.2359729640385471e-05
6092,0.44779530140168078,0.44773761892773262,5.7682473948161839e-05
6093,0.56199180511985525,0.56192322549578011,6.8579624075137957e-05
6094,0.6505822531871307,0.65052061314230625,6.1640044824451401e-05
6095,0.70677852066183777,0.70674051088742429,3.8009774413483299e-05
6096,0.72819703637598787,0.72819340695373502,3.6294222528487907e-06
6097,0.7171549878871516,0.71718732952321818,3.2341636066579582e-05
6098,0.68025992718186135,0.68031993025580573,6.0003073944381313e-05
6099,0.62735607957421669,0.62742760182855251,7.1522254335820712e-05
6100,0.56998849824574183,0.57005207606230524,6.3577816563409328e-05
6101,0.51962012667015167,0.51965830492135578,3.817825120411289e-05
6102,0.48587313978303559,0.48587523662674437,2.0968437087764968e-06
6103,0.47506257917421318,0.47502757323431538,3.5005939897803096e-05
6104,0.48924541424644513,0.48918223169973779,6.3182546707341025e-05
6105,0.52592953599372239,0.52585474826070944,7.4787733012948721e-05
6106,0.57848651573244325,0.57842019635182595,6.6319380617296808e-05
6107,0.63720533932255019,0.63716566085426929,3.9678468280901491e-05
6108,0.69082523086460534,0.69082332116403089,1.909700574453943e-06
6109,0.72831301629287615,0.72834970069062699,3.6684397750841313e-05
6110,0.74061348822734052,0.74067887550503297,6.538727769245245e-05
6111,0.72210507234225352,0.72218118879347748,7.6116451223962045e-05
6112,0.67153789669173258,0.671603742483452,6.5845791719421065e-05
6113,0.59231039262515217,0.59234782564374444,3.7433018592269995e-05
6114,0.49204062420595596,0.49203946095757395,1.1632483820078754e-06
6115,0.38149618151931003,0.38145699006295863,3.9191456351395093e-05
6116,0.27304377466356805,0.27297763140046855,6.6143263099505134e-05
6117,0.17885297691933433,0.17877827212519137,7.4704794142954611e-05
6118,0.10912605845219037,0.10906321365003799,6.2844802152378643e-05
6119,0.070621640164243396,0.070587475301220476,3.4164863022920211e-05
6120,0.065695935256378318,0.065699219192483851,3.2839361055331251e-06
6121,0.092006504747871531,0.092045784351425491,3.9279603553959985e-05
6122,0.14292255410350876,0.14298678849212884,6.423438862007691e-05
6123,0.2085784458594391,0.20865018696757817,7.1741108139067311e-05
6124,0.27740929305475659,0.27746946523582416,6.0172181067574826e-05
6125,0.33793419061893554,0.33796715646975084,3.2965850815303011e-05
6126,0.3805151802504782,0.38051270637210943,2.4738783687694443e-06
6127,0.39882365621650995,0.39878697124687312,3.6684969636824327e-05
6128,0.3907912772886159,0.39073063774826311,6.063954035279151e-05
6129,0.35890085787413656,0.35883270201347778,6.8155860658780654e-05
6130,0.30977341837217348,0.30971581340510179,5.7604967071689384e-05
6131,0.25311454632942348,0.25308244492356102,3.2101405862461352e-05
6132,0.20018168107191489,0.20018320302432169,1.521952406796645e-06
6133,0.16200686935911623,0.16204134720009569,3.4477840979457719e-05
6134,0.14764644587730907,0.14770471727833623,5.8271401027154557e-05
6135,0.16272532152564539,0.1627921457815375,6.6824255892106166e-05
6136,0.20849879484336759,0.20855671008847576,5.7915245108175473e-05
6137,0.28157584276560166,0.28160966106290719,3.3818297305532319e-05
6138,0.37434769582757371,0.37434848204129528,7.8621372157083869e-07
6139,0.4760581357697769,0.47602552899015521,3.2606779621691118e-05
6140,0.57435401663691676,0.57429632638384365,5.7690253073117148e-05
6141,0.65708154851430089,0.65701363169477744,6.79168195234503e-05
6142,0.71405642283316084,0.7139959212916368,6.0501541524038416e-05
6143,0.73853985247077258,0.73850269589774675,3.7156573025831641e-05
6144,0.72819703637600031,0.72819340695374857,3.6294222517385677e-06
6145,0.68539365607820768,0.6854251447380465,3.1488659838818656e-05
6146,0.61678575753592835,0.61684462288635666,5.8865350428316532e-05
6147,0.5322663361798331,0.53233719698033632,7.0860800503225185e-05
6148,0.44342978301052877,0.44349337016595169,6.3587155422928365e-05
6149,0.36178816635517203,0.36182659278190454,3.8426426732518504e-05
6150,0.29701179097695141,0.29701397000929519,2.1790323437853587e-06
6151,0.25546309149369623,0.25542796229844866,3.5129195247562972e-05
6152,0.23924595243940927,0.23918279609457657,6.315634483269883e-05
6153,0.24591498016935445,0.24584081852460496,7.416164474949305e-05
6154,0.26888857036886538,0.26882336010899266,6.5210259872716669e-05
6155,0.29850190613818578,0.29846314384300643,3.8762295179350925e-05
6156,0.32353904145505918,0.32353729158999983,1.7498650593528176e-06
6157,0.33301047539122386,0.3330464872141003,3.6011822876436117e-05
6158,0.31790374431972152,0.31796809388340397,6.4349563682453148e-05
6159,0.27263935302227482,0.2727147785737617,7.5425551486874021e-05
6160,0.19600915294975568,0.19607492149365358,6.5768543897892773e-05
6161,0.091452292212421196,0.091489974692132811,3.7682479711614869e-05
6162,-0.033374112506660752,-0.033375047105186219,9.3459852546634581e-07
6163,-0.16766493125937187,-0.167704024245903,3.909298653112514e-05
6164,-0.29901724359887272,-0.29908320934950494,6.5965750632224207e-05
6165,-0.41522635868955465,-0.4153004685638178,7.4109874263150743e-05
6166,-0.50605568958246661,-0.50611757346358011,6.1883881113500294e-05
6167,-0.56471362910918921,-0.56474694357665089,3.3314467461686981e-05
6168,-0.58881284676004264,-0.58880927799496419,3.5687650784543834e-06
6169,-0.58066644938645007,-0.58062758625958077,3.8863126869292941e-05
6170,-0.54687755556994544,-0.54681415546506362,6.3400104881816688e-05
6171,-0.49728558737240985,-0.49721455773660117,7.1029635808683711e-05
6172,-0.44343041793632326,-0.44337051545365608,5.9902482667184564e-05
6173,-0.39676951938684224,-0.39673642798659081,3.3091400251428205e-05
6174,-0.36691938757470949,-0.36692153618468598,2.1486099764933542e-06
6175,-0.36018912473549392,-0.36022544020604513,3.6315470551218088e-05
6176,-0.37862945991579927,-0.37868968679440934,6.0226878610070145e-05
6177,-0.41974171412750344,-0.41980929448011506,6.75803526116181e-05
6178,-0.47689053838515294,-0.47694741764959225,5.6879264439313459e-05
6179,-0.54035776042546924,-0.5403891919164342,3.1431490964961561e-05
6180,-0.59887531934901028,-0.59887344966317246,1.8696858378186576e-06
6181,-0.64140257129682654,-0.64136823367115536,3.433762567117693e-05
6182,-0.65887660642486157,-0.65881890629553153,5.7700129330040539e-05
6183,-0.64566787675342296,-0.64560177060025847,6.610615316449131e-05
6184,-0.60051823218900857,-0.60046084249903942,5.7389689969156166e-05
6185,-0.52681765474272124,-0.52678393270204915,3.3722040672090614e-05
6186,-0.43217572013212319,-0.43217458293573902,1.1371963841710908e-06
6187,-0.32735143099271408,-0.32738340731230153,3.1976319587456725e-05
6188,-0.22470275849052637,-0.22475976885857241,5.7010368046034321e-05
6189,-0.13639033920528529,-0.13645768452352519,6.7345318239903085e-05
6190,-0.072607264761273382,-0.072667312067426465,6.0047306153082625e-05
6191,-0.040102882418581245,-0.04013962520931897,3.6742790737724629e-05
6192,-0.041224182754373256,-0.041227477340085777,3.2945857125210587e-06
6193,-0.073619496225305225,-0.073587911286632113,3.1584938673112628e-05
6194,-0.13064873580973443,-0.13059017596632025,5.8559843414185409e-05
6195,-0.20243685814062215,-0.20236670610401439,7.0152036607762369e-05
6196,-0.27740940452909696,-0.27734660591476518,6.2798614331782687e-05
6197,-0.34407588442176978,-0.3440378253106684,3.8059111101385046e-05
6198,-0.39278889225947983,-0.39278641303984407,2.4792196357537044e-06
6199,-0.41721045871594298,-0.41724476373490782,3.4305018964841949e-05
6200,-0.41526291002704291,-0.41532514594370507,6.2235916662156665e-05
6201,-0.38941970526546715,-0.38949328371758929,7.3578452122136095e-05
6202,-0.34629242885135331,-0.34635743391794688,6.5005066593570859e-05
6203,-0.29557730070343979,-0.29561592545740201,3.8624753962213099e-05
6204,-0.24852261031224207,-0.24852411122765117,1.5009154090972476e-06
6205,-0.21615142524721553,-0.21611517168139666,3.6253565818877842e-05
6206,-0.20751122332686511,-0.20744696818445862,6.4255142406488552e-05
6207,-0.22821812766170468,-0.22814338702271245,7.4740638992237818e-05
6208,-0.27951865799465803,-0.27945389027826611,6.4767716391911367e-05
6209,-0.35801315914382964,-0.35797610491489851,3.7054228931132638e-05
6210,-0.45608451485343871,-0.45608526549695549,7.5064351678921781e-07
6211,-0.56296840826828198,-0.56300659312389889,3.8184855616907321e-05
6212,-0.66630380166494008,-0.66636868606004451,6.4884395104436443e-05
6213,-0.75392917050118824,-0.75400267291972423,7.3502418535986713e-05
6214,-0.81565256971192923,-0.8157144212290689,6.1851517139666079e-05
6215,-0.84472779258098807,-0.84476120592844417,3.3413347456101583e-05
6216,-0.83881295555502344,-0.83880927799495864,3.6775600648075724e-06
6217,-0.800266969692078,-0.80022784180902207,3.9127883055933843e-05
6218,-0.73573939038300606,-0.73567597380709027,6.3416575915797857e-05
6219,-0.65511695900795663,-0.65504658054346254,7.0378464494091908e-05
6220,-0.56998799436570147,-0.5699292075226261,5.8786843075364636e-05
6221,-0.49185876772128972,-0.49182649821468283,3.2269506606896758e-05
6222,-0.43039415700480438,-0.43039627799184721,2.1209870428307021e-06
6223,-0.39195152862439059,-0.39198698035978041,3.5451735389824268e-05
6224,-0.37863003641640264,-0.37868913620638139,5.9099789978755979e-05
6225,-0.38797985886282649,-0.3880468007891183,6.6941926291808063e-05
6226,-0.41341521929227576,-0.41347212563267255,5.6906340396789545e-05
6227,-0.4452674466207891,-0.44529912234376401,3.1675722974910947e-05
6228,-0.47231712354987121,-0.47231530893959817,1.8146102730431934e-06
6229,-0.48357166327324819,-0.48353716505841049,3.4498214837697105e-05
6230,-0.47001589275544858,-0.46995818913204201,5.7703623406568649e-05
6231,-0.42606795976713863,-0.42600246793551888,6.5491831619746144e-05
6232,-0.35051767381266857,-0.35046139157564132,5.6282237027249771e-05
6233,-0.24680248467881438,-0.24676966838398434,3.2816294830040338e-05
6234,-0.12257818515254032,-0.12257718268673624,1.0024658040758139e-06
6235,0.011351027838273835,0.011319751898853186,3.1275939420649657e-05
6236,0.14258277224381907,0.1425268090378935,5.5963205925574355e-05
6237,0.25891251312851243,0.25884583659081273,6.6676537699705829e-05
6238,0.35010346224142591,0.35004345427011302,6.0007971312892039e-05
6239,0.40936346102725873,0.40932645112040306,3.7009906855678398e-05
6240,0.43430428233357737,0.43430078080750334,3.5015260740345333e-06
6241,0.42723776161541072,0.42726929878893738,3.1537173526663409e-05
6242,0.39476535508792909,0.3948237849030497,5.842981512060863e-05
6243,0.34672443098694483,0.3467940011990211,6.9570212076264237e-05
6244,0.29465242902844752,0.29471425008532526,6.1821056877742198e-05
6245,0.25000405071008508,0.25004124857799981,3.7197867914728899e-05
6246,0.22239272424962286,0.2223949357546729,2.211505050031537e-06
6247,0.21812414632718419,0.21809029469811383,3.3851629070352773e-05
6248,0.23924527472225554,0.2391838973105643,6.1377411691238004e-05
6249,0.28325328038931813,0.28318039326859146,7.2887120726672361e-05
6250,0.34350828326345323,0.34344349482293879,6.4788440514440548e-05
6251,0.41028727431856143,0.41024848673584147,3.8787582719967961e-05
6252,0.47231712354988142,0.47231530893961332,1.814610268102701e-06
6253,0.518551835575491,0.51858777453774696,3.5938962255954721e-05
6254,0.539922828784272,0.53998672942961679,6.3900645344783236e-05
6255,0.53079453824062883,0.53086871868434293,7.4180443714100264e-05
6256,0.4899024355067777,0.48996644944704065,6.4013940262952485e-05
6257,0.42062986697596766,0.42066622340247534,3.6356426507677675e-05
6258,0.33057961790766183,0.33057852492383971,1.0929838221152011e-06
6259,0.23050368917287398,0.23046568063821168,3.8008534662292703e-05
6260,0.13275279309339003,0.13268851044846183,6.4282644928193022e-05
6261,0.049480014892472321,0.049407213069348706,7.2801823123615217e-05
6262,-0.009129426946357504,-0.0091908128043603002,6.1385858002796154e-05
6263,-0.03633425295058635,-0.036367620684889045,3.3367734302694463e-05
6264,-0.029795609112121941,-0.029792283620028774,3.3254920931667653e-06
6265,0.0081265699383211206,0.0081651163460155964,3.8546407694475815e-05
6266,0.070783752382558823,0.07084654846824226,6.279608568343642e-05
6267,0.1482922263856904,0.14836205126794921,6.9824882258817667e-05
6268,0.22906860039260707,0.22912690283568513,5.8302443078056543e-05
6269,0.30161332971983468,0.30164514845795365,3.1818738118971623e-05
6270,0.35626997575625613,0.35626751242890858,2.4633273475460626e-06
6271,0.38669149749536302,0.38665597504792126,3.5522447441760363e-05
6272,0.39079105708499257,0.39073228967227325,5.876741271931829e-05
6273,0.37103280703947783,0.37096655910112447,6.6247938353358737e-05
6274,0.33401883281885131,0.33396265813719206,5.6174681659248993e-05
6275,0.2894358142019316,0.28940445096854911,3.1363233382486477e-05
6276,0.24852261031229356,0.24852411122770707,1.5009154135103842e-06
6277,0.22229291174881885,0.22232662003988665,3.3708291067802154e-05
6278,0.21978481935944105,0.21984165344669693,5.6834087255874799e-05
6279,0.24660502588773675,0.24666995485639753,6.4928968660782349e-05
6280,0.30399051093671464,0.30404656551246384,5.6054575749198143e-05
6281,0.38853212036438051,0.38856476294945264,3.2642585072129027e-05
6282,0.49260343135660406,0.49260416610782293,7.3475121886712458e-07
6283,0.60543096297014043,0.60539945288997143,3.1510080168994925e-05
6284,0.7146446058013477,0.71458875121386412,5.5854587483583629e-05
6285,0.80807380225604353,0.80800779810487544,6.6004151168086445e-05
6286,0.87551755313904567,0.8754585013209617,5.905181808396609e-05
6287,0.91022071886793643,0.91018428830486897,3.6430563067457733e-05
6288,0.90983274742150833,0.90982903895507272,3.7084664356035191e-06
6289,0.87670410506125873,0.87673474800601958,3.0642944760850277e-05
6290,0.81747608209066858,0.81753346504624569,5.7382955577112149e-05
6291,0.7420272833208128,0.74209626808009055,6.8984759277745944e-05
6292,0.66193795976288416,0.66199974178026533,6.1782017381162291e-05
6293,0.58870650954117387,0.58874378066825506,3.7271127081184297e-05
6294,0.5319902592293021,0.53199233600377327,2.0767744711713831e-06
6295,0.49813931639117021,0.49810518614190175,3.4130249268460311e-05
6296,0.48924583309864833,0.48918443445171256,6.1398646935773016e-05
6297,0.50285319737562517,0.50278095019454083,7.2247181084339474e-05
6298,0.53236899693286044,0.53230529821296224,6.3698719898197531e-05
6299,0.56811818234211364,0.56808018248441372,3.7999857699921868e-05
6300,0.59887531934898386,0.59887344966315081,1.8696858330446986e-06
6301,0.61364214938013595,0.61367721696895872,3.5067588822768059e-05
6302,0.60339814787712587,0.60346093520068056,6.2787323554691632e-05
6303,0.56255639350529985,0.56262995808073035,7.3564575430506984e-05
6304,0.48990185900618766,0.4899659137788,6.4054772612343047e-05
6305,0.38886746308710052,0.38890405609528056,3.6593008180041409e-05
6306,0.26710484847760563,0.26710378311671923,1.0653608863986364e-06
6307,0.13541444083846671,0.13537623757015063,3.8203268316078232e-05
6308,0.0061952166640459562,0.0061309046583205903,6.4312005725365891e-05
6309,-0.10835135674305145,-0.10842355540389693,7.2198660845484985e-05
6310,-0.19799126175940768,-0.19805154485552354,6.028309611585958e-05
6311,-0.25593477325621289,-0.25596724906041546,3.247580420256968e-05
6312,-0.27979571790710306,-0.27979228362002362,3.434287079440157e-06
6313,-0.27188759353347186,-0.27184977318711151,3.7820346360351031e-05
6314,-0.23881312774688349,-0.23875138561380549,6.1742133077996586e-05
6315,-0.19041058542590369,-0.19034140746607031,6.917795983338304e-05
6316,-0.13821795767340286,-0.13815966020504233,5.8297468360529736e-05
6317,-0.0936901472890041,-0.093658047617091289,3.2099671912810823e-05
6318,-0.066440426590445772,-0.066442705962783205,2.2793723374325836e-06
6319,-0.062773953860819756,-0.062809477353563126,3.5523492743369522e-05
6320,-0.084736753859372876,-0.084795435740405767,5.8681881032890404e-05
6321,-0.12982467364448241,-0.12989035206704402,6.5678422561610272e-05
6322,-0.19139613482774886,-0.19145131755621572,5.5182728466857123e-05
6323,-0.25972608643655132,-0.25975658070387386,3.049426732254501e-05
6324,-0.32353904145507167,-0.32353729159000821,1.7498650634606427e-06
6325,-0.37178629509287686,-0.37175307649299388,3.321859988297815e-05
6326,-0.39539617986083681,-0.39534022698693105,5.5952873905751321e-05
6327,-0.38872965954711702,-0.38866540186982002,6.4257677297008264e-05
6328,-0.35051835152973077,-0.35046246294932515,5.5888580405616395e-05
6329,-0.28414142984520724,-0.28410859033575114,3.2839509456095151e-05
6330,-0.19719725187973444,-0.19719621694122252,1.0349385119179377e-06
6331,-0.10043308780667799,-0.1004643379403639,3.1250133685906123e-05
6332,-0.0061945817381409305,-0.006250138407819108,5.5556669678177503e-05
6333,0.073370607935719354,0.073305149565928526,6.5458369790827309e-05
6334,0.12808305979348911,0.12802478894578112,5.8270847707986295e-05
6335,0.15120756656449033,0.15117185956372534,3.5707000764995112e-05
6336,0.14041152829115508,0.14040815466125789,3.3736298971909218e-06
6337,0.098061370171885126,0.098091799604317118,3.0429432431991477e-05
6338,0.03081239449614594,0.030869145171132213,5.6750674986272981e-05
6339,-0.051444604398853747,-0.05137630275041994,6.8301648433806428e-05
6340,-0.13711881536457632,-0.13705743999832526,6.137536625105966e-05
6341,-0.21470305722144981,-0.21466578295209018,3.7274269359621748e-05
6342,-0.27453315673042572,-0.27453072897329156,2.4277571341602133e-06
6343,-0.31025418111708641,-0.31028778029314741,3.3599176060994385e-05
6344,-0.31977119393372178,-0.31983203155784201,6.0837624120235745e-05
6345,-0.30554000090336603,-0.30561171150261635,7.1710599250318641e-05
6346,-0.27415405536921644,-0.27421723876118392,6.3183391967480684e-05
6347,-0.23529125831371739,-0.2353287710317723,3.7512718054910632e-05
6348,-0.2001816810718649,-0.20018320302426751,1.5219524026055531e-06
6349,-0.17983015737474906,-0.17979504723896411,3.5110135784943708e-05
6350,-0.18326580888015354,-0.18320338249867107,6.2426381482461046e-05
6351,-0.21608617849636749,-0.21601329317546114,7.2885320906351803e-05
6352,-0.27951887819830029,-0.27945549743192311,6.3380766377185704e-05
6353,-0.37014531786498611,-0.37010898275262427,3.6335112361840505e-05
6354,-0.48032971934766849,-0.48033045944016317,7.400924946776577e-07
6355,-0.59928926916735781,-0.59932671947743532,3.7450310077513649e-05
6356,-0.71464449432714883,-0.71470798931497681,6.3494987827983351e-05
6357,-0.8142153899749528,-0.81428704526196716,7.1655287014360525e-05
6358,-0.88779137143285591,-0.88785140207156277,6.0030638706853878e-05
6359,-0.9286077273905835,-0.92863999223381155,3.2264843228047013e-05
6360,-0.93430449992353903,-0.93430078080748757,3.7191160514593591e-06
6361,-0.90722286280693532,-0.90718481951749363,3.804328944168045e-05
6362,-0.85399487578152478,-0.85393325952011712,6.1616261407659856e-05
6363,-0.78448992103482218,-0.78442140309044173,6.8517944380452889e-05
6364,-0.71027897593595057,-0.71022158777427147,5.7388161679106098e-05
6365,-0.64285126006764925,-0.64281968940914103,3.1570658508228711e-05
6366,-0.59185516330309851,-0.59185721402557967,2.0507224811616709e-06
6367,-0.56363205427363972,-0.56366670080626136,3.4646532621640524e-05
6368,-0.56026549760131861,-0.56032316985629393,5.7672254975327242e-05
6369,-0.57929039296446116,-0.5793555072566744,6.511429221323084e-05
6370,-0.6141058787353586,-0.61416101227575193,5.5133540393326186e-05
6371,-0.65502862733820644,-0.65505916664893171,3.0539310725274937e-05
6372,-0.69082523086460823,-0.690823321164031,1.9097005772295006e-06
6373,-0.71048972827720625,-0.71045622105244077,3.3507224765472188e-05
6374,-0.70499412522447946,-0.70493815018980488,5.5975034674582425e-05
6375,-0.66874421537153539,-0.6686805867363993,6.3628635136092626e-05
6376,-0.60051781333682241,-0.60046298554434552,5.4827792476896953e-05
6377,-0.5037409175258174,-0.50370882885426516,3.208867155224393e-05
6378,-0.38605860068591857,-0.38605748355877179,1.1171271467880217e-06
6379,-0.25826504812178386,-0.25829542247970305,3.0374357919193962e-05
6380,-0.13275329697339913,-0.13280775725331656,5.4460279917428744e-05
6381,-0.021719135458725072,-0.021784000046002415,6.4864587277342622e-05
6382,0.064608890147488968,0.064550568658619051,5.8321488869916838e-05
6383,0.11944623475555156,0.1194103024149889,3.5932340562663811e-05
6384,0.1404115282911719,0.14040815466127476,3.3736298971354106e-06
6385,0.12982270198085208,0.12985335695961572,3.0654978763644536e-05
6386,0.094286564142158566,0.094343366173761767,5.6802031603200853e-05
6387,0.043645138995580313,0.043712848100705644,6.7709105125331182e-05
6388,-0.010560100129354155,-0.010499819721952562,6.0280407401592725e-05
6389,-0.056871096906403407,-0.05683469738013943,3.6399526263976301e-05
6390,-0.08567180792431868,-0.08566946235582093,2.3455684977496949e-06
6391,-0.090654693436561865,-0.090687543220463407,3.2849783901542362e-05
6392,-0.069771732126713171,-0.069831511824737805,5.9779698024634009e-05
6393,-0.025525445079018824,-0.025596530353740831,7.1085274722007541e-05
6394,0.035443889994374429,0.035380680864340298,6.3209130034130867e-05
6395,0.1034121748705827,0.10337437125575348,3.7803614829218235e-05
6396,0.16710450833766496,0.16710282654974784,1.6817879171238115e-06
6397,0.21547238352691797,0.2155075413910737,3.5157864155727081e-05
6398,0.23944393502748051,0.23950631722912918,6.23822016486697e-05
6399,0.23337954082364121,0.23345186821029873,7.2327386657522474e-05
6400,0.19600986554367489,0.19607224240771493,6.2376864040036839e-05
6401,0.13071278254785798,0.13074824421123252,3.5461663374536379e-05
6402,0.045085017365000944,0.045084048622649295,9.687423516493987e-07
6403,-0.050128156388703299,-0.050165081609601564,3.692522089826511e-05
6404,-0.14258347606459768,-0.14264606890045056,6.2592835852887108e-05
6405,-0.22013605436603453,-0.22020705831223408,7.1003946199549306e-05
6406,-0.27260962339821737,-0.27266953603546473,5.9912637247361289e-05
6407,-0.29327245811712493,-0.29330495065385354,3.2492536728601085e-05
6408,-0.27979571790711144,-0.27979228362003195,3.4342870794956681e-06
6409,-0.23454990867257916,-0.23451207118058764,3.783749199151587e-05
6410,-0.16419476610810077,-0.16413339300285124,6.1373105249534765e-05
6411,-0.078625887802957845,-0.07855790207913535,6.798572382249457e-05
6412,0.010560735055193714,0.010617316215763594,5.6581160569880301e-05
6413,0.091852449938112563,0.091883273628137363,3.0823690024800454e-05
6414,0.155579404522105,0.15557702853123123,2.375990873770828e-06
6415,0.19538072667837492,0.1953463316386882,3.4395039686718754e-05
6416,0.20915523960310445,0.20909822990646293,5.7009696641519003e-05
6417,0.19935217903715718,0.19928773036743339,6.4448669723798924e-05
6418,0.17255807802189463,0.17250329326009436,5.4784761800263926e-05
6419,0.13844367941667926,0.13841309032983137,3.0589086847887526e-05
6420,0.1082317695562678,0.10823333152341505,1.5619671472483221e-06
6421,0.092919712378674732,0.092952740106108545,3.3027727433812548e-05
6422,0.10152892707766174,0.10158440037908699,5.5473301425246202e-05
6423,0.13964898290752445,0.1397120910717764,6.3108164251951537e-05
6424,0.20849921369560989,0.20855349477557888,5.4281079968993007e-05
6425,0.30465257998248607,0.30468414604947835,3.1566066992283481e-05
6426,0.42046481527383461,0.42046558141831891,7.6614448429879189e-07
6427,0.54514451864084212,0.54511413225881555,3.0386382026570402e-05
6428,0.66630347815404467,0.6662494087836428,5.4069370401865768e-05
6429,0.77175275226091145,0.77168855219443189,6.4200066479558338e-05
6430,0.8512725777419784,0.8512148720764029,5.7705665575502607e-05
6431,0.89808896964489759,0.89805324110843532,3.5728536462276139e-05
6432,0.90983274742151221,0.90982903895507627,3.708466435936586e-06
6433,0.888835854284305,0.88886579582221181,2.994153790680798e-05
6434,0.84172105748774206,0.84177709643769416,5.6038949952097461e-05
6435,0.77834833331594966,0.77841551770905137,6.7184393101715756e-05
6436,0.71027908741019086,0.71033908850425986,6.0001094069006555e-05
6437,0.64899295387047529,0.64902910439817707,3.615052770178373e-05
6438,0.60412887531207526,0.604130920693281,2.0453812057397158e-06
6439,0.5820188567730693,0.58198579870360778,3.3058069461522344e-05
6440,0.5847371303397586,0.58467749660104273,5.9633738715869633e-05
6441,0.60980924035584383,0.6097388028235895,7.043753225433047e-05
6442,0.65062488921464567,0.65056254054610607,6.2348668539602414e-05
6443,0.69749138171226099,0.69745405560088203,3.7326111378965798e-05
6444,0.73916616010500769,0.7391642293674402,1.9307375674904037e-06
6445,0.76463428416537926,0.76466858566451079,3.4301499131528246e-05
6446,0.76485890267406442,0.76492031510609526,6.141243203083846e-05
6447,0.73423702150759418,0.73430880540716648,7.1783899572297472e-05
6448,0.67153767648804263,0.67159999071987087,6.2314231828231037e-05
6449,0.58017823390405088,0.580213710040415,3.5476136364120947e-05
6450,0.46779541971171895,0.46779426701435878,1.152697360173871e-06
6451,0.34517532062015421,0.34513810062442707,3.7219995727144628e-05
6452,0.22470308200143194,0.22464046980893559,6.2612192496341867e-05
6453,0.11856675744557893,0.11849637191299627,7.0385532582664667e-05
6454,0.036987256731244214,0.036928372999251419,5.8883731992795396e-05
6455,-0.013258294645311548,-0.01329007578849581,3.1781143184262881e-05
6456,-0.029795609112106772,-0.029792283620014209,3.3254920925630815e-06
6457,-0.014949388366924669,-0.014912427723839917,3.6960643084751194e-05
6458,0.024667068704982285,0.0247273655277696,6.0296822787315324e-05
6459,0.079205483832603008,0.07927289738338178,6.7413550778772091e-05
6460,0.13711831148457687,0.13717494920145606,5.6637716879193167e-05
6461,0.18694169827255797,0.18697273260429717,3.1034331739204779e-05
6462,0.21905417395219495,0.21905177033838738,2.403613807572258e-06
6463,0.22714313056726906,0.22710848262439054,3.4647942878524018e-05
6464,0.20915581610371317,0.20909873694693776,5.7079156775413642e-05
6465,0.16759032377249766,0.16752645750105019,6.3866271447471368e-05
6466,0.10908275892904717,0.10902905814506014,5.3700783987031819e-05
6467,0.04335336561203925,0.043323630750116887,2.9734861922363354e-05
6468,-0.018326426242826297,-0.018324809200114721,1.6170427115762276e-06
6469,-0.064911195644861849,-0.064878938080416074,3.2257564445775655e-05
6470,-0.087331786591720625,-0.087277372234441611,5.4414357279014558e-05
6471,-0.079950934078748023,-0.079888429902979063,6.2504175768959835e-05
6472,-0.041501344680741341,-0.041447010872753341,5.4333807987999583e-05
6473,0.024637409918544278,0.024669272994884847,3.1863076340569313e-05
6474,0.11086728029419624,0.11086818116926106,9.0087506482428026e-07
6475,0.20644205980978528,0.20641158136585239,3.0478443932890897e-05
6476,0.29901794741962595,0.29896388416322223,5.4063256403724669e-05
6477,0.37644989992704669,0.37638624688065014,6.3653046396550117e-05
6478,0.42856185073922681,0.42850515829126923,5.6692447957584768e-05
6479,0.44862262619902732,0.4485877722613319,3.4853937695422665e-05
6480,0.43430428233355417,0.4343007808074793,3.5015260748672006e-06
6481,0.38797859644360272,0.3880079786813842,2.9382237781483411e-05
6482,0.31630696659010832,0.31636208446173403,5.5117871625709469e-05
6483,0.22918704418841893,0.22925359710969589,6.6552921276968879e-05
6484,0.13821725385268027,0.13827718211976536,5.9928267085090914e-05
6485,0.05491301873864271,0.054949424278162996,3.6405539520285857e-05
6486,-0.011052741197022752,-0.011050428101230244,2.3130957925079215e-06
6487,-0.053315748270072925,-0.053348653914586215,3.29056445132897e-05
6488,-0.069771054409572306,-0.069830497711711903,5.9443302139597365e-05
6489,-0.062863745298987028,-0.062933663365441095,6.9918066454066619e-05
6490,-0.039175822900211557,-0.039237339973994471,6.1517073782914322e-05
6491,-0.0083731933097882551,-0.0084097516097729353,3.6558299984680229e-05
6492,0.01832642624284684,0.01832480920013832,1.6170427085196448e-06
6493,0.029931023342651623,0.029965034878388926,3.4011535737302201e-05
6494,0.01742485056292457,0.017485570711137929,6.0720148213358471e-05
6495,-0.024775644394725113,-0.024704508602989828,7.113579173528492e-05
6496,-0.097883417013365379,-0.097821395067037326,6.2021946328053024e-05
6497,-0.19846479221571067,-0.19842922201336255,3.5570202348123026e-05
6498,-0.31886871304934444,-0.31886952340639857,8.1035705412624282e-07
6499,-0.44829677682096908,-0.44833356981604833,3.6792995079248936e-05
6500,-0.57435351275687407,-0.57441568207495619,6.2169318082117009e-05
6501,-0.68484242794806605,-0.68491230826197458,6.9880313908532443e-05
6502,-0.76953588603432144,-0.76959419151865616,5.8305484334719715e-05
6503,-0.82165183427571353,-0.82168305853928703,3.1224263573492728e-05
6504,-0.83881295555501134,-0.83880927799494764,3.6775600636973493e-06
6505,-0.82334292799732645,-0.82330598795764431,3.6940039682131776e-05
6506,-0.78185607406058322,-0.78179619922021804,5.9874840365181647e-05
6507,-0.72420370156104219,-0.72413693775810983,6.6763802932356953e-05
6508,-0.66193828327372928,-0.66188220291315825,5.6080360571031385e-05
6509,-0.60653039916856699,-0.60649951531993496,3.0883848632035082e-05
6510,-0.56760995880887366,-0.56761202008237577,2.0612735021074968e-06
6511,-0.55149989555250367,-0.55153387194490233,3.3976392398660238e-05
6512,-0.56026527739771481,-0.56032164860670108,5.6371208986272237e-05
6513,-0.59142234212985412,-0.59148570153816948,6.3359408315366572e-05
6514,-0.63835129318214001,-0.63840468601472755,5.3392832587539907e-05
6515,-0.69134989521075119,-0.69137934254934752,2.9447338596333417e-05
6516,-0.73916616010506442,-0.73916422936749437,1.9307375700439167e-06
6517,-0.77077577066699876,-0.77074332277936342,3.2447887635345118e-05
6518,-0.77713249870667112,-0.77707825299499023,5.4245711680889208e-05
6519,-0.75262391973366993,-0.75256205107196883,6.1868661701103278e-05
6520,-0.69600952943015348,-0.69595600542915459,5.352400099889465e-05
6521,-0.61069719512466114,-0.61066575711528381,3.1438009377326992e-05
6522,-0.50431433621494115,-0.50431316762529022,1.1685896509350258e-06
6523,-0.38763787532205918,-0.38766752126003834,2.9645937979161374e-05
6524,-0.2730438861378694,-0.27309702196998592,5.3135832116524284e-05
6525,-0.17271138920044488,-0.17277451872545091,6.3129525006033749e-05
6526,-0.096852240158349992,-0.096908853428866723,5.661327051673104e-05
6527,-0.05223463164160827,-0.052269467380102859,3.4835738494588819e-05
6528,-0.04122418275433759,-0.04122747734005161,3.2945857140198598e-06
6529,-0.061487747002211039,-0.061458067667955189,2.9679334255849898e-05
6530,-0.10640376041260276,-0.10634862958940142,5.5130823201340884e-05
6531,-0.16611580814542654,-0.16604986321507947,6.5944930347061614e-05
6532,-0.2290682768817415,-0.22900934277248142,5.8934109260083689e-05
6533,-0.28378944009243828,-0.28375370412379186,3.5735968646422034e-05
6534,-0.32065027617670133,-0.32064782835032957,2.447826371765327e-06
6535,-0.33333091833406525,-0.33336294945655687,3.2031122491615882e-05
6536,-0.31977161278597782,-0.31983000307543302,5.8390289455201305e-05
6537,-0.28246366228531133,-0.28253302930698959,6.9367021678257146e-05
6538,-0.22803653656963824,-0.22809811229583737,6.157572619913676e-05
6539,-0.16620410133335897,-0.16624085227550048,3.675094214150576e-05
6540,-0.10823176955627048,-0.10823333152341488,1.5619671444033756e-06
6541,-0.065159290462002223,-0.065125002226621015,3.4288235381207954e-05
6542,-0.046050468529930305,-0.045989664711047894,6.0803818882411431e-05
6543,-0.056537499659389825,-0.056466936529335258,7.0563130054566992e-05
6544,-0.097882840512763705,-0.097821888342063401,6.095217070030412e-05
6545,-0.1667023883268296,-0.16666764856259611,3.4739764233487902e-05
6546,-0.25539394361927675,-0.25539478159926571,8.3797998895462911e-07
6547,-0.35320752848655651,-0.35324353329980884,3.6004813252332735e-05
6548,-0.44779593632753434,-0.44785704875583243,6.1112428298093491e-05
6549,-0.52701105631255885,-0.52708035370840844,6.9297395849599042e-05
6550,-0.58067405122129967,-0.58073243264498742,5.8381423687747791e-05
6551,-0.60205131397012501,-0.60208283753136815,3.1523561243140819e-05
6552,-0.58881284676007262,-0.58880927799499627,3.5687650763449597e-06
6553,-0.54332876452557544,-0.54329169064952043,3.7073876055004895e-05
6554,-0.47225919393117594,-0.47219929054921944,5.990338195649425e-05
6555,-0.38550088974947094,-0.38543466265962467,6.6227089846271348e-05
6556,-0.29465172520772703,-0.29459666457838229,5.5060629344738654e-05
6557,-0.21122692215972053,-0.21119691065569685,3.0011504023680358e-05
6558,-0.14489955646214961,-0.14490180169066103,2.2452285114160642e-06
6559,-0.10203444419628856,-0.10206782853924475,3.338434295618864e-05
6560,-0.084737466453311594,-0.084792899896804844,5.5433443493249634e-05
6561,-0.090564861445855405,-0.090627609174504076,6.2747728648671064e-05
6562,-0.11293632553550444,-0.11298968772780126,5.33621922968186e-05
6563,-0.14218799457223699,-0.14221772068531185,2.9726113074862726e-05
6564,-0.16710450833767157,-0.16710282654975195,1.6817879196218133e-06
6565,-0.17669656382527693,-0.17666421603215415,3.2347793122777801e-05
6566,-0.16195149948636381,-0.16189739374879061,5.41057375731957e-05
6567,-0.11728923429877938,-0.11722787310586549,6.1361192913889084e-05
6568,-0.041500666963660802,-0.041447997452445623,5.2669511215179543e-05
6569,0.061976355084985002,0.062007007195262177,3.0652110277175348e-05
6570,0.18548634702146413,0.18548721542382227,8.6840235813401279e-07
6571,0.31822617545482867,0.31819685813998538,2.9317314843291253e-05
6572,0.44779530140168367,0.44774288673359036,5.2414668093303529e-05
6573,0.5619918051199313,0.56192930614311143,6.2498976819869156e-05
6574,0.65058225318723772,0.65052587732720057,5.6375860037150005e-05
6575,0.70677852066184355,0.70674354912125159,3.4971540591954842e-05
6576,0.72819703637599487,0.7281934069537418,3.6294222530708353e-06
6577,0.7171549878871194,0.71718429337781409,2.9305490694686576e-05
6578,0.68025992718186179,0.68031467330539064,5.4746123528848223e-05
6579,0.62735607957417761,0.62742153371170339,6.545413752578888e-05
6580,0.56998849824566633,0.57004682272541474,5.8324479748406155e-05
6581,0.51962012667015245,0.51965527294848501,3.5146278332565117e-05
6582,0.48587313978302282,0.48587523662673165,2.096843708832008e-06
6583,0.47506257917421985,0.47503060312301848,3.1976051201365596e-05
6584,0.48924541424645107,0.48918747781692329,5.7936429527782884e-05
6585,0.52592953599376135,0.52586080387268208,6.8732121079273512e-05
6586,0.57848651573253074,0.57842543886286391,6.107686966683179e-05
6587,0.63720533932256052,0.63716868657896752,3.6652743592990866e-05
6588,0.69082523086464909,0.69082332116407397,1.9097005751200768e-06
6589,0.72831301629292466,0.7283466770459156,3.3660752990938292e-05
6590,0.74061348822735473,0.74067364019906834,6.0151971713606756e-05
6591,0.72210507234224608,0.72217514566098884,7.0073318742758239e-05
6592,0.67153789669166153,0.67159851077630039,6.0614084638865862e-05
6593,0.59231039262517249,0.59234480615455876,3.441352938626796e-05
6594,0.49204062420590494,0.49203946095752371,1.1632483812307193e-06
6595,0.38149618151918102,0.38146000747635733,3.6174042823688968e-05
6596,0.27304377466359098,0.27298285591713156,6.0918746459415196e-05
6597,0.17885297691929919,0.17878430280346908,6.8674115830114069e-05
6598,0.10912605845213515,0.10906843457515651,5.7623876978635247e-05
6599,0.070621640164260327,0.07059048856748007,3.1151596780257251e-05
6600,0.065695935256399385,0.065699219192503752,3.2839361043673909e-06
6601,0.092006504747935952,0.09204277315670574,3.6268408769787874e-05
6602,0.14292255410351501,0.14298157474293766,5.9020639422646681e-05
6603,0.20857844585948965,0.20864416871834132,6.5722858851674504e-05
6604,0.27740929305484791,0.27746425507096889,5.4962016120985169e-05
6605,0.3379341906189347,0.33796414941386599,2.9958794931284061e-05
6606,0.38051518025049696,0.38051270637212919,2.4738783677702436e-06
6607,0.398823656216513,0.39878997623545809,3.3679981054912655e-05
6608,0.39079127728861041,0.39073584075168161,5.5436536928799018e-05
6609,0.35890085787410053,0.35883870785870464,6.2150015395889824e-05
6610,0.30977341837208888,0.30972101283135267,5.2405540736211176e-05
6611,0.25311454632941099,0.25308544578156855,2.9100547842442204e-05
6612,0.20018168107186687,0.20018320302427242,1.5219524055476441e-06
6613,0.16200686935905989,0.16203834840518941,3.1479046129517796e-05
6614,0.1476464458772874,0.14769952499912523,5.3079121837829035e-05
6615,0.1627253215256422,0.16278615231543345,6.0830789791244122e-05
6616,0.20849879484342476,0.20855152137928601,5.2726535861247203e-05
6617,0.28157584276557657,0.28160666639033438,3.0823624757814194e-05
6618,0.37434769582761818,0.37434848204134136,7.8621372318066207e-07
6619,0.47605813576989597,0.47602852160374015,2.9614166155822463e-05
6620,0.574354016636901,0.57430150796025969,5.2508676641305208e-05
6621,0.65708154851433853,0.65701961280647447,6.1935707864058109e-05
6622,0.71405642283321169,0.7140010993051622,5.5323528049489035e-05
6623,0.73853985247077214,0.73850568439724085,3.4168073531293253e-05
6624,0.7281970363759851,0.72819340695373169,3.6294222534039022e-06
6625,0.68539365607817515,0.68542215829349762,2.8502215322467883e-05
6626,0.61678575753588316,0.6168394519914534,5.3694455570241217e-05
6627,0.53226633617978025,0.53233122819848333,6.4892018703077703e-05
6628,0.44342978301047531,0.44348820282683094,5.8419816355625986e-05
6629,0.36178816635512417,0.36182361044321487,3.544408809069699e-05
6630,0.29701179097691388,0.29701397000925933,2.1790323454506932e-06
6631,0.25546309149367175,0.25543094258616722,3.2148907504525592e-05
6632,0.23924595243939858,0.23918795632910134,5.799611029724816e-05
6633,0.2459149801693552,0.24584677500098973,6.8205168365476077e-05
6634,0.2688885703688737,0.26882851679478159,6.0053574092111539e-05
6635,0.29850190613819677,0.29846612003300943,3.5786105187340933e-05
6636,0.32353904145506668,0.32353729159000599,1.7498650606850852e-06
6637,0.33301047539122353,0.3330435130709562,3.3037679732672576e-05
6638,0.31790374431970947,0.31796294428811084,5.9199968401368874e-05
6639,0.27263935302224973,0.2727088343784646,6.948135621487328e-05
6640,0.19600915294971843,0.19606977544009399,6.0622490375555893e-05
6641,0.091452292212374886,0.091487004638615338,3.4712426240451899e-05
6642,-0.033374112506711386,-0.033375047105235159,9.345985237732557e-07
6643,-0.1676649312594212,-0.16770105623530174,3.6124975880541532e-05
6644,-0.29901724359891518,-0.29907807037257295,6.0826773657762789e-05
6645,-0.41522635868958585,-0.41529453662552285,6.8177935936997169e-05
6646,-0.50605568958248337,-0.50611243802142525,5.6748438941878199e-05
6647,-0.56471362910919054,-0.56474397964764245,3.0350538451906495e-05
6648,-0.58881284676003021,-0.58880927799495431,3.5687650759008704e-06
6649,-0.58066644938642697,-0.58063054814975268,3.5901236674296122e-05
6650,-0.54687755556991613,-0.5468192838445316,5.827172538452885e-05
6651,-0.49728558737237877,-0.49722047744197828,6.5109930400486515e-05
6652,-0.44343041793629462,-0.44337564030523835,5.477763105626865e-05
6653,-0.39676951938681915,-0.39673938580310891,3.0133583710234557e-05
6654,-0.36691938757469383,-0.3669215361846685,2.1486099746614862e-06
6655,-0.36018912473548587,-0.3602224844243303,3.3359688844436519e-05
6656,-0.37862945991579811,-0.3786845689916794,5.5109075881298875e-05
6657,-0.41974171412750733,-0.41980338698373842,6.1672856231098638e-05
6658,-0.4768905383851606,-0.47694230336788024,5.1764982719637587e-05
6659,-0.54035776042547889,-0.54038624020045012,2.8479774971224003e-05
6660,-0.59887531934902172,-0.5988734496631859,1.8696858358202562e-06
6661,-0.64140257129684075,-0.64137118335628807,3.1387940552685123e-05
6662,-0.65887660642487911,-0.65882401354210129,5.2592882777813266e-05
6663,-0.64566787675344617,-0.64560766591138818,6.0210842057983882e-05
6664,-0.60051823218903766,-0.60046594623144856,5.228595758910437e-05
6665,-0.52681765474275655,-0.52678687832938509,3.0776413371458311e-05
6666,-0.43217572013216299,-0.43217458293577687,1.1371963861139811e-06
6667,-0.32735143099275521,-0.32738046371198093,2.9032719225718928e-05
6668,-0.22470275849056429,-0.22475467214776312,5.191365719883767e-05
6669,-0.13639033920531474,-0.13645180137410534,6.1462168790604732e-05
6670,-0.072607264761289925,-0.072662218863970257,5.4954102680332406e-05
6671,-0.040102882418581606,-0.040136685658926745,3.3803240345138541e-05
6672,-0.041224182754356721,-0.041227477340071227,3.2945857145055824e-06
6673,-0.073619496225273848,-0.073590848813967852,2.8647411305995907e-05
6674,-0.1306487358096933,-0.13059526216177592,5.3473647917384737e-05
6675,-0.20243685814057846,-0.20237257711524351,6.4281025334955721e-05
6676,-0.27740940452905899,-0.27735168860960829,5.7715919450695985e-05
6677,-0.34407588442174558,-0.344040758795847,3.5125625898579926e-05
6678,-0.392788892259476,-0.39278641303983836,2.4792196376410836e-06
6679,-0.41721045871596213,-0.41724183226885941,3.1373552897284718e-05
6680,-0.41526291002708471,-0.41532007024336426,5.7160216279550369e-05
6681,-0.38941970526552688,-0.38948742482120918,6.7719555682299593e-05
6682,-0.34629242885142381,-0.34635236171153116,5.9932860107358987e-05
6683,-0.29557730070351146,-0.29561299802581148,3.5697322300021206e-05
6684,-0.24852261031230541,-0.24852411122771592,1.500915410512782e-06
6685,-0.21615142524726252,-0.21611809709783891,3.3328149423611508e-05
6686,-0.20751122332689101,-0.2074520334098722,5.9189917018809268e-05
6687,-0.22821812766170838,-0.22814923382753238,6.8893834175992597e-05
6688,-0.27951865799464226,-0.27945895201642162,5.9705978220636613e-05
6689,-0.35801315914380033,-0.35797902630457251,3.4132839227818401e-05
6690,-0.45608451485340362,-0.45608526549691902,7.5064351540143903e-07
6691,-0.56296840826824923,-0.56300367374558458,3.5265477335344464e-05
6692,-0.66630380166491621,-0.66636363128962661,5.982962471040576e-05
6693,-0.75392917050117736,-0.75399683818344743,6.7667682270067253e-05
6694,-0.81565256971193167,-0.81570936993925192,5.6800227320241703e-05
6695,-0.8447277925810015,-0.8447582905691986,3.0497988197097925e-05
6696,-0.83881295555504187,-0.83880927799497862,3.6775600632532601e-06
6697,-0.80026696969209588,-0.80023075516070008,3.6214531395795113e-05
6698,-0.73573939038301739,-0.73568101814238707,5.8372240630322203e-05
6699,-0.65511695900795686,-0.65505240323411773,6.4555773839125585e-05
6700,-0.56998799436568959,-0.56993424838392848,5.3745981761110784e-05
6701,-0.49185876772126869,-0.49182940755492349,2.9360166345193672e-05
6702,-0.43039415700477862,-0.43039627799182051,2.1209870418870125e-06
6703,-0.39195152862436666,-0.39198407302329352,3.254439892685923e-05
6704,-0.37863003641638704,-0.37868410228642013,5.4065870033093155e-05
6705,-0.38797985886282399,-0.38804099012126847,6.1131258444480086e-05
6706,-0.41341521929228831,-0.4134670951801479,5.187588785959818e-05
6707,-0.44526744662081519,-0.44529621901114647,2.8772390331277542e-05
6708,-0.47231712354990585,-0.47231530893963425,1.8146102715999035e-06
6709,-0.48357166327328405,-0.48354006639106972,3.1596882214324218e-05
6710,-0.47001589275547684,-0.46996321265632823,5.2680099148605386e-05
6711,-0.42606795976715173,-0.42600826660324242,5.9693163909302349e-05
6712,-0.35051767381266113,-0.35046641163900921,5.1262173651922538e-05
6713,-0.24680248467878516,-0.24677256572029432,2.9918958490832148e-05
6714,-0.12257818515249218,-0.12257718268668738,1.0024658047974588e-06
6715,0.011351027838334209,0.011322647238987679,2.8380599346530463e-05
6716,0.14258277224388213,0.14253182218606303,5.0950057819104666e-05
6717,0.258912513128568,0.25885162328097816,6.0889847589840063e-05
6718,0.35010346224146477,0.3500484639638618,5.4998277602968937e-05
6719,0.40936346102727444,0.40932934247169872,3.4118555575723963e-05
6720,0.43430428233356788,0.43430078080749385,3.5015260740345333e-06
6721,0.42723776161537913,0.42726640943015753,2.8647814778404168e-05
6722,0.39476535508788224,0.39481878211162769,5.3427023745444835e-05
6723,0.34672443098689282,0.34678822646405755,6.3795477164729775e-05
6724,0.29465242902840066,0.29470925074185128,5.6821713450616596e-05
6725,0.25000405071005349,0.25003836320056816,3.4312490514665228e-05
6726,0.22239272424961365,0.22239493575466382,2.2115050501703148e-06
6727,0.21812414632719979,0.21809317808670942,3.0968240490369947e-05
6728,0.23924527472229376,0.23918888976455241,5.6384957741351105e-05
6729,0.28325328038937253,0.28318615607062908,6.712431874345004e-05
6730,0.34350828326351407,0.34344848383541138,5.9799428102691454e-05
6731,0.41028727431861794,0.41025136615053098,3.5908168086962178e-05
6732,0.47231712354992272,0.4723153089396544,1.8146102683247456e-06
6733,0.51855183557550866,0.5185848971082625,3.3061532753841938e-05
6734,0.53992282878426179,0.53998174729389159,5.8918509629801719e-05
6735,0.53079453824059031,0.53086296779311226,6.8429552521953596e-05
6736,0.48990243550671481,0.48996147074642948,5.9035239714677612e-05
6737,0.42062986697588706,0.4206633499394824,3.3482963595343751e-05
6738,0.33057961790757301,0.33057852492375073,1.0929838222817345e-06
6739,0.23050368917278694,0.2304685521195729,3.513705321403493e-05
6740,0.1327527930933137,0.13269348228494046,5.9310808373236323e-05
6741,0.049480014892413646,0.04941295207169507,6.706282071857611e-05
6742,-0.0091294269463944033,-0.0091858443966759025,5.6417450281499165e-05
6743,-0.036334252950600401,-0.036364753162731023,3.0500212130621374e-05
6744,-0.029795609112114894,-0.029792283620021245,3.3254920936490184e-06
6745,0.008126569938345287,0.0081622508016866643,3.5680863341377295e-05
6746,0.070783752382594614,0.07084158691192155,5.7834529326936113e-05
6747,0.14829222638573195,0.14835632413249994,6.4097746767993735e-05
6748,0.2290686003926487,0.22912194470190816,5.3344309259462097e-05
6749,0.30161332971987159,0.30164228686564459,2.8957145773000903e-05
6750,0.35626997575628544,0.35626751242893695,2.4633273484897522e-06
6751,0.38669149749538273,0.3866588346660908,3.266282929192954e-05
6752,0.39079105708500306,0.39073724096728918,5.3816117713878509e-05
6753,0.37103280703948105,0.3709722743914452,6.0532648035849235e-05
6754,0.33401883281885042,0.3339676060159158,5.1226802934623006e-05
6755,0.28943581420193165,0.28940730664191727,2.8507560014379152e-05
6756,0.24852261031229911,0.24852411122771334,1.5009154142320291e-06
6757,0.2222929117488347,0.22232376633712883,3.0854588294132457e-05
6758,0.21978481935947092,0.21983671239433933,5.1893034868411014e-05
6759,0.24660502588778299,0.24666425138969023,5.9225501907234079e-05
6760,0.30399051093677742,0.30404162787020089,5.1116933423467348e-05
6761,0.38853212036445739,0.38856191318435584,2.9792819898455392e-05
6762,0.49260343135669055,0.49260416610790819,7.3475121764587925e-07
6763,0.60543096297022903,0.60540230068821843,2.8662282010594176e-05
6764,0.71464460580143097,0.71459368204233675,5.0923759094212429e-05
6765,0.80807380225611325,0.80801348976961362,6.0312486499625173e-05
6766,0.87551755313909518,0.87546342874552008,5.4124393575105678e-05
6767,0.91022071886796119,0.9101871321725894,3.3586695371790043e-05
6768,0.9098327474215081,0.90982903895507317,3.7084664349373853e-06
6769,0.87670410506123586,0.87673190610175822,2.7801040522357212e-05
6770,0.81747608209063016,0.81752854442330958,5.2462332679414914e-05
6771,0.74202728332076628,0.74209058819611395,6.3304875347669487e-05
6772,0.66193795976284053,0.66199482455506009,5.6864792219557536e-05
6773,0.5887065095411409,0.58874094268735155,3.4433146210655075e-05
6774,0.53199025922928622,0.53199233600375628,2.0767744700611601e-06
6775,0.49813931639117337,0.49810802216285466,3.1294228318712314e-05
6776,0.48924583309866865,0.48918934488753241,5.6488211136240807e-05
6777,0.50285319737565592,0.5027866183189813,6.6579056674620496e-05
6778,0.53236899693289241,0.53231020525716333,5.8791675729086279e-05
6779,0.56811818234213585,0.56808301458906807,3.5167753067777419e-05
6780,0.59887531934898641,0.59887344966315459,1.8696858318234533e-06
6781,0.61364214938011163,0.61367438682070941,3.2237440597771005e-05
6782,0.60339814787707202,0.60345603493364497,5.7887056572947237e-05
6783,0.5625563935052188,0.5626243016946737,6.7908189454901624e-05
6784,0.48990185900608718,0.48996101689727922,5.9157891192040957e-05
6785,0.38886746308699111,0.38890122985625564,3.3766769264531593e-05
6786,0.26710484847749999,0.26710378311661215,1.0653608878419263e-06
6787,0.1354144408383767,0.13537906185606188,3.5378982314815399e-05
6788,0.0061952166639806889,0.0061357947745881774,5.9421889392511501e-05
6789,-0.10835135674308698,-0.1084179107354323,6.6553992345327884e-05
6790,-0.19799126175941367,-0.19804665811872771,5.5396359314036081e-05
6791,-0.25593477325619429,-0.2559644286767413,2.965542054700343e-05
6792,-0.2797957179070677,-0.27979228361998737,3.4342870803283354e-06
6793,-0.27188759353342973,-0.27185259162128272,3.5001912147003544e-05
6794,-0.23881312774684374,-0.23875626559750524,5.6862149338504642e-05
6795,-0.19041058542587233,-0.19034704043789002,6.3544987982305789e-05
6796,-0.1382179576733821,-0.1381645368152237,5.3420858158403917e-05
6797,-0.093690147288991735,-0.093660862155866609,2.9285133125125928e-05
6798,-0.066440426590436086,-0.066442705962774198,2.2793723381125952e-06
6799,-0.06277395386080481,-0.062806664760752223,3.2710899947413496e-05
6800,-0.084736753859344829,-0.08479056587128718,5.3812011942350191e-05
6801,-0.1298246736444357,-0.12988473077109622,6.0057126660517657e-05
6802,-0.19139613482768161,-0.19144645105463912,5.0316226957503041e-05
6803,-0.25972608643646639,-0.25975377199954075,2.7685563074364428e-05
6804,-0.32353904145497675,-0.32353729158991229,1.7498650644598435e-06
6805,-0.37178629509278233,-0.37175588325458386,3.0411838198463048e-05
6806,-0.39539617986075454,-0.39534508675912289,5.1093101631649596e-05
6807,-0.3887296595470574,-0.38867101151028149,5.8648036775910128e-05
6808,-0.35051835152970073,-0.3504673193599076,5.1032169793130411e-05
6809,-0.28414142984520852,-0.28411139321572415,3.0036629484364585e-05
6810,-0.19719725187976289,-0.1971962169412512,1.0349385116958931e-06
6811,-0.10043308780672436,-0.1004615369995947,2.8449192870344531e-05
6812,-0.0061945817381925889,-0.0062452887146921994,5.0706976499610527e-05
6813,0.073370607935675972,0.073310747571467424,5.9860364208547123e-05
6814,0.12808305979346579,0.12802963528315697,5.342451030881934e-05
6815,0.15120756656449438,0.15117465662962448,3.2909934869901347e-05
6816,0.1404115282911883,0.14040815466129153,3.3736298967745881e-06
6817,0.098061370171942747,0.098089004474250438,2.7634302307691372e-05
6818,0.030812394496217796,0.030864305539510604,5.1911043292808545e-05
6819,-0.051444604398781388,-0.051381889141303663,6.2715257477724551e-05
6820,-0.13711881536451806,-0.13706227628002585,5.6539084492213121e-05
6821,-0.21470305722141805,-0.21466857421401139,3.4483007406660438e-05
6822,-0.274533156730429,-0.27453072897329495,2.427757134049191e-06
6823,-0.31025418111712649,-0.31028499096364082,3.0809846514323613e-05
6824,-0.31977119393379461,-0.31982720197020786,5.6008036413257578e-05
6825,-0.30554000090346151,-0.30560613670619763,6.6135802736122518e-05
6826,-0.27415405536932186,-0.27421241251770878,5.8357148386922741e-05
6827,-0.23529125831381792,-0.23532598556379095,3.4727249973026675e-05
6828,-0.20018168107194842,-0.20018320302435125,1.5219524028275977e-06
6829,-0.17983015737480668,-0.17979783077804085,3.2326596765830384e-05
6830,-0.18326580888018168,-0.18320820205980828,5.7606820373395928e-05
6831,-0.21608617849636844,-0.21601885639759275,6.732209877569062e-05
6832,-0.27951887819828114,-0.27946031365465818,5.856454362296315e-05
6833,-0.37014531786495636,-0.37011176243681265,3.3555428143705601e-05
6834,-0.48032971934763891,-0.48033045944013297,7.4009249406703503e-07
6835,-0.5992892691673376,-0.59932394171893733,3.4672551599723711e-05
6836,-0.71464449432714372,-0.71470317976318287,5.8685436039151995e-05
6837,-0.8142153899749649,-0.8142814935943028,6.6103619337898323e-05
6838,-0.88779137143288211,-0.88784659585242043,5.5224419538313363e-05
6839,-0.9286077273906187,-0.9286372183235484,2.9490932929698843e-05
6840,-0.93430449992357589,-0.93430078080752499,3.7191160509042476e-06
6841,-0.90722286280696596,-0.90718759150538264,3.5271301583317261e-05
6842,-0.85399487578154398,-0.85393805907977294,5.6816701771045253e-05
6843,-0.78448992103482706,-0.78442694322347051,6.2977811356557112e-05
6844,-0.71027897593594147,-0.71022638400697713,5.2591928964340617e-05
6845,-0.64285126006762994,-0.64282245755538014,2.8802512249792578e-05
6846,-0.59185516330307397,-0.59185721402555436,2.0507224803845148e-06
6847,-0.56363205427361551,-0.56366393457913933,3.1880305523812602e-05
6848,-0.56026549760129962,-0.56031838027173253,5.288267043290773e-05
6849,-0.57929039296444895,-0.57934997863861515,5.9585674166195979e-05
6850,-0.61410587873535394,-0.61415622601246567,5.0347277111728594e-05
6851,-0.65502862733820566,-0.65505640425689549,2.7776918689825791e-05
6852,-0.69082523086460623,-0.69082332116402978,1.9097005764523445e-06
6853,-0.71048972827719714,-0.71045898152856513,3.0746748632015652e-05
6854,-0.70499412522445892,-0.70494292981618067,5.1195408278248422e-05
6855,-0.66874421537150019,-0.66868610385898464,5.8111512515557351e-05
6856,-0.60051781333677257,-0.60046776185505624,5.0051481716328894e-05
6857,-0.50374091752575612,-0.5037115855017692,2.9332023986916589e-05
6858,-0.38605860068585141,-0.38605748355870334,1.1171271480647782e-06
6859,-0.25826504812171786,-0.25829266774473592,2.7619623018060313e-05
6860,-0.1327532969733414,-0.13280298756817008,4.9690594828677437e-05
6861,-0.021719135458681954,-0.021778494399344057,5.9358940662102705e-05
6862,0.064608890147513379,0.064555335033684672,5.3555113828707146e-05
6863,0.11944623475555601,0.11941305332777923,3.318142777677946e-05
6864,0.14041152829115827,0.14040815466125961,3.3736298986619673e-06
6865,0.12982270198082452,0.12985060795625009,2.7905975425568386e-05
6866,0.094286564142122692,0.094338606413214648,5.2042271091956582e-05
6867,0.043645138995542392,0.043707353910760416,6.2214915218024303e-05
6868,-0.010560100129388803,-0.010504576178003001,5.5523951385801767e-05
6869,-0.056871096906430905,-0.056837442567800975,3.3654338629930669e-05
6870,-0.085671807924337165,-0.085669462355837459,2.345568499706463e-06
6871,-0.090654693436571634,-0.090684799939091926,3.0106502520291234e-05
6872,-0.069771732126716335,-0.069826761972187346,5.5029845471010752e-05
6873,-0.025525445079018678,-0.025591047601371267,6.5602522352589676e-05
6874,0.035443889994374166,0.035385427417913548,5.8462576460617532e-05
6875,0.10341217487057831,0.10337711072779546,3.50641427828563e-05
6876,0.16710450833765361,0.16710282654973463,1.681787918983435e-06
6877,0.21547238352689779,0.21550480382208514,3.2420295187352011e-05
6878,0.23944393502745082,0.2395015772679909,5.7642240540084488e-05
6879,0.23337954082360199,0.23344639687638144,6.6856052779451502e-05
6880,0.1960098655436274,0.19606750574005904,5.7640196431646418e-05
6881,0.13071278254780386,0.13074551044521801,3.2727897414153162e-05
6882,0.045085017364942505,0.045084048622592535,9.6874234997018638e-07
6883,-0.050128156388763188,-0.050162349743625823,3.419335486263414e-05
6884,-0.14258347606465571,-0.14264133881444302,5.7862749787307433e-05
6885,-0.22013605436608705,-0.22020159837798131,6.5544011894264065e-05
6886,-0.27260962339826056,-0.27266480923749842,5.5185839237859025e-05
6887,-0.29327245811715535,-0.29330222258456995,2.9764467414594709e-05
6888,-0.27979571790712615,-0.27979228362004865,3.4342870774972667e-06
6889,-0.23454990867257702,-0.23451479735310726,3.5111319469760538e-05
6890,-0.16419476610808179,-0.16413811323015046,5.6652877931329115e-05
6891,-0.078625887802924441,-0.078563350632629952,6.2537170294488242e-05
6892,0.010560735055237224,0.010612599271137798,5.1864215900573885e-05
6893,0.09185244993816033,0.091880551246141334,2.8101307981004409e-05
6894,0.15557940452215036,0.15557702853127808,2.3759908722720269e-06
6895,0.1953807266784113,0.19534905212708742,3.1674551323884748e-05
6896,0.20915523960312676,0.20910294029124227,5.2299311884496102e-05
6897,0.1993521790371629,0.19929316755885929,5.9011478303616638e-05
6898,0.1725580780218838,0.17250800036756322,5.0077654320579423e-05
6899,0.13844367941665556,0.13841580703389525,2.787238276030779e-05
6900,0.10823176955623728,0.10823333152338224,1.5619671449584871e-06
6901,0.092919712378645367,0.09295002529258059,3.0312913935223729e-05
6902,0.10152892707764177,0.10157969982079171,5.0772743149934962e-05
6903,0.13964898290752084,0.13970666522391367,5.7682316392831945e-05
6904,0.20849921369562688,0.20854879748926192,4.9583793635038509e-05
6905,0.30465257998252432,0.30468143501413214,2.8855031607821768e-05
6906,0.42046481527389107,0.42046558141837664,7.6614448557554837e-07
6907,0.54514451864091029,0.54511684140674777,2.7677234162526432e-05
6908,0.66630347815411484,0.66625409953147796,4.9378622636875313e-05
6909,0.77175275226097451,0.77169396671721324,5.8785543761263881e-05
6910,0.85127257774202536,0.85121955955757278,5.3018184452580108e-05
6911,0.89808896964492246,0.89805594648433018,3.3023160592282608e-05
6912,0.90983274742151188,0.9098290389550745,3.7084664373798759e-06
6913,0.88883585428428202,0.88886309233078886,2.723804650683892e-05
6914,0.84172105748770232,0.84177241548453707,5.1357996834755504e-05
6915,0.77834833331590125,0.77841011449312769,6.1781177226438722e-05
6916,0.71027908741014378,0.71033441081247228,5.532340232849986e-05
6917,0.64899295387043743,0.64902640467265482,3.3450802217394049e-05
6918,0.60412887531205417,0.60413092069326157,2.0453812074050504e-06
6919,0.58201885677306797,0.58198849654764939,3.0360225418579745e-05
6920,0.58473713033977581,0.58468216777528648,5.4962564489335897e-05
6921,0.60980924035587514,0.60974419475082542,6.5045605049718347e-05
6922,0.65062488921468331,0.65056720846422111,5.7680750462196784e-05
6923,0.69749138171229552,0.69745674968508187,3.4632027213654659e-05
6924,0.73916616010503133,0.7391642293674624,1.9307375689336936e-06
6925,0.76463428416538515,0.76466589345878533,3.1609293400181038e-05
6926,0.76485890267404999,0.76491565369509551,5.6751021045520211e-05
6927,0.73423702150755865,0.73430342475054677,6.640324298812228e-05
6928,0.67153767648799045,0.67159533255979065,5.7656071800193942e-05
6929,0.58017823390398926,0.58021102158850402,3.2787684514756776e-05
6930,0.46779541971165534,0.46779426701429644,1.1526973588971146e-06
6931,0.34517532062009654,0.34514078720077246,3.4533419324078718e-05
6932,0.22470308200138667,0.22464512147217602,5.7960529210643319e-05
6933,0.11856675744554969,0.11850174131685731,6.5016128692377273e-05
6934,0.036987256731231717,0.036933021416725637,5.4235314506080601e-05
6935,-0.013258294645309416,-0.013287392960017881,2.9098314708465856e-05
6936,-0.029795609112094189,-0.029792283620002975,3.3254920912134667e-06
6937,-0.014949388366906759,-0.014915108679819346,3.4279687087412913e-05
6938,0.024667068705000728,0.024722723596765406,5.5654891764678194e-05
6939,0.079205483832618592,0.079267539214397609,6.2055381779016483e-05
6940,0.13711831148458853,0.13717031051112225,5.1999026533716686e-05
6941,0.18694169827256699,0.18697005539032219,2.8357117755201111e-05
6942,0.21905417395220486,0.21905177033839848,2.4036138063787682e-06
6943,0.22714313056728486,0.22711115796885861,3.1972598426244225e-05
6944,0.2091558161037404,0.20910336916105349,5.2446942686912301e-05
6945,0.16759032377254052,0.16753180445288166,5.8519319658861813e-05
6946,0.1090827589291085,0.10903368712361895,4.9071805489547815e-05
6947,0.043353365612119388,0.043326302358508803,2.7063253610584703e-05
6948,-0.018326426242729656,-0.018324809200019426,1.6170427102300822e-06
6949,-0.064911195644753131,-0.064881607822013479,2.958782273965177e-05
6950,-0.087331786591605648,-0.087281994746704297,4.979184490135069e-05
6951,-0.079950934078633032,-0.07989376565499974,5.7168423633291443e-05
6952,-0.041501344680631838,-0.041451630154481098,4.9714526150740346e-05
6953,0.024637409918644316,0.024666606983586761,2.9197064942445422e-05
6954,0.11086728029428487,0.11086818116935095,9.0087506607328116e-07
6955,0.20644205980986274,0.20641424551362772,2.7814296235023628e-05
6956,0.29901794741969429,0.29896849698907374,4.945043062054566e-05
6957,0.37644989992710853,0.37639157145062946,5.8328476479074798e-05
6958,0.42856185073928516,0.42850976789158624,5.208284769891991e-05
6959,0.44862262619908444,0.44859043268457027,3.2193514514167187e-05
6960,0.43430428233361068,0.43430078080753465,3.5015260760329348e-06
6961,0.38797859644365723,0.38800532011907229,2.6723675415063486e-05
6962,0.31630696659015783,0.31635748130758318,5.0514717425342859e-05
6963,0.22918704418845928,0.22924828370472378,6.1239516264494087e-05
6964,0.13821725385270672,0.138272582186136,5.5328333429277565e-05
6965,0.054913018738651113,0.054946769434570636,3.3750695919522455e-05
6966,-0.011052741197034976,-0.011050428101241749,2.3130957932278318e-06
6967,-0.053315748270106267,-0.053346000928968629,3.0252658862361947e-05
6968,-0.069771054409624805,-0.06982590421424173,5.4849804616924347e-05
6969,-0.062863745299054488,-0.062928361108210151,6.4615809155663118e-05
6970,-0.039175822900288086,-0.039232749692147642,5.6926791859555903e-05
6971,-0.0083731933098671347,-0.0084071023372563509,3.3909027389216265e-05
6972,0.018326426242772125,0.018324809200062481,1.6170427096437456e-06
6973,0.029931023342586422,0.029962387460833809,3.136411824738658e-05
6974,0.017424850562872372,0.017480986855441406,5.6136292569033269e-05
6975,-0.024775644394763253,-0.024709799729680376,6.5844665082876591e-05
6976,-0.097883417013390608,-0.097825975712017357,5.7441301373251097e-05
6977,-0.1984647922157261,-0.19843186572348193,3.292649224417854e-05
6978,-0.3188687130493541,-0.31886952340640745,8.103570533490867e-07
6979,-0.44829677682097768,-0.44833092795823365,3.4151137255966635e-05
6980,-0.57435351275688507,-0.57441110784650729,5.759508962221993e-05
6981,-0.68484242794808348,-0.6849070282490376,6.4600300954120726e-05
6982,-0.76953588603434531,-0.76958962049603474,5.3734461689436408e-05
6983,-0.8216518342757434,-0.82168042038325173,2.8586107508332681e-05
6984,-0.83881295555504509,-0.83880927799498262,3.677560062476104e-06
6985,-0.82334292799736131,-0.82330862426426776,3.430373309354362e-05
6986,-0.78185607406061386,-0.78180076383611463,5.5310224499227623e-05
6987,-0.72420370156106495,-0.72414220667421414,6.1494886850810282e-05
6988,-0.66193828327374016,-0.66188676432806004,5.1518945680117945e-05
6989,-0.60653039916856388,-0.60650214793035206,2.8251238211818297e-05
6990,-0.56760995880885423,-0.56761202008235523,2.0612735009972738e-06
6991,-0.55149989555246715,-0.55153124118113794,3.1345628670798042e-05
6992,-0.56026527739766219,-0.56031709358889326,5.1816191231068842e-05
6993,-0.59142234212978628,-0.59148044370218833,5.8101572402047275e-05
6994,-0.63835129318205985,-0.63840013419306296,4.8841011003109003e-05
6995,-0.69134989521066126,-0.69137671547615043,2.6820265489169159e-05
6996,-0.73916616010496849,-0.73916422936739901,1.9307375694888051e-06
6997,-0.77077577066690117,-0.77074594800844354,2.9822658457634432e-05
6998,-0.77713249870657441,-0.7770827984289167,4.9700277657716008e-05
6999,-0.75262391973357878,-0.75256729784420684,5.6621889371943901e-05
7000,-0.69600952943007188,-0.69596054767169557,4.8981758376309692e-05
7001,-0.61069719512459231,-0.61066837865928025,2.881646531205373e-05
7002,-0.50431433621488764,-0.50431316762523548,1.1685896521562711e-06
7003,-0.38763787532202215,-0.38766490155712113,2.7026235098981388e-05
7004,-0.27304388613784936,-0.27309248610539982,4.8599967550466694e-05
7005,-0.17271138920044116,-0.17276928300023994,5.7893799798786061e-05
7006,-0.09685224015836022,-0.096904320750976769,5.2080592616549071e-05
7007,-0.052234631641629253,-0.05226685135688959,3.2219715260337067e-05
7008,-0.041224182754365658,-0.04122747734008083,3.2945857151717162e-06
7009,-0.061487747002242105,-0.061460681852759894,2.7065149482211059e-05
7010,-0.10640376041263318,-0.10635315589871071,5.0604513922469785e-05
7011,-0.16611580814545318,-0.16605508790953291,6.072023592026965e-05
7012,-0.22906827688176218,-0.22901386589981498,5.4410981947194959e-05
7013,-0.28378944009245199,-0.28375631463436018,3.3125458091809445e-05
7014,-0.32065027617670866,-0.32064782835033556,2.4478263730975947e-06
7015,-0.33333091833406664,-0.33336034078176113,2.9422447694493759e-05
7016,-0.31977161278597593,-0.3198254863073744,5.3873521398462021e-05
7017,-0.28246366228530867,-0.28252781562711876,6.4153341810091469e-05
7018,-0.22803653656963754,-0.22809359870508028,5.7062135442736972e-05
7019,-0.16620410133336305,-0.16623824726953909,3.4145936176038783e-05
7020,-0.10823176955628165,-0.10823333152342701,1.5619671453609429e-06
7021,-0.065159290462022235,-0.065127605399532204,3.1685062490030558e-05
7022,-0.046050468529960073,-0.045994171951873553,5.6296578086520443e-05
7023,-0.056537499659429259,-0.056472139210784186,6.5360448645072899e-05
7024,-0.097882840512811653,-0.097826392410237425,5.6448102574227499e-05
7025,-0.16670238832688375,-0.16667024807205694,3.2140254826812376e-05
7026,-0.25539394361933371,-0.25539478159932177,8.3797998806645069e-07
7027,-0.35320752848661174,-0.35324093562086856,3.3407134256813187e-05
7028,-0.44779593632758347,-0.44785255102848909,5.6614700905621707e-05
7029,-0.52701105631259693,-0.52707516200951365,6.4105696916727517e-05
7030,-0.58067405122132199,-0.58072793808569145,5.3886864369467879e-05
7031,-0.60205131397012868,-0.60208024351055378,2.8929540425104427e-05
7032,-0.58881284676005674,-0.58880927799498151,3.5687650752347366e-06
7033,-0.54332876452554091,-0.54329428284253634,3.4481683004572439e-05
7034,-0.47225919393112575,-0.47220377877691133,5.5415154214422113e-05
7035,-0.38550088974941071,-0.38543984339188042,6.1046357530292195e-05
7036,-0.29465172520766297,-0.29460114964254747,5.0575565115507093e-05
7037,-0.21122692215966027,-0.21119949919577655,2.7422963883722007e-05
7038,-0.14489955646209959,-0.14490180169061045,2.2452285108609527e-06
7039,-0.10203444419625399,-0.10206524182421386,3.0797627959877616e-05
7040,-0.084737466453294871,-0.08478842115504702,5.0954701752148335e-05
7041,-0.090564861445856154,-0.0906224393930634,5.7577947207246294e-05
7042,-0.11293632553551902,-0.11298521214506058,4.8886609541554105e-05
7043,-0.1421879945722592,-0.14221513761802135,2.7143045762151319e-05
7044,-0.16710450833769369,-0.16710282654977457,1.6817879191222129e-06
7045,-0.17669656382529075,-0.1766667972769401,2.9766548350657063e-05
7046,-0.16195149948636239,-0.1619018630180746,4.9636468287789226e-05
7047,-0.11728923429875816,-0.11723303195203164,5.6202346726527685e-05
7048,-0.041500666963618371,-0.041452463567195695,4.820339642267607e-05
7049,0.061976355085046439,0.062004429593047014,2.8074508000575094e-05
7050,0.18548634702153885,0.18548721542389759,8.6840235874463545e-07
7051,0.31822617545490894,0.31819943392238487,2.6741532524077183e-05
7052,0.4477953014017601,0.447747346543939,4.7954857821108643e-05
7053,0.56199180511999502,0.56193445406961051,5.7351050384513158e-05
7054,0.65058225318728213,0.6505303339874815,5.1919199800631866e-05
7055,0.70677852066186431,0.70674612126624281,3.2399395621496296e-05
7056,0.72819703637599165,0.72819340695373835,3.6294222532928799e-06
7057,0.7171549878870952,0.71718172305021266,2.6735163117463934e-05
7058,0.68025992718182238,0.68031022294075283,5.0295758930452017e-05
7059,0.6273560795741312,0.62741639668959059,6.031711545939622e-05
7060,0.56998849824561959,0.5700423755063817,5.3877260762114076e-05
7061,0.51962012667011237,0.51965270625310833,3.2579582995961864e-05
7062,0.48587313978299329,0.48587523662670273,2.0968437094426307e-06
7063,0.4750625791742028,0.47503316800348783,2.9411170714976898e-05
7064,0.4892454142464448,0.48919191874907653,5.3495497368272193e-05
7065,0.52592953599376202,0.5258659300056423,6.3605988119719292e-05
7066,0.57848651573253274,0.57842987665380285,5.6639078729880943e-05
7067,0.63720533932255818,0.6371712478322793,3.4091490278886916e-05
7068,0.6908252308646381,0.69082332116406275,1.9097005753421215e-06
7069,0.72831301629290246,0.72834411760490536,3.1101312002901338e-05
7070,0.74061348822732098,0.7406692086861808,5.5720458859820354e-05
7071,0.72210507234220267,0.72217003040194816,6.4958059745490182e-05
7072,0.67153789669161201,0.67159408240026586,5.6185708653844202e-05
7073,0.59231039262512164,0.59234225033566412,3.1857710542482209e-05
7074,0.4920406242058577,0.49203946095747686,1.1632483808421412e-06
7075,0.38149618151914116,0.38146256148533975,3.3620033801418092e-05
7076,0.27304377466356133,0.27298727802367873,5.6496639882608335e-05
7077,0.17885297691927965,0.17878940720351039,6.3569715769262736e-05
7078,0.10912605845212472,0.10907285354917502,5.320490294970226e-05
7079,0.07062164016425683,0.070593038959343171,2.8601204913658584e-05
7080,0.065695935256400009,0.065699219192504085,3.2839361040759574e-06
7081,0.092006504747938325,0.092040224572178878,3.371982424055231e-05
7082,0.14292255410351792,0.14297716202971342,5.4607926195493484e-05
7083,0.20857844585949334,0.20863907516231375,6.0629302820414122e-05
7084,0.27740929305485412,0.2774598454860096,5.0552431155481692e-05
7085,0.3379341906189462,0.33796160444155454,2.7413822608346461e-05
7086,0.38051518025051739,0.3805127063721499,2.4738783674926879e-06
7087,0.39882365621654609,0.39879251940294103,3.1136813605059377e-05
7088,0.39079127728865781,0.39074024408442992,5.1033204227890483e-05
7089,0.3589008578741627,0.3588437905855561,5.7067288606604816e-05
7090,0.30977341837216515,0.30972541304012013,4.8005332045020221e-05
7091,0.25311454632949804,0.25308798534180904,2.6560987688994953e-05
7092,0.20018168107196052,0.20018320302436607,1.5219524055476441e-06
7093,0.16200686935915515,0.16203581064755884,2.8941288403694365e-05
7094,0.14764644587737938,0.14769513103432055,4.8685156941175034e-05
7095,0.16272532152572702,0.16278108040330153,5.5758877574502153e-05
7096,0.20849879484349995,0.20854713053425672,4.8335690756767802e-05
7097,0.28157584276564168,0.28160413223509972,2.8289469458042671e-05
7098,0.37434769582767369,0.3743484820413967,7.8621372301412862e-07
7099,0.47605813576994399,0.47603105395908446,2.7081810859530542e-05
7100,0.57435401663694419,0.57430589257001363,4.8124066930554932e-05
7101,0.65708154851437939,0.65702467391871111,5.6874595668277017e-05
7102,0.71405642283325232,0.71400548079930459,5.094203394773178e-05
7103,0.73853985247081277,0.73850821315498238,3.1639315830389592e-05
7104,0.72819703637602518,0.72819340695377199,3.6294222531818576e-06
7105,0.68539365607821356,0.68541963133343153,2.5975255217969284e-05
7106,0.61678575753591625,0.61683507672444426,4.9319188528018643e-05
7107,0.53226633617980579,0.53232617787190051,5.9841692094719789e-05
7108,0.4434297830104903,0.44348383067126318,5.4047660772882367e-05
7109,0.36178816635512689,0.36182108707591798,3.2920720791085323e-05
7110,0.29701179097690389,0.29701397000924951,2.1790323456172267e-06
7111,0.25546309149365015,0.2554334641582337,2.9627335416448908e-05
7112,0.23924595243936772,0.23919232226585749,5.3630173510232915e-05
7113,0.24591498016931865,0.24585181455628857,6.3165613030075063e-05
7114,0.26888857036883518,0.26883287962418606,5.5690744649117274e-05
7115,0.29850190613816002,0.29846863801700879,3.3268121151230901e-05
7116,0.32353904145503548,0.32353729158997468,1.7498650607961075e-06
7117,0.33301047539120016,0.33304099687974165,3.0521488541490616e-05
7118,0.31790374431969498,0.31795858766925217,5.4843349557187615e-05
7119,0.27263935302224396,0.27270380558019885,6.4452557954897127e-05
7120,0.19600915294971996,0.1960654219245142,5.6268974794243531e-05
7121,0.091452292212381187,0.091484492030769998,3.2199818388811696e-05
7122,-0.033374112506703406,-0.033375047105227332,9.3459852392591136e-07
7123,-0.1676649312594149,-0.16769854541794293,3.3614158528039173e-05
7124,-0.2990172435989138,-0.29907372305946001,5.6479460546210447e-05
7125,-0.4152263586895919,-0.41528951857026547,6.3159880673568924e-05
7126,-0.5060556895824988,-0.50610809380754418,5.2404225045377117e-05
7127,-0.56471362910921541,-0.56474147240898065,2.7843299765240026e-05
7128,-0.58881284676006362,-0.58880927799498806,3.5687650755678035e-06
7129,-0.58066644938646661,-0.58063305360030804,3.3395786158574303e-05
7130,-0.54687755556995898,-0.54682362186406142,5.3933705897568629e-05
7131,-0.49728558737242057,-0.49722548476824902,6.0102604171552443e-05
7132,-0.44343041793633015,-0.44337997522955885,5.0442706771292034e-05
7133,-0.39676951938684402,-0.39674188767961671,2.763170722730468e-05
7134,-0.36691938757470338,-0.36692153618467777,2.1486099743839304e-06
7135,-0.36018912473547737,-0.36021998433370245,3.085959822507478e-05
7136,-0.3786294599157693,-0.37868024025378166,5.0780338012368365e-05
7137,-0.41974171412745803,-0.41979839037265021,5.6676245192177621e-05
7138,-0.47689053838509238,-0.47693797772116581,4.7439336073429317e-05
7139,-0.54035776042539496,-0.5403837436791844,2.5983253789441108e-05
7140,-0.59887531934892613,-0.59887344966309108,1.8696858350431e-06
7141,-0.64140257129673872,-0.64137367809379286,2.8893202945856622e-05
7142,-0.65887660642477586,-0.65882833301015342,4.8273414622435062e-05
7143,-0.64566787675334592,-0.64561265182086303,5.5224932482889066e-05
7144,-0.60051823218894484,-0.60047026261223335,4.7969576711492934e-05
7145,-0.52681765474267306,-0.52678936950202626,2.828524064679705e-05
7146,-0.43217572013209066,-0.43217458293570388,1.1371963867801149e-06
7147,-0.32735143099269454,-0.32737797432050225,2.65433278077154e-05
7148,-0.22470275849051474,-0.22475036193746864,4.7603446953897732e-05
7149,-0.13639033920527582,-0.13644682615234582,5.6486947070000237e-05
7150,-0.072607264761260837,-0.072657911737062514,5.0646975801676986e-05
7151,-0.04010288241856199,-0.04013419982785469,3.1317409292699883e-05
7152,-0.041224182754346118,-0.041227477340061623,3.2945857155047831e-06
7153,-0.073619496225271919,-0.073593332865960592,2.6163359311326406e-05
7154,-0.13064873580969949,-0.13059956312581752,4.9172683881965051e-05
7155,-0.20243685814059173,-0.20237754166261485,5.9316477976883997e-05
7156,-0.2774094045290777,-0.27735598649417387,5.3418034903829348e-05
7157,-0.34407588442176751,-0.34404323929197511,3.2645129792396865e-05
7158,-0.39278889225949837,-0.39278641303985928,2.4792196390843735e-06
7159,-0.41721045871598272,-0.41723935354960129,2.8894833618564597e-05
7160,-0.41526291002710108,-0.41531577851395446,5.2868486853374641e-05
7161,-0.38941970526553843,-0.38948247093485017,6.2765669311737327e-05
7162,-0.34629242885143097,-0.346348073057757,5.5644206326033174e-05
7163,-0.29557730070351723,-0.29561052285798883,3.3222154471601595e-05
7164,-0.24852261031231357,-0.24852411122772583,1.5009154122613833e-06
7165,-0.21615142524727807,-0.21612057049106492,3.0854756213144485e-05
7166,-0.20751122332691868,-0.20745631591621491,5.4907410703769477e-05
7167,-0.22821812766175173,-0.22815417706621674,6.3950595534989496e-05
7168,-0.27951865799470327,-0.27946323145096352,5.5426543739744982e-05
7169,-0.3580131591438776,-0.35798149615081021,3.1662993067393952e-05
7170,-0.45608451485349322,-0.45608526549700656,7.5064351334752644e-07
7171,-0.56296840826834404,-0.56300120567194623,3.279740360218053e-05
7172,-0.66630380166500747,-0.66635935799511559,5.5556330108119667e-05
7173,-0.75392917050125507,-0.75399190557947249,6.2735078217412976e-05
7174,-0.81565256971198818,-0.8157050997127645,5.2530000776318531e-05
7175,-0.84472779258103037,-0.84475582603818444,2.8033457154075236e-05
7176,-0.83881295555504176,-0.83880927799498062,3.6775600611438364e-06
7177,-0.80026696969206856,-0.80023321792145929,3.3751770609269371e-05
7178,-0.73573939038296898,-0.73568528223652319,5.410814644579709e-05
7179,-0.6551169590078969,-0.65505732521654547,5.9633791351432208e-05
7180,-0.56998799436562864,-0.56993850941373614,4.9484951892497797e-05
7181,-0.49185876772121651,-0.49183186677728907,2.6900943927432586e-05
7182,-0.43039415700474354,-0.43039627799178237,2.1209870388338992e-06
7183,-0.39195152862435267,-0.3919816155689656,3.0086944612928157e-05
7184,-0.37863003641639376,-0.37867984738146498,4.9810965071228619e-05
7185,-0.38797985886284725,-0.38803607874746082,5.6219884613573079e-05
7186,-0.41341521929231961,-0.41346284333582373,4.7624043504113089e-05
7187,-0.44526744662084439,-0.44529376509094826,2.6318470103869895e-05
7188,-0.47231712354992272,-0.47231530893965368,1.8146102690463906e-06
7189,-0.48357166327327961,-0.48354251854532099,2.9144727958618777e-05
7190,-0.47001589275544636,-0.4699674583831312,4.8434372315164786e-05
7191,-0.42606795976709405,-0.42601316738114875,5.4792385945301447e-05
7192,-0.3505176738125792,-0.35047065430882884,4.701950375035624e-05
7193,-0.24680248467868618,-0.2467750143446078,2.7470334078377734e-05
7194,-0.12257818515238561,-0.12257718268657802,1.0024658075868942e-06
7195,0.011351027838437966,0.011325094099644615,2.5933738793351702e-05
7196,0.14258277224397353,0.14253605874585173,4.6713498121797592e-05
7197,0.25891251312863928,0.25885651347582089,5.5999652818383705e-05
7198,0.35010346224151195,0.35005269747031625,5.0764771195699332e-05
7199,0.40936346102729637,0.40933178580663598,3.1675220660387637e-05
7200,0.43430428233356716,0.43430078080748935,3.5015260778092916e-06
7201,0.42723776161536026,0.4272639678569885,2.620624162824603e-05
7202,0.39476535508785099,0.39481455470814286,4.9199620291873192e-05
7203,0.34672443098685568,0.34678334683988393,5.8915853028251863e-05
7204,0.29465242902836347,0.29470502638804258,5.2597359679107392e-05
7205,0.25000405071002046,0.25003592514885742,3.1874438836954067e-05
7206,0.22239272424958689,0.22239493575464081,2.2115050539173176e-06
7207,0.21812414632718025,0.21809561437867572,2.853194850452323e-05
7208,0.23924527472228077,0.2391931080225401,5.2166699740674449e-05
7209,0.28325328038936426,0.28319102513656325,6.2255252801013405e-05
7210,0.34350828326350802,0.34345269904729864,5.5584216209381143e-05
7211,0.41028727431861184,0.41025379892516589,3.3475393445947521e-05
7212,0.47231712354991401,0.47231530893964191,1.8146102720995039e-06
7213,0.51855183557549545,0.51858246609124559,3.0630515750140752e-05
7214,0.53992282878424325,0.53997753817063487,5.4709386391627035e-05
7215,0.53079453824056544,0.53085810927301424,6.3571032448805909e-05
7216,0.48990243550668405,0.48995726466572753,5.482915904347907e-05
7217,0.42062986697585159,0.42066092243569947,3.1055459847884048e-05
7218,0.33057961790753465,0.33057852492371653,1.0929838181183982e-06
7219,0.23050368917274852,0.23047097786767981,3.2711305068711116e-05
7220,0.13275279309327823,0.13269768228397072,5.5110809307507003e-05
7221,0.049480014892384447,0.049417800058078443,6.2214834306004163e-05
7222,-0.0091294269464142208,-0.0091816474366896005,5.2220490275379713e-05
7223,-0.036334252950608589,-0.036362330923800597,2.8077973192007499e-05
7224,-0.029795609112110575,-0.029792283620021186,3.3254920893885376e-06
7225,0.0081265699383612569,0.0081598303163502705,3.3260377989013587e-05
7226,0.070783752382619608,0.070837396026564942,5.3643643945333608e-05
7227,0.1482922263857617,0.14835148666768572,5.9260281924017333e-05
7228,0.22906860039267818,0.2291177568521417,4.9156459463517432e-05
7229,0.30161332971989507,0.3016398698855115,2.6540165616428801e-05
7230,0.35626997575629832,0.3562675124289546,2.4633273437157932e-06
7231,0.38669149749538229,0.38666124989465683,3.0247600725452628e-05
7232,0.39079105708498818,0.39074142274935997,4.9634335628212511e-05
7233,0.37103280703945341,0.37097710134666867,5.5705692784735472e-05
7234,0.33401883281881423,0.33397178476581968,4.7048052994547174e-05
7235,0.28943581420189218,0.28940971836922136,2.6095832670824937e-05
7236,0.2485226103122628,0.24852411122767232,1.5009154095135813e-06
7237,0.22229291174880755,0.22232135635937184,2.8444610564282158e-05
7238,0.21978481935945784,0.2198325397052488,4.7720345790952523e-05
7239,0.24660502588778666,0.24665943493217576,5.4409044389108763e-05
7240,0.30399051093679835,0.30403745820988259,4.6947273084241292e-05
7241,0.38853212036449358,0.38855950670395151,2.7386339457924347e-05
7242,0.49260343135673873,0.49260416610796132,7.3475122258637171e-07
7243,0.60543096297028509,0.60540470542105917,2.6257549225916499e-05
7244,0.71464460580148959,0.71459784564865259,4.6760152836999858e-05
7245,0.80807380225617165,0.80801829574120099,5.550651497066017e-05
7246,0.8755175531391497,0.87546758932646618,4.9963812683517794e-05
7247,0.91022071886800993,0.91018953341202913,3.1185455980797805e-05
7248,0.90983274742154996,0.9098290389551108,3.7084664391562328e-06
7249,0.87670410506127106,0.87672950660812066,2.5401546849601608e-05
7250,0.8174760820906577,0.81752438988981435,4.8307799156654951e-05
7251,0.74202728332078582,0.74208579269896502,5.8509378179194549e-05
7252,0.6619379597628503,0.66199067304357251,5.2713280722205269e-05
7253,0.58870650954114057,0.58873854668321601,3.2037142075447278e-05
7254,0.53199025922927412,0.53199233600374884,2.0767744747240968e-06
7255,0.49813931639115017,0.49811041642316706,2.8899967983109232e-05
7256,0.48924583309863529,0.48919349035827375,5.2342740361532858e-05
7257,0.50285319737561573,0.50279140335326,6.1794022355732281e-05
7258,0.53236899693285,0.53231434770917663,5.4649223673375324e-05
7259,0.56811818234209643,0.56808540536364482,3.2776978451609651e-05
7260,0.59887531934895588,0.59887344966311928,1.8696858365974123e-06
7261,0.6136421493800942,0.61367199778797588,2.9848407881671868e-05
7262,0.60339814787707036,0.60345189851573044,5.3750638660088335e-05
7263,0.56255639350523223,0.56261952711182162,6.3133606589382829e-05
7264,0.48990185900611266,0.48995688349483818,5.5024488725519127e-05
7265,0.38886746308702314,0.38889884430551197,3.1381218488835128e-05
7266,0.26710484847753124,0.26710378311664823,1.0653608830124561e-06
7267,0.13541444083839979,0.13538144566684063,3.299517155916365e-05
7268,0.0061952166639893495,0.0061399221494324863,5.5294514556863267e-05
7269,-0.10835135674309661,-0.1084131465927501,6.178984965349299e-05
7270,-0.19799126175944218,-0.19804253375612599,5.1271996683810439e-05
7271,-0.25593477325623887,-0.25596204834422892,2.727508799005296e-05
7272,-0.27979571790712321,-0.27979228362004688,3.4342870763315325e-06
7273,-0.27188759353348835,-0.27185497021573801,3.2623317750335445e-05
7274,-0.23881312774689831,-0.23876038393900428,5.2743807894023442e-05
7275,-0.1904105854259168,-0.19035179415161751,5.8791274299280216e-05
7276,-0.13821795767341291,-0.13816865214769974,4.9305525713166931e-05
7277,-0.09369014728900861,-0.09366323727578417,2.6910013224440421e-05
7278,-0.066440426590441817,-0.066442705962776114,2.2793723342962036e-06
7279,-0.062773953860804657,-0.062804291377170696,3.0337516366038542e-05
7280,-0.084736753859345065,-0.084786456553649109,4.9702694304043504e-05
7281,-0.12982467364444211,-0.12987998747537996,5.5313830937847586e-05
7282,-0.19139613482769818,-0.19144234474284416,4.6209915145978275e-05
7283,-0.2597260864364942,-0.25975140208681996,2.5315650325763439e-05
7284,-0.32353904145501339,-0.32353729158995348,1.7498650599079291e-06
7285,-0.37178629509282302,-0.37175825143287644,2.8043659946574984e-05
7286,-0.39539617986079234,-0.39534918706247746,4.6992798314882123e-05
7287,-0.38872965954708549,-0.38867574439900415,5.3915148081340458e-05
7288,-0.35051835152971283,-0.35047141666054898,4.6934869163850479e-05
7289,-0.28414142984520147,-0.28411375792676119,2.7671918440275167e-05
7290,-0.19719725187973677,-0.19719621694122139,1.0349385153873847e-06
7291,-0.10043308780668299,-0.10045917402120373,2.6086214520743001e-05
7292,-0.0061945817381427286,-0.0062411974162631337,4.6615678120405166e-05
7293,0.073370607935725793,0.073315470064000646,5.5137871725147169e-05
7294,0.12808305979350695,0.12803372358199627,4.9336211510681016e-05
7295,0.15120756656451984,0.15117701614437823,3.0550420141606249e-05
7296,0.14041152829119372,0.14040815466129292,3.3736299007991466e-06
7297,0.098061370171927578,0.098086646690417667,2.5276518490088828e-05
7298,0.030812394496185298,0.030860223236751548,4.7828740566250444e-05
7299,-0.051444604398824902,-0.051386601248321284,5.8003150503617429e-05
7300,-0.13711881536456424,-0.1370663555862901,5.2459778274144275e-05
7301,-0.21470305722145855,-0.21467092853779643,3.2128683662119295e-05
7302,-0.27453315673045625,-0.27453072897331876,2.4277571374908824e-06
7303,-0.3102541811171361,-0.3102826383690529,2.8457251916802484e-05
7304,-0.31977119393378489,-0.31982312865394091,5.193472015602163e-05
7305,-0.30554000090343519,-0.30560143497412162,6.1434070686428033e-05
7306,-0.27415405536928428,-0.27420834219488305,5.4286825598770516e-05
7307,-0.23529125831377654,-0.23532363642571574,3.2378111939207477e-05
7308,-0.20018168107191139,-0.20018320302431766,1.5219524062692891e-06
7309,-0.17983015737478159,-0.1798001781886473,2.9979186134287961e-05
7310,-0.18326580888017388,-0.1832122663986728,5.3542481501078765e-05
7311,-0.21608617849638051,-0.21602354776520025,6.2630731180263188e-05
7312,-0.27951887819831195,-0.2794643750030984,5.450319521355107e-05
7313,-0.37014531786500265,-0.37011410639439818,3.1211470604475267e-05
7314,-0.48032971934769381,-0.4803304594401846,7.4009249079187711e-07
7315,-0.59928926916739378,-0.59932159948713115,3.2330319737372548e-05
7316,-0.71464449432719279,-0.71469912439276084,5.4630065568050945e-05
7317,-0.81421538997500009,-0.81427681258084306,6.1422605842964551e-05
7318,-0.88779137143289943,-0.88784254346945701,5.1172036557578515e-05
7319,-0.92860772739061526,-0.92863487954134305,2.7152150727793867e-05
7320,-0.93430449992355302,-0.934300780807505,3.7191160480176677e-06
7321,-0.90722286280692699,-0.90718992856357472,3.2934243352267245e-05
7322,-0.8539948757814948,-0.85394210549067728,5.2770290817516496e-05
7323,-0.78448992103477466,-0.78443161389305216,5.8307141722502287e-05
7324,-0.71027897593589295,-0.7102304274333302,4.8548502562750784e-05
7325,-0.64285126006759197,-0.64282479116730773,2.6468900284237762e-05
7326,-0.59185516330305221,-0.59185721402552949,2.0507224772758903e-06
7327,-0.56363205427361218,-0.5636616026894542,2.9548415842017839e-05
7328,-0.56026549760131439,-0.5603143428115277,4.8845210213310786e-05
7329,-0.57929039296448015,-0.57934531830275038,5.4925338270228607e-05
7330,-0.61410587873539568,-0.6141521915339343,4.6312798538616917e-05
7331,-0.65502862733825218,-0.65505407581017094,2.5448471918765314e-05
7332,-0.69082523086465031,-0.69082332116407652,1.9097005737878092e-06
7333,-0.71048972827723222,-0.71046130825475395,2.8420022478270468e-05
7334,-0.70499412522447924,-0.70494695833436927,4.7166890109973103e-05
7335,-0.6687442153715023,-0.66869075387115151,5.3461500350793223e-05
7336,-0.60051781333675591,-0.60047178739443396,4.6025942321947788e-05
7337,-0.50374091752572159,-0.50371390878829514,2.700873742644827e-05
7338,-0.38605860068580383,-0.3860574835586531,1.1171271507293135e-06
7339,-0.25826504812166295,-0.25829034617708851,2.5298055425559962e-05
7340,-0.13275329697328614,-0.13279896798341329,4.567101012714625e-05
7341,-0.02171913545863326,-0.021773854700969132,5.4719242335871804e-05
7342,0.064608890147549711,0.064559351642487786,4.9538505061924587e-05
7343,0.11944623475557604,0.11941537145907653,3.0863296499511472e-05
7344,0.14041152829116041,0.14040815466125969,3.3736299007158799e-06
7345,0.12982270198080978,0.12984829154229782,2.5589561488043033e-05
7346,0.094286564142094673,0.094334595753470252,4.8031611375579097e-05
7347,0.043645138995506198,0.043702724516461317,5.7585520955118208e-05
7348,-0.010560100129426918,-0.0105085838646286,5.1516264798318404e-05
7349,-0.056871096906464934,-0.056839755548696927,3.1341357768006894e-05
7350,-0.085671807924362089,-0.085669462355860287,2.3455685018020089e-06
7351,-0.090654693436584388,-0.09068248867397169,2.7795237387301386e-05
7352,-0.069771732126716238,-0.069822760229071731,5.102810235549371e-05
7353,-0.025525445079007558,-0.025586428501499225,6.0983422491667216e-05
7354,0.035443889994392186,0.035389426190690479,5.4463803701707003e-05
7355,0.1034121748705976,0.10337941856307317,3.2756307524431372e-05
7356,0.16710450833766799,0.16710282654974717,1.681787920815303e-06
7357,0.21547238352690132,0.21550249770096974,3.0114174068424093e-05
7358,0.23944393502743952,0.23949758443318347,5.3649405743955159e-05
7359,0.23337954082357376,0.23344178806135046,6.2247237776702491e-05
7360,0.19600986554358318,0.19606351587283635,5.3650329253168705e-05
7361,0.13071278254774707,0.13074320775075379,3.0425203006723134e-05
7362,0.045085017364878952,0.045084048622531438,9.6874234751381794e-07
7363,-0.05012815638882627,-0.050160048761848416,3.1892373022146536e-05
7364,-0.14258347606471083,-0.14263735487983742,5.3878815126584545e-05
7365,-0.22013605436612799,-0.22019699983844726,6.0945472319273719e-05
7366,-0.2726096233982826,-0.27266082826777249,5.1204869489895888e-05
7367,-0.29327245811715685,-0.29329992502631907,2.7466909162221498e-05
7368,-0.27979571790710805,-0.27979228362003228,3.434287075776421e-06
7369,-0.23454990867254358,-0.23451709320031036,3.2815472233216347e-05
7370,-0.16419476610803932,-0.16414208827271487,5.2677835324449473e-05
7371,-0.078625887802880101,-0.078567938906045742,5.7948896834358887e-05
7372,0.010560735055276384,0.010608627190810448,4.7892135534063907e-05
7373,0.091852449938188516,0.091878258819435232,2.5808881246716653e-05
7374,0.15557940452216429,0.15557702853129388,2.3759908704124033e-06
7375,0.19538072667841078,0.19535134284433914,2.9383834071639026e-05
7376,0.20915523960311461,0.20910690644976573,4.8333153348872893e-05
7377,0.19935217903714411,0.19929774557538416,5.4433461759956225e-05
7378,0.17255807802186532,0.17251196356647866,4.6114455386658815e-05
7379,0.1384436794166447,0.13841809433368066,2.5585082964046935e-05
7380,0.10823176955624018,0.10823333152338367,1.5619671434874416e-06
7381,0.092919712378666294,0.09294773970077444,2.8027322108145625e-05
7382,0.10152892707768216,0.10157574253848518,4.6815460803026343e-05
7383,0.13964898290757929,0.13970209745526299,5.3114547683696944e-05
7384,0.2084992136956994,0.20854484316398436,4.5629468284957841e-05
7385,0.30465257998260514,0.30467915283683317,2.6572854228024134e-05
7386,0.42046481527397345,0.42046558141846058,7.6614448712986061e-07
7387,0.5451445186409879,0.54511912187773071,2.5396763257190536e-05
7388,0.66630347815418278,0.66625804794548538,4.5430208697405661e-05
7389,0.7717527522610298,0.77169852424710916,5.4228013920631923e-05
7390,0.85127257774206666,0.85122350501712862,4.9072724938037382e-05
7391,0.89808896964495122,0.89805822354378617,3.0746101165046724e-05
7392,0.9098327474215302,0.90982903895509115,3.7084664390452104e-06
7393,0.88883585428429202,0.88886081697637109,2.4962692079077975e-05
7394,0.84172105748770654,0.84176847593132686,4.7418443620328432e-05
7395,0.77834833331590103,0.77840556719330423,5.7233877403195521e-05
7396,0.7102790874101389,0.71033047421114048,5.1386801001584992e-05
7397,0.6489929538704271,0.64902413272676351,3.1178856336411265e-05
7398,0.60412887531203596,0.60413092069324459,2.0453812086262957e-06
7399,0.58201885677303911,0.5819907667899582,2.808998308090338e-05
7400,0.58473713033973673,0.58468609847531705,5.1031864419681661e-05
7401,0.60980924035582451,0.60974873182931655,6.0508526507963012e-05
7402,0.65062488921462436,0.65057113621485019,5.3752999774170362e-05
7403,0.69749138171223124,0.69745901652170039,3.2365190530847521e-05
7404,0.73916616010496639,0.73916422936739656,1.9307375698218721e-06
7405,0.76463428416532575,0.76466362832415069,2.9344158824939903e-05
7406,0.76485890267399992,0.76491173184063832,5.2829166638401759e-05
7407,0.73423702150752224,0.73429889788463187,6.1876377109637559e-05
7408,0.67153767648796781,0.67159141365227093,5.3737164303124807e-05
7409,0.58017823390397949,0.58020875985671894,3.052595273944636e-05
7410,0.46779541971165473,0.46779426701429722,1.1526973575093358e-06
7411,0.34517532062010065,0.34514304723186107,3.2273388239578704e-05
7412,0.22470308200138978,0.22464903448830423,5.4047513085547783e-05
7413,0.11856675744554694,0.11850625797857262,6.0499466974325844e-05
7414,0.036987256731219859,0.036936931488366645,5.0325242853213603e-05
7415,-0.013258294645331509,-0.013285136328940284,2.684168360877516e-05
7416,-0.029795609112125324,-0.029792283620035158,3.3254920901656937e-06
7417,-0.014949388366943765,-0.014917363611662945,3.2024755280819078e-05
7418,0.024667068704962242,0.024718819411603542,5.1750706641300742e-05
7419,0.079205483832583287,0.079263032748417075,5.7548915833788294e-05
7420,0.13711831148456016,0.1371664092680383,4.8097783478140421e-05
7421,0.18694169827254764,0.18696780385570433,2.6105583156688095e-05
7422,0.2190541739521942,0.21905177033838882,2.4036138053795675e-06
7423,0.22714313056728058,0.22711340780553801,2.9722761742567716e-05
7424,0.20915581610373801,0.20910726452235254,4.8551581385475329e-05
7425,0.16759032377253499,0.16753630073131998,5.4023041215017775e-05
7426,0.10908275892909464,0.10903757954520953,4.5179383885110558e-05
7427,0.043353365612093166,0.043328548800695761,2.4816811397404548e-05
7428,-0.018326426242770054,-0.018324809200061097,1.6170427089567951e-06
7429,-0.064911195644807296,-0.064883852567725955,2.7343077081340428e-05
7430,-0.08733178659167061,-0.087285881291328096,4.5905300342513611e-05
7431,-0.079950934078704072,-0.079898251754168592,5.2682324535480163e-05
7432,-0.041501344680703357,-0.041455513761752445,4.583091895091207e-05
7433,0.024637409918577775,0.024664365629633367,2.6955711055591525e-05
7434,0.11086728029422767,0.11086818116929456,9.0087506689207064e-07
7435,0.20644205980981739,0.20641648517225353,2.5574637563863245e-05
7436,0.29901794741966092,0.29897237472383603,4.5572695824891429e-05
7437,0.37644989992708527,0.37639604737839749,5.3852548687782775e-05
7438,0.42856185073926889,0.42851364269131059,4.8208047958298028e-05
7439,0.44862262619907062,0.44859266895411704,2.9957244953582318e-05
7440,0.43430428233359536,0.43430078080751844,3.5015260769211132e-06
7441,0.38797859644363769,0.38800308554338742,2.4489099749724907e-05
7442,0.31630696659013291,0.3163536123756478,4.6645785514887184e-05
7443,0.22918704418842972,0.22924381794028692,5.6773751857197574e-05
7444,0.13821725385267539,0.13826871618697886,5.146233430347591e-05
7445,0.054913018738621824,0.054944538245365021,3.1519506743196701e-05
7446,-0.011052741197058149,-0.011050428101263908,2.3130957942409103e-06
7447,-0.05331574827011986,-0.053343771432400149,2.8023162280288449e-05
7448,-0.06977105440962679,-0.069822044078440795,5.0989668814005462e-05
7449,-0.062863745299044954,-0.062923905499370075,6.0160200325121149e-05
7450,-0.039175822900269282,-0.039228892486873362,5.3069586604080621e-05
7451,-0.0083731933098432649,-0.0084048762245564398,3.1682914713174887e-05
7452,0.018326426242795624,0.018324809200085772,1.6170427098519125e-06
7453,0.029931023342603724,0.029960163039487613,2.9139696883888344e-05
7454,0.017424850562878347,0.017477135509074666,5.2284946196318877e-05
7455,-0.024775644394772062,-0.024714245190634258,6.1399204137804059e-05
7456,-0.09788341701341538,-0.097829824130070922,5.359288334445822e-05
7457,-0.19846479221576549,-0.19843408676352303,3.0705452242457687e-05
7458,-0.31886871304940428,-0.3188695234064573,8.1035705301601979e-07
7459,-0.44829677682103275,-0.44832870860833729,3.1931787304539938e-05
7460,-0.5743535127569388,-0.57440726528304165,5.3752526102845977e-05
7461,-0.68484242794812811,-0.68490259292844979,6.0164980321686379e-05
7462,-0.76953588603437661,-0.76958578085872165,4.9894824345031452e-05
7463,-0.82165183427575761,-0.82167820441216999,2.6370136412379175e-05
7464,-0.83881295555504121,-0.83880927799497895,3.6775600622540594e-06
7465,-0.82334292799734055,-0.82331083854653553,3.208945080501735e-05
7466,-0.78185607406058155,-0.78180459762322252,5.1476437359032623e-05
7467,-0.72420370156102665,-0.72414663186195471,5.7069699071932156e-05
7468,-0.66193828327370274,-0.6618905951911247,4.7688082578045687e-05
7469,-0.60653039916853391,-0.60650435883622078,2.6040332313126413e-05
7470,-0.56760995880883747,-0.56761202008233835,2.0612735008862515e-06
7471,-0.55149989555246726,-0.55152903196282299,2.9136410355734554e-05
7472,-0.56026527739767906,-0.56031326857177322,4.7991174094152989e-05
7473,-0.59142234212981848,-0.59147602863995363,5.3686510135153576e-05
7474,-0.6383512931821026,-0.63839631209790426,4.5018915801664505e-05
7475,-0.69134989521070778,-0.6913745096318441,2.4614421136326392e-05
7476,-0.73916616010501224,-0.73916422936744308,1.9307375691557382e-06
7477,-0.77077577066693492,-0.77074815216645076,2.7618500484161146e-05
7478,-0.77713249870659329,-0.77708661468234252,4.5884024250764099e-05
7479,-0.75262391973357867,-0.75257170278818564,5.2216945393035452e-05
7480,-0.69600952943005145,-0.69596436100521542,4.5168424836039556e-05
7481,-0.61069719512455356,-0.61067057944564296,2.6615678910602014e-05
7482,-0.50431433621483501,-0.5043131676251833,1.1685896517121819e-06
7483,-0.38763787532196259,-0.38766270245585577,2.4827133893179365e-05
7484,-0.27304388613778935,-0.27308867860948927,4.4792471699917069e-05
7485,-0.17271138920038767,-0.17276488816738608,5.3498966998410946e-05
7486,-0.096852240158319211,-0.096900516172916798,4.8276014597586903e-05
7487,-0.052234631641604835,-0.052264655624881619,3.0023983276783461e-05
7488,-0.041224182754359358,-0.041227477340074647,3.2945857152896774e-06
7489,-0.061487747002253158,-0.061462875900723732,2.4871101529426454e-05
7490,-0.10640376041265839,-0.10635695464310098,4.6805769557414778e-05
7491,-0.16611580814548765,-0.16605947263818033,5.6335507307325727e-05
7492,-0.22906827688180029,-0.22901766172838794,5.061515341234224e-05
7493,-0.28378944009248785,-0.28375850531543778,3.0934777050073414e-05
7494,-0.3206502761767373,-0.32064782835036376,2.4478263735416839e-06
7495,-0.33333091833408429,-0.33335815178362144,2.7233449537145127e-05
7496,-0.31977161278598054,-0.3198216963085278,5.0083522547261783e-05
7497,-0.28246366228529934,-0.28252344099580928,5.9778710509938993e-05
7498,-0.22803653656961553,-0.22808981162006994,5.3275050454409945e-05
7499,-0.16620410133332975,-0.16623606163598775,3.1960302658007311e-05
7500,-0.10823176955623932,-0.10823333152338491,1.5619671455829875e-06
7501,-0.065159290461973066,-0.065129789351243306,2.9501110729759916e-05
7502,-0.046050468529905748,-0.045997953211024747,5.2515318881000972e-05
7503,-0.056537499659371236,-0.056476503751471674,6.0995907899562274e-05
7504,-0.097882840512750938,-0.097830170757453816,5.2669755297121701e-05
7505,-0.16670238832682174,-0.1666724286613489,2.9959665472839569e-05
7506,-0.25539394361927159,-0.25539478159925905,8.3797998745582802e-07
7507,-0.35320752848655179,-0.35323875671210536,3.1228225553570077e-05
7508,-0.44779593632752851,-0.44784877850310606,5.2842175577549888e-05
7509,-0.52701105631255107,-0.52707080755263602,5.9751240084948698e-05
7510,-0.58067405122128857,-0.58072416847035835,5.0117249069780989e-05
7511,-0.60205131397011191,-0.6020780679620461,2.6753991934191923e-05
7512,-0.58881284676005852,-0.58880927799498362,3.5687650749016697e-06
7513,-0.54332876452556234,-0.54329645671148508,3.2307814077259245e-05
7514,-0.47225919393116517,-0.4722075425740685,5.1651357096671457e-05
7515,-0.38550088974946456,-0.38544418777137585,5.6701978088713467e-05
7516,-0.29465172520772565,-0.29460491053156601,4.6814676159634416e-05
7517,-0.21122692215972472,-0.21120166970671123,2.5252453013491216e-05
7518,-0.14489955646215943,-0.1449018016906693,2.2452285098617519e-06
7519,-0.10203444419630354,-0.10206307299188919,2.8628795585641797e-05
7520,-0.084737466453331217,-0.084784666080610957,4.7199627279739809e-05
7521,-0.090564861445879469,-0.090618105084629419,5.3243638749950195e-05
7522,-0.1129363255355333,-0.11298145997693243,4.5134441399127812e-05
7523,-0.14218799457227166,-0.1422129721416012,2.4977569329537319e-05
7524,-0.16710450833771373,-0.16710282654979552,1.6817879182062789e-06
7525,-0.17669656382532853,-0.17666896107596342,2.7602749365113199e-05
7526,-0.16195149948642681,-0.16190560937542997,4.5890110996843481e-05
7527,-0.11728923429885509,-0.11723735619589139,5.1878102963698325e-05
7528,-0.041500666963749211,-0.041456207020085512,4.4459943663699431e-05
7529,0.061976355084885595,0.062002269147765916,2.5914062880320887e-05
7530,0.1854863470213573,0.18548721542371649,8.6840235918872466e-07
7531,0.31822617545471965,0.31820159269089721,2.4582763822444953e-05
7532,0.44779530140157919,0.4477510841892286,4.4217212350594615e-05
7533,0.56199180511983859,0.56193876825469335,5.3036865145239531e-05
7534,0.65058225318716334,0.65053406873006614,4.8184457097200095e-05
7535,0.70677852066179214,0.70674827668304496,3.0243978747179767e-05
7536,0.72819703637596944,0.72819340695371504,3.629422254403103e-06
7537,0.71715498788711873,0.71717956930877158,2.4581421652847268e-05
7538,0.68025992718188277,0.68030649400190268,4.6566820019910971e-05
7539,0.62735607957421313,0.62741209255690222,5.601298268909094e-05
7540,0.56998849824570796,0.57003864946859562,5.0151222887651059e-05
7541,0.51962012667019064,0.51965055586155096,3.0429191360314967e-05
7542,0.48587313978304886,0.48587523662675935,2.0968437104973425e-06
7543,0.47506257917422784,0.47503531672072918,2.7262453498655415e-05
7544,0.48924541424643808,0.48919563898657836,4.9775259859718979e-05
7545,0.52592953599372827,0.52587022409184736,5.9311901880909623e-05
7546,0.57848651573248311,0.57843359399192229,5.2921740560818442e-05
7547,0.637205339322507,0.63717339320157362,3.1946120933379341e-05
7548,0.69082523086459957,0.69082332116402334,1.9097005762302999e-06
7549,0.7283130162928898,0.72834197390899669,2.8957616106883854e-05
7550,0.74061348822734374,0.74066549714504093,5.2008917697188295e-05
7551,0.72210507234226484,0.72216574635648467,6.0674014219830319e-05
7552,0.6715378966917106,0.67159037375687847,5.2477065167866321e-05
7553,0.59231039262524876,0.59234010998584519,2.9717360596426268e-05
7554,0.49204062420599998,0.4920394609576203,1.163248379676407e-06
7555,0.38149618151928388,0.38146470016292899,3.1481356354889911e-05
7556,0.27304377466368862,0.27299098087357782,5.2793790110805539e-05
7557,0.17885297691937913,0.17879368121412237,5.9295705256756648e-05
7558,0.10912605845218734,0.1090765535029604,4.9504949226938932e-05
7559,0.070621640164278854,0.070595174292741786,2.6465871537068031e-05
7560,0.065695935256383398,0.06569921919248646,3.2839361030628789e-06
7561,0.092006504747889975,0.092038090910322973,3.1586162432997722e-05
7562,0.14292255410344831,0.14297346786641246,5.0913762964149845e-05
7563,0.20857844585941432,0.20863481118115251,5.6365321738194307e-05
7564,0.27740929305477746,0.27745615421715591,4.6861162378453169e-05
7565,0.33793419061888208,0.33795947412191218,2.5283503030104626e-05
7566,0.3805151802504721,0.38051270637210577,2.4738783663269537e-06
7567,0.39882365621652116,0.39879464805183684,2.9008164684318771e-05
7568,0.39079127728865126,0.3907439295658644,4.7347722786861279e-05
7569,0.35890085787416864,0.3588480445426786,5.2813331490042525e-05
7570,0.3097734183721747,0.30972909562867645,4.4322743498248496e-05
7571,0.25311454632950131,0.2530901106503054,2.4435679195911053e-05
7572,0.20018168107194764,0.20018320302435152,1.5219524038823096e-06
7573,0.16200686935911862,0.16203368700879606,2.6817649677435274e-05
7574,0.14764644587731462,0.14769145422995852,4.5008352643899352e-05
7575,0.16272532152563302,0.16277683646471064,5.1514939077623723e-05
7576,0.20849879484337974,0.2085434566212068,4.4661777827054161e-05
7577,0.28157584276550152,0.28160201193489887,2.6169169397349812e-05
7578,0.37434769582752314,0.37434848204124838,7.8621372523457467e-07
7579,0.47605813576979478,0.47603317259010125,2.4963179693526794e-05
7580,0.57435401663680696,0.57430956070157502,4.4455935231946242e-05
7581,0.65708154851426481,0.65702890784370149,5.264067056331978e-05
7582,0.71405642283316784,0.71400914604104215,4.7276792125683365e-05
7583,0.73853985247076281,0.73851032844915543,2.9524021607385542e-05
7584,0.7281970363760103,0.72819340695375545,3.6294222548471922e-06
7585,0.68539365607822977,0.68541751770726922,2.3861629039445553e-05
7586,0.61678575753595755,0.61683141726094537,4.5659724987823225e-05
7587,0.53226633617986274,0.53232195395513593,5.5617775273186787e-05
7588,0.44342978301055302,0.44348017409620422,5.0391085651191325e-05
7589,0.36178816635518607,0.36181897678505787,3.0810429871797052e-05
7590,0.29701179097695179,0.29701397000929913,2.1790323473380724e-06
7591,0.25546309149368196,0.25543557278197371,2.7518711708252042e-05
7592,0.2392459524393824,0.2391959730655937,4.9979373788699988e-05
7593,0.24591498016931823,0.24585602846981736,5.8951699500875421e-05
7594,0.26888857036882541,0.26883652753690268,5.2042831922727295e-05
7595,0.29850190613814798,0.29847074330708789,3.1162831060083107e-05
7596,0.32353904145502926,0.32353729158996658,1.7498650626834866e-06
7597,0.33301047539120715,0.33303889325605723,2.8417864850083241e-05
7598,0.31790374431972096,0.31795494552914,5.1201209419038385e-05
7599,0.27263935302229142,0.27269960166513929,6.0248642847871015e-05
7600,0.19600915294978813,0.19606178267005031,5.2629720262181712e-05
7601,0.091452292212466577,0.091482391739176785,3.0099526710208879e-05
7602,-0.033374112506607212,-0.033375047105128702,9.345985214903596e-07
7603,-0.16766493125931559,-0.16769644679177201,3.1515532456422024e-05
7604,-0.29901724359881937,-0.29907008957467796,5.2845975858584193e-05
7605,-0.41522635868950952,-0.41528532464874551,5.8965959235990351e-05
7606,-0.50605568958243341,-0.50610446320704261,4.8773624609199651e-05
7607,-0.56471362910917,-0.56473937711331201,2.5748004142012171e-05
7608,-0.58881284676003809,-0.58880927799496408,3.5687650740134913e-06
7609,-0.58066644938645862,-0.58063514723108733,3.1302155371282225e-05
7610,-0.54687755556996509,-0.54682724669733318,5.0308872631910084e-05
7611,-0.497285587372435,-0.49722966870066387,5.591867177112686e-05
7612,-0.44343041793634919,-0.44338359717991283,4.6820756436360966e-05
7613,-0.39676951938686383,-0.39674397798149996,2.5541405363871394e-05
7614,-0.36691938757472209,-0.36692153618469431,2.1486099722189955e-06
7615,-0.36018912473549425,-0.36021789569593898,2.8770960444735039e-05
7616,-0.37862945991578539,-0.3786766240680266,4.7164152241208068e-05
7617,-0.41974171412747602,-0.41979421642479153,5.2502297315515367e-05
7618,-0.47689053838511475,-0.47693436441706316,4.3826031948412947e-05
7619,-0.54035776042542483,-0.54038165836887397,2.3897943449147085e-05
7620,-0.59887531934896598,-0.59887344966313272,1.8696858332667432e-06
7621,-0.64140257129679001,-0.64137576174083355,2.680955595646406e-05
7622,-0.65887660642483858,-0.65883194055231353,4.4665872525051498e-05
7623,-0.64566787675341841,-0.64561681578868202,5.1060964736393544e-05
7624,-0.60051823218902434,-0.60047386727401642,4.4364915007921724e-05
7625,-0.52681765474275699,-0.52679144982310455,2.6204919652439429e-05
7626,-0.43217572013217487,-0.4321745829357862,1.1371963886674941e-06
7627,-0.32735143099277536,-0.32737589566222736,2.4464669451995658e-05
7628,-0.2247027584905886,-0.22474676303539934,4.4004544810738455e-05
7629,-0.13639033920533994,-0.13644267216051917,5.2332955179229534e-05
7630,-0.07260726476131292,-0.072654315714149195,4.7050952836275028e-05
7631,-0.040102882418600896,-0.040132124494128091,2.9242075527194378e-05
7632,-0.04122418275437173,-0.041227477340089205,3.2945857174754289e-06
7633,-0.073619496225284992,-0.073595406537792785,2.4089687492206968e-05
7634,-0.13064873580970152,-0.13060315339162346,4.5582418078060627e-05
7635,-0.20243685814058496,-0.20238168568279616,5.517245778879909e-05
7636,-0.27740940452906426,-0.27735957388196786,4.9830647096404945e-05
7637,-0.34407588442174969,-0.34404530964055074,3.0574781198944301e-05
7638,-0.39278889225947794,-0.39278641303983708,2.4792196408607303e-06
7639,-0.41721045871596035,-0.41723728486226014,2.6826146299785414e-05
7640,-0.41526291002707721,-0.41531219688095589,4.928685387867171e-05
7641,-0.38941970526551228,-0.3894783368823036,5.8631616791315899e-05
7642,-0.34629242885140049,-0.34634449430160097,5.2065450200478036e-05
7643,-0.29557730070348015,-0.29560845749253351,3.1156789053354839e-05
7644,-0.24852261031226758,-0.24852411122768167,1.5009154140932512e-06
7645,-0.21615142524722128,-0.21612263419580424,2.8791051417037528e-05
7646,-0.20751122332685001,-0.20745988891969824,5.1334407151770733e-05
7647,-0.22821812766167188,-0.22815830115490174,5.9826506770138677e-05
7648,-0.27951865799461384,-0.27946680157868925,5.1856415924589339e-05
7649,-0.35801315914378257,-0.35798355653489422,2.9602608888346094e-05
7650,-0.45608451485339724,-0.45608526549690881,7.506435115711696e-07
7651,-0.5629684082682529,-0.56299914694766562,3.0738679412722902e-05
7652,-0.6663038016649272,-0.66635579361760333,5.1991952676133657e-05
7653,-0.75392917050119002,-0.75398779145060524,5.8620949415222334e-05
7654,-0.81565256971194344,-0.81570153820994784,4.8968498004398064e-05
7655,-0.8447277925810075,-0.84475377063334434,2.5978052336839141e-05
7656,-0.83881295555504076,-0.83880927799498106,3.6775600597005464e-06
7657,-0.80026696969208733,-0.80023527166691744,3.169802516989062e-05
7658,-0.73573939038300373,-0.73568883799106644,5.0552391937297436e-05
7659,-0.65511695900794265,-0.65506142938910328,5.5529618839367245e-05
7660,-0.56998799436567982,-0.56994206229467859,4.5932071001231201e-05
7661,-0.49185876772126746,-0.49183391720461084,2.4850516656627075e-05
7662,-0.43039415700478956,-0.430396277991827,2.1209870374461204e-06
7663,-0.39195152862439109,-0.39197956680051999,2.8038176128897252e-05
7664,-0.37863003641642368,-0.37867630024681709,4.6263830393411531e-05
7665,-0.38797985886286912,-0.38803198452771004,5.2125664840918517e-05
7666,-0.41341521929233682,-0.41345929907377238,4.4079781435557575e-05
7667,-0.44526744662086115,-0.44529171963948599,2.427301862484299e-05
7668,-0.47231712354994432,-0.47231530893967694,1.814610267381056e-06
7669,-0.48357166327331069,-0.48354456233861653,2.710093469415753e-05
7670,-0.47001589275549061,-0.46997099690101107,4.4895854479531927e-05
7671,-0.42606795976715428,-0.42601725165167253,5.0708115481745697e-05
7672,-0.35051767381265553,-0.35047418995510404,4.3483857551485094e-05
7673,-0.24680248467877605,-0.24677705482208082,2.5429856695236008e-05
7674,-0.1225781851524843,-0.12257718268667535,1.0024658089469174e-06
7675,0.011351027838337141,0.011327132919263643,2.3894919073497861e-05
7676,0.14258277224387852,0.14253958864963284,4.3183594245682633e-05
7677,0.2589125131285584,0.25886058780020299,5.1925328355406641e-05
7678,0.35010346224145256,0.35005622450343415,4.723773801840192e-05
7679,0.4093634610272634,0.4093338213115239,2.9639715739493422e-05
7680,0.43430428233356316,0.43430078080748385,3.5015260793080927e-06
7681,0.42723776161538357,0.42726193400922385,2.4172393840282691e-05
7682,0.39476535508789729,0.39481103341549517,4.5678327597886703e-05
7683,0.34672443098691691,0.34677928245829598,5.4851471379069316e-05
7684,0.29465242902842986,0.29470150796521105,4.9078936781188354e-05
7685,0.25000405071008153,0.25003389461488701,2.9843904805482158e-05
7686,0.22239272424963352,0.22239493575468872,2.211505055194074e-06
7687,0.21812414632720559,0.2180976432561107,2.6503071094891029e-05
7688,0.2392452747222818,0.23919662070672551,4.8654015556287566e-05
7689,0.28325328038934278,0.28319507957844248,5.8200810900299604e-05
7690,0.34350828326347016,0.34345620886251571,5.2074400954449374e-05
7691,0.41028727431856665,0.41025582448977549,3.1449828791163537e-05
7692,0.47231712354987387,0.47231530893960022,1.8146102736538161e-06
7693,0.51855183557547224,0.51858044218269905,2.8606607226810965e-05
7694,0.53992282878424758,0.53997403409239819,5.1205308150614748e-05
7695,0.53079453824060308,0.53085406476795671,5.9526527353637171e-05
7696,0.48990243550675683,0.48995376345565617,5.1327948899337894e-05
7697,0.42062986697595556,0.42065890183907417,2.9034863118615473e-05
7698,0.33057961790766011,0.3305785249238431,1.0929838170081752e-06
7699,0.2305036891728818,0.23047299680888064,3.0692364001161376e-05
7700,0.13275279309340393,0.13270117775885434,5.1615334549587333e-05
7701,0.049480014892487365,0.049421834629292255,5.8180263195109494e-05
7702,-0.0091294269463467036,-0.0091781548291641757,4.8727882817472049e-05
7703,-0.036334252950584324,-0.036360315293583169,2.6062342998844912e-05
7704,-0.029795609112131378,-0.02979228362004304,3.3254920883372951e-06
7705,0.0081265699383000056,0.0081578163413078084,3.1246403007802875e-05
7706,0.070783752382528209,0.070833909152843988,5.0156770315779031e-05
7707,0.1482922263856544,0.14834746202775373,5.5235642099332738e-05
7708,0.22906860039257088,0.22911427284494371,4.5672452372830241e-05
7709,0.30161332971980315,0.30163785922043307,2.4529500629921763e-05
7710,0.35626997575623354,0.35626751242889054,2.4633273429941482e-06
7711,0.3866914974953507,0.38666325890482922,2.8238590521478812e-05
7712,0.39079105708499046,0.39074490102411241,4.6156060878044247e-05
7713,0.37103280703948394,0.37098111605781353,5.1690981670404756e-05
7714,0.33401883281886191,0.33397526017480411,4.3572644057798815e-05
7715,0.28943581420194253,0.28941172407031873,2.4090131623799582e-05
7716,0.24852261031230116,0.24852411122770979,1.5009154086254028e-06
7717,0.22229291174881999,0.22231935231271127,2.6440563891283464e-05
7718,0.21978481935943481,0.21982907002721369,4.4250667778883424e-05
7719,0.24660502588772362,0.24665543014725616,5.0404259532538243e-05
7720,0.30399051093669693,0.3040339913968923,4.3480460195366444e-05
7721,0.38853212036436102,0.38855750596550631,2.5385601145289094e-05
7722,0.4926034313565868,0.49260416610781022,7.3475122341903898e-07
7723,0.60543096297012833,0.60540670450522982,2.4258464898507803e-05
7724,0.71464460580134292,0.71460130673181466,4.3299069528268674e-05
7725,0.80807380225604708,0.80802229060200514,5.1511654041935806e-05
7726,0.87551755313905755,0.87547104754521554,4.6505593842005588e-05
7727,0.91022071886795575,0.91019152918869783,2.9189679257912715e-05
7728,0.90983274742153231,0.90982903895509204,3.7084664402664558e-06
7729,0.87670410506128571,0.87672751248502989,2.3407423744181699e-05
7730,0.81747608209069611,0.8175209373993183,4.4855308622193668e-05
7731,0.74202728332083789,0.74208180775981158,5.452443897369097e-05
7732,0.66193795976290715,0.66198722341694416,4.9263654037012827e-05
7733,0.58870650954119319,0.58873655586705209,3.0046325858901213e-05
7734,0.53199025922931775,0.53199233600379259,2.0767744748351191e-06
7735,0.4981393163911817,0.4981124055861435,2.6910805038193875e-05
7736,0.48924583309865627,0.48919693425787575,4.8898840780520203e-05
7737,0.50285319737563028,0.50279537837284016,5.7819002790115981e-05
7738,0.5323689969328631,0.53231778874550495,5.1208187358153801e-05
7739,0.56811818234211486,0.56808739122039242,3.0791121722439918e-05
7740,0.5988753193489843,0.59887344966314682,1.8696858374855907e-06
7741,0.6136421493801365,0.61367001358423345,2.7864204096950118e-05
7742,0.60339814787712853,0.60344846320544676,5.0315328318228936e-05
7743,0.56255639350530473,0.56261556201000995,5.9168504705220393e-05
7744,0.4899018590061967,0.48995345104729909,5.1592041102388464e-05
7745,0.38886746308711423,0.38889686340740159,2.9400320287364945e-05
7746,0.26710484847762395,0.2671037831167416,1.0653608823463223e-06
7747,0.13541444083848855,0.13538342491249175,3.1015925996802363e-05
7748,0.006195216664069721,0.0061433488722213098,5.1867791848411206e-05
7749,-0.10835135674302832,-0.10840919140664518,5.7834663616862514e-05
7750,-0.19799126175938808,-0.19803910989557072,4.7848136182637724e-05
7751,-0.25593477325619968,-0.25596007240362073,2.5299147421053991e-05
7752,-0.27979571790709867,-0.27979228362002317,3.4342870754988652e-06
7753,-0.27188759353347713,-0.27185694450394227,3.0649029534868255e-05
7754,-0.23881312774689847,-0.23876380207557815,4.9325671320321618e-05
7755,-0.1904105854259262,-0.19035573942352546,5.4846002400743554e-05
7756,-0.13821795767342937,-0.13817206742255839,4.5890250870983529e-05
7757,-0.093690147289029871,-0.093665208259576749,2.4939029453122097e-05
7758,-0.066440426590465784,-0.066442705962799262,2.2793723334774141e-06
7759,-0.062773953860829346,-0.062802322045514239,2.8368184684893216e-05
7760,-0.084736753859368769,-0.084783047001843123,4.6293142474354565e-05
7761,-0.12982467364446335,-0.12987605211605566,5.137847159231157e-05
7762,-0.19139613482771625,-0.19143893805232423,4.2803224607979029e-05
7763,-0.25972608643650857,-0.25974943605908907,2.3349622580493001e-05
7764,-0.32353904145502499,-0.32353729158996536,1.7498650596303733e-06
7765,-0.37178629509283312,-0.37176021580878449,2.6079284048630136e-05
7766,-0.39539617986080311,-0.39535258803085599,4.359182994712052e-05
7767,-0.38872965954709926,-0.38867966984726976,4.9989699829500189e-05
7768,-0.35051835152973243,-0.35047481476804776,4.3536761684670466e-05
7769,-0.28414142984522917,-0.28411571899921667,2.5710846012494404e-05
7770,-0.19719725187977349,-0.19719621694125744,1.0349385160535185e-06
7771,-0.10043308780672856,-0.10045721460044635,2.4126793717785255e-05
7772,-0.0061945817381953401,-0.0062378050302362249,4.322329204088475e-05
7773,0.073370607935669491,0.073319385602437379,5.1222333232112116e-05
7774,0.12808305979345144,0.12803711310749866,4.5946685952785726e-05
7775,0.15120756656447013,0.15117897226208524,2.8594302384887804e-05
7776,0.14041152829115464,0.14040815466125334,3.373629901298747e-06
7777,0.09806137017190282,0.098084692224059536,2.3322052156715678e-05
7778,0.030812394496176992,0.030856839431887207,4.4444935710215294e-05
7779,-0.05144460439881661,-0.051390506878255436,5.4097520561173507e-05
7780,-0.13711881536454132,-0.13706973653093293,4.907883360838472e-05
7781,-0.21470305722142455,-0.21467287970143162,3.0177519992929946e-05
7782,-0.27453315673041595,-0.27453072897327779,2.4277571381570162e-06
7783,-0.31025418111709452,-0.31028068885658489,2.6507739490366777e-05
7784,-0.3197711939337462,-0.31981975342931307,4.8559495566868893e-05
7785,-0.30554000090340211,-0.30559753925161337,5.7538348211261248e-05
7786,-0.27415405536925763,-0.27420496983016346,5.091446090582652e-05
7787,-0.23529125831375569,-0.23532169021559268,3.0431901836991404e-05
7788,-0.20018168107189291,-0.20018320302429979,1.5219524068799117e-06
7789,-0.17983015737476171,-0.17980212274764604,2.8034627115675059e-05
7790,-0.18326580888014848,-0.18321563304381616,5.0175836332322366e-05
7791,-0.21608617849634601,-0.21602743358112991,5.8744915216096816e-05
7792,-0.27951887819826632,-0.27946773878858272,5.1139409683598203e-05
7793,-0.37014531786494559,-0.37011604765133294,2.9270213612653251e-05
7794,-0.48032971934762758,-0.48033045944011776,7.4009249018125445e-07
7795,-0.59928926916732184,-0.59931965988101288,3.039071369104196e-05
7796,-0.71464449432712185,-0.71469576632620468,5.1271999082835862e-05
7797,-0.81421538997493481,-0.81427293667049438,5.7546695559573813e-05
7798,-0.88779137143284559,-0.88783918826233532,4.7816829489732982e-05
7799,-0.92860772739057706,-0.92863294323702916,2.5215846452097956e-05
7800,-0.93430449992353226,-0.93430078080748535,3.7191160469074447e-06
7801,-0.90722286280692421,-0.90719186321702006,3.0999589904157077e-05
7802,-0.85399487578150735,-0.85394545497911889,4.9420802388455698e-05
7803,-0.78448992103479864,-0.78443547989838225,5.4441136416394365e-05
7804,-0.71027897593592348,-0.7102337740625575,4.5201873365985357e-05
7805,-0.6428512600676235,-0.64282672251922934,2.4537548394154562e-05
7806,-0.59185516330307997,-0.59185721402555691,2.0507224769428234e-06
7807,-0.56363205427363328,-0.56365967298831732,2.7618714684041201e-05
7808,-0.5602654976013276,-0.56031100190065042,4.5504299322818298e-05
7809,-0.57929039296448592,-0.57934146220185112,5.106923736519775e-05
7810,-0.61410587873539668,-0.61414885348212889,4.2974746732205027e-05
7811,-0.65502862733825229,-0.65505214941040013,2.35220721478413e-05
7812,-0.69082523086465508,-0.69082332116408152,1.9097005735657646e-06
7813,-0.71048972827724577,-0.7104632330038817,2.6495273364068872e-05
7814,-0.70499412522450622,-0.70495029066815462,4.3834556351596277e-05
7815,-0.66874421537154538,-0.66869460006814641,4.9615303398975463e-05
7816,-0.60051781333681598,-0.60047511686927946,4.2696467536518234e-05
7817,-0.50374091752579753,-0.50371583023622613,2.5087289571401605e-05
7818,-0.38605860068589104,-0.38605748355873976,1.117127151284425e-06
7819,-0.2582650481217561,-0.25828842637992971,2.3378258173611943e-05
7820,-0.1327532969733784,-0.13279564422658241,4.2347253204011448e-05
7821,-0.021719135458717252,-0.021770018407733072,5.0882949015819412e-05
7822,0.064608890147481113,0.064562672540443705,4.6217607037407626e-05
7823,0.11944623475552853,0.11941728795510813,2.8946800420398544e-05
7824,0.14041152829113768,0.14040815466123682,3.3736299008546577e-06
7825,0.12982270198081261,0.12984637669679364,2.3674715981025773e-05
7826,0.094286564142120929,0.094331280573223097,4.4716431102168053e-05
7827,0.04364513899555101,0.04369889812662521,5.375913107420055e-05
7828,-0.010560100129370486,-0.010511896185983895,4.8203943386591203e-05
7829,-0.056871096906405093,-0.056841667093014824,2.9429813390269288e-05
7830,-0.08567180792430712,-0.085669462355805207,2.3455685019130312e-06
7831,-0.090654693436541089,-0.090680578780112209,2.5885343571119268e-05
7832,-0.069771732126689037,-0.069819453625346792,4.7721498657754546e-05
7833,-0.02552544507899757,-0.025582612014982777,5.7166935985206863e-05
7834,0.035443889994387655,0.035392729935522033,5.1160058865622193e-05
7835,0.10341217487058466,0.1033813251557468,3.0849714837855036e-05
7836,0.16710450833765522,0.16710282654973418,1.6817879210373476e-06
7837,0.21547238352689838,0.21550059275885203,2.8209231953651992e-05
7838,0.23944393502745559,0.2394942864061142,5.0351378658608503e-05
7839,0.23337954082361581,0.23343798147832473,5.8440654708918904e-05
7840,0.19600986554365399,0.19606022070472079,5.0355161066800713e-05
7841,0.13071278254784513,0.13074130610990947,2.8523562064342034e-05
7842,0.045085017364997627,0.045084048622649781,9.6874234784688484e-07
7843,-0.050128156388698074,-0.050158148771382687,2.9992382684612684e-05
7844,-0.14258347606458693,-0.14263406542939008,5.0589364803149683e-05
7845,-0.22013605436602257,-0.22019320315890681,5.7148792884237354e-05
7846,-0.27260962339820916,-0.27265754167634904,4.7918278139880144e-05
7847,-0.29327245811712443,-0.29329802833720764,2.5570220083204198e-05
7848,-0.27979571790712088,-0.27979228362004532,3.4342870755543764e-06
7849,-0.23454990867259909,-0.2345189882387872,3.0920433811892911e-05
7850,-0.16419476610812894,-0.16414536914610597,4.9396962022968394e-05
7851,-0.078625887802990777,-0.078571725681636437,5.4162121354339732e-05
7852,0.010560735055160701,0.010605349176478963,4.4614121318262839e-05
7853,0.091852449938084155,0.091876367082297447,2.3917144213292385e-05
7854,0.15557940452208482,0.15557702853121477,2.3759908700515808e-06
7855,0.19538072667836498,0.19535323293059334,2.7493747771639709e-05
7856,0.20915523960310473,0.20911017874566173,4.5060857442991153e-05
7857,0.19935217903716562,0.19930152244647784,5.0656590687786496e-05
7858,0.17255807802190745,0.1725152330031916,4.2845018715848004e-05
7859,0.138443679416692,0.13841998111846723,2.3698298224766878e-05
7860,0.10823176955627554,0.10823333152341871,1.5619671431682525e-06
7861,0.09291971237867365,0.09294585456687296,2.6142188199310135e-05
7862,0.10152892707764925,0.10157247882042844,4.3551742779188163e-05
7863,0.13964898290749989,0.13969833048910235,4.9347581602465773e-05
7864,0.20849921369557442,0.20854158230525746,4.2368609683041125e-05
7865,0.30465257998244233,0.3046772710045379,2.4691022095568727e-05
7866,0.4204648152737866,0.42046558141827434,7.6614448774048327e-07
7867,0.54514451864079416,0.54512100205872061,2.3516582073557224e-05
7868,0.66630347815400115,0.66626130308484688,4.217506915427105e-05
7869,0.77175275226087647,0.77170228130733276,5.0470953543713115e-05
7870,0.85127257774195342,0.85122675729691188,4.5820445041533375e-05
7871,0.89808896964488472,0.89806010042286621,2.8869222018501617e-05
7872,0.90983274742150955,0.90982903895506984,3.7084664397113443e-06
7873,0.88883585428431078,0.88885894174833335,2.3087464022575332e-05
7874,0.8417210574877545,0.84176522937102449,4.4171883269994439e-05
7875,0.77834833331596465,0.77840182003953884,5.3486723574192041e-05
7876,0.71027908741020429,0.71032723051076463,4.8143100560338326e-05
7877,0.64899295387048439,0.64902226080110303,2.9306930618644422e-05
7878,0.60412887531207737,0.60413092069328633,2.0453812089593626e-06
7879,0.58201885677306275,0.58199263706444593,2.6219708616825876e-05
7880,0.58473713033974384,0.58468933645565568,4.7793884088154215e-05
7881,0.60980924035582118,0.60975246907561775,5.6771280203427033e-05
7882,0.65062488921461836,0.65057437133496632,5.0517879652045572e-05
7883,0.69749138171223135,0.69746088349347835,3.0498218753005624e-05
7884,0.73916616010497982,0.73916422936740878,1.9307375710431174e-06
7885,0.7646342841653555,0.76466176300383937,2.7478838483863122e-05
7886,0.76485890267404832,0.76490850244131336,4.9599767265040562e-05
7887,0.73423702150758596,0.73429517054702254,5.8149039436572458e-05
7888,0.67153767648804319,0.67158818711352164,5.0510625478450422e-05
7889,0.58017823390405887,0.5802068978395355,2.8663935476624935e-05
7890,0.46779541971173266,0.46779426701437549,1.1526973571762689e-06
7891,0.34517532062017026,0.34514490759755079,3.0413022619468766e-05
7892,0.22470308200144681,0.22465225530572192,5.0826695724898174e-05
7893,0.11856675744558942,0.11850997540641819,5.6782039171227039e-05
7894,0.036987256731247642,0.03694014944482945,4.710728641819234e-05
7895,-0.013258294645316741,-0.013283279266818765,2.4984621502023921e-05
7896,-0.029795609112120886,-0.029792283620031394,3.325492089492621e-06
7897,-0.014949388366946641,-0.014919219021901154,3.0169345045487003e-05
7898,0.024667068704954644,0.024715607177416641,4.8538472461997356e-05
7899,0.079205483832572809,0.079259325231845007,5.3841399272197554e-05
7900,0.13711831148454748,0.13716319989518708,4.4888410639598586e-05
7901,0.18694169827253268,0.18696595174944711,2.4253476914426475e-05
7902,0.21905417395217663,0.21905177033837214,2.4036138044913891e-06
7903,0.22714313056725935,0.22711525825963721,2.7872307622134329e-05
7904,0.20915581610371278,0.20911046817204193,4.5347931670852715e-05
7905,0.16759032377250532,0.16753999833510619,5.0325437399134643e-05
7906,0.10908275892906091,0.10904078033309673,4.1978595964178855e-05
7907,0.043353365612055814,0.043330395950262814,2.2969661793000029e-05
7908,-0.018326426242810653,-0.01832480920010186,1.6170427087937311e-06
7909,-0.064911195644851011,-0.064885698064978042,2.5497579872968412e-05
7910,-0.087331786591717725,-0.087289076355226133,4.2710236491591558e-05
7911,-0.079950934078755378,-0.079901939443651815,4.8994635103563611e-05
7912,-0.041501344680759882,-0.041458705963373657,4.2638717386224434e-05
7913,0.024637409918515311,0.02466252343744646,2.5113518931148271e-05
7914,0.11086728029415915,0.11086818116922685,9.0087506769698233e-07
7915,0.20644205980974384,0.20641832571161431,2.3734098129529757e-05
7916,0.29901794741958454,0.29897556120023272,4.2386219351819854e-05
7917,0.37644989992701011,0.37639972515159981,5.0174775410305461e-05
7918,0.42856185073919917,0.42851682630489712,4.5024434302043392e-05
7919,0.44862262619901144,0.44859450618779534,2.8120011216103968e-05
7920,0.43430428233355184,0.4343007808074742,3.5015260776427581e-06
7921,0.38797859644361299,0.38800124996263313,2.2653519020143786e-05
7922,0.31630696659012841,0.31635043448817896,4.3467898050542075e-05
7923,0.22918704418844502,0.22924015008508419,5.3105896639177308e-05
7924,0.13821725385270747,0.13826554116293246,4.8287310224992552e-05
7925,0.054913018738666039,0.054942705971034102,2.9687232368062755e-05
7926,-0.011052741197007656,-0.011050428101212758,2.3130957948983705e-06
7927,-0.053315748270068915,-0.05334194081132182,2.6192541252904877e-05
7928,-0.069771054409580258,-0.069818874781684678,4.7820372104420694e-05
7929,-0.06286374529900593,-0.062920247564212189,5.6502265206259672e-05
7930,-0.03917582290023857,-0.039225726054128211,4.9903153889641061e-05
7931,-0.0083731933098193378,-0.0084030489105621775,2.9855600742839661e-05
7932,0.018326426242816135,0.0183248092001051,1.6170427110349939e-06
7933,0.029931023342625356,0.029958337379248502,2.7314036623145993e-05
7934,0.017424850562905696,0.017473974805011453,4.9124242105756666e-05
7935,-0.024775644394735376,-0.024717893203442746,5.7751191292629289e-05
7936,-0.097883417013367266,-0.097832981969471572,5.0435043895694087e-05
7937,-0.19846479221570612,-0.19843590911592018,2.8883099785936839e-05
7938,-0.31886871304933628,-0.31886952340638813,8.1035705185028561e-07
7939,-0.44829677682096053,-0.44832688790990316,3.0111088942630371e-05
7940,-0.57435351275686763,-0.57440411317347961,5.0600416611978893e-05
7941,-0.68484242794806383,-0.68489895484012286,5.6526892059038936e-05
7942,-0.76953588603432321,-0.76958263161450535,4.6745580182139257e-05
7943,-0.82165183427571842,-0.82167638702236645,2.4552746648032198e-05
7944,-0.83881295555501778,-0.83880927799495675,3.6775600610328141e-06
7945,-0.82334292799733166,-0.82331265428178979,3.0273715541873081e-05
7946,-0.78185607406058488,-0.78180774113601892,4.8332924565963609e-05
7947,-0.72420370156103808,-0.7241502600232006,5.3441537837484177e-05
7948,-0.66193828327371862,-0.66189373583788069,4.4547435837927196e-05
7949,-0.606530399168551,-0.60650617126206563,2.422790648537454e-05
7950,-0.56760995880885312,-0.56761202008235312,2.0612734999980731e-06
7951,-0.55149989555248191,-0.55152722119194153,2.7325639459618856e-05
7952,-0.56026527739769327,-0.56031013365790738,4.4856260214110044e-05
7953,-0.59142234212983591,-0.59147241040834664,5.0068278510728703e-05
7954,-0.63835129318212636,-0.63839318005086643,4.1886868740070859e-05
7955,-0.69134989521074253,-0.69137270217130031,2.2806960557786304e-05
7956,-0.73916616010505998,-0.73916422936749193,1.9307375680455152e-06
7957,-0.77077577066699765,-0.77074995797170653,2.5812695291116405e-05
7958,-0.77713249870667067,-0.77708974099505346,4.2757711617213978e-05
7959,-0.75262391973366927,-0.75257531108757403,4.8608646095238406e-05
7960,-0.69600952943015182,-0.69596748445032586,4.2044979825961448e-05
7961,-0.61069719512465814,-0.61067238193969309,2.481318496505569e-05
7962,-0.50431433621493815,-0.50431316762528478,1.1685896533775164e-06
7963,-0.38763787532205746,-0.38766090161786587,2.3026295808414865e-05
7964,-0.27304388613787123,-0.2730855609006384,4.16747627671743e-05
7965,-0.1727113892004519,-0.17276128980333566,4.9900602883762302e-05
7966,-0.096852240158363176,-0.096897401332495137,4.5161174131960746e-05
7967,-0.052234631641627359,-0.052262858099041,2.8226457413640937e-05
7968,-0.041224182754361127,-0.041227477340077617,3.294585716490106e-06
7969,-0.061487747002236401,-0.06146467177021081,2.3075232025590586e-05
7970,-0.1064037604126266,-0.10636006374573009,4.3696666896506087e-05
7971,-0.16611580814544497,-0.16606306106407734,5.2747081367626736e-05
7972,-0.22906827688175141,-0.22902076796164986,4.7508920101552166e-05
7973,-0.28378944009243728,-0.28376029787164947,2.9142220787814477e-05
7974,-0.32065027617668873,-0.32064782835031447,2.4478263742633288e-06
7975,-0.33333091833404088,-0.33335636088419718,2.544255015629604e-05
7976,-0.31977161278594346,-0.31981859581479299,4.6983028849534314e-05
7977,-0.28246366228526987,-0.28251986251114525,5.6200225875380205e-05
7978,-0.22803653656959266,-0.22808671399662286,5.0177427030201338e-05
7979,-0.16620410133331226,-0.16623427405089775,3.0172717585486009e-05
7980,-0.1082317695562251,-0.10823333152337178,1.5619671466793328e-06
7981,-0.065159290461959715,-0.065131575278876017,2.771518308369858e-05
7982,-0.046050468529891121,-0.046001045092934692,4.9423436956429201e-05
7983,-0.056537499659353618,-0.05648007229151502,5.7427367838598642e-05
7984,-0.097882840512729469,-0.097833259768119574,4.9580744609895033e-05
7985,-0.16670238832679626,-0.16667421127354881,2.8177053247452344e-05
7986,-0.25539394361924311,-0.25539478159922996,8.3797998684520536e-07
7987,-0.35320752848652232,-0.35323697575784513,2.9447271322813329e-05
7988,-0.44779593632749981,-0.4478456952358571,4.9758908357289133e-05
7989,-0.52701105631252554,-0.52706724896053159,5.6192648006048174e-05
7990,-0.58067405122126814,-0.58072108807535938,4.7036854091242475e-05
7991,-0.60205131397009792,-0.60207629032438104,2.4976354283112734e-05
7992,-0.58881284676005241,-0.58880927799497806,3.5687650743465582e-06
7993,-0.54332876452556345,-0.54329823269055189,3.0531835011560204e-05
7994,-0.47225919393117333,-0.47221061722354096,4.8576707632363991e-05
7995,-0.38550088974947827,-0.3854477364119403,5.3153337537970025e-05
7996,-0.29465172520774296,-0.29460798230776197,4.3742899980991901e-05
7997,-0.21122692215974337,-0.21120344236800989,2.3479791733477251e-05
7998,-0.14489955646217678,-0.14490180169068645,2.2452285096674629e-06
7999,-0.10203444419631741,-0.10206130198982352,2.685779350611317e-05
8000,-0.084737466453339308,-0.084781600052084072,4.4133598744763858e-05
8001,-0.090564861445879621,-0.090614566399294244,4.9704953414622666e-05
8002,-0.1129363255355236,-0.11297839682275719,4.2071287233588772e-05
8003,-0.14218799457225018,-0.14221120445853686,2.3209886286679193e-05
8004,-0.16710450833767895,-0.16710282654976114,1.6817879178177009e-06
8005,-0.17669656382527935,-0.17667072709911869,2.5836726160660684e-05
8006,-0.1619514994863627,-0.16190866677967802,4.2832706684675648e-05
8007,-0.11728923429877652,-0.11724088492210569,4.8349376670836497e-05
8008,-0.041500666963657576,-0.041459261548811854,4.1405414845721578e-05
8009,0.061976355084987451,0.06200050644499959,2.415136001213819e-05
8010,0.18548634702146519,0.18548721542382512,8.684023599381252e-07
8011,0.31822617545482851,0.31820335373337466,2.282172145384731e-05
8012,0.44779530140168333,0.44775413296600647,4.116843567686379e-05
8013,0.56199180511993152,0.56194228701806936,4.9518101862155994e-05
8014,0.65058225318724006,0.65053711463015595,4.5138557084101194e-05
8015,0.70677852066184843,0.70675003440378725,2.8486258061177772e-05
8016,0.72819703637600297,0.72819340695374812,3.6294222548471922e-06
8017,0.71715498788712995,0.71717781324928154,2.2825362151590589e-05
8018,0.68025992718187411,0.68030345385639768,4.3526674523564068e-05
8019,0.62735607957418948,0.62740858376071496,5.2504186525470509e-05
8020,0.56998849824567543,0.57003561220093357,4.7113955258137885e-05
8021,0.51962012667015645,0.51964880312509099,2.8676454934539741e-05
8022,0.48587313978301944,0.48587523662673043,2.0968437109969429e-06
8023,0.47506257917420863,0.47503706779524263,2.5511378966003306e-05
8024,0.48924541424643242,0.48919867049723142,4.6743749200994777e-05
8025,0.52592953599373682,0.52587372291664902,5.5813077087796259e-05
8026,0.5784865157325032,0.57843662262348616,4.9893109017040693e-05
8027,0.63720533932253398,0.63717514095161698,3.0198370917000616e-05
8028,0.69082523086462722,0.69082332116405021,1.909700577007456e-06
8029,0.72831301629291134,0.72834022782162733,2.7211528715986866e-05
8030,0.74061348822735329,0.74066247427301324,4.8986045659948907e-05
8031,0.7221050723422574,0.72216225750744778,5.718516519037653e-05
8032,0.67153789669168529,0.67158735376521983,4.9457073534542317e-05
8033,0.59231039262520679,0.59233836722441691,2.7974599210112139e-05
8034,0.49204062420594635,0.49203946095756701,1.1632483793433401e-06
8035,0.38149618151922504,0.38146644126087492,2.9740258350119397e-05
8036,0.27304377466363333,0.27299399510302924,4.9779560604090722e-05
8037,0.17885297691933574,0.17879716008280871,5.5816836527028402e-05
8038,0.10912605845216235,0.10907956485070859,4.6493601453756472e-05
8039,0.070621640164276175,0.070596912063203857,2.472810107231882e-05
8040,0.065695935256403507,0.065699219192506167,3.283936102660423e-06
8041,0.092006504747929277,0.092036354804059306,2.9850056130029112e-05
8042,0.14292255410349974,0.14297046228351887,4.7908180019123892e-05
8043,0.2085784458594688,0.208631342297457,5.2896437988197986e-05
8044,0.27740929305482476,0.27745315151736327,4.3858462538515219e-05
8045,0.33793419061891233,0.33795774134476275,2.3550725850418619e-05
8046,0.38051518025047792,0.38051270637211199,2.4738783659383756e-06
8047,0.39882365621649968,0.39879637916402877,2.7277052470908725e-05
8048,0.39079127728860297,0.39074692649804266,4.4350790560310216e-05
8049,0.35890085787409898,0.35885150343655597,4.9354437543003282e-05
8050,0.30977341837209249,0.30973208967630317,4.132869578932219e-05
8051,0.25311454632941816,0.25309183843168054,2.2707897737617166e-05
8052,0.20018168107187581,0.20018320302427978,1.5219524039655763e-06
8053,0.16200686935906897,0.16203196089308247,2.5091534013504946e-05
8054,0.14764644587729484,0.14768846595271196,4.2020075417120717e-05
8055,0.16272532152564681,0.16277338756554768,4.8066039900873658e-05
8056,0.20849879484342576,0.20854047122999891,4.1676386573152868e-05
8057,0.28157584276557396,0.28160028915174212,2.4446386168164302e-05
8058,0.37434769582761218,0.37434848204133653,7.8621372434639625e-07
8059,0.47605813576988776,0.47603489370677632,2.3242063111439393e-05
8060,0.57435401663689201,0.57431254031947954,4.1476317412469932e-05
8061,0.6570815485143302,0.65703234674305955,4.9201771270657169e-05
8062,0.71405642283320592,0.71401212277143133,4.4300061774582566e-05
8063,0.73853985247077014,0.73851204623158229,2.7806239187855297e-05
8064,0.72819703637598854,0.72819340695373391,3.6294222546251476e-06
8065,0.68539365607818437,0.68541580159232796,2.2145514143590006e-05
8066,0.61678575753589748,0.61682844630700451,4.2688771107024515e-05
8067,0.53226633617979946,0.53231852506092148,5.218888112201725e-05
8068,0.44342978301049774,0.44347720603127638,4.7423020778647462e-05
8069,0.3617881663551481,0.36181726400606379,2.9097650915688167e-05
8070,0.29701179097693714,0.29701397000928348,2.1790323463388717e-06
8071,0.25546309149369301,0.25543728389251508,2.5807601177929573e-05
8072,0.23924595243941676,0.23919893535090986,4.7017088506906557e-05
8073,0.24591498016937005,0.24585944735347315,5.5532815896902621e-05
8074,0.26888857036888592,0.26883948693165549,4.9083437230423854e-05
8075,0.2985019061382071,0.29847245107991238,2.9455058294713954e-05
8076,0.32353904145507706,0.32353729159001482,1.7498650622393974e-06
8077,0.33301047539123546,0.33303718715267006,2.6711761434594639e-05
8078,0.31790374431972424,0.3179519919172466,4.8247597522366181e-05
8079,0.27263935302226838,0.27269619279760965,5.6839775341266385e-05
8080,0.19600915294974106,0.1960588319503194,4.9679000578339849e-05
8081,0.091452292212400935,0.091480688975335969,2.839676293503457e-05
8082,-0.033374112506683165,-0.033375047105206133,9.34598522968344e-07
8083,-0.16766493125939236,-0.16769474569837439,2.9814438982034286e-05
8084,-0.29901724359888737,-0.29906714464114836,4.9901042260991346e-05
8085,-0.41522635868956037,-0.41528192580308665,5.5567113526278078e-05
8086,-0.5060556895824615,-0.50610152116735241,4.583158489090966e-05
8087,-0.56471362910917233,-0.56473767936140384,2.4050252231511138e-05
8088,-0.58881284676001544,-0.58880927799494054,3.5687650749016697e-06
8089,-0.58066644938641543,-0.58063684331167997,2.9606074735455401e-05
8090,-0.54687755556990747,-0.54683018294753327,4.7372622374197704e-05
8091,-0.49728558737237177,-0.49723305751866809,5.252985370368668e-05
8092,-0.44343041793628901,-0.44338653053452159,4.3887401767417344e-05
8093,-0.39676951938681504,-0.39674567071854994,2.3848668265102901e-05
8094,-0.36691938757469078,-0.36692153618466483,2.1486099740508635e-06
8095,-0.36018912473548381,-0.36021620463110454,2.7079895620729655e-05
8096,-0.378629459915796,-0.37867369650629129,4.4236590495294603e-05
8097,-0.41974171412750433,-0.41979083764038994,4.9123512885607123e-05
8098,-0.47689053838515438,-0.47693143975269636,4.0901367541978928e-05
8099,-0.54035776042546679,-0.54037997064965171,2.2210224184915361e-05
8100,-0.59887531934900162,-0.59887344966316691,1.8696858347100331e-06
8101,-0.64140257129680978,-0.64137744778681904,2.5123509990732096e-05
8102,-0.65887660642483603,-0.65883485942024778,4.1747004588255088e-05
8103,-0.64566787675339021,-0.64562018453330272,4.7692220087491854e-05
8104,-0.60051823218897016,-0.60047678324276399,4.1448946206168458e-05
8105,-0.52681765474268127,-0.52679313252136239,2.4522221318878934e-05
8106,-0.43217572013208483,-0.43217458293569833,1.1371963865025592e-06
8107,-0.32735143099268021,-0.32737421463814748,2.2783645467261415e-05
8108,-0.22470275849049953,-0.22474385286661219,4.1094376112660314e-05
8109,-0.1363903392052663,-0.1364393134618713,4.8974256604994437e-05
8110,-0.072607264761262238,-0.072651408446373536,4.4143685111297515e-05
8111,-0.040102882418576985,-0.040130446819872857,2.7564401295872287e-05
8112,-0.041224182754374443,-0.041227477340089295,3.294585714852527e-06
8113,-0.07361949622531036,-0.073597082536626446,2.2413688683914357e-05
8114,-0.13064873580974234,-0.13060605485556484,4.2680954177504171e-05
8115,-0.20243685814063225,-0.20238503432889982,5.1823811732437663e-05
8116,-0.27740940452910906,-0.27736247244305906,4.6932086049999988e-05
8117,-0.34407588442178372,-0.34404698228746661,2.8902134317110306e-05
8118,-0.39278889225949604,-0.39278641303985773,2.4792196383072174e-06
8119,-0.41721045871596069,-0.41723561389190067,2.5155175939983732e-05
8120,-0.41526291002706006,-0.41530930412752437,4.6394100464308696e-05
8121,-0.38941970526548153,-0.38947499829532894,5.5293029847414132e-05
8122,-0.34629242885136113,-0.34634160445292606,4.9175601564921401e-05
8123,-0.29557730070343752,-0.29560678987628097,2.9489172843455425e-05
8124,-0.24852261031222631,-0.24852411122763743,1.5009154111234047e-06
8125,-0.21615142524718384,-0.21612430013432971,2.7125112854131661e-05
8126,-0.20751122332681729,-0.20746277295677418,4.84503700431127e-05
8127,-0.22821812766164248,-0.22816162967595799,5.6497985684494934e-05
8128,-0.2795186579945852,-0.27946968270902067,4.897528556452313e-05
8129,-0.3580131591437522,-0.35798521911700365,2.7940026748551894e-05
8130,-0.4560845148533631,-0.45608526549687745,7.5064351434672716e-07
8131,-0.56296840826821448,-0.56299748604428457,2.9077776070085548e-05
8132,-0.66630380166488634,-0.66635291830271237,4.911663782602993e-05
8133,-0.7539291705011506,-0.75398447300223626,5.5302501085652267e-05
8134,-0.81565256971190903,-0.81569866580382433,4.6096091915304171e-05
8135,-0.84472779258098296,-0.84475211308872455,2.4320507741593111e-05
8136,-0.83881295555502888,-0.8388092779949663,3.6775600625871263e-06
8137,-0.80026696969208955,-0.80023692753154207,3.0042160547472108e-05
8138,-0.73573939038301772,-0.73569170457758937,4.7685805428354655e-05
8139,-0.65511695900796418,-0.65506473775764829,5.2221250315898082e-05
8140,-0.5699879943657028,-0.5699449259703917,4.306839531109663e-05
8141,-0.49185876772128462,-0.49183556970812792,2.3198013156700004e-05
8142,-0.43039415700479461,-0.43039627799183555,2.1209870409433229e-06
8143,-0.39195152862437949,-0.39197791597818121,2.6387353801726743e-05
8144,-0.37863003641639403,-0.37867344239483647,4.3405978442434545e-05
8145,-0.38797985886282338,-0.38802868624615122,4.8827383327842977e-05
8146,-0.41341521929227937,-0.41345644413468441,4.1224842405040985e-05
8147,-0.44526744662079898,-0.44529007218064598,2.2625559847000432e-05
8148,-0.47231712354988464,-0.47231530893961327,1.8146102713778589e-06
8149,-0.48357166327326007,-0.48354620811494309,2.5455158316978199e-05
8150,-0.47001589275545375,-0.46997384601201614,4.2046743437607059e-05
8151,-0.42606795976713208,-0.42602053983879484,4.7419928337233408e-05
8152,-0.35051767381264687,-0.35047703615107134,4.0637661575526618e-05
8153,-0.24680248467877705,-0.24677869723243107,2.3787446345985286e-05
8154,-0.12257818515248955,-0.12257718268668359,1.002465805963193e-06
8155,0.011351027838332736,0.011328773645956856,2.225419237588018e-05
8156,0.14258277224387869,0.14254242901328384,4.0343230594847013e-05
8157,0.25891251312856495,0.25886386588547294,4.8647243092003745e-05
8158,0.35010346224146377,0.35005906194983843,4.4400291625334987e-05
8159,0.40936346102727666,0.4093354586696768,2.8002357599865579e-05
8160,0.43430428233357321,0.43430078080749779,3.5015260754223121e-06
8161,0.42723776161538701,0.42726029833601747,2.2536720630461637e-05
8162,0.3947653550878909,0.39480820180584791,4.2846717957012448e-05
8163,0.34672443098690053,0.34677601448256473,5.1583495664198065e-05
8164,0.29465242902840666,0.29469867927504073,4.6250246634071956e-05
8165,0.25000405071005655,0.25003226231279219,2.8211602735639385e-05
8166,0.22239272424961401,0.22239493575466596,2.2115050519466717e-06
8167,0.21812414632719876,0.21809927387194034,2.4872455258423409e-05
8168,0.23924527472229287,0.23919944355561459,4.5831166678278468e-05
8169,0.2832532803893737,0.28319833743681588,5.4942952557812674e-05
8170,0.34350828326351918,0.34345902878966772,4.9254473851456648e-05
8171,0.4102872743186276,0.41025745173189898,2.9822586728622813e-05
8172,0.47231712354993705,0.47231530893966722,1.8146102698235467e-06
8173,0.51855183557552664,0.51857881662825478,2.6981052728136667e-05
8174,0.53992282878428122,0.5399712200112059,4.8391226924682229e-05
8175,0.5307945382406084,0.53085081703497283,5.6278794364428286e-05
8176,0.48990243550672902,0.48995095229850405,4.8516791775032875e-05
8177,0.42062986697589561,0.42065727966097632,2.7412685080718813e-05
8178,0.3305796179075744,0.33057852492375428,1.0929838201167996e-06
8179,0.23050368917278094,0.23047461729789828,2.9071874882657944e-05
8180,0.13275279309330112,0.13270398306530135,4.8810027999779404e-05
8181,0.049480014892396146,0.049425072228699136,5.4942663697009342e-05
8182,-0.0091294269464148071,-0.0091753524491563938,4.5925502741586688e-05
8183,-0.036334252950621614,-0.036358698183701695,2.4445233080080953e-05
8184,-0.029795609112135253,-0.02979228362004396,3.325492091293264e-06
8185,0.0081265699383267272,0.0081562009217178606,2.9630983391133389e-05
8186,0.070783752382578211,0.070831112628182244,4.7360245604033402e-05
8187,0.14829222638571732,0.14834423457010534,5.2008184388024903e-05
8188,0.22906860039263524,0.22911147924918768,4.2878856552436284e-05
8189,0.30161332971985838,0.30163624718286364,2.2917463005256433e-05
8190,0.35626997575627217,0.3562675124289264,2.4633273457697058e-06
8191,0.38669149749536902,0.38666486925076143,2.662824460758495e-05
8192,0.39079105708498862,0.3907476887596853,4.3368325303327904e-05
8193,0.37103280703946651,0.37098433336526582,4.8473674200688599e-05
8194,0.33401883281883565,0.33397804497899725,4.0787839838407614e-05
8195,0.28943581420191589,0.28941333103136901,2.2483170546871989e-05
8196,0.24852261031228151,0.24852411122769308,1.5009154115674939e-06
8197,0.22229291174881408,0.22231774704477464,2.4835295960562442e-05
8198,0.21978481935944602,0.2198262910882238,4.1471728777775496e-05
8199,0.24660502588775221,0.24665222299866993,4.7197110917718277e-05
8200,0.30399051093674001,0.30403121539179973,4.070445505971465e-05
8201,0.38853212036441376,0.388555904085363,2.3783720949244191e-05
8202,0.49260343135664231,0.49260416610786317,7.3475122086552602e-07
8203,0.60543096297017951,0.60540830469086826,2.265827931124953e-05
8204,0.71464460580138323,0.71460407686670679,4.0528934676431483e-05
8205,0.80807380225607239,0.80802548758301496,4.8314673057436863e-05
8206,0.87551755313906421,0.8754738147436516,4.3738395412606934e-05
8207,0.91022071886794287,0.91019312598358582,2.759288435705276e-05
8208,0.90983274742150255,0.9098290389550644,3.708466438157032e-06
8209,0.87670410506124274,0.87672591738618322,2.181232494047336e-05
8210,0.81747608209064559,0.81751817607628052,4.2093985634927833e-05
8211,0.74202728332078682,0.74207862095534072,5.1337634553894063e-05
8212,0.66193795976286229,0.66198446503293629,4.6505270073993188e-05
8213,0.58870650954116055,0.58873496416190907,2.8454620748519233e-05
8214,0.53199025922930243,0.53199233600377582,2.0767744733918292e-06
8215,0.49813931639118625,0.49811399559364622,2.5320797540029361e-05
8216,0.48924583309868042,0.48919968676116832,4.6146337512098512e-05
8217,0.5028531973756708,0.50279855499163884,5.4642384031966529e-05
8218,0.53236899693291462,0.5323205383071502,4.8458625764413732e-05
8219,0.56811818234216782,0.56808897783119106,2.9204510976765796e-05
8220,0.59887531934903016,0.59887344966319411,1.8696858360423008e-06
8221,0.61364214938016559,0.61366842867267202,2.6279292506425911e-05
8222,0.60339814787713197,0.60344571952989623,4.7571652764255568e-05
8223,0.56255639350527831,0.5626123955861464,5.6002080868089443e-05
8224,0.48990185900613925,0.48995071031605825,4.8851309918995778e-05
8225,0.38886746308702885,0.38889528189559275,2.7818808563895292e-05
8226,0.26710484847751836,0.26710378311663435,1.0653608840116569e-06
8227,0.13541444083837412,0.13538500472337492,2.9436114999198404e-05
8228,0.0061952166639589641,0.0061460837118141242,4.9132952144839877e-05
8229,-0.10835135674312228,-0.10840603518724566,5.4678444123379411e-05
8230,-0.19799126175945456,-0.19803637800304832,4.511624359376798e-05
8231,-0.25593477325623193,-0.25595849599568971,2.3722739457776587e-05
8232,-0.27979571790709434,-0.27979228362001812,3.4342870762205102e-06
8233,-0.27188759353344044,-0.27185851920954596,2.9074323894484611e-05
8234,-0.23881312774683788,-0.23876652807109267,4.6599675745218061e-05
8235,-0.19041058542585393,-0.19035888542901741,5.169999683651838e-05
8236,-0.13821795767335884,-0.13817479046815673,4.3167205202115921e-05
8237,-0.093690147288974041,-0.093666779558902805,2.3367730071235937e-05
8238,-0.066440426590434712,-0.066442705962768939,2.2793723342268146e-06
8239,-0.062773953860828596,-0.062800752450078642,2.6798589250046079e-05
8240,-0.08473675385939855,-0.084780329858847481,4.3575999448930425e-05
8241,-0.12982467364451866,-0.12987291633422746,4.8242689708793973e-05
8242,-0.19139613482778794,-0.19143622386211578,4.0089034327839279e-05
8243,-0.25972608643658535,-0.25974786987326748,2.178343668213234e-05
8244,-0.3235390414550946,-0.32353729159003436,1.749865060240996e-06
8245,-0.37178629509288552,-0.37176178028913526,2.4514803750264047e-05
8246,-0.39539617986083098,-0.39535529631279576,4.0883548035219874e-05
8247,-0.3887296595471002,-0.38868279539555761,4.6864151542591603e-05
8248,-0.35051835152970806,-0.35047752009430316,4.0831435404897753e-05
8249,-0.2841414298451847,-0.28411728006660042,2.4149778584281467e-05
8250,-0.19719725187971682,-0.19719621694120104,1.0349385157759627e-06
8251,-0.10043308780666822,-0.1004556552402372,2.2567433568973505e-05
8252,-0.00619458173813926,-0.0062351056180892407,4.0523879949980711e-05
8253,0.073370607935715468,0.073322500907090832,4.8107028624636006e-05
8254,0.12808305979348408,0.12803980956105562,4.3250232428460045e-05
8255,0.15120756656448905,0.15118052820599401,2.7038358495046211e-05
8256,0.14041152829116155,0.14040815466126058,3.3736299009656801e-06
8257,0.098061370171900822,0.098083137989155564,2.1767817254741972e-05
8258,0.030812394496169026,0.030854148898461685,4.1754402292659004e-05
8259,-0.051444604398828531,-0.051393611928945884,5.0992469882646385e-05
8260,-0.13711881536455681,-0.1370724241028157,4.6391261741107748e-05
8261,-0.21470305722144475,-0.21467443051664986,2.8626704794892932e-05
8262,-0.27453315673044365,-0.27453072897330572,2.4277571379349716e-06
8263,-0.31025418111713277,-0.31027913975214855,2.495863501578155e-05
8264,-0.31977119393379766,-0.3198170717836179,4.5877849820241678e-05
8265,-0.30554000090346767,-0.30559444446534639,5.4443561878725344e-05
8266,-0.2741540553693359,-0.27420229114907679,4.823577974089055e-05
8267,-0.23529125831384262,-0.23532014453441011,2.8886220567486687e-05
8268,-0.200181681071983,-0.2001832030243898,1.521952406796645e-06
8269,-0.17983015737484762,-0.17980366671651368,2.6490658333933048e-05
8270,-0.18326580888022295,-0.18321830579282267,4.7503087400285748e-05
8271,-0.21608617849640335,-0.21603051809258703,5.5660403816326642e-05
8272,-0.2795188781983034,-0.27947040856988992,4.8469628413483345e-05
8273,-0.37014531786496241,-0.37011758819337004,2.7729671592369165e-05
8274,-0.48032971934762747,-0.48033045944011776,7.4009249029227675e-07
8275,-0.59928926916731151,-0.5993181210532621,2.8851885950587075e-05
8276,-0.71464449432710808,-0.71469310248336337,4.8608156255292023e-05
8277,-0.81421538997492759,-0.81426986244477473,5.4472469847133276e-05
8278,-0.88779137143285003,-0.88783652739030305,4.5155957453024698e-05
8279,-0.92860772739059727,-0.92863140783968479,2.3680449087515321e-05
8280,-0.93430449992356923,-0.93430078080752244,3.7191160467964224e-06
8281,-0.90722286280697462,-0.90719339689833411,2.9465908640502469e-05
8282,-0.85399487578156508,-0.85394810990646308,4.6765875101995036e-05
8283,-0.78448992103485549,-0.78443854382753697,5.1377207318514806e-05
8284,-0.71027897593597011,-0.71023642601592041,4.2549920049705925e-05
8285,-0.6428512600676527,-0.6428282527664767,2.3007301175992367e-05
8286,-0.59185516330308729,-0.59185721402556379,2.0507224764987342e-06
8287,-0.56363205427361696,-0.56365814445903317,2.6090185416216549e-05
8288,-0.56026549760129019,-0.56030835589845407,4.2858297163883563e-05
8289,-0.57929039296443341,-0.57933840858041097,4.8015615977559101e-05
8290,-0.61410587873533706,-0.61414621045710849,4.0331721771424967e-05
8291,-0.655028627338194,-0.65505062431884753,2.1996980653526954e-05
8292,-0.69082523086460645,-0.69082332116403278,1.9097005736767869e-06
8293,-0.71048972827721213,-0.71046475637551354,2.4971901698589427e-05
8294,-0.70499412522449068,-0.7049529277354365,4.119748905417886e-05
8295,-0.66874421537154594,-0.66869764337055526,4.6572000990674489e-05
8296,-0.60051781333682874,-0.60047775095611378,4.0062380714966928e-05
8297,-0.50374091752581573,-0.50371735016635211,2.3567359463627646e-05
8298,-0.38605860068590786,-0.38605748355875669,1.1171271511734027e-06
8299,-0.2582650481217641,-0.25828690817156646,2.1860049802369108e-05
8300,-0.13275329697337268,-0.13279301610402441,3.9719130651733048e-05
8301,-0.021719135458695412,-0.021766985435724071,4.784997702865848e-05
8302,0.064608890147518097,0.064565297679228487,4.3592468289610498e-05
8303,0.1194462347555766,0.11941880271812629,2.7432037450314528e-05
8304,0.1404115282911903,0.14040815466128909,3.3736299012154802e-06
8305,0.12982270198086235,0.12984486365754411,2.2161676681758946e-05
8306,0.094286564142160259,0.094328661405489608,4.2097263329349266e-05
8307,0.04364513899557395,0.043695875496697581,5.0736501123631317e-05
8308,-0.010560100129367731,-0.010514512366571581,4.5587762796150608e-05
8309,-0.056871096906423335,-0.056843176683029781,2.7920223393554378e-05
8310,-0.08567180792434427,-0.085669462355842232,2.3455685020379313e-06
8311,-0.090654693436592826,-0.090679070915803142,2.43774792103163e-05
8312,-0.069771732126749406,-0.069816843422598349,4.5111295848943023e-05
8313,-0.025525445079060172,-0.025579599738920773,5.415465986060089e-05
8314,0.03544388999432848,0.035395337147660438,4.8552846668041549e-05
8315,0.10341217487053304,0.10338282956679481,2.9345303738229078e-05
8316,0.16710450833761317,0.16710282654969238,1.6817879207875475e-06
8317,0.21547238352686607,0.21549909007535117,2.6706548485105897e-05
8318,0.23944393502743072,0.23949168517858221,4.7750151151493281e-05
8319,0.23337954082359497,0.23343497956797152,5.5438744376551385e-05
8320,0.19600986554363367,0.19605762247128361,4.7756927649938996e-05
8321,0.13071278254782212,0.13073980688369652,2.7024335874398231e-05
8322,0.045085017364969615,0.045084048622622025,9.6874234759014577e-07
8323,-0.050128156388731242,-0.05015665127488024,2.8494886148998366e-05
8324,-0.14258347606462349,-0.14263147318770997,4.7997123086479521e-05
8325,-0.22013605436605968,-0.22019021162654406,5.4157260484383185e-05
8326,-0.27260962339824218,-0.27265495243228577,4.5329034043584127e-05
8327,-0.29327245811714886,-0.29329653430205177,2.4076184902910303e-05
8328,-0.27979571790713315,-0.2797922836200572,3.4342870759429545e-06
8329,-0.23454990867259667,-0.23452048054225666,2.9428130340014569e-05
8330,-0.16419476610811168,-0.16414795239137125,4.6813716740423672e-05
8331,-0.078625887802960578,-0.078574706823753462,5.1180979207116062e-05
8332,0.010560735055200004,0.010602768932437613,4.2033877237609291e-05
8333,0.091852449938127009,0.091874878244359082,2.242830623207237e-05
8334,0.15557940452212538,0.15557702853125482,2.3759908705511812e-06
8335,0.19538072667839751,0.19535472003481597,2.6006643581544253e-05
8336,0.2091552396031251,0.20911275298373455,4.2486619390547098e-05
8337,0.19935217903717195,0.19930449318588261,4.7685851289336334e-05
8338,0.1725580780219001,0.17251780423640131,4.0273785498784465e-05
8339,0.13844367941667418,0.13842146475295392,2.2214663720265815e-05
8340,0.10823176955625272,0.10823333152339665,1.5619671439315308e-06
8341,0.092919712378652153,0.092944372668251535,2.4660289599381935e-05
8342,0.10152892707763589,0.10156991360054557,4.0986522909680634e-05
8343,0.13964898290750016,0.13969537016513001,4.6387257629842971e-05
8344,0.20849921369559196,0.20853902009392572,3.9806398333758208e-05
8345,0.30465257998247786,0.30467579257991451,2.3212597436650384e-05
8346,0.42046481527383789,0.42046558141832496,7.6614448707434946e-07
8347,0.54514451864085633,0.54512247874539477,2.2039895461567482e-05
8348,0.66630347815406732,0.66626385927549303,3.9618878574287919e-05
8349,0.77175275226093865,0.77170523120308732,4.7521057851329651e-05
8350,0.85127257774200482,0.85122931047528538,4.3267266719437814e-05
8351,0.89808896964491958,0.89806157363125716,2.7396013662417396e-05
8352,0.90983274742152542,0.90982903895508649,3.7084664389341881e-06
8353,0.888835854284308,0.88885747028019402,2.1615995886015149e-05
8354,0.84172105748773562,0.84176268222097983,4.1624733244205459e-05
8355,0.77834833331593589,0.77839888058513651,5.0547269200618139e-05
8356,0.71027908741017332,0.71032468637675528,4.5598966581961164e-05
8357,0.64899295387045752,0.64902079281557246,2.7838945114933011e-05
8358,0.60412887531206094,0.60413092069326924,2.0453812082932288e-06
8359,0.58201885677306042,0.58199410330752432,2.475346553609814e-05
8360,0.58473713033975616,0.58469187455371829,4.5255786037867729e-05
8361,0.60980924035584561,0.60975539807547885,5.3842280366755979e-05
8362,0.65062488921464956,0.65057690641315769,4.7982801491874838e-05
8363,0.69749138171226255,0.69746234624952119,2.9035462741355822e-05
8364,0.73916616010500291,0.73916422936743342,1.9307375694888051e-06
8365,0.7646342841653655,0.76466030199249424,2.6017827128743676e-05
8366,0.76485890267404055,0.76490597340681132,4.7070732770770896e-05
8367,0.73423702150755932,0.73429225201509762,5.5230507538306384e-05
8368,0.67153767648799934,0.67158566110276796,4.7984614768625811e-05
8369,0.58017823390400336,0.58020544031969123,2.7206415687874852e-05
8370,0.46779541971167143,0.46779426701431359,1.1526973578424027e-06
8371,0.34517532062011141,0.3451463633703592,2.8957249752215031e-05
8372,0.22470308200139769,0.22465477526487346,4.8306736524228455e-05
8373,0.11856675744555543,0.11851288345675871,5.3873988796721006e-05
8374,0.036987256731232085,0.036942666376281415,4.4590354950670152e-05
8375,-0.013258294645313314,-0.013281826990073305,2.3532344759991108e-05
8376,-0.029795609112100722,-0.029792283620010282,3.32549209043978e-06
8377,-0.014949388366914071,-0.014920669549394304,2.8718817519767653e-05
8378,0.02466706870499414,0.024713096305448119,4.6027600453978773e-05
8379,0.079205483832613555,0.079256427676805616,5.0943844192061216e-05
8380,0.13711831148458481,0.13716069205495121,4.2380570366401527e-05
8381,0.18694169827256349,0.18696450472269832,2.2806450134832401e-05
8382,0.21905417395219978,0.21905177033839413,2.4036138056571232e-06
8383,0.22714313056727611,0.22711670353489075,2.6427032385367699e-05
8384,0.20915581610372599,0.2091129699448111,4.2846158914894295e-05
8385,0.16759032377251934,0.16754288538094977,4.7438391569565308e-05
8386,0.10908275892907991,0.10904327907008077,3.9479858999144635e-05
8387,0.043353365612083972,0.043331837720098326,2.152789198564542e-05
8388,-0.018326426242770321,-0.018324809200060539,1.6170427097825235e-06
8389,-0.064911195644796998,-0.064887138080832352,2.4057563964646755e-05
8390,-0.087331786591650182,-0.087291569016441445,4.0217575208736922e-05
8391,-0.079950934078675873,-0.079904815966009235,4.6118112666637678e-05
8392,-0.041501344680671091,-0.041461195584667349,4.014909600374289e-05
8393,0.024637409918609847,0.024661086931808199,2.3677013198351859e-05
8394,0.11086728029425569,0.11086818116932241,9.0087506672553719e-07
8395,0.20644205980983873,0.20641976046115415,2.2299348684584608e-05
8396,0.29901794741967463,0.29897804473774903,3.9902681925607641e-05
8397,0.37644989992709266,0.37640259113639551,4.7308790697142555e-05
8398,0.42856185073927217,0.42851930679833183,4.2543940940331648e-05
8399,0.44862262619907356,0.44859593742231885,2.6688776754713039e-05
8400,0.4343042823336008,0.43430078080752443,3.5015260763660017e-06
8401,0.38797859644364846,0.38799982048691484,2.1224043266376835e-05
8402,0.31630696659014917,0.31634796008717697,4.0993497027796977e-05
8403,0.22918704418845015,0.22923729465261922,5.0250464169065978e-05
8404,0.13821725385269643,0.13826306981018224,4.581595748581746e-05
8405,0.05491301873863913,0.054941280015108417,2.8261276469286611e-05
8406,-0.011052741197049602,-0.011050428101255793,2.3130957938089641e-06
8407,-0.05331574827012403,-0.053340516616637357,2.4768346513326378e-05
8408,-0.06977105440964565,-0.069816409529842097,4.5355120196446941e-05
8409,-0.06286374529907765,-0.062917402698766126,5.3657399688475382e-05
8410,-0.039175822900311817,-0.039223263854849928,4.7440954538111035e-05
8411,-0.0083731933098889089,-0.0084016282406812765,2.8434930792367585e-05
8412,0.018326426242755513,0.018324809200045568,1.6170427099455875e-06
8413,0.029931023342578324,0.029956918472893591,2.5895130315266995e-05
8414,0.017424850562875776,0.017471518715063913,4.6668152188136802e-05
8415,-0.02477564439474628,-0.024720727487119162,5.49169076271179e-05
8416,-0.097883417013359397,-0.097835435002495016,4.7982010864380809e-05
8417,-0.19846479221568189,-0.19843732449241536,2.7467723266533239e-05
8418,-0.31886871304930026,-0.31886952340635277,8.1035705251641943e-07
8419,-0.44829677682091801,-0.4483254742994992,2.8697478581196645e-05
8420,-0.57435351275682556,-0.57440166625855338,4.815350172782118e-05
8421,-0.68484242794802963,-0.68489613115336778,5.3703205338151427e-05
8422,-0.76953588603430301,-0.76958018776087156,4.4301726568551913e-05
8423,-0.82165183427571586,-0.82167497694685387,2.3142671138010051e-05
8424,-0.83881295555503477,-0.83880927799497318,3.6775600615879256e-06
8425,-0.82334292799736752,-0.82331406258863005,2.8865408737477338e-05
8426,-0.78185607406063351,-0.78181017886271031,4.5895197923195852e-05
8427,-0.72420370156109382,-0.7241530730977479,5.0628463345914199e-05
8428,-0.66193828327377169,-0.66189617049886484,4.2112774906843953e-05
8429,-0.6065303991685923,-0.60650757602893357,2.2823139658734171e-05
8430,-0.56760995880887477,-0.56761202008237488,2.0612735001090954e-06
8431,-0.55149989555247592,-0.55152581819639435,2.5922643918430133e-05
8432,-0.56026527739765741,-0.56030770513284933,4.2427735191918892e-05
8433,-0.59142234212976919,-0.59146960796149672,4.7265831727538732e-05
8434,-0.63835129318203243,-0.6383907545959584,3.946141392596747e-05
8435,-0.69134989521062828,-0.69137130272081604,2.140751018775422e-05
8436,-0.73916616010493486,-0.73916422936736614,1.930737568711649e-06
8437,-0.77077577066687186,-0.77075135564805364,2.441501881822461e-05
8438,-0.77713249870655343,-0.77709216030479211,4.0338401761319531e-05
8439,-0.75262391973356835,-0.75257810289087246,4.581684269588937e-05
8440,-0.69600952943007155,-0.69596990068534081,3.9628744730735299e-05
8441,-0.61069719512460086,-0.61067377606568018,2.3419058920670643e-05
8442,-0.50431433621490174,-0.5043131676252488,1.1685896529334272e-06
8443,-0.38763787532203769,-0.38765950926834303,2.1633946305332774e-05
8444,-0.27304388613786179,-0.2730831508196544,3.9264681792605671e-05
8445,-0.17271138920044662,-0.17275850865918418,4.7119458737560072e-05
8446,-0.096852240158356598,-0.096894994330884887,4.275417252828928e-05
8447,-0.052234631641615958,-0.05226146930527846,2.6837663662501732e-05
8448,-0.041224182754343863,-0.041227477340059659,3.2945857157962166e-06
8449,-0.061487747002214779,-0.061466058784720029,2.168821749475025e-05
8450,-0.10640376041260413,-0.10636246458391344,4.1295828690696146e-05
8451,-0.16611580814542684,-0.16606583153288357,4.9976612543273236e-05
8452,-0.22906827688174253,-0.22902316571580839,4.5111165934141884e-05
8453,-0.283789440092442,-0.28376168132504376,2.7758767398244899e-05
8454,-0.32065027617670938,-0.32064782835033567,2.4478263737082173e-06
8455,-0.33333091833407824,-0.33335497921277557,2.4060878697329535e-05
8456,-0.3197716127859957,-0.31981620423346641,4.4591447470709866e-05
8457,-0.28246366228533271,-0.28251710273397213,5.3440448639419103e-05
8458,-0.22803653656966177,-0.2280843255040762,4.7788934414427775e-05
8459,-0.16620410133338212,-0.16623289594610524,2.8794612723120894e-05
8460,-0.10823176955629132,-0.10823333152343759,1.5619671462629992e-06
8461,-0.065159290462019182,-0.065132951599122885,2.6338862896296833e-05
8462,-0.046050468529942441,-0.046003427403306374,4.7041126636067354e-05
8463,-0.056537499659397042,-0.056482821360739954,5.4678298657087621e-05
8464,-0.097882840512766717,-0.097835638984932111,4.7201527834606072e-05
8465,-0.16670238832682943,-0.16667558402165086,2.6804305178568244e-05
8466,-0.25539394361927448,-0.25539478159926171,8.3797998723378342e-07
8467,-0.35320752848655351,-0.35323560479726057,2.8076310707059182e-05
8468,-0.44779593632753106,-0.44784332221103151,4.7385883500450365e-05
8469,-0.52701105631255551,-0.52706451061610138,5.3454303545863446e-05
8470,-0.5806740512212949,-0.58071871814891451,4.4666927619618768e-05
8471,-0.6020513139701188,-0.60207492294149467,2.3608971375876919e-05
8472,-0.58881284676006407,-0.58880927799498972,3.5687650743465582e-06
8473,-0.54332876452556456,-0.54329959828319585,2.9166242368705575e-05
8474,-0.47225919393116206,-0.47221298094834313,4.6212982818927273e-05
8475,-0.38550088974945507,-0.38545046401478666,5.0425734668402278e-05
8476,-0.29465172520770966,-0.29461034292925803,4.138227845162934e-05
8477,-0.21122692215970318,-0.21120480437724792,2.2117782455255419e-05
8478,-0.14489955646213315,-0.14490180169064276,2.2452285096119518e-06
8479,-0.1020344441962735,-0.10205994177361055,2.5497577337052491e-05
8480,-0.084737466453297564,-0.08477924564202724,4.1779188729676453e-05
8481,-0.090564861445841305,-0.090611849555048585,4.6988109207279916e-05
8482,-0.11293632553548844,-0.11297604552094916,3.971998546072053e-05
8483,-0.14218799457221676,-0.14220984783142465,2.1853259207893494e-05
8484,-0.16710450833764504,-0.1671028265497273,1.6817879177344341e-06
8485,-0.17669656382524268,-0.17667208193017223,2.4481895070455062e-05
8486,-0.16195149948632154,-0.16191101185992088,4.0487626400659282e-05
8487,-0.11728923429873048,-0.11724359099032799,4.5643308402482097e-05
8488,-0.041500666963607609,-0.041461603515786587,3.9063447821022224e-05
8489,0.061976355085038827,0.061999155208843873,2.280012380504598e-05
8490,0.18548634702151437,0.18548721542387406,8.6840235968832502e-07
8491,0.31822617545487131,0.3182047031707218,2.1472284149504084e-05
8492,0.44779530140171547,0.44775646870148178,3.8832700233693007e-05
8493,0.56199180511995039,0.56194498229293566,4.682282701473639e-05
8494,0.65058225318724372,0.65053944724726753,4.2805939976187091e-05
8495,0.70677852066183811,0.70675138024033723,2.7140421500870815e-05
8496,0.72819703637598066,0.72819340695372625,3.629422254403103e-06
8497,0.7171549878871003,0.71717646921454192,2.1481327441619236e-05
8498,0.68025992718184136,0.68030112748105165,4.1200299210286673e-05
8499,0.62735607957415929,0.62740589929694679,4.9819722787503018e-05
8500,0.56998849824565179,0.57003328894906846,4.4790703416675015e-05
8501,0.5196201266701429,0.51964746269704298,2.7336026900082189e-05
8502,0.48587313978301627,0.48587523662672744,2.0968437111634763e-06
8503,0.47506257917421585,0.47503840641845047,2.4172755765383691e-05
8504,0.48924541424644713,0.48920098749696067,4.4426749486459194e-05
8505,0.52592953599375525,0.52587639655139895,5.3139442356298083e-05
8506,0.57848651573252086,0.57843893649455025,4.757923797060748e-05
8507,0.63720533932254675,0.63717647596215532,2.8863360391429005e-05
8508,0.69082523086463199,0.69082332116405532,1.9097005766743891e-06
8509,0.72831301629290557,0.72833889461894752,2.5878326041950395e-05
8510,0.74061348822733608,0.74066016666453049,4.6678437194414002e-05
8511,0.72210507234222954,0.72215959471980029,5.4522377570753733e-05
8512,0.67153789669164832,0.67158504929064222,4.7152598993904782e-05
8513,0.59231039262516338,0.59233703764044521,2.664501528182317e-05
8514,0.49204062420589945,0.49203946095751971,1.1632483797319182e-06
8515,0.38149618151917758,0.38146776903385193,2.841248532564622e-05
8516,0.2730437746635882,0.27299629330436948,4.7481359218726205e-05
8517,0.17885297691929497,0.17879981200495931,5.3164914335657176e-05
8518,0.10912605845212797,0.10908185991281669,4.4198539311285368e-05
8519,0.070621640164249516,0.070598236211314849,2.3403952934666905e-05
8520,0.065695935256385521,0.065699219192488195,3.2839361026743008e-06
8521,0.092006504747920673,0.092035032469904396,2.852772198372322e-05
8522,0.14292255410350077,0.1429681735052297,4.5619401728924647e-05
8523,0.20857844585947932,0.20862870125923155,5.0255399752230367e-05
8524,0.27740929305484435,0.27745086588371504,4.1572828870684031e-05
8525,0.33793419061894014,0.33795642264174258,2.2232022802437523e-05
8526,0.38051518025051262,0.38051270637214629,2.4738783663269537e-06
8527,0.39882365621653915,0.3987976960500017,2.5960166537442042e-05
8528,0.39079127728864554,0.39074920583708106,4.2071451564484885e-05
8529,0.35890085787414305,0.35885413357213902,4.6724302004030882e-05
8530,0.30977341837213612,0.30973436586527886,3.9052506857262248e-05
8531,0.25311454632946007,0.25309315168027496,2.1394649185102477e-05
8532,0.20018168107191556,0.20018320302431952,1.5219524039655763e-06
8533,0.16200686935910649,0.16203064946484125,2.3780105734755308e-05
8534,0.14764644587733081,0.14768619606943106,3.9750192100257431e-05
8535,0.16272532152568206,0.1627707683516959,4.5446826013845198e-05
8536,0.20849879484346129,0.20853820450228411,3.9409658822819882e-05
8537,0.28157584276560998,0.28159898136723505,2.3138601625061206e-05
8538,0.37434769582764882,0.3743484820413735,7.8621372467946316e-07
8539,0.47605813576992412,0.47603619966788696,2.193610203715668e-05
8540,0.57435401663692665,0.57431480073058128,3.9215906345368978e-05
8541,0.65708154851436107,0.65703495501615528,4.6593498205793615e-05
8542,0.71405642283323145,0.71401438002139095,4.2042811840503624e-05
8543,0.73853985247078724,0.73851334854251172,2.6503928275523059e-05
8544,0.72819703637599575,0.72819340695374146,3.6294222542920807e-06
8545,0.68539365607818126,0.68541450110811208,2.0845029930827152e-05
8546,0.61678575753588405,0.61682619538493344,4.0437849049390628e-05
8547,0.53226633617977681,0.53231592774804404,4.9591568267226549e-05
8548,0.44342978301046665,0.4434749582759473,4.5175265480645876e-05
8549,0.36178816635511063,0.36181596717847408,2.780082336345524e-05
8550,0.29701179097689512,0.29701397000924201,2.1790323468939832e-06
8551,0.2554630914936476,0.25543857889005472,2.4512603592874438e-05
8552,0.23924595243936872,0.23920117676696345,4.4775672405267253e-05
8553,0.24591498016931962,0.24586203368646198,5.294648285764092e-05
8554,0.26888857036883268,0.26884172517525268,4.6845193580002942e-05
8555,0.29850190613815086,0.29847374241420893,2.8163723941931895e-05
8556,0.32353904145501816,0.32353729158995592,1.7498650622393974e-06
8557,0.33301047539117401,0.33303589765152786,2.542226035384676e-05
8558,0.31790374431966184,0.31794976002417585,4.6015704514013045e-05
8559,0.2726393530222066,0.27269361746414966,5.426444194306379e-05
8560,0.19600915294968208,0.19605660323545815,4.7450285776073908e-05
8561,0.091452292212346284,0.091479403144077681,2.7110931731397225e-05
8562,-0.033374112506732313,-0.033375047105254976,9.3459852266303267e-07
8563,-0.16766493125943607,-0.16769346170382671,2.8530444390634235e-05
8564,-0.2990172435989269,-0.2990649222886016,4.767868967470168e-05
8565,-0.4152263586895984,-0.41527936148941269,5.3002799814294566e-05
8566,-0.50605568958250136,-0.50609930199883069,4.361241632933055e-05
8567,-0.56471362910921685,-0.56473639904345374,2.2769934236888112e-05
8568,-0.5888128467600674,-0.58880927799499261,3.5687650747906474e-06
8569,-0.58066644938647505,-0.58063812178974361,2.8327596731436699e-05
8570,-0.54687755556997253,-0.54683239574224296,4.5159827729568391e-05
8571,-0.49728558737243955,-0.49723561079249318,4.9976579946375832e-05
8572,-0.44343041793635296,-0.44338874013932184,4.1677797031125507e-05
8573,-0.39676951938686766,-0.39674694551321682,2.2573873650844067e-05
8574,-0.36691938757472503,-0.36692153618469836,2.1486099733292185e-06
8575,-0.36018912473549375,-0.36021493167990537,2.5806944411621568e-05
8576,-0.37862945991577823,-0.37867149328728567,4.2033371507432804e-05
8577,-0.41974171412745909,-0.41978829542703422,4.6581299575132462e-05
8578,-0.47689053838508644,-0.47692923972949697,3.870134441052997e-05
8579,-0.54035776042538419,-0.54037870138861832,2.0940963234128418e-05
8580,-0.5988753193489148,-0.59887344966308076,1.8696858340438993e-06
8581,-0.64140257129673051,-0.64137871520083234,2.3856095898167062e-05
8582,-0.65887660642477486,-0.6588370530456088,3.955337916605739e-05
8583,-0.64566787675335457,-0.6456227156654144,4.516108794017093e-05
8584,-0.60051823218896472,-0.60047897366631164,3.9258522653073946e-05
8585,-0.52681765474270437,-0.52679439623827651,2.3258504427858817e-05
8586,-0.43217572013213101,-0.43217458293574346,1.137196387557271e-06
8587,-0.32735143099274,-0.32737295277166428,2.1521778924282753e-05
8588,-0.22470275849056098,-0.22474166885292063,3.8910362359645401e-05
8589,-0.13639033920531782,-0.13643679343188203,4.6454226564213164e-05
8590,-0.072607264761293949,-0.072649227640600347,4.1962879306398082e-05
8591,-0.040102882418582932,-0.040129188657557213,2.6306238974281582e-05
8592,-0.04122418275435339,-0.041227477340069124,3.2945857157337666e-06
8593,-0.073619496225266062,-0.073598338845026687,2.1157380239375523e-05
8594,-0.13064873580968278,-0.13060822923928644,4.0506570396336983e-05
8595,-0.20243685814056842,-0.20238754323559865,4.9314904969760542e-05
8596,-0.27740940452905272,-0.27736464361269103,4.4760916361685776e-05
8597,-0.3440758844217458,-0.34404823488455705,2.7649537188756401e-05
8598,-0.39278889225948443,-0.39278641303984496,2.4792196394729515e-06
8599,-0.41721045871597945,-0.417234363152234,2.390443625455152e-05
8600,-0.41526291002710986,-0.41530713939226427,4.4229365154413447e-05
8601,-0.38941970526555841,-0.38947250053332194,5.2795267763527942e-05
8602,-0.34629242885145955,-0.34633944293801922,4.7014086559660218e-05
8603,-0.29557730070355021,-0.29560554285519647,2.8242151646262759e-05
8604,-0.24852261031234629,-0.24852411122775853,1.5009154122336277e-06
8605,-0.21615142524730566,-0.2161255452946006,2.5879952705060161e-05
8606,-0.20751122332693747,-0.20746492802503225,4.6295301905224795e-05
8607,-0.22821812766175995,-0.22816411627185024,5.4011389909708329e-05
8608,-0.2795186579947001,-0.2794718345506918,4.6823444008303738e-05
8609,-0.358013159143865,-0.35798646055152805,2.6698592336948934e-05
8610,-0.45608451485347429,-0.4560852654969878,7.5064351351405989e-07
8611,-0.56296840826832339,-0.56299624647467394,2.783820635055001e-05
8612,-0.66630380166498959,-0.66635077292074962,4.6971255760031028e-05
8613,-0.75392917050124419,-0.75398199759472728,5.2827093483087673e-05
8614,-0.81565256971198774,-0.81569652365476442,4.3953942776675525e-05
8615,-0.84472779258104191,-0.84475087725212872,2.3084671086803787e-05
8616,-0.8388129555550643,-0.83880927799500338,3.6775600609217918e-06
8617,-0.80026696969210032,-0.80023816149983396,2.8808192266360777e-05
8618,-0.73573939038300606,-0.73569384025446838,4.5550128537685808e-05
8619,-0.65511695900793432,-0.65506720195495083,4.9757052983490091e-05
8620,-0.56998799436566239,-0.56994705840790272,4.0935957759669073e-05
8621,-0.49185876772124221,-0.49183679993589657,2.1967785345633484e-05
8622,-0.43039415700475814,-0.43039627799179764,2.120987039500033e-06
8623,-0.39195152862435556,-0.3919766876224432,2.5158998087637663e-05
8624,-0.37863003641638582,-0.37867131644241836,4.1280026032541883e-05
8625,-0.38797985886283037,-0.38802623328142816,4.637441859778324e-05
8626,-0.41341521929229808,-0.41345432142811422,3.9102135816149186e-05
8627,-0.44526744662082279,-0.44528884757290865,2.1400952085859348e-05
8628,-0.47231712354990624,-0.47231530893963652,1.8146102697125244e-06
8629,-0.48357166327327233,-0.48354743084685925,2.4232426413084429e-05
8630,-0.47001589275545164,-0.46997596222043159,3.9930535020049618e-05
8631,-0.42606795976711359,-0.42602298154833518,4.4978218778413126e-05
8632,-0.35051767381261306,-0.35047914910708511,3.8524705527953618e-05
8633,-0.24680248467873284,-0.24677991620877571,2.2568469957129356e-05
8634,-0.12257818515244183,-0.12257718268663495,1.002465806879127e-06
8635,0.011351027838376599,0.011329990742729387,2.1037095647212165e-05
8636,0.14258277224391214,0.14254453545802484,3.8236785887296731e-05
8637,0.25891251312858338,0.25886629631707181,4.6216811511567979e-05
8638,0.35010346224146616,0.35006116513556013,4.2297105906030641e-05
8639,0.40936346102726467,0.40933667200323587,2.6789024028806008e-05
8640,0.43430428233355151,0.43430078080747492,3.5015260765880463e-06
8641,0.42723776161536131,0.42725908688592162,2.1325270560312859e-05
8642,0.3947653550878672,0.39480610514475117,4.0750056883975816e-05
8643,0.3467244309868836,0.34677359535199326,4.9164365109655161e-05
8644,0.29465242902839844,0.2946965858796356,4.4156851237153738e-05
8645,0.25000405071005638,0.25003105463360115,2.7003923544766106e-05
8646,0.22239272424961812,0.22239493575467076,2.2115050526405611e-06
8647,0.21812414632720145,0.2181004796637511,2.3666663450355729e-05
8648,0.23924527472228807,0.23920153041291503,4.3744309373039414e-05
8649,0.28325328038935604,0.28320074524303851,5.2535146317533865e-05
8650,0.34350828326348481,0.34346111237450516,4.7170888979652936e-05
8651,0.41028727431857631,0.4102586537449725,2.8620573603810318e-05
8652,0.47231712354987088,0.47231530893960005,1.8146102708227474e-06
8653,0.51855183557545037,0.51857761650635825,2.5780930907881583e-05
8654,0.53992282878420195,0.53996914297793297,4.6314193731022968e-05
8655,0.53079453824053324,0.53084842057650272,5.3882335969479556e-05
8656,0.48990243550666396,0.48994887854450675,4.6443037842791579e-05
8657,0.42062986697584487,0.42065608332567173,2.6216349826857499e-05
8658,0.33057961790754026,0.33057852492372031,1.0929838199502662e-06
8659,0.23050368917276279,0.23047581173786563,2.7877434897155551e-05
8660,0.13275279309329649,0.13270605025382365,4.6742839472840858e-05
8661,0.049480014892401544,0.049427457315477832,5.255757692371188e-05
8662,-0.0091294269464029781,-0.0091732885467775121,4.3861600374534016e-05
8663,-0.036334252950606466,-0.036357507538233219,2.3254587626753143e-05
8664,-0.029795609112118718,-0.02979228362002731,3.3254920914077557e-06
8665,0.0081265699383438472,0.0081550121755542739,2.8442237210426699e-05
8666,0.070783752382595974,0.070829055305108149,4.5302922512174826e-05
8667,0.148292226385736,0.14834186087899487,4.9634493258871037e-05
8668,0.22906860039265489,0.22910942521924596,4.0824826591068231e-05
8669,0.30161332971987825,0.30163506223928283,2.1732519404571438e-05
8670,0.35626997575629027,0.35626751242894422,2.4633273460472616e-06
8671,0.38669149749538295,0.38666605229105772,2.5445204325236226e-05
8672,0.39079105708499595,0.39074973619636683,4.1320888629126085e-05
8673,0.37103280703946512,0.37098669563648012,4.6111402984994054e-05
8674,0.33401883281882527,0.33398008911548932,3.8743703335952784e-05
8675,0.2894358142018984,0.28941451026092274,2.1303940975658797e-05
8676,0.24852261031226064,0.24852411122767304,1.5009154124001611e-06
8677,0.2222929117487949,0.2223165697225899,2.3657973794999343e-05
8678,0.21978481935943481,0.21982425355915447,3.9434199719662333e-05
8679,0.24660502588775443,0.24664987217189036,4.4846284135924286e-05
8680,0.30399051093675944,0.3040291811700469,3.8670233287463329e-05
8681,0.38853212036445089,0.38855473058215972,2.2610217708829428e-05
8682,0.49260343135669421,0.49260416610791402,7.3475121981081415e-07
8683,0.60543096297024046,0.60540947628263519,2.1486687605265509e-05
8684,0.71464460580144529,0.71460610446679473,3.8501334650553609e-05
8685,0.80807380225612546,0.80802782694064601,4.5975315479451773e-05
8686,0.87551755313910107,0.8754758390292422,4.1714109858870252e-05
8687,0.91022071886795686,0.91019429374808225,2.6425119874606828e-05
8688,0.90983274742149167,0.90982903895505574,3.708466435936586e-06
8689,0.87670410506120866,0.87672475153737339,2.0646476164731808e-05
8690,0.81747608209059464,0.81751615842686909,4.0076336274452729e-05
8691,0.74202728332072632,0.7420762930919288,4.9009771202479513e-05
8692,0.66193795976279979,0.66198245070524608,4.4490942446295811e-05
8693,0.58870650954110482,0.58873380214868321,2.7292607578388584e-05
8694,0.53199025922925813,0.5319923360037293,2.0767744711713831e-06
8695,0.49813931639115511,0.4981151556868656,2.4160704289510893e-05
8696,0.48924583309865982,0.48920169443798767,4.4138660672154995e-05
8697,0.50285319737565548,0.50280087133546902,5.2326040186456702e-05
8698,0.53236899693289741,0.53232254265490742,4.6454277989993464e-05
8699,0.56811818234214284,0.56809013408034292,2.8048261799917817e-05
8700,0.5988753193489923,0.59887344966315914,1.8696858331557209e-06
8701,0.61364214938011374,0.61366727434761992,2.5124967506173768e-05
8702,0.6033981478770688,0.60344372184758932,4.5573970520518259e-05
8703,0.5625563935052087,0.5626100907872702,5.3697282061504481e-05
8704,0.48990185900607042,0.48994871597021938,4.6856964148966895e-05
8705,0.38886746308696823,0.38889413142315904,2.6668336190804887e-05
8706,0.26710484847747218,0.26710378311658539,1.0653608867872144e-06
8707,0.13541444083834453,0.13538615326724357,2.8287571100960029e-05
8708,0.0061952166639449666,0.006148071377148288,4.7145286796678593e-05
8709,-0.10835135674312582,-0.10840374195927344,5.238521614761571e-05
8710,-0.19799126175945511,-0.19803439368165698,4.313192220187223e-05
8711,-0.25593477325623787,-0.25595735131306535,2.2578056827482484e-05
8712,-0.279795717907113,-0.27979228362003328,3.4342870797177127e-06
8713,-0.27188759353347541,-0.27185966195939365,2.7931574081763166e-05
8714,-0.23881312774688887,-0.23876850569707259,4.4622049816284148e-05
8715,-0.1904105854259156,-0.19036116706017192,4.9418365743680859e-05
8716,-0.13821795767342201,-0.13817676474263496,4.1192930787053994e-05
8717,-0.093690147289027817,-0.093667918438775519,2.222885025229826e-05
8718,-0.066440426590468032,-0.066442705962806201,2.2793723381681064e-06
8719,-0.062773953860833134,-0.062799615507468903,2.5661646635768975e-05
8720,-0.084736753859370573,-0.084778362295060083,4.1608435689510781e-05
8721,-0.12982467364446013,-0.12987064632627229,4.5972681812167515e-05
8722,-0.19139613482770612,-0.19143425965742211,3.8124829715990849e-05
8723,-0.25972608643649198,-0.25974673680936844,2.0650372876462875e-05
8724,-0.32353904145500334,-0.32353729158993966,1.7498650636826873e-06
8725,-0.37178629509280969,-0.37176291141123224,2.3383681577449078e-05
8726,-0.39539617986078118,-0.39535725379135855,3.8926069422628995e-05
8727,-0.38872965954708122,-0.38868505375366358,4.460579341764026e-05
8728,-0.35051835152971966,-0.35047947420607029,3.8877323649377793e-05
8729,-0.28414142984522106,-0.28411840730109794,2.3022544123119104e-05
8730,-0.19719725187976772,-0.19719621694125636,1.0349385113628262e-06
8731,-0.10043308780672187,-0.10045452995193761,2.1442145215738728e-05
8732,-0.0061945817381843949,-0.0062331582478757815,3.8576509691386554e-05
8733,0.073370607935687462,0.073324747588573477,4.5860347113985123e-05
8734,0.12808305979347753,0.12804175355666375,4.130623681378176e-05
8735,0.15120756656450338,0.15118164959765959,2.5916966843786415e-05
8736,0.14041152829119216,0.14040815466129536,3.3736298968023437e-06
8737,0.098061370171940124,0.098082018548169891,2.0648376229767673e-05
8738,0.030812394496209081,0.030852211660035322,3.9817163826241786e-05
8739,-0.051444604398794599,-0.051395846906700612,4.8757492093987054e-05
8740,-0.13711881536453308,-0.13707435795875078,4.4457405782294401e-05
8741,-0.21470305722143174,-0.21467554605187938,2.7511169552352222e-05
8742,-0.27453315673043838,-0.27453072897330499,2.4277571333830572e-06
8743,-0.31025418111712966,-0.3102780261720926,2.3845054962945422e-05
8744,-0.31977119393379083,-0.31981514470060685,4.3950766816014397e-05
8745,-0.30554000090345224,-0.30559222121864149,5.2220315189255295e-05
8746,-0.27415405536930931,-0.27420036745649568,4.6312087186362039e-05
8747,-0.23529125831380612,-0.23531903486927319,2.7776555467068365e-05
8748,-0.20018168107194112,-0.20018320302434317,1.5219524020504416e-06
8749,-0.17983015737480765,-0.17980477442177664,2.5382953031005684e-05
8750,-0.18326580888019339,-0.1832202226964311,4.5586183762297283e-05
8751,-0.21608617849639156,-0.21603272958051814,5.3448915873416381e-05
8752,-0.27951887819831411,-0.27947232207506811,4.6556123245999892e-05
8753,-0.37014531786499638,-0.3701186919744931,2.6625890503284566e-05
8754,-0.48032971934768126,-0.48033045944017605,7.4009249478868e-07
8755,-0.59928926916737713,-0.59931701923669001,2.775006931288182e-05
8756,-0.71464449432717536,-0.71469119578329987,4.6701456124509377e-05
8757,-0.81421538997498422,-0.81426766274355633,5.2272768572114714e-05
8758,-0.88779137143288778,-0.88783462409677971,4.325266389193505e-05
8759,-0.92860772739061015,-0.92863030995662543,2.2582566015283412e-05
8760,-0.93430449992355447,-0.93430078080750234,3.7191160521254929e-06
8761,-0.90722286280693509,-0.90719449281221598,2.8369994719112945e-05
8762,-0.85399487578150846,-0.85395000637865282,4.4869402855640672e-05
8763,-0.78448992103479187,-0.78444073171388762,4.9189320904252654e-05
8764,-0.71027897593591127,-0.71023831907335977,4.0656862551502471e-05
8765,-0.64285126006760829,-0.6428293447373431,2.1915330265187549e-05
8766,-0.59185516330306465,-0.59185721402554559,2.0507224809396263e-06
8767,-0.56363205427361818,-0.56365705446201908,2.5000188400903234e-05
8768,-0.56026549760131461,-0.56030646967873265,4.0972077418044428e-05
8769,-0.5792903929644746,-0.57933623253737099,4.5839572896388958e-05
8770,-0.6141058787353868,-0.6141443276604196,3.8448925032796843e-05
8771,-0.65502862733824285,-0.65504953827442791,2.0910936185059015e-05
8772,-0.69082523086464465,-0.69082332116406664,1.9097005780066567e-06
8773,-0.71048972827723289,-0.71046584044131667,2.3887835916225342e-05
8774,-0.7049941252244899,-0.7049548036778247,3.9321546665194163e-05
8775,-0.6687442153715244,-0.6686998075415338,4.4407829990600334e-05
8776,-0.600517813336789,-0.60047962346711559,3.8189869673410648e-05
8777,-0.503740917525765,-0.50371843026990604,2.2487255858960609e-05
8778,-0.38605860068585296,-0.38605748355870645,1.117127146510466e-06
8779,-0.2582650481217138,-0.25828583005143585,2.0781929722046844e-05
8780,-0.13275329697333363,-0.13279115046405476,3.7853490721134753e-05
8781,-0.02171913545867258,-0.021764833165812437,4.5697707139857879e-05
8782,0.064608890147522538,0.064567159879395819,4.1730268126718983e-05
8783,0.1194462347555633,0.11941987686629287,2.6357889270439694e-05
8784,0.14041152829116285,0.14040815466126585,3.3736298969966327e-06
8785,0.12982270198082596,0.12984379149773778,2.1089516911820816e-05
8786,0.094286564142121596,0.094326806093321405,4.0241951199809778e-05
8787,0.043645138995539658,0.043693735157197086,4.8596161657428472e-05
8788,-0.010560100129391644,-0.010516364230454609,4.3735898937035528e-05
8789,-0.056871096906432522,-0.056844244861090611,2.6852045341911601e-05
8790,-0.085671807924336499,-0.085669462355838832,2.3455684976664282e-06
8791,-0.090654693436568345,-0.090678004731069628,2.3311294501282553e-05
8792,-0.069771732126710839,-0.069814998463821443,4.3266337110603459e-05
8793,-0.025525445079012277,-0.025577471359425376,5.2026280413099146e-05
8794,0.03544388999437946,0.03539717864959474,4.67113447847195e-05
8795,0.10341217487058026,0.10338389175991934,2.8283110660914934e-05
8796,0.1671045083376502,0.1671028265497333,1.6817879169017669e-06
8797,0.21547238352688736,0.21549802988061692,2.5646353729563698e-05
8798,0.239443935027433,0.23948985059907388,4.5915571640881003e-05
8799,0.23337954082357784,0.23343286317840742,5.3322354829576923e-05
8800,0.19600986554359917,0.19605579135726209,4.5925813662917037e-05
8801,0.13071278254777485,0.13073875069053484,2.5968142759985602e-05
8802,0.045085017364916782,0.045084048622565251,9.6874235153143751e-07
8803,-0.050128156388781819,-0.050155597085166148,2.7440696384328778e-05
8804,-0.14258347606466401,-0.14262964901355465,4.6172948890643717e-05
8805,-0.22013605436608338,-0.22018810725709212,5.2052891008735891e-05
8806,-0.2726096233982449,-0.27265313173236783,4.3508334122921433e-05
8807,-0.29327245811712932,-0.29329548412401413,2.3026006884807604e-05
8808,-0.2797957179070934,-0.27979228362001407,3.4342870793291347e-06
8809,-0.23454990867254177,-0.23452152871179402,2.8379960747754174e-05
8810,-0.16419476610804903,-0.16414976613385227,4.4999974196768822e-05
8811,-0.078625887802898461,-0.078576799142635295,4.9088660263166273e-05
8812,0.010560735055253241,0.01060095867305811,4.0223617804868717e-05
8813,0.091852449938165021,0.091873834096754231,2.13841585892105e-05
8814,0.15557940452214444,0.15557702853127062,2.3759908738263391e-06
8815,0.19538072667839759,0.19535576216890743,2.4964509490160713e-05
8816,0.20915523960310978,0.20911455626801922,4.068333509055222e-05
8817,0.19935217903714797,0.19930657342351699,4.5605613630983477e-05
8818,0.17255807802187675,0.17251960402864708,3.8473993229676262e-05
8819,0.13844367941666133,0.13842250285478269,2.1176561878638589e-05
8820,0.10823176955625943,0.10823333152340629,1.561967146859744e-06
8821,0.092919712378685404,0.092943336585168318,2.3624206482913968e-05
8822,0.10152892707769892,0.10156812080139715,3.9193723698233152e-05
8823,0.13964898290759231,0.13969330203989644,4.4319132304126985e-05
8824,0.20849921369570804,0.20853723079586722,3.80171001591878e-05
8825,0.30465257998260914,0.30467476053957809,2.2180556968953713e-05
8826,0.420464815273973,0.42046558141845713,7.6614448413225844e-07
8827,0.54514451864098323,0.54512350876203941,2.1009878943822891e-05
8828,0.66630347815417423,0.66626564156261958,3.783659155465191e-05
8829,0.77175275226101636,0.77170728718481207,4.5465076204287413e-05
8830,0.85127257774204845,0.85123108925222013,4.1488489828322983e-05
8831,0.89808896964492768,0.89806259959463652,2.6370050291157909e-05
8832,0.909832747421501,0.90982903895506562,3.7084664353814745e-06
8833,0.88883585428425971,0.88885644634599814,2.0592061738433642e-05
8834,0.8417210574876739,0.84176091047345047,3.9852985776578365e-05
8835,0.7783483333158715,0.77839683677874627,4.8503462874771586e-05
8836,0.71027908741011725,0.71032291814853799,4.3830738420735926e-05
8837,0.64899295387041855,0.64901977294513014,2.6819074711581514e-05
8838,0.60412887531204407,0.60413092069324981,2.0453812057397158e-06
8839,0.58201885677306719,0.58199512114338747,2.3735629679721981e-05
8840,0.58473713033978425,0.58469363573404021,4.3494605744043291e-05
8841,0.60980924035588868,0.60975742967458169,5.1810681306996287e-05
8842,0.65062488921469919,0.6505786640649297,4.6225149769485441e-05
8843,0.69749138171231062,0.69746336001098175,2.802170132887305e-05
8844,0.73916616010504133,0.73916422936747439,1.9307375669352922e-06
8845,0.76463428416538837,0.76465929027102642,2.5006105638047949e-05
8846,0.76485890267404444,0.76490422282157777,4.5320147533334243e-05
8847,0.73423702150754444,0.73429023265553672,5.3211147992282548e-05
8848,0.67153767648796825,0.67158391405542484,4.6237567456586248e-05
8849,0.58017823390396084,0.58020443268340216,2.6198779441322095e-05
8850,0.46779541971162264,0.46779426701426241,1.1526973602293822e-06
8851,0.34517532062006212,0.34514736896120995,2.7951658852165551e-05
8852,0.22470308200135253,0.22465651522686048,4.656677449205171e-05
8853,0.11856675744551731,0.11851489054419863,5.1866901318683989e-05
8854,0.036987256731201873,0.036944402790915876,4.2853940285997316e-05
8855,-0.01325829464533641,-0.013280825495343743,2.2530850007333389e-05
8856,-0.029795609112118378,-0.029792283620025818,3.3254920925596121e-06
8857,-0.014949388366928272,-0.014921668993337809,2.7719373590463087e-05
8858,0.024667068704981955,0.024711366995023069,4.4298290041114297e-05
8859,0.079205483832602938,0.079254432894245677,4.8949061642739045e-05
8860,0.13711831148457651,0.13715896630142849,4.0654816851976028e-05
8861,0.18694169827255941,0.18696350938591746,2.1811113358055634e-05
8862,0.21905417395220214,0.2190517703383946,2.4036138075445024e-06
8863,0.22714313056728716,0.22711769681532717,2.5433751959985651e-05
8864,0.20915581610374662,0.20911468857494322,4.1127528803391877e-05
8865,0.16759032377254918,0.16754486782542902,4.5455947120159879e-05
8866,0.10908275892911706,0.10904499413371029,3.7764795406777796e-05
8867,0.043353365612124661,0.043332826882302389,2.0538729822272561e-05
8868,-0.018326426242730797,-0.018324809200019304,1.6170427114929609e-06
8869,-0.064911195644763539,-0.064888125181030265,2.3070463733274038e-05
8870,-0.087331786591627117,-0.087293276937275954,3.8509654351162603e-05
8871,-0.079950934078666061,-0.079906786038864697,4.4148039801364392e-05
8872,-0.041501344680675407,-0.041462899929298615,3.8444751376792707e-05
8873,0.02463740991859267,0.024660103961034865,2.2694042442195778e-05
8874,0.11086728029422871,0.11086818116929334,9.0087506462999123e-07
8875,0.20644205980980634,0.20642074136431285,2.1318445493495597e-05
8876,0.29901794741964127,0.29897974192009452,3.8205499546750676e-05
8877,0.37644989992706257,0.37640454880384872,4.5351123213854816e-05
8878,0.42856185073924835,0.42852100039465368,4.0850344594667298e-05
8879,0.44862262619905741,0.44859691418469938,2.5712014358025836e-05
8880,0.43430428233359247,0.43430078080751799,3.5015260744786225e-06
8881,0.38797859644364679,0.387998845797767,2.0249354120205343e-05
8882,0.31630696659015267,0.31634627367277945,3.930708262678273e-05
8883,0.22918704418845737,0.22923534942464127,4.8305236183904254e-05
8884,0.13821725385270678,0.13826138699171872,4.4133139011942601e-05
8885,0.05491301873865264,0.054940309478195573,2.7290739542933096e-05
8886,-0.01105274119703155,-0.01105042810123897,2.3130957925807799e-06
8887,-0.053315748270099814,-0.053339548158675913,2.3799888576099548e-05
8888,-0.069771054409613883,-0.069814733913162105,4.367950354822181e-05
8889,-0.062863745299037987,-0.062915469944673202,5.172464563521495e-05
8890,-0.039175822900265757,-0.039221591844069904,4.5768943804147533e-05
8891,-0.0083731933098398111,-0.0084006639464470189,2.7470636607207846e-05
8892,0.018326426242802295,0.018324809200093647,1.6170427086480144e-06
8893,0.029931023342616263,0.029955956263528535,2.4932920912271866e-05
8894,0.017424850562898112,0.01746985392624463,4.5003363346517861e-05
8895,-0.024775644394745239,-0.024722647732481833,5.2996662263406907e-05
8896,-0.097883417013383087,-0.097837096175366359,4.6320838016727928e-05
8897,-0.19846479221573041,-0.19843828252647586,2.6509689254550217e-05
8898,-0.31886871304936981,-0.31886952340642405,8.1035705423726512e-07
8899,-0.44829677682100211,-0.44832451835620046,2.7741535198355649e-05
8900,-0.57435351275691515,-0.57440001232794125,4.6499571026092923e-05
8901,-0.68484242794811323,-0.68489422345185735,5.1795503744123117e-05
8902,-0.76953588603437062,-0.76957853745640614,4.2651422035522302e-05
8903,-0.8216518342757605,-0.82167402519065402,2.2190914893527314e-05
8904,-0.8388129555550512,-0.83880927799498783,3.6775600633642824e-06
8905,-0.82334292799735509,-0.82331501224833215,2.7915749022944247e-05
8906,-0.78185607406059832,-0.7818118219046194,4.425215597891885e-05
8907,-0.72420370156104241,-0.72415496822011305,4.8733340929363322e-05
8908,-0.66193828327371573,-0.66189780990431568,4.0473369400051418e-05
8909,-0.60653039916854123,-0.60650852148959988,2.1877678941351064e-05
8910,-0.56760995880883824,-0.5676120200823398,2.0612735015523853e-06
8911,-0.55149989555246071,-0.55152487483814761,2.4979285686899111e-05
8912,-0.56026527739766563,-0.56030607301057089,4.0795612905264456e-05
8913,-0.59142234212979872,-0.59146772545402393,4.5383324225212185e-05
8914,-0.63835129318207784,-0.63838912612051835,3.7832938440507391e-05
8915,-0.69134989521068058,-0.69137036357360149,2.0468362920911254e-05
8916,-0.73916616010498515,-0.73916422936741488,1.9307375702659613e-06
8917,-0.77077577066691016,-0.77075229268686229,2.3477980047870162e-05
8918,-0.77713249870657308,-0.77709378147625208,3.8717230321005935e-05
8919,-0.75262391973356602,-0.75257997274738941,4.3946986176601754e-05
8920,-0.69600952943004701,-0.69597151819949521,3.8011230551804331e-05
8921,-0.610697195124558,-0.61067470888136532,2.2486243192676447e-05
8922,-0.50431433621484756,-0.50431316762519651,1.1685896510460481e-06
8923,-0.38763787532198135,-0.38765857856712382,2.0703245142472682e-05
8924,-0.27304388613781166,-0.2730815406304879,3.7654492676231222e-05
8925,-0.1727113892004106,-0.17275665149001418,4.5262289603581474e-05
8926,-0.096852240158339417,-0.096893387809569784,4.1147651230366566e-05
8927,-0.052234631641619407,-0.052260542839351887,2.5911197732479685e-05
8928,-0.041224182754366359,-0.041227477340080761,3.2945857144014989e-06
8929,-0.061487747002251639,-0.061466983129999347,2.076387225229126e-05
8930,-0.10640376041264857,-0.10636406375898221,3.969665366636288e-05
8931,-0.16611580814547094,-0.16606767597793681,4.8132167534131742e-05
8932,-0.22906827688177889,-0.22902476121239623,4.3515669382654387e-05
8933,-0.28378944009246443,-0.28376260142277321,2.6838669691220396e-05
8934,-0.32065027617671416,-0.320647828350342,2.4478263721539051e-06
8935,-0.33333091833406447,-0.33335406124192268,2.314290785820905e-05
8936,-0.31977161278596516,-0.31981461610456569,4.3003318600520757e-05
8937,-0.2824636622852898,-0.28251527105012342,5.1608764833621645e-05
8938,-0.22803653656961276,-0.22808274106438253,4.620449476977484e-05
8939,-0.16620410133333394,-0.16623198223516961,2.7880901835669603e-05
8940,-0.10823176955625075,-0.10823333152339538,1.561967144639298e-06
8941,-0.065159290461991884,-0.065133863176878304,2.5427285113580056e-05
8942,-0.04605046852993265,-0.046005004453654685,4.5464076277965115e-05
8943,-0.056537499659406534,-0.056484640245930466,5.2859413476068207e-05
8944,-0.097882840512794805,-0.097837212335239968,4.5628177554837834e-05
8945,-0.16670238832687323,-0.16667649132699441,2.5896999878816107e-05
8946,-0.25539394361932938,-0.2553947815993175,8.3797998812196184e-07
8947,-0.35320752848661263,-0.35323469963141835,2.7171144805715475e-05
8948,-0.44779593632758791,-0.44784175627189832,4.5819944310410143e-05
8949,-0.52701105631260337,-0.52706270456735815,5.164825475478807e-05
8950,-0.58067405122132865,-0.58071715592078799,4.3104699459339813e-05
8951,-0.60205131397013401,-0.60207402206073746,2.2708090603451581e-05
8952,-0.58881284676005929,-0.58880927799498362,3.5687650756788258e-06
8953,-0.54332876452554069,-0.54330049701819372,2.8267507346968479e-05
8954,-0.47225919393112314,-0.47221453574337025,4.4658187752899536e-05
8955,-0.38550088974940694,-0.38545225718902731,4.863256037962449e-05
8956,-0.29465172520765959,-0.29461189400219123,3.9831205468354725e-05
8957,-0.21122692215965883,-0.21120569881433401,2.1223345324811183e-05
8958,-0.14489955646210184,-0.14490180169061306,2.2452285112217751e-06
8959,-0.10203444419626054,-0.1020590494886285,2.4605292367960163e-05
8960,-0.08473746645330546,-0.084777702024352378,4.0235571046917662e-05
8961,-0.090564861445869088,-0.090610069293753148,4.5207847884060071e-05
8962,-0.11293632553553179,-0.11297450563654629,3.8180101014501089e-05
8963,-0.14218799457226824,-0.14220895985727816,2.0965285009916235e-05
8964,-0.16710450833769533,-0.16710282654977598,1.6817879193442575e-06
8965,-0.17669656382528198,-0.17667296774577854,2.3596079503446221e-05
8966,-0.16195149948634119,-0.16191254426667617,3.8955219665015584e-05
8967,-0.11728923429872438,-0.11724535829986468,4.3875998859702059e-05
8968,-0.041500666963573893,-0.041463132177995805,3.7534785578087482e-05
8969,0.061976355085097704,0.061998273717103411,2.1918632005707428e-05
8970,0.18548634702159134,0.18548721542394961,8.6840235827279066e-07
8971,0.31822617545495602,0.3182055824974469,2.0592957509113496e-05
8972,0.44779530140179619,0.44775798986347892,3.731153831726397e-05
8973,0.56199180512001456,0.56194673661159111,4.5068508423451448e-05
8974,0.65058225318728247,0.65054096465337119,4.1288533911276737e-05
8975,0.7067785206618451,0.70675225523009899,2.6265431746108625e-05
8976,0.7281970363759559,0.72819340695370283,3.6294222530708353e-06
8977,0.71715498788704846,0.71717559639648232,2.0608509433861499e-05
8978,0.68025992718177231,0.68029961759806556,3.9690416293258757e-05
8979,0.62735607957408446,0.6274041580087617,4.8078434677245596e-05
8980,0.56998849824558506,0.57003178283340028,4.3284587815217712e-05
8981,0.51962012667009538,0.5196465942291093,2.6467559013920727e-05
8982,0.48587313978299657,0.48587523662670584,2.0968437092760972e-06
8983,0.47506257917422634,0.47503927270795193,2.3306466274408688e-05
8984,0.4892454142464856,0.48920248606642158,4.2928180064016885e-05
8985,0.52592953599381442,0.5258781247691976,5.1411224616826345e-05
8986,0.57848651573259025,0.57844043128515965,4.6084447430594366e-05
8987,0.63720533932261403,0.63717733788823472,2.800143437931002e-05
8988,0.69082523086468606,0.69082332116411116,1.9097005748980322e-06
8989,0.72831301629293799,0.72833803487807303,2.5018585135039295e-05
8990,0.74061348822734341,0.74065867944341768,4.5191216074269569e-05
8991,0.72210507234221211,0.7221578796126692,5.2807270457089217e-05
8992,0.67153789669161135,0.6715835658600412,4.5669168429851581e-05
8993,0.59231039262511487,0.5923361822764468,2.5789651331931118e-05
8994,0.49204062420584771,0.49203946095746637,1.1632483813417416e-06
8995,0.38149618151913034,0.38146862220587924,2.7559313251102058e-05
8996,0.27304377466355029,0.27299776914202323,4.600552152705939e-05
8997,0.17885297691926752,0.1788015139607993,5.1462958468223574e-05
8998,0.1091260584521086,0.10908333194815369,4.2726503954912398e-05
8999,0.070621640164233196,0.07059908499281406,2.2555171419136322e-05
9000,0.065695935256365759,0.065699219192470265,3.2839361045061688e-06
9001,0.092006504747891765,0.092034185887066813,2.7681139175048108e-05
9002,0.14292255410345925,0.1429667090863701,4.4154982910854512e-05
9003,0.20857844585942537,0.20862701249554741,4.8566636122043816e-05
9004,0.27740929305478174,0.27744940527905587,4.0112224274135855e-05
9005,0.33793419061887642,0.33795558046315488,2.1389844278463244e-05
9006,0.3805151802504565,0.38051270637208856,2.4738783679367771e-06
9007,0.39882365621649934,0.39879853602288462,2.512019361472495e-05
9008,0.39079127728862817,0.39075065880124027,4.0618487387900082e-05
9009,0.3589008578741496,0.35885580910217507,4.5048771974531832e-05
9010,0.3097734183721631,0.3097358150032663,3.7603368896799161e-05
9011,0.25311454632949903,0.25309398723510146,2.0559094397576416e-05
9012,0.20018168107195328,0.20018320302435894,1.5219524056586664e-06
9013,0.16200686935912842,0.16202981612263301,2.2946763504588796e-05
9014,0.14764644587732356,0.1476847545959814,3.8308718657842356e-05
9015,0.16272532152563529,0.16276910609695938,4.3784571324090305e-05
9016,0.20849879484337089,0.20853676686707145,3.7972023700566515e-05
9017,0.28157584276547909,0.28159815245698461,2.2309691505517648e-05
9018,0.37434769582748734,0.37434848204121018,7.8621372284759516e-07
9019,0.47605813576974798,0.4760370263582534,2.1109411494579788e-05
9020,0.57435401663675456,0.57431623067669679,3.7785960057767909e-05
9021,0.65708154851421308,0.65703660395323915,4.4944560973925185e-05
9022,0.71405642283312254,0.71401580611703719,4.0616716085351001e-05
9023,0.73853985247072962,0.73851417078678283,2.5681683946787714e-05
9024,0.72819703637599187,0.72819340695373946,3.6294222524047015e-06
9025,0.68539365607822722,0.68541368109048972,2.0025012262503417e-05
9026,0.61678575753596854,0.61682477700263505,3.9019466666512237e-05
9027,0.53226633617988339,0.53231429217087567,4.7955990992276654e-05
9028,0.44342978301057823,0.44347354375653347,4.3760745955245817e-05
9029,0.36178816635521072,0.36181515162135036,2.6985266139645248e-05
9030,0.29701179097697133,0.29701397000931629,2.1790323449510929e-06
9031,0.25546309149369306,0.25543939221351702,2.3699280176037174e-05
9032,0.23924595243938376,0.2392025835483734,4.3368891010364674e-05
9033,0.24591498016931027,0.24586365586088615,5.1324308424111065e-05
9034,0.2688885703688097,0.26884312808133187,4.5442287477825971e-05
9035,0.29850190613812766,0.29847455126279882,2.7354875328844397e-05
9036,0.32353904145500745,0.32353729158994721,1.749865060240996e-06
9037,0.33301047539118683,0.33303509104394713,2.461565276029587e-05
9038,0.31790374431970381,0.31794836488122985,4.4620561526043101e-05
9039,0.27263935302227882,0.27269200873590177,5.2655713622951072e-05
9040,0.19600915294978016,0.19605521198040937,4.6059030629208575e-05
9041,0.091452292212462358,0.091478601025892947,2.6308813430589439e-05
9042,-0.033374112506608912,-0.033375047105133102,9.3459852418958933e-07
9043,-0.16766493125931634,-0.16769266183370293,2.7730574386597429e-05
9044,-0.29901724359882037,-0.29906353882167058,4.6295222850212259e-05
9045,-0.41522635868951174,-0.41527776625078322,5.1407561271477054e-05
9046,-0.50605568958243763,-0.50609792243244445,4.223285000681809e-05
9047,-0.56471362910917555,-0.56473560367732123,2.1974568145677331e-05
9048,-0.58881284676004508,-0.58880927799496896,3.568765076122915e-06
9049,-0.58066644938646617,-0.58063891490018693,2.7534486279234827e-05
9050,-0.54687755556997208,-0.54683376749480483,4.3788075167250362e-05
9051,-0.49728558737244105,-0.49723719249720333,4.839487523772279e-05
9052,-0.44343041793635357,-0.44339010797860767,4.0309957745898739e-05
9053,-0.39676951938686639,-0.39674773410500241,2.1785281863972994e-05
9054,-0.36691938757472298,-0.36692153618469792,2.1486099749390419e-06
9055,-0.36018912473549414,-0.36021414535116747,2.5020615673332358e-05
9056,-0.37862945991578539,-0.37867013328743288,4.0673371647481638e-05
9057,-0.41974171412747707,-0.41978672730063288,4.5013173155805664e-05
9058,-0.4768905383851183,-0.4769278836558371,3.734527071880267e-05
9059,-0.54035776042543204,-0.54037791959347747,2.0159168045430498e-05
9060,-0.59887531934897831,-0.5988734496631426,1.8696858357092339e-06
9061,-0.64140257129680744,-0.64137949472557421,2.3076571233238141e-05
9062,-0.65887660642486146,-0.65883840125406534,3.8205170796112853e-05
9063,-0.64566787675344717,-0.64562427016878132,4.3606584665845105e-05
9064,-0.60051823218905731,-0.60048031793559864,3.7914253458670721e-05
9065,-0.5268176547427933,-0.52679517121446107,2.2483528332228886e-05
9066,-0.43217572013221206,-0.43217458293582595,1.1371963861139811e-06
9067,-0.32735143099281089,-0.32737218007370689,2.0749080895998695e-05
9068,-0.22470275849062055,-0.22474033247523942,3.7573984618871625e-05
9069,-0.13639033920536611,-0.1364352525970601,4.4913391693990334e-05
9070,-0.072607264761331503,-0.072647895215196406,4.0630453864903826e-05
9071,-0.040102882418610965,-0.040128420523280479,2.5538104669514672e-05
9072,-0.041224182754373222,-0.041227477340088012,3.294585714790077e-06
9073,-0.073619496225278858,-0.073599104693666831,2.0391531612026781e-05
9074,-0.13064873580968947,-0.13060955374691677,3.918206277270242e-05
9075,-0.20243685814056944,-0.20238907035639905,4.7787784170388869e-05
9076,-0.27740940452904839,-0.27736596415476866,4.3440374279724026e-05
9077,-0.3440758844217367,-0.34404899615416057,2.6888267576130609e-05
9078,-0.39278889225947045,-0.39278641303983186,2.4792196385847731e-06
9079,-0.41721045871596085,-0.41723360417596023,2.3145459999374118e-05
9080,-0.41526291002708682,-0.41530582679458028,4.2916767493461627e-05
9081,-0.38941970526553116,-0.38947098717264345,5.1281907112288305e-05
9082,-0.3462924288514273,-0.34633813431922905,4.5705467801748778e-05
9083,-0.29557730070351274,-0.29560478847334642,2.7487769833689502e-05
9084,-0.24852261031230283,-0.24852411122771423,1.5009154114009604e-06
9085,-0.21615142524725531,-0.21612629737525746,2.5127871997848716e-05
9086,-0.20751122332687935,-0.2074662286724698,4.4994654409546975e-05
9087,-0.22821812766169325,-0.22816561582579475,5.2511835898494397e-05
9088,-0.27951865799462505,-0.27947313120572825,4.5526788896799175e-05
9089,-0.35801315914378273,-0.35798720802214351,2.5951121639222752e-05
9090,-0.45608451485338691,-0.45608526549690104,7.5064351412468255e-07
9091,-0.56296840826823369,-0.56299550131281029,2.7093044576598224e-05
9092,-0.66630380166490277,-0.66634948426389629,4.5682598993512791e-05
9093,-0.75392917050116459,-0.7539805118941858,5.1341393021209214e-05
9094,-0.81565256971191957,-0.81569523900391594,4.2669291996366709e-05
9095,-0.84472779258098951,-0.84475013671601784,2.2344135028329326e-05
9096,-0.83881295555503044,-0.83880927799496885,3.6775600615879256e-06
9097,-0.80026696969208611,-0.80023889971906681,2.8069973019295702e-05
9098,-0.73573939038301117,-0.73569511687958333,4.4273503427838534e-05
9099,-0.65511695900795652,-0.65506867375455702,4.8285253399504846e-05
9100,-0.56998799436569847,-0.56994833101333797,3.9663352360497228e-05
9101,-0.49185876772128795,-0.49183753351362602,2.1234207661924298e-05
9102,-0.43039415700480971,-0.4303962779918496,2.120987039888611e-06
9103,-0.3919515286244093,-0.39197595636958316,2.4427745173860593e-05
9104,-0.37863003641643911,-0.37867005189031427,4.0015473875165686e-05
9105,-0.387979858862882,-0.38802477543052877,4.4916567646768879e-05
9106,-0.41341521929234792,-0.4134530609095638,3.7841617215872425e-05
9107,-0.44526744662087137,-0.4452881209775964,2.0674356725036702e-05
9108,-0.47231712354995448,-0.47231530893968465,1.8146102698235467e-06
9109,-0.48357166327332135,-0.48354815510946847,2.3508163852881125e-05
9110,-0.47001589275550104,-0.46997721465802211,3.8678097478928031e-05
9111,-0.42606795976716288,-0.42602442540252067,4.3534364642217049e-05
9112,-0.3505176738126608,-0.35048039749714455,3.7276315516254765e-05
9113,-0.24680248467877641,-0.24678063579769383,2.1848881082586757e-05
9114,-0.12257818515247842,-0.12257718268667135,1.002465807073416e-06
9115,0.011351027838349277,0.011330707990675057,2.0319847674220293e-05
9116,0.14258277224389554,0.14254577573889418,3.6996505001357649e-05
9117,0.25891251312857749,0.25886772612577341,4.4787002804080878e-05
9118,0.35010346224146999,0.35006240135482419,4.1060886645793992e-05
9119,0.40936346102727517,0.40933738456125612,2.6076466019042677e-05
9120,0.43430428233356516,0.43430078080748785,3.5015260773096912e-06
9121,0.42723776161537369,0.42725837667700017,2.06150616264833e-05
9122,0.39476535508787475,0.39480487706294193,3.952197506718047e-05
9123,0.34672443098688355,0.34677217963776297,4.774865087942004e-05
9124,0.29465242902838984,0.29469536187365863,4.2932845268794928e-05
9125,0.25000405071004062,0.25003034913103822,2.629842099760582e-05
9126,0.22239272424959852,0.22239493575465169,2.211505053167917e-06
9127,0.21812414632718277,0.21810118280895552,2.2963518227253621e-05
9128,0.23924527472227616,0.23920274625285576,4.2528469420405335e-05
9129,0.28325328038935715,0.28320214681330402,5.1133576053130625e-05
9130,0.34350828326350458,0.34346232412427946,4.5959139225115742e-05
9131,0.41028727431861839,0.41025935216728243,2.7922151335957324e-05
9132,0.47231712354993843,0.47231530893966711,1.8146102713223478e-06
9133,0.51855183557554352,0.5185769204498295,2.5084874285985492e-05
9134,0.53992282878431908,0.53996793942313814,4.5110638819068072e-05
9135,0.53079453824067013,0.53084703320027105,5.2494959600912772e-05
9136,0.48990243550681489,0.48994767909442194,4.524358760704672e-05
9137,0.42062986697600369,0.42065539200888286,2.5525032879170073e-05
9138,0.3305796179076988,0.33057852492388007,1.0929838187290208e-06
9139,0.23050368917291331,0.23047650068092326,2.7188491990043362e-05
9140,0.13275279309343135,0.132707241480267,4.5551613164357407e-05
9141,0.04948001489251394,0.049428830447686152,5.1184444827788445e-05
9142,-0.0091294269463187798,-0.0091721014396686645,4.267449334988474e-05
9143,-0.036334252950554126,-0.036356823351815816,2.2570401261690076e-05
9144,-0.029795609112099587,-0.02979228362000972,3.3254920898673213e-06
9145,0.0081265699383312549,0.0081543303716876143,2.7760433356359415e-05
9146,0.070783752382556006,0.070827876451314706,4.4124068758699675e-05
9147,0.14829222638567585,0.14834050204193713,4.827565626128183e-05
9148,0.22906860039258373,0.22910825049944308,3.9650106859356882e-05
9149,0.30161332971980648,0.30163438520891694,2.1055489110466397e-05
9150,0.35626997575622793,0.35626751242888338,2.4633273445484605e-06
9151,0.38669149749533877,0.38666672693024984,2.4770565088927388e-05
9152,0.39079105708497502,0.39075090263319889,4.0154451776130973e-05
9153,0.37103280703946862,0.37098804012710057,4.4766912368043865e-05
9154,0.33401883281884986,0.33398125140347568,3.7581415374188243e-05
9155,0.28943581420193587,0.28941518010946654,2.0634092469329346e-05
9156,0.24852261031229986,0.24852411122771026,1.5009154104017597e-06
9157,0.22229291174882337,0.22231590227379211,2.2990524968735659e-05
9158,0.21978481935944047,0.21982309958394763,3.8280224507164506e-05
9159,0.24660502588772848,0.24664854207936548,4.3516191637005264e-05
9160,0.30399051093669821,0.30402803135866696,3.7520421968750828e-05
9161,0.38853212036435714,0.38855406794129316,2.1947576936021118e-05
9162,0.49260343135657692,0.49260416610779872,7.3475122180921559e-07
9163,0.60543096297011345,0.60541013651490161,2.082645521184201e-05
9164,0.71464460580132649,0.71460724593510827,3.7359866218222848e-05
9165,0.80807380225603254,0.80802914258273373,4.4659673298808045e-05
9166,0.87551755313904822,0.87547697631859178,4.05768204564394e-05
9167,0.91022071886795441,0.91019494915494126,2.5769713013157336e-05
9168,0.90983274742154141,0.90982903895510281,3.7084664386011212e-06
9169,0.87670410506130425,0.87672409854776434,1.9993486460090359e-05
9170,0.81747608209072242,0.8175150295108885,3.8947420166079993e-05
9171,0.74202728332086842,0.74207499195287563,4.7708632007203988e-05
9172,0.66193795976293612,0.6619813259835744,4.3366220638274555e-05
9173,0.58870650954121673,0.58873315400225557,2.664446103883833e-05
9174,0.53199025922933119,0.53199233600380513,2.0767744739469407e-06
9175,0.49813931639118353,0.49811580140742107,2.3514983762462638e-05
9176,0.48924583309864605,0.48920281075581123,4.302234283481976e-05
9177,0.50285319737560985,0.50280215791849958,5.1039457110269026e-05
9178,0.53236899693283635,0.53232365476297561,4.5342169860740356e-05
9179,0.56811818234208633,0.5680907749398576,2.7407402228729616e-05
9180,0.59887531934895977,0.59887344966312417,1.8696858355982116e-06
9181,0.61364214938012041,0.61366663592300308,2.448654288267349e-05
9182,0.60339814787712309,0.60344261817443723,4.4470297314136431e-05
9183,0.56255639350531217,0.56260881881402702,5.2425308714854069e-05
9184,0.48990185900621563,0.48994761652241026,4.5757516194622205e-05
9185,0.3888674630871421,0.38889349787761474,2.6034790472639902e-05
9186,0.2671048484776572,0.26710378311677335,1.0653608838451234e-06
9187,0.13541444083852336,0.13538678436917867,2.7656469344689016e-05
9188,0.0061952166641023642,0.006149162359110485,4.6054304991879208e-05
9189,-0.10835135674300021,-0.10840248464961767,5.1127906617459695e-05
9190,-0.19799126175936579,-0.19803330694069862,4.2045181332828196e-05
9191,-0.25593477325618308,-0.25595672510826872,2.1951852085644319e-05
9192,-0.27979571790708646,-0.27979228362000935,3.4342870771086886e-06
9193,-0.27188759353346809,-0.27186028571107129,2.7307822396793746e-05
9194,-0.23881312774689109,-0.23876958394028885,4.3543806602236446e-05
9195,-0.19041058542591963,-0.19036240965131973,4.8175774599895638e-05
9196,-0.13821795767342351,-0.13817783872909226,4.0118944331257733e-05
9197,-0.09369014728902593,-0.093668537275173436,2.1610013852493837e-05
9198,-0.066440426590465687,-0.066442705962801191,2.2793723355035711e-06
9199,-0.062773953860835272,-0.062798999133303821,2.504527246854904e-05
9200,-0.084736753859382771,-0.084777296838058028,4.0542978675256469e-05
9201,-0.12982467364448666,-0.12986941850859612,4.4744864109463878e-05
9202,-0.19139613482774867,-0.19143319847317239,3.7063645423718317e-05
9203,-0.25972608643654871,-0.25974612536897601,2.0038932427302036e-05
9204,-0.32353904145506984,-0.32353729159000832,1.7498650615177525e-06
9205,-0.3717862950928788,-0.37176352038025962,2.2774712619189064e-05
9206,-0.39539617986084524,-0.3953583064142045,3.7873446640745989e-05
9207,-0.38872965954713401,-0.38868626674243123,4.3392804702779841e-05
9208,-0.35051835152975658,-0.35048052254006101,3.7828989695565252e-05
9209,-0.28414142984524082,-0.28411901131776074,2.2418527480083661e-05
9210,-0.19719725187977283,-0.19719621694125875,1.0349385140828726e-06
9211,-0.10043308780671702,-0.10045392841612023,2.0840609403216526e-05
9212,-0.0061945817381754958,-0.0062321185077790471,3.7536769603551366e-05
9213,0.073370607935694471,0.073325945692267899,4.4662243426571435e-05
9214,0.12808305979347825,0.12804278899167493,4.0270801803327094e-05
9215,0.15120756656449605,0.15118224616238574,2.5320402110312612e-05
9216,0.14041152829117759,0.14040815466127871,3.3736298988840119e-06
9217,0.098061370171922069,0.098081424473672199,2.0054301750130343e-05
9218,0.0308123944961924,0.030851184851516715,3.8790355324315462e-05
9219,-0.051444604398804612,-0.05139703006883023,4.7574329974382767e-05
9220,-0.13711881536453202,-0.13707538044578021,4.3434918751805718e-05
9221,-0.2147030572214175,-0.21467613513633582,2.6922085081676483e-05
9222,-0.27453315673041068,-0.27453072897327513,2.4277571355479921e-06
9223,-0.31025418111709108,-0.31027743958734444,2.3258470253362251e-05
9224,-0.31977119393374503,-0.31981413087297317,4.2936939228133131e-05
9225,-0.30554000090340294,-0.30559105305508327,5.1052151680330837e-05
9226,-0.27415405536925963,-0.27419935796686945,4.5302597609819806e-05
9227,-0.2352912583137575,-0.23531845329362239,2.7194979864891833e-05
9228,-0.20018168107189271,-0.20018320302429665,1.5219524039378207e-06
9229,-0.17983015737475663,-0.179805353487974,2.480388678263723e-05
9230,-0.18326580888013566,-0.18322122349327954,4.4585386856116349e-05
9231,-0.21608617849632314,-0.21603388268779655,5.2295808526586773e-05
9232,-0.2795188781982324,-0.27947331851719515,4.555968103725494e-05
9233,-0.37014531786490168,-0.37011926601227108,2.6051852630604166e-05
9234,-0.48032971934757596,-0.48033045944006947,7.4009249351192352e-07
9235,-0.5992892691672671,-0.59931644771773895,2.7178550471851359e-05
9236,-0.71464449432706911,-0.71469020806717798,4.5713740108865863e-05
9237,-0.81421538997489018,-0.81426652475034045,5.1134775450267789e-05
9238,-0.88779137143281395,-0.88783364075222437,4.226931941042622e-05
9239,-0.9286077273905613,-0.92862974348555083,2.2016094989529833e-05
9240,-0.93430449992353271,-0.93430078080748258,3.7191160501270915e-06
9241,-0.90722286280693942,-0.90719505675445089,2.7806052488532629e-05
9242,-0.85399487578153244,-0.85395098096314359,4.3894818388845458e-05
9243,-0.78448992103482729,-0.78444185453423976,4.8066500587529148e-05
9244,-0.71027897593594969,-0.71023928926934576,3.968666660392195e-05
9245,-0.64285126006764126,-0.64282990361217829,2.1356455462973045e-05
9246,-0.59185516330308519,-0.59185721402556579,2.0507224806065594e-06
9247,-0.56363205427362473,-0.5636564981258696,2.4443852244870889e-05
9248,-0.56026549760130706,-0.5603055082769155,4.0010675608437296e-05
9249,-0.57929039296445761,-0.5793351249489449,4.4731984487289544e-05
9250,-0.61410587873536537,-0.61414337066424429,3.7491928878918834e-05
9251,-0.65502862733822365,-0.65504898702546832,2.0359687244675406e-05
9252,-0.6908252308646331,-0.69082332116405576,1.9097005773405229e-06
9253,-0.71048972827723322,-0.71046638914167204,2.3339135561184499e-05
9254,-0.70499412522450289,-0.7049557518454268,3.8373379076084291e-05
9255,-0.66874421537154849,-0.66870089983843106,4.3315533117427307e-05
9256,-0.60051781333682142,-0.60048056721179255,3.7246125028866928e-05
9257,-0.50374091752580075,-0.50371897386311792,2.1943662682821774e-05
9258,-0.38605860068588865,-0.38605748355874159,1.1171271470655775e-06
9259,-0.25826504812174583,-0.25828528901690351,2.024089515767491e-05
9260,-0.13275329697336105,-0.13279021558273427,3.691860937321545e-05
9261,-0.021719135458695589,-0.021763756220656492,4.4620761960902783e-05
9262,0.06460889014750186,0.064568090320334948,4.0799827166912439e-05
9263,0.11944623475554253,0.11942041277351527,2.5821982027260382e-05
9264,0.14041152829113976,0.14040815466124287,3.3736298968856104e-06
9265,0.12982270198079965,0.12984325815919623,2.0556178396580194e-05
9266,0.094286564142092938,0.094325884550672576,3.9320408579637811e-05
9267,0.043645138995511291,0.04369267362437862,4.7534628867328121e-05
9268,-0.010560100129415802,-0.010517281315112283,4.2818814303518735e-05
9269,-0.056871096906447871,-0.056844773051979186,2.6323854468685015e-05
9270,-0.085671807924339011,-0.085669462355841192,2.3455684978190838e-06
9271,-0.090654693436555148,-0.090677479119117221,2.2785682562073695e-05
9272,-0.069771732126681238,-0.069814090312851892,4.2358186170654566e-05
9273,-0.025525445078967517,-0.02557642530021409,5.0980221246572227e-05
9274,0.035443889994436324,0.035398082324849658,4.5807669586665767e-05
9275,0.10341217487064508,0.10338441220377981,2.7762666865271957e-05
9276,0.16710450833771873,0.16710282654980238,1.6817879163466554e-06
9277,0.21547238352695627,0.21549751202612163,2.5128499165361085e-05
9278,0.23944393502750053,0.23948895589330582,4.5020865805295296e-05
9279,0.23337954082364346,0.23343183265471018,5.2291831066725303e-05
9280,0.19600986554366404,0.19605490114514629,4.5035601482251719e-05
9281,0.13071278254784061,0.13073823802486453,2.5455477023927919e-05
9282,0.045085017364984478,0.045084048622632399,9.6874235207961013e-07
9283,-0.050128156388712382,-0.050155087018980707,2.693063026832504e-05
9284,-0.1425834760645952,-0.14262876780665462,4.5291742059416773e-05
9285,-0.22013605436601935,-0.22018709233099978,5.1037964980432671e-05
9286,-0.27260962339819134,-0.27265225503721102,4.2631639019685696e-05
9287,-0.29327245811709252,-0.29329497926755815,2.2521150465637518e-05
9288,-0.27979571790707791,-0.27979228361999792,3.4342870799952685e-06
9289,-0.23454990867255066,-0.23452203095812052,2.7877714430135647e-05
9290,-0.16419476610808101,-0.16415063378733083,4.41323207501787e-05
9291,-0.078625887802948574,-0.078577798408093966,4.8089394854608503e-05
9292,0.010560735055193653,0.010600095549513331,3.9360494319677641e-05
9293,0.091852449938106512,0.091873337081129131,2.0887143022618737e-05
9294,0.15557940452209787,0.15557702853122257,2.3759908752973846e-06
9295,0.19538072667837156,0.19535625656377192,2.4470114599633996e-05
9296,0.20915523960310889,0.20911541031321659,3.9829289892295838e-05
9297,0.19935217903717115,0.19930755696488345,4.4622072287697767e-05
9298,0.17255807802191692,0.17252045352552689,3.7624496390026296e-05
9299,0.13844367941670604,0.13842299199772445,2.0687418981590877e-05
9300,0.10823176955629324,0.1082333315234416,1.5619671483585451e-06
9301,0.092919712378692274,0.092942850073623268,2.3137694930994157e-05
9302,0.10152892707766525,0.10156728041976773,3.8353342102476207e-05
9303,0.13964898290751004,0.13969233428654776,4.335137903771491e-05
9304,0.20849921369557642,0.2085363949810585,3.7181285482079662e-05
9305,0.30465257998243578,0.30467427930127816,2.1699318842383075e-05
9306,0.42046481527377289,0.42046558141825574,7.6614448285550196e-07
9307,0.54514451864077673,0.54512398735785161,2.0531282925118077e-05
9308,0.66630347815398383,0.6662664682245768,3.7009929407028075e-05
9309,0.77175275226086315,0.77170823908526764,4.4513175595506382e-05
9310,0.85127257774194887,0.85123191132862397,4.0666413324896844e-05
9311,0.89808896964489038,0.89806307289556919,2.5896749321185908e-05
9312,0.90983274742152553,0.90982903895509093,3.7084664346043184e-06
9313,0.88883585428433609,0.88885597569807184,2.0121413735751936e-05
9314,0.8417210574877857,0.8417600975872076,3.9040099421905339e-05
9315,0.77834833331599829,0.77839590079607957,4.7567480081278646e-05
9316,0.71027908741023726,0.71032210986684075,4.3022456603480919e-05
9317,0.64899295387051348,0.64901930761408655,2.6353743573070965e-05
9318,0.60412887531210224,0.60413092069330621,2.045381203963359e-06
9319,0.58201885677308307,0.58199558381061767,2.3272962465403779e-05
9320,0.58473713033976094,0.58469443478773242,4.2695552028515493e-05
9321,0.60980924035583761,0.60975834967377074,5.0890682066873083e-05
9322,0.65062488921463557,0.65057945849498233,4.543071965323886e-05
9323,0.69749138171225133,0.69746381733926355,2.7564372987787245e-05
9324,0.73916616010500247,0.73916422936743709,1.93073756538098e-06
9325,0.76463428416538171,0.76465883561765768,2.4551452275978214e-05
9326,0.76485890267407564,0.7649034376578876,4.4534983811961304e-05
9327,0.73423702150761283,0.73428932870624242,5.2307198629586438e-05
9328,0.6715376764880665,0.67158313353463173,4.5457046565222647e-05
9329,0.58017823390407719,0.58020398339123624,2.5749487159054674e-05
9330,0.46779541971174349,0.46779426701438193,1.1526973615616498e-06
9331,0.34517532062017381,0.34514781556747265,2.7505052701159993e-05
9332,0.22470308200144326,0.22465728644281396,4.5795558629296851e-05
9333,0.11856675744558039,0.11851577837683019,5.0979068750192646e-05
9334,0.036987256731234965,0.036945169344579157,4.2087386655807746e-05
9335,-0.013258294645330914,-0.013280384272671437,2.2089627340522722e-05
9336,-0.029795609112134532,-0.029792283620040449,3.3254920940826993e-06
9337,-0.014949388366958123,-0.014922107518650841,2.7280848307281377e-05
9338,0.024667068704946487,0.024710609785365097,4.3541080418610378e-05
9339,0.079205483832568535,0.079253561245949941,4.8077413381406031e-05
9340,0.13711831148454742,0.13715821377358539,3.9902289037968552e-05
9341,0.18694169827253654,0.18696307626670067,2.1377994164128999e-05
9342,0.21905417395218388,0.21905177033837453,2.4036138093486148e-06
9343,0.22714313056726962,0.22711812722576735,2.5003341502266574e-05
9344,0.209155816103725,0.20911543171940092,4.0384384324076983e-05
9345,0.16759032377251887,0.16754572322123695,4.4600551281914758e-05
9346,0.10908275892907482,0.10904573257658756,3.7026352487257164e-05
9347,0.043353365612069115,0.043333251863809034,2.0113748260081055e-05
9348,-0.018326426242798906,-0.018324809200085918,1.6170427129882925e-06
9349,-0.064911195644841407,-0.064888547442480612,2.26482023607949e-05
9350,-0.087331786591710758,-0.08729400595726737,3.7780634443387862e-05
9351,-0.079950934078750827,-0.079907625113640593,4.3308965110233633e-05
9352,-0.041501344680757044,-0.041463624227800776,3.7720452956267747e-05
9353,0.024637409918517629,0.024659687151493047,2.2277232975417838e-05
9354,0.11086728029416239,0.11086818116922556,9.0087506317282351e-07
9355,0.20644205980974947,0.2064211554419762,2.0904367773272314e-05
9356,0.29901794741959392,0.29898045675542306,3.7490664170858334e-05
9357,0.37644989992702371,0.37640537148801534,4.4528439008373333e-05
9358,0.42856185073921715,0.42852171048840593,4.0140250811226963e-05
9359,0.44862262619903309,0.44859732278727371,2.5303411759380889e-05
9360,0.43430428233357521,0.43430078080750184,3.5015260733683995e-06
9361,0.38797859644363664,0.38799843993856409,1.9843494927451744e-05
9362,0.31630696659015056,0.31634557308242811,3.8606492277548643e-05
9363,0.22918704418846383,0.22923454320088507,4.7499012421237108e-05
9364,0.13821725385272235,0.13826069116326251,4.3437310540156426e-05
9365,0.054913018738677086,0.054939909117571531,2.6890378894445233e-05
9366,-0.011052741196999226,-0.01105042810120843,2.3130957907957495e-06
9367,-0.053315748270061164,-0.053339150553158937,2.3402283097773147e-05
9368,-0.069771054409570848,-0.069814047628833198,4.2993219262349447e-05
9369,-0.062863745298992441,-0.062914680251892258,5.0934952899817088e-05
9370,-0.039175822900219169,-0.039220910342081854,4.5087441862684541e-05
9371,-0.0083731933097930412,-0.0084002718630996499,2.7078553306608688e-05
9372,0.018326426242849272,0.018324809200141963,1.6170427073088078e-06
9373,0.029931023342664075,0.029955566947313876,2.4543604649800849e-05
9374,0.017424850562947729,0.01746918200965358,4.4331446705851013e-05
9375,-0.024775644394692875,-0.024723420822924939,5.2223571767935628e-05
9376,-0.097883417013327687,-0.097837763288957574,4.565372437011217e-05
9377,-0.19846479221567259,-0.19843866629665846,2.6125919014130528e-05
9378,-0.31886871304931141,-0.31886952340636693,8.103570555140216e-07
9379,-0.44829677682094587,-0.44832413736491722,2.7360543971344242e-05
9380,-0.5743535127568643,-0.57439935484102844,4.5842084164138264e-05
9381,-0.68484242794807093,-0.68489346703541321,5.1039087342275025e-05
9382,-0.7695358860343402,-0.76957788479334166,4.1998759001460328e-05
9383,-0.82165183427574295,-0.82167364976948909,2.1815493746135672e-05
9384,-0.83881295555504676,-0.83880927799498228,3.6775600644745055e-06
9385,-0.8233429279973622,-0.8233153848783904,2.7543118971795622e-05
9386,-0.78185607406061319,-0.78181246489902867,4.3609161584523548e-05
9387,-0.72420370156106206,-0.72415570788994665,4.799367111540942e-05
9388,-0.66193828327373549,-0.66189844805388054,3.9835219854955639e-05
9389,-0.60653039916855911,-0.60650888852531637,2.1510643242739214e-05
9390,-0.56760995880885179,-0.56761202008235501,2.0612735032177198e-06
9391,-0.55149989555247048,-0.55152451060574581,2.4615053275334198e-05
9392,-0.56026527739767418,-0.56030544457190445,4.0167174230276714e-05
9393,-0.59142234212980993,-0.59146700260395424,4.466047414430907e-05
9394,-0.63835129318209627,-0.63838850254792046,3.7209365824186769e-05
9395,-0.69134989521071111,-0.69137000496006251,2.0109749351404638e-05
9396,-0.73916616010503022,-0.73916422936745918,1.9307375710431174e-06
9397,-0.77077577066697234,-0.77075264848490632,2.3122182066015462e-05
9398,-0.77713249870665113,-0.77709439529546853,3.8103411182599523e-05
9399,-0.75262391973365672,-0.75258067870402889,4.3241029627827388e-05
9400,-0.69600952943014649,-0.69597212713127499,3.7402298871502815e-05
9401,-0.61069719512466014,-0.61067505903589658,2.2136088763557993e-05
9402,-0.50431433621494637,-0.50431316762529599,1.1685896503799142e-06
9403,-0.38763787532207117,-0.38765823124078141,2.0355918710246446e-05
9404,-0.27304388613788905,-0.27308094149535345,3.7055357464399474e-05
9405,-0.17271138920047319,-0.1727559625015227,4.4573301049510849e-05
9406,-0.096852240158387073,-0.096892793583455025,4.0553425067951787e-05
9407,-0.052234631641653317,-0.05226020118143801,2.556953978469223e-05
9408,-0.041224182754388536,-0.041227477340102237,3.2945857137006707e-06
9409,-0.061487747002264531,-0.061467321947442047,2.0425054822484356e-05
9410,-0.1064037604126544,-0.10636464814530647,3.9112267347929386e-05
9411,-0.16611580814547136,-0.16606834792336767,4.7460222103695715e-05
9412,-0.22906827688177486,-0.22902534066787569,4.2936213899169573e-05
9413,-0.28378944009245688,-0.28376293454655477,2.6505545902111294e-05
9414,-0.32065027617670322,-0.32064782835033145,2.447826371765327e-06
9415,-0.33333091833405071,-0.33335373097127147,2.2812637220759324e-05
9416,-0.31977161278594979,-0.31981404653267642,4.2433746726633359e-05
9417,-0.2824636622852747,-0.28251461622360602,5.095393833132178e-05
9418,-0.22803653656959941,-0.22808217644531104,4.5639875711628308e-05
9419,-0.16620410133332472,-0.16623165768354448,2.7556350219754e-05
9420,-0.10823176955624685,-0.10823333152339065,1.5619671438066307e-06
9421,-0.065159290461993646,-0.065134184862596589,2.5105599397057254e-05
9422,-0.046050468529938937,-0.046005559144951483,4.4909384987454337e-05
9423,-0.056537499659414875,-0.056485277877028443,5.2221782386431548e-05
9424,-0.097882840512801939,-0.09783776205154382,4.5078461258118985e-05
9425,-0.16670238832687545,-0.16667680726808232,2.5581058793133771e-05
9426,-0.25539394361932349,-0.25539478159931289,8.3797998939871832e-07
9427,-0.35320752848659748,-0.35323438656907857,2.6858082481096002e-05
9428,-0.44779593632756365,-0.44784121652790027,4.528020033661706e-05
9429,-0.52701105631257317,-0.52706208420882339,5.1027896250221971e-05
9430,-0.58067405122129734,-0.58071662117415435,4.256995285700782e-05
9431,-0.60205131397010703,-0.60207371476885641,2.2400798749377948e-05
9432,-0.58881284676004364,-0.58880927799496707,3.5687650765670043e-06
9433,-0.54332876452554091,-0.5433008014183095,2.7963107231410156e-05
9434,-0.47225919393114196,-0.47221506047271217,4.413345842979588e-05
9435,-0.38550088974944391,-0.38545286019711733,4.8029552326578351e-05
9436,-0.29465172520771127,-0.29461241371161534,3.9311496095928433e-05
9437,-0.21122692215971944,-0.21120599741796733,2.0924741752109677e-05
9438,-0.14489955646216432,-0.14490180169067574,2.2452285114160642e-06
9439,-0.10203444419631857,-0.1020587537899468,2.4309593628230042e-05
9440,-0.084737466453354879,-0.084777192377668897,3.9725924314018557e-05
9441,-0.090564861445909431,-0.090609483714758576,4.4622268849145441e-05
9442,-0.11293632553556664,-0.11297400103258098,3.7675497014347248e-05
9443,-0.14218799457230513,-0.14220866998142453,2.0675409119402799e-05
9444,-0.16710450833774418,-0.16710282654982461,1.6817879195663021e-06
9445,-0.17669656382535359,-0.17667325470369608,2.3309121657516529e-05
9446,-0.16195149948644419,-0.16191303876237129,3.8460724072902908e-05
9447,-0.11728923429886354,-0.11724592637074636,4.3307928117172767e-05
9448,-0.041500666963748024,-0.041463621608041457,3.7045355706567806e-05
9449,0.06197635508489651,0.061997992608449924,2.1637523553413862e-05
9450,0.18548634702137709,0.18548721542373517,8.6840235807850163e-07
9451,0.31822617545474696,0.31820586067431456,2.0314780432406643e-05
9452,0.44779530140161228,0.44775846913857753,3.6832263034747292e-05
9453,0.56199180511987401,0.56194728709391162,4.4518025962392294e-05
9454,0.65058225318719831,0.65054143883965443,4.081434754388269e-05
9455,0.70677852066182345,0.70675252753097817,2.5993130845280987e-05
9456,0.72819703637599342,0.72819340695374046,3.629422252959813e-06
9457,0.71715498788713439,0.71717532704049469,2.0339153360304785e-05
9458,0.68025992718188732,0.68029915361300053,3.9226431113204008e-05
9459,0.62735607957420636,0.62740362519541382,4.7545621207456534e-05
9460,0.56998849824569109,0.5700313239606446,4.2825714953509397e-05
9461,0.51962012667016655,0.51964633077630773,2.6204106141181072e-05
9462,0.4858731397830196,0.48587523662672921,2.0968437096091641e-06
9463,0.47506257917419747,0.47503953320239561,2.3045971801860521e-05
9464,0.48924541424640977,0.48920293469100273,4.247955540703785e-05
9465,0.52592953599370407,0.52587863983212857,5.08961615754977e-05
9466,0.57848651573246468,0.57844087477375672,4.5640958707959811e-05
9467,0.6372053393224929,0.63717759245211747,2.7746870375433552e-05
9468,0.69082523086458958,0.69082332116401435,1.9097005752310992e-06
9469,0.72831301629288059,0.72833778328610699,2.4766993226399414e-05
9470,0.7406134882273322,0.74065824625033139,4.4758022999191738e-05
9471,0.72210507234224797,0.72215738238226623,5.2310040018266335e-05
9472,0.67153789669168706,0.6715831378268039,4.5241135116835807e-05
9473,0.59231039262521812,0.59233593664262607,2.5544017407952424e-05
9474,0.49204062420596378,0.49203946095758322,1.1632483805645855e-06
9475,0.38149618151924469,0.38146886485400389,2.7316665240806337e-05
9476,0.27304377466365065,0.27299818683191857,4.5587831732085693e-05
9477,0.17885297691934721,0.17880199327579974,5.0983643547469759e-05
9478,0.10912605845216504,0.10908374445419865,4.2313997966392236e-05
9479,0.070621640164268945,0.070599321655112193,2.231850915675182e-05
9480,0.065695935256386645,0.065699219192490388,3.2839361037428905e-06
9481,0.092006504747904949,0.092033952224676016,2.7447476771066959e-05
9482,0.14292255410347146,0.14296630697221724,4.3752868745777773e-05
9483,0.20857844585944085,0.20862655117982665,4.8105320385793959e-05
9484,0.27740929305480172,0.27744900837297837,3.9715318176647418e-05
9485,0.33793419061889812,0.3379553528145352,2.1162195637081105e-05
9486,0.38051518025047548,0.38051270637210849,2.4738783669930875e-06
9487,0.39882365621650956,0.3987987606576085,2.4895558901061321e-05
9488,0.39079127728862439,0.39075104526676963,4.0232021854769151e-05
9489,0.3589008578741289,0.35885625233428342,4.4605539845476994e-05
9490,0.30977341837212591,0.30973619623621385,3.7222135912062804e-05
9491,0.25311454632944941,0.25309420582773484,2.0340501714566361e-05
9492,0.20018168107189857,0.20018320302430337,1.5219524047982436e-06
9493,0.16200686935907788,0.16202960055802559,2.2731198947717468e-05
9494,0.14764644587728618,0.14768438385270671,3.7937975420537784e-05
9495,0.16272532152561875,0.1627686810336085,4.3359507989754187e-05
9496,0.20849879484337941,0.20853640138109392,3.7606537714507393e-05
9497,0.28157584276551251,0.28159794296301627,2.2100197503760466e-05
9498,0.37434769582754124,0.37434848204126547,7.8621372423537395e-07
9499,0.47605813576981415,0.47603723280986932,2.0902959944835153e-05
9500,0.57435401663682228,0.57431658562337506,3.7431013447219996e-05
9501,0.65708154851427103,0.65703701076187704,4.4537752393991603e-05
9502,0.7140564228331614,0.71401615578150823,4.0267051653164465e-05
9503,0.73853985247074216,0.73851437113900709,2.5481331735077717e-05
9504,0.72819703637597655,0.72819340695372248,3.629422254070036e-06
9505,0.68539365607818548,0.68541348379514544,1.9827716959963659e-05
9506,0.61678575753590714,0.61682443792759623,3.8680391689083216e-05
9507,0.53226633617981178,0.53231390370371867,4.7567523906888454e-05
9508,0.44342978301050662,0.44347320998881573,4.3426978309113462e-05
9509,0.36178816635514893,0.3618149604543684,2.679409921946263e-05
9510,0.29701179097692787,0.29701397000927438,2.1790323465054051e-06
9511,0.25546309149367313,0.25543958030892111,2.3511184752023073e-05
9512,0.23924595243938857,0.23920290667603569,4.3045763352872468e-05
9513,0.24591498016933697,0.24586402589897657,5.0954270360392684e-05
9514,0.26888857036885261,0.2688434458763197,4.5124492532910843e-05
9515,0.29850190613817867,0.29847473320058293,2.7172937595743019e-05
9516,0.32353904145505774,0.32353729158999578,1.7498650619618417e-06
9517,0.3330104753912278,0.3330349121924715,2.4436801243699069e-05
9518,0.31790374431972901,0.3179480577772914,4.4313457562394909e-05
9519,0.27263935302228359,0.27269165721518707,5.2304192903473989e-05
9520,0.19600915294976376,0.19605491023475441,4.5757284990649572e-05
9521,0.091452292212426595,0.091478428361606037,2.6136149179442625e-05
9522,-0.033374112506659302,-0.033375047105182028,9.3459852272548272e-07
9523,-0.16766493125937482,-0.1676924922705807,2.7561011205878838e-05
9524,-0.29901724359887932,-0.29906324781852972,4.600421965039736e-05
9525,-0.41522635868956381,-0.41527743333658662,5.1074647022808506e-05
9526,-0.50605568958247626,-0.50609763681345343,4.1947230977168459e-05
9527,-0.56471362910919687,-0.56473544033127077,2.1811222073897518e-05
9528,-0.58881284676004719,-0.58880927799497218,3.568765075012692e-06
9529,-0.58066644938644996,-0.58063907513018154,2.7374256268419828e-05
9530,-0.54687755556994111,-0.54683404231943999,4.3513250501114875e-05
9531,-0.49728558737240186,-0.49723750671500405,4.8080657397808757e-05
9532,-0.44343041793631333,-0.44339037739298226,4.004054333106577e-05
9533,-0.39676951938683269,-0.39674788808775574,2.1631299076951827e-05
9534,-0.36691938757470216,-0.36692153618467532,2.1486099731626851e-06
9535,-0.36018912473549047,-0.36021399449956304,2.4869764072565914e-05
9536,-0.37862945991580033,-0.37866987471979491,4.0414803994581749e-05
9537,-0.41974171412750871,-0.41978643186998954,4.4717742480826494e-05
9538,-0.47689053838516149,-0.47692763052479703,3.7092139635541699e-05
9539,-0.54035776042547867,-0.54037777501953743,2.0014594058759272e-05
9540,-0.59887531934901883,-0.59887344966318445,1.8696858343769662e-06
9541,-0.64140257129683242,-0.64137963615313487,2.293514369755556e-05
9542,-0.65887660642486312,-0.65883864348551113,3.7962939351987579e-05
9543,-0.64566787675341919,-0.64562454672067837,4.3330032740818147e-05
9544,-0.60051823218899991,-0.60048055470385719,3.7677485142717515e-05
9545,-0.52681765474270847,-0.52679530633363036,2.2348409078110087e-05
9546,-0.43217572013210687,-0.43217458293571925,1.1371963876127822e-06
9547,-0.32735143099269576,-0.32737204811619125,2.0617123495492162e-05
9548,-0.22470275849050636,-0.22474010665980726,3.7348169300899237e-05
9549,-0.13639033920526461,-0.1364349950162061,4.4655810941485186e-05
9550,-0.072607264761252469,-0.072647674889728328,4.0410128475859564e-05
9551,-0.040102882418560748,-0.040128294905058925,2.5412486498177511e-05
9552,-0.041224182754353786,-0.041227477340069998,3.2945857162125503e-06
9553,-0.073619496225287726,-0.073599227134448664,2.026909083906181e-05
9554,-0.13064873580972017,-0.13060976306549135,3.8972744228815692e-05
9555,-0.20243685814061249,-0.20238930887275755,4.7549267854940513e-05
9556,-0.27740940452909318,-0.27736616795638247,4.3236572710714238e-05
9557,-0.344075884421773,-0.34404911222451101,2.6772197261992758e-05
9558,-0.39278889225949043,-0.3927864130398509,2.4792196395284627e-06
9559,-0.41721045871595985,-0.41723349129873061,2.3032582770754484e-05
9560,-0.41526291002706389,-0.41530563405417364,4.2724027109752871e-05
9561,-0.38941970526548991,-0.38947076781484319,5.1062549353275699e-05
9562,-0.34629242885137468,-0.34633794712306099,4.5518271686306733e-05
9563,-0.29557730070345695,-0.29560468199803691,2.7381294579964521e-05
9564,-0.24852261031225314,-0.24852411122766585,1.5009154127054725e-06
9565,-0.21615142524721975,-0.21612640064156038,2.5024605659368371e-05
9566,-0.20751122332686359,-0.20746640475254777,4.4818574315819149e-05
9567,-0.22821812766169983,-0.22816581593002383,5.2311731675996898e-05
9568,-0.27951865799465281,-0.27947330171403667,4.5356280616137834e-05
9569,-0.35801315914382742,-0.35798730485474717,2.5854289080251558e-05
9570,-0.45608451485344198,-0.45608526549695488,7.5064351290343723e-07
9571,-0.56296840826829153,-0.56299540770519929,2.6999436907759744e-05
9572,-0.6663038016649544,-0.6663493249270287,4.5523262074298465e-05
9573,-0.75392917050120334,-0.75398033113938989,5.1160638186553697e-05
9574,-0.81565256971194078,-0.81569508526662649,4.2515554685707002e-05
9575,-0.8447277925809904,-0.8447500495742265,2.2256993236102751e-05
9576,-0.83881295555501256,-0.83880927799495164,3.6775600609217918e-06
9577,-0.80026696969205102,-0.80023898361981094,2.7986072240082649e-05
9578,-0.73573939038296343,-0.73569525938963698,4.4130993326452206e-05
9579,-0.65511695900790334,-0.65506883506321867,4.8123944684674846e-05
9580,-0.56998799436564496,-0.5699484678957254,3.9526469919559659e-05
9581,-0.49185876772124032,-0.49183761091609118,2.1156805149136204e-05
9582,-0.43039415700477263,-0.43039627799181168,2.1209870390559438e-06
9583,-0.39195152862438609,-0.39197588222433022,2.4353599944126891e-05
9584,-0.37863003641643161,-0.37866992629143559,3.9889875003973341e-05
9585,-0.38797985886289066,-0.38802463366556039,4.477480266973366e-05
9586,-0.4134152192923719,-0.413452940966686,3.7721674314095122e-05
9587,-0.44526744662090867,-0.44528805336335953,2.0606742450857141e-05
9588,-0.47231712355000222,-0.47231530893973328,1.8146102689353683e-06
9589,-0.48357166327337631,-0.48354821945009546,2.3443823280844267e-05
9590,-0.47001589275555988,-0.46997732326053421,3.8569495025675415e-05
9591,-0.42606795976722178,-0.42602454752530133,4.3412241920448569e-05
9592,-0.3505176738127157,-0.35048050041511336,3.7173397602341396e-05
9593,-0.24680248467882379,-0.24678069357436769,2.179110445610366e-05
9594,-0.12257818515251513,-0.12257718268670774,1.0024658073926052e-06
9595,0.011351027838325759,0.011330762477004781,2.0265361320978559e-05
9596,0.14258277224388685,0.14254586725894866,3.6904984938190832e-05
9597,0.25891251312858415,0.25886782850682327,4.468462176088206e-05
9598,0.35010346224149108,0.35006248716153687,4.0975079954208571e-05
9599,0.40936346102730886,0.40933743245040505,2.6028576903813772e-05
9600,0.43430428233360763,0.43430078080753048,3.5015260771431578e-06
9601,0.42723776161542099,0.42725833209492958,2.0570479508597028e-05
9602,0.39476535508792221,0.39480480271208029,3.9447624158084338e-05
9603,0.34672443098692646,0.34677209709878176,4.766611185530456e-05
9604,0.29465242902842426,0.29469529326525418,4.2864236829920355e-05
9605,0.25000405071006315,0.25003031117978042,2.6260469717265256e-05
9606,0.22239272424960721,0.22239493575466077,2.2115050535564951e-06
9607,0.21812414632717769,0.21810121743635622,2.2928890821477532e-05
9608,0.23924527472225829,0.23920280334702931,4.247137522897515e-05
9609,0.28325328038932879,0.28320220940901658,5.1070980312206693e-05
9610,0.34350828326346872,0.34346237544659725,4.5907816871471052e-05
9611,0.41028727431857853,0.41025938012989965,2.7894188678878606e-05
9612,0.47231712354989741,0.47231530893962559,1.8146102718219481e-06
9613,0.51855183557550333,0.5185768958280399,2.5060252536568406e-05
9614,0.53992282878428088,0.53996789967399894,4.5070889718057394e-05
9615,0.53079453824063383,0.53084699064997798,5.2452409344150297e-05
9616,0.48990243550678048,0.48994764514676314,4.520963998266847e-05
9617,0.42062986697596982,0.42065537408607201,2.5507110102185315e-05
9618,0.33057961790766494,0.33057852492384587,1.0929838190620877e-06
9619,0.23050368917287836,0.23047651524556639,2.717392731196866e-05
9620,0.13275279309339583,0.13270726379505196,4.5529298343865987e-05
9621,0.049480014892478857,0.049428852849278344,5.1162043200513041e-05
9622,-0.0091294269463513891,-0.0091720849562701399,4.2658009918750822e-05
9623,-0.036334252950581847,-0.03635681552067789,2.2562570096043566e-05
9624,-0.029795609112119831,-0.029792283620029846,3.3254920899852825e-06
9625,0.0081265699383206436,0.0081543259159607678,2.7755977640124205e-05
9626,0.070783752382556353,0.070827871660790603,4.4119278234250325e-05
9627,0.14829222638568718,0.14834049989305212,4.827350736494318e-05
9628,0.22906860039260465,0.22910825157051851,3.9651177913851976e-05
9629,0.30161332971983468,0.30163438752160199,2.1057801767310202e-05
9630,0.35626997575626052,0.35626751242891586,2.4633273446594828e-06
9631,0.38669149749537168,0.3866667212246665,2.4776270705184622e-05
9632,0.39079105708500572,0.39075088980860978,4.0167276395941531e-05
9633,0.37103280703949493,0.37098802191822855,4.4785121266377459e-05
9634,0.33401883281887146,0.33398123268682867,3.7600132042792112e-05
9635,0.28943581420195358,0.28941516760031105,2.064660164252663e-05
9636,0.24852261031231623,0.24852411122772666,1.5009154104295153e-06
9637,0.22229291174884153,0.22231591819361612,2.3006444774598123e-05
9638,0.21978481935946359,0.21982313011542667,3.8310755963083531e-05
9639,0.24660502588775932,0.2466485807521295,4.355486437018774e-05
9640,0.30399051093673801,0.30402806781296388,3.7556876225863789e-05
9641,0.38853212036440482,0.38855409070021391,2.1970335809085029e-05
9642,0.49260343135663015,0.49260416610785174,7.3475122158717099e-07
9643,0.60543096297016774,0.60541011032761172,2.0852642556024037e-05
9644,0.71464460580137545,0.71460719760432134,3.7408197054111803e-05
9645,0.80807380225606995,0.80802908333917878,4.4718916891173244e-05
9646,0.8755175531390702,0.87547692203393801,4.0631105132193923e-05
9647,0.91022071886795641,0.91019491609269287,2.5802775263539246e-05
9648,0.90983274742152287,0.90982903895508382,3.7084664390452104e-06
9649,0.87670410506126728,0.87672413505645097,2.0029995183690197e-05
9650,0.81747608209067146,0.81751509573445591,3.9013643784446828e-05
9651,0.74202728332081014,0.74207507187528965,4.7788554479510914e-05
9652,0.66193795976287917,0.66198139819230417,4.3438429425002312e-05
9653,0.58870650954116888,0.5887331974220128,2.668788084392304e-05
9654,0.53199025922929932,0.53199233600377349,2.0767744741689853e-06
9655,0.49813931639117159,0.49811575452295953,2.3561868212063075e-05
9656,0.48924583309865555,0.48920272654514485,4.3106553510696699e-05
9657,0.50285319737563827,0.50280205720815019,5.1140167488084032e-05
9658,0.53236899693287931,0.53232356453555529,4.5432397324018936e-05
9659,0.56811818234213596,0.56809072110786518,2.7461234270775847e-05
9660,0.59887531934900773,0.59887344966317169,1.8696858360423008e-06
9661,0.61364214938015882,0.61366669323806755,2.4543857908732036e-05
9662,0.60339814787714607,0.60344272046734437,4.4572590198299622e-05
9663,0.56255639350531517,0.56260894042235565,5.2546917040485752e-05
9664,0.48990185900619782,0.48994772486397875,4.5865857780935659e-05
9665,0.38886746308710568,0.38889356217704851,2.609908994283261e-05
9666,0.26710484847760735,0.26710378311672378,1.0653608835675676e-06
9667,0.13541444083846663,0.13538671656815593,2.7724270310697241e-05
9668,0.0061952166640459995,0.0061490418879198549,4.6174776126144644e-05
9669,-0.10835135674304927,-0.10840262726701083,5.1270523961560732e-05
9670,-0.19799126175940199,-0.1980334334927831,4.2171733381113352e-05
9671,-0.25593477325620301,-0.25595679993089471,2.2026674691699721e-05
9672,-0.27979571790708929,-0.27979228362001313,3.4342870761649991e-06
9673,-0.27188759353345487,-0.27186020736827254,2.7386165182330391e-05
9674,-0.23881312774686472,-0.23876944519394186,4.3682552922863493e-05
9675,-0.19041058542588443,-0.19036224591281553,4.8339513068901274e-05
9676,-0.1382179576733841,-0.13817769386930343,4.0263804080675758e-05
9677,-0.093690147288986392,-0.093668451873163777,2.1695415822614583e-05
9678,-0.066440426590429161,-0.066442705962763596,2.2793723344349814e-06
9679,-0.062773953860803672,-0.062799088074280654,2.5134213476982192e-05
9680,-0.084736753859356556,-0.084777453957384272,4.070009802771557e-05
9681,-0.12982467364446509,-0.12986960348132662,4.4929836861523631e-05
9682,-0.1913961348277303,-0.19143336173875303,3.7226911022730791e-05
9683,-0.25972608643653167,-0.25974622140704756,2.0134970515894857e-05
9684,-0.32353904145505219,-0.32353729158999195,1.749865060240996e-06
9685,-0.37178629509285904,-0.37176342078407654,2.2874308782505626e-05
9686,-0.39539617986082248,-0.39535813082303567,3.8049037786813678e-05
9687,-0.38872965954710809,-0.38868606042115333,4.3599125954751905e-05
9688,-0.35051835152972832,-0.35048034076951429,3.8010760214035599e-05
9689,-0.28414142984521146,-0.28411890458623812,2.2525258973338236e-05
9690,-0.19719725187974427,-0.19719621694122896,1.034938515304118e-06
9691,-0.10043308780669127,-0.10045403872487736,2.0950918186088408e-05
9692,-0.0061945817381548586,-0.0062323126703858148,3.77309322309562e-05
9693,0.073370607935707946,0.073325717907239824,4.4890028468122511e-05
9694,0.12808305979348283,0.12804258861624265,4.0471177240181122e-05
9695,0.15120756656449075,0.15118212867965697,2.5437884833778845e-05
9696,0.14041152829116252,0.14040815466126214,3.373629900382813e-06
9697,0.098061370171898185,0.098081545553056038,2.0175381157852557e-05
9698,0.030812394496161754,0.030851397686219206,3.9003190057451675e-05
9699,-0.051444604398838571,-0.051396780703660716,4.7823695177855174e-05
9700,-0.13711881536456538,-0.13707516136451911,4.3654000046272623e-05
9701,-0.21470305722144539,-0.2146760068440427,2.7050377402693115e-05
9702,-0.27453315673042933,-0.2745307289732915,2.4277571378239493e-06
9703,-0.31025418111709718,-0.31027757149593344,2.3390378836252168e-05
9704,-0.31977119393373682,-0.31981436248137529,4.3168547638472443e-05
9705,-0.30554000090338146,-0.30559132411789458,5.1323214513121496e-05
9706,-0.27415405536922804,-0.27419959585587805,4.5540486650008649e-05
9707,-0.23529125831372033,-0.23531859245442219,2.7334140701856802e-05
9708,-0.2001816810718566,-0.20018320302426298,1.5219524063803114e-06
9709,-0.17983015737472843,-0.17980521069108574,2.4946683642695922e-05
9710,-0.18326580888012173,-0.18322097300865137,4.4835871470361166e-05
9711,-0.21608617849632761,-0.2160335898087653,5.2588687562304948e-05
9712,-0.27951887819825649,-0.27947306171758368,4.5816480672811188e-05
9713,-0.37014531786494342,-0.37011911592348729,2.6201941456138744e-05
9714,-0.48032971934763047,-0.48033045944012109,7.4009249062534366e-07
9715,-0.5992892691673265,-0.59931660146259469,2.733229526818981e-05
9716,-0.71464449432712474,-0.7146904775315468,4.5983204422062052e-05
9717,-0.81421538997493348,-0.8142668395653152,5.1449590381724697e-05
9718,-0.88779137143283748,-0.88783391656629784,4.2545133460358819e-05
9719,-0.92860772739056163,-0.92862990456239913,2.2177171837500786e-05
9720,-0.93430449992350995,-0.93430078080746259,3.7191160473515339e-06
9721,-0.90722286280689712,-0.90719489200145309,2.7970805444033076e-05
9722,-0.85399487578147792,-0.85395069241460464,4.4183366873284946e-05
9723,-0.78448992103476944,-0.78444151766253034,4.8403372239103071e-05
9724,-0.71027897593589695,-0.710238994336028,3.9981599868954554e-05
9725,-0.6428512600676014,-0.64282973148666678,2.1528580934626618e-05
9726,-0.59185516330306398,-0.59185721402554115,2.050722477164868e-06
9727,-0.56363205427362351,-0.56365667394777474,2.4619674151238335e-05
9728,-0.56026549760132449,-0.56030581601504914,4.0318413724649282e-05
9729,-0.57929039296448925,-0.57933548399931334,4.5091034824085163e-05
9730,-0.6141058787354059,-0.61414368482255643,3.7806087150538126e-05
9731,-0.65502862733826783,-0.65504917026078302,2.0542922515187634e-05
9732,-0.69082523086467607,-0.69082332116410228,1.9097005737878092e-06
9733,-0.71048972827727286,-0.71046620218948631,2.3526087786551741e-05
9734,-0.70499412522453864,-0.70495542481125573,3.8700413282910517e-05
9735,-0.66874421537158257,-0.66870051848632028,4.3696885262289875e-05
9736,-0.6005178133368555,-0.60048023372175396,3.7579615101535069e-05
9737,-0.50374091752583705,-0.50371877945632992,2.2138069507127156e-05
9738,-0.3860586006859274,-0.38605748355877656,1.1171271508403358e-06
9739,-0.25826504812178508,-0.25828548716143657,2.0439039651487523e-05
9740,-0.13275329697339605,-0.13279056202053655,3.7265047140494501e-05
9741,-0.021719135458720201,-0.021764159998923466,4.5024540203265212e-05
9742,0.064608890147494616,0.064567737390645558,4.1152756849058281e-05
9743,0.11944623475555827,0.11942020713281164,2.6027622746629953e-05
9744,0.14041152829118128,0.1404081546612807,3.373629900577102e-06
9745,0.12982270198086537,0.12984346755856224,2.0765577696868487e-05
9746,0.094286564142176732,0.094326250500573111,3.9686358396379129e-05
9747,0.043645138995602406,0.043693099954281014,4.796095867860839e-05
9748,-0.01056010012933083,-0.010516908836903222,4.3191292427607886e-05
9749,-0.056871096906383395,-0.056844556114366812,2.654079201658277e-05
9750,-0.085671807924307661,-0.085669462355805984,2.3455685016771088e-06
9751,-0.09065469343656557,-0.09067769983636681,2.3006399801239752e-05
9752,-0.069771732126736236,-0.069814475884294847,4.2743757558610929e-05
9753,-0.025525445079063683,-0.025576874308354789,5.1429229291105605e-05
9754,0.035443889994308399,0.035397690188287728,4.6199806020670586e-05
9755,0.10341217487049914,0.10338418390572454,2.7990964774599059e-05
9756,0.16710450833757018,0.16710282654964984,1.6817879203434583e-06
9757,0.21547238352681972,0.21549774412489753,2.5360598077811547e-05
9758,0.23944393502738731,0.23948936119671743,4.5426169330120558e-05
9759,0.23337954082355972,0.23343230446877611,5.2763645216391541e-05
9760,0.19600986554361005,0.19605531305075194,4.5447507141888055e-05
9761,0.13071278254781124,0.13073847774724423,2.5695199432990146e-05
9762,0.045085017364970857,0.045084048622622649,9.6874234820770733e-07
9763,-0.050128156388720695,-0.050155330563916557,2.7174175195862627e-05
9764,-0.14258347606460783,-0.14262919295394838,4.5716889340546851e-05
9765,-0.22013605436604292,-0.22018758708037001,5.1532714327090501e-05
9766,-0.2726096233982287,-0.27265268682410743,4.3063425878731021e-05
9767,-0.29327245811714153,-0.29329523047926664,2.2772362125111911e-05
9768,-0.27979571790713365,-0.2797922836200572,3.4342870764425548e-06
9769,-0.23454990867260506,-0.2345217759022763,2.8132770328759271e-05
9770,-0.16419476610812692,-0.16415018868365247,4.4577424474445682e-05
9771,-0.078625887802980063,-0.078577280593256124,4.8607209723938727e-05
9772,0.010560735055178939,0.010600547330602025,3.9812275423085561e-05
9773,0.0918524499381074,0.091873599847410017,2.1149909302617398e-05
9774,0.15557940452210969,0.15557702853123848,2.375990871217315e-06
9775,0.19538072667838793,0.19535598993133962,2.4736747048309526e-05
9776,0.20915523960312263,0.20911494513929763,4.0294463825002458e-05
9777,0.19935217903717684,0.19930701595292385,4.5163084252980434e-05
9778,0.172558078021912,0.17251998163604787,3.8096385864133664e-05
9779,0.138443679416692,0.13842271761081384,2.096180587815577e-05
9780,0.10823176955627466,0.10823333152341906,1.5619671444033756e-06
9781,0.092919712378675995,0.092943128348810869,2.3415970134874065e-05
9782,0.10152892707765912,0.10156776577875627,3.8838701097151929e-05
9783,0.13964898290752017,0.1396928986284528,4.3915720932624636e-05
9784,0.20849921369560617,0.20853688709415436,3.7673398548182524e-05
9785,0.30465257998248424,0.30467456537546816,2.1985392983925323e-05
9786,0.42046481527383506,0.42046558141832124,7.6614448618617104e-07
9787,0.54514451864084446,0.54512369737311783,2.082126772662285e-05
9788,0.66630347815404622,0.66626596256462411,3.7515589422110196e-05
9789,0.77175275226091089,0.77170765127938079,4.510098153009956e-05
9790,0.85127257774197396,0.85123139887566357,4.1178866310387363e-05
9791,0.89808896964488916,0.89806277506691301,2.6194577976146327e-05
9792,0.90983274742149955,0.90982903895506217,3.7084664373798759e-06
9793,0.88883585428429035,0.88885627745990869,2.0423175618344835e-05
9794,0.84172105748772896,0.8417606236652585,3.9566177529537505e-05
9795,0.77834833331594011,0.77839651220139461,4.8178885454497333e-05
9796,0.71027908741018697,0.71032264277714219,4.355536695521689e-05
9797,0.64899295387047695,0.64901961726513613,2.6663394659176554e-05
9798,0.60412887531208226,0.60413092069328944,2.0453812071830058e-06
9799,0.58201885677307807,0.58199527020351616,2.3586569561917514e-05
9800,0.58473713033976527,0.58469388817333734,4.3242166427925888e-05
9801,0.60980924035584283,0.60975771453226069,5.1525823582143637e-05
9802,0.65062488921463357,0.65057890500868509,4.5984205948479406e-05
9803,0.69749138171223513,0.6974634957971606,2.7885915074521428e-05
9804,0.73916616010496772,0.73916422936739989,1.9307375678234706e-06
9805,0.76463428416532775,0.76465916113870502,2.487697337727468e-05
9806,0.76485890267400702,0.76490400492784882,4.51022538418e-05
9807,0.73423702150753567,0.73428998772184417,5.2966214308503012e-05
9808,0.67153767648798934,0.67158370771651543,4.6031228526088874e-05
9809,0.58017823390400847,0.58020431689348673,2.6082989478259933e-05
9810,0.4677954197116902,0.4677942670143303,1.1526973598963153e-06
9811,0.34517532062013978,0.34514747806287815,2.7842557261625878e-05
9812,0.22470308200142941,0.22465669839664804,4.6383604781374821e-05
9813,0.11856675744558381,0.11851509534763643,5.1662097947380303e-05
9814,0.036987256731250903,0.036944574346090331,4.2682385160572323e-05
9815,-0.01325829464530852,-0.013280729805102583,2.2435159794062867e-05
9816,-0.029795609112111553,-0.029792283620019126,3.3254920924277731e-06
9817,-0.014949388366939046,-0.014921757960485857,2.7630406453189524e-05
9818,0.024667068704959227,0.024711218729309332,4.415002435010501e-05
9819,0.079205483832574655,0.079254268429375302,4.8784596800646729e-05
9820,0.13711831148454848,0.13715882971068455,4.0518226136071478e-05
9821,0.18694169827253529,0.18696343389986497,2.1735627329683149e-05
9822,0.21905417395218307,0.21905177033837495,2.4036138081273695e-06
9823,0.22714313056727123,0.2271177655432326,2.5365024038631612e-05
9824,0.20915581610373024,0.20911480175485886,4.1014348871382111e-05
9825,0.16759032377252747,0.1675449917415372,4.5332030990274941e-05
9826,0.10908275892908545,0.10904509557767576,3.7663351409686352e-05
9827,0.043353365612080148,0.043332882058679807,2.0483553400341137e-05
9828,-0.018326426242788643,-0.018324809200076488,1.6170427121556252e-06
9829,-0.064911195644832359,-0.064888173564051729,2.3022080780629728e-05
9830,-0.087331786591702001,-0.087293354848067439,3.8431743634562143e-05
9831,-0.079950934078740571,-0.079906869194186783,4.4064884553787764e-05
9832,-0.041501344680742812,-0.041462966042610711,3.837863813210135e-05
9833,0.024637409918538151,0.024660069200583883,2.2659282045731782e-05
9834,0.11086728029419068,0.11086818116925438,9.0087506370017945e-07
9835,0.20644205980978536,0.20642076929552183,2.1290514263527793e-05
9836,0.2990179474196355,0.29897978437639633,3.8163043239169969e-05
9837,0.37644989992706734,0.37640459098403922,4.5308943028121718e-05
9838,0.42856185073925829,0.42852103099137917,4.0819747879117241e-05
9839,0.44862262619906662,0.44859692842165272,2.5697777413902223e-05
9840,0.4343042823335973,0.4343007808075236,3.5015260737014664e-06
9841,0.38797859644364474,0.38799883842602223,2.0241982377489087e-05
9842,0.31630696659014435,0.31634626685782058,3.9300267676234402e-05
9843,0.22918704418844574,0.2292353484357148,4.8304247269065348e-05
9844,0.13821725385269595,0.13826139209905869,4.413824636273489e-05
9845,0.054913018738646915,0.054940315873143374,2.7297134496458153e-05
9846,-0.011052741197028884,-0.011050428101238168,2.3130957907159522e-06
9847,-0.053315748270087372,-0.053339561455196,2.3813185108627344e-05
9848,-0.069771054409592762,-0.069814762928270518,4.3708518677756936e-05
9849,-0.062863745299011606,-0.062915510365265576,5.1765066253969816e-05
9850,-0.039175822900239007,-0.039221632844778823,4.5809944539815239e-05
9851,-0.008373193309818127,-0.0084006910827521784,2.7497772934051423e-05
9852,0.018326426242814425,0.018324809200107785,1.6170427066392046e-06
9853,0.029931023342616367,0.029955990338157025,2.4966995540658121e-05
9854,0.017424850562886382,0.017469918961958375,4.5068399071993004e-05
9855,-0.024775644394765765,-0.024722565682014933,5.3078712750832119e-05
9856,-0.097883417013407067,-0.097837019090151855,4.639792325521197e-05
9857,-0.19846479221575147,-0.19843823453828066,2.6557677470812058e-05
9858,-0.31886871304938197,-0.31886952340643837,8.1035705640220002e-07
9859,-0.44829677682100089,-0.44832457331978964,2.7796498788756896e-05
9860,-0.57435351275689839,-0.57440011357657506,4.6600819676667626e-05
9861,-0.68484242794808292,-0.68489434735461696,5.1919406534040036e-05
9862,-0.76953588603433032,-0.76957865081904497,4.2764784714655057e-05
9863,-0.8216518342757162,-0.82167409414228465,2.225986656845258e-05
9864,-0.83881295555500968,-0.83880927799494431,3.6775600653626839e-06
9865,-0.82334292799732212,-0.82331493628382535,2.7991713496766657e-05
9866,-0.78185607406057689,-0.78181168424886183,4.4389811715062066e-05
9867,-0.72420370156103309,-0.72415480224045881,4.889932057428048e-05
9868,-0.6619382832737154,-0.66189766006942041,4.0623204294987225e-05
9869,-0.60653039916854556,-0.60650843146183919,2.1967706706371715e-05
9870,-0.56760995880884058,-0.56761202008234501,2.0612735044389652e-06
9871,-0.55149989555245649,-0.55152497191649119,2.5076364034704035e-05
9872,-0.56026527739765142,-0.5603062472693926,4.0969871741181052e-05
9873,-0.59142234212977529,-0.59146793373719631,4.5591607421013869e-05
9874,-0.63835129318204853,-0.6383893126242367,3.8019442188175212e-05
9875,-0.69134989521065304,-0.69137047479113656,2.0579580483515159e-05
9876,-0.73916616010496761,-0.73916422936739545,1.9307375721533404e-06
9877,-0.77077577066691316,-0.77075217438057586,2.3596286337301819e-05
9878,-0.77713249870660372,-0.77709357041646165,3.8928290142070665e-05
9879,-0.75262391973362752,-0.75257972193184253,4.4197801784995328e-05
9880,-0.69600952943013894,-0.69597129482847264,3.8234601666298218e-05
9881,-0.61069719512467457,-0.61067457635932565,2.2618765348925152e-05
9882,-0.50431433621497734,-0.50431316762532907,1.1685896482704905e-06
9883,-0.38763787532211086,-0.38765871821664427,2.0842894533412704e-05
9884,-0.27304388613792646,-0.27308178869118849,3.7902553262025851e-05
9885,-0.17271138920049747,-0.17275694506917444,4.5555868676966371e-05
9886,-0.0968522401583891,-0.096893648248516373,4.1408090127273423e-05
9887,-0.052234631641627963,-0.052260696782002528,2.6065140374564866e-05
9888,-0.041224182754335668,-0.041227477340047482,3.2945857118132915e-06
9889,-0.061487747002189293,-0.061466822021182754,2.0924981006538446e-05
9890,-0.10640376041256674,-0.10636377849585693,3.9981916709813659e-05
9891,-0.16611580814538413,-0.16606733940204593,4.846874333819251e-05
9892,-0.22906827688170164,-0.22902446350330424,4.3813378397400404e-05
9893,-0.28378944009240942,-0.28376242594258527,2.7014149824144962e-05
9894,-0.32065027617669034,-0.32064782835032068,2.4478263696559033e-06
9895,-0.33333091833407524,-0.33335424392742974,2.3325593354495133e-05
9896,-0.31977161278600907,-0.31981493877373945,4.3325987730380433e-05
9897,-0.28246366228536063,-0.2825156508582331,5.1988572872474492e-05
9898,-0.2280365365696998,-0.22808307624788049,4.653967818069038e-05
9899,-0.16620410133342559,-0.16623217937101334,2.807803758775318e-05
9900,-0.10823176955633479,-0.10823333152347696,1.5619671421690517e-06
9901,-0.065159290462057887,-0.06513365879620156,2.5631665856326591e-05
9902,-0.046050468529972896,-0.046004644172894738,4.5824357078158573e-05
9903,-0.056537499659417255,-0.056484216967900056,5.3282691517199388e-05
9904,-0.09788284051277639,-0.097836839471173914,4.6001041602475312e-05
9905,-0.16670238832682982,-0.16667627241631638,2.6115910513435647e-05
9906,-0.25539394361926798,-0.25539478159925949,8.3797999150814206e-07
9907,-0.35320752848654297,-0.3532349258269839,2.7397340440937779e-05
9908,-0.44779593632751963,-0.44784215437186364,4.6218044344015219e-05
9909,-0.52701105631254552,-0.5270631715554005,5.2115242854977595e-05
9910,-0.58067405122128934,-0.58071756667366081,4.3515452371467589e-05
9911,-0.60205131397011802,-0.60207426286665111,2.2948896533092622e-05
9912,-0.58881284676006851,-0.58880927799498972,3.5687650787874503e-06
9913,-0.54332876452557255,-0.54330024888690154,2.85156386710117e-05
9914,-0.4722591939311736,-0.47221409961459138,4.5094316582228178e-05
9915,-0.38550088974946833,-0.3854517462485616,4.914350090673425e-05
9916,-0.29465172520772387,-0.29461144515024484,4.0280057479025189e-05
9917,-0.21122692215971717,-0.21120543599159441,2.1486168122752947e-05
9918,-0.144899556462147,-0.14490180169066069,2.2452285136920214e-06
9919,-0.10203444419628797,-0.10205931967763356,2.487548134558204e-05
9920,-0.084737466453314023,-0.084778176393571381,4.0709940257357968e-05
9921,-0.090564861445861664,-0.090610624431409853,4.5762985548189472e-05
9922,-0.11293632553551454,-0.11297499279990199,3.8667264387448608e-05
9923,-0.14218799457225037,-0.14220924481967351,2.1250247423137969e-05
9924,-0.1671045083376872,-0.16710282654976533,1.6817879218700149e-06
9925,-0.17669656382529331,-0.17667267537601866,2.3888449274644952e-05
9926,-0.16195149948637971,-0.16191203144349384,3.9468042885876242e-05
9927,-0.11728923429879395,-0.11724475871805889,4.4475580735059417e-05
9928,-0.04150066696367339,-0.041462606489043541,3.8060474629848795e-05
9929,0.061976355084974351,0.061998580942943408,2.2225857969057627e-05
9930,0.18548634702145469,0.18548721542381055,8.6840235585805559e-07
9931,0.31822617545481963,0.3182052678224121,2.0907632407529686e-05
9932,0.44779530140167439,0.44775743837042886,3.786303124553303e-05
9933,0.56199180511992097,0.56194609233594484,4.5712783976137317e-05
9934,0.65058225318722618,0.65054040022219262,4.1852965033561951e-05
9935,0.70677852066183189,0.70675192561543776,2.6595046394128907e-05
9936,0.72819703637598321,0.72819340695373236,3.6294222508503893e-06
9937,0.71715498788710885,0.71717593350210684,2.0945614997991413e-05
9938,0.68025992718185369,0.68030020797857227,4.0280796718583645e-05
9939,0.62735607957417239,0.62740484722996481,4.8767655792425479e-05
9940,0.569988498245663,0.57003238622516106,4.3887979498058449e-05
9941,0.5196201266701499,0.51964694635884534,2.6819688695445265e-05
9942,0.48587313978301894,0.48587523662672605,2.0968437071111623e-06
9943,0.47506257917421207,0.47503891304495227,2.3666129259802826e-05
9944,0.48924541424643692,0.48920185657855003,4.355766788688431e-05
9945,0.52592953599373871,0.52587739034811287,5.2145645625834014e-05
9946,0.57848651573249954,0.57843978871221213,4.6727020287407051e-05
9947,0.63720533932252155,0.6371769631158517,2.8376206669844528e-05
9948,0.69082523086460468,0.690823321164032,1.9097005726775862e-06
9949,0.72831301629287915,0.72833841722640902,2.5400933529873271e-05
9950,0.7406134882273131,0.74065934826064983,4.5860033336730943e-05
9951,0.72210507234221277,0.72215865949037739,5.3587148164613296e-05
9952,0.67153789669164043,0.67158424783685899,4.6351145218559431e-05
9953,0.59231039262516616,0.59233657982021648,2.6187195050320078e-05
9954,0.49204062420591288,0.4920394609575296,1.1632483832846319e-06
9955,0.38149618151920073,0.38146821704290945,2.7964476291275631e-05
9956,0.27304377466361829,0.27299706077118657,4.6713892431715642e-05
9957,0.17885297691932836,0.17880068836714752,5.2288552180840275e-05
9958,0.10912605845216018,0.10908261034255481,4.3448109605367935e-05
9959,0.070621640164276286,0.070598664547638176,2.2975616638110097e-05
9960,0.065695935256403062,0.065699219192509373,3.2839361063102812e-06
9961,0.092006504747926737,0.092034613995281803,2.810924735506537e-05
9962,0.14292255410349503,0.1429674572373435,4.4903133848472887e-05
9963,0.20857844585946345,0.20862788406714017,4.9438207676721913e-05
9964,0.27740929305482193,0.27745016674073353,4.087368591160212e-05
9965,0.33793419061891583,0.33795602394125746,2.1833322341624495e-05
9966,0.3805151802504913,0.38051270637212198,2.4738783693245558e-06
9967,0.39882365621652544,0.39879808483782142,2.5571378704014602e-05
9968,0.39079127728864288,0.39074987064168226,4.1406646960617799e-05
9969,0.35890085787415216,0.35885489128838632,4.5966585765833123e-05
9970,0.30977341837215627,0.30973501345629084,3.8404915865430933e-05
9971,0.25311454632948871,0.25309352059155699,2.1025737931723576e-05
9972,0.20018168107194867,0.20018320302435588,1.5219524072129786e-06
9973,0.16200686935913944,0.16203029051770154,2.3421158562103583e-05
9974,0.14764644587735976,0.14768558299506346,3.913711770370254e-05
9975,0.16272532152570385,0.16277007042003963,4.4748894335783218e-05
9976,0.20849879484347444,0.20853760873106555,3.8813887591110374e-05
9977,0.28157584276561515,0.28159864240005245,2.2799634437298266e-05
9978,0.37434769582764721,0.37434848204136867,7.8621372145981638e-07
9979,0.47605813576991812,0.47603652861903556,2.1607150882563264e-05
9980,0.57435401663691887,0.5743153618052399,3.8654831678974766e-05
9981,0.65708154851435407,0.65703559285154778,4.595566280629626e-05
9982,0.7140564228332259,0.71401492370246666,4.1499130759237168e-05
9983,0.73853985247078457,0.73851365740926833,2.6195061516243179e-05
9984,0.72819703637599542,0.72819340695374379,3.6294222516275454e-06
9985,0.68539365607818237,0.68541420230984484,2.0546231662477155e-05
9986,0.61678575753588671,0.61682568658213999,3.9929046253273093e-05
9987,0.53226633617978125,0.5323153503236755,4.9014143894243745e-05
9988,0.44342978301047414,0.44347446695804493,4.4683947570789417e-05
9989,0.36178816635512312,0.36181568857003843,2.7522214915309817e-05
9990,0.29701179097691505,0.29701397000925894,2.179032343896381e-06
9991,0.25546309149367663,0.25543884737707379,2.4244116602845089e-05
9992,0.23924595243940835,0.23920163302314124,4.4319416267118994e-05
9993,0.24591498016936922,0.24586255038204746,5.2429787321756072e-05
9994,0.2688885703688903,0.26884216385437248,4.6406514517816078e-05
9995,0.29850190613821265,0.29847399060498864,2.791553322400997e-05
9996,0.32353904145507872,0.32353729159001887,1.7498650598524179e-06
9997,0.33301047539122869,0.33303565963580667,2.5184244577980408e-05
9998,0.31790374431970547,0.3179493565922043,4.5612272498829487e-05
9999,0.27263935302223652,0.27269316181838826,5.3808796151744165e-05
10000,0.19600915294969798,0.19605621747362348,4.7064523925499646e-05
10001,0.09145229221235085,0.09147918553206838,2.6893319717530284e-05
10002,-0.033374112506734235,-0.033375047105258911,9.345985246753119e-07
10003,-0.16766493125943788,-0.16769325432076307,2.832306132519169e-05
10004,-0.29901724359892162,-0.29906457196087566,4.7328361954035447e-05
10005,-0.41522635868958024,-0.41527896721738577,5.2608527805531047e-05
10006,-0.50605568958246594,-0.50609896943523669,4.3279852770750082e-05
10007,-0.56471362910916356,-0.56473621217263581,2.2583063472247922e-05
10008,-0.58881284675999912,-0.58880927799492255,3.5687650765670043e-06
10009,-0.58066644938639733,-0.58063829837694936,2.8151009447974218e-05
10010,-0.54687755556989326,-0.54683269268268064,4.4862887212615554e-05
10011,-0.49728558737236617,-0.49723594336344012,4.9644008926041927e-05
10012,-0.44343041793629251,-0.44338901922070029,4.1398715592222413e-05
10013,-0.39676951938682531,-0.39674710147855624,2.2417908269067865e-05
10014,-0.36691938757470222,-0.36692153618467738,2.1486099751610865e-06
10015,-0.36018912473548842,-0.36021478605306689,2.5661317578473675e-05
10016,-0.37862945991578539,-0.37867125001965396,4.1790103868566408e-05
10017,-0.41974171412747141,-0.41978802488741962,4.6310759948209324e-05
10018,-0.4768905383850956,-0.47692901441679181,3.8476031696210722e-05
10019,-0.54035776042538275,-0.54037857649435883,2.0816068976081681e-05
10020,-0.59887531934889715,-0.59887344966306122,1.8696858359312785e-06
10021,-0.64140257129669431,-0.64137882970089832,2.3741595795989667e-05
10022,-0.65887660642471968,-0.65883724235183883,3.9364072880854195e-05
10023,-0.6456678767532843,-0.64562292383993336,4.4952913350937429e-05
10024,-0.60051823218888467,-0.60047914492080678,3.9087268077886428e-05
10025,-0.5268176547426211,-0.52679448989396227,2.316484865882984e-05
10026,-0.43217572013205074,-0.43217458293566469,1.13719638605847e-06
10027,-0.32735143099266795,-0.32737286956613115,2.1438573463206101e-05
10028,-0.22470275849050061,-0.22474153379923256,3.8775308731947566e-05
10029,-0.13639033920526999,-0.13643664795920019,4.630875393019096e-05
10030,-0.072607264761258269,-0.07264911073638311,4.1845975124840673e-05
10031,-0.040102882418557098,-0.040129126409260266,2.6243990703167519e-05
10032,-0.041224182754334732,-0.041227477340049883,3.2945857151508995e-06
10033,-0.073619496225251935,-0.073598390586272835,2.1105638979099228e-05
10034,-0.13064873580967121,-0.13060830974607918,4.0426063592030603e-05
10035,-0.20243685814055828,-0.20238762566603985,4.923247451843471e-05
10036,-0.27740940452904367,-0.27736470587134265,4.4698657701014444e-05
10037,-0.34407588442173825,-0.34404826555465357,2.7618867084688858e-05
10038,-0.39278889225947888,-0.39278641303984008,2.4792196388068177e-06
10039,-0.41721045871597573,-0.41723434304639984,2.3884330424106537e-05
10040,-0.41526291002710708,-0.41530711372934126,4.4203702234180131e-05
10041,-0.38941970526555475,-0.38947248148862595,5.2776223071204775e-05
10042,-0.34629242885145206,-0.34633943562290459,4.7006771452529073e-05
10043,-0.29557730070353561,-0.2956055439355964,2.8243232060798373e-05
10044,-0.24852261031232206,-0.24852411122773438,1.5009154123168944e-06
10045,-0.21615142524726946,-0.2161255335920505,2.5891655218962528e-05
10046,-0.20751122332688871,-0.20746489854403186,4.6324782856849156e-05
10047,-0.22821812766169913,-0.22816407158375934,5.4056077939790281e-05
10048,-0.27951865799463016,-0.27947178662120514,4.6871373425017016e-05
10049,-0.35801315914379012,-0.35798642754647075,2.6731597319362699e-05
10050,-0.45608451485339985,-0.45608526549691303,7.5064351318099298e-07
10051,-0.56296840826825445,-0.56299629016008423,2.7881891829784067e-05
10052,-0.66630380166493142,-0.66635085784846293,4.7056183531513085e-05
10053,-0.75392917050120101,-0.75398210636582463,5.2935864623626649e-05
10054,-0.81565256971196098,-0.81569662713262026,4.4057420659271429e-05
10055,-0.84472779258103237,-0.84475094235743853,2.3149776406161671e-05
10056,-0.83881295555506996,-0.83880927799500937,3.6775600605887249e-06
10057,-0.8002669696921183,-0.80023808565506105,2.8884037057252954e-05
10058,-0.73573939038303171,-0.73569369957396202,4.5690809069687255e-05
10059,-0.65511695900796374,-0.65506702874687861,4.9930261085129324e-05
10060,-0.56998799436569059,-0.56994689907463481,4.109529105578158e-05
10061,-0.49185876772126585,-0.49183670255275669,2.2065168509166622e-05
10062,-0.43039415700477412,-0.43039627799181329,2.1209870391669661e-06
10063,-0.39195152862436256,-0.39197679580464362,2.5267180281063339e-05
10064,-0.37863003641638343,-0.3786715131846804,4.1476768296966338e-05
10065,-0.38797985886282005,-0.38802647128383555,4.661242101550167e-05
10066,-0.41341521929228148,-0.41345453692679501,3.9317634513535982e-05
10067,-0.44526744662080242,-0.44528897741316209,2.1530792359669704e-05
10068,-0.47231712354988464,-0.47231530893961587,1.8146102687688348e-06
10069,-0.48357166327325196,-0.48354729014738618,2.4373125865784218e-05
10070,-0.47001589275543398,-0.46997570910438491,4.0183651049074953e-05
10071,-0.42606795976709994,-0.42602267839068925,4.5281376410688523e-05
10072,-0.35051767381260396,-0.3504788771299151,3.8796682688857498e-05
10073,-0.24680248467872765,-0.24677975373034153,2.2730948386118222e-05
10074,-0.12257818515243957,-0.12257718268663126,1.0024658083085392e-06
10075,0.011351027838377393,0.011329817344376689,2.1210494000703864e-05
10076,0.14258277224391278,0.14254422565309965,3.8546590813121062e-05
10077,0.25891251312858515,0.25886592763974353,4.6585488841621725e-05
10078,0.3501034622414696,0.35006083636376717,4.2625877702429094e-05
10079,0.4093634610272695,0.40933647670381429,2.6984323455214732e-05
10080,0.43430428233355756,0.43430078080747914,3.5015260784199143e-06
10081,0.42723776161536686,0.42725929316662931,2.153155126244366e-05
10082,0.39476535508787142,0.39480647195684349,4.1116868972068676e-05
10083,0.34672443098688482,0.34677402991713074,4.9598930245919881e-05
10084,0.294652429028396,0.29469697176538356,4.4542736987562837e-05
10085,0.25000405071005077,0.25003128293868404,2.723222863326713e-05
10086,0.22239272424961065,0.22239493575466554,2.2115050548887627e-06
10087,0.21812414632719468,0.21810024031541869,2.3906011775987057e-05
10088,0.23924527472228543,0.2392011062722256,4.416845005983383e-05
10089,0.28325328038936076,0.28320024441832414,5.3035971036619056e-05
10090,0.34350828326350047,0.34346066905231565,4.7614211184821009e-05
10091,0.41028727431860568,0.41025839224774829,2.8882070857383368e-05
10092,0.47231712354991473,0.47231530893964169,1.8146102730431934e-06
10093,0.51855183557550844,0.51857788910948799,2.6053533979553123e-05
10094,0.53992282878427122,0.53996962477193078,4.6795987659553617e-05
10095,0.53079453824061007,0.53084898803636904,5.4449795758970687e-05
10096,0.48990243550674289,0.48994937962896684,4.6944122223946394e-05
10097,0.4206298669759207,0.42065637820353419,2.6511227613490451e-05
10098,0.33057961790760737,0.3305785249237902,1.0929838171747086e-06
10099,0.23050368917281697,0.23047550569110956,2.818348170741114e-05
10100,0.13275279309333488,0.13270551047880425,4.7282614530630429e-05
10101,0.049480014892422944,0.049426822841399168,5.3192051023775999e-05
10102,-0.009129426946397845,-0.0091738477223065329,4.4420775908687871e-05
10103,-0.036334252950615396,-0.036357835986811859,2.3583036196463125e-05
10104,-0.029795609112138272,-0.029792283620050156,3.3254920881152505e-06
10105,0.0081265699383178264,0.0081553518569602579,2.8781918642431514e-05
10106,0.070783752382567788,0.070829653392436603,4.5901009868815068e-05
10107,0.14829222638570977,0.14834256275041693,5.0336364707165293e-05
10108,0.22906860039263385,0.22911004281818431,4.1442425550458628e-05
10109,0.30161332971986521,0.30163542445077973,2.209473091452363e-05
10110,0.35626997575628683,0.35626751242894417,2.4633273426610813e-06
10111,0.3866914974953895,0.38666567878221297,2.5818713176528618e-05
10112,0.39079105708501205,0.39074907946223691,4.1977622775135615e-05
10113,0.37103280703948949,0.37098592598082791,4.6881058661574215e-05
10114,0.33401883281885547,0.33397941275752918,3.9420061326289613e-05
10115,0.28943581420193182,0.28941411409242107,2.170010951074719e-05
10116,0.24852261031229356,0.24852411122770199,1.5009154084311138e-06
10117,0.22229291174882426,0.22231697725362209,2.4065504797832205e-05
10118,0.21978481935945715,0.21982496927796258,4.0149918505427706e-05
10119,0.24660502588776753,0.24665071000257474,4.5684114807209575e-05
10120,0.3039905109367621,0.30402991662604967,3.9405689287563828e-05
10121,0.38853212036444346,0.3885551609037482,2.3040539304741703e-05
10122,0.49260343135667867,0.49260416610790253,7.3475122386312819e-07
10123,0.60543096297022014,0.60540903453276795,2.1928437452189975e-05
10124,0.71464460580142453,0.71460532942209942,3.9276379325103861e-05
10125,0.8080738022561087,0.8080269205402637,4.688171584499301e-05
10126,0.87551755313909263,0.87547504413283206,4.2509006260571525e-05
10127,0.91022071886795952,0.91019382907541724,2.6889792542283963e-05
10128,0.90983274742150699,0.90982903895506617,3.7084664408215673e-06
10129,0.87670410506123531,0.87672522770476347,2.1122643528159735e-05
10130,0.81747608209062905,0.81751699314215576,4.0911051526704156e-05
10131,0.74202728332076473,0.74207726846070676,4.9985139942032575e-05
10132,0.66193795976283776,0.66198330538793093,4.5345625093173858e-05
10133,0.58870650954113657,0.58873430137246197,2.7791831325396643e-05
10134,0.53199025922928034,0.53199233600375639,2.0767744760563644e-06
10135,0.49813931639116554,0.49811464490131607,2.4671489849470429e-05
10136,0.48924583309865916,0.48920079970398855,4.5033394670601634e-05
10137,0.50285319737564549,0.50279982659564237,5.3370780003114682e-05
10138,0.5323689969328812,0.53232162783666093,4.7369096220273299e-05
10139,0.56811818234212441,0.56808960010346909,2.8582238655316949e-05
10140,0.59887531934897453,0.59887344966313616,1.8696858383737691e-06
10141,0.6136421493800992,0.61366781995406872,2.5670573969516219e-05
10142,0.60339814787705759,0.6034446769520122,4.6529074954615446e-05
10143,0.56255639350520048,0.5626112053049348,5.4811799734322264e-05
10144,0.48990185900606398,0.48994969127689897,4.7832270834990975e-05
10145,0.38886746308696224,0.38889470035718998,2.7237270227742361e-05
10146,0.26710484847746535,0.26710378311658356,1.0653608817912108e-06
10147,0.13541444083833737,0.13538557263510764,2.8868203229726053e-05
10148,0.0061952166639398431,0.0061470555470193693,4.8161116920473861e-05
10149,-0.1083513567431255,-0.10840492666570442,5.3569922578919349e-05
10150,-0.19799126175944518,-0.19803542983323938,4.4168073794204066e-05
10151,-0.25593477325621472,-0.25595795541040434,2.3182154189616e-05
10152,-0.27979571790707447,-0.2797922836200003,3.4342870741665976e-06
10153,-0.27188759353342218,-0.27185904609470807,2.8547438714110474e-05
10154,-0.23881312774682401,-0.23876742878233601,4.5698964488000149e-05
10155,-0.19041058542584591,-0.19035991174983977,5.0673676006141033e-05
10156,-0.13821795767335637,-0.13817566738600015,4.2290287356222533e-05
10157,-0.09369014728897497,-0.093667278969797679,2.2868319177291041e-05
10158,-0.066440426590436294,-0.066442705962768953,2.2793723326586246e-06
10159,-0.062773953860827805,-0.062800266813540437,2.6312952712631565e-05
10160,-0.084736753859392985,-0.08477950065681053,4.2746797417544946e-05
10161,-0.12982467364450687,-0.12987197265970868,4.7299015201812677e-05
10162,-0.19139613482776957,-0.19143541858276525,3.9283754995678155e-05
10163,-0.25972608643656098,-0.25974741186028161,2.1325423720630621e-05
10164,-0.32353904145506601,-0.32353729159000755,1.7498650584646391e-06
10165,-0.37178629509285449,-0.37176222445268609,2.4070640168405433e-05
10166,-0.39539617986079956,-0.39535605361639176,4.0126244407800993e-05
10167,-0.38872965954706951,-0.38868365597356735,4.600357350215134e-05
10168,-0.35051835152967875,-0.35047825334459698,4.0098185081771653e-05
10169,-0.28414142984515667,-0.28411769645576856,2.3733389388103099e-05
10170,-0.19719725187968959,-0.19719621694117284,1.0349385167474079e-06
10171,-0.10043308780664115,-0.1004552527761832,2.216496954204894e-05
10172,-0.0061945817381117655,-0.0062344206059834076,3.9838867871642113e-05
10173,0.073370607935743404,0.073323277933958472,4.7330001784931519e-05
10174,0.12808305979351203,0.12804047038791974,4.2589405592291518e-05
10175,0.151207566564516,0.15118090274331325,2.6663821202754789e-05
10176,0.14041152829118625,0.14040815466128381,3.3736299024367256e-06
10177,0.098061370171922027,0.09808277745361596,2.1407281693933133e-05
10178,0.030812394496186141,0.030853536575107816,4.1142078921675707e-05
10179,-0.051444604398815333,-0.051394304945195701,5.0299453619631618e-05
10180,-0.13711881536454662,-0.13707301210764891,4.5803256897708478e-05
10181,-0.21470305722143593,-0.21467476297156185,2.8294249874077915e-05
10182,-0.27453315673043405,-0.27453072897329478,2.4277571392672392e-06
10183,-0.31025418111712039,-0.31027882137629315,2.4640259172759027e-05
10184,-0.31977119393378123,-0.31981653255015663,4.5338616375401042e-05
10185,-0.30554000090344691,-0.30559383592371425,5.3835020267345435e-05
10186,-0.27415405536931187,-0.27420177636878634,4.77209994744765e-05
10187,-0.23529125831381803,-0.23531985439466294,2.8596080844905947e-05
10188,-0.2001816810719613,-0.20018320302436884,1.5219524075460455e-06
10189,-0.1798301573748326,-0.17980394269900601,2.6214675826585765e-05
10190,-0.18326580888021843,-0.18321877153100885,4.7037349209577695e-05
10191,-0.21608617849641185,-0.21603104169072695,5.5136805684891099e-05
10192,-0.2795188781983256,-0.27947084971889402,4.8028479431583282e-05
10193,-0.37014531786499705,-0.3701178357827164,2.7482082280649855e-05
10194,-0.4803297193476716,-0.4803304594401609,7.4009248929307603e-07
10195,-0.59928926916735969,-0.59931788770015426,2.8618532794566498e-05
10196,-0.71464449432715471,-0.71469271064995887,4.8216322804162104e-05
10197,-0.81421538997496612,-0.81426942426380089,5.4034288834770017e-05
10198,-0.88779137143287623,-0.8878361602835152,4.4788850638965982e-05
10199,-0.92860772739060859,-0.92863120303842295,2.347564781435274e-05
10200,-0.93430449992356457,-0.93430078080751844,3.7191160461302886e-06
10201,-0.9072228628069563,-0.90719358738368316,2.9275423273134038e-05
10202,-0.85399487578153732,-0.85394842742145405,4.6448360083273244e-05
10203,-0.78448992103482396,-0.7844388961128933,5.1024921930653555e-05
10204,-0.71027897593594169,-0.71023671866543292,4.2257270508772038e-05
10205,-0.64285126006763249,-0.64282841453961981,2.2845528012682692e-05
10206,-0.59185516330307841,-0.59185721402555469,2.0507224762766896e-06
10207,-0.56363205427362084,-0.56365799708235242,2.5942808731582723e-05
10208,-0.56026549760130551,-0.56030811311983386,4.261551852835499e-05
10209,-0.57929039296445572,-0.57933814267410433,4.7749709648603478e-05
10210,-0.61410587873536038,-0.6141459926842453,4.0113948884923367e-05
10211,-0.65502862733821243,-0.6550505058163566,2.1878478144166102e-05
10212,-0.69082523086461378,-0.6908233211640411,1.9097005726775862e-06
10213,-0.7104897282772048,-0.71046486040013557,2.4867877069234545e-05
10214,-0.70499412522446658,-0.70495309535540696,4.1029869059627799e-05
10215,-0.66874421537150763,-0.66869782240937026,4.6392962137375982e-05
10216,-0.60051781333678045,-0.6004778934285907,3.9919908189745001e-05
10217,-0.50374091752576367,-0.50371742515311002,2.3492372653644011e-05
10218,-0.38605860068585979,-0.38605748355870806,1.1171271517285142e-06
10219,-0.25826504812172746,-0.25828684774484412,2.1799623116658395e-05
10220,-0.13275329697335342,-0.13279292406927276,3.9627095919342326e-05
10221,-0.021719135458696817,-0.021766893757811254,4.775829911443652e-05
10222,0.064608890147495615,0.06456536442328531,4.3525724210305428e-05
10223,0.11944623475553594,0.11941883394161641,2.7400813919525868e-05
10224,0.14041152829113709,0.14040815466123549,3.3736299016040583e-06
10225,0.12982270198080401,0.12984484707717411,2.2145096370107531e-05
10226,0.094286564142105136,0.094328645386996215,4.2081244891079006e-05
10227,0.043645138995529617,0.043695871678246845,5.0732682717227751e-05
10228,-0.010560100129395344,-0.010514502949716648,4.559717967869692e-05
10229,-0.056871096906430808,-0.05684316389314658,2.7933013284228703e-05
10230,-0.085671807924331198,-0.085669462355828785,2.3455685024126316e-06
10231,-0.090654693436561753,-0.090679098432837571,2.4404996275817492e-05
10232,-0.069771732126705399,-0.069816903855910259,4.517172920485979e-05
10233,-0.025525445079009942,-0.025579684283709516,5.4239204699574328e-05
10234,0.035443889994377524,0.035395251132865208,4.86388615123165e-05
10235,0.10341217487057389,0.10338277251078652,2.9402359787364385e-05
10236,0.16710450833764001,0.16710282654971889,1.6817879211206144e-06
10237,0.21547238352687517,0.21549916194341193,2.6778416536754612e-05
10238,0.23944393502742053,0.23949182250374215,4.7887476321617495e-05
10239,0.23337954082356693,0.23343515298499526,5.5612161428325591e-05
10240,0.19600986554359087,0.19605778552558745,4.7919981996574768e-05
10241,0.13071278254776947,0.13073990846121472,2.7125913445252836e-05
10242,0.045085017364913334,0.045084048622566292,9.6874234704197315e-07
10243,-0.0501281563887849,-0.05015676775021681,2.861136143191001e-05
10244,-0.14258347606466887,-0.14263168784933569,4.8211784666823965e-05
10245,-0.22013605436609202,-0.22019047443010431,5.4420064012294933e-05
10246,-0.27260962339825834,-0.27265519297228469,4.5569574026349535e-05
10247,-0.29327245811714842,-0.29329668065916381,2.4222542015395199e-05
10248,-0.27979571790711638,-0.27979228362004122,3.4342870751657983e-06
10249,-0.23454990867256673,-0.23452031920079869,2.9589471768037834e-05
10250,-0.16419476610807279,-0.16414765994411329,4.7106163959503844e-05
10251,-0.078625887802917821,-0.078574354114085559,5.1533688832261504e-05
10252,0.010560735055240912,0.010603087408881592,4.2352353640679949e-05
10253,0.091852449938161135,0.091875069641759594,2.2619703598458774e-05
10254,0.15557940452214866,0.15557702853127842,2.3759908702458699e-06
10255,0.19538072667840775,0.19535451356563718,2.6213112770567815e-05
10256,0.20915523960312188,0.20911238229695617,4.2857306165711151e-05
10257,0.19935217903715691,0.19930405004509738,4.8128992059526254e-05
10258,0.17255807802187692,0.17251740736806159,4.0670653815327862e-05
10259,0.13844367941664751,0.13842122805187237,2.2451364775133431e-05
10260,0.10823176955622821,0.108233331523372,1.5619671437927529e-06
10261,0.092919712378635111,0.092944624529535252,2.4912150900141539e-05
10262,0.10152892707763059,0.10157036298553446,4.1435907903869529e-05
10263,0.13964898290750941,0.13969590426759254,4.6921360083135299e-05
10264,0.20849921369561589,0.2085394958144384,4.0282118822509982e-05
10265,0.30465257998251505,0.30467607485088788,2.3494868372830879e-05
10266,0.42046481527388446,0.42046558141837176,7.6614448729639406e-07
10267,0.54514451864090741,0.54512218122491451,2.2337415992890186e-05
10268,0.66630347815411639,0.66626333072885968,4.0147425256709113e-05
10269,0.77175275226098017,0.77170460560289256,4.8146658087611094e-05
10270,0.85127257774203513,0.85122875543757137,4.3822304463758677e-05
10271,0.8980889696449349,0.89806124552147182,2.7724123463079842e-05
10272,0.90983274742152531,0.90982903895508649,3.7084664388231658e-06
10273,0.88883585428429446,0.88885781372986439,2.1959445569930125e-05
10274,0.84172105748771253,0.84176329039765974,4.2232909947204078e-05
10275,0.77834833331590791,0.77839959822485361,5.1264908945691801e-05
10276,0.71027908741014512,0.710325321201694,4.6233791548888625e-05
10277,0.64899295387043465,0.64902116703602408,2.8213165589430211e-05
10278,0.60412887531204662,0.60413092069325502,2.0453812084042511e-06
10279,0.58201885677305654,0.58199371365592611,2.5143117130421722e-05
10280,0.58473713033976205,0.58469118627374295,4.5944066019099061e-05
10281,0.60980924035585948,0.60975458784881176,5.4652507047725507e-05
10282,0.65062488921466766,0.65057619132607258,4.8697888595072847e-05
10283,0.69749138171227909,0.69746192564371934,2.9456068559752246e-05
10284,0.73916616010501479,0.73916422936744486,1.9307375699328944e-06
10285,0.76463428416536772,0.76466073812163482,2.6453956267102896e-05
10286,0.76485890267403123,0.76490674226830557,4.783959427434592e-05
10287,0.73423702150753767,0.73429315538188655,5.6133874348884838e-05
10288,0.67153767648796647,0.67158645693189378,4.8780443927309847e-05
10289,0.5801782339039625,0.58020590758838042,2.7673684417917066e-05
10290,0.46779541971162647,0.46779426701426857,1.1526973578979138e-06
10291,0.34517532062006751,0.34514588048509354,2.9440134973968135e-05
10292,0.22470308200135972,0.22465392533851655,4.915666284316389e-05
10293,0.11856675744552782,0.11851188639075305,5.4871054774766059e-05
10294,0.036987256731217596,0.036941789320062896,4.5467411154700987e-05
10295,-0.013258294645313553,-0.013282341202215431,2.4046556901878569e-05
10296,-0.029795609112087507,-0.029792283619997077,3.3254920904293717e-06
10297,-0.01494938836689003,-0.014920139626578649,2.9248740311380722e-05
10298,0.024667068705024765,0.024714027785017044,4.6959079992279357e-05
10299,0.079205483832645446,0.079257519006934216,5.2035174288769803e-05
10300,0.13711831148461243,0.13716165082835036,4.3339343737930358e-05
10301,0.18694169827258125,0.18696506616173966,2.3367889158409927e-05
10302,0.21905417395220325,0.21905177033839721,2.4036138060457013e-06
10303,0.22714313056726199,0.22711612629004682,2.7004277215164629e-05
10304,0.20915581610369294,0.20911195641844024,4.3859685252695124e-05
10305,0.16759032377246807,0.16754169921574241,4.8624556725662682e-05
10306,0.10908275892901331,0.10904223808415479,4.0520844858518701e-05
10307,0.043353365612006367,0.043331228767638695,2.2136844367671993e-05
10308,-0.018326426242853244,-0.018324809200143104,1.6170427101398765e-06
10309,-0.064911195644879002,-0.064886513226558584,2.4682418320418065e-05
10310,-0.087331786591725094,-0.087290472944557385,4.1313647167709466e-05
10311,-0.079950934078738434,-0.079903534388850367,4.7399689888066865e-05
10312,-0.04150134468071761,-0.041460071885783364,4.1272794934245349e-05
10313,0.02463740991858138,0.024661743687041986,2.4333768460605559e-05
10314,0.11086728029424509,0.1108681811693111,9.0087506601777001e-07
10315,0.20644205980984381,0.20641908770673217,2.297210311164033e-05
10316,0.29901794741969184,0.29897686561605652,4.1081803635323322e-05
10317,0.37644989992711714,0.37640121356398598,4.8686363131156263e-05
10318,0.42856185073929953,0.42851809988044381,4.3750858855717834e-05
10319,0.44862262619909865,0.44859523257159489,2.7393627503757845e-05
10320,0.43430428233362123,0.43430078080754536,3.5015260758664013e-06
10321,0.38797859644366217,0.38800054143507001,2.1944991407840675e-05
10322,0.31630696659015656,0.31634922276814914,4.225617799258341e-05
10323,0.22918704418845307,0.22923876880963617,5.1724621183107944e-05
10324,0.13821725385269773,0.13826436045839435,4.710660569662295e-05
10325,0.054913018738641871,0.054942033257075647,2.9014518433775893e-05
10326,-0.011052741197042215,-0.01105042810124917,2.3130957930456858e-06
10327,-0.053315748270109903,-0.053341286055257467,2.5537785147564107e-05
10328,-0.069771054409624098,-0.069817756284988208,4.6701875364110745e-05
10329,-0.0628637452990497,-0.062918974035997874,5.522873694817354e-05
10330,-0.03917582290028019,-0.039224638750103034,4.8815849822844704e-05
10331,-0.0083731933098574445,-0.0084024301727217785,2.9236862864333996e-05
10332,0.01832642624278219,0.018324809200073205,1.6170427089845507e-06
10333,0.029931023342595797,0.02995773670199357,2.6713359397773084e-05
10334,0.017424850562880369,0.017472950064900038,4.8099502019668255e-05
10335,-0.024775644394756685,-0.024719058367578935,5.6586027177750464e-05
10336,-0.097883417013384974,-0.097833975337847795,4.9441675537179042e-05
10337,-0.19846479221572075,-0.19843647356818031,2.8318647540437336e-05
10338,-0.31886871304934866,-0.31886952340640262,8.1035705395970936e-07
10339,-0.44829677682097119,-0.44832634162225465,2.9564801283465947e-05
10340,-0.57435351275687829,-0.5744031827291457,4.9669972267407658e-05
10341,-0.68484242794807548,-0.68489789866376216,5.5470715686678496e-05
10342,-0.76953588603433754,-0.76958173272288821,4.5846688550676973e-05
10343,-0.82165183427573674,-0.82167587716868962,2.4042892952880202e-05
10344,-0.83881295555503976,-0.83880927799497695,3.6775600628091709e-06
10345,-0.82334292799735787,-0.82331314586586901,2.9782131488853558e-05
10346,-0.78185607406061286,-0.78180857673974091,4.7497320871947579e-05
10347,-0.72420370156106506,-0.72415120658152243,5.2494979542627718e-05
10348,-0.66193828327374138,-0.66189453970594092,4.3743567800458294e-05
10349,-0.60653039916856455,-0.60650662620092355,2.3772967641000342e-05
10350,-0.56760995880885412,-0.56761202008235623,2.0612735021074968e-06
10351,-0.55149989555246548,-0.55152678462891613,2.6889076450653526e-05
10352,-0.56026527739765775,-0.56030939344563524,4.41160479774938e-05
10353,-0.5914223421297794,-0.59147157410523243,4.9231975453034593e-05
10354,-0.63835129318204997,-0.63839247175913405,4.1178577084077794e-05
10355,-0.69134989521064838,-0.6913723024669397,2.2407256291323563e-05
10356,-0.7391661601049524,-0.73916422936738191,1.9307375704880059e-06
10357,-0.77077577066688274,-0.77075033919267888,2.5431474203863047e-05
10358,-0.77713249870655365,-0.77709038525893837,4.2113447615288457e-05
10359,-0.75262391973355536,-0.7525760364912113,4.7883242344060051e-05
10360,-0.69600952943004568,-0.69596809660670922,4.1432823336462477e-05
10361,-0.61069719512456377,-0.61067272608609302,2.4469038470753546e-05
10362,-0.50431433621485799,-0.50431316762520784,1.1685896501578696e-06
10363,-0.3876378753219924,-0.38766057606299675,2.2700741004355596e-05
10364,-0.27304388613782077,-0.27308501314764483,4.1127009824060146e-05
10365,-0.17271138920041523,-0.17276067594992012,4.928674950488432e-05
10366,-0.096852240158338501,-0.096896885876005576,4.464571766707448e-05
10367,-0.052234631641613058,-0.052262569837015341,2.7938195402282817e-05
10368,-0.041224182754355507,-0.041227477340068625,3.2945857131178036e-06
10369,-0.061487747002237969,-0.061464941330841273,2.2805671396695926e-05
10370,-0.10640376041263414,-0.10636051441867156,4.3245993962576224e-05
10371,-0.16611580814545771,-0.16606356270894126,5.2245436516440424e-05
10372,-0.22906827688176834,-0.22902118614709757,4.7090734670768297e-05
10373,-0.28378944009245799,-0.28376052991892992,2.8910173528073901e-05
10374,-0.3206502761767126,-0.32064782835034183,2.4478263707661263e-06
10375,-0.33333091833406781,-0.33335614764923549,2.5229315167685229e-05
10376,-0.31977161278597355,-0.3198182427970524,4.6630011078852007e-05
10377,-0.28246366228530295,-0.28251947374018815,5.5811454885201783e-05
10378,-0.22803653656962947,-0.2280863936595027,4.9857089873234228e-05
10379,-0.16620410133335356,-0.16623409855230403,2.9997218950472693e-05
10380,-0.10823176955627187,-0.1082333315234147,1.5619671428351856e-06
10381,-0.065159290462012909,-0.065131731853192334,2.755860882057426e-05
10382,-0.046050468529951517,-0.046001299874164236,4.9168655787280857e-05
10383,-0.056537499659421328,-0.056480347516106595,5.7152143314732895e-05
10384,-0.097882840512803965,-0.097833481673526512,4.9358839277452438e-05
10385,-0.16670238832687567,-0.16667432988611314,2.8058440762535053e-05
10386,-0.25539394361932477,-0.25539478159931533,8.3797999056445249e-07
10387,-0.35320752848660175,-0.35323687618313981,2.9347696538062351e-05
10388,-0.44779593632757231,-0.44784553927916598,4.9602951593674671e-05
10389,-0.52701105631258638,-0.52706708796250634,5.6031649919963122e-05
10390,-0.5806740512213121,-0.58072096519183869,4.6913970526585302e-05
10391,-0.60205131397012102,-0.60207622893929302,2.4914969172007417e-05
10392,-0.58881284676005174,-0.58880927799497362,3.5687650781213165e-06
10393,-0.54332876452553958,-0.54329827492336624,3.048960217333363e-05
10394,-0.47225919393112753,-0.47221067376160158,4.8520169525945178e-05
10395,-0.38550088974941488,-0.3854477824960918,5.3107253323081416e-05
10396,-0.2946517252076683,-0.29460800557306405,4.3719634604255653e-05
10397,-0.21122692215966551,-0.21120344618069825,2.3475978967263389e-05
10398,-0.14489955646210334,-0.14490180169061706,2.2452285137197769e-06
10399,-0.10203444419625515,-0.10206131744509891,2.6873248843761743e-05
10400,-0.084737466453292762,-0.084781643533371351,4.4177080078589004e-05
10401,-0.090564861445850617,-0.090614635923913237,4.9774478062619698e-05
10402,-0.11293632553551021,-0.1129784737785354,4.2148243025189047e-05
10403,-0.14218799457224737,-0.14221125856687949,2.3263994632122253e-05
10404,-0.16710450833767901,-0.16710282654975656,1.681787922452882e-06
10405,-0.17669656382527318,-0.17667065360555451,2.5910219718677796e-05
10406,-0.16195149948634163,-0.16190852267148093,4.2976814860706813e-05
10407,-0.11728923429873403,-0.11724069908590246,4.8535212831574137e-05
10408,-0.041500666963590803,-0.041459083762158629,4.158320143217431e-05
10409,0.061976355085077046,0.062000618827158849,2.426374208180232e-05
10410,0.18548634702157138,0.18548721542392624,8.6840235485885486e-07
10411,0.31822617545494097,0.31820322184780381,2.2953607137166099e-05
10412,0.44779530140178925,0.44775388761698853,4.1413784800714559e-05
10413,0.5619918051200179,0.56194198416007357,4.982095994432445e-05
10414,0.65058225318729579,0.65053683539647122,4.5417790824564541e-05
10415,0.70677852066186631,0.70674986339150303,2.8657270363274812e-05
10416,0.72819703637598121,0.72819340695373225,3.6294222489630101e-06
10417,0.71715498788707455,0.71717800388485364,2.3015997779096686e-05
10418,0.6802599271817954,0.68030380106728949,4.3873885494094544e-05
10419,0.627356079574102,0.6274090043589009,5.292478479890228e-05
10420,0.56998849824559583,0.5700359935049325,4.7495259336671758e-05
10421,0.5196201266701006,0.51964903312802635,2.8906457925748086e-05
10422,0.48587313978299873,0.48587523662670418,2.0968437054458278e-06
10423,0.47506257917422923,0.47503681804790809,2.5761126321133254e-05
10424,0.48924541424649309,0.48919822079669462,4.7193449798477172e-05
10425,0.52592953599382986,0.5258731838520444,5.6352141785454002e-05
10426,0.57848651573261545,0.57843613861908749,5.0377113527955153e-05
10427,0.63720533932264822,0.63717485159359621,3.0487729052008916e-05
10428,0.69082523086472813,0.69082332116415768,1.9097005704571401e-06
10429,0.72831301629298495,0.72834053704658519,2.7520753600240866e-05
10430,0.74061348822739048,0.740663027098031,4.9538870640519761e-05
10431,0.72210507234225563,0.72216291577287184,5.7843430616211222e-05
10432,0.6715378966916481,0.67158794110722586,5.0044415577765733e-05
10433,0.59231039262514318,0.59233871630614299,2.8323680999808865e-05
10434,0.49204062420586842,0.49203946095748269,1.1632483857271225e-06
10435,0.3814961815191461,0.38146607218851109,3.0109330635019749e-05
10436,0.27304377466356539,0.27299333851177748,5.0436151787902617e-05
10437,0.17885297691928717,0.17879638187412386,5.6595045163310154e-05
10438,0.10912605845213733,0.10907887352691042,4.7184925226900765e-05
10439,0.070621640164274177,0.070596502885141896,2.5137279132281254e-05
10440,0.06569593525642009,0.065699219192529051,3.2839361089609387e-06
10441,0.092006504747957837,0.092036784097770302,3.0279349812464829e-05
10442,0.14292255410353308,0.14297122328992098,4.8669186387906294e-05
10443,0.20857844585950081,0.20863224120010371,5.3795340602902364e-05
10444,0.27740929305485196,0.27745394747428415,4.4654419432188508e-05
10445,0.33793419061893443,0.33795821099589246,2.4020376958033829e-05
10446,0.38051518025049746,0.38051270637212481,2.4738783726552249e-06
10447,0.39882365621652105,0.39879588927079257,2.7766945728480152e-05
10448,0.39079127728863222,0.39074606042027926,4.5216868352959683e-05
10449,0.3589008578741415,0.35885048308083822,5.03747933032761e-05
10450,0.30977341837215205,0.30973118842766945,4.2229944482607973e-05
10451,0.25311454632949648,0.253091307926608,2.3238402888481335e-05
10452,0.20018168107197176,0.20018320302438264,1.5219524108767146e-06
10453,0.16200686935917899,0.16203251176843944,2.5642409260451249e-05
10454,0.14764644587741393,0.14768943776564106,4.2991888227122965e-05
10455,0.16272532152576849,0.16277453014225315,4.9208616484663903e-05
10456,0.20849879484354375,0.20854147843667625,4.2683593132503139e-05
10457,0.28157584276568248,0.28160088089631496,2.5038130632482059e-05
10458,0.37434769582770644,0.37434848204142379,7.8621371735199119e-07
10459,0.47605813576996475,0.47603428146290944,2.3854307055315438e-05
10460,0.57435401663694918,0.57431146210066353,4.2554536285654976e-05
10461,0.65708154851436784,0.65703108116938669,5.0467344981153239e-05
10462,0.71405642283322435,0.71401100893347047,4.5413899753876663e-05
10463,0.73853985247077103,0.73851139285820244,2.8459612568587644e-05
10464,0.72819703637597388,0.72819340695372703,3.6294222468535864e-06
10465,0.68539365607815783,0.68541647559600216,2.2819517844330228e-05
10466,0.6167857575358634,0.6168296316105093,4.3874074645899874e-05
10467,0.5322663361797616,0.53231991441676829,5.3578237006690621e-05
10468,0.44342978301046032,0.44347842718177954,4.8644171319223162e-05
10469,0.36178816635511429,0.3618179794023203,2.9813047206006527e-05
10470,0.29701179097690988,0.29701397000924928,2.1790323393999778e-06
10471,0.25546309149367202,0.25543654773356772,2.6543760104302816e-05
10472,0.23924595243940103,0.23919764227643248,4.8310162968551174e-05
10473,0.24591498016935603,0.24585793342149409,5.704674786194408e-05
10474,0.26888857036886915,0.26883815777970305,5.0412589166104471e-05
10475,0.29850190613818234,0.29847167326224477,3.023287593756363e-05
10476,0.32353904145503976,0.32353729158998518,1.7498650545788585e-06
10477,0.33301047539118273,0.33303798586671213,2.7510475529402001e-05
10478,0.31790374431965546,0.31795339345658136,4.9649136925900006e-05
10479,0.27263935302218517,0.27269783210846243,5.8479086277263281e-05
10480,0.19600915294964788,0.19606026980018665,5.1116850538768244e-05
10481,0.091452292212303818,0.09148152961719104,2.9237404887222374e-05
10482,-0.033374112506777721,-0.033375047105307629,9.3459852990723791e-07
10483,-0.16766493125947848,-0.1676956073721956,3.0676112717120674e-05
10484,-0.29901724359896087,-0.29906865534745453,5.141174849365715e-05
10485,-0.41522635868961993,-0.41528369130504839,5.7332615428451472e-05
10486,-0.50605568958250779,-0.50610306841991715,4.7378837409350893e-05
10487,-0.56471362910920841,-0.56473858323522985,2.4954126021436984e-05
10488,-0.58881284676004508,-0.58880927799496274,3.568765082340164e-06
10489,-0.58066644938644185,-0.58063591826926264,3.0531117179211087e-05
10490,-0.54687755556993289,-0.54682856236463484,4.899320529805351e-05
10491,-0.49728558737239642,-0.49723116500459824,5.4422367798179216e-05
10492,-0.44343041793631033,-0.44338487316692049,4.5544769389838091e-05
10493,-0.3967695193868282,-0.39674470320076893,2.4816186059262169e-05
10494,-0.36691938757469117,-0.36692153618467205,2.1486099808787351e-06
10495,-0.36018912473546683,-0.36021719345596431,2.806872049748721e-05
10496,-0.37862945991576008,-0.37867542768381846,4.5967768058374769e-05
10497,-0.41974171412745082,-0.41979285799720639,5.114386975557661e-05
10498,-0.47689053838508966,-0.47693320795602495,4.2669570935294221e-05
10499,-0.5403577604254004,-0.54038100222824836,2.3241802847961957e-05
10500,-0.598875319348945,-0.59887344966310374,1.869685841260349e-06
10501,-0.64140257129677547,-0.6413763947610287,2.6176535746769147e-05
10502,-0.65887660642483514,-0.65883301692189999,4.3589502935148516e-05
10503,-0.64566787675342863,-0.64561803549362662,4.9841259802008153e-05
10504,-0.60051823218905032,-0.60047490347477683,4.3328714273482838e-05
10505,-0.52681765474279763,-0.5267920364603158,2.5618282481820742e-05
10506,-0.43217572013222716,-0.43217458293584698,1.1371963801742879e-06
10507,-0.32735143099283448,-0.32737533228817117,2.3901295336692385e-05
10508,-0.22470275849064958,-0.22474580742034891,4.304892969933527e-05
10509,-0.13639033920539712,-0.1364415920342511,5.1252828853987076e-05
10510,-0.072607264761361992,-0.072653400516465072,4.613575510307999e-05
10511,-0.040102882418638908,-0.040131607790060149,2.8725371421241264e-05
10512,-0.041224182754397626,-0.041227477340106247,3.2945857086214003e-06
10513,-0.073619496225299522,-0.07359589983454437,2.3596390755151186e-05
10514,-0.13064873580970676,-0.13060398750382096,4.4748305885800033e-05
10515,-0.20243685814058374,-0.20238262536462712,5.4232775956619683e-05
10516,-0.27740940452905971,-0.27736036732537539,4.9037203684321184e-05
10517,-0.34407588442174469,-0.34404575597697851,3.012844476618648e-05
10518,-0.39278889225947461,-0.39278641303984196,2.4792196326450799e-06
10519,-0.41721045871596008,-0.41723686207918159,2.6403363221516596e-05
10520,-0.41526291002708038,-0.41531148502880078,4.8575001720396749e-05
10521,-0.38941970526551883,-0.38947753852089645,5.7833255377615078e-05
10522,-0.34629242885141009,-0.34634382337255304,5.1394521142944516e-05
10523,-0.29557730070349175,-0.29560808196343635,3.0781259944601125e-05
10524,-0.24852261031227993,-0.24852411122768517,1.5009154052392226e-06
10525,-0.21615142524723244,-0.21612298602388647,2.843922334597182e-05
10526,-0.20751122332685812,-0.20746047774592,5.074558093812187e-05
10527,-0.2282181276616746,-0.22815895730979679,5.9170351877801952e-05
10528,-0.27951865799460901,-0.27946734922451777,5.1308770091240685e-05
10529,-0.35801315914376841,-0.35798386081190087,2.929833186754438e-05
10530,-0.45608451485337309,-0.45608526549689299,7.5064351989784228e-07
10531,-0.56296840826821948,-0.56299886652105235,3.0458252832876731e-05
10532,-0.66630380166488656,-0.66635532859212299,5.1526927236422715e-05
10533,-0.75392917050114694,-0.75398727839861635,5.8107897469406034e-05
10534,-0.81565256971190292,-0.81570111462512629,4.8544913223369512e-05
10535,-0.84472779258097508,-0.84475353805832853,2.5745477353456003e-05
10536,-0.83881295555502122,-0.83880927799495397,3.677560067250063e-06
10537,-0.800266969692084,-0.80023548024031066,3.1489451773336619e-05
10538,-0.73573939038301728,-0.73568917843187775,5.0211951139522704e-05
10539,-0.65511695900797096,-0.6550617984312429,5.5160576728052746e-05
10540,-0.56998799436571845,-0.56994236103153428,4.5633334184169705e-05
10541,-0.49185876772130988,-0.49183407762239623,2.4690098913648928e-05
10542,-0.43039415700482947,-0.43039627799187508,2.1209870456062596e-06
10543,-0.39195152862442229,-0.39197943053731243,2.7901912890149205e-05
10544,-0.37863003641644261,-0.37867608518372053,4.6048767277928615e-05
10545,-0.38797985886287523,-0.38803176041294268,5.1901550067456892e-05
10546,-0.41341521929233305,-0.41345912598104012,4.3906688707073815e-05
10547,-0.44526744662085321,-0.44529163183951304,2.4185218659822372e-05
10548,-0.47231712354993927,-0.47231530893966434,1.8146102749305726e-06
10549,-0.4835716632733168,-0.4835446258293743,2.7037443942501405e-05
10550,-0.47001589275551364,-0.4699710857841301,4.4806971383537508e-05
10551,-0.42606795976719664,-0.42601732991088781,5.0629856308825882e-05
10552,-0.35051767381271631,-0.35047423659833948,4.3437214376829125e-05
10553,-0.24680248467885019,-0.24677706953840012,2.5415140450069096e-05
10554,-0.12257818515256368,-0.12257718268676203,1.002465801647201e-06
10555,0.011351027838262428,0.01132712316969298,2.3904668569448007e-05
10556,0.14258277224381799,0.1425395505408828,4.322170293519223e-05
10557,0.25891251312851926,0.25886051926455944,5.199386395982053e-05
10558,0.35010346224143835,0.35005614388210149,4.7318359336856464e-05
10559,0.40936346102727417,0.40933376247263509,2.9698554639079333e-05
10560,0.43430428233359342,0.43430078080752155,3.5015260718695984e-06
10561,0.42723776161542593,0.42726201747227938,2.4255856853450108e-05
10562,0.39476535508794253,0.39481119933734443,4.5844249401905124e-05
10563,0.34672443098695599,0.34677949873896213,5.5067752006143778e-05
10564,0.29465242902845662,0.29470171667559725,4.9287647140627833e-05
10565,0.25000405071009263,0.25003402748592685,2.9976775834217317e-05
10566,0.22239272424963,0.22239493575467864,2.2115050486437582e-06
10567,0.21812414632719146,0.21809748560071107,2.6660726480387531e-05
10568,0.23924527472226373,0.2391963261407595,4.8948581504226762e-05
10569,0.28325328038932762,0.28319471459130691,5.8565798020715487e-05
10570,0.34350828326346378,0.34345587122881771,5.2412034646065475e-05
10571,0.41028727431857276,0.41025561710399955,3.1657214573210801e-05
10572,0.4723171235498923,0.47231530893962514,1.8146102671590114e-06
10573,0.51855183557550011,0.51858067451500733,2.883893950722527e-05
10574,0.539922828784278,0.53997445814338652,5.162935910851818e-05
10575,0.53079453824063005,0.53085457943445524,6.0041193825188799e-05
10576,0.4899024355067732,0.48995423085687395,5.1795350100747317e-05
10577,0.42062986697595628,0.42065918422795506,2.9317251998783878e-05
10578,0.33057961790764334,0.33057852492381967,1.0929838236695133e-06
10579,0.23050368917284833,0.23047268930940196,3.0999863446373732e-05
10580,0.13275279309335797,0.1327006233719957,5.2169721362266275e-05
10581,0.049480014892435205,0.049421169299009152,5.8845593426053167e-05
10582,-0.0091294269463981417,-0.009178752852129296,4.9325905731154376e-05
10583,-0.036334252950628795,-0.036360673179752848,2.6420229124052286e-05
10584,-0.029795609112164577,-0.029792283620070314,3.3254920942631105e-06
10585,0.0081265699382796069,0.0081581995039969914,3.1629565717384428e-05
10586,0.070783752382519244,0.070834594736470247,5.0842353951002783e-05
10587,0.14829222638565293,0.14834827901786662,5.6052632213698939e-05
10588,0.22906860039257143,0.22911500235394475,4.6401961373315759e-05
10589,0.30161332971980015,0.3016382931038345,2.4963384034348834e-05
10590,0.35626997575622177,0.35626751242887311,2.4633273486562857e-06
10591,0.386691497495327,0.38666279957681654,2.8697918510456333e-05
10592,0.3907910570849541,0.3907440833723817,4.6973712572395687e-05
10593,0.37103280703943664,0.37098014639975901,5.2660639677626353e-05
10594,0.33401883281880723,0.33397439830497067,4.4434513836566492e-05
10595,0.28943581420188536,0.28941121368357331,2.4600518312045683e-05
10596,0.24852261031224668,0.24852411122766119,1.5009154145095849e-06
10597,0.222292911748773,0.22231988831394717,2.6976565174169354e-05
10598,0.21978481935939817,0.21983002062858403,4.5201269185862758e-05
10599,0.24660502588769878,0.24665655349319948,5.152760550070079e-05
10600,0.30399051093668317,0.30403498651259642,4.4475575913249799e-05
10601,0.38853212036435653,0.38855809336753661,2.5973003180079779e-05
10602,0.49260343135658807,0.49260416610780589,7.347512178124127e-07
10603,0.60543096297013166,0.60540609131655465,2.4871653577007713e-05
10604,0.71464460580134537,0.71460022228847453,4.4383512870838082e-05
10605,0.80807380225604686,0.80802101253577319,5.278972027367157e-05
10606,0.87551755313905277,0.87546991828777387,4.7634851278899326e-05
10607,0.91022071886794631,0.91019086425309714,2.9854614849167405e-05
10608,0.90983274742152032,0.90982903895508538,3.7084664349373853e-06
10609,0.8767041050612725,0.8767282033813697,2.4098320097198922e-05
10610,0.81747608209068456,0.81752215658753247,4.6074496847903212e-05
10611,0.74202728332083134,0.74208324159101324,5.5958270181899472e-05
10612,0.66193795976290626,0.66198848772265517,5.0527959748913887e-05
10613,0.58870650954119963,0.58873729886065362,3.0789319453994324e-05
10614,0.5319902592293323,0.53199233600380302,2.0767744707272939e-06
10615,0.49813931639120446,0.49811163645559392,2.7679935610536166e-05
10616,0.48924583309868608,0.48919557941096936,5.025368771671701e-05
10617,0.50285319737566425,0.5027937877193791,5.9409656285147605e-05
10618,0.53236899693289974,0.53231638847406393,5.2608458835812222e-05
10619,0.56811818234215072,0.56808656963805659,3.1612704094130528e-05
10620,0.59887531934901606,0.59887344966318401,1.8696858320454979e-06
10621,0.61364214938016248,0.61367086148195582,2.871210179333783e-05
10622,0.60339814787714496,0.60344995463597939,5.1806758834427313e-05
10623,0.56255639350531117,0.56261731055588882,6.0917050577646847e-05
10624,0.48990185900619199,0.489954988213123,5.3129206931012973e-05
10625,0.38886746308709802,0.38889776411573046,3.0301028632440108e-05
10626,0.26710484847759791,0.26710378311671051,1.0653608873978371e-06
10627,0.13541444083845447,0.13538249770827898,3.1943130175487999e-05
10628,0.0061952166640305371,0.0061417199220129793,5.349674201755774e-05
10629,-0.10835135674306887,-0.10841109892799454,5.9742184925673514e-05
10630,-0.19799126175942613,-0.19804078489563423,4.9523136208096119e-05
10631,-0.25593477325623176,-0.25596105278168352,2.6279525451755603e-05
10632,-0.27979571790712138,-0.27979228362004138,3.4342870799952685e-06
10633,-0.27188759353348935,-0.27185593744738779,3.1656086101561343e-05
10634,-0.23881312774689989,-0.23876203465831353,5.1093088586362523e-05
10635,-0.19041058542591857,-0.19035367183055135,5.6913595367219516e-05
10636,-0.13821795767341613,-0.13817025363705182,4.7704036364309976e-05
10637,-0.093690147289016021,-0.093664147661520036,2.5999627495984501e-05
10638,-0.066440426590457208,-0.066442705962795542,2.2793723383346398e-06
10639,-0.062773953860831844,-0.062803409507023955,2.9455646192111384e-05
10640,-0.084736753859387365,-0.084784953845209871,4.8199985822505731e-05
10641,-0.1298246736445012,-0.12987828089029826,5.3607245797060443e-05
10642,-0.19139613482777393,-0.19144089158621291,4.4756758438985189e-05
10643,-0.25972608643658396,-0.2597505774342575,2.4490997673543013e-05
10644,-0.3235390414551127,-0.32353729159004835,1.7498650643488212e-06
10645,-0.37178629509292616,-0.37175904738313137,2.7247709794786523e-05
10646,-0.39539617986089254,-0.39535054079081855,4.5639070073988375e-05
10647,-0.38872965954717636,-0.38867727876876657,5.23807784097996e-05
10648,-0.35051835152978983,-0.35047272051129702,4.5631018492808817e-05
10649,-0.28414142984526192,-0.28411449628325469,2.6933562007225298e-05
10650,-0.19719725187977952,-0.19719621694126815,1.0349385113628262e-06
10651,-0.10043308780670955,-0.10045846455655662,2.5376749847066948e-05
10652,-0.0061945817381562698,-0.0062399936496876553,4.5411911531385504e-05
10653,0.073370607935721532,0.073316831082633635,5.3776853087897369e-05
10654,0.1280830597935084,0.12803487714118261,4.8182652325784447e-05
10655,0.15120756656452439,0.1511776676344771,2.9898930047289607e-05
10656,0.14041152829120057,0.14040815466130396,3.3736298966080547e-06
10657,0.098061370171937404,0.098086024283701417,2.4654111764013664e-05
10658,0.030812394496200449,0.030859170425417731,4.6775929217281881e-05
10659,-0.051444604398801358,-0.051387787766240541,5.6816632560817426e-05
10660,-0.13711881536452938,-0.13706735785626706,5.1457508262325868e-05
10661,-0.21470305722141028,-0.21467149258430121,3.1564637109071647e-05
10662,-0.27453315673039469,-0.2745307289732612,2.4277571334940795e-06
10663,-0.31025418111706321,-0.31028210359978786,2.7922482724651587e-05
10664,-0.31977119393370473,-0.31982222780369773,5.1033869993000192e-05
10665,-0.30554000090335276,-0.30560042412075616,6.0423217403404728e-05
10666,-0.27415405536920479,-0.27420749222407181,5.3436854867028316e-05
10667,-0.23529125831370509,-0.23532316040702433,3.1902093319241542e-05
10668,-0.20018168107185058,-0.20018320302425255,1.5219524019671749e-06
10669,-0.1798301573747316,-0.17980062473344283,2.9532641288770867e-05
10670,-0.18326580888013272,-0.18321301426911635,5.2794611016371285e-05
10671,-0.21608617849634396,-0.21602438177529651,6.1796721047446823e-05
10672,-0.27951887819827498,-0.27946507165179668,5.3806546478296635e-05
10673,-0.37014531786496069,-0.37011449379335382,3.082407160687195e-05
10674,-0.4803297193476444,-0.4803304594401393,7.400924948997023e-07
10675,-0.59928926916733671,-0.59932124176072177,3.1972593385054537e-05
10676,-0.71464449432713273,-0.71469853053312182,5.4036205989094199e-05
10677,-0.81421538997494292,-0.81427615660703334,6.0766632090425432e-05
10678,-0.88779137143285292,-0.8878420011781869,5.0629745333985454e-05
10679,-0.92860772739058772,-0.92863458136103705,2.6853970449325359e-05
10680,-0.93430449992355014,-0.93430078080749834,3.719116051792426e-06
10681,-0.90722286280695164,-0.90719019686986824,3.2665937083398155e-05
10682,-0.85399487578154498,-0.85394254429524519,5.2331486299794783e-05
10683,-0.78448992103484294,-0.78443209062229446,5.7830412548476318e-05
10684,-0.71027897593596823,-0.71023081431860891,4.816161735932134e-05
10685,-0.64285126006766058,-0.64282499952231686,2.6260545343714803e-05
10686,-0.59185516330310139,-0.59185721402558278,2.0507224813837155e-06
10687,-0.56363205427363161,-0.56366142441244083,2.9370138809214907e-05
10688,-0.56026549760130029,-0.56031406011933915,4.85625180388638e-05
10689,-0.5792903929644343,-0.57934502204150018,5.4629077065881937e-05
10690,-0.6141058787353264,-0.61415196111638315,4.6082381056744559e-05
10691,-0.65502862733817457,-0.65505395789474585,2.5330556571279139e-05
10692,-0.6908252308645827,-0.6908233211640048,1.9097005778956344e-06
10693,-0.71048972827719259,-0.71046139588568735,2.833239150523692e-05
10694,-0.70499412522448346,-0.70494708384359661,4.7041380886847506e-05
10695,-0.66874421537155926,-0.66869086842562231,5.3346945936949552e-05
10696,-0.60051781333686705,-0.60047186026920929,4.5953067657755753e-05
10697,-0.50374091752587991,-0.50371393564220202,2.6981883677890117e-05
10698,-0.38605860068599362,-0.38605748355884717,1.1171271464549548e-06
10699,-0.25826504812186352,-0.25829034981699528,2.5301695131763058e-05
10700,-0.13275329697347493,-0.13279900074147122,4.5703767996285727e-05
10701,-0.021719135458788941,-0.021773923107986731,5.4787649197789862e-05
10702,0.064608890147443337,0.064559265885530182,4.9624261913155943e-05
10703,0.11944623475552738,0.11941530662129646,3.0928134230917559e-05
10704,0.14041152829116896,0.14040815466127218,3.3736298967745881e-06
10705,0.12982270198086615,0.12984838708527083,2.5685104404676862e-05
10706,0.094286564142182547,0.094334787876400331,4.8223734217783809e-05
10707,0.04364513899560489,0.043702977155089084,5.783815948419424e-05
10708,-0.010560100129338649,-0.010508338373665292,5.1761755673356349e-05
10709,-0.056871096906405433,-0.056839598381551462,3.1498524853970644e-05
10710,-0.08567180792434391,-0.085669462355845952,2.3455684979578617e-06
10711,-0.090654693436612088,-0.090682676760693415,2.7983324081326533e-05
10712,-0.069771732126785696,-0.069823112828791389,5.1380702005693335e-05
10713,-0.025525445079107038,-0.025586866658340986,6.1421579233948004e-05
10714,0.035443889994280449,0.035389019849145456,5.4870145134992832e-05
10715,0.10341217487049446,0.10337916842053632,3.3006449958142281e-05
10716,0.16710450833759391,0.16710282654967695,1.681787916957278e-06
10717,0.21547238352687362,0.21550277898014009,3.0395453266468531e-05
10718,0.23944393502746919,0.23949809863567706,5.4163608207868918e-05
10719,0.23337954082366466,0.23344241303934857,6.2872215683906774e-05
10720,0.19600986554373073,0.19606408419575316,5.4218652022430813e-05
10721,0.1307127825479393,0.1307435515229658,3.0768975026490564e-05
10722,0.045085017365097929,0.04508404862274637,9.6874235155919308e-07
10723,-0.050128156388601852,-0.050160423890342615,3.2267501740762539e-05
10724,-0.14258347606450283,-0.1426380318253056,5.4555760802765807e-05
10725,-0.2201360543659556,-0.22019781295696089,6.1758591005295349e-05
10726,-0.27260962339816092,-0.27266155971700307,5.1936318842149554e-05
10727,-0.29327245811709357,-0.29330036309047475,2.7904973381176479e-05
10728,-0.279795717907104,-0.2797922836200249,3.4342870791070901e-06
10729,-0.23454990867259159,-0.23451662355668701,3.3285115904585494e-05
10730,-0.16419476610812617,-0.16414124742889669,5.3518679229480615e-05
10731,-0.078625887802988514,-0.078566936310152158,5.8951492836356589e-05
10732,0.010560735055165353,0.010609522926574501,4.8787871409147754e-05
10733,0.091852449938092676,0.091878791846875987,2.6341908783311663e-05
10734,0.15557940452209748,0.15557702853122382,2.3759908736598057e-06
10735,0.19538072667838086,0.19535077801170034,2.994866668051821e-05
10736,0.20915523960312218,0.20910590053777367,4.9339065348513733e-05
10737,0.19935217903718272,0.19929655214837655,5.5626888806170616e-05
10738,0.17255807802192213,0.17251090236927047,4.7175652651665345e-05
10739,0.13844367941670241,0.13841746566312443,2.6213753577974952e-05
10740,0.10823176955628015,0.10823333152342703,1.5619671468736218e-06
10741,0.09291971237867136,0.092948400404995732,2.8688026324372173e-05
10742,0.1015289270776395,0.10157691470348651,4.7987625847012438e-05
10743,0.13964898290748259,0.13970348308444888,5.4500176966287839e-05
10744,0.20849921369555022,0.20854607101252107,4.6857316970849716e-05
10745,0.30465257998241235,0.30467987783886863,2.729785645627647e-05
10746,0.42046481527375285,0.42046558141823726,7.661444844098142e-07
10747,0.54514451864075897,0.54511836461018537,2.6154030573599663e-05
10748,0.66630347815396707,0.6662567083269092,4.6769827057868696e-05
10749,0.77175275226084616,0.77169694502647523,5.5807234370930381e-05
10750,0.85127257774192966,0.85122210931145048,5.0468430479178039e-05
10751,0.89808896964486806,0.89805740151240709,3.1568132460968457e-05
10752,0.90983274742150122,0.90982903895506551,3.7084664357145414e-06
10753,0.88883585428431022,0.88886167150726558,2.5817222955359931e-05
10754,0.84172105748775972,0.84176998421889859,4.8926731138876356e-05
10755,0.77834833331597297,0.77840734141195012,5.9008095977142183e-05
10756,0.7102790874102124,0.71033203899469566,5.295158448326287e-05
10757,0.64899295387048905,0.64902505249370357,3.2098623214515953e-05
10758,0.60412887531207626,0.60413092069328223,2.0453812059617604e-06
10759,0.58201885677305443,0.58198981428597241,2.9042487082020507e-05
10760,0.58473713033972941,0.5846844202869752,5.2710052754201264e-05
10761,0.60980924035580264,0.60974676118732762,6.2479168475015889e-05
10762,0.65062488921459927,0.65056940111641626,5.5488098183009704e-05
10763,0.69749138171221725,0.69745799830350586,3.3383408711396001e-05
10764,0.73916616010497549,0.73916422936740778,1.9307375677124483e-06
10765,0.76463428416536638,0.76466467952013772,3.0395354771339811e-05
10766,0.76485890267407664,0.76491358117759622,5.4678503519589583e-05
10767,0.7342370215076347,0.73430106639398085,6.4044886346148466e-05
10768,0.67153767648811036,0.67159332031889551,5.5643830785157e-05
10769,0.58017823390414192,0.58020987725143636,3.1643347294441071e-05
10770,0.46779541971182531,0.46779426701446547,1.1526973598408041e-06
10771,0.3451753206202664,0.3451418966159106,3.3424004355797621e-05
10772,0.2247030820015396,0.22464701273896534,5.6069262574259815e-05
10773,0.11856675744567272,0.11850389013940699,6.2867306265729228e-05
10774,0.036987256731316767,0.036934851984344569,5.2404746972198324e-05
10775,-0.013258294645263862,-0.013286353634379808,2.8058989115946342e-05
10776,-0.029795609112083808,-0.029792283619991394,3.3254920924138953e-06
10777,-0.014949388366922389,-0.014916112837575041,3.3275529347348218e-05
10778,0.024667068704971051,0.024721014854367576,5.3946149396525561e-05
10779,0.079205483832587353,0.079265601399768432,6.0117567181078302e-05
10780,0.13711831148456627,0.13716866289605073,5.035141148446165e-05
10781,0.18694169827256071,0.18696912181641498,2.7423543854265819e-05
10782,0.21905417395221685,0.21905177033840906,2.4036138077943026e-06
10783,0.22714313056731253,0.22711205612605956,3.1074441252970653e-05
10784,0.20915581610377648,0.20910489408884411,5.0922014932369697e-05
10785,0.16759032377257568,0.16753352976642724,5.6794006148441767e-05
10786,0.10908275892913202,0.10903515049014514,4.7608438986879165e-05
10787,0.043353365612121532,0.043327129430781285,2.62361813402473e-05
10788,-0.018326426242756103,-0.018324809200044329,1.6170427117739861e-06
10789,-0.064911195644811848,-0.064882399225413515,2.8796419398333106e-05
10790,-0.087331786591696159,-0.087283334552347033,4.8452039349125564e-05
10791,-0.079950934078751187,-0.079895276954317487,5.5657124433700078e-05
10792,-0.041501344680770512,-0.041452907959176451,4.8436721594061205e-05
10793,0.024637409918494103,0.024665887172771867,2.8477254277764485e-05
10794,0.11086728029413261,0.11086818116919696,9.0087506435243547e-07
10795,0.20644205980971742,0.20641492939963374,2.713041008367556e-05
10796,0.29901794741956306,0.29896965034717843,4.829707238462877e-05
10797,0.37644989992699662,0.37639286720189152,5.7032725105099491e-05
10798,0.42856185073919567,0.42851085880308826,5.0991936107414038e-05
10799,0.44862262619901777,0.44859104446338649,3.1581735631280861e-05
10800,0.43430428233356594,0.43430078080749152,3.5015260744231114e-06
10801,0.38797859644363197,0.38800474452369849,2.6148080066512591e-05
10802,0.31630696659014867,0.31635651573958196,4.9549149433281148e-05
10803,0.22918704418846278,0.22924720505531848,6.0160866855701878e-05
10804,0.13821725385271921,0.13827167951645153,5.4425663732315943e-05
10805,0.054913018738669384,0.054946266468032468,3.3247729363083955e-05
10806,-0.011052741197013919,-0.011050428101222321,2.3130957915971917e-06
10807,-0.05331574827008452,-0.053345534408440518,2.9786138355997194e-05
10808,-0.069771054409603642,-0.069825127797505382,5.4073387901740211e-05
10809,-0.062863745299033796,-0.062927501135849745,6.3755836815948541e-05
10810,-0.039175822900266666,-0.039232036631459251,5.6213731192585048e-05
10811,-0.0083731933098423906,-0.0084067089740866574,3.3515664244266816e-05
10812,0.018326426242803801,0.018324809200096121,1.6170427076800387e-06
10813,0.029931023342629232,0.029962030809848255,3.1007467219023449e-05
10814,0.017424850562930368,0.017480400969500043,5.5550406569675193e-05
10815,-0.02477564439468688,-0.024710439428459595,6.5204966227284944e-05
10816,-0.09788341701329431,-0.097826497777916216,5.6919235378094513e-05
10817,-0.19846479221561078,-0.19843214868130168,3.2643534309095834e-05
10818,-0.31886871304922343,-0.31886952340627883,8.1035705540299929e-07
10819,-0.44829677682083763,-0.4483306819819538,3.3905161116176696e-05
10820,-0.57435351275674396,-0.57441071388923448,5.7201132490525275e-05
10821,-0.68484242794794947,-0.68490661044161594,6.4182493666464779e-05
10822,-0.76953588603422829,-0.76958929082905347,5.3404794825184787e-05
10823,-0.82165183427565036,-0.82168024864312628,2.8414367475915192e-05
10824,-0.83881295555498092,-0.83880927799491645,3.6775600644745055e-06
10825,-0.82334292799732689,-0.82330875874912157,3.416924820531797e-05
10826,-0.78185607406060798,-0.78180096444719593,5.5109613412041014e-05
10827,-0.72420370156108216,-0.72414240094984084,6.130061124132169e-05
10828,-0.66193828327377291,-0.66188690017223861,5.1383101534296927e-05
10829,-0.60653039916860441,-0.60650220762875451,2.8191539849897751e-05
10830,-0.56760995880889553,-0.56761202008239886,2.0612735033287422e-06
10831,-0.55149989555250434,-0.5515312190150411,3.1323462536758662e-05
10832,-0.56026527739769272,-0.56031708776040112,5.1810362708404334e-05
10833,-0.59142234212981115,-0.59148047462079167,5.8132490980522533e-05
10834,-0.63835129318208172,-0.63840019361469758,4.890043261585042e-05
10835,-0.69134989521068446,-0.69137676865451203,2.6873443827568622e-05
10836,-0.7391661601049978,-0.73916422936742654,1.930737571265162e-06
10837,-0.77077577066694114,-0.7707458570170389,2.9913649902235662e-05
10838,-0.77713249870662737,-0.77708260801873841,4.9890687888964891e-05
10839,-0.75262391973364395,-0.75256704004621888,5.6879687425070991e-05
10840,-0.69600952943014494,-0.69596029152157612,4.9237908568811051e-05
10841,-0.61069719512466736,-0.61066821175783592,2.8983366831436541e-05
10842,-0.50431433621495891,-0.50431316762530942,1.1685896494917358e-06
10843,-0.38763787532208205,-0.38766510655654657,2.7231234464519805e-05
10844,-0.27304388613789232,-0.2730928742306209,4.8988092728574628e-05
10845,-0.17271138920046333,-0.17276976938623662,5.8380185773282411e-05
10846,-0.096852240158360942,-0.096904775112683889,5.253495432294697e-05
10847,-0.052234631641610345,-0.052267132839699706,3.2501198089361638e-05
10848,-0.041224182754330957,-0.041227477340043499,3.2945857125418754e-06
10849,-0.06148774700219696,-0.061460361983373867,2.7385018823093688e-05
10850,-0.10640376041258297,-0.10635256856200018,5.1191850582790743e-05
10851,-0.16611580814540269,-0.16605437120358238,6.1436941820314228e-05
10852,-0.22906827688171466,-0.22901321182315376,5.5065058560899161e-05
10853,-0.28378944009240908,-0.28375591770020608,3.3522392203000351e-05
10854,-0.3206502761766698,-0.3206478283502997,2.4478263700999925e-06
10855,-0.33333091833403072,-0.33336077639500555,2.9858060974830014e-05
10856,-0.31977161278594041,-0.31982627437270578,5.4661586765369918e-05
10857,-0.28246366228527081,-0.28252876440886809,6.5102123597282624e-05
10858,-0.22803653656959588,-0.22809445402075998,5.7917451164096745e-05
10859,-0.16620410133331651,-0.16623876053690509,3.4659203588582876e-05
10860,-0.10823176955623041,-0.10823333152337257,1.561967142155174e-06
10861,-0.065159290461967459,-0.065127053156176049,3.2237305791410487e-05
10862,-0.046050468529903639,-0.045993181619472905,5.7286910430734417e-05
10863,-0.056537499659373436,-0.056470956572721782,6.6543086651653371e-05
10864,-0.097882840512759042,-0.097825334309990797,5.7506202768245474e-05
10865,-0.1667023883268369,-0.16666961757702212,3.2770749814781119e-05
10866,-0.25539394361929496,-0.25539478159928608,8.37979991119564e-07
10867,-0.35320752848658371,-0.35324160539256833,3.4076905984614658e-05
10868,-0.44779593632756837,-0.44785374518747301,5.780885990464002e-05
10869,-0.52701105631259748,-0.52707658030886184,6.5523996264360562e-05
10870,-0.58067405122133953,-0.58072920053727117,5.5149315931646292e-05
10871,-0.60205131397016443,-0.60208099213989352,2.9678169729097092e-05
10872,-0.58881284676011103,-0.58880927799503247,3.5687650785654057e-06
10873,-0.54332876452561174,-0.54329349463150978,3.5269894101963573e-05
10874,-0.47225919393121013,-0.47220237920988684,5.6814721323295014e-05
10875,-0.38550088974950386,-0.38543818760094406,6.2702148559801163e-05
10876,-0.29465172520775867,-0.29459968125091418,5.2043956844494144e-05
10877,-0.21122692215975131,-0.21119863151282658,2.8290646924722385e-05
10878,-0.14489955646217995,-0.14490180169069383,2.2452285138863104e-06
10879,-0.10203444419631851,-0.10206614939844438,3.1705202125878462e-05
10880,-0.084737466453341057,-0.084790027733924633,5.2561280583576786e-05
10881,-0.090564861445884381,-0.090624334531802672,5.9473085918290702e-05
10882,-0.11293632553553296,-0.11298688808805343,5.056255252047781e-05
10883,-0.14218799457226491,-0.14221612528713173,2.8130714866819728e-05
10884,-0.16710450833769916,-0.16710282654977693,1.6817879222308374e-06
10885,-0.1766965638253043,-0.17666576940304327,3.079442226103235e-05
10886,-0.16195149948639093,-0.16190004780139372,5.145168499720576e-05
10887,-0.11728923429880622,-0.11723089558358213,5.8338715224093285e-05
10888,-0.041500666963686941,-0.041450578439277089,5.0088524409852564e-05
10889,0.061976355084960293,0.062005538193583669,2.9183108623376253e-05
10890,0.18548634702144154,0.18548721542379709,8.6840235555274425e-07
10891,0.31822617545480902,0.31819828479874812,2.7890656060902685e-05
10892,0.44779530140166801,0.44774532104016451,4.9980361503498827e-05
10893,0.56199180511992008,0.5619320745625801,5.9730557339987556e-05
10894,0.6505822531872314,0.65052823801760529,5.4015169626109305e-05
10895,0.70677852066184144,0.70674489077526503,3.3629886576402868e-05
10896,0.72819703637599731,0.72819340695374679,3.6294222505173224e-06
10897,0.7171549878871265,0.71718299438672783,2.8006499601329615e-05
10898,0.68025992718187323,0.68031246040389726,5.2533222024031545e-05
10899,0.62735607957419359,0.62741902127076976,6.294169657616866e-05
10900,0.56998849824568709,0.57004468399842412,5.6185752737025751e-05
10901,0.51962012667017854,0.51965405960687261,3.3932936694069937e-05
10902,0.48587313978305385,0.48587523662676063,2.0968437067780954e-06
10903,0.47506257917425632,0.47503177347711545,3.0805697140867672e-05
10904,0.48924541424649232,0.48918946763042415,5.5946616068169863e-05
10905,0.52592953599380576,0.52586305838719249,6.6477606613268847e-05
10906,0.57848651573257681,0.57842735393551525,5.9161797061557664e-05
10907,0.63720533932260526,0.6371697706296382,3.5568692967058446e-05
10908,0.69082523086469039,0.69082332116411782,1.9097005725665639e-06
10909,0.72831301629295953,0.72834563631224625,3.2620019286722091e-05
10910,0.74061348822738171,0.74067187518092159,5.8386953539879549e-05
10911,0.72210507234226307,0.72217315104909741,6.8078706834340252e-05
10912,0.67153789669166764,0.67159682107353857,5.8924381870939513e-05
10913,0.59231039262516805,0.59234385238772136,3.3459762553311734e-05
10914,0.49204062420589084,0.49203946095750772,1.1632483831180984e-06
10915,0.38149618151915943,0.38146091759213541,3.5263927024020703e-05
10916,0.27304377466356383,0.27298439440803574,5.9380255528096448e-05
10917,0.17885297691926855,0.1787860355080923,6.6941411176246746e-05
10918,0.10912605845210294,0.10906989716776291,5.6161284340022766e-05
10919,0.070621640164228006,0.070591311043313329,3.0329120914676655e-05
10920,0.065695935256367882,0.06569921919247429,3.2839361064074257e-06
10921,0.092006504747905851,0.092041994670811367,3.5489922905515559e-05
10922,0.14292255410348673,0.14298026453633236,5.7710432845636817e-05
10923,0.20857844585946297,0.20864269995474427,6.4254095281296442e-05
10924,0.27740929305482287,0.27746302135403156,5.372829920868849e-05
10925,0.33793419061891117,0.33796345925077287,2.9268631861700811e-05
10926,0.38051518025047465,0.38051270637210505,2.4738783696021116e-06
10927,0.39882365621649263,0.39879062206459448,3.3034151898148068e-05
10928,0.39079127728859092,0.39073692089116469,5.4356397426236214e-05
10929,0.35890085787408221,0.35883991061768516,6.0947256397048122e-05
10930,0.30977341837207151,0.30972201588116283,5.1402490908680765e-05
10931,0.25311454632939379,0.25308600259507918,2.854373431460111e-05
10932,0.20018168107184933,0.20018320302425702,1.5219524076848234e-06
10933,0.16200686935904202,0.16203783627449903,3.0966915457009137e-05
10934,0.14764644587726936,0.14769867673546874,5.2230858199386887e-05
10935,0.16272532152562419,0.1627852176546685,5.9896129044306745e-05
10936,0.20849879484340761,0.2085507508141102,5.1955970702594056e-05
10937,0.28157584276556152,0.28160624397826561,3.0401212704089797e-05
10938,0.37434769582760608,0.3743484820413272,7.8621372112674948e-07
10939,0.47605813576988792,0.47602889897886302,2.9236791024900288e-05
10940,0.57435401663689734,0.57430212251269785,5.1894124199480807e-05
10941,0.65708154851433986,0.65702027724454948,6.1271269790386107e-05
10942,0.71405642283321791,0.71400163554137108,5.478729184682507e-05
10943,0.73853985247078224,0.73850597134043405,3.3881130348190069e-05
10944,0.72819703637599931,0.7281934069537479,3.6294222514055008e-06
10945,0.68539365607819314,0.68542191674653852,2.8260668345381212e-05
10946,0.61678575753590426,0.61683907301258789,5.3315476683635232e-05
10947,0.53226633617980701,0.53233083613883125,6.4499959024244546e-05
10948,0.44342978301050751,0.44348790279109196,5.8119780584453551e-05
10949,0.36178816635516375,0.36182346005208399,3.529369692023554e-05
10950,0.29701179097696251,0.29701397000930618,2.1790323436743364e-06
10951,0.25546309149373009,0.25543104721659471,3.2044277135379051e-05
10952,0.23924595243946692,0.23918809784462339,5.7854594843531615e-05
10953,0.24591498016943206,0.24584689249475242,6.8087674679639942e-05
10954,0.2688885703689563,0.26882857873103888,5.9991637917422569e-05
10955,0.29850190613828098,0.2984661327730761,3.5773365204883056e-05
10956,0.32353904145514784,0.32353729159008848,1.7498650593528176e-06
10957,0.3330104753912963,0.33304354646185363,3.3071070557333382e-05
10958,0.31790374431976959,0.31796304215405724,5.9297834287652673e-05
10959,0.27263935302229364,0.27270899367087365,6.964064858000496e-05
10960,0.19600915294974455,0.19606995353090509,6.0800581160536105e-05
10961,0.091452292212383671,0.091487130665335828,3.4838452952157262e-05
10962,-0.03337411250671788,-0.03337504710524293,9.3459852505001217e-07
10963,-0.16766493125943946,-0.16770122876835492,3.6297508915456023e-05
10964,-0.29901724359894094,-0.29907840956627574,6.1165967334797511e-05
10965,-0.41522635868961522,-0.41529497495708961,6.8616267474397308e-05
10966,-0.5060556895825129,-0.5061128580952815,5.7168512768601687e-05
10967,-0.56471362910921752,-0.56474424557321379,3.0616463996269161e-05
10968,-0.58881284676005397,-0.58880927799497695,3.5687650770110935e-06
10969,-0.58066644938644785,-0.58063023533677804,3.6214049669802684e-05
10970,-0.54687755556993534,-0.54681870134755783,5.8854222377502374e-05
10971,-0.49728558737239803,-0.4972197577844919,6.5829587906129916e-05
10972,-0.44343041793631532,-0.44337497626305244,5.5441673262879299e-05
10973,-0.39676951938684263,-0.3967389788296749,3.0540557167724192e-05
10974,-0.36691938757472026,-0.3669215361846957,2.1486099754386423e-06
10975,-0.36018912473551534,-0.36022293867211475,3.3813936599402794e-05
10976,-0.3786294599158298,-0.37868539679716429,5.5936881334484045e-05
10977,-0.41974171412754085,-0.41980439028834832,6.2676160807462189e-05
10978,-0.47689053838519568,-0.47694321339364104,5.2675008445357552e-05
10979,-0.54035776042551698,-0.54038678938819884,2.9028962681865167e-05
10980,-0.59887531934906424,-0.5988734496632282,1.8696858360423008e-06
10981,-0.6414025712968906,-0.64137058650165935,3.1984795231254637e-05
10982,-0.65887660642493828,-0.6588229383929306,5.3668032007680999e-05
10983,-0.64566787675351667,-0.64560637660375986,6.1500149756810174e-05
10984,-0.60051823218911982,-0.6004647881767865,5.3444012333314639e-05
10985,-0.52681765474284892,-0.52678618574359071,3.1468999258210673e-05
10986,-0.43217572013226324,-0.43217458293587763,1.1371963856143807e-06
10987,-0.32735143099285741,-0.32738120436354401,2.977337068660324e-05
10988,-0.22470275849066182,-0.22475599670692548,5.3238216263656879e-05
10989,-0.136390339205401,-0.13645337907667282,6.3039871271819425e-05
10990,-0.072607264761358731,-0.072663627024236871,5.6362262878140168e-05
10991,-0.04010288241862911,-0.040137522844877434,3.4640426248323808e-05
10992,-0.041224182754381666,-0.041227477340096158,3.2945857144917046e-06
10993,-0.073619496225278261,-0.07358996315784308,2.9533067435180693e-05
10994,-0.1306487358096822,-0.13059368609548253,5.5049714199673083e-05
10995,-0.20243685814055937,-0.20237070859001713,6.6149550542238256e-05
10996,-0.27740940452904034,-0.27735002823598293,5.9376293057411544e-05
10997,-0.34407588442173581,-0.34403977578982248,3.6108631913334133e-05
10998,-0.39278889225948155,-0.3927864130398438,2.4792196377521059e-06
10999,-0.41721045871598733,-0.41724286415593997,3.2405439952643e-05
11000,-0.41526291002712956,-0.41532189994621183,5.8989919082264031e-05
11001,-0.3894197052655885,-0.38948958663412159,6.9881368533086796e-05
11002,-0.34629242885149503,-0.34635427643869587,6.1847587200847265e-05
11003,-0.29557730070358407,-0.29561412809071003,3.6827387125959454e-05
11004,-0.24852261031237016,-0.2485241112277814,1.500915411234427e-06
11005,-0.21615142524731049,-0.21611691773492531,3.4507512385179018e-05
11006,-0.20751122332691582,-0.20744994790874013,6.1275418175688046e-05
11007,-0.2282181276617066,-0.22814677622443505,7.1351437271549578e-05
11008,-0.27951865799461423,-0.27945678076299801,6.1877231616214168e-05
11009,-0.35801315914374932,-0.35797774792322345,3.5411220525860543e-05
11010,-0.45608451485333684,-0.4560852654968513,7.5064351445774946e-07
11011,-0.56296840826817485,-0.56300500184844027,3.6593580265420478e-05
11012,-0.66630380166484371,-0.66636597478405424,6.2173119210529038e-05
11013,-0.75392917050111452,-0.75399959411773299,7.0423616618464635e-05
11014,-0.81565256971188504,-0.81571179992508647,5.9230213201422188e-05
11015,-0.84472779258097497,-0.84475971854392939,3.1925962954426623e-05
11016,-0.83881295555503588,-0.83880927799497385,3.6775600620320148e-06
11017,-0.80026696969210753,-0.80022927703430158,3.7692657805954433e-05
11018,-0.73573939038304192,-0.73567841442578163,6.0975957260289704e-05
11019,-0.65511695900798783,-0.65504934638838919,6.7612619598644841e-05
11020,-0.56998799436571979,-0.56993155742539492,5.6436940324866569e-05
11021,-0.4918587677212905,-0.49182782869003971,3.0939031250787341e-05
11022,-0.43039415700478695,-0.430396277991827,2.1209870400551445e-06
11023,-0.39195152862435922,-0.39198570247651687,3.4173852157648454e-05
11024,-0.37863003641636339,-0.37868696848839639,5.6932072033000214e-05
11025,-0.3879798588627878,-0.3880443504984718,6.4491635684005288e-05
11026,-0.41341521929224551,-0.41347004938622312,5.4830093977609184e-05
11027,-0.44526744662077355,-0.44529795008293038,3.0503462156827865e-05
11028,-0.47231712354987426,-0.47231530893960427,1.8146102699900801e-06
11029,-0.4835716632732705,-0.48353828428745066,3.3378985819842999e-05
11030,-0.47001589275548827,-0.46996008167060577,5.5811084882506634e-05
11031,-0.42606795976719208,-0.42600460003380303,6.335973338905676e-05
11032,-0.35051767381273019,-0.35046319187517949,5.4481937550698856e-05
11033,-0.24680248467887991,-0.24677068110439315,3.1803574486760633e-05
11034,-0.12257818515260532,-0.12257718268679835,1.0024658069762715e-06
11035,0.011351027838212223,0.011320711140720528,3.0316697491695327e-05
11036,0.1425827722437622,0.14252842408229574,5.4348161466460931e-05
11037,0.25891251312846092,0.25884764781690245,6.4865311558470751e-05
11038,0.35010346224137895,0.35004497629582348,5.8485945555464269e-05
11039,0.40936346102721538,0.40932730295334357,3.6158073871805918e-05
11040,0.43430428233353685,0.43430078080745949,3.5015260773652024e-06
11041,0.42723776161537286,0.42726850088801621,3.0739272643354187e-05
11042,0.39476535508789362,0.39482244970389835,5.7094616004726984e-05
11043,0.34672443098691214,0.34679251356709062,6.8082580178485674e-05
11044,0.29465242902841748,0.29471300869690598,6.0579668488491834e-05
11045,0.25000405071005755,0.2500405590005903,3.6508290532755172e-05
11046,0.22239272424959788,0.22239493575465141,2.2115050535287395e-06
11047,0.21812414632716096,0.21809092988247175,3.3216444689204705e-05
11048,0.23924527472223292,0.23918495027567657,6.0324446556347944e-05
11049,0.28325328038929526,0.28318155454078864,7.1725848506620782e-05
11050,0.34350828326342925,0.34344445317268069,6.3830090748562274e-05
11051,0.41028727431853662,0.4102490126675713,3.8261650965321081e-05
11052,0.472317123549856,0.47231530893958412,1.8146102718774593e-06
11053,0.51855183557546625,0.5185873034672247,3.5467891758456105e-05
11054,0.53992282878425013,0.53998596112517938,6.3132340929250574e-05
11055,0.53079453824061107,0.53086788658135597,7.3348340744905371e-05
11056,0.48990243550676682,0.48996577657549417,6.3341068727351679e-05
11057,0.42062986697596494,0.42066586252858557,3.5995552620626814e-05
11058,0.33057961790766788,0.33057852492384943,1.0929838184514651e-06
11059,0.23050368917288888,0.23046598617509598,3.7702997792904425e-05
11060,0.13275279309341273,0.1326889916265809,6.3801466831825415e-05
11061,0.049480014892500972,0.049407713148501071,7.2301743999900192e-05
11062,-0.0091294269463248565,-0.0091904278897478944,6.1000943423037898e-05
11063,-0.036334252950551878,-0.036367426303736239,3.3173353184361154e-05
11064,-0.029795609112087715,-0.029792283619998156,3.3254920895585405e-06
11065,0.0081265699383533552,0.0081649777853611757,3.8407847007820503e-05
11066,0.070783752382587689,0.070846356921733675,6.2604539145985627e-05
11067,0.14829222638571501,0.14836188611321463,6.9659727499615798e-05
11068,0.22906860039262691,0.22912680839670982,5.8208004082904719e-05
11069,0.3016133297198495,0.30164512202763466,3.1792307785161178e-05
11070,0.35626997575626629,0.35626751242892202,2.4633273442709047e-06
11071,0.38669149749536841,0.38665594516660562,3.5552328762789021e-05
11072,0.39079105708499373,0.39073218904157442,5.8868043419313398e-05
11073,0.37103280703947555,0.37096638638414536,6.6420655330190481e-05
11074,0.33401883281884681,0.33396245954125797,5.6373277588839255e-05
11075,0.28943581420192643,0.28940430796649369,3.1506235432743335e-05
11076,0.24852261031228851,0.24852411122769835,1.5009154098466482e-06
11077,0.22229291174881544,0.22232681985277755,3.3908103962115854e-05
11078,0.21978481935944019,0.21984204884157166,5.7229482131465614e-05
11079,0.24660502588773928,0.2466704684402852,6.544255254592457e-05
11080,0.30399051093672075,0.30404705974420132,5.6548807480572005e-05
11081,0.38853212036438978,0.38856507688955677,3.2956525166993877e-05
11082,0.49260343135661572,0.49260416610783797,7.347512222533048e-07
11083,0.60543096297015309,0.60539908163172607,3.1881338427020012e-05
11084,0.71464460580135936,0.7145880584257871,5.6547375572257863e-05
11085,0.80807380225605285,0.80800694061014222,6.6861645910631928e-05
11086,0.87551755313905155,0.87545770881017337,5.9844328878178032e-05
11087,0.91022071886793776,0.91018380189651582,3.6916971421940836e-05
11088,0.90983274742150455,0.90982903895506562,3.7084664389341881e-06
11089,0.8767041050612504,0.87673529224814373,3.1187186893322227e-05
11090,0.81747608209065592,0.81753445789953527,5.8375808879351787e-05
11091,0.74202728332079626,0.74209747257940128,7.0189258605024563e-05
11092,0.66193795976286496,0.66200083525662001,6.2875493755054634e-05
11093,0.58870650954115289,0.58874444110012047,3.7931558967585488e-05
11094,0.53199025922927923,0.53199233600375395,2.0767744747240968e-06
11095,0.49813931639114656,0.49810446735213215,3.484903901440628e-05
11096,0.48924583309862457,0.48918313881732617,6.2694281298403265e-05
11097,0.5028531973756013,0.50277939554607609,7.3801829525210749e-05
11098,0.53236899693283757,0.5323039010403231,6.5095892514466236e-05
11099,0.56811818234209233,0.56807934644812519,3.883589396713738e-05
11100,0.59887531934896521,0.59887344966312883,1.8696858363753677e-06
11101,0.61364214938012096,0.61367811189579557,3.5962515674614615e-05
11102,0.60339814787711721,0.60346253637669589,6.4388499578682534e-05
11103,0.5625563935052974,0.5626318660746682,7.5472569370793607e-05
11104,0.48990185900619387,0.48996761742339051,6.5758417196637442e-05
11105,0.38886746308711528,0.38890506934289765,3.7606255782363096e-05
11106,0.26710484847762966,0.26710378311674643,1.0653608832345007e-06
11107,0.13541444083849907,0.13537516489044968,3.9275948049394271e-05
11108,0.0061952166640855478,0.0061289951343856163,6.6221529699931475e-05
11109,-0.10835135674300643,-0.10842581999261203,7.4463249605596915e-05
11110,-0.19799126175935941,-0.19805355779375652,6.2296034397113509e-05
11111,-0.25593477325616415,-0.25596844115290968,3.3667896745526171e-05
11112,-0.27979571790705593,-0.27979228361997971,3.4342870762205102e-06
11113,-0.27188759353342884,-0.27184852111184088,3.9072421587960093e-05
11114,-0.23881312774684632,-0.23874916488891304,6.3962857933280715e-05
11115,-0.19041058542587336,-0.19033878297909274,7.1802446780622198e-05
11116,-0.13821795767337966,-0.13815733510434633,6.0622569033330631e-05
11117,-0.093690147288987488,-0.093656675018774213,3.3472270213275035e-05
11118,-0.066440426590434601,-0.066442705962769175,2.2793723345737593e-06
11119,-0.06277395386081254,-0.062810910494292591,3.6956633480050849e-05
11120,-0.084736753859368005,-0.084797970566692346,6.1216707324340813e-05
11121,-0.12982467364447842,-0.1298933398107244,6.8666166245984206e-05
11122,-0.19139613482774481,-0.19145395773592902,5.7822908184207433e-05
11123,-0.25972608643654671,-0.25975813549652854,3.2049059981831274e-05
11124,-0.32353904145506723,-0.32353729159000666,1.7498650605740629e-06
11125,-0.37178629509287348,-0.37175146058875186,3.4834504121616927e-05
11126,-0.39539617986083558,-0.39533737511001515,5.8804750820429241e-05
11127,-0.38872965954711913,-0.38866204745449828,6.7612092620850106e-05
11128,-0.35051835152973665,-0.35045950472494325,5.8846804793399876e-05
11129,-0.28414142984521662,-0.2841068516317663,3.4578213450320305e-05
11130,-0.19719725187974529,-0.19719621694123049,1.0349385148045176e-06
11131,-0.10043308780668753,-0.10046613833468221,3.3050527994682444e-05
11132,-0.006194581738145492,-0.0062533103342156853,5.8728596070193283e-05
11133,0.073370607935723725,0.073301425006514487,6.9182929209238297e-05
11134,0.12808305979350612,0.12802150966109577,6.1550132410354008e-05
11135,0.15120756656452186,0.15116993520247285,3.7631362049012074e-05
11136,0.14041152829120185,0.14040815466130221,3.3736298996334124e-06
11137,0.098061370171945231,0.098093786244508749,3.2416072563518084e-05
11138,0.030812394496215235,0.030872640196653228,6.0245700437992766e-05
11139,-0.051444604398781187,-0.051372204515595085,7.239988318610141e-05
11140,-0.13711881536450735,-0.1370538365865053,6.497877800204499e-05
11141,-0.21470305722139096,-0.21466367115789975,3.9386063491214651e-05
11142,-0.27453315673038259,-0.27453072897324593,2.4277571366582151e-06
11143,-0.31025418111706199,-0.3102899549646424,3.5773847580411466e-05
11144,-0.319771193933716,-0.31983585278375193,6.4658850035925752e-05
11145,-0.3055400009033758,-0.30561618700400284,7.6186100627040343e-05
11146,-0.27415405536923648,-0.27422116941892855,6.7114049692063027e-05
11147,-0.23529125831374056,-0.23533107206457166,3.9813750831091399e-05
11148,-0.20018168107188372,-0.2001832030242886,1.5219524048815103e-06
11149,-0.17983015737475724,-0.17979268272004295,3.7474654714292344e-05
11150,-0.18326580888014668,-0.18319923191793985,6.6576962206826851e-05
11151,-0.21608617849634473,-0.21600843675479661,7.7741741548120746e-05
11152,-0.27951887819826338,-0.27945123635594232,6.7641842321053414e-05
11153,-0.3701453178649402,-0.37010649064446477,3.8827220475434743e-05
11154,-0.48032971934762003,-0.48033045944011277,7.400924927347674e-07
11155,-0.59928926916731406,-0.59932927569087191,4.0006523557845064e-05
11156,-0.71464449432711608,-0.71471247245891567,6.7978131799595332e-05
11157,-0.81421538997493548,-0.81429228631718376,7.6896342248278238e-05
11158,-0.88779137143285514,-0.88785599679245675,6.4625359601611088e-05
11159,-0.92860772739059827,-0.92864267728554084,3.4949894942570836e-05
11160,-0.93430449992356568,-0.93430078080751655,3.7191160491278907e-06
11161,-0.90722286280696895,-0.90718206973055726,4.0793076411693718e-05
11162,-0.8539948757815603,-0.85392844054921957,6.6435232340733563e-05
11163,-0.78448992103485515,-0.7844157736212618,7.4147413593350642e-05
11164,-0.710278975935978,-0.71021665612604556,6.2319809932431802e-05
11165,-0.64285126006767113,-0.6428168095133231,3.4450554348031126e-05
11166,-0.59185516330311649,-0.59185721402559643,2.0507224799404256e-06
11167,-0.56363205427365659,-0.56366964607817538,3.7591804518788408e-05
11168,-0.56026549760133804,-0.56032832797441501,6.2830373076971924e-05
11169,-0.57929039296448492,-0.57936152898474647,7.1136020261541866e-05
11170,-0.61410587873538769,-0.6141662841907074,6.0405455319711976e-05
11171,-0.65502862733823886,-0.65506224332242957,3.3615984190715764e-05
11172,-0.69082523086464021,-0.69082332116406397,1.9097005762302999e-06
11173,-0.71048972827723178,-0.71045307835098992,3.6649926241860697e-05
11174,-0.70499412522449312,-0.70493264954659896,6.147567789416275e-05
11175,-0.66874421537153206,-0.66867416883773823,7.0046533793832744e-05
11176,-0.6005178133367991,-0.60045736996524246,6.0443371556639924e-05
11177,-0.50374091752577421,-0.50370555343592516,3.5364089849054814e-05
11178,-0.38605860068585929,-0.38605748355871161,1.1171271476762001e-06
11179,-0.25826504812171419,-0.25829876458929629,3.3716467582101117e-05
11180,-0.13275329697332736,-0.1328136038585585,6.0306885231148355e-05
11181,-0.021719135458659753,-0.021790818095390678,7.1682636730924926e-05
11182,0.064608890147540454,0.064544605958493817,6.4284189046637241e-05
11183,0.11944623475558423,0.11940682625023004,3.9408505354193712e-05
11184,0.14041152829118439,0.14040815466128692,3.3736298974684775e-06
11185,0.12982270198084653,0.12985690049078022,3.4198509933691668e-05
11186,0.094286564142140594,0.094349562238476167,6.2998096335573073e-05
11187,0.043645138995557706,0.043720070351060278,7.4931355502572128e-05
11188,-0.010560100129372857,-0.010493506382957379,6.6593746415478244e-05
11189,-0.056871096906410547,-0.056831018431965766,4.007847444478102e-05
11190,-0.085671807924308813,-0.085669462355810716,2.3455684980966396e-06
11191,-0.090654693436532888,-0.090691290221924792,3.6596785391904141e-05
11192,-0.069771732126666611,-0.069838060907871924,6.6328781205313159e-05
11193,-0.025525445078959378,-0.02560416092662645,7.8715847667071986e-05
11194,0.035443889994439627,0.035374013306647092,6.9876687792534697e-05
11195,0.1034121748706454,0.10337048745132528,4.1687419320118879e-05
11196,0.16710450833771728,0.16710282654980047,1.6817879168185002e-06
11197,0.21547238352695378,0.2155114939480314,3.9110421077626079e-05
11198,0.23944393502749617,0.23951322295290739,6.9287925411221085e-05
11199,0.2333795408236361,0.23345991130059016,8.0370476954055858e-05
11200,0.19600986554365152,0.19607926782767884,6.9402284027325623e-05
11201,0.13071278254782104,0.13075233498176261,3.9552433941575371e-05
11202,0.045085017364956723,0.045084048622604816,9.6874235190613778e-07
11203,-0.050128156388748041,-0.050169241844231514,4.1085455483473587e-05
11204,-0.1425834760646367,-0.14265333495150656,6.9858886869861303e-05
11205,-0.22013605436606301,-0.2202155181894983,7.9463823435294012e-05
11206,-0.27260962339823236,-0.27267692302620838,6.7299627976025178e-05
11207,-0.29327245811712571,-0.29330925053794776,3.6792420822051586e-05
11208,-0.27979571790709978,-0.27979228362001968,3.4342870801062908e-06
11209,-0.23454990867255812,-0.2345077011081137,4.2207564444424195e-05
11210,-0.1641947661080751,-0.16412576287186442,6.9003236210674057e-05
11211,-0.078625887802932948,-0.078549021068827621,7.6866734105326961e-05
11212,0.01056073505521234,0.010625068552283734,6.4333497071394213e-05
11213,0.091852449938119946,0.091887784811766862,3.5334873646916676e-05
11214,0.15557940452209737,0.15557702853122249,2.375990874881051e-06
11215,0.19538072667835027,0.19534174952929442,3.8977149055846594e-05
11216,0.20915523960306306,0.20909023187528691,6.5007727776150714e-05
11217,0.19935217903710167,0.1992784237996556,7.3755237446071487e-05
11218,0.17255807802182971,0.17249517173466769,6.2906287162017849e-05
11219,0.13844367941661168,0.13840836562116926,3.5313795442415419e-05
11220,0.10823176955620555,0.10823333152335445,1.5619671488997788e-06
11221,0.092919712378625965,0.092957536491139317,3.7824112513351604e-05
11222,0.10152892707763364,0.10159277019969828,6.3843122064644042e-05
11223,0.13964898290752206,0.13972182770142691,7.2844793904847105e-05
11224,0.20849921369563504,0.20856198940254747,6.2775706912432394e-05
11225,0.30465257998253698,0.30468908654889809,3.6506566361116377e-05
11226,0.42046481527390545,0.4204655814183878,7.661444823559016e-07
11227,0.54514451864092484,0.54510911931864536,3.5399322279472401e-05
11228,0.6663034781541276,0.66624066321353648,6.2814940591127133e-05
11229,0.77175275226098494,0.7716783809164609,7.437134452403793e-05
11230,0.85127257774203302,0.85120600036394911,6.6577378083909622e-05
11231,0.89808896964492768,0.89804808251121759,4.0887133710088008e-05
11232,0.90983274742151587,0.90982903895508194,3.7084664339381845e-06
11233,0.88883585428428613,0.88887102763870485,3.5173354418716052e-05
11234,0.84172105748770853,0.84178622178981843,6.5164302109899097e-05
11235,0.77834833331591169,0.7784261283058026,7.7794989890911381e-05
11236,0.71027908741016132,0.71034834135922176,6.9253949060432696e-05
11237,0.6489929538704643,0.64903448344266956,4.1529572205267762e-05
11238,0.60412887531209103,0.60413092069329455,2.0453812035192698e-06
11239,0.58201885677311449,0.58198034564719303,3.8511125921458778e-05
11240,0.58473713033983177,0.58466798736049264,6.9142979339131827e-05
11241,0.60980924035593764,0.60972774815192343,8.1492204014210756e-05
11242,0.65062488921474959,0.65055290241715669,7.1986797592904495e-05
11243,0.69749138171236302,0.69744845371657416,4.2927995788866191e-05
11244,0.73916616010509639,0.73916422936753157,1.9307375648258684e-06
11245,0.76463428416544565,0.76467426236828806,3.9978202842405608e-05
11246,0.76485890267410439,0.76493021241755732,7.130974345292973e-05
11247,0.73423702150760706,0.73432030899805001,8.3287490442951473e-05
11248,0.67153767648803364,0.67161001833099043,7.2341842956791247e-05
11249,0.58017823390402834,0.58021953720166297,4.1303297634631697e-05
11250,0.46779541971169158,0.46779426701432891,1.1526973626718728e-06
11251,0.34517532062013101,0.34513219782148657,4.3122798644434912e-05
11252,0.22470308200141897,0.22463018016671935,7.2901834699629076e-05
11253,0.11856675744557903,0.11848441446886113,8.234297671790014e-05
11254,0.036987256731256253,0.036917951619785234,6.9305111471018588e-05
11255,-0.013258294645291831,-0.013296130708926062,3.783606363423099e-05
11256,-0.029795609112085331,-0.029792283619990461,3.3254920948702638e-06
11257,-0.01494938836690746,-0.014906296324018868,4.3092042888591767e-05
11258,0.024667068704991014,0.024738051840255789,7.0983135264775232e-05
11259,0.079205483832601994,0.079285313707112268,7.9829874510273235e-05
11260,0.13711831148456832,0.13718576871569757,6.7457231129247619e-05
11261,0.18694169827254684,0.18697901781268997,3.7319540143132546e-05
11262,0.2190541739521881,0.21905177033837772,2.4036138103755711e-06
11263,0.2271431305672732,0.22710212008319333,4.1010484079867515e-05
11264,0.20915581610373302,0.20908764954327674,6.8166560456273118e-05
11265,0.16759032377253416,0.1675135771770167,7.6746595517457328e-05
11266,0.10908275892909708,0.10901783604757642,6.4922881520657061e-05
11267,0.043353365612095282,0.043317112677455714,3.6252934639567636e-05
11268,-0.018326426242774439,-0.018324809200060535,1.6170427139042265e-06
11269,-0.064911195644825323,-0.0648723418053061,3.8853839519223388e-05
11270,-0.08733178659170894,-0.087265879235204,6.5907356504940617e-05
11271,-0.07995093407876705,-0.079875080361144102,7.5853717622947903e-05
11272,-0.041501344680791481,-0.041435381659389654,6.5963021401826971e-05
11273,0.024637409918468644,0.024676026556941569,3.8616638472925569e-05
11274,0.11086728029410602,0.11086818116916823,9.0087506221525615e-07
11275,0.20644205980969518,0.20640474871520073,3.7311094494452135e-05
11276,0.29901794741955129,0.29895198097857834,6.5966440972953233e-05
11277,0.37644989992700123,0.37637242280444433,7.7477122556901534e-05
11278,0.42856185073921982,0.4284931173432211,6.8733395998721303e-05
11279,0.44862262619906124,0.44858078053477524,4.1845664285999895e-05
11280,0.43430428233362467,0.4343007808075523,3.5015260723691988e-06
11281,0.38797859644369898,0.38801505039949102,3.6453955792048465e-05
11282,0.3163069665902144,0.31637440250910903,6.743591889463163e-05
11283,0.22918704418851793,0.22926790113829953,8.0856949781604737e-05
11284,0.13821725385275596,0.13828963950953072,7.2385656774753837e-05
11285,0.054913018738683032,0.054956656895468692,4.3638156785659465e-05
11286,-0.011052741197023508,-0.011050428101233321,2.3130957901868615e-06
11287,-0.053315748270113358,-0.053355967443640441,4.0219173527082652e-05
11288,-0.069771054409644248,-0.069843235388835578,7.2180979191330263e-05
11289,-0.06286374529907722,-0.062948452868451368,8.4707569374148362e-05
11290,-0.039175822900304177,-0.039250218602912196,7.439570260801831e-05
11291,-0.008373193309867584,-0.0084172278964533727,4.403458658578871e-05
11292,0.018326426242793459,0.018324809200087302,1.6170427061569514e-06
11293,0.029931023342631796,0.0299725930148192,4.1569672187404677e-05
11294,0.017424850562939784,0.017498732877036779,7.3882314096995749e-05
11295,-0.024775644394679566,-0.024689227996906944,8.6416397772622749e-05
11296,-0.097883417013299043,-0.097808090308797946,7.5326704501096908e-05
11297,-0.19846479221563629,-0.19842149922493366,4.3292990702631373e-05
11298,-0.31886871304927539,-0.31886952340633168,8.1035705629117771e-07
11299,-0.44829677682091673,-0.44834137541051683,4.4598589600097771e-05
11300,-0.57435351275684643,-0.57442927368296426,7.5760926117829364e-05
11301,-0.68484242794806716,-0.68492808570913899,8.5657761071833427e-05
11302,-0.76953588603434919,-0.76960792739147499,7.2041357125796068e-05
11303,-0.82165183427576249,-0.8216910307169718,3.9196441209310429e-05
11304,-0.83881295555507285,-0.83880927799500793,3.6775600649185947e-06
11305,-0.82334292799739028,-0.82329793199891221,4.4995998478070121e-05
11306,-0.78185607406063895,-0.781782173120116,7.3900940522952929e-05
11307,-0.72420370156108138,-0.7241206576197825,8.3043941298877044e-05
11308,-0.66193828327374615,-0.66186803084303814,7.0252430708017677e-05
11309,-0.60653039916856,-0.60649129080898012,3.9108359579875795e-05
11310,-0.56760995880884313,-0.5676120200823469,2.0612735037728314e-06
11311,-0.55149989555245393,-0.55154218123110921,4.2285678655273884e-05
11312,-0.56026527739765164,-0.56033611434799702,7.0836950345376515e-05
11313,-0.59142234212978462,-0.59150249033266944,8.0148202884822162e-05
11314,-0.63835129318207173,-0.63841929946481668,6.800628274494791e-05
11315,-0.69134989521069046,-0.69138782239552399,3.7927184833530525e-05
11316,-0.73916616010501635,-0.73916422936744508,1.930737571265162e-06
11317,-0.77077577066696823,-0.77073475714399542,4.1013522972810357e-05
11318,-0.77713249870665968,-0.77706334236169827,6.9156344961407434e-05
11319,-0.75262391973367715,-0.75254474753834355,7.9172195333598872e-05
11320,-0.69600952943017813,-0.69594094531382433,6.858411635379813e-05
11321,-0.61069719512469967,-0.6106570188723871,4.017625231256261e-05
11322,-0.50431433621498989,-0.50431316762533995,1.168589649935825e-06
11323,-0.38763787532211286,-0.38767634632606773,3.8471003954876348e-05
11324,-0.27304388613792319,-0.27311238285021677,6.8496712293586448e-05
11325,-0.17271138920049434,-0.17279234320195452,8.0954001460187275e-05
11326,-0.096852240158391736,-0.096924365599785414,7.2125441393677825e-05
11327,-0.052234631641640127,-0.052278467142143958,4.3835500503831837e-05
11328,-0.041224182754359073,-0.0412274773400719,3.29458571282637e-06
11329,-0.061487747002223231,-0.061448980028305969,3.8766973917261915e-05
11330,-0.10640376041260803,-0.1063328130003979,7.0947412210128902e-05
11331,-0.16611580814542801,-0.16603151146801132,8.429667741668978e-05
11332,-0.22906827688174239,-0.22899337304788114,7.4903833861245106e-05
11333,-0.2837894400924415,-0.28374443965778651,4.5000434654995924e-05
11334,-0.32065027617670883,-0.3206478283503375,2.4478263713212378e-06
11335,-0.33333091833407713,-0.3333723028760523,4.1384541975164613e-05
11336,-0.31977161278599253,-0.31984628094496848,7.4668158975943477e-05
11337,-0.28246366228532671,-0.28255191477975267,8.8252494425955508e-05
11338,-0.22803653656965109,-0.22811454518307384,7.8008613422747564e-05
11339,-0.16620410133336616,-0.16625038469462855,4.6283361262389189e-05
11340,-0.1082317695562698,-0.10823333152341325,1.5619671434458082e-06
11341,-0.065159290461992966,-0.065115379756423564,4.3910705569402686e-05
11342,-0.046050468529913444,-0.045972919876689763,7.7548653223680208e-05
11343,-0.056537499659368294,-0.056447510745207069,8.9988914161225064e-05
11344,-0.097882840512741653,-0.097804986569688501,7.7853943053152186e-05
11345,-0.16670238832681183,-0.16665784487535557,4.4543451456269256e-05
11346,-0.25539394361926726,-0.25539478159925688,8.3797998962076292e-07
11347,-0.35320752848655812,-0.35325342815803695,4.5899671478832893e-05
11348,-0.44779593632754766,-0.44787426635491767,7.8330027370010491e-05
11349,-0.52701105631258194,-0.52710032652364569,8.9270211063752214e-05
11350,-0.58067405122132809,-0.580749809141621,7.5757920292907066e-05
11351,-0.60205131397015277,-0.60209291586933489,4.1601899182119872e-05
11352,-0.58881284676009382,-0.58880927799501703,3.5687650767890489e-06
11353,-0.54332876452558465,-0.54328151999771268,4.7244527871970199e-05
11354,-0.47225919393116939,-0.47218159426682349,7.7599664345895381e-05
11355,-0.38550088974944846,-0.38541413595589175,8.6753793556715308e-05
11356,-0.29465172520769095,-0.29457880739864212,7.2917809048833604e-05
11357,-0.21122692215967684,-0.21118655421495786,4.0367944718983084e-05
11358,-0.14489955646210639,-0.1449018016906187,2.2452285123042426e-06
11359,-0.10203444419625461,-0.10207827846021444,4.3834263959832698e-05
11360,-0.084737466453294982,-0.084811080902938513,7.3614449643530366e-05
11361,-0.09056486144586208,-0.090648696765436312,8.3835319574232514e-05
11362,-0.1129363255355372,-0.113008031672423,7.1706136885799077e-05
11363,-0.14218799457229439,-0.14222835875215648,4.0364179862084626e-05
11364,-0.16710450833774901,-0.1671028265498285,1.6817879205099917e-06
11365,-0.17669656382536658,-0.17665348329452951,4.3080530837069642e-05
11366,-0.16195149948645629,-0.16187872185339086,7.2777633065429503e-05
11367,-0.11728923429886559,-0.11720621748395002,8.301681491557078e-05
11368,-0.041500666963733175,-0.041429160535000703,7.1506428732472094e-05
11369,0.061976355084931212,0.062017930484642894,4.1575399711682448e-05
11370,0.18548634702143005,0.18548721542378732,8.6840235727358994e-07
11371,0.31822617545481197,0.31818583896414049,4.0336490671477598e-05
11372,0.44779530140167967,0.44772371765463381,7.1583747045855795e-05
11373,0.56199180511993285,0.56190707519708638,8.4729922846471517e-05
11374,0.65058225318723806,0.65050654109901684,7.5712088221213669e-05
11375,0.70677852066183666,0.70673233693739046,4.6183724446202667e-05
11376,0.72819703637597688,0.72819340695372503,3.62942225184959e-06
11377,0.71715498788708953,0.71719560268902516,4.061480193562339e-05
11378,0.68025992718182193,0.68033434599392828,7.4418812106347154e-05
11379,0.62735607957413098,0.62744434742782207,8.8267853691093023e-05
11380,0.56998849824561792,0.57006666473519896,7.8166489581033005e-05
11381,0.51962012667010749,0.5196667777757632,4.6651105655715064e-05
11382,0.48587313978298463,0.48587523662669285,2.0968437082213853e-06
11383,0.47506257917419126,0.47501899990105761,4.3579273133642626e-05
11384,0.48924541424643253,0.48916729495685468,7.8119289577849305e-05
11385,0.5259295359937517,0.52583739978287114,9.213621088055568e-05
11386,0.5784865157325273,0.57840508446347616,8.1431269051135402e-05
11387,0.63720533932256107,0.6371568852797157,4.8454042845369472e-05
11388,0.69082523086465231,0.69082332116407796,1.9097005743429207e-06
11389,0.72831301629292855,0.72835857803396253,4.5561741033983694e-05
11390,0.74061348822736095,0.74069433993188349,8.085170452254431e-05
11391,0.72210507234225518,0.72219914788968242,9.4075547427241446e-05
11392,0.67153789669167441,0.67161938431387447,8.148762220006045e-05
11393,0.5923103926251907,0.59235690783583983,4.6515210649133998e-05
11394,0.49204062420592831,0.49203946095754614,1.1632483821744088e-06
11395,0.38149618151920767,0.38144780478444129,4.8376734766375495e-05
11396,0.2730437746636179,0.27296163246697314,8.2142196644763299e-05
11397,0.17885297691932178,0.17875969450440876,9.3282414913020695e-05
11398,0.10912605845214905,0.10904703500615107,7.9023445997986053e-05
11399,0.070621640164262145,0.070578082510225237,4.3557654036907589e-05
11400,0.065695935256387644,0.06569921919249333,3.2839361056857808e-06
11401,0.092006504747912138,0.09205528157499919,4.8776827087051999e-05
11402,0.1429225541034839,0.14300332890244266,8.0774798958765937e-05
11403,0.20857844585945834,0.20866939119024974,9.0945330791403212e-05
11404,0.27740929305482581,0.27748618771343675,7.6894658610937583e-05
11405,0.33793419061893093,0.33797686392736698,4.2673308436047552e-05
11406,0.38051518025051956,0.38051270637215007,2.4738783694910893e-06
11407,0.39882365621656679,0.39877715798126978,4.6498235297010027e-05
11408,0.39079127728869545,0.39071354873937952,7.7728549315925211e-05
11409,0.35890085787421261,0.35881286293577502,8.7994938437585546e-05
11410,0.30977341837221956,0.30969853992056146,7.4878451658100253e-05
11411,0.25311454632954827,0.25307241864298019,4.2127686568083078e-05
11412,0.20018168107199727,0.20018320302440434,1.5219524070742008e-06
11413,0.16200686935917091,0.16205148069457243,4.4611335401512076e-05
11414,0.14764644587736914,0.14772236216378867,7.5916286419536183e-05
11415,0.1627253215256888,0.16281262814866931,8.7306622980509729e-05
11416,0.20849879484343573,0.20857454191092853,7.5747067492804021e-05
11417,0.28157584276555658,0.28162001041448959,4.416764893300229e-05
11418,0.37434769582757593,0.37434848204129756,7.8621372162634984e-07
11419,0.47605813576984346,0.47601507098815837,4.3064781685087095e-05
11420,0.57435401663684982,0.57427811818377217,7.5898453077649641e-05
11421,0.65708154851430112,0.65699249741805865,8.90510962424651e-05
11422,0.71405642283319581,0.71397752363868394,7.8899194511872217e-05
11423,0.73853985247078158,0.73849201913351181,4.7833337269764797e-05
11424,0.72819703637601996,0.72819340695376933,3.6294222506283447e-06
11425,0.68539365607823133,0.68543593162134842,4.2275543117087366e-05
11426,0.61678575753595144,0.61686340200442413,7.7644468472692907e-05
11427,0.53226633617985208,0.53235899197854308,9.2655798690999269e-05
11428,0.44342978301053987,0.4435123413088401,8.2558298300228206e-05
11429,0.36178816635517191,0.36183760139728666,4.94350421147427e-05
11430,0.29701179097693831,0.2970139700092817,2.1790323433967806e-06
11431,0.2554630914936688,0.25541684206255733,4.6249431111478057e-05
11432,0.239245952439368,0.23916343828534004,8.2514154027962805e-05
11433,0.24591498016929977,0.24581835379595957,9.6626373340208405e-05
11434,0.26888857036879893,0.26880380764523387,8.4762723565057208e-05
11435,0.29850190613810967,0.2984517988384614,5.0107299648272097e-05
11436,0.32353904145497581,0.32353729158991701,1.749865058797706e-06
11437,0.33301047539113687,0.33305794537423034,4.7469983093462176e-05
11438,0.31790374431963436,0.31798803833169031,8.4294012055952106e-05
11439,0.27263935302219161,0.27273792224448745,9.8569222295841197e-05
11440,0.19600915294968044,0.19609506328553383,8.5910335853395248e-05
11441,0.091452292212358052,0.09150166072600785,4.936851364979733e-05
11442,-0.033374112506708936,-0.033375047105234687,9.3459852575084046e-07
11443,-0.16766493125940349,-0.16771582500569765,5.0893746294161657e-05
11444,-0.29901724359888809,-0.29910374856511363,8.6504966225531277e-05
11445,-0.4152263586895566,-0.41532430059753866,9.7941907982068699e-05
11446,-0.50605568958245895,-0.50613831277301669,8.2623190557740145e-05
11447,-0.56471362910917711,-0.56475897538589037,4.5346276713265077e-05
11448,-0.58881284676003243,-0.58880927799495431,3.5687650781213165e-06
11449,-0.58066644938644629,-0.58061543811857708,5.1011267869216503e-05
11450,-0.54687755556995132,-0.54679301316884943,8.4542401101894704e-05
11451,-0.49728558737242551,-0.49719002770419995,9.5559668225553285e-05
11452,-0.44343041793634597,-0.44334917025032439,8.1247686021579391e-05
11453,-0.396769519386867,-0.39672404554759649,4.5473839270504524e-05
11454,-0.36691938757472858,-0.36692153618470491,2.1486099763268207e-06
11455,-0.36018912473549997,-0.36023794061966785,4.8815884167885404e-05
11456,-0.37862945991578567,-0.37871144067557466,8.1980759788990998e-05
11457,-0.41974171412746625,-0.41983453236853235,9.2818241066106033e-05
11458,-0.4768905383850921,-0.4769693773160395,7.8838930947400243e-05
11459,-0.54035776042538797,-0.54040192995147318,4.4169526085213739e-05
11460,-0.59887531934891702,-0.59887344966307932,1.8696858377076353e-06
11461,-0.64140257129673139,-0.64135537598045533,4.7195316276060773e-05
11462,-0.65887660642477519,-0.65879653212829026,8.0074296484933249e-05
11463,-0.6456678767533558,-0.64557581477011217,9.2061983243629797e-05
11464,-0.60051823218896694,-0.60043825960143882,7.9972587528120975e-05
11465,-0.52681765474270836,-0.52677083398921565,4.6820753492715639e-05
11466,-0.43217572013213701,-0.43217458293575256,1.1371963844486466e-06
11467,-0.32735143099274733,-0.32739662740072734,4.5196407980008235e-05
11468,-0.22470275849056892,-0.22478277221543413,8.0013724865213298e-05
11469,-0.13639033920532553,-0.13648436861605598,9.4029410730445129e-05
11470,-0.072607264761300444,-0.072690527168678576,8.3262407378131842e-05
11471,-0.040102882418587386,-0.040153089800236713,5.0207381649326754e-05
11472,-0.041224182754355063,-0.041227477340068153,3.294585713090048e-06
11473,-0.073619496225264494,-0.073574323559620125,4.5172665644369059e-05
11474,-0.1306487358096779,-0.13056653430720919,8.2201502468709498e-05
11475,-0.20243685814056012,-0.20233928318584293,9.757495471718336e-05
11476,-0.27740940452904134,-0.27732274942619856,8.6655102842780884e-05
11477,-0.34407588442173215,-0.34402398951879581,5.1894902936333587e-05
11478,-0.39278889225946961,-0.39278641303983286,2.4792196367529051e-06
11479,-0.41721045871596485,-0.4172587244649637,4.8265748998854718e-05
11480,-0.41526291002709653,-0.41534943523295553,8.6525205859000476e-05
11481,-0.38941970526554853,-0.38952145627452411,0.00010175100897558131
11482,-0.34629242885145434,-0.34638194119500704,8.9512343552700102e-05
11483,-0.29557730070355048,-0.29563013789934506,5.283719579457502e-05
11484,-0.24852261031235254,-0.24852411122776252,1.5009154099854261e-06
11485,-0.21615142524731742,-0.21610083245637923,5.0592790938192023e-05
11486,-0.20751122332695318,-0.20742202171526178,8.9201611691402949e-05
11487,-0.22821812766177682,-0.22811445375635461,0.000103673905422208
11488,-0.27951865799471493,-0.2794287225874218,8.9935407293129099e-05
11489,-0.35801315914387427,-0.35796151024385436,5.1648900019907185e-05
11490,-0.45608451485347495,-0.45608526549699052,7.5064351556797249e-07
11491,-0.5629684082683124,-0.56302131646769293,5.2908199380530263e-05
11492,-0.6663038016649675,-0.66639429948839601,9.0497823428514756e-05
11493,-0.75392917050121122,-0.75403237823239067,0.00010320773117944437
11494,-0.81565256971194622,-0.81574025919081139,8.7689478865171644e-05
11495,-0.84472779258099662,-0.84477618854234449,4.8395961347869054e-05
11496,-0.83881295555502067,-0.8388092779949573,3.6775600633642824e-06
11497,-0.8002669696920629,-0.8002127285873526,5.4241104710306409e-05
11498,-0.73573939038297909,-0.73564968340450088,8.9706978478210075e-05
11499,-0.65511695900792144,-0.65501609157371399,0.00010086743420745226
11500,-0.56998799436566316,-0.56990268919443299,8.5305171230176668e-05
11501,-0.49185876772125553,-0.49181112180585829,4.7645915397243055e-05
11502,-0.43039415700477995,-0.43039627799182123,2.1209870412763898e-06
11503,-0.39195152862437999,-0.39200248935857129,5.0960734191307644e-05
11504,-0.37863003641640625,-0.37871611384216242,8.6077425756170278e-05
11505,-0.38797985886284125,-0.38807808530974719,9.8226446905935738e-05
11506,-0.41341521929229419,-0.413499334669237,8.4115376942806019e-05
11507,-0.44526744662080125,-0.44531489854254513,4.7451921743879577e-05
11508,-0.47231712354986638,-0.47231530893959572,1.8146102706562139e-06
11509,-0.48357166327321616,-0.4835212542386737,5.040903454245349e-05
11510,-0.47001589275538269,-0.46993051375239958,8.5379002983110297e-05
11511,-0.42606795976703732,-0.42597037567799734,9.7584089039981503e-05
11512,-0.35051767381253507,-0.35043348123432144,8.4192578213626579e-05
11513,-0.2468024846786587,-0.24675348625240687,4.8998426251833926e-05
11514,-0.12257818515237584,-0.12257718268657011,1.0024658057272706e-06
11515,0.011351027838431216,0.011303433065470925,4.7594772960291021e-05
11516,0.14258277224395377,0.14249842514430811,8.4347099645665224e-05
11517,0.25891251312861185,0.25881292410923296,9.9589019378898413e-05
11518,0.35010346224148264,0.3500148317655446,8.8630475938045183e-05
11519,0.40936346102727084,0.40930985676126902,5.3604266001816558e-05
11520,0.43430428233354984,0.4343007808074737,3.5015260761439571e-06
11521,0.42723776161535376,0.4272860319832244,4.8270367870639763e-05
11522,0.39476535508785637,0.39485288834942506,8.7533261568684129e-05
11523,0.34672443098687106,0.34682774670374833,0.00010331571687727248
11524,0.29465242902838557,0.29474359588326859,9.1166854883029114e-05
11525,0.25000405071004428,0.2500582616172915,5.4210907247220774e-05
11526,0.22239272424960771,0.22239493575466021,2.2115050525017832e-06
11527,0.21812414632719332,0.21807314063690378,5.1005690289540606e-05
11528,0.23924527472228227,0.23915406299576217,9.1211726520101788e-05
11529,0.28325328038935277,0.28314580162016906,0.00010747876918371091
11530,0.34350828326348321,0.34341341432154837,9.4868941934833639e-05
11531,0.41028727431857581,0.41023104840128077,5.6225917295038563e-05
11532,0.4723171235498711,0.47231530893960005,1.814610271044792e-06
11533,0.5185518355754507,0.51860535613624914,5.3520560798436811e-05
11534,0.53992282878420239,0.54001730621467603,9.4477430473638435e-05
11535,0.5307945382405338,0.53090416992925771,0.00010963168872391016
11536,0.48990243550666573,0.48999727635121548,9.4840844549748393e-05
11537,0.42062986697584964,0.42068409381524408,5.4226839394433402e-05
11538,0.33057961790754936,0.33057852492372991,1.0929838194506658e-06
11539,0.23050368917277786,0.23044766466193306,5.6024510844798758e-05
11540,0.13275279309331825,0.13265717929519383,9.5613798124422056e-05
11541,0.049480014892429411,0.04937088843134152,0.00010912646108789115
11542,-0.0091294269463708527,-0.0092223981101068348,9.297116373598209e-05
11543,-0.036334252950573215,-0.036385930132803182,5.16771822299672e-05
11544,-0.029795609112088391,-0.029792283619998288,3.3254920901032436e-06
11545,0.0081265699383670873,0.0081835737157944736,5.7003777427386271e-05
11546,0.070783752382608478,0.070878646193150957,9.4893810542479029e-05
11547,0.14829222638573591,0.14839926345042345,0.00010703706468753738
11548,0.22906860039264226,0.22915925885073052,9.0658458088255234e-05
11549,0.30161332971985599,0.30166390407721483,5.0574357358834643e-05
11550,0.35626997575626357,0.35626751242891885,2.4633273447149939e-06
11551,0.38669149749535847,0.38663706908716106,5.4428408197415568e-05
11552,0.39079105708498085,0.39069941285590487,9.1644229075982242e-05
11553,0.37103280703946612,0.37092844485549453,0.0001043621839715847
11554,0.33401883281884709,0.33392951878526383,8.9314033583254293e-05
11555,0.28943581420194248,0.28938524185605358,5.0572345888899584e-05
11556,0.24852261031232525,0.24852411122773546,1.5009154102074707e-06
11557,0.22229291174887558,0.22234598197697683,5.3070228101248507e-05
11558,0.21978481935952404,0.21987532220156145,9.050284203740433e-05
11559,0.24660502588784453,0.2467089860638717,0.00010396017602717911
11560,0.30399051093684326,0.30408050115988128,8.9990223038016737e-05
11561,0.38853212036452361,0.38858443306940366,5.2312704880042027e-05
11562,0.49260343135675427,0.49260416610797642,7.347512221422825e-07
11563,0.60543096297028953,0.60537962739727669,5.1335573012845082e-05
11564,0.71464460580148692,0.71455427733545362,9.0328466033295918e-05
11565,0.80807380225616721,0.80796783464432242,0.00010596761184478165
11566,0.87551755313914859,0.87542375607766132,9.3797061487266298e-05
11567,0.91022071886801503,0.91016414946504476,5.6569402970274574e-05
11568,0.9098327474215625,0.90982903895512379,3.7084664387121435e-06
11569,0.87670410506128982,0.87675504483528521,5.0939773995395399e-05
11570,0.81747608209068023,0.81756875758415215,9.2675493471916504e-05
11571,0.74202728332080781,0.74213717949238112,0.00010989617157330933
11572,0.6619379597628684,0.66203531027480245,9.7350511934046757e-05
11573,0.58870650954115245,0.58876439614675524,5.7886605602797125e-05
11574,0.53199025922927945,0.53199233600375417,2.0767744747240968e-06
11575,0.49813931639114983,0.49808440998755471,5.4906403595122999e-05
11576,0.48924583309863418,0.48914830935631365,9.752374232052663e-05
11577,0.50285319737561929,0.50273907471122026,0.00011412266439903007
11578,0.53236899693286455,0.53226889244542652,0.00010010448743802414
11579,0.56811818234212796,0.56805908223575641,5.9100106371556826e-05
11580,0.59887531934900762,0.59887344966317135,1.8696858362643454e-06
11581,0.61364214938016892,0.61369848065261901,5.633127245008307e-05
11582,0.60339814787716584,0.60349790712719309,9.9759250027253721e-05
11583,0.56255639350534359,0.56267281419058779,0.00011642068524420068
11584,0.48990185900623262,0.49000317122108106,0.00010131221484843689
11585,0.38886746308714221,0.38892564946628622,5.8186379144009592e-05
11586,0.26710484847764077,0.26710378311675786,1.0653608829014338e-06
11587,0.13541444083849136,0.13535447792982139,5.9962908669969339e-05
11588,0.0061952166640572414,0.0060930712382617023,0.00010214542579553912
11589,-0.10835135674305515,-0.10846740914742593,0.00011605240437077835
11590,-0.19799126175942633,-0.19808966876771789,9.8407008291556686e-05
11591,-0.25593477325624503,-0.25598934413439994,5.4570878154913682e-05
11592,-0.27979571790714508,-0.27979228362006991,3.4342870751657983e-06
11593,-0.27188759353351838,-0.27182750893137064,6.0084602147736366e-05
11594,-0.23881312774692887,-0.23871267563469492,0.00010045211223394523
11595,-0.19041058542594128,-0.19029653861355816,0.00011404681238311176
11596,-0.13821795767342643,-0.1381206546199007,9.730305352573243e-05
11597,-0.093690147289009207,-0.093635442022601614,5.4705266407592545e-05
11598,-0.066440426590429993,-0.066442705962763235,2.2793723332414917e-06
11599,-0.062773953860783424,-0.062832255123166966,5.8301262383542163e-05
11600,-0.084736753859319308,-0.084835037761770815,9.8283902451506977e-05
11601,-0.12982467364441758,-0.12993625398907466,0.00011158034465708067
11602,-0.19139613482768089,-0.1914912204400929,9.508561241200475e-05
11603,-0.25972608643648898,-0.25977970588194688,5.3619445457897541e-05
11604,-0.32353904145502393,-0.32353729158996491,1.7498650590197506e-06
11605,-0.37178629509285077,-0.37172977606253199,5.6519030318780139e-05
11606,-0.39539617986083642,-0.395299717007003,9.6462853833412243e-05
11607,-0.38872965954714278,-0.38861844841457716,0.00011121113256562509
11608,-0.35051835152977862,-0.35042164670250403,9.6704827274585181e-05
11609,-0.28414142984527024,-0.28408493625631381,5.6493588956429974e-05
11610,-0.19719725187980233,-0.19719621694128564,1.0349385166918967e-06
11611,-0.10043308780673961,-0.10048817043634919,5.5082629609584655e-05
11612,-0.0061945817381860013,-0.0062915727117168743,9.6990973530873027e-05
11613,0.073370607935698731,0.073257125592002745,0.00011348234369598642
11614,0.1280830597934968,0.12798304281715167,0.00010001697634512419
11615,0.15120756656452522,0.15114766700103449,5.9899563490728447e-05
11616,0.1404115282912114,0.1404081546613096,3.3736299017983473e-06
11617,0.098061370171953044,0.098116173837891243,5.4803665938199519e-05
11618,0.030812394496213352,0.03091152063040983,9.912613419647831e-05
11619,-0.051444604398799117,-0.051327188730917551,0.00011741566788156521
11620,-0.13711881536454451,-0.13701474699723484,0.00010406836730966762
11621,-0.21470305722144661,-0.21464104205018456,6.2015171262058688e-05
11622,-0.27453315673045192,-0.27453072897331265,2.4277571392672392e-06
11623,-0.31025418111713693,-0.3103127062138944,5.8525096757466866e-05
11624,-0.31977119393378656,-0.31987536548757312,0.0001041715537865584
11625,-0.30554000090343153,-0.30566193565655497,0.00012193475312344271
11626,-0.27415405536926907,-0.27426089611510218,0.00010684074583311443
11627,-0.23529125831374478,-0.23535407041334877,6.2812099603987148e-05
11628,-0.20018168107185935,-0.20018320302426737,1.5219524080178903e-06
11629,-0.17983015737470834,-0.17976955939332367,6.0597981384663546e-05
11630,-0.18326580888008134,-0.1831590722812263,0.00010673659885504505
11631,-0.21608617849627346,-0.21596193821469345,0.00012424028158000699
11632,-0.27951887819819754,-0.27941085773625246,0.00010802046194507975
11633,-0.37014531786488925,-0.3700831144554157,6.2203409473549076e-05
11634,-0.48032971934759039,-0.48033045944007907,7.4009248868245336e-07
11635,-0.5992892691673074,-0.59935277978480384,6.351061749643172e-05
11636,-0.71464449432713006,-0.7147532941588185,0.0001087998316884331
11637,-0.81421538997496334,-0.81433955230787136,0.0001241623329080177
11638,-0.88779137143288822,-0.88789704262595703,0.00010567119306881256
11639,-0.92860772739062591,-0.92866644018934486,5.871279871894064e-05
11640,-0.93430449992357956,-0.93430078080753454,3.7191160450200655e-06
11641,-0.90722286280696318,-0.90715817590052517,6.4686906438016223e-05
11642,-0.85399487578153266,-0.85388694116914798,0.00010793461238467472
11643,-0.7844899210348073,-0.78436772205120076,0.00012219898360654735
11644,-0.7102789759359156,-0.71017492729514953,0.00010404864076607456
11645,-0.64285126006760251,-0.64279265073349279,5.8609334109727129e-05
11646,-0.59185516330305021,-0.5918572140255256,2.0507224753885112e-06
11647,-0.56363205427360064,-0.56369393890360575,6.1884630005115682e-05
11648,-0.56026549760129829,-0.56037052115816277,0.00010502355686448084
11649,-0.57929039296446472,-0.57941038485185659,0.00011999188739186817
11650,-0.6141058787353868,-0.61420871231602781,0.00010283358064100412
11651,-0.65502862733825518,-0.65508680743795011,5.8180099694937759e-05
11652,-0.69082523086466929,-0.69082332116409795,1.9097005713453186e-06
11653,-0.7104897282772682,-0.71042837696805905,6.1351309209145555e-05
11654,-0.70499412522453242,-0.70488974590772435,0.00010437931680806756
11655,-0.66874421537156947,-0.66862448934213492,0.00011972602943455257
11656,-0.60051781333683263,-0.60041422571327374,0.00010358762355888729
11657,-0.50374091752580219,-0.50368057421389778,6.0343311904409447e-05
11658,-0.38605860068588144,-0.38605748355872782,1.1171271536158933e-06
11659,-0.25826504812173179,-0.25832388440714271,5.8836285410923672e-05
11660,-0.13275329697334121,-0.13285723515399556,0.00010393818065435045
11661,-0.02171913545867165,-0.021841341190432469,0.00012220573176081884
11662,0.064608890147528936,0.064500728189951201,0.00010816195757773484
11663,0.11944623475557131,0.11938142182660262,6.4812928968691064e-05
11664,0.14041152829116829,0.14040815466126508,3.3736299032138817e-06
11665,0.12982270198082529,0.12988244894956488,5.9746968739587958e-05
11666,0.094286564142112186,0.094393938965121951,0.00010737482300976486
11667,0.043645138995520624,0.04377145768300874,0.00012631868748811531
11668,-0.010560100129419246,-0.010448877126682675,0.00011122300273657022
11669,-0.056871096906465517,-0.056805178373805019,6.5918532660497187e-05
11670,-0.085671807924369681,-0.085669462355865075,2.3455685046053221e-06
11671,-0.090654693436595213,-0.090717277870686924,6.2584434091711438e-05
11672,-0.069771732126724079,-0.069883201438532522,0.00011146931180844311
11673,-0.02552544507900506,-0.025656433828490872,0.00013098874948581224
11674,0.035443889994412503,0.035328613984834611,0.00011527600957789153
11675,0.10341217487064189,0.10334420097287053,6.7973897771356206e-05
11676,0.16710450833773982,0.16710282654981617,1.6817879236463718e-06
11677,0.21547238352700093,0.21553793169320512,6.5548166204187908e-05
11678,0.23944393502756303,0.23955914628399907,0.00011521125643604302
11679,0.23337954082371404,0.23351309183064844,0.00013355100693440702
11680,0.19600986554373034,0.19612545642542409,0.00011559088169374454
11681,0.13071278254788984,0.13077907903407734,6.6296486187500392e-05
11682,0.045085017365006537,0.045084048622661597,9.687423449394883e-07
11683,-0.0501281563887232,-0.050196140965509083,6.7984576785883044e-05
11684,-0.14258347606463823,-0.14270006073051825,0.0001165846658800207
11685,-0.22013605436608769,-0.22026962916319434,0.00013357479710665587
11686,-0.27260962339827299,-0.27272392077069241,0.00011429737241941407
11687,-0.29327245811717223,-0.29333646370167338,6.4005584501147794e-05
11688,-0.27979571790714086,-0.27979228362006814,3.4342870727233077e-06
11689,-0.2345499086725846,-0.23448032894125748,6.9579731327124028e-05
11690,-0.16419476610808009,-0.16407821431751241,0.00011655179056768716
11691,-0.078625887802914282,-0.078493956045255095,0.00013193175765918719
11692,0.010560735055252773,0.010672896004156347,0.00011216094890357381
11693,0.091852449938176317,0.091915479025682659,6.3029087506341619e-05
11694,0.15557940452216137,0.15557702853129415,2.3759908672205121e-06
11695,0.19538072667841283,0.19531389224049986,6.68344379129715e-05
11696,0.20915523960311586,0.20904183950818842,0.00011340009492744052
11697,0.19935217903713895,0.19922238029411457,0.00012979874302437855
11698,0.17255807802184872,0.17244649329430789,0.00011158472754083104
11699,0.13844367941661267,0.1383801779993144,6.3501417298272855e-05
11700,0.10823176955619113,0.10823333152333159,1.5619671404620838e-06
11701,0.092919712378600069,0.092985891403610035,6.6179025009965864e-05
11702,0.10152892707760031,0.10164202815909786,0.00011310108149754916
11703,0.13964898290748465,0.13977887498431221,0.00012989207682756465
11704,0.20849921369559546,0.20861154086567107,0.00011232717007561566
11705,0.3046525799824959,0.30471778037454567,6.5200392049769018e-05
11706,0.42046481527386309,0.42046558141835305,7.6614448996092932e-07
11707,0.54514451864088065,0.54508025383622782,6.4264804652824914e-05
11708,0.66630347815408331,0.66619051710652299,0.00011296104756031156
11709,0.77175275226094264,0.77162030365835199,0.00013244860259065128
11710,0.85127257774199661,0.85115555305630231,0.00011702468569430025
11711,0.89808896964490104,0.8980188692278015,7.0100417099538959e-05
11712,0.90983274742150333,0.90982903895506206,3.7084664412656565e-06
11713,0.88883585428429035,0.88890041710214374,6.4562817853386356e-05
11714,0.8417210574877283,0.84183727941098585,0.00011622192325755343
11715,0.77834833331594333,0.77848526268082874,0.00013692936488540752
11716,0.71027908741019563,0.71039970815667741,0.000120620746481781
11717,0.64899295387049061,0.649064229916823,7.1276046332391374e-05
11718,0.60412887531209769,0.60413092069330876,2.0453812110687863e-06
11719,0.58201885677309062,0.58195041830501038,6.8438468080245229e-05
11720,0.58473713033976915,0.58461599400943887,0.00012113633033028481
11721,0.6098092403558335,0.60966752853026052,0.00014171182557298767
11722,0.65062488921460715,0.65050059162237417,0.00012429759223298031
11723,0.69749138171219016,0.69741815981698785,7.322189520231337e-05
11724,0.73916616010490566,0.73916422936733339,1.9307375722643627e-06
11725,0.76463428416525314,0.76470474199588256,7.0457830629422347e-05
11726,0.76485890267392476,0.76498316660269916,0.00012426392877440406
11727,0.73423702150745285,0.73438164302988762,0.00014462152243477355
11728,0.67153767648791318,0.67166329853272355,0.00012562204481036954
11729,0.58017823390394407,0.58025039328596806,7.2159382023984087e-05
11730,0.46779541971164057,0.4677942670142855,1.1526973550668451e-06
11731,0.34517532062010586,0.34510115096782379,7.4169652282074505e-05
11732,0.22470308200141037,0.22457623911165592,0.00012684288975445268
11733,0.11856675744557632,0.11842193577926156,0.00014482166631475668
11734,0.036987256731250695,0.036863675655226198,0.00012358107602449681
11735,-0.013258294645305986,-0.013327564288140459,6.9269642834473427e-05
11736,-0.029795609112110249,-0.029792283620022668,3.3254920875809557e-06
11737,-0.01494938836694187,-0.014874666745538632,7.4721621403237709e-05
11738,0.024667068704950997,0.024793006775887638,0.00012593807093664103
11739,0.079205483832561513,0.079348968436699335,0.00014348460413782238
11740,0.13711831148453238,0.13724106778931119,0.00012275630477881494
11741,0.18694169827251941,0.18701104477313052,6.9346500611106032e-05
11742,0.21905417395217142,0.21905177033836823,2.403613803186877e-06
11743,0.2271431305672679,0.22706989169498135,7.3238872286551793e-05
11744,0.20915581610373851,0.20903165269343343,0.00012416341030507816
11745,0.16759032377254982,0.16744871383466836,0.00014160993788145393
11746,0.10908275892912264,0.10896148547943381,0.00012127344968883291
11747,0.043353365612131267,0.043284475844627537,6.8889767503729771e-05
11748,-0.018326426242726356,-0.018324809200019016,1.6170427073400329e-06
11749,-0.064911195644763331,-0.064839497908136492,7.1697736626838426e-05
11750,-0.087331786591631724,-0.087208811364841543,0.00012297522679018125
11751,-0.079950934078674971,-0.079808974584640369,0.00014195949403460195
11752,-0.041501344680687523,-0.04137795012114056,0.00012339455954696321
11753,0.024637409918578695,0.024709290387851121,7.1880469272426334e-05
11754,0.1108672802942138,0.11086818116928257,9.00875068765572e-07
11755,0.20644205980979083,0.20637127196536284,7.0787844427988578e-05
11756,0.29901794741962534,0.29889381185592762,0.00012413556369772483
11757,0.37644989992704597,0.3763050394622553,0.00014486046479067483
11758,0.42856185073923114,0.42843457421551651,0.00012727652371463671
11759,0.44862262619903986,0.44854687191452436,7.5754284515505699e-05
11760,0.4343042823335766,0.43430078080749857,3.5015260780313362e-06
11761,0.38797859644363436,0.38804917802300853,7.0581579374173753e-05
11762,0.31630696659014584,0.31643370429824458,0.00012673770809873419
11763,0.22918704418845798,0.22933659855418542,0.00014955436572744452
11764,0.13821725385271538,0.13834932604793293,0.00013207219521754743
11765,0.054913018738668079,0.054991228796052373,7.821005738429393e-05
11766,-0.011052741197012527,-0.011050428101217031,2.3130957954968501e-06
11767,-0.053315748270082133,-0.053390764672725043,7.5016402642909263e-05
11768,-0.069771054409603558,-0.069903702500328915,0.00013264809072535688
11769,-0.062863745299041207,-0.063018502311796315,0.00015475701275510789
11770,-0.039175822900287351,-0.039311081635773772,0.00013525873548642098
11771,-0.0083731933098825425,-0.0084524823033898626,7.9288993507320091e-05
11772,0.018326426242738798,0.01832480920002743,1.6170427113680608e-06
11773,0.029931023342535723,0.030008079328618154,7.7055986082430472e-05
11774,0.017424850562807209,0.017560399271944867,0.00013554870913765754
11775,-0.024775644394837711,-0.024617787052598546,0.00015785734223916492
11776,-0.09788341701346763,-0.097746016370566166,0.00013740064290146403
11777,-0.19846479221579835,-0.19838554231307143,7.9249902726924448e-05
11778,-0.318868713049415,-0.31886952340646646,8.1035705146170756e-07
11779,-0.44829677682102131,-0.44837757107449777,8.079425347645719e-05
11780,-0.57435351275690893,-0.57449217469561309,0.00013866193870415433
11781,-0.68484242794808636,-0.6850009592270796,0.00015853127899323471
11782,-0.7695358860343301,-0.76967124804278564,0.0001353620084555418
11783,-0.82165183427571442,-0.82172771094587627,7.5876670161845183e-05
11784,-0.83881295555500857,-0.83880927799494764,3.6775600609217918e-06
11785,-0.82334292799732312,-0.82326100589276763,8.1922104555487429e-05
11786,-0.78185607406058122,-0.7817180007111576,0.00013807334942361749
11787,-0.72420370156104197,-0.7240463087734248,0.00015739278761717213
11788,-0.66193828327372983,-0.66180342620165244,0.00013485707207738784
11789,-0.60653039916856655,-0.60645386559542636,7.6533573140191713e-05
11790,-0.567609958808869,-0.56761202008236888,2.0612734998870508e-06
11791,-0.55149989555249113,-0.55157985974238188,7.9964189890757709e-05
11792,-0.56026527739769028,-0.56040159645327325,0.00013631905558297852
11793,-0.59142234212981504,-0.5915783590342284,0.00015601690441335858
11794,-0.63835129318208428,-0.63848522692120868,0.00013393373912440332
11795,-0.6913498952106778,-0.69142601516282354,7.6119952145736747e-05
11796,-0.73916616010497471,-0.73916422936740667,1.9307375680455152e-06
11797,-0.77077577066689662,-0.77069630334725203,7.9467319644588308e-05
11798,-0.77713249870656032,-0.77699651065719855,0.00013598804936176823
11799,-0.75262391973355569,-0.75246731258762112,0.00015660714593457303
11800,-0.69600952943004313,-0.69587365458615824,0.00013587484388488669
11801,-0.61069719512455978,-0.61061803503196199,7.9160092597785336e-05
11802,-0.504314336214855,-0.50431316762520262,1.1685896523783157e-06
11803,-0.38763787532199284,-0.38771559925532839,7.77239333355495e-05
11804,-0.27304388613782538,-0.27318060574628134,0.00013671960845595965
11805,-0.17271138920042362,-0.1728713927639812,0.00016000356355758139
11806,-0.096852240158350228,-0.096993061774606315,0.00014082161625608713
11807,-0.052234631641626658,-0.052318266576556909,8.3634934930250371e-05
11808,-0.041224182754369523,-0.041227477340085396,3.2945857158725445e-06
11809,-0.061487747002250986,-0.061408903098968917,7.884390328206925e-05
11810,-0.10640376041264511,-0.10626315553731863,0.00014060487532648047
11811,-0.16611580814546603,-0.1659507968551143,0.00016501129035173534
11812,-0.22906827688177409,-0.22892322743462323,0.00014504944715085233
11813,-0.28378944009246176,-0.28370379905074405,8.5641041717710031e-05
11814,-0.32065027617671554,-0.32064782835034178,2.4478263737637285e-06
11815,-0.33333091833407152,-0.33341322974928778,8.2311415216251849e-05
11816,-0.31977161278597999,-0.31991741823195613,0.00014580544597614375
11817,-0.28246366228531411,-0.28263434707553126,0.000170684790217146
11818,-0.22803653656964745,-0.22818618614216171,0.00014964957251425992
11819,-0.16620410133337998,-0.16629189316934051,8.7791835960526754e-05
11820,-0.10823176955630792,-0.10823333152345418,1.5619671462629992e-06
11821,-0.06515929046205883,-0.065073575858353827,8.5714603705003278e-05
11822,-0.046050468530006654,-0.045900255521242564,0.00015021300876408988
11823,-0.056537499659483695,-0.056363305818217496,0.00017419384126619863
11824,-0.09788284051287037,-0.09773180233287472,0.0001510381799956495
11825,-0.16670238832694229,-0.16661544065835932,8.694766858297065e-05
11826,-0.25539394361938667,-0.25539478159937407,8.3797998740031687e-07
11827,-0.3532075284866546,-0.35329613736404586,8.8608877391260776e-05
11828,-0.44779593632761278,-0.44794850712484618,0.00015257079723340894
11829,-0.52701105631261125,-0.52718636147942854,0.00017530516681729669
11830,-0.58067405122132187,-0.58082458672913551,0.00015053550781363167
11831,-0.60205131397011658,-0.60213624495118456,8.4930981067987688e-05
11832,-0.58881284676003753,-0.58880927799496297,3.5687650745686028e-06
11833,-0.54332876452552004,-0.54323787592990658,9.0888595613458634e-05
11834,-0.47225919393110899,-0.47210572551423535,0.00015346841687363666
11835,-0.38550088974940255,-0.38532621098339426,0.00017467876600829602
11836,-0.29465172520766642,-0.29450238412285379,0.00014934108481262642
11837,-0.21122692215967573,-0.21114226982587209,8.465233380364201e-05
11838,-0.1448995564621251,-0.14490180169063538,2.2452285102780856e-06
11839,-0.10203444419628557,-0.10212288828931446,8.8444093028883231e-05
11840,-0.084737466453327165,-0.084888631559212918,0.00015116510588575327
11841,-0.090564861445883479,-0.090738574485417292,0.00017371303953381267
11842,-0.11293632553553665,-0.11308615537225174,0.0001498298367150902
11843,-0.14218799457226386,-0.14227363028877987,8.563571651601376e-05
11844,-0.1671045083376847,-0.16710282654976658,1.6817879181230122e-06
11845,-0.17669656382526952,-0.1766078753794238,8.8688445845724884e-05
11846,-0.16195149948633242,-0.16179943287992957,0.00015206660640285086
11847,-0.11728923429872419,-0.11711432137963528,0.00017491291908891538
11848,-0.041500666963584905,-0.041349279134017571,0.00015138782956733432
11849,0.061976355085075659,0.062064222490832315,8.7867405756655859e-05
11850,0.18548634702156211,0.18548721542392149,8.6840235938301369e-07
11851,0.31822617545492626,0.31813919912804978,8.6976326876486709e-05
11852,0.44779530140177448,0.44764263130866216,0.00015267009311231705
11853,0.56199180512001001,0.5618130919909794,0.00017871312903061654
11854,0.65058225318730223,0.65042484202562922,0.00015741116167300451
11855,0.70677852066189284,0.70668498956901082,9.3531092882015443e-05
11856,0.72819703637603062,0.72819340695377655,3.629422254070036e-06
11857,0.71715498788714427,0.7172433098842953,8.8321997151030729e-05
11858,0.68025992718187767,0.68041729157180308,0.00015736438992541846
11859,0.62735607957418627,0.62754048972329468,0.00018441014910841602
11860,0.56998849824566855,0.57015024431269434,0.00016174606702579197
11861,0.51962012667014834,0.51971521706729173,9.5090397143393623e-05
11862,0.48587313978301061,0.4858752366267215,2.0968437108859206e-06
11863,0.47506257917419975,0.47497018820759385,9.2390966605904179e-05
11864,0.48924541424642226,0.4890824253114982,0.00016298893492405764
11865,0.52592953599372505,0.52573902293888997,0.00019051305483508418
11866,0.57848651573249044,0.57831955851317973,0.00016695721931070384
11867,0.63720533932252033,0.63710731573295476,9.8023589565565672e-05
11868,0.69082523086461456,0.69082332116403844,1.9097005761192776e-06
11869,0.72831301629290168,0.72840853317280008,9.551687989839408e-05
11870,0.74061348822734818,0.74078120164397487,0.00016771341662669137
11871,0.72210507234225774,0.72229983843185319,0.00019476608959545505
11872,0.67153789669169128,0.67170692573465318,0.00016902904296189902
11873,0.59231039262521645,0.59240764785342592,9.7255228209469635e-05
11874,0.49204062420595746,0.4920394609575775,1.1632483799539628e-06
11875,0.38149618151923387,0.38139666533042627,9.9516188807602379e-05
11876,0.27304377466363644,0.27287270732416063,0.00017106733947580555
11877,0.17885297691933003,0.17865660718861304,0.00019636973071698871
11878,0.10912605845214671,0.10895740558189101,0.0001686528702556922
11879,0.070621640164251459,0.070526129802066698,9.5510362184761388e-05
11880,0.065695935256372559,0.065699219192475261,3.2839361027020564e-06
11881,0.092006504747896761,0.092107648260459141,0.00010114351256237941
11882,0.14292255410347143,0.14309439242192956,0.00017183831845812847
11883,0.20857844585945001,0.20877496253492733,0.00019651667547732066
11884,0.27740929305482009,0.27757798133236355,0.00016868827754346061
11885,0.33793419061892382,0.33803007368032872,9.5883061404899994e-05
11886,0.38051518025050496,0.38051270637213852,2.473878366437976e-06
11887,0.39882365621653798,0.39872351896783714,0.00010013724870083784
11888,0.39079127728864699,0.39062026808054046,0.00017100920810653175
11889,0.35890085787414139,0.35870471585249974,0.00019614202164164318
11890,0.30977341837212552,0.30960450201659234,0.00016891635553317741
11891,0.25311454632943592,0.25301790521544198,9.6641113993933825e-05
11892,0.20018168107187476,0.20018320302427864,1.5219524038823096e-06
11893,0.1620068693590489,0.16210643945717107,9.9570098122170325e-05
11894,0.14764644587725934,0.14781794279494098,0.0001714969176816461
11895,0.16272532152560243,0.16292344743137618,0.000198125905773755
11896,0.20849879484338071,0.20867090834972291,0.00017211350634219191
11897,0.28157584276553693,0.28167587657389948,0.00010003380836254294
11898,0.3743476958275912,0.37434848204131532,7.8621372412435164e-07
11899,0.47605813576988737,0.47595874257325288,9.9393196634489644e-05
11900,0.57435401663691354,0.574180150401427,0.00017386623548654168
11901,0.65708154851437128,0.65687890440148755,0.00020264411288373196
11902,0.71405642283326054,0.71387873997271745,0.00017768286054309357
11903,0.73853985247083009,0.73843474859140601,0.00010510387942408439
11904,0.72819703637604472,0.72819340695379009,3.6294222546251476e-06
11905,0.68539365607822778,0.68549368224274509,0.00010002616451731949
11906,0.61678575753592235,0.6169638487602177,0.0001780912242953514
11907,0.53226633617980179,0.5324754656853562,0.00020912950555440624
11908,0.44342978301047797,0.44361363564270806,0.00018385263223008597
11909,0.36178816635511007,0.36189633074529332,0.00010816439018324076
11910,0.29701179097688774,0.29701397000923452,2.1790323467829609e-06
11911,0.25546309149363938,0.25535761384485861,0.00010547764878077182
11912,0.23924595243936722,0.2390604157666178,0.00018553667274942565
11913,0.2459149801693308,0.24569888664152917,0.00021609352780163626
11914,0.26888857036886099,0.26869990412154643,0.00018866624731456172
11915,0.29850190613819833,0.2983915532941393,0.00011035284405902512
11916,0.32353904145508278,0.32353729159002015,1.7498650626279755e-06
11917,0.33301047539125228,0.33311870961397649,0.00010823422272421279
11918,0.31790374431974772,0.31809373872190055,0.00018999440215283769
11919,0.27263935302229325,0.27286050181696375,0.00022114879467050041
11920,0.19600915294976268,0.19620167996412036,0.0001925270143576796
11921,0.091452292212416075,0.09156348303634039,0.00011119082392431479
11922,-0.033374112506676296,-0.033375047105198251,9.3459852195526549e-07
11923,-0.16766493125939416,-0.16777818694679034,0.00011325568739617431
11924,-0.29901724359889698,-0.29921223463696078,0.00019499103806380758
11925,-0.41522635868957669,-0.41545011821958089,0.00022375953000419724
11926,-0.5060556895824827,-0.50624775240823316,0.00019206282575046085
11927,-0.56471362910919709,-0.56482243844141911,0.00010880933222201516
11928,-0.58881284676004242,-0.58880927799496829,3.5687650741245136e-06
11929,-0.58066644938644341,-0.58055141330518178,0.00011503608126162135
11930,-0.54687755556993489,-0.54668162748565874,0.00019592808427615349
11931,-0.49728558737239809,-0.49706083925041455,0.00022474812198353122
11932,-0.44343041793631255,-0.44323679158984841,0.00019362634646413746
11933,-0.39676951938683369,-0.39665887410591655,0.00011064528091714321
11934,-0.36691938757470277,-0.36692153618467499,2.1486099722189955e-06
11935,-0.36018912473548786,-0.36030369722662703,0.00011457249113916435
11936,-0.378629459915791,-0.37882584647443385,0.00019638655864284704
11937,-0.41974171412749101,-0.41996723212029247,0.00022551799280146057
11938,-0.4768905383851349,-0.4770848178061261,0.00019427942099120576
11939,-0.54035776042544426,-0.54046888135666815,0.00011112093122389588
11940,-0.5988753193489802,-0.59887344966314671,1.8696858334887878e-06
11941,-0.64140257129679312,-0.64128781462498852,0.00011475667180460558
11942,-0.65887660642482737,-0.65867897863678326,0.00019762778804410797
11943,-0.64566787675339121,-0.64543945498639899,0.00022842176699222616
11944,-0.60051823218898093,-0.60031962722856269,0.00019860496041823605
11945,-0.52681765474269893,-0.52670202680603662,0.0001156279366623103
11946,-0.43217572013210492,-0.43217458293571631,1.1371963886119829e-06
11947,-0.32735143099269776,-0.32746607080340562,0.00011463981070786167
11948,-0.22470275849050916,-0.2249036085944626,0.00020085010395343161
11949,-0.13639033920526444,-0.13662454607269964,0.00023420686743519381
11950,-0.072607264761247195,-0.072812489288507976,0.00020522452726078055
11951,-0.040102882418550347,-0.040223833142612526,0.00012095072406217988
11952,-0.041224182754340373,-0.041227477340057661,3.2945857172880788e-06
11953,-0.073619496225275013,-0.073502916127605886,0.0001165800976691278
11954,-0.13064873580971265,-0.13044227163029865,0.00020646417941400097
11955,-0.20243685814061432,-0.20219512080742871,0.00024173733318560986
11956,-0.27740940452910673,-0.27719731126777647,0.00021209326133025952
11957,-0.34407588442179832,-0.34395122470774914,0.00012465971404918008
11958,-0.39278889225952462,-0.39278641303988332,2.4792196413048195e-06
11959,-0.41721045871599749,-0.41733218296494884,0.00012172424895134926
11960,-0.41526291002709831,-0.41547727649002958,0.00021436646293127026
11961,-0.38941970526551367,-0.38966978120143975,0.00025007593592607513
11962,-0.34629242885138162,-0.34651101078862551,0.00021858193724388908
11963,-0.29557730070344418,-0.29570501481417721,0.00012771411073303485
11964,-0.24852261031222114,-0.24852411122763562,1.5009154144818293e-06
11965,-0.21615142524717243,-0.21602523038287855,0.0001261948642938826
11966,-0.20751122332680835,-0.20729044000154806,0.0002207833252602931
11967,-0.22821812766164565,-0.22796177742877455,0.00025635023287109981
11968,-0.2795186579946089,-0.27929585631105458,0.00022280168355431895
11969,-0.35801315914380133,-0.35788442482662502,0.00012873431717630446
11970,-0.45608451485343759,-0.45608526549694828,7.5064351068299118e-07
11971,-0.56296840826830874,-0.56309916053880738,0.00013075227049863525
11972,-0.6663038016649897,-0.66652979392479084,0.00022599225980113324
11973,-0.75392917050124941,-0.75418960697180504,0.00026043647055562502
11974,-0.81565256971198785,-0.81587709807017939,0.00022452835819153361
11975,-0.8447277925810297,-0.8448555851060825,0.00012779252505279448
11976,-0.83881295555503588,-0.83880927799497795,3.6775600579241896e-06
11977,-0.80026696969205569,-0.80013253767630454,0.00013443201575114028
11978,-0.73573939038294922,-0.73551009271042,0.00022929767252921618
11979,-0.65511695900787326,-0.6548540962199022,0.00026286278797105211
11980,-0.56998799436560599,-0.56976169020988388,0.00022630415572211238
11981,-0.4918587677211998,-0.49172930467189357,0.0001294630493062221
11982,-0.43039415700473665,-0.43039627799177327,2.1209870366134531e-06
11983,-0.39195152862435889,-0.39208513892114993,0.00013361029679104242
11984,-0.37863003641641357,-0.37885999656920077,0.00022996015278720083
11985,-0.38797985886287867,-0.38824507581286638,0.00026521694998771217
11986,-0.4134152192923598,-0.41364469384817915,0.00022947455581934229
11987,-0.4452674466208888,-0.44539925304027483,0.00013180641938603799
11988,-0.47231712354996752,-0.47231530893970086,1.8146102666594111e-06
11989,-0.48357166327332141,-0.48343602663230317,0.00013563664101823303
11990,-0.47001589275548328,-0.46978212989968321,0.00023376285580006817
11991,-0.42606795976712669,-0.42579814589284487,0.00026981387428182124
11992,-0.35051767381260912,-0.35028354806967277,0.00023412574293635302
11993,-0.24680248467871577,-0.24666646957254124,0.00013601510617453072
11994,-0.12257818515241679,-0.12257718268660629,1.0024658105012296e-06
11995,0.01135102783840434,0.011215499763577856,0.00013552807482648463
11996,0.14258277224393862,0.14234531655926552,0.00023745568467309353
11997,0.25891251312860625,0.25863519390529138,0.00027731922331486469
11998,0.35010346224148547,0.34986009588205236,0.00024336635943311702
11999,0.40936346102728138,0.40922004432720271,0.00014341670007866902
12000,0.43430428233356849,0.43430078080748741,3.5015260810844495e-06
12001,0.42723776161538002,0.42737680764604763,0.00013904603066761112
12002,0.39476535508788896,0.39501096111784484,0.00024560602995588043
12003,0.34672443098690725,0.34701125703164137,0.0002868260447341231
12004,0.29465242902842126,0.29490337954004042,0.00025095051161916349
12005,0.25000405071007448,0.25015101294214104,0.00014696223206656089
12006,0.22239272424962664,0.22239493575468378,2.2115050571369643e-06
12007,0.21812414632719629,0.2179793760920615,0.00014477023513478904
12008,0.23924527472226656,0.23899076926352622,0.00025450545874033947
12009,0.28325328038931785,0.28295621114832514,0.00029706924099270893
12010,0.34350828326343297,0.34324831997513838,0.00025996328829458459
12011,0.41028727431851564,0.41013520457838348,0.00015206974013215468
12012,0.47231712354980854,0.47231530893953338,1.8146102751526172e-06
12013,0.5185518355753943,0.51870226688015286,0.00015043130475855815
12014,0.53992282878415943,0.54018609668005491,0.00026326789589548039
12015,0.53079453824050915,0.53110016283250761,0.0003056245919984546
12016,0.48990243550666118,0.49016796388876172,0.00026552838210053276
12017,0.4206298669758628,0.42078319522802043,0.00015332825215763624
12018,0.3305796179075749,0.33057852492375972,1.0929838151763072e-06
12019,0.23050368917280789,0.23034743855258122,0.00015625062022667224
12020,0.13275279309334451,0.13248259547873531,0.00027019761460919667
12021,0.049480014892444593,0.049168146352707262,0.00031186853973733109
12022,-0.0091294269463719907,-0.0093989828581542666,0.00026955591178227586
12023,-0.036334252950592623,-0.036488466849610393,0.00015421389901777022
12024,-0.029795609112124734,-0.029792283620038759,3.3254920859746018e-06
12025,0.0081265699383180623,0.0082872973887772872,0.00016072745045922487
12026,0.070783752382552967,0.071059342915926207,0.00027559053337324058
12027,0.14829222638568038,0.14860912836460494,0.00031690197892456085
12028,0.22906860039259264,0.22934206851899525,0.00027346812640260953
12029,0.30161332971981608,0.3017700677137557,0.00015673799393961518
12030,0.35626997575623465,0.35626751242889387,2.4633273407737022e-06
12031,0.38669149749533949,0.3865296512889102,0.0001618462064292836
12032,0.39079105708496892,0.39051225838137876,0.00027879870359015513
12033,0.37103280703945701,0.37071105375747199,0.00032175328198502662
12034,0.33401883281883682,0.33374013034722982,0.00027870247160699524
12035,0.28943581420192771,0.28927524433928559,0.0001605698626421237
12036,0.24852261031230441,0.24852411122771098,1.5009154065714903e-06
12037,0.22229291174884847,0.22245730632811056,0.00016439457926209489
12038,0.2197848193594919,0.22006930721995388,0.00028448786046197938
12039,0.24660502588780911,0.2469343395133024,0.00032931362549329379
12040,0.30399051093680624,0.30427685112515152,0.00028634018834527986
12041,0.38853212036448626,0.38869848840308441,0.00016636803859815252
12042,0.49260343135671614,0.49260416610794161,7.3475122547295157e-07
12043,0.60543096297025012,0.60526416649805259,0.00016679647219752791
12044,0.71464460580144495,0.71435305802505844,0.00029154777638651375
12045,0.80807380225612091,0.80773404630798984,0.0003397559481310708
12046,0.87551755313909774,0.87522002978092461,0.00029752335817312403
12047,0.91022071886796141,0.9100457935503421,0.00017492531761931218
12048,0.90983274742150944,0.90982903895506695,3.7084664424869018e-06
12049,0.87670410506124197,0.87687489177628586,0.00017078671504389131
12050,0.81747608209064304,0.81777764930797414,0.00030156721733110015
12051,0.74202728332078749,0.74237991565093087,0.00035263233014337647
12052,0.66193795976286862,0.66224686332197658,0.00030890355910795364
12053,0.58870650954117454,0.58888731633898028,0.00018080679780574371
12054,0.53199025922932053,0.53199233600379803,2.0767744774996544e-06
12055,0.49813931639120446,0.49795990581260774,0.00017941057859671705
12056,0.48924583309869252,0.48893126882956151,0.00031456426913101243
12057,0.50285319737567069,0.50248683279775697,0.00036636457791372479
12058,0.53236899693289719,0.53204902254325992,0.00031997438963726754
12059,0.56811818234213152,0.56793131073378422,0.00018687160834729433
12060,0.59887531934897553,0.59887344966313616,1.8696858393729698e-06
12061,0.61364214938009787,0.61382793746483566,0.0001857880847377924
12062,0.60339814787705937,0.60372361556598886,0.00032546768892949274
12063,0.56255639350520936,0.56293517004694738,0.0003787765417380129
12064,0.48990185900608291,0.49023189242650433,0.00033003342042142725
12065,0.38886746308699172,0.38905858539729954,0.00019112231030782301
12066,0.26710484847750382,0.26710378311662342,1.065360880403432e-06
12067,0.13541444083838114,0.13521974598460187,0.00019469485377926476
12068,0.006195216663983219,0.0058581279516885685,0.00033708871229465049
12069,-0.10835135674308842,-0.1087405434255273,0.00038918668243888288
12070,-0.19799126175941983,-0.1983278254187564,0.00033656365933656951
12071,-0.25593477325620478,-0.25612778686331278,0.00019301360710799464
12072,-0.27979571790708141,-0.27979228362000846,3.4342870729453523e-06
12073,-0.27188759353344449,-0.27168714895097523,0.00020044458246926133
12074,-0.23881312774685803,-0.238467876859631,0.00034525088722703323
12075,-0.19041058542588551,-0.19001189819241648,0.00039868723346903057
12076,-0.13821795767339504,-0.13787242252073603,0.00034553515265900447
12077,-0.093690147289006293,-0.093491117231011417,0.00019903005799487561
12078,-0.066440426590455001,-0.066442705962786605,2.2793723316039127e-06
12079,-0.062773953860830678,-0.062978630276027694,0.00020467641519701651
12080,-0.084736753859379038,-0.085090373165595257,0.00035361930621621851
12081,-0.12982467364447722,-0.13023319955706308,0.00040852591258586091
12082,-0.19139613482772724,-0.19175023098636068,0.00035409615863343791
12083,-0.25972608643650968,-0.25993032512027292,0.00020423868376323595
