out_index,input_time,reference,resampler,abs_error
108,72.0,-0.004325956165596055,-0.004325956165426798,1.6925696955105707e-13
109,72.66666666666667,-0.26321684515505095,-0.2635131935211181,0.0002963483660671784
110,73.33333333333333,-0.7905050156221964,-0.7902205207278162,0.00028449489438020503
111,74.0,-0.9292223643804974,-0.9292223643803802,1.1723955140041653e-13
112,74.66666666666667,-0.5281191038888609,-0.5283634220153075,0.0002443181264466521
113,75.33333333333333,-0.0814279729172819,-0.08119750236285449,0.00023047055442741715
114,76.0,0.0746657314731105,0.07466573147313067,2.017830347256222e-14
115,76.66666666666667,0.19743293364065106,0.19722737733206572,0.00020555630858534735
116,77.33333333333333,0.5541708344668613,0.5543640143129089,0.00019317984604760863
117,78.0,0.844274756949438,0.8442747569497908,3.5282887722587475e-13
118,78.66666666666667,0.6326721452313363,0.6324910111529465,0.00018113407838982187
119,79.33333333333333,0.11825613548546927,0.11842444488918405,0.00016830940371477532
120,80.0,-0.04837577495270557,-0.04837577495231451,3.910621826364036e-13
121,80.66666666666667,0.3232494436749841,0.3231076824169854,0.000141761257998696
122,81.33333333333333,0.7319951822883229,0.7321221316082681,0.00012694931994516878
123,82.0,0.767197703929803,0.7671977039296599,1.4310774787418268e-13
124,82.66666666666667,0.6476749752455917,0.6475602793629844,0.00011469588260726304
125,83.33333333333333,0.7090150885454137,0.7091192008686671,0.00010411232325335806
126,84.0,0.7504072722039148,0.7504072722038442,7.061018436615996e-14
127,84.66666666666667,0.35755899745880926,0.35746162307865875,9.737438015050559e-05
128,85.33333333333333,-0.31676762787436186,-0.316678094999535,8.953287482688088e-05
129,86.0,-0.6355478152621692,-0.6355478152627866,6.173950239940496e-13
130,86.66666666666667,-0.369347671440156,-0.36941248007108013,6.480863092411804e-05
131,87.33333333333333,-0.014298333297328086,-0.014241259927551608,5.7073369776478033e-05
132,88.0,-0.04423104624909748,-0.044231046249543805,4.4632353368712074e-13
133,88.66666666666667,-0.27947291203191227,-0.2795186809332928,4.576890138052736e-05
134,89.33333333333333,-0.3232461779168468,-0.3232025772175011,4.360069934566946e-05
135,90.0,-0.2813429277977621,-0.28134292779767,9.209299989265674e-14
136,90.66666666666667,-0.5550846964825322,-0.5551189281936895,3.4231711157239886e-05
137,91.33333333333333,-1.0584283446260025,-1.058395110667122,3.3233958880440895e-05
138,92.0,-1.1963525926318803,-1.1963525926319372,5.684341886080802e-14
139,92.66666666666667,-0.7200146885064278,-0.7200235143076626,8.825801234846331e-06
140,93.33333333333333,-0.12450954359861105,-0.12450516628036204,4.377318249010331e-06
141,94.0,0.05254287666269594,0.052542876662475875,2.2006702016241775e-13
142,94.66666666666667,-0.0580262783372088,-0.058024200284217335,2.07805299146796e-06
143,95.33333333333333,-0.012192326067238347,-0.01219643379837167,4.107731133323744e-06
144,96.0,0.17155477355048035,0.17155477355103155,5.511979761507746e-13
145,96.66666666666667,0.10070615003876213,0.10071465364663731,8.503607875187669e-06
146,97.33333333333333,-0.21560718032589687,-0.2156200454056104,1.286507971351436e-05
147,98.0,-0.23774736047641654,-0.23774736047598313,4.334033132380455e-13
148,98.66666666666667,0.30122749727200093,0.30125622649132716,2.872921932622896e-05
149,99.33333333333333,0.9244662913417243,0.9244282105344518,3.80808072725225e-05
150,100.0,1.0532578844924483,1.0532578844924558,7.549516567451064e-15
151,100.66666666666667,0.7830603695864252,0.7830956459182818,3.5276331856626264e-05
152,101.33333333333333,0.612158102933706,0.6121176394594776,4.046347422836938e-05
153,102.0,0.6208628100343561,0.6208628100347314,3.7536640462576543e-13
154,102.66666666666667,0.44047954268574163,0.44052036875308553,4.082606734390204e-05
155,103.33333333333333,0.011677062775884645,0.011630911403377972,4.615137250667256e-05
156,104.0,-0.1791593334659171,-0.1791593334659365,1.940114735532461e-14
157,104.66666666666667,0.1622080190995511,0.1622675638056581,5.954470610700091e-05
158,105.33333333333333,0.5998807151065866,0.599814284218389,6.643088819757725e-05
159,106.0,0.537449810391533,0.5374498103914133,1.1968204205459188e-13
160,106.66666666666667,0.0433773996236038,0.043441736355337345,6.433673173354693e-05
161,107.33333333333333,-0.3343814966547182,-0.33444493250030205,6.343584558382576e-05
162,108.0,-0.42154961015839376,-0.42154961015870024,3.0647706594777446e-13
163,108.66666666666667,-0.5659306197013217,-0.5658611878711843,6.943183013741194e-05
164,109.33333333333333,-0.905191445966938,-0.9052599056848291,6.84597178910451e-05
165,110.0,-1.0239319416260737,-1.0239319416263086,2.349231920106831e-13
166,110.66666666666667,-0.6134720286726989,-0.6133867841159373,8.524455676162113e-05
167,111.33333333333333,-0.06892659996793037,-0.0690134911153493,8.689114741892989e-05
168,112.0,-0.0029568373595202043,-0.0029568373595136536,6.550749526157418e-15
169,112.66666666666667,-0.3863718067726427,-0.38628557985726086,8.622691538184846e-05
170,113.33333333333333,-0.6454515410154347,-0.6455338795696467,8.233855421202474e-05
171,114.0,-0.5328360771990338,-0.5328360771988928,1.4099832412739488e-13
172,114.66666666666667,-0.3881509141132554,-0.3880621924535785,8.872165967693801e-05
173,115.33333333333333,-0.43996896280763464,-0.4400584132345771,8.94504269424723e-05
174,116.0,-0.3591348305669816,-0.3591348305670015,1.992850329202156e-14
175,116.66666666666667,0.17038851800001759,0.17048921786902518,0.00010069986900759775
176,117.33333333333333,0.8032646806457877,0.803158039325628,0.00010664132015969496
177,118.0,0.9252651280868659,0.925265128087109,2.431388423929093e-13
178,118.66666666666667,0.5305459140169743,0.5306448507041718,9.893668719751503e-05
179,119.33333333333333,0.21294811873282843,0.2128482433204023,9.98754124261203e-05
180,120.0,0.2921003465289066,0.2921003465294101,5.034861416675085e-13
181,120.66666666666667,0.4469250133059386,0.44702624103498617,0.0001012277290475816
182,121.33333333333333,0.37086155808672694,0.37075470666879173,0.00010685141793520536
183,122.0,0.31625160741116487,0.3162516074110797,8.515410598874951e-14
184,122.66666666666667,0.6202679278916144,0.6203805826565453,0.00011265476493083071
185,123.33333333333333,1.0128074930793853,1.0126875525747516,0.00011994050463370876
186,124.0,0.9054871321375536,0.9054871321370327,5.209166431541234e-13
187,124.66666666666667,0.2702430000798544,0.27035431228821805,0.0001113122083636342
188,125.33333333333333,-0.2813126777573753,-0.28142222549484674,0.0001095477374714604
189,126.0,-0.3596628622147395,-0.35966286221485566,1.1618483952702263e-13
190,126.66666666666667,-0.2614886533307086,-0.26137365338746427,0.0001149999432443205
191,127.33333333333333,-0.36530897652145705,-0.3654252222509081,0.00011624572945106992
192,128.0,-0.49719947898610206,-0.49719947898643996,3.378963775446664e-13
193,128.66666666666666,-0.3018312665211318,-0.3017055202091813,0.00012574631195050312
194,129.33333333333334,0.029963697142717807,0.029837062923938024,0.00012663421877978295
195,130.0,-0.06039715070230338,-0.060397150702251344,5.2034765385400306e-14
196,130.66666666666666,-0.6343732082600612,-0.6342500820296694,0.00012312623039179016
197,131.33333333333334,-1.0891533431774232,-1.0892692231364647,0.00011587995904149828
198,132.0,-0.9908659754339624,-0.9908659754339956,3.319566843629218e-14
199,132.66666666666666,-0.625468325416286,-0.6253429261926123,0.0001253992236737167
200,133.33333333333334,-0.4520584444767309,-0.45218379809202924,0.00012535361529836253
201,134.0,-0.3878742158904569,-0.3878742158907576,3.0070390621972365e-13
202,134.66666666666666,-0.07165867949820709,-0.07152565263665009,0.00013302686155700072
203,135.33333333333334,0.3824573192064745,0.38232223467461185,0.00013508453186267255
204,136.0,0.44790859501012437,0.44790859501024616,1.2179146580137967e-13
205,136.66666666666666,0.02266193256970226,0.02278993196033876,0.000127999390636499
206,137.33333333333334,-0.3170449848242236,-0.31716990710870185,0.00012492228447824605
207,138.0,-0.10541820348856111,-0.10541820348830386,2.572525525934566e-13
208,138.66666666666666,0.38670978889354246,0.3868391277121024,0.0001293388185599209
209,139.33333333333334,0.6336927434705648,0.633556966449478,0.00013577702108680256
210,140.0,0.6387648933231299,0.6387648933229968,1.3311574065255627e-13
211,140.66666666666666,0.7798462429200282,0.7799823621763567,0.00013611925632850408
212,141.33333333333334,1.0378396188995478,1.037697461230371,0.00014215766917669015
213,142.0,0.940493076812831,0.9404930768130356,2.0461410343841635e-13
214,142.66666666666666,0.3574551756595447,0.35758697974408304,0.00013180408453833392
215,143.33333333333334,-0.16223680018369224,-0.16236695526085893,0.00013015507716668262
216,144.0,-0.11968252486240379,-0.11968252486246439,6.060429935672573e-14
217,144.66666666666666,0.24422382060466846,0.24435875047560635,0.00013492987093788322
218,145.33333333333334,0.35850160985711477,0.3583613770760243,0.00014023278109048798
219,146.0,0.16047721762659417,0.16047721762616834,4.258260410949788e-13
220,146.66666666666666,0.05017582921542531,0.050318271970802526,0.00014244275537721868
221,147.33333333333334,0.10989777967731235,0.10975491975155979,0.00014285992575255313
222,148.0,-0.07181586874726743,-0.07181586874713439,1.330463517135172e-13
223,148.66666666666666,-0.6590819079614553,-0.658943354679802,0.000138553281653242
224,149.33333333333334,-1.1503542886096505,-1.150485156654216,0.00013086804456552414
225,150.0,-1.0340786602103338,-1.0340786602102876,4.618527782440651e-14
226,150.66666666666666,-0.5284604058396289,-0.52831896888844,0.00014143695118895572
227,151.33333333333334,-0.24963966734850362,-0.24978234126910867,0.00014267392060504647
228,152.0,-0.3330591376186641,-0.33305913761883205,1.6792123247455493e-13
229,152.66666666666666,-0.37203394439217297,-0.3718870362460695,0.0001469081461034638
230,153.33333333333334,-0.19651256745284396,-0.19665709295557907,0.00014452550273511
231,154.0,-0.16654406442881198,-0.16654406442859332,2.1865842469992458e-13
232,154.66666666666666,-0.495052200648074,-0.4949113576481417,0.000140842999932278
233,155.33333333333334,-0.7520953558623267,-0.7522303672686483,0.0001350114063216612
234,156.0,-0.4330398763414002,-0.4330398763409428,4.573563749943332e-13
235,156.66666666666666,0.26517979510688416,0.26532192187077835,0.00014212676389419032
236,157.33333333333334,0.6925416645454098,0.6923929365763836,0.00014872796902620777
237,158.0,0.6487959809190804,0.6487959809188274,2.530198273120732e-13
238,158.66666666666666,0.5480548125750466,0.5482009098527469,0.00014609727770031888
239,159.33333333333334,0.651718912500117,0.6515704125065754,0.00014849999354160648
240,160.0,0.6617023877076821,0.6617023877079047,2.2259971643734389e-13
241,160.66666666666666,0.3245194230565792,0.32465938059543586,0.00013995753885664985
242,161.33333333333334,-0.0009750348550666918,-0.001114168561274217,0.00013913370620752524
243,162.0,0.18667362338745586,0.18667362338727017,1.8568480086855743e-13
244,162.66666666666666,0.7313754151267233,0.7315180394340342,0.00014262430731082354
245,163.33333333333334,0.9789374209164993,0.9787858603668461,0.00015156054965315136
246,164.0,0.6866319748240717,0.6866319748234697,6.019629239517599e-13
247,164.66666666666666,0.28496241788121923,0.28511028687695544,0.00014786899573621115
248,165.33333333333334,0.13224640365749313,0.13209907102870888,0.0001473326287842469
249,166.0,0.0009307700880972873,0.0009307700882331525,1.3586516894176226e-13
250,166.66666666666666,-0.39906190223124105,-0.39891883887169804,0.0001430633595430053
251,167.33333333333334,-0.7868804893262984,-0.7870184752690573,0.0001379859427589336
252,168.0,-0.6726649437896454,-0.6726649437902344,5.890843368661081e-13
253,168.66666666666666,-0.1686776522044529,-0.16853088301631775,0.00014676918813516515
254,169.33333333333334,0.07695037976315078,0.0768001518019932,0.00015022796115757298
255,170.0,-0.22048076824106067,-0.22048076824126842,2.0775048348298242e-13
256,170.66666666666666,-0.6295799288665428,-0.6294286398611185,0.00015128900542427104
257,171.33333333333334,-0.715366483054795,-0.7155113521600187,0.00014486910522371055
258,172.0,-0.6501069175332584,-0.6501069175327807,4.777289674962049e-13
259,172.66666666666666,-0.7756969992418675,-0.7755521161437928,0.00014488309807469957
260,173.33333333333334,-0.9110577785510975,-0.9111964677125866,0.0001386891614890695
261,174.0,-0.5983352085590358,-0.5983352085589232,1.1257661469699087e-13
262,174.66666666666666,0.08794903681439109,0.08809607200930511,0.00014703519491401917
263,175.33333333333334,0.511185899259382,0.5110333888750943,0.00015251038428765185
264,176.0,0.3450426745157208,0.34504267451572496,4.163336342344337e-15
265,176.66666666666666,0.009720179240983791,0.00986964124561486,0.00014946200463106935
266,177.33333333333334,0.00357824019498299,0.003431570671772329,0.0001466695232106613
267,178.0,0.20663471243199846,0.2066347124325777,5.792311075225598e-13
268,178.66666666666666,0.2284541085211278,0.22859596924937498,0.00014186072824717844
269,179.33333333333334,0.15138969558499857,0.1512472903395144,0.00014240524548417288
270,180.0,0.4046740779541703,0.4046740779539202,2.5013324744804777e-13
271,180.66666666666666,0.9685550315106399,0.9686996504597198,0.00014461894907991102
272,181.33333333333334,1.245970650188032,1.2458158131574755,0.00015483703055663156
273,182.0,0.8908355205265819,0.890835520526557,2.4868995751603507e-14
274,182.66666666666666,0.31885888938934315,0.319006766714,0.00014787732465687542
275,183.33333333333334,0.0936372626866985,0.09349140560738313,0.00014585707931537295
276,184.0,0.1570856307113619,0.15708563071110077,2.611244553918368e-13
277,184.66666666666666,0.08448430946460969,0.08462606674051307,0.00014175727590337583
278,185.33333333333334,-0.13177719010202732,-0.13191871160656898,0.000141521504541664
279,186.0,-0.08603974373147752,-0.08603974373219453,7.170097848785417e-13
280,186.66666666666666,0.2685366896958502,0.26868331123461364,0.0001466215387634362
281,187.33333333333334,0.3919218936588261,0.3917700128164553,0.00015188084237083288
282,188.0,-0.07434713730452595,-0.07434713730446683,5.911937606128959e-14
283,188.66666666666666,-0.7307772413898895,-0.7306269825475229,0.00015025884236663511
284,189.33333333333334,-0.9684556770310585,-0.9685971366566946,0.0001414596256360534
285,190.0,-0.7966831526790066,-0.7966831526792065,1.999511667349907e-13
286,190.66666666666666,-0.6815588280839493,-0.6814152551012715,0.0001435729826777532
287,191.33333333333334,-0.7320420571702559,-0.7321817964007414,0.00013973923048549164
288,192.0,-0.5815634859539881,-0.5815634859544273,4.3920422854171193e-13
289,192.66666666666666,-0.12577495680299122,-0.1256272434065784,0.000147713396412813
290,193.33333333333334,0.15093874379371103,0.15078802520873694,0.00015071858497409107
291,194.0,-0.12961843941553122,-0.1296184394150358,4.954092691633605e-13
292,194.66666666666666,-0.6062419502359572,-0.6060929692944838,0.00014898094147342
293,195.33333333333334,-0.6505990721746883,-0.6507403069402969,0.00014123476560867765
294,196.0,-0.2365654164411252,-0.23656541644079518,3.300137940698278e-13
295,196.66666666666666,0.1279827988098187,0.12812317203685605,0.00014037322703736033
296,197.33333333333334,0.23368147648831694,0.23353898688240268,0.00014248960591425885
297,198.0,0.40744177819004435,0.40744177818969346,3.508859869327807e-13
298,198.66666666666666,0.8180846999417961,0.8182289926529225,0.00014429271112637032
299,199.33333333333334,1.0535366344894141,1.0533841392027719,0.00015249528664229572
300,200.0,0.7293865451261867,0.7293865451265427,3.559375016948252e-13
301,200.66666666666666,0.16901677652506847,0.16916193195279128,0.00014515542772280954
302,201.33333333333334,0.01679480806076256,0.016653218892796653,0.00014158916796590607
303,202.0,0.34311798003768695,0.3431179800378179,1.3095080575453721e-13
304,202.66666666666666,0.6199410392729381,0.6200786681008787,0.00013762882794066122
305,203.33333333333334,0.5583947167163932,0.5582519349295314,0.00014278178686177867
306,204.0,0.45982404157583523,0.4598240415754585,3.7675418340654687e-13
307,204.66666666666666,0.5723415059102287,0.5724855822151396,0.00014407630491086731
308,205.33333333333334,0.5752660407696365,0.5751164376125223,0.00014960315711420868
309,206.0,0.09024378504989122,0.09024378504992393,3.2709945863018675e-14
310,206.66666666666666,-0.6016702640331919,-0.6015244514244614,0.00014581260873047786
311,207.33333333333334,-0.852908143756407,-0.8530453130468474,0.0001371692904403865
312,208.0,-0.5531608011226601,-0.5531608011228487,1.886268918838141e-13
313,208.66666666666666,-0.2444796842630216,-0.24434062315237678,0.00013906111064482252
314,209.33333333333334,-0.29205072863022075,-0.2921902733002075,0.00013954466998677972
315,210.0,-0.42740803230114993,-0.4274080323017062,5.562772464884347e-13
316,210.66666666666666,-0.33334388061619624,-0.33319786207748864,0.00014601853870760406
317,211.33333333333334,-0.24581807787737872,-0.24596384277749908,0.0001457649001203598
318,212.0,-0.5481246287387804,-0.5481246287384568,3.2363001167823313e-13
319,212.66666666666666,-1.0258366615989554,-1.02569109529948,0.0001455662994753748
320,213.33333333333334,-1.0577116128222284,-1.0578466318842625,0.00013501906203416958
321,214.0,-0.5108464662971155,-0.5108464662969154,2.000621890374532e-13
322,214.66666666666666,0.05704162180468759,0.05717867512948369,0.00013705332479610477
323,215.33333333333334,0.20481683442869505,0.20467638186172504,0.00014045256697001185
324,216.0,0.16108491387591056,0.1610849138758029,1.0766387781302456e-13
325,216.66666666666666,0.30460895983883646,0.3047520951869683,0.0001431353481318176
326,217.33333333333334,0.4841411769724689,0.4839947322807738,0.00014644469169511343
327,218.0,0.313066501694695,0.3130665016950135,3.1846747461372615e-13
328,218.66666666666666,-0.06706311217246576,-0.0669223395246798,0.0001407726477859611
329,219.33333333333334,-0.06964744095732361,-0.06978368420160319,0.0001362432442795769
330,220.0,0.46644314498717887,0.46644314498717576,3.1086244689504383e-15
331,220.66666666666666,0.9905932545453657,0.9907259877845286,0.00013273323916285218
332,221.33333333333334,1.0107164918568123,1.0105746467437868,0.00014184511302550717
333,222.0,0.7306517216655547,0.7306517216652584,2.963185252724543e-13
334,222.66666666666666,0.6009589610823591,0.6010998049272027,0.00014084384484358559
335,223.33333333333334,0.5695642016656345,0.5694195100233734,0.00014469164226105224
336,224.0,0.26099169901698355,0.26099169901730696,3.234079670733081e-13
337,224.66666666666666,-0.2516097828069121,-0.2514706614195795,0.00013912138733257473
338,225.33333333333334,-0.41820458581986725,-0.41833777221066093,0.00013318639079368255
339,226.0,-0.04285848234279325,-0.04285848234340464,6.113928807671698e-13
340,226.66666666666666,0.3498041831217844,0.3499373332685203,0.000133150146735872
341,227.33333333333334,0.2333170152642959,0.23317869690965448,0.00013831835464142572
342,228.0,-0.2121306211631459,-0.21213062116358422,4.383160501220118e-13
343,228.66666666666666,-0.4735788361618414,-0.4734360284813416,0.0001428076804997902
344,229.33333333333334,-0.5122467453944046,-0.5123862226910046,0.00013947729660002128
345,230.0,-0.7006229533854694,-0.7006229533855826,1.1313172620930345e-13
346,230.66666666666666,-1.0508658536402344,-1.0507262987645651,0.00013955487566930103
347,231.33333333333334,-1.0725707583317607,-1.0727002754513455,0.00012951711958475443
348,232.0,-0.5495743966724878,-0.549574396672836,3.482769628249116e-13
349,232.66666666666666,0.018762697586955118,0.018895633686520388,0.0001329360995652694
350,233.33333333333334,0.071378270829872,0.07124138843995628,0.00013688238991571566
351,234.0,-0.24831043349243223,-0.24831043349208407,3.481659405224491e-13
352,234.66666666666666,-0.38610384721122526,-0.38596249760089296,0.00014134961033229754
353,235.33333333333334,-0.2279539065571553,-0.22809242403145963,0.0001385174743043227
354,236.0,-0.15172338410662561,-0.15172338410580924,8.163747455824932e-13
355,236.66666666666666,-0.26484320254173477,-0.26470811069958616,0.0001350918421486047
356,237.33333333333334,-0.14792588890940606,-0.1480565296891563,0.0001306407797502518
357,238.0,0.4353232194247286,0.43532321942495944,2.3081536681957004e-13
358,238.66666666666666,1.0273249363986083,1.02745339774775,0.00012846134914168417
359,239.33333333333334,1.0522447135415807,1.0521060893714376,0.0001386241701430979
360,240.0,0.6249052349883178,0.6249052349884366,1.1879386363489175e-13
361,240.66666666666666,0.3405417014279772,0.3406792373188396,0.0001375358908624058
362,241.33333333333334,0.3938624304567037,0.3937242415751031,0.00013818888160060938
363,242.0,0.41547596153661237,0.41547596153718824,5.758726828730687e-13
364,242.66666666666666,0.21524758750920175,0.21537875368048912,0.0001311661712873613
365,243.33333333333334,0.14982549008872328,0.14969594497641464,0.0001295451123086433
366,244.0,0.4898289479848811,0.489828947984282,5.990763440877345e-13
367,244.66666666666666,0.8448750745131107,0.8450024972456761,0.0001274227325653854
368,245.33333333333334,0.6484232951035596,0.6482874097731919,0.0001358853303676799
369,246.0,-0.0060195324627411485,-0.006019532462937076,1.959274756324625e-13
370,246.66666666666666,-0.4890649515805163,-0.4889265960252323,0.00013835555528401988
371,247.33333333333334,-0.5311069347429205,-0.5312400522709491,0.00013311752802858123
372,248.0,-0.49243046868154283,-0.4924304686817521,2.09277040141842e-13
373,248.66666666666666,-0.6479248331609551,-0.6477933622696471,0.00013147089130793876
374,249.33333333333334,-0.7130529607397718,-0.7131781010018994,0.00012514026212762097
375,250.0,-0.39037870593614166,-0.3903787059366271,4.854450175173497e-13
376,250.66666666666666,-0.0018529502859920785,-0.0017241898469517185,0.00012876043904035996
377,251.33333333333334,-0.10479645228109993,-0.10492879705780034,0.0001323447767004049
378,252.0,-0.6427465309119125,-0.6427465309117403,1.7219559111936178e-13
379,252.66666666666666,-0.9806171466974969,-0.9804787625012168,0.00013838419628009468
380,253.33333333333334,-0.7981756498141693,-0.7983059842119508,0.00013033439778142863
381,254.0,-0.45889193440016823,-0.4588919344001172,5.101474798152594e-14
382,254.66666666666666,-0.33116412748552915,-0.33103575868964497,0.0001283687958841817
383,255.33333333333334,-0.21436535966737813,-0.21449044290739155,0.00012508324001342386
384,256.0,0.2083272549084156,0.20832725490834136,7.424616477180734e-14
385,256.6666666666667,0.6878650903286476,0.6879905705085166,0.00012548017986901971
386,257.3333333333333,0.6840889334082035,0.6839555042409442,0.00013342916725933573
387,258.0,0.21348853379317137,0.21348853379389826,7.268907697977056e-13
388,258.6666666666667,-0.09534223142971598,-0.09520828938886078,0.0001339420408552061
389,259.3333333333333,0.12353401193280422,0.1234030748938201,0.00013093703898411913
390,260.0,0.5142080526134437,0.5142080526138364,3.9268588380991787e-13
391,260.6666666666667,0.6318398781935118,0.6319628525822438,0.00012297438873198896
392,261.3333333333333,0.6066748219827628,0.6065491249154847,0.0001256970672780522
393,262.0,0.7893189834543834,0.789318983454135,2.4846791291111003e-13
394,262.6666666666667,1.0261568122926088,1.02627980344173,0.0001229911491211766
395,263.3333333333333,0.8176683181214848,0.8175361621526757,0.00013215596880911118
396,264.0,0.1504023097148214,0.15040230971504906,2.2765123119938835e-13
397,264.6666666666667,-0.3567442621757421,-0.35661157733264465,0.00013268484309747475
398,265.3333333333333,-0.29249306178414725,-0.29262032874211835,0.0001272669579711061
399,266.0,0.006658287254830181,0.0066582872546672,1.6298074001497298e-13
400,266.6666666666667,0.03425484190137343,0.0343771722042817,0.00012233030290827174
401,267.3333333333333,-0.1437869604298745,-0.14390852189139158,0.00012156146151709457
402,268.0,-0.14293336396987363,-0.14293336397003661,1.6298074001497298e-13
403,268.6666666666667,-0.018524714495885865,-0.018399764534510823,0.00012494996137504127
404,269.3333333333333,-0.22798559268542362,-0.22811306327818934,0.00012747059276571604
405,270.0,-0.8272088386153821,-0.8272088386154345,5.240252676230739e-14
406,270.6666666666667,-1.2331876174415843,-1.2330540945619148,0.00013352287966950094
407,271.3333333333333,-1.0125627148241747,-1.0126857073509088,0.00012299252673408922
408,272.0,-0.4914825075791682,-0.49148250757929246,1.2423395645555502e-13
409,272.6666666666667,-0.24096834784880083,-0.24084727991706217,0.00012106793173866093
410,273.3333333333333,-0.26900801392051443,-0.26912768427932005,0.0001196703588056125
411,274.0,-0.17157254286517995,-0.17157254286512058,5.936917624183025e-14
412,274.6666666666667,0.08495495363120056,0.08507862563142608,0.00012367200022551927
413,275.3333333333333,0.07988344381700517,0.07975637597538612,0.00012706784161904683
414,276.0,-0.2977601532274867,-0.2977601532270986,3.8813396940895473e-13
415,276.6666666666667,-0.5215412326047125,-0.5214117877094573,0.0001294448952552374
416,277.3333333333333,-0.14921357649948597,-0.1493370969812232,0.00012352048173722152
417,278.0,0.5091562159171951,0.509156215917529,3.339550858072471e-13
418,278.6666666666667,0.8342567691955555,0.8343723314150895,0.00011556221953401558
419,279.3333333333333,0.7559672411787448,0.755846146357241,0.00012109482150379769
420,280.0,0.7042547949563489,0.704254794956437,8.804068585277491e-14
421,280.6666666666667,0.8125846238611676,0.8127048386716637,0.00012021481049606653
422,281.3333333333333,0.7127714734822077,0.7126441654176564,0.0001273080645513014
423,282.0,0.24842834001583952,0.2484283400163001,4.605760217657462e-13
424,282.6666666666667,-0.10991342680939989,-0.10978756954723089,0.00012585726216900184
425,283.3333333333333,0.09391783084974582,0.09379599022476753,0.0001218406249782894
426,284.0,0.5863402061078761,0.5863402061076526,2.23487894857044e-13
427,284.6666666666667,0.726990784273229,0.7271043035733811,0.00011351930015202072
428,285.3333333333333,0.40102553445711797,0.4009073733416212,0.00011816111549678432
429,286.0,0.06936185299215297,0.06936185299195179,2.0118628984988618e-13
430,286.6666666666667,-0.031559817596628424,-0.03143826099418119,0.00012155660244723282
431,287.3333333333333,-0.2129231533088447,-0.21304595835269732,0.0001228050438526196
432,288.0,-0.6799107136334596,-0.6799107136336748,2.1527224447481785e-13
433,288.6666666666667,-1.0327323500615,-1.032605921603426,0.0001264284580739794
434,289.3333333333333,-0.8151197157605141,-0.8152365808444868,0.00011686508397268369
435,290.0,-0.2650499222557822,-0.26504992225594126,1.5903944827755367e-13
436,290.6666666666667,-0.03880102447375297,-0.03868713203918944,0.00011389243456352838
437,291.3333333333333,-0.301244654252446,-0.30135918789777627,0.00011453364533026145
438,292.0,-0.5791579575113381,-0.5791579575113648,2.6645352591003757e-14
439,292.6666666666667,-0.5529699777264844,-0.5528477182379605,0.00012225948852384594
440,293.3333333333333,-0.4912365263124441,-0.4913571073745436,0.0001205810620995007
441,294.0,-0.6639808330226062,-0.6639808330223123,2.9398705692074145e-13
442,294.6666666666667,-0.7642467729769886,-0.7641232727505062,0.00012350022648244252
443,295.3333333333333,-0.3529086741131309,-0.3530249263485152,0.000116252235384251
444,296.0,0.36728344206452196,0.36728344206504115,5.191957974659545e-13
445,296.6666666666667,0.7345253119555051,0.734635015211584,0.00010970325607895237
446,297.3333333333333,0.5380303630923815,0.5379147372913071,0.00011562580107438158
447,298.0,0.2567147570049525,0.2567147570049596,7.105427357601002e-15
448,298.6666666666667,0.2880299970327657,0.28814862428761157,0.0001186272548458489
449,299.3333333333333,0.41046466228061823,0.4103429344627031,0.00012172781791514042
450,300.0,0.2965432044453381,0.296543204445633,2.948752353404416e-13
451,300.6666666666667,0.16392818575486146,0.1640463558086756,0.00011817005381414836
452,301.3333333333333,0.4419484109256813,0.4418320854000611,0.00011632552562024223
453,302.0,0.9849221752319299,0.9849221752316759,2.540190280342358e-13
454,302.6666666666667,1.1558564727367904,1.1559628514730642,0.00010637873627383776
455,303.3333333333333,0.7190260454554903,0.7189116020806254,0.00011444337486488099
456,304.0,0.16451619955105462,0.1645161995508366,2.1802004646076512e-13
457,304.6666666666667,-0.03049805294528078,-0.0303797567511484,0.00011829619413237721
458,305.3333333333333,-0.032218326891586706,-0.032336909998447724,0.00011858310686101853
459,306.0,-0.21652247171502167,-0.21652247171553204,5.103695244201845e-13
460,306.6666666666667,-0.4535525282569348,-0.45343506019596813,0.0001174680609666856
461,307.3333333333333,-0.3244144718823986,-0.32452613591233337,0.00011166402993478819
462,308.0,0.0901849851078623,0.09018498510754955,3.127498260369066e-13
463,308.6666666666667,0.19040409504664604,0.19051168913586797,0.00010759408922192404
464,309.3333333333333,-0.2842520401159084,-0.2843619621021154,0.00010992198620701776
465,310.0,-0.8505419516961796,-0.8505419516963625,1.8285373215576328e-13
466,310.6666666666667,-0.9747638360029425,-0.9746436817402044,0.00012015426273803698
467,311.3333333333333,-0.7832497226393837,-0.783364535645579,0.0001148130061952024
468,312.0,-0.7114089473794227,-0.7114089473790705,3.5227376571356217e-13
469,312.6666666666667,-0.7329148335060036,-0.7327988155041072,0.00011601800189642297
470,313.3333333333333,-0.4558642304385012,-0.45597349047585234,0.00010926003735112211
471,314.0,0.09753970078568881,0.09753970078602477,3.3595348725157237e-13
472,314.6666666666667,0.3662214201923259,0.366327103258492,0.00010568306616609568
473,315.3333333333333,0.05933893458350113,0.05922918586104692,0.0001097487224542143
474,316.0,-0.36586793081274305,-0.365867930812366,3.7703173916270316e-13
475,316.6666666666667,-0.3389979579123604,-0.3388807925062377,0.0001171654061227212
476,317.3333333333333,0.04725276959678618,0.04713694692982123,0.00011582266696495008
477,318.0,0.3025283075028815,0.3025283075032986,4.171107903516713e-13
478,318.6666666666667,0.35404494371984785,0.35415513599664067,0.00011019227679281984
479,319.3333333333333,0.5714054076019336,0.5712952254268341,0.00011018217509950468
480,320.0,1.0053519703649632,1.0053519703650107,4.75175454539567e-14
481,320.6666666666667,1.1565288010598969,1.1566305213979113,0.00010172033801447711
482,321.3333333333333,0.7202143917167281,0.720104113350256,0.00011027836647203859
483,322.0,0.12977742976243653,0.12977742976255288,1.163513729807164e-13
484,322.6666666666667,-0.008317360750898279,-0.00820265147055315,0.00011470928034512835
485,323.3333333333333,0.25800502922059637,0.2578904288558334,0.00011460036476296231
486,324.0,0.4037975298894649,0.40379752988935,1.1485257189747244e-13
487,324.6666666666667,0.273793833616185,0.2739015332492542,0.00010769963306922481
488,325.3333333333333,0.2256810640136906,0.22557431017556273,0.00010675383812785988
489,326.0,0.3959971823438173,0.3959971823434047,4.1261438710193943e-13
490,326.6666666666667,0.36308242507956223,0.36318512412585446,0.0001026990462922317
491,327.3333333333333,-0.18572876131464439,-0.18583488253331198,0.0001061212186675986
492,328.0,-0.8528348354860441,-0.8528348354860562,1.2101430968414206e-14
493,328.6666666666667,-1.0139547703920746,-1.013838343945967,0.0001164264461075426
494,329.3333333333333,-0.6808014631165655,-0.680911519316316,0.00011005619975046343
495,330.0,-0.4125754053528212,-0.4125754053528214,1.6653345369377348e-16
496,330.6666666666667,-0.4509746833928673,-0.4508671824233466,0.00010750096952066857
497,331.3333333333333,-0.46238572361385755,-0.4624883601725517,0.0001026365586941358
498,332.0,-0.2356710420924748,-0.23567104209254347,6.866729407306593e-14
499,332.6666666666667,-0.12136814516198224,-0.12126495195083513,0.0001031932111471151
500,333.3333333333333,-0.45243756082505254,-0.45254185878439485,0.00010429795934230324
501,334.0,-0.8924932336855607,-0.8924932336851049,4.557465516086268e-13
502,334.6666666666667,-0.8269187480490418,-0.826804117695113,0.00011463035392877963
503,335.3333333333333,-0.24394254928254744,-0.2440523948639593,0.0001098455814118604
504,336.0,0.2652230615353045,0.26522306153592373,6.192268919846811e-13
505,336.6666666666667,0.3755013697979908,0.3756040000621396,0.00010263026414880638
506,337.3333333333333,0.3939371506464826,0.3938339092996523,0.00010324134683031838
507,338.0,0.6064644754951163,0.606464475495304,1.8773871346411397e-13
508,338.6666666666667,0.7417371466627525,0.7418366614720875,9.951480933501067e-05
509,339.3333333333333,0.45337672069624735,0.453270820469874,0.00010590022637335661
510,340.0,0.013792548380071332,0.013792548380161525,9.019347768646213e-14
511,340.6666666666667,0.02429974752218096,0.024410138237325192,0.00011039071514423043
512,341.3333333333333,0.531345397710596,0.5312351099659391,0.0001102877446568229
513,342.0,0.9376652085273938,0.9376652085274441,5.029310301551959e-14
514,342.6666666666667,0.859716237871461,0.8598147689106266,9.853103916557249e-05
515,343.3333333333333,0.592621494869058,0.5925199222668234,0.00010157260223464526
516,344.0,0.5084981438218796,0.5084981438216347,2.4491519923230953e-13
517,344.6666666666667,0.43003520995070316,0.43013451404911474,9.930409841157894e-05
518,345.3333333333333,0.008479223733663322,0.008375956891051736,0.00010326684261158584
519,346.0,-0.5493896896604555,-0.5493896896605931,1.375566327510569e-13
520,346.6666666666667,-0.6627898728487259,-0.66267916154688,0.0001107113018459227
521,347.3333333333333,-0.2479542785683581,-0.24806023474008226,0.00010595617172415306
522,348.0,0.10537437160183016,0.10537437160159557,2.345901251032956e-13
523,348.6666666666667,-0.035895407165215186,-0.03579650857000486,9.889859521032551e-05
524,349.3333333333333,-0.3944483171275579,-0.39454488312900354,9.656600144564154e-05
525,350.0,-0.5252407957996517,-0.5252407957998155,1.638689184346731e-13
526,350.6666666666667,-0.5224066969213363,-0.5223052484594783,0.00010144846185800027
527,351.3333333333333,-0.7495100104526453,-0.7496100759079174,0.00010006545527208033
528,352.0,-1.0875452192077353,-1.0875452192076194,1.1590728377086634e-13
529,352.6666666666667,-1.0019668679174776,-1.0018566760920231,0.00011019182545446427
530,353.3333333333333,-0.3854200227336939,-0.3855238589348582,0.00010383620116427572
531,354.0,0.18061112442800958,0.18061112442819335,1.8376966615107904e-13
532,354.6666666666667,0.21370326357698166,0.21379935307724285,9.608950026118723e-05
533,355.3333333333333,-0.03803021837506883,-0.03812612890578072,9.59105307118957e-05
534,356.0,-0.07241451308565228,-0.07241451308554352,1.087602230498419e-13
535,356.6666666666667,0.09113349486990226,0.09123240150060616,9.89066307039016e-05
536,357.3333333333333,0.07118308355726075,0.07108138082952076,0.00010170272773998845
537,358.0,-0.10750234962331519,-0.10750234962264885,6.663419815922111e-13
538,358.6666666666667,0.03689617391961411,0.0370013576761203,0.00010518375650618583
539,359.3333333333333,0.642472669096712,0.642367680761387,0.00010498833532501806
540,360.0,1.15912614283745,1.1591261428376933,2.433608869978343e-13
541,360.6666666666667,1.0786329634223468,1.0787241664802367,9.120305788989924e-05
542,361.3333333333333,0.6307342001123486,0.6306382351179886,9.596499436004269e-05
543,362.0,0.37862585224240625,0.37862585224246476,5.850875339774575e-14
544,362.6666666666667,0.3871054657623011,0.3872025142859643,9.704852366321237e-05
545,363.3333333333333,0.27134271558743317,0.2712415478251972,0.00010116776223595414
546,364.0,-0.028568858596880256,-0.028568858596733738,1.4651821422795308e-13
547,364.6666666666667,-0.07841886547488133,-0.0783154867702805,0.0001033787046008372
548,365.3333333333333,0.3031842316327674,0.3030825046217219,0.00010172701104549375
549,366.0,0.6204009916108946,0.6204009916107914,1.0313971898767704e-13
550,366.6666666666667,0.35762574179648937,0.35771699968126675,9.125788477737373e-05
551,367.3333333333333,-0.2733700021241915,-0.2734613481121527,9.134598796123328e-05
552,368.0,-0.6602765535266565,-0.6602765535268328,1.7630341631047486e-13
553,368.6666666666667,-0.6636366441404284,-0.6635371433842419,9.950075618658794e-05
554,369.3333333333333,-0.6767359352681416,-0.676833305468691,9.737020054945145e-05
555,370.0,-0.8540060880158371,-0.8540060880159767,1.3955503419538218e-13
556,370.6666666666667,-0.8245648409113853,-0.824461116153922,0.00010372475746323051
557,371.3333333333333,-0.37394505621721974,-0.3740427606514999,9.770443428014364e-05
558,372.0,0.05626317699158865,0.056263176991423074,1.6557588633503428e-13
559,372.6666666666667,-0.059364973353639085,-0.05927412003143624,9.085332220284265e-05
560,373.3333333333333,-0.544882985815075,-0.5449720685715649,8.908275648988884e-05
561,374.0,-0.7662135312148792,-0.7662135312148358,4.340972026284362e-14
562,374.6666666666667,-0.5296145431093529,-0.5295159839724264,9.855913692646823e-05
563,375.3333333333333,-0.24583269957022763,-0.2459306627240287,9.796315380106169e-05
564,376.0,-0.17086310066036145,-0.17086310066009186,2.6958990595460364e-13
565,376.6666666666667,-0.005803318697546345,-0.0057040709371663206,9.92477603800248e-05
566,377.3333333333333,0.49610989817109963,0.49601157568548443,9.832248561519874e-05
567,378.0,0.9598276889529097,0.9598276889533343,4.2454928461665986e-13
568,378.6666666666667,0.8637906663685431,0.8638769919189994,8.632555045628987e-05
569,379.3333333333333,0.34945093593752524,0.3493606583286848,9.027760884045e-05
570,380.0,0.06605387656850291,0.06605387656860148,9.857392679890609e-14
571,380.6666666666667,0.2634276936748691,0.2635229663825924,9.527270772330398e-05
572,381.3333333333333,0.5285679452817151,0.5284686840094156,9.926127229953341e-05
573,382.0,0.5218199955916248,0.5218199955917097,8.482103908136196e-14
574,382.6666666666667,0.483680029161203,0.48377541709464833,9.538793344532337e-05
575,383.3333333333333,0.7093321191016789,0.7092355418400712,9.657726160772206e-05
576,384.0,0.9143679301788236,0.9143679301789595,1.3589129821411916e-13
577,384.6666666666667,0.6027811355001733,0.6028664725167425,8.533701656920911e-05
578,385.3333333333333,-0.1130693588188236,-0.11315664064182888,8.728182300528353e-05
579,386.0,-0.5761896872199345,-0.5761896872201584,2.2393198406689407e-13
580,386.6666666666667,-0.4841453422408145,-0.4840487199054179,9.662233539659004e-05
581,387.3333333333333,-0.24516457313693277,-0.24526040397540838,9.583083847561347e-05
582,388.0,-0.2755357500583335,-0.2755357500583826,4.912736883966318e-14
583,388.6666666666667,-0.3949602138215492,-0.39486437176602357,9.584205552565228e-05
584,389.3333333333333,-0.26453265980862195,-0.2646240574307996,9.13976221776358e-05
585,390.0,-0.07827710332478242,-0.07827710332485689,7.446820937673237e-14
586,390.6666666666667,-0.3097054252039389,-0.3096186307093882,8.679449455067934e-05
587,391.3333333333333,-0.8937517405266796,-0.8938355173408675,8.377681418791916e-05
588,392.0,-1.1954337625277638,-1.1954337625275977,1.6608936448392342e-13
589,392.6666666666667,-0.8833043984729434,-0.8832072150033877,9.718346955567281e-05
590,393.3333333333333,-0.3696881340146837,-0.36978278121690017,9.464720221646905e-05
591,394.0,-0.15156539538570743,-0.15156539538577923,7.1803674117632e-14
592,394.6666666666667,-0.11847937766105016,-0.1183864049519673,9.29727090828586e-05
593,395.3333333333333,0.10161119046569189,0.10152072261408583,9.04678516060603e-05
594,396.0,0.40220451343246266,0.40220451343246355,8.881784197001252e-16
595,396.6666666666667,0.3322978904822218,0.3323815631600574,8.367267783560006e-05
596,397.3333333333333,-0.0992736703726555,-0.09935885410065283,8.518372799733165e-05
597,398.0,-0.29531995954560225,-0.295319959545533,6.927791673660977e-14
598,398.6666666666667,0.09869025966654807,0.0987835425448538,9.328287830573379e-05
599,399.3333333333333,0.6789050845795903,0.6788083264904092,9.675808918108153e-05
600,400.0,0.8879264401563369,0.8879264401563737,3.674838211509268e-14
601,400.6666666666667,0.7810537803937107,0.781141669703261,8.788930955039298e-05
602,401.3333333333333,0.7746116599186422,0.7745215151671282,9.01447515140319e-05
603,402.0,0.8660101984765223,0.8660101984765556,3.3306690738754696e-14
604,402.6666666666667,0.6451285592116124,0.645209912767801,8.135355618865692e-05
605,403.3333333333333,0.0730819498049689,0.07299744363385892,8.450617110998537e-05
606,404.0,-0.2919568919745753,-0.2919568919749738,3.9851455468919994e-13
607,404.6666666666667,-0.0680990929787986,-0.06800650504023832,9.258793856027625e-05
608,405.3333333333333,0.3678822145520635,0.36778775201089015,9.446254117334574e-05
609,406.0,0.4202755269085791,0.4202755269085792,1.1102230246251565e-16
610,406.6666666666667,0.09991922633556007,0.10000685043134026,8.76240957801977e-05
611,407.3333333333333,-0.13248352445359932,-0.13256857054102003,8.504608742071484e-05
612,408.0,-0.17581338633783292,-0.17581338633768023,1.5268342146157465e-13
613,408.6666666666667,-0.3998458563211914,-0.3997623846635364,8.347165765498765e-05
614,409.3333333333333,-0.9021890893294067,-0.9022697568816604,8.066755225377698e-05
615,410.0,-1.185554717042037,-1.185554717042124,8.681944052568724e-14
616,410.6666666666667,-0.858491309115036,-0.8583972852855569,9.402382947909516e-05
617,411.3333333333333,-0.27419089510901484,-0.2742822902132278,9.13951042129657e-05
618,412.0,-0.06532589725028001,-0.06532589725037496,9.495182418106651e-14
619,412.6666666666667,-0.2744974768357458,-0.2744106840178707,8.679281787510318e-05
620,413.3333333333333,-0.4155565906724764,-0.41563879646726143,8.220579478501744e-05
621,414.0,-0.30045323965868176,-0.30045323965844495,2.368105711525459e-13
622,414.6666666666667,-0.27006032695435256,-0.2699780004769021,8.232647745043398e-05
623,415.3333333333333,-0.49553296529956065,-0.4956142985384927,8.133323893205757e-05
624,416.0,-0.5604129067693462,-0.5604129067694696,1.234568003383174e-13
625,416.6666666666667,-0.07544726452892446,-0.0753566689525477,9.059557637676463e-05
626,417.3333333333333,0.6363861518124629,0.6362932135715421,9.29382409208257e-05
627,418.0,0.9212398960859705,0.9212398960859051,6.539213615042172e-14
628,418.6666666666667,0.6914003844095593,0.6914821344563145,8.175004675514685e-05
629,419.3333333333333,0.45780133190471894,0.45771859732777215,8.273457694679687e-05
630,420.0,0.4979452009863915,0.4979452009864697,7.821521208484228e-14
631,420.6666666666667,0.5103171673414074,0.5103961339875835,7.896664617612625e-05
632,421.3333333333333,0.25988766351072046,0.2598048356427544,8.282786796603991e-05
633,422.0,0.08673805087040348,0.08673805087025228,1.511984981661385e-13
634,422.6666666666667,0.38756002844354975,0.3876477537413946,8.772529784484284e-05
635,423.3333333333333,0.8937860995807838,0.8936940320527526,9.206752803125884e-05
636,424.0,0.9600341057384818,0.9600341057384812,5.551115123125783e-16
637,424.6666666666667,0.4709484561612918,0.4710286339076044,8.017774631263741e-05
638,425.3333333333333,-0.03539069997186239,-0.03546969578998489,7.899581812250561e-05
639,426.0,-0.19203491445960846,-0.19203491445990833,2.998712389512548e-13
640,426.6666666666667,-0.25639381638850667,-0.2563134475558233,8.036883268336403e-05
641,427.3333333333333,-0.5253944430982253,-0.5254741678503784,7.97247521531208e-05
642,428.0,-0.7419267121219487,-0.7419267121223441,3.9535041906901824e-13
643,428.6666666666667,-0.5082099319841124,-0.5081208371175345,8.909486657782129e-05
644,429.3333333333333,-0.03444618146462425,-0.03453387242279439,8.769095817014183e-05
645,430.0,0.049627222270265225,0.04962722227020013,6.509376371255371e-14
646,430.6666666666667,-0.4052052905321233,-0.4051242880488138,8.100248330950022e-05
647,431.3333333333333,-0.8561143252697729,-0.8561890118401052,7.468657033227188e-05
648,432.0,-0.8709655631669362,-0.8709655631669208,1.5432100042289676e-14
649,432.6666666666667,-0.6789606069966206,-0.6788795060229991,8.110097362157287e-05
650,433.3333333333333,-0.6521721930622209,-0.6522511957939813,7.900273176042472e-05
651,434.0,-0.6339301505964824,-0.6339301505964391,4.3298697960381105e-14
652,434.6666666666667,-0.23999922330573192,-0.23991216785707742,8.705544865450499e-05
653,435.3333333333333,0.37631354071559847,0.3762260682760356,8.747243956286344e-05
654,436.0,0.6071679657567253,0.6071679657569432,2.1793677973391823e-13
655,436.6666666666667,0.26729017665756477,0.26736739486313654,7.721820557177184e-05
656,437.3333333333333,-0.11011093081431335,-0.11018617759354773,7.524677923438639e-05
657,438.0,-0.04004806054697264,-0.040048060546779465,1.9317186739087333e-13
658,438.6666666666667,0.2776657626011296,0.2777432422106116,7.747960948201182e-05
659,439.3333333333333,0.40490395642676225,0.4048222473912429,8.17090355193506e-05
660,440.0,0.4053406179947123,0.4053406179948893,1.7696955012524995e-13
661,440.6666666666667,0.659095607272237,0.659178315918525,8.270864628801e-05
662,441.3333333333333,1.0903096888801675,1.0902219391331505,8.774974701708516e-05
663,442.0,1.139951620603451,1.1399516206036187,1.6764367671839864e-13
664,442.6666666666667,0.603665409094168,0.6037396339874487,7.422489328068327e-05
665,443.3333333333333,0.0068504545052058986,0.0067767530307015905,7.370147450430804e-05
666,444.0,-0.11255152659495418,-0.1125515265952147,2.60513832728293e-13
667,444.6666666666667,0.08581612187374633,0.08589328173863078,7.715986488444904e-05
668,445.3333333333333,0.11401708981754718,0.11393695186534258,8.013795220460085e-05
669,446.0,-0.04707171395072223,-0.04707171395097265,2.5041774209810796e-13
670,446.6666666666667,-0.01613238484019898,-0.016049302425973036,8.308241422594342e-05
671,447.3333333333333,0.21800310893609454,0.21791998512036656,8.312381572797567e-05
672,448.0,0.15652526160195157,0.1565252616019357,1.587618925213974e-14
673,448.6666666666667,-0.42525703076982535,-0.4251813575745284,7.567319529694361e-05
674,449.3333333333333,-1.028709099951572,-1.0287780973715013,6.899741992927311e-05
675,450.0,-1.0855913947439677,-1.085591394744189,2.2137847111025621e-13
676,450.6666666666667,-0.7272422927674156,-0.7271632393790206,7.905338839497844e-05
677,451.3333333333333,-0.4959507629493175,-0.49602867787913946,7.791492982195392e-05
678,452.0,-0.5029571183963807,-0.5029571183965161,1.354472090042691e-13
679,452.6666666666667,-0.3801354641324656,-0.38005267262920317,8.27915032624027e-05
680,453.3333333333333,-0.038907736314724994,-0.03898835104813182,8.061473340682801e-05
681,454.0,0.07772436813433994,0.07772436813431191,2.8033131371785203e-14
682,454.6666666666667,-0.2868767396092041,-0.28680286321756754,7.387639163658477e-05
683,455.3333333333333,-0.6847963692683641,-0.6848651937226027,6.882445423861405e-05
684,456.0,-0.5402736896528967,-0.5402736896528778,1.887379141862766e-14
685,456.6666666666667,0.037304433234166885,0.03738058437391195,7.615113974506621e-05
686,457.3333333333333,0.45837626136509246,0.45829585225846914,8.040910662332479e-05
687,458.0,0.5261883735324295,0.5261883735325338,1.042499420123022e-13
688,458.6666666666667,0.5986223090159184,0.598700501390938,7.819237501960341e-05
689,459.3333333333333,0.8498785760147067,0.8497972529898024,8.132302490437837e-05
690,460.0,0.9080391782135089,0.908039178213765,2.561284517810236e-13
691,460.6666666666667,0.4952371233781383,0.4953070176458836,6.989426774528518e-05
692,461.3333333333333,0.008156584684710361,0.00808705277732542,6.95319073849409e-05
693,462.0,0.02980280621048723,0.029802806210530247,4.301767275727286e-14
694,462.6666666666667,0.4873383750607945,0.4874122364147,7.386135390546889e-05
695,463.3333333333333,0.770200464384226,0.7701198855647448,8.057881948120293e-05
696,464.0,0.6182710715348729,0.6182710715346166,2.5635049638594865e-13
697,464.6666666666667,0.3913329632825492,0.3914099345355449,7.697125299571672e-05
698,465.3333333333333,0.3597149122858923,0.35963730617911566,7.760610677665092e-05
699,466.0,0.23535962280522663,0.23535962280502867,1.979527652906654e-13
700,466.6666666666667,-0.27548472658499656,-0.27541401469203985,7.071189295670965e-05
701,467.3333333333333,-0.8364375344797572,-0.836503251546803,6.571706704583402e-05
702,468.0,-0.8702724583524079,-0.8702724583526706,2.6278978992877455e-13
703,468.6666666666667,-0.41502728716387793,-0.41495143432388254,7.585283999539394e-05
704,469.3333333333333,-0.09451841786674303,-0.09459572927471196,7.731140796893299e-05
705,470.0,-0.23071640670705326,-0.23071640670729252,2.3925306180672123e-13
706,470.6666666666667,-0.4734380704067051,-0.4733600096738305,7.806073287458526e-05
707,471.3333333333333,-0.4714982935474223,-0.47157145319622246,7.315964880016956e-05
708,472.0,-0.4408866832182909,-0.44088668321784386,4.470313008653193e-13
709,472.6666666666667,-0.706268243411671,-0.7061973405122319,7.09028994391181e-05
710,473.3333333333333,-1.0164952658070088,-1.0165596469064704,6.438109946160786e-05
711,474.0,-0.8254678550046268,-0.8254678550047012,7.438494264988549e-14
712,474.6666666666667,-0.14673264460338192,-0.14665817955687255,7.446504650937547e-05
713,475.3333333333333,0.3867102571678319,0.3866320097871844,7.824738064748926e-05
714,476.0,0.3935130355240739,0.3935130355241036,2.969846590872294e-14
715,476.6666666666667,0.2067779988860538,0.20685246079202477,7.44619059709628e-05
716,477.3333333333333,0.2500062560185637,0.2499328290358488,7.3426982714897e-05
717,478.0,0.378775897371894,0.37877589737227874,3.84747789183848e-13
718,478.6666666666667,0.23979895970695891,0.23986574673531783,6.678702835891115e-05
719,479.3333333333333,-0.003949759124961762,-0.0040163501538327765,6.659102887101448e-05
720,480.0,0.16090301878107155,0.16090301878113888,6.733502644351574e-14
721,480.6666666666667,0.7588600516481272,0.7589308412506022,7.078960247497434e-05
722,481.3333333333333,1.1755467383251692,1.1754670391538908,7.969917127836901e-05
723,482.0,0.9952618407159034,0.9952618407157492,1.5420997812043424e-13
724,482.6666666666667,0.5456560707884517,0.5457276531472861,7.15823588344211e-05
725,483.3333333333333,0.32863983757157045,0.32856839630345624,7.144126811420293e-05
726,484.0,0.28238107205416196,0.28238107205407464,8.731904088676856e-14
727,484.6666666666667,0.03710541750245823,0.037171437965414396,6.602046295616643e-05
728,485.3333333333333,-0.32820903493463544,-0.3282736925550667,6.465762043128542e-05
729,486.0,-0.3326184906027892,-0.3326184906033826,5.934142066621462e-13
730,486.6666666666667,0.09572965312672246,0.09580149959422937,7.18464675069086e-05
731,487.3333333333333,0.3795414308534776,0.3794651895173107,7.624133616690454e-05
732,488.0,0.08011035458218228,0.0801103545817794,4.028860578486615e-13
733,488.6666666666667,-0.48710446673620345,-0.4870313865476702,7.308018853324771e-05
734,489.3333333333333,-0.7582157054311958,-0.7582818673439751,6.616191277930561e-05
735,490.0,-0.7253422840222191,-0.725342284022156,6.317169010117141e-14
736,490.6666666666667,-0.7849693932018058,-0.7849018789703689,6.751423143691593e-05
737,491.3333333333333,-0.9584253978891963,-0.9584876167182479,6.22188290515524e-05
738,492.0,-0.8169598970263319,-0.816959897026435,1.0313971898767704e-13
739,492.6666666666667,-0.2518855871213205,-0.25181334266464156,7.224445667891599e-05
740,493.3333333333333,0.19730015314584948,0.1972252856415873,7.486750426216604e-05
741,494.0,0.06610684140173381,0.06610684140196349,2.2967738821932926e-13
742,494.6666666666667,-0.3595147090063374,-0.35944343358434444,7.127542199297787e-05
743,495.3333333333333,-0.47705402298484856,-0.477119318474954,6.529549010542146e-05
744,496.0,-0.22322675410238663,-0.22322675410199766,3.889666366774236e-13
745,496.6666666666667,-0.025588232088399006,-0.025523974554864475,6.425753353453065e-05
746,497.3333333333333,-0.009813213054329108,-0.009877864896650341,6.46518423212325e-05
747,498.0,0.19658327943736265,0.19658327943729223,7.041589533685055e-14
748,498.6666666666667,0.745829631643901,0.7458979677095992,6.833606569811579e-05
749,499.3333333333333,1.1560054467852092,1.1559287941542966,7.665263091261032e-05
750,500.0,0.9552748407909926,0.9552748407911673,1.7474910407599964e-13
751,500.6666666666667,0.4048041341135391,0.4048713675622339,6.723344869480341e-05
752,501.3333333333333,0.14379448491519609,0.14372927336600008,6.521154919600369e-05
753,502.0,0.2976976465866389,0.2976976465867948,1.5593082380860324e-13
754,502.6666666666667,0.4249267490804503,0.4249884053693478,6.165628889748254e-05
755,503.3333333333333,0.3115995985107191,0.3115346802176473,6.491829307181396e-05
756,504.0,0.28546683556292807,0.2854668355623403,5.877520692365579e-13
757,504.6666666666667,0.5580456379644949,0.5581134432548592,6.780529036432004e-05
758,505.3333333333333,0.7280243891487612,0.7279504587630522,7.393038570902011e-05
759,506.0,0.3334789765568103,0.3334789765564437,3.665956427312267e-13
760,506.6666666666667,-0.39019639586176535,-0.39012845236352106,6.794349824429391e-05
761,507.3333333333333,-0.7796635171422257,-0.7797240474726751,6.0530330449393155e-05
762,508.0,-0.6547631380625992,-0.6547631380628021,2.028377465990161e-13
763,508.6666666666667,-0.46986863367481235,-0.4698052566658988,6.337700891356768e-05
764,509.3333333333333,-0.528148145018926,-0.5282100489925202,6.190397359417954e-05
765,510.0,-0.555371521998332,-0.555371521998702,3.700373341075647e-13
766,510.6666666666667,-0.2888652735744298,-0.2887956897014874,6.958387294242474e-05
767,511.3333333333333,-0.05144135272819084,-0.05151172809143693,7.037536324609045e-05
768,512.0,-0.3013428631447577,-0.3013428631444873,2.703948176474569e-13
769,512.6666666666666,-0.8506703908711155,-0.8506024091112703,6.798175984523702e-05
770,513.3333333333334,-1.042381871875981,-1.0424401496988214,5.8277822840402393e-05
771,514.0,-0.6628662422643988,-0.662866242264193,2.0583534876550402e-13
772,514.6666666666666,-0.18593000468635612,-0.18586824728241116,6.175740394495643e-05
773,515.3333333333334,-0.007191727624895702,-0.007254970742461359,6.324311756565702e-05
774,516.0,0.08677534540094739,0.08677534540072346,2.2393198406689407e-13
775,516.6666666666666,0.40534268057042006,0.4054093535289353,6.667295851525701e-05
776,517.3333333333334,0.70910381467498,0.7090324014529322,7.14132220477337e-05
777,518.0,0.5493932992998384,0.5493932993001189,2.8055335832277706e-13
778,518.6666666666666,0.06186143963243761,0.061925108563933476,6.366893149586245e-05
779,519.3333333333334,-0.11310654900002223,-0.11316609580784728,5.954680782505051e-05
780,520.0,0.2726310052063621,0.27263100520638023,1.815214645262131e-14
781,520.6666666666666,0.7438285281144682,0.7438864164927688,5.788837830056348e-05
782,521.3333333333334,0.8348212051306181,0.8347559676565582,6.52374740598427e-05
783,522.0,0.7142121417833177,0.7142121417830894,2.282618538629322e-13
784,522.6666666666666,0.7522367246909977,0.7523012052577499,6.448056675223413e-05
785,523.3333333333334,0.8123449396970717,0.8122748762749362,7.00634221354468e-05
786,524.0,0.4734551652058247,0.47345516520578423,4.0467629247586956e-14
787,524.6666666666666,-0.17623746977950477,-0.17617480907180477,6.266070770000187e-05
788,525.3333333333334,-0.5179910361469742,-0.5180477099300795,5.6673783105365416e-05
789,526.0,-0.2674667568460481,-0.2674667568463831,3.35009797680641e-13
790,526.6666666666666,0.11325114433716485,0.11330993486812806,5.8790530963206966e-05
791,527.3333333333334,0.1035104808409819,0.10344803383322759,6.244700775430434e-05
792,528.0,-0.1697674876667291,-0.16976748766712682,3.977096429963467e-13
793,528.6666666666666,-0.2803357946220427,-0.2802691295786967,6.666504334601475e-05
794,529.3333333333334,-0.2654266551087159,-0.265491931145813,6.527603709710617e-05
795,530.0,-0.5240772593232571,-0.52407725932311,1.4710455076283324e-13
796,530.6666666666666,-1.0333179343376484,-1.0332540678572948,6.386648035361375e-05
797,531.3333333333334,-1.2230272215205071,-1.223080542995373,5.332147486591943e-05
798,532.0,-0.7922353108566957,-0.7922353108566399,5.5844218138645374e-14
799,532.6666666666666,-0.19415324823828545,-0.1940941733474471,5.907489083833983e-05
800,533.3333333333334,-0.004978942920228571,-0.0050407904270331596,6.184750680458817e-05
801,534.0,-0.14954812398821116,-0.14954812398821318,2.0261570199409107e-15
802,534.6666666666666,-0.16185526642046716,-0.1617897204864486,6.554593401855713e-05
803,535.3333333333334,0.008897619262591137,0.008832866398500346,6.475286409079149e-05
804,536.0,-0.021112052973792192,-0.02111205297323589,5.563015326170984e-13
805,536.6666666666666,-0.3061110881463806,-0.30605081505873355,6.0273087647055856e-05
806,537.3333333333334,-0.3405201818604382,-0.3405750718696881,5.489000924990828e-05
807,538.0,0.18837740480955262,0.18837740480981557,2.6295632338246833e-13
808,538.6666666666666,0.8501303877386281,0.8501854855450302,5.509780640200468e-05
809,539.3333333333334,1.0336648747782813,1.033600381161805,6.449361647620222e-05
810,540.0,0.7744632893518104,0.7744632893518096,7.771561172376096e-16
811,540.6666666666666,0.5830769192922862,0.5831391062162661,6.21869239798567e-05
812,541.3333333333334,0.607303074276905,0.6072382110535116,6.486322339338546e-05
813,542.0,0.49274249548789845,0.49274249548801885,1.2040368702059823e-13
814,542.6666666666666,0.11750947194301553,0.11756675581353,5.728387051447126e-05
815,543.3333333333334,-0.0739836756309289,-0.07403803699372441,5.436136279550474e-05
816,544.0,0.2526090825873844,0.25260908258697873,4.056754931980322e-13
817,544.6666666666666,0.7134594981618998,0.7135140468322162,5.454867031640109e-05
818,545.3333333333334,0.6886708190569533,0.6886081219670799,6.269708987338696e-05
819,546.0,0.18584886109825416,0.18584886109805399,2.0017321133991572e-13
820,546.6666666666666,-0.2419995418831183,-0.24193596798157252,6.357390154579368e-05
821,547.3333333333334,-0.3531912149036046,-0.3532514463693743,6.023146576966676e-05
822,548.0,-0.4728925672564541,-0.4728925672564393,1.482147737874584e-14
823,548.6666666666666,-0.7965837030029148,-0.7965251398851417,5.856311777308054e-05
824,549.3333333333334,-0.955382993594253,-0.9554336320484412,5.0638454188178805e-05
825,550.0,-0.6044135891166322,-0.6044135891169838,3.516076318987871e-13
826,550.6666666666666,-0.0800293454231899,-0.07997297951119153,5.636591199836838e-05
827,551.3333333333334,-0.008009212027923776,-0.0080693219255526,6.01098976288246e-05
828,552.0,-0.4194537458207302,-0.41945374582070555,2.4646951146678475e-14
829,552.6666666666666,-0.7430350453136726,-0.7429707675191745,6.427779449813542e-05
830,553.3333333333334,-0.665883306871009,-0.6659411985079009,5.7891636891849174e-05
831,554.0,-0.49819117831260784,-0.4981911783121615,4.463651670505442e-13
832,554.6666666666666,-0.5223052377290843,-0.5222487904707489,5.6447258335423633e-05
833,555.3333333333334,-0.46147141483749354,-0.46152278381506795,5.1368977574406394e-05
834,556.0,0.029620951408374396,0.02962095140821343,1.6096499133588793e-13
835,556.6666666666666,0.667367448450656,0.6674210067220676,5.35582714116245e-05
836,557.3333333333334,0.8319204066481766,0.8318582713909408,6.213525723575142e-05
837,558.0,0.45553685168344815,0.4555368516836306,1.8246515409714448e-13
838,558.6666666666666,0.11928108008978441,0.1193416920585179,6.06119687334844e-05
839,559.3333333333334,0.20269306918363045,0.20263412121329738,5.8947970333067534e-05
840,560.0,0.41830136625919045,0.41830136625954095,3.504974088741619e-13
841,560.6666666666666,0.40906530392502083,0.4091173313470505,5.20274220296435e-05
842,561.3333333333334,0.3688085972082541,0.36875573299777653,5.286421047756562e-05
843,562.0,0.6560804359292938,0.656080435929227,6.672440377997191e-14
844,562.6666666666666,1.0645049695366064,1.0645565112917288,5.1541755122341826e-05
845,563.3333333333334,1.0081525021262283,1.0080907309180736,6.177120815475945e-05
846,564.0,0.3974731777445919,0.3974731777445671,2.481348460037225e-14
847,564.6666666666666,-0.17725265450588773,-0.17719243177364077,6.022273224695618e-05
848,565.3333333333334,-0.2709625656363818,-0.271018316774138,5.575113775618812e-05
849,566.0,-0.14041442855416075,-0.14041442855433814,1.7738588375948439e-13
850,566.6666666666666,-0.2075096823998812,-0.20745735595462186,5.23264452593486e-05
851,567.3333333333334,-0.3589217022702348,-0.358971391912986,4.968964275120502e-05
852,568.0,-0.2231446621147995,-0.2231446621151762,3.766986722553156e-13
853,568.6666666666666,0.0764975447119797,0.07655152720907513,5.398249709542835e-05
854,569.3333333333334,-0.005660150529466607,-0.0057180986995080145,5.7948170041407544e-05
855,570.0,-0.5891333651925991,-0.5891333651926819,8.282263763703668e-14
856,570.6666666666666,-1.0990074135819006,-1.0989454053742123,6.200820768831328e-05
857,571.3333333333334,-1.049886373030485,-1.0499383530245834,5.197999409833898e-05
858,572.0,-0.6813768566770916,-0.681376856676954,1.375566327510569e-13
859,572.6666666666666,-0.48800192203854903,-0.4879499620292162,5.196000933282985e-05
860,573.3333333333334,-0.4492092878257575,-0.44925811053101805,4.882270526057608e-05
861,574.0,-0.1942056805723688,-0.19420568057244433,7.552292125012627e-14
862,574.6666666666666,0.23126408707874174,0.2313172940600156,5.3206981273867804e-05
863,575.3333333333334,0.3214321675263302,0.321373816860179,5.835066615117457e-05
864,576.0,-0.0821876516444141,-0.08218765164412305,2.910588436932926e-13
865,576.6666666666666,-0.4402813595426183,-0.4402224171196989,5.894242291942797e-05
866,577.3333333333334,-0.24327776234665505,-0.24333081429232634,5.305194567128968e-05
867,578.0,0.28721418075743355,0.28721418075760174,1.6819878823071122e-13
868,578.6666666666666,0.5959739533119002,0.5960212451170299,4.729180512974551e-05
869,579.3333333333334,0.6209194560597363,0.6208681399596693,5.131610006703369e-05
870,580.0,0.740483943478017,0.7404839434778844,1.326716514427062e-13
871,580.6666666666666,1.0018835242573292,1.0019338085769018,5.0284319572657665e-05
872,581.3333333333334,0.9598348800040521,0.959775546417514,5.9333586538201644e-05
873,582.0,0.42926703315718123,0.42926703315715015,3.108624468950438e-14
874,582.6666666666666,-0.08618033589836932,-0.08612392105417288,5.6414844196439606e-05
875,583.3333333333334,-0.051553954379524855,-0.05160592096973232,5.1966590207466745e-05
876,584.0,0.3449427067472628,0.34494270674725813,4.6629367034256575e-15
877,584.6666666666666,0.5109820062640755,0.5110280276418339,4.6021377758331816e-05
878,585.3333333333334,0.31878944757062866,0.31873997107041874,4.947650020992178e-05
879,586.0,0.1623977714192755,0.16239777141909148,1.840194663316197e-13
880,586.6666666666666,0.18999261078316307,0.19004481447061664,5.220368745356696e-05
881,587.3333333333334,0.02563349470147902,0.025577984719538868,5.5509981940152914e-05
882,588.0,-0.5440659896276314,-0.5440659896276673,3.5860203695392556e-14
883,588.6666666666666,-1.0678686640336688,-1.0678105886083975,5.807542527125342e-05
884,589.3333333333334,-1.003749441372555,-1.0037970854194183,4.764404686330437e-05
885,590.0,-0.5122068283456294,-0.5122068283456773,4.796163466380676e-14
886,590.6666666666666,-0.220276278661716,-0.2202291785914484,4.710007026761942e-05
887,591.3333333333334,-0.3260071441805571,-0.3260540924159443,4.694823538720083e-05
888,592.0,-0.4345938047432978,-0.43459380474346815,1.7036372312873027e-13
889,592.6666666666666,-0.31173025588874137,-0.31167671929295027,5.3536595791103814e-05
890,593.3333333333334,-0.2747253918960771,-0.27477929772996473,5.390583388764636e-05
891,594.0,-0.5808374369769943,-0.580837436976627,3.672617765460018e-13
892,594.6666666666666,-0.8562551109554166,-0.8561988644610357,5.624649438096263e-05
893,595.3333333333334,-0.5739980066864221,-0.5740457547928143,4.774810639218696e-05
894,596.0,0.1283899554937488,0.12838995549384777,9.89763826453327e-14
895,596.6666666666666,0.597883712492241,0.5979272645662613,4.355207402029215e-05
896,597.3333333333334,0.572142558797215,0.5720934338202268,4.9124976988168534e-05
897,598.0,0.4446050751200167,0.4446050751202377,2.2104540420286867e-13
898,598.6666666666666,0.5352737462493412,0.5353243400901989,5.0593840857704464e-05
899,599.3333333333334,0.5926423568595022,0.5925867363820584,5.562047744378518e-05
900,600.0,0.3222680043997835,0.32226800440015557,3.720912467031212e-13
901,600.6666666666666,0.02027188328525718,0.020323889347984424,5.200606272724381e-05
902,601.3333333333334,0.2009394933452785,0.20089088887185638,4.8604473422114713e-05
903,602.0,0.7678460966431753,0.767846096643054,1.212363542890671e-13
904,602.6666666666666,1.0718049097114601,1.0718457207006076,4.0810989147432863e-05
905,603.3333333333334,0.8100737128950153,0.8100247188730936,4.8994021921711095e-05
906,604.0,0.3850724375598941,0.3850724375594383,4.55802062759858e-13
907,604.6666666666666,0.2087257667696648,0.2087767824632938,5.101569362897518e-05
908,605.3333333333334,0.10528600511207065,0.10523300250073203,5.300261133861506e-05
909,606.0,-0.2496758038435273,-0.24967580384380725,2.799427356592332e-13
910,606.6666666666666,-0.6407024523639764,-0.6406500867773959,5.236558658050505e-05
911,607.3333333333334,-0.5716727411176755,-0.5717175320945364,4.479097686083122e-05
912,608.0,-0.09275754114795631,-0.09275754114806871,1.1239620345548929e-13
913,608.6666666666666,0.1637151305628471,0.16375769270063545,4.2562137788360044e-05
914,609.3333333333334,-0.14143839295648922,-0.1414838675103963,4.5474553907076665e-05
915,610.0,-0.6098333903286852,-0.6098333903287763,9.103828801926284e-14
916,610.6666666666666,-0.7571289229020486,-0.7570752322732255,5.369062882309983e-05
917,611.3333333333334,-0.6982240209470864,-0.6982737526079581,4.973166087174352e-05
918,612.0,-0.8015594064292768,-0.8015594064290342,2.425837308805967e-13
919,612.6666666666666,-0.9529364022886877,-0.9528844704534023,5.193183528540146e-05
920,613.3333333333334,-0.6953470081818492,-0.6953903032157929,4.329503394362444e-05
921,614.0,-0.040889748244452684,-0.04088974824439059,6.209616154606579e-14
922,614.6666666666666,0.3984130180889369,0.3984541701934038,4.1152104466868344e-05
923,615.3333333333334,0.245812090394189,0.245765850355971,4.624003821798728e-05
924,616.0,-0.11866401560304143,-0.1186640156030191,2.232936058277346e-14
925,616.6666666666666,-0.1552960920024063,-0.15524451255439498,5.157944801131853e-05
926,617.3333333333334,0.07497207203368532,0.07492084438647294,5.122764721238182e-05
927,618.0,0.16049554613187306,0.16049554613208875,2.1568857810905229e-13
928,618.6666666666666,0.11363868725518751,0.11368574996200684,4.7062706819325784e-05
929,619.3333333333334,0.35328185319882477,0.3532366763061552,4.517689266958502e-05
930,620.0,0.9192896057247648,0.9192896057249372,1.724176357242868e-13
931,620.6666666666666,1.245778203038564,1.2458158732720768,3.7670233512754336e-05
932,621.3333333333334,0.9397635389812905,0.9397159039091959,4.7635072094598385e-05
933,622.0,0.3694512054312197,0.3694512054313099,9.020562075079397e-14
934,622.6666666666666,0.13103251785613224,0.13108257289377692,5.005503764468622e-05
935,623.3333333333334,0.2268415729350875,0.22679107868406934,5.049425101816274e-05
936,624.0,0.21794091281561312,0.21794091281576866,1.5554224574998443e-13
937,624.6666666666666,0.026646360053714253,0.026691815667049482,4.545561333522963e-05
938,625.3333333333334,0.0412886594010948,0.0412459109975212,4.2748403573600324e-05
939,626.0,0.3671847823862993,0.3671847823858624,4.3692827134123036e-13
940,626.6666666666666,0.5043295679500088,0.5043686931751327,3.9125225123837204e-05
941,627.3333333333334,0.05443628589255346,0.05439202223031777,4.4263662235692613e-05
942,628.0,-0.6342894587204355,-0.6342894587209523,5.168088179630104e-13
943,628.6666666666666,-0.9268594838856654,-0.926806736060809,5.274782485642504e-05
944,629.3333333333334,-0.7690831912478244,-0.7691296477727784,4.64565249539417e-05
945,630.0,-0.6317110178231866,-0.6317110178233257,1.3911094498553211e-13
946,630.6666666666666,-0.6908374727813662,-0.690791408964209,4.606381715721586e-05
947,631.3333333333334,-0.6025887979534205,-0.6026284548893163,3.9656935895804324e-05
948,632.0,-0.2055987616526213,-0.2055987616528118,1.9048651545006123e-13
949,632.6666666666666,0.06386646133371139,0.06390656788381255,4.010655010115716e-05
950,633.3333333333334,-0.20528633747087055,-0.2053294818069146,4.314433604404866e-05
951,634.0,-0.7074757630605206,-0.7074757630603488,1.7186252421197423e-13
952,634.6666666666666,-0.7970159563224725,-0.7969639980838654,5.195823860704163e-05
953,635.3333333333334,-0.38433732732009734,-0.3843841107454822,4.6783425384833155e-05
954,636.0,0.02524144883310494,0.025241448833403055,2.9811569879356625e-13
955,636.6666666666666,0.15653581594117513,0.156577733640076,4.191769890085628e-05
956,637.3333333333334,0.30587447974287596,0.30583318231670087,4.129742617509091e-05
957,638.0,0.6937152393653762,0.6937152393655458,1.6964207816272392e-13
958,638.6666666666666,0.9604532012623366,0.9604901418296169,3.6940567280319137e-05
959,639.3333333333334,0.6934880669456738,0.6934426961874423,4.5370758231522146e-05
960,640.0,0.15478486282016599,0.15478486282034176,1.757760603737779e-13
961,640.6666666666666,-0.004682996128211666,-0.004634255391264923,4.8740736946743454e-05
962,641.3333333333334,0.3467995473392525,0.34675174185269575,4.780548655675121e-05
963,642.0,0.690453320562296,0.6904533205623591,6.306066779870889e-14
964,642.6666666666666,0.6740747925108365,0.674113253856539,3.846134570251181e-05
965,643.3333333333334,0.561692076399243,0.5616514192712062,4.065712803680288e-05
966,644.0,0.6479770851769996,0.6479770851766822,3.1741276274033225e-13
967,644.6666666666666,0.6698270343155993,0.6698643142696941,3.7279954094748824e-05
968,645.3333333333334,0.22792409928497653,0.22788081151516137,4.328776981515903e-05
969,646.0,-0.4604219466707762,-0.46042194667105507,2.788880237858393e-13
970,646.6666666666666,-0.7490102725867833,-0.7489601901837288,5.0082403054485525e-05
971,647.3333333333334,-0.4661842036390976,-0.46622830816615773,4.4104527060107035e-05
972,648.0,-0.1350418458969039,-0.1350418458971191,2.1518897774797097e-13
973,648.6666666666666,-0.1776766065935646,-0.17763721190171952,3.939469184507938e-05
974,649.3333333333334,-0.36649313585298615,-0.3665297902622913,3.6654409305170166e-05
975,650.0,-0.3414472286819321,-0.3414472286822766,3.4450220454118607e-13
976,650.6666666666666,-0.27514058816657255,-0.275100566377817,4.002178875556206e-05
977,651.3333333333334,-0.5631856144336729,-0.5632261870622378,4.057262856493882e-05
978,652.0,-1.055649769058932,-1.0556497690589468,1.4876988529977098e-14
979,652.6666666666666,-1.140529618922891,-1.1404790532076479,5.0565715243200415e-05
980,653.3333333333334,-0.6249558665851469,-0.6249985373208911,4.26707357441547e-05
981,654.0,-0.03936903966499324,-0.039369039664902045,9.11978825790527e-14
982,654.6666666666666,0.12382992868730497,0.12386701137922455,3.708269191958491e-05
983,655.3333333333334,0.04722004226313471,0.04718308054955349,3.696171358122391e-05
984,656.0,0.14526586979330813,0.14526586979340242,9.428569036629142e-14
985,656.6666666666666,0.3318482973761427,0.33188642855130585,3.813117516315856e-05
986,657.3333333333334,0.2138121726247074,0.2137695280184446,4.264460626279831e-05
987,658.0,-0.13448882961229536,-0.1344888296120735,2.218503158957219e-13
988,658.6666666666666,-0.14614393998034303,-0.14609741468222467,4.652529811835504e-05
989,659.3333333333334,0.3952179263473158,0.3951733606886519,4.456565866389761e-05
990,660.0,0.9720629442470432,0.9720629442471873,1.4410694859634532e-13
991,660.6666666666666,1.0457699995245124,1.0458026357937682,3.263626925575913e-05
992,661.3333333333334,0.7684393352543479,0.768401412284571,3.792296977689347e-05
993,662.0,0.6178426204012288,0.6178426204012681,3.930189507173054e-14
994,662.6666666666666,0.6076150301982025,0.6076520108766047,3.698067840218755e-05
995,663.3333333333334,0.3621808300791125,0.3621383224185858,4.250766052671384e-05
996,664.0,-0.11290614938008423,-0.11290614938018582,1.0159928454100964e-13
997,664.6666666666666,-0.29554790183916557,-0.295502264616788,4.563722237754808e-05
998,665.3333333333334,0.06223559272306796,0.062193491849903186,4.21008731647729e-05
999,666.0,0.47686807608192994,0.4768680760817844,1.4555023852835802e-13
1000,666.6666666666666,0.3836410453542396,0.3836741335570905,3.308820285091718e-05
1001,667.3333333333334,-0.09102626607033724,-0.09106040844304597,3.414237270872589e-05
1002,668.0,-0.4130957304285176,-0.4130957304289212,4.0362158060247566e-13
1003,668.6666666666666,-0.47583991330568287,-0.4757997176498348,4.019565584806317e-05
1004,669.3333333333334,-0.642845983770556,-0.6428850714285245,3.9087657968450706e-05
1005,670.0,-0.9909091840127734,-0.9909091840130649,2.915445662665661e-13
1006,670.6666666666666,-1.06346031064358,-1.0634134744459491,4.6836197630906184e-05
1007,671.3333333333334,-0.5949203364593313,-0.5949592584179692,3.8921958637860854e-05
1008,672.0,-0.03559589530974845,-0.03559589530959672,1.5173279299673936e-13
1009,672.6666666666666,0.024055906887213617,0.024088960593522758,3.3053706309141284e-05
1010,673.3333333333334,-0.3282495236257833,-0.32828216354623174,3.263992044844066e-05
1011,674.0,-0.5250928363938208,-0.5250928363938772,5.639932965095795e-14
1012,674.6666666666666,-0.3851822667623369,-0.3851421999645882,4.0066797748705696e-05
1013,675.3333333333334,-0.2708170200133002,-0.27085707437775114,4.005436445092547e-05
1014,676.0,-0.35256459468682577,-0.3525645946867341,9.164891068280667e-14
1015,676.6666666666666,-0.25290781861995676,-0.2528646810333056,4.313758665114298e-05
1016,677.3333333333334,0.3076420501045493,0.3076016293488055,4.042075574378634e-05
1017,678.0,0.9248542252746469,0.9248542252748249,1.779687508474126e-13
1018,678.6666666666666,0.9998874013955885,0.9999162870206486,2.888562506009329e-05
1019,679.3333333333334,0.5880798068437987,0.5880452945093058,3.4512334492919905e-05
1020,680.0,0.28743409057153946,0.2874340905716415,1.0202949596305189e-13
1021,680.6666666666666,0.35630420609290947,0.3563418405341749,3.76344412654217e-05
1022,681.3333333333334,0.4461236034173188,0.4460818648683345,4.173854898431584e-05
1023,682.0,0.30562921656027997,0.305629216560252,2.7977620220553945e-14
1024,682.6666666666666,0.24238961699281214,0.24242959159480415,3.997460199200997e-05
1025,683.3333333333334,0.5640614547546235,0.5640218742915628,3.958046306073992e-05
1026,684.0,0.9382643482402518,0.9382643482399993,2.525757381022231e-13
1027,684.6666666666666,0.7838353210819715,0.7838635839800283,2.8262898056796715e-05
1028,685.3333333333334,0.13401269694397855,0.1339805876774414,3.2109266537155845e-05
1029,686.0,-0.3871103001110954,-0.3871103001114716,3.761990718942343e-13
1030,686.6666666666666,-0.4480908444767079,-0.44805097683503975,3.986764166813428e-05
1031,687.3333333333334,-0.38039456687440476,-0.38043328802443815,3.8721150033393936e-05
1032,688.0,-0.5139498985726245,-0.5139498985727917,1.6719958750854857e-13
1033,688.6666666666666,-0.6167433278706929,-0.616702286994213,4.104087647982535e-05
1034,689.3333333333334,-0.35836721108026026,-0.3584025259802198,3.531489995955983e-05
1035,690.0,0.003133396535943015,0.0031333965358813,6.171495606221988e-14
1036,690.6666666666666,-0.09396295936235594,-0.0939328516838018,3.010767855413099e-05
1037,691.3333333333334,-0.6522382921324146,-0.6522674066823361,2.9114549921493982e-05
1038,692.0,-1.0493829114208126,-1.049382911420981,1.6830981053317373e-13
1039,692.6666666666666,-0.9061143177875717,-0.9060729901940454,4.1327593526263584e-05
1040,693.3333333333334,-0.5500344993466946,-0.5500724892190472,3.79898723525951e-05
1041,694.0,-0.3986761208994368,-0.3986761208991615,2.753353101070388e-13
1042,694.6666666666666,-0.30816879532636904,-0.3081300954508029,3.869987556615051e-05
1043,695.3333333333334,0.06453341036861196,0.06449811834911419,3.529201949777072e-05
1044,696.0,0.5365101454855677,0.5365101454856828,1.1501910535116622e-13
1045,696.6666666666666,0.5704913381338679,0.5705187461760876,2.740804221967874e-05
1046,697.3333333333334,0.12296535717991515,0.12293440153220252,3.0955647712632706e-05
1047,698.0,-0.20058406354557873,-0.2005840635454419,1.3683498778505054e-13
1048,698.6666666666666,0.018313248763226937,0.018351573928585652,3.832516535871508e-05
1049,699.3333333333334,0.46367140950038027,0.4636308077137427,4.0601786637561865e-05
1050,700.0,0.6461393437658998,0.646139343765997,9.725553695716371e-14
1051,700.6666666666666,0.6342235374357102,0.634257603313433,3.4065877722699867e-05
1052,701.3333333333334,0.7963911613586396,0.7963553094385272,3.5851920112461855e-05
1053,702.0,1.0455909266399346,1.0455909266399706,3.597122599785507e-14
1054,702.6666666666666,0.8922618647500694,0.8922874213528621,2.555660279268679e-05
1055,703.3333333333334,0.2634343413712584,0.2634036953469401,3.0646024318292664e-05
1056,704.0,-0.2539109374819367,-0.25391093748197546,3.8746783559417963e-14
1057,704.6666666666666,-0.2014797470396902,-0.20144123594625288,3.851109343733228e-05
1058,705.3333333333334,0.12996971084674505,0.12993084910656583,3.886174017922461e-05
1059,706.0,0.1975302214978549,0.19753022149761915,2.35755859279152e-13
1060,706.6666666666666,0.00428192132120716,0.004316101002399653,3.417968119249267e-05
1061,707.3333333333334,-0.05308555530637795,-0.053117151547980246,3.1596241602295516e-05
1062,708.0,0.03885364981623678,0.03885364981610365,1.3312961844036408e-13
1063,708.6666666666666,-0.15779106717185376,-0.15776287201812048,2.819515373328474e-05
1064,709.3333333333334,-0.7545263779697104,-0.7545534998950126,2.7121925302187044e-05
1065,710.0,-1.2063572996531844,-1.2063572996533944,2.1005419625907962e-13
1066,710.6666666666666,-1.037304948431148,-1.0372641543117287,4.079411941937394e-05
1067,711.3333333333334,-0.5212869947319636,-0.5213234009458041,3.64062138404897e-05
1068,712.0,-0.2563916150502077,-0.2563916150501166,9.10937991704941e-14
1069,712.6666666666666,-0.31351262382383727,-0.3134789550111693,3.366881266797517e-05
1070,713.3333333333334,-0.28304800661701124,-0.2830775509011772,2.9544284165961e-05
1071,714.0,-0.06287935914668433,-0.06287935914637617,3.0815627827252e-13
1072,714.6666666666666,-0.046814324071762295,-0.04678669738965873,2.762668210356395e-05
1073,715.3333333333334,-0.39894088093235686,-0.3989689447403314,2.806380797454322e-05
1074,716.0,-0.6388837600459704,-0.6388837600458194,1.509903313490213e-13
1075,716.6666666666666,-0.2895455538397696,-0.2895073898723922,3.816396737738037e-05
1076,717.3333333333334,0.39412276706107846,0.3940841514312967,3.8615629781746375e-05
1077,718.0,0.7726941725238354,0.7726941725241226,2.87214696470528e-13
1078,718.6666666666666,0.7112240380217355,0.7112529401908558,2.890216912032617e-05
1079,719.3333333333334,0.6358993982717931,0.6358686038281411,3.0794443651949166e-05
1080,720.0,0.7449468072670412,0.7449468072671638,1.2256862191861728e-13
1081,720.6666666666666,0.70209122717653,0.7021161265225452,2.489934601512811e-05
1082,721.3333333333334,0.29992577663587133,0.29989596383419914,2.9812801672191025e-05
1083,722.0,-0.044948908822772665,-0.0449489088229011,1.284319872674189e-13
1084,722.6666666666666,0.15032732115760894,0.15036335062304942,3.602946544048469e-05
1085,723.3333333333334,0.6700975809032658,0.6700591212354355,3.845966783022625e-05
1086,724.0,0.862436345935631,0.8624363459354727,1.5831780331154732e-13
1087,724.6666666666666,0.5484892115923401,0.5485167893748772,2.7577782537147044e-05
1088,725.3333333333334,0.17818915853821088,0.17816145771332131,2.7700824889564934e-05
1089,726.0,0.050380402514436456,0.050380402514399354,3.710226570419195e-14
1090,726.6666666666666,-0.106969278888573,-0.10694229348085171,2.6985407721280552e-05
1091,727.3333333333334,-0.5441849377491452,-0.5442118969302262,2.6959181080976613e-05
1092,728.0,-0.9193583165434855,-0.9193583165438133,3.277378368693462e-13
1093,728.6666666666666,-0.7551142897548319,-0.7550762277886912,3.806196614064561e-05
1094,729.3333333333334,-0.22687152524930937,-0.22690636215783155,3.483690852218446e-05
1095,730.0,0.008514784860084945,0.00851478485998922,9.572551085135217e-14
1096,730.6666666666666,-0.27434383135419205,-0.2743151922293372,2.8639124854845655e-05
1097,731.3333333333334,-0.619173447810921,-0.6191974025744699,2.3954763548883484e-05
1098,732.0,-0.6468903404141184,-0.6468903404139535,1.6486811915683575e-13
1099,732.6666666666666,-0.5803604367172788,-0.5803319919952988,2.8444721979936638e-05
1100,733.3333333333334,-0.7287281700740237,-0.728754668338879,2.6498264855345788e-05
1101,734.0,-0.847039545459071,-0.8470395454590346,3.6415315207705135e-14
1102,734.6666666666666,-0.48256375860834766,-0.4825271531196707,3.660548867695512e-05
1103,735.3333333333334,0.22606594683432546,0.22603054796059305,3.5398873732411795e-05
1104,736.0,0.624873427949147,0.6248734279494894,3.423927807943983e-13
1105,736.6666666666666,0.44405067936516696,0.4440757763000434,2.5096934876456256e-05
1106,737.3333333333334,0.13674479928104535,0.1367198048971532,2.4994383892140704e-05
1107,738.0,0.15297381645215868,0.15297381645229657,1.3788969965844444e-13
1108,738.6666666666666,0.31985028925769976,0.31987587179395893,2.5582536259172173e-05
1109,739.3333333333334,0.27492306561595337,0.2748935732654782,2.9492350475168738e-05
1110,740.0,0.16864452115499096,0.16864452115488696,1.0400014183176154e-13
1111,740.6666666666666,0.4346361111888521,0.4346688694662221,3.2758277369981936e-05
1112,741.3333333333334,0.9907614301966294,0.9907249615079673,3.646868866213904e-05
1113,742.0,1.2154704358382435,1.2154704358382247,1.887379141862766e-14
1114,742.6666666666666,0.8162991129942988,0.8163214799201474,2.236692584856037e-05
1115,743.3333333333334,0.24961236593466948,0.24958851903389173,2.3846900777751978e-05
1116,744.0,0.03846561232988921,0.03846561232991933,3.012173843686128e-14
1117,744.6666666666666,0.06919452737593972,0.06922056749960279,2.6040123663070847e-05
1118,745.3333333333334,-0.06201697264573586,-0.0620452211819977,2.824853626184204e-05
1119,746.0,-0.29392519658157606,-0.2939251965819453,3.6926017799032707e-13
1120,746.6666666666666,-0.2097488711042687,-0.20971532218770325,3.354891656545678e-05
1121,747.3333333333334,0.17479929507427933,0.17476666385634426,3.263121793506407e-05
1122,748.0,0.28557275403764626,0.2855727540374917,1.545430450278218e-13
1123,748.6666666666666,-0.18881131784890198,-0.18878720431186358,2.411353703840602e-05
1124,749.3333333333334,-0.8038173807597517,-0.8038368459146191,1.9465154867392975e-05
1125,750.0,-0.985147182955805,-0.9851471829559236,1.1868284133242923e-13
1126,750.6666666666666,-0.8017240589339774,-0.8016953454193093,2.871351466804395e-05
1127,751.3333333333334,-0.7080533291652683,-0.7080797312735253,2.6402108256995405e-05
1128,752.0,-0.7459623757659657,-0.7459623757660503,8.459899447643693e-14
1129,752.6666666666666,-0.5319209237015661,-0.5318873269525203,3.359674904579446e-05
1130,753.3333333333334,-0.02331875608664449,-0.023349646064499345,3.088997785485534e-05
1131,754.0,0.25297883030641727,0.2529788303066534,2.361444373377708e-13
1132,754.6666666666666,-0.04003124870463147,-0.040008587579266855,2.266112536461473e-05
1133,755.3333333333334,-0.4905372951908339,-0.49055684381173487,1.9548620900977642e-05
1134,756.0,-0.4961012614561725,-0.4961012614558988,2.7372548672133235e-13
1135,756.6666666666666,-0.09080879727038557,-0.0907822200864769,2.6577183908665925e-05
1136,757.3333333333334,0.22223628887395125,0.2222069603538932,2.9328520058047314e-05
1137,758.0,0.300818617512639,0.3008186175128619,2.2287727219350018e-13
1138,758.6666666666666,0.49728251802011264,0.49731178455937536,2.9266539262717828e-05
1139,759.3333333333334,0.9233730276729407,0.9233406983013865,3.2329371554173925e-05
1140,760.0,1.119557279341119,1.11955727934126,1.4099832412739488e-13
1141,760.6666666666666,0.7384800865847175,0.7384991638069256,1.9077222208063738e-05
1142,761.3333333333334,0.16075857809296806,0.1607381188077707,2.0459285197366173e-05
1143,762.0,0.015197260334504602,0.015197260334445314,5.928764423845934e-14
1144,762.6666666666666,0.3128652239083954,0.31289024686892997,2.5022960534581973e-05
1145,763.3333333333334,0.5234180091867332,0.5233880206327902,2.9988553942983387e-05
1146,764.0,0.4233235157284785,0.42332351572821525,2.632338791386246e-13
1147,764.6666666666666,0.34619134352500935,0.3462195995927781,2.8256067768739346e-05
1148,765.3333333333334,0.48694218369095665,0.4869128916207078,2.9292070248876367e-05
1149,766.0,0.4711405589153218,0.4711405589153804,5.861977570020827e-14
1150,766.6666666666666,-0.04964222840059032,-0.04962187751889846,2.0350881691860723e-05
1151,767.3333333333334,-0.7341535524132924,-0.734170361820745,1.6809407452633707e-05
1152,768.0,-0.9428273102489607,-0.9428273102491219,1.6120438317557273e-13
1153,768.6666666666666,-0.6259585403969621,-0.6259308361316801,2.7704265281980334e-05
1154,769.3333333333334,-0.3379445883486927,-0.3379718563483494,2.7267999656743758e-05
1155,770.0,-0.38418111363881857,-0.3841811136389109,9.231504449758177e-14
1156,770.6666666666666,-0.45981753183670354,-0.45978801974513894,2.9512091564598553e-05
1157,771.3333333333334,-0.29775944200434384,-0.2977849032271064,2.546122276253504e-05
1158,772.0,-0.19422030526329054,-0.19422030526307774,2.1280199824502688e-13
1159,772.6666666666666,-0.5106369313797622,-0.5106158756332099,2.1055746552312016e-05
1160,773.3333333333334,-0.9703353303772886,-0.9703509469795063,1.5616602217716213e-05
1161,774.0,-0.9518555020877205,-0.9518555020876676,5.295763827461997e-14
1162,774.6666666666666,-0.38215170065141646,-0.38212475358672343,2.69470646930281e-05
1163,775.3333333333334,0.16044874044057894,0.16041993852196826,2.8801918610682486e-05
1164,776.0,0.29023823305594604,0.2902382330560992,1.5315526624704034e-13
1165,776.6666666666666,0.278390696240428,0.27841674792179416,2.6051681366157098e-05
1166,777.3333333333334,0.4603965675865003,0.4603702970017583,2.627058474202748e-05
1167,778.0,0.6223327217896122,0.6223327217898726,2.604583215770617e-13
1168,778.6666666666666,0.3941224172503909,0.3941399248549412,1.7507604550326406e-05
1169,779.3333333333334,-0.01653559661137847,-0.016553561508388936,1.796489701046816e-05
1170,780.0,-0.012146626430851733,-0.01214662643084172,1.001282390333813e-14
1171,780.6666666666666,0.5123128201368709,0.5123366523222125,2.383218534163234e-05
1172,781.3333333333334,0.9792844063280695,0.9792535126081571,3.0893719912383766e-05
1173,782.0,0.948036397070527,0.9480363970705034,2.3647750424515834e-14
1174,782.6666666666666,0.6712006285334005,0.6712239278560385,2.329932263800405e-05
1175,783.3333333333334,0.5637420369148293,0.5637172896741381,2.4747240691125327e-05
1176,784.0,0.5090097728434042,0.5090097728434646,6.039613253960852e-14
1177,784.6666666666666,0.14136799218840707,0.14138534714715406,1.7354958746995663e-05
1178,785.3333333333334,-0.3988293156079653,-0.39884549727074364,1.6181662778336214e-05
1179,786.0,-0.5425118968354431,-0.5425118968356357,1.9262369477246466e-13
1180,786.6666666666666,-0.14795477669832188,-0.14792940460629558,2.5372092026298976e-05
1181,787.3333333333334,0.22441078902781597,0.22438268314470614,2.810588310983575e-05
1182,788.0,0.0916136777564319,0.09161367775643443,2.5396351688300456e-15
1183,788.6666666666666,-0.31474827792302545,-0.3147233479382589,2.492998476655295e-05
1184,789.3333333333334,-0.5117432334108325,-0.5117630817924632,1.9848381630716005e-05
1185,790.0,-0.5284998338873896,-0.5284998338873986,8.992806499463768e-15
1186,790.6666666666666,-0.7366804726194357,-0.7366609747458985,1.9497873537166477e-05
1187,791.3333333333334,-1.0830760950541087,-1.083090015185272,1.392013116330304e-05
1188,792.0,-1.0517884398639377,-1.0517884398640331,9.547918011776346e-14
1189,792.6666666666666,-0.47887868720814186,-0.4788525153626681,2.617184547376583e-05
1190,793.3333333333334,0.09210006096855353,0.09207264336422523,2.741760432829754e-05
1191,794.0,0.1356862727079233,0.13568627270810396,1.806610416821286e-13
1192,794.6666666666666,-0.1501230715888927,-0.15009979199475776,2.327959413495062e-05
1193,795.3333333333334,-0.23319797988565025,-0.2332172622427115,1.9282357061251032e-05
1194,796.0,-0.06733871302027508,-0.06733871302013963,1.354472090042691e-13
1195,796.6666666666666,-0.03601000894084259,-0.03599309699863873,1.6911942203858e-05
1196,797.3333333333334,-0.18142477829292492,-0.1814413488766974,1.6570583772496095e-05
1197,798.0,-0.04985704236074004,-0.04985704236073286,7.181755190543981e-15
1198,798.6666666666666,0.5484093581384001,0.5484319422939002,2.2584155500160463e-05
1199,799.3333333333334,1.1067019003348924,1.1066720124538236,2.9887881068724198e-05
1200,800.0,1.078982684446768,1.0789826844469288,1.6076029396572267e-13
1201,800.6666666666666,0.6393537518782232,0.6393731794576079,1.942757938466766e-05
1202,801.3333333333334,0.37119586732982746,0.3711764429312468,1.9424398580658586e-05
1203,802.0,0.40378673144602817,0.40378673144610155,7.338574192772285e-14
1204,802.6666666666666,0.3563882503681828,0.3564032379806271,1.4987612444339327e-05
1205,803.3333333333334,0.1027611330277993,0.10274402819584759,1.7104831951705868e-05
1206,804.0,0.041396904542851054,0.041396904542643546,2.0750762219634566e-13
1207,804.6666666666666,0.40140180582047136,0.40142410302009,2.229719961865939e-05
1208,805.3333333333334,0.7374120305332659,0.7373841967175817,2.7833815684163987e-05
1209,806.0,0.5042964782631887,0.5042964782630817,1.0702549957386509e-13
1210,806.6666666666666,-0.1437936647858568,-0.14377329022606733,2.0374559789482216e-05
1211,807.3333333333334,-0.5816214246574509,-0.5816363286825184,1.4904025067430382e-05
1212,808.0,-0.6044921364141598,-0.6044921364143173,1.5754064719430971e-13
1213,808.6666666666666,-0.5926325592577236,-0.5926151843064079,1.737495131570732e-05
1214,809.3333333333334,-0.7623673957260483,-0.7623818110930743,1.441536702606605e-05
1215,810.0,-0.7832233802586585,-0.783223380258735,7.649436639667329e-14
1216,810.6666666666666,-0.395842585289353,-0.3958183346489623,2.425064039068836e-05
1217,811.3333333333334,0.016102205703878665,0.016077291922293253,2.491378158541238e-05
1218,812.0,-0.09310729640957746,-0.0931072964094967,8.075484725367232e-14
1219,812.6666666666666,-0.6063919396396822,-0.6063712348065038,2.0704833178397664e-05
1220,813.3333333333334,-0.8849379327275246,-0.8849506923096091,1.2759582084465038e-05
1221,814.0,-0.6712655262293682,-0.6712655262293231,4.5075054799781356e-14
1222,814.6666666666666,-0.35595152071381014,-0.3559351255186687,1.6395195141460928e-05
1223,815.3333333333334,-0.2535056094673504,-0.25352174873962185,1.613927227145373e-05
1224,816.0,-0.11193091535776598,-0.11193091535768243,8.354428260304303e-14
1225,816.6666666666666,0.35410404097057835,0.3541254978208722,2.1456850293866125e-05
1226,817.3333333333334,0.830968475270268,0.8309419367823074,2.6538487960525714e-05
1227,818.0,0.7832323667155225,0.7832323667158826,3.6004532688593827e-13
1228,818.6666666666666,0.29015872119400554,0.290175464669576,1.6743475570457633e-05
1229,819.3333333333334,-0.005196207201234185,-0.0052103058003068045,1.4098599072619351e-05
1230,820.0,0.20603798188918884,0.20603798188931033,1.2148615446960775e-13
1231,820.6666666666666,0.5361984692169689,0.5362115929091278,1.3123692158889533e-05
1232,821.3333333333334,0.5903850743742092,0.5903664972277738,1.857714643538344e-05
1233,822.0,0.5559253830798809,0.555925383079813,6.794564910705958e-14
1234,822.6666666666666,0.7596464692705116,0.7596658070208755,1.9337750363890294e-05
1235,823.3333333333334,0.9816139169847594,0.9815882024030066,2.5714581752822596e-05
1236,824.0,0.7196305150634443,0.7196305150634362,8.104628079763643e-15
1237,824.6666666666666,0.023128448114202227,0.023144594706038097,1.614659183587011e-05
1238,825.3333333333334,-0.46573935078610446,-0.4657506246729116,1.127388680716157e-05
1239,826.0,-0.38847526217220163,-0.38847526217241235,2.107203300738547e-13
1240,826.6666666666666,-0.12020465163361935,-0.12019008433820491,1.4567295414436021e-05
1241,827.3333333333334,-0.12518203360553554,-0.12519831748722568,1.6283881690143387e-05
1242,828.0,-0.2786541022210703,-0.2786541022213711,3.0081492852218616e-13
1243,828.6666666666666,-0.2146954798138413,-0.21467391232401709,2.1567489824209085e-05
1244,829.3333333333334,-0.05835968333573531,-0.05838106553249355,2.138219675824199e-05
1245,830.0,-0.2795327631726161,-0.27953276317274345,1.2734258092450546e-13
1246,830.6666666666666,-0.8741921285735694,-0.8741743085705348,1.7820003034629828e-05
1247,831.3333333333334,-1.2294013527191197,-1.2294093178532632,7.965134143583796e-06
1248,832.0,-0.9607936949942777,-0.9607936949942829,5.218048215738236e-15
1249,832.6666666666666,-0.44018673224806293,-0.44017140635799806,1.532589006486562e-05
1250,833.3333333333334,-0.2049551945457903,-0.20497142111451336,1.622656872304895e-05
1251,834.0,-0.20285674526601422,-0.20285674526601372,4.996003610813204e-16
1252,834.6666666666666,-0.04170601545755223,-0.04168553302535024,2.0482432201991696e-05
1253,835.3333333333334,0.24201175542935102,0.24199051879312294,2.1236636228078032e-05
1254,836.0,0.207926982307506,0.20792698230774131,2.3531177006930193e-13
1255,836.6666666666666,-0.19625107767363628,-0.19623633446173633,1.4743211899953534e-05
1256,837.3333333333334,-0.40516104496277155,-0.40517063409167353,9.589128901976718e-06
1257,838.0,-0.018167439618178353,-0.018167439618064093,1.1425929646868838e-13
1258,838.6666666666666,0.6054808601438537,0.605492608069589,1.1747925735328124e-05
1259,839.3333333333334,0.8737482902032441,0.8737288421670752,1.944803616882318e-05
1260,840.0,0.7797572077630057,0.7797572077631614,1.5565326805244695e-13
1261,840.6666666666666,0.7509208053976043,0.7509379685477647,1.7163150160426355e-05
1262,841.3333333333334,0.8532357376712665,0.8532140931170925,2.164455417397182e-05
1263,842.0,0.6932811888477587,0.6932811888479539,1.9517720772910252e-13
1264,842.6666666666666,0.17187315580690368,0.17188546468997432,1.2308883070633048e-05
1265,843.3333333333334,-0.1932263149837753,-0.19323545825649271,9.143272717421214e-06
1266,844.0,0.019796416492788977,0.01979641649256732,2.216560268664125e-13
1267,844.6666666666666,0.4840770320970227,0.48408855069612294,1.1518599100257543e-05
1268,845.3333333333334,0.5778844774808067,0.5778662317001639,1.824578064280047e-05
1269,846.0,0.24944496061605245,0.24944496061571317,3.3928415632544784e-13
1270,846.6666666666666,-0.03598136820960829,-0.03596275666602823,1.8611543580057677e-05
1271,847.3333333333334,-0.10839592205090035,-0.10841315367454453,1.7231623644184402e-05
1272,848.0,-0.3122320862455909,-0.3122320862458258,2.349231920106831e-13
1273,848.6666666666666,-0.8007982259167624,-0.8007840580115285,1.4167905233897216e-05
1274,849.3333333333334,-1.122464519977492,-1.1224700637875196,5.543810027486273e-06
1275,850.0,-0.8502850930925392,-0.8502850930927669,2.277067423506196e-13
1276,850.6666666666666,-0.2811278629026695,-0.28111428680681533,1.3576095854173076e-05
1277,851.3333333333334,-0.06338219652603075,-0.06339845242339127,1.6255897360525906e-05
1278,852.0,-0.30116368747013217,-0.30116368747014666,1.4488410471358293e-14
1279,852.6666666666666,-0.5105288261378734,-0.5105094133616589,1.9412776214533523e-05
1280,853.3333333333334,-0.4361167342066028,-0.4361317713416423,1.5037135039530636e-05
1281,854.0,-0.3865242285217524,-0.38652422852166707,8.532063944244328e-14
1282,854.6666666666666,-0.5848563407006163,-0.5848436993461813,1.2641354435016794e-05
1283,855.3333333333334,-0.6669147089009139,-0.6669211578133313,6.448912417411634e-06
1284,856.0,-0.2153594934621559,-0.2153594934620235,1.3242185126216555e-13
1285,856.6666666666666,0.5059650160330686,0.5059759489214344,1.0932888365733362e-05
1286,857.3333333333334,0.8350999487830151,0.8350810837653375,1.8865017677560658e-05
1287,858.0,0.6218095009292457,0.6218095009294223,1.766364832178624e-13
1288,858.6666666666666,0.3650862456163102,0.36510213749442566,1.5891878115459335e-05
1289,859.3333333333334,0.404392266637795,0.4043760924338074,1.6174203987584512e-05
1290,860.0,0.47463918911728914,0.47463918911743413,1.4499512701604544e-13
1291,860.6666666666666,0.29172904597340676,0.2917378499089223,8.803935515555583e-06
1292,861.3333333333334,0.13665718550939374,0.13664900860530757,8.17690408616567e-06
1293,862.0,0.42589039154606906,0.4258903915460984,2.936539900133539e-14
1294,862.6666666666666,0.9519585235360553,0.95196753602466,9.012488604742686e-06
1295,863.3333333333334,1.0697016897993805,1.0696826349602513,1.9054839129228895e-05
1296,864.0,0.6022946840400615,0.6022946840400528,8.659739592076221e-15
1297,864.6666666666666,0.06790780543574362,0.06792350903050744,1.5703594763813444e-05
1298,865.3333333333334,-0.10877693621915281,-0.1087899417431271,1.3005523974291e-05
1299,866.0,-0.14260214544049568,-0.14260214544076105,2.6537105846102804e-13
1300,866.6666666666666,-0.3729713669250545,-0.372961704995948,9.661929106508094e-06
1301,867.3333333333334,-0.6046122390992126,-0.6046175355999525,5.296500739881971e-06
1302,868.0,-0.42548412069194996,-0.425484120692312,3.6204372833026355e-13
1303,868.6666666666666,0.019195050823629385,0.01920654271807409,1.1491894444704692e-05
1304,869.3333333333334,0.11076412645740272,0.1107483858421598,1.574061524291237e-05
1305,870.0,-0.35738386423817387,-0.3573838642383366,1.6275869541004795e-13
1306,870.6666666666666,-0.8683987489483451,-0.868380998153098,1.775079524712897e-05
1307,871.3333333333334,-0.9364186254830447,-0.9364278499265072,9.224443462518828e-06
1308,872.0,-0.7419659898337264,-0.7419659898337642,3.774758283725532e-14
1309,872.6666666666666,-0.6921988507972135,-0.6921890355188856,9.815278327995891e-06
1310,873.3333333333334,-0.6945017783245355,-0.6945065626872592,4.784362723664337e-06
1311,874.0,-0.35721451373803914,-0.3572145137379501,8.903988657493755e-14
1312,874.6666666666666,0.23245914481354513,0.23246985601716338,1.0711203618257725e-05
1313,875.3333333333334,0.4861235709742184,0.4861069772213627,1.659375285567588e-05
1314,876.0,0.16334118048907337,0.16334118048910734,3.397282455352979e-14
1315,876.6666666666666,-0.23730597714697066,-0.23729096885045173,1.5008296518931319e-05
1316,877.3333333333334,-0.18496811114952164,-0.1849783756649283,1.0264515406671615e-05
1317,878.0,0.1716612487538917,0.17166124875405342,1.6173173911226968e-13
1318,878.6666666666666,0.3646296506935978,0.36463526435093047,5.613657332648181e-06
1319,879.3333333333334,0.38993961500010116,0.38993192652014136,7.688479959799821e-06
1320,880.0,0.6260542919569396,0.6260542919569843,4.463096558993129e-14
1321,880.6666666666666,1.0615107694822288,1.0615185246113217,7.755129092901214e-06
1322,881.3333333333334,1.1634469528428715,1.163428994016389,1.795882648236713e-05
1323,882.0,0.674644741494921,0.6746447414951332,2.1216362000586741e-13
1324,882.6666666666666,0.07764807884892674,0.07766094121420031,1.286236527356377e-05
1325,883.3333333333334,-0.05171311970585189,-0.051722261941150954,9.142235299061663e-06
1326,884.0,0.18098204877224616,0.18098204877213714,1.0902390101819037e-13
1327,884.6666666666666,0.2656184330870507,0.2656231782037102,4.745116659488069e-06
1328,885.3333333333334,0.11522482386002009,0.1152185167127002,6.307147319889461e-06
1329,886.0,0.10303964337672003,0.10303964337648532,2.347150251935659e-13
1330,886.6666666666666,0.3046714247473647,0.30468105430500675,9.629557642054642e-06
1331,887.3333333333334,0.2566115707343853,0.2565971287674193,1.4441966965983433e-05
1332,888.0,-0.31276128581871554,-0.3127612858188408,1.2523315717771766e-13
1333,888.6666666666666,-0.9524798537323238,-0.9524648977756711,1.4955956652684677e-05
1334,889.3333333333334,-1.062370810789176,-1.0623756052061328,4.79441695677707e-06
1335,890.0,-0.7152726528182773,-0.7152726528184685,1.9118040484045196e-13
1336,890.6666666666666,-0.46573562876748653,-0.46572947607575366,6.152691732874693e-06
1337,891.3333333333334,-0.49060941260922664,-0.490613685742206,4.273132979348837e-06
1338,892.0,-0.43551263484788805,-0.4355126348478229,6.517009154549669e-14
1339,892.6666666666666,-0.1485039414808928,-0.14849301859720762,1.0922883685177132e-05
1340,893.3333333333334,-0.029488616761586553,-0.029501682793438525,1.3066031851971527e-05
1341,894.0,-0.3767291649286916,-0.3767291649283989,2.9265478929119126e-13
1342,894.6666666666666,-0.7958502607984876,-0.7958366597932839,1.3601005203756067e-05
1343,895.3333333333334,-0.6877580107989836,-0.6877629112052908,4.900406307184468e-06
1344,896.0,-0.10225978438768457,-0.10225978438760139,8.318346012003985e-14
1345,896.6666666666666,0.3662574991237103,0.36626035505278554,2.8559290752294686e-06
1346,897.3333333333334,0.45583920854522414,0.45583224251523347,6.96602999067375e-06
1347,898.0,0.5021776741895868,0.5021776741897938,2.0694557179012918e-13
1348,898.6666666666666,0.7377890620299627,0.73779702403675,7.96200678720993e-06
1349,899.3333333333334,0.8382215516408118,0.8382066204261154,1.4931214696423112e-05
1350,900.0,0.4875994487361006,0.48759944873619326,9.264811140496931e-14
1351,900.6666666666666,0.022268003231085333,0.022277865562991696,9.862331906362876e-06
1352,901.3333333333334,0.03849281261292973,0.0384870131642075,5.799448722226819e-06
1353,902.0,0.5226987082013527,0.5226987082012308,1.219024881038422e-13
1354,902.6666666666666,0.8671558889638096,0.8671561766858507,2.877220410812953e-07
1355,903.3333333333334,0.7486655439874104,0.7486581866425854,7.3573448249319995e-06
1356,904.0,0.49786999606853233,0.4978699960684414,9.092726571680032e-14
1357,904.6666666666666,0.4390424496911767,0.43905085130921184,8.401618035169811e-06
1358,905.3333333333334,0.3372719257208462,0.33725953470822295,1.2391012623236275e-05
1359,906.0,-0.13250152036076218,-0.13250152036100862,2.464417558911691e-13
1360,906.6666666666666,-0.6972259370161891,-0.6972152008534047,1.0736162784352743e-05
1361,907.3333333333334,-0.7735918139159823,-0.7735938940538019,2.080137819548966e-06
1362,908.0,-0.3384937649686999,-0.3384937649690743,3.7442271505483404e-13
1363,908.6666666666666,-0.0023432471754347177,-0.0023411105070437295,2.1366683909881945e-06
1364,909.3333333333334,-0.14446966665002622,-0.14447401631359094,4.349663564717776e-06
1365,910.0,-0.4482106149129621,-0.44821061491297204,9.936496070395151e-15
1366,910.6666666666666,-0.5120758732211143,-0.5120647311035345,1.1142117579798771e-05
1367,911.3333333333334,-0.4929958201828063,-0.49300495351006457,9.13332725827054e-06
1368,912.0,-0.7391903465383453,-0.73919034653819,1.5520917884259688e-13
1369,912.6666666666666,-1.064770179160947,-1.0647593662927801,1.0812868166842904e-05
1370,913.3333333333334,-0.9252846490392388,-0.9252853863181816,7.372789427861903e-07
1371,914.0,-0.27327258578504043,-0.273272585784858,1.8240964294591322e-13
1372,914.6666666666666,0.2803692217824297,0.2803699782167161,7.56434286430796e-07
1373,915.3333333333334,0.3013273356544176,0.3013217356598721,5.5999945455242894e-06
1374,916.0,0.08261406059901501,0.08261406059940536,3.9035441545820504e-13
1375,916.6666666666666,0.09059222120005421,0.09060137426723035,9.153067176137508e-06
1376,917.3333333333334,0.2417962599986369,0.24178567014056948,1.058985806742796e-05
1377,918.0,0.1645207781330789,0.16452077813324992,1.7102985694350537e-13
1378,918.6666666666666,-0.04715796750684442,-0.04715153379015629,6.433716688132585e-06
1379,919.3333333333334,0.10836915701503033,0.10836632229877853,2.834716251801095e-06
1380,920.0,0.713444751267771,0.713444751267838,6.705747068735946e-14
1381,920.6666666666666,1.1824487334620009,1.1824459803194487,2.7531425521587494e-06
1382,921.3333333333334,1.0506732124970082,1.050665774935232,7.437561776235668e-06
1383,922.0,0.5989647619720317,0.5989647619720873,5.551115123125783e-14
1384,922.6666666666666,0.363807589348151,0.3638154018089326,7.812460781631003e-06
1385,923.3333333333334,0.34579437771763566,0.3457845992060653,9.778511570357473e-06
1386,924.0,0.16339393921453724,0.1633939392143134,2.238487173400472e-13
1387,924.6666666666666,-0.17398778616291155,-0.1739825059523297,5.280210581853906e-06
1388,925.3333333333334,-0.20470593479706123,-0.20470661870733076,6.839102695277433e-07
1389,926.0,0.19955683463116494,0.19955683463087057,2.9437563497936026e-13
1390,926.6666666666666,0.49930985738936906,0.49930848734346206,1.3700459070009607e-06
1391,927.3333333333334,0.21444542078831225,0.2144409678298116,4.452958500655857e-06
1392,928.0,-0.38956222558504006,-0.38956222558505893,1.887379141862766e-14
1393,928.6666666666666,-0.7204021710482833,-0.7203914191524076,1.0751895875737993e-05
1394,929.3333333333334,-0.7047530721129951,-0.7047587124260313,5.64031303618151e-06
1395,930.0,-0.7417353907956159,-0.7417353907957995,1.836308882730009e-13
1396,930.6666666666666,-0.9199234942765132,-0.9199172029451307,6.291331382524135e-06
1397,931.3333333333334,-0.8357107383034412,-0.8357086661856953,2.0721177459437357e-06
1398,932.0,-0.3254991739198515,-0.3254991739199097,5.81756864903582e-14
1399,932.6666666666666,0.11744363713001688,0.11744314771419484,4.894158220358769e-07
1400,933.3333333333334,-0.005258430074996196,-0.005262084104979764,3.654029983568216e-06
1401,934.0,-0.46141982835493,-0.46141982835471557,2.1443957720634899e-13
1402,934.6666666666666,-0.6285877518380707,-0.6285774828633999,1.0268974670823994e-05
1403,935.3333333333334,-0.378282083305885,-0.37828794434688473,5.8610409997550406e-06
1404,936.0,-0.13401792191330492,-0.13401792191326947,3.544387006115812e-14
1405,936.6666666666666,-0.08800221488749947,-0.08799972926273653,2.485624762946226e-06
1406,937.3333333333334,0.09884940631634945,0.09884945280154792,4.648519846828236e-08
1407,938.0,0.6283450964238226,0.6283450964239966,1.7397194795876203e-13
1408,938.6666666666666,1.0695897956273057,1.0695860273311002,3.768296205519661e-06
1409,939.3333333333334,0.9221835423443894,0.9221774152456499,6.127098739483472e-06
1410,940.0,0.38820913814820623,0.3882091381484,1.9378942894832107e-13
1411,940.6666666666666,0.11616237936628772,0.11616979086660385,7.411500316134578e-06
1412,941.3333333333334,0.29423405189788515,0.29422726394994503,6.7879479401233844e-06
1413,942.0,0.4909947767717775,0.49099477677177544,2.0539125955565396e-15
1414,942.6666666666666,0.4279613011450374,0.4279605996131139,7.015319234970896e-07
1415,943.3333333333334,0.39250744774575286,0.39250771097964543,2.632338925723232e-07
1416,944.0,0.6408460869094428,0.6408460869094016,4.118927421359331e-14
1417,944.6666666666666,0.8283333201473976,0.8283297830066526,3.537140744969136e-06
1418,945.3333333333334,0.4723094501555336,0.47230523672584596,4.213429687649484e-06
1419,946.0,-0.2528730150938773,-0.2528730150939207,4.340972026284362e-14
1420,946.6666666666666,-0.6826017722397474,-0.6825926157869159,9.15645283150468e-06
1421,947.3333333333334,-0.5743903550039557,-0.5743933735349361,3.0185309803920646e-06
1422,948.0,-0.36338297624594496,-0.3633829762461921,2.4713564528155985e-13
1423,948.6666666666666,-0.4113996337147543,-0.41139920900706595,4.247076883512335e-07
1424,949.3333333333334,-0.488240667431008,-0.48823684954500995,3.817885998069759e-06
1425,950.0,-0.28993449414838846,-0.2899344941483886,1.6653345369377348e-16
1426,950.6666666666666,-0.07625541320587163,-0.0762562958872262,8.82681354563708e-07
1427,951.3333333333334,-0.31697825977526806,-0.3169798504522013,1.5906769332274528e-06
1428,952.0,-0.8857517882813664,-0.8857517882812626,1.0380585280245214e-13
1429,952.6666666666666,-1.1323234901659864,-1.1323134168244726,1.0073341513816558e-05
1430,953.3333333333334,-0.7826657224991862,-0.7826672792282883,1.5567291020701646e-06
1431,954.0,-0.28363747222791996,-0.2836374722277724,1.475486399726833e-13
1432,954.6666666666666,-0.0842397111811089,-0.08424148305141128,1.7718703023833493e-06
1433,955.3333333333334,-0.020185146685137687,-0.020182092996516035,3.0536886216521453e-06
1434,956.0,0.25249968310494336,0.25249968310530724,3.6387559632089506e-13
1435,956.6666666666666,0.5598305912659634,0.5598277660481517,2.8252178116972004e-06
1436,957.3333333333334,0.44787029480182083,0.44786661233633807,3.6824654827682934e-06
1437,958.0,-0.011881222225837903,-0.011881222225751864,8.603881496149768e-14
1438,958.6666666666666,-0.19660348791665108,-0.19659700622037357,6.481696277510496e-06
1439,959.3333333333334,0.19694999534287586,0.19694652020543965,3.47513743620409e-06
1440,960.0,0.7257261537413495,0.7257261537413228,2.6756374893466273e-14
1441,960.6666666666666,0.8751611762634139,0.8751549987432249,6.177520189054597e-06
1442,961.3333333333334,0.7591985476350623,0.7592001909459591,1.6433108968039178e-06
1443,962.0,0.7747134375780013,0.7747134375780476,4.629630012686903e-14
1444,962.6666666666666,0.8517617938971782,0.8517578138959854,3.980001192838145e-06
1445,963.3333333333334,0.5708077980409791,0.5708042972206842,3.500820294988216e-06
1446,964.0,-0.044545246091179685,-0.044545246091323286,1.436004093413601e-13
1447,964.6666666666666,-0.40180795350559034,-0.40180191227535883,6.0412302315127064e-06
1448,965.3333333333334,-0.1653436502409151,-0.16534474330045743,1.0930595423230827e-06
1449,966.0,0.24243922336517318,0.2424392233650318,1.4138690218601369e-13
1450,966.6666666666666,0.2601750621834052,0.26016930937735794,5.752806047254477e-06
1451,967.3333333333334,-0.04158063127783815,-0.041575632165338175,4.999112499973202e-06
1452,968.0,-0.21548821586658345,-0.2154882158664959,8.754108549169359e-14
1453,968.6666666666666,-0.22937845374868515,-0.22937916634225952,7.125935743701461e-07
1454,969.3333333333334,-0.4714892074125294,-0.47148919035184916,1.7060680257419136e-08
1455,970.0,-0.9806735455468475,-0.9806735455470347,1.871836019518014e-13
1456,970.6666666666666,-1.2194897745958728,-1.2194821046332065,7.669962666323471e-06
1457,971.3333333333334,-0.83890109733517,-0.8388991573817105,1.9399534595399004e-06
1458,972.0,-0.24481612962443186,-0.24481612962449656,6.4698246760031e-14
1459,972.6666666666666,-0.045259942644258436,-0.045265815038116566,5.872393858130653e-06
1460,973.3333333333334,-0.2229251010169062,-0.2229189843523904,6.116664515803949e-06
1461,974.0,-0.2979601899483543,-0.2979601899480769,2.774447338538266e-13
1462,974.6666666666666,-0.15038722156463913,-0.1503879483983691,7.268337299803918e-07
1463,975.3333333333334,-0.14645488274636412,-0.14645569528988897,8.125435248529378e-07
1464,976.0,-0.4010349556952578,-0.4010349556951058,1.520450432224152e-13
1465,976.6666666666666,-0.44985186776912556,-0.4498475005796802,4.367189445353414e-06
1466,977.3333333333334,0.061100138916760985,0.06110037098473125,2.3206797026414927e-07
1467,978.0,0.7527130403348687,0.7527130403350762,2.0750068330244176e-13
1468,978.6666666666666,0.9886566799599201,0.9886465095346102,1.0170425309929954e-05
1469,979.3333333333334,0.7433050220615284,0.743308935002649,3.912941120676194e-06
1470,980.0,0.5312051497443093,0.5312051497444789,1.695310558602614e-13
1471,980.6666666666666,0.5661136305744442,0.5661106497433637,2.980831080523494e-06
1472,981.3333333333334,0.516432975065524,0.5164306388719229,2.3361936011268014e-06
1473,982.0,0.2012028963711301,0.20120289637105743,7.26640969617165e-14
1474,982.6666666666666,0.015707153569212623,0.015708705161468457,1.5515922558335948e-06
1475,983.3333333333334,0.32894407953231153,0.32894488359548335,8.040631718220226e-07
1476,984.0,0.8129689068972139,0.8129689068970377,1.7619239400801234e-13
1477,984.6666666666666,0.8313291655427191,0.8313182127550554,1.0952787663720542e-05
1478,985.3333333333334,0.33032951929601395,0.3303355686259017,6.04932988773621e-06
1479,986.0,-0.1405315532403271,-0.14053155324025546,7.163714066393823e-14
1480,986.6666666666666,-0.2751686572184252,-0.275169165194585,5.079761598025812e-07
1481,987.3333333333334,-0.36812931315814307,-0.3681284647252892,8.484328538616026e-07
1482,988.0,-0.6684073904589283,-0.668407390459032,1.0369483049998962e-13
1483,988.6666666666666,-0.8603007876345088,-0.8602978829940761,2.9046404327326414e-06
1484,989.3333333333334,-0.5687225451308359,-0.5687177952929074,4.749837928419431e-06
1485,990.0,-0.06820747212115048,-0.06820747212115456,4.08006961549745e-15
1486,990.6666666666666,0.009563053037277704,0.009553772185239201,9.280852038502652e-06
1487,991.3333333333334,-0.42597043611619867,-0.425961586364856,8.849751342687728e-06
1488,992.0,-0.8139865003490871,-0.8139865003489493,1.3788969965844444e-13
1489,992.6666666666666,-0.7798881375552839,-0.7798868909359384,1.246619345418587e-06
1490,993.3333333333334,-0.5965114865438754,-0.5965097496519254,1.736891950043784e-06
1491,994.0,-0.5944014017160572,-0.5944014017161572,1.000310945187266e-13
1492,994.6666666666666,-0.5547804118573618,-0.5547796311609626,7.806963991940918e-07
1493,995.3333333333334,-0.10912728257327714,-0.10912287011623004,4.412457047103802e-06
1494,996.0,0.5231714831467916,0.523171483146908,1.163513729807164e-13
1495,996.6666666666666,0.7241780424615997,0.7241658927677923,1.214969380736175e-05
1496,997.3333333333334,0.3663443625462558,0.36635125331120266,6.8907649468652465e-06
1497,998.0,0.010274435206765775,0.010274435206937972,1.7219732584283776e-13
1498,998.6666666666666,0.09068401484603986,0.09068259887196473,1.4159740751307215e-06
1499,999.3333333333334,0.3610868964427736,0.36108615276225237,7.436805212202025e-07
1500,1000.0,0.4202510481014249,0.4202510481014218,3.1086244689504383e-15
1501,1000.6666666666666,0.39855187918788854,0.3985481677039929,3.7114838956631147e-06
1502,1001.3333333333334,0.6692757894544205,0.6692792549653561,3.465510935662941e-06
1503,1002.0,1.0910112600908752,1.0910112600910227,1.474376176702208e-13
1504,1002.6666666666666,1.0873918345137468,1.0873776840843594,1.4150429387349561e-05
1505,1003.3333333333334,0.5101137910908049,0.5101209500587586,7.158967953668771e-06
1506,1004.0,-0.07955373146887701,-0.07955373146888235,5.342948306008566e-15
1507,1004.6666666666666,-0.1870682392301201,-0.18706909698590965,8.577557895628196e-07
1508,1005.3333333333334,-0.022904259955784705,-0.022903172043900594,1.0879118841101987e-06
1509,1006.0,-0.045704970008673115,-0.045704970008841245,1.6812939929167214e-13
1510,1006.6666666666666,-0.20707636533306187,-0.20707989805852361,3.5327254617467663e-06
1511,1007.3333333333334,-0.1264457400598417,-0.12643841712208873,7.322937752962666e-06
1512,1008.0,0.14045598675605447,0.1404559867560874,3.291811268013589e-14
1513,1008.6666666666666,0.06771338799125558,0.06770176149535985,1.162649589572795e-05
1514,1009.3333333333334,-0.5185444384078337,-0.5185337242027716,1.0714205062156701e-05
1515,1010.0,-1.0783938099563268,-1.0783938099564236,9.681144774731365e-14
1516,1010.6666666666666,-1.0816681417579337,-1.0816663266876703,1.8150702634223137e-06
1517,1011.3333333333334,-0.715779099489362,-0.7157755156318093,3.583857552724723e-06
1518,1012.0,-0.5031733806439609,-0.503173380644051,9.015010959956271e-14
1519,1012.6666666666666,-0.4885635880672404,-0.48856764119938906,4.053132148684746e-06
1520,1013.3333333333334,-0.2984930151045396,-0.29848403308662147,8.98201791815767e-06
1521,1014.0,0.08914041682070534,0.0891404168209698,2.644690022535201e-13
1522,1014.6666666666666,0.19627248749145773,0.19626022502230217,1.2262469155560618e-05
1523,1015.3333333333334,-0.187047460495146,-0.18703759213613588,9.868359010123395e-06
1524,1016.0,-0.5645741915709509,-0.5645741915707452,2.057243264630415e-13
1525,1016.6666666666666,-0.3901642241394265,-0.3901646482143267,4.240749002515365e-07
1526,1017.3333333333334,0.16904512659067383,0.1690464822591783,1.3556685044546768e-06
1527,1018.0,0.536367374918923,0.5363673749189887,6.572520305780927e-14
1528,1018.6666666666666,0.5824143896759715,0.5824054921021955,8.897573775978884e-06
1529,1019.3333333333334,0.6792436544396754,0.6792510154343965,7.360994721095082e-06
1530,1020.0,0.93875894704776,0.938758947048031,2.710054403110007e-13
1531,1020.6666666666666,0.9489706986049165,0.9489556978143505,1.5000790565933286e-05
1532,1021.3333333333334,0.47570637359959944,0.4757146429214141,8.269321814635688e-06
1533,1022.0,-0.02850932894068367,-0.028509328940730775,4.710468126667422e-14
1534,1022.6666666666666,-0.0008358666105932106,-0.0008380497074615102,2.183096868299517e-06
1535,1023.3333333333334,0.4272023256636007,0.42720375498386415,1.4293202634241275e-06
1536,1024.0,0.6499728797471918,0.6499728797469465,2.452482661396971e-13
1537,1024.6666666666667,0.4732312953006526,0.4732209370270565,1.0358273596133838e-05
1538,1025.3333333333333,0.27786127391876225,0.277871395432774,1.0121514011751653e-05
1539,1026.0,0.27498867701725616,0.2749886770173901,1.3394840792102514e-13
1540,1026.6666666666667,0.12969796828209584,0.1296851049194863,1.286336260955534e-05
1541,1027.3333333333333,-0.4144925469917853,-0.4144812338536898,1.1313138095492281e-05
1542,1028.0,-0.9617214500400986,-0.9617214500402663,1.6775469902086115e-13
1543,1028.6666666666667,-0.9482433198371714,-0.9482431266912654,1.931459059356655e-07
1544,1029.3333333333333,-0.47380555955185377,-0.4738006537031088,4.905848744962693e-06
1545,1030.0,-0.16803090920227925,-0.16803090920252325,2.439992652369938e-13
1546,1030.6666666666667,-0.2917779440839643,-0.2917874231366851,9.479052720806624e-06
1547,1031.3333333333333,-0.46883072123528013,-0.46881713503042105,1.3586204859084017e-05
1548,1032.0,-0.4042294262302476,-0.4042294262301054,1.4221956945448255e-13
1549,1032.6666666666667,-0.36733089657038354,-0.3673421849613646,1.1288390981079033e-05
1550,1033.3333333333333,-0.652484478355369,-0.6524724894719118,1.1988883457214605e-05
1551,1034.0,-0.9458018549629825,-0.9458018549629598,2.275957200481571e-14
1552,1034.6666666666667,-0.7066989641392004,-0.7066999302339634,9.660947629663852e-07
1553,1035.3333333333333,-0.010898879802133565,-0.010894742469407038,4.13733272652643e-06
1554,1036.0,0.4942620968167264,0.4942620968168964,1.7003065622134272e-13
1555,1036.6666666666667,0.48543171488035197,0.4854184806591157,1.3234221236280153e-05
1556,1037.3333333333333,0.3292260187488767,0.32923834707770006,1.2328328823363321e-05
1557,1038.0,0.39991963106699724,0.399919631067436,4.3876013933186186e-13
1558,1038.6666666666667,0.4971577566861517,0.4971437839966423,1.3972689509422764e-05
1559,1039.3333333333333,0.2933900638639575,0.2933992814751397,9.217611182221752e-06
1560,1040.0,0.019086466791561375,0.019086466791500382,6.099287741534454e-14
1561,1040.6666666666667,0.19221357562434221,0.192209000568907,4.5750554352186334e-06
1562,1041.3333333333333,0.7772081840073672,0.777210992029531,2.8080221637916125e-06
1563,1042.0,1.1382039018874301,1.1382039018873884,4.1744385725905886e-14
1564,1042.6666666666667,0.9141496695038791,0.9141334777869584,1.6191716920688215e-05
1565,1043.3333333333333,0.47330917217606305,0.4733225010041068,1.3328828043723817e-05
1566,1044.0,0.275685477727425,0.275685477727366,5.900835375882707e-14
1567,1044.6666666666667,0.20072229884279558,0.2007090179131171,1.3280929678477493e-05
1568,1045.3333333333333,-0.10237660884720205,-0.10236593337590574,1.0675471296309191e-05
1569,1046.0,-0.4857935901426783,-0.4857935901430404,3.620992394814948e-13
1570,1046.6666666666667,-0.45670233559321094,-0.45670595023132515,3.6146381142132533e-06
1571,1047.3333333333333,-0.003228285827844105,-0.003221942045292749,6.343782551355981e-06
1572,1048.0,0.2660348526123639,0.266034852612176,1.8790524691780774e-13
1573,1048.6666666666667,-0.04004075641763795,-0.040055426696460124,1.4670278822175031e-05
1574,1049.3333333333333,-0.5615989541923272,-0.5615813148679858,1.7639324341400808e-05
1575,1050.0,-0.7711122997755366,-0.7711122997755218,1.4876988529977098e-14
1576,1050.6666666666667,-0.723436229186029,-0.7234465557550307,1.032656900168405e-05
1577,1051.3333333333333,-0.8049519176797251,-0.8049392064057642,1.2711273960852587e-05
1578,1052.0,-0.9692551608569666,-0.9692551608571502,1.836308882730009e-13
1579,1052.6666666666667,-0.7693918504847029,-0.7693953219345482,3.471449845249275e-06
1580,1053.3333333333333,-0.15572218634084492,-0.15571443176866132,7.754572183604758e-06
1581,1054.0,0.2922780742186617,0.2922780742186964,3.469446951953614e-14
1582,1054.6666666666667,0.1512207734093718,0.1512044442017364,1.6329207635390475e-05
1583,1055.3333333333333,-0.24354206376196996,-0.24352450290399383,1.756085797613438e-05
1584,1056.0,-0.31739495795580575,-0.31739495795566725,1.3850032232198828e-13
1585,1056.6666666666667,-0.07020050867775877,-0.07021265629993047,1.2147622171693184e-05
1586,1057.3333333333333,0.07429425779455567,0.07430419320379557,9.935409239894555e-06
1587,1058.0,0.058770299623003494,0.05877029962302223,1.8735013540549517e-14
1588,1058.6666666666667,0.2827695859131,0.28276180311208415,7.782801015820962e-06
1589,1059.3333333333333,0.8441036805427415,0.8441096519819102,5.971439168694914e-06
1590,1060.0,1.2154639656954547,1.2154639656955706,1.1590728377086634e-13
1591,1060.6666666666667,0.9613647710774111,0.9613446850420279,2.008603538328213e-05
1592,1061.3333333333333,0.3985147827483024,0.39853151072558857,1.6727977286190576e-05
1593,1062.0,0.1484358078592691,0.1484358078593768,1.0769163338864018e-13
1594,1062.6666666666667,0.2746269060631779,0.2746135390189442,1.3367044233714154e-05
1595,1063.3333333333333,0.33282407638124056,0.33283345186732827,9.375486087703777e-06
1596,1064.0,0.17625264769909382,0.17625264769866453,4.292954880469324e-13
1597,1064.6666666666667,0.1668093030254816,0.16680045403383267,8.848991648935378e-06
1598,1065.3333333333333,0.4653022113890714,0.46531087965273715,8.668263665745357e-06
1599,1066.0,0.6182132747245557,0.6182132747243888,1.6686652060116103e-13
1600,1066.6666666666667,0.19223158966100073,0.19221265063983803,1.893902116270607e-05
1601,1067.3333333333333,-0.5191280129715097,-0.5191074917991056,2.0521172404031063e-05
1602,1068.0,-0.8626160121038244,-0.8626160121039367,1.1224354778960333e-13
1603,1068.6666666666667,-0.7208717802264839,-0.7208821278751534,1.034764866947313e-05
1604,1069.3333333333333,-0.5603789582397505,-0.560366820927102,1.2137312648485832e-05
1605,1070.0,-0.6222565870614891,-0.6222565870617622,2.731148640577885e-13
1606,1070.6666666666667,-0.5938889914757317,-0.5938967089328141,7.717457082390133e-06
1607,1071.3333333333333,-0.26054443615963174,-0.26053225755337595,1.2178606255797142e-05
1608,1072.0,-0.004325956165539943,-0.004325956165390827,1.4911596263322835e-13
1609,1072.6666666666667,-0.2634948887156391,-0.2635131935212198,1.830480558073777e-05
1610,1073.3333333333333,-0.7902424329314428,-0.7902205207278074,2.1912203635454652e-05
1611,1074.0,-0.9292223643804008,-0.9292223643803589,4.196643033083092e-14
1612,1074.6666666666667,-0.528352641781523,-0.5283634220152335,1.0780233710483422e-05
1613,1075.3333333333333,-0.08120808346991742,-0.08119750236289197,1.0581107025453562e-05
1614,1076.0,0.074665731473156,0.07466573147311019,4.581057755359552e-14
1615,1076.6666666666667,0.1972387390922704,0.1972273773320627,1.136176020771762e-05
1616,1077.3333333333333,0.5543529296824541,0.5543640143128902,1.1084630436086762e-05
1617,1078.0,0.8442747569494886,0.8442747569498537,3.6504133049675147e-13
1618,1078.6666666666667,0.6325128725553248,0.6324910111528823,2.186140244253565e-05
1619,1079.3333333333333,0.11840464124325414,0.11842444488918454,1.98036459303913e-05
1620,1080.0,-0.048375774952390524,-0.04837577495225919,1.313324449192521e-13
1621,1080.6666666666667,0.3231212827314917,0.3231076824171046,1.3600314387129941e-05
1622,1081.3333333333333,0.7321137289217186,0.7321221316081584,8.402686439867857e-06
1623,1082.0,0.7671977039295587,0.7671977039295029,5.573319583618286e-14
1624,1082.6666666666667,0.6475746243830443,0.6475602793629334,1.4345020110884121e-05
1625,1083.3333333333333,0.7091068273930097,0.709119200868747,1.2373475737348372e-05
1626,1084.0,0.7504072722038049,0.7504072722039606,1.5576429035490946e-13
1627,1084.6666666666667,0.3574835810606892,0.3574616230786366,2.1957982052622782e-05
1628,1085.3333333333333,-0.3166999477158283,-0.3166780949994749,2.1852716353409907e-05
1629,1086.0,-0.6355478152625769,-0.6355478152627766,1.9972912213006566e-13
1630,1086.6666666666667,-0.36940066965286716,-0.3694124800710281,1.1810418160951297e-05
1631,1087.3333333333333,-0.014252302717046725,-0.01424125992761755,1.1042789429175845e-05
1632,1088.0,-0.04423104624935503,-0.04423104624961212,2.570860191397628e-13
1633,1088.6666666666667,-0.2795057033871845,-0.27951868093332466,1.2977546140158225e-05
1634,1089.3333333333333,-0.32321967689015957,-0.32320257721744433,1.709967271523727e-05
1635,1090.0,-0.2813429277975993,-0.2813429277976126,1.3322676295501878e-14
1636,1090.6666666666667,-0.5550992320411428,-0.5551189281937831,1.9696152640302778e-05
1637,1091.3333333333333,-1.058419500297162,-1.0583951106671647,2.4389629997179085e-05
1638,1092.0,-1.1963525926318805,-1.196352592631929,4.8405723873656825e-14
1639,1092.6666666666667,-0.7200126960343594,-0.7200235143075236,1.0818273164292513e-05
1640,1093.3333333333333,-0.124516695525406,-0.1245051662804458,1.1529244960187257e-05
1641,1094.0,0.05254287666224142,0.05254287666234455,1.0313278009377314e-13
1642,1094.6666666666667,-0.05800929308586808,-0.058024200284271465,1.4907198403385502e-05
1643,1095.3333333333333,-0.012213997222779499,-0.01219643379830236,1.7563424477139156e-05
1644,1096.0,0.1715547735508268,0.17155477355112014,2.93348678681582e-13
1645,1096.6666666666667,0.1007367595464293,0.10071465364659579,2.2105899833507747e-05
1646,1097.3333333333333,-0.21564205275731446,-0.21562004540565538,2.2007351659081298e-05
1647,1098.0,-0.23774736047596168,-0.23774736047600617,4.449218771185315e-14
1648,1098.6666666666667,0.3012705075216361,0.30125622649143585,1.4281030200236078e-05
1649,1099.3333333333333,0.9244193970447485,0.9244282105344035,8.813489654979634e-06
1650,1100.0,1.0532578844924445,1.0532578844924128,3.175237850427948e-14
1651,1100.6666666666667,0.783114683680642,0.7830956459182405,1.90377624014193e-05
1652,1101.3333333333333,0.6121002450611549,0.6121176394595078,1.7394398352910123e-05
1653,1102.0,0.6208628100346195,0.620862810034766,1.4643841694805815e-13
1654,1102.6666666666667,0.4405441746970579,0.4405203687530721,2.380594398582181e-05
1655,1103.3333333333333,0.011609193339831122,0.011630911403401164,2.1718063570042023e-05
1656,1104.0,-0.17915933346573784,-0.17915933346595253,2.1468937738688965e-13
1657,1104.6666666666667,0.1622820806908049,0.1622675638057869,1.4516885017995529e-05
1658,1105.3333333333333,0.5998036925478295,0.5998142842184299,1.0591670600357261e-05
1659,1106.0,0.5374498103914851,0.5374498103913429,1.4221956945448255e-13
1660,1106.6666666666667,0.0434600885677834,0.043441736355204805,1.8352212578592875e-05
1661,1107.3333333333333,-0.3344668965421489,-0.33444493250018115,2.1964041967748038e-05
1662,1108.0,-0.42154961015842635,-0.42154961015852366,9.731104810839497e-14
1663,1108.6666666666667,-0.5658400294178745,-0.5658611878711758,2.11584533013065e-05
1664,1109.3333333333333,-0.9052845206095455,-0.9052599056848964,2.461492464900239e-05
1665,1110.0,-1.0239319416259671,-1.0239319416263881,4.2099657093785936e-13
1666,1110.6666666666667,-0.6133741954178873,-0.613386784115889,1.2588698001692045e-05
1667,1111.3333333333333,-0.06902671184472066,-0.0690134911154177,1.3220729302959588e-05
1668,1112.0,-0.0029568373595456176,-0.0029568373595450174,6.002143226879753e-16
1669,1112.6666666666667,-0.38626732870197433,-0.3862855798572711,1.8251155296744592e-05
1670,1113.3333333333333,-0.645558110558286,-0.6455338795695579,2.4230988728168867e-05
1671,1114.0,-0.532836077199122,-0.5328360771988125,3.0941915696303113e-13
1672,1114.6666666666667,-0.38804033565148655,-0.38806219245355206,2.1856802065511882e-05
1673,1115.3333333333333,-0.4400814622072614,-0.4400584132346572,2.3048972604189366e-05
1674,1116.0,-0.3591348305671481,-0.35913483056711454,3.3584246494910985e-14
1675,1116.6666666666667,0.17050470049605188,0.17048921786909702,1.5482626954860246e-05
1676,1117.3333333333333,0.8031467328598374,0.803158039325617,1.1306465779625796e-05
1677,1118.0,0.9252651280867086,0.9252651280870616,3.530509218307998e-13
1678,1118.6666666666667,0.5306672472900568,0.5306448507040825,2.2396585974249206e-05
1679,1119.3333333333333,0.21282516244775018,0.21284824332049612,2.308087274593973e-05
1680,1120.0,0.29210034652930095,0.29210034652952205,2.2110091535409993e-13
1681,1120.6666666666667,0.4470510828324256,0.4470262410349878,2.4841797437835655e-05
1682,1121.3333333333333,0.3707339957949316,0.37075470666870153,2.0710873769924643e-05
1683,1122.0,0.3162516074112126,0.31625160741100394,2.0866641747829817e-13
1684,1122.6666666666667,0.6203983540284862,0.6203805826566051,1.7771371881081244e-05
1685,1123.3333333333333,1.0126756935730343,1.0126875525747556,1.1859001721292728e-05
1686,1124.0,0.905487132137121,0.9054871321370345,8.64863736182997e-14
1687,1124.6666666666667,0.2703774346599019,0.2703543122881622,2.3122371739681125e-05
1688,1125.3333333333333,-0.28144837611420925,-0.2814222254947584,2.615061945082653e-05
1689,1126.0,-0.3596628622147005,-0.35966286221479205,9.153788838034416e-14
1690,1126.6666666666667,-0.26135053001664427,-0.2613736533874445,2.312337080023763e-05
1691,1127.3333333333333,-0.3654482628933354,-0.3654252222509732,2.3040642362193164e-05
1692,1128.0,-0.497199478986283,-0.49719947898653377,2.507438701115916e-13
1693,1128.6666666666667,-0.3016897484082839,-0.3017055202090841,1.5771800800201685e-05
1694,1129.3333333333333,0.029821108643268424,0.02983706292402135,1.595428075292643e-05
1695,1130.0,-0.060397150702398136,-0.06039715070227369,1.2444906216657614e-13
1696,1130.6666666666667,-0.6342285658960267,-0.6342500820298321,2.1516133805410398e-05
1697,1131.3333333333333,-1.0892989705673966,-1.089269223136409,2.974743098760335e-05
1698,1132.0,-0.9908659754339931,-0.990865975433902,9.114931032172535e-14
1699,1132.6666666666667,-0.6253208080933671,-0.6253429261925644,2.211809919727692e-05
1700,1133.3333333333333,-0.45220686811563215,-0.4521837980921209,2.3070023511262416e-05
1701,1134.0,-0.3878742158908076,-0.38787421589082455,1.6930901125533637e-14
1702,1134.6666666666667,-0.07150851716159556,-0.07152565263657633,1.713547498076451e-05
1703,1135.3333333333333,0.38230632320179314,0.3823222346746116,1.591147281848615e-05
1704,1136.0,0.44790859501011343,0.44790859501024344,1.3000711618360583e-13
1705,1136.6666666666667,0.022814527616211295,0.022789931960241584,2.459565596971136e-05
1706,1137.3333333333333,-0.3171983464200071,-0.31716990710869386,2.8439311313244175e-05
1707,1138.0,-0.10541820348837976,-0.1054182034882778,1.0196010702401281e-13
1708,1138.6666666666667,0.3868646204513641,0.3868391277121645,2.5492739199606262e-05
1709,1139.3333333333333,0.6335372074270852,0.6335569664494426,1.975902235740179e-05
1710,1140.0,0.6387648933230682,0.6387648933229937,7.4495964952348e-14
1711,1140.6666666666667,0.7800031295148135,0.7799823621764785,2.076733833500377e-05
1712,1141.3333333333333,1.0376820852558284,1.0376974612304861,1.5375974657727554e-05
1713,1142.0,0.9404930768128656,0.9404930768130936,2.2792878695554464e-13
1714,1142.6666666666667,0.3576139493007442,0.3575869797439747,2.6969556769507186e-05
1715,1143.3333333333333,-0.16239616767487758,-0.1623669552607985,2.9212414079077265e-05
1716,1144.0,-0.11968252486238296,-0.11968252486238556,2.609024107869118e-15
1717,1144.6666666666667,0.2443843256589014,0.24435875047562816,2.557518327322983e-05
1718,1145.3333333333333,0.3583405602621024,0.3583613770758949,2.0816813792456923e-05
1719,1146.0,0.16047721762629477,0.1604772176260675,2.2726265314076954e-13
1720,1146.6666666666667,0.050337921394423835,0.05031827197084517,1.9649423578661784e-05
1721,1147.3333333333333,0.10973518869501345,0.10975491975166342,1.9731056649971435e-05
1722,1148.0,-0.07181586874705609,-0.0718158687470607,4.6074255521944e-15
1723,1148.6666666666667,-0.6589183625218706,-0.6589433546798579,2.4992157987235863e-05
1724,1149.3333333333333,-1.1505182904019802,-1.1504851566541774,3.3133747802782665e-05
1725,1150.0,-1.0340786602101446,-1.0340786602102887,1.4410694859634532e-13
1726,1150.6666666666667,-0.5282955314125292,-0.5283189688884108,2.3437475881626924e-05
1727,1151.3333333333333,-0.2498049587021045,-0.24978234126918583,2.2617432918675684e-05
1728,1152.0,-0.3330591376188338,-0.3330591376188751,4.1300296516055823e-14
1729,1152.6666666666667,-0.3718678564176917,-0.3718870362459866,1.9179828294912937e-05
1730,1153.3333333333333,-0.19667903571595163,-0.1966570929554637,2.1942760487919655e-05
1731,1154.0,-0.16654406442896133,-0.16654406442854372,4.1761039071275263e-13
1732,1154.6666666666667,-0.49488500642178995,-0.49491135764826494,2.6351226474985445e-05
1733,1155.3333333333333,-0.7522628963123499,-0.752230367268696,3.252904365391718e-05
1734,1156.0,-0.43303987634098734,-0.4330398763409021,8.526512829121202e-14
1735,1156.6666666666667,0.2653479958081367,0.26532192187087644,2.607393726028473e-05
1736,1157.3333333333333,0.6923731493097263,0.6923929365762702,1.9787266543946913e-05
1737,1158.0,0.6487959809187348,0.6487959809187304,4.440892098500626e-15
1738,1158.6666666666667,0.5482239269163056,0.5482009098527704,2.3017063535246685e-05
1739,1159.3333333333333,0.6515495131174156,0.6515704125066546,2.0899389238993038e-05
1740,1160.0,0.6617023877076494,0.6617023877079391,2.8965718712470334e-13
1741,1160.6666666666667,0.3246893646273929,0.3246593805953337,2.998403205917155e-05
1742,1161.3333333333333,-0.001145234006552473,-0.001114168561288072,3.106544526440091e-05
1743,1162.0,0.18667362338745638,0.18667362338729288,1.6350809595166993e-13
1744,1162.6666666666667,0.7315461034595743,0.7315180394341113,2.8064025462959385e-05
1745,1163.3333333333333,0.9787665005806832,0.9787858603668231,1.9359786139983015e-05
1746,1164.0,0.6866319748235017,0.6866319748234442,5.750955267558311e-14
1747,1164.6666666666667,0.28513377801619305,0.2851102868769767,2.3491139216347268e-05
1748,1165.3333333333333,0.13207483535317363,0.13209907102885024,2.4235675676609336e-05
1749,1166.0,0.0009307700881585378,0.0009307700882972938,1.3875597719426036e-13
1750,1166.6666666666667,-0.3988899401485553,-0.3989188388718312,2.8898723275938565e-05
1751,1167.3333333333333,-0.7870526373643235,-0.7870184752690944,3.4162095229106626e-05
1752,1168.0,-0.6726649437898702,-0.6726649437901785,3.0830893393840597e-13
1753,1168.6666666666667,-0.1685051532897969,-0.16853088301618008,2.5729726383177942e-05
1754,1169.3333333333333,0.07677771560506783,0.07680015180198002,2.243619691219556e-05
1755,1170.0,-0.2204807682412624,-0.22048076824135057,8.817946373085306e-14
1756,1170.6666666666667,-0.629406953835624,-0.6294286398611777,2.1686025553746546e-05
1757,1171.3333333333333,-0.7155396040144197,-0.7155113521599454,2.8251854474303784e-05
1758,1172.0,-0.6501069175327946,-0.6501069175327072,8.737455203799982e-14
1759,1172.6666666666667,-0.7755236047197931,-0.7755521161438625,2.851142406945506e-05
1760,1173.3333333333333,-0.9112313009853517,-0.9111964677126854,3.483327266629033e-05
1761,1174.0,-0.5983352085589395,-0.5983352085589813,4.1744385725905886e-14
1762,1174.6666666666667,0.08812279800575509,0.08809607200935694,2.6725996398149765e-05
1763,1175.3333333333333,0.5110120269641338,0.5110333888750512,2.136191091739459e-05
1764,1176.0,0.3450426745154761,0.3450426745157135,2.3742119381608973e-13
1765,1176.6666666666667,0.009894257820375167,0.009869641245631432,2.4616574743735117e-05
1766,1177.3333333333333,0.0034040661944220356,0.003431570671878842,2.750447745680654e-05
1767,1178.0,0.20663471243238882,0.2066347124326705,2.8169133692301784e-13
1768,1178.6666666666667,0.22862845850606806,0.22859596924927375,3.24892567943047e-05
1769,1179.3333333333333,0.15121526481306966,0.15124729033935994,3.2025526290280215e-05
1770,1180.0,0.40467407795388394,0.40467407795390536,2.142730437526552e-14
1771,1180.6666666666667,0.9687296099907117,0.9686996504598486,2.9959530863044037e-05
1772,1181.3333333333333,1.2457960045764906,1.245815813157474,1.980858098327154e-05
1773,1182.0,0.8908355205264031,0.8908355205265149,1.1179945857975326e-13
1774,1182.6666666666667,0.31903365632268926,0.3190067667139756,2.688960871366497e-05
1775,1183.3333333333333,0.09346244136616391,0.09349140560749075,2.8964241326839835e-05
1776,1184.0,0.15708563071123427,0.15708563071116352,7.07489622442381e-14
1777,1184.6666666666667,0.08465922748428115,0.08462606674044502,3.3160743836122e-05
1778,1185.3333333333333,-0.13195215061638615,-0.13191871160662189,3.3439009764268945e-05
1779,1186.0,-0.08603974373201949,-0.08603974373222077,2.0128343436454088e-13
1780,1186.6666666666667,0.268711723931741,0.26868331123467065,2.8412697070323567e-05
1781,1187.3333333333333,0.3917468280242137,0.3917700128165034,2.318479228974324e-05
1782,1188.0,-0.0743471373043716,-0.07434713730445537,8.376632720796806e-14
1783,1188.6666666666667,-0.7306021234712418,-0.7306269825475725,2.485907633076323e-05
1784,1189.3333333333333,-0.9686308159950866,-0.9685971366566065,3.3679338480085974e-05
1785,1190.0,-0.7966831526789651,-0.7966831526791097,1.446620601086579e-13
1786,1190.6666666666667,-0.6813836568361569,-0.6814152551013335,3.159826517662445e-05
1787,1191.3333333333333,-0.7322172398061422,-0.732181796400877,3.544340526517864e-05
1788,1192.0,-0.5815634859543326,-0.5815634859544263,9.370282327836321e-14
1789,1192.6666666666667,-0.12559976053764255,-0.12562724340641773,2.748286877518602e-05
1790,1193.3333333333333,0.1507635451473316,0.15078802520874268,2.4480061411091825e-05
1791,1194.0,-0.12961843941525503,-0.1296184394151261,1.289246487345963e-13
1792,1194.6666666666667,-0.6060667553550587,-0.6060929692945559,2.6213939497199412e-05
1793,1195.3333333333333,-0.6507742610395834,-0.650740306940252,3.395409933137916e-05
1794,1196.0,-0.2365654164408221,-0.23656541644074272,7.938094626069869e-14
1795,1196.6666666666667,0.12815796769359564,0.12812317203682727,3.4795656768366046e-05
1796,1197.3333333333333,0.23350632144735345,0.23353898688231522,3.2665434961776096e-05
1797,1198.0,0.40744177818944355,0.40744177818967586,2.32314167902814e-13
1798,1198.6666666666667,0.8182598198902754,0.8182289926529978,3.082723727765302e-05
1799,1199.3333333333333,1.0533615356755592,1.053384139202787,2.260352722771586e-05
1800,1200.0,0.7293865451261294,0.7293865451265116,3.821387650759789e-13
1801,1200.6666666666667,0.16919182617138184,0.169161931952697,2.9894218684850538e-05
1802,1201.3333333333333,0.016619786339407177,0.0166532188928389,3.3432553431723966e-05
1803,1202.0,0.34311798003787775,0.34311798003793326,5.551115123125783e-14
1804,1202.6666666666667,0.6201159987224101,0.620078668100877,3.7330621533104846e-05
1805,1203.3333333333333,0.5582197915116388,0.5582519349294336,3.214341779478325e-05
1806,1204.0,0.4598240415755355,0.4598240415754492,8.631984016460592e-14
1807,1204.6666666666667,0.5725163566491354,0.5724855822152847,3.077443385068879e-05
1808,1205.3333333333333,0.5750912301552383,0.5751164376126516,2.5207457413300993e-05
1809,1206.0,0.09024378504992225,0.09024378504993354,1.1282641487753153e-14
1810,1206.6666666666667,-0.6014955392213218,-0.6015244514245328,2.8912203210995635e-05
1811,1207.3333333333333,-0.8530828229787395,-0.8530453130468049,3.75099319346317e-05
1812,1208.0,-0.5531608011226852,-0.5531608011228167,1.3156142841808105e-13
1813,1208.6666666666667,-0.2443051013792023,-0.24434062315244265,3.5521773240343446e-05
1814,1209.3333333333333,-0.2922252608495805,-0.2921902733003136,3.498754926689607e-05
1815,1210.0,-0.4274080323014827,-0.4274080323017295,2.468025783741723e-13
1816,1210.6666666666667,-0.33316945451661195,-0.33319786207738117,2.840756076921691e-05
1817,1211.3333333333333,-0.24599244860134128,-0.24596384277740813,2.8605823933158803e-05
1818,1212.0,-0.5481246287384002,-0.5481246287384359,3.574918139293004e-14
1819,1212.6666666666667,-1.025662406066749,-1.0256910952995366,2.8689232787648677e-05
1820,1213.3333333333333,-1.0578858086120515,-1.057846631884311,3.917672774056413e-05
1821,1214.0,-0.5108464662968761,-0.5108464662969388,6.261657858885883e-14
1822,1214.6666666666667,0.05721569399594317,0.05717867512943541,3.701886650776115e-05
1823,1215.3333333333333,0.20464282602389833,0.2046763818615861,3.355583768777093e-05
1824,1216.0,0.16108491387558388,0.1610849138757589,1.7502665983215593e-13
1825,1216.6666666666667,0.30478283686475105,0.30475209518710594,3.074167764510749e-05
1826,1217.3333333333333,0.48396736747315827,0.48399473228087414,2.7364807715868356e-05
1827,1218.0,0.31306650169473377,0.31306650169498856,2.5479618415147343e-13
1828,1218.6666666666667,-0.06688944124239382,-0.06692233952478395,3.28982823901286e-05
1829,1219.3333333333333,-0.06982104090588555,-0.06978368420162923,3.7356704256322204e-05
1830,1220.0,0.4664431449871319,0.4664431449872209,8.89843754237063e-14
1831,1220.6666666666667,0.9907667092880024,0.9907259877845338,4.0721503468565956e-05
1832,1221.3333333333333,1.010543111281347,1.0105746467437369,3.153546238987559e-05
1833,1222.0,0.730651721665213,0.7306517216652525,3.952393967665557e-14
1834,1222.6666666666667,0.6011321903364486,0.6010998049272718,3.2385409176827196e-05
1835,1223.3333333333333,0.5693910495107625,0.5694195100234452,2.8460512682682015e-05
1836,1224.0,0.260991699017424,0.2609916990173043,1.1968204205459188e-13
1837,1224.6666666666667,-0.25143678759659027,-0.25147066141965607,3.387382306579978e-05
1838,1225.3333333333333,-0.4183775012363739,-0.4183377722106704,3.9729025703483245e-05
1839,1226.0,-0.04285848234319193,-0.042858482343376796,1.8486601138789638e-13
1840,1226.6666666666667,0.3499769364321836,0.3499373332685116,3.960316367196404e-05
1841,1227.3333333333333,0.23314434421652408,0.23317869690958867,3.435269306459321e-05
1842,1228.0,-0.21213062116355116,-0.21213062116364423,9.306444503920375e-14
1843,1228.6666666666667,-0.47340633194519366,-0.4734360284812606,2.9696536066936563e-05
1844,1229.3333333333333,-0.512419165089586,-0.5123862226908869,3.294239869910953e-05
1845,1230.0,-0.7006229533854443,-0.7006229533856136,1.6930901125533637e-13
1846,1230.6666666666667,-1.050693605089916,-1.050726298764693,3.2693674776984594e-05
1847,1231.3333333333333,-1.072742920301656,-1.0727002754513777,4.264485027838383e-05
1848,1232.0,-0.5495743966726603,-0.5495743966727548,9.447997939560082e-14
1849,1232.6666666666667,0.01893468448476353,0.018895633686589045,3.905079817448712e-05
1850,1233.3333333333333,0.07120637238348555,0.07124138843991809,3.501605643253802e-05
1851,1234.0,-0.2483104334922187,-0.24831043349213872,7.999156892424253e-14
1852,1234.6666666666667,-0.3859321273995744,-0.3859624976008721,3.0370201297702515e-05
1853,1235.3333333333333,-0.22812553622381415,-0.22809242403145696,3.311219235718754e-05
1854,1236.0,-0.1517233841061606,-0.1517233841058269,3.3370528562670643e-13
1855,1236.6666666666667,-0.26467175472723514,-0.26470811069966604,3.6355972430901495e-05
1856,1237.3333333333333,-0.14809724505184604,-0.14805652968929658,4.07153625494594e-05
1857,1238.0,0.43532321942456376,0.4353232194249017,3.3795188869589765e-13
1858,1238.6666666666667,1.027496107794806,1.0274533977477645,4.271004704148318e-05
1859,1239.3333333333333,1.0520736351859163,1.0521060893714014,3.245418548503132e-05
1860,1240.0,0.6249052349882185,0.6249052349883998,1.8129941992128806e-13
1861,1240.6666666666667,0.3407125924500744,0.3406792373189511,3.335513112329158e-05
1862,1241.3333333333333,0.3936916336961917,0.39372424157524144,3.260787904973972e-05
1863,1242.0,0.4154759615371273,0.41547596153716854,4.1244785364824565e-14
1864,1242.6666666666667,0.2154181946378551,0.21537875368032353,3.94409575315835e-05
1865,1243.3333333333333,0.14965497830069124,0.1496959449763258,4.09666756345517e-05
1866,1244.0,0.48982894798474413,0.4898289479843232,4.209410597866281e-13
1867,1244.6666666666667,0.8450453946428069,0.8450024972457444,4.28973970625357e-05
1868,1245.3333333333333,0.6482530712618859,0.648287409773247,3.433851136103172e-05
1869,1246.0,-0.006019532462820079,-0.00601953246293756,1.174806779635773e-13
1870,1246.6666666666667,-0.488894921165838,-0.4889265960251853,3.167485934729708e-05
1871,1247.3333333333333,-0.5312768680457203,-0.531240052270882,3.6815774838272475e-05
1872,1248.0,-0.4924304686815245,-0.4924304686817547,2.302047441560262e-13
1873,1248.6666666666667,-0.6477550948105619,-0.6477933622697327,3.8267459170793217e-05
1874,1249.3333333333333,-0.7132226012753387,-0.7131781010019795,4.4500273359115994e-05
1875,1250.0,-0.39037870593644874,-0.3903787059366318,1.8307577676068831e-13
1876,1250.6666666666667,-0.001683505999429714,-0.001724189846887067,4.0683847457353116e-05
1877,1251.3333333333333,-0.10496579815870516,-0.10492879705778575,3.700110091940656e-05
1878,1252.0,-0.6427465309118738,-0.6427465309118151,5.873079800267078e-14
1879,1252.6666666666667,-0.9804479981479575,-0.9804787625011734,3.076435321591742e-05
1880,1253.3333333333333,-0.7983446994665905,-0.7983059842118871,3.871525470333648e-05
1881,1254.0,-0.45889193440012654,-0.4588919344001485,2.19824158875781e-14
1882,1254.6666666666667,-0.33099527603650536,-0.3310357586897706,4.048265326522804e-05
1883,1255.3333333333333,-0.21453411183119142,-0.21449044290748043,4.366892371099329e-05
1884,1256.0,0.20832725490807855,0.20832725490839818,3.1963320878958257e-13
1885,1256.6666666666667,0.6880336436068182,0.6879905705086027,4.3073098215495875e-05
1886,1257.3333333333333,0.6839204797100169,0.6839555042409364,3.5024530919525176e-05
1887,1258.0,0.21348853379343166,0.213488533793836,4.04343225568482e-13
1888,1258.6666666666667,-0.09517397711606693,-0.09520828938884393,3.4312272777003994e-05
1889,1259.3333333333333,0.12336585740571322,0.12340307489384263,3.7217488129404064e-05
1890,1260.0,0.514208052613778,0.5142080526138368,5.88418203051333e-14
1891,1260.6666666666667,0.6320078330092574,0.6319628525821945,4.498042706291283e-05
1892,1261.3333333333333,0.6065069670750645,0.6065491249154384,4.215784037397974e-05
1893,1262.0,0.7893189834541499,0.7893189834541556,5.773159728050814e-15
1894,1262.6666666666667,1.0263244673240992,1.0262798034417944,4.466388230484064e-05
1895,1263.3333333333333,0.8175007630410518,0.8175361621526768,3.539911162497855e-05
1896,1264.0,0.15040230971496932,0.15040230971492974,3.957945082788683e-14
1897,1264.6666666666667,-0.3565769069818182,-0.35661157733265886,3.4670350840648734e-05
1898,1265.3333333333333,-0.29266031705854334,-0.292620328742017,3.9988316526351486e-05
1899,1266.0,0.006658287255057824,0.00665828725471435,3.434743808816698e-13
1900,1266.6666666666667,0.03442189742460801,0.03437717220420453,4.472522040347565e-05
1901,1267.3333333333333,-0.1439539161370105,-0.14390852189142486,4.5394245585639315e-05
1902,1268.0,-0.14293336396974277,-0.14293336396998138,2.3861468356756177e-13
1903,1268.6666666666667,-0.018357958267783202,-0.018399764534395527,4.1806266612324366e-05
1904,1269.3333333333333,-0.22815224926537636,-0.22811306327808334,3.918598729302225e-05
1905,1270.0,-0.8272088386154313,-0.8272088386154315,2.220446049250313e-16
1906,1270.6666666666667,-1.2330211599375451,-1.233054094561906,3.293462436082528e-05
1907,1271.3333333333333,-1.0127290729130438,-1.0126857073509208,4.336556212303222e-05
1908,1272.0,-0.4914825075791998,-0.4914825075793303,1.3050671654468715e-13
1909,1272.6666666666667,-0.24080218831118716,-0.24084727991714514,4.5091605957975345e-05
1910,1273.3333333333333,-0.2691740743352978,-0.2691276842793694,4.63900559283803e-05
1911,1274.0,-0.17157254286510898,-0.17157254286508444,2.453592884421596e-14
1912,1274.6666666666667,0.08512081613675496,0.085078625631529,4.21905052259558e-05
1913,1275.3333333333333,0.07971768008728408,0.07975637597541341,3.869588812932534e-05
1914,1276.0,-0.2977601532273142,-0.2977601532271995,1.1468603844377867e-13
1915,1276.6666666666667,-0.5213756660333944,-0.5214117877095004,3.6121676106004585e-05
1916,1277.3333333333333,-0.14937904469733082,-0.14933709698121328,4.194771611754078e-05
1917,1278.0,0.5091562159174319,0.5091562159175292,9.736655925962623e-14
1918,1278.6666666666667,0.8344220410890171,0.8343723314149649,4.9709674052156316e-05
1919,1279.3333333333333,0.755802067205849,0.7558461463571635,4.407915131454665e-05
1920,1280.0,0.704254794956319,0.7042547949565011,1.8207657603852567e-13
1921,1280.6666666666667,0.8127496024816951,0.8127048386717867,4.476380990847684e-05
1922,1281.3333333333333,0.7126065922835627,0.7126441654177146,3.757313415186925e-05
1923,1282.0,0.24842834001627462,0.24842834001624683,2.7783331191244542e-14
1924,1282.6666666666667,-0.10974873991755264,-0.10978756954727091,3.8829629718267755e-05
1925,1283.3333333333333,0.09375324083485673,0.09379599022476137,4.274938990464494e-05
1926,1284.0,0.5863402061078948,0.5863402061076648,2.3003821070233244e-13
1927,1284.6666666666667,0.7271551811129079,0.7271043035733262,5.087753958166186e-05
1928,1285.3333333333333,0.4008612339064694,0.4009073733416469,4.613943517750574e-05
1929,1286.0,0.06936185299219805,0.06936185299201288,1.851713227196683e-13
1930,1286.6666666666667,-0.031395709006510245,-0.03143826099411206,4.255198760181461e-05
1931,1287.3333333333333,-0.2130871662364609,-0.2130459583526269,4.120788383399354e-05
1932,1288.0,-0.6799107136333997,-0.6799107136336835,2.8377300509419e-13
1933,1288.6666666666667,-1.0325685278008212,-1.032605921603443,3.7393802621910055e-05
1934,1289.3333333333333,-0.8152834430247936,-0.8152365808444556,4.6862180338003157e-05
1935,1290.0,-0.26504992225562746,-0.26504992225585944,2.3198110099542646e-13
1936,1290.6666666666667,-0.03863748651001204,-0.0386871320392416,4.964552922956389e-05
1937,1291.3333333333333,-0.30140809792078893,-0.3013591878978374,4.8910022951542675e-05
1938,1292.0,-0.5791579575114213,-0.5791579575113335,8.781864124784988e-14
1939,1292.6666666666667,-0.5528067219219257,-0.5528477182378424,4.099631591669706e-05
1940,1293.3333333333333,-0.49139968855541194,-0.49135710737451155,4.258118090039176e-05
1941,1294.0,-0.6639808330223871,-0.6639808330223889,1.7763568394002505e-15
1942,1294.6666666666667,-0.764083797094586,-0.764123272750564,3.9475655978060686e-05
1943,1295.3333333333333,-0.35307155720188926,-0.35302492634855226,4.663085333700412e-05
1944,1296.0,0.3672834420648884,0.3672834420650854,1.9700907571973403e-13
1945,1296.6666666666667,0.7346880102477039,0.7346350152115732,5.299503613076517e-05
1946,1297.3333333333333,0.5378677567962535,0.5379147372912977,4.6980495044146586e-05
1947,1298.0,0.2567147570047711,0.2567147570049488,1.776911950912563e-13
1948,1298.6666666666667,0.28819242015556,0.2881486242876364,4.379586792363499e-05
1949,1299.3333333333333,0.4103023303289018,0.41034293446271697,4.06041338151808e-05
1950,1300.0,0.29654320444548854,0.2965432044455979,1.0935696792557792e-13
1951,1300.6666666666667,0.16409033621256633,0.16404635580858476,4.398040398156944e-05
1952,1301.3333333333333,0.4417863507850921,0.44183208539999014,4.573461489804087e-05
1953,1302.0,0.984922175231641,0.9849221752317306,8.959499808725013e-14
1954,1302.6666666666667,1.1560183531146522,1.1559628514730436,5.550164160861293e-05
1955,1303.3333333333333,0.7188642545166645,0.7189116020806289,4.734756396440609e-05
1956,1304.0,0.16451619955099073,0.1645161995509036,8.712475185745916e-14
1957,1304.6666666666667,-0.03033643998798119,-0.03037975675100624,4.331676302505097e-05
1958,1305.3333333333333,-0.03237985131110368,-0.032336909998394385,4.294131270929369e-05
1959,1306.0,-0.21652247171529204,-0.21652247171561514,3.231026557415362e-13
1960,1306.6666666666667,-0.45339117999143397,-0.45343506019607527,4.388020464130005e-05
1961,1307.3333333333333,-0.3245757325372634,-0.3245261359123741,4.959662488929206e-05
1962,1308.0,0.0901849851077048,0.0901849851075963,1.0849654508149342e-13
1963,1308.6666666666667,0.1905651814193892,0.1905116891358764,5.34922835127849e-05
1964,1309.3333333333333,-0.28441303982300103,-0.2843619621020435,5.1077720957526385e-05
1965,1310.0,-0.8505419516962291,-0.8505419516963104,8.126832540256146e-14
1966,1310.6666666666667,-0.9746030086638836,-0.9746436817401232,4.067307623956129e-05
1967,1311.3333333333333,-0.7834104642795867,-0.7833645356455622,4.592863402452796e-05
1968,1312.0,-0.7114089473789963,-0.7114089473791431,1.467714838554457e-13
1969,1312.6666666666667,-0.73275426228072,-0.7327988155042211,4.455322350105373e-05
1970,1313.3333333333333,-0.4560247169514888,-0.4559734904758869,5.122647560185101e-05
1971,1314.0,0.09753970078606009,0.09753970078614348,8.339162693715707e-14
1972,1314.6666666666667,0.36638173827996273,0.36632710325850487,5.463502145786059e-05
1973,1315.3333333333333,0.059178700204742564,0.05922918586099509,5.048565625252743e-05
1974,1316.0,-0.3658679308126376,-0.365867930812367,2.7056135110115065e-13
1975,1316.6666666666667,-0.3388378899329829,-0.3388807925061104,4.290257312750123e-05
1976,1317.3333333333333,0.04709278430587617,0.04713694692981332,4.416262393715231e-05
1977,1318.0,0.30252830750303417,0.3025283075031865,1.5232259897857148e-13
1978,1318.6666666666667,0.35420476466926837,0.3541551359965339,4.962867273444749e-05
1979,1319.3333333333333,0.5712456683028314,0.5712952254268104,4.955712397902712e-05
1980,1320.0,1.0053519703648697,1.0053519703650784,2.0872192862952943e-13
1981,1320.6666666666667,1.1566883781065094,1.1566305213979038,5.7856708605585894e-05
1982,1321.3333333333333,0.7200548952685746,0.7201041133502695,4.9218081694890614e-05
1983,1322.0,0.12977742976244588,0.12977742976255327,1.0738632205686827e-13
1984,1322.6666666666667,-0.008158024436307507,-0.00820265147050465,4.4627034197141854e-05
1985,1323.3333333333333,0.257845772438081,0.2578904288558253,4.465641774431539e-05
1986,1324.0,0.40379752988945683,0.403797529889314,1.428301921180264e-13
1987,1324.6666666666667,0.27395293241122115,0.27390153324919364,5.139916202751005e-05
1988,1325.3333333333333,0.225522043669719,0.2255743101756072,5.226650588818771e-05
1989,1326.0,0.39599718234350273,0.3959971823435488,4.6074255521943996e-14
1990,1326.6666666666667,0.3632412896081258,0.3631851241258855,5.616548224030016e-05
1991,1327.3333333333333,-0.18588754848397787,-0.18583488253333194,5.266595064593038e-05
1992,1328.0,-0.8528348354860695,-0.8528348354860981,2.853273173286652e-14
1993,1328.6666666666667,-1.0137961368399342,-1.013838343945871,4.220710593672017e-05
1994,1329.3333333333333,-0.6809600204137262,-0.6809115193162768,4.8501097449360486e-05
1995,1330.0,-0.41257540535271364,-0.4125754053528533,1.396660564978447e-13
1996,1330.6666666666667,-0.4508162774919102,-0.45086718242341656,5.0904931506334794e-05
1997,1331.3333333333333,-0.4625440543760307,-0.4624883601725564,5.5694203474287995e-05
1998,1332.0,-0.23567104209258127,-0.2356710420924759,1.0536016503692736e-13
1999,1332.6666666666667,-0.1212099635536853,-0.1212649519507729,5.4988397087604723e-05
2000,1333.3333333333333,-0.4525956684198877,-0.4525418587843131,5.3809635574608716e-05
2001,1334.0,-0.8924932336852363,-0.8924932336850943,1.4199752484955752e-13
2002,1334.6666666666667,-0.8267607873443474,-0.8268041176950861,4.333035073866842e-05
2003,1335.3333333333333,-0.24410043711076412,-0.24405239486405317,4.804224671095536e-05
2004,1336.0,0.26522306153568803,0.26522306153583547,1.474376176702208e-13
2005,1336.6666666666667,0.37565911301789073,0.3756040000620624,5.51129558283292e-05
2006,1337.3333333333333,0.39377947915633504,0.39383390929969386,5.4430143358819016e-05
2007,1338.0,0.6064644754952637,0.6064644754954641,2.0039525594484076e-13
2008,1338.6666666666667,0.7418946758456374,0.7418366614721786,5.801437345875904e-05
2009,1339.3333333333333,0.4532192620888282,0.4532708204698702,5.155838104203836e-05
2010,1340.0,0.013792548379988463,0.013792548380104155,1.1569217805984522e-13
2011,1340.6666666666667,0.024457066140447965,0.024410138237383864,4.6927903064101356e-05
2012,1341.3333333333333,0.5311881485045482,0.5312351099659208,4.696146137261881e-05
2013,1342.0,0.9376652085273101,0.9376652085273672,5.717648576819556e-14
2014,1342.6666666666667,0.8598733494225579,0.859814768910498,5.858051205986925e-05
2015,1343.3333333333333,0.5924644515579467,0.5925199222668545,5.547070890776773e-05
2016,1344.0,0.5084981438216385,0.5084981438217588,1.2034817586936697e-13
2017,1344.6666666666667,0.43019211795620393,0.4301345140491856,5.7603907018310974e-05
2018,1345.3333333333333,0.008322382790228825,0.008375956891093729,5.357410086490391e-05
2019,1346.0,-0.5493896896604247,-0.549389689660633,2.0827783941967937e-13
2020,1346.6666666666667,-0.6626331648461047,-0.6626791615468721,4.599670076743667e-05
2021,1347.3333333333333,-0.2481109206938915,-0.24806023474012,5.068595377150098e-05
2022,1348.0,0.10537437160181244,0.10537437160156696,2.4548418853242993e-13
2023,1348.6666666666667,-0.035738895602562507,-0.03579650857008292,5.76129675204165e-05
2024,1349.3333333333333,-0.39460476400580946,-0.3945448831289453,5.9880876864149e-05
2025,1350.0,-0.5252407957995915,-0.5252407957996634,7.194245199571014e-14
2026,1350.6666666666667,-0.522250378215174,-0.5223052484593719,5.48702441979243e-05
2027,1351.3333333333333,-0.7496662656720102,-0.7496100759079484,5.618976406185361e-05
2028,1352.0,-1.0875452192075734,-1.0875452192077306,1.5720758028692217e-13
2029,1352.6666666666667,-1.0018107384672148,-1.0018566760919758,4.593762476101659e-05
2030,1353.3333333333333,-0.3855760899018995,-0.38552385893484586,5.223096705364583e-05
2031,1354.0,0.18061112442802985,0.18061112442817523,1.4538370507466425e-13
2032,1354.6666666666667,0.21385920738966713,0.21379935307713577,5.985431253135998e-05
2033,1355.3333333333333,-0.03818610111584501,-0.038126128905792055,5.997221005295261e-05
2034,1356.0,-0.07241451308576367,-0.07241451308547235,2.913225216616411e-13
2035,1356.6666666666667,0.09128925668033924,0.09123240150067635,5.685517966289022e-05
2036,1357.3333333333333,0.07102738160453287,0.0710813808294893,5.3999224956427505e-05
2037,1358.0,-0.10750234962293481,-0.10750234962273085,2.0396184741144907e-13
2038,1358.6666666666667,0.03705175737707085,0.037001357676132746,5.039970093810575e-05
2039,1359.3333333333333,0.6423171442763166,0.6423676807613417,5.053648502506558e-05
2040,1360.0,1.159126142837588,1.1591261428376933,1.0524914273446484e-13
2041,1360.6666666666667,1.0787883721914828,1.078724166480178,6.420571130472119e-05
2042,1361.3333333333333,0.6305788487553688,0.6306382351179758,5.938636260693908e-05
2043,1362.0,0.378625852242243,0.37862585224246703,2.240430063693566e-13
2044,1362.6666666666667,0.38726070352206976,0.38720251428602587,5.818923604389292e-05
2045,1363.3333333333333,0.2711875340121924,0.2712415478251879,5.401381299546815e-05
2046,1364.0,-0.028568858596860865,-0.02856885859688563,2.4764912343044898e-14
2047,1364.6666666666667,-0.07826379503463173,-0.07831548677034941,5.1691735717687703e-05
2048,1365.3333333333333,0.3030292161428238,0.3030825046217151,5.328847889130017e-05
2049,1366.0,0.6204009916109607,0.6204009916108026,1.580957587066223e-13
2050,1366.6666666666667,0.35778064862116377,0.35771699968118104,6.364893998273002e-05
2051,1367.3333333333333,-0.2735248552356352,-0.2734613481120794,6.350712355579491e-05
2052,1368.0,-0.660276553526547,-0.6602765535267183,1.7130741269966165e-13
2053,1368.6666666666667,-0.6634818972159557,-0.6635371433841458,5.524616819008177e-05
2054,1369.3333333333333,-0.6768906297191852,-0.6768333054687209,5.73242504643412e-05
2055,1370.0,-0.8540060880157104,-0.8540060880160916,3.8113956435381624e-13
2056,1370.6666666666667,-0.8244102501623843,-0.8244611161539662,5.086599158188321e-05
2057,1371.3333333333333,-0.37409959573793583,-0.37404276065155273,5.68350863831002e-05
2058,1372.0,0.05626317699161467,0.056263176991430845,1.838251773023103e-13
2059,1372.6666666666667,-0.05921053504321837,-0.05927412003146961,6.35849882512432e-05
2060,1373.3333333333333,-0.5450373741445205,-0.5449720685715256,6.530557299488926e-05
2061,1374.0,-0.7662135312147399,-0.7662135312147772,3.730349362740526e-14
2062,1374.6666666666667,-0.5294602534912523,-0.5295159839723012,5.5730481048898994e-05
2063,1375.3333333333333,-0.2459869404571903,-0.24593066272408573,5.6277733104570515e-05
2064,1376.0,-0.17086310066049015,-0.1708631006602873,2.0286550217463173e-13
2065,1376.6666666666667,-0.0056491740173876025,-0.005704070937236634,5.4896919849031604e-05
2066,1377.3333333333333,0.49595580096673686,0.4960115756855144,5.577471877754592e-05
2067,1378.0,0.9598276889532814,0.9598276889533991,1.176836406102666e-13
2068,1378.6666666666667,0.8639446698755913,0.86387699191892,6.767795667128595e-05
2069,1379.3333333333333,0.3492969786495772,0.34936065832868846,6.367967911125039e-05
2070,1380.0,0.06605387656852198,0.0660538765686556,1.336292188014454e-13
2071,1380.6666666666667,0.26358155978263287,0.2635229663826906,5.8593399942241664e-05
2072,1381.3333333333333,0.5284141241349847,0.5284686840093756,5.455987439095811e-05
2073,1382.0,0.5218199955917722,0.5218199955916127,1.5942802633617248e-13
2074,1382.6666666666667,0.4838337616495212,0.48377541709460753,5.834455491365853e-05
2075,1383.3333333333333,0.7091784303114015,0.709235541840065,5.7111528663500444e-05
2076,1384.0,0.9143679301789238,0.9143679301789892,6.539213615042172e-14
2077,1384.6666666666667,0.6029347381584108,0.6028664725166888,6.826564172202065e-05
2078,1385.3333333333333,-0.1132229190438043,-0.11315664064179104,6.627840201325896e-05
2079,1386.0,-0.576189687219974,-0.5761896872201221,1.4810375148499588e-13
2080,1386.6666666666667,-0.48399186561613866,-0.4840487199052986,5.685428915991331e-05
2081,1387.3333333333333,-0.2453180085949115,-0.24526040397542215,5.760461948936535e-05
2082,1388.0,-0.27553575005837316,-0.27553575005851955,1.463829057968269e-13
2083,1388.6666666666667,-0.3948068594277821,-0.394864371766085,5.7512338302923016e-05
2084,1389.3333333333333,-0.26468597430614027,-0.26462405743071865,6.191687542161928e-05
2085,1390.0,-0.07827710332455004,-0.07827710332477379,2.2375157282539249e-13
2086,1390.6666666666667,-0.309552189229134,-0.30961863070947615,6.64414803421276e-05
2087,1391.3333333333333,-0.8939049378761638,-0.8938355173408908,6.94205352729238e-05
2088,1392.0,-1.1954337625275506,-1.1954337625275733,2.2648549702353193e-14
2089,1392.6666666666667,-0.8831512771002301,-0.8832072150032628,5.593790303271007e-05
2090,1393.3333333333333,-0.3698412180356551,-0.36978278121692126,5.8436818733853535e-05
2091,1394.0,-0.1515653953860983,-0.15156539538584105,2.572664303812644e-13
2092,1394.6666666666667,-0.11832636706696939,-0.11838640495199532,6.003788502592644e-05
2093,1395.3333333333333,0.10145821594671389,0.10152072261407792,6.250666736402899e-05
2094,1396.0,0.40220451343217617,0.4022045134324987,3.22519788653608e-13
2095,1396.6666666666667,0.33245079412840717,0.33238156316007,6.923096833716391e-05
2096,1397.3333333333333,-0.0994265392217478,-0.09935885410058241,6.768512116538117e-05
2097,1398.0,-0.29531995954576057,-0.2953199595455294,2.311484337269576e-13
2098,1398.6666666666667,0.0988430602014037,0.09878354254486725,5.951765653644525e-05
2099,1399.3333333333333,0.6787523175613565,0.6788083264902613,5.600892890489373e-05
2100,1400.0,0.8879264401559859,0.8879264401562064,2.204902926905561e-13
2101,1400.6666666666667,0.7812064816597466,0.7811416697031667,6.481195657992433e-05
2102,1401.3333333333333,0.7744589908865891,0.7745215151672091,6.252428062003546e-05
2103,1402.0,0.8660101984765901,0.8660101984766934,1.0325074129013956e-13
2104,1402.6666666666667,0.6452811650586618,0.6452099127677877,7.125229087412421e-05
2105,1403.3333333333333,0.07292937490832144,0.07299744363385467,6.806872553323517e-05
2106,1404.0,-0.291956891974777,-0.29195689197497504,1.9806378759312793e-13
2107,1404.6666666666667,-0.06794657869679954,-0.06800650504015124,5.992634335169611e-05
2108,1405.3333333333333,0.36772972993443714,0.36778775201084507,5.802207640792645e-05
2109,1406.0,0.42027552690845127,0.42027552690847886,2.758904216193514e-14
2110,1406.6666666666667,0.10007165291331216,0.10000685043126228,6.480248204987493e-05
2111,1407.3333333333333,-0.13263592265595253,-0.13256857054093638,6.735211501615601e-05
2112,1408.0,-0.17581338633754445,-0.17581338633757188,2.7422508708241367e-14
2113,1408.6666666666667,-0.3996935135801952,-0.39976238466353187,6.887108333664127e-05
2114,1409.3333333333333,-0.9023414049844225,-0.9022697568816404,7.164810278215139e-05
2115,1410.0,-1.185554717042053,-1.1855547170421483,9.525713551283843e-14
2116,1410.6666666666667,-0.8583390463390888,-0.8583972852855221,5.823894643330885e-05
2117,1411.3333333333333,-0.2743431320916567,-0.2742822902133206,6.0841878336104216e-05
2118,1412.0,-0.0653258972505364,-0.06532589725048984,4.65599780952175e-14
2119,1412.6666666666667,-0.2743452901460634,-0.274410684017976,6.539387191262236e-05
2120,1413.3333333333333,-0.4157087528635653,-0.41563879646721175,6.995639635354323e-05
2121,1414.0,-0.300453239658431,-0.30045323965833426,9.675593659608239e-14
2122,1414.6666666666667,-0.2699082124658608,-0.2699780004769014,6.978801104062793e-05
2123,1415.3333333333333,-0.4956850565848703,-0.4956142985385542,7.075804631606619e-05
2124,1416.0,-0.5604129067698886,-0.5604129067695055,3.831379657981415e-13
2125,1416.6666666666667,-0.07529521835175854,-0.07535666895244256,6.145060068402097e-05
2126,1417.3333333333333,0.6362341275404518,0.6362932135715099,5.908603105808652e-05
2127,1418.0,0.9212398960856696,0.9212398960858431,1.7352785874891197e-13
2128,1418.6666666666667,0.6915523661717613,0.691482134456233,7.023171552833496e-05
2129,1419.3333333333333,0.4576493707466782,0.45771859732782055,6.922658114233426e-05
2130,1420.0,0.49794520098656825,0.49794520098655154,1.6708856520608606e-14
2131,1420.6666666666667,0.5104690885922383,0.5103961339875902,7.29546046480678e-05
2132,1421.3333333333333,0.259735761563006,0.2598048356427364,6.907407973039126e-05
2133,1422.0,0.08673805087028111,0.08673805087022972,5.1389448252336933e-14
2134,1422.6666666666667,0.38771189309076304,0.38764775374147126,6.413934929178078e-05
2135,1423.3333333333333,0.8936342529314156,0.8936940320527437,5.977912132804075e-05
2136,1424.0,0.960034105738639,0.9600341057384101,2.289279876777073e-13
2137,1424.6666666666667,0.47110026812013667,0.47102863390744226,7.163421269440473e-05
2138,1425.3333333333333,-0.03554249523950584,-0.03546969578994752,7.279944955831952e-05
2139,1426.0,-0.1920349144597391,-0.19203491445978307,4.39648317751562e-14
2140,1426.6666666666667,-0.2562420531952393,-0.25631344755578755,7.139436054826032e-05
2141,1427.3333333333333,-0.5255461909077667,-0.5254741678504496,7.202305731701664e-05
2142,1428.0,-0.7419267121221241,-0.741926712122449,3.248512570053208e-13
2143,1428.6666666666667,-0.5080582136298957,-0.508120837117499,6.262348760333047e-05
2144,1429.3333333333333,-0.034597885747479226,-0.0345338724227941,6.401332468512766e-05
2145,1430.0,0.04962722227024413,0.04962722227018437,5.976469319435296e-14
2146,1430.6666666666667,-0.40505361308084087,-0.4051242880488676,7.067496802670714e-05
2147,1431.3333333333333,-0.856265989962492,-0.8561890118399986,7.697812249340963e-05
2148,1432.0,-0.8709655631668536,-0.870965563166814,3.963496197911809e-14
2149,1432.6666666666667,-0.678808966506245,-0.6788795060229661,7.053951672109093e-05
2150,1433.3333333333333,-0.6523238221087069,-0.6522511957940355,7.262631467142011e-05
2151,1434.0,-0.6339301505966504,-0.6339301505965215,1.2889689315898067e-13
2152,1434.6666666666667,-0.23984761582853206,-0.239912167857071,6.455202853894448e-05
2153,1435.3333333333333,0.37616194336342046,0.37622606827601707,6.412491259660813e-05
2154,1436.0,0.6071679657567916,0.6071679657569459,1.5432100042289676e-13
2155,1436.6666666666667,0.2674417550789878,0.26736739486302713,7.436021596068931e-05
2156,1437.3333333333333,-0.11026250043105668,-0.11018617759351172,7.632283754495373e-05
2157,1438.0,-0.040048060546744396,-0.040048060546623805,1.2059103715600372e-13
2158,1438.6666666666667,0.27781731593043624,0.27774324221068775,7.407371974849086e-05
2159,1439.3333333333333,0.4047524105799861,0.4048222473910961,6.983681111000228e-05
2160,1440.0,0.40534061799464394,0.4053406179947551,1.1118883591620943e-13
2161,1440.6666666666667,0.6592471394797981,0.6591783159185867,6.882356121140631e-05
2162,1441.3333333333333,1.09015816282892,1.090221939133204,6.377630428389125e-05
2163,1442.0,1.139951620603753,1.1399516206036235,1.2945200467129325e-13
2164,1442.6666666666667,0.603816924160025,0.6037396339873502,7.729017267477101e-05
2165,1443.3333333333333,0.006698944267858517,0.006776753030760548,7.7808762902031e-05
2166,1444.0,-0.11255152659474607,-0.11255152659513909,3.930189507173054e-13
2167,1444.6666666666667,0.08596762378506553,0.08589328173866924,7.43420463962946e-05
2168,1445.3333333333333,0.11386559140345262,0.11393695186530874,7.136046185611533e-05
2169,1446.0,-0.047071713950625434,-0.047071713951024524,3.9909048288322424e-13
2170,1446.6666666666667,-0.01598089208759937,-0.01604930242596207,6.841033836270036e-05
2171,1447.3333333333333,0.21785161834690125,0.21791998512040064,6.83667734993898e-05
2172,1448.0,0.156525261602035,0.1565252616019445,9.051093208256589e-14
2173,1448.6666666666667,-0.42510554317130356,-0.4251813575746753,7.581440337173229e-05
2174,1449.3333333333333,-1.0288605867234317,-1.028778097371496,8.248935193577722e-05
2175,1450.0,-1.0855913947438842,-1.0855913947440718,1.8762769116165146e-13
2176,1450.6666666666667,-0.7270908063096849,-0.7271632393789151,7.243306923021553e-05
2177,1451.3333333333333,-0.49610224992028606,-0.49602867787923616,7.357204104990744e-05
2178,1452.0,-0.5029571183966042,-0.5029571183966125,8.326672684688674e-15
2179,1452.6666666666667,-0.3799839747933869,-0.380052672629142,6.86978357550827e-05
2180,1453.3333333333333,-0.03905922751043283,-0.03898835104807013,7.087646236270118e-05
2181,1454.0,0.07772436813408623,0.07772436813431491,2.286781874971666e-13
2182,1454.6666666666667,-0.2867252433558909,-0.28680286321768367,7.761986179277702e-05
2183,1455.3333333333333,-0.6849478687238437,-0.6848651937226156,8.267500122816074e-05
2184,1456.0,-0.5402736896530009,-0.5402736896528224,1.7852386235972517e-13
2185,1456.6666666666667,0.03745594044346823,0.03738058437401219,7.535606945603679e-05
2186,1457.3333333333333,0.4582247496045208,0.4582958522584331,7.110265391230275e-05
2187,1458.0,0.5261883735322703,0.5261883735324902,2.19824158875781e-13
2188,1458.6666666666667,0.5987738312323544,0.598700501390948,7.332984140639986e-05
2189,1459.3333333333333,0.8497270478932761,0.8497972529898152,7.02050965390999e-05
2190,1460.0,0.9080391782137403,0.908039178213764,2.375877272697835e-14
2191,1460.6666666666667,0.4953886646648705,0.4953070176457692,8.164701910134964e-05
2192,1461.3333333333333,0.008005036136605054,0.008087052777320228,8.201664071517435e-05
2193,1462.0,0.029802806210714797,0.029802806210592614,1.2218351330695043e-13
2194,1462.6666666666667,0.48748993949098585,0.48741223641476544,7.77030762204034e-05
2195,1463.3333333333333,0.7700488913328434,0.7701198855646337,7.099423179035558e-05
2196,1464.0,0.618271071534721,0.6182710715345023,2.1871393585115584e-13
2197,1464.6666666666667,0.3914845549395485,0.3914099345355618,7.462040398670267e-05
2198,1465.3333333333333,0.359563310642946,0.3596373061792441,7.39955362981104e-05
2199,1466.0,0.23535962280549333,0.23535962280511566,3.7767011740186263e-13
2200,1466.6666666666667,-0.2753331036041845,-0.2754140146920993,8.091108791480339e-05
2201,1467.3333333333333,-0.8365891688135303,-0.8365032515467911,8.591726673923272e-05
2202,1468.0,-0.870272458352334,-0.8702724583526475,3.135269821541442e-13
2203,1468.6666666666667,-0.4148756287522222,-0.41495143432383114,7.580557160891122e-05
2204,1469.3333333333333,-0.09467008900321608,-0.09459572927477779,7.435972843829186e-05
2205,1470.0,-0.23071640670732646,-0.23071640670735347,2.7006175074006933e-14
2206,1470.6666666666667,-0.4732863724452182,-0.4733600096738192,7.363722860098676e-05
2207,1471.3333333333333,-0.4716500056100599,-0.47157145319614313,7.855241391674372e-05
2208,1472.0,-0.4408866832178684,-0.4408866832177745,9.386935673205699e-14
2209,1472.6666666666667,-0.7061165017673932,-0.7061973405122571,8.08387448639758e-05
2210,1473.3333333333333,-1.0166470229324376,-1.0165596469064713,8.737602596631255e-05
2211,1474.0,-0.8254678550048097,-0.8254678550046591,1.5054624213917123e-13
2212,1474.6666666666667,-0.14658085513151725,-0.14665817955674812,7.732442523086802e-05
2213,1475.3333333333333,0.38655845083009677,0.3866320097871289,7.355895703214932e-05
2214,1476.0,0.39351303552371386,0.3935130355240034,2.8954616482224083e-13
2215,1476.6666666666667,0.20692984034358813,0.20685246079200972,7.737955157841037e-05
2216,1477.3333333333333,0.24985439630601464,0.24993282903594333,7.843272992869021e-05
2217,1478.0,0.37877589737225836,0.37877589737234924,9.087175456556906e-14
2218,1478.6666666666667,0.23995085732297575,0.23986574673525263,8.511058772311952e-05
2219,1479.3333333333333,-0.0041016763893668455,-0.004016350153882781,8.532623548406469e-05
2220,1480.0,0.16090301878116947,0.16090301878115695,1.251776460264864e-14
2221,1480.6666666666667,0.7590120096083788,0.7589308412507055,8.11683576732447e-05
2222,1481.3333333333333,1.175394759317949,1.1754670391538755,7.227983592650311e-05
2223,1482.0,0.9952618407156348,0.995261840715716,8.115730310009894e-14
2224,1482.6666666666667,0.5458080932931044,0.5457276531472606,8.044014584385195e-05
2225,1483.3333333333333,0.32848779261543704,0.3285683963035014,8.060368806434015e-05
2226,1484.0,0.2823810720544386,0.28238107205410945,3.2912561565012766e-13
2227,1484.6666666666667,0.03725750876775692,0.03717143796538489,8.607080237203052e-05
2228,1485.3333333333333,-0.3283611500600847,-0.32827369255506544,8.745750501926164e-05
2229,1486.0,-0.33261849060311743,-0.33261849060333987,2.2243318298365011e-13
2230,1486.6666666666667,0.09588181738411647,0.09580149959438282,8.031778973364989e-05
2231,1487.3333333333333,0.3793892413224723,0.379465189517338,7.59481948656715e-05
2232,1488.0,0.08011035458191629,0.08011035458168907,2.272210197773461e-13
2233,1488.6666666666667,-0.4869522252402837,-0.4870313865477553,7.9161307471598e-05
2234,1489.3333333333333,-0.758367973620421,-0.7582818673439055,8.61062765155074e-05
2235,1490.0,-0.7253422840217839,-0.7253422840220862,3.0231372960543013e-13
2236,1490.6666666666667,-0.7848170702027532,-0.7849018789703972,8.480876764405121e-05
2237,1491.3333333333333,-0.9585777490055738,-0.9584876167183345,9.013228723930844e-05
2238,1492.0,-0.8169598970264824,-0.8169598970265137,3.1308289294429414e-14
2239,1492.6666666666667,-0.25173317834082826,-0.2518133426645889,8.01643237606231e-05
2240,1493.3333333333333,0.19714771481682933,0.19722528564157688,7.757082474754706e-05
2241,1494.0,0.06610684140170625,0.06610684140194668,2.4043267377038546e-13
2242,1494.6666666666667,-0.35936221014596165,-0.3594434335843337,8.122343837208001e-05
2243,1495.3333333333333,-0.4772065528297982,-0.47711931847488104,8.723435491714282e-05
2244,1496.0,-0.22322675410226883,-0.22322675410195997,3.0886404545071855e-13
2245,1496.6666666666667,-0.0254356388334512,-0.025523974554898535,8.833572144733431e-05
2246,1497.3333333333333,-0.00996583873634404,-0.009877864896748344,8.797383959569666e-05
2247,1498.0,0.19658327943690762,0.196583279437245,3.3736902160796944e-13
2248,1498.6666666666667,0.7459823236265399,0.7458979677097176,8.435591682232069e-05
2249,1499.3333333333333,1.1558527209273763,1.1559287941543295,7.607322695313279e-05
2250,1500.0,0.9552748407909877,0.9552748407910959,1.0824674490095276e-13
2251,1500.6666666666667,0.4049569291758936,0.40487136756217024,8.556161372336168e-05
2252,1501.3333333333333,0.14364165452249392,0.14372927336612107,8.761884362715189e-05
2253,1502.0,0.2976976465871768,0.2976976465868865,2.902678097882472e-13
2254,1502.6666666666667,0.425079651594062,0.42498840536927346,9.124622478856592e-05
2255,1503.3333333333333,0.3114466592057018,0.31153468021751496,8.802101181315525e-05
2256,1504.0,0.285466835562592,0.28546683556229685,2.9515279109659787e-13
2257,1504.6666666666667,0.5581986523190883,0.5581134432549589,8.520906412934348e-05
2258,1505.3333333333333,0.7278713365338997,0.7279504587631046,7.912222920491985e-05
2259,1506.0,0.3334789765565501,0.3334789765564188,1.3133938381315602e-13
2260,1506.6666666666667,-0.3900432652541199,-0.3901284523635797,8.518710945976116e-05
2261,1507.3333333333333,-0.7798166874848329,-0.7797240474726235,9.264001220943285e-05
2262,1508.0,-0.6547631380625123,-0.6547631380627699,2.575717417130363e-13
2263,1508.6666666666667,-0.46971538238207644,-0.46980525666591705,8.987428384060747e-05
2264,1509.3333333333333,-0.5283014375284923,-0.5282100489925875,9.138853590484608e-05
2265,1510.0,-0.5553715219987688,-0.555371521998727,4.18554080283684e-14
2266,1510.6666666666667,-0.28871189714400075,-0.288795689701351,8.379255735024849e-05
2267,1511.3333333333333,-0.05159477186476712,-0.05151172809134845,8.304377341866731e-05
2268,1512.0,-0.3013428631447738,-0.30134286314454406,2.2976065494617615e-13
2269,1512.6666666666667,-0.8505168848274794,-0.8506024091114186,8.552428393915346e-05
2270,1513.3333333333333,-1.0425354221224892,-1.0424401496987896,9.527242369955502e-05
2271,1514.0,-0.6628662422638666,-0.6628662422641248,2.582378755278114e-13
2272,1514.6666666666667,-0.18577636453147395,-0.1858682472824037,9.18827509297504e-05
2273,1515.3333333333333,-0.00734541348684325,-0.00725497074259218,9.04427442510701e-05
2274,1516.0,0.0867753454006119,0.086775345400683,7.110978472724128e-14
2275,1516.6666666666667,0.4054964593563135,0.4054093535290759,8.710582723758797e-05
2276,1517.3333333333333,0.7089499886696025,0.7090324014529727,8.241278337028923e-05
2277,1518.0,0.5493932993000381,0.5493932993000985,6.039613253960852e-14
2278,1518.6666666666667,0.062015361594335475,0.06192510856383126,9.025303050421568e-05
2279,1519.3333333333333,-0.11326051970117923,-0.11316609580785514,9.442389332409151e-05
2280,1520.0,0.2726310052065799,0.2726310052064,1.7991164114050662e-13
2281,1520.6666666666667,0.7439825978207556,0.7438864164927925,9.61813279630741e-05
2282,1521.3333333333333,0.8346670851568747,0.8347559676564955,8.888249962080152e-05
2283,1522.0,0.7142121417828794,0.7142121417830759,1.965094753586527e-13
2284,1522.6666666666667,0.7523909467343373,0.752301205257903,8.974147643425745e-05
2285,1523.3333333333333,0.8121906658489249,0.8122748762750772,8.421042615236463e-05
2286,1524.0,0.4734551652059925,0.47345516520575043,2.420841305195154e-13
2287,1524.6666666666667,-0.1760830907799483,-0.1761748090719812,9.17182920328885e-05
2288,1525.3333333333333,-0.5181454684963458,-0.5180477099300469,9.775856629890001e-05
2289,1526.0,-0.26746675684610716,-0.26746675684634774,2.405853294362714e-13
2290,1526.6666666666667,0.11340568493828213,0.11330993486809393,9.575007018819415e-05
2291,1527.3333333333333,0.10335588533653509,0.10344803383314988,9.214849661479119e-05
2292,1528.0,-0.1697674876669534,-0.16976748766716143,2.080280392391387e-13
2293,1528.6666666666667,-0.28018108774912276,-0.2802691295786197,8.804182949695427e-05
2294,1529.3333333333333,-0.2655814184486959,-0.26549193114569075,8.948730300517571e-05
2295,1530.0,-0.5240772593229139,-0.5240772593230543,1.4033219031261979e-13
2296,1530.6666666666667,-1.03316305649337,-1.0332540678573812,9.101136401112875e-05
2297,1531.3333333333333,-1.2231821574041177,-1.223080542995422,0.00010161440869582705
2298,1532.0,-0.792235310856599,-0.7922353108566768,7.771561172376096e-14
2299,1532.6666666666667,-0.1939981946958878,-0.19409417334743692,9.597865154911678e-05
2300,1533.3333333333333,-0.00513405608368201,-0.005040790427086043,9.32656565959672e-05
2301,1534.0,-0.14954812398863657,-0.1495481239881939,4.4267367549366554e-13
2302,1534.6666666666667,-0.16170003242544367,-0.16178972048628676,8.9688060843085e-05
2303,1535.3333333333333,0.008742324054328806,0.008832866398639106,9.054234431029977e-05
2304,1536.0,-0.021112052973355933,-0.02111205297322018,1.3575252033604102e-13
2305,1536.6666666666667,-0.30595566891259685,-0.30605081505888587,9.514614628902685e-05
2306,1537.3333333333333,-0.34067566390847026,-0.3405750718697846,0.00010059203868567623
2307,1538.0,0.18837740480993068,0.1883774048098315,9.917067167464211e-14
2308,1538.6666666666667,0.8502859970250557,0.8501854855450781,0.00010051147997758303
2309,1539.3333333333333,1.033509201065679,1.0336003811617507,9.118009607167465e-05
2310,1540.0,0.7744632893515553,0.7744632893517932,2.3792079417717105e-13
2311,1540.6666666666667,0.5832327234769106,0.5831391062163129,9.361726059764486e-05
2312,1541.3333333333333,0.6071472040438386,0.6072382110535833,9.100700974473686e-05
2313,1542.0,0.4927424954881799,0.4927424954880374,1.4249712521063884e-13
2314,1542.6666666666667,0.11766547590330169,0.11756675581341822,9.872008988347225e-05
2315,1543.3333333333333,-0.07413974727225806,-0.07403803699376495,0.00010171027849310843
2316,1544.0,0.2526090825871503,0.25260908258697856,1.7175150190951172e-13
2317,1544.6666666666667,0.7136157068064244,0.7135140468322566,0.00010165997416777817
2318,1545.3333333333333,0.6885145410872295,0.6886081219671579,9.358087992838993e-05
2319,1546.0,0.1858488610980357,0.1858488610981032,6.750155989720952e-14
2320,1546.6666666666667,-0.2418431236124277,-0.24193596798159134,9.284436916362493e-05
2321,1547.3333333333333,-0.3533477041542038,-0.3532514463693393,9.625778486449521e-05
2322,1548.0,-0.4728925672560984,-0.47289256725643375,3.3534286458802853e-13
2323,1548.6666666666667,-0.7964270701295095,-0.7965251398852901,9.806975578052768e-05
2324,1549.3333333333333,-0.9555396991136647,-0.9554336320485266,0.00010606706513804909
2325,1550.0,-0.6044135891166733,-0.6044135891169293,2.560174294785611e-13
2326,1550.6666666666667,-0.07987249293723302,-0.07997297951108771,0.00010048657385469673
2327,1551.3333333333333,-0.008166138837603731,-0.008069321925558582,9.681691204514904e-05
2328,1552.0,-0.4194537458208122,-0.4194537458207134,9.880984919163893e-14
2329,1552.6666666666667,-0.7428779681697465,-0.7429707675191283,9.279934938177803e-05
2330,1553.3333333333333,-0.6660404600280735,-0.665941198507883,9.926152019046341e-05
2331,1554.0,-0.49819117831200543,-0.49819117831216675,1.6131540547803525e-13
2332,1554.6666666666667,-0.5221479308454976,-0.5222487904708177,0.0001008596253201377
2333,1555.3333333333333,-0.4616287994362004,-0.46152278381521267,0.00010601562098772055
2334,1556.0,0.0296209514079007,0.02962095140809824,1.9753990110338293e-13
2335,1556.6666666666667,0.6675249901914627,0.6674210067220966,0.00010398346936613123
2336,1557.3333333333333,0.8317627854775755,0.8318582713910261,9.548591345054369e-05
2337,1558.0,0.4555368516832699,0.45553685168371844,4.4853010194856324e-13
2338,1558.6666666666667,0.11943886184403933,0.11934169205854554,9.716978549378918e-05
2339,1559.3333333333333,0.20253520627283278,0.2026341212133108,9.891494047803429e-05
2340,1560.0,0.41830136625964376,0.4183013662595459,9.786615962070755e-14
2341,1560.6666666666667,0.40922333088693874,0.4091173313468969,0.00010599954004186785
2342,1561.3333333333333,0.3686504873487588,0.3687557329976197,0.0001052456488608855
2343,1562.0,0.6560804359292147,0.6560804359292348,2.0095036745715333e-14
2344,1562.6666666666667,1.064663246940279,1.064556511291838,0.00010673564844099204
2345,1563.3333333333333,1.0079941400719759,1.0080907309181724,9.659084619650926e-05
2346,1564.0,0.3974731777447282,0.3974731777446203,1.0785816684233396e-13
2347,1564.6666666666667,-0.1770941213866783,-0.17719243177360317,9.831038692487137e-05
2348,1565.3333333333333,-0.27112118517305517,-0.27101831677407484,0.00010286839898032696
2349,1566.0,-0.1404144285542333,-0.14041442855435365,1.2034817586936697e-13
2350,1566.6666666666667,-0.20735088825023495,-0.2074573559547665,0.0001064677045315432
2351,1567.3333333333333,-0.3590805846187639,-0.3589713919130742,0.00010919270568970907
2352,1568.0,-0.22314466211526224,-0.2231446621151867,7.55506768257419e-14
2353,1568.6666666666667,0.07665660524909867,0.07655152720914742,0.00010507803995125908
2354,1569.3333333333333,-0.005819301060250337,-0.005718098699361913,0.00010120236088842407
2355,1570.0,-0.5891333651925144,-0.5891333651925835,6.916689443414725e-14
2356,1570.6666666666667,-1.0988480812573909,-1.0989454053742023,9.732411681140363e-05
2357,1571.3333333333333,-1.0500457971581643,-1.0499383530246167,0.00010744413354757398
2358,1572.0,-0.68137685667678,-0.6813768566769801,2.000621890374532e-13
2359,1572.6666666666667,-0.48784231248280124,-0.48794996202932917,0.00010764954652792147
2360,1573.3333333333333,-0.44936899100954153,-0.4492581105311511,0.00011088047839041826
2361,1574.0,-0.19420568057265725,-0.19420568057241844,2.3880897259687117e-13
2362,1574.6666666666667,0.23142397935457648,0.2313172940601656,0.00010668529441087982
2363,1575.3333333333333,0.32127217978366907,0.3213738168602475,0.00010163707657845356
2364,1576.0,-0.08218765164420547,-0.08218765164412593,7.953360192658465e-14
2365,1576.6666666666667,-0.4401211790130919,-0.44022241711970955,0.00010123810661766264
2366,1577.3333333333333,-0.2434380401987904,-0.24333081429238967,0.00010722590640072083
2367,1578.0,0.28721418075761496,0.2872141807575835,3.147482274812319e-14
2368,1578.6666666666667,0.5961344276767575,0.5960212451169816,0.00011318255977588176
2369,1579.3333333333333,0.6207588825013776,0.6208681399596098,0.00010925745823220367
2370,1580.0,0.7404839434776014,0.7404839434778961,2.9476421303797906e-13
2371,1580.6666666666667,1.0020442980857749,1.0019338085769838,0.00011048950879111175
2372,1581.3333333333333,0.959674005094982,0.9597755464176231,0.0001015413226410633
2373,1582.0,0.4292670331569366,0.429267033157205,2.683964162031316e-13
2374,1582.6666666666667,-0.08601925692842674,-0.08612392105419633,0.0001046641257695935
2375,1583.3333333333333,-0.051715136333870954,-0.051605920969795625,0.00010921536407532823
2376,1584.0,0.3449427067473772,0.344942706747215,1.6220358389773537e-13
2377,1584.6666666666667,0.5111433961031004,0.5110280276417143,0.00011536846138615608
2378,1585.3333333333333,0.31862795282714074,0.3187399710703549,0.00011201824321416254
2379,1586.0,0.1623977714192097,0.16239777141914133,6.836198274129401e-14
2380,1586.6666666666667,0.19015431726932241,0.19004481447076726,0.00010950279855515
2381,1587.3333333333333,0.02547168137317487,0.025577984719647357,0.00010630334647248815
2382,1588.0,-0.5440659896277925,-0.5440659896277339,5.861977570020827e-14
2383,1588.6666666666667,-1.0677066350701168,-1.0678105886084794,0.00010395353836267773
2384,1589.3333333333333,-1.0039115791334015,-1.0037970854194793,0.00011449371392213692
2385,1590.0,-0.5122068283454217,-0.5122068283457276,3.0586644328423063e-13
2386,1590.6666666666667,-0.22011392133708008,-0.2202291785915379,0.00011525725445782342
2387,1591.3333333333333,-0.32616961227554087,-0.3260540924159822,0.00011551985955865485
2388,1592.0,-0.4345938047435689,-0.43459380474343984,1.2906342661267445e-13
2389,1592.6666666666667,-0.31156756426613125,-0.311676719292814,0.00010915502668273902
2390,1593.3333333333333,-0.2748881962805442,-0.2747792977298514,0.00010889855069279308
2391,1594.0,-0.580837436976645,-0.5808374369766133,3.175237850427948e-14
2392,1594.6666666666667,-0.8560920790415225,-0.8561988644610793,0.00010678541955677634
2393,1595.3333333333333,-0.574161153372028,-0.5740457547929826,0.00011539857904541151
2394,1596.0,0.12838995549382462,0.12838995549373639,8.823497488208432e-14
2395,1596.6666666666667,0.5980470907473188,0.597927264566147,0.00011982618117178934
2396,1597.3333333333333,0.5719790637413025,0.5720934338201433,0.00011437007884085304
2397,1598.0,0.44460507511992575,0.44460507512028924,3.6348701826227625e-13
2398,1598.6666666666667,0.5354374769517125,0.5353243400904065,0.00011313686130598466
2399,1599.3333333333333,0.5924785073077753,0.5925867363821697,0.00010822907439445029
2400,1600.0,0.3222680044001203,0.32226800440009845,2.1871393585115584e-14
2401,1600.6666666666667,0.020435972601330253,0.020323889347892855,0.00011208325343739847
2402,1601.3333333333333,0.20077528311071935,0.20089088887174092,0.00011560576102156994
2403,1602.0,0.7678460966432059,0.7678460966430077,1.9817480989559044e-13
2404,1602.6666666666667,1.0719693638676113,1.0718457207005485,0.00012364316706281464
2405,1603.3333333333333,0.8099091357311576,0.8100247188731221,0.00011558314196447039
2406,1604.0,0.3850724375595158,0.38507243755946163,5.417888360170764e-14
2407,1604.6666666666667,0.20889059205350508,0.20877678246337553,0.00011380959012954883
2408,1605.3333333333333,0.10512105471139374,0.10523300250082035,0.00011194778942660855
2409,1606.0,-0.249675803843525,-0.24967580384381763,2.9262703371557564e-13
2410,1606.6666666666667,-0.6405372496022503,-0.6406500867774518,0.00011283717520149672
2411,1607.3333333333333,-0.5718380711277818,-0.571717532094644,0.0001205390331378009
2412,1608.0,-0.09275754114785884,-0.09275754114811866,2.5981994333790226e-13
2413,1608.6666666666667,0.16388071721720993,0.1637576927006403,0.00012302451656961977
2414,1609.3333333333333,-0.14160410901194628,-0.14148386751030284,0.00012024150164344216
2415,1610.0,-0.6098333903288904,-0.6098333903287566,1.3378187446733136e-13
2416,1610.6666666666667,-0.7569629458749099,-0.7570752322731078,0.00011228639819793607
2417,1611.3333333333333,-0.6983901295493131,-0.6982737526078825,0.00011637694143062927
2418,1612.0,-0.8015594064288781,-0.8015594064291078,2.297051437949449e-13
2419,1612.6666666666667,-0.9527700283425388,-0.9528844704534877,0.0001144421109489091
2420,1613.3333333333333,-0.6955135159008894,-0.6953903032158901,0.0001232126849992632
2421,1614.0,-0.040889748244212945,-0.04088974824439361,1.806679805760325e-13
2422,1614.6666666666667,0.39857979556924245,0.39845417019339846,0.00012562537584398514
2423,1615.3333333333333,0.24564517692071514,0.2457658503560012,0.00012067343528607277
2424,1616.0,-0.11866401560323887,-0.11866401560299462,2.4424906541753444e-13
2425,1616.6666666666667,-0.1551289043037039,-0.1552445125542836,0.00011560825057968516
2426,1617.3333333333333,0.07480474609790225,0.0749208443864574,0.00011609828855514703
2427,1618.0,0.16049554613184538,0.16049554613203895,1.9356738434339604e-13
2428,1618.6666666666667,0.11380629192820785,0.11368574996198055,0.0001205419662272944
2429,1619.3333333333333,0.35311410802069726,0.35323667630600436,0.00012256828530710084
2430,1620.0,0.9192896057247035,0.9192896057248313,1.2778667013435552e-13
2431,1620.6666666666667,1.2459462315135483,1.2458158732720779,0.00013035824147045183
2432,1621.3333333333333,0.9395953677087787,0.9397159039093422,0.00012053620056351466
2433,1622.0,0.3694512054312234,0.3694512054313517,1.2828627049543684e-13
2434,1622.6666666666667,0.13120097703590983,0.13108257289390085,0.00011840414200897653
2435,1623.3333333333333,0.22667296864113956,0.22679107868416393,0.00011811004302436645
2436,1624.0,0.21794091281603928,0.21794091281568617,3.5310643298203104e-13
2437,1624.6666666666667,0.02681525691559409,0.02669181566685701,0.00012344124873707799
2438,1625.3333333333333,0.041119615080555505,0.0412459109974115,0.0001262959168559924
2439,1626.0,0.3671847823860433,0.36718478238586705,1.762479051592436e-13
2440,1626.6666666666667,0.5044989095495656,0.5043686931751439,0.00013021637442167666
2441,1627.3333333333333,0.054266794465888696,0.054392022230486926,0.00012522776459823054
2442,1628.0,-0.6342894587209689,-0.6342894587208794,8.948397578478762e-14
2443,1628.6666666666667,-0.9266896904144366,-0.9268067360607185,0.00011704564628189917
2444,1629.3333333333333,-0.7692531369420592,-0.769129647772786,0.0001234891692731832
2445,1630.0,-0.6317110178231413,-0.6317110178234014,2.601252546696742e-13
2446,1630.6666666666667,-0.6906672202236795,-0.6907914089643271,0.00012418874064756835
2447,1631.3333333333333,-0.6027592051575695,-0.6026284548894528,0.0001307502681167083
2448,1632.0,-0.20559876165280416,-0.20559876165284893,4.476974346800944e-14
2449,1632.6666666666667,0.06403718027463481,0.0639065678838616,0.00013061239077320763
2450,1633.3333333333333,-0.20545721350869728,-0.20532948180678143,0.00012773170191585081
2451,1634.0,-0.7074757630604038,-0.707475763060333,7.083222897108499e-14
2452,1634.6666666666667,-0.7968447636172967,-0.7969639980837516,0.00011923446645489832
2453,1635.3333333333333,-0.38450867960032226,-0.3843841107454837,0.00012456885483858038
2454,1636.0,0.025241448833426508,0.025241448833341614,8.489389746735299e-14
2455,1636.6666666666667,0.156707489876998,0.15657773363994623,0.00012975623705177575
2456,1637.3333333333333,0.30570264372225237,0.30583318231659457,0.00013053859434219994
2457,1638.0,0.6937152393653658,0.6937152393655738,2.0794477251229182e-13
2458,1638.6666666666667,0.9606253639829484,0.9604901418296583,0.00013522215329009324
2459,1639.3333333333333,0.6933157396021421,0.693442696187537,0.0001269565853948551
2460,1640.0,0.15478486282001874,0.15478486282034257,3.2382430070754253e-13
2461,1640.6666666666667,-0.0045103369787983846,-0.004634255391212938,0.00012391841241455367
2462,1641.3333333333333,0.34662672099944103,0.3467517418526391,0.00012502085319804346
2463,1642.0,0.6904533205624952,0.6904533205623209,1.7430501486614958e-13
2464,1642.6666666666667,0.6742479558236203,0.674113253856449,0.00013470196717124683
2465,1643.3333333333333,0.5615187432961888,0.5616514192711685,0.0001326759749796791
2466,1644.0,0.6479770851767761,0.6479770851766761,1.000310945187266e-13
2467,1644.6666666666667,0.6700007096205544,0.6698643142696903,0.0001363953508640714
2468,1645.3333333333333,0.22775025155997558,0.2278808115153172,0.0001305599553416137
2469,1646.0,-0.46042194667067454,-0.4604219466710026,3.2807090377673376e-13
2470,1646.6666666666667,-0.7488360773664275,-0.7489601901836385,0.0001241128172109196
2471,1647.3333333333333,-0.4663585739417426,-0.46622830816616045,0.00013026577558217234
2472,1648.0,-0.13504184589714024,-0.1350418458971643,2.4064084058750268e-14
2473,1648.6666666666667,-0.17750188343723303,-0.1776372119018754,0.00013532846464237025
2474,1649.3333333333333,-0.3666680367883059,-0.36652979026232124,0.00013824652598465326
2475,1650.0,-0.3414472286824216,-0.34144722868221766,2.0394796962364126e-13
2476,1650.6666666666667,-0.2749653289534811,-0.27510056637776586,0.00013523742428478425
2477,1651.3333333333333,-0.5633610541542602,-0.5632261870621487,0.0001348670921115236
2478,1652.0,-1.0556497690590656,-1.0556497690589655,1.0014211682118912e-13
2479,1652.6666666666667,-1.1403538154317747,-1.1404790532076177,0.0001252377758429457
2480,1653.3333333333333,-0.6251318533469857,-0.6249985373210329,0.0001333160259527899
2481,1654.0,-0.039369039664776645,-0.0393690396649804,2.0375368059433185e-13
2482,1654.6666666666667,0.12400628478201742,0.12386701137912094,0.00013927340289647538
2483,1655.3333333333333,0.047043500098911714,0.04718308054951547,0.00013958045060375596
2484,1656.0,0.14526586979305878,0.1452658697934298,3.710365348297273e-13
2485,1656.6666666666667,0.33202521450566114,0.33188642855138983,0.00013878595427130325
2486,1657.3333333333333,0.21363506659181783,0.21376952801857185,0.0001344614267540234
2487,1658.0,-0.13448882961223285,-0.13448882961204053,1.9231838344069274e-13
2488,1658.6666666666667,-0.14596645327639343,-0.14609741468217277,0.00013096140577933957
2489,1659.3333333333333,0.39504024786900016,0.39517336068853665,0.00013311281953648502
2490,1660.0,0.9720629442471895,0.9720629442471233,6.628031457012185e-14
2491,1660.6666666666667,1.0459480644523367,1.0458026357936063,0.00014542865873035105
2492,1661.3333333333333,0.7682610756426926,0.7684014122845961,0.00014033664190349349
2493,1662.0,0.6178426204012434,0.6178426204014088,1.6542323066914832e-13
2494,1662.6666666666667,0.6077936821137631,0.6076520108767246,0.0001416712370384543
2495,1663.3333333333333,0.3620019805343808,0.36213832241868654,0.00013634188430572403
2496,1664.0,-0.11290614937995072,-0.11290614938021455,2.6383062401436064e-13
2497,1664.6666666666667,-0.2953686540585705,-0.2955022646168075,0.0001336105582370184
2498,1665.3333333333333,0.0620561443272,0.06219349184979476,0.00013734752259476207
2499,1666.0,0.47686807608242043,0.47686807608176296,6.574740751830177e-13
2500,1666.6666666666667,0.38382089799662045,0.3836741335570064,0.0001467644396140333
2501,1667.3333333333333,-0.09120632235341639,-0.09106040844292089,0.00014591391049549596
2502,1668.0,-0.4130957304286991,-0.4130957304288337,1.3455903058456897e-13
2503,1668.6666666666667,-0.47565944668493687,-0.47579971764980716,0.00014027096487029267
2504,1669.3333333333333,-0.6430266570970744,-0.6428850714284735,0.0001415856686008965
2505,1670.0,-0.990909184012898,-0.9909091840130642,1.6620038678638593e-13
2506,1670.6666666666667,-1.0632792208052384,-1.0634134744459083,0.0001342536406698791
2507,1671.3333333333333,-0.5951016361116598,-0.5949592584180354,0.0001423776936243515
2508,1672.0,-0.03559589530947195,-0.03559589530957987,1.0792061688746912e-13
2509,1672.6666666666667,0.024237629308591642,0.024088960593400075,0.0001486687151915668
2510,1673.3333333333333,-0.32843145901224613,-0.3282821635462198,0.00014929546602632238
2511,1674.0,-0.5250928363941715,-0.5250928363938001,3.7136960173711486e-13
2512,1674.6666666666667,-0.38499990226319974,-0.3851421999644929,0.00014229770129314812
2513,1675.3333333333333,-0.2709996006694293,-0.27085707437779266,0.00014252629163663544
2514,1676.0,-0.35256459468673457,-0.3525645946868253,9.070522111187529e-14
2515,1676.6666666666667,-0.25272480241901085,-0.25286468103332516,0.00013987861431430382
2516,1677.3333333333333,0.307458814507395,0.30760162934867236,0.0001428148412773722
2517,1678.0,0.9248542252747403,0.9248542252748444,1.0413891970983968e-13
2518,1678.6666666666667,1.0000710790587823,0.9999162870205975,0.00015479203818480336
2519,1679.3333333333333,0.587895906500655,0.5880452945093984,0.00014938800874331193
2520,1680.0,0.28743409057125446,0.28743409057169605,4.41591208044656e-13
2521,1680.6666666666667,0.3564885551149755,0.35634184053422074,0.00014671458075476984
2522,1681.3333333333333,0.4459390283857909,0.4460818648683413,0.00014283648255036807
2523,1682.0,0.3056292165603636,0.30562921656024833,1.152966611073225e-13
2524,1682.6666666666667,0.242574647410763,0.24242959159478414,0.00014505581597887285
2525,1683.3333333333333,0.5638761949492457,0.5640218742914878,0.00014567934224207768
2526,1684.0,0.9382643482402622,0.938264348240059,2.0317081350640365e-13
2527,1684.6666666666667,0.7840210430762571,0.7838635839799561,0.00015745909630093813
2528,1685.3333333333333,0.13382674213607712,0.1339805876775907,0.00015384554151356977
2529,1686.0,-0.3871103001114471,-0.38711030011133096,1.1612932837579137e-13
2530,1686.6666666666667,-0.44790442057861624,-0.4480509768349286,0.00014655625631238012
2531,1687.3333333333333,-0.38058122706127107,-0.38043328802449033,0.00014793903678073095
2532,1688.0,-0.5139498985723793,-0.5139498985729142,5.349054532644004e-13
2533,1688.6666666666667,-0.6165561915915928,-0.6167022869942997,0.0001460954027069361
2534,1689.3333333333333,-0.3585545871745325,-0.3584025259803111,0.00015206119422139786
2535,1690.0,0.003133396536010392,0.0031333965359115258,9.886622770460818e-14
2536,1690.6666666666667,-0.0937751000716712,-0.0939328516838419,0.00015775161217070066
2537,1691.3333333333333,-0.6524263948161289,-0.6522674066821795,0.00015898813394932265
2538,1692.0,-1.0493829114209654,-1.049382911420911,5.440092820663267e-14
2539,1692.6666666666667,-0.9059257246983861,-0.906072990193986,0.0001472654955999575
2540,1693.3333333333333,-0.5502233394599919,-0.5500724892191489,0.00015085024084304788
2541,1694.0,-0.3986761208990026,-0.39867612089925014,2.4752422334017865e-13
2542,1694.6666666666667,-0.30797945749126576,-0.30813009545089276,0.000150637959626998
2543,1695.3333333333333,0.06434382182356557,0.06449811834900572,0.00015429652544014794
2544,1696.0,0.5365101454855141,0.5365101454857999,2.857714065385153e-13
2545,1696.6666666666667,0.5706814318273371,0.5705187461761062,0.0001626856512308983
2546,1697.3333333333333,0.12277500903586848,0.12293440153227755,0.00015939249640907482
2547,1698.0,-0.20058406354563546,-0.20058406354538,2.554623179662485e-13
2548,1698.6666666666667,0.018504109593381758,0.018351573928750555,0.00015253566463120302
2549,1699.3333333333333,0.4634802904218791,0.46363080771367826,0.00015051729179915707
2550,1700.0,0.6461393437660831,0.6461393437659253,1.5776269179923474e-13
2551,1700.6666666666667,0.6344151768537836,0.6342576033133864,0.0001575735403971379
2552,1701.3333333333333,0.7961992598361285,0.7963553094384973,0.00015604960236881293
2553,1702.0,1.045590926639988,1.045590926640028,3.9968028886505635e-14
2554,1702.6666666666667,0.8924542943824068,0.8922874213528195,0.0001668730295872889
2555,1703.3333333333333,0.26324164571890785,0.2634036953470826,0.0001620496281747319
2556,1704.0,-0.2539109374817563,-0.25391093748193405,1.7774670624248756e-13
2557,1704.6666666666667,-0.20128651538641631,-0.2014412359461852,0.00015472055976889498
2558,1705.3333333333333,0.12977620919831503,0.12993084910650282,0.00015463990818778695
2559,1706.0,0.19753022149767924,0.197530221497578,1.0122458427019865e-13
2560,1706.6666666666667,0.004475966984655546,0.004316101002326215,0.00015986598232933108
2561,1707.3333333333333,-0.05327987500403117,-0.0531171515479522,0.00016272345607896976
2562,1708.0,0.03885364981624766,0.03885364981621714,3.051725538938399e-14
2563,1708.6666666666667,-0.15759619532024818,-0.15776287201817063,0.00016667669792244655
2564,1709.3333333333333,-0.7547215279574239,-0.754553499894976,0.00016802806244786694
2565,1710.0,-1.2063572996531922,-1.206357299653398,2.0583534876550402e-13
2566,1710.6666666666667,-1.0371092380202152,-1.0372641543115746,0.00015491629135944152
2567,1711.3333333333333,-0.5214829874449224,-0.5213234009458647,0.00015958649905767341
2568,1712.0,-0.2563916150501584,-0.25639161505019076,3.236300116782331e-14
2569,1712.6666666666667,-0.313316062287097,-0.31347895501125456,0.0001628927241575373
2570,1713.3333333333333,-0.283244854690338,-0.28307755090118886,0.00016730378914914246
2571,1714.0,-0.06287935914661348,-0.06287935914629213,3.2135405447775156e-13
2572,1714.6666666666667,-0.0466168986396628,-0.04678669738963694,0.00016979874997414407
2573,1715.3333333333333,-0.3991385972025652,-0.3989689447402656,0.00016965246229960762
2574,1716.0,-0.6388837600454924,-0.6388837600458305,3.3806291099836017e-13
2575,1716.6666666666667,-0.2893472515361831,-0.2895073898723012,0.00016013833611805417
2576,1717.3333333333333,0.3939241695483793,0.39408415143113856,0.00015998188275928582
2577,1718.0,0.7726941725241547,0.772694172524067,8.770761894538737e-14
2578,1718.6666666666667,0.7114232303821031,0.7112529401908169,0.00017029019128622647
2579,1719.3333333333333,0.6356999062572753,0.63586860382816,0.0001686975708846683
2580,1720.0,0.7449468072669624,0.7449468072672195,2.5712765250318625e-13
2581,1720.6666666666667,0.7022913229981157,0.7021161265225432,0.0001751964755725144
2582,1721.3333333333333,0.2997253766440842,0.29989596383424655,0.00017058719016233015
2583,1722.0,-0.0449489088229126,-0.04494890882295117,3.8566372317916375e-14
2584,1722.6666666666667,0.15052833406473815,0.15036335062312978,0.00016498344160836842
2585,1723.3333333333333,0.6698962592342955,0.6700591212353398,0.00016286200104431714
2586,1724.0,0.8624363459355786,0.8624363459353817,1.9695356456850277e-13
2587,1724.6666666666667,0.5486911554362728,0.5485167893747408,0.00017436606153198309
2588,1725.3333333333333,0.17798690126201092,0.17816145771341727,0.00017455645140634912
2589,1726.0,0.05038040251460342,0.050380402514520126,8.329448242250237e-14
2590,1726.6666666666667,-0.10676639002197413,-0.10694229348082894,0.0001759034588548064
2591,1727.3333333333333,-0.5443881447938613,-0.5442118969301577,0.00017624786370362688
2592,1728.0,-0.9193583165437462,-0.9193583165438599,1.1368683772161603e-13
2593,1728.6666666666667,-0.7549104415441454,-0.7550762277886465,0.00016578624450103163
2594,1729.3333333333333,-0.22707569646619827,-0.22690636215795476,0.00016933430824350726
2595,1730.0,0.008514784860179987,0.008514784859968486,2.1150095563804427e-13
2596,1730.6666666666667,-0.2741390092332182,-0.2743151922293655,0.00017618299614730049
2597,1731.3333333333333,-0.6193785978490984,-0.6191974025743838,0.00018119527471460728
2598,1732.0,-0.6468903404140607,-0.6468903404139225,1.38222766565832e-13
2599,1732.6666666666667,-0.5801546258688272,-0.5803319919952892,0.00017736612646201966
2600,1733.3333333333333,-0.7289343138340431,-0.7287546683388935,0.00017964549514959405
2601,1734.0,-0.8470395454589178,-0.8470395454591049,1.8707257964933888e-13
2602,1734.6666666666667,-0.4823569439606875,-0.4825271531195363,0.00017020915884879972
2603,1735.3333333333333,0.22585879419281474,0.22603054796053235,0.00017175376771760842
2604,1736.0,0.6248734279489567,0.6248734279494503,4.936051567483446e-13
2605,1736.6666666666667,0.4442585131461386,0.4440757762999321,0.00018273684620651043
2606,1737.3333333333333,0.13653662233364267,0.13671980489720864,0.00018318256356597562
2607,1738.0,0.15297381645216765,0.1529738164523574,1.8973711490843925e-13
2608,1738.6666666666667,0.32005915777741817,0.31987587179398974,0.00018328598342842728
2609,1739.3333333333333,0.274713848668634,0.27489357326544184,0.0001797245968078176
2610,1740.0,0.16864452115510048,0.16864452115481776,2.827182932207961e-13
2611,1740.6666666666667,0.43484603032626384,0.4346688694662977,0.00017716085996616338
2612,1741.3333333333333,0.9905511572758899,0.9907249615078823,0.00017380423199231387
2613,1742.0,1.2154704358378792,1.2154704358382107,3.3151259515307174e-13
2614,1742.6666666666667,0.8165100989119372,0.8163214799200676,0.0001886189918695047
2615,1743.3333333333333,0.24940102078169676,0.24958851903399656,0.00018749825229980033
2616,1744.0,0.03846561232998817,0.03846561232993324,5.493522303723353e-14
2617,1744.6666666666667,0.06940659652640319,0.06922056749960832,0.00018602902679486222
2618,1745.3333333333333,-0.06222940658088481,-0.06204522118201636,0.0001841853988684486
2619,1746.0,-0.293925196581752,-0.2939251965820414,2.894351425197783e-13
2620,1746.6666666666667,-0.20953570197164703,-0.20971532218763564,0.00017962021598860733
2621,1747.3333333333333,0.17458575550611746,0.17476666385638145,0.00018090835026399188
2622,1748.0,0.2855727540376434,0.28557275403754057,1.028066520802895e-13
2623,1748.6666666666667,-0.18859703167945846,-0.1887872043119389,0.00019017263248044536
2624,1749.3333333333333,-0.8040320431188993,-0.8038368459144468,0.00019519720445249078
2625,1750.0,-0.9851471829558043,-0.985147182955823,1.8762769116165146e-14
2626,1750.6666666666667,-0.8015086383597395,-0.8016953454192498,0.00018670705951029376
2627,1751.3333333333333,-0.7082691317882738,-0.7080797312736017,0.00018940051467208896
2628,1752.0,-0.7459623757661518,-0.7459623757661612,9.43689570931383e-15
2629,1752.6666666666667,-0.5317043510354802,-0.5318873269524947,0.00018297591701454952
2630,1753.3333333333333,-0.023535716770858923,-0.023349646064576585,0.00018607070628233816
2631,1754.0,0.2529788303064181,0.2529788303066938,2.7572388816565763e-13
2632,1754.6666666666667,-0.03981350592885848,-0.04000858757926783,0.0001950816504093511
2633,1755.3333333333333,-0.4907554320653551,-0.4905568438116243,0.00019858825373081368
2634,1756.0,-0.49610126145617733,-0.4961012614558893,2.8804736373899686e-13
2635,1756.6666666666667,-0.09058986602961068,-0.09078222008642484,0.0001923540568141563
2636,1757.3333333333333,0.22201695733967636,0.2222069603537412,0.00019000301406485454
2637,1758.0,0.3008186175123044,0.3008186175126637,3.593236819199319e-13
2638,1758.6666666666667,0.49750265642705166,0.4973117845593672,0.00019087186768446118
2639,1759.3333333333333,0.9231524826596348,0.923340698301403,0.00018821564176818573
2640,1760.0,1.1195572793411988,1.1195572793413362,1.3744561044859438e-13
2641,1760.6666666666667,0.7387014512162959,0.7384991638068596,0.00020228740943628587
2642,1761.3333333333333,0.1605368004218019,0.1607381188079003,0.00020131838609838137
2643,1762.0,0.015197260334434358,0.01519726033449544,6.108308303609533e-14
2644,1762.6666666666667,0.3130878341874674,0.3128902468689751,0.00019758731849228717
2645,1763.3333333333333,0.523194979311491,0.5233880206327033,0.0001930413212123394
2646,1764.0,0.4233235157283154,0.423323515728141,1.744160371686121e-13
2647,1764.6666666666667,0.3464152192488279,0.3462195995927926,0.0001956196560353174
2648,1765.3333333333333,0.48671788168573404,0.48691289162073415,0.0001950099350001011
2649,1766.0,0.47114055891539375,0.4711405589154381,4.4353409833775004e-14
2650,1766.6666666666667,-0.04941706704763445,-0.049621877518942537,0.0002048104713080895
2651,1767.3333333333333,-0.7343791468621471,-0.7341703618205881,0.0002087850415589676
2652,1768.0,-0.9428273102488675,-0.9428273102491055,2.3803181647963356e-13
2653,1768.6666666666667,-0.6257320728364446,-0.6259308361316336,0.00019876329518897506
2654,1769.3333333333333,-0.3381714959542388,-0.33797185634845556,0.0001996396057832306
2655,1770.0,-0.38418111363903873,-0.3841811136390433,4.551914400963142e-15
2656,1770.6666666666667,-0.45958973708396983,-0.4597880197451544,0.00019828266118454563
2657,1771.3333333333333,-0.2979876838901454,-0.2977849032270251,0.0002027806631202944
2658,1772.0,-0.19422030526313222,-0.1942203052630032,1.290079154614432e-13
2659,1772.6666666666667,-0.5104077880314154,-0.5106158756333421,0.00020808760192669862
2660,1773.3333333333333,-0.970564928087687,-0.9703509469795089,0.00021398110817816285
2661,1774.0,-0.9518555020876391,-0.9518555020876664,2.731148640577885e-14
2662,1774.6666666666667,-0.38192118687521637,-0.38212475358661435,0.00020356671139798443
2663,1775.3333333333333,0.16021776492893633,0.16041993852184663,0.00020217359291030412
2664,1776.0,0.29023823305571056,0.2902382330560011,2.9054536554440347e-13
2665,1776.6666666666667,0.27862260271565037,0.2784167479217575,0.00020585479389284567
2666,1777.3333333333333,0.4601641918502879,0.4603702970017625,0.0002061051514746226
2667,1778.0,0.6223327217894524,0.6223327217899448,4.923839114212569e-13
2668,1778.6666666666667,0.3943557391510123,0.3941399248548883,0.00021581429612399505
2669,1779.3333333333333,-0.01676939545115846,-0.01655356150835959,0.0002158339427988723
2670,1780.0,-0.012146626430683389,-0.012146626430865146,1.8175738691894594e-13
2671,1780.6666666666667,0.5125475806551951,0.5123366523222597,0.0002109283329354561
2672,1781.3333333333333,0.979049161034869,0.9792535126079909,0.00020435157312181929
2673,1782.0,0.9480363970701143,0.9480363970703667,2.523536934972981e-13
2674,1782.6666666666667,0.6714368513388672,0.6712239278559964,0.0002129234828708304
2675,1783.3333333333333,0.5635053213349204,0.5637172896743059,0.0002119683393855265
2676,1784.0,0.5090097728434388,0.5090097728436201,1.8129941992128806e-13
2677,1784.6666666666667,0.14160570144561616,0.1413853471470735,0.00022035429854266875
2678,1785.3333333333333,-0.39906752580543625,-0.39884549727070906,0.0002220285347271922
2679,1786.0,-0.5425118968353944,-0.5425118968356428,2.4846791291111003e-13
2680,1786.6666666666667,-0.14771555632001243,-0.14792940460624823,0.00021384828623580154
2681,1787.3333333333333,0.2241710593706856,0.22438268314458923,0.00021162377390362974
2682,1788.0,0.09161367775632934,0.09161367775635884,2.9504176879413535e-14
2683,1788.6666666666667,-0.31450752123240155,-0.3147233479383114,0.00021582670590986064
2684,1789.3333333333333,-0.5119845078962887,-0.511763081792352,0.00022142610393671713
2685,1790.0,-0.5284998338872174,-0.5284998338872923,7.482903185973555e-14
2686,1790.6666666666667,-0.7364381538884388,-0.736660974745943,0.00022282085750424674
2687,1791.3333333333333,-1.0833189402771768,-1.0830900151852794,0.00022892509189742505
2688,1792.0,-1.051788439864048,-1.051788439864108,5.995204332975845e-14
2689,1792.6666666666667,-0.47863478015749816,-0.47885251536264983,0.0002177352051516701
2690,1793.3333333333333,0.09185561854054224,0.09207264336409321,0.00021702482355097363
2691,1794.0,0.1356862727077593,0.1356862727080905,3.312072838212998e-13
2692,1794.6666666666667,-0.1498775493707552,-0.15009979199477197,0.0002222426240167663
2693,1795.3333333333333,-0.23344404656014275,-0.23321726224264647,0.0002267843174962869
2694,1796.0,-0.06733871302038026,-0.06733871302006397,3.162886619278993e-13
2695,1796.6666666666667,-0.0357628441219222,-0.03599309699868917,0.00023025287676696482
2696,1797.3333333333333,-0.18167249684514997,-0.18144134887676247,0.00023114796838749618
2697,1798.0,-0.04985704236081781,-0.04985704236074901,6.879913305724017e-14
2698,1798.6666666666667,0.5486581935929244,0.5484319422940372,0.0002262512988872034
2699,1799.3333333333333,1.106452501665525,1.1066720124537608,0.0002195107882358993
2700,1800.0,1.0789826844465062,1.0789826844469013,3.950173521616307e-13
2701,1800.6666666666667,0.6396042866229539,0.6393731794575372,0.000231107165416633
2702,1801.3333333333333,0.3709447596765694,0.37117644293132646,0.00023168325475703133
2703,1802.0,0.4037867314463073,0.4037867314461668,1.4049872376631356e-13
2704,1802.6666666666667,0.35664051369906424,0.3564032379805894,0.00023727571847481643
2705,1803.3333333333333,0.10250828687915971,0.10274402819586166,0.00023574131670195397
2706,1804.0,0.04139690454288366,0.041396904542631875,2.517847041971777e-13
2707,1804.6666666666667,0.4016558276891421,0.4014241030201548,0.0002317246689872987
2708,1805.3333333333333,0.7371574157126514,0.7373841967175752,0.00022678100492379283
2709,1806.0,0.5042964782626719,0.5042964782630931,4.212186155427844e-13
2710,1806.6666666666667,-0.14353785374795097,-0.14377329022619112,0.00023543647824014746
2711,1807.3333333333333,-0.5818778390127851,-0.5816363286824254,0.0002415103303596844
2712,1808.0,-0.6044921364141402,-0.6044921364142103,7.005507285384738e-14
2713,1808.6666666666667,-0.5923749277191879,-0.5926151843064502,0.0002402565872623441
2714,1809.3333333333333,-0.762625641183883,-0.7623818110931648,0.00024383009071815565
2715,1810.0,-0.7832233802585653,-0.7832233802587835,2.1815882433884326e-13
2716,1810.6666666666667,-0.39558310119953477,-0.39581833464885907,0.00023523344932430135
2717,1811.3333333333333,0.015842096846193546,0.016077291922286064,0.00023519507609251825
2718,1812.0,-0.09310729640978024,-0.0931072964094554,3.24837379217513e-13
2719,1812.6666666666667,-0.6061305702032279,-0.6063712348065416,0.00024066460331373385
2720,1813.3333333333333,-0.8851999380324953,-0.8849506923095504,0.0002492457229449352
2721,1814.0,-0.6712655262289591,-0.6712655262292883,3.291811268013589e-13
2722,1814.6666666666667,-0.35568823236849956,-0.35593512551867523,0.0002468931501756755
2723,1815.3333333333333,-0.2537695450430088,-0.2535217487397078,0.00024779630330101776
2724,1816.0,-0.1119309153579813,-0.11193091535775407,2.2723489756515391e-13
2725,1816.6666666666667,0.35436928257734973,0.35412549782091046,0.00024378475643926922
2726,1817.3333333333333,0.8307025748020491,0.83094193678228,0.00023936198023088995
2727,1818.0,0.7832323667155485,0.7832323667159602,4.1167069753100805e-13
2728,1818.6666666666667,0.2904259512309265,0.2901754646695268,0.0002504865613996987
2729,1819.3333333333333,-0.005464108008476962,-0.00521030580024765,0.0002538022082293114
2730,1820.0,0.20603798188958672,0.20603798188940486,1.8185453143360064e-13
2731,1820.6666666666667,0.5364677236965255,0.5362115929091246,0.0002561307874009433
2732,1821.3333333333333,0.5901151369290751,0.5903664972276083,0.0002513602985331209
2733,1822.0,0.5559253830798124,0.5559253830797135,9.892087149410145e-14
2734,1822.6666666666667,0.7599177850728434,0.7596658070209632,0.0002519780518801529
2735,1823.3333333333333,0.9813419057247097,0.9815882024030684,0.00024629667835873725
2736,1824.0,0.7196305150630605,0.7196305150634751,4.1455727739503345e-13
2737,1824.6666666666667,0.02340186301839348,0.023144594705937587,0.0002572683124558925
2738,1825.3333333333333,-0.4660134739460414,-0.46575062467283745,0.0002628492732039689
2739,1826.0,-0.38847526217190104,-0.3884752621723895,4.884426196838376e-13
2740,1826.6666666666667,-0.11992909892054956,-0.12019008433824417,0.00026098541769460637
2741,1827.3333333333333,-0.12545830768750066,-0.1251983174873026,0.00025999020019806807
2742,1828.0,-0.27865410222151576,-0.27865410222141873,9.703349235223868e-14
2743,1828.6666666666667,-0.2144177496282506,-0.2146739123239936,0.0002561626957429952
2744,1829.3333333333333,-0.05863814833078511,-0.05838106553247851,0.00025708279830660014
2745,1830.0,-0.27953276317284576,-0.2795327631726948,1.5093482019779003e-13
2746,1830.6666666666667,-0.8739121802603025,-0.8741743085706005,0.0002621283102980376
2747,1831.3333333333333,-1.2296820496184677,-1.2294093178532117,0.00027273176525599574
2748,1832.0,-0.9607936949938181,-0.9607936949942122,3.9412917374193057e-13
2749,1832.6666666666667,-0.43990452412947123,-0.440171406357928,0.00026688222845677734
2750,1833.3333333333333,-0.20523816537610545,-0.2049714211146252,0.00026674426148023955
2751,1834.0,-0.20285674526656633,-0.20285674526607844,4.87887508171525e-13
2752,1834.6666666666667,-0.04142150479887257,-0.04168553302526557,0.00026402822639300105
2753,1835.3333333333333,0.24172646757219718,0.24199051879315028,0.0002640512209531043
2754,1836.0,0.20792698230751006,0.20792698230776627,2.562117185078705e-13
2755,1836.6666666666667,-0.1959642206452617,-0.1962363344618149,0.00027211381655320444
2756,1837.3333333333333,-0.405448694048994,-0.4051706340916958,0.00027805995729818234
2757,1838.0,-0.018167439618045143,-0.018167439618060936,1.5792922525292852e-14
2758,1838.6666666666667,0.6057701085028566,0.6054926080696487,0.0002775004332079556
2759,1839.3333333333333,0.8734582345421839,0.8737288421669941,0.00027060762481023737
2760,1840.0,0.7797572077629142,0.7797572077631116,1.9739765377835283e-13
2761,1840.6666666666667,0.7512124912175138,0.7509379685478148,0.0002745226696989622
2762,1841.3333333333333,0.8529432289046994,0.8532140931171558,0.0002708642124563676
2763,1842.0,0.6932811888479822,0.6932811888479867,4.551914400963142e-15
2764,1842.6666666666667,0.1721673264307331,0.17188546468988025,0.00028186174085284565
2765,1843.3333333333333,-0.1935213246116217,-0.19323545825644728,0.0002858663551744134
2766,1844.0,0.019796416493169412,0.01979641649262801,5.414037274054095e-13
2767,1844.6666666666667,0.4843737361214921,0.48408855069616336,0.0002851854253287378
2768,1845.3333333333333,0.5775869179666301,0.5778662317000539,0.00027931373342382493
2769,1846.0,0.24944496061535487,0.2494449606156299,2.750299987752669e-13
2770,1846.6666666666667,-0.03568208089019302,-0.035962756665941085,0.00028067577574806407
2771,1847.3333333333333,-0.10869608178830223,-0.10841315367435263,0.0002829281139496015
2772,1848.0,-0.31223208624537796,-0.3122320862457459,3.679279103607769e-13
2773,1848.6666666666667,-0.8004963040608253,-0.8007840580116226,0.00028775395079727595
2774,1849.3333333333333,-1.1227673316382725,-1.1224700637875333,0.00029726785073913575
2775,1850.0,-0.8502850930922983,-0.8502850930927964,4.981570711493077e-13
2776,1850.6666666666667,-0.28082325387698587,-0.28111428680678774,0.000291032929801871
2777,1851.3333333333333,-0.06368771321973406,-0.06339845242344641,0.00028926079628764645
2778,1852.0,-0.30116368747075556,-0.3011636874701556,5.999645225074346e-13
2779,1852.6666666666667,-0.5102214758647758,-0.5105094133615805,0.00028793749680466885
2780,1853.3333333333333,-0.43642501050359384,-0.436131771341553,0.0002932391620408259
2781,1854.0,-0.3865242285216382,-0.38652422852160884,2.936539900133539e-14
2782,1854.6666666666667,-0.5845461936044414,-0.5848436993462178,0.0002975057417764493
2783,1855.3333333333333,-0.6672258008878472,-0.6669211578133706,0.0003046430744766404
2784,1856.0,-0.21535949346211464,-0.215359493462024,9.064970996064403e-14
2785,1856.6666666666667,0.5062780170802691,0.5059759489215111,0.0003020681587579954
2786,1857.3333333333333,0.834785983447847,0.8350810837652242,0.00029510031737711717
2787,1858.0,0.6218095009289955,0.6218095009293398,3.4439118223872356e-13
2788,1858.6666666666667,0.3654021593515008,0.36510213749448966,0.0003000218570111124
2789,1859.3333333333333,0.40407536866603966,0.4043760924339269,0.0003007237678872565
2790,1860.0,0.474639189117786,0.474639189117471,3.1502578323738817e-13
2791,1860.6666666666667,0.2920479328071997,0.2917378499088291,0.00031008289837058944
2792,1861.3333333333333,0.1363372939207816,0.13664900860525397,0.00031171468447238615
2793,1862.0,0.4258903915460076,0.425890391546091,8.337774914934926e-14
2794,1862.6666666666667,0.9522804456121656,0.9519675360247397,0.00031290958742591357
2795,1863.3333333333333,1.0693787418568634,1.0696826349602628,0.0003038931033993997
2796,1864.0,0.6022946840398804,0.6022946840400357,1.553202011450594e-13
2797,1864.6666666666667,0.06823282669893624,0.06792350903049282,0.00030931766844341513
2798,1865.3333333333333,-0.10910300507665129,-0.10878994174306514,0.00031306333358614713
2799,1866.0,-0.14260214544002534,-0.142602145440722,6.966649479522857e-13
2800,1866.6666666666667,-0.3726431806575113,-0.37296170499596104,0.0003185243384497549
2801,1867.3333333333333,-0.6049414953273953,-0.6046175355999494,0.0003239597274459216
2802,1868.0,-0.42548412069227315,-0.4254841206923314,5.823119764158946e-14
2803,1868.6666666666667,0.01952646985392368,0.019206542718184845,0.00031992713573883447
2804,1869.3333333333333,0.11043161443457733,0.11074838584220285,0.000316771407625524
2805,1870.0,-0.35738386423865753,-0.3573838642384147,2.42861286636753e-13
2806,1870.6666666666667,-0.8680640273751518,-0.8683809981531306,0.0003169707779788755
2807,1871.3333333333333,-0.9367544637712175,-0.9364278499264136,0.00032661384480392464
2808,1872.0,-0.7419659898333444,-0.7419659898337448,4.0045744498229396e-13
2809,1872.6666666666667,-0.691860754800359,-0.6921890355189685,0.00032828071860946384
2810,1873.3333333333333,-0.6948410154780154,-0.6945065626873264,0.00033445279068899936
2811,1874.0,-0.3572145137381024,-0.35721451373795876,1.4366285938649526e-13
2812,1874.6666666666667,0.2328006892995467,0.23246985601724332,0.0003308332823033777
2813,1875.3333333333333,0.4857808601430105,0.48610697722137014,0.00032611707835966675
2814,1876.0,0.1633411804887819,0.1633411804891503,3.6839975514624257e-13
2815,1876.6666666666667,-0.2369609078345001,-0.23729096885041664,0.00033006101591653847
2816,1877.3333333333333,-0.18531437277462517,-0.18497837566495562,0.00033599710966955576
2817,1878.0,0.17166124875374156,0.1716612487540337,2.9215518893010994e-13
2818,1878.6666666666667,0.3649783235380369,0.36463526435091825,0.0003430591871186328
2819,1879.3333333333333,0.38958972306604006,0.3899319265200578,0.0003422034540177532
2820,1880.0,0.6260542919566723,0.6260542919569184,2.461364445593972e-13
2821,1880.6666666666667,1.0618631270263688,1.0615185246114347,0.00034460241493405874
2822,1881.3333333333333,1.1630933485876715,1.1634289940164886,0.00033564542881703296
2823,1882.0,0.6746447414947607,0.6746447414951172,3.5649261320713777e-13
2824,1882.6666666666667,0.07800420482699019,0.07766094121416309,0.00034326361282710494
2825,1883.3333333333333,-0.052070520895792144,-0.05172226194105597,0.00034825895473617613
2826,1884.0,0.18098204877241986,0.18098204877219165,2.2820634271170093e-13
2827,1884.6666666666667,0.26597841390921206,0.2656231782036352,0.000355235705576884
2828,1885.3333333333333,0.11486353840981392,0.115218516712638,0.00035497830282407716
2829,1886.0,0.1030396433761703,0.10303964337648772,3.1741276274033225e-13
2830,1886.6666666666667,0.3050353496097534,0.3046810543051338,0.0003542953046196118
2831,1887.3333333333333,0.2562463108707912,0.25659712876754676,0.00035081789675556196
2832,1888.0,-0.31276128581867346,-0.31276128581882606,1.5260015473472777e-13
2833,1888.6666666666667,-0.9521118927244934,-0.9524648977757103,0.0003530050512169369
2834,1889.3333333333333,-1.0627401381674568,-1.0623756052061328,0.0003645329613239934
2835,1890.0,-0.7152726528180597,-0.7152726528184898,4.3010039973978564e-13
2836,1890.6666666666667,-0.46536353647517636,-0.4657294760757952,0.00036593960061881425
2837,1891.3333333333333,-0.49098290368115843,-0.490613685742266,0.00036921793889244103
2838,1892.0,-0.4355126348481434,-0.4355126348478374,3.0597746558669314e-13
2839,1892.6666666666667,-0.1481276195998869,-0.14849301859706396,0.00036539899717705215
2840,1893.3333333333333,-0.029866370918319958,-0.02950168279336382,0.0003646881249561376
2841,1894.0,-0.3767291649286233,-0.37672916492848096,1.4233059175694507e-13
2842,1894.6666666666667,-0.7954696077167289,-0.7958366597933862,0.000367052076657326
2843,1895.3333333333333,-0.6881401307877941,-0.6877629112053336,0.00037721958246050846
2844,1896.0,-0.10225978438764738,-0.1022597843875852,6.217248937900877e-14
2845,1896.6666666666667,0.3666425884735796,0.366260355052799,0.00038223342078058664
2846,1897.3333333333333,0.45545261647255186,0.45583224251520293,0.00037962604265107114
2847,1898.0,0.5021776741895202,0.502177674189795,2.7478019859472624e-13
2848,1898.6666666666667,0.7381786963237585,0.7377970240368477,0.0003816722869108835
2849,1899.3333333333333,0.8378303775667281,0.83820662042619,0.00037624285946191716
2850,1900.0,0.4875994487360855,0.48759944873619,1.0447198661722723e-13
2851,1900.6666666666667,0.022662294922604877,0.022277865562927136,0.0003844293596777411
2852,1901.3333333333333,0.038096942788854914,0.038487013164161116,0.0003900703753062021
2853,1902.0,0.5226987082017611,0.5226987082012321,5.290212712338871e-13
2854,1902.6666666666667,0.8675549544556187,0.867156176685866,0.00039877776975272283
2855,1903.3333333333333,0.7482648606529,0.748658186642644,0.0003933259897440644
2856,1904.0,0.4978699960684093,0.49786999606847465,6.533662499919046e-14
2857,1904.6666666666667,0.4394464095194638,0.4390508513092704,0.0003955582101933808
2858,1905.3333333333333,0.3368663069181669,0.3372595347082859,0.00039322779011902176
2859,1906.0,-0.13250152036102875,-0.1325015203610966,6.786238238021269e-14
2860,1906.6666666666667,-0.69681695798413,-0.6972152008535537,0.0003982428694236928
2861,1907.3333333333333,-0.7740024945411261,-0.7735938940538044,0.0004086004873217197
2862,1908.0,-0.33849376496862366,-0.3384937649690216,3.9795944317688736e-13
2863,1908.6666666666667,-0.0019291195382396139,-0.0023411105070805668,0.0004119909688409529
2864,1909.3333333333333,-0.14488554006044346,-0.14447401631361312,0.00041152374683034454
2865,1910.0,-0.4482106149129317,-0.4482106149129474,1.5709655798445965e-14
2866,1910.6666666666667,-0.5116564628216733,-0.512064731103413,0.00040826828173967655
2867,1911.3333333333333,-0.4934170221701555,-0.4930049535099515,0.00041206866020399024
2868,1912.0,-0.7391903465382231,-0.7391903465381856,3.752553823233029e-14
2869,1912.6666666666667,-1.0643453468558788,-1.0647593662928723,0.00041401943699348465
2870,1913.3333333333333,-0.925711320464198,-0.9252853863183258,0.0004259341458722199
2871,1914.0,-0.2732725857848201,-0.2732725857849282,1.0808021144725899e-13
2872,1914.6666666666667,0.28079962036972306,0.2803699782167039,0.00042964215301916076
2873,1915.3333333333333,0.3008950486144883,0.3013217356599231,0.00042668704543480374
2874,1916.0,0.08261406059882731,0.08261406059949453,6.672162822241035e-13
2875,1916.6666666666667,0.09102833594082417,0.0906013742673378,0.0004269616734863674
2876,1917.3333333333333,0.24135820558003207,0.2417856701406,0.0004274645605679417
2877,1918.0,0.164520778132971,0.16452077813321467,2.4366619832960623e-13
2878,1918.6666666666667,-0.0467159809702702,-0.047151533790278415,0.0004355528200082129
2879,1919.3333333333333,0.10792517758638916,0.10836632229865861,0.0004411447122694562
2880,1920.0,0.7134447512677926,0.7134447512678551,6.250555628639631e-14
2881,1920.6666666666667,1.1828967535044153,1.1824459803194232,0.0004507731849920926
2882,1921.3333333333333,1.050223144256507,1.0506657749352102,0.00044263067870309314
2883,1922.0,0.5989647619719931,0.5989647619721442,1.511013536514838e-13
2884,1922.6666666666667,0.36426181098798704,0.36381540180912547,0.00044640917886157316
2885,1923.3333333333333,0.3453380503745949,0.3457845992062604,0.0004465488316655053
2886,1924.0,0.16339393921479306,0.16339393921433798,4.550804177938517e-13
2887,1924.6666666666667,-0.173527188118563,-0.1739825059525033,0.00045531783394031633
2888,1925.3333333333333,-0.205168698367105,-0.2047066187075341,0.000462079659570902
2889,1926.0,0.19955683463073645,0.1995568346307188,1.765254609153999e-14
2890,1926.6666666666667,0.49977701371674366,0.4993084873433732,0.0004685263733704703
2891,1927.3333333333333,0.21397603667185439,0.21444096782998526,0.00046493115813087127
2892,1928.0,-0.38956222558485,-0.38956222558485476,4.773959005888173e-15
2893,1928.6666666666667,-0.7199282671064007,-0.7203914191522842,0.0004631520458835414
2894,1929.3333333333333,-0.7052292686786834,-0.7047587124260035,0.0004705562526798879
2895,1930.0,-0.7417353907954988,-0.741735390795864,3.652633751016765e-13
2896,1930.6666666666667,-0.9194426455320328,-0.9199172029453213,0.0004745574132885011
2897,1931.3333333333333,-0.8361939472221409,-0.8357086661858992,0.0004852810362416804
2898,1932.0,-0.32549917392012834,-0.3254991739199835,1.4482859356235167e-13
2899,1932.6666666666667,0.11793163615594152,0.11744314771416989,0.0004884884417716284
2900,1933.3333333333333,-0.005748859689135738,-0.005262084104861312,0.00048677558427442664
2901,1934.0,-0.4614198283548037,-0.4614198283544986,3.051447983182243e-13
2902,1934.6666666666667,-0.6280923882981554,-0.6285774828631883,0.00048509456503287307
2903,1935.3333333333333,-0.37877995087468463,-0.3782879443468998,0.0004920065277848606
2904,1936.0,-0.13401792191292755,-0.13401792191336362,4.3606784849714586e-13
2905,1936.6666666666667,-0.08749926335249139,-0.0879997292628887,0.0005004659103973047
2906,1937.3333333333333,0.0983438741130002,0.09884945280135606,0.0005055786883558511
2907,1938.0,0.6283450964238122,0.6283450964239164,1.042499420123022e-13
2908,1938.6666666666667,1.070100568417946,1.0695860273310982,0.0005145410868478972
2909,1939.3333333333333,0.9216701088617589,0.922177415245846,0.0005073063840870251
2910,1940.0,0.3882091381481889,0.38820913814862046,4.3154368967179835e-13
2911,1940.6666666666667,0.1166812170203147,0.11616979086670105,0.000511426153613645
2912,1941.3333333333333,0.2937124699455595,0.29422726394986837,0.0005147940043088717
2913,1942.0,0.4909947767719428,0.4909947767716877,2.5512925105886097e-13
2914,1942.6666666666667,0.4284884582277193,0.42796059961292066,0.0005278586147986486
2915,1943.3333333333333,0.39197745896263936,0.39250771097949894,0.0005302520168595781
2916,1944.0,0.6408460869096482,0.640846086909433,2.1516122217235534e-13
2917,1944.6666666666667,0.8288690628367135,0.828329783006704,0.0005392798300094537
2918,1945.3333333333333,0.4717707843392479,0.4723052367260033,0.0005344523867553685
2919,1946.0,-0.25287301509402926,-0.2528730150937865,2.427502643342905e-13
2920,1946.6666666666667,-0.6820571654495886,-0.6825926157868185,0.0005354503372299035
2921,1947.3333333333333,-0.5749379806179006,-0.5743933735350006,0.0005446070828999394
2922,1948.0,-0.3633829762460886,-0.3633829762463002,2.1160850849355484e-13
2923,1948.6666666666667,-0.4108458712565908,-0.41139920900720206,0.0005533377506112824
2924,1949.3333333333333,-0.48879754894740274,-0.48823684954507257,0.000560699402330167
2925,1950.0,-0.2899344941482532,-0.289934494148361,1.078026556911027e-13
2926,1950.6666666666667,-0.07569218962200788,-0.0762562958871615,0.0005641062651536161
2927,1951.3333333333333,-0.31754470747298147,-0.31697985045202964,0.0005648570209518256
2928,1952.0,-0.8857517882811035,-0.8857517882811344,3.097522238704187e-14
2929,1952.6666666666667,-1.1317504852295865,-1.1323134168244025,0.0005629315948159075
2930,1953.3333333333333,-0.783242061735423,-0.7826672792284617,0.0005747825069613022
2931,1954.0,-0.28363747222776714,-0.28363747222792685,1.5970558209232877e-13
2932,1954.6666666666667,-0.08365658894754183,-0.08424148305157056,0.0005848941040287325
2933,1955.3333333333333,-0.020771718869616762,-0.020182092996642902,0.0005896258729738597
2934,1956.0,0.2524996831053169,0.25249968310540494,8.804068585277491e-14
2935,1956.6666666666667,0.5604241834878083,0.5598277660484167,0.0005964174393916499
2936,1957.3333333333333,0.4472731311561443,0.4478666123365426,0.0005934811803983142
2937,1958.0,-0.011881222226053999,-0.011881222225773652,2.803469262291358e-13
2938,1958.6666666666667,-0.19599905516213711,-0.19659700622040646,0.000597951058269347
2939,1959.3333333333333,0.1963418634762057,0.19694652020529424,0.0006046567290885485
2940,1960.0,0.7257261537416798,0.725726153741195,4.848343948538059e-13
2941,1960.6666666666667,0.8757768391545881,0.8751549987430165,0.0006218404115716503
2942,1961.3333333333333,0.7585790513062594,0.7592001909458553,0.0006211396395959801
2943,1962.0,0.7747134375779605,0.7747134375781236,1.630917623174355e-13
2944,1962.6666666666667,0.8523890968910524,0.8517578138961969,0.0006312829948554866
2945,1963.3333333333333,0.5701765201891993,0.5708042972209599,0.0006277770317606457
2946,1964.0,-0.044545246091425024,-0.04454524609129149,1.335320742867907e-13
2947,1964.6666666666667,-0.40116857866654915,-0.40180191227546164,0.0006333336089124897
2948,1965.3333333333333,-0.16598714895498828,-0.16534474330065155,0.0006424056543367362
2949,1966.0,0.24243922336563295,0.24243922336489793,7.350231534530849e-13
2950,1966.6666666666667,0.2608269639320846,0.26016930937714416,0.0006576545549404345
2951,1967.3333333333333,-0.04223681405837818,-0.041575632165383306,0.0006611818929948762
2952,1968.0,-0.21548821586669883,-0.21548821586633285,3.6598502006768285e-13
2953,1968.6666666666667,-0.22871354502956565,-0.22937916634195565,0.0006656213123900079
2954,1969.3333333333333,-0.4721585630484851,-0.4714891903516125,0.0006693726968725611
2955,1970.0,-0.9806735455469686,-0.9806735455470971,1.284528039491306e-13
2956,1970.6666666666667,-1.2188113520212127,-1.2194821046333237,0.0006707526121110252
2957,1971.3333333333333,-0.8395841420910342,-0.8388991573819258,0.0006849847091083827
2958,1972.0,-0.24481612962439592,-0.24481612962460353,2.0761170560490427e-13
2959,1972.6666666666667,-0.044567470503651056,-0.04526581503822399,0.0006983445345729311
2960,1973.3333333333333,-0.22362238068642404,-0.222918984352401,0.0007033963340230265
2961,1974.0,-0.29796018994830403,-0.297960189947992,3.1202818107090025e-13
2962,1974.6666666666667,-0.14968013313866604,-0.15038794839815128,0.0007078152594852394
2963,1975.3333333333333,-0.14716697490446126,-0.14645569528974153,0.0007112796147197287
2964,1976.0,-0.40103495569531067,-0.4010349556951693,1.4138690218601369e-13
2965,1976.6666666666667,-0.4491295629375733,-0.44984750057981443,0.000717937642241151
2966,1977.3333333333333,0.06037262244245236,0.06110037098444335,0.0007277485419909871
2967,1978.0,0.7527130403349305,0.7527130403350084,7.793765632868599e-14
2968,1978.6666666666667,0.9893948373468524,0.9886465095346246,0.0007483278122277781
2969,1979.3333333333333,0.7425614324850576,0.743308935002741,0.0007475025176834071
2970,1980.0,0.531205149744008,0.531205149744565,5.56998891454441e-13
2971,1980.6666666666667,0.5668683155818086,0.5661106497435503,0.0007576658382583146
2972,1981.3333333333333,0.5156726236592675,0.5164306388720475,0.0007580152127800721
2973,1982.0,0.20120289637117506,0.20120289637095615,2.1890822488046524e-13
2974,1982.6666666666667,0.016479083355751073,0.015708705161336864,0.0007703781944142091
2975,1983.3333333333333,0.3281662343437949,0.32894488359533375,0.0007786492515388654
2976,1984.0,0.8129689068974347,0.8129689068970343,4.0045744498229396e-13
2977,1984.6666666666667,0.8321191028677908,0.8313182127550249,0.0008008901127658508
2978,1985.3333333333333,0.32953340152491034,0.33033556862602664,0.0008021671011163023
2979,1986.0,-0.14053155324021527,-0.14053155324017377,4.1494585545365226e-14
2980,1986.6666666666667,-0.27435990012263856,-0.2751691651944325,0.0008092650717939631
2981,1987.3333333333333,-0.36894453316704057,-0.36812846472517524,0.0008160684418653252
2982,1988.0,-0.6684073904583082,-0.6684073904591127,8.044676036433884e-13
2983,1988.6666666666667,-0.8594723447703059,-0.8602978829942045,0.0008255382238986364
2984,1989.3333333333333,-0.5695577523312548,-0.5687177952931383,0.0008399570381165677
2985,1990.0,-0.06820747212122347,-0.06820747212129165,6.818157149979243e-14
2986,1990.6666666666667,0.01041210619432963,0.009553772185189007,0.0008583340091406228
2987,1991.3333333333333,-0.4268265756878381,-0.4259615863646187,0.0008649893232193784
2988,1992.0,-0.8139865003490492,-0.8139865003487106,3.3861802251067274e-13
2989,1992.6666666666667,-0.7790174857615784,-0.7798868909356863,0.00086940517410794
2990,1993.3333333333333,-0.5973895693817749,-0.5965097496519421,0.0008798197298327537
2991,1994.0,-0.5944014017161242,-0.594401401716398,2.737809978725636e-13
2992,1994.6666666666667,-0.5538871033650292,-0.5547796311611458,0.0008925277961165934
2993,1995.3333333333333,-0.11002839140853082,-0.10912287011642571,0.0009055212921051103
2994,1996.0,0.5231714831471074,0.5231714831468285,2.788880237858393e-13
2995,1996.6666666666667,0.725095142026002,0.7241658927677165,0.000929249258285525
2996,1997.3333333333333,0.36541906630584364,0.36635125331139257,0.0009321870055489234
2997,1998.0,0.010274435206511084,0.010274435207182346,6.712616573700814e-13
2998,1998.6666666666667,0.09162612354480808,0.09068259887218325,0.000943524672624832
2999,1999.3333333333333,0.3601361650457934,0.36108615276216344,0.0009499877163700599
3000,2000.0,0.420251048101244,0.420251048101224,1.9984014443252818e-14
3001,2000.6666666666667,0.3995203070594581,0.3985481677038505,0.0009721393556076374
3002,2001.3333333333333,0.6682982801870627,0.6692792549651896,0.000980974778126864
3003,2002.0,1.0910112600908084,1.0910112600909796,1.7119639039719914e-13
3004,2002.6666666666667,1.0883879928971913,1.0873776840843785,0.0010103088128128324
3005,2003.3333333333333,0.5091080565729137,0.5101209500590608,0.0010128934861470817
3006,2004.0,-0.07955373146865018,-0.07955373146866569,1.5515366769136563e-14
3007,2004.6666666666667,-0.18604282716785459,-0.18706909698570132,0.001026269817846731
3008,2005.3333333333333,-0.023939782739227037,-0.022903172043915485,0.0010366106953115517
3009,2006.0,-0.04570497000834045,-0.0457049700090803,7.398456847163004e-13
3010,2006.6666666666667,-0.20602005268274376,-0.20707989805878274,0.0010598453760389814
3011,2007.3333333333333,-0.12751274218963965,-0.12643841712217618,0.0010743250674634663
3012,2008.0,0.14045598675616175,0.1404559867561475,1.4238610290817633e-14
3013,2008.6666666666667,0.06880238541824102,0.06770176149536307,0.0011006239228779496
3014,2009.3333333333333,-0.519644753153201,-0.5185337242025276,0.0011110289506733872
3015,2010.0,-1.0783938099560366,-1.0783938099562653,2.2870594307278225e-13
3016,2010.6666666666667,-1.0805445226730077,-1.0816663266876134,0.0011218040146057096
3017,2011.3333333333333,-0.7169147184270452,-0.7157755156320512,0.0011392027949940209
3018,2012.0,-0.5031733806438318,-0.5031733806442186,3.8680170177940454e-13
3019,2012.6666666666667,-0.4874032401260469,-0.4885676411994236,0.0011644010733766752
3020,2013.3333333333333,-0.2996661065581432,-0.29848403308673394,0.0011820734714092507
3021,2014.0,0.08914041682036339,0.08914041682086099,4.976019596369952e-13
3022,2014.6666666666667,0.1974718620240143,0.19626022502227727,0.0012116370017370148
3023,2015.3333333333333,-0.18826039071830644,-0.18703759213588378,0.0012227985824226628
3024,2016.0,-0.5645741915711076,-0.5645741915705972,5.103695244201845e-13
3025,2016.6666666666667,-0.38892331146185116,-0.3901646482143008,0.00124133675244964
3026,2017.3333333333333,0.16778976898656633,0.16904648225890903,0.0012567132723426966
3027,2018.0,0.5363673749190082,0.5363673749189464,6.183942247162122e-14
3028,2018.6666666666667,0.5836995927934414,0.5824054921022763,0.0012941006911650899
3029,2019.3333333333333,0.6779430302032148,0.6792510154342908,0.0013079852310760032
3030,2020.0,0.9387589470476653,0.9387589470479167,2.5146551507759796e-13
3031,2020.6666666666667,0.9503032164595058,0.9489556978145011,0.0013475186450047083
3032,2021.3333333333333,0.4743573599499139,0.4757146429218768,0.0013572829719629143
3033,2022.0,-0.028509328940731535,-0.028509328940595966,1.3556863964758747e-13
3034,2022.6666666666667,0.0005472987429981367,-0.0008380497074724162,0.001385348450470553
3035,2023.3333333333333,0.42580147786441236,0.42720375498371216,0.0014022771192997996
3036,2024.0,0.6499728797471627,0.6499728797468265,3.361755318564974e-13
3037,2024.6666666666667,0.4746687921175622,0.47322093702690765,0.0014478550906545373
3038,2025.3333333333333,0.27640478017043035,0.27787139543273903,0.0014666152623086792
3039,2026.0,0.2749886770177967,0.27498867701752305,2.736699755701011e-13
3040,2026.6666666666667,0.13119388207387683,0.12968510491969093,0.001508777154185903
3041,2027.3333333333333,-0.41600891878645496,-0.4144812338535547,0.0015276849329002862
3042,2028.0,-0.9617214500400193,-0.9617214500402703,2.510214258677479e-13
3043,2028.6666666666667,-0.9466844423740466,-0.9482431266913764,0.0015586843173298615
3044,2029.3333333333333,-0.4753865249726462,-0.4738006537032521,0.0015858712693941346
3045,2030.0,-0.1680309092023123,-0.16803090920260577,2.934597009840445e-13
3046,2030.6666666666667,-0.2901510240155455,-0.29178742313666955,0.0016363991211240658
3047,2031.3333333333333,-0.47048155476943476,-0.4688171350303868,0.001664419739047962
3048,2032.0,-0.404229426230304,-0.40422942623007685,2.2715163083830703e-13
3049,2032.6666666666667,-0.3656302375325603,-0.3673421849612334,0.0017119474286730885
3050,2033.3333333333333,-0.6542111040370339,-0.6524724894716993,0.0017386145653345286
3051,2034.0,-0.9458018549625417,-0.9458018549628977,3.560485239972877e-13
3052,2034.6666666666667,-0.70491814950739,-0.706699930234166,0.0017817807267760388
3053,2035.3333333333333,-0.012707980877331323,-0.010894742469674003,0.0018132384076573194
3054,2036.0,0.49426209681673805,0.4942620968168236,8.554268404736831e-14
3055,2036.6666666666667,0.4872999470276337,0.4854184806592085,0.0018814663684251776
3056,2037.3333333333333,0.3273268661420093,0.32923834707776956,0.001911480935760268
3057,2038.0,0.3999196310669827,0.39991963106748873,5.060396546241464e-13
3058,2038.6666666666667,0.49912166679769143,0.4971437839967846,0.0019778828009068272
3059,2039.3333333333333,0.291392226411192,0.2933992814752943,0.0020070550641023144
3060,2040.0,0.019086466791502985,0.01908646679150102,1.9637069748057456e-15
3061,2040.6666666666667,0.1942826120697515,0.19220900056868934,0.002073611501062167
3062,2041.3333333333333,0.7751017675464089,0.7772109920292479,0.0021092244828390116
3063,2042.0,1.1382039018874295,1.1382039018873609,6.861178292183467e-14
3064,2042.6666666666667,0.9163347048642896,0.9141334777871984,0.002201227077091139
3065,2043.3333333333333,0.4710827667682508,0.4733225010041969,0.0022397342359461447
3066,2044.0,0.275685477727229,0.2756854777271992,2.980948821118545e-14
3067,2044.6666666666667,0.20303592770531875,0.2007090179130695,0.0023269097922492543
3068,2045.3333333333333,-0.10473625137368657,-0.10236593337572648,0.0023703179979600864
3069,2046.0,-0.4857935901422378,-0.48579359014291185,6.740719094011638e-13
3070,2046.6666666666667,-0.45424541709868016,-0.45670595023137067,0.002460533132690512
3071,2047.3333333333333,-0.005736664475069867,-0.0032219420453894775,0.0025147224296803894
3072,2048.0,0.2660348526121382,0.2660348526121578,1.9595436384634013e-14
