out_index,input_time,reference,resampler,abs_error
70,100.0,0.8020878919526561,0.8010562797691005,0.0010316121835555192
71,101.42857142857143,1.0298535927082892,1.0308467895556122,0.000993196847322908
72,102.85714285714286,0.22788662066073115,0.22692433726018363,0.00096228340054752
73,104.28571428571429,-0.39138649196575626,-0.39045142422120194,0.0009350677445543187
74,105.71428571428572,-0.007026914811460215,-0.007930083865612607,0.0009031690541523914
75,107.14285714285715,-0.054966739619467235,-0.05409526510908239,0.0008714745103848426
76,108.57142857142858,-0.2667954238229416,-0.26763843055753406,0.0008430067345924774
77,110.0,-0.19256224866729524,-0.19174659851513334,0.0008156501521618953
78,111.42857142857143,-0.8219465209104044,-0.8227406262431884,0.000794105332784012
79,112.85714285714286,-1.1543379676272856,-1.153562511467875,0.000775456159410659
80,114.28571428571429,-0.30372851936980866,-0.30448008311408414,0.0007515637442754852
81,115.71428571428572,0.1552845486660924,0.1560111388918506,0.0007265902257581891
82,117.14285714285715,0.22280961924570852,0.2221039062113907,0.0007057130343178231
83,118.57142857142858,0.5638421882807704,0.5645281069091401,0.0006859186283697527
84,120.00000000000001,0.23686967031256587,0.23619932212809905,0.000670348184466818
85,121.42857142857143,-0.02821478616321076,-0.02755737468855864,0.0006574114746521198
86,122.85714285714286,0.7250314004514447,0.7243932485818754,0.0006381518695692812
87,124.28571428571429,0.9263526614865609,0.9269705461225477,0.0006178846359867762
88,125.71428571428572,0.43590013378559145,0.4352979970699283,0.0006021367156631707
89,127.14285714285715,0.24734111836307004,0.24792895651502683,0.0005878381519567877
90,128.57142857142858,-0.38013620771427353,-0.3807122540102901,0.0005760462960165413
91,130.0,-0.9204386831624327,-0.9198724638041794,0.0005662193582532948
92,131.42857142857144,-0.3227124089647104,-0.32326340244560087,0.0005509934808904937
93,132.85714285714286,-0.08948909800131677,-0.08895562382710986,0.0005334741742069049
94,134.2857142857143,-0.5364769961962176,-0.5369986951493626,0.0005216989531450222
95,135.71428571428572,-0.4687246216056583,-0.46821326829896154,0.0005113533066967713
96,137.14285714285714,-0.5333097380852767,-0.533812084893194,0.0005023468079172755
97,138.57142857142858,-0.5676203106264472,-0.5671254743009426,0.0004948363255046218
98,140.0,0.4167998883783115,0.4163182172999515,0.000481671078360002
99,141.42857142857144,0.9514597804573035,0.9519263358789186,0.0004665554216151113
100,142.85714285714286,0.51677969167526,0.5163221696674458,0.0004575220078141262
101,144.2857142857143,0.4747670538991438,0.47521765266952637,0.0004505987703825598
102,145.71428571428572,0.3451835135648355,0.34474038105183574,0.0004431325129997665
103,147.14285714285714,0.017638884786596937,0.018075752477677395,0.00043686769108045725
104,148.57142857142858,0.5166204941414352,0.5161946008516327,0.0004258932898024703
105,150.0,0.5988342776713108,0.5992469261153011,0.0004126484439902489
106,151.42857142857144,-0.3186892027543905,-0.31909482760085756,0.00040562484646705643
107,152.85714285714286,-0.673709420491828,-0.6733083068347111,0.0004011136571169249
108,154.2857142857143,-0.7380150513328556,-0.7384101269556608,0.0003950756228051633
109,155.71428571428572,-0.9155974295437139,-0.9152081136128587,0.0003893159308552274
110,157.14285714285714,-0.24546198085425663,-0.245841864410727,0.0003798835564703673
111,158.57142857142858,0.1947590505283834,0.19512695311861158,0.0003679025902281752
112,160.0,-0.34945174225378844,-0.349814677342195,0.0003629350884065685
113,161.42857142857144,-0.30534232841695286,-0.30498181059335994,0.00036051782359292073
114,162.85714285714286,0.1529267413743154,0.15257163384307842,0.0003551075312369645
115,164.2857142857143,0.2656200767252747,0.26596975462475814,0.00034967789948342487
116,165.71428571428572,0.8820815450924552,0.8817401627023295,0.0003413823901257107
117,167.14285714285717,1.1658621135381015,1.1661933946469256,0.00033128110882407746
118,168.57142857142858,0.29796843127680406,0.29764132975811836,0.0003271015186857018
119,170.0,-0.08177148939134202,-0.08144512579354697,0.00032636359779504576
120,171.42857142857144,0.08132308955428244,0.08100146581033225,0.0003216237439501862
121,172.85714285714286,-0.17447567793616323,-0.17415968983314153,0.00031598810302169156
122,174.2857142857143,-0.027872240314017277,-0.028181195789266086,0.0003089554752488087
123,175.71428571428572,0.02373882255943212,0.024038687981793077,0.00029986542236095856
124,177.14285714285717,-0.8653826959709816,-0.8656799190300188,0.0002972230590372327
125,178.57142857142858,-1.0939333557516695,-1.093635723829831,0.0002976319218384038
126,180.0,-0.4765543553835915,-0.47684758787921055,0.00029323249561907794
127,181.42857142857144,-0.2652433913098208,-0.2649561608205917,0.00028723048922907335
128,182.85714285714286,0.1800935743095447,0.17981250136304106,0.00028107294650364656
129,184.2857142857143,0.598590698193368,0.598864304810341,0.00027360661697306554
130,185.71428571428572,0.04734599179174117,0.04707456477269771,0.00027142701904345895
131,187.14285714285717,-0.024710539436021528,-0.024437757994845863,0.00027278144117566516
132,188.57142857142858,0.6879644712308761,0.6876957784740343,0.00026869275684182625
133,190.0,0.7420577321593205,0.7423202461827378,0.0002625140234173706
134,191.42857142857144,0.6820283796004853,0.6817712810770653,0.0002570985234200407
135,192.85714285714286,0.6231852655549669,0.6234363281994503,0.00025106264448337967
136,194.2857142857143,-0.3131325996589415,-0.3133820709726363,0.00024947131369479347
137,195.71428571428572,-0.7670342916127695,-0.7667828354234337,0.00025145618933575253
138,197.14285714285717,-0.2392317355888776,-0.23947922810345806,0.0002474925145804774
139,198.57142857142858,-0.27068288810780355,-0.270442233747534,0.00024065436026954323
140,200.0,-0.4349824140024303,-0.4352186766169019,0.00023626261447157182
141,201.42857142857144,-0.3062448139329549,-0.30601333840728995,0.000231475525664937
142,202.85714285714286,-0.7812513916282768,-0.7814819720456064,0.00023058041732959556
143,204.2857142857143,-0.7729706192285064,-0.7727380401364893,0.00023257909201712668
144,205.71428571428572,0.2600409755148822,0.2598120977459508,0.00022887776893137923
145,207.14285714285717,0.6223149654041239,0.622536853723843,0.00022188831971914347
146,208.57142857142858,0.5381581339604938,0.5379402315222693,0.00021790243822450428
147,210.0,0.701812593305521,0.7020274234008271,0.00021483009530609554
148,211.42857142857144,0.24598359515432222,0.2457697614614136,0.00021383369290861598
149,212.85714285714286,0.01555834460101725,0.01577443227929767,0.0002160876782804199
150,214.2857142857143,0.6888994837182142,0.688687108838463,0.00021237487975123148
151,215.71428571428572,0.6127205850121529,0.6129255830494853,0.00020499803733242672
152,217.14285714285717,-0.060056512717146626,-0.06025833993710065,0.00020182721995402192
153,218.57142857142858,-0.2829168520195247,-0.28271687143033225,0.0001999805891924611
154,220.0,-0.8048102583482752,-0.8050098718463332,0.00019961349805797113
155,221.42857142857144,-1.040723818345154,-1.040522524757077,0.00020129358807685627
156,222.85714285714286,-0.23243545267751675,-0.2326332330567731,0.00019778037925635705
157,224.2857142857143,-0.011895205741179143,-0.011704972376994317,0.00019023336418482611
158,225.71428571428572,-0.41540219527835825,-0.41558979123503526,0.00018759595667700024
159,227.14285714285717,-0.21610002270168924,-0.2159129572072128,0.00018706549447644605
160,228.57142857142858,-0.1559183052770861,-0.1561049469867052,0.00018664170961910087
161,230.00000000000003,-0.03510668167053218,-0.03491871870697035,0.0001879629635618274
162,231.42857142857144,0.9056017244649509,0.9054170964065702,0.00018462805838070917
163,232.85714285714286,1.1135212273110358,1.11369844779955,0.00017722048851420702
164,234.2857142857143,0.41660774433635717,0.41643286505530214,0.00017487928105502926
165,235.71428571428572,0.2696383969461657,0.2698141853532828,0.00017578840711707233
166,237.14285714285717,0.07753987374435617,0.07736449195723728,0.0001753817871188862
167,238.57142857142858,-0.22086423083048365,-0.2206881682283657,0.00017606260211794345
168,240.00000000000003,0.23850652714328968,0.23833389640331878,0.00017263073997089706
169,241.42857142857144,0.13496414865796927,0.1351295126367917,0.00016536397882244147
170,242.85714285714286,-0.7845181854461446,-0.7846819890656819,0.00016380361953727274
171,244.2857142857143,-0.898920638747786,-0.8987551485227587,0.00016549022502732047
172,245.71428571428572,-0.7038474999165294,-0.7040128346615806,0.00016533474505120438
173,247.14285714285717,-0.6224127684958133,-0.6222478129938106,0.00016495550200268383
174,248.57142857142858,0.16463581693292725,0.1644738206127978,0.0001619963201294483
175,250.00000000000003,0.48676319114660876,0.48691836292825685,0.0001551717816480891
176,251.42857142857144,-0.0992794507065591,-0.09943307965783336,0.00015362895127427056
177,252.85714285714286,0.04866550242396512,0.04882206206011373,0.0001565596361486135
178,254.2857142857143,0.5083092983163829,0.5081531395335652,0.0001561587828177169
179,255.71428571428572,0.527903232897546,0.528058365627383,0.0001551327298369154
180,257.14285714285717,0.9321388788806947,0.9319870124266715,0.00015186645402320842
181,258.5714285714286,0.8555334165981442,0.8556791297137184,0.00014571311557420863
182,260.0,-0.19111600634926054,-0.191260859463673,0.00014485311441245208
183,261.42857142857144,-0.47562853502462327,-0.475480166273519,0.0001483687511042442
184,262.8571428571429,-0.22716500002474108,-0.22731304745276673,0.00014804742802565496
185,264.2857142857143,-0.4247522544378063,-0.42460639731432404,0.00014585712348225144
186,265.7142857142857,-0.23340377712167942,-0.23354682573848673,0.0001430486168073064
187,267.14285714285717,-0.20962571036576735,-0.20948819436061514,0.00013751600515221618
188,268.5714285714286,-0.9552006127306996,-0.9553373723013717,0.0001367595706721625
189,270.0,-0.830126964569432,-0.8299862277188617,0.00014073685057036656
190,271.42857142857144,-0.0005913023737604771,-0.0007318685679673056,0.00014056619420682842
191,272.8571428571429,0.23478297908165494,0.23492044933314765,0.0001374702514927162
192,274.2857142857143,0.5974870907241108,0.5973524758601048,0.00013461486400601075
193,275.7142857142857,0.7988005623839327,0.7989306659255216,0.0001301035415889329
194,277.14285714285717,0.12733091153181403,0.1272011899821541,0.000129721549659928
195,278.5714285714286,0.10928848985217174,0.10942269079695334,0.00013420094478160116
196,280.0,0.7329504077141344,0.7328168936777343,0.0001335140364001619
197,281.42857142857144,0.5507266250185384,0.5508563132954052,0.00012968827686676843
198,282.8571428571429,0.2893888638596955,0.28926190442701577,0.00012695943267970744
199,284.2857142857143,0.06507268376559357,0.06519618781542133,0.00012350404982776342
200,285.7142857142857,-0.8293675771413975,-0.829490909389468,0.0001233322480704846
201,287.14285714285717,-0.9879577052022502,-0.9878301380884321,0.0001275671138181167
202,288.5714285714286,-0.26846570377811235,-0.2685930787760079,0.0001273749978955574
203,290.0,-0.2647686940313642,-0.26464621645372194,0.00012247757764227707
204,291.42857142857144,-0.3585627429341302,-0.35868272564570397,0.00011998271157376283
205,292.8571428571429,-0.15894728115443715,-0.15882972937558887,0.00011755177884828494
206,294.2857142857143,-0.4874476695370386,-0.48756535289865904,0.00011768336162043536
207,295.7142857142857,-0.23339580743692823,-0.2332738295677654,0.00012197786916282038
208,297.14285714285717,0.8076728580114086,0.8075517113027808,0.0001211467086278395
209,298.5714285714286,0.915615907410848,0.9157317522673405,0.00011584485649251963
210,300.0,0.5983267212227775,0.5982133752919176,0.0001133459308598761
211,301.42857142857144,0.5698425710146137,0.5699548643742864,0.0001122933596727771
212,302.8571428571429,0.01814145656601672,0.018028902537939987,0.00011255402807673273
213,304.2857142857143,-0.15464341478347113,-0.1545270413497474,0.00011637343372372655
214,305.7142857142857,0.44787852739831424,0.44776278661835023,0.00011574077996401311
215,307.14285714285717,0.16077468362369765,0.16088453503555078,0.00010985141185312908
216,308.5714285714286,-0.5514430384659207,-0.5515504998260108,0.00010746136009009977
217,310.0,-0.6497396627742714,-0.6496322950616709,0.000107367712600559
218,311.42857142857144,-0.9423756929204994,-0.9424836713879611,0.00010797846746168904
219,312.8571428571429,-0.8439049270783247,-0.8437937898777762,0.00011113720054845011
220,314.2857142857143,0.11376900359119486,0.11365861414209974,0.0001103894490951246
221,315.7142857142857,0.2529435804385991,0.2530476690670596,0.00010408862846050804
222,317.14285714285717,-0.14864312135677485,-0.14874516255870163,0.00010204120192677801
223,318.5714285714286,0.12369295558295473,0.12379612569913016,0.00010317011617543004
224,320.0,0.2147910142787705,0.21468718818271593,0.00010382609605458226
225,321.42857142857144,0.3535785419644819,0.35368489436195527,0.00010635239747336378
226,322.8571428571429,1.1065346678269334,1.1064294734410363,0.00010519438589717822
227,324.28571428571433,0.9310466716016724,0.9311458197602794,9.914815860700976e-05
228,325.7142857142857,0.028240951620739755,0.028144021508568477,9.693011217127775e-05
229,327.14285714285717,-0.1254815928343108,-0.12538245757916025,9.913525515053978e-05
230,328.5714285714286,-0.28365232164590204,-0.2837523642314122,0.00010004258551016276
231,330.0,-0.4802623474842743,-0.48016082489774736,0.00010152258652695867
232,331.42857142857144,-0.002982424335639867,-0.003082986287348839,0.00010056195170897193
233,332.8571428571429,-0.19432069650527273,-0.19422644138754533,9.42551177273987e-05
234,334.28571428571433,-0.9843563318987351,-0.9844489022027944,9.257030405929179e-05
235,335.7142857142857,-0.785125262303273,-0.7850296899131985,9.557239007440543e-05
236,337.14285714285717,-0.3536028469500329,-0.35369950372808173,9.665677804882034e-05
237,338.5714285714286,-0.11804816478344325,-0.11795100103903015,9.716374441309794e-05
238,340.0,0.6408583488164276,0.6407626861132363,9.566270319127934e-05
239,341.42857142857144,0.7383465559428976,0.7384365976268863,9.004168398873968e-05
240,342.8571428571429,0.060353202960055245,0.06026485735826182,8.834560179342421e-05
241,344.28571428571433,0.25036041409916393,0.2504526561351312,9.224203596724934e-05
242,345.7142857142857,0.6259433124073787,0.6258499463579908,9.336604938781079e-05
243,347.14285714285717,0.48365960684868076,0.48375257870844257,9.297185976181455e-05
244,348.5714285714286,0.6624316516269189,0.6623402466472951,9.140497962378813e-05
245,350.0,0.31296251664553804,0.3130486994056801,8.618276014205062e-05
246,351.42857142857144,-0.7451876537448687,-0.7452723144372246,8.4660692355909e-05
247,352.8571428571429,-0.7925110535522272,-0.7924219864392003,8.906711302691939e-05
248,354.28571428571433,-0.381377855410111,-0.3814682806109254,9.042520081442573e-05
249,355.7142857142857,-0.47896381532899224,-0.4788750372781525,8.877805083973289e-05
250,357.14285714285717,-0.21450503039801522,-0.21459209583324487,8.706543522965515e-05
251,358.5714285714286,-0.17948822939048426,-0.17940572732776774,8.250206271651073e-05
252,360.0,-0.7519673210242279,-0.7520489043484101,8.158332418217729e-05
253,361.42857142857144,-0.3345028415276538,-0.33441664067450877,8.620085314503534e-05
254,362.8571428571429,0.5550644745531127,0.5549770037731411,8.747077997162123e-05
255,364.28571428571433,0.6505619061287562,0.6506469596939722,8.505356521604224e-05
256,365.7142857142857,0.8090916160195171,0.8090086679308508,8.294808866626813e-05
257,367.14285714285717,0.7464756218675648,0.7465551205103456,7.949864278078422e-05
258,368.5714285714286,-0.029427483427972818,-0.029505862152135843,7.837872416302516e-05
259,370.0,0.010977454776366812,0.011060846779362556,8.339200299574412e-05
260,371.42857142857144,0.5353102718660775,0.5352255012533274,8.47706127501402e-05
261,372.8571428571429,0.158386370023979,0.15846764400705035,8.127398307133937e-05
262,374.28571428571433,-0.19242085365692718,-0.19249996071109787,7.910705417069064e-05
263,375.7142857142857,-0.4218230704296485,-0.42174666887616846,7.64015534800433e-05
264,377.14285714285717,-1.1153415971203575,-1.1154177792872217,7.618216686422485e-05
265,378.5714285714286,-0.9094009191935402,-0.9093201435720676,8.0775621472573e-05
266,380.0,-0.025138850958953726,-0.025220852387955427,8.200142900170043e-05
267,381.42857142857144,-0.03267781525341103,-0.03260004873070482,7.776652270620465e-05
268,382.8571428571429,-0.09393882731059999,-0.09401420910527857,7.538179467857231e-05
269,384.28571428571433,0.1330088919465126,0.13308274094108652,7.38489945739107e-05
270,385.7142857142857,-0.1177153172227926,-0.11778893804397172,7.362082117912117e-05
271,387.14285714285717,0.24771833595721318,0.24779653235993646,7.8196402723274e-05
272,388.5714285714286,1.1304504475103214,1.1303710118712558,7.943563906565032e-05
273,390.0,0.8886549365536002,0.8887295724206831,7.463586708289505e-05
274,391.42857142857144,0.3435862730592008,0.3435144080998964,7.186495930439074e-05
275,392.8571428571429,0.19262697766453948,0.19269845768267257,7.148001813309102e-05
276,394.28571428571433,-0.3593721544843275,-0.35944390563938367,7.175115505614338e-05
277,395.7142857142857,-0.40619855905194613,-0.40612281174269343,7.57473092526939e-05
278,397.14285714285717,0.17406626285434287,0.17398965209686892,7.661075747394941e-05
279,398.5714285714286,-0.22648084692995124,-0.22640954034203611,7.130658791512645e-05
280,400.0,-0.8400187369023192,-0.8400875512590186,6.881435669936486e-05
281,401.42857142857144,-0.706633657927671,-0.7065644128687247,6.924505894623234e-05
282,402.8571428571429,-0.7369126216871934,-0.7369826647914818,7.004310428837535e-05
283,404.28571428571433,-0.37264006342840467,-0.37256683190384304,7.32315245616233e-05
284,405.7142857142857,0.5989317085545448,0.598857591330405,7.4117224139858e-05
285,407.14285714285717,0.54927327146207,0.5493418729550819,6.860149301191054e-05
286,408.5714285714286,0.0872278197484325,0.08716222370518624,6.55960432462549e-05
287,410.0,0.3644096623042276,0.36447703532432607,6.737302009846013e-05
288,411.42857142857144,0.40092508200333477,0.40085673770368124,6.834429965352218e-05
289,412.8571428571429,0.4627208661002213,0.46279185873023476,7.099263001347778e-05
290,414.28571428571433,0.966206983240003,0.9661357463498096,7.123689019339352e-05
291,415.7142857142857,0.45510088155168626,0.4551666028340142,6.572128232795738e-05
292,417.14285714285717,-0.5119315482440369,-0.5119946551183744,6.310687433752626e-05
293,418.5714285714286,-0.5292196294788657,-0.5291540968203803,6.553265848541212e-05
294,420.0,-0.5492359599126192,-0.5493030650523634,6.710513974417243e-05
295,421.42857142857144,-0.584846211828861,-0.5847776635852179,6.85482436431073e-05
296,422.8571428571429,-0.055680738250939166,-0.05574942989959227,6.869164865310612e-05
297,424.28571428571433,-0.2751102364981918,-0.27504701525077724,6.32212474145355e-05
298,425.7142857142857,-0.8751447564822924,-0.8752052262471196,6.0469764827209005e-05
299,427.14285714285717,-0.38553569320629605,-0.38547193283083225,6.376037546379498e-05
300,428.5714285714286,0.1680824007486294,0.1680166825038067,6.571824482271005e-05
301,430.0,0.3974187869610938,0.3974851703061021,6.63833450083029e-05
302,431.42857142857144,0.9768621064285196,0.9767961672331068,6.593919541275639e-05
303,432.8571428571429,0.7756515947222026,0.7757125370522442,6.0942330041613424e-05
304,434.28571428571433,-0.0009092337734771886,-0.0009675837873314633,5.83500138542747e-05
305,435.7142857142857,0.21630335064728495,0.21636572706075646,6.23764134715099e-05
306,437.14285714285717,0.48351608958659104,0.48345171175885904,6.43778277319984e-05
307,438.5714285714286,0.19086808169222982,0.1909321633699311,6.40816777012776e-05
308,440.0,0.21675113515013392,0.2166879581049141,6.317704521982548e-05
309,441.42857142857144,-0.25423543285220146,-0.2541767148307173,5.871802148416094e-05
310,442.8571428571429,-1.1449978678195603,-1.1450543830006923,5.651518113203302e-05
311,444.28571428571433,-0.8524576453812776,-0.8523969499892124,6.0695392065102105e-05
312,445.7142857142857,-0.2643410813059217,-0.26440444137526514,6.336006934343219e-05
313,447.14285714285717,-0.2843227454285231,-0.28426087275260115,6.18726759219479e-05
314,448.5714285714286,0.020789051853419966,0.020728427370341748,6.0624483078218494e-05
315,450.00000000000006,0.043326337006943307,0.04338311058671074,5.6773579767431526e-05
316,451.42857142857144,-0.39759184598331715,-0.3976465927577325,5.474677441535958e-05
317,452.8571428571429,0.18986978739212707,0.18992927953058752,5.949213846045964e-05
318,454.28571428571433,0.9682891649458051,0.9682272581943289,6.190675147621505e-05
319,455.7142857142857,0.7953749268423088,0.7954347043340262,5.977749171737212e-05
320,457.14285714285717,0.7018057431198046,0.7017479454686086,5.779765119595659e-05
321,458.5714285714286,0.41290724158446834,0.4129622200897956,5.497850532726334e-05
322,460.00000000000006,-0.38219714457905146,-0.38225067241685146,5.3527837799993705e-05
323,461.42857142857144,-0.22549055869546927,-0.22543249378923982,5.8064906229449154e-05
324,462.8571428571429,0.24061477172771223,0.2405539716488917,6.0800078820533177e-05
325,464.28571428571433,-0.24253602045151476,-0.24247835515087623,5.766530063852637e-05
326,465.7142857142857,-0.5510660285697143,-0.5511214203572324,5.5391787518122015e-05
327,467.14285714285717,-0.6505324801739798,-0.6504792776305082,5.3202543471631e-05
328,468.5714285714286,-1.0579629526116958,-1.058015168787527,5.221617583117677e-05
329,470.00000000000006,-0.5158795593015438,-0.5158228511237198,5.670817782399418e-05
330,471.42857142857144,0.4222946393434176,0.4222351606268204,5.947871659717219e-05
331,472.8571428571429,0.3022000201094147,0.30225567294403854,5.565283462383164e-05
332,474.28571428571433,0.199977754058808,0.19992487407920342,5.2879979604569805e-05
333,475.7142857142857,0.3865862263473454,0.38663806157673936,5.1835229393948357e-05
334,477.14285714285717,0.13389015933327963,0.1338387809254069,5.1378407872726406e-05
335,478.5714285714286,0.4951824400033696,0.49523798064780367,5.554064443408224e-05
336,480.00000000000006,1.1185625672942834,1.1185047523212162,5.781497306722727e-05
337,481.42857142857144,0.5308516036082259,0.530905352601048,5.374899282206691e-05
338,482.8571428571429,-0.14061782708969775,-0.140668362935632,5.053584593425753e-05
339,484.28571428571433,-0.2785194984372622,-0.2784691122316069,5.0386205655283955e-05
340,485.7142857142857,-0.7070820953534407,-0.7071326554851439,5.05601317032367e-05
341,487.14285714285717,-0.5574218539870249,-0.5573677264913737,5.4127495651257185e-05
342,488.5714285714286,0.04167055815621981,0.041613926252473815,5.663190374599614e-05
343,490.00000000000006,-0.39679179518668545,-0.3967400321683686,5.17630183168305e-05
344,491.42857142857144,-0.8291463207286326,-0.8291947288716794,4.8408143046851926e-05
345,492.8571428571429,-0.4458640272442559,-0.44581487766127154,4.914958298435357e-05
346,494.28571428571433,-0.28051681611692936,-0.2805668261040637,5.000998713433624e-05
347,495.7142857142857,0.20294529906164652,0.20299828588655178,5.298682490526008e-05
348,497.14285714285717,1.0219773229017275,1.021922718626728,5.4604274999592306e-05
349,498.5714285714286,0.6876265888595746,0.6876766288190117,5.0039959437087056e-05
350,500.00000000000006,0.13182913224385326,0.13178275589085126,4.637635300200338e-05
351,501.42857142857144,0.382463293142006,0.38251137248695055,4.807934494455157e-05
352,502.8571428571429,0.3301018041167378,0.3300523618017246,4.944231501319285e-05
353,504.28571428571433,0.2934345066382331,0.29348624422252284,5.173758428972386e-05
354,505.7142857142857,0.5778918655063646,0.5778386745680029,5.319093836175792e-05
355,507.14285714285717,-0.1375183794507065,-0.13747009308281619,4.8286367890310045e-05
356,508.5714285714286,-0.9882121588093556,-0.9882566628240954,4.450401473976573e-05
357,510.00000000000006,-0.7391259474186859,-0.7390790514967523,4.689592193352077e-05
358,511.42857142857144,-0.563519833582294,-0.5635689276281914,4.909404589747979e-05
359,512.8571428571429,-0.43701790543833874,-0.4369674998249564,5.0405613382320524e-05
360,514.2857142857143,0.12118117848990742,0.12112993819736123,5.124029254618967e-05
361,515.7142857142858,-0.12779544654031444,-0.12774882919283181,4.6617347482624805e-05
362,517.1428571428572,-0.5537081810136081,-0.5537513305415173,4.314952790918092e-05
363,518.5714285714286,0.12629992265313045,0.12634599585937661,4.607320624616662e-05
364,520.0,0.6425108960249023,0.6424623338188067,4.856220609561479e-05
365,521.4285714285714,0.7113300446909024,0.7113792879541235,4.9243263221088185e-05
366,522.8571428571429,1.0144118946468534,1.0143626016433862,4.929300346723231e-05
367,524.2857142857143,0.518326602830841,0.5183717914661219,4.518863528091277e-05
368,525.7142857142858,-0.2925832935819564,-0.2926247840696249,4.149048766849406e-05
369,527.1428571428572,-0.004082847880417737,-0.0040377007418410105,4.5147138576726205e-05
370,528.5714285714286,0.1895344736824001,0.1894861643235984,4.830935880167919e-05
371,530.0,-0.1829093744878597,-0.1828614693664337,4.790512142602288e-05
372,531.4285714285714,-0.19462295066821697,-0.19467040614919007,4.7455480973096487e-05
373,532.8571428571429,-0.6329484234957102,-0.6329048630862243,4.35604094859432e-05
374,534.2857142857143,-1.2292485162549163,-1.2292891977586446,4.06815037283792e-05
375,535.7142857142858,-0.5822049720958715,-0.5821606320026211,4.434009325038346e-05
376,537.1428571428572,0.10952318655801721,0.10947544381020903,4.7742747808179886e-05
377,538.5714285714286,0.07727162028729963,0.07731826678114957,4.664649384994446e-05
378,540.0,0.3427481749311128,0.3427028462477563,4.532868335649365e-05
379,541.4285714285714,0.29236916302069477,0.2924114819940249,4.2318973330124354e-05
380,542.8571428571429,-0.08816637777963178,-0.08820589739501246,3.951961538067872e-05
381,544.2857142857143,0.5422138086632747,0.5422574557405762,4.364707730142303e-05
382,545.7142857142858,1.0814803155728527,1.081432958343436,4.7357229416844504e-05
383,547.1428571428572,0.5975239796278617,0.5975694832009252,4.5503573063432334e-05
384,548.5714285714286,0.3033253959467223,0.3032819969903674,4.339895635491198e-05
385,550.0,-0.09215391765445806,-0.09211295580936417,4.096184509388978e-05
386,551.4285714285714,-0.7748337834558577,-0.7748726747265786,3.8891270720875504e-05
387,552.8571428571429,-0.42525748143202174,-0.4252146146495065,4.286678251524956e-05
388,554.2857142857143,0.032504653715804785,0.03245799238589492,4.666132990986671e-05
389,555.7142857142858,-0.47323020888400624,-0.4731861374687201,4.407141528611769e-05
390,557.1428571428572,-0.6440250496824133,-0.6440666079378055,4.155825539220448e-05
391,558.5714285714286,-0.553027092253906,-0.5529873012419427,3.979101196327495e-05
392,560.0,-0.6900076145497033,-0.6900461173924934,3.85028427901668e-05
393,561.4285714285714,0.06586989198353184,0.06591207969393845,4.2187710406607626e-05
394,562.8571428571429,0.893419440948213,0.8933734669260726,4.597402214046031e-05
395,564.2857142857143,0.5484135710183515,0.5484565256148306,4.2954596479072293e-05
396,565.7142857142858,0.34425873914970534,0.3442192591894018,3.947996030351231e-05
397,567.1428571428572,0.4473481458627652,0.44738690645364065,3.876059087543071e-05
398,568.5714285714286,0.15034902107004328,0.15031106151394047,3.795955610280677e-05
399,570.0,0.4538083018187402,0.45384993968929965,4.1637870559441126e-05
400,571.4285714285714,0.8080944340231098,0.8080493250313144,4.510899179532846e-05
401,572.8571428571429,-0.025650142446849256,-0.025608564819762317,4.1577627086938906e-05
402,574.2857142857143,-0.6587738334651062,-0.6588117247720445,3.789130693832021e-05
403,575.7142857142858,-0.6335791735342554,-0.6335414856701524,3.768786410296432e-05
404,577.1428571428572,-0.842078990279185,-0.8421170344982438,3.804421905884148e-05
405,578.5714285714286,-0.47265844584481986,-0.4726175754911884,4.0870353631483614e-05
406,580.0,0.13743587426731574,0.1373917921833622,4.408208395353941e-05
407,581.4285714285714,-0.31927525061959683,-0.3192349095578518,4.034106174505281e-05
408,582.8571428571429,-0.563834681266704,-0.5638707862706472,3.610500394324312e-05
409,584.2857142857143,0.0018627993422242995,0.0018995813311476597,3.678198892336014e-05
410,585.7142857142858,0.22811478987403386,0.228077021036311,3.7768837722856885e-05
411,587.1428571428572,0.6605549819262659,0.6605954168553795,4.043492911354196e-05
412,588.5714285714286,1.1914840939866287,1.1914410494679282,4.304451870051906e-05
413,590.0,0.5413060913288854,0.5413452470420548,3.915571316936983e-05
414,591.4285714285714,-0.07436194932242471,-0.07439653210184255,3.458277941784105e-05
415,592.8571428571429,0.1793392547085989,0.17937526232479503,3.600761619612647e-05
416,594.2857142857143,0.06596197305564633,0.06592417770793567,3.7795347710659066e-05
417,595.7142857142858,-0.023843774280755944,-0.02380409635754124,3.967792321470445e-05
418,597.1428571428572,0.13412454929166487,0.1340829176052783,4.1631686386572886e-05
419,598.5714285714286,-0.6241755851575739,-0.6241377239542113,3.786120336257692e-05
420,600.0,-1.203562769811474,-1.2035962405203193,3.3470708845406705e-05
421,601.4285714285714,-0.6290301280941673,-0.6289949662204662,3.516187370100621e-05
422,602.8571428571429,-0.28545849395909156,-0.2854964123821131,3.7918423021532366e-05
423,604.2857142857143,-0.07096686830004847,-0.07092779374071312,3.907455933535586e-05
424,605.7142857142858,0.43667591159232205,0.43663549681311087,4.041477921118419e-05
425,607.1428571428572,0.10955743870098231,0.10959410097562591,3.6662274643606274e-05
426,608.5714285714286,-0.20386227134651483,-0.2038943185743052,3.2047227790377164e-05
427,610.0,0.5397159409119509,0.539750613093141,3.467218119013182e-05
428,611.4285714285714,0.8764508788224156,0.8764130482667398,3.7830555675744115e-05
429,612.8571428571429,0.6961594057419882,0.696197908159985,3.850241799674414e-05
430,614.2857142857143,0.7212224178816772,0.7211836818936219,3.8735988055260684e-05
431,615.7142857142858,0.02579580526848209,0.025831306993011827,3.550172452973857e-05
432,617.1428571428572,-0.6937781228369015,-0.6938095630597509,3.144022284939929e-05
433,618.5714285714286,-0.25507475463722923,-0.25504077803672287,3.397660050635798e-05
434,620.0,-0.07626373008782718,-0.07630165982839872,3.792974057154064e-05
435,621.4285714285714,-0.44590252665016344,-0.44586478455663126,3.774209353218927e-05
436,622.8571428571429,-0.3941737504817776,-0.3942111064925568,3.7356010779199256e-05
437,624.2857142857143,-0.7003858133906431,-0.7003515973751501,3.421601549302711e-05
438,625.7142857142858,-0.9691072091029976,-0.9691376494074889,3.0440304491285985e-05
439,627.1428571428572,-0.054840663000373685,-0.0548071291494127,3.353385096098449e-05
440,628.5714285714286,0.59430755691612,0.5942696382813387,3.7918634781308747e-05
441,630.0,0.42630003166947217,0.4263371960344785,3.716436500633691e-05
442,631.4285714285714,0.566969256360719,0.5669335984061736,3.565795454540943e-05
443,632.8571428571429,0.39358441013408174,0.3936176467290952,3.323659501347498e-05
444,634.2857142857143,0.023331701795587214,0.023301660187485446,3.004160810176834e-05
445,635.7142857142858,0.615946273716508,0.6159793954427893,3.312172628133769e-05
446,637.1428571428572,0.871162556450599,0.871125050794925,3.750565567406383e-05
447,638.5714285714286,0.13409447553243797,0.134130879285812,3.640375337402024e-05
448,640.0,-0.2259726551154911,-0.22600676433814984,3.410922265872918e-05
449,641.4285714285714,-0.5669704618009695,-0.5669383788044937,3.2082996475835124e-05
450,642.8571428571429,-1.0108494909207624,-1.010879179972885,2.9689052122527926e-05
451,644.2857142857143,-0.42400673311604126,-0.42397404363090285,3.2689485138404084e-05
452,645.7142857142858,0.037481500466956245,0.03744391567279161,3.758479416463706e-05
453,647.1428571428572,-0.4544927068388037,-0.4544571486494611,3.5558189342643765e-05
454,648.5714285714287,-0.4614855245141614,-0.461518020631038,3.249611687655696e-05
455,650.0,-0.20739200881244751,-0.2073609495026572,3.105930979030447e-05
456,651.4285714285714,-0.1752103264753159,-0.1752398095098045,2.9483034488603233e-05
457,652.8571428571429,0.6211900004767519,0.6212224969723719,3.249649561998247e-05
458,654.2857142857143,1.178123467217661,1.1780866596088357,3.6807608825295546e-05
459,655.7142857142858,0.5416559166451891,0.5416907942530942,3.487760790510386e-05
460,657.1428571428572,0.23346814963371884,0.23343718533454796,3.096429917087695e-05
461,658.5714285714287,0.2689129938485516,0.26894316820160485,3.0174353053247227e-05
462,660.0,-0.054133523964278334,-0.0541630207205021,2.9496756223768017e-05
463,661.4285714285714,0.20771739389329885,0.20774957220677737,3.217831347851474e-05
464,662.8571428571429,0.3595603793761644,0.35952384284100775,3.6536535156672656e-05
465,664.2857142857143,-0.5661116282096447,-0.5660777328779709,3.389533167375003e-05
466,665.7142857142858,-0.9931588141615444,-0.9931882844607265,2.9470299182099424e-05
467,667.1428571428572,-0.7025581247646713,-0.7025290000474921,2.9124717179196402e-05
468,668.5714285714287,-0.6706748121140227,-0.6707043946899801,2.9582575957420865e-05
469,670.0,-0.1354111875839944,-0.13537921120513738,3.1976378857018206e-05
470,671.4285714285714,0.4160601568130659,0.4160244000706044,3.5756742461479085e-05
471,672.8571428571429,-0.0940962764016439,-0.09406320444287265,3.307195877125246e-05
472,674.2857142857143,-0.2021754317497492,-0.20220368678075684,2.8255031007645703e-05
473,675.7142857142858,0.4322295596933966,0.43225801957333754,2.845987994093413e-05
474,677.1428571428572,0.5748399674054466,0.5748102979572354,2.9669448211255833e-05
475,678.5714285714287,0.8266299658206578,0.8266617494173109,3.1783596653012225e-05
476,680.0,1.0175449033291613,1.0175101277700005,3.477555916076014e-05
477,681.4285714285714,0.11419281914192565,0.11422499855809924,3.217941617358888e-05
478,682.8571428571429,-0.45497222271841875,-0.45499913910834794,2.691638992918799e-05
479,684.2857142857143,-0.11938732780416329,-0.11935963923750596,2.7688566657330105e-05
480,685.7142857142858,-0.22879518222933626,-0.2288252066609758,3.0024431639547045e-05
481,687.1428571428572,-0.2986184503110513,-0.29858688403351824,3.156627753303498e-05
482,688.5714285714287,-0.1659747956886193,-0.16600881107955798,3.401539093866868e-05
483,690.0,-0.837210272205265,-0.8371792554659162,3.101673934879923e-05
484,691.4285714285714,-1.0698581050131593,-1.0698841288325487,2.6023819389431324e-05
485,692.8571428571429,-0.21218513862145263,-0.2121580891824946,2.7049438958037797e-05
486,694.2857142857143,0.1847431688804977,0.18471299108210498,3.01777983927054e-05
487,695.7142857142858,0.35905483414560846,0.35908621686930703,3.138272369856976e-05
488,697.1428571428572,0.714517339717736,0.7144846979138726,3.2641803863420193e-05
489,698.5714285714287,0.25565741931345193,0.255687630528861,3.021121540908167e-05
490,700.0,-0.003195232979081922,-0.0032202952498744525,2.50622707925305e-05
491,701.4285714285714,0.7054919159119148,0.7055185064560348,2.65905441199088e-05
492,702.8571428571429,0.788887907533353,0.7888574474929859,3.0460040367108476e-05
493,704.2857142857143,0.36792059728354465,0.36795183520719227,3.1237923647620125e-05
494,705.7142857142858,0.21031684252185784,0.21028522218528278,3.1620336575055585e-05
495,707.1428571428572,-0.5240573734431121,-0.5240284174769911,2.8955966120958188e-05
496,708.5714285714287,-1.0091171190911734,-1.0091414639481218,2.4344856948355087e-05
497,710.0,-0.3551481277829905,-0.3551220456999625,2.6082083028011738e-05
498,711.4285714285714,-0.1568472623955758,-0.15687793741372907,3.0675018153264455e-05
499,712.8571428571429,-0.47692095754911545,-0.4768900767018,3.088084731545093e-05
500,714.2857142857143,-0.31826295618424083,-0.31829329140725693,3.0335223016098034e-05
501,715.7142857142858,-0.47652619382800304,-0.4764981469009017,2.8046927101343933e-05
502,717.1428571428572,-0.48104343548010237,-0.4810674479652446,2.4012485142221873e-05
503,718.5714285714287,0.5394763405084894,0.5395020936534094,2.5753144920037663e-05
504,720.0,0.9770803679739193,0.977049718518844,3.0649455075248966e-05
505,721.4285714285714,0.572565602160597,0.5725963009094011,3.0698748804014464e-05
506,722.8571428571429,0.5497113612036917,0.5496824624248495,2.8898778842156858e-05
507,724.2857142857143,0.2560053985368703,0.2560323834017223,2.6984864851975487e-05
508,725.7142857142858,-0.09925542529005436,-0.099278859678278,2.3434388223636526e-05
509,727.1428571428572,0.4433624352637745,0.44338809359739717,2.5658333622669005e-05
510,728.5714285714287,0.45393800632204717,0.45390717675380066,3.082956824651539e-05
511,730.0,-0.4047954043030185,-0.40476519252379606,3.021177922246654e-05
512,731.4285714285714,-0.6642100944650107,-0.6642377836781231,2.7689213112469524e-05
513,732.8571428571429,-0.8104365059975366,-0.8104106320866376,2.587391089903246e-05
514,734.2857142857143,-0.9507264572825478,-0.950750009576998,2.355229445016871e-05
515,735.7142857142858,-0.15509205398520892,-0.1550667263540748,2.5327631134108852e-05
516,737.1428571428572,0.25928547056423357,0.2592549253437505,3.054522048306918e-05
517,738.5714285714287,-0.24186620330779537,-0.24183633687227554,2.9866435519831924e-05
518,740.0,-0.12423139652353493,-0.12425767762377748,2.6281100242553368e-05
519,741.4285714285714,0.20384029485152708,0.20386524739386222,2.4952542335143768e-05
520,742.8571428571429,0.2676052166657064,0.26758192901859035,2.32876471160659e-05
521,744.2857142857143,0.9440414227555392,0.9440669469531129,2.5524197573734142e-05
522,745.7142857142858,1.135555206546715,1.1355247281912064,3.0478355508511967e-05
523,747.1428571428572,0.2291594632917272,0.2291887889724851,2.9325680757891215e-05
524,748.5714285714287,-0.10642991449594315,-0.10645486842625286,2.495393030971238e-05
525,750.0,-0.06233832386668582,-0.06231437457683164,2.3949289854184597e-05
526,751.4285714285714,-0.34580751467429516,-0.3458309989656952,2.3484291400033275e-05
527,752.8571428571429,-0.06766131210767899,-0.06763597067873237,2.5341428946626388e-05
528,754.2857142857143,-0.021305291875659157,-0.021335263868423486,2.997199276432924e-05
529,755.7142857142858,-0.8913604450071702,-0.8913317000206193,2.874498655081048e-05
530,757.1428571428572,-1.0030654189842618,-1.0030894159141859,2.399692992405278e-05
531,758.5714285714287,-0.43739206277929793,-0.43736902441961484,2.303835968309187e-05
532,760.0,-0.23963519160191535,-0.23965888525761694,2.369365570159543e-05
533,761.4285714285714,0.3371449096854136,0.3371703785515065,2.546886609289256e-05
534,762.8571428571429,0.7223784496041299,0.7223489091924974,2.954041163250043e-05
535,764.2857142857143,0.10296215449915087,0.10299018144458191,2.802694543103945e-05
536,765.7142857142858,0.06684539935043371,0.06682282506159103,2.257428884268331e-05
537,767.1428571428572,0.6651530146998506,0.6651754012150427,2.2386515192152068e-05
538,768.5714285714287,0.6273901434210943,0.6273662550564767,2.3888364617641322e-05
539,770.0,0.6550253470562313,0.6550510123125239,2.566525629266181e-05
540,771.4285714285714,0.5571675010597704,0.5571387020681832,2.8798991587253298e-05
541,772.8571428571429,-0.45371827321650154,-0.4536909906173487,2.7282599152855802e-05
542,774.2857142857143,-0.8303217730816428,-0.8303436788894522,2.1905807809363687e-05
543,775.7142857142858,-0.32782267770756995,-0.32780116705488194,2.1510652688017107e-05
544,777.1428571428572,-0.3781479556914392,-0.378172237200883,2.4281509443779825e-05
545,778.5714285714287,-0.3768368904075192,-0.3768112476722206,2.564273529864769e-05
546,780.0,-0.2099440658507491,-0.20997217084084704,2.810499009794909e-05
547,781.4285714285714,-0.7376465631145417,-0.7376201984575415,2.636465700023294e-05
548,782.8571428571429,-0.6475127652269481,-0.647533596669729,2.083144278086646e-05
549,784.2857142857143,0.36075423788151373,0.3607753022727486,2.10643912348929e-05
550,785.7142857142858,0.6473896560076057,0.647365066378979,2.4589628626725535e-05
551,787.1428571428572,0.6509300552420834,0.6509560181121482,2.596287006484399e-05
552,788.5714285714287,0.7831418963860054,0.7831147351828319,2.7161203173475812e-05
553,790.0,0.18123207870698974,0.18125757860519645,2.549989820671561e-05
554,791.4285714285714,-0.035373471290102314,-0.03539366828189925,2.0196991796936348e-05
555,792.8571428571429,0.6025112006354723,0.602531728931575,2.052829610277307e-05
556,794.2857142857143,0.44387903762718345,0.4438542899102907,2.474771689275901e-05
557,795.7142857142858,-0.12250162569826231,-0.12247568001525054,2.594568301177158e-05
558,797.1428571428572,-0.3091035156882101,-0.30912975481326976,2.62391250596683e-05
559,798.5714285714287,-0.9144112285301158,-0.9143867182943118,2.4510235803965053e-05
560,800.0,-1.0634696905121495,-1.0634894537046393,1.9763192489863357e-05
561,801.4285714285714,-0.19166662828800315,-0.19164648827965766,2.0140008345492788e-05
562,802.8571428571429,0.00029570625063868495,0.0002704965956801298,2.520965495855516e-05
563,804.2857142857143,-0.2832836865465401,-0.2832577194667249,2.5967079815225613e-05
564,805.7142857142858,-0.041566934360552685,-0.041592098597480816,2.5164236928131023e-05
565,807.1428571428572,-0.10867842289116267,-0.1086550043212838,2.3418569878863593e-05
566,808.5714285714287,0.028040793187525444,0.028021579957636638,1.921322988880647e-05
567,810.0,0.9783999602686493,0.9784200631085052,2.0102839855873356e-05
568,811.4285714285714,1.0765052167240763,1.0764800455764185,2.5171147657765403e-05
569,812.8571428571429,0.4099289542421881,0.40995502884585633,2.607460366821357e-05
570,814.2857142857143,0.2644072865670974,0.26438323220527465,2.4054361822734016e-05
571,815.7142857142858,-0.0796621590575244,-0.07963968110720385,2.2477950320551332e-05
572,817.1428571428572,-0.36084547947069473,-0.3608646209231009,1.914145240616838e-05
573,818.5714285714287,0.17241220676542432,0.17243202953195766,1.9822766533339475e-05
574,820.0,0.026642039862992198,0.02661661352416531,2.542633882688869e-05
575,821.4285714285714,-0.8040966338610744,-0.8040707942308996,2.583963017488422e-05
576,822.8571428571429,-0.8287349041613252,-0.8287579009929205,2.2996831595234468e-05
577,824.2857142857143,-0.7166127301710793,-0.7165914822146716,2.1247956407677293e-05
578,825.7142857142858,-0.584014035133486,-0.5840329636167072,1.892848322115892e-05
579,827.1428571428572,0.31072974611445103,0.3107497971930469,2.0051078595872962e-05
580,828.5714285714287,0.5752620410479514,0.5752366361618094,2.540488614199976e-05
581,830.0,0.006708404989996923,0.006734135032385693,2.5730042388769428e-05
582,831.4285714285714,0.18142406866730573,0.18140218861458574,2.1880052719996934e-05
583,832.8571428571429,0.4834976448713315,0.48351803134208565,2.038647075414124e-05
584,834.2857142857143,0.46506859560873415,0.4650496742385447,1.8921370189439735e-05
585,835.7142857142858,0.9300158961138495,0.9300359447411227,2.0048627273228092e-05
586,837.1428571428572,0.7621858288961161,0.7621607272064427,2.5101689673401317e-05
587,838.5714285714287,-0.2982447501074507,-0.2982192791347559,2.5470972694841e-05
588,840.0,-0.5248525930374754,-0.5248734642108701,2.0871173394665377e-05
589,841.4285714285714,-0.36956579943706297,-0.3695464796453931,1.931979166985842e-05
590,842.8571428571429,-0.5425801099958413,-0.5425992404083205,1.913041247925129e-05
591,844.2857142857143,-0.19663535387973585,-0.19661501050944086,2.034337029499511e-05
592,845.7142857142858,-0.18192192394039478,-0.18194703749866223,2.5113558267453318e-05
593,847.1428571428572,-0.9071672624664419,-0.9071424674924327,2.4794974009201276e-05
594,848.5714285714287,-0.6882312655911614,-0.6882511194753974,1.9853884235976338e-05
595,850.0,0.06262250682555903,0.06264095469241364,1.8447866854606754e-05
596,851.4285714285714,0.2796852103807865,0.2796659512760568,1.925910472966308e-05
597,852.8571428571429,0.7461962663110627,0.7462169153168329,2.0649005770145834e-05
598,854.2857142857143,0.8695019876318015,0.8694775280184195,2.4459613382044054e-05
599,855.7142857142858,0.11325549698196259,0.11328004436305074,2.4547381088146913e-05
600,857.1428571428572,0.11849071859310505,0.11847175869838282,1.8959894722225812e-05
601,858.5714285714287,0.6283778838055871,0.6283955221257943,1.763832020718059e-05
602,860.0,0.39260467618152306,0.39258515069864675,1.9525482876314726e-05
603,861.4285714285714,0.24606446448695724,0.24608547604609976,2.1011559142525282e-05
604,862.8571428571429,-0.009081047594410613,-0.009105250724884141,2.4203130473528234e-05
605,864.2857142857143,-0.9467236823491637,-0.9467001452574023,2.353709176139418e-05
606,865.7142857142858,-1.002497961858099,-1.0025160487670164,1.8086908917469557e-05
607,867.1428571428572,-0.2949963255343962,-0.29497940902561687,1.691650877932993e-05
608,868.5714285714287,-0.2847024368922584,-0.2847223233734411,1.9886481182729288e-05
609,870.0,-0.21726878447164946,-0.21724743156318274,2.1352908466720777e-05
610,871.4285714285714,-0.021075797121565053,-0.021099349383333927,2.355226176887354e-05
611,872.8571428571429,-0.427070145668769,-0.42704716434713924,2.2981321629755858e-05
612,874.2857142857143,-0.11573165740111131,-0.11574915307278875,1.749567167744215e-05
613,875.7142857142858,0.8685410947241045,0.86855740118037,1.630645626549132e-05
614,877.1428571428572,0.8941578978128405,0.8941379184733779,1.9979339462627976e-05
615,878.5714285714287,0.6527019064047725,0.6527236907417152,2.1784336942665128e-05
616,880.0,0.5651734241750938,0.5651506163935041,2.280778158969543e-05
617,881.4285714285714,-0.12209313386474754,-0.1220711010336878,2.2032831059740077e-05
618,882.8571428571429,-0.2507320837729467,-0.25074884488974497,1.6761116798269526e-05
619,884.2857142857143,0.3409718772529187,0.34098790994320904,1.603269029032406e-05
620,885.7142857142858,0.014510130776331231,0.014489646362317561,2.0484414013670002e-05
621,887.1428571428572,-0.5607649867083568,-0.5607429967128441,2.1989995512727845e-05
622,888.5714285714287,-0.6262934853907562,-0.6263156422001926,2.215680943640219e-05
623,890.0,-0.9895712325050278,-0.9895502975413475,2.09349636802747e-05
624,891.4285714285714,-0.7895729934202125,-0.7895894684228242,1.6475002611704426e-05
625,892.8571428571429,0.21705783869443457,0.21707340391445493,1.5565220020358206e-05
626,894.2857142857143,0.31395917506854126,0.3139386244222161,2.055064632516812e-05
627,895.7142857142858,0.0060893788655940395,0.00611177525080487,2.2396385210830295e-05
628,897.1428571428572,0.26607092269183563,0.2660496783297721,2.124436206352165e-05
629,898.5714285714287,0.20359415012469625,0.20361421787610381,2.0067751407559786e-05
630,900.0000000000001,0.3570047629403318,0.356988813262384,1.594967794776858e-05
631,901.4285714285714,1.1077224089253197,1.1077380546696456,1.564574432588728e-05
632,902.8571428571429,0.8284756273486376,0.8284547665208188,2.08608278187139e-05
633,904.2857142857143,-0.027433165823871508,-0.027410671568423466,2.2494255448042566e-05
634,905.7142857142858,-0.17874589249858513,-0.178766290750539,2.0398251953851476e-05
635,907.1428571428572,-0.4587172466695803,-0.4586984439358422,1.8802733738110256e-05
636,908.5714285714287,-0.5865294823589619,-0.5865452984159798,1.581605701794775e-05
637,910.0000000000001,-0.012146440587114836,-0.01213091171222206,1.552887489277531e-05
638,911.4285714285714,-0.22979637516023318,-0.22981733476494146,2.095960470827052e-05
639,912.8571428571429,-0.92211584696554,-0.9220932273605854,2.2619604954643435e-05
640,914.2857142857143,-0.6585663267469263,-0.6585860074464115,1.9680699485213893e-05
641,915.7142857142858,-0.32573084969561744,-0.32571303981479793,1.7809880819508184e-05
642,917.1428571428572,-0.04061539226977399,-0.04063106576800316,1.5673498229173966e-05
643,918.5714285714287,0.7932291110109362,0.793244803350482,1.5692339545791967e-05
644,920.0000000000001,0.7967490598487093,0.796728113755101,2.0946093608253946e-05
645,921.4285714285714,0.11431225217378543,0.11433482818662753,2.2576012842098758e-05
646,922.8571428571429,0.29915471392866294,0.2991361260182581,1.858791040482144e-05
647,924.2857142857143,0.5140124324379792,0.5140292459664775,1.6813528498249575e-05
648,925.7142857142858,0.3665288704345488,0.3665132661182691,1.5604316279671515e-05
649,927.1428571428572,0.621653959878386,0.6216701084615076,1.614858312160017e-05
650,928.5714285714287,0.1960170888400705,0.19599613496924426,2.0953870826234677e-05
651,930.0000000000001,-0.8428212327310648,-0.8427989278491284,2.2304881936441312e-05
652,931.4285714285714,-0.8156383088853668,-0.8156562578335961,1.794894822926274e-05
653,932.8571428571429,-0.4742018359302879,-0.4741861908253204,1.5645104967543233e-05
654,934.2857142857143,-0.5093000137533541,-0.5093157760780577,1.5762324703572084e-05
655,935.7142857142858,-0.0923886667466761,-0.09237235558761303,1.6311159063073233e-05
656,937.1428571428572,-0.09289553473773031,-0.0929163378773196,2.080313958928437e-05
657,938.5714285714287,-0.6624742881472789,-0.6624522217852284,2.2066362050487953e-05
658,940.0000000000001,-0.1864295833640748,-0.18644657897991881,1.699561584400655e-05
659,941.4285714285714,0.5945052320814216,0.5945200862076621,1.485412624047111e-05
660,942.8571428571429,0.667598338436908,0.6675825452623826,1.5793174525380316e-05
661,944.2857142857143,0.9052811301114301,0.9052981995359536,1.7069424523508125e-05
662,945.7142857142858,0.7346147078149871,0.734594136426621,2.0571388366086296e-05
663,947.1428571428572,-0.1206259528003121,-0.12060449119532218,2.146160498991967e-05
664,948.5714285714287,-0.046287885263726875,-0.046304131615265136,1.6246351538261317e-05
665,950.0000000000001,0.38680775202482587,0.3868217113996519,1.3959374826011395e-05
666,951.4285714285714,0.006832364773915211,0.006816390414093338,1.5974359821873015e-05
667,952.8571428571429,-0.2028313732482014,-0.20281398564608139,1.73876021200281e-05
668,954.2857142857143,-0.4584743808391052,-0.4584946979484077,2.031710930250341e-05
669,955.7142857142858,-1.1714735565091499,-1.1714525928372084,2.0963671941487405e-05
670,957.1428571428572,-0.8519837114179959,-0.8519994226902636,1.571127226773772e-05
671,958.5714285714287,0.015309170422303212,0.015322354293366387,1.318387106317466e-05
672,960.0000000000001,0.017688199705893373,0.017671975236174604,1.6224469718769535e-05
673,961.4285714285714,0.08948234036235916,0.08950033089834379,1.7990535984627187e-05
674,962.8571428571429,0.2596571287971405,0.2596372601477253,1.986864941516675e-05
675,964.2857142857143,-0.09285353044882821,-0.09283348651296403,2.0043935864189066e-05
676,965.7142857142858,0.31210324048018184,0.3120883452878197,1.4895192362140985e-05
677,967.1428571428572,1.1193972358029707,1.1194101436188337,1.2907815863050232e-05
678,968.5714285714287,0.8048827256398586,0.8048663605792732,1.6365060585443736e-05
679,970.0000000000001,0.33887870060802683,0.33889728687996545,1.8586271938625387e-05
680,971.4285714285714,0.1219893743910154,0.12196998719823131,1.9387192784089957e-05
681,972.8571428571429,-0.53350064627072,-0.5334813563499086,1.9289920811460526e-05
682,974.2857142857143,-0.49411370990164943,-0.49412825976135194,1.4549859702506218e-05
683,975.7142857142858,0.10155311181622044,0.10156530311499322,1.2191298772779025e-05
684,977.1428571428572,-0.3038317487339087,-0.30384842853483196,1.6679800923236066e-05
685,978.5714285714287,-0.7688573885015304,-0.7688383966473251,1.899185420528582e-05
686,980.0000000000001,-0.6242023141859141,-0.624221250486627,1.893630071292396e-05
687,981.4285714285714,-0.727730572790325,-0.727712416472877,1.8156317448059234e-05
688,982.8571428571429,-0.2656913822619637,-0.26570536082606955,1.3978564105843194e-05
689,984.2857142857143,0.72343618890657,0.7234484986508705,1.2309744300442738e-05
690,985.7142857142858,0.6073524149217058,0.6073355479222382,1.6866999467568533e-05
691,987.1428571428572,0.20860108751158968,0.20862056814908073,1.9480637491048336e-05
692,988.5714285714287,0.4284436654144447,0.4284254113521291,1.8254062315592456e-05
693,990.0000000000001,0.30631311678308154,0.306330348558533,1.723177545148724e-05
694,991.4285714285714,0.4019228169684616,0.4019092050044608,1.3611964000792565e-05
695,992.8571428571429,0.9095113775494746,0.9095233996292554,1.2022079780793504e-05
696,994.2857142857143,0.3175988530199544,0.3175818982503653,1.6954769589072605e-05
697,995.7142857142858,-0.5751899862583918,-0.5751701297866741,1.9856471717649704e-05
698,997.1428571428572,-0.5805948181035304,-0.5806125964329534,1.7778329422957206e-05
699,998.5714285714287,-0.6880841500977696,-0.6880680910651293,1.605903264023656e-05
700,1000.0000000000001,-0.6131422618724922,-0.6131556889276389,1.3427055146730815e-05
701,1001.4285714285714,0.015969828468275667,0.015982053265270146,1.2224796994479009e-05
702,1002.8571428571429,-0.23604906530635533,-0.236066326804358,1.7261498002657527e-05
703,1004.2857142857143,-0.7521582493465732,-0.7521384407775694,1.980856900374306e-05
704,1005.7142857142858,-0.2394817331843333,-0.2394987625389635,1.7029354630188065e-05
705,1007.1428571428572,0.1930406109296938,0.19305561641986924,1.5005490175440395e-05
706,1008.5714285714287,0.46509225759650075,0.4650791043182228,1.3153278277944214e-05
707,1010.0000000000001,1.0856084469596998,1.0856210193406706,1.2572380970743424e-05
708,1011.4285714285714,0.7641006631589107,0.764083500872127,1.716228678372289e-05
709,1012.8571428571429,-0.0218446083135094,-0.021824438512052242,2.016980145715802e-05
710,1014.2857142857143,0.18150796981006606,0.1814915675759287,1.640223413737485e-05
711,1015.7142857142858,0.31062112331868774,0.3106350224165607,1.3899097872971389e-05
712,1017.1428571428572,0.06155342466211666,0.06154036502164211,1.305964047455116e-05
713,1018.5714285714287,0.18479784585636197,0.18481071024942916,1.2864393067191227e-05
714,1020.0000000000001,-0.3454375819854174,-0.345454983266401,1.7401280983597722e-05
715,1021.4285714285714,-1.1885901870069486,-1.188570428012624,1.9758994324714507e-05
716,1022.8571428571429,-0.8154700124338329,-0.8154857650277129,1.5752593879980736e-05
717,1024.2857142857144,-0.2876546971556516,-0.2876418245018901,1.2872653761542008e-05
718,1025.7142857142858,-0.22992021730642212,-0.22993327166545008,1.3054359027958595e-05
719,1027.142857142857,0.19951631099949932,0.1995298175335127,1.350653401338553e-05
720,1028.5714285714287,0.14370178828780122,0.14368448677588033,1.730151192089191e-05
721,1030.0,-0.3189542034813979,-0.31893452388232474,1.9679599073174625e-05
722,1031.4285714285716,0.29321488269236995,0.2931997884986172,1.5094193752729357e-05
723,1032.857142857143,0.9438346018256741,0.9438465318982469,1.1930072572718942e-05
724,1034.2857142857144,0.756744370934231,0.7567314820232683,1.2888910962627342e-05
725,1035.7142857142858,0.7309652301180058,0.7309792745691713,1.4044451165484695e-05
726,1037.142857142857,0.32525755561385994,0.32524033414308956,1.7221470770378833e-05
727,1038.5714285714287,-0.5211642310538958,-0.5211449892546861,1.9241799209646082e-05
728,1040.0,-0.30307499704370966,-0.303089471650032,1.4474606322367745e-05
729,1041.4285714285716,0.10415154525671054,0.1041627206140154,1.1175357304854527e-05
730,1042.857142857143,-0.33493048886898785,-0.33494362496183955,1.313609285169548e-05
731,1044.2857142857144,-0.4909323540913475,-0.4909177058997003,1.46481916472041e-05
732,1045.7142857142858,-0.6269702971418833,-0.6269874584726381,1.7161330754800197e-05
733,1047.142857142857,-1.0460199480314643,-1.0460015317593305,1.8416272133725542e-05
734,1048.5714285714287,-0.39892955138766734,-0.39894348698426185,1.3935596594516486e-05
735,1050.0,0.49976809894231927,0.499778553084128,1.0454141808724504e-05
736,1051.4285714285716,0.3769423978371182,0.3769292952978084,1.3102539309806094e-05
737,1052.857142857143,0.3683868671307872,0.3684022866803959,1.5419549608652883e-05
738,1054.2857142857144,0.4491218220558169,0.44910494185392935,1.688020188755912e-05
739,1055.7142857142858,0.08598107249613068,0.08599904245990037,1.796996376968174e-05
740,1057.142857142857,0.4871758623527665,0.48716261019358825,1.3252159178245293e-05
741,1058.5714285714287,1.0368068259199492,1.0368168085578613,9.982637912075987e-06
742,1060.0,0.4039701148573595,0.403956830112548,1.3284744811492555e-05
743,1061.4285714285716,-0.1723694338967584,-0.17235344072958717,1.5993167171240996e-05
744,1062.857142857143,-0.36922574623703336,-0.3692424503222303,1.670408519693911e-05
745,1064.2857142857144,-0.8598437762722391,-0.8598270088645917,1.676740764733342e-05
746,1065.7142857142858,-0.5859534586855938,-0.5859663084801413,1.2849794547520332e-05
747,1067.142857142857,0.04104801508886665,0.04105767680763347,9.661718766817984e-06
748,1068.5714285714287,-0.3883872825578952,-0.3884007489043995,1.3466346504342752e-05
749,1070.0,-0.6854734149270019,-0.685456814757439,1.6600169562841494e-05
750,1071.4285714285716,-0.33013741358485277,-0.33015386796947394,1.645438462116733e-05
751,1072.857142857143,-0.2514883930766429,-0.25147237588739796,1.601718924493234e-05
752,1074.2857142857144,0.31563753554443386,0.31562524811966736,1.2287424766499466e-05
753,1075.7142857142858,1.1161767937560154,1.116186185171045,9.391415029647021e-06
754,1077.142857142857,0.6952892727108898,0.6952757620586055,1.3510652284276503e-05
755,1078.5714285714287,0.18321453645060182,0.18323172599008322,1.718953948140478e-05
756,1080.0,0.3534490489131688,0.3534330469034693,1.6002009699533914e-05
757,1081.4285714285716,0.16413940776477587,0.16415434233601509,1.493457123921682e-05
758,1082.857142857143,0.19929956410621624,0.19928766389246952,1.1900213746723898e-05
759,1084.2857142857144,0.5059192061726852,0.5059288584258682,9.652253183056736e-06
760,1085.7142857142858,-0.26075485532002207,-0.26076863548952245,1.3780169500376971e-05
761,1087.142857142857,-1.0114125933780127,-1.011395225411139,1.7367966873793605e-05
762,1088.5714285714287,-0.7458795662258693,-0.7458953048922525,1.5738666383269262e-05
763,1090.0,-0.6330894316964722,-0.6330756851187894,1.3746577682827166e-05
764,1091.4285714285716,-0.37564462224314915,-0.3756562217881465,1.1599544997353828e-05
765,1092.857142857143,0.25981074053397546,0.25982031383128895,9.573297313492102e-06
766,1094.2857142857144,-0.04833948295538329,-0.04835340807901668,1.3925123633393155e-05
767,1095.7142857142858,-0.41862299962924754,-0.4186051191661139,1.788046313361269e-05
768,1097.142857142857,0.23975157468558383,0.23973637493984687,1.5199745736965697e-05
769,1098.5714285714287,0.6190639200489948,0.6190766958381287,1.2775789133945281e-05
770,1100.0,0.7312133680247519,0.7312022063532891,1.116167146275604e-05
771,1101.4285714285716,1.0527731925231292,1.0527833951758998,1.0202652770630039e-05
772,1102.857142857143,0.42980764766936713,0.429793590903927,1.4056765440140229e-05
773,1104.2857142857144,-0.37378622168922493,-0.3737684941630883,1.7727526136601668e-05
774,1105.7142857142858,-0.08656059036735234,-0.08657536767952734,1.4777312175001667e-05
775,1107.142857142857,0.00828506516691041,0.00829670965695532,1.1644490044909056e-05
776,1108.5714285714287,-0.26982108315632364,-0.2698320936678784,1.1010511554776503e-05
777,1110.0,-0.172172955455746,-0.17216248598051626,1.0469475229757386e-05
778,1111.4285714285716,-0.6639909330130368,-0.6640052339554818,1.4300942445033549e-05
779,1112.857142857143,-1.19995774701676,-1.1999398754244457,1.7871592314255835e-05
780,1114.2857142857144,-0.4842181787499229,-0.48423254894525264,1.4370195329738156e-05
781,1115.7142857142858,0.1392167719617025,0.13922735420996116,1.0582248258644844e-05
782,1117.142857142857,0.17939987283002298,0.17938913253327,1.0740296752992373e-05
783,1118.5714285714287,0.5245225074492829,0.5245336428973058,1.1135448022892014e-05
784,1120.0,0.3510005685167146,0.350986245654294,1.4322862420590443e-05
785,1121.4285714285716,-0.06757310655061242,-0.06755560391253657,1.7502638075858612e-05
786,1122.857142857143,0.5688279400001507,0.5688142103919035,1.3729608247192715e-05
787,1124.2857142857144,0.9817110433713748,0.9817209989382758,9.955566900976542e-06
788,1125.7142857142858,0.509201622099714,0.5091910125268323,1.0609572881681295e-05
789,1127.142857142857,0.2861612428289776,0.28617308624025617,1.1843411278578131e-05
790,1128.5714285714287,-0.21697118596194104,-0.21698562825609616,1.4442294155120328e-05
791,1130.0,-0.9097495114803474,-0.909732384913909,1.7126566438485646e-05
792,1131.4285714285716,-0.4685945287109249,-0.46860785864446897,1.332993354408174e-05
793,1132.857142857143,-0.043548153513699575,-0.04353931555024106,8.83796345851201e-06
794,1134.2857142857144,-0.4761095846337282,-0.47612018954528684,1.0604911558631525e-05
795,1135.7142857142858,-0.5072429349832552,-0.5072304628856857,1.2472097569493634e-05
796,1137.142857142857,-0.48160270727392035,-0.48161729767504186,1.4590401121505892e-05
797,1138.5714285714287,-0.6372985098609723,-0.6372819606473191,1.654921365312756e-05
798,1140.0,0.201067549326902,0.20105486597826128,1.2683348640712966e-05
799,1141.4285714285716,0.9587918983438232,0.9588004254512362,8.527107413058843e-06
800,1142.857142857143,0.5956072803911255,0.5955967876874578,1.049270366770827e-05
801,1144.2857142857144,0.45030988444653214,0.4503231753391531,1.3290892620976269e-05
802,1145.7142857142858,0.4173663089076011,0.4173518178565956,1.4491051005538491e-05
803,1147.142857142857,0.026197484677066066,0.02621330382357366,1.58191465075945e-05
804,1148.5714285714287,0.39086220483554324,0.3908500353221646,1.2169513378623709e-05
805,1150.0,0.6904443180439787,0.6904521877834584,7.869739479748894e-06
806,1151.4285714285716,-0.15061495307238368,-0.15062550523292656,1.055216054288155e-05
807,1152.857142857143,-0.6701660211745609,-0.6701520549519892,1.3966222571770714e-05
808,1154.2857142857144,-0.6957810949515166,-0.695795761609508,1.4666657991324605e-05
809,1155.7142857142858,-0.9302963201543757,-0.9302813154882809,1.5004666094831087e-05
810,1157.142857142857,-0.4165021099267622,-0.416513784111666,1.1674184903831542e-05
811,1158.5714285714287,0.21114810248620397,0.21115569162392023,7.589137716257355e-06
812,1160.0,-0.24606067991289976,-0.24607134668849687,1.0666775597106826e-05
813,1161.4285714285716,-0.38886291774456844,-0.3888484278484523,1.4489896116132162e-05
814,1162.857142857143,0.10183804772177049,0.10182358409720077,1.4463624569721611e-05
815,1164.2857142857144,0.22900807969475684,0.22902213794069512,1.4058245938280978e-05
816,1165.7142857142858,0.733534250800561,0.7335231434966305,1.1107303930502077e-05
817,1167.142857142857,1.2187854184315547,1.2187931177336957,7.699302140951048e-06
818,1168.5714285714287,0.47799513930566,0.4779844575741111,1.0681731548889406e-05
819,1170.0,-0.09412634150752149,-0.09411113746129138,1.5204046230107848e-05
820,1171.4285714285716,0.08062808636320315,0.08061370299957094,1.4383363632214374e-05
821,1172.857142857143,-0.12651213105408365,-0.12649907369003127,1.3057364052382336e-05
822,1174.2857142857144,-0.0989145306071821,-0.09892513692750778,1.0606320325678986e-05
823,1175.7142857142858,0.097472770926431,0.09748026537025326,7.494443822253505e-06
824,1177.142857142857,-0.6898275474434389,-0.6898385961640772,1.104872063828477e-05
825,1178.5714285714287,-1.1573511065099753,-1.157335626041111,1.5480468864348396e-05
826,1180.0,-0.5766583530530648,-0.5766726232093772,1.427015631239037e-05
827,1181.4285714285716,-0.2879911070236482,-0.2879791234028172,1.1983620830990915e-05
828,1182.857142857143,0.05457785045237883,0.0545676853302145,1.0165122164333684e-05
829,1184.2857142857144,0.5968162358504296,0.5968242589809728,8.02313054315551e-06
830,1185.7142857142858,0.175216232927038,0.17520513849999345,1.1094427044555655e-05
831,1187.142857142857,-0.11044700775385725,-0.1104311686791886,1.5839074668649866e-05
832,1188.5714285714287,0.5784375594698198,0.5784235883702818,1.3971099537934961e-05
833,1190.0,0.7810465761682837,0.7810575894311458,1.1013262862125117e-05
834,1191.4285714285716,0.6603373941172048,0.6603277995040933,9.594613111563177e-06
835,1192.857142857143,0.6975647620582324,0.6975729776361473,8.215577914971739e-06
836,1194.2857142857144,-0.11135375581787221,-0.11136520519487923,1.1449377007019534e-05
837,1195.7142857142858,-0.7910099756870455,-0.7909939147280266,1.606095901884874e-05
838,1197.142857142857,-0.33102832417954087,-0.3310420924194041,1.3768239863209963e-05
839,1198.5714285714287,-0.21049775630656647,-0.21048780087977556,9.955426790914101e-06
840,1200.0,-0.4490699278700598,-0.4490792809556005,9.353085540730888e-06
841,1201.4285714285716,-0.2970552394355964,-0.2970464704544059,8.768981190510061e-06
842,1202.857142857143,-0.669416989325383,-0.6694286676078445,1.167828246151359e-05
843,1204.2857142857144,-0.8833347505800719,-0.8833190091275922,1.574145247973391e-05
844,1205.7142857142858,0.0718716677296684,0.07185823139884812,1.3436330820279507e-05
845,1207.142857142857,0.6337836378920714,0.6337927775067949,9.139614723485678e-06
846,1208.5714285714287,0.5233675607343568,0.5233586528952194,8.90783913731763e-06
847,1210.0,0.6977881172987395,0.697797582100407,9.464801667524725e-06
848,1211.4285714285716,0.3704917438718102,0.37047982734252366,1.191652928655973e-05
849,1212.857142857143,-0.03329847044437266,-0.03328257548409073,1.589496028193277e-05
850,1214.2857142857144,0.5688484464778302,0.568835547444205,1.2899033625224376e-05
851,1215.7142857142858,0.7204275330695261,0.7204357285838492,8.19551432307275e-06
852,1217.142857142857,0.033246666254807,0.03323798308698273,8.683167824270754e-06
853,1218.5714285714287,-0.24535382288718519,-0.24534374633509648,1.0076552088705837e-05
854,1220.0,-0.6781085457237157,-0.6781208392910606,1.2293567344889844e-05
855,1221.4285714285716,-1.0921376742925584,-1.0921224919942738,1.5182298284566187e-05
856,1222.857142857143,-0.3958098710502546,-0.3958224967437527,1.2625693498080626e-05
857,1224.2857142857144,0.04042667713179328,0.04043429725275977,7.620120966493615e-06
858,1225.7142857142858,-0.37438288038330947,-0.37439136497869396,8.484595384494753e-06
859,1227.142857142857,-0.27832562050630405,-0.27831479858217406,1.0821924129988947e-05
860,1228.5714285714287,-0.13031543579337085,-0.13032795544727116,1.25196539003114e-05
861,1230.0,-0.12915392033924344,-0.12913900112275525,1.4919216488190612e-05
862,1231.4285714285716,0.7253704484027247,0.7253585088279977,1.1939574727004576e-05
863,1232.857142857143,1.1878549610661455,1.18786187784147,6.9167753244947505e-06
864,1234.2857142857144,0.5283868455391191,0.5283785716475279,8.27389159119285e-06
865,1235.7142857142858,0.2606520966252059,0.2606637282371253,1.1631611919415974e-05
866,1237.142857142857,0.15563870545557032,0.1556259315299565,1.2773925613829284e-05
867,1238.5714285714287,-0.22136590425490324,-0.22135169943000546,1.4204824897778856e-05
868,1240.0,0.13630002824766366,0.13628851845456746,1.1509793096192711e-05
869,1241.4285714285716,0.25810262643358406,0.2581093231810355,6.696747451462315e-06
870,1242.857142857143,-0.6405239854741664,-0.6405322810834211,8.295609254638237e-06
871,1244.2857142857144,-0.9462507593385225,-0.9462386694738896,1.2089864632969238e-05
872,1245.7142857142858,-0.7089930469729481,-0.709006084248393,1.3037275444882646e-05
873,1247.142857142857,-0.6827183403980026,-0.6827049984922039,1.334190579871386e-05
874,1248.5714285714287,-0.0065313091432650265,-0.006542266391372973,1.0957248107946321e-05
875,1250.0,0.5304735167401592,0.5304798289511945,6.312211035308657e-06
876,1251.4285714285716,-0.0052162955077454595,-0.005224630004793362,8.334497047902435e-06
877,1252.857142857143,-0.05206411238066449,-0.052051101269029516,1.3011111634972372e-05
878,1254.2857142857144,0.467614005853375,0.4676008961080792,1.3109745295780684e-05
879,1255.7142857142858,0.513133278129545,0.5131459151357983,1.263700625331321e-05
880,1257.142857142857,0.8387369743931612,0.8387267771622516,1.0197230909558819e-05
881,1258.5714285714287,0.9737679725322596,0.9737743689938124,6.396461552871102e-06
882,1260.0,-0.004472008269069814,-0.004480423877859961,8.415608790147099e-06
883,1261.4285714285716,-0.512467851711489,-0.5124545309825702,1.3320728918797542e-05
884,1262.857142857143,-0.23769988156004218,-0.23771319039657168,1.3308836529501988e-05
885,1264.2857142857144,-0.3900520125729725,-0.39004041654356303,1.159602940947746e-05
886,1265.7142857142858,-0.30539160879156296,-0.30540138979229653,9.781000733566358e-06
887,1267.142857142857,-0.13391209688365915,-0.13390569666249863,6.400221160524078e-06
888,1268.5714285714287,-0.829648273971229,-0.8296569665253115,8.692554082534443e-06
889,1270.0,-0.9585422012208983,-0.9585283013532362,1.3899867662092724e-05
890,1271.4285714285716,-0.12121245976614134,-0.12122579850281985,1.3338736678511487e-05
891,1272.857142857143,0.21470929943091727,0.21471999284341037,1.0693412493101295e-05
892,1274.2857142857144,0.4990045365659935,0.4989955422677918,8.99429820166997e-06
893,1275.7142857142858,0.8400710143385354,0.8400776853257632,6.6709872278414295e-06
894,1277.142857142857,0.2587017800415122,0.2586928806340003,8.899407511864244e-06
895,1278.5714285714287,0.01495176072421987,0.014965949883871513,1.4189159651643857e-05
896,1280.0,0.6581871746736664,0.6581739319398426,1.324273382374841e-05
897,1281.4285714285716,0.6332242420699764,0.633234155668265,9.913598288613379e-06
898,1282.857142857143,0.3028027154497814,0.30279418783351675,8.527616264630833e-06
899,1284.2857142857144,0.1627053583337733,0.16271249527958975,7.136945816443863e-06
900,1285.7142857142858,-0.6607220983931835,-0.6607313310745907,9.232681407178589e-06
901,1287.1428571428573,-1.0703529266325014,-1.0703387183264441,1.4208306057250653e-05
902,1288.5714285714287,-0.3777439476898328,-0.3777571664430026,1.3218753169785824e-05
903,1290.0,-0.2110094272775459,-0.21100062459011792,8.802687427977851e-06
904,1291.4285714285716,-0.38813617973001263,-0.3881442128362963,8.033106283666935e-06
905,1292.857142857143,-0.1629867701895964,-0.16297923305667258,7.5371329238127505e-06
906,1294.2857142857144,-0.4159208639192571,-0.41593062945098197,9.76553172488126e-06
907,1295.7142857142858,-0.38243825374891016,-0.38242386660015293,1.4387148757233348e-05
908,1297.1428571428573,0.6458721734723305,0.645859338283277,1.2835189053483909e-05
909,1298.5714285714287,0.9789175010844477,0.9789256809567098,8.179872262092935e-06
910,1300.0,0.6215388550813977,0.6215314064600601,7.448621337613481e-06
911,1301.4285714285716,0.5994913825810032,0.5994996603490689,8.277768065667601e-06
912,1302.857142857143,0.1454965766898976,0.14548654434262806,1.003234726953961e-05
913,1304.2857142857144,-0.21451765090747085,-0.21450357799088862,1.4072916582230643e-05
914,1305.7142857142858,0.3599543359217659,0.35994167447877035,1.266144299555405e-05
915,1307.1428571428573,0.3018361921114363,0.30184355034196386,7.358230527554355e-06
916,1308.5714285714287,-0.4681153329820785,-0.468122476972308,7.143990229496744e-06
917,1310.0,-0.6416127430600028,-0.6416039264216927,8.81663831009405e-06
918,1311.4285714285716,-0.8699550859274535,-0.8699658166892449,1.0730761791366561e-05
919,1312.857142857143,-0.9542338893774837,-0.9542199823715621,1.3907005921520721e-05
920,1314.2857142857144,-0.05257978180436632,-0.052591939519152926,1.2157714786603657e-05
921,1315.7142857142858,0.3219654432812351,0.3219721224251456,6.6791439105040595e-06
922,1317.1428571428573,-0.11949260955610683,-0.11949941499014152,6.80543403469569e-06
923,1318.5714285714287,0.051401198814785914,0.05141073761080082,9.538796014903206e-06
924,1320.0,0.23468270940466612,0.23467168269014388,1.1026714522244241e-05
925,1321.4285714285716,0.2636831255948816,0.2636965611046599,1.343550977828123e-05
926,1322.857142857143,0.9846714903892045,0.9846597525388614,1.1737850343140899e-05
927,1324.2857142857144,1.073359903112826,1.0733663889655118,6.485852685811366e-06
928,1325.7142857142858,0.1568343387627789,0.15682782458151923,6.514181259686946e-06
929,1327.1428571428573,-0.1376350207904212,-0.13762478585867702,1.0234931744179665e-05
930,1328.5714285714287,-0.21658953567371303,-0.21660108822009044,1.1552546377413542e-05
931,1330.0,-0.50089620181985,-0.5008833168218311,1.2884998018880545e-05
932,1331.4285714285716,-0.09385206497447371,-0.09386318587434857,1.1120899874858536e-05
933,1332.857142857143,-0.0623156194997293,-0.06230980822134969,5.811278379612428e-06
934,1334.2857142857144,-0.8873279694419718,-0.8873346288905868,6.659448614998453e-06
935,1335.7142857142858,-0.8894576697280648,-0.8894467900438675,1.0879684197329098e-05
936,1337.1428571428573,-0.39516917312760413,-0.3951812027230012,1.2029595397089476e-05
937,1338.5714285714287,-0.19933105495109105,-0.19931882986312605,1.2225087965000991e-05
938,1340.0,0.4959272398244782,0.4959167153337115,1.0524490766716799e-05
939,1341.4285714285716,0.823812620688048,0.8238185712521263,5.950564078371912e-06
940,1342.857142857143,0.15314496301067218,0.15313854867151022,6.41433916195866e-06
941,1344.2857142857144,0.1467857059052155,0.14679719014090478,1.1484235689279698e-05
942,1345.7142857142858,0.6113666308599531,0.6113542969781691,1.2333881784010181e-05
943,1347.1428571428573,0.500715839259088,0.500727417643906,1.1578384818022869e-05
944,1348.5714285714287,0.6200941932643063,0.6200843972184755,9.796045830734457e-06
945,1350.0,0.4718905239562454,0.4718962274010714,5.7034448259773995e-06
946,1351.4285714285716,-0.5843783541713956,-0.5843851425384133,6.788367017729335e-06
947,1352.857142857143,-0.8748684634343753,-0.8748563671552997,1.2096279075612948e-05
948,1354.2857142857144,-0.4126176095859445,-0.4126303419544571,1.2732368512569092e-05
949,1355.7142857142858,-0.4636381454646578,-0.46362742332452184,1.0722140135976943e-05
950,1357.1428571428573,-0.29288578169427837,-0.2928949596507184,9.177956440009627e-06
951,1358.5714285714287,-0.11022114846031937,-0.11021528845610355,5.8600042158185595e-06
952,1360.0,-0.6773352070639659,-0.6773421281260456,6.921062079667806e-06
953,1361.4285714285716,-0.5077210267822261,-0.5077086986133579,1.2328168868203093e-05
954,1362.857142857143,0.4454561926405074,0.44544324475389185,1.2947886615544135e-05
955,1364.2857142857144,0.6616424466684824,0.6616525596402938,1.0112971811415683e-05
956,1365.7142857142858,0.7553854845062032,0.7553770543293541,8.43017684915015e-06
957,1367.1428571428573,0.833208792438319,0.8332150104260329,6.2179877138301975e-06
958,1368.5714285714287,0.1011551311745247,0.10114785975580952,7.271418715176781e-06
959,1370.0,-0.08997790625318147,-0.08996501530602802,1.2890947153454402e-05
960,1371.4285714285716,0.4950405241114525,0.4950275947710949,1.2929340357570318e-05
961,1372.857142857143,0.2709771887334777,0.2709863691169903,9.180383512608081e-06
962,1374.2857142857144,-0.16920951077475113,-0.16921730426943804,7.793494686908486e-06
963,1375.7142857142858,-0.3329845939685768,-0.33297813718498365,6.456783593178361e-06
964,1377.1428571428573,-1.0051003907913432,-1.0051083003813945,7.909590051369264e-06
965,1378.5714285714287,-1.0540514593895685,-1.054038600817612,1.2858571956542164e-05
966,1380.0,-0.14323608135043348,-0.14324920639727126,1.312504683778637e-05
967,1381.4285714285716,0.022451218991422783,0.022459777284495084,8.558293072301326e-06
968,1382.857142857143,-0.13189752659916312,-0.13190467931226404,7.152713100921915e-06
969,1384.2857142857144,0.12478810185077424,0.12479511878095083,7.016930176587111e-06
970,1385.7142857142858,-0.069744322757207,-0.06975260691749073,8.284160283728026e-06
971,1387.1428571428573,0.09022513610815265,0.09023824068408634,1.3104575933689522e-05
972,1388.5714285714287,1.0233716394556183,1.0233588054122738,1.283404334451177e-05
973,1390.0,1.0133208540940535,1.0133286817861276,7.827692074080517e-06
974,1391.4285714285716,0.3977466952503036,0.3977401503556631,6.544894640470034e-06
975,1392.857142857143,0.23968710615683564,0.2396946711717619,7.565014926269598e-06
976,1394.2857142857144,-0.24641685087869356,-0.24642591963759394,9.068758900387941e-06
977,1395.7142857142858,-0.48652924727803054,-0.4865162291144909,1.3018163539657568e-05
978,1397.1428571428573,0.10722049670438284,0.10720780573533713,1.2690969045714429e-05
979,1398.5714285714287,-0.07512544462446037,-0.07511818212425972,7.262500200652666e-06
980,1400.0,-0.7920263596963466,-0.7920325015861283,6.14188978165231e-06
981,1401.4285714285716,-0.7431808074361733,-0.7431727959968388,8.011439334487669e-06
982,1402.857142857143,-0.7178216177606346,-0.7178312686566539,9.650896019341992e-06
983,1404.2857142857144,-0.5215207419000228,-0.5215080054674444,1.2736432578486223e-05
984,1405.7142857142858,0.45525619396279976,0.455243798967814,1.2394994985787111e-05
985,1407.1428571428573,0.6504191116762803,0.6504259168961543,6.805219873950996e-06
986,1408.5714285714287,0.11523759356329541,0.11523184897523642,5.7445880589923615e-06
987,1410.0,0.2963416769825303,0.2963505286247995,8.8516422692142e-06
988,1411.4285714285716,0.43199358152195727,0.4319832786163191,1.0302905638193138e-05
989,1412.857142857143,0.3944185545827752,0.39443117691019797,1.262232742277325e-05
990,1414.2857142857144,0.9076813159274774,0.9076696397593598,1.1676168117591423e-05
991,1415.7142857142858,0.647040435397752,0.6470468341204177,6.398722665723611e-06
992,1417.1428571428573,-0.39557408260846527,-0.3955796519635124,5.5693550471414e-06
993,1418.5714285714287,-0.5685151398784037,-0.5685058092253478,9.330653055972249e-06
994,1420.0,-0.5093783183083893,-0.509389388890755,1.1070582365713122e-05
995,1421.4285714285716,-0.6333332655667385,-0.6333211996159814,1.2065950757089716e-05
996,1422.857142857143,-0.1422943486391122,-0.14230575497322162,1.1406334109426153e-05
997,1424.2857142857144,-0.1478111834070207,-0.1478050265925123,6.156814508412323e-06
998,1425.7142857142858,-0.8320638679912269,-0.8320693008034898,5.432812262951003e-06
999,1427.1428571428573,-0.5344900437483454,-0.5344800371292838,1.0006619061586619e-05
1000,1428.5714285714287,0.11620404677318545,0.11619238565284594,1.1661120339512276e-05
1001,1430.0,0.32640669244007275,0.32641842972883445,1.1737288761692888e-05
1002,1431.4285714285716,0.882144198697058,0.8821337449865875,1.0453710470481603e-05
1003,1432.857142857143,0.909577552638255,0.9095835470594339,5.994421178878717e-06
1004,1434.2857142857144,0.090574045207898,0.09056849350710042,5.551700797579162e-06
1005,1435.7142857142858,0.11472975336596852,0.11474040804265248,1.0654676683957698e-05
1006,1437.1428571428573,0.4979249234674474,0.49791270491257245,1.2218554874932064e-05
1007,1438.5714285714287,0.23367129554371102,0.23368253053042773,1.1234986716707196e-05
1008,1440.0,0.20614132020524709,0.20613137230108639,9.947904160700904e-06
1009,1441.4285714285716,-0.08789011828342796,-0.0878840810237567,6.037259671271e-06
1010,1442.857142857143,-1.0401330348648656,-1.0401386906985512,5.6558336856138425e-06
1011,1444.2857142857144,-0.9914028623404436,-0.991391910302534,1.0952037909572887e-05
1012,1445.7142857142858,-0.31485386618057254,-0.3148666956742178,1.2829493645283296e-05
1013,1447.1428571428573,-0.28288168746179626,-0.28287109260260596,1.0594859190304895e-05
1014,1448.5714285714287,-0.05817940765420536,-0.05818858939284397,9.181738638612547e-06
1015,1450.0,0.1099943136078997,0.11000039743334888,6.083825449185176e-06
1016,1451.4285714285716,-0.3613060645807379,-0.36131226636564306,6.2017849051798635e-06
1017,1452.857142857143,0.0010565966649061038,0.001068251075213701,1.1654410307597191e-05
1018,1454.2857142857144,0.9006091664887584,0.9005961908174714,1.2975671286996615e-05
1019,1455.7142857142858,0.8558194411942427,0.8558295720885695,1.0130894326776385e-05
1020,1457.1428571428573,0.6952431276217549,0.6952348009788084,8.326642946476781e-06
1021,1458.5714285714287,0.5323325245238639,0.5323389466986509,6.422174786968604e-06
1022,1460.0,-0.2679902910841594,-0.2679967946989888,6.50361482940065e-06
1023,1461.4285714285716,-0.34057048648491883,-0.3405586577916626,1.1828693256221712e-05
1024,1462.857142857143,0.2249197863830499,0.22490628248569122,1.3503897358685402e-05
1025,1464.2857142857144,-0.12072961375834035,-0.12072009826211356,9.515496226783493e-06
1026,1465.7142857142858,-0.5439963671807689,-0.5440040953652736,7.72818450467394e-06
1027,1467.1428571428573,-0.5939569045521947,-0.5939502996921542,6.6048600405599345e-06
1028,1468.5714285714287,-1.0146700099083497,-1.0146773292399789,7.319331629229708e-06
1029,1470.0,-0.7085242922858754,-0.7085120656341175,1.2226651757929474e-05
1030,1471.4285714285716,0.317499154297181,0.31748573975747657,1.3414539704437178e-05
1031,1472.857142857143,0.3748194677437812,0.3748284094712117,8.941727430489266e-06
1032,1474.2857142857144,0.16640591733598983,0.1663989366859215,6.980650068322269e-06
1033,1475.7142857142858,0.3869235845983968,0.3869307042677421,7.119669345301283e-06
1034,1477.1428571428573,0.17556884299922834,0.17556094383862247,7.899160605867594e-06
1035,1478.5714285714287,0.35263276224354634,0.35264517226570713,1.2410022160791456e-05
1036,1480.0,1.0789536809288331,1.0789401415073965,1.3539421436670196e-05
1037,1481.4285714285716,0.7070015817846557,0.7070102385200474,8.656735391743275e-06
1038,1482.857142857143,-0.07865581518346097,-0.07866217192330438,6.356739843407788e-06
1039,1484.2857142857144,-0.23971381161111585,-0.23970629255243409,7.519058681765278e-06
1040,1485.7142857142858,-0.6284439236841894,-0.6284526643051368,8.74062094735617e-06
1041,1487.1428571428573,-0.6670318398781324,-0.6670194084640033,1.2431414129099316e-05
1042,1488.5714285714287,-0.01315988887258946,-0.01317323547638697,1.3346603797509404e-05
1043,1490.0,-0.2520593709852853,-0.25205139388990633,7.977095378974841e-06
1044,1491.4285714285716,-0.8285474618540123,-0.8285535688339649,6.106979952624769e-06
1045,1492.857142857143,-0.5240975354600014,-0.5240894393332577,8.096126743684096e-06
1046,1494.2857142857144,-0.29581082789576646,-0.29582049561635926,9.667720592798634e-06
1047,1495.7142857142858,0.04726885923979438,0.04728135276152444,1.24935217300573e-05
1048,1497.1428571428573,0.9285659153330003,0.9285529443167999,1.297101620034713e-05
1049,1498.5714285714287,0.8320984649761638,0.8321063256045136,7.860628349787291e-06
1050,1500.0,0.1634918024958294,0.16348631494012483,5.487555704564162e-06
1051,1501.4285714285716,0.32522640795994795,0.3252350871119974,8.679152049440031e-06
1052,1502.857142857143,0.37819977783136244,0.3781893251244055,1.0452706956931568e-05
1053,1504.2857142857144,0.24866194557878407,0.24867438430037184,1.2438721587765267e-05
1054,1505.7142857142858,0.5700282104965769,0.5700155654211038,1.2645075473161071e-05
1055,1507.1428571428573,0.07264067654955954,0.07264811126531552,7.434715755982868e-06
1056,1508.5714285714287,-0.9161300821283558,-0.9161356138216794,5.531693323623799e-06
1057,1510.0,-0.8238415374580498,-0.8238322832559009,9.254202148922808e-06
1058,1511.4285714285716,-0.5568551756425563,-0.5568666286860053,1.1453043449072275e-05
1059,1512.857142857143,-0.5102088874174645,-0.5101966542109777,1.2233206486800263e-05
1060,1514.2857142857144,0.042241346614726276,0.04222933319400187,1.2013420724404922e-05
1061,1515.7142857142858,-0.006355947246120127,-0.006348655907207799,7.291338912327437e-06
1062,1517.1428571428573,-0.5564048166609186,-0.5564102273699373,5.410709018716098e-06
1063,1518.5714285714287,-0.04210192526528135,-0.04209211384493012,9.811420351231448e-06
1064,1520.0,0.6112675283344772,0.6112553029316461,1.2225402831078647e-05
1065,1521.4285714285716,0.676634719051074,0.6766469071869815,1.2188135907531539e-05
1066,1522.857142857143,0.9809743968445969,0.9809629314150526,1.1465429544221806e-05
1067,1524.2857142857144,0.692729717184745,0.6927370511216197,7.333936874687197e-06
1068,1525.7142857142858,-0.21443283993857282,-0.21443832565836213,5.4857197893110055e-06
1069,1527.1428571428573,-0.10949585797441934,-0.10948539964464354,1.0458329775794861e-05
1070,1528.5714285714287,0.22453363531004827,0.22452067531337322,1.2959996675054875e-05
1071,1530.0,-0.13084452495662333,-0.130832724069826,1.1800886797336263e-05
1072,1531.4285714285716,-0.1985029843701368,-0.19851372895513014,1.0744584993338524e-05
1073,1532.857142857143,-0.4889496164401078,-0.48894240735254013,7.209087567683348e-06
1074,1534.2857142857144,-1.196992774902212,-1.1969988913200602,6.116417848200939e-06
1075,1535.7142857142858,-0.7714376840424932,-0.7714267577959607,1.092624653253882e-05
1076,1537.1428571428573,0.05621960616575723,0.05620588447360847,1.3721692148763176e-05
1077,1538.5714285714287,0.08120139802452668,0.08121299791062415,1.1599886097474199e-05
1078,1540.0,0.27677096725692435,0.27676092805907787,1.0039197846478665e-05
1079,1541.4285714285716,0.3666863652016899,0.3666938206962844,7.45549459452155e-06
1080,1542.857142857143,-0.07317075721865601,-0.07317703752362884,6.2803049728221705e-06
1081,1544.2857142857144,0.36468005453818564,0.3646916177107528,1.1563172567174984e-05
1082,1545.7142857142858,1.0747521576026486,1.0747379327006523,1.4224901996318096e-05
1083,1547.1428571428573,0.7075115440041106,0.707522885929464,1.1341925353347548e-05
1084,1548.5714285714287,0.3282480338687498,0.32823874919131857,9.284677431220523e-06
1085,1550.0,0.034361506356886694,0.03436911707747648,7.610720589787401e-06
1086,1551.4285714285716,-0.6985258159405381,-0.6985330875642184,7.271623680304984e-06
1087,1552.857142857143,-0.5643531207104141,-0.5643411200195017,1.2000690912450374e-05
1088,1554.2857142857144,0.030395672388163337,0.03038102541412975,1.464697403358653e-05
1089,1555.7142857142858,-0.36029829609432396,-0.3602873088575611,1.0987236762849406e-05
1090,1557.1428571428573,-0.669339247778676,-0.6693479420935683,8.694314892254695e-06
1091,1558.5714285714287,-0.5356782281065774,-0.5356703811739467,7.846932630672931e-06
1092,1560.0,-0.7027179958272975,-0.7027258718638326,7.876036535070519e-06
1093,1561.4285714285716,-0.14537765446878984,-0.14536525193448324,1.240253430659366e-05
1094,1562.857142857143,0.8304009241975495,0.8303858587608154,1.5065436734129634e-05
1095,1564.2857142857144,0.6543199509881705,0.6543308150468845,1.0864058713977442e-05
1096,1565.7142857142858,0.32446127481860126,0.32445328343881663,7.991379784633157e-06
1097,1567.1428571428573,0.4636195330701548,0.4636278963873322,8.363317177406682e-06
1098,1568.5714285714287,0.19462593055826607,0.1946170918738157,8.838684450368506e-06
1099,1570.0,0.33566014117911097,0.3356730380078541,1.2896828743114153e-05
1100,1571.4285714285716,0.8301979418390005,0.8301830495528676,1.4892286132939248e-05
1101,1572.857142857143,0.1757195762840183,0.17573009334443832,1.0517060420017765e-05
1102,1574.2857142857144,-0.6203443921079699,-0.6203520466539878,7.654546017921149e-06
1103,1575.7142857142858,-0.6277947125226062,-0.6277860002930831,8.712229523144543e-06
1104,1577.1428571428573,-0.8103319965004093,-0.810341965846939,9.96934652963688e-06
1105,1578.5714285714287,-0.6111568227456717,-0.6111437285106982,1.3094234973531904e-05
1106,1580.0,0.0947054052369459,0.09469019093523803,1.5214301707866529e-05
1107,1581.4285714285716,-0.18635024691933766,-0.18633989948193155,1.034743740610522e-05
1108,1582.857142857143,-0.6071275430638786,-0.6071346629042192,7.11984034063029e-06
1109,1584.2857142857144,-0.09956941466939837,-0.09956014463693304,9.27003246532776e-06
1110,1585.7142857142858,0.20737605060337821,0.20736509540514636,1.0955198231854535e-05
1111,1587.1428571428573,0.5300153264454645,0.5300288774884212,1.3551042956749804e-05
1112,1588.5714285714287,1.1666092658504503,1.1665945199397667,1.4745910683622299e-05
1113,1590.0,0.727312784562547,0.7273230006421255,1.0216079578517778e-05
1114,1591.4285714285716,-0.04617382121712136,-0.04618088797057274,7.066753451377694e-06
1115,1592.857142857143,0.12832428712858893,0.12833418052454626,9.893395957333295e-06
1116,1594.2857142857144,0.12500360308353076,0.1249914839606715,1.2119122859255427e-05
1117,1595.7142857142858,-0.05576733182304278,-0.05575360761950462,1.372420353816517e-05
1118,1597.1428571428573,0.15410901740907587,0.1540943640013924,1.4653407683473674e-05
1119,1598.5714285714287,-0.42893364048562327,-0.42892355152928735,1.0088956335918553e-05
1120,1600.0,-1.1987905093708762,-1.1987974120647626,6.902693886479128e-06
1121,1601.4285714285716,-0.7622342570360784,-0.7622239226356596,1.0334400418754441e-05
1122,1602.857142857143,-0.3023318430260929,-0.302345148253557,1.3305227464122105e-05
1123,1604.2857142857144,-0.1530976732921232,-0.15308372833090397,1.3944961219231056e-05
1124,1605.7142857142858,0.3782155434479006,0.37820130034712995,1.424310077063895e-05
1125,1607.1428571428573,0.2326891783279013,0.23269927582365477,1.0097495753452757e-05
1126,1608.5714285714287,-0.2362059686381324,-0.23621316002818726,7.1913900548670195e-06
1127,1610.0,0.37924429174811897,0.37925548710012263,1.1195352003667836e-05
1128,1611.4285714285716,0.8896513431199965,0.8896371841675175,1.4158952479026432e-05
1129,1612.857142857143,0.7085388241759442,0.7085529869305819,1.4162754637725428e-05
1130,1614.2857142857144,0.7415746237053058,0.7415610103052853,1.3613400020484612e-05
1131,1615.7142857142858,0.2174497199538805,0.21745990991190473,1.0189958024237056e-05
1132,1617.1428571428573,-0.6498942875650962,-0.6499017753662281,7.487801131911276e-06
1133,1618.5714285714287,-0.37551054882319734,-0.3754988073388888,1.1741484308547268e-05
1134,1620.0,-0.03294028436178423,-0.032955737768286454,1.545340650222632e-05
1135,1621.4285714285716,-0.40180020130450284,-0.4017859547707354,1.4246533767414693e-05
1136,1622.857142857143,-0.4109418407844305,-0.4109551193758782,1.327859144767407e-05
1137,1624.2857142857144,-0.5949096719472442,-0.5948994867036036,1.018524364060358e-05
1138,1625.7142857142858,-1.0067354345301514,-1.0067435216630585,8.08713290711971e-06
1139,1627.1428571428573,-0.27045024113867366,-0.27043771367945124,1.2527459222422266e-05
1140,1628.5714285714287,0.5651782458981579,0.5651620756091696,1.6170288988259784e-05
1141,1630.0,0.4527472750467468,0.45276169500091884,1.4419954172062432e-05
1142,1631.4285714285716,0.5269510956289851,0.5269385279334503,1.2567695534815293e-05
1143,1632.857142857143,0.48317162237060657,0.4831821546018825,1.0532231275950377e-05
1144,1634.2857142857144,0.02889119857907982,0.028882347490685585,8.851088394233597e-06
1145,1635.7142857142858,0.46512451226789764,0.46513778473244694,1.3272464549296537e-05
1146,1637.1428571428573,0.9266288708125312,0.9266118007874866,1.7070025044585435e-05
1147,1638.5714285714287,0.2753858045781761,0.27540040423397266,1.459965579658773e-05
1148,1640.0,-0.198066525289332,-0.19807864423582625,1.2118946494249494e-05
1149,1641.4285714285716,-0.4629374560284431,-0.46292677367201557,1.0682356427538231e-05
1150,1642.857142857143,-0.9900958648062717,-0.9901055837073202,9.71890104850548e-06
1151,1644.2857142857144,-0.5902408871295782,-0.5902269639909684,1.3923138609817087e-05
1152,1645.7142857142858,0.04528845455822448,0.04527063397754063,1.782058068384995e-05
1153,1647.1428571428573,-0.3582754734144496,-0.3582608786217619,1.4594792687672165e-05
1154,1648.5714285714287,-0.5207272293946804,-0.520738992487812,1.176309313155599e-05
1155,1650.0,-0.21920985488695768,-0.21919870979709005,1.1145089867631297e-05
1156,1651.4285714285716,-0.21862787321045352,-0.21863882689585729,1.0953685403769509e-05
1157,1652.857142857143,0.4261903633075666,0.4262051100739319,1.4746766365314468e-05
1158,1654.2857142857144,1.180526758086647,1.1805086427888465,1.8115297800491703e-05
1159,1655.7142857142858,0.686401886993781,0.6864167501114945,1.48631177134817e-05
1160,1657.1428571428573,0.22572851255953194,0.2257172843162043,1.1228243327637832e-05
1161,1658.5714285714287,0.29754542831899244,0.29755706156542494,1.1633246432496414e-05
1162,1660.0,-0.010107668309817162,-0.010119717601282632,1.2049291465469902e-05
1163,1661.4285714285716,0.10947932895849258,0.10949484483779434,1.5515879301764013e-05
1164,1662.857142857143,0.4239471315026523,0.423928323134552,1.880836810030928e-05
1165,1664.2857142857144,-0.3725450673526374,-0.3725302194867867,1.4847865850708963e-05
1166,1665.7142857142858,-1.0058709294912835,-1.005882065387891,1.1135896607505913e-05
1167,1667.1428571428573,-0.7427039396321928,-0.7426918395458361,1.2100086356769957e-05
1168,1668.5714285714287,-0.6833036364368216,-0.683317191094426,1.3554657604442077e-05
1169,1670.0,-0.28904734295715395,-0.28903112618435306,1.6216772800892176e-05
1170,1671.4285714285716,0.3959799193265787,0.3959611130879155,1.8806238663238162e-05
1171,1672.857142857143,0.03227515063346868,0.03229024203666143,1.5091403192744879e-05
1172,1674.2857142857144,-0.27520073160759734,-0.2752117791204768,1.1047512879447385e-05
1173,1675.7142857142858,0.3325964598103116,0.33260928404430773,1.2824233996122647e-05
1174,1677.1428571428573,0.5758093884740358,0.575794540830094,1.4847643941884314e-05
1175,1678.5714285714287,0.7417321057005797,0.741749224555355,1.711885477528874e-05
1176,1680.0,1.0619117254994166,1.0618925835048874,1.914199452923704e-05
1177,1681.4285714285716,0.32349687974746316,0.323512186505365,1.5306757901845103e-05
1178,1682.857142857143,-0.4488012698738074,-0.44881229599158096,1.1026117773538235e-05
1179,1684.2857142857144,-0.17676257558043995,-0.1767490591317397,1.3516448700262584e-05
1180,1685.7142857142858,-0.1711754166772631,-0.1711918029910304,1.6386313767297045e-05
1181,1687.1428571428573,-0.3325904164017614,-0.3325726712068458,1.7745194915597118e-05
1182,1688.5714285714287,-0.1401936270963918,-0.14021273828867403,1.9111192282234013e-05
1183,1690.0,-0.6803076725173689,-0.680292204410645,1.5468106723925956e-05
1184,1691.4285714285716,-1.1377885840244606,-1.1378003015192273,1.1717494766694259e-05
1185,1692.857142857143,-0.37824635082378016,-0.37823201722395655,1.4333599823612708e-05
1186,1694.2857142857144,0.16795299043573733,0.16793514860655506,1.7841829182269064e-05
1187,1695.7142857142858,0.29111919067939596,0.2911377614046878,1.8570725291822132e-05
1188,1697.1428571428573,0.6916119399237498,0.6915928874516579,1.9052472091884987e-05
1189,1698.5714285714287,0.3883843857366072,0.3884002374470877,1.585171048046341e-05
1190,1700.0,-0.05089157200185546,-0.05090343834018825,1.1866338332784665e-05
1191,1701.4285714285716,0.5721621580020444,0.5721775448077442,1.5386805699790784e-05
1192,1702.857142857143,0.8547824403491191,0.8547630784897874,1.9361859331712417e-05
1193,1704.2857142857144,0.4190785549046236,0.41909793440506315,1.9379500439564712e-05
1194,1705.7142857142858,0.26044746981253286,0.2604284801305053,1.8989682027570343e-05
1195,1707.1428571428573,-0.3468898537937814,-0.3468737322302764,1.612156350500049e-05
1196,1708.5714285714287,-1.0205085839550667,-1.0205215865179975,1.3002562930797268e-05
1197,1710.0,-0.4980422217457554,-0.49802593526552486,1.6286480230554012e-05
1198,1711.4285714285716,-0.1123299526336888,-0.11235069250503087,2.073987134205979e-05
1199,1712.857142857143,-0.44997186314001564,-0.4499518019802081,2.0061159807516216e-05
1200,1714.2857142857144,-0.3548229452314131,-0.3548418705524732,1.8925321060070388e-05
1201,1715.7142857142858,-0.40845439130282885,-0.40843781689968234,1.65744031465076e-05
1202,1717.1428571428573,-0.5683502970338633,-0.5683641110612774,1.3814027414071894e-05
1203,1718.5714285714287,0.33167228256878306,0.33168977342084643,1.7490852063373197e-05
1204,1720.0,0.9993180019913541,0.9992957626249673,2.223936638678925e-05
1205,1721.4285714285716,0.6348686904884134,0.6348896786576167,2.0988169203262075e-05
1206,1722.857142857143,0.5390948608225552,0.5390760758915201,1.878493103513179e-05
1207,1724.2857142857144,0.3586265900092903,0.3586437419938348,1.7151984544494514e-05
1208,1725.7142857142858,-0.10206484210026827,-0.10207991256926638,1.5070468998110154e-05
1209,1727.1428571428573,0.3203926991098944,0.32041140963616227,1.871052626789549e-05
1210,1728.5714285714287,0.5568747208556311,0.556851388816093,2.333203953808205e-05
1211,1730.0,-0.2616801034942564,-0.2616584413327704,2.1662161486024623e-05
1212,1731.4285714285716,-0.6637638242048607,-0.6637827830174974,1.8958812636693523e-05
1213,1732.857142857143,-0.75084350703062,-0.750825773938579,1.7733092041005705e-05
1214,1734.2857142857144,-0.9898600602734218,-0.9898767772808525,1.6717007430777642e-05
1215,1735.7142857142858,-0.3385246745293613,-0.33850474614310755,1.9928386253753594e-05
1216,1737.1428571428573,0.2843142908710353,0.2842895324492528,2.475842178251142e-05
1217,1738.5714285714287,-0.15877067659137625,-0.1587482075182502,2.2469073126057948e-05
1218,1740.0,-0.20653089089825075,-0.20654978147286177,1.8890574611019062e-05
1219,1741.4285714285716,0.18323255193830815,0.18325107864060794,1.8526702299792586e-05
1220,1742.857142857143,0.22242924710571804,0.22241107002453234,1.8177081185705157e-05
1221,1744.2857142857144,0.7933943742949016,0.7934159116599281,2.1537365026524924e-05
1222,1745.7142857142858,1.2119649274984396,1.2119392096296326,2.5717868807006994e-05
1223,1747.1428571428573,0.4019171895346089,0.4019405405493108,2.3351014701855632e-05
1224,1748.5714285714287,-0.11707093963944733,-0.1170902236503805,1.928401093317933e-05
1225,1750.0,-0.034945403926390305,-0.034925982286741195,1.942163964911009e-05
1226,1751.4285714285716,-0.3131016030201393,-0.3131217953655143,2.0192345375036336e-05
1227,1752.857142857143,-0.1578829461821275,-0.1578600830967069,2.2863085420599116e-05
1228,1754.2857142857144,0.062207675396435756,0.06218084093313841,2.6834463297348288e-05
1229,1755.7142857142858,-0.7334700828117083,-0.7334459480382166,2.4134773491724104e-05
1230,1757.1428571428573,-1.0801504427621615,-1.0801701362940221,1.9693531860598412e-05
1231,1758.5714285714287,-0.5180090431493402,-0.5179886734093279,2.0369740012293747e-05
1232,1760.0,-0.2776742778695824,-0.27769642836457364,2.2150494991268754e-05
1233,1761.4285714285716,0.19264331945257548,0.19266790641815235,2.4586965576861575e-05
1234,1762.857142857143,0.7406363210225589,0.7406084541329296,2.7866889629302172e-05
1235,1764.2857142857144,0.23136606282652303,0.23139115803973237,2.5095213209341827e-05
1236,1765.7142857142858,-0.020297145105696766,-0.02031749459451299,2.0349488816222977e-05
1237,1767.1428571428573,0.5880118021479991,0.588033521792854,2.1719644854867326e-05
1238,1768.5714285714287,0.6651344244588187,0.6651102479854647,2.417647335395401e-05
1239,1770.0,0.6180017254330794,0.6180279469101015,2.6221477022136952e-05
1240,1771.4285714285716,0.6526397509224849,0.6526111790719535,2.8571850531400322e-05
1241,1772.857142857143,-0.25174776805392535,-0.2517216769348893,2.6091119036064647e-05
1242,1774.2857142857144,-0.8689385955160059,-0.8689600112059361,2.141568993019316e-05
1243,1775.7142857142858,-0.4037171067338229,-0.4036941119277122,2.2994806110676613e-05
1244,1777.1428571428573,-0.33161952552922,-0.33164615207578313,2.662654656310215e-05
1245,1778.5714285714287,-0.42253908899367987,-0.42251114450883287,2.7944484846997852e-05
1246,1780.0,-0.1905563910153573,-0.19058610973988052,2.97187245232311e-05
1247,1781.4285714285716,-0.6262180456279365,-0.6261910822273159,2.6963400620583222e-05
1248,1782.857142857143,-0.7744473450845617,-0.7744698163940896,2.2471309527927197e-05
1249,1784.2857142857144,0.19176302874926215,0.1917877192016339,2.4690452371745053e-05
1250,1785.7142857142858,0.6597343201734679,0.6597054851348467,2.8835038621166653e-05
1251,1787.1428571428573,0.6176895829192777,0.6177194849393537,2.9902020076022495e-05
1252,1788.5714285714287,0.8036707073309592,0.8036403135315916,3.039379936764508e-05
1253,1790.0,0.32343750162020457,0.3234658095777922,2.83079575876255e-05
1254,1791.4285714285716,-0.0933531175903319,-0.09337726172491023,2.4144134578338305e-05
1255,1792.857142857143,0.5019508676118383,0.501977308052906,2.6440441067698828e-05
1256,1794.2857142857144,0.5538390253257254,0.5538077583267443,3.1266998981038796e-05
1257,1795.7142857142858,-0.055741116411113074,-0.05570930767935557,3.180873175750304e-05
1258,1797.1428571428573,-0.26067603181734933,-0.26070755030709303,3.15184897436982e-05
1259,1798.5714285714287,-0.780660715397655,-0.7806313457568831,2.9369640771936822e-05
1260,1800.0000000000002,-1.140759461145703,-1.1407852885489558,2.5827403252742798e-05
1261,1801.4285714285716,-0.35267614950222054,-0.3526476787885875,2.847071363304421e-05
1262,1802.857142857143,0.04975233360150271,0.04971845158028084,3.388202122187045e-05
1263,1804.2857142857144,-0.2711036047218037,-0.27106977980648417,3.3824915319558e-05
1264,1805.7142857142858,-0.09163299829611328,-0.09166556456058376,3.256626447048494e-05
1265,1807.1428571428573,-0.06354001733917031,-0.06350908759003854,3.092974913176949e-05
1266,1808.5714285714287,-0.08006367138763411,-0.08009178811141417,2.811672378005836e-05
1267,1810.0000000000002,0.8110170465962194,0.8110477995659363,3.0752969716885126e-05
1268,1811.4285714285716,1.1660954933429029,1.1660594148405223,3.6078502380521016e-05
1269,1812.857142857143,0.5063335853103829,0.5063696562022663,3.6070891883399625e-05
1270,1814.2857142857144,0.2724599271415269,0.27242621585723414,3.3711284292747834e-05
1271,1815.7142857142858,0.022422949184303428,0.022455492316657128,3.254313235370038e-05
1272,1817.1428571428573,-0.38060881740645397,-0.3806393322513388,3.0514844884810266e-05
1273,1818.5714285714287,0.06839802895111784,0.06843135705485487,3.332810373703199e-05
1274,1820.0000000000002,0.15460765093053663,0.15456862017916956,3.903075136707512e-05
1275,1821.4285714285716,-0.6884432603238846,-0.6884051207901731,3.813953371145651e-05
1276,1822.857142857143,-0.8762854196610809,-0.8763206168678429,3.5197206762038746e-05
1277,1824.2857142857144,-0.7067539518731126,-0.7067196921893492,3.4259683763471216e-05
1278,1825.7142857142858,-0.6697279945778352,-0.6697614407627251,3.344618488998474e-05
1279,1827.1428571428573,0.13292644779833132,0.1329625212541538,3.607345582248844e-05
1280,1828.5714285714287,0.632654496425864,0.6326131179011307,4.1378524733293176e-05
1281,1830.0000000000002,0.0863274339674534,0.08636814178362243,4.070781616902219e-05
1282,1831.4285714285716,0.09141021880428478,0.09137334973386914,3.686907041564047e-05
1283,1832.857142857143,0.47435681634408583,0.47439331302129145,3.6496677205621886e-05
1284,1834.2857142857144,0.43935188753539106,0.43931537474866605,3.651278672500702e-05
1285,1835.7142857142858,0.8357035075978315,0.8357427517698512,3.924417201972563e-05
1286,1837.1428571428573,0.9016298967379677,0.9015856153632205,4.428137474721261e-05
1287,1838.5714285714287,-0.12367057492547698,-0.12362742421229074,4.315071318623798e-05
1288,1840.0000000000002,-0.5616096834766283,-0.5616484462400683,3.876276343994789e-05
1289,1841.4285714285716,-0.3599388829016138,-0.3599000881439657,3.879475764811957e-05
1290,1842.857142857143,-0.5321828305063089,-0.5322229382246988,4.010771838991456e-05
1291,1844.2857142857144,-0.28872401417856774,-0.2886814697999205,4.254437864725791e-05
1292,1845.7142857142858,-0.0959961349758204,-0.0960432432433366,4.710826751620767e-05
1293,1847.1428571428573,-0.7987851824371852,-0.7987393039963864,4.587844079884107e-05
1294,1848.5714285714287,-0.8238511471579205,-0.8238925361747157,4.1389016795179145e-05
1295,1850.0000000000002,-0.035742412340481304,-0.03570082057622518,4.159176425612421e-05
1296,1851.4285714285716,0.2454987741715291,0.24545486744119935,4.390673032975134e-05
1297,1852.857142857143,0.6367181342232229,0.6367644018160317,4.626759280879078e-05
1298,1854.2857142857144,0.9375959345669782,0.9375459643535415,4.997021343666752e-05
1299,1855.7142857142858,0.24666837272093461,0.2467172802821299,4.8907561195299376e-05
1300,1857.1428571428573,0.025658018266286,0.025614122387428898,4.3895878857103804e-05
1301,1858.5714285714287,0.5825802024485724,0.5826250926180507,4.489016947828439e-05
1302,1860.0000000000002,0.46577218644794705,0.46572399771730033,4.818873064671436e-05
1303,1861.4285714285716,0.24173425929023568,0.2417846352265969,5.0375936361229945e-05
1304,1862.857142857143,0.10702131526638266,0.1069680005322916,5.3314734091064464e-05
1305,1864.2857142857144,-0.7849573109494361,-0.7849053605931265,5.195035630956024e-05
1306,1865.7142857142858,-1.102212320557868,-1.1022597477689609,4.7427211092854193e-05
1307,1867.1428571428573,-0.39192875547153017,-0.391880388881273,4.836659025714285e-05
1308,1868.5714285714287,-0.24882366609887396,-0.2488764364167046,5.2770317830630464e-05
1309,1870.0000000000002,-0.27354498082830336,-0.27349029292551286,5.4687902790506726e-05
1310,1871.4285714285716,-0.007231716049209948,-0.007288413920043295,5.6697870833346924e-05
1311,1872.857142857143,-0.3528876949389276,-0.3528320465957422,5.564834318538825e-05
1312,1874.2857142857144,-0.2751213627979696,-0.27517252719898466,5.1164401015046934e-05
1313,1875.7142857142858,0.7303090025955756,0.730361661665363,5.265906978735302e-05
1314,1877.1428571428573,0.9583513097078274,0.9582935413511606,5.7768356666820786e-05
1315,1878.5714285714287,0.6619565326546432,0.6620161811797729,5.9648525129740726e-05
1316,1880.0000000000002,0.6229832647639296,0.6229227315521638,6.053321176580084e-05
1317,1881.4285714285716,0.01765535056630965,0.017714836312282045,5.948574597239645e-05
1318,1882.857142857143,-0.3244688758252182,-0.32452446004372176,5.5584218503546e-05
1319,1884.2857142857144,0.26692488479149035,0.26698228322801965,5.739843652929899e-05
1320,1885.7142857142858,0.14897794128074981,0.14891477297113062,6.316830961919373e-05
1321,1887.1428571428573,-0.506388196667159,-0.5063234099156075,6.478675155141556e-05
1322,1888.5714285714287,-0.6063836502186298,-0.606448546896481,6.489667785114506e-05
1323,1890.0000000000002,-0.9144746955919557,-0.914410726080567,6.396951138876172e-05
1324,1891.4285714285716,-0.9260240765814917,-0.9260850673130102,6.0990731518550945e-05
1325,1892.857142857143,0.05660619495394719,0.056668909993719624,6.271503977243326e-05
1326,1894.2857142857144,0.3822645818789314,0.3821954922580449,6.908962088653103e-05
1327,1895.7142857142858,0.014159591789034823,0.014230191281864046,7.059949282922293e-05
1328,1897.1428571428573,0.21587222480881701,0.21580265406373939,6.95707450776295e-05
1329,1898.5714285714287,0.24433220966507588,0.2444011888673742,6.897920229831378e-05
1330,1900.0000000000002,0.254069486238304,0.2540028386540812,6.664758422281203e-05
1331,1901.4285714285716,1.0006480403289446,1.0007172248838934,6.918455494875353e-05
1332,1902.857142857143,0.9828142973910297,0.9827387351542431,7.556223678650831e-05
1333,1904.2857142857144,0.08406926334300432,0.0841462243782111,7.696103520678232e-05
1334,1905.7142857142858,-0.17453002981159477,-0.17460515617009947,7.512635850470684e-05
1335,1907.1428571428573,-0.3767966920789622,-0.37672201194848454,7.468013047767785e-05
1336,1908.5714285714287,-0.6344491961842751,-0.6345228755339043,7.367934962920764e-05
1337,1910.0000000000002,-0.10741061036120203,-0.10733469640779585,7.591395340618423e-05
1338,1911.4285714285716,-0.0964818721264216,-0.09656451675035287,8.26446239312606e-05
1339,1912.857142857143,-0.8525318821208396,-0.8524478954650778,8.398665576181408e-05
1340,1914.2857142857144,-0.7571677238750113,-0.7572491826775327,8.14588025214169e-05
1341,1915.7142857142858,-0.35194827982129373,-0.35186705946535934,8.122035593438603e-05
1342,1917.1428571428573,-0.14524033885815005,-0.14532164539910158,8.130654095153678e-05
1343,1918.5714285714287,0.6496596519576515,0.6497438217088395,8.416975118796799e-05
1344,1920.0000000000002,0.9009809983800764,0.900890381308229,9.061707184743195e-05
1345,1921.4285714285716,0.19724420889589703,0.19733603241665545,9.182352075842726e-05
1346,1922.857142857143,0.211991643332124,0.2119030247003955,8.861863172851536e-05
1347,1924.2857142857144,0.5274043387082215,0.5274932327866884,8.889407846690567e-05
1348,1925.7142857142858,0.36677104140566735,0.36668089761093764,9.014379472971346e-05
1349,1927.1428571428573,0.5770317418688384,0.5771248778862678,9.313601742932942e-05
1350,1928.5714285714287,0.3714218510046239,0.37132260107803355,9.924992659032794e-05
1351,1930.0000000000002,-0.6998265731847977,-0.6997258610767199,0.00010071210807782727
1352,1931.4285714285716,-0.8998538671993976,-0.8999511845409929,9.731734159523775e-05
1353,1932.857142857143,-0.4920511829498277,-0.4919536025721742,9.758037765350558e-05
1354,1934.2857142857144,-0.5235516453125807,-0.5236520312299376,0.0001003859173569488
1355,1935.7142857142858,-0.18693166820330276,-0.1868281716472876,0.00010349655601515906
1356,1937.1428571428573,-0.009196896589729388,-0.009306268079681615,0.00010937148995222683
1357,1938.5714285714287,-0.6012935377765478,-0.601183053269527,0.0001104845070207805
1358,1940.0000000000002,-0.35887000556908244,-0.35897694611616526,0.0001069405470828233
1359,1941.4285714285716,0.5099717440647695,0.510079743828374,0.0001079997636044272
1360,1942.857142857143,0.6656326520840425,0.6655207916556765,0.00011186042836608401
1361,1944.2857142857144,0.8473443326389011,0.8474598513194669,0.00011551868056580705
1362,1945.7142857142858,0.85132688358746,0.8512064002473377,0.00012048334012226825
1363,1947.1428571428573,0.009265961678615769,0.009388075728485766,0.00012211404986999658
1364,1948.5714285714287,-0.14721634807788608,-0.14733502590346093,0.00011867782557484219
1365,1950.0000000000002,0.3684185930019882,0.3685384549276385,0.00011986192565027753
1366,1951.4285714285716,0.10088654321491683,0.1007613636209502,0.00012517959396662892
1367,1952.857142857143,-0.19913686095620295,-0.1990078423533843,0.00012901860281863686
1368,1954.2857142857144,-0.35304836067145934,-0.3531819996782606,0.00013363900680124496
1369,1955.7142857142858,-1.073164862184776,-1.073029783066086,0.0001350791186900402
1370,1957.1428571428573,-1.013497245852003,-1.013629429484712,0.0001321836327088377
1371,1958.5714285714287,-0.09041528243453029,-0.09028120883001003,0.00013407360452025174
1372,1960.0000000000002,0.055264408694533515,0.05512377337825613,0.0001406353162773863
1373,1961.4285714285716,0.03361215600728032,0.03375700221059831,0.00014484620331799147
1374,1962.857142857143,0.2780326136931488,0.27788394111081616,0.0001486725823326429
1375,1964.2857142857144,-0.03982611899354622,-0.03967559203519566,0.00015052695835055668
1376,1965.7142857142858,0.14877372281981976,0.14862543025205327,0.0001482925677664948
1377,1967.1428571428573,1.0372955096116074,1.0374462504141333,0.00015074080252586164
1378,1968.5714285714287,0.9276053232761644,0.927447082856592,0.00015824041957235302
1379,1970.0000000000002,0.3805062139755052,0.380669418885322,0.00016320490981680535
1380,1971.4285714285716,0.19653285257326175,0.1963664796659552,0.00016637290730656118
1381,1972.857142857143,-0.41695171798143055,-0.41678309596702345,0.0001686220144070938
1382,1974.2857142857144,-0.5943254619741403,-0.5944929101609587,0.00016744818681846407
1383,1975.7142857142858,0.043294683049655454,0.043465282350162386,0.00017059930050693228
1384,1977.1428571428573,-0.16531894236134095,-0.16549841926199632,0.0001794769006553676
1385,1978.5714285714287,-0.7484376386576927,-0.7482530946452823,0.00018454401241041474
1386,1980.0000000000002,-0.6450503110801447,-0.6452377681953259,0.0001874571151811999
1387,1981.4285714285716,-0.7073595242264283,-0.7071695790202163,0.00018994520621207212
1388,1982.857142857143,-0.4372994446991567,-0.4374897474069315,0.00019030270777475877
1389,1984.2857142857144,0.5917735784477759,0.5919680170200561,0.00019443857228018668
1390,1985.7142857142858,0.7115604267197697,0.7113563518863606,0.00020407483340911803
1391,1987.1428571428573,0.2232013651150961,0.22341163040642908,0.00021026529133297278
1392,1988.5714285714287,0.38943135815554597,0.3892187132405993,0.00021264491494665805
1393,1990.0000000000002,0.35528223018478267,0.35549828130499395,0.00021605112021128026
1394,1991.4285714285716,0.31816301377629014,0.3179451279748018,0.0002178858014883489
1395,1992.857142857143,0.8642211509108636,0.8644442516631609,0.00022310075229725612
1396,1994.2857142857144,0.5156661873338524,0.5154322774079527,0.00023390992589966686
1397,1995.7142857142858,-0.47937345129440684,-0.4791326862199309,0.00024076507447595707
1398,1997.1428571428573,-0.605640676615147,-0.6058840244281811,0.00024334781303414488
1399,1998.5714285714287,-0.6425112995324,-0.6422638548444894,0.0002474446879106029
1400,2000.0000000000002,-0.6938731868222885,-0.6941247819339451,0.00025159511165662174
1401,2001.4285714285716,-0.07367892719315024,-0.07342068359071408,0.00025824360243616173
1402,2002.857142857143,-0.10661159773310117,-0.10688170660993647,0.0002701088768353038
1403,2004.2857142857144,-0.7317241753942374,-0.7314461127024754,0.0002780626917620044
1404,2005.7142857142858,-0.374544867218064,-0.3748260939178964,0.000281226699832382
1405,2007.1428571428573,0.15766231351188792,0.15794892095617002,0.0002866074442821054
1406,2008.5714285714287,0.3739054856549478,0.3736123813163187,0.0002931043386291132
1407,2010.0000000000002,0.9995128647479589,0.999814399782118,0.0003015350341590839
1408,2011.4285714285716,0.9194502306105132,0.919135681372021,0.0003145492384922788
1409,2012.857142857143,0.06064620675692,0.06097059515542931,0.0003243883985093107
1410,2014.2857142857144,0.0973785533026963,0.09705013892298262,0.00032841437971369014
1411,2015.7142857142858,0.3448464997164289,0.3451822258702342,0.000335726153805338
1412,2017.1428571428573,0.07992586250124094,0.07958056466753145,0.00034529783370948475
1413,2018.5714285714287,0.16969672632776153,0.17005290815708307,0.0003561818293215391
1414,2020.0000000000002,-0.16715916255160512,-0.16753011095587525,0.0003709484042701272
1415,2021.4285714285716,-1.1059878828376877,-1.1056054914105444,0.00038239142714324714
1416,2022.857142857143,-0.9558470208698903,-0.9562358481630078,0.00038882729311751074
1417,2024.2857142857144,-0.32863579557758255,-0.3282373390902134,0.0003984564873691365
1418,2025.7142857142858,-0.2582066137719983,-0.25861861317348,0.000411999401481733
1419,2027.1428571428573,0.11244303500609899,0.11286900782646497,0.00042597282036598016
1420,2028.5714285714287,0.231468608406681,0.23102550134206315,0.000443107064617837
1421,2030.0000000000002,-0.29186580414690555,-0.2914077250356657,0.0004580791112398508
1422,2031.4285714285716,0.11235730240027751,0.11188991062829569,0.00046739177198182325
1423,2032.857142857143,0.9013586023615378,0.9018394795733446,0.000480877211806896
1424,2034.2857142857144,0.8033665943541283,0.8028673313823624,0.0004992629717658348
1425,2035.7142857142858,0.7236277340204096,0.7241457586667674,0.0005180246463578619
1426,2037.1428571428573,0.47371412592283674,0.47317533770456405,0.00053878821827269
1427,2038.5714285714287,-0.41454349347760355,-0.4139854625034302,0.0005580309741733402
1428,2040.0000000000002,-0.42192740444621635,-0.42250016253827016,0.0005727580920538156
1429,2041.4285714285716,0.10182283394327526,0.10241478357344502,0.000591949630169758
1430,2042.857142857143,-0.23865399790873493,-0.23927137649087704,0.000617378582142114
1431,2044.2857142857144,-0.5025214320562755,-0.5018787194281753,0.0006427126281002282
1432,2045.7142857142858,-0.5526207582862827,-0.5532904858587225,0.0006697275724398821
1433,2047.1428571428573,-1.0168702542326231,-1.0161739307317277,0.0006963235008954349
