iteration,rel_residual
0,1.000000e+00
1,6.084401e+00
2,6.280103e+00
3,6.453756e+00
4,6.612358e+00
5,6.759238e+00
6,6.896455e+00
7,7.025341e+00
8,7.146738e+00
9,7.261236e+00
10,7.369228e+00
11,7.470995e+00
12,7.566756e+00
13,7.656685e+00
14,7.740944e+00
15,7.819694e+00
16,7.893096e+00
17,7.961323e+00
18,8.024554e+00
19,8.082978e+00
20,8.136794e+00
21,8.186208e+00
22,8.231432e+00
23,8.272687e+00
24,8.310195e+00
25,8.344183e+00
26,8.374876e+00
27,8.402502e+00
28,8.427283e+00
29,8.449439e+00
30,8.469185e+00
31,8.486728e+00
32,8.502268e+00
33,8.515996e+00
34,8.528092e+00
35,8.538727e+00
36,8.548060e+00
37,8.556239e+00
38,8.563400e+00
39,8.569667e+00
40,8.575154e+00
41,8.579962e+00
42,8.584183e+00
43,8.587896e+00
44,8.591173e+00
45,8.594075e+00
46,8.596657e+00
47,8.598964e+00
48,8.601036e+00
49,8.602907e+00
50,8.604604e+00
51,8.606152e+00
52,8.607570e+00
53,8.608875e+00
54,8.610081e+00
55,8.611199e+00
56,8.612239e+00
57,8.613209e+00
58,8.614117e+00
59,8.614968e+00
60,8.615767e+00
61,8.616520e+00
62,8.617230e+00
63,8.617902e+00
64,8.618454e+00
65,8.618209e+00
66,8.617084e+00
67,8.615982e+00
68,8.614994e+00
69,8.613883e+00
70,8.612416e+00
71,8.610394e+00
72,8.607707e+00
73,8.604340e+00
74,8.600349e+00
75,8.595819e+00
76,8.590818e+00
77,8.585385e+00
78,8.579524e+00
79,8.573227e+00
80,8.566483e+00
81,8.559294e+00
82,8.551668e+00
83,8.543612e+00
84,8.535129e+00
85,8.526211e+00
86,8.516836e+00
87,8.506964e+00
88,8.496527e+00
89,8.485440e+00
90,8.473597e+00
91,8.460871e+00
92,8.447126e+00
93,8.432217e+00
94,8.415995e+00
95,8.398307e+00
96,8.379003e+00
97,8.357931e+00
98,8.334936e+00
99,8.309864e+00
100,8.282557e+00
101,8.252854e+00
102,8.220590e+00
103,8.185600e+00
104,8.147722e+00
105,8.106793e+00
106,8.062658e+00
107,8.015165e+00
108,7.964170e+00
109,7.909539e+00
110,7.851151e+00
111,7.788898e+00
112,7.722686e+00
113,7.652441e+00
114,7.578107e+00
115,7.499649e+00
116,7.417057e+00
117,7.330342e+00
118,7.239544e+00
119,7.144727e+00
120,7.045984e+00
121,6.943436e+00
122,6.837234e+00
123,6.727555e+00
124,6.614609e+00
125,6.498630e+00
126,6.379884e+00
127,6.258662e+00
128,2.592774e+00
129,5.918118e+00
130,6.354851e+00
131,6.549561e+00
132,6.684426e+00
133,6.796859e+00
134,6.898958e+00
135,6.995190e+00
136,7.087096e+00
137,7.175283e+00
138,7.259799e+00
139,7.340726e+00
140,7.418056e+00
141,7.491746e+00
142,7.561787e+00
143,7.628177e+00
144,7.690972e+00
145,7.750219e+00
146,7.805985e+00
147,7.858358e+00
148,7.907429e+00
149,7.953309e+00
150,7.996116e+00
151,8.035980e+00
152,8.073037e+00
153,8.107425e+00
154,8.139283e+00
155,8.168756e+00
156,8.195991e+00
157,8.221137e+00
158,8.244348e+00
159,8.265775e+00
160,8.285562e+00
161,8.303846e+00
162,8.320760e+00
163,8.336421e+00
164,8.350935e+00
165,8.364395e+00
166,8.376886e+00
167,8.388483e+00
168,8.399257e+00
169,8.409273e+00
170,8.418591e+00
171,8.427266e+00
172,8.435346e+00
173,8.442877e+00
174,8.449900e+00
175,8.456450e+00
176,8.462560e+00
177,8.468254e+00
178,8.473553e+00
179,8.478475e+00
180,8.483030e+00
181,8.487228e+00
182,8.491075e+00
183,8.494578e+00
184,8.497741e+00
185,8.500574e+00
186,8.503083e+00
187,8.505280e+00
188,8.507176e+00
189,8.508783e+00
190,8.510115e+00
191,8.511186e+00
192,8.509699e+00
193,8.493553e+00
194,8.474411e+00
195,8.462459e+00
196,8.447926e+00
197,8.431051e+00
198,8.415840e+00
199,8.403978e+00
200,8.393761e+00
201,8.383167e+00
202,8.372083e+00
203,8.362184e+00
204,8.355143e+00
205,8.351510e+00
206,8.350626e+00
207,8.351161e+00
208,8.351823e+00
209,8.351709e+00
210,8.350374e+00
211,8.347629e+00
212,8.343456e+00
213,8.337905e+00
214,8.330993e+00
215,8.322736e+00
216,8.313159e+00
217,8.302307e+00
218,8.290242e+00
219,8.276987e+00
220,8.262540e+00
221,8.246872e+00
222,8.229928e+00
223,8.211639e+00
224,8.191919e+00
225,8.170668e+00
226,8.147785e+00
227,8.123171e+00
228,8.096732e+00
229,8.068373e+00
230,8.037997e+00
231,8.005508e+00
232,7.970808e+00
233,7.933802e+00
234,7.894397e+00
235,7.852507e+00
236,7.808045e+00
237,7.760936e+00
238,7.711115e+00
239,7.658523e+00
240,7.603115e+00
241,7.544860e+00
242,7.483743e+00
243,7.419769e+00
244,7.352965e+00
245,7.283374e+00
246,7.211057e+00
247,7.136093e+00
248,7.058576e+00
249,6.978621e+00
250,6.896357e+00
251,6.811934e+00
252,6.725521e+00
253,6.637307e+00
254,6.547503e+00
255,6.456341e+00
256,3.797637e+00
257,5.989810e+00
258,6.539426e+00
259,6.681269e+00
260,6.776522e+00
261,6.863058e+00
262,6.944485e+00
263,7.022315e+00
264,7.097244e+00
265,7.169631e+00
266,7.239551e+00
267,7.307038e+00
268,7.371994e+00
269,7.434379e+00
270,7.494162e+00
271,7.551378e+00
272,7.605968e+00
273,7.657772e+00
274,7.706635e+00
275,7.752475e+00
276,7.795362e+00
277,7.835514e+00
278,7.873203e+00
279,7.908688e+00
280,7.942116e+00
281,7.973542e+00
282,8.002899e+00
283,8.030114e+00
284,8.055205e+00
285,8.078296e+00
286,8.099605e+00
287,8.119405e+00
288,8.137962e+00
289,8.155490e+00
290,8.172114e+00
291,8.187877e+00
292,8.202775e+00
293,8.216812e+00
294,8.230004e+00
295,8.242381e+00
296,8.253990e+00
297,8.264889e+00
298,8.275125e+00
299,8.284738e+00
300,8.293762e+00
301,8.302223e+00
302,8.310155e+00
303,8.317594e+00
304,8.324568e+00
305,8.331100e+00
306,8.337202e+00
307,8.342877e+00
308,8.348127e+00
309,8.352952e+00
310,8.357349e+00
311,8.361317e+00
312,8.364858e+00
313,8.367975e+00
314,8.370678e+00
315,8.372983e+00
316,8.374907e+00
317,8.376466e+00
318,8.377679e+00
319,8.378563e+00
320,8.370555e+00
321,8.322520e+00
322,8.295852e+00
323,8.285303e+00
324,8.266272e+00
325,8.252112e+00
326,8.242445e+00
327,8.233146e+00
328,8.229296e+00
329,8.235225e+00
330,8.247642e+00
331,8.260282e+00
332,8.269677e+00
333,8.275133e+00
334,8.276966e+00
335,8.275736e+00
336,8.272115e+00
337,8.266780e+00
338,8.260289e+00
339,8.253026e+00
340,8.245122e+00
341,8.236538e+00
342,8.227171e+00
343,8.216954e+00
344,8.205807e+00
345,8.193704e+00
346,8.180632e+00
347,8.166553e+00
348,8.151402e+00
349,8.135124e+00
350,8.117650e+00
351,8.098913e+00
352,8.078847e+00
353,8.057372e+00
354,8.034407e+00
355,8.009885e+00
356,7.983747e+00
357,7.955964e+00
358,7.926524e+00
359,7.895432e+00
360,7.862705e+00
361,7.828357e+00
362,7.792397e+00
363,7.754816e+00
364,7.715594e+00
365,7.674678e+00
366,7.632004e+00
367,7.587506e+00
368,7.541116e+00
369,7.492776e+00
370,7.442435e+00
371,7.390063e+00
372,7.335650e+00
373,7.279222e+00
374,7.220832e+00
375,7.160556e+00
376,7.098469e+00
377,7.034653e+00
378,6.969187e+00
379,6.902162e+00
380,6.833688e+00
381,6.763891e+00
382,6.692924e+00
383,6.620967e+00
384,4.544240e+00
385,6.095508e+00
386,6.651822e+00
387,6.784807e+00
388,6.870679e+00
389,6.941278e+00
390,7.006686e+00
391,7.070012e+00
392,7.131334e+00
393,7.190691e+00
394,7.247757e+00
395,7.302574e+00
396,7.354699e+00
397,7.403801e+00
398,7.449642e+00
399,7.492456e+00
400,7.532883e+00
401,7.571492e+00
402,7.608365e+00
403,7.643099e+00
404,7.675625e+00
405,7.706534e+00
406,7.736941e+00
407,7.767800e+00
408,7.799394e+00
409,7.831269e+00
410,7.862618e+00
411,7.892694e+00
412,7.921057e+00
413,7.947591e+00
414,7.972336e+00
415,7.995383e+00
416,8.016842e+00
417,8.036832e+00
418,8.055504e+00
419,8.072985e+00
420,8.089403e+00
421,8.104863e+00
422,8.119418e+00
423,8.133110e+00
424,8.145986e+00
425,8.158090e+00
426,8.169457e+00
427,8.180113e+00
428,8.190097e+00
429,8.199455e+00
430,8.208225e+00
431,8.216429e+00
432,8.224072e+00
433,8.231162e+00
434,8.237696e+00
435,8.243681e+00
436,8.249109e+00
437,8.253968e+00
438,8.258258e+00
439,8.261982e+00
440,8.265150e+00
441,8.267788e+00
442,8.269929e+00
443,8.271613e+00
444,8.272872e+00
445,8.273736e+00
446,8.274231e+00
447,8.274374e+00
448,8.255692e+00
449,8.176269e+00
450,8.160502e+00
451,8.135751e+00
452,8.121758e+00
453,8.129032e+00
454,8.128467e+00
455,8.136026e+00
456,8.157125e+00
457,8.176417e+00
458,8.187089e+00
459,8.190438e+00
460,8.189061e+00
461,8.185748e+00
462,8.182116e+00
463,8.178301e+00
464,8.174291e+00
465,8.169792e+00
466,8.164531e+00
467,8.158496e+00
468,8.151785e+00
469,8.144382e+00
470,8.136231e+00
471,8.127228e+00
472,8.117336e+00
473,8.106495e+00
474,8.094692e+00
475,8.081825e+00
476,8.067791e+00
477,8.052574e+00
478,8.036237e+00
479,8.018937e+00
480,8.000876e+00
481,7.982192e+00
482,7.962885e+00
483,7.942793e+00
484,7.921624e+00
485,7.899032e+00
486,7.874751e+00
487,7.848676e+00
488,7.820849e+00
489,7.791402e+00
490,7.760447e+00
491,7.728034e+00
492,7.694099e+00
493,7.658506e+00
494,7.621100e+00
495,7.581790e+00
496,7.540572e+00
497,7.497511e+00
498,7.452683e+00
499,7.406171e+00
500,7.358066e+00
501,7.308444e+00
502,7.257367e+00
503,7.204907e+00
504,7.151149e+00
505,7.096180e+00
506,7.040081e+00
507,6.982925e+00
508,6.924790e+00
509,6.865771e+00
510,6.805989e+00
511,6.745573e+00
512,4.969763e+00
513,6.244793e+00
514,6.724394e+00
515,6.866807e+00
516,6.945813e+00
517,7.002195e+00
518,7.056423e+00
519,7.108472e+00
520,7.157651e+00
521,7.204594e+00
522,7.249934e+00
523,7.292352e+00
524,7.331355e+00
525,7.367787e+00
526,7.402718e+00
527,7.436401e+00
528,7.469534e+00
529,7.504033e+00
530,7.541908e+00
531,7.583338e+00
532,7.626521e+00
533,7.669022e+00
534,7.709181e+00
535,7.746402e+00
536,7.780723e+00
537,7.812312e+00
538,7.841426e+00
539,7.868388e+00
540,7.893523e+00
541,7.917128e+00
542,7.939410e+00
543,7.960482e+00
544,7.980372e+00
545,7.999077e+00
546,8.016615e+00
547,8.033027e+00
548,8.048378e+00
549,8.062737e+00
550,8.076143e+00
551,8.088615e+00
552,8.100148e+00
553,8.110749e+00
554,8.120410e+00
555,8.129122e+00
556,8.136878e+00
557,8.143690e+00
558,8.149603e+00
559,8.154703e+00
560,8.159097e+00
561,8.162910e+00
562,8.166289e+00
563,8.169368e+00
564,8.172255e+00
565,8.175030e+00
566,8.177726e+00
567,8.180333e+00
568,8.182800e+00
569,8.185048e+00
570,8.186998e+00
571,8.188595e+00
572,8.189809e+00
573,8.190667e+00
574,8.191230e+00
575,8.191567e+00
576,8.163052e+00
577,8.066888e+00
578,8.069651e+00
579,8.036352e+00
580,8.054931e+00
581,8.054683e+00
582,8.063123e+00
583,8.101089e+00
584,8.126756e+00
585,8.138111e+00
586,8.141263e+00
587,8.140749e+00
588,8.139234e+00
589,8.137189e+00
590,8.134205e+00
591,8.130369e+00
592,8.125741e+00
593,8.120235e+00
594,8.113997e+00
595,8.106951e+00
596,8.098966e+00
597,8.090031e+00
598,8.080082e+00
599,8.068986e+00
600,8.056659e+00
601,8.043199e+00
602,8.028816e+00
603,8.013733e+00
604,7.997942e+00
605,7.981192e+00
606,7.963136e+00
607,7.943724e+00
608,7.923320e+00
609,7.902489e+00
610,7.881687e+00
611,7.860922e+00
612,7.839856e+00
613,7.817997e+00
614,7.794975e+00
615,7.770636e+00
616,7.744970e+00
617,7.718041e+00
618,7.689914e+00
619,7.660593e+00
620,7.630083e+00
621,7.598401e+00
622,7.565545e+00
623,7.531478e+00
624,7.496157e+00
625,7.459528e+00
626,7.421547e+00
627,7.382190e+00
628,7.341490e+00
629,7.299500e+00
630,7.256277e+00
631,7.211875e+00
632,7.166364e+00
633,7.119799e+00
634,7.072245e+00
635,7.023768e+00
636,6.974441e+00
637,6.924348e+00
638,6.873557e+00
639,6.822153e+00
640,5.240411e+00
641,6.335787e+00
642,6.775235e+00
643,6.923376e+00
644,6.989227e+00
645,7.036421e+00
646,7.079281e+00
647,7.117834e+00
648,7.155156e+00
649,7.189642e+00
650,7.219146e+00
651,7.246446e+00
652,7.275026e+00
653,7.305977e+00
654,7.339329e+00
655,7.377285e+00
656,7.420823e+00
657,7.466937e+00
658,7.511330e+00
659,7.551565e+00
660,7.587251e+00
661,7.619159e+00
662,7.648437e+00
663,7.676309e+00
664,7.703478e+00
665,7.729948e+00
666,7.755574e+00
667,7.780286e+00
668,7.803941e+00
669,7.826512e+00
670,7.848088e+00
671,7.868782e+00
672,7.888611e+00
673,7.907573e+00
674,7.925651e+00
675,7.942790e+00
676,7.958944e+00
677,7.974101e+00
678,7.988272e+00
679,8.001559e+00
680,8.014168e+00
681,8.026367e+00
682,8.038426e+00
683,8.050562e+00
684,8.062843e+00
685,8.075169e+00
686,8.087305e+00
687,8.098936e+00
688,8.109812e+00
689,8.119788e+00
690,8.128876e+00
691,8.137169e+00
692,8.144776e+00
693,8.151717e+00
694,8.157923e+00
695,8.163253e+00
696,8.167566e+00
697,8.170785e+00
698,8.172924e+00
699,8.174100e+00
700,8.174463e+00
701,8.174159e+00
702,8.173315e+00
703,8.172034e+00
704,8.129994e+00
705,8.020896e+00
706,8.013498e+00
707,8.001986e+00
708,8.058391e+00
709,8.035162e+00
710,8.070657e+00
711,8.095670e+00
712,8.104513e+00
713,8.107475e+00
714,8.108871e+00
715,8.108821e+00
716,8.107230e+00
717,8.104426e+00
718,8.100659e+00
719,8.096297e+00
720,8.090954e+00
721,8.084761e+00
722,8.077588e+00
723,8.069542e+00
724,8.060392e+00
725,8.049615e+00
726,8.037267e+00
727,8.023624e+00
728,8.008865e+00
729,7.993009e+00
730,7.976366e+00
731,7.959890e+00
732,7.944632e+00
733,7.930914e+00
734,7.918098e+00
735,7.905163e+00
736,7.891354e+00
737,7.876416e+00
738,7.860389e+00
739,7.843372e+00
740,7.825279e+00
741,7.806078e+00
742,7.785755e+00
743,7.764326e+00
744,7.741748e+00
745,7.717973e+00
746,7.692896e+00
747,7.666463e+00
748,7.638648e+00
749,7.609450e+00
750,7.578906e+00
751,7.547054e+00
752,7.513885e+00
753,7.479360e+00
754,7.443438e+00
755,7.406099e+00
756,7.367333e+00
757,7.327146e+00
758,7.285564e+00
759,7.242658e+00
760,7.198534e+00
761,7.153342e+00
762,7.107241e+00
763,7.060421e+00
764,7.013094e+00
765,6.965479e+00
766,6.917769e+00
767,6.870119e+00
768,5.399275e+00
769,6.439044e+00
770,6.778713e+00
771,6.947206e+00
772,7.005431e+00
773,7.044445e+00
774,7.080892e+00
775,7.117048e+00
776,7.150612e+00
777,7.175734e+00
778,7.196719e+00
779,7.221175e+00
780,7.252844e+00
781,7.295740e+00
782,7.350214e+00
783,7.408384e+00
784,7.461410e+00
785,7.507482e+00
786,7.547504e+00
787,7.583083e+00
788,7.615603e+00
789,7.646303e+00
790,7.675646e+00
791,7.703620e+00
792,7.730225e+00
793,7.755438e+00
794,7.779351e+00
795,7.802074e+00
796,7.823594e+00
797,7.843904e+00
798,7.862954e+00
799,7.880768e+00
800,7.897393e+00
801,7.912944e+00
802,7.927593e+00
803,7.941637e+00
804,7.955384e+00
805,7.969085e+00
806,7.982745e+00
807,7.996111e+00
808,8.008732e+00
809,8.020247e+00
810,8.030599e+00
811,8.040043e+00
812,8.048929e+00
813,8.057416e+00
814,8.065428e+00
815,8.072707e+00
816,8.079015e+00
817,8.084291e+00
818,8.088636e+00
819,8.092242e+00
820,8.095303e+00
821,8.097961e+00
822,8.100279e+00
823,8.102267e+00
824,8.103885e+00
825,8.105088e+00
826,8.105826e+00
827,8.106053e+00
828,8.105755e+00
829,8.104933e+00
830,8.103572e+00
831,8.101682e+00
832,8.047594e+00
833,7.922752e+00
834,7.908194e+00
835,7.960067e+00
836,7.979804e+00
837,7.977383e+00
838,8.033613e+00
839,8.043924e+00
840,8.051813e+00
841,8.057792e+00
842,8.061362e+00
843,8.062389e+00
844,8.062301e+00
845,8.061020e+00
846,8.058343e+00
847,8.054308e+00
848,8.049008e+00
849,8.041837e+00
850,8.032005e+00
851,8.019700e+00
852,8.005818e+00
853,7.991487e+00
854,7.976985e+00
855,7.962625e+00
856,7.949563e+00
857,7.939206e+00
858,7.931216e+00
859,7.923785e+00
860,7.915047e+00
861,7.904099e+00
862,7.890970e+00
863,7.876102e+00
864,7.860048e+00
865,7.843284e+00
866,7.826092e+00
867,7.808367e+00
868,7.789884e+00
869,7.770497e+00
870,7.750210e+00
871,7.729041e+00
872,7.707013e+00
873,7.684124e+00
874,7.660369e+00
875,7.635616e+00
876,7.609786e+00
877,7.582810e+00
878,7.554621e+00
879,7.525150e+00
880,7.494368e+00
881,7.462302e+00
882,7.429122e+00
883,7.395084e+00
884,7.360464e+00
885,7.325531e+00
886,7.290486e+00
887,7.255392e+00
888,7.220159e+00
889,7.184609e+00
890,7.148551e+00
891,7.111888e+00
892,7.074660e+00
893,7.037035e+00
894,6.999210e+00
895,6.961325e+00
896,5.657887e+00
897,6.514795e+00
898,6.902672e+00
899,7.028831e+00
900,7.090676e+00
901,7.124704e+00
902,7.154471e+00
903,7.187236e+00
904,7.205348e+00
905,7.223611e+00
906,7.252438e+00
907,7.284650e+00
908,7.322509e+00
909,7.370280e+00
910,7.417120e+00
911,7.457658e+00
912,7.493509e+00
913,7.526104e+00
914,7.556592e+00
915,7.586050e+00
916,7.614139e+00
917,7.640923e+00
918,7.666301e+00
919,7.690359e+00
920,7.713174e+00
921,7.734834e+00
922,7.755232e+00
923,7.774354e+00
924,7.792327e+00
925,7.809393e+00
926,7.825649e+00
927,7.841153e+00
928,7.856112e+00
929,7.870655e+00
930,7.884695e+00
931,7.897958e+00
932,7.910237e+00
933,7.921683e+00
934,7.932705e+00
935,7.943600e+00
936,7.954247e+00
937,7.964314e+00
938,7.973653e+00
939,7.982378e+00
940,7.990765e+00
941,7.998947e+00
942,8.006932e+00
943,8.014614e+00
944,8.021902e+00
945,8.028766e+00
946,8.035142e+00
947,8.040916e+00
948,8.045930e+00
949,8.050069e+00
950,8.053282e+00
951,8.055548e+00
952,8.056886e+00
953,8.057333e+00
954,8.056953e+00
955,8.055812e+00
956,8.053940e+00
957,8.051371e+00
958,8.048161e+00
959,8.044339e+00
960,7.965844e+00
961,7.823170e+00
962,7.832586e+00
963,7.947080e+00
964,7.890345e+00
965,7.939221e+00
966,7.966908e+00
967,7.979889e+00
968,7.981645e+00
969,7.984901e+00
970,7.982596e+00
971,7.978615e+00
972,7.974436e+00
973,7.969396e+00
974,7.963425e+00
975,7.956386e+00
976,7.946465e+00
977,7.932267e+00
978,7.914701e+00
979,7.896044e+00
980,7.879674e+00
981,7.869045e+00
982,7.865709e+00
983,7.867784e+00
984,7.871046e+00
985,7.872008e+00
986,7.869837e+00
987,7.864921e+00
988,7.857720e+00
989,7.848565e+00
990,7.837903e+00
991,7.826083e+00
992,7.813238e+00
993,7.799407e+00
994,7.784717e+00
995,7.769259e+00
996,7.753074e+00
997,7.736150e+00
998,7.718413e+00
999,7.699733e+00
1000,7.680044e+00
1001,7.659372e+00
1002,7.637743e+00
1003,7.615226e+00
1004,7.591995e+00
1005,7.568292e+00
1006,7.544481e+00
1007,7.520824e+00
1008,7.497393e+00
1009,7.473997e+00
1010,7.450178e+00
1011,7.425452e+00
1012,7.399515e+00
1013,7.372399e+00
1014,7.344390e+00
1015,7.315745e+00
1016,7.286486e+00
1017,7.256406e+00
1018,7.225195e+00
1019,7.192665e+00
1020,7.158865e+00
1021,7.124057e+00
1022,7.088595e+00
1023,7.052782e+00
1024,5.912014e+00
1025,6.608564e+00
1026,6.959174e+00
1027,7.096855e+00
1028,7.147770e+00
1029,7.169996e+00
1030,7.194676e+00
1031,7.202430e+00
1032,7.217318e+00
1033,7.248767e+00
1034,7.279840e+00
1035,7.317628e+00
1036,7.370970e+00
1037,7.416771e+00
1038,7.452604e+00
1039,7.485543e+00
1040,7.516861e+00
1041,7.547627e+00
1042,7.576694e+00
1043,7.604433e+00
1044,7.630738e+00
1045,7.655734e+00
1046,7.679132e+00
1047,7.701066e+00
1048,7.721602e+00
1049,7.740809e+00
1050,7.758476e+00
1051,7.774619e+00
1052,7.789438e+00
1053,7.803293e+00
1054,7.816638e+00
1055,7.829195e+00
1056,7.840574e+00
1057,7.851048e+00
1058,7.861586e+00
1059,7.873208e+00
1060,7.885902e+00
1061,7.898650e+00
1062,7.910393e+00
1063,7.920644e+00
1064,7.929530e+00
1065,7.937441e+00
1066,7.944721e+00
1067,7.951581e+00
1068,7.958091e+00
1069,7.964179e+00
1070,7.969691e+00
1071,7.974466e+00
1072,7.978504e+00
1073,7.981902e+00
1074,7.984717e+00
1075,7.986987e+00
1076,7.988747e+00
1077,7.989920e+00
1078,7.990412e+00
1079,7.990144e+00
1080,7.989031e+00
1081,7.987027e+00
1082,7.984133e+00
1083,7.980407e+00
1084,7.975969e+00
1085,7.971024e+00
1086,7.965764e+00
1087,7.960345e+00
1088,7.869646e+00
1089,7.703370e+00
1090,7.713890e+00
1091,7.869252e+00
1092,7.805466e+00
1093,7.901180e+00
1094,7.890514e+00
1095,7.908359e+00
1096,7.923892e+00
1097,7.933652e+00
1098,7.938184e+00
1099,7.942894e+00
1100,7.947587e+00
1101,7.953131e+00
1102,7.956686e+00
1103,7.954434e+00
1104,7.946753e+00
1105,7.937532e+00
1106,7.930563e+00
1107,7.926937e+00
1108,7.927347e+00
1109,7.930988e+00
1110,7.934688e+00
1111,7.936296e+00
1112,7.935697e+00
1113,7.933307e+00
1114,7.929077e+00
1115,7.923253e+00
1116,7.916135e+00
1117,7.907759e+00
1118,7.898015e+00
1119,7.887026e+00
1120,7.874922e+00
1121,7.861701e+00
1122,7.847299e+00
1123,7.831633e+00
1124,7.814612e+00
1125,7.796247e+00
1126,7.776681e+00
1127,7.756177e+00
1128,7.735053e+00
1129,7.713649e+00
1130,7.692329e+00
1131,7.671390e+00
1132,7.650735e+00
1133,7.629973e+00
1134,7.608531e+00
1135,7.585966e+00
1136,7.562172e+00
1137,7.537263e+00
1138,7.511333e+00
1139,7.484341e+00
1140,7.456214e+00
1141,7.427077e+00
1142,7.397153e+00
1143,7.366679e+00
1144,7.335834e+00
1145,7.304723e+00
1146,7.273434e+00
1147,7.242051e+00
1148,7.210643e+00
1149,7.179211e+00
1150,7.147649e+00
1151,7.115820e+00
1152,6.068384e+00
1153,6.681264e+00
1154,7.044488e+00
1155,7.131306e+00
1156,7.196138e+00
1157,7.203564e+00
1158,7.229311e+00
1159,7.239281e+00
1160,7.275741e+00
1161,7.305611e+00
1162,7.328593e+00
1163,7.376404e+00
1164,7.420449e+00
1165,7.457482e+00
1166,7.491657e+00
1167,7.520696e+00
1168,7.547942e+00
1169,7.573776e+00
1170,7.598345e+00
1171,7.621529e+00
1172,7.643593e+00
1173,7.664603e+00
1174,7.684384e+00
1175,7.702945e+00
1176,7.719824e+00
1177,7.734196e+00
1178,7.745841e+00
1179,7.754945e+00
1180,7.762408e+00
1181,7.769925e+00
1182,7.779607e+00
1183,7.793104e+00
1184,7.810177e+00
1185,7.828585e+00
1186,7.846089e+00
1187,7.861736e+00
1188,7.875729e+00
1189,7.888464e+00
1190,7.900124e+00
1191,7.910703e+00
1192,7.920197e+00
1193,7.928622e+00
1194,7.935989e+00
1195,7.942349e+00
1196,7.947838e+00
1197,7.952610e+00
1198,7.956742e+00
1199,7.960210e+00
1200,7.962964e+00
1201,7.964885e+00
1202,7.965858e+00
1203,7.965849e+00
1204,7.964899e+00
1205,7.963136e+00
1206,7.960672e+00
1207,7.957744e+00
1208,7.954573e+00
1209,7.951354e+00
1210,7.948127e+00
1211,7.944837e+00
1212,7.941304e+00
1213,7.937319e+00
1214,7.932768e+00
1215,7.927676e+00
1216,7.824526e+00
1217,7.661277e+00
1218,7.729359e+00
1219,7.825294e+00
1220,7.753857e+00
1221,7.884611e+00
1222,7.890405e+00
1223,7.899603e+00
1224,7.909845e+00
1225,7.915045e+00
1226,7.918595e+00
1227,7.917843e+00
1228,7.916483e+00
1229,7.909138e+00
1230,7.894417e+00
1231,7.878614e+00
1232,7.867078e+00
1233,7.860247e+00
1234,7.858737e+00
1235,7.864153e+00
1236,7.871878e+00
1237,7.875299e+00
1238,7.874551e+00
1239,7.872090e+00
1240,7.868521e+00
1241,7.864213e+00
1242,7.858893e+00
1243,7.852556e+00
1244,7.845475e+00
1245,7.837621e+00
1246,7.828909e+00
1247,7.819113e+00
1248,7.808078e+00
1249,7.795859e+00
1250,7.782674e+00
1251,7.768634e+00
1252,7.753944e+00
1253,7.738924e+00
1254,7.724036e+00
1255,7.709618e+00
1256,7.695478e+00
1257,7.680856e+00
1258,7.664925e+00
1259,7.647534e+00
1260,7.629310e+00
1261,7.611091e+00
1262,7.593107e+00
1263,7.574800e+00
1264,7.555358e+00
1265,7.534362e+00
1266,7.511894e+00
1267,7.488290e+00
1268,7.463911e+00
1269,7.438978e+00
1270,7.413516e+00
1271,7.387487e+00
1272,7.360779e+00
1273,7.333363e+00
1274,7.305205e+00
1275,7.276348e+00
1276,7.246896e+00
1277,7.216908e+00
1278,7.186474e+00
1279,7.155658e+00
1280,6.179370e+00
1281,6.736525e+00
1282,7.084927e+00
1283,7.140860e+00
1284,7.205866e+00
1285,7.195058e+00
1286,7.215472e+00
1287,7.242705e+00
1288,7.287679e+00
1289,7.301809e+00
1290,7.342404e+00
1291,7.383712e+00
1292,7.408792e+00
1293,7.435761e+00
1294,7.461911e+00
1295,7.488945e+00
1296,7.511728e+00
1297,7.532514e+00
1298,7.553682e+00
1299,7.575255e+00
1300,7.597198e+00
1301,7.619552e+00
1302,7.641258e+00
1303,7.660430e+00
1304,7.676046e+00
1305,7.688930e+00
1306,7.701002e+00
1307,7.713677e+00
1308,7.727977e+00
1309,7.743734e+00
1310,7.760350e+00
1311,7.776598e+00
1312,7.791997e+00
1313,7.806878e+00
1314,7.821355e+00
1315,7.835079e+00
1316,7.847846e+00
1317,7.859539e+00
1318,7.869984e+00
1319,7.879056e+00
1320,7.886837e+00
1321,7.893606e+00
1322,7.899625e+00
1323,7.904960e+00
1324,7.909472e+00
1325,7.912944e+00
1326,7.915221e+00
1327,7.916328e+00
1328,7.916449e+00
1329,7.915879e+00
1330,7.914993e+00
1331,7.914176e+00
1332,7.913828e+00
1333,7.914262e+00
1334,7.915531e+00
1335,7.917341e+00
1336,7.919213e+00
1337,7.920668e+00
1338,7.921403e+00
1339,7.921350e+00
1340,7.920584e+00
1341,7.919145e+00
1342,7.916965e+00
1343,7.913943e+00
1344,7.804944e+00
1345,7.653422e+00
1346,7.746289e+00
1347,7.787440e+00
1348,7.782408e+00
1349,7.842618e+00
1350,7.872447e+00
1351,7.883693e+00
1352,7.899406e+00
1353,7.905720e+00
1354,7.906976e+00
1355,7.908622e+00
1356,7.908557e+00
1357,7.900345e+00
1358,7.892997e+00
1359,7.889779e+00
1360,7.887597e+00
1361,7.887748e+00
1362,7.893711e+00
1363,7.899645e+00
1364,7.902479e+00
1365,7.904775e+00
1366,7.905193e+00
1367,7.902459e+00
1368,7.897428e+00
1369,7.891006e+00
1370,7.883894e+00
1371,7.876036e+00
1372,7.867193e+00
1373,7.857336e+00
1374,7.846542e+00
1375,7.834874e+00
1376,7.822329e+00
1377,7.808894e+00
1378,7.794177e+00
1379,7.778155e+00
1380,7.760654e+00
1381,7.741648e+00
1382,7.721295e+00
1383,7.700444e+00
1384,7.680430e+00
1385,7.662306e+00
1386,7.645719e+00
1387,7.629225e+00
1388,7.611547e+00
1389,7.592444e+00
1390,7.572532e+00
1391,7.552309e+00
1392,7.531847e+00
1393,7.511032e+00
1394,7.489715e+00
1395,7.467741e+00
1396,7.445039e+00
1397,7.421588e+00
1398,7.397469e+00
1399,7.372782e+00
1400,7.347567e+00
1401,7.321845e+00
1402,7.295582e+00
1403,7.268760e+00
1404,7.241329e+00
1405,7.213241e+00
1406,7.184513e+00
1407,7.155255e+00
1408,6.184442e+00
1409,6.776546e+00
1410,7.092485e+00
1411,7.118251e+00
1412,7.182801e+00
1413,7.164785e+00
1414,7.177652e+00
1415,7.223080e+00
1416,7.249301e+00
1417,7.282591e+00
1418,7.344489e+00
1419,7.369818e+00
1420,7.398502e+00
1421,7.426348e+00
1422,7.458055e+00
1423,7.487518e+00
1424,7.515132e+00
1425,7.540362e+00
1426,7.564317e+00
1427,7.587810e+00
1428,7.609107e+00
1429,7.625162e+00
1430,7.636097e+00
1431,7.644576e+00
1432,7.653433e+00
1433,7.664655e+00
1434,7.679467e+00
1435,7.698582e+00
1436,7.720248e+00
1437,7.740795e+00
1438,7.758784e+00
1439,7.775059e+00
1440,7.790747e+00
1441,7.805724e+00
1442,7.819728e+00
1443,7.832584e+00
1444,7.844224e+00
1445,7.855016e+00
1446,7.865209e+00
1447,7.874817e+00
1448,7.883607e+00
1449,7.891278e+00
1450,7.897659e+00
1451,7.902773e+00
1452,7.906865e+00
1453,7.910278e+00
1454,7.913389e+00
1455,7.916603e+00
1456,7.920348e+00
1457,7.924893e+00
1458,7.930000e+00
1459,7.934909e+00
1460,7.938824e+00
1461,7.941416e+00
1462,7.943063e+00
1463,7.944374e+00
1464,7.945647e+00
1465,7.946643e+00
1466,7.946742e+00
1467,7.945463e+00
1468,7.942661e+00
1469,7.938530e+00
1470,7.933429e+00
1471,7.927662e+00
1472,7.815382e+00
1473,7.666434e+00
1474,7.792433e+00
1475,7.765884e+00
1476,7.815080e+00
1477,7.834035e+00
1478,7.894814e+00
1479,7.893671e+00
1480,7.901089e+00
1481,7.907251e+00
1482,7.902299e+00
1483,7.899591e+00
1484,7.890358e+00
1485,7.887393e+00
1486,7.890104e+00
1487,7.889180e+00
1488,7.888700e+00
1489,7.896175e+00
1490,7.901936e+00
1491,7.903577e+00
1492,7.904565e+00
1493,7.903080e+00
1494,7.900332e+00
1495,7.896344e+00
1496,7.890239e+00
1497,7.882803e+00
1498,7.874642e+00
1499,7.865796e+00
1500,7.856421e+00
1501,7.846639e+00
1502,7.837039e+00
1503,7.827031e+00
1504,7.816140e+00
1505,7.803806e+00
1506,7.790332e+00
1507,7.776141e+00
1508,7.761505e+00
1509,7.746795e+00
1510,7.731981e+00
1511,7.717099e+00
1512,7.701946e+00
1513,7.686380e+00
1514,7.670727e+00
1515,7.655204e+00
1516,7.639736e+00
1517,7.624054e+00
1518,7.607774e+00
1519,7.590546e+00
1520,7.571975e+00
1521,7.551748e+00
1522,7.529881e+00
1523,7.506639e+00
1524,7.482295e+00
1525,7.456966e+00
1526,7.430627e+00
1527,7.403138e+00
1528,7.374419e+00
1529,7.344505e+00
1530,7.313582e+00
1531,7.281934e+00
1532,7.249907e+00
1533,7.217882e+00
1534,7.186225e+00
1535,7.155230e+00
1536,6.201403e+00
1537,6.816385e+00
1538,7.075380e+00
1539,7.114534e+00
1540,7.157045e+00
1541,7.149592e+00
1542,7.166444e+00
1543,7.211977e+00
1544,7.229400e+00
1545,7.302258e+00
1546,7.351084e+00
1547,7.376280e+00
1548,7.409580e+00
1549,7.442222e+00
1550,7.472210e+00
1551,7.500511e+00
1552,7.528094e+00
1553,7.554444e+00
1554,7.580260e+00
1555,7.603277e+00
1556,7.621178e+00
1557,7.636345e+00
1558,7.651440e+00
1559,7.667625e+00
1560,7.684915e+00
1561,7.704164e+00
1562,7.725265e+00
1563,7.745708e+00
1564,7.764700e+00
1565,7.783571e+00
1566,7.802096e+00
1567,7.818749e+00
1568,7.832764e+00
1569,7.844477e+00
1570,7.854841e+00
1571,7.864551e+00
1572,7.873859e+00
1573,7.882606e+00
1574,7.890600e+00
1575,7.897839e+00
1576,7.904501e+00
1577,7.910765e+00
1578,7.916685e+00
1579,7.922326e+00
1580,7.927603e+00
1581,7.932296e+00
1582,7.936068e+00
1583,7.938579e+00
1584,7.939707e+00
1585,7.939944e+00
1586,7.940215e+00
1587,7.941129e+00
1588,7.942321e+00
1589,7.942699e+00
1590,7.941460e+00
1591,7.938674e+00
1592,7.934994e+00
1593,7.931055e+00
1594,7.927007e+00
1595,7.922755e+00
1596,7.918158e+00
1597,7.913149e+00
1598,7.907684e+00
1599,7.901748e+00
1600,7.778406e+00
1601,7.617228e+00
1602,7.788483e+00
1603,7.726533e+00
1604,7.827203e+00
1605,7.807267e+00
1606,7.876120e+00
1607,7.879972e+00
1608,7.887664e+00
1609,7.885068e+00
1610,7.885602e+00
1611,7.883067e+00
1612,7.879950e+00
1613,7.887280e+00
1614,7.888999e+00
1615,7.892329e+00
1616,7.905792e+00
1617,7.912037e+00
1618,7.911379e+00
1619,7.912716e+00
1620,7.912813e+00
1621,7.912403e+00
1622,7.910523e+00
1623,7.907422e+00
1624,7.903573e+00
1625,7.898862e+00
1626,7.893084e+00
1627,7.886747e+00
1628,7.879467e+00
1629,7.869926e+00
1630,7.857507e+00
1631,7.842272e+00
1632,7.825300e+00
1633,7.807494e+00
1634,7.790114e+00
1635,7.774120e+00
1636,7.760257e+00
1637,7.747539e+00
1638,7.734195e+00
1639,7.719502e+00
1640,7.704089e+00
1641,7.688692e+00
1642,7.673197e+00
1643,7.657063e+00
1644,7.639944e+00
1645,7.621599e+00
1646,7.602166e+00
1647,7.581991e+00
1648,7.561187e+00
1649,7.539730e+00
1650,7.517447e+00
1651,7.494011e+00
1652,7.469255e+00
1653,7.443221e+00
1654,7.416147e+00
1655,7.388427e+00
1656,7.360491e+00
1657,7.332754e+00
1658,7.305610e+00
1659,7.279303e+00
1660,7.253702e+00
1661,7.228315e+00
1662,7.202557e+00
1663,7.176279e+00
1664,6.294287e+00
1665,6.827774e+00
1666,7.135562e+00
1667,7.122450e+00
1668,7.206219e+00
1669,7.215720e+00
1670,7.240340e+00
1671,7.247780e+00
1672,7.282573e+00
1673,7.364253e+00
1674,7.384255e+00
1675,7.424276e+00
1676,7.452573e+00
1677,7.481166e+00
1678,7.507057e+00
1679,7.533523e+00
1680,7.554355e+00
1681,7.575000e+00
1682,7.593560e+00
1683,7.607088e+00
1684,7.621277e+00
1685,7.638127e+00
1686,7.655159e+00
1687,7.671198e+00
1688,7.688813e+00
1689,7.707781e+00
1690,7.725556e+00
1691,7.742815e+00
1692,7.760521e+00
1693,7.776576e+00
1694,7.790575e+00
1695,7.802922e+00
1696,7.813827e+00
1697,7.823745e+00
1698,7.833187e+00
1699,7.841865e+00
1700,7.849601e+00
1701,7.856162e+00
1702,7.861753e+00
1703,7.866956e+00
1704,7.871935e+00
1705,7.876657e+00
1706,7.881067e+00
1707,7.885058e+00
1708,7.888535e+00
1709,7.891266e+00
1710,7.893159e+00
1711,7.894220e+00
1712,7.894642e+00
1713,7.894630e+00
1714,7.894255e+00
1715,7.893660e+00
1716,7.893115e+00
1717,7.892688e+00
1718,7.892319e+00
1719,7.891937e+00
1720,7.891357e+00
1721,7.890268e+00
1722,7.888250e+00
1723,7.884970e+00
1724,7.880375e+00
1725,7.874617e+00
1726,7.867849e+00
1727,7.860202e+00
1728,7.707483e+00
1729,7.557423e+00
1730,7.777085e+00
1731,7.644792e+00
1732,7.792590e+00
1733,7.777227e+00
1734,7.809897e+00
1735,7.818832e+00
1736,7.822608e+00
1737,7.802914e+00
1738,7.798927e+00
1739,7.785743e+00
1740,7.790859e+00
1741,7.797528e+00
1742,7.801024e+00
1743,7.817480e+00
1744,7.824450e+00
1745,7.819100e+00
1746,7.818412e+00
1747,7.819681e+00
1748,7.823061e+00
1749,7.824032e+00
1750,7.822876e+00
1751,7.820800e+00
1752,7.817563e+00
1753,7.813505e+00
1754,7.808568e+00
1755,7.801546e+00
1756,7.791469e+00
1757,7.779205e+00
1758,7.766280e+00
1759,7.753225e+00
1760,7.740326e+00
1761,7.727887e+00
1762,7.716495e+00
1763,7.705504e+00
1764,7.694493e+00
1765,7.683869e+00
1766,7.674374e+00
1767,7.665311e+00
1768,7.655357e+00
1769,7.643360e+00
1770,7.629421e+00
1771,7.614153e+00
1772,7.598300e+00
1773,7.582306e+00
1774,7.566238e+00
1775,7.549787e+00
1776,7.532928e+00
1777,7.515630e+00
1778,7.498102e+00
1779,7.480612e+00
1780,7.463311e+00
1781,7.446327e+00
1782,7.429615e+00
1783,7.412905e+00
1784,7.395776e+00
1785,7.377881e+00
1786,7.359154e+00
1787,7.340080e+00
1788,7.321462e+00
1789,7.303685e+00
1790,7.286317e+00
1791,7.268382e+00
1792,6.503349e+00
1793,6.880797e+00
1794,7.251041e+00
1795,7.216955e+00
1796,7.262339e+00
1797,7.295284e+00
1798,7.307610e+00
1799,7.305247e+00
1800,7.357895e+00
1801,7.388545e+00
1802,7.412037e+00
1803,7.450954e+00
1804,7.477582e+00
1805,7.499919e+00
1806,7.522506e+00
1807,7.541202e+00
1808,7.559802e+00
1809,7.577113e+00
1810,7.590584e+00
1811,7.606000e+00
1812,7.622684e+00
1813,7.638369e+00
1814,7.655400e+00
1815,7.677093e+00
1816,7.698631e+00
1817,7.716779e+00
1818,7.735042e+00
1819,7.752779e+00
1820,7.767985e+00
1821,7.781333e+00
1822,7.793060e+00
1823,7.803525e+00
1824,7.813414e+00
1825,7.822647e+00
1826,7.830855e+00
1827,7.838013e+00
1828,7.844621e+00
1829,7.850559e+00
1830,7.855772e+00
1831,7.859888e+00
1832,7.862892e+00
1833,7.864762e+00
1834,7.865459e+00
1835,7.865278e+00
1836,7.864989e+00
1837,7.865278e+00
1838,7.866045e+00
1839,7.866568e+00
1840,7.866155e+00
1841,7.865033e+00
1842,7.863783e+00
1843,7.862535e+00
1844,7.860958e+00
1845,7.858621e+00
1846,7.855241e+00
1847,7.850703e+00
1848,7.845094e+00
1849,7.838651e+00
1850,7.831515e+00
1851,7.823623e+00
1852,7.814837e+00
1853,7.805026e+00
1854,7.794133e+00
1855,7.782242e+00
1856,7.589957e+00
1857,7.424666e+00
1858,7.696270e+00
1859,7.576493e+00
1860,7.707672e+00
1861,7.668205e+00
1862,7.700663e+00
1863,7.717124e+00
1864,7.703562e+00
1865,7.682843e+00
1866,7.670886e+00
1867,7.657925e+00
1868,7.664308e+00
1869,7.672706e+00
1870,7.712821e+00
1871,7.752120e+00
1872,7.762233e+00
1873,7.772070e+00
1874,7.782900e+00
1875,7.793555e+00
1876,7.802172e+00
1877,7.811380e+00
1878,7.819300e+00
1879,7.823665e+00
1880,7.826772e+00
1881,7.829165e+00
1882,7.828746e+00
1883,7.826124e+00
1884,7.823573e+00
1885,7.821220e+00
1886,7.817887e+00
1887,7.813067e+00
1888,7.807532e+00
1889,7.802232e+00
1890,7.796624e+00
1891,7.791031e+00
1892,7.786353e+00
1893,7.781682e+00
1894,7.775624e+00
1895,7.767582e+00
1896,7.757507e+00
1897,7.746095e+00
1898,7.734094e+00
1899,7.721910e+00
1900,7.709424e+00
1901,7.696233e+00
1902,7.682157e+00
1903,7.667114e+00
1904,7.651347e+00
1905,7.635222e+00
1906,7.618906e+00
1907,7.602501e+00
1908,7.585919e+00
1909,7.568958e+00
1910,7.551256e+00
1911,7.532488e+00
1912,7.512660e+00
1913,7.491954e+00
1914,7.470574e+00
1915,7.448575e+00
1916,7.425935e+00
1917,7.402793e+00
1918,7.379390e+00
1919,7.355859e+00
1920,6.668888e+00
1921,6.987291e+00
1922,7.301077e+00
1923,7.298806e+00
1924,7.306761e+00
1925,7.369069e+00
1926,7.385936e+00
1927,7.353530e+00
1928,7.442350e+00
1929,7.463958e+00
1930,7.504691e+00
1931,7.523848e+00
1932,7.548425e+00
1933,7.572149e+00
1934,7.591302e+00
1935,7.605007e+00
1936,7.621261e+00
1937,7.634850e+00
1938,7.651522e+00
1939,7.671207e+00
1940,7.687941e+00
1941,7.704476e+00
1942,7.723380e+00
1943,7.737393e+00
1944,7.746619e+00
1945,7.758015e+00
1946,7.770389e+00
1947,7.782437e+00
1948,7.793506e+00
1949,7.802105e+00
1950,7.809685e+00
1951,7.816722e+00
1952,7.823270e+00
1953,7.828827e+00
1954,7.833626e+00
1955,7.837641e+00
1956,7.840125e+00
1957,7.840833e+00
1958,7.840453e+00
1959,7.839284e+00
1960,7.837452e+00
1961,7.834772e+00
1962,7.831456e+00
1963,7.827840e+00
1964,7.824234e+00
1965,7.821006e+00
1966,7.819059e+00
1967,7.818813e+00
1968,7.819504e+00
1969,7.820026e+00
1970,7.819161e+00
1971,7.816501e+00
1972,7.812315e+00
1973,7.807031e+00
1974,7.801060e+00
1975,7.794622e+00
1976,7.787716e+00
1977,7.780226e+00
1978,7.772105e+00
1979,7.763401e+00
1980,7.754310e+00
1981,7.745003e+00
1982,7.735562e+00
1983,7.726127e+00
1984,7.532732e+00
1985,7.364071e+00
1986,7.639483e+00
1987,7.535286e+00
1988,7.682994e+00
1989,7.671606e+00
1990,7.660897e+00
1991,7.727710e+00
1992,7.727737e+00
1993,7.728137e+00
1994,7.738410e+00
1995,7.743779e+00
1996,7.741376e+00
1997,7.761053e+00
1998,7.790568e+00
1999,7.794758e+00
2000,7.807186e+00
2001,7.821352e+00
2002,7.827776e+00
2003,7.831334e+00
2004,7.833825e+00
2005,7.836576e+00
2006,7.837077e+00
2007,7.836612e+00
2008,7.835038e+00
2009,7.830621e+00
2010,7.825122e+00
2011,7.819743e+00
2012,7.813646e+00
2013,7.806571e+00
2014,7.799984e+00
2015,7.795246e+00
2016,7.791021e+00
2017,7.787151e+00
2018,7.784652e+00
2019,7.782398e+00
2020,7.777974e+00
2021,7.771355e+00
2022,7.763449e+00
2023,7.754657e+00
2024,7.745382e+00
2025,7.735666e+00
2026,7.725041e+00
2027,7.713154e+00
2028,7.699887e+00
2029,7.685685e+00
2030,7.670974e+00
2031,7.655873e+00
2032,7.640444e+00
2033,7.624595e+00
2034,7.608046e+00
2035,7.590469e+00
2036,7.571707e+00
2037,7.552154e+00
2038,7.532564e+00
2039,7.513421e+00
2040,7.494402e+00
2041,7.474786e+00
2042,7.454230e+00
2043,7.433068e+00
2044,7.411698e+00
2045,7.390209e+00
2046,7.368497e+00
2047,7.346398e+00
2048,6.675801e+00
2049,6.991432e+00
2050,7.291349e+00
2051,7.270122e+00
2052,7.276998e+00
2053,7.366093e+00
2054,7.370127e+00
2055,7.339583e+00
2056,7.419491e+00
2057,7.440076e+00
2058,7.481175e+00
2059,7.484693e+00
2060,7.510299e+00
2061,7.528740e+00
2062,7.533399e+00
2063,7.541623e+00
2064,7.543577e+00
2065,7.546657e+00
2066,7.561948e+00
2067,7.576506e+00
2068,7.598810e+00
2069,7.628587e+00
2070,7.648853e+00
2071,7.659271e+00
2072,7.673048e+00
2073,7.691249e+00
2074,7.711333e+00
2075,7.729770e+00
2076,7.746482e+00
2077,7.763158e+00
2078,7.778003e+00
2079,7.790475e+00
2080,7.801965e+00
2081,7.812726e+00
2082,7.821860e+00
2083,7.829678e+00
2084,7.837332e+00
2085,7.844686e+00
2086,7.850656e+00
2087,7.854377e+00
2088,7.856031e+00
2089,7.856900e+00
2090,7.857671e+00
2091,7.858608e+00
2092,7.860113e+00
2093,7.862434e+00
2094,7.864679e+00
2095,7.865697e+00
2096,7.864925e+00
2097,7.862099e+00
2098,7.857730e+00
2099,7.852629e+00
2100,7.847228e+00
2101,7.841709e+00
2102,7.835835e+00
2103,7.829468e+00
2104,7.822643e+00
2105,7.815383e+00
2106,7.807854e+00
2107,7.800229e+00
2108,7.792575e+00
2109,7.784984e+00
2110,7.777300e+00
2111,7.769246e+00
2112,7.577850e+00
2113,7.447200e+00
2114,7.694577e+00
2115,7.546260e+00
2116,7.737464e+00
2117,7.756502e+00
2118,7.718727e+00
2119,7.780786e+00
2120,7.778169e+00
2121,7.774098e+00
2122,7.760647e+00
2123,7.767756e+00
2124,7.770436e+00
2125,7.800187e+00
2126,7.812865e+00
2127,7.818620e+00
2128,7.834940e+00
2129,7.843003e+00
2130,7.850606e+00
2131,7.856156e+00
2132,7.863298e+00
2133,7.865241e+00
2134,7.865770e+00
2135,7.866824e+00
2136,7.866291e+00
2137,7.865907e+00
2138,7.865569e+00
2139,7.862907e+00
2140,7.857923e+00
2141,7.853057e+00
2142,7.848821e+00
2143,7.843730e+00
2144,7.839308e+00
2145,7.836623e+00
2146,7.833053e+00
2147,7.827521e+00
2148,7.819879e+00
2149,7.809655e+00
2150,7.797727e+00
2151,7.785314e+00
2152,7.772947e+00
2153,7.760068e+00
2154,7.746290e+00
2155,7.731869e+00
2156,7.717085e+00
2157,7.701776e+00
2158,7.685657e+00
2159,7.668883e+00
2160,7.651332e+00
2161,7.632755e+00
2162,7.612959e+00
2163,7.591860e+00
2164,7.569634e+00
2165,7.546786e+00
2166,7.524067e+00
2167,7.502478e+00
2168,7.482809e+00
2169,7.464754e+00
2170,7.447167e+00
2171,7.429093e+00
2172,7.409973e+00
2173,7.389675e+00
2174,7.368350e+00
2175,7.346214e+00
2176,6.661961e+00
2177,7.032005e+00
2178,7.265691e+00
2179,7.257253e+00
2180,7.244284e+00
2181,7.351726e+00
2182,7.353010e+00
2183,7.350517e+00
2184,7.395956e+00
2185,7.417419e+00
2186,7.444270e+00
2187,7.459804e+00
2188,7.473953e+00
2189,7.481889e+00
2190,7.489821e+00
2191,7.494771e+00
2192,7.497803e+00
2193,7.511292e+00
2194,7.527154e+00
2195,7.557418e+00
2196,7.599804e+00
2197,7.632010e+00
2198,7.652563e+00
2199,7.675320e+00
2200,7.695698e+00
2201,7.711860e+00
2202,7.725686e+00
2203,7.739439e+00
2204,7.753754e+00
2205,7.766233e+00
2206,7.776796e+00
2207,7.786140e+00
2208,7.794406e+00
2209,7.801338e+00
2210,7.807431e+00
2211,7.812796e+00
2212,7.816635e+00
2213,7.818579e+00
2214,7.819340e+00
2215,7.819987e+00
2216,7.821307e+00
2217,7.823909e+00
2218,7.828397e+00
2219,7.834553e+00
2220,7.840140e+00
2221,7.843599e+00
2222,7.845004e+00
2223,7.845360e+00
2224,7.845290e+00
2225,7.845227e+00
2226,7.845066e+00
2227,7.844251e+00
2228,7.842435e+00
2229,7.839321e+00
2230,7.835048e+00
2231,7.830001e+00
2232,7.824425e+00
2233,7.818347e+00
2234,7.811828e+00
2235,7.804667e+00
2236,7.796593e+00
2237,7.787403e+00
2238,7.777442e+00
2239,7.767548e+00
2240,7.578426e+00
2241,7.496924e+00
2242,7.688758e+00
2243,7.531131e+00
2244,7.720073e+00
2245,7.755723e+00
2246,7.716467e+00
2247,7.753441e+00
2248,7.752070e+00
2249,7.754148e+00
2250,7.752549e+00
2251,7.741105e+00
2252,7.750809e+00
2253,7.776388e+00
2254,7.779336e+00
2255,7.798901e+00
2256,7.804490e+00
2257,7.805766e+00
2258,7.808686e+00
2259,7.812693e+00
2260,7.810128e+00
2261,7.806404e+00
2262,7.803277e+00
2263,7.797637e+00
2264,7.794113e+00
2265,7.792983e+00
2266,7.790572e+00
2267,7.788574e+00
2268,7.787392e+00
2269,7.781560e+00
2270,7.768718e+00
2271,7.755488e+00
2272,7.746120e+00
2273,7.739882e+00
2274,7.734917e+00
2275,7.728534e+00
2276,7.720445e+00
2277,7.712263e+00
2278,7.703496e+00
2279,7.693649e+00
2280,7.683483e+00
2281,7.673745e+00
2282,7.664214e+00
2283,7.654375e+00
2284,7.644687e+00
2285,7.635339e+00
2286,7.625407e+00
2287,7.613779e+00
2288,7.599611e+00
2289,7.583318e+00
2290,7.566105e+00
2291,7.548667e+00
2292,7.531502e+00
2293,7.514935e+00
2294,7.499129e+00
2295,7.483592e+00
2296,7.467408e+00
2297,7.449856e+00
2298,7.430688e+00
2299,7.410084e+00
2300,7.388587e+00
2301,7.366657e+00
2302,7.344557e+00
2303,7.322281e+00
2304,6.625221e+00
2305,7.046784e+00
2306,7.218468e+00
2307,7.232594e+00
2308,7.200578e+00
2309,7.322048e+00
2310,7.327440e+00
2311,7.361533e+00
2312,7.354627e+00
2313,7.401900e+00
2314,7.422880e+00
2315,7.455254e+00
2316,7.471759e+00
2317,7.481224e+00
2318,7.502858e+00
2319,7.512147e+00
2320,7.523800e+00
2321,7.537199e+00
2322,7.558131e+00
2323,7.592434e+00
2324,7.613009e+00
2325,7.622538e+00
2326,7.640881e+00
2327,7.659858e+00
2328,7.675837e+00
2329,7.688972e+00
2330,7.700794e+00
2331,7.713718e+00
2332,7.724343e+00
2333,7.733436e+00
2334,7.743118e+00
2335,7.752727e+00
2336,7.761550e+00
2337,7.770394e+00
2338,7.777885e+00
2339,7.782221e+00
2340,7.783469e+00
2341,7.783719e+00
2342,7.785411e+00
2343,7.789269e+00
2344,7.796273e+00
2345,7.805887e+00
2346,7.815550e+00
2347,7.823590e+00
2348,7.830123e+00
2349,7.835124e+00
2350,7.838046e+00
2351,7.839539e+00
2352,7.840405e+00
2353,7.841304e+00
2354,7.841748e+00
2355,7.841467e+00
2356,7.840490e+00
2357,7.839173e+00
2358,7.837454e+00
2359,7.835025e+00
2360,7.831893e+00
2361,7.827872e+00
2362,7.822870e+00
2363,7.816793e+00
2364,7.809724e+00
2365,7.801728e+00
2366,7.792927e+00
2367,7.783556e+00
2368,7.596255e+00
2369,7.531823e+00
2370,7.691310e+00
2371,7.581201e+00
2372,7.693339e+00
2373,7.763621e+00
2374,7.731670e+00
2375,7.737080e+00
2376,7.747622e+00
2377,7.760605e+00
2378,7.761260e+00
2379,7.744989e+00
2380,7.779092e+00
2381,7.789846e+00
2382,7.798078e+00
2383,7.809508e+00
2384,7.808409e+00
2385,7.815682e+00
2386,7.819698e+00
2387,7.817420e+00
2388,7.812005e+00
2389,7.805727e+00
2390,7.794559e+00
2391,7.785758e+00
2392,7.780791e+00
2393,7.776668e+00
2394,7.779591e+00
2395,7.788308e+00
2396,7.793256e+00
2397,7.791576e+00
2398,7.789465e+00
2399,7.787486e+00
2400,7.783860e+00
2401,7.779079e+00
2402,7.773665e+00
2403,7.769237e+00
2404,7.764854e+00
2405,7.758763e+00
2406,7.750607e+00
2407,7.740915e+00
2408,7.730354e+00
2409,7.719170e+00
2410,7.707652e+00
2411,7.695521e+00
2412,7.681540e+00
2413,7.664956e+00
2414,7.645954e+00
2415,7.625521e+00
2416,7.604592e+00
2417,7.584345e+00
2418,7.565400e+00
2419,7.548436e+00
2420,7.532858e+00
2421,7.516860e+00
2422,7.499085e+00
2423,7.479444e+00
2424,7.458787e+00
2425,7.438014e+00
2426,7.417653e+00
2427,7.397582e+00
2428,7.377441e+00
2429,7.357025e+00
2430,7.336116e+00
2431,7.314818e+00
2432,6.607956e+00
2433,7.076975e+00
2434,7.188549e+00
2435,7.236556e+00
2436,7.178450e+00
2437,7.287808e+00
2438,7.296865e+00
2439,7.358698e+00
2440,7.332759e+00
2441,7.386011e+00
2442,7.407915e+00
2443,7.458674e+00
2444,7.480430e+00
2445,7.495499e+00
2446,7.517184e+00
2447,7.529051e+00
2448,7.544909e+00
2449,7.559609e+00
2450,7.591549e+00
2451,7.620658e+00
2452,7.639731e+00
2453,7.668217e+00
2454,7.692418e+00
2455,7.708287e+00
2456,7.723362e+00
2457,7.740203e+00
2458,7.758115e+00
2459,7.771119e+00
2460,7.782112e+00
2461,7.793451e+00
2462,7.804615e+00
2463,7.816023e+00
2464,7.827662e+00
2465,7.837278e+00
2466,7.844996e+00
2467,7.852323e+00
2468,7.859727e+00
2469,7.865312e+00
2470,7.868752e+00
2471,7.872412e+00
2472,7.877238e+00
2473,7.882114e+00
2474,7.886205e+00
2475,7.888332e+00
2476,7.888052e+00
2477,7.886611e+00
2478,7.884715e+00
2479,7.881968e+00
2480,7.878195e+00
2481,7.874173e+00
2482,7.870538e+00
2483,7.867409e+00
2484,7.864557e+00
2485,7.862129e+00
2486,7.859908e+00
2487,7.857188e+00
2488,7.853005e+00
2489,7.846816e+00
2490,7.838833e+00
2491,7.829782e+00
2492,7.820178e+00
2493,7.810129e+00
2494,7.799879e+00
2495,7.789679e+00
2496,7.596399e+00
2497,7.529631e+00
2498,7.692130e+00
2499,7.603766e+00
2500,7.707362e+00
2501,7.755184e+00
2502,7.721978e+00
2503,7.727708e+00
2504,7.749101e+00
2505,7.765339e+00
2506,7.762189e+00
2507,7.754798e+00
2508,7.787804e+00
2509,7.784109e+00
2510,7.800090e+00
2511,7.802391e+00
2512,7.808686e+00
2513,7.810578e+00
2514,7.808223e+00
2515,7.802930e+00
2516,7.797910e+00
2517,7.787259e+00
2518,7.778876e+00
2519,7.776037e+00
2520,7.775615e+00
2521,7.785129e+00
2522,7.798353e+00
2523,7.802180e+00
2524,7.797934e+00
2525,7.796082e+00
2526,7.794931e+00
2527,7.791131e+00
2528,7.784610e+00
2529,7.776111e+00
2530,7.768367e+00
2531,7.760713e+00
2532,7.751510e+00
2533,7.741386e+00
2534,7.732012e+00
2535,7.723324e+00
2536,7.714864e+00
2537,7.706342e+00
2538,7.696551e+00
2539,7.683771e+00
2540,7.666973e+00
2541,7.647228e+00
2542,7.627041e+00
2543,7.608736e+00
2544,7.593857e+00
2545,7.582690e+00
2546,7.573231e+00
2547,7.563281e+00
2548,7.551670e+00
2549,7.539159e+00
2550,7.525734e+00
2551,7.511027e+00
2552,7.494988e+00
2553,7.478042e+00
2554,7.460740e+00
2555,7.443271e+00
2556,7.425573e+00
2557,7.407508e+00
2558,7.389271e+00
2559,7.370824e+00
2560,6.723292e+00
2561,7.121332e+00
2562,7.255107e+00
2563,7.308588e+00
2564,7.276628e+00
2565,7.314076e+00
2566,7.343498e+00
2567,7.421402e+00
2568,7.422423e+00
2569,7.457442e+00
2570,7.483614e+00
2571,7.513984e+00
2572,7.531497e+00
2573,7.541836e+00
2574,7.547598e+00
2575,7.567603e+00
2576,7.581406e+00
2577,7.603199e+00
2578,7.632696e+00
2579,7.649418e+00
2580,7.670914e+00
2581,7.694868e+00
2582,7.710102e+00
2583,7.725555e+00
2584,7.740293e+00
2585,7.754824e+00
2586,7.764987e+00
2587,7.774242e+00
2588,7.783950e+00
2589,7.792309e+00
2590,7.800686e+00
2591,7.810091e+00
2592,7.817835e+00
2593,7.824997e+00
2594,7.832979e+00
2595,7.839754e+00
2596,7.842693e+00
2597,7.843897e+00
2598,7.846520e+00
2599,7.849760e+00
2600,7.852354e+00
2601,7.853949e+00
2602,7.854349e+00
2603,7.854912e+00
2604,7.856261e+00
2605,7.857567e+00
2606,7.858216e+00
2607,7.858129e+00
2608,7.857475e+00
2609,7.856357e+00
2610,7.854983e+00
2611,7.853617e+00
2612,7.851329e+00
2613,7.846798e+00
2614,7.839429e+00
2615,7.829635e+00
2616,7.818387e+00
2617,7.806384e+00
2618,7.794267e+00
2619,7.782629e+00
2620,7.771995e+00
2621,7.762293e+00
2622,7.752441e+00
2623,7.741195e+00
2624,7.507467e+00
2625,7.458611e+00
2626,7.638992e+00
2627,7.580886e+00
2628,7.630758e+00
2629,7.686376e+00
2630,7.670099e+00
2631,7.635125e+00
2632,7.676856e+00
2633,7.693481e+00
2634,7.690918e+00
2635,7.713060e+00
2636,7.719624e+00
2637,7.711485e+00
2638,7.728244e+00
2639,7.733749e+00
2640,7.745663e+00
2641,7.742704e+00
2642,7.743306e+00
2643,7.748401e+00
2644,7.747217e+00
2645,7.743892e+00
2646,7.744833e+00
2647,7.746288e+00
2648,7.759146e+00
2649,7.776837e+00
2650,7.785389e+00
2651,7.791828e+00
2652,7.803288e+00
2653,7.810143e+00
2654,7.810321e+00
2655,7.808622e+00
2656,7.807869e+00
2657,7.809008e+00
2658,7.808224e+00
2659,7.804797e+00
2660,7.800807e+00
2661,7.797161e+00
2662,7.793688e+00
2663,7.790438e+00
2664,7.785809e+00
2665,7.777576e+00
2666,7.765769e+00
2667,7.752456e+00
2668,7.739272e+00
2669,7.726834e+00
2670,7.715057e+00
2671,7.704676e+00
2672,7.695595e+00
2673,7.686489e+00
2674,7.676212e+00
2675,7.664214e+00
2676,7.649643e+00
2677,7.632613e+00
2678,7.614148e+00
2679,7.595105e+00
2680,7.575314e+00
2681,7.554579e+00
2682,7.533090e+00
2683,7.511480e+00
2684,7.489929e+00
2685,7.468537e+00
2686,7.447346e+00
2687,7.426319e+00
2688,6.846419e+00
2689,7.170021e+00
2690,7.302826e+00
2691,7.369401e+00
2692,7.354711e+00
2693,7.344480e+00
2694,7.408932e+00
2695,7.474758e+00
2696,7.467788e+00
2697,7.499150e+00
2698,7.536280e+00
2699,7.549222e+00
2700,7.562679e+00
2701,7.577985e+00
2702,7.591274e+00
2703,7.603015e+00
2704,7.611321e+00
2705,7.644113e+00
2706,7.665566e+00
2707,7.682220e+00
2708,7.705869e+00
2709,7.716253e+00
2710,7.727599e+00
2711,7.740150e+00
2712,7.752329e+00
2713,7.759455e+00
2714,7.764425e+00
2715,7.767877e+00
2716,7.768449e+00
2717,7.770743e+00
2718,7.775739e+00
2719,7.780427e+00
2720,7.788800e+00
2721,7.801029e+00
2722,7.811104e+00
2723,7.815547e+00
2724,7.818516e+00
2725,7.822724e+00
2726,7.826441e+00
2727,7.828542e+00
2728,7.828430e+00
2729,7.826769e+00
2730,7.825567e+00
2731,7.824592e+00
2732,7.822424e+00
2733,7.819066e+00
2734,7.815334e+00
2735,7.812080e+00
2736,7.809547e+00
2737,7.807395e+00
2738,7.804775e+00
2739,7.800280e+00
2740,7.792440e+00
2741,7.781141e+00
2742,7.767457e+00
2743,7.753445e+00
2744,7.740853e+00
2745,7.730905e+00
2746,7.723515e+00
2747,7.717226e+00
2748,7.710258e+00
2749,7.701985e+00
2750,7.692831e+00
2751,7.683192e+00
2752,7.431007e+00
2753,7.397914e+00
2754,7.574262e+00
2755,7.568987e+00
2756,7.589762e+00
2757,7.630574e+00
2758,7.647317e+00
2759,7.621896e+00
2760,7.659813e+00
2761,7.678271e+00
2762,7.675913e+00
2763,7.724806e+00
2764,7.716306e+00
2765,7.736115e+00
2766,7.745096e+00
2767,7.760753e+00
2768,7.775384e+00
2769,7.786017e+00
2770,7.788685e+00
2771,7.792488e+00
2772,7.790438e+00
2773,7.792470e+00
2774,7.792522e+00
2775,7.795844e+00
2776,7.804733e+00
2777,7.805850e+00
2778,7.806443e+00
2779,7.813639e+00
2780,7.817156e+00
2781,7.814914e+00
2782,7.810507e+00
2783,7.805682e+00
2784,7.802081e+00
2785,7.796125e+00
2786,7.788259e+00
2787,7.781012e+00
2788,7.774851e+00
2789,7.769174e+00
2790,7.763923e+00
2791,7.757411e+00
2792,7.748464e+00
2793,7.738201e+00
2794,7.727786e+00
2795,7.717142e+00
2796,7.705489e+00
2797,7.693659e+00
2798,7.682794e+00
2799,7.672200e+00
2800,7.660778e+00
2801,7.648374e+00
2802,7.634329e+00
2803,7.618784e+00
2804,7.602573e+00
2805,7.586208e+00
2806,7.569884e+00
2807,7.554015e+00
2808,7.538848e+00
2809,7.524041e+00
2810,7.509239e+00
2811,7.494617e+00
2812,7.480575e+00
2813,7.466717e+00
2814,7.451953e+00
2815,7.435798e+00
2816,6.886250e+00
2817,7.169167e+00
2818,7.327306e+00
2819,7.388561e+00
2820,7.394359e+00
2821,7.339032e+00
2822,7.427029e+00
2823,7.472338e+00
2824,7.484520e+00
2825,7.472099e+00
2826,7.515305e+00
2827,7.519264e+00
2828,7.530912e+00
2829,7.546337e+00
2830,7.558880e+00
2831,7.564094e+00
2832,7.584467e+00
2833,7.600956e+00
2834,7.602425e+00
2835,7.618907e+00
2836,7.632344e+00
2837,7.643342e+00
2838,7.653524e+00
2839,7.657576e+00
2840,7.661315e+00
2841,7.665798e+00
2842,7.666312e+00
2843,7.661176e+00
2844,7.659167e+00
2845,7.660359e+00
2846,7.663873e+00
2847,7.677139e+00
2848,7.695238e+00
2849,7.708576e+00
2850,7.717770e+00
2851,7.729071e+00
2852,7.740290e+00
2853,7.746984e+00
2854,7.750702e+00
2855,7.754027e+00
2856,7.758552e+00
2857,7.763388e+00
2858,7.766238e+00
2859,7.767591e+00
2860,7.768869e+00
2861,7.770957e+00
2862,7.773707e+00
2863,7.776948e+00
2864,7.779505e+00
2865,7.778877e+00
2866,7.773951e+00
2867,7.765695e+00
2868,7.756041e+00
2869,7.746880e+00
2870,7.739035e+00
2871,7.732944e+00
2872,7.728597e+00
2873,7.725193e+00
2874,7.721533e+00
2875,7.717114e+00
2876,7.711742e+00
2877,7.704848e+00
2878,7.696094e+00
2879,7.686152e+00
2880,7.423798e+00
2881,7.434287e+00
2882,7.558670e+00
2883,7.574262e+00
2884,7.612205e+00
2885,7.623869e+00
2886,7.650159e+00
2887,7.602919e+00
2888,7.648860e+00
2889,7.640781e+00
2890,7.648625e+00
2891,7.677725e+00
2892,7.659882e+00
2893,7.685022e+00
2894,7.689334e+00
2895,7.709025e+00
2896,7.714535e+00
2897,7.719222e+00
2898,7.719609e+00
2899,7.711552e+00
2900,7.710397e+00
2901,7.709526e+00
2902,7.710130e+00
2903,7.720890e+00
2904,7.729367e+00
2905,7.733589e+00
2906,7.743179e+00
2907,7.748030e+00
2908,7.745524e+00
2909,7.744119e+00
2910,7.744982e+00
2911,7.746429e+00
2912,7.743742e+00
2913,7.739609e+00
2914,7.736831e+00
2915,7.734326e+00
2916,7.732133e+00
2917,7.731201e+00
2918,7.728889e+00
2919,7.724706e+00
2920,7.720969e+00
2921,7.717590e+00
2922,7.712024e+00
2923,7.703793e+00
2924,7.695563e+00
2925,7.688587e+00
2926,7.681859e+00
2927,7.674557e+00
2928,7.665855e+00
2929,7.655275e+00
2930,7.644266e+00
2931,7.633516e+00
2932,7.622402e+00
2933,7.610621e+00
2934,7.598295e+00
2935,7.585864e+00
2936,7.573790e+00
2937,7.562130e+00
2938,7.550831e+00
2939,7.539095e+00
2940,7.525760e+00
2941,7.509781e+00
2942,7.491471e+00
2943,7.471589e+00
2944,6.942065e+00
2945,7.223926e+00
2946,7.316220e+00
2947,7.423210e+00
2948,7.398567e+00
2949,7.372055e+00
2950,7.469865e+00
2951,7.482325e+00
2952,7.504317e+00
2953,7.477754e+00
2954,7.522788e+00
2955,7.519700e+00
2956,7.537523e+00
2957,7.552474e+00
2958,7.560449e+00
2959,7.571642e+00
2960,7.615501e+00
2961,7.627946e+00
2962,7.636609e+00
2963,7.651969e+00
2964,7.665235e+00
2965,7.683853e+00
2966,7.693040e+00
2967,7.704035e+00
2968,7.711884e+00
2969,7.718471e+00
2970,7.720893e+00
2971,7.725300e+00
2972,7.730138e+00
2973,7.734414e+00
2974,7.744761e+00
2975,7.756838e+00
2976,7.764659e+00
2977,7.773536e+00
2978,7.787797e+00
2979,7.799927e+00
2980,7.805584e+00
2981,7.807663e+00
2982,7.808025e+00
2983,7.808608e+00
2984,7.809143e+00
2985,7.808198e+00
2986,7.806679e+00
2987,7.805797e+00
2988,7.805951e+00
2989,7.806893e+00
2990,7.807761e+00
2991,7.806506e+00
2992,7.801910e+00
2993,7.794911e+00
2994,7.787252e+00
2995,7.780257e+00
2996,7.774582e+00
2997,7.770413e+00
2998,7.767825e+00
2999,7.765912e+00
3000,7.763186e+00
3001,7.759287e+00
3002,7.754044e+00
3003,7.747062e+00
3004,7.738371e+00
3005,7.728242e+00
3006,7.716982e+00
3007,7.704791e+00
3008,7.439795e+00
3009,7.461642e+00
3010,7.549873e+00
3011,7.610381e+00
3012,7.570822e+00
3013,7.630173e+00
3014,7.641021e+00
3015,7.595423e+00
3016,7.624500e+00
3017,7.629095e+00
3018,7.642950e+00
3019,7.697682e+00
3020,7.709164e+00
3021,7.713866e+00
3022,7.725283e+00
3023,7.746700e+00
3024,7.754172e+00
3025,7.762155e+00
3026,7.766608e+00
3027,7.770604e+00
3028,7.775348e+00
3029,7.772091e+00
3030,7.779732e+00
3031,7.787434e+00
3032,7.788581e+00
3033,7.798522e+00
3034,7.806270e+00
3035,7.805973e+00
3036,7.805220e+00
3037,7.802168e+00
3038,7.799055e+00
3039,7.794414e+00
3040,7.789178e+00
3041,7.781407e+00
3042,7.769975e+00
3043,7.759256e+00
3044,7.750421e+00
3045,7.740556e+00
3046,7.733025e+00
3047,7.730302e+00
3048,7.728190e+00
3049,7.722942e+00
3050,7.716049e+00
3051,7.709709e+00
3052,7.702255e+00
3053,7.692412e+00
3054,7.681712e+00
3055,7.671548e+00
3056,7.662859e+00
3057,7.654608e+00
3058,7.644983e+00
3059,7.633757e+00
3060,7.622022e+00
3061,7.610769e+00
3062,7.600117e+00
3063,7.589981e+00
3064,7.579949e+00
3065,7.568518e+00
3066,7.554055e+00
3067,7.536190e+00
3068,7.515767e+00
3069,7.494130e+00
3070,7.472739e+00
3071,7.452198e+00
3072,6.910683e+00
3073,7.249084e+00
3074,7.255519e+00
3075,7.399639e+00
3076,7.377182e+00
3077,7.337379e+00
3078,7.455318e+00
3079,7.461476e+00
3080,7.482858e+00
3081,7.460694e+00
3082,7.505352e+00
3083,7.513711e+00
3084,7.540364e+00
3085,7.561877e+00
3086,7.571544e+00
3087,7.597759e+00
3088,7.632328e+00
3089,7.636433e+00
3090,7.658253e+00
3091,7.675954e+00
3092,7.691169e+00
3093,7.700799e+00
3094,7.711129e+00
3095,7.721601e+00
3096,7.731774e+00
3097,7.735658e+00
3098,7.738486e+00
3099,7.743233e+00
3100,7.746641e+00
3101,7.754750e+00
3102,7.766927e+00
3103,7.774573e+00
3104,7.782511e+00
3105,7.793678e+00
3106,7.799534e+00
3107,7.798923e+00
3108,7.797905e+00
3109,7.799206e+00
3110,7.802967e+00
3111,7.804825e+00
3112,7.803526e+00
3113,7.802783e+00
3114,7.804162e+00
3115,7.806977e+00
3116,7.810709e+00
3117,7.814530e+00
3118,7.815916e+00
3119,7.814537e+00
3120,7.812065e+00
3121,7.809223e+00
3122,7.805197e+00
3123,7.799300e+00
3124,7.792781e+00
3125,7.787038e+00
3126,7.782106e+00
3127,7.777436e+00
3128,7.772161e+00
3129,7.764812e+00
3130,7.755440e+00
3131,7.745129e+00
3132,7.734285e+00
3133,7.722874e+00
3134,7.711286e+00
3135,7.699604e+00
3136,7.432046e+00
3137,7.468656e+00
3138,7.536176e+00
3139,7.622934e+00
3140,7.594130e+00
3141,7.627365e+00
3142,7.664718e+00
3143,7.659584e+00
3144,7.648901e+00
3145,7.668433e+00
3146,7.695053e+00
3147,7.705433e+00
3148,7.738375e+00
3149,7.745415e+00
3150,7.762404e+00
3151,7.767694e+00
3152,7.773721e+00
3153,7.776229e+00
3154,7.788989e+00
3155,7.795154e+00
3156,7.798007e+00
3157,7.809326e+00
3158,7.820681e+00
3159,7.818326e+00
3160,7.819631e+00
3161,7.825195e+00
3162,7.826714e+00
3163,7.829780e+00
3164,7.829178e+00
3165,7.827144e+00
3166,7.823549e+00
3167,7.819373e+00
3168,7.811997e+00
3169,7.801209e+00
3170,7.791626e+00
3171,7.782158e+00
3172,7.771219e+00
3173,7.763633e+00
3174,7.759336e+00
3175,7.753986e+00
3176,7.748372e+00
3177,7.746443e+00
3178,7.746879e+00
3179,7.743926e+00
3180,7.736398e+00
3181,7.726337e+00
3182,7.715171e+00
3183,7.703640e+00
3184,7.691224e+00
3185,7.677398e+00
3186,7.662934e+00
3187,7.648499e+00
3188,7.634725e+00
3189,7.621501e+00
3190,7.608158e+00
3191,7.593222e+00
3192,7.574906e+00
3193,7.553145e+00
3194,7.529330e+00
3195,7.505224e+00
3196,7.482337e+00
3197,7.461461e+00
3198,7.442902e+00
3199,7.426189e+00
3200,6.893171e+00
3201,7.256006e+00
3202,7.223908e+00
3203,7.392104e+00
3204,7.391144e+00
3205,7.306827e+00
3206,7.472764e+00
3207,7.487258e+00
3208,7.507369e+00
3209,7.492095e+00
3210,7.522663e+00
3211,7.545069e+00
3212,7.567490e+00
3213,7.572844e+00
3214,7.589153e+00
3215,7.622716e+00
3216,7.620163e+00
3217,7.637471e+00
3218,7.658063e+00
3219,7.673575e+00
3220,7.701981e+00
3221,7.722084e+00
3222,7.739740e+00
3223,7.751874e+00
3224,7.761712e+00
3225,7.773054e+00
3226,7.785768e+00
3227,7.791869e+00
3228,7.798348e+00
3229,7.808724e+00
3230,7.816305e+00
3231,7.827013e+00
3232,7.841435e+00
3233,7.849753e+00
3234,7.851478e+00
3235,7.852443e+00
3236,7.853951e+00
3237,7.855957e+00
3238,7.855962e+00
3239,7.854753e+00
3240,7.853379e+00
3241,7.850399e+00
3242,7.846536e+00
3243,7.843622e+00
3244,7.840444e+00
3245,7.835147e+00
3246,7.829871e+00
3247,7.825948e+00
3248,7.821565e+00
3249,7.814980e+00
3250,7.806988e+00
3251,7.798890e+00
3252,7.789808e+00
3253,7.779151e+00
3254,7.767677e+00
3255,7.756469e+00
3256,7.746389e+00
3257,7.737533e+00
3258,7.728705e+00
3259,7.718849e+00
3260,7.708413e+00
3261,7.698205e+00
3262,7.688486e+00
3263,7.678984e+00
3264,7.410850e+00
3265,7.465974e+00
3266,7.504945e+00
3267,7.620303e+00
3268,7.608070e+00
3269,7.606325e+00
3270,7.668011e+00
3271,7.679796e+00
3272,7.651183e+00
3273,7.689504e+00
3274,7.719796e+00
3275,7.704903e+00
3276,7.745696e+00
3277,7.738886e+00
3278,7.759820e+00
3279,7.754984e+00
3280,7.760699e+00
3281,7.766070e+00
3282,7.764237e+00
3283,7.768744e+00
3284,7.776670e+00
3285,7.799595e+00
3286,7.809245e+00
3287,7.811747e+00
3288,7.817532e+00
3289,7.819642e+00
3290,7.823061e+00
3291,7.823984e+00
3292,7.823189e+00
3293,7.821542e+00
3294,7.816428e+00
3295,7.806655e+00
3296,7.793746e+00
3297,7.783585e+00
3298,7.774968e+00
3299,7.765680e+00
3300,7.759997e+00
3301,7.757451e+00
3302,7.752463e+00
3303,7.746813e+00
3304,7.744393e+00
3305,7.740772e+00
3306,7.730639e+00
3307,7.716529e+00
3308,7.702056e+00
3309,7.689179e+00
3310,7.677677e+00
3311,7.664985e+00
3312,7.651343e+00
3313,7.639256e+00
3314,7.629650e+00
3315,7.621613e+00
3316,7.614504e+00
3317,7.607388e+00
3318,7.598058e+00
3319,7.585767e+00
3320,7.571825e+00
3321,7.557611e+00
3322,7.543339e+00
3323,7.528306e+00
3324,7.512453e+00
3325,7.496829e+00
3326,7.482378e+00
3327,7.469437e+00
3328,6.960314e+00
3329,7.291031e+00
3330,7.303313e+00
3331,7.453582e+00
3332,7.457755e+00
3333,7.336741e+00
3334,7.511390e+00
3335,7.527878e+00
3336,7.539458e+00
3337,7.538077e+00
3338,7.516803e+00
3339,7.559000e+00
3340,7.574616e+00
3341,7.577816e+00
3342,7.593120e+00
3343,7.625620e+00
3344,7.629913e+00
3345,7.657502e+00
3346,7.663821e+00
3347,7.680146e+00
3348,7.695646e+00
3349,7.707496e+00
3350,7.718003e+00
3351,7.725337e+00
3352,7.730371e+00
3353,7.739910e+00
3354,7.744069e+00
3355,7.750044e+00
3356,7.761009e+00
3357,7.767483e+00
3358,7.772963e+00
3359,7.783531e+00
3360,7.791431e+00
3361,7.794744e+00
3362,7.796792e+00
3363,7.796852e+00
3364,7.797071e+00
3365,7.796614e+00
3366,7.795995e+00
3367,7.794579e+00
3368,7.790853e+00
3369,7.786892e+00
3370,7.783541e+00
3371,7.778319e+00
3372,7.771627e+00
3373,7.766935e+00
3374,7.763644e+00
3375,7.760083e+00
3376,7.756912e+00
3377,7.755742e+00
3378,7.755281e+00
3379,7.753110e+00
3380,7.748936e+00
3381,7.743992e+00
3382,7.738689e+00
3383,7.733356e+00
3384,7.727545e+00
3385,7.720879e+00
3386,7.713600e+00
3387,7.705856e+00
3388,7.698003e+00
3389,7.690068e+00
3390,7.681808e+00
3391,7.672706e+00
3392,7.381579e+00
3393,7.481482e+00
3394,7.471415e+00
3395,7.602180e+00
3396,7.579405e+00
3397,7.576867e+00
3398,7.596404e+00
3399,7.620021e+00
3400,7.608034e+00
3401,7.635520e+00
3402,7.649111e+00
3403,7.615990e+00
3404,7.648752e+00
3405,7.651872e+00
3406,7.662118e+00
3407,7.654799e+00
3408,7.660746e+00
3409,7.668285e+00
3410,7.668530e+00
3411,7.672911e+00
3412,7.698232e+00
3413,7.714563e+00
3414,7.711445e+00
3415,7.715423e+00
3416,7.720654e+00
3417,7.724137e+00
3418,7.725562e+00
3419,7.721082e+00
3420,7.722599e+00
3421,7.722455e+00
3422,7.723136e+00
3423,7.721009e+00
3424,7.718225e+00
3425,7.713471e+00
3426,7.706630e+00
3427,7.704250e+00
3428,7.705594e+00
3429,7.706034e+00
3430,7.709733e+00
3431,7.715985e+00
3432,7.716349e+00
3433,7.708444e+00
3434,7.697974e+00
3435,7.688703e+00
3436,7.681586e+00
3437,7.674569e+00
3438,7.665835e+00
3439,7.657314e+00
3440,7.649977e+00
3441,7.642908e+00
3442,7.635999e+00
3443,7.629504e+00
3444,7.622234e+00
3445,7.612867e+00
3446,7.602729e+00
3447,7.593109e+00
3448,7.583323e+00
3449,7.571904e+00
3450,7.558730e+00
3451,7.545042e+00
3452,7.531438e+00
3453,7.517558e+00
3454,7.503219e+00
3455,7.488502e+00
3456,7.010455e+00
3457,7.302084e+00
3458,7.291841e+00
3459,7.461051e+00
3460,7.443433e+00
3461,7.362926e+00
3462,7.468937e+00
3463,7.494162e+00
3464,7.511483e+00
3465,7.515602e+00
3466,7.467392e+00
3467,7.525077e+00
3468,7.534825e+00
3469,7.539593e+00
3470,7.568199e+00
3471,7.604256e+00
3472,7.618002e+00
3473,7.635596e+00
3474,7.646890e+00
3475,7.669293e+00
3476,7.680182e+00
3477,7.693925e+00
3478,7.703239e+00
3479,7.715557e+00
3480,7.725756e+00
3481,7.734364e+00
3482,7.743049e+00
3483,7.757011e+00
3484,7.765279e+00
3485,7.769986e+00
3486,7.779792e+00
3487,7.787285e+00
3488,7.791526e+00
3489,7.797321e+00
3490,7.801443e+00
3491,7.804556e+00
3492,7.805410e+00
3493,7.804840e+00
3494,7.801748e+00
3495,7.795345e+00
3496,7.788963e+00
3497,7.782899e+00
3498,7.775081e+00
3499,7.767877e+00
3500,7.764683e+00
3501,7.762671e+00
3502,7.759420e+00
3503,7.756550e+00
3504,7.755281e+00
3505,7.752335e+00
3506,7.745139e+00
3507,7.735390e+00
3508,7.724962e+00
3509,7.714951e+00
3510,7.704751e+00
3511,7.693171e+00
3512,7.680945e+00
3513,7.670400e+00
3514,7.662577e+00
3515,7.656603e+00
3516,7.651258e+00
3517,7.645960e+00
3518,7.639480e+00
3519,7.630653e+00
3520,7.320589e+00
3521,7.437419e+00
3522,7.436052e+00
3523,7.590933e+00
3524,7.500816e+00
3525,7.564983e+00
3526,7.530647e+00
3527,7.568998e+00
3528,7.546781e+00
3529,7.617926e+00
3530,7.644004e+00
3531,7.644221e+00
3532,7.642682e+00
3533,7.681106e+00
3534,7.702339e+00
3535,7.710628e+00
3536,7.723801e+00
3537,7.732396e+00
3538,7.734350e+00
3539,7.750482e+00
3540,7.769583e+00
3541,7.768556e+00
3542,7.779675e+00
3543,7.794001e+00
3544,7.799340e+00
3545,7.807384e+00
3546,7.813711e+00
3547,7.820609e+00
3548,7.824040e+00
3549,7.825239e+00
3550,7.823781e+00
3551,7.824700e+00
3552,7.825171e+00
3553,7.821135e+00
3554,7.817765e+00
3555,7.816520e+00
3556,7.814238e+00
3557,7.814043e+00
3558,7.814909e+00
3559,7.811597e+00
3560,7.803975e+00
3561,7.795961e+00
3562,7.788316e+00
3563,7.781376e+00
3564,7.773667e+00
3565,7.764805e+00
3566,7.756152e+00
3567,7.746840e+00
3568,7.736513e+00
3569,7.726201e+00
3570,7.715928e+00
3571,7.703815e+00
3572,7.689944e+00
3573,7.676107e+00
3574,7.662465e+00
3575,7.648288e+00
3576,7.633821e+00
3577,7.619726e+00
3578,7.605596e+00
3579,7.590045e+00
3580,7.573226e+00
3581,7.556007e+00
3582,7.538628e+00
3583,7.521256e+00
3584,7.047236e+00
3585,7.362474e+00
3586,7.282473e+00
3587,7.485331e+00
3588,7.474592e+00
3589,7.397153e+00
3590,7.492082e+00
3591,7.524578e+00
3592,7.526375e+00
3593,7.543573e+00
3594,7.531472e+00
3595,7.551061e+00
3596,7.567906e+00
3597,7.578684e+00
3598,7.606782e+00
3599,7.613111e+00
3600,7.640625e+00
3601,7.657481e+00
3602,7.670368e+00
3603,7.673053e+00
3604,7.675129e+00
3605,7.682065e+00
3606,7.690956e+00
3607,7.690490e+00
3608,7.693819e+00
3609,7.702791e+00
3610,7.722109e+00
3611,7.737334e+00
3612,7.743120e+00
3613,7.749847e+00
3614,7.755673e+00
3615,7.761625e+00
3616,7.768147e+00
3617,7.769796e+00
3618,7.771974e+00
3619,7.773562e+00
3620,7.772784e+00
3621,7.769364e+00
3622,7.763990e+00
3623,7.759324e+00
3624,7.753191e+00
3625,7.744170e+00
3626,7.736908e+00
3627,7.734584e+00
3628,7.734723e+00
3629,7.738732e+00
3630,7.747944e+00
3631,7.756918e+00
3632,7.758450e+00
3633,7.753156e+00
3634,7.745684e+00
3635,7.738549e+00
3636,7.732254e+00
3637,7.725490e+00
3638,7.717526e+00
3639,7.710011e+00
3640,7.704002e+00
3641,7.698852e+00
3642,7.693887e+00
3643,7.689023e+00
3644,7.683505e+00
3645,7.676205e+00
3646,7.667562e+00
3647,7.658869e+00
3648,7.372865e+00
3649,7.496797e+00
3650,7.432772e+00
3651,7.623982e+00
3652,7.552530e+00
3653,7.582801e+00
3654,7.605002e+00
3655,7.621274e+00
3656,7.573711e+00
3657,7.670946e+00
3658,7.694368e+00
3659,7.697057e+00
3660,7.687689e+00
3661,7.718848e+00
3662,7.708375e+00
3663,7.723876e+00
3664,7.733116e+00
3665,7.732957e+00
3666,7.737107e+00
3667,7.748506e+00
3668,7.749980e+00
3669,7.748897e+00
3670,7.761050e+00
3671,7.760085e+00
3672,7.766342e+00
3673,7.775595e+00
3674,7.778508e+00
3675,7.780924e+00
3676,7.780781e+00
3677,7.778832e+00
3678,7.778694e+00
3679,7.777282e+00
3680,7.769921e+00
3681,7.764989e+00
3682,7.762996e+00
3683,7.759598e+00
3684,7.759980e+00
3685,7.764586e+00
3686,7.765154e+00
3687,7.760256e+00
3688,7.753961e+00
3689,7.746479e+00
3690,7.739079e+00
3691,7.731053e+00
3692,7.722891e+00
3693,7.715104e+00
3694,7.705470e+00
3695,7.694131e+00
3696,7.682774e+00
3697,7.670608e+00
3698,7.655904e+00
3699,7.641011e+00
3700,7.628201e+00
3701,7.616155e+00
3702,7.603709e+00
3703,7.591283e+00
3704,7.579405e+00
3705,7.566343e+00
3706,7.551354e+00
3707,7.535038e+00
3708,7.518634e+00
3709,7.502565e+00
3710,7.486433e+00
3711,7.468853e+00
3712,6.951957e+00
3713,7.334096e+00
3714,7.194496e+00
3715,7.433426e+00
3716,7.418464e+00
3717,7.372193e+00
3718,7.424261e+00
3719,7.476046e+00
3720,7.478556e+00
3721,7.499832e+00
3722,7.491668e+00
3723,7.509326e+00
3724,7.536502e+00
3725,7.559805e+00
3726,7.575190e+00
3727,7.552649e+00
3728,7.584584e+00
3729,7.594935e+00
3730,7.621438e+00
3731,7.626795e+00
3732,7.632945e+00
3733,7.645109e+00
3734,7.656359e+00
3735,7.658199e+00
3736,7.668768e+00
3737,7.689995e+00
3738,7.713921e+00
3739,7.726466e+00
3740,7.737920e+00
3741,7.751008e+00
3742,7.759132e+00
3743,7.766042e+00
3744,7.770153e+00
3745,7.775844e+00
3746,7.782310e+00
3747,7.785688e+00
3748,7.788304e+00
3749,7.789463e+00
3750,7.790447e+00
3751,7.789109e+00
3752,7.785448e+00
3753,7.783372e+00
3754,7.784115e+00
3755,7.785673e+00
3756,7.789811e+00
3757,7.795043e+00
3758,7.795871e+00
3759,7.790113e+00
3760,7.781703e+00
3761,7.773839e+00
3762,7.767517e+00
3763,7.762248e+00
3764,7.756185e+00
3765,7.749819e+00
3766,7.744777e+00
3767,7.740533e+00
3768,7.736064e+00
3769,7.731382e+00
3770,7.726413e+00
3771,7.720348e+00
3772,7.713150e+00
3773,7.705772e+00
3774,7.698315e+00
3775,7.690000e+00
3776,7.430971e+00
3777,7.554224e+00
3778,7.442032e+00
3779,7.660317e+00
3780,7.603305e+00
3781,7.632674e+00
3782,7.639576e+00
3783,7.656778e+00
3784,7.634701e+00
3785,7.693929e+00
3786,7.711664e+00
3787,7.715837e+00
3788,7.697014e+00
3789,7.732517e+00
3790,7.721109e+00
3791,7.738682e+00
3792,7.747717e+00
3793,7.747565e+00
3794,7.751771e+00
3795,7.772659e+00
3796,7.779446e+00
3797,7.796303e+00
3798,7.795314e+00
3799,7.792460e+00
3800,7.798753e+00
3801,7.800481e+00
3802,7.806085e+00
3803,7.807143e+00
3804,7.805706e+00
3805,7.803303e+00
3806,7.802691e+00
3807,7.800404e+00
3808,7.798472e+00
3809,7.794998e+00
3810,7.786356e+00
3811,7.777806e+00
3812,7.771820e+00
3813,7.764248e+00
3814,7.757015e+00
3815,7.751291e+00
3816,7.743426e+00
3817,7.734863e+00
3818,7.725235e+00
3819,7.714511e+00
3820,7.702093e+00
3821,7.686910e+00
3822,7.671074e+00
3823,7.655047e+00
3824,7.636630e+00
3825,7.615985e+00
3826,7.596916e+00
3827,7.580113e+00
3828,7.564999e+00
3829,7.553558e+00
3830,7.546627e+00
3831,7.540426e+00
3832,7.530315e+00
3833,7.516179e+00
3834,7.500799e+00
3835,7.485577e+00
3836,7.470422e+00
3837,7.454370e+00
3838,7.437104e+00
3839,7.420104e+00
3840,6.869569e+00
3841,7.325797e+00
3842,7.125450e+00
3843,7.395969e+00
3844,7.381140e+00
3845,7.347193e+00
3846,7.405436e+00
3847,7.447439e+00
3848,7.465537e+00
3849,7.486204e+00
3850,7.470465e+00
3851,7.489744e+00
3852,7.513608e+00
3853,7.549848e+00
3854,7.573259e+00
3855,7.579867e+00
3856,7.595195e+00
3857,7.613422e+00
3858,7.653580e+00
3859,7.670710e+00
3860,7.685492e+00
3861,7.699994e+00
3862,7.709124e+00
3863,7.723006e+00
3864,7.738462e+00
3865,7.755185e+00
3866,7.759928e+00
3867,7.770302e+00
3868,7.789118e+00
3869,7.800388e+00
3870,7.807957e+00
3871,7.814142e+00
3872,7.815807e+00
3873,7.821183e+00
3874,7.825304e+00
3875,7.828909e+00
3876,7.829807e+00
3877,7.830479e+00
3878,7.828336e+00
3879,7.822829e+00
3880,7.818885e+00
3881,7.818102e+00
3882,7.817988e+00
3883,7.821544e+00
3884,7.827690e+00
3885,7.830104e+00
3886,7.827387e+00
3887,7.823779e+00
3888,7.820793e+00
3889,7.818510e+00
3890,7.816040e+00
3891,7.812389e+00
3892,7.808900e+00
3893,7.805412e+00
3894,7.800342e+00
3895,7.794145e+00
3896,7.788016e+00
3897,7.781509e+00
3898,7.773133e+00
3899,7.763578e+00
3900,7.753924e+00
3901,7.743630e+00
3902,7.732197e+00
3903,7.720114e+00
3904,7.467742e+00
3905,7.599082e+00
3906,7.456131e+00
3907,7.682059e+00
3908,7.627176e+00
3909,7.658512e+00
3910,7.657876e+00
3911,7.670739e+00
3912,7.663877e+00
3913,7.709492e+00
3914,7.720555e+00
3915,7.730253e+00
3916,7.708087e+00
3917,7.720363e+00
3918,7.725922e+00
3919,7.746733e+00
3920,7.751320e+00
3921,7.754711e+00
3922,7.767240e+00
3923,7.782534e+00
3924,7.782590e+00
3925,7.796153e+00
3926,7.800182e+00
3927,7.804810e+00
3928,7.799909e+00
3929,7.792192e+00
3930,7.791129e+00
3931,7.792111e+00
3932,7.787753e+00
3933,7.779238e+00
3934,7.776032e+00
3935,7.778300e+00
3936,7.785797e+00
3937,7.787224e+00
3938,7.785000e+00
3939,7.781879e+00
3940,7.774976e+00
3941,7.767742e+00
3942,7.761424e+00
3943,7.754893e+00
3944,7.750686e+00
3945,7.744952e+00
3946,7.736626e+00
3947,7.727121e+00
3948,7.716242e+00
3949,7.704354e+00
3950,7.689585e+00
3951,7.671297e+00
3952,7.652829e+00
3953,7.637721e+00
3954,7.625202e+00
3955,7.615562e+00
3956,7.609785e+00
3957,7.604788e+00
3958,7.595342e+00
3959,7.579962e+00
3960,7.561467e+00
3961,7.541981e+00
3962,7.522362e+00
3963,7.502898e+00
3964,7.482931e+00
3965,7.463019e+00
3966,7.444664e+00
3967,7.428018e+00
3968,6.892679e+00
3969,7.338052e+00
3970,7.143291e+00
3971,7.399346e+00
3972,7.380485e+00
3973,7.355458e+00
3974,7.415994e+00
3975,7.462975e+00
3976,7.491228e+00
3977,7.489329e+00
3978,7.483274e+00
3979,7.482267e+00
3980,7.529859e+00
3981,7.570818e+00
3982,7.597516e+00
3983,7.616282e+00
3984,7.626565e+00
3985,7.657594e+00
3986,7.668764e+00
3987,7.684150e+00
3988,7.701580e+00
3989,7.715645e+00
3990,7.722321e+00
3991,7.737538e+00
3992,7.757118e+00
3993,7.771285e+00
3994,7.783330e+00
3995,7.802832e+00
3996,7.810447e+00
3997,7.816328e+00
3998,7.826645e+00
3999,7.836757e+00
4000,7.846676e+00
4001,7.852232e+00
4002,7.856725e+00
4003,7.861707e+00
4004,7.870140e+00
4005,7.876341e+00
4006,7.876814e+00
4007,7.876814e+00
4008,7.876337e+00
4009,7.874540e+00
4010,7.875841e+00
4011,7.878432e+00
4012,7.877586e+00
4013,7.874168e+00
4014,7.870545e+00
4015,7.865277e+00
4016,7.858863e+00
4017,7.852026e+00
4018,7.845311e+00
4019,7.839262e+00
4020,7.831961e+00
4021,7.822607e+00
4022,7.812486e+00
4023,7.801613e+00
4024,7.788506e+00
4025,7.773612e+00
4026,7.759550e+00
4027,7.746563e+00
4028,7.733637e+00
4029,7.721393e+00
4030,7.710231e+00
4031,7.699171e+00
4032,7.419482e+00
4033,7.573838e+00
4034,7.448874e+00
4035,7.657000e+00
4036,7.578645e+00
4037,7.641525e+00
4038,7.622605e+00
4039,7.643265e+00
4040,7.663091e+00
4041,7.675331e+00
4042,7.690743e+00
4043,7.701019e+00
4044,7.689893e+00
4045,7.690632e+00
4046,7.709464e+00
4047,7.723019e+00
4048,7.737460e+00
4049,7.751990e+00
4050,7.776796e+00
4051,7.777252e+00
4052,7.775788e+00
4053,7.793407e+00
4054,7.800764e+00
4055,7.808773e+00
4056,7.808048e+00
4057,7.809509e+00
4058,7.814129e+00
4059,7.818292e+00
4060,7.813827e+00
4061,7.814334e+00
4062,7.816436e+00
4063,7.823459e+00
4064,7.826693e+00
4065,7.827834e+00
4066,7.832984e+00
4067,7.835253e+00
4068,7.832285e+00
4069,7.826500e+00
4070,7.817287e+00
4071,7.808476e+00
4072,7.801075e+00
4073,7.792645e+00
4074,7.781969e+00
4075,7.767863e+00
4076,7.751669e+00
4077,7.732399e+00
4078,7.710624e+00
4079,7.690293e+00
4080,7.674285e+00
4081,7.661347e+00
4082,7.651996e+00
4083,7.645541e+00
4084,7.635938e+00
4085,7.619004e+00
4086,7.598477e+00
4087,7.579737e+00
4088,7.563836e+00
4089,7.549824e+00
4090,7.535834e+00
4091,7.521176e+00
4092,7.507161e+00
4093,7.493740e+00
4094,7.479327e+00
4095,7.464124e+00
4096,6.969415e+00
4097,7.360978e+00
4098,7.229427e+00
4099,7.436899e+00
4100,7.410183e+00
4101,7.408114e+00
4102,7.445561e+00
4103,7.501519e+00
4104,7.526687e+00
4105,7.516507e+00
4106,7.522223e+00
4107,7.489254e+00
4108,7.557858e+00
4109,7.596135e+00
4110,7.609864e+00
4111,7.638018e+00
4112,7.638019e+00
4113,7.666921e+00
4114,7.672668e+00
4115,7.691580e+00
4116,7.709567e+00
4117,7.720786e+00
4118,7.727940e+00
4119,7.742702e+00
4120,7.756833e+00
4121,7.762301e+00
4122,7.781114e+00
4123,7.791087e+00
4124,7.792482e+00
4125,7.799782e+00
4126,7.805316e+00
4127,7.808949e+00
4128,7.813470e+00
4129,7.814808e+00
4130,7.813883e+00
4131,7.811735e+00
4132,7.812459e+00
4133,7.812999e+00
4134,7.814786e+00
4135,7.814546e+00
4136,7.810987e+00
4137,7.807144e+00
4138,7.802337e+00
4139,7.794254e+00
4140,7.785386e+00
4141,7.778278e+00
4142,7.772026e+00
4143,7.767184e+00
4144,7.761806e+00
4145,7.755056e+00
4146,7.748534e+00
4147,7.742066e+00
4148,7.735539e+00
4149,7.728219e+00
4150,7.718069e+00
4151,7.704680e+00
4152,7.690518e+00
4153,7.677924e+00
4154,7.666760e+00
4155,7.657700e+00
4156,7.651401e+00
4157,7.646410e+00
4158,7.639817e+00
4159,7.630244e+00
4160,7.307795e+00
4161,7.501114e+00
4162,7.404871e+00
4163,7.584244e+00
4164,7.493489e+00
4165,7.557089e+00
4166,7.552715e+00
4167,7.559098e+00
4168,7.601464e+00
4169,7.580222e+00
4170,7.603498e+00
4171,7.612334e+00
4172,7.607184e+00
4173,7.591690e+00
4174,7.616392e+00
4175,7.625822e+00
4176,7.638330e+00
4177,7.659064e+00
4178,7.675224e+00
4179,7.662627e+00
4180,7.674557e+00
4181,7.679957e+00
4182,7.702352e+00
4183,7.717719e+00
4184,7.721922e+00
4185,7.728043e+00
4186,7.733650e+00
4187,7.730770e+00
4188,7.731591e+00
4189,7.736973e+00
4190,7.744465e+00
4191,7.747293e+00
4192,7.750059e+00
4193,7.757784e+00
4194,7.762231e+00
4195,7.759876e+00
4196,7.757717e+00
4197,7.754825e+00
4198,7.752038e+00
4199,7.750050e+00
4200,7.744172e+00
4201,7.738442e+00
4202,7.733448e+00
4203,7.729448e+00
4204,7.722495e+00
4205,7.712334e+00
4206,7.702986e+00
4207,7.695410e+00
4208,7.688667e+00
4209,7.685659e+00
4210,7.685524e+00
4211,7.682290e+00
4212,7.674517e+00
4213,7.665197e+00
4214,7.654719e+00
4215,7.642637e+00
4216,7.630497e+00
4217,7.619241e+00
4218,7.609652e+00
4219,7.601433e+00
4220,7.592092e+00
4221,7.580467e+00
4222,7.567518e+00
4223,7.553969e+00
4224,7.134233e+00
4225,7.421330e+00
4226,7.356919e+00
4227,7.509719e+00
4228,7.466642e+00
4229,7.485313e+00
4230,7.491207e+00
4231,7.546392e+00
4232,7.571822e+00
4233,7.562148e+00
4234,7.573030e+00
4235,7.538179e+00
4236,7.583634e+00
4237,7.617665e+00
4238,7.612186e+00
4239,7.637790e+00
4240,7.631463e+00
4241,7.645701e+00
4242,7.642268e+00
4243,7.660140e+00
4244,7.670978e+00
4245,7.675332e+00
4246,7.679653e+00
4247,7.693754e+00
4248,7.708359e+00
4249,7.713876e+00
4250,7.722722e+00
4251,7.724678e+00
4252,7.732111e+00
4253,7.735812e+00
4254,7.733199e+00
4255,7.735843e+00
4256,7.738186e+00
4257,7.738385e+00
4258,7.733798e+00
4259,7.731327e+00
4260,7.729297e+00
4261,7.731896e+00
4262,7.736425e+00
4263,7.738127e+00
4264,7.739630e+00
4265,7.741025e+00
4266,7.738214e+00
4267,7.733499e+00
4268,7.729665e+00
4269,7.725662e+00
4270,7.723224e+00
4271,7.721468e+00
4272,7.719160e+00
4273,7.715371e+00
4274,7.708142e+00
4275,7.698106e+00
4276,7.685260e+00
4277,7.668903e+00
4278,7.651155e+00
4279,7.635731e+00
4280,7.623618e+00
4281,7.614380e+00
4282,7.609608e+00
4283,7.607705e+00
4284,7.602696e+00
4285,7.590769e+00
4286,7.574924e+00
4287,7.559773e+00
4288,7.196668e+00
4289,7.412647e+00
4290,7.370508e+00
4291,7.506028e+00
4292,7.393886e+00
4293,7.508546e+00
4294,7.459811e+00
4295,7.481713e+00
4296,7.549719e+00
4297,7.530209e+00
4298,7.551856e+00
4299,7.570602e+00
4300,7.589995e+00
4301,7.580516e+00
4302,7.601167e+00
4303,7.610696e+00
4304,7.623664e+00
4305,7.653660e+00
4306,7.667613e+00
4307,7.671399e+00
4308,7.683315e+00
4309,7.685963e+00
4310,7.709716e+00
4311,7.722455e+00
4312,7.729687e+00
4313,7.739068e+00
4314,7.744205e+00
4315,7.744987e+00
4316,7.750501e+00
4317,7.754458e+00
4318,7.759966e+00
4319,7.764766e+00
4320,7.778417e+00
4321,7.789058e+00
4322,7.789001e+00
4323,7.787277e+00
4324,7.787075e+00
4325,7.786714e+00
4326,7.786404e+00
4327,7.783009e+00
4328,7.780820e+00
4329,7.776661e+00
4330,7.773568e+00
4331,7.769883e+00
4332,7.763721e+00
4333,7.757703e+00
4334,7.751410e+00
4335,7.744369e+00
4336,7.738862e+00
4337,7.733159e+00
4338,7.723713e+00
4339,7.711804e+00
4340,7.700237e+00
4341,7.688864e+00
4342,7.677020e+00
4343,7.664399e+00
4344,7.650826e+00
4345,7.638158e+00
4346,7.626890e+00
4347,7.615863e+00
4348,7.604996e+00
4349,7.594125e+00
4350,7.582379e+00
4351,7.569183e+00
4352,7.175846e+00
4353,7.442894e+00
4354,7.367276e+00
4355,7.522628e+00
4356,7.479237e+00
4357,7.518809e+00
4358,7.488949e+00
4359,7.546115e+00
4360,7.583202e+00
4361,7.579554e+00
4362,7.586805e+00
4363,7.561806e+00
4364,7.617438e+00
4365,7.625429e+00
4366,7.632911e+00
4367,7.635365e+00
4368,7.641355e+00
4369,7.641757e+00
4370,7.653142e+00
4371,7.672395e+00
4372,7.681162e+00
4373,7.689609e+00
4374,7.703843e+00
4375,7.720777e+00
4376,7.720626e+00
4377,7.729410e+00
4378,7.740848e+00
4379,7.748743e+00
4380,7.754436e+00
4381,7.752562e+00
4382,7.752702e+00
4383,7.757466e+00
4384,7.763962e+00
4385,7.763271e+00
4386,7.759907e+00
4387,7.760999e+00
4388,7.763964e+00
4389,7.769242e+00
4390,7.771951e+00
4391,7.776102e+00
4392,7.780629e+00
4393,7.779235e+00
4394,7.774225e+00
4395,7.769177e+00
4396,7.763375e+00
4397,7.758302e+00
4398,7.752633e+00
4399,7.744825e+00
4400,7.735935e+00
4401,7.725658e+00
4402,7.713734e+00
4403,7.697918e+00
4404,7.678746e+00
4405,7.660828e+00
4406,7.647060e+00
4407,7.636771e+00
4408,7.630096e+00
4409,7.627757e+00
4410,7.625071e+00
4411,7.617170e+00
4412,7.605186e+00
4413,7.592692e+00
4414,7.579606e+00
4415,7.564961e+00
4416,7.192155e+00
4417,7.415069e+00
4418,7.369710e+00
4419,7.511109e+00
4420,7.426067e+00
4421,7.517803e+00
4422,7.500259e+00
4423,7.454181e+00
4424,7.578668e+00
4425,7.586522e+00
4426,7.597955e+00
4427,7.619976e+00
4428,7.637584e+00
4429,7.598534e+00
4430,7.627337e+00
4431,7.630741e+00
4432,7.653134e+00
4433,7.675872e+00
4434,7.686298e+00
4435,7.701327e+00
4436,7.707710e+00
4437,7.716012e+00
4438,7.719115e+00
4439,7.731232e+00
4440,7.743472e+00
4441,7.751464e+00
4442,7.754747e+00
4443,7.754602e+00
4444,7.759879e+00
4445,7.767011e+00
4446,7.765631e+00
4447,7.770861e+00
4448,7.775649e+00
4449,7.768937e+00
4450,7.766244e+00
4451,7.767038e+00
4452,7.766475e+00
4453,7.766066e+00
4454,7.764203e+00
4455,7.761377e+00
4456,7.757033e+00
4457,7.754232e+00
4458,7.751517e+00
4459,7.746583e+00
4460,7.742423e+00
4461,7.737928e+00
4462,7.732233e+00
4463,7.727180e+00
4464,7.721263e+00
4465,7.711434e+00
4466,7.699889e+00
4467,7.690186e+00
4468,7.681828e+00
4469,7.674398e+00
4470,7.667557e+00
4471,7.660326e+00
4472,7.653215e+00
4473,7.645392e+00
4474,7.636138e+00
4475,7.625783e+00
4476,7.613606e+00
4477,7.598879e+00
4478,7.582848e+00
4479,7.567914e+00
4480,7.183601e+00
4481,7.449904e+00
4482,7.349342e+00
4483,7.519180e+00
4484,7.490686e+00
4485,7.523452e+00
4486,7.479931e+00
4487,7.519587e+00
4488,7.563016e+00
4489,7.565450e+00
4490,7.576914e+00
4491,7.573336e+00
4492,7.590110e+00
4493,7.596279e+00
4494,7.592988e+00
4495,7.605779e+00
4496,7.619029e+00
4497,7.589636e+00
4498,7.605461e+00
4499,7.621229e+00
4500,7.634594e+00
4501,7.654576e+00
4502,7.685071e+00
4503,7.702690e+00
4504,7.697689e+00
4505,7.715690e+00
4506,7.724361e+00
4507,7.735479e+00
4508,7.746073e+00
4509,7.750042e+00
4510,7.755081e+00
4511,7.760157e+00
4512,7.759628e+00
4513,7.756721e+00
4514,7.758120e+00
4515,7.758165e+00
4516,7.760201e+00
4517,7.764334e+00
4518,7.772838e+00
4519,7.782837e+00
4520,7.786052e+00
4521,7.783431e+00
4522,7.780214e+00
4523,7.777929e+00
4524,7.776960e+00
4525,7.775399e+00
4526,7.771429e+00
4527,7.767097e+00
4528,7.761339e+00
4529,7.754733e+00
4530,7.746140e+00
4531,7.735515e+00
4532,7.725265e+00
4533,7.716061e+00
4534,7.707254e+00
4535,7.700233e+00
4536,7.695580e+00
4537,7.689079e+00
4538,7.678697e+00
4539,7.666459e+00
4540,7.653888e+00
4541,7.640472e+00
4542,7.626342e+00
4543,7.611432e+00
4544,7.234594e+00
4545,7.480693e+00
4546,7.394896e+00
4547,7.548085e+00
4548,7.478279e+00
4549,7.553378e+00
4550,7.514538e+00
4551,7.457420e+00
4552,7.589613e+00
4553,7.590012e+00
4554,7.606705e+00
4555,7.627447e+00
4556,7.632502e+00
4557,7.602395e+00
4558,7.615114e+00
4559,7.636171e+00
4560,7.665375e+00
4561,7.688605e+00
4562,7.695135e+00
4563,7.716745e+00
4564,7.715435e+00
4565,7.732887e+00
4566,7.739264e+00
4567,7.750108e+00
4568,7.764638e+00
4569,7.775095e+00
4570,7.780609e+00
4571,7.790247e+00
4572,7.799053e+00
4573,7.802960e+00
4574,7.806282e+00
4575,7.817986e+00
4576,7.820833e+00
4577,7.822477e+00
4578,7.824911e+00
4579,7.821387e+00
4580,7.816943e+00
4581,7.815563e+00
4582,7.813483e+00
4583,7.808945e+00
4584,7.800731e+00
4585,7.794161e+00
4586,7.789207e+00
4587,7.787862e+00
4588,7.786400e+00
4589,7.783276e+00
4590,7.780756e+00
4591,7.777360e+00
4592,7.769457e+00
4593,7.759294e+00
4594,7.749913e+00
4595,7.740769e+00
4596,7.732549e+00
4597,7.724472e+00
4598,7.715319e+00
4599,7.705845e+00
4600,7.694462e+00
4601,7.679822e+00
4602,7.660922e+00
4603,7.637039e+00
4604,7.610634e+00
4605,7.585884e+00
4606,7.564670e+00
4607,7.546254e+00
4608,7.147057e+00
4609,7.466072e+00
4610,7.283966e+00
4611,7.510285e+00
4612,7.498055e+00
4613,7.528545e+00
4614,7.444393e+00
4615,7.516631e+00
4616,7.550347e+00
4617,7.553662e+00
4618,7.565254e+00
4619,7.596087e+00
4620,7.602436e+00
4621,7.616713e+00
4622,7.625196e+00
4623,7.624485e+00
4624,7.672533e+00
4625,7.670107e+00
4626,7.683513e+00
4627,7.696621e+00
4628,7.714758e+00
4629,7.742122e+00
4630,7.765066e+00
4631,7.771189e+00
4632,7.780745e+00
4633,7.799342e+00
4634,7.804942e+00
4635,7.817975e+00
4636,7.824202e+00
4637,7.830636e+00
4638,7.838216e+00
4639,7.841234e+00
4640,7.838752e+00
4641,7.841290e+00
4642,7.842148e+00
4643,7.843359e+00
4644,7.840924e+00
4645,7.842740e+00
4646,7.848366e+00
4647,7.846113e+00
4648,7.837615e+00
4649,7.830002e+00
4650,7.823503e+00
4651,7.816551e+00
4652,7.808647e+00
4653,7.798212e+00
4654,7.790380e+00
4655,7.783918e+00
4656,7.779094e+00
4657,7.773511e+00
4658,7.765294e+00
4659,7.756429e+00
4660,7.747581e+00
4661,7.738587e+00
4662,7.731184e+00
4663,7.724332e+00
4664,7.713653e+00
4665,7.699915e+00
4666,7.686486e+00
4667,7.673882e+00
4668,7.660545e+00
4669,7.646062e+00
4670,7.630521e+00
4671,7.615381e+00
4672,7.269230e+00
4673,7.500096e+00
4674,7.371004e+00
4675,7.551279e+00
4676,7.510144e+00
4677,7.556856e+00
4678,7.557915e+00
4679,7.457433e+00
4680,7.627617e+00
4681,7.637635e+00
4682,7.649907e+00
4683,7.674771e+00
4684,7.682802e+00
4685,7.681571e+00
4686,7.665950e+00
4687,7.703958e+00
4688,7.733760e+00
4689,7.747274e+00
4690,7.756392e+00
4691,7.773870e+00
4692,7.770394e+00
4693,7.780071e+00
4694,7.776086e+00
4695,7.792610e+00
4696,7.805498e+00
4697,7.808756e+00
4698,7.812238e+00
4699,7.821938e+00
4700,7.833534e+00
4701,7.831446e+00
4702,7.833078e+00
4703,7.837287e+00
4704,7.842023e+00
4705,7.848431e+00
4706,7.846924e+00
4707,7.840353e+00
4708,7.837721e+00
4709,7.835041e+00
4710,7.829892e+00
4711,7.817699e+00
4712,7.807266e+00
4713,7.796563e+00
4714,7.788556e+00
4715,7.784355e+00
4716,7.781445e+00
4717,7.780629e+00
4718,7.778269e+00
4719,7.769416e+00
4720,7.756577e+00
4721,7.744583e+00
4722,7.735082e+00
4723,7.727753e+00
4724,7.720048e+00
4725,7.710675e+00
4726,7.700185e+00
4727,7.686992e+00
4728,7.671517e+00
4729,7.653729e+00
4730,7.633685e+00
4731,7.613671e+00
4732,7.595348e+00
4733,7.578447e+00
4734,7.562704e+00
4735,7.549421e+00
4736,7.107511e+00
4737,7.488011e+00
4738,7.275103e+00
4739,7.500305e+00
4740,7.500481e+00
4741,7.539855e+00
4742,7.450025e+00
4743,7.515923e+00
4744,7.558899e+00
4745,7.572605e+00
4746,7.566061e+00
4747,7.618915e+00
4748,7.620943e+00
4749,7.643728e+00
4750,7.657478e+00
4751,7.659472e+00
4752,7.690017e+00
4753,7.682923e+00
4754,7.696794e+00
4755,7.703855e+00
4756,7.716580e+00
4757,7.743456e+00
4758,7.759757e+00
4759,7.769071e+00
4760,7.783952e+00
4761,7.784274e+00
4762,7.798747e+00
4763,7.810366e+00
4764,7.820446e+00
4765,7.829685e+00
4766,7.836982e+00
4767,7.839857e+00
4768,7.839436e+00
4769,7.838808e+00
4770,7.839668e+00
4771,7.842376e+00
4772,7.849135e+00
4773,7.861621e+00
4774,7.865606e+00
4775,7.861563e+00
4776,7.858478e+00
4777,7.856206e+00
4778,7.853841e+00
4779,7.851693e+00
4780,7.847254e+00
4781,7.842809e+00
4782,7.834586e+00
4783,7.825581e+00
4784,7.818127e+00
4785,7.811190e+00
4786,7.805466e+00
4787,7.798764e+00
4788,7.789910e+00
4789,7.780376e+00
4790,7.769631e+00
4791,7.755506e+00
4792,7.739766e+00
4793,7.724937e+00
4794,7.711340e+00
4795,7.698472e+00
4796,7.686237e+00
4797,7.673524e+00
4798,7.660998e+00
4799,7.648867e+00
4800,7.325838e+00
4801,7.561594e+00
4802,7.383059e+00
4803,7.592678e+00
4804,7.576122e+00
4805,7.592163e+00
4806,7.596165e+00
4807,7.522723e+00
4808,7.617490e+00
4809,7.630767e+00
4810,7.658809e+00
4811,7.670420e+00
4812,7.668136e+00
4813,7.678169e+00
4814,7.654519e+00
4815,7.700560e+00
4816,7.715972e+00
4817,7.715212e+00
4818,7.716350e+00
4819,7.720887e+00
4820,7.733810e+00
4821,7.725794e+00
4822,7.717277e+00
4823,7.727972e+00
4824,7.735202e+00
4825,7.742536e+00
4826,7.751945e+00
4827,7.774106e+00
4828,7.788700e+00
4829,7.789330e+00
4830,7.801265e+00
4831,7.803762e+00
4832,7.805160e+00
4833,7.807125e+00
4834,7.805448e+00
4835,7.804520e+00
4836,7.801954e+00
4837,7.796772e+00
4838,7.787371e+00
4839,7.778129e+00
4840,7.770466e+00
4841,7.762856e+00
4842,7.756819e+00
4843,7.753345e+00
4844,7.754229e+00
4845,7.753036e+00
4846,7.744150e+00
4847,7.731233e+00
4848,7.719090e+00
4849,7.707554e+00
4850,7.695472e+00
4851,7.681875e+00
4852,7.666372e+00
4853,7.651802e+00
4854,7.637472e+00
4855,7.622465e+00
4856,7.605626e+00
4857,7.587564e+00
4858,7.571022e+00
4859,7.556737e+00
4860,7.543451e+00
4861,7.531550e+00
4862,7.522766e+00
4863,7.514413e+00
4864,7.062648e+00
4865,7.454546e+00
4866,7.264226e+00
4867,7.458151e+00
4868,7.472636e+00
4869,7.513438e+00
4870,7.429473e+00
4871,7.482426e+00
4872,7.520489e+00
4873,7.528493e+00
4874,7.513375e+00
4875,7.563081e+00
4876,7.545855e+00
4877,7.574020e+00
4878,7.582977e+00
4879,7.585430e+00
4880,7.604158e+00
4881,7.608498e+00
4882,7.607039e+00
4883,7.616951e+00
4884,7.638073e+00
4885,7.660390e+00
4886,7.674041e+00
4887,7.690663e+00
4888,7.699114e+00
4889,7.698332e+00
4890,7.708983e+00
4891,7.721488e+00
4892,7.734774e+00
4893,7.745666e+00
4894,7.751559e+00
4895,7.755606e+00
4896,7.761503e+00
4897,7.766327e+00
4898,7.765937e+00
4899,7.760091e+00
4900,7.765840e+00
4901,7.771012e+00
4902,7.769449e+00
4903,7.771331e+00
4904,7.772514e+00
4905,7.768354e+00
4906,7.763384e+00
4907,7.759566e+00
4908,7.755917e+00
4909,7.748368e+00
4910,7.738317e+00
4911,7.728022e+00
4912,7.717443e+00
4913,7.710912e+00
4914,7.707286e+00
4915,7.705147e+00
4916,7.704669e+00
4917,7.702812e+00
4918,7.695569e+00
4919,7.684419e+00
4920,7.674090e+00
4921,7.667019e+00
4922,7.662511e+00
4923,7.658777e+00
4924,7.653963e+00
4925,7.649501e+00
4926,7.644187e+00
4927,7.635849e+00
4928,7.317160e+00
4929,7.568276e+00
4930,7.365437e+00
4931,7.574733e+00
4932,7.565659e+00
4933,7.598338e+00
4934,7.574005e+00
4935,7.546995e+00
4936,7.591493e+00
4937,7.607900e+00
4938,7.609150e+00
4939,7.631185e+00
4940,7.628190e+00
4941,7.632760e+00
4942,7.612102e+00
4943,7.644110e+00
4944,7.655044e+00
4945,7.648323e+00
4946,7.648370e+00
4947,7.645593e+00
4948,7.664315e+00
4949,7.647781e+00
4950,7.650098e+00
4951,7.653598e+00
4952,7.657372e+00
4953,7.668259e+00
4954,7.681835e+00
4955,7.695013e+00
4956,7.687919e+00
4957,7.693746e+00
4958,7.704674e+00
4959,7.703085e+00
4960,7.704750e+00
4961,7.705011e+00
4962,7.704488e+00
4963,7.703636e+00
4964,7.701069e+00
4965,7.692644e+00
4966,7.684708e+00
4967,7.678446e+00
4968,7.670110e+00
4969,7.664201e+00
4970,7.660970e+00
4971,7.662349e+00
4972,7.662124e+00
4973,7.654360e+00
4974,7.643569e+00
4975,7.634784e+00
4976,7.628714e+00
4977,7.624596e+00
4978,7.619054e+00
4979,7.610864e+00
4980,7.605126e+00
4981,7.599214e+00
4982,7.592340e+00
4983,7.585562e+00
4984,7.578123e+00
4985,7.570403e+00
4986,7.562392e+00
4987,7.554044e+00
4988,7.546517e+00
4989,7.539335e+00
4990,7.529480e+00
4991,7.517424e+00
4992,7.076737e+00
4993,7.451211e+00
4994,7.282923e+00
4995,7.443087e+00
4996,7.463855e+00
4997,7.498647e+00
4998,7.397647e+00
4999,7.477126e+00
5000,7.470572e+00
5001,7.485217e+00
5002,7.461653e+00
5003,7.531119e+00
5004,7.543490e+00
5005,7.548764e+00
5006,7.571974e+00
5007,7.575720e+00
5008,7.566045e+00
5009,7.598875e+00
5010,7.600654e+00
5011,7.610001e+00
5012,7.633593e+00
5013,7.647425e+00
5014,7.652387e+00
5015,7.668496e+00
5016,7.670219e+00
5017,7.677520e+00
5018,7.681512e+00
5019,7.684838e+00
5020,7.697639e+00
5021,7.706505e+00
5022,7.709825e+00
5023,7.709645e+00
5024,7.716002e+00
5025,7.723334e+00
5026,7.723994e+00
5027,7.724713e+00
5028,7.726740e+00
5029,7.724443e+00
5030,7.727552e+00
5031,7.731171e+00
5032,7.728991e+00
5033,7.728294e+00
5034,7.729124e+00
5035,7.726929e+00
5036,7.721199e+00
5037,7.711882e+00
5038,7.702294e+00
5039,7.692550e+00
5040,7.686701e+00
5041,7.684002e+00
5042,7.684664e+00
5043,7.689060e+00
5044,7.692080e+00
5045,7.689162e+00
5046,7.682786e+00
5047,7.677144e+00
5048,7.672683e+00
5049,7.668820e+00
5050,7.664905e+00
5051,7.660152e+00
5052,7.655412e+00
5053,7.649066e+00
5054,7.639959e+00
5055,7.627704e+00
5056,7.289157e+00
5057,7.554269e+00
5058,7.374498e+00
5059,7.522786e+00
5060,7.514587e+00
5061,7.573492e+00
5062,7.531911e+00
5063,7.532225e+00
5064,7.547289e+00
5065,7.570564e+00
5066,7.578545e+00
5067,7.602474e+00
5068,7.599287e+00
5069,7.598176e+00
5070,7.588177e+00
5071,7.639958e+00
5072,7.648440e+00
5073,7.653891e+00
5074,7.660191e+00
5075,7.665611e+00
5076,7.678285e+00
5077,7.660731e+00
5078,7.669583e+00
5079,7.669800e+00
5080,7.668966e+00
5081,7.687144e+00
5082,7.702602e+00
5083,7.713904e+00
5084,7.717390e+00
5085,7.729975e+00
5086,7.722681e+00
5087,7.725822e+00
5088,7.734617e+00
5089,7.742276e+00
5090,7.751558e+00
5091,7.759626e+00
5092,7.762804e+00
5093,7.763666e+00
5094,7.763327e+00
5095,7.757070e+00
5096,7.753326e+00
5097,7.751494e+00
5098,7.756529e+00
5099,7.765602e+00
5100,7.767087e+00
5101,7.763050e+00
5102,7.759236e+00
5103,7.754409e+00
5104,7.747909e+00
5105,7.740942e+00
5106,7.734329e+00
5107,7.728259e+00
5108,7.717298e+00
5109,7.703723e+00
5110,7.690424e+00
5111,7.677124e+00
5112,7.665394e+00
5113,7.654142e+00
5114,7.642288e+00
5115,7.630615e+00
5116,7.618462e+00
5117,7.603616e+00
5118,7.586074e+00
5119,7.567759e+00
5120,7.129308e+00
5121,7.507057e+00
5122,7.291672e+00
5123,7.478992e+00
5124,7.501267e+00
5125,7.525960e+00
5126,7.426048e+00
5127,7.505760e+00
5128,7.512190e+00
5129,7.514575e+00
5130,7.489367e+00
5131,7.585952e+00
5132,7.600594e+00
5133,7.607701e+00
5134,7.631401e+00
5135,7.639521e+00
5136,7.615638e+00
5137,7.659575e+00
5138,7.659308e+00
5139,7.685556e+00
5140,7.703757e+00
5141,7.713128e+00
5142,7.718573e+00
5143,7.736470e+00
5144,7.742192e+00
5145,7.752632e+00
5146,7.742687e+00
5147,7.752889e+00
5148,7.764918e+00
5149,7.769690e+00
5150,7.774661e+00
5151,7.782314e+00
5152,7.797439e+00
5153,7.810932e+00
5154,7.814119e+00
5155,7.823808e+00
5156,7.828371e+00
5157,7.831526e+00
5158,7.833958e+00
5159,7.833715e+00
5160,7.833879e+00
5161,7.835438e+00
5162,7.833911e+00
5163,7.829595e+00
5164,7.820051e+00
5165,7.809851e+00
5166,7.800518e+00
5167,7.793327e+00
5168,7.789398e+00
5169,7.789196e+00
5170,7.790319e+00
5171,7.786362e+00
5172,7.774630e+00
5173,7.759851e+00
5174,7.746999e+00
5175,7.737219e+00
5176,7.729816e+00
5177,7.721699e+00
5178,7.711020e+00
5179,7.701218e+00
5180,7.692143e+00
5181,7.681916e+00
5182,7.670299e+00
5183,7.657860e+00
5184,7.333266e+00
5185,7.583182e+00
5186,7.434991e+00
5187,7.538567e+00
5188,7.547841e+00
5189,7.595028e+00
5190,7.593275e+00
5191,7.548283e+00
5192,7.634011e+00
5193,7.650845e+00
5194,7.658658e+00
5195,7.691826e+00
5196,7.696475e+00
5197,7.693497e+00
5198,7.695647e+00
5199,7.716000e+00
5200,7.742104e+00
5201,7.739200e+00
5202,7.751785e+00
5203,7.758712e+00
5204,7.762960e+00
5205,7.763994e+00
5206,7.765235e+00
5207,7.766568e+00
5208,7.775001e+00
5209,7.792853e+00
5210,7.804198e+00
5211,7.812466e+00
5212,7.824598e+00
5213,7.832041e+00
5214,7.829090e+00
5215,7.831106e+00
5216,7.833431e+00
5217,7.839157e+00
5218,7.843375e+00
5219,7.844010e+00
5220,7.842916e+00
5221,7.838975e+00
5222,7.835210e+00
5223,7.831181e+00
5224,7.822449e+00
5225,7.817505e+00
5226,7.817797e+00
5227,7.811707e+00
5228,7.801467e+00
5229,7.794798e+00
5230,7.787483e+00
5231,7.777793e+00
5232,7.767891e+00
5233,7.757199e+00
5234,7.745823e+00
5235,7.731858e+00
5236,7.715924e+00
5237,7.698803e+00
5238,7.680504e+00
5239,7.664530e+00
5240,7.650204e+00
5241,7.636861e+00
5242,7.625452e+00
5243,7.613845e+00
5244,7.598637e+00
5245,7.580153e+00
5246,7.561651e+00
5247,7.544720e+00
5248,7.095975e+00
5249,7.495641e+00
5250,7.272636e+00
5251,7.447179e+00
5252,7.487848e+00
5253,7.516067e+00
5254,7.467041e+00
5255,7.480585e+00
5256,7.545246e+00
5257,7.516997e+00
5258,7.513799e+00
5259,7.580260e+00
5260,7.582654e+00
5261,7.607338e+00
5262,7.616924e+00
5263,7.622616e+00
5264,7.599280e+00
5265,7.632925e+00
5266,7.649156e+00
5267,7.670463e+00
5268,7.684381e+00
5269,7.684661e+00
5270,7.684693e+00
5271,7.692467e+00
5272,7.709236e+00
5273,7.721601e+00
5274,7.713197e+00
5275,7.723245e+00
5276,7.730031e+00
5277,7.735681e+00
5278,7.742785e+00
5279,7.755439e+00
5280,7.770719e+00
5281,7.771699e+00
5282,7.778126e+00
5283,7.788677e+00
5284,7.787144e+00
5285,7.786743e+00
5286,7.788509e+00
5287,7.788906e+00
5288,7.787003e+00
5289,7.781877e+00
5290,7.775453e+00
5291,7.769960e+00
5292,7.768263e+00
5293,7.764336e+00
5294,7.757090e+00
5295,7.753034e+00
5296,7.752624e+00
5297,7.756534e+00
5298,7.758545e+00
5299,7.753659e+00
5300,7.746102e+00
5301,7.739023e+00
5302,7.732528e+00
5303,7.726296e+00
5304,7.719386e+00
5305,7.712783e+00
5306,7.708339e+00
5307,7.701626e+00
5308,7.691218e+00
5309,7.679864e+00
5310,7.668778e+00
5311,7.658669e+00
5312,7.348833e+00
5313,7.601842e+00
5314,7.429669e+00
5315,7.556509e+00
5316,7.589825e+00
5317,7.600222e+00
5318,7.614840e+00
5319,7.574913e+00
5320,7.607685e+00
5321,7.651781e+00
5322,7.666361e+00
5323,7.659007e+00
5324,7.671935e+00
5325,7.672665e+00
5326,7.689070e+00
5327,7.669598e+00
5328,7.704240e+00
5329,7.709916e+00
5330,7.710503e+00
5331,7.728269e+00
5332,7.735907e+00
5333,7.743917e+00
5334,7.739703e+00
5335,7.743903e+00
5336,7.754968e+00
5337,7.770682e+00
5338,7.776451e+00
5339,7.783526e+00
5340,7.788903e+00
5341,7.778626e+00
5342,7.781613e+00
5343,7.780771e+00
5344,7.783632e+00
5345,7.789069e+00
5346,7.790951e+00
5347,7.788751e+00
5348,7.783197e+00
5349,7.779982e+00
5350,7.777109e+00
5351,7.770543e+00
5352,7.760972e+00
5353,7.756382e+00
5354,7.747121e+00
5355,7.737215e+00
5356,7.732885e+00
5357,7.725528e+00
5358,7.715186e+00
5359,7.706698e+00
5360,7.698523e+00
5361,7.687388e+00
5362,7.672239e+00
5363,7.653671e+00
5364,7.634333e+00
5365,7.615430e+00
5366,7.600438e+00
5367,7.588335e+00
5368,7.579095e+00
5369,7.572206e+00
5370,7.562674e+00
5371,7.546941e+00
5372,7.527659e+00
5373,7.509508e+00
5374,7.494016e+00
5375,7.480741e+00
5376,7.009335e+00
5377,7.442648e+00
5378,7.219460e+00
5379,7.378579e+00
5380,7.436006e+00
5381,7.459927e+00
5382,7.414881e+00
5383,7.449031e+00
5384,7.465148e+00
5385,7.476105e+00
5386,7.505673e+00
5387,7.496236e+00
5388,7.503376e+00
5389,7.528613e+00
5390,7.549630e+00
5391,7.560685e+00
5392,7.567149e+00
5393,7.559582e+00
5394,7.610887e+00
5395,7.648259e+00
5396,7.668551e+00
5397,7.679597e+00
5398,7.692178e+00
5399,7.697927e+00
5400,7.719596e+00
5401,7.715702e+00
5402,7.722603e+00
5403,7.737279e+00
5404,7.735354e+00
5405,7.743800e+00
5406,7.754730e+00
5407,7.770385e+00
5408,7.780026e+00
5409,7.787204e+00
5410,7.803750e+00
5411,7.805201e+00
5412,7.806350e+00
5413,7.812327e+00
5414,7.818646e+00
5415,7.826028e+00
5416,7.831589e+00
5417,7.834006e+00
5418,7.833100e+00
5419,7.830987e+00
5420,7.825249e+00
5421,7.817651e+00
5422,7.814358e+00
5423,7.811896e+00
5424,7.813794e+00
5425,7.815885e+00
5426,7.811975e+00
5427,7.805468e+00
5428,7.799276e+00
5429,7.792723e+00
5430,7.785379e+00
5431,7.777339e+00
5432,7.768932e+00
5433,7.761374e+00
5434,7.751694e+00
5435,7.739634e+00
5436,7.727250e+00
5437,7.714622e+00
5438,7.703007e+00
5439,7.691754e+00
5440,7.392741e+00
5441,7.636585e+00
5442,7.469143e+00
5443,7.574101e+00
5444,7.625007e+00
5445,7.634005e+00
5446,7.644366e+00
5447,7.635542e+00
5448,7.593054e+00
5449,7.667304e+00
5450,7.688746e+00
5451,7.673244e+00
5452,7.689438e+00
5453,7.678352e+00
5454,7.710757e+00
5455,7.722756e+00
5456,7.733369e+00
5457,7.753002e+00
5458,7.744904e+00
5459,7.769658e+00
5460,7.763961e+00
5461,7.787029e+00
5462,7.786385e+00
5463,7.790729e+00
5464,7.805211e+00
5465,7.809703e+00
5466,7.806854e+00
5467,7.810850e+00
5468,7.813293e+00
5469,7.810340e+00
5470,7.803918e+00
5471,7.787034e+00
5472,7.784938e+00
5473,7.784519e+00
5474,7.778954e+00
5475,7.771204e+00
5476,7.762866e+00
5477,7.761969e+00
5478,7.762875e+00
5479,7.755889e+00
5480,7.750193e+00
5481,7.742243e+00
5482,7.731318e+00
5483,7.722976e+00
5484,7.715844e+00
5485,7.708168e+00
5486,7.702217e+00
5487,7.693379e+00
5488,7.678934e+00
5489,7.661501e+00
5490,7.640744e+00
5491,7.618219e+00
5492,7.596037e+00
5493,7.579979e+00
5494,7.571105e+00
5495,7.568088e+00
5496,7.567240e+00
5497,7.561960e+00
5498,7.549815e+00
5499,7.534744e+00
5500,7.520587e+00
5501,7.507957e+00
5502,7.496300e+00
5503,7.484702e+00
5504,7.011034e+00
5505,7.454174e+00
5506,7.258563e+00
5507,7.371443e+00
5508,7.456305e+00
5509,7.481388e+00
5510,7.450838e+00
5511,7.482315e+00
5512,7.483038e+00
5513,7.492347e+00
5514,7.541156e+00
5515,7.544482e+00
5516,7.567422e+00
5517,7.567867e+00
5518,7.611757e+00
5519,7.623766e+00
5520,7.620324e+00
5521,7.612012e+00
5522,7.657144e+00
5523,7.677774e+00
5524,7.687066e+00
5525,7.690144e+00
5526,7.703637e+00
5527,7.712206e+00
5528,7.714134e+00
5529,7.701908e+00
5530,7.713353e+00
5531,7.714503e+00
5532,7.714358e+00
5533,7.729192e+00
5534,7.742164e+00
5535,7.756141e+00
5536,7.762960e+00
5537,7.773822e+00
5538,7.780242e+00
5539,7.775043e+00
5540,7.777716e+00
5541,7.781709e+00
5542,7.787025e+00
5543,7.792048e+00
5544,7.794068e+00
5545,7.793868e+00
5546,7.792513e+00
5547,7.789774e+00
5548,7.785085e+00
5549,7.780236e+00
5550,7.774893e+00
5551,7.776389e+00
5552,7.779881e+00
5553,7.777679e+00
5554,7.772491e+00
5555,7.768787e+00
5556,7.763944e+00
5557,7.756784e+00
5558,7.748859e+00
5559,7.740412e+00
5560,7.731405e+00
5561,7.719290e+00
5562,7.704741e+00
5563,7.690212e+00
5564,7.675533e+00
5565,7.663003e+00
5566,7.651686e+00
5567,7.640175e+00
5568,7.328788e+00
5569,7.587824e+00
5570,7.436822e+00
5571,7.498415e+00
5572,7.573153e+00
5573,7.586331e+00
5574,7.596629e+00
5575,7.597142e+00
5576,7.522320e+00
5577,7.606892e+00
5578,7.632983e+00
5579,7.620031e+00
5580,7.632227e+00
5581,7.619661e+00
5582,7.663588e+00
5583,7.670190e+00
5584,7.680131e+00
5585,7.697007e+00
5586,7.703080e+00
5587,7.693247e+00
5588,7.665395e+00
5589,7.697288e+00
5590,7.703478e+00
5591,7.715627e+00
5592,7.728905e+00
5593,7.739451e+00
5594,7.741409e+00
5595,7.746717e+00
5596,7.743962e+00
5597,7.758140e+00
5598,7.759718e+00
5599,7.761536e+00
5600,7.765100e+00
5601,7.763660e+00
5602,7.762489e+00
5603,7.760745e+00
5604,7.763246e+00
5605,7.766966e+00
5606,7.764034e+00
5607,7.762739e+00
5608,7.767611e+00
5609,7.762073e+00
5610,7.755527e+00
5611,7.750273e+00
5612,7.746408e+00
5613,7.743771e+00
5614,7.737944e+00
5615,7.728366e+00
5616,7.717636e+00
5617,7.706090e+00
5618,7.695956e+00
5619,7.684777e+00
5620,7.674004e+00
5621,7.665553e+00
5622,7.658796e+00
5623,7.653273e+00
5624,7.645100e+00
5625,7.632280e+00
5626,7.618429e+00
5627,7.605356e+00
5628,7.592633e+00
5629,7.580320e+00
5630,7.567850e+00
5631,7.555165e+00
5632,7.122091e+00
5633,7.513275e+00
5634,7.361746e+00
5635,7.400100e+00
5636,7.512896e+00
5637,7.539029e+00
5638,7.513929e+00
5639,7.542270e+00
5640,7.524585e+00
5641,7.530165e+00
5642,7.593200e+00
5643,7.598998e+00
5644,7.619807e+00
5645,7.622601e+00
5646,7.652180e+00
5647,7.659183e+00
5648,7.653541e+00
5649,7.649214e+00
5650,7.687548e+00
5651,7.697356e+00
5652,7.708549e+00
5653,7.708935e+00
5654,7.717706e+00
5655,7.726567e+00
5656,7.737876e+00
5657,7.742026e+00
5658,7.737561e+00
5659,7.733810e+00
5660,7.742326e+00
5661,7.760470e+00
5662,7.770145e+00
5663,7.778929e+00
5664,7.792833e+00
5665,7.810930e+00
5666,7.808500e+00
5667,7.808777e+00
5668,7.806189e+00
5669,7.807150e+00
5670,7.813749e+00
5671,7.816965e+00
5672,7.816430e+00
5673,7.813002e+00
5674,7.806710e+00
5675,7.803177e+00
5676,7.800362e+00
5677,7.791538e+00
5678,7.782622e+00
5679,7.774543e+00
5680,7.762409e+00
5681,7.752603e+00
5682,7.747773e+00
5683,7.740774e+00
5684,7.733338e+00
5685,7.727947e+00
5686,7.722032e+00
5687,7.713293e+00
5688,7.700973e+00
5689,7.684939e+00
5690,7.665055e+00
5691,7.642859e+00
5692,7.624907e+00
5693,7.611581e+00
5694,7.602163e+00
5695,7.596305e+00
5696,7.243365e+00
5697,7.539383e+00
5698,7.438535e+00
5699,7.423245e+00
5700,7.532071e+00
5701,7.560587e+00
5702,7.569586e+00
5703,7.574898e+00
5704,7.486063e+00
5705,7.570990e+00
5706,7.611845e+00
5707,7.602330e+00
5708,7.600091e+00
5709,7.607707e+00
5710,7.663057e+00
5711,7.656164e+00
5712,7.676571e+00
5713,7.685037e+00
5714,7.695884e+00
5715,7.683021e+00
5716,7.682199e+00
5717,7.684234e+00
5718,7.709667e+00
5719,7.739551e+00
5720,7.758547e+00
5721,7.769497e+00
5722,7.774443e+00
5723,7.786885e+00
5724,7.791946e+00
5725,7.800029e+00
5726,7.790813e+00
5727,7.802344e+00
5728,7.807348e+00
5729,7.801939e+00
5730,7.801400e+00
5731,7.802698e+00
5732,7.808004e+00
5733,7.811287e+00
5734,7.809575e+00
5735,7.813369e+00
5736,7.809602e+00
5737,7.800698e+00
5738,7.795558e+00
5739,7.792593e+00
5740,7.789765e+00
5741,7.784438e+00
5742,7.775536e+00
5743,7.765514e+00
5744,7.754852e+00
5745,7.743436e+00
5746,7.726235e+00
5747,7.707686e+00
5748,7.695313e+00
5749,7.687512e+00
5750,7.684296e+00
5751,7.682005e+00
5752,7.674969e+00
5753,7.665021e+00
5754,7.654894e+00
5755,7.644759e+00
5756,7.634338e+00
5757,7.623907e+00
5758,7.614793e+00
5759,7.607086e+00
5760,7.235213e+00
5761,7.551122e+00
5762,7.450832e+00
5763,7.421083e+00
5764,7.565458e+00
5765,7.591197e+00
5766,7.577045e+00
5767,7.593589e+00
5768,7.588821e+00
5769,7.570069e+00
5770,7.648930e+00
5771,7.649467e+00
5772,7.669274e+00
5773,7.677176e+00
5774,7.688001e+00
5775,7.703370e+00
5776,7.707444e+00
5777,7.700404e+00
5778,7.727439e+00
5779,7.743740e+00
5780,7.756138e+00
5781,7.763295e+00
5782,7.763451e+00
5783,7.779595e+00
5784,7.786226e+00
5785,7.795554e+00
5786,7.797057e+00
5787,7.800149e+00
5788,7.803055e+00
5789,7.815106e+00
5790,7.817925e+00
5791,7.817311e+00
5792,7.821997e+00
5793,7.819631e+00
5794,7.819600e+00
5795,7.821490e+00
5796,7.813389e+00
5797,7.811380e+00
5798,7.808784e+00
5799,7.804322e+00
5800,7.798583e+00
5801,7.790571e+00
5802,7.785312e+00
5803,7.780503e+00
5804,7.772974e+00
5805,7.766616e+00
5806,7.762679e+00
5807,7.751291e+00
5808,7.738200e+00
5809,7.728218e+00
5810,7.718200e+00
5811,7.711119e+00
5812,7.705307e+00
5813,7.696207e+00
5814,7.682821e+00
5815,7.666286e+00
5816,7.646112e+00
5817,7.623687e+00
5818,7.602085e+00
5819,7.585960e+00
5820,7.574688e+00
5821,7.567636e+00
5822,7.562316e+00
5823,7.553433e+00
5824,7.132079e+00
5825,7.479026e+00
5826,7.404943e+00
5827,7.341247e+00
5828,7.470808e+00
5829,7.488062e+00
5830,7.503778e+00
5831,7.504631e+00
5832,7.424585e+00
5833,7.497557e+00
5834,7.539877e+00
5835,7.524914e+00
5836,7.515270e+00
5837,7.544487e+00
5838,7.582487e+00
5839,7.564243e+00
5840,7.591535e+00
5841,7.602598e+00
5842,7.611745e+00
5843,7.614096e+00
5844,7.621710e+00
5845,7.610745e+00
5846,7.647881e+00
5847,7.671789e+00
5848,7.688377e+00
5849,7.692956e+00
5850,7.701600e+00
5851,7.707789e+00
5852,7.718965e+00
5853,7.716650e+00
5854,7.709252e+00
5855,7.724124e+00
5856,7.721014e+00
5857,7.718219e+00
5858,7.721655e+00
5859,7.725923e+00
5860,7.735134e+00
5861,7.741353e+00
5862,7.752932e+00
5863,7.763152e+00
5864,7.757797e+00
5865,7.757261e+00
5866,7.761464e+00
5867,7.768252e+00
5868,7.776868e+00
5869,7.782730e+00
5870,7.783897e+00
5871,7.784265e+00
5872,7.782083e+00
5873,7.778696e+00
5874,7.775329e+00
5875,7.770478e+00
5876,7.760760e+00
5877,7.753802e+00
5878,7.748023e+00
5879,7.739678e+00
5880,7.732692e+00
5881,7.727237e+00
5882,7.719948e+00
5883,7.710292e+00
5884,7.699129e+00
5885,7.686823e+00
5886,7.673804e+00
5887,7.660166e+00
5888,7.336284e+00
5889,7.595695e+00
5890,7.517488e+00
5891,7.462521e+00
5892,7.612516e+00
5893,7.611378e+00
5894,7.603564e+00
5895,7.624409e+00
5896,7.621399e+00
5897,7.595745e+00
5898,7.664441e+00
5899,7.635030e+00
5900,7.668296e+00
5901,7.682559e+00
5902,7.672447e+00
5903,7.690569e+00
5904,7.694539e+00
5905,7.691334e+00
5906,7.713605e+00
5907,7.733420e+00
5908,7.742945e+00
5909,7.751497e+00
5910,7.752559e+00
5911,7.775295e+00
5912,7.763680e+00
5913,7.778114e+00
5914,7.781245e+00
5915,7.782971e+00
5916,7.787785e+00
5917,7.797812e+00
5918,7.800646e+00
5919,7.803461e+00
5920,7.802755e+00
5921,7.799187e+00
5922,7.805600e+00
5923,7.800626e+00
5924,7.802286e+00
5925,7.803589e+00
5926,7.800597e+00
5927,7.795328e+00
5928,7.789267e+00
5929,7.785278e+00
5930,7.783154e+00
5931,7.777886e+00
5932,7.770838e+00
5933,7.768583e+00
5934,7.760843e+00
5935,7.749345e+00
5936,7.739324e+00
5937,7.730807e+00
5938,7.723328e+00
5939,7.714833e+00
5940,7.702110e+00
5941,7.685808e+00
5942,7.668381e+00
5943,7.649791e+00
5944,7.630224e+00
5945,7.609244e+00
5946,7.590921e+00
5947,7.577753e+00
5948,7.567263e+00
5949,7.556765e+00
5950,7.544920e+00
5951,7.531230e+00
5952,7.106315e+00
5953,7.455441e+00
5954,7.389561e+00
5955,7.306254e+00
5956,7.447397e+00
5957,7.449741e+00
5958,7.488408e+00
5959,7.507301e+00
5960,7.455741e+00
5961,7.503150e+00
5962,7.566481e+00
5963,7.561581e+00
5964,7.544007e+00
5965,7.598315e+00
5966,7.629359e+00
5967,7.634281e+00
5968,7.646968e+00
5969,7.672234e+00
5970,7.683804e+00
5971,7.688018e+00
5972,7.698799e+00
5973,7.691496e+00
5974,7.719361e+00
5975,7.739071e+00
5976,7.748777e+00
5977,7.752943e+00
5978,7.764128e+00
5979,7.768524e+00
5980,7.772647e+00
5981,7.766542e+00
5982,7.772491e+00
5983,7.768041e+00
5984,7.764448e+00
5985,7.768378e+00
5986,7.774844e+00
5987,7.780793e+00
5988,7.782918e+00
5989,7.788499e+00
5990,7.801956e+00
5991,7.802349e+00
5992,7.800016e+00
5993,7.796594e+00
5994,7.792410e+00
5995,7.792683e+00
5996,7.791303e+00
5997,7.786550e+00
5998,7.780355e+00
5999,7.771666e+00
6000,7.763330e+00
6001,7.756219e+00
6002,7.749258e+00
6003,7.739709e+00
6004,7.732488e+00
6005,7.721781e+00
6006,7.706616e+00
6007,7.693821e+00
6008,7.684176e+00
6009,7.674428e+00
6010,7.665777e+00
6011,7.658673e+00
6012,7.651356e+00
6013,7.642989e+00
6014,7.632579e+00
6015,7.618478e+00
6016,7.261321e+00
6017,7.550651e+00
6018,7.457137e+00
6019,7.418350e+00
6020,7.560989e+00
6021,7.533291e+00
6022,7.538471e+00
6023,7.562260e+00
6024,7.570901e+00
6025,7.536385e+00
6026,7.600223e+00
6027,7.564774e+00
6028,7.597992e+00
6029,7.619281e+00
6030,7.614031e+00
6031,7.629504e+00
6032,7.628575e+00
6033,7.638972e+00
6034,7.653093e+00
6035,7.676691e+00
6036,7.686603e+00
6037,7.695004e+00
6038,7.702013e+00
6039,7.688439e+00
6040,7.668148e+00
6041,7.685692e+00
6042,7.688088e+00
6043,7.698030e+00
6044,7.710333e+00
6045,7.721058e+00
6046,7.726057e+00
6047,7.732181e+00
6048,7.727607e+00
6049,7.732673e+00
6050,7.734941e+00
6051,7.728550e+00
6052,7.733231e+00
6053,7.734055e+00
6054,7.727398e+00
6055,7.722194e+00
6056,7.717439e+00
6057,7.715347e+00
6058,7.713046e+00
6059,7.709356e+00
6060,7.707172e+00
6061,7.700407e+00
6062,7.683887e+00
6063,7.673238e+00
6064,7.668105e+00
6065,7.665983e+00
6066,7.665703e+00
6067,7.661543e+00
6068,7.653298e+00
6069,7.645918e+00
6070,7.638465e+00
6071,7.630684e+00
6072,7.619983e+00
6073,7.609490e+00
6074,7.601414e+00
6075,7.593239e+00
6076,7.587037e+00
6077,7.581581e+00
6078,7.572925e+00
6079,7.563066e+00
6080,7.168974e+00
6081,7.513118e+00
6082,7.414235e+00
6083,7.391921e+00
6084,7.524858e+00
6085,7.488169e+00
6086,7.537564e+00
6087,7.561436e+00
6088,7.504707e+00
6089,7.547448e+00
6090,7.586875e+00
6091,7.572526e+00
6092,7.554817e+00
6093,7.602901e+00
6094,7.611316e+00
6095,7.626435e+00
6096,7.617528e+00
6097,7.646508e+00
6098,7.649477e+00
6099,7.644159e+00
6100,7.659294e+00
6101,7.661714e+00
6102,7.670244e+00
6103,7.681913e+00
6104,7.686859e+00
6105,7.688733e+00
6106,7.693742e+00
6107,7.697826e+00
6108,7.703418e+00
6109,7.702995e+00
6110,7.701502e+00
6111,7.695269e+00
6112,7.700088e+00
6113,7.711664e+00
6114,7.717833e+00
6115,7.719707e+00
6116,7.722117e+00
6117,7.730343e+00
6118,7.731335e+00
6119,7.726618e+00
6120,7.729544e+00
6121,7.726466e+00
6122,7.726551e+00
6123,7.726974e+00
6124,7.724338e+00
6125,7.720572e+00
6126,7.716054e+00
6127,7.711429e+00
6128,7.708154e+00
6129,7.704350e+00
6130,7.698833e+00
6131,7.697134e+00
6132,7.694234e+00
6133,7.685929e+00
6134,7.677631e+00
6135,7.670877e+00
6136,7.663736e+00
6137,7.658521e+00
6138,7.653889e+00
6139,7.646538e+00
6140,7.635789e+00
6141,7.621516e+00
6142,7.603003e+00
6143,7.581199e+00
6144,7.192620e+00
6145,7.518146e+00
6146,7.386641e+00
6147,7.404828e+00
6148,7.526009e+00
6149,7.457587e+00
6150,7.480614e+00
6151,7.508509e+00
6152,7.504018e+00
6153,7.499203e+00
6154,7.507463e+00
6155,7.466525e+00
6156,7.510310e+00
6157,7.530968e+00
6158,7.512856e+00
6159,7.521709e+00
6160,7.520323e+00
6161,7.556506e+00
6162,7.578062e+00
6163,7.597046e+00
6164,7.617265e+00
6165,7.629120e+00
6166,7.641424e+00
6167,7.628384e+00
6168,7.634606e+00
6169,7.632054e+00
6170,7.643268e+00
6171,7.666405e+00
6172,7.685007e+00
6173,7.695822e+00
6174,7.697967e+00
6175,7.715504e+00
6176,7.715572e+00
6177,7.718487e+00
6178,7.714211e+00
6179,7.719407e+00
6180,7.730076e+00
6181,7.726539e+00
6182,7.720708e+00
6183,7.717966e+00
6184,7.714860e+00
6185,7.713407e+00
6186,7.712519e+00
6187,7.714477e+00
6188,7.719548e+00
6189,7.714505e+00
6190,7.710095e+00
6191,7.708208e+00
6192,7.709259e+00
6193,7.712613e+00
6194,7.716422e+00
6195,7.715354e+00
6196,7.712628e+00
6197,7.707045e+00
6198,7.699272e+00
6199,7.690847e+00
6200,7.684292e+00
6201,7.678163e+00
6202,7.669886e+00
6203,7.662499e+00
6204,7.653483e+00
6205,7.642221e+00
6206,7.632348e+00
6207,7.623057e+00
6208,7.258601e+00
6209,7.576797e+00
6210,7.465248e+00
6211,7.440351e+00
6212,7.569634e+00
6213,7.510240e+00
6214,7.559793e+00
6215,7.589931e+00
6216,7.546767e+00
6217,7.565291e+00
6218,7.624992e+00
6219,7.619929e+00
6220,7.602812e+00
6221,7.653731e+00
6222,7.656077e+00
6223,7.676002e+00
6224,7.670579e+00
6225,7.698234e+00
6226,7.707695e+00
6227,7.705225e+00
6228,7.715885e+00
6229,7.733184e+00
6230,7.743647e+00
6231,7.752764e+00
6232,7.761121e+00
6233,7.768581e+00
6234,7.773938e+00
6235,7.785562e+00
6236,7.787482e+00
6237,7.791981e+00
6238,7.795692e+00
6239,7.795712e+00
6240,7.789830e+00
6241,7.798845e+00
6242,7.802302e+00
6243,7.798773e+00
6244,7.797987e+00
6245,7.793661e+00
6246,7.786688e+00
6247,7.793060e+00
6248,7.789705e+00
6249,7.785688e+00
6250,7.783272e+00
6251,7.776526e+00
6252,7.768559e+00
6253,7.759911e+00
6254,7.751515e+00
6255,7.744868e+00
6256,7.737763e+00
6257,7.730480e+00
6258,7.725963e+00
6259,7.719383e+00
6260,7.702442e+00
6261,7.685565e+00
6262,7.672964e+00
6263,7.662287e+00
6264,7.653707e+00
6265,7.644763e+00
6266,7.631173e+00
6267,7.614063e+00
6268,7.596035e+00
6269,7.577309e+00
6270,7.557627e+00
6271,7.537261e+00
6272,7.117511e+00
6273,7.502188e+00
6274,7.312087e+00
6275,7.393130e+00
6276,7.498086e+00
6277,7.422718e+00
6278,7.467240e+00
6279,7.500261e+00
6280,7.490495e+00
6281,7.490045e+00
6282,7.529994e+00
6283,7.521427e+00
6284,7.539728e+00
6285,7.596173e+00
6286,7.597948e+00
6287,7.590915e+00
6288,7.603825e+00
6289,7.652680e+00
6290,7.653318e+00
6291,7.693885e+00
6292,7.703022e+00
6293,7.717782e+00
6294,7.726768e+00
6295,7.717821e+00
6296,7.731714e+00
6297,7.719163e+00
6298,7.741456e+00
6299,7.759588e+00
6300,7.771367e+00
6301,7.776887e+00
6302,7.784997e+00
6303,7.796671e+00
6304,7.800400e+00
6305,7.800724e+00
6306,7.789504e+00
6307,7.798631e+00
6308,7.798210e+00
6309,7.791179e+00
6310,7.788310e+00
6311,7.786376e+00
6312,7.786355e+00
6313,7.786871e+00
6314,7.787450e+00
6315,7.794469e+00
6316,7.795002e+00
6317,7.788198e+00
6318,7.784164e+00
6319,7.780384e+00
6320,7.779116e+00
6321,7.778232e+00
6322,7.774245e+00
6323,7.766937e+00
6324,7.758507e+00
6325,7.748886e+00
6326,7.739137e+00
6327,7.730421e+00
6328,7.721143e+00
6329,7.709823e+00
6330,7.700496e+00
6331,7.689320e+00
6332,7.676464e+00
6333,7.664744e+00
6334,7.653520e+00
6335,7.640733e+00
6336,7.298223e+00
6337,7.594834e+00
6338,7.477871e+00
6339,7.471075e+00
6340,7.599879e+00
6341,7.526695e+00
6342,7.606675e+00
6343,7.611851e+00
6344,7.600493e+00
6345,7.610681e+00
6346,7.652266e+00
6347,7.667691e+00
6348,7.663383e+00
6349,7.700219e+00
6350,7.689927e+00
6351,7.709555e+00
6352,7.710094e+00
6353,7.719074e+00
6354,7.730489e+00
6355,7.724693e+00
6356,7.737372e+00
6357,7.762406e+00
6358,7.751690e+00
6359,7.764597e+00
6360,7.769393e+00
6361,7.772899e+00
6362,7.780544e+00
6363,7.803819e+00
6364,7.795887e+00
6365,7.799576e+00
6366,7.797922e+00
6367,7.802402e+00
6368,7.802726e+00
6369,7.814720e+00
6370,7.818404e+00
6371,7.820701e+00
6372,7.820433e+00
6373,7.812395e+00
6374,7.811108e+00
6375,7.808550e+00
6376,7.804498e+00
6377,7.809451e+00
6378,7.806863e+00
6379,7.798280e+00
6380,7.787618e+00
6381,7.777573e+00
6382,7.768940e+00
6383,7.759801e+00
6384,7.749828e+00
6385,7.741366e+00
6386,7.730791e+00
6387,7.710287e+00
6388,7.690033e+00
6389,7.675930e+00
6390,7.664732e+00
6391,7.656798e+00
6392,7.651106e+00
6393,7.641551e+00
6394,7.629670e+00
6395,7.617794e+00
6396,7.604119e+00
6397,7.588825e+00
6398,7.572733e+00
6399,7.558024e+00
6400,7.131140e+00
6401,7.531737e+00
6402,7.359927e+00
6403,7.399221e+00
6404,7.537338e+00
6405,7.481607e+00
6406,7.532433e+00
6407,7.538657e+00
6408,7.558193e+00
6409,7.540713e+00
6410,7.594068e+00
6411,7.603494e+00
6412,7.621237e+00
6413,7.638490e+00
6414,7.617707e+00
6415,7.617962e+00
6416,7.637478e+00
6417,7.679409e+00
6418,7.664901e+00
6419,7.698151e+00
6420,7.715751e+00
6421,7.726275e+00
6422,7.739045e+00
6423,7.741518e+00
6424,7.745743e+00
6425,7.744379e+00
6426,7.766327e+00
6427,7.782960e+00
6428,7.793897e+00
6429,7.800214e+00
6430,7.809426e+00
6431,7.809990e+00
6432,7.817667e+00
6433,7.818417e+00
6434,7.820887e+00
6435,7.824444e+00
6436,7.817785e+00
6437,7.817656e+00
6438,7.824221e+00
6439,7.828192e+00
6440,7.827719e+00
6441,7.824417e+00
6442,7.830427e+00
6443,7.835287e+00
6444,7.829844e+00
6445,7.827540e+00
6446,7.820826e+00
6447,7.813703e+00
6448,7.808871e+00
6449,7.800957e+00
6450,7.790043e+00
6451,7.778826e+00
6452,7.765812e+00
6453,7.753639e+00
6454,7.741669e+00
6455,7.730261e+00
6456,7.719917e+00
6457,7.712840e+00
6458,7.700516e+00
6459,7.682875e+00
6460,7.666773e+00
6461,7.653097e+00
6462,7.639596e+00
6463,7.627556e+00
6464,7.278282e+00
6465,7.586592e+00
6466,7.463809e+00
6467,7.453482e+00
6468,7.581567e+00
6469,7.510452e+00
6470,7.581921e+00
6471,7.574877e+00
6472,7.508836e+00
6473,7.593258e+00
6474,7.583751e+00
6475,7.617802e+00
6476,7.614204e+00
6477,7.639225e+00
6478,7.616722e+00
6479,7.640301e+00
6480,7.656125e+00
6481,7.638194e+00
6482,7.651726e+00
6483,7.647088e+00
6484,7.644709e+00
6485,7.708732e+00
6486,7.722355e+00
6487,7.737014e+00
6488,7.754656e+00
6489,7.768183e+00
6490,7.783904e+00
6491,7.791698e+00
6492,7.786773e+00
6493,7.807850e+00
6494,7.808858e+00
6495,7.816559e+00
6496,7.826063e+00
6497,7.837491e+00
6498,7.840624e+00
6499,7.846956e+00
6500,7.849640e+00
6501,7.846670e+00
6502,7.845837e+00
6503,7.840169e+00
6504,7.842945e+00
6505,7.848012e+00
6506,7.843594e+00
6507,7.831103e+00
6508,7.821086e+00
6509,7.810614e+00
6510,7.799973e+00
6511,7.789640e+00
6512,7.779948e+00
6513,7.768137e+00
6514,7.749639e+00
6515,7.728433e+00
6516,7.714247e+00
6517,7.703554e+00
6518,7.695416e+00
6519,7.689651e+00
6520,7.681534e+00
6521,7.669194e+00
6522,7.656440e+00
6523,7.642296e+00
6524,7.627244e+00
6525,7.611836e+00
6526,7.597582e+00
6527,7.583569e+00
6528,7.180031e+00
6529,7.550573e+00
6530,7.418293e+00
6531,7.395152e+00
6532,7.567635e+00
6533,7.520468e+00
6534,7.570296e+00
6535,7.561760e+00
6536,7.576383e+00
6537,7.570859e+00
6538,7.589020e+00
6539,7.619219e+00
6540,7.628519e+00
6541,7.642740e+00
6542,7.638469e+00
6543,7.614942e+00
6544,7.652091e+00
6545,7.689857e+00
6546,7.689595e+00
6547,7.711286e+00
6548,7.731053e+00
6549,7.745618e+00
6550,7.756101e+00
6551,7.764637e+00
6552,7.771496e+00
6553,7.781768e+00
6554,7.789272e+00
6555,7.799078e+00
6556,7.805135e+00
6557,7.811068e+00
6558,7.819495e+00
6559,7.825118e+00
6560,7.826355e+00
6561,7.819534e+00
6562,7.820608e+00
6563,7.819765e+00
6564,7.826434e+00
6565,7.830226e+00
6566,7.837494e+00
6567,7.840250e+00
6568,7.839014e+00
6569,7.838931e+00
6570,7.833432e+00
6571,7.820127e+00
6572,7.815287e+00
6573,7.815299e+00
6574,7.812366e+00
6575,7.811944e+00
6576,7.807048e+00
6577,7.799038e+00
6578,7.789716e+00
6579,7.780051e+00
6580,7.770287e+00
6581,7.759878e+00
6582,7.750372e+00
6583,7.743400e+00
6584,7.738905e+00
6585,7.727659e+00
6586,7.708808e+00
6587,7.692645e+00
6588,7.679106e+00
6589,7.665705e+00
6590,7.654746e+00
6591,7.644337e+00
6592,7.276127e+00
6593,7.602953e+00
6594,7.488547e+00
6595,7.451372e+00
6596,7.593044e+00
6597,7.541798e+00
6598,7.602869e+00
6599,7.589107e+00
6600,7.505566e+00
6601,7.588356e+00
6602,7.600014e+00
6603,7.618531e+00
6604,7.617261e+00
6605,7.643469e+00
6606,7.626037e+00
6607,7.644263e+00
6608,7.660874e+00
6609,7.655993e+00
6610,7.665047e+00
6611,7.665716e+00
6612,7.665458e+00
6613,7.710964e+00
6614,7.725960e+00
6615,7.742736e+00
6616,7.748834e+00
6617,7.757855e+00
6618,7.764386e+00
6619,7.744681e+00
6620,7.749476e+00
6621,7.748934e+00
6622,7.748763e+00
6623,7.761724e+00
6624,7.770116e+00
6625,7.775123e+00
6626,7.777169e+00
6627,7.790368e+00
6628,7.792221e+00
6629,7.792917e+00
6630,7.792320e+00
6631,7.791106e+00
6632,7.801576e+00
6633,7.801392e+00
6634,7.793101e+00
6635,7.785961e+00
6636,7.777658e+00
6637,7.769310e+00
6638,7.762300e+00
6639,7.757357e+00
6640,7.758478e+00
6641,7.761926e+00
6642,7.756860e+00
6643,7.752849e+00
6644,7.744484e+00
6645,7.738261e+00
6646,7.734911e+00
6647,7.731642e+00
6648,7.724756e+00
6649,7.716105e+00
6650,7.704540e+00
6651,7.691201e+00
6652,7.678121e+00
6653,7.666507e+00
6654,7.654949e+00
6655,7.641726e+00
6656,7.262500e+00
6657,7.605650e+00
6658,7.501256e+00
6659,7.434343e+00
6660,7.608457e+00
6661,7.553533e+00
6662,7.600290e+00
6663,7.584185e+00
6664,7.590135e+00
6665,7.589313e+00
6666,7.594735e+00
6667,7.637186e+00
6668,7.630024e+00
6669,7.661190e+00
6670,7.657793e+00
6671,7.634159e+00
6672,7.669096e+00
6673,7.674964e+00
6674,7.674373e+00
6675,7.696732e+00
6676,7.715772e+00
6677,7.723402e+00
6678,7.727709e+00
6679,7.734008e+00
6680,7.739806e+00
6681,7.756580e+00
6682,7.748473e+00
6683,7.753984e+00
6684,7.759617e+00
6685,7.760777e+00
6686,7.760255e+00
6687,7.772104e+00
6688,7.781741e+00
6689,7.782934e+00
6690,7.778319e+00
6691,7.775906e+00
6692,7.777414e+00
6693,7.787826e+00
6694,7.798708e+00
6695,7.801589e+00
6696,7.804668e+00
6697,7.805880e+00
6698,7.796726e+00
6699,7.787056e+00
6700,7.782602e+00
6701,7.774415e+00
6702,7.776067e+00
6703,7.775454e+00
6704,7.769630e+00
6705,7.760182e+00
6706,7.750155e+00
6707,7.740036e+00
6708,7.730369e+00
6709,7.720791e+00
6710,7.711782e+00
6711,7.701705e+00
6712,7.684407e+00
6713,7.659333e+00
6714,7.639897e+00
6715,7.625682e+00
6716,7.612685e+00
6717,7.601498e+00
6718,7.592240e+00
6719,7.580335e+00
6720,7.198849e+00
6721,7.536827e+00
6722,7.440603e+00
6723,7.361096e+00
6724,7.525139e+00
6725,7.486945e+00
6726,7.533612e+00
6727,7.513787e+00
6728,7.444888e+00
6729,7.503130e+00
6730,7.543073e+00
6731,7.547578e+00
6732,7.570572e+00
6733,7.594000e+00
6734,7.593806e+00
6735,7.607677e+00
6736,7.636971e+00
6737,7.637332e+00
6738,7.643016e+00
6739,7.632512e+00
6740,7.653381e+00
6741,7.671665e+00
6742,7.700242e+00
6743,7.711233e+00
6744,7.717738e+00
6745,7.727088e+00
6746,7.734056e+00
6747,7.730729e+00
6748,7.739861e+00
6749,7.721545e+00
6750,7.729067e+00
6751,7.743288e+00
6752,7.752494e+00
6753,7.755177e+00
6754,7.759547e+00
6755,7.770447e+00
6756,7.769654e+00
6757,7.767791e+00
6758,7.760778e+00
6759,7.761352e+00
6760,7.765561e+00
6761,7.760562e+00
6762,7.753935e+00
6763,7.752007e+00
6764,7.751142e+00
6765,7.748736e+00
6766,7.742460e+00
6767,7.738422e+00
6768,7.736737e+00
6769,7.729046e+00
6770,7.721673e+00
6771,7.713986e+00
6772,7.704669e+00
6773,7.694708e+00
6774,7.684238e+00
6775,7.671687e+00
6776,7.658768e+00
6777,7.645452e+00
6778,7.632565e+00
6779,7.619464e+00
6780,7.605199e+00
6781,7.593142e+00
6782,7.584135e+00
6783,7.577385e+00
6784,7.183579e+00
6785,7.543457e+00
6786,7.437930e+00
6787,7.378105e+00
6788,7.534463e+00
6789,7.477055e+00
6790,7.535512e+00
6791,7.513119e+00
6792,7.541022e+00
6793,7.524850e+00
6794,7.547327e+00
6795,7.584319e+00
6796,7.589636e+00
6797,7.614014e+00
6798,7.621714e+00
6799,7.623305e+00
6800,7.648578e+00
6801,7.639621e+00
6802,7.649635e+00
6803,7.643049e+00
6804,7.682510e+00
6805,7.687453e+00
6806,7.682496e+00
6807,7.687278e+00
6808,7.692789e+00
6809,7.713186e+00
6810,7.714638e+00
6811,7.724650e+00
6812,7.731962e+00
6813,7.734994e+00
6814,7.740707e+00
6815,7.755240e+00
6816,7.748654e+00
6817,7.752733e+00
6818,7.750895e+00
6819,7.750548e+00
6820,7.743663e+00
6821,7.754272e+00
6822,7.757746e+00
6823,7.755409e+00
6824,7.752700e+00
6825,7.742033e+00
6826,7.728985e+00
6827,7.724174e+00
6828,7.719953e+00
6829,7.724107e+00
6830,7.729627e+00
6831,7.727042e+00
6832,7.719539e+00
6833,7.711950e+00
6834,7.704716e+00
6835,7.696672e+00
6836,7.686414e+00
6837,7.676251e+00
6838,7.668245e+00
6839,7.654947e+00
6840,7.635666e+00
6841,7.621060e+00
6842,7.610945e+00
6843,7.602224e+00
6844,7.597249e+00
6845,7.597183e+00
6846,7.594135e+00
6847,7.587832e+00
6848,7.234433e+00
6849,7.561246e+00
6850,7.461222e+00
6851,7.400047e+00
6852,7.557206e+00
6853,7.522907e+00
6854,7.586163e+00
6855,7.569139e+00
6856,7.550361e+00
6857,7.543875e+00
6858,7.605320e+00
6859,7.601088e+00
6860,7.631988e+00
6861,7.627450e+00
6862,7.643729e+00
6863,7.655073e+00
6864,7.668381e+00
6865,7.643709e+00
6866,7.650280e+00
6867,7.639090e+00
6868,7.654531e+00
6869,7.673095e+00
6870,7.692863e+00
6871,7.692579e+00
6872,7.699489e+00
6873,7.704481e+00
6874,7.703496e+00
6875,7.702864e+00
6876,7.711022e+00
6877,7.703955e+00
6878,7.710377e+00
6879,7.711058e+00
6880,7.710936e+00
6881,7.708398e+00
6882,7.706558e+00
6883,7.706474e+00
6884,7.709945e+00
6885,7.705340e+00
6886,7.691630e+00
6887,7.684916e+00
6888,7.674625e+00
6889,7.671338e+00
6890,7.672958e+00
6891,7.675724e+00
6892,7.676297e+00
6893,7.675451e+00
6894,7.676792e+00
6895,7.681815e+00
6896,7.678929e+00
6897,7.669402e+00
6898,7.665281e+00
6899,7.660410e+00
6900,7.658151e+00
6901,7.656839e+00
6902,7.650973e+00
6903,7.642561e+00
6904,7.634498e+00
6905,7.626945e+00
6906,7.618688e+00
6907,7.610399e+00
6908,7.604532e+00
6909,7.599490e+00
6910,7.594620e+00
6911,7.582965e+00
6912,7.167932e+00
6913,7.547474e+00
6914,7.444862e+00
6915,7.385303e+00
6916,7.526079e+00
6917,7.470876e+00
6918,7.534767e+00
6919,7.502582e+00
6920,7.538380e+00
6921,7.519608e+00
6922,7.501531e+00
6923,7.555395e+00
6924,7.571637e+00
6925,7.546804e+00
6926,7.565073e+00
6927,7.572190e+00
6928,7.582896e+00
6929,7.566982e+00
6930,7.575675e+00
6931,7.575551e+00
6932,7.594883e+00
6933,7.598411e+00
6934,7.584746e+00
6935,7.582160e+00
6936,7.590953e+00
6937,7.634667e+00
6938,7.647296e+00
6939,7.658183e+00
6940,7.663694e+00
6941,7.673053e+00
6942,7.682093e+00
6943,7.683299e+00
6944,7.672992e+00
6945,7.689596e+00
6946,7.683350e+00
6947,7.684889e+00
6948,7.686426e+00
6949,7.691576e+00
6950,7.689823e+00
6951,7.691780e+00
6952,7.697641e+00
6953,7.696461e+00
6954,7.695522e+00
6955,7.694766e+00
6956,7.698100e+00
6957,7.710785e+00
6958,7.716907e+00
6959,7.717260e+00
6960,7.712475e+00
6961,7.708768e+00
6962,7.705630e+00
6963,7.701895e+00
6964,7.698639e+00
6965,7.695818e+00
6966,7.693701e+00
6967,7.689475e+00
6968,7.686878e+00
6969,7.684538e+00
6970,7.679106e+00
6971,7.675681e+00
6972,7.673463e+00
6973,7.669115e+00
6974,7.663826e+00
6975,7.657343e+00
6976,7.324349e+00
6977,7.634374e+00
6978,7.527759e+00
6979,7.454630e+00
6980,7.601848e+00
6981,7.561526e+00
6982,7.619748e+00
6983,7.599900e+00
6984,7.586545e+00
6985,7.584800e+00
6986,7.603156e+00
6987,7.616600e+00
6988,7.645394e+00
6989,7.612025e+00
6990,7.639028e+00
6991,7.646680e+00
6992,7.657561e+00
6993,7.642115e+00
6994,7.628784e+00
6995,7.634361e+00
6996,7.649088e+00
6997,7.659591e+00
6998,7.683719e+00
6999,7.689448e+00
7000,7.695483e+00
7001,7.702237e+00
7002,7.703361e+00
7003,7.710755e+00
7004,7.708057e+00
7005,7.715904e+00
7006,7.716717e+00
7007,7.716556e+00
7008,7.717597e+00
7009,7.715807e+00
7010,7.713749e+00
7011,7.715024e+00
7012,7.718267e+00
7013,7.711667e+00
7014,7.703963e+00
7015,7.695870e+00
7016,7.690623e+00
7017,7.692639e+00
7018,7.697805e+00
7019,7.702972e+00
7020,7.704167e+00
7021,7.706129e+00
7022,7.708789e+00
7023,7.699981e+00
7024,7.683615e+00
7025,7.676139e+00
7026,7.670699e+00
7027,7.666893e+00
7028,7.663995e+00
7029,7.656497e+00
7030,7.646354e+00
7031,7.635221e+00
7032,7.624720e+00
7033,7.615952e+00
7034,7.608460e+00
7035,7.601890e+00
7036,7.597399e+00
7037,7.591166e+00
7038,7.574363e+00
7039,7.552458e+00
7040,7.110314e+00
7041,7.524180e+00
7042,7.386131e+00
7043,7.371467e+00
7044,7.476221e+00
7045,7.424374e+00
7046,7.492667e+00
7047,7.469115e+00
7048,7.501728e+00
7049,7.504605e+00
7050,7.458468e+00
7051,7.527301e+00
7052,7.556149e+00
7053,7.535821e+00
7054,7.548720e+00
7055,7.559493e+00
7056,7.610073e+00
7057,7.614330e+00
7058,7.627275e+00
7059,7.634440e+00
7060,7.653488e+00
7061,7.669369e+00
7062,7.666876e+00
7063,7.668723e+00
7064,7.688918e+00
7065,7.700346e+00
7066,7.729264e+00
7067,7.746847e+00
7068,7.752848e+00
7069,7.761518e+00
7070,7.768169e+00
7071,7.766553e+00
7072,7.772806e+00
7073,7.776033e+00
7074,7.768355e+00
7075,7.774037e+00
7076,7.778929e+00
7077,7.785221e+00
7078,7.787240e+00
7079,7.793584e+00
7080,7.800958e+00
7081,7.800417e+00
7082,7.798850e+00
7083,7.795454e+00
7084,7.796942e+00
7085,7.799823e+00
7086,7.796707e+00
7087,7.788055e+00
7088,7.781725e+00
7089,7.775802e+00
7090,7.770480e+00
7091,7.764834e+00
7092,7.759064e+00
7093,7.755632e+00
7094,7.750853e+00
7095,7.741145e+00
7096,7.734427e+00
7097,7.726166e+00
7098,7.719221e+00
7099,7.712424e+00
7100,7.704876e+00
7101,7.695234e+00
7102,7.683914e+00
7103,7.671885e+00
7104,7.340135e+00
7105,7.639673e+00
7106,7.553353e+00
7107,7.444475e+00
7108,7.604638e+00
7109,7.571544e+00
7110,7.628254e+00
7111,7.603633e+00
7112,7.613855e+00
7113,7.600605e+00
7114,7.615983e+00
7115,7.630528e+00
7116,7.665021e+00
7117,7.637929e+00
7118,7.666209e+00
7119,7.669381e+00
7120,7.685074e+00
7121,7.682911e+00
7122,7.662545e+00
7123,7.682795e+00
7124,7.691262e+00
7125,7.653968e+00
7126,7.707314e+00
7127,7.716801e+00
7128,7.720725e+00
7129,7.725858e+00
7130,7.726471e+00
7131,7.731756e+00
7132,7.734691e+00
7133,7.748819e+00
7134,7.738356e+00
7135,7.741969e+00
7136,7.744797e+00
7137,7.747926e+00
7138,7.746115e+00
7139,7.752284e+00
7140,7.759188e+00
7141,7.759339e+00
7142,7.755050e+00
7143,7.747552e+00
7144,7.742681e+00
7145,7.738864e+00
7146,7.751792e+00
7147,7.756495e+00
7148,7.754803e+00
7149,7.750467e+00
7150,7.734825e+00
7151,7.709233e+00
7152,7.691212e+00
7153,7.682142e+00
7154,7.679513e+00
7155,7.684494e+00
7156,7.681647e+00
7157,7.673787e+00
7158,7.662406e+00
7159,7.651674e+00
7160,7.641001e+00
7161,7.630146e+00
7162,7.617535e+00
7163,7.607850e+00
7164,7.596607e+00
7165,7.579786e+00
7166,7.562250e+00
7167,7.549491e+00
7168,7.127564e+00
7169,7.520377e+00
7170,7.387415e+00
7171,7.359901e+00
7172,7.493337e+00
7173,7.466996e+00
7174,7.524140e+00
7175,7.491230e+00
7176,7.564779e+00
7177,7.552320e+00
7178,7.524498e+00
7179,7.593064e+00
7180,7.617836e+00
7181,7.602596e+00
7182,7.614448e+00
7183,7.631478e+00
7184,7.655984e+00
7185,7.656604e+00
7186,7.673033e+00
7187,7.683328e+00
7188,7.674341e+00
7189,7.693809e+00
7190,7.686843e+00
7191,7.689167e+00
7192,7.716327e+00
7193,7.718179e+00
7194,7.745001e+00
7195,7.749506e+00
7196,7.756403e+00
7197,7.760665e+00
7198,7.769071e+00
7199,7.769082e+00
7200,7.784233e+00
7201,7.777176e+00
7202,7.777142e+00
7203,7.785773e+00
7204,7.790623e+00
7205,7.789400e+00
7206,7.791262e+00
7207,7.796854e+00
7208,7.797955e+00
7209,7.797591e+00
7210,7.790660e+00
7211,7.780331e+00
7212,7.777079e+00
7213,7.770047e+00
7214,7.761744e+00
7215,7.756623e+00
7216,7.754797e+00
7217,7.753540e+00
7218,7.750544e+00
7219,7.745489e+00
7220,7.744320e+00
7221,7.742942e+00
7222,7.734391e+00
7223,7.726482e+00
7224,7.718604e+00
7225,7.711007e+00
7226,7.703300e+00
7227,7.694077e+00
7228,7.682308e+00
7229,7.669809e+00
7230,7.657119e+00
7231,7.643424e+00
7232,7.287462e+00
7233,7.603251e+00
7234,7.530556e+00
7235,7.410564e+00
7236,7.576304e+00
7237,7.552771e+00
7238,7.607262e+00
7239,7.583130e+00
7240,7.599533e+00
7241,7.603330e+00
7242,7.602120e+00
7243,7.625315e+00
7244,7.656685e+00
7245,7.619253e+00
7246,7.658237e+00
7247,7.671892e+00
7248,7.675785e+00
7249,7.674835e+00
7250,7.676055e+00
7251,7.696914e+00
7252,7.701142e+00
7253,7.655670e+00
7254,7.684925e+00
7255,7.717087e+00
7256,7.735080e+00
7257,7.750901e+00
7258,7.756277e+00
7259,7.759216e+00
7260,7.765174e+00
7261,7.790776e+00
7262,7.802768e+00
7263,7.812506e+00
7264,7.817702e+00
7265,7.822274e+00
7266,7.827606e+00
7267,7.834658e+00
7268,7.825126e+00
7269,7.831539e+00
7270,7.834245e+00
7271,7.827679e+00
7272,7.821060e+00
7273,7.819897e+00
7274,7.818732e+00
7275,7.811874e+00
7276,7.803295e+00
7277,7.792806e+00
7278,7.776878e+00
7279,7.763235e+00
7280,7.753339e+00
7281,7.745748e+00
7282,7.747899e+00
7283,7.746644e+00
7284,7.741615e+00
7285,7.731515e+00
7286,7.718488e+00
7287,7.705508e+00
7288,7.691812e+00
7289,7.677690e+00
7290,7.663777e+00
7291,7.650940e+00
7292,7.635142e+00
7293,7.616735e+00
7294,7.601470e+00
7295,7.585756e+00
7296,7.181732e+00
7297,7.558547e+00
7298,7.458457e+00
7299,7.377869e+00
7300,7.546731e+00
7301,7.533189e+00
7302,7.568733e+00
7303,7.538492e+00
7304,7.601585e+00
7305,7.608180e+00
7306,7.529715e+00
7307,7.623334e+00
7308,7.646887e+00
7309,7.643195e+00
7310,7.639714e+00
7311,7.675382e+00
7312,7.692795e+00
7313,7.702643e+00
7314,7.720142e+00
7315,7.733906e+00
7316,7.726029e+00
7317,7.746739e+00
7318,7.737937e+00
7319,7.739605e+00
7320,7.772127e+00
7321,7.784909e+00
7322,7.794649e+00
7323,7.797582e+00
7324,7.805752e+00
7325,7.812156e+00
7326,7.810842e+00
7327,7.815031e+00
7328,7.833909e+00
7329,7.830979e+00
7330,7.836753e+00
7331,7.834061e+00
7332,7.832495e+00
7333,7.827980e+00
7334,7.819018e+00
7335,7.816447e+00
7336,7.813615e+00
7337,7.812106e+00
7338,7.801750e+00
7339,7.786617e+00
7340,7.770115e+00
7341,7.756410e+00
7342,7.752582e+00
7343,7.752233e+00
7344,7.750919e+00
7345,7.748921e+00
7346,7.749478e+00
7347,7.754968e+00
7348,7.756560e+00
7349,7.742672e+00
7350,7.723983e+00
7351,7.712724e+00
7352,7.703386e+00
7353,7.695102e+00
7354,7.684975e+00
7355,7.673040e+00
7356,7.660447e+00
7357,7.646760e+00
7358,7.633001e+00
7359,7.619793e+00
7360,7.252147e+00
7361,7.581679e+00
7362,7.526144e+00
7363,7.390057e+00
7364,7.556017e+00
7365,7.550391e+00
7366,7.600203e+00
7367,7.577417e+00
7368,7.587734e+00
7369,7.608723e+00
7370,7.598162e+00
7371,7.622977e+00
7372,7.670671e+00
7373,7.647759e+00
7374,7.676379e+00
7375,7.703718e+00
7376,7.720451e+00
7377,7.725926e+00
7378,7.727115e+00
7379,7.759693e+00
7380,7.770040e+00
7381,7.761971e+00
7382,7.764958e+00
7383,7.800594e+00
7384,7.811648e+00
7385,7.815197e+00
7386,7.801345e+00
7387,7.810128e+00
7388,7.819873e+00
7389,7.830263e+00
7390,7.838771e+00
7391,7.847366e+00
7392,7.846833e+00
7393,7.847096e+00
7394,7.847523e+00
7395,7.848694e+00
7396,7.840655e+00
7397,7.844383e+00
7398,7.828996e+00
7399,7.820288e+00
7400,7.816250e+00
7401,7.815950e+00
7402,7.808052e+00
7403,7.802354e+00
7404,7.802382e+00
7405,7.800100e+00
7406,7.792134e+00
7407,7.782888e+00
7408,7.774297e+00
7409,7.772130e+00
7410,7.772004e+00
7411,7.767996e+00
7412,7.758791e+00
7413,7.744425e+00
7414,7.731908e+00
7415,7.720872e+00
7416,7.709668e+00
7417,7.698527e+00
7418,7.686458e+00
7419,7.673095e+00
7420,7.657636e+00
7421,7.643937e+00
7422,7.630900e+00
7423,7.615292e+00
7424,7.225095e+00
7425,7.586082e+00
7426,7.516433e+00
7427,7.379986e+00
7428,7.572169e+00
7429,7.562119e+00
7430,7.584070e+00
7431,7.557797e+00
7432,7.608824e+00
7433,7.610640e+00
7434,7.529500e+00
7435,7.614945e+00
7436,7.646239e+00
7437,7.647743e+00
7438,7.635659e+00
7439,7.675163e+00
7440,7.664399e+00
7441,7.685486e+00
7442,7.700602e+00
7443,7.712192e+00
7444,7.700954e+00
7445,7.712945e+00
7446,7.709292e+00
7447,7.714411e+00
7448,7.739361e+00
7449,7.739014e+00
7450,7.752693e+00
7451,7.756481e+00
7452,7.753468e+00
7453,7.755553e+00
7454,7.748484e+00
7455,7.749529e+00
7456,7.745966e+00
7457,7.760916e+00
7458,7.777220e+00
7459,7.780499e+00
7460,7.781093e+00
7461,7.782800e+00
7462,7.777673e+00
7463,7.776181e+00
7464,7.776762e+00
7465,7.777270e+00
7466,7.773497e+00
7467,7.770521e+00
7468,7.761451e+00
7469,7.752966e+00
7470,7.749389e+00
7471,7.757004e+00
7472,7.763391e+00
7473,7.766145e+00
7474,7.767738e+00
7475,7.761501e+00
7476,7.738451e+00
7477,7.713859e+00
7478,7.701614e+00
7479,7.692339e+00
7480,7.687509e+00
7481,7.682601e+00
7482,7.674803e+00
7483,7.663861e+00
7484,7.651477e+00
7485,7.638748e+00
7486,7.626650e+00
7487,7.613921e+00
7488,7.241416e+00
7489,7.579889e+00
7490,7.522482e+00
7491,7.387684e+00
7492,7.541715e+00
7493,7.549330e+00
7494,7.574859e+00
7495,7.544949e+00
7496,7.552319e+00
7497,7.562160e+00
7498,7.571536e+00
7499,7.572005e+00
7500,7.639292e+00
7501,7.627760e+00
7502,7.642864e+00
7503,7.676518e+00
7504,7.676525e+00
7505,7.682755e+00
7506,7.689456e+00
7507,7.713132e+00
7508,7.718834e+00
7509,7.718506e+00
7510,7.713569e+00
7511,7.745226e+00
7512,7.752583e+00
7513,7.754017e+00
7514,7.748788e+00
7515,7.745082e+00
7516,7.763098e+00
7517,7.769561e+00
7518,7.788404e+00
7519,7.795437e+00
7520,7.794656e+00
7521,7.795249e+00
7522,7.791815e+00
7523,7.791463e+00
7524,7.790705e+00
7525,7.794645e+00
7526,7.783237e+00
7527,7.778194e+00
7528,7.777167e+00
7529,7.779429e+00
7530,7.775352e+00
7531,7.773249e+00
7532,7.774397e+00
7533,7.773620e+00
7534,7.769293e+00
7535,7.758604e+00
7536,7.744136e+00
7537,7.734476e+00
7538,7.725710e+00
7539,7.714776e+00
7540,7.700447e+00
7541,7.690954e+00
7542,7.682869e+00
7543,7.675772e+00
7544,7.667963e+00
7545,7.659984e+00
7546,7.654589e+00
7547,7.646992e+00
7548,7.634738e+00
7549,7.624293e+00
7550,7.615607e+00
7551,7.608049e+00
7552,7.218772e+00
7553,7.581161e+00
7554,7.519950e+00
7555,7.383099e+00
7556,7.547816e+00
7557,7.542288e+00
7558,7.575153e+00
7559,7.558847e+00
7560,7.586334e+00
7561,7.596013e+00
7562,7.517643e+00
7563,7.582291e+00
7564,7.637048e+00
7565,7.643893e+00
7566,7.636948e+00
7567,7.676862e+00
7568,7.652194e+00
7569,7.679655e+00
7570,7.695275e+00
7571,7.711773e+00
7572,7.696792e+00
7573,7.707531e+00
7574,7.713634e+00
7575,7.729314e+00
7576,7.746266e+00
7577,7.750164e+00
7578,7.764582e+00
7579,7.769903e+00
7580,7.776572e+00
7581,7.782779e+00
7582,7.786785e+00
7583,7.788329e+00
7584,7.784909e+00
7585,7.800581e+00
7586,7.799592e+00
7587,7.810529e+00
7588,7.814110e+00
7589,7.814833e+00
7590,7.810945e+00
7591,7.808835e+00
7592,7.807069e+00
7593,7.798353e+00
7594,7.795696e+00
7595,7.787901e+00
7596,7.775163e+00
7597,7.767199e+00
7598,7.764986e+00
7599,7.765411e+00
7600,7.759331e+00
7601,7.750596e+00
7602,7.737311e+00
7603,7.715492e+00
7604,7.693585e+00
7605,7.679930e+00
7606,7.671933e+00
7607,7.672654e+00
7608,7.676614e+00
7609,7.673447e+00
7610,7.668219e+00
7611,7.657748e+00
7612,7.646802e+00
7613,7.635491e+00
7614,7.623792e+00
7615,7.610719e+00
7616,7.251941e+00
7617,7.580119e+00
7618,7.519022e+00
7619,7.397904e+00
7620,7.537890e+00
7621,7.549596e+00
7622,7.562123e+00
7623,7.542305e+00
7624,7.567676e+00
7625,7.533677e+00
7626,7.589585e+00
7627,7.564813e+00
7628,7.644368e+00
7629,7.641616e+00
7630,7.650926e+00
7631,7.679360e+00
7632,7.670106e+00
7633,7.682031e+00
7634,7.686775e+00
7635,7.710619e+00
7636,7.711530e+00
7637,7.718814e+00
7638,7.712414e+00
7639,7.728982e+00
7640,7.741037e+00
7641,7.741672e+00
7642,7.737079e+00
7643,7.734959e+00
7644,7.751606e+00
7645,7.750610e+00
7646,7.766747e+00
7647,7.766186e+00
7648,7.765879e+00
7649,7.762730e+00
7650,7.761226e+00
7651,7.749917e+00
7652,7.754053e+00
7653,7.759689e+00
7654,7.755271e+00
7655,7.753042e+00
7656,7.746618e+00
7657,7.741070e+00
7658,7.738019e+00
7659,7.731945e+00
7660,7.725713e+00
7661,7.718450e+00
7662,7.713964e+00
7663,7.704444e+00
7664,7.692783e+00
7665,7.678576e+00
7666,7.658767e+00
7667,7.644838e+00
7668,7.637921e+00
7669,7.631412e+00
7670,7.625866e+00
7671,7.622423e+00
7672,7.623269e+00
7673,7.631036e+00
7674,7.632188e+00
7675,7.621582e+00
7676,7.612475e+00
7677,7.605004e+00
7678,7.595469e+00
7679,7.583389e+00
7680,7.175448e+00
7681,7.555770e+00
7682,7.491677e+00
7683,7.372247e+00
7684,7.496018e+00
7685,7.497008e+00
7686,7.533229e+00
7687,7.522969e+00
7688,7.548090e+00
7689,7.542593e+00
7690,7.503691e+00
7691,7.518881e+00
7692,7.593592e+00
7693,7.593366e+00
7694,7.595815e+00
7695,7.612618e+00
7696,7.577701e+00
7697,7.608738e+00
7698,7.621561e+00
7699,7.632390e+00
7700,7.617993e+00
7701,7.617017e+00
7702,7.638743e+00
7703,7.660036e+00
7704,7.653998e+00
7705,7.670371e+00
7706,7.681336e+00
7707,7.691612e+00
7708,7.699413e+00
7709,7.707162e+00
7710,7.701577e+00
7711,7.702457e+00
7712,7.704139e+00
7713,7.713597e+00
7714,7.715697e+00
7715,7.723454e+00
7716,7.724346e+00
7717,7.723992e+00
7718,7.719456e+00
7719,7.720206e+00
7720,7.714539e+00
7721,7.717008e+00
7722,7.716832e+00
7723,7.700973e+00
7724,7.689560e+00
7725,7.685519e+00
7726,7.687732e+00
7727,7.679073e+00
7728,7.673355e+00
7729,7.669749e+00
7730,7.665299e+00
7731,7.658416e+00
7732,7.650430e+00
7733,7.641537e+00
7734,7.637951e+00
7735,7.642446e+00
7736,7.646938e+00
7737,7.650102e+00
7738,7.643787e+00
7739,7.633807e+00
7740,7.625534e+00
7741,7.619261e+00
7742,7.615176e+00
7743,7.611920e+00
7744,7.259338e+00
7745,7.592617e+00
7746,7.527566e+00
7747,7.412882e+00
7748,7.535366e+00
7749,7.555570e+00
7750,7.571941e+00
7751,7.566265e+00
7752,7.593272e+00
7753,7.546069e+00
7754,7.589834e+00
7755,7.584741e+00
7756,7.624405e+00
7757,7.629362e+00
7758,7.649227e+00
7759,7.663737e+00
7760,7.652943e+00
7761,7.665414e+00
7762,7.672277e+00
7763,7.690103e+00
7764,7.690847e+00
7765,7.698454e+00
7766,7.697370e+00
7767,7.705535e+00
7768,7.718205e+00
7769,7.719356e+00
7770,7.715922e+00
7771,7.716216e+00
7772,7.734253e+00
7773,7.739623e+00
7774,7.750717e+00
7775,7.753629e+00
7776,7.757084e+00
7777,7.758398e+00
7778,7.751938e+00
7779,7.742772e+00
7780,7.750901e+00
7781,7.742483e+00
7782,7.747849e+00
7783,7.752496e+00
7784,7.750170e+00
7785,7.747192e+00
7786,7.743339e+00
7787,7.739105e+00
7788,7.735689e+00
7789,7.731519e+00
7790,7.724810e+00
7791,7.715303e+00
7792,7.706221e+00
7793,7.691066e+00
7794,7.677684e+00
7795,7.669641e+00
7796,7.667119e+00
7797,7.665394e+00
7798,7.663658e+00
7799,7.663215e+00
7800,7.661842e+00
7801,7.646959e+00
7802,7.619301e+00
7803,7.597798e+00
7804,7.586732e+00
7805,7.578562e+00
7806,7.572240e+00
7807,7.564507e+00
7808,7.156255e+00
7809,7.547107e+00
7810,7.467592e+00
7811,7.388478e+00
7812,7.463843e+00
7813,7.481079e+00
7814,7.518112e+00
7815,7.515989e+00
7816,7.547265e+00
7817,7.533042e+00
7818,7.510903e+00
7819,7.538085e+00
7820,7.572456e+00
7821,7.567634e+00
7822,7.580051e+00
7823,7.597605e+00
7824,7.581747e+00
7825,7.599916e+00
7826,7.620560e+00
7827,7.644687e+00
7828,7.643184e+00
7829,7.633094e+00
7830,7.669940e+00
7831,7.695588e+00
7832,7.679293e+00
7833,7.720663e+00
7834,7.727152e+00
7835,7.744126e+00
7836,7.755694e+00
7837,7.762419e+00
7838,7.762946e+00
7839,7.771522e+00
7840,7.777734e+00
7841,7.785043e+00
7842,7.797897e+00
7843,7.810166e+00
7844,7.812432e+00
7845,7.815112e+00
7846,7.814835e+00
7847,7.814385e+00
7848,7.812556e+00
7849,7.813150e+00
7850,7.806113e+00
7851,7.794594e+00
7852,7.790199e+00
7853,7.788182e+00
7854,7.787910e+00
7855,7.784313e+00
7856,7.779571e+00
7857,7.775673e+00
7858,7.769698e+00
7859,7.763132e+00
7860,7.755335e+00
7861,7.746007e+00
7862,7.737959e+00
7863,7.728477e+00
7864,7.717607e+00
7865,7.704810e+00
7866,7.691480e+00
7867,7.678698e+00
7868,7.665010e+00
7869,7.651580e+00
7870,7.638722e+00
7871,7.628766e+00
7872,7.288187e+00
7873,7.606370e+00
7874,7.559405e+00
7875,7.409373e+00
7876,7.545707e+00
7877,7.578218e+00
7878,7.590798e+00
7879,7.597224e+00
7880,7.634518e+00
7881,7.587336e+00
7882,7.646966e+00
7883,7.635251e+00
7884,7.656794e+00
7885,7.675112e+00
7886,7.701515e+00
7887,7.708770e+00
7888,7.711248e+00
7889,7.712454e+00
7890,7.732017e+00
7891,7.746086e+00
7892,7.749276e+00
7893,7.762279e+00
7894,7.763350e+00
7895,7.761355e+00
7896,7.778906e+00
7897,7.776577e+00
7898,7.776922e+00
7899,7.788828e+00
7900,7.791982e+00
7901,7.800650e+00
7902,7.804902e+00
7903,7.809494e+00
7904,7.806900e+00
7905,7.804840e+00
7906,7.792658e+00
7907,7.786352e+00
7908,7.776784e+00
7909,7.773294e+00
7910,7.781510e+00
7911,7.781728e+00
7912,7.777699e+00
7913,7.775067e+00
7914,7.763570e+00
7915,7.754537e+00
7916,7.741351e+00
7917,7.734433e+00
7918,7.723124e+00
7919,7.713276e+00
7920,7.698147e+00
7921,7.676183e+00
7922,7.661360e+00
7923,7.655215e+00
7924,7.653916e+00
7925,7.649813e+00
7926,7.644836e+00
7927,7.636533e+00
7928,7.618189e+00
7929,7.591004e+00
7930,7.567619e+00
7931,7.552939e+00
7932,7.542472e+00
7933,7.540474e+00
7934,7.537920e+00
7935,7.535919e+00
7936,7.134313e+00
7937,7.519653e+00
7938,7.452354e+00
7939,7.350315e+00
7940,7.455439e+00
7941,7.483349e+00
7942,7.490185e+00
7943,7.499183e+00
7944,7.564494e+00
7945,7.552169e+00
7946,7.560182e+00
7947,7.576295e+00
7948,7.606071e+00
7949,7.625113e+00
7950,7.631064e+00
7951,7.662337e+00
7952,7.665773e+00
7953,7.679374e+00
7954,7.697235e+00
7955,7.705226e+00
7956,7.706442e+00
7957,7.709872e+00
7958,7.728789e+00
7959,7.747342e+00
7960,7.728008e+00
7961,7.757799e+00
7962,7.767215e+00
7963,7.784146e+00
7964,7.793385e+00
7965,7.794691e+00
7966,7.795945e+00
7967,7.795722e+00
7968,7.807787e+00
7969,7.811250e+00
7970,7.823130e+00
7971,7.826933e+00
7972,7.826678e+00
7973,7.826383e+00
7974,7.822685e+00
7975,7.820064e+00
7976,7.814013e+00
7977,7.820189e+00
7978,7.815157e+00
7979,7.809851e+00
7980,7.805019e+00
7981,7.801748e+00
7982,7.794636e+00
7983,7.788492e+00
7984,7.780290e+00
7985,7.770872e+00
7986,7.761676e+00
7987,7.752752e+00
7988,7.738948e+00
7989,7.724806e+00
7990,7.712386e+00
7991,7.695209e+00
7992,7.679468e+00
7993,7.664869e+00
7994,7.653579e+00
7995,7.641704e+00
7996,7.631253e+00
7997,7.621071e+00
7998,7.614245e+00
7999,7.608622e+00
8000,7.226669e+00
8001,7.576662e+00
8002,7.534080e+00
8003,7.386169e+00
8004,7.507003e+00
8005,7.541830e+00
8006,7.541735e+00
8007,7.549283e+00
8008,7.577873e+00
8009,7.547968e+00
8010,7.574706e+00
8011,7.580983e+00
8012,7.534738e+00
8013,7.578381e+00
8014,7.606177e+00
8015,7.609749e+00
8016,7.614617e+00
8017,7.607362e+00
8018,7.643405e+00
8019,7.628310e+00
8020,7.633569e+00
8021,7.641771e+00
8022,7.650461e+00
8023,7.621106e+00
8024,7.637845e+00
8025,7.635879e+00
8026,7.640114e+00
8027,7.670137e+00
8028,7.686559e+00
8029,7.699865e+00
8030,7.705046e+00
8031,7.715223e+00
8032,7.724619e+00
8033,7.731862e+00
8034,7.733207e+00
8035,7.736242e+00
8036,7.727014e+00
8037,7.735376e+00
8038,7.738709e+00
8039,7.754512e+00
8040,7.762848e+00
8041,7.764587e+00
8042,7.762702e+00
8043,7.757550e+00
8044,7.752672e+00
8045,7.744534e+00
8046,7.742442e+00
8047,7.740611e+00
8048,7.725168e+00
8049,7.711744e+00
8050,7.705289e+00
8051,7.700961e+00
8052,7.692735e+00
8053,7.685838e+00
8054,7.678660e+00
8055,7.668990e+00
8056,7.656448e+00
8057,7.645055e+00
8058,7.634406e+00
8059,7.624124e+00
8060,7.620027e+00
8061,7.620259e+00
8062,7.620922e+00
8063,7.620682e+00
8064,7.278904e+00
8065,7.599989e+00
8066,7.567826e+00
8067,7.407028e+00
8068,7.552694e+00
8069,7.586832e+00
8070,7.570508e+00
8071,7.583218e+00
8072,7.626173e+00
8073,7.618576e+00
8074,7.554699e+00
8075,7.618381e+00
8076,7.602106e+00
8077,7.631769e+00
8078,7.634795e+00
8079,7.662977e+00
8080,7.669217e+00
8081,7.671100e+00
8082,7.694441e+00
8083,7.700726e+00
8084,7.704413e+00
8085,7.701294e+00
8086,7.720227e+00
8087,7.730440e+00
8088,7.724025e+00
8089,7.733072e+00
8090,7.750119e+00
8091,7.757063e+00
8092,7.766576e+00
8093,7.765822e+00
8094,7.767570e+00
8095,7.762513e+00
8096,7.776103e+00
8097,7.775347e+00
8098,7.787798e+00
8099,7.789847e+00
8100,7.789678e+00
8101,7.791303e+00
8102,7.789826e+00
8103,7.779061e+00
8104,7.770020e+00
8105,7.775608e+00
8106,7.768163e+00
8107,7.764819e+00
8108,7.759187e+00
8109,7.751812e+00
8110,7.744669e+00
8111,7.739216e+00
8112,7.730889e+00
8113,7.721383e+00
8114,7.711584e+00
8115,7.701171e+00
8116,7.688513e+00
8117,7.675201e+00
8118,7.653703e+00
8119,7.630935e+00
8120,7.615226e+00
8121,7.605422e+00
8122,7.594112e+00
8123,7.585445e+00
8124,7.581866e+00
8125,7.582404e+00
8126,7.581566e+00
8127,7.567501e+00
8128,7.115369e+00
8129,7.519953e+00
8130,7.492094e+00
8131,7.296835e+00
8132,7.447217e+00
8133,7.486190e+00
8134,7.453768e+00
8135,7.462360e+00
8136,7.487035e+00
8137,7.471722e+00
8138,7.480882e+00
8139,7.492802e+00
8140,7.433248e+00
8141,7.482933e+00
8142,7.489267e+00
8143,7.521657e+00
8144,7.528907e+00
8145,7.530177e+00
8146,7.583468e+00
8147,7.567992e+00
8148,7.588060e+00
8149,7.601370e+00
8150,7.614857e+00
8151,7.611703e+00
8152,7.624544e+00
8153,7.627302e+00
8154,7.648315e+00
8155,7.678482e+00
8156,7.675607e+00
8157,7.709868e+00
8158,7.721609e+00
8159,7.725130e+00
8160,7.738042e+00
8161,7.745954e+00
8162,7.749519e+00
8163,7.750764e+00
8164,7.749257e+00
8165,7.760782e+00
8166,7.764080e+00
8167,7.777530e+00
8168,7.782568e+00
8169,7.784887e+00
8170,7.782083e+00
8171,7.782272e+00
8172,7.781323e+00
8173,7.778385e+00
8174,7.779742e+00
8175,7.768874e+00
8176,7.753927e+00
8177,7.749349e+00
8178,7.748832e+00
8179,7.751203e+00
8180,7.749424e+00
8181,7.749648e+00
8182,7.747681e+00
8183,7.742407e+00
8184,7.735593e+00
8185,7.728183e+00
8186,7.719359e+00
8187,7.712948e+00
8188,7.708031e+00
8189,7.701323e+00
8190,7.694910e+00
8191,7.684270e+00
8192,7.390556e+00
8193,7.654691e+00
8194,7.630027e+00
8195,7.464897e+00
8196,7.582964e+00
8197,7.626716e+00
8198,7.604080e+00
8199,7.621721e+00
8200,7.639432e+00
8201,7.633830e+00
8202,7.594200e+00
8203,7.601529e+00
8204,7.653900e+00
8205,7.650218e+00
8206,7.651635e+00
8207,7.680874e+00
8208,7.695555e+00
8209,7.700211e+00
8210,7.718853e+00
8211,7.712294e+00
8212,7.724587e+00
8213,7.728699e+00
8214,7.731534e+00
8215,7.732965e+00
8216,7.729784e+00
8217,7.729194e+00
8218,7.753017e+00
8219,7.744458e+00
8220,7.747039e+00
8221,7.739271e+00
8222,7.735587e+00
8223,7.739926e+00
8224,7.738627e+00
8225,7.731691e+00
8226,7.734244e+00
8227,7.730759e+00
8228,7.728836e+00
8229,7.726853e+00
8230,7.725139e+00
8231,7.714558e+00
8232,7.707463e+00
8233,7.693665e+00
8234,7.684549e+00
8235,7.685770e+00
8236,7.682430e+00
8237,7.681282e+00
8238,7.678162e+00
8239,7.673964e+00
8240,7.675201e+00
8241,7.667519e+00
8242,7.659789e+00
8243,7.649468e+00
8244,7.642301e+00
8245,7.630294e+00
8246,7.610466e+00
8247,7.595303e+00
8248,7.585232e+00
8249,7.577961e+00
8250,7.570611e+00
8251,7.564315e+00
8252,7.557218e+00
8253,7.545091e+00
8254,7.522634e+00
8255,7.496364e+00
8256,7.022086e+00
8257,7.450868e+00
8258,7.437811e+00
8259,7.218019e+00
8260,7.376530e+00
8261,7.433490e+00
8262,7.402711e+00
8263,7.422625e+00
8264,7.447077e+00
8265,7.432589e+00
8266,7.472103e+00
8267,7.476071e+00
8268,7.465541e+00
8269,7.506751e+00
8270,7.510278e+00
8271,7.566295e+00
8272,7.575812e+00
8273,7.591155e+00
8274,7.614140e+00
8275,7.594594e+00
8276,7.633521e+00
8277,7.645526e+00
8278,7.659636e+00
8279,7.640034e+00
8280,7.655389e+00
8281,7.662781e+00
8282,7.686328e+00
8283,7.706304e+00
8284,7.704437e+00
8285,7.730610e+00
8286,7.739621e+00
8287,7.751060e+00
8288,7.758645e+00
8289,7.766948e+00
8290,7.770162e+00
8291,7.775562e+00
8292,7.780828e+00
8293,7.788266e+00
8294,7.798414e+00
8295,7.809403e+00
8296,7.812790e+00
8297,7.814989e+00
8298,7.815256e+00
8299,7.812914e+00
8300,7.811979e+00
8301,7.811835e+00
8302,7.813422e+00
8303,7.808536e+00
8304,7.803646e+00
8305,7.798042e+00
8306,7.797026e+00
8307,7.795657e+00
8308,7.794671e+00
8309,7.786418e+00
8310,7.776705e+00
8311,7.768502e+00
8312,7.763693e+00
8313,7.756088e+00
8314,7.745039e+00
8315,7.733718e+00
8316,7.718857e+00
8317,7.703978e+00
8318,7.690756e+00
8319,7.678711e+00
8320,7.373885e+00
8321,7.644677e+00
8322,7.604730e+00
8323,7.469212e+00
8324,7.534738e+00
8325,7.606388e+00
8326,7.594022e+00
8327,7.616181e+00
8328,7.622463e+00
8329,7.618581e+00
8330,7.617689e+00
8331,7.592952e+00
8332,7.661485e+00
8333,7.669954e+00
8334,7.688398e+00
8335,7.665736e+00
8336,7.698375e+00
8337,7.717450e+00
8338,7.723616e+00
8339,7.713562e+00
8340,7.726045e+00
8341,7.731742e+00
8342,7.745588e+00
8343,7.745373e+00
8344,7.748701e+00
8345,7.746508e+00
8346,7.768462e+00
8347,7.760123e+00
8348,7.762734e+00
8349,7.751855e+00
8350,7.748947e+00
8351,7.765050e+00
8352,7.773357e+00
8353,7.783006e+00
8354,7.779842e+00
8355,7.781358e+00
8356,7.783135e+00
8357,7.784013e+00
8358,7.775926e+00
8359,7.775255e+00
8360,7.777141e+00
8361,7.762101e+00
8362,7.760702e+00
8363,7.758827e+00
8364,7.756719e+00
8365,7.755408e+00
8366,7.751069e+00
8367,7.742942e+00
8368,7.729600e+00
8369,7.719421e+00
8370,7.709292e+00
8371,7.698046e+00
8372,7.686586e+00
8373,7.665709e+00
8374,7.643729e+00
8375,7.629160e+00
8376,7.616142e+00
8377,7.600751e+00
8378,7.587906e+00
8379,7.576323e+00
8380,7.562400e+00
8381,7.543514e+00
8382,7.522943e+00
8383,7.504575e+00
8384,7.051449e+00
8385,7.455472e+00
8386,7.451265e+00
8387,7.265179e+00
8388,7.377502e+00
8389,7.471809e+00
8390,7.470323e+00
8391,7.496425e+00
8392,7.501275e+00
8393,7.483814e+00
8394,7.544467e+00
8395,7.544739e+00
8396,7.555041e+00
8397,7.593245e+00
8398,7.612462e+00
8399,7.629362e+00
8400,7.647718e+00
8401,7.668706e+00
8402,7.676773e+00
8403,7.679430e+00
8404,7.697711e+00
8405,7.710243e+00
8406,7.730208e+00
8407,7.731844e+00
8408,7.726657e+00
8409,7.746867e+00
8410,7.768951e+00
8411,7.770522e+00
8412,7.785428e+00
8413,7.816703e+00
8414,7.829338e+00
8415,7.838625e+00
8416,7.847795e+00
8417,7.850941e+00
8418,7.855165e+00
8419,7.859111e+00
8420,7.868388e+00
8421,7.868109e+00
8422,7.873922e+00
8423,7.878468e+00
8424,7.878498e+00
8425,7.876856e+00
8426,7.872226e+00
8427,7.870105e+00
8428,7.861732e+00
8429,7.856722e+00
8430,7.849202e+00
8431,7.839104e+00
8432,7.833911e+00
8433,7.826906e+00
8434,7.817685e+00
8435,7.804289e+00
8436,7.794666e+00
8437,7.785113e+00
8438,7.772629e+00
8439,7.761304e+00
8440,7.750167e+00
8441,7.738370e+00
8442,7.730263e+00
8443,7.717705e+00
8444,7.698455e+00
8445,7.683631e+00
8446,7.670382e+00
8447,7.658053e+00
8448,7.323029e+00
8449,7.631999e+00
8450,7.580071e+00
8451,7.489766e+00
8452,7.514589e+00
8453,7.603708e+00
8454,7.598155e+00
8455,7.630954e+00
8456,7.628182e+00
8457,7.624706e+00
8458,7.633248e+00
8459,7.623936e+00
8460,7.655411e+00
8461,7.688816e+00
8462,7.706888e+00
8463,7.660102e+00
8464,7.700399e+00
8465,7.721433e+00
8466,7.725402e+00
8467,7.720568e+00
8468,7.719338e+00
8469,7.736736e+00
8470,7.774146e+00
8471,7.777440e+00
8472,7.782283e+00
8473,7.787093e+00
8474,7.791455e+00
8475,7.793556e+00
8476,7.795581e+00
8477,7.785339e+00
8478,7.790336e+00
8479,7.805613e+00
8480,7.799618e+00
8481,7.815747e+00
8482,7.814477e+00
8483,7.812100e+00
8484,7.809146e+00
8485,7.806501e+00
8486,7.798745e+00
8487,7.792131e+00
8488,7.766836e+00
8489,7.753466e+00
8490,7.752712e+00
8491,7.755619e+00
8492,7.756684e+00
8493,7.752739e+00
8494,7.746268e+00
8495,7.737468e+00
8496,7.723858e+00
8497,7.713977e+00
8498,7.703497e+00
8499,7.699185e+00
8500,7.685891e+00
8501,7.662042e+00
8502,7.646333e+00
8503,7.634629e+00
8504,7.625193e+00
8505,7.615511e+00
8506,7.607298e+00
8507,7.597689e+00
8508,7.586599e+00
8509,7.573431e+00
8510,7.561017e+00
8511,7.547564e+00
8512,7.133236e+00
8513,7.512067e+00
8514,7.482149e+00
8515,7.399093e+00
8516,7.391207e+00
8517,7.531076e+00
8518,7.554055e+00
8519,7.577532e+00
8520,7.570499e+00
8521,7.556051e+00
8522,7.613382e+00
8523,7.612025e+00
8524,7.589878e+00
8525,7.656905e+00
8526,7.670333e+00
8527,7.645463e+00
8528,7.684974e+00
8529,7.698882e+00
8530,7.710878e+00
8531,7.719871e+00
8532,7.722334e+00
8533,7.743193e+00
8534,7.756206e+00
8535,7.752926e+00
8536,7.758664e+00
8537,7.773900e+00
8538,7.783506e+00
8539,7.765739e+00
8540,7.784192e+00
8541,7.791568e+00
8542,7.811124e+00
8543,7.815153e+00
8544,7.818680e+00
8545,7.812528e+00
8546,7.812207e+00
8547,7.813317e+00
8548,7.823917e+00
8549,7.818827e+00
8550,7.824425e+00
8551,7.822819e+00
8552,7.817602e+00
8553,7.814357e+00
8554,7.808902e+00
8555,7.803304e+00
8556,7.794888e+00
8557,7.795715e+00
8558,7.785254e+00
8559,7.777108e+00
8560,7.772143e+00
8561,7.767643e+00
8562,7.760963e+00
8563,7.753075e+00
8564,7.744588e+00
8565,7.737901e+00
8566,7.727700e+00
8567,7.716765e+00
8568,7.704434e+00
8569,7.693572e+00
8570,7.678541e+00
8571,7.654738e+00
8572,7.634915e+00
8573,7.619357e+00
8574,7.607991e+00
8575,7.593495e+00
8576,7.215632e+00
8577,7.570223e+00
8578,7.510448e+00
8579,7.442704e+00
8580,7.410882e+00
8581,7.519197e+00
8582,7.523829e+00
8583,7.548950e+00
8584,7.514170e+00
8585,7.519721e+00
8586,7.515880e+00
8587,7.521880e+00
8588,7.531693e+00
8589,7.565950e+00
8590,7.594411e+00
8591,7.556740e+00
8592,7.590555e+00
8593,7.602437e+00
8594,7.605684e+00
8595,7.604192e+00
8596,7.596394e+00
8597,7.641919e+00
8598,7.671663e+00
8599,7.684484e+00
8600,7.688670e+00
8601,7.704127e+00
8602,7.699067e+00
8603,7.716831e+00
8604,7.716540e+00
8605,7.714656e+00
8606,7.724924e+00
8607,7.747060e+00
8608,7.756649e+00
8609,7.771396e+00
8610,7.773995e+00
8611,7.780293e+00
8612,7.793494e+00
8613,7.800822e+00
8614,7.804433e+00
8615,7.806869e+00
8616,7.798985e+00
8617,7.801673e+00
8618,7.797062e+00
8619,7.806534e+00
8620,7.814396e+00
8621,7.812232e+00
8622,7.809742e+00
8623,7.802930e+00
8624,7.795749e+00
8625,7.787545e+00
8626,7.779308e+00
8627,7.772530e+00
8628,7.758613e+00
8629,7.748975e+00
8630,7.740069e+00
8631,7.731264e+00
8632,7.723910e+00
8633,7.717375e+00
8634,7.708600e+00
8635,7.694425e+00
8636,7.677699e+00
8637,7.665302e+00
8638,7.653305e+00
8639,7.638271e+00
8640,7.281291e+00
8641,7.614823e+00
8642,7.561466e+00
8643,7.518939e+00
8644,7.453468e+00
8645,7.605759e+00
8646,7.606888e+00
8647,7.636493e+00
8648,7.630154e+00
8649,7.626752e+00
8650,7.653864e+00
8651,7.663222e+00
8652,7.617408e+00
8653,7.691465e+00
8654,7.710503e+00
8655,7.708185e+00
8656,7.716713e+00
8657,7.727996e+00
8658,7.749502e+00
8659,7.759870e+00
8660,7.769713e+00
8661,7.787138e+00
8662,7.788535e+00
8663,7.786717e+00
8664,7.797199e+00
8665,7.805061e+00
8666,7.811694e+00
8667,7.795665e+00
8668,7.809980e+00
8669,7.807576e+00
8670,7.835402e+00
8671,7.837085e+00
8672,7.837012e+00
8673,7.828385e+00
8674,7.826413e+00
8675,7.830623e+00
8676,7.834349e+00
8677,7.834488e+00
8678,7.839994e+00
8679,7.835278e+00
8680,7.829095e+00
8681,7.826523e+00
8682,7.820311e+00
8683,7.808945e+00
8684,7.797361e+00
8685,7.793727e+00
8686,7.775319e+00
8687,7.765712e+00
8688,7.755737e+00
8689,7.743986e+00
8690,7.731195e+00
8691,7.721296e+00
8692,7.712228e+00
8693,7.697795e+00
8694,7.681744e+00
8695,7.669066e+00
8696,7.656790e+00
8697,7.647542e+00
8698,7.631368e+00
8699,7.611239e+00
8700,7.596340e+00
8701,7.584001e+00
8702,7.567816e+00
8703,7.553890e+00
8704,7.130947e+00
8705,7.535609e+00
8706,7.464488e+00
8707,7.428794e+00
8708,7.361031e+00
8709,7.495703e+00
8710,7.491464e+00
8711,7.514632e+00
8712,7.482013e+00
8713,7.494830e+00
8714,7.516520e+00
8715,7.470134e+00
8716,7.549560e+00
8717,7.556501e+00
8718,7.613687e+00
8719,7.599798e+00
8720,7.622633e+00
8721,7.632925e+00
8722,7.653322e+00
8723,7.659250e+00
8724,7.656870e+00
8725,7.692052e+00
8726,7.673600e+00
8727,7.717689e+00
8728,7.732856e+00
8729,7.745338e+00
8730,7.744799e+00
8731,7.762436e+00
8732,7.759614e+00
8733,7.767007e+00
8734,7.779874e+00
8735,7.793015e+00
8736,7.805281e+00
8737,7.823739e+00
8738,7.832982e+00
8739,7.840106e+00
8740,7.850323e+00
8741,7.856796e+00
8742,7.859930e+00
8743,7.860169e+00
8744,7.860080e+00
8745,7.861707e+00
8746,7.857085e+00
8747,7.861970e+00
8748,7.862157e+00
8749,7.858129e+00
8750,7.851036e+00
8751,7.843935e+00
8752,7.836845e+00
8753,7.824804e+00
8754,7.815601e+00
8755,7.798473e+00
8756,7.783247e+00
8757,7.773536e+00
8758,7.764957e+00
8759,7.759316e+00
8760,7.747421e+00
8761,7.737330e+00
8762,7.726099e+00
8763,7.713314e+00
8764,7.700619e+00
8765,7.687332e+00
8766,7.671567e+00
8767,7.658804e+00
8768,7.321387e+00
8769,7.634002e+00
8770,7.573801e+00
8771,7.554032e+00
8772,7.474074e+00
8773,7.627411e+00
8774,7.604386e+00
8775,7.643962e+00
8776,7.639806e+00
8777,7.642790e+00
8778,7.668098e+00
8779,7.649063e+00
8780,7.620547e+00
8781,7.678336e+00
8782,7.705497e+00
8783,7.704007e+00
8784,7.706834e+00
8785,7.722814e+00
8786,7.697000e+00
8787,7.713791e+00
8788,7.732923e+00
8789,7.737137e+00
8790,7.728246e+00
8791,7.726140e+00
8792,7.731915e+00
8793,7.742611e+00
8794,7.750735e+00
8795,7.744774e+00
8796,7.742940e+00
8797,7.752591e+00
8798,7.772501e+00
8799,7.773953e+00
8800,7.770899e+00
8801,7.761419e+00
8802,7.758968e+00
8803,7.767493e+00
8804,7.768249e+00
8805,7.780434e+00
8806,7.779719e+00
8807,7.774537e+00
8808,7.772327e+00
8809,7.769487e+00
8810,7.763974e+00
8811,7.761779e+00
8812,7.761027e+00
8813,7.739761e+00
8814,7.726093e+00
8815,7.720100e+00
8816,7.715717e+00
8817,7.715029e+00
8818,7.711826e+00
8819,7.709815e+00
8820,7.703996e+00
8821,7.691216e+00
8822,7.684518e+00
8823,7.672876e+00
8824,7.662825e+00
8825,7.650076e+00
8826,7.629893e+00
8827,7.614227e+00
8828,7.601824e+00
8829,7.588298e+00
8830,7.574755e+00
8831,7.562668e+00
8832,7.141092e+00
8833,7.540442e+00
8834,7.482140e+00
8835,7.433038e+00
8836,7.385593e+00
8837,7.519808e+00
8838,7.496324e+00
8839,7.540019e+00
8840,7.530708e+00
8841,7.543867e+00
8842,7.553658e+00
8843,7.492769e+00
8844,7.548870e+00
8845,7.571271e+00
8846,7.605846e+00
8847,7.582277e+00
8848,7.609835e+00
8849,7.618987e+00
8850,7.622359e+00
8851,7.629794e+00
8852,7.636059e+00
8853,7.641757e+00
8854,7.615337e+00
8855,7.650677e+00
8856,7.658525e+00
8857,7.652696e+00
8858,7.673675e+00
8859,7.674930e+00
8860,7.674604e+00
8861,7.687146e+00
8862,7.696633e+00
8863,7.686627e+00
8864,7.709902e+00
8865,7.729380e+00
8866,7.738284e+00
8867,7.744583e+00
8868,7.752048e+00
8869,7.756230e+00
8870,7.755115e+00
8871,7.757072e+00
8872,7.765167e+00
8873,7.766072e+00
8874,7.768554e+00
8875,7.772834e+00
8876,7.770974e+00
8877,7.769644e+00
8878,7.765037e+00
8879,7.762386e+00
8880,7.758635e+00
8881,7.752551e+00
8882,7.747824e+00
8883,7.738515e+00
8884,7.731852e+00
8885,7.726958e+00
8886,7.723902e+00
8887,7.717111e+00
8888,7.708579e+00
8889,7.700633e+00
8890,7.690496e+00
8891,7.677357e+00
8892,7.667627e+00
8893,7.658771e+00
8894,7.650748e+00
8895,7.641924e+00
8896,7.302248e+00
8897,7.606321e+00
8898,7.542853e+00
8899,7.496149e+00
8900,7.453888e+00
8901,7.583210e+00
8902,7.524017e+00
8903,7.581210e+00
8904,7.588253e+00
8905,7.593369e+00
8906,7.602555e+00
8907,7.577117e+00
8908,7.530774e+00
8909,7.610046e+00
8910,7.626385e+00
8911,7.609672e+00
8912,7.621994e+00
8913,7.642740e+00
8914,7.607880e+00
8915,7.624543e+00
8916,7.635003e+00
8917,7.659439e+00
8918,7.659142e+00
8919,7.653406e+00
8920,7.649188e+00
8921,7.684493e+00
8922,7.696739e+00
8923,7.706271e+00
8924,7.702893e+00
8925,7.714525e+00
8926,7.703529e+00
8927,7.726473e+00
8928,7.727588e+00
8929,7.722607e+00
8930,7.724090e+00
8931,7.730680e+00
8932,7.728970e+00
8933,7.740291e+00
8934,7.731421e+00
8935,7.729067e+00
8936,7.726824e+00
8937,7.724854e+00
8938,7.720897e+00
8939,7.722571e+00
8940,7.712019e+00
8941,7.691316e+00
8942,7.690761e+00
8943,7.684690e+00
8944,7.684806e+00
8945,7.684429e+00
8946,7.680790e+00
8947,7.675606e+00
8948,7.664995e+00
8949,7.656703e+00
8950,7.648340e+00
8951,7.636879e+00
8952,7.627493e+00
8953,7.610770e+00
8954,7.596331e+00
8955,7.588198e+00
8956,7.579239e+00
8957,7.570198e+00
8958,7.560875e+00
8959,7.552533e+00
8960,7.122502e+00
8961,7.530695e+00
8962,7.477055e+00
8963,7.422488e+00
8964,7.352716e+00
8965,7.482491e+00
8966,7.438793e+00
8967,7.497266e+00
8968,7.502013e+00
8969,7.515856e+00
8970,7.515068e+00
8971,7.451507e+00
8972,7.535086e+00
8973,7.536432e+00
8974,7.579195e+00
8975,7.574678e+00
8976,7.596890e+00
8977,7.618729e+00
8978,7.625211e+00
8979,7.643588e+00
8980,7.655933e+00
8981,7.665490e+00
8982,7.666225e+00
8983,7.677656e+00
8984,7.694651e+00
8985,7.703601e+00
8986,7.693896e+00
8987,7.724522e+00
8988,7.729416e+00
8989,7.740776e+00
8990,7.739055e+00
8991,7.711997e+00
8992,7.736960e+00
8993,7.746991e+00
8994,7.758771e+00
8995,7.761993e+00
8996,7.765922e+00
8997,7.761612e+00
8998,7.754962e+00
8999,7.754635e+00
9000,7.766386e+00
9001,7.766130e+00
9002,7.769890e+00
9003,7.768050e+00
9004,7.763303e+00
9005,7.761638e+00
9006,7.756123e+00
9007,7.752620e+00
9008,7.746984e+00
9009,7.748649e+00
9010,7.744650e+00
9011,7.733596e+00
9012,7.727866e+00
9013,7.722532e+00
9014,7.714809e+00
9015,7.701412e+00
9016,7.694618e+00
9017,7.689377e+00
9018,7.682335e+00
9019,7.674044e+00
9020,7.667212e+00
9021,7.659183e+00
9022,7.654072e+00
9023,7.643951e+00
9024,7.307627e+00
9025,7.618726e+00
9026,7.569432e+00
9027,7.475399e+00
9028,7.472440e+00
9029,7.577536e+00
9030,7.500716e+00
9031,7.563917e+00
9032,7.563151e+00
9033,7.572574e+00
9034,7.579971e+00
9035,7.573281e+00
9036,7.506450e+00
9037,7.572192e+00
9038,7.603923e+00
9039,7.610478e+00
9040,7.607274e+00
9041,7.656408e+00
9042,7.647146e+00
9043,7.664809e+00
9044,7.672041e+00
9045,7.681018e+00
9046,7.679565e+00
9047,7.679317e+00
9048,7.684191e+00
9049,7.711224e+00
9050,7.717023e+00
9051,7.713904e+00
9052,7.731500e+00
9053,7.730005e+00
9054,7.707429e+00
9055,7.728173e+00
9056,7.721927e+00
9057,7.708734e+00
9058,7.703632e+00
9059,7.717523e+00
9060,7.719741e+00
9061,7.716468e+00
9062,7.708693e+00
9063,7.709152e+00
9064,7.712520e+00
9065,7.715489e+00
9066,7.716973e+00
9067,7.720072e+00
9068,7.710211e+00
9069,7.704100e+00
9070,7.695366e+00
9071,7.694557e+00
9072,7.699187e+00
9073,7.698162e+00
9074,7.695146e+00
9075,7.688196e+00
9076,7.679299e+00
9077,7.672619e+00
9078,7.657859e+00
9079,7.647073e+00
9080,7.631604e+00
9081,7.616675e+00
9082,7.609376e+00
9083,7.601059e+00
9084,7.593991e+00
9085,7.586106e+00
9086,7.578191e+00
9087,7.567733e+00
9088,7.133206e+00
9089,7.541976e+00
9090,7.491664e+00
9091,7.425084e+00
9092,7.363499e+00
9093,7.496133e+00
9094,7.434786e+00
9095,7.508202e+00
9096,7.521346e+00
9097,7.536172e+00
9098,7.538257e+00
9099,7.487753e+00
9100,7.535945e+00
9101,7.568520e+00
9102,7.566913e+00
9103,7.573108e+00
9104,7.608605e+00
9105,7.634943e+00
9106,7.637532e+00
9107,7.654071e+00
9108,7.666591e+00
9109,7.668457e+00
9110,7.669685e+00
9111,7.687022e+00
9112,7.703377e+00
9113,7.710836e+00
9114,7.670117e+00
9115,7.701013e+00
9116,7.711428e+00
9117,7.723731e+00
9118,7.728296e+00
9119,7.717395e+00
9120,7.721634e+00
9121,7.723602e+00
9122,7.747578e+00
9123,7.754686e+00
9124,7.756504e+00
9125,7.753150e+00
9126,7.756448e+00
9127,7.759591e+00
9128,7.764320e+00
9129,7.774254e+00
9130,7.793851e+00
9131,7.796098e+00
9132,7.793386e+00
9133,7.796178e+00
9134,7.794924e+00
9135,7.791421e+00
9136,7.791028e+00
9137,7.793400e+00
9138,7.780593e+00
9139,7.770901e+00
9140,7.764081e+00
9141,7.757259e+00
9142,7.749952e+00
9143,7.743548e+00
9144,7.740131e+00
9145,7.735568e+00
9146,7.725827e+00
9147,7.720926e+00
9148,7.713438e+00
9149,7.704713e+00
9150,7.695177e+00
9151,7.679826e+00
9152,7.357756e+00
9153,7.655890e+00
9154,7.614056e+00
9155,7.494397e+00
9156,7.506069e+00
9157,7.603847e+00
9158,7.525963e+00
9159,7.589127e+00
9160,7.584452e+00
9161,7.602325e+00
9162,7.598559e+00
9163,7.599938e+00
9164,7.528353e+00
9165,7.570445e+00
9166,7.609567e+00
9167,7.614650e+00
9168,7.615708e+00
9169,7.651732e+00
9170,7.637508e+00
9171,7.651546e+00
9172,7.654813e+00
9173,7.662030e+00
9174,7.665001e+00
9175,7.655487e+00
9176,7.656913e+00
9177,7.677059e+00
9178,7.688822e+00
9179,7.687335e+00
9180,7.719784e+00
9181,7.725002e+00
9182,7.727558e+00
9183,7.728138e+00
9184,7.721448e+00
9185,7.722224e+00
9186,7.727194e+00
9187,7.726517e+00
9188,7.738146e+00
9189,7.753088e+00
9190,7.757167e+00
9191,7.754411e+00
9192,7.760034e+00
9193,7.763720e+00
9194,7.764770e+00
9195,7.761776e+00
9196,7.758448e+00
9197,7.762320e+00
9198,7.750224e+00
9199,7.749204e+00
9200,7.746212e+00
9201,7.737874e+00
9202,7.727189e+00
9203,7.715023e+00
9204,7.704440e+00
9205,7.693109e+00
9206,7.680826e+00
9207,7.664755e+00
9208,7.642999e+00
9209,7.628729e+00
9210,7.618869e+00
9211,7.614795e+00
9212,7.611803e+00
9213,7.600257e+00
9214,7.589355e+00
9215,7.575504e+00
9216,7.124081e+00
9217,7.546231e+00
9218,7.488881e+00
9219,7.425041e+00
9220,7.368366e+00
9221,7.498266e+00
9222,7.432927e+00
9223,7.521567e+00
9224,7.526511e+00
9225,7.547357e+00
9226,7.551114e+00
9227,7.528811e+00
9228,7.552391e+00
9229,7.583153e+00
9230,7.576205e+00
9231,7.596640e+00
9232,7.612969e+00
9233,7.654870e+00
9234,7.655615e+00
9235,7.669449e+00
9236,7.688223e+00
9237,7.682517e+00
9238,7.687796e+00
9239,7.702297e+00
9240,7.718532e+00
9241,7.728431e+00
9242,7.719395e+00
9243,7.721556e+00
9244,7.751380e+00
9245,7.771976e+00
9246,7.778401e+00
9247,7.778507e+00
9248,7.784490e+00
9249,7.796572e+00
9250,7.804594e+00
9251,7.811714e+00
9252,7.811215e+00
9253,7.808416e+00
9254,7.815689e+00
9255,7.819716e+00
9256,7.817190e+00
9257,7.824659e+00
9258,7.820513e+00
9259,7.810159e+00
9260,7.802561e+00
9261,7.794751e+00
9262,7.788188e+00
9263,7.783680e+00
9264,7.783993e+00
9265,7.776157e+00
9266,7.756589e+00
9267,7.748122e+00
9268,7.738409e+00
9269,7.736822e+00
9270,7.735870e+00
9271,7.733928e+00
9272,7.732756e+00
9273,7.727637e+00
9274,7.723575e+00
9275,7.720519e+00
9276,7.710123e+00
9277,7.702445e+00
9278,7.691612e+00
9279,7.680746e+00
9280,7.374433e+00
9281,7.666517e+00
9282,7.632234e+00
9283,7.514872e+00
9284,7.518812e+00
9285,7.627229e+00
9286,7.559398e+00
9287,7.621657e+00
9288,7.612842e+00
9289,7.636539e+00
9290,7.617047e+00
9291,7.628402e+00
9292,7.580132e+00
9293,7.573717e+00
9294,7.632851e+00
9295,7.642764e+00
9296,7.640483e+00
9297,7.674850e+00
9298,7.671694e+00
9299,7.679254e+00
9300,7.684332e+00
9301,7.683623e+00
9302,7.691310e+00
9303,7.689236e+00
9304,7.698219e+00
9305,7.670251e+00
9306,7.699383e+00
9307,7.703002e+00
9308,7.701842e+00
9309,7.725360e+00
9310,7.727646e+00
9311,7.720823e+00
9312,7.724112e+00
9313,7.733551e+00
9314,7.734614e+00
9315,7.709803e+00
9316,7.724092e+00
9317,7.733754e+00
9318,7.735296e+00
9319,7.729995e+00
9320,7.729678e+00
9321,7.730393e+00
9322,7.721269e+00
9323,7.709845e+00
9324,7.710758e+00
9325,7.716258e+00
9326,7.713897e+00
9327,7.712690e+00
9328,7.704408e+00
9329,7.698353e+00
9330,7.692073e+00
9331,7.686399e+00
9332,7.677844e+00
9333,7.669838e+00
9334,7.668524e+00
9335,7.658773e+00
9336,7.646409e+00
9337,7.635615e+00
9338,7.627478e+00
9339,7.619593e+00
9340,7.603315e+00
9341,7.591633e+00
9342,7.579151e+00
9343,7.563904e+00
9344,7.110538e+00
9345,7.537859e+00
9346,7.483991e+00
9347,7.412154e+00
9348,7.377330e+00
9349,7.487864e+00
9350,7.425540e+00
9351,7.519975e+00
9352,7.510782e+00
9353,7.534641e+00
9354,7.537411e+00
9355,7.526597e+00
9356,7.528199e+00
9357,7.555971e+00
9358,7.545673e+00
9359,7.572062e+00
9360,7.587447e+00
9361,7.617930e+00
9362,7.614653e+00
9363,7.627386e+00
9364,7.652055e+00
9365,7.648317e+00
9366,7.658706e+00
9367,7.666891e+00
9368,7.684828e+00
9369,7.692324e+00
9370,7.678555e+00
9371,7.684070e+00
9372,7.702577e+00
9373,7.725692e+00
9374,7.730944e+00
9375,7.735143e+00
9376,7.716655e+00
9377,7.737826e+00
9378,7.737083e+00
9379,7.755769e+00
9380,7.760246e+00
9381,7.763394e+00
9382,7.760293e+00
9383,7.764160e+00
9384,7.767180e+00
9385,7.774711e+00
9386,7.762618e+00
9387,7.758605e+00
9388,7.757574e+00
9389,7.753258e+00
9390,7.753390e+00
9391,7.756421e+00
9392,7.763342e+00
9393,7.751867e+00
9394,7.750380e+00
9395,7.741649e+00
9396,7.732749e+00
9397,7.729774e+00
9398,7.723920e+00
9399,7.719529e+00
9400,7.711519e+00
9401,7.702985e+00
9402,7.699152e+00
9403,7.685848e+00
9404,7.671861e+00
9405,7.654616e+00
9406,7.635970e+00
9407,7.625898e+00
9408,7.311237e+00
9409,7.608695e+00
9410,7.584595e+00
9411,7.461165e+00
9412,7.476553e+00
9413,7.584223e+00
9414,7.520761e+00
9415,7.594532e+00
9416,7.587223e+00
9417,7.608563e+00
9418,7.583693e+00
9419,7.606726e+00
9420,7.591761e+00
9421,7.552773e+00
9422,7.629414e+00
9423,7.650369e+00
9424,7.656484e+00
9425,7.673028e+00
9426,7.679848e+00
9427,7.699751e+00
9428,7.713875e+00
9429,7.714143e+00
9430,7.727740e+00
9431,7.731768e+00
9432,7.744927e+00
9433,7.725453e+00
9434,7.749163e+00
9435,7.765110e+00
9436,7.759923e+00
9437,7.780867e+00
9438,7.785023e+00
9439,7.790904e+00
9440,7.792478e+00
9441,7.804870e+00
9442,7.804066e+00
9443,7.792033e+00
9444,7.803578e+00
9445,7.804661e+00
9446,7.808641e+00
9447,7.807949e+00
9448,7.804332e+00
9449,7.796515e+00
9450,7.787229e+00
9451,7.783177e+00
9452,7.781759e+00
9453,7.774483e+00
9454,7.777583e+00
9455,7.779078e+00
9456,7.767901e+00
9457,7.756935e+00
9458,7.743832e+00
9459,7.728984e+00
9460,7.715415e+00
9461,7.701827e+00
9462,7.682602e+00
9463,7.655035e+00
9464,7.635777e+00
9465,7.620465e+00
9466,7.604624e+00
9467,7.583970e+00
9468,7.562695e+00
9469,7.550672e+00
9470,7.540559e+00
9471,7.526949e+00
9472,7.087999e+00
9473,7.505537e+00
9474,7.460252e+00
9475,7.381089e+00
9476,7.378941e+00
9477,7.481641e+00
9478,7.437839e+00
9479,7.536133e+00
9480,7.516940e+00
9481,7.549475e+00
9482,7.559460e+00
9483,7.551037e+00
9484,7.572991e+00
9485,7.570475e+00
9486,7.592301e+00
9487,7.623958e+00
9488,7.635838e+00
9489,7.653086e+00
9490,7.659176e+00
9491,7.667138e+00
9492,7.699282e+00
9493,7.697129e+00
9494,7.712445e+00
9495,7.716416e+00
9496,7.731444e+00
9497,7.739440e+00
9498,7.734523e+00
9499,7.729798e+00
9500,7.758453e+00
9501,7.774018e+00
9502,7.778074e+00
9503,7.787474e+00
9504,7.788761e+00
9505,7.784644e+00
9506,7.788186e+00
9507,7.819399e+00
9508,7.821537e+00
9509,7.815121e+00
9510,7.808757e+00
9511,7.818946e+00
9512,7.819908e+00
9513,7.822561e+00
9514,7.820430e+00
9515,7.819210e+00
9516,7.816898e+00
9517,7.817330e+00
9518,7.812506e+00
9519,7.811378e+00
9520,7.804098e+00
9521,7.798022e+00
9522,7.805428e+00
9523,7.797805e+00
9524,7.792627e+00
9525,7.784488e+00
9526,7.774547e+00
9527,7.764243e+00
9528,7.751412e+00
9529,7.738524e+00
9530,7.725894e+00
9531,7.715279e+00
9532,7.705290e+00
9533,7.686945e+00
9534,7.670227e+00
9535,7.656513e+00
9536,7.323184e+00
9537,7.637552e+00
9538,7.629612e+00
9539,7.499277e+00
9540,7.525779e+00
9541,7.625452e+00
9542,7.570580e+00
9543,7.653122e+00
9544,7.643939e+00
9545,7.670239e+00
9546,7.661898e+00
9547,7.666696e+00
9548,7.683567e+00
9549,7.617794e+00
9550,7.698078e+00
9551,7.724114e+00
9552,7.728150e+00
9553,7.716601e+00
9554,7.733467e+00
9555,7.754994e+00
9556,7.765898e+00
9557,7.763143e+00
9558,7.772852e+00
9559,7.779662e+00
9560,7.783282e+00
9561,7.754160e+00
9562,7.776462e+00
9563,7.789153e+00
9564,7.792682e+00
9565,7.786262e+00
9566,7.792732e+00
9567,7.792717e+00
9568,7.801897e+00
9569,7.812258e+00
9570,7.811830e+00
9571,7.805056e+00
9572,7.810193e+00
9573,7.804034e+00
9574,7.801902e+00
9575,7.800286e+00
9576,7.792150e+00
9577,7.780889e+00
9578,7.774034e+00
9579,7.766932e+00
9580,7.761425e+00
9581,7.759233e+00
9582,7.765570e+00
9583,7.754038e+00
9584,7.740335e+00
9585,7.728310e+00
9586,7.713568e+00
9587,7.700245e+00
9588,7.690024e+00
9589,7.685503e+00
9590,7.671584e+00
9591,7.656036e+00
9592,7.643069e+00
9593,7.628618e+00
9594,7.619242e+00
9595,7.608248e+00
9596,7.599216e+00
9597,7.588808e+00
9598,7.577438e+00
9599,7.568641e+00
9600,7.180530e+00
9601,7.552498e+00
9602,7.532133e+00
9603,7.396773e+00
9604,7.472594e+00
9605,7.533783e+00
9606,7.494242e+00
9607,7.594989e+00
9608,7.573948e+00
9609,7.609133e+00
9610,7.614066e+00
9611,7.603736e+00
9612,7.633277e+00
9613,7.614685e+00
9614,7.617302e+00
9615,7.662201e+00
9616,7.671313e+00
9617,7.661112e+00
9618,7.679369e+00
9619,7.682012e+00
9620,7.708131e+00
9621,7.700077e+00
9622,7.715334e+00
9623,7.715311e+00
9624,7.726213e+00
9625,7.730295e+00
9626,7.727286e+00
9627,7.716299e+00
9628,7.738461e+00
9629,7.746706e+00
9630,7.746892e+00
9631,7.758116e+00
9632,7.762182e+00
9633,7.754704e+00
9634,7.762821e+00
9635,7.757717e+00
9636,7.754177e+00
9637,7.750076e+00
9638,7.756007e+00
9639,7.749851e+00
9640,7.756725e+00
9641,7.770733e+00
9642,7.770299e+00
9643,7.763186e+00
9644,7.761689e+00
9645,7.760859e+00
9646,7.755627e+00
9647,7.744540e+00
9648,7.730440e+00
9649,7.733469e+00
9650,7.728946e+00
9651,7.729061e+00
9652,7.727468e+00
9653,7.720578e+00
9654,7.711417e+00
9655,7.701076e+00
9656,7.691813e+00
9657,7.681107e+00
9658,7.670746e+00
9659,7.662392e+00
9660,7.644147e+00
9661,7.625116e+00
9662,7.612219e+00
9663,7.601136e+00
9664,7.208263e+00
9665,7.575349e+00
9666,7.562310e+00
9667,7.425423e+00
9668,7.454117e+00
9669,7.535452e+00
9670,7.475686e+00
9671,7.555395e+00
9672,7.540504e+00
9673,7.572038e+00
9674,7.565296e+00
9675,7.574909e+00
9676,7.583128e+00
9677,7.543097e+00
9678,7.597820e+00
9679,7.630718e+00
9680,7.640061e+00
9681,7.610554e+00
9682,7.636054e+00
9683,7.648341e+00
9684,7.669625e+00
9685,7.671745e+00
9686,7.675892e+00
9687,7.691934e+00
9688,7.697047e+00
9689,7.683439e+00
9690,7.696543e+00
9691,7.710939e+00
9692,7.718758e+00
9693,7.704269e+00
9694,7.721946e+00
9695,7.721492e+00
9696,7.735905e+00
9697,7.751199e+00
9698,7.751207e+00
9699,7.762786e+00
9700,7.758240e+00
9701,7.760322e+00
9702,7.765896e+00
9703,7.764612e+00
9704,7.762189e+00
9705,7.762212e+00
9706,7.775444e+00
9707,7.778665e+00
9708,7.776260e+00
9709,7.784094e+00
9710,7.783864e+00
9711,7.770888e+00
9712,7.765178e+00
9713,7.755453e+00
9714,7.748486e+00
9715,7.738947e+00
9716,7.736699e+00
9717,7.736544e+00
9718,7.725242e+00
9719,7.717667e+00
9720,7.706399e+00
9721,7.696254e+00
9722,7.689722e+00
9723,7.680905e+00
9724,7.671788e+00
9725,7.660276e+00
9726,7.647634e+00
9727,7.642103e+00
9728,7.312782e+00
9729,7.616876e+00
9730,7.608743e+00
9731,7.449223e+00
9732,7.518100e+00
9733,7.578981e+00
9734,7.545162e+00
9735,7.604617e+00
9736,7.568168e+00
9737,7.611507e+00
9738,7.607793e+00
9739,7.602940e+00
9740,7.620322e+00
9741,7.607042e+00
9742,7.591068e+00
9743,7.645415e+00
9744,7.646359e+00
9745,7.657521e+00
9746,7.666233e+00
9747,7.663527e+00
9748,7.703794e+00
9749,7.707992e+00
9750,7.719676e+00
9751,7.721718e+00
9752,7.729153e+00
9753,7.738829e+00
9754,7.743793e+00
9755,7.742572e+00
9756,7.745874e+00
9757,7.756557e+00
9758,7.756816e+00
9759,7.772694e+00
9760,7.778497e+00
9761,7.775060e+00
9762,7.781851e+00
9763,7.779619e+00
9764,7.779786e+00
9765,7.787635e+00
9766,7.789159e+00
9767,7.773674e+00
9768,7.781819e+00
9769,7.780693e+00
9770,7.782841e+00
9771,7.777035e+00
9772,7.770637e+00
9773,7.761224e+00
9774,7.744154e+00
9775,7.728609e+00
9776,7.715811e+00
9777,7.713531e+00
9778,7.704063e+00
9779,7.706038e+00
9780,7.697349e+00
9781,7.682989e+00
9782,7.668703e+00
9783,7.653605e+00
9784,7.635644e+00
9785,7.620566e+00
9786,7.607734e+00
9787,7.588121e+00
9788,7.559663e+00
9789,7.539742e+00
9790,7.524002e+00
9791,7.512525e+00
9792,7.053454e+00
9793,7.475578e+00
9794,7.478180e+00
9795,7.315280e+00
9796,7.371568e+00
9797,7.427726e+00
9798,7.368193e+00
9799,7.437243e+00
9800,7.420256e+00
9801,7.468127e+00
9802,7.486389e+00
9803,7.503009e+00
9804,7.514322e+00
9805,7.463358e+00
9806,7.544135e+00
9807,7.576774e+00
9808,7.593457e+00
9809,7.582670e+00
9810,7.618744e+00
9811,7.621111e+00
9812,7.660174e+00
9813,7.670899e+00
9814,7.681599e+00
9815,7.701099e+00
9816,7.703953e+00
9817,7.711808e+00
9818,7.733787e+00
9819,7.743127e+00
9820,7.758253e+00
9821,7.736549e+00
9822,7.762948e+00
9823,7.770101e+00
9824,7.785031e+00
9825,7.800291e+00
9826,7.803767e+00
9827,7.812587e+00
9828,7.796367e+00
9829,7.814209e+00
9830,7.816387e+00
9831,7.827233e+00
9832,7.829423e+00
9833,7.834643e+00
9834,7.831238e+00
9835,7.829200e+00
9836,7.829546e+00
9837,7.826836e+00
9838,7.812999e+00
9839,7.805984e+00
9840,7.803662e+00
9841,7.801518e+00
9842,7.798196e+00
9843,7.793213e+00
9844,7.795276e+00
9845,7.790432e+00
9846,7.784450e+00
9847,7.788919e+00
9848,7.781750e+00
9849,7.775190e+00
9850,7.766417e+00
9851,7.756667e+00
9852,7.746499e+00
9853,7.733493e+00
9854,7.720712e+00
9855,7.709059e+00
9856,7.420335e+00
9857,7.679576e+00
9858,7.674798e+00
9859,7.535739e+00
9860,7.558831e+00
9861,7.648105e+00
9862,7.627910e+00
9863,7.663684e+00
9864,7.634306e+00
9865,7.682279e+00
9866,7.686615e+00
9867,7.668085e+00
9868,7.695082e+00
9869,7.685772e+00
9870,7.643015e+00
9871,7.720087e+00
9872,7.718866e+00
9873,7.731369e+00
9874,7.742414e+00
9875,7.753565e+00
9876,7.762189e+00
9877,7.762286e+00
9878,7.780935e+00
9879,7.789178e+00
9880,7.780025e+00
9881,7.789271e+00
9882,7.792142e+00
9883,7.794092e+00
9884,7.789288e+00
9885,7.796163e+00
9886,7.794876e+00
9887,7.797180e+00
9888,7.804842e+00
9889,7.801202e+00
9890,7.799651e+00
9891,7.792687e+00
9892,7.793554e+00
9893,7.801180e+00
9894,7.799646e+00
9895,7.792276e+00
9896,7.796335e+00
9897,7.788675e+00
9898,7.784329e+00
9899,7.779976e+00
9900,7.773568e+00
9901,7.761099e+00
9902,7.746387e+00
9903,7.730811e+00
9904,7.720973e+00
9905,7.710245e+00
9906,7.711799e+00
9907,7.718090e+00
9908,7.711802e+00
9909,7.699075e+00
9910,7.685845e+00
9911,7.670996e+00
9912,7.654744e+00
9913,7.641330e+00
9914,7.624629e+00
9915,7.598141e+00
9916,7.578897e+00
9917,7.561777e+00
9918,7.542906e+00
9919,7.526791e+00
9920,7.044358e+00
9921,7.489100e+00
9922,7.486226e+00
9923,7.340442e+00
9924,7.349492e+00
9925,7.444536e+00
9926,7.411854e+00
9927,7.446028e+00
9928,7.425229e+00
9929,7.499699e+00
9930,7.536545e+00
9931,7.551704e+00
9932,7.555133e+00
9933,7.518351e+00
9934,7.582483e+00
9935,7.623657e+00
9936,7.637239e+00
9937,7.610445e+00
9938,7.662167e+00
9939,7.674314e+00
9940,7.695807e+00
9941,7.702822e+00
9942,7.718351e+00
9943,7.734417e+00
9944,7.735566e+00
9945,7.748851e+00
9946,7.751386e+00
9947,7.771098e+00
9948,7.784577e+00
9949,7.780117e+00
9950,7.783814e+00
9951,7.796789e+00
9952,7.815491e+00
9953,7.824562e+00
9954,7.829829e+00
9955,7.840850e+00
9956,7.838508e+00
9957,7.836995e+00
9958,7.840886e+00
9959,7.860681e+00
9960,7.863535e+00
9961,7.860474e+00
9962,7.852755e+00
9963,7.859475e+00
9964,7.855593e+00
9965,7.860881e+00
9966,7.860086e+00
9967,7.856639e+00
9968,7.848948e+00
9969,7.844920e+00
9970,7.842334e+00
9971,7.834589e+00
9972,7.819969e+00
9973,7.801978e+00
9974,7.804195e+00
9975,7.799292e+00
9976,7.793485e+00
9977,7.785716e+00
9978,7.774202e+00
9979,7.761499e+00
9980,7.748152e+00
9981,7.733169e+00
9982,7.719079e+00
9983,7.705942e+00
9984,7.403079e+00
9985,7.675880e+00
9986,7.658830e+00
9987,7.548236e+00
9988,7.496692e+00
9989,7.628812e+00
9990,7.619395e+00
9991,7.622832e+00
9992,7.593400e+00
9993,7.648894e+00
9994,7.655872e+00
9995,7.657988e+00
9996,7.629806e+00
9997,7.659640e+00
9998,7.571389e+00
9999,7.651407e+00
10000,7.656256e+00
10001,7.685129e+00
10002,7.696727e+00
10003,7.722652e+00
10004,7.725895e+00
10005,7.734532e+00
10006,7.745259e+00
10007,7.760879e+00
10008,7.760908e+00
10009,7.770401e+00
10010,7.771671e+00
10011,7.784075e+00
10012,7.782674e+00
10013,7.799836e+00
10014,7.805716e+00
10015,7.808910e+00
10016,7.819004e+00
10017,7.809752e+00
10018,7.821103e+00
10019,7.818605e+00
10020,7.825188e+00
10021,7.834336e+00
10022,7.827512e+00
10023,7.827243e+00
10024,7.832637e+00
10025,7.825685e+00
10026,7.816877e+00
10027,7.809369e+00
10028,7.795591e+00
10029,7.783449e+00
10030,7.770399e+00
10031,7.758945e+00
10032,7.750651e+00
10033,7.744978e+00
10034,7.750333e+00
10035,7.739149e+00
10036,7.722728e+00
10037,7.704888e+00
10038,7.683032e+00
10039,7.662742e+00
10040,7.642957e+00
10041,7.629867e+00
10042,7.618315e+00
10043,7.601293e+00
10044,7.585161e+00
10045,7.566013e+00
10046,7.551052e+00
10047,7.540651e+00
10048,7.100528e+00
10049,7.519213e+00
10050,7.505262e+00
10051,7.406303e+00
10052,7.350261e+00
10053,7.502399e+00
10054,7.488592e+00
10055,7.481327e+00
10056,7.458834e+00
10057,7.543323e+00
10058,7.564134e+00
10059,7.580765e+00
10060,7.568446e+00
10061,7.549691e+00
10062,7.582682e+00
10063,7.627312e+00
10064,7.633597e+00
10065,7.619036e+00
10066,7.651640e+00
10067,7.667439e+00
10068,7.687409e+00
10069,7.700182e+00
10070,7.708327e+00
10071,7.727374e+00
10072,7.728874e+00
10073,7.742676e+00
10074,7.744614e+00
10075,7.757699e+00
10076,7.768473e+00
10077,7.759302e+00
10078,7.770621e+00
10079,7.781991e+00
10080,7.787290e+00
10081,7.790908e+00
10082,7.791584e+00
10083,7.800744e+00
10084,7.807205e+00
10085,7.790562e+00
10086,7.794783e+00
10087,7.796370e+00
10088,7.793778e+00
10089,7.789284e+00
10090,7.796473e+00
10091,7.795440e+00
10092,7.794084e+00
10093,7.796985e+00
10094,7.793301e+00
10095,7.789487e+00
10096,7.783715e+00
10097,7.776718e+00
10098,7.767631e+00
10099,7.755313e+00
10100,7.733565e+00
10101,7.719772e+00
10102,7.714784e+00
10103,7.711498e+00
10104,7.716182e+00
10105,7.712060e+00
10106,7.701383e+00
10107,7.690522e+00
10108,7.679708e+00
10109,7.667135e+00
10110,7.655692e+00
10111,7.645927e+00
10112,7.299285e+00
10113,7.609369e+00
10114,7.589802e+00
10115,7.513150e+00
10116,7.393017e+00
10117,7.559443e+00
10118,7.549560e+00
10119,7.525974e+00
10120,7.498805e+00
10121,7.554511e+00
10122,7.554370e+00
10123,7.560996e+00
10124,7.499523e+00
10125,7.536737e+00
10126,7.478525e+00
10127,7.501608e+00
10128,7.524165e+00
10129,7.563789e+00
10130,7.575809e+00
10131,7.607957e+00
10132,7.606522e+00
10133,7.624000e+00
10134,7.630229e+00
10135,7.647612e+00
10136,7.650533e+00
10137,7.660201e+00
10138,7.667764e+00
10139,7.681438e+00
10140,7.654779e+00
10141,7.691884e+00
10142,7.694425e+00
10143,7.702624e+00
10144,7.708832e+00
10145,7.696040e+00
10146,7.703299e+00
10147,7.705492e+00
10148,7.715325e+00
10149,7.721331e+00
10150,7.722516e+00
10151,7.731532e+00
10152,7.720717e+00
10153,7.719708e+00
10154,7.722202e+00
10155,7.718288e+00
10156,7.712586e+00
10157,7.710805e+00
10158,7.720841e+00
10159,7.725577e+00
10160,7.723889e+00
10161,7.726402e+00
10162,7.728021e+00
10163,7.711576e+00
10164,7.709855e+00
10165,7.701801e+00
10166,7.693863e+00
10167,7.684545e+00
10168,7.672956e+00
10169,7.668984e+00
10170,7.662613e+00
10171,7.655809e+00
10172,7.650500e+00
10173,7.641098e+00
10174,7.633902e+00
10175,7.625957e+00
10176,7.244131e+00
10177,7.603393e+00
10178,7.577034e+00
10179,7.513791e+00
10180,7.399031e+00
10181,7.562540e+00
10182,7.554698e+00
10183,7.529199e+00
10184,7.513592e+00
10185,7.581841e+00
10186,7.575687e+00
10187,7.599033e+00
10188,7.591776e+00
10189,7.575816e+00
10190,7.591965e+00
10191,7.629249e+00
10192,7.629259e+00
10193,7.616384e+00
10194,7.649951e+00
10195,7.669111e+00
10196,7.653782e+00
10197,7.671709e+00
10198,7.677477e+00
10199,7.693099e+00
10200,7.689207e+00
10201,7.698872e+00
10202,7.700397e+00
10203,7.710939e+00
10204,7.716229e+00
10205,7.706733e+00
10206,7.709220e+00
10207,7.727311e+00
10208,7.732184e+00
10209,7.733932e+00
10210,7.736469e+00
10211,7.739006e+00
10212,7.745682e+00
10213,7.734622e+00
10214,7.741402e+00
10215,7.732741e+00
10216,7.730877e+00
10217,7.735805e+00
10218,7.741282e+00
10219,7.735407e+00
10220,7.751573e+00
10221,7.755101e+00
10222,7.753660e+00
10223,7.748782e+00
10224,7.747375e+00
10225,7.743341e+00
10226,7.729616e+00
10227,7.715555e+00
10228,7.697310e+00
10229,7.690728e+00
10230,7.685004e+00
10231,7.685152e+00
10232,7.681700e+00
10233,7.675072e+00
10234,7.665493e+00
10235,7.655360e+00
10236,7.644103e+00
10237,7.630400e+00
10238,7.620477e+00
10239,7.606350e+00
10240,7.198019e+00
10241,7.558045e+00
10242,7.521568e+00
10243,7.473695e+00
10244,7.282292e+00
10245,7.483509e+00
10246,7.479782e+00
10247,7.446150e+00
10248,7.421520e+00
10249,7.468599e+00
10250,7.462584e+00
10251,7.480704e+00
10252,7.460948e+00
10253,7.470443e+00
10254,7.496599e+00
10255,7.457104e+00
10256,7.514738e+00
10257,7.553973e+00
10258,7.579073e+00
10259,7.611030e+00
10260,7.599103e+00
10261,7.629380e+00
10262,7.636681e+00
10263,7.649569e+00
10264,7.654429e+00
10265,7.661776e+00
10266,7.672851e+00
10267,7.681462e+00
10268,7.663537e+00
10269,7.695476e+00
10270,7.706780e+00
10271,7.705681e+00
10272,7.717111e+00
10273,7.722764e+00
10274,7.725721e+00
10275,7.734579e+00
10276,7.750463e+00
10277,7.759360e+00
10278,7.762740e+00
10279,7.783926e+00
10280,7.781253e+00
10281,7.788342e+00
10282,7.787715e+00
10283,7.792840e+00
10284,7.791887e+00
10285,7.788344e+00
10286,7.788245e+00
10287,7.786964e+00
10288,7.790016e+00
10289,7.786041e+00
10290,7.775633e+00
10291,7.768812e+00
10292,7.763286e+00
10293,7.756698e+00
10294,7.749445e+00
10295,7.740218e+00
10296,7.732469e+00
10297,7.719127e+00
10298,7.697034e+00
10299,7.689210e+00
10300,7.681351e+00
10301,7.670056e+00
10302,7.660635e+00
10303,7.651023e+00
10304,7.294191e+00
10305,7.628615e+00
10306,7.606095e+00
10307,7.537520e+00
10308,7.431253e+00
10309,7.575660e+00
10310,7.577817e+00
10311,7.559771e+00
10312,7.562392e+00
10313,7.612440e+00
10314,7.591035e+00
10315,7.624694e+00
10316,7.630882e+00
10317,7.604296e+00
10318,7.644445e+00
10319,7.642894e+00
10320,7.654170e+00
10321,7.646447e+00
10322,7.686671e+00
10323,7.696258e+00
10324,7.672033e+00
10325,7.694423e+00
10326,7.700841e+00
10327,7.720434e+00
10328,7.713952e+00
10329,7.721477e+00
10330,7.724692e+00
10331,7.730280e+00
10332,7.737310e+00
10333,7.728138e+00
10334,7.725089e+00
10335,7.751613e+00
10336,7.757014e+00
10337,7.760956e+00
10338,7.765310e+00
10339,7.768562e+00
10340,7.772960e+00
10341,7.767597e+00
10342,7.772909e+00
10343,7.767062e+00
10344,7.765339e+00
10345,7.775466e+00
10346,7.773262e+00
10347,7.769451e+00
10348,7.775847e+00
10349,7.766410e+00
10350,7.762685e+00
10351,7.755288e+00
10352,7.743951e+00
10353,7.726706e+00
10354,7.706316e+00
10355,7.678741e+00
10356,7.660294e+00
10357,7.647281e+00
10358,7.644322e+00
10359,7.661746e+00
10360,7.663915e+00
10361,7.658000e+00
10362,7.648059e+00
10363,7.637108e+00
10364,7.623457e+00
10365,7.611505e+00
10366,7.602738e+00
10367,7.589448e+00
10368,7.194518e+00
10369,7.560988e+00
10370,7.514266e+00
10371,7.478549e+00
10372,7.302784e+00
10373,7.481603e+00
10374,7.503804e+00
10375,7.509445e+00
10376,7.508043e+00
10377,7.539625e+00
10378,7.536128e+00
10379,7.566642e+00
10380,7.592415e+00
10381,7.579251e+00
10382,7.613127e+00
10383,7.571009e+00
10384,7.617880e+00
10385,7.644103e+00
10386,7.676872e+00
10387,7.684878e+00
10388,7.664676e+00
10389,7.708770e+00
10390,7.716752e+00
10391,7.728599e+00
10392,7.734729e+00
10393,7.738365e+00
10394,7.747627e+00
10395,7.744788e+00
10396,7.730651e+00
10397,7.752116e+00
10398,7.766485e+00
10399,7.769247e+00
10400,7.764979e+00
10401,7.772802e+00
10402,7.768875e+00
10403,7.781505e+00
10404,7.787858e+00
10405,7.787613e+00
10406,7.789022e+00
10407,7.793469e+00
10408,7.791443e+00
10409,7.792591e+00
10410,7.788368e+00
10411,7.791346e+00
10412,7.784056e+00
10413,7.776494e+00
10414,7.764786e+00
10415,7.766640e+00
10416,7.762072e+00
10417,7.761109e+00
10418,7.753625e+00
10419,7.747279e+00
10420,7.740778e+00
10421,7.734634e+00
10422,7.731069e+00
10423,7.722736e+00
10424,7.712943e+00
10425,7.694095e+00
10426,7.678948e+00
10427,7.671955e+00
10428,7.662474e+00
10429,7.657061e+00
10430,7.648215e+00
10431,7.636008e+00
10432,7.254699e+00
10433,7.609941e+00
10434,7.587610e+00
10435,7.520470e+00
10436,7.408177e+00
10437,7.549236e+00
10438,7.550524e+00
10439,7.531855e+00
10440,7.544709e+00
10441,7.564817e+00
10442,7.528332e+00
10443,7.566685e+00
10444,7.574178e+00
10445,7.554138e+00
10446,7.559459e+00
10447,7.573536e+00
10448,7.561843e+00
10449,7.518982e+00
10450,7.561519e+00
10451,7.554911e+00
10452,7.544702e+00
10453,7.552813e+00
10454,7.583547e+00
10455,7.627283e+00
10456,7.632008e+00
10457,7.638311e+00
10458,7.648936e+00
10459,7.660359e+00
10460,7.674415e+00
10461,7.675145e+00
10462,7.674888e+00
10463,7.694409e+00
10464,7.710298e+00
10465,7.720011e+00
10466,7.729785e+00
10467,7.735432e+00
10468,7.739704e+00
10469,7.744293e+00
10470,7.743896e+00
10471,7.741463e+00
10472,7.750113e+00
10473,7.755608e+00
10474,7.754920e+00
10475,7.762680e+00
10476,7.766487e+00
10477,7.762650e+00
10478,7.761942e+00
10479,7.765452e+00
10480,7.762991e+00
10481,7.756212e+00
10482,7.751375e+00
10483,7.744227e+00
10484,7.739446e+00
10485,7.728255e+00
10486,7.733197e+00
10487,7.734047e+00
10488,7.729774e+00
10489,7.726635e+00
10490,7.716732e+00
10491,7.707751e+00
10492,7.697807e+00
10493,7.686668e+00
10494,7.676482e+00
10495,7.665562e+00
10496,7.300891e+00
10497,7.642973e+00
10498,7.613384e+00
10499,7.567569e+00
10500,7.446151e+00
10501,7.571741e+00
10502,7.593343e+00
10503,7.606325e+00
10504,7.608433e+00
10505,7.619300e+00
10506,7.599065e+00
10507,7.630732e+00
10508,7.642510e+00
10509,7.638654e+00
10510,7.641649e+00
10511,7.623691e+00
10512,7.658889e+00
10513,7.671970e+00
10514,7.684622e+00
10515,7.684120e+00
10516,7.668338e+00
10517,7.699904e+00
10518,7.702337e+00
10519,7.722853e+00
10520,7.727703e+00
10521,7.728556e+00
10522,7.737026e+00
10523,7.730263e+00
10524,7.728783e+00
10525,7.734671e+00
10526,7.749024e+00
10527,7.755696e+00
10528,7.738648e+00
10529,7.754922e+00
10530,7.754625e+00
10531,7.761516e+00
10532,7.768534e+00
10533,7.767744e+00
10534,7.768514e+00
10535,7.765287e+00
10536,7.773229e+00
10537,7.767371e+00
10538,7.768908e+00
10539,7.765948e+00
10540,7.756013e+00
10541,7.746633e+00
10542,7.742930e+00
10543,7.742345e+00
10544,7.740160e+00
10545,7.751530e+00
10546,7.749521e+00
10547,7.744693e+00
10548,7.737018e+00
10549,7.732762e+00
10550,7.726280e+00
10551,7.713362e+00
10552,7.689927e+00
10553,7.661327e+00
10554,7.647594e+00
10555,7.639085e+00
10556,7.632350e+00
10557,7.620233e+00
10558,7.606757e+00
10559,7.592242e+00
10560,7.203729e+00
10561,7.569494e+00
10562,7.553702e+00
10563,7.476800e+00
10564,7.394031e+00
10565,7.501752e+00
10566,7.516240e+00
10567,7.525544e+00
10568,7.539601e+00
10569,7.528454e+00
10570,7.486158e+00
10571,7.533471e+00
10572,7.539904e+00
10573,7.527113e+00
10574,7.536800e+00
10575,7.551366e+00
10576,7.558190e+00
10577,7.538822e+00
10578,7.537581e+00
10579,7.568930e+00
10580,7.593071e+00
10581,7.587964e+00
10582,7.637247e+00
10583,7.664497e+00
10584,7.684787e+00
10585,7.698096e+00
10586,7.707254e+00
10587,7.706453e+00
10588,7.730757e+00
10589,7.736002e+00
10590,7.735639e+00
10591,7.734376e+00
10592,7.755969e+00
10593,7.767987e+00
10594,7.777080e+00
10595,7.779903e+00
10596,7.779523e+00
10597,7.783400e+00
10598,7.777606e+00
10599,7.778266e+00
10600,7.784971e+00
10601,7.785257e+00
10602,7.782575e+00
10603,7.789728e+00
10604,7.784757e+00
10605,7.783812e+00
10606,7.781786e+00
10607,7.778788e+00
10608,7.773353e+00
10609,7.767124e+00
10610,7.763302e+00
10611,7.761200e+00
10612,7.754495e+00
10613,7.749252e+00
10614,7.749036e+00
10615,7.731812e+00
10616,7.727951e+00
10617,7.722488e+00
10618,7.713482e+00
10619,7.704678e+00
10620,7.694120e+00
10621,7.687219e+00
10622,7.680334e+00
10623,7.666389e+00
10624,7.307996e+00
10625,7.649136e+00
10626,7.622718e+00
10627,7.570119e+00
10628,7.468446e+00
10629,7.559247e+00
10630,7.586397e+00
10631,7.593798e+00
10632,7.602518e+00
10633,7.611078e+00
10634,7.593774e+00
10635,7.628166e+00
10636,7.644985e+00
10637,7.629267e+00
10638,7.640640e+00
10639,7.625630e+00
10640,7.665162e+00
10641,7.678277e+00
10642,7.676313e+00
10643,7.672296e+00
10644,7.670892e+00
10645,7.694215e+00
10646,7.708057e+00
10647,7.712242e+00
10648,7.712563e+00
10649,7.722046e+00
10650,7.715738e+00
10651,7.700882e+00
10652,7.699376e+00
10653,7.702702e+00
10654,7.709185e+00
10655,7.716364e+00
10656,7.705220e+00
10657,7.710272e+00
10658,7.715737e+00
10659,7.729360e+00
10660,7.737700e+00
10661,7.738765e+00
10662,7.738403e+00
10663,7.730431e+00
10664,7.735511e+00
10665,7.725001e+00
10666,7.733413e+00
10667,7.723159e+00
10668,7.712856e+00
10669,7.705277e+00
10670,7.702994e+00
10671,7.697787e+00
10672,7.711412e+00
10673,7.711648e+00
10674,7.704559e+00
10675,7.698325e+00
10676,7.693322e+00
10677,7.684084e+00
10678,7.674139e+00
10679,7.659789e+00
10680,7.637057e+00
10681,7.619816e+00
10682,7.607062e+00
10683,7.598720e+00
10684,7.601248e+00
10685,7.602744e+00
10686,7.597497e+00
10687,7.586891e+00
10688,7.180164e+00
10689,7.561332e+00
10690,7.548571e+00
10691,7.484174e+00
10692,7.382853e+00
10693,7.491306e+00
10694,7.513938e+00
10695,7.508483e+00
10696,7.521329e+00
10697,7.509857e+00
10698,7.482009e+00
10699,7.522201e+00
10700,7.533532e+00
10701,7.509167e+00
10702,7.546449e+00
10703,7.554812e+00
10704,7.564706e+00
10705,7.563433e+00
10706,7.534605e+00
10707,7.571283e+00
10708,7.592015e+00
10709,7.601879e+00
10710,7.633923e+00
10711,7.628977e+00
10712,7.661819e+00
10713,7.674763e+00
10714,7.684488e+00
10715,7.681490e+00
10716,7.700262e+00
10717,7.701878e+00
10718,7.698624e+00
10719,7.696197e+00
10720,7.717196e+00
10721,7.729403e+00
10722,7.733961e+00
10723,7.736752e+00
10724,7.738763e+00
10725,7.744754e+00
10726,7.739639e+00
10727,7.745641e+00
10728,7.752876e+00
10729,7.751571e+00
10730,7.749944e+00
10731,7.763859e+00
10732,7.761919e+00
10733,7.763828e+00
10734,7.760643e+00
10735,7.761630e+00
10736,7.758879e+00
10737,7.752456e+00
10738,7.748981e+00
10739,7.744223e+00
10740,7.743779e+00
10741,7.738281e+00
10742,7.727761e+00
10743,7.716109e+00
10744,7.711722e+00
10745,7.705325e+00
10746,7.698569e+00
10747,7.693241e+00
10748,7.686250e+00
10749,7.678687e+00
10750,7.662711e+00
10751,7.647999e+00
10752,7.299396e+00
10753,7.629099e+00
10754,7.605040e+00
10755,7.550251e+00
10756,7.446168e+00
10757,7.536903e+00
10758,7.569897e+00
10759,7.548411e+00
10760,7.563186e+00
10761,7.564470e+00
10762,7.554579e+00
10763,7.590583e+00
10764,7.587950e+00
10765,7.590611e+00
10766,7.568272e+00
10767,7.586205e+00
10768,7.610143e+00
10769,7.613448e+00
10770,7.610197e+00
10771,7.597736e+00
10772,7.595356e+00
10773,7.618781e+00
10774,7.642308e+00
10775,7.614566e+00
10776,7.611204e+00
10777,7.615354e+00
10778,7.628534e+00
10779,7.634322e+00
10780,7.637835e+00
10781,7.623195e+00
10782,7.648033e+00
10783,7.662710e+00
10784,7.656334e+00
10785,7.663629e+00
10786,7.672085e+00
10787,7.681236e+00
10788,7.694384e+00
10789,7.697870e+00
10790,7.705535e+00
10791,7.705894e+00
10792,7.700962e+00
10793,7.700947e+00
10794,7.709082e+00
10795,7.699658e+00
10796,7.694262e+00
10797,7.692997e+00
10798,7.689822e+00
10799,7.687437e+00
10800,7.694643e+00
10801,7.683345e+00
10802,7.680661e+00
10803,7.675273e+00
10804,7.670602e+00
10805,7.661039e+00
10806,7.649412e+00
10807,7.631526e+00
10808,7.615540e+00
10809,7.602243e+00
10810,7.588696e+00
10811,7.592310e+00
10812,7.597737e+00
10813,7.595871e+00
10814,7.589129e+00
10815,7.579887e+00
10816,7.184197e+00
10817,7.560403e+00
10818,7.544752e+00
10819,7.486952e+00
10820,7.377632e+00
10821,7.482162e+00
10822,7.508910e+00
10823,7.500772e+00
10824,7.528884e+00
10825,7.524359e+00
10826,7.516895e+00
10827,7.554324e+00
10828,7.550613e+00
10829,7.538476e+00
10830,7.552842e+00
10831,7.577290e+00
10832,7.573557e+00
10833,7.582293e+00
10834,7.534586e+00
10835,7.586978e+00
10836,7.609000e+00
10837,7.617981e+00
10838,7.639397e+00
10839,7.634284e+00
10840,7.663909e+00
10841,7.671048e+00
10842,7.684602e+00
10843,7.692862e+00
10844,7.702654e+00
10845,7.707107e+00
10846,7.704376e+00
10847,7.681882e+00
10848,7.720002e+00
10849,7.733932e+00
10850,7.744700e+00
10851,7.750045e+00
10852,7.732160e+00
10853,7.747846e+00
10854,7.750239e+00
10855,7.755486e+00
10856,7.762632e+00
10857,7.764274e+00
10858,7.762069e+00
10859,7.759925e+00
10860,7.758675e+00
10861,7.767549e+00
10862,7.765869e+00
10863,7.763521e+00
10864,7.757256e+00
10865,7.749741e+00
10866,7.739583e+00
10867,7.731564e+00
10868,7.727103e+00
10869,7.725344e+00
10870,7.720014e+00
10871,7.712499e+00
10872,7.706356e+00
10873,7.703948e+00
10874,7.701263e+00
10875,7.696071e+00
10876,7.686901e+00
10877,7.670343e+00
10878,7.646152e+00
10879,7.632439e+00
10880,7.262824e+00
10881,7.610766e+00
10882,7.584866e+00
10883,7.554144e+00
10884,7.411007e+00
10885,7.530838e+00
10886,7.570693e+00
10887,7.535792e+00
10888,7.561270e+00
10889,7.559429e+00
10890,7.559954e+00
10891,7.592161e+00
10892,7.601072e+00
10893,7.611530e+00
10894,7.591276e+00
10895,7.612750e+00
10896,7.639981e+00
10897,7.649462e+00
10898,7.649200e+00
10899,7.639577e+00
10900,7.647686e+00
10901,7.663205e+00
10902,7.679235e+00
10903,7.662105e+00
10904,7.672089e+00
10905,7.676549e+00
10906,7.715344e+00
10907,7.729187e+00
10908,7.732804e+00
10909,7.732649e+00
10910,7.736490e+00
10911,7.760706e+00
10912,7.753011e+00
10913,7.770752e+00
10914,7.778844e+00
10915,7.778795e+00
10916,7.789232e+00
10917,7.793299e+00
10918,7.798576e+00
10919,7.798241e+00
10920,7.794038e+00
10921,7.796516e+00
10922,7.783601e+00
10923,7.775396e+00
10924,7.773235e+00
10925,7.770282e+00
10926,7.764018e+00
10927,7.764940e+00
10928,7.761489e+00
10929,7.750881e+00
10930,7.745680e+00
10931,7.740816e+00
10932,7.736772e+00
10933,7.725974e+00
10934,7.717055e+00
10935,7.704737e+00
10936,7.696504e+00
10937,7.678427e+00
10938,7.666364e+00
10939,7.667005e+00
10940,7.657492e+00
10941,7.659296e+00
10942,7.654332e+00
10943,7.644575e+00
10944,7.274812e+00
10945,7.619952e+00
10946,7.597235e+00
10947,7.548587e+00
10948,7.428980e+00
10949,7.533691e+00
10950,7.571140e+00
10951,7.555253e+00
10952,7.591480e+00
10953,7.593899e+00
10954,7.596913e+00
10955,7.621089e+00
10956,7.616201e+00
10957,7.605983e+00
10958,7.630060e+00
10959,7.643225e+00
10960,7.654379e+00
10961,7.672986e+00
10962,7.631201e+00
10963,7.675493e+00
10964,7.697391e+00
10965,7.714921e+00
10966,7.713036e+00
10967,7.698878e+00
10968,7.737332e+00
10969,7.747050e+00
10970,7.756525e+00
10971,7.759958e+00
10972,7.760406e+00
10973,7.774001e+00
10974,7.769761e+00
10975,7.720622e+00
10976,7.759722e+00
10977,7.762401e+00
10978,7.765422e+00
10979,7.773166e+00
10980,7.757050e+00
10981,7.757577e+00
10982,7.764332e+00
10983,7.780644e+00
10984,7.787840e+00
10985,7.789293e+00
10986,7.792670e+00
10987,7.784544e+00
10988,7.783812e+00
10989,7.779866e+00
10990,7.784639e+00
10991,7.786089e+00
10992,7.779012e+00
10993,7.772146e+00
10994,7.758385e+00
10995,7.749309e+00
10996,7.742218e+00
10997,7.746658e+00
10998,7.740160e+00
10999,7.729644e+00
11000,7.721608e+00
11001,7.711067e+00
11002,7.702229e+00
11003,7.687957e+00
11004,7.666982e+00
11005,7.637370e+00
11006,7.613936e+00
11007,7.599196e+00
11008,7.190928e+00
11009,7.568527e+00
11010,7.539635e+00
11011,7.519749e+00
11012,7.366492e+00
11013,7.478962e+00
11014,7.530296e+00
11015,7.497576e+00
11016,7.530870e+00
11017,7.522092e+00
11018,7.534360e+00
11019,7.577167e+00
11020,7.564552e+00
11021,7.596327e+00
11022,7.545157e+00
11023,7.575435e+00
11024,7.620169e+00
11025,7.639079e+00
11026,7.644335e+00
11027,7.657552e+00
11028,7.677849e+00
11029,7.685401e+00
11030,7.697757e+00
11031,7.698523e+00
11032,7.707921e+00
11033,7.723770e+00
11034,7.763002e+00
11035,7.774816e+00
11036,7.783731e+00
11037,7.788480e+00
11038,7.795849e+00
11039,7.812229e+00
11040,7.815598e+00
11041,7.811214e+00
11042,7.824807e+00
11043,7.830156e+00
11044,7.842191e+00
11045,7.855134e+00
11046,7.866441e+00
11047,7.871300e+00
11048,7.869777e+00
11049,7.883280e+00
11050,7.878998e+00
11051,7.880943e+00
11052,7.885442e+00
11053,7.884617e+00
11054,7.878505e+00
11055,7.885077e+00
11056,7.884936e+00
11057,7.883185e+00
11058,7.875392e+00
11059,7.869196e+00
11060,7.862442e+00
11061,7.854320e+00
11062,7.843420e+00
11063,7.832073e+00
11064,7.823629e+00
11065,7.812255e+00
11066,7.801393e+00
11067,7.775820e+00
11068,7.752526e+00
11069,7.741747e+00
11070,7.730306e+00
11071,7.714745e+00
11072,7.366524e+00
11073,7.684350e+00
11074,7.670286e+00
11075,7.628574e+00
11076,7.513645e+00
11077,7.604232e+00
11078,7.656461e+00
11079,7.639913e+00
11080,7.680380e+00
11081,7.677309e+00
11082,7.684770e+00
11083,7.712439e+00
11084,7.713320e+00
11085,7.711850e+00
11086,7.709119e+00
11087,7.747050e+00
11088,7.744048e+00
11089,7.769899e+00
11090,7.747679e+00
11091,7.788943e+00
11092,7.809529e+00
11093,7.813062e+00
11094,7.809618e+00
11095,7.805079e+00
11096,7.833383e+00
11097,7.845593e+00
11098,7.856704e+00
11099,7.857291e+00
11100,7.861498e+00
11101,7.860273e+00
11102,7.851392e+00
11103,7.813524e+00
11104,7.827506e+00
11105,7.838836e+00
11106,7.841075e+00
11107,7.849950e+00
11108,7.843663e+00
11109,7.840495e+00
11110,7.849664e+00
11111,7.857855e+00
11112,7.869565e+00
11113,7.872089e+00
11114,7.881047e+00
11115,7.874154e+00
11116,7.871743e+00
11117,7.860904e+00
11118,7.868007e+00
11119,7.859928e+00
11120,7.844583e+00
11121,7.826465e+00
11122,7.812595e+00
11123,7.802060e+00
11124,7.795519e+00
11125,7.784303e+00
11126,7.765290e+00
11127,7.748978e+00
11128,7.735442e+00
11129,7.717833e+00
11130,7.702115e+00
11131,7.683101e+00
11132,7.657404e+00
11133,7.629937e+00
11134,7.601194e+00
11135,7.572798e+00
11136,7.161319e+00
11137,7.550394e+00
11138,7.528789e+00
11139,7.501100e+00
11140,7.388099e+00
11141,7.462107e+00
11142,7.549560e+00
11143,7.544714e+00
11144,7.585616e+00
11145,7.570470e+00
11146,7.603384e+00
11147,7.648873e+00
11148,7.621083e+00
11149,7.663209e+00
11150,7.648551e+00
11151,7.626811e+00
11152,7.712407e+00
11153,7.732012e+00
11154,7.741246e+00
11155,7.741756e+00
11156,7.765363e+00
11157,7.760319e+00
11158,7.774891e+00
11159,7.788895e+00
11160,7.783356e+00
11161,7.806447e+00
11162,7.826582e+00
11163,7.843735e+00
11164,7.864860e+00
11165,7.872832e+00
11166,7.872498e+00
11167,7.895157e+00
11168,7.895410e+00
11169,7.896403e+00
11170,7.904068e+00
11171,7.901948e+00
11172,7.910445e+00
11173,7.921924e+00
11174,7.926315e+00
11175,7.930391e+00
11176,7.920174e+00
11177,7.923816e+00
11178,7.920351e+00
11179,7.918194e+00
11180,7.920388e+00
11181,7.916409e+00
11182,7.909558e+00
11183,7.904814e+00
11184,7.890680e+00
11185,7.888133e+00
11186,7.879239e+00
11187,7.868119e+00
11188,7.853963e+00
11189,7.840399e+00
11190,7.828840e+00
11191,7.817107e+00
11192,7.805201e+00
11193,7.793700e+00
11194,7.781506e+00
11195,7.758339e+00
11196,7.742704e+00
11197,7.727005e+00
11198,7.713652e+00
11199,7.703130e+00
11200,7.350441e+00
11201,7.678413e+00
11202,7.657229e+00
11203,7.622578e+00
11204,7.505685e+00
11205,7.584391e+00
11206,7.645233e+00
11207,7.625624e+00
11208,7.665856e+00
11209,7.648639e+00
11210,7.656827e+00
11211,7.683098e+00
11212,7.678021e+00
11213,7.685258e+00
11214,7.658797e+00
11215,7.694518e+00
11216,7.703343e+00
11217,7.717290e+00
11218,7.708245e+00
11219,7.734507e+00
11220,7.753289e+00
11221,7.755810e+00
11222,7.734338e+00
11223,7.730432e+00
11224,7.749844e+00
11225,7.762174e+00
11226,7.769587e+00
11227,7.768893e+00
11228,7.771795e+00
11229,7.776357e+00
11230,7.778571e+00
11231,7.770777e+00
11232,7.749880e+00
11233,7.769624e+00
11234,7.778582e+00
11235,7.775705e+00
11236,7.782338e+00
11237,7.781842e+00
11238,7.786575e+00
11239,7.791594e+00
11240,7.796377e+00
11241,7.797860e+00
11242,7.793121e+00
11243,7.780076e+00
11244,7.777124e+00
11245,7.778084e+00
11246,7.781490e+00
11247,7.767536e+00
11248,7.755534e+00
11249,7.743985e+00
11250,7.734826e+00
11251,7.725993e+00
11252,7.732551e+00
11253,7.723841e+00
11254,7.721248e+00
11255,7.708763e+00
11256,7.698908e+00
11257,7.687394e+00
11258,7.678483e+00
11259,7.661752e+00
11260,7.644809e+00
11261,7.634351e+00
11262,7.616147e+00
11263,7.595728e+00
11264,7.196874e+00
11265,7.574312e+00
11266,7.567099e+00
11267,7.518304e+00
11268,7.458103e+00
11269,7.477206e+00
11270,7.569873e+00
11271,7.549693e+00
11272,7.582691e+00
11273,7.559100e+00
11274,7.581164e+00
11275,7.600329e+00
11276,7.564774e+00
11277,7.605653e+00
11278,7.608442e+00
11279,7.560797e+00
11280,7.636681e+00
11281,7.656991e+00
11282,7.663242e+00
11283,7.648494e+00
11284,7.674898e+00
11285,7.662231e+00
11286,7.681075e+00
11287,7.693353e+00
11288,7.692062e+00
11289,7.716627e+00
11290,7.707382e+00
11291,7.732423e+00
11292,7.748172e+00
11293,7.754162e+00
11294,7.754666e+00
11295,7.767263e+00
11296,7.768751e+00
11297,7.750818e+00
11298,7.765137e+00
11299,7.762890e+00
11300,7.773722e+00
11301,7.775620e+00
11302,7.781566e+00
11303,7.776634e+00
11304,7.764564e+00
11305,7.765152e+00
11306,7.764620e+00
11307,7.770843e+00
11308,7.775971e+00
11309,7.776668e+00
11310,7.775555e+00
11311,7.770721e+00
11312,7.762300e+00
11313,7.760593e+00
11314,7.758700e+00
11315,7.758512e+00
11316,7.753539e+00
11317,7.748347e+00
11318,7.743654e+00
11319,7.734672e+00
11320,7.727805e+00
11321,7.720149e+00
11322,7.710413e+00
11323,7.696258e+00
11324,7.687506e+00
11325,7.677830e+00
11326,7.664985e+00
11327,7.657105e+00
11328,7.298373e+00
11329,7.630252e+00
11330,7.603338e+00
11331,7.561381e+00
11332,7.472089e+00
11333,7.478360e+00
11334,7.561219e+00
11335,7.555686e+00
11336,7.581834e+00
11337,7.536731e+00
11338,7.544982e+00
11339,7.566016e+00
11340,7.551223e+00
11341,7.562224e+00
11342,7.551854e+00
11343,7.542039e+00
11344,7.608377e+00
11345,7.613724e+00
11346,7.626740e+00
11347,7.639347e+00
11348,7.664146e+00
11349,7.666659e+00
11350,7.658077e+00
11351,7.669217e+00
11352,7.673566e+00
11353,7.697045e+00
11354,7.701956e+00
11355,7.702969e+00
11356,7.710933e+00
11357,7.722188e+00
11358,7.730837e+00
11359,7.727511e+00
11360,7.705051e+00
11361,7.716063e+00
11362,7.730751e+00
11363,7.729271e+00
11364,7.743386e+00
11365,7.731284e+00
11366,7.734391e+00
11367,7.741316e+00
11368,7.747989e+00
11369,7.755468e+00
11370,7.758956e+00
11371,7.759326e+00
11372,7.752044e+00
11373,7.759043e+00
11374,7.754467e+00
11375,7.748371e+00
11376,7.744316e+00
11377,7.738321e+00
11378,7.729120e+00
11379,7.723789e+00
11380,7.726729e+00
11381,7.720246e+00
11382,7.715700e+00
11383,7.704941e+00
11384,7.697345e+00
11385,7.685921e+00
11386,7.676629e+00
11387,7.662609e+00
11388,7.652088e+00
11389,7.644542e+00
11390,7.633071e+00
11391,7.630848e+00
11392,7.227025e+00
11393,7.605486e+00
11394,7.598092e+00
11395,7.550251e+00
11396,7.453889e+00
11397,7.491400e+00
11398,7.565110e+00
11399,7.525122e+00
11400,7.567167e+00
11401,7.545338e+00
11402,7.572817e+00
11403,7.586050e+00
11404,7.565442e+00
11405,7.588038e+00
11406,7.610499e+00
11407,7.554727e+00
11408,7.625978e+00
11409,7.647973e+00
11410,7.651612e+00
11411,7.639925e+00
11412,7.665935e+00
11413,7.653494e+00
11414,7.671484e+00
11415,7.686083e+00
11416,7.691336e+00
11417,7.700112e+00
11418,7.680857e+00
11419,7.708953e+00
11420,7.718898e+00
11421,7.726305e+00
11422,7.712515e+00
11423,7.726620e+00
11424,7.727559e+00
11425,7.724742e+00
11426,7.703448e+00
11427,7.706239e+00
11428,7.711525e+00
11429,7.702212e+00
11430,7.699401e+00
11431,7.708262e+00
11432,7.703554e+00
11433,7.690847e+00
11434,7.700177e+00
11435,7.715995e+00
11436,7.724542e+00
11437,7.727291e+00
11438,7.735721e+00
11439,7.737333e+00
11440,7.732734e+00
11441,7.730314e+00
11442,7.733994e+00
11443,7.733010e+00
11444,7.727570e+00
11445,7.720933e+00
11446,7.706721e+00
11447,7.690906e+00
11448,7.685348e+00
11449,7.683198e+00
11450,7.678400e+00
11451,7.670021e+00
11452,7.664215e+00
11453,7.658153e+00
11454,7.651543e+00
11455,7.648188e+00
11456,7.300886e+00
11457,7.626826e+00
11458,7.611935e+00
11459,7.560061e+00
11460,7.502638e+00
11461,7.457701e+00
11462,7.558205e+00
11463,7.540295e+00
11464,7.579167e+00
11465,7.553576e+00
11466,7.569620e+00
11467,7.573064e+00
11468,7.578984e+00
11469,7.594097e+00
11470,7.631196e+00
11471,7.596420e+00
11472,7.639662e+00
11473,7.657753e+00
11474,7.664828e+00
11475,7.649262e+00
11476,7.685621e+00
11477,7.684073e+00
11478,7.675191e+00
11479,7.691097e+00
11480,7.690207e+00
11481,7.703671e+00
11482,7.691294e+00
11483,7.698169e+00
11484,7.700959e+00
11485,7.714881e+00
11486,7.718014e+00
11487,7.716942e+00
11488,7.702282e+00
11489,7.702177e+00
11490,7.723071e+00
11491,7.720367e+00
11492,7.729352e+00
11493,7.719606e+00
11494,7.715076e+00
11495,7.716497e+00
11496,7.717061e+00
11497,7.719705e+00
11498,7.713748e+00
11499,7.713598e+00
11500,7.704051e+00
11501,7.705753e+00
11502,7.695008e+00
11503,7.689717e+00
11504,7.686111e+00
11505,7.680346e+00
11506,7.668307e+00
11507,7.666991e+00
11508,7.659925e+00
11509,7.653911e+00
11510,7.648345e+00
11511,7.639375e+00
11512,7.629165e+00
11513,7.616431e+00
11514,7.605453e+00
11515,7.596011e+00
11516,7.589032e+00
11517,7.580505e+00
11518,7.579424e+00
11519,7.576989e+00
11520,7.150513e+00
11521,7.553263e+00
11522,7.540116e+00
11523,7.499490e+00
11524,7.380444e+00
11525,7.426094e+00
11526,7.510444e+00
11527,7.474247e+00
11528,7.511832e+00
11529,7.488332e+00
11530,7.523948e+00
11531,7.531293e+00
11532,7.513858e+00
11533,7.540770e+00
11534,7.544842e+00
11535,7.526325e+00
11536,7.541325e+00
11537,7.577512e+00
11538,7.576106e+00
11539,7.532853e+00
11540,7.564446e+00
11541,7.555110e+00
11542,7.572521e+00
11543,7.584754e+00
11544,7.591102e+00
11545,7.601517e+00
11546,7.589377e+00
11547,7.609380e+00
11548,7.619937e+00
11549,7.632120e+00
11550,7.625206e+00
11551,7.632014e+00
11552,7.643397e+00
11553,7.649544e+00
11554,7.620896e+00
11555,7.650889e+00
11556,7.652136e+00
11557,7.646371e+00
11558,7.646164e+00
11559,7.647492e+00
11560,7.651852e+00
11561,7.652549e+00
11562,7.662874e+00
11563,7.675472e+00
11564,7.683995e+00
11565,7.691800e+00
11566,7.702938e+00
11567,7.691804e+00
11568,7.692995e+00
11569,7.692912e+00
11570,7.704887e+00
11571,7.708495e+00
11572,7.706155e+00
11573,7.701614e+00
11574,7.693606e+00
11575,7.689094e+00
11576,7.687526e+00
11577,7.688802e+00
11578,7.686253e+00
11579,7.680944e+00
11580,7.680788e+00
11581,7.675637e+00
11582,7.671187e+00
11583,7.663348e+00
11584,7.332399e+00
11585,7.642371e+00
11586,7.631990e+00
11587,7.578737e+00
11588,7.510246e+00
11589,7.485015e+00
11590,7.584436e+00
11591,7.539658e+00
11592,7.600897e+00
11593,7.587334e+00
11594,7.605794e+00
11595,7.597392e+00
11596,7.594845e+00
11597,7.617474e+00
11598,7.612346e+00
11599,7.624741e+00
11600,7.579840e+00
11601,7.628788e+00
11602,7.631177e+00
11603,7.626908e+00
11604,7.631913e+00
11605,7.640139e+00
11606,7.639890e+00
11607,7.651377e+00
11608,7.642289e+00
11609,7.654569e+00
11610,7.652059e+00
11611,7.655352e+00
11612,7.646209e+00
11613,7.664495e+00
11614,7.668293e+00
11615,7.674406e+00
11616,7.678697e+00
11617,7.671268e+00
11618,7.695264e+00
11619,7.695591e+00
11620,7.701570e+00
11621,7.697739e+00
11622,7.687363e+00
11623,7.690871e+00
11624,7.697382e+00
11625,7.701156e+00
11626,7.702938e+00
11627,7.696345e+00
11628,7.676250e+00
11629,7.675518e+00
11630,7.670264e+00
11631,7.673469e+00
11632,7.675713e+00
11633,7.675175e+00
11634,7.672821e+00
11635,7.666247e+00
11636,7.649512e+00
11637,7.647602e+00
11638,7.644118e+00
11639,7.645316e+00
11640,7.639246e+00
11641,7.632293e+00
11642,7.627656e+00
11643,7.623304e+00
11644,7.619883e+00
11645,7.616905e+00
11646,7.613949e+00
11647,7.596453e+00
11648,7.159389e+00
11649,7.573134e+00
11650,7.551646e+00
11651,7.525613e+00
11652,7.388982e+00
11653,7.440150e+00
11654,7.531307e+00
11655,7.489509e+00
11656,7.533693e+00
11657,7.519435e+00
11658,7.548275e+00
11659,7.535227e+00
11660,7.515352e+00
11661,7.552661e+00
11662,7.534878e+00
11663,7.525252e+00
11664,7.529692e+00
11665,7.557912e+00
11666,7.564773e+00
11667,7.532515e+00
11668,7.519383e+00
11669,7.527284e+00
11670,7.583741e+00
11671,7.597400e+00
11672,7.608895e+00
11673,7.612256e+00
11674,7.614158e+00
11675,7.644093e+00
11676,7.652716e+00
11677,7.660936e+00
11678,7.663593e+00
11679,7.669129e+00
11680,7.680890e+00
11681,7.689927e+00
11682,7.654158e+00
11683,7.695175e+00
11684,7.689340e+00
11685,7.687551e+00
11686,7.692443e+00
11687,7.688364e+00
11688,7.702711e+00
11689,7.700195e+00
11690,7.706957e+00
11691,7.713855e+00
11692,7.720613e+00
11693,7.728656e+00
11694,7.732703e+00
11695,7.726437e+00
11696,7.729627e+00
11697,7.731239e+00
11698,7.736809e+00
11699,7.731190e+00
11700,7.724450e+00
11701,7.711582e+00
11702,7.702852e+00
11703,7.693278e+00
11704,7.695512e+00
11705,7.697134e+00
11706,7.696718e+00
11707,7.689100e+00
11708,7.680647e+00
11709,7.675156e+00
11710,7.670719e+00
11711,7.663282e+00
11712,7.333241e+00
11713,7.652456e+00
11714,7.645113e+00
11715,7.586330e+00
11716,7.514008e+00
11717,7.506924e+00
11718,7.602244e+00
11719,7.549803e+00
11720,7.618663e+00
11721,7.601948e+00
11722,7.622839e+00
11723,7.611329e+00
11724,7.608963e+00
11725,7.634485e+00
11726,7.618562e+00
11727,7.632568e+00
11728,7.606833e+00
11729,7.637339e+00
11730,7.651218e+00
11731,7.668536e+00
11732,7.658359e+00
11733,7.671798e+00
11734,7.661080e+00
11735,7.689060e+00
11736,7.689221e+00
11737,7.691968e+00
11738,7.696605e+00
11739,7.705773e+00
11740,7.713073e+00
11741,7.712611e+00
11742,7.715659e+00
11743,7.723141e+00
11744,7.728307e+00
11745,7.724230e+00
11746,7.734527e+00
11747,7.738320e+00
11748,7.732543e+00
11749,7.740524e+00
11750,7.735075e+00
11751,7.737317e+00
11752,7.742962e+00
11753,7.741408e+00
11754,7.740474e+00
11755,7.729865e+00
11756,7.721144e+00
11757,7.706864e+00
11758,7.702652e+00
11759,7.708670e+00
11760,7.715688e+00
11761,7.716009e+00
11762,7.717895e+00
11763,7.718977e+00
11764,7.709734e+00
11765,7.705505e+00
11766,7.704357e+00
11767,7.702080e+00
11768,7.695354e+00
11769,7.686043e+00
11770,7.679478e+00
11771,7.667046e+00
11772,7.659759e+00
11773,7.651675e+00
11774,7.643232e+00
11775,7.629535e+00
11776,7.211345e+00
11777,7.605882e+00
11778,7.578905e+00
11779,7.560970e+00
11780,7.440853e+00
11781,7.461760e+00
11782,7.573020e+00
11783,7.532963e+00
11784,7.578477e+00
11785,7.561133e+00
11786,7.587019e+00
11787,7.566016e+00
11788,7.552482e+00
11789,7.578375e+00
11790,7.554978e+00
11791,7.531412e+00
11792,7.564885e+00
11793,7.578435e+00
11794,7.594190e+00
11795,7.587783e+00
11796,7.550444e+00
11797,7.579190e+00
11798,7.604046e+00
11799,7.625286e+00
11800,7.633560e+00
11801,7.606856e+00
11802,7.618019e+00
11803,7.639142e+00
11804,7.645187e+00
11805,7.654387e+00
11806,7.656363e+00
11807,7.655194e+00
11808,7.660372e+00
11809,7.672179e+00
11810,7.659525e+00
11811,7.653413e+00
11812,7.648510e+00
11813,7.653338e+00
11814,7.657448e+00
11815,7.658116e+00
11816,7.683387e+00
11817,7.679656e+00
11818,7.680391e+00
11819,7.691953e+00
11820,7.703898e+00
11821,7.717282e+00
11822,7.722188e+00
11823,7.726572e+00
11824,7.722358e+00
11825,7.727544e+00
11826,7.733220e+00
11827,7.734315e+00
11828,7.733381e+00
11829,7.731665e+00
11830,7.725947e+00
11831,7.715795e+00
11832,7.716092e+00
11833,7.708779e+00
11834,7.715094e+00
11835,7.713054e+00
11836,7.705549e+00
11837,7.693507e+00
11838,7.683794e+00
11839,7.672942e+00
11840,7.346302e+00
11841,7.654568e+00
11842,7.635718e+00
11843,7.578592e+00
11844,7.527323e+00
11845,7.509338e+00
11846,7.616286e+00
11847,7.572897e+00
11848,7.629829e+00
11849,7.599465e+00
11850,7.627472e+00
11851,7.622120e+00
11852,7.628918e+00
11853,7.645553e+00
11854,7.626364e+00
11855,7.646330e+00
11856,7.624189e+00
11857,7.645094e+00
11858,7.676362e+00
11859,7.683204e+00
11860,7.689032e+00
11861,7.692323e+00
11862,7.668691e+00
11863,7.697306e+00
11864,7.701974e+00
11865,7.700173e+00
11866,7.705655e+00
11867,7.706254e+00
11868,7.722701e+00
11869,7.725702e+00
11870,7.731283e+00
11871,7.735229e+00
11872,7.729850e+00
11873,7.741195e+00
11874,7.748433e+00
11875,7.744692e+00
11876,7.749608e+00
11877,7.755682e+00
11878,7.743102e+00
11879,7.755321e+00
11880,7.753553e+00
11881,7.750880e+00
11882,7.747053e+00
11883,7.735097e+00
11884,7.728858e+00
11885,7.711939e+00
11886,7.711549e+00
11887,7.717638e+00
11888,7.722492e+00
11889,7.721266e+00
11890,7.723271e+00
11891,7.713852e+00
11892,7.702129e+00
11893,7.695751e+00
11894,7.691349e+00
11895,7.682954e+00
11896,7.674382e+00
11897,7.664739e+00
11898,7.652425e+00
11899,7.632734e+00
11900,7.623508e+00
11901,7.609276e+00
11902,7.596459e+00
11903,7.582475e+00
11904,7.161947e+00
11905,7.553576e+00
11906,7.525059e+00
11907,7.502487e+00
11908,7.405591e+00
11909,7.373422e+00
11910,7.517491e+00
11911,7.485768e+00
11912,7.532980e+00
11913,7.516609e+00
11914,7.553028e+00
11915,7.548749e+00
11916,7.556776e+00
11917,7.574618e+00
11918,7.580381e+00
11919,7.544191e+00
11920,7.617244e+00
11921,7.631615e+00
11922,7.658731e+00
11923,7.665434e+00
11924,7.647229e+00
11925,7.678508e+00
11926,7.676290e+00
11927,7.718619e+00
11928,7.724794e+00
11929,7.715919e+00
11930,7.735489e+00
11931,7.734363e+00
11932,7.752498e+00
11933,7.764411e+00
11934,7.768171e+00
11935,7.771589e+00
11936,7.778860e+00
11937,7.790799e+00
11938,7.790139e+00
11939,7.778448e+00
11940,7.787722e+00
11941,7.791603e+00
11942,7.793463e+00
11943,7.794232e+00
11944,7.810310e+00
11945,7.808869e+00
11946,7.797777e+00
11947,7.796905e+00
11948,7.798153e+00
11949,7.797719e+00
11950,7.790976e+00
11951,7.794457e+00
11952,7.780237e+00
11953,7.777212e+00
11954,7.764586e+00
11955,7.755887e+00
11956,7.750269e+00
11957,7.743203e+00
11958,7.733410e+00
11959,7.725946e+00
11960,7.709569e+00
11961,7.687909e+00
11962,7.679557e+00
11963,7.670015e+00
11964,7.661262e+00
11965,7.646347e+00
11966,7.632995e+00
11967,7.621378e+00
11968,7.254298e+00
11969,7.591177e+00
11970,7.578905e+00
11971,7.524205e+00
11972,7.472437e+00
11973,7.438491e+00
11974,7.565763e+00
11975,7.531366e+00
11976,7.575575e+00
11977,7.539505e+00
11978,7.576327e+00
11979,7.572244e+00
11980,7.590516e+00
11981,7.608369e+00
11982,7.600083e+00
11983,7.623944e+00
11984,7.617420e+00
11985,7.623209e+00
11986,7.673346e+00
11987,7.672489e+00
11988,7.688911e+00
11989,7.687549e+00
11990,7.670038e+00
11991,7.691312e+00
11992,7.687794e+00
11993,7.688187e+00
11994,7.699895e+00
11995,7.697541e+00
11996,7.729686e+00
11997,7.733028e+00
11998,7.745990e+00
11999,7.752069e+00
12000,7.757920e+00
12001,7.743460e+00
12002,7.766800e+00
12003,7.760478e+00
12004,7.760996e+00
12005,7.766501e+00
12006,7.756570e+00
12007,7.770822e+00
12008,7.762979e+00
12009,7.755336e+00
12010,7.747161e+00
12011,7.738723e+00
12012,7.727294e+00
12013,7.707711e+00
12014,7.710929e+00
12015,7.715953e+00
12016,7.711313e+00
12017,7.712788e+00
12018,7.720074e+00
12019,7.711841e+00
12020,7.705116e+00
12021,7.699011e+00
12022,7.703208e+00
12023,7.701023e+00
12024,7.694965e+00
12025,7.685335e+00
12026,7.673123e+00
12027,7.658058e+00
12028,7.649826e+00
12029,7.638463e+00
12030,7.629801e+00
12031,7.616994e+00
12032,7.241573e+00
12033,7.588388e+00
12034,7.576225e+00
12035,7.528644e+00
12036,7.504752e+00
12037,7.403744e+00
12038,7.589113e+00
12039,7.570176e+00
12040,7.614058e+00
12041,7.596256e+00
12042,7.637965e+00
12043,7.635230e+00
12044,7.645647e+00
12045,7.658782e+00
12046,7.663137e+00
12047,7.641621e+00
12048,7.673692e+00
12049,7.709911e+00
12050,7.725541e+00
12051,7.733171e+00
12052,7.727982e+00
12053,7.750167e+00
12054,7.749375e+00
12055,7.776677e+00
12056,7.777596e+00
12057,7.779087e+00
12058,7.796708e+00
12059,7.798437e+00
12060,7.812210e+00
12061,7.810359e+00
12062,7.814953e+00
12063,7.819331e+00
12064,7.823969e+00
12065,7.824397e+00
12066,7.824674e+00
12067,7.817395e+00
12068,7.820081e+00
12069,7.822709e+00
12070,7.822637e+00
12071,7.819937e+00
12072,7.801484e+00
12073,7.809708e+00
12074,7.803747e+00
12075,7.801855e+00
12076,7.801647e+00
12077,7.799920e+00
12078,7.795786e+00
12079,7.784558e+00
12080,7.770509e+00
12081,7.771911e+00
12082,7.757485e+00
12083,7.751461e+00
12084,7.747946e+00
12085,7.742267e+00
12086,7.735091e+00
12087,7.730427e+00
12088,7.713283e+00
12089,7.701250e+00
12090,7.689440e+00
12091,7.683230e+00
12092,7.672575e+00
12093,7.654985e+00
12094,7.641595e+00
12095,7.623979e+00
12096,7.214901e+00
12097,7.594501e+00
12098,7.589281e+00
12099,7.530943e+00
12100,7.477315e+00
12101,7.432594e+00
12102,7.565530e+00
12103,7.540197e+00
12104,7.568862e+00
12105,7.532814e+00
12106,7.573003e+00
12107,7.563745e+00
12108,7.587672e+00
12109,7.608091e+00
12110,7.564191e+00
12111,7.604891e+00
12112,7.572824e+00
12113,7.579841e+00
12114,7.632843e+00
12115,7.628247e+00
12116,7.637832e+00
12117,7.651404e+00
12118,7.650509e+00
12119,7.639437e+00
12120,7.643290e+00
12121,7.674045e+00
12122,7.679896e+00
12123,7.681207e+00
12124,7.704170e+00
12125,7.696074e+00
12126,7.734198e+00
12127,7.747593e+00
12128,7.755155e+00
12129,7.742968e+00
12130,7.758578e+00
12131,7.759665e+00
12132,7.751416e+00
12133,7.757458e+00
12134,7.760729e+00
12135,7.773359e+00
12136,7.767599e+00
12137,7.757333e+00
12138,7.753712e+00
12139,7.750799e+00
12140,7.754988e+00
12141,7.753298e+00
12142,7.754737e+00
12143,7.761570e+00
12144,7.768071e+00
12145,7.776090e+00
12146,7.783230e+00
12147,7.778542e+00
12148,7.779795e+00
12149,7.772306e+00
12150,7.768531e+00
12151,7.760849e+00
12152,7.753882e+00
12153,7.743326e+00
12154,7.735858e+00
12155,7.726391e+00
12156,7.714117e+00
12157,7.705485e+00
12158,7.693877e+00
12159,7.683700e+00
12160,7.347756e+00
12161,7.659620e+00
12162,7.649528e+00
12163,7.587763e+00
12164,7.574758e+00
12165,7.475315e+00
12166,7.630691e+00
12167,7.573924e+00
12168,7.626662e+00
12169,7.620246e+00
12170,7.654278e+00
12171,7.645615e+00
12172,7.663263e+00
12173,7.675218e+00
12174,7.687252e+00
12175,7.680357e+00
12176,7.677705e+00
12177,7.722817e+00
12178,7.737979e+00
12179,7.749659e+00
12180,7.743401e+00
12181,7.770744e+00
12182,7.779962e+00
12183,7.779335e+00
12184,7.792498e+00
12185,7.796624e+00
12186,7.815169e+00
12187,7.819440e+00
12188,7.827454e+00
12189,7.822185e+00
12190,7.830753e+00
12191,7.835870e+00
12192,7.838389e+00
12193,7.841370e+00
12194,7.826031e+00
12195,7.823991e+00
12196,7.823027e+00
12197,7.827527e+00
12198,7.827287e+00
12199,7.822548e+00
12200,7.806010e+00
12201,7.810037e+00
12202,7.803238e+00
12203,7.806123e+00
12204,7.805307e+00
12205,7.800981e+00
12206,7.793759e+00
12207,7.775841e+00
12208,7.767477e+00
12209,7.748368e+00
12210,7.731446e+00
12211,7.726465e+00
12212,7.721340e+00
12213,7.713187e+00
12214,7.705794e+00
12215,7.692331e+00
12216,7.666880e+00
12217,7.652402e+00
12218,7.641564e+00
12219,7.629253e+00
12220,7.614130e+00
12221,7.595626e+00
12222,7.582465e+00
12223,7.565065e+00
12224,7.127719e+00
12225,7.535319e+00
12226,7.530963e+00
12227,7.472478e+00
12228,7.444923e+00
12229,7.371458e+00
12230,7.501447e+00
12231,7.473534e+00
12232,7.512572e+00
12233,7.491407e+00
12234,7.518075e+00
12235,7.495700e+00
12236,7.543324e+00
12237,7.579564e+00
12238,7.562362e+00
12239,7.584868e+00
12240,7.604983e+00
12241,7.574711e+00
12242,7.651475e+00
12243,7.668375e+00
12244,7.675404e+00
12245,7.695222e+00
12246,7.701066e+00
12247,7.685670e+00
12248,7.700752e+00
12249,7.724926e+00
12250,7.737370e+00
12251,7.746525e+00
12252,7.736692e+00
12253,7.737104e+00
12254,7.781459e+00
12255,7.789619e+00
12256,7.797223e+00
12257,7.796982e+00
12258,7.796819e+00
12259,7.807983e+00
12260,7.811108e+00
12261,7.793151e+00
12262,7.814790e+00
12263,7.818239e+00
12264,7.817370e+00
12265,7.813745e+00
12266,7.816810e+00
12267,7.814683e+00
12268,7.825223e+00
12269,7.824929e+00
12270,7.820667e+00
12271,7.821650e+00
12272,7.823677e+00
12273,7.824319e+00
12274,7.815227e+00
12275,7.811621e+00
12276,7.809033e+00
12277,7.802709e+00
12278,7.795814e+00
12279,7.786222e+00
12280,7.777380e+00
12281,7.769496e+00
12282,7.759924e+00
12283,7.746591e+00
12284,7.740127e+00
12285,7.727656e+00
12286,7.721058e+00
12287,7.711789e+00
12288,7.394045e+00
12289,7.688165e+00
12290,7.679636e+00
12291,7.624054e+00
12292,7.589388e+00
12293,7.532465e+00
12294,7.648469e+00
12295,7.584555e+00
12296,7.659742e+00
12297,7.646769e+00
12298,7.673031e+00
12299,7.664457e+00
12300,7.686314e+00
12301,7.699273e+00
12302,7.698963e+00
12303,7.710397e+00
12304,7.681819e+00
12305,7.720772e+00
12306,7.740338e+00
12307,7.751883e+00
12308,7.747884e+00
12309,7.765617e+00
12310,7.771339e+00
12311,7.772732e+00
12312,7.780496e+00
12313,7.755244e+00
12314,7.770620e+00
12315,7.768259e+00
12316,7.766978e+00
12317,7.761803e+00
12318,7.760965e+00
12319,7.761357e+00
12320,7.779674e+00
12321,7.780033e+00
12322,7.776541e+00
12323,7.755160e+00
12324,7.768702e+00
12325,7.777011e+00
12326,7.775715e+00
12327,7.778179e+00
12328,7.778450e+00
12329,7.767263e+00
12330,7.772008e+00
12331,7.775626e+00
12332,7.773874e+00
12333,7.766637e+00
12334,7.756253e+00
12335,7.740599e+00
12336,7.726702e+00
12337,7.690400e+00
12338,7.680090e+00
12339,7.675944e+00
12340,7.670591e+00
12341,7.663710e+00
12342,7.663331e+00
12343,7.656557e+00
12344,7.645329e+00
12345,7.634338e+00
12346,7.628243e+00
12347,7.622814e+00
12348,7.619006e+00
12349,7.605422e+00
12350,7.591677e+00
12351,7.573220e+00
12352,7.133977e+00
12353,7.548779e+00
12354,7.540068e+00
12355,7.500010e+00
12356,7.442612e+00
12357,7.393467e+00
12358,7.498432e+00
12359,7.459253e+00
12360,7.525706e+00
12361,7.519727e+00
12362,7.529593e+00
12363,7.505104e+00
12364,7.560096e+00
12365,7.585134e+00
12366,7.559864e+00
12367,7.602732e+00
12368,7.585982e+00
12369,7.583075e+00
12370,7.628047e+00
12371,7.648603e+00
12372,7.652657e+00
12373,7.668359e+00
12374,7.680254e+00
12375,7.661750e+00
12376,7.689507e+00
12377,7.706806e+00
12378,7.721511e+00
12379,7.729119e+00
12380,7.715690e+00
12381,7.732938e+00
12382,7.747909e+00
12383,7.756537e+00
12384,7.772398e+00
12385,7.776078e+00
12386,7.776305e+00
12387,7.786223e+00
12388,7.793490e+00
12389,7.773823e+00
12390,7.805238e+00
12391,7.799575e+00
12392,7.806768e+00
12393,7.810860e+00
12394,7.801343e+00
12395,7.807748e+00
12396,7.818940e+00
12397,7.819806e+00
12398,7.815890e+00
12399,7.813885e+00
12400,7.815272e+00
12401,7.812384e+00
12402,7.801645e+00
12403,7.803287e+00
12404,7.789892e+00
12405,7.787960e+00
12406,7.778873e+00
12407,7.767879e+00
12408,7.759165e+00
12409,7.750180e+00
12410,7.740842e+00
12411,7.732286e+00
12412,7.721346e+00
12413,7.697152e+00
12414,7.685880e+00
12415,7.673657e+00
12416,7.341149e+00
12417,7.645087e+00
12418,7.630446e+00
12419,7.586880e+00
12420,7.493874e+00
12421,7.496993e+00
12422,7.553762e+00
12423,7.492565e+00
12424,7.579623e+00
12425,7.566766e+00
12426,7.593742e+00
12427,7.572707e+00
12428,7.587399e+00
12429,7.605633e+00
12430,7.594279e+00
12431,7.611365e+00
12432,7.588265e+00
12433,7.609168e+00
12434,7.642295e+00
12435,7.646245e+00
12436,7.635287e+00
12437,7.662078e+00
12438,7.672463e+00
12439,7.670349e+00
12440,7.692752e+00
12441,7.685909e+00
12442,7.692297e+00
12443,7.693410e+00
12444,7.709485e+00
12445,7.716367e+00
12446,7.717072e+00
12447,7.729338e+00
12448,7.748334e+00
12449,7.757874e+00
12450,7.764101e+00
12451,7.771699e+00
12452,7.757710e+00
12453,7.792375e+00
12454,7.796527e+00
12455,7.802565e+00
12456,7.797603e+00
12457,7.793980e+00
12458,7.797128e+00
12459,7.800582e+00
12460,7.795630e+00
12461,7.790764e+00
12462,7.783289e+00
12463,7.772625e+00
12464,7.756301e+00
12465,7.735375e+00
12466,7.735541e+00
12467,7.734538e+00
12468,7.730236e+00
12469,7.728586e+00
12470,7.731467e+00
12471,7.722794e+00
12472,7.714951e+00
12473,7.703849e+00
12474,7.696537e+00
12475,7.685252e+00
12476,7.673860e+00
12477,7.659263e+00
12478,7.643975e+00
12479,7.624867e+00
12480,7.225714e+00
12481,7.596906e+00
12482,7.585261e+00
12483,7.549789e+00
12484,7.464071e+00
12485,7.437560e+00
12486,7.527415e+00
12487,7.488988e+00
12488,7.571490e+00
12489,7.571755e+00
12490,7.578027e+00
12491,7.563641e+00
12492,7.608687e+00
12493,7.620214e+00
12494,7.598371e+00
12495,7.644335e+00
12496,7.643916e+00
12497,7.614685e+00
12498,7.689511e+00
12499,7.704055e+00
12500,7.699930e+00
12501,7.714710e+00
12502,7.735835e+00
12503,7.726420e+00
12504,7.752902e+00
12505,7.760254e+00
12506,7.779331e+00
12507,7.782483e+00
12508,7.771373e+00
12509,7.791004e+00
12510,7.797723e+00
12511,7.815126e+00
12512,7.819764e+00
12513,7.810888e+00
12514,7.824888e+00
12515,7.815852e+00
12516,7.822177e+00
12517,7.798229e+00
12518,7.809771e+00
12519,7.806288e+00
12520,7.806000e+00
12521,7.807994e+00
12522,7.799810e+00
12523,7.795009e+00
12524,7.766854e+00
12525,7.776184e+00
12526,7.771669e+00
12527,7.770516e+00
12528,7.770847e+00
12529,7.770489e+00
12530,7.764207e+00
12531,7.752896e+00
12532,7.742491e+00
12533,7.746337e+00
12534,7.730251e+00
12535,7.717578e+00
12536,7.707515e+00
12537,7.694407e+00
12538,7.685184e+00
12539,7.677470e+00
12540,7.658294e+00
12541,7.633384e+00
12542,7.623468e+00
12543,7.612539e+00
12544,7.242278e+00
12545,7.592360e+00
12546,7.580380e+00
12547,7.559241e+00
12548,7.428878e+00
12549,7.477939e+00
12550,7.515414e+00
12551,7.468545e+00
12552,7.540359e+00
12553,7.547278e+00
12554,7.594331e+00
12555,7.574021e+00
12556,7.593270e+00
12557,7.602336e+00
12558,7.606432e+00
12559,7.619931e+00
12560,7.635653e+00
12561,7.639622e+00
12562,7.676500e+00
12563,7.683598e+00
12564,7.675177e+00
12565,7.716791e+00
12566,7.732257e+00
12567,7.737669e+00
12568,7.741536e+00
12569,7.741313e+00
12570,7.750895e+00
12571,7.751843e+00
12572,7.756349e+00
12573,7.768177e+00
12574,7.766548e+00
12575,7.777832e+00
12576,7.781434e+00
12577,7.796922e+00
12578,7.808329e+00
12579,7.817417e+00
12580,7.808522e+00
12581,7.829998e+00
12582,7.831814e+00
12583,7.823785e+00
12584,7.821064e+00
12585,7.819804e+00
12586,7.828677e+00
12587,7.830775e+00
12588,7.825475e+00
12589,7.820145e+00
12590,7.813472e+00
12591,7.806259e+00
12592,7.794364e+00
12593,7.786633e+00
12594,7.779171e+00
12595,7.781221e+00
12596,7.782462e+00
12597,7.784428e+00
12598,7.781361e+00
12599,7.770289e+00
12600,7.767539e+00
12601,7.758426e+00
12602,7.749118e+00
12603,7.736267e+00
12604,7.725441e+00
12605,7.711379e+00
12606,7.697850e+00
12607,7.683361e+00
12608,7.318603e+00
12609,7.657307e+00
12610,7.645451e+00
12611,7.624855e+00
12612,7.527885e+00
12613,7.533996e+00
12614,7.603469e+00
12615,7.563109e+00
12616,7.647642e+00
12617,7.644830e+00
12618,7.656388e+00
12619,7.648661e+00
12620,7.672037e+00
12621,7.670269e+00
12622,7.656692e+00
12623,7.684549e+00
12624,7.701016e+00
12625,7.665084e+00
12626,7.720439e+00
12627,7.732934e+00
12628,7.740671e+00
12629,7.713886e+00
12630,7.743712e+00
12631,7.739031e+00
12632,7.763043e+00
12633,7.760955e+00
12634,7.770646e+00
12635,7.771069e+00
12636,7.764221e+00
12637,7.774608e+00
12638,7.774400e+00
12639,7.784923e+00
12640,7.780533e+00
12641,7.773913e+00
12642,7.771644e+00
12643,7.779749e+00
12644,7.782605e+00
12645,7.779083e+00
12646,7.760070e+00
12647,7.754982e+00
12648,7.763008e+00
12649,7.770734e+00
12650,7.767000e+00
12651,7.767687e+00
12652,7.754329e+00
12653,7.743038e+00
12654,7.748751e+00
12655,7.763556e+00
12656,7.766834e+00
12657,7.764641e+00
12658,7.759280e+00
12659,7.748161e+00
12660,7.740325e+00
12661,7.720955e+00
12662,7.700223e+00
12663,7.692511e+00
12664,7.682040e+00
12665,7.670801e+00
12666,7.663594e+00
12667,7.656428e+00
12668,7.636995e+00
12669,7.623032e+00
12670,7.613276e+00
12671,7.606810e+00
12672,7.207601e+00
12673,7.587246e+00
12674,7.575082e+00
12675,7.557582e+00
12676,7.425375e+00
12677,7.460750e+00
12678,7.516311e+00
12679,7.482102e+00
12680,7.532817e+00
12681,7.543674e+00
12682,7.569570e+00
12683,7.541532e+00
12684,7.556948e+00
12685,7.549216e+00
12686,7.557274e+00
12687,7.568872e+00
12688,7.601337e+00
12689,7.594221e+00
12690,7.628232e+00
12691,7.640709e+00
12692,7.632824e+00
12693,7.665645e+00
12694,7.684262e+00
12695,7.694023e+00
12696,7.689793e+00
12697,7.703767e+00
12698,7.696898e+00
12699,7.705344e+00
12700,7.719898e+00
12701,7.730347e+00
12702,7.723120e+00
12703,7.733426e+00
12704,7.723752e+00
12705,7.762681e+00
12706,7.783726e+00
12707,7.790982e+00
12708,7.794073e+00
12709,7.805519e+00
12710,7.812273e+00
12711,7.813892e+00
12712,7.816303e+00
12713,7.797957e+00
12714,7.825077e+00
12715,7.827912e+00
12716,7.824752e+00
12717,7.823947e+00
12718,7.824223e+00
12719,7.819235e+00
12720,7.819976e+00
12721,7.818079e+00
12722,7.809568e+00
12723,7.805935e+00
12724,7.802781e+00
12725,7.797216e+00
12726,7.777804e+00
12727,7.765133e+00
12728,7.762056e+00
12729,7.752272e+00
12730,7.743945e+00
12731,7.730710e+00
12732,7.718475e+00
12733,7.707451e+00
12734,7.695491e+00
12735,7.680857e+00
12736,7.328394e+00
12737,7.661139e+00
12738,7.649331e+00
12739,7.631537e+00
12740,7.538850e+00
12741,7.531011e+00
12742,7.605661e+00
12743,7.580004e+00
12744,7.633811e+00
12745,7.618497e+00
12746,7.649013e+00
12747,7.642591e+00
12748,7.648747e+00
12749,7.638799e+00
12750,7.632787e+00
12751,7.657520e+00
12752,7.676438e+00
12753,7.650209e+00
12754,7.692985e+00
12755,7.707961e+00
12756,7.715049e+00
12757,7.702196e+00
12758,7.717477e+00
12759,7.712090e+00
12760,7.745356e+00
12761,7.748754e+00
12762,7.758468e+00
12763,7.765296e+00
12764,7.761863e+00
12765,7.769730e+00
12766,7.766643e+00
12767,7.772599e+00
12768,7.772779e+00
12769,7.774247e+00
12770,7.772122e+00
12771,7.775756e+00
12772,7.785146e+00
12773,7.777303e+00
12774,7.764011e+00
12775,7.765775e+00
12776,7.764662e+00
12777,7.769887e+00
12778,7.767508e+00
12779,7.766791e+00
12780,7.758443e+00
12781,7.744745e+00
12782,7.751449e+00
12783,7.748732e+00
12784,7.746783e+00
12785,7.737182e+00
12786,7.729117e+00
12787,7.715382e+00
12788,7.709564e+00
12789,7.679948e+00
12790,7.668002e+00
12791,7.661199e+00
12792,7.650667e+00
12793,7.642904e+00
12794,7.642327e+00
12795,7.638935e+00
12796,7.631263e+00
12797,7.620791e+00
12798,7.609836e+00
12799,7.605819e+00
12800,7.227531e+00
12801,7.596396e+00
12802,7.585185e+00
12803,7.565343e+00
12804,7.466371e+00
12805,7.463550e+00
12806,7.552091e+00
12807,7.535270e+00
12808,7.559907e+00
12809,7.560335e+00
12810,7.585251e+00
12811,7.570686e+00
12812,7.585063e+00
12813,7.556234e+00
12814,7.575398e+00
12815,7.581840e+00
12816,7.605827e+00
12817,7.607279e+00
12818,7.603452e+00
12819,7.633649e+00
12820,7.627674e+00
12821,7.637316e+00
12822,7.656398e+00
12823,7.655660e+00
12824,7.651808e+00
12825,7.663658e+00
12826,7.646230e+00
12827,7.655625e+00
12828,7.662561e+00
12829,7.677093e+00
12830,7.676380e+00
12831,7.661715e+00
12832,7.636113e+00
12833,7.674549e+00
12834,7.684825e+00
12835,7.687492e+00
12836,7.694572e+00
12837,7.696098e+00
12838,7.703573e+00
12839,7.708279e+00
12840,7.703932e+00
12841,7.681884e+00
12842,7.696706e+00
12843,7.689846e+00
12844,7.686977e+00
12845,7.685967e+00
12846,7.686147e+00
12847,7.691338e+00
12848,7.689651e+00
12849,7.691466e+00
12850,7.691338e+00
12851,7.686025e+00
12852,7.687115e+00
12853,7.689532e+00
12854,7.689266e+00
12855,7.685921e+00
12856,7.675218e+00
12857,7.681572e+00
12858,7.683709e+00
12859,7.679026e+00
12860,7.673911e+00
12861,7.664120e+00
12862,7.658292e+00
12863,7.649965e+00
12864,7.275134e+00
12865,7.621615e+00
12866,7.612676e+00
12867,7.591196e+00
12868,7.511332e+00
12869,7.471347e+00
12870,7.563414e+00
12871,7.551486e+00
12872,7.567505e+00
12873,7.550386e+00
12874,7.587967e+00
12875,7.579093e+00
12876,7.586381e+00
12877,7.568792e+00
12878,7.573912e+00
12879,7.593385e+00
12880,7.596778e+00
12881,7.583805e+00
12882,7.595865e+00
12883,7.617580e+00
12884,7.622512e+00
12885,7.611403e+00
12886,7.611790e+00
12887,7.614521e+00
12888,7.633320e+00
12889,7.644372e+00
12890,7.643573e+00
12891,7.659119e+00
12892,7.660019e+00
12893,7.666174e+00
12894,7.661202e+00
12895,7.664163e+00
12896,7.669169e+00
12897,7.672864e+00
12898,7.668127e+00
12899,7.674470e+00
12900,7.677852e+00
12901,7.675493e+00
12902,7.655702e+00
12903,7.659309e+00
12904,7.660755e+00
12905,7.671063e+00
12906,7.671816e+00
12907,7.666792e+00
12908,7.659502e+00
12909,7.651398e+00
12910,7.655176e+00
12911,7.654326e+00
12912,7.654298e+00
12913,7.651133e+00
12914,7.643859e+00
12915,7.637899e+00
12916,7.634010e+00
12917,7.621574e+00
12918,7.624280e+00
12919,7.619662e+00
12920,7.619115e+00
12921,7.619355e+00
12922,7.623196e+00
12923,7.620887e+00
12924,7.621130e+00
12925,7.619337e+00
12926,7.613415e+00
12927,7.601440e+00
12928,7.244155e+00
12929,7.599645e+00
12930,7.591047e+00
12931,7.565323e+00
12932,7.469343e+00
12933,7.444029e+00
12934,7.536722e+00
12935,7.524559e+00
12936,7.527996e+00
12937,7.527091e+00
12938,7.556628e+00
12939,7.549165e+00
12940,7.565107e+00
12941,7.530763e+00
12942,7.560714e+00
12943,7.569040e+00
12944,7.556893e+00
12945,7.588782e+00
12946,7.564963e+00
12947,7.607650e+00
12948,7.608224e+00
12949,7.615742e+00
12950,7.632011e+00
12951,7.633977e+00
12952,7.635274e+00
12953,7.650923e+00
12954,7.644367e+00
12955,7.656447e+00
12956,7.663682e+00
12957,7.671684e+00
12958,7.674519e+00
12959,7.659992e+00
12960,7.655698e+00
12961,7.673895e+00
12962,7.680332e+00
12963,7.690332e+00
12964,7.680813e+00
12965,7.694484e+00
12966,7.693735e+00
12967,7.702327e+00
12968,7.692302e+00
12969,7.686743e+00
12970,7.680806e+00
12971,7.677096e+00
12972,7.675398e+00
12973,7.676528e+00
12974,7.671855e+00
12975,7.683845e+00
12976,7.672121e+00
12977,7.669678e+00
12978,7.666514e+00
12979,7.670272e+00
12980,7.673932e+00
12981,7.676952e+00
12982,7.671158e+00
12983,7.668403e+00
12984,7.661834e+00
12985,7.659354e+00
12986,7.642707e+00
12987,7.631763e+00
12988,7.622233e+00
12989,7.609680e+00
12990,7.601125e+00
12991,7.593622e+00
12992,7.184151e+00
12993,7.561476e+00
12994,7.555031e+00
12995,7.509015e+00
12996,7.466050e+00
12997,7.371520e+00
12998,7.491646e+00
12999,7.490945e+00
13000,7.479232e+00
13001,7.466756e+00
13002,7.493386e+00
13003,7.486209e+00
13004,7.504975e+00
13005,7.498953e+00
13006,7.531166e+00
13007,7.547456e+00
13008,7.540299e+00
13009,7.533179e+00
13010,7.562201e+00
13011,7.589806e+00
13012,7.600625e+00
13013,7.611552e+00
13014,7.599752e+00
13015,7.614510e+00
13016,7.640413e+00
13017,7.667437e+00
13018,7.665655e+00
13019,7.678280e+00
13020,7.682849e+00
13021,7.706137e+00
13022,7.708222e+00
13023,7.716245e+00
13024,7.729155e+00
13025,7.732309e+00
13026,7.725609e+00
13027,7.738280e+00
13028,7.737952e+00
13029,7.743908e+00
13030,7.756555e+00
13031,7.750098e+00
13032,7.765191e+00
13033,7.781586e+00
13034,7.784360e+00
13035,7.775656e+00
13036,7.783215e+00
13037,7.778282e+00
13038,7.780700e+00
13039,7.787250e+00
13040,7.781407e+00
13041,7.777876e+00
13042,7.771110e+00
13043,7.763644e+00
13044,7.748074e+00
13045,7.745974e+00
13046,7.746298e+00
13047,7.747087e+00
13048,7.748008e+00
13049,7.746947e+00
13050,7.738949e+00
13051,7.721819e+00
13052,7.718070e+00
13053,7.709576e+00
13054,7.701796e+00
13055,7.689763e+00
13056,7.358615e+00
13057,7.669433e+00
13058,7.656283e+00
13059,7.637306e+00
13060,7.537661e+00
13061,7.510381e+00
13062,7.605225e+00
13063,7.607248e+00
13064,7.604702e+00
13065,7.618341e+00
13066,7.649817e+00
13067,7.648151e+00
13068,7.657715e+00
13069,7.633877e+00
13070,7.665413e+00
13071,7.668345e+00
13072,7.613116e+00
13073,7.681453e+00
13074,7.648821e+00
13075,7.689775e+00
13076,7.702166e+00
13077,7.707479e+00
13078,7.719500e+00
13079,7.726437e+00
13080,7.716204e+00
13081,7.730939e+00
13082,7.724872e+00
13083,7.737401e+00
13084,7.743526e+00
13085,7.749067e+00
13086,7.750792e+00
13087,7.729993e+00
13088,7.732210e+00
13089,7.730643e+00
13090,7.733252e+00
13091,7.741623e+00
13092,7.725401e+00
13093,7.728983e+00
13094,7.730842e+00
13095,7.732778e+00
13096,7.723406e+00
13097,7.723907e+00
13098,7.696479e+00
13099,7.689872e+00
13100,7.689064e+00
13101,7.689365e+00
13102,7.687856e+00
13103,7.680235e+00
13104,7.658780e+00
13105,7.648621e+00
13106,7.650522e+00
13107,7.656844e+00
13108,7.658821e+00
13109,7.650755e+00
13110,7.638493e+00
13111,7.631001e+00
13112,7.624271e+00
13113,7.616933e+00
13114,7.601709e+00
13115,7.594430e+00
13116,7.586416e+00
13117,7.573897e+00
13118,7.568319e+00
13119,7.564379e+00
13120,7.143009e+00
13121,7.546374e+00
13122,7.538060e+00
13123,7.494190e+00
13124,7.441729e+00
13125,7.387360e+00
13126,7.478339e+00
13127,7.497433e+00
13128,7.511355e+00
13129,7.522971e+00
13130,7.547074e+00
13131,7.547255e+00
13132,7.579510e+00
13133,7.582011e+00
13134,7.591583e+00
13135,7.601413e+00
13136,7.571317e+00
13137,7.590217e+00
13138,7.602804e+00
13139,7.638488e+00
13140,7.649949e+00
13141,7.655657e+00
13142,7.648187e+00
13143,7.665750e+00
13144,7.678422e+00
13145,7.700311e+00
13146,7.701191e+00
13147,7.704044e+00
13148,7.715259e+00
13149,7.729531e+00
13150,7.731699e+00
13151,7.745144e+00
13152,7.755080e+00
13153,7.755889e+00
13154,7.761104e+00
13155,7.763039e+00
13156,7.775036e+00
13157,7.778269e+00
13158,7.796107e+00
13159,7.792966e+00
13160,7.804876e+00
13161,7.807033e+00
13162,7.809000e+00
13163,7.803492e+00
13164,7.808091e+00
13165,7.801758e+00
13166,7.810766e+00
13167,7.803821e+00
13168,7.794283e+00
13169,7.789507e+00
13170,7.785562e+00
13171,7.778227e+00
13172,7.765968e+00
13173,7.767346e+00
13174,7.765422e+00
13175,7.769382e+00
13176,7.765915e+00
13177,7.762598e+00
13178,7.751350e+00
13179,7.740326e+00
13180,7.733118e+00
13181,7.725294e+00
13182,7.723877e+00
13183,7.714624e+00
13184,7.378368e+00
13185,7.690615e+00
13186,7.678105e+00
13187,7.658593e+00
13188,7.578529e+00
13189,7.519253e+00
13190,7.621449e+00
13191,7.626975e+00
13192,7.617258e+00
13193,7.632941e+00
13194,7.644774e+00
13195,7.637912e+00
13196,7.652951e+00
13197,7.638835e+00
13198,7.652479e+00
13199,7.648438e+00
13200,7.539884e+00
13201,7.634287e+00
13202,7.598872e+00
13203,7.613465e+00
13204,7.647906e+00
13205,7.652963e+00
13206,7.660044e+00
13207,7.677174e+00
13208,7.660035e+00
13209,7.662517e+00
13210,7.654095e+00
13211,7.687942e+00
13212,7.702106e+00
13213,7.706785e+00
13214,7.716558e+00
13215,7.716232e+00
13216,7.725385e+00
13217,7.710669e+00
13218,7.721342e+00
13219,7.728233e+00
13220,7.721602e+00
13221,7.739522e+00
13222,7.737632e+00
13223,7.752347e+00
13224,7.744666e+00
13225,7.753327e+00
13226,7.723327e+00
13227,7.726910e+00
13228,7.726605e+00
13229,7.722919e+00
13230,7.725501e+00
13231,7.718016e+00
13232,7.708947e+00
13233,7.695472e+00
13234,7.705092e+00
13235,7.710156e+00
13236,7.710219e+00
13237,7.703025e+00
13238,7.700966e+00
13239,7.686682e+00
13240,7.681918e+00
13241,7.665774e+00
13242,7.658791e+00
13243,7.655361e+00
13244,7.646674e+00
13245,7.637124e+00
13246,7.631355e+00
13247,7.627394e+00
13248,7.223653e+00
13249,7.610281e+00
13250,7.595866e+00
13251,7.570421e+00
13252,7.492656e+00
13253,7.467292e+00
13254,7.534864e+00
13255,7.558513e+00
13256,7.548127e+00
13257,7.556828e+00
13258,7.571340e+00
13259,7.571350e+00
13260,7.597749e+00
13261,7.588779e+00
13262,7.577521e+00
13263,7.584371e+00
13264,7.578534e+00
13265,7.553701e+00
13266,7.623171e+00
13267,7.625156e+00
13268,7.650337e+00
13269,7.663552e+00
13270,7.659649e+00
13271,7.678232e+00
13272,7.684849e+00
13273,7.704997e+00
13274,7.707955e+00
13275,7.701863e+00
13276,7.724090e+00
13277,7.728288e+00
13278,7.739087e+00
13279,7.747027e+00
13280,7.759473e+00
13281,7.765539e+00
13282,7.770112e+00
13283,7.752460e+00
13284,7.770936e+00
13285,7.770629e+00
13286,7.779033e+00
13287,7.781123e+00
13288,7.788309e+00
13289,7.790275e+00
13290,7.792270e+00
13291,7.796648e+00
13292,7.786596e+00
13293,7.787066e+00
13294,7.787851e+00
13295,7.774163e+00
13296,7.762560e+00
13297,7.751863e+00
13298,7.748592e+00
13299,7.744242e+00
13300,7.739240e+00
13301,7.739987e+00
13302,7.742436e+00
13303,7.738722e+00
13304,7.734659e+00
13305,7.733205e+00
13306,7.727007e+00
13307,7.719814e+00
13308,7.711076e+00
13309,7.709914e+00
13310,7.704426e+00
13311,7.690969e+00
13312,7.340481e+00
13313,7.662688e+00
13314,7.647525e+00
13315,7.627165e+00
13316,7.539196e+00
13317,7.490306e+00
13318,7.573791e+00
13319,7.582349e+00
13320,7.579044e+00
13321,7.599222e+00
13322,7.597608e+00
13323,7.594285e+00
13324,7.609143e+00
13325,7.601791e+00
13326,7.621713e+00
13327,7.617944e+00
13328,7.548045e+00
13329,7.583563e+00
13330,7.626545e+00
13331,7.580801e+00
13332,7.660024e+00
13333,7.679117e+00
13334,7.690040e+00
13335,7.699185e+00
13336,7.682319e+00
13337,7.694969e+00
13338,7.691464e+00
13339,7.715072e+00
13340,7.728490e+00
13341,7.736264e+00
13342,7.739639e+00
13343,7.738134e+00
13344,7.747140e+00
13345,7.737710e+00
13346,7.741786e+00
13347,7.743984e+00
13348,7.741298e+00
13349,7.738251e+00
13350,7.742364e+00
13351,7.741309e+00
13352,7.738841e+00
13353,7.727455e+00
13354,7.706099e+00
13355,7.706946e+00
13356,7.715738e+00
13357,7.719528e+00
13358,7.726096e+00
13359,7.719778e+00
13360,7.714604e+00
13361,7.706077e+00
13362,7.705134e+00
13363,7.704717e+00
13364,7.703416e+00
13365,7.695588e+00
13366,7.682702e+00
13367,7.665897e+00
13368,7.662695e+00
13369,7.645552e+00
13370,7.645796e+00
13371,7.640876e+00
13372,7.634301e+00
13373,7.629540e+00
13374,7.625626e+00
13375,7.614920e+00
13376,7.214753e+00
13377,7.599121e+00
13378,7.583011e+00
13379,7.555609e+00
13380,7.476783e+00
13381,7.438928e+00
13382,7.503514e+00
13383,7.528342e+00
13384,7.495323e+00
13385,7.515166e+00
13386,7.522113e+00
13387,7.522868e+00
13388,7.553312e+00
13389,7.548539e+00
13390,7.556384e+00
13391,7.546103e+00
13392,7.560973e+00
13393,7.524019e+00
13394,7.579150e+00
13395,7.596373e+00
13396,7.614775e+00
13397,7.604829e+00
13398,7.628098e+00
13399,7.635661e+00
13400,7.625349e+00
13401,7.647134e+00
13402,7.650849e+00
13403,7.633929e+00
13404,7.652929e+00
13405,7.653579e+00
13406,7.671066e+00
13407,7.670231e+00
13408,7.678867e+00
13409,7.682031e+00
13410,7.694253e+00
13411,7.684107e+00
13412,7.698408e+00
13413,7.699287e+00
13414,7.690870e+00
13415,7.708908e+00
13416,7.715180e+00
13417,7.718109e+00
13418,7.726928e+00
13419,7.734644e+00
13420,7.725629e+00
13421,7.748242e+00
13422,7.746975e+00
13423,7.738224e+00
13424,7.735159e+00
13425,7.732673e+00
13426,7.729592e+00
13427,7.740914e+00
13428,7.732910e+00
13429,7.727312e+00
13430,7.721309e+00
13431,7.717545e+00
13432,7.721712e+00
13433,7.721996e+00
13434,7.715095e+00
13435,7.707744e+00
13436,7.700124e+00
13437,7.695482e+00
13438,7.682560e+00
13439,7.671488e+00
13440,7.321592e+00
13441,7.645574e+00
13442,7.629837e+00
13443,7.608669e+00
13444,7.523278e+00
13445,7.470064e+00
13446,7.547468e+00
13447,7.556573e+00
13448,7.543307e+00
13449,7.570299e+00
13450,7.574132e+00
13451,7.576525e+00
13452,7.587723e+00
13453,7.584590e+00
13454,7.611254e+00
13455,7.612675e+00
13456,7.582424e+00
13457,7.583584e+00
13458,7.637678e+00
13459,7.611454e+00
13460,7.654838e+00
13461,7.636648e+00
13462,7.673032e+00
13463,7.666550e+00
13464,7.656386e+00
13465,7.645945e+00
13466,7.654648e+00
13467,7.689700e+00
13468,7.703770e+00
13469,7.704919e+00
13470,7.713198e+00
13471,7.717737e+00
13472,7.727352e+00
13473,7.725153e+00
13474,7.728979e+00
13475,7.737770e+00
13476,7.742583e+00
13477,7.725537e+00
13478,7.734238e+00
13479,7.734642e+00
13480,7.735077e+00
13481,7.736648e+00
13482,7.734220e+00
13483,7.716029e+00
13484,7.732588e+00
13485,7.737726e+00
13486,7.736704e+00
13487,7.725754e+00
13488,7.726487e+00
13489,7.716610e+00
13490,7.714244e+00
13491,7.712611e+00
13492,7.701946e+00
13493,7.690865e+00
13494,7.673660e+00
13495,7.659510e+00
13496,7.631535e+00
13497,7.620882e+00
13498,7.627349e+00
13499,7.624679e+00
13500,7.622916e+00
13501,7.621727e+00
13502,7.616075e+00
13503,7.595797e+00
13504,7.196188e+00
13505,7.577184e+00
13506,7.569468e+00
13507,7.544541e+00
13508,7.485032e+00
13509,7.416902e+00
13510,7.509960e+00
13511,7.540203e+00
13512,7.499843e+00
13513,7.541074e+00
13514,7.544048e+00
13515,7.558259e+00
13516,7.589713e+00
13517,7.584714e+00
13518,7.600942e+00
13519,7.595398e+00
13520,7.615876e+00
13521,7.610365e+00
13522,7.622522e+00
13523,7.651832e+00
13524,7.668055e+00
13525,7.652737e+00
13526,7.678784e+00
13527,7.689466e+00
13528,7.687911e+00
13529,7.694461e+00
13530,7.708893e+00
13531,7.713581e+00
13532,7.719692e+00
13533,7.711920e+00
13534,7.736800e+00
13535,7.746933e+00
13536,7.758435e+00
13537,7.764879e+00
13538,7.769343e+00
13539,7.755898e+00
13540,7.787148e+00
13541,7.785630e+00
13542,7.783395e+00
13543,7.779658e+00
13544,7.796689e+00
13545,7.797953e+00
13546,7.802894e+00
13547,7.804124e+00
13548,7.795178e+00
13549,7.811090e+00
13550,7.792178e+00
13551,7.783650e+00
13552,7.773611e+00
13553,7.768200e+00
13554,7.766012e+00
13555,7.755366e+00
13556,7.737956e+00
13557,7.727860e+00
13558,7.730265e+00
13559,7.737020e+00
13560,7.741257e+00
13561,7.739508e+00
13562,7.730466e+00
13563,7.729918e+00
13564,7.722704e+00
13565,7.711946e+00
13566,7.697398e+00
13567,7.687765e+00
13568,7.340169e+00
13569,7.660935e+00
13570,7.641483e+00
13571,7.621344e+00
13572,7.545687e+00
13573,7.483294e+00
13574,7.565586e+00
13575,7.582342e+00
13576,7.556656e+00
13577,7.599509e+00
13578,7.618275e+00
13579,7.632070e+00
13580,7.646584e+00
13581,7.650228e+00
13582,7.673693e+00
13583,7.681133e+00
13584,7.667043e+00
13585,7.671100e+00
13586,7.696262e+00
13587,7.694020e+00
13588,7.723686e+00
13589,7.727064e+00
13590,7.740623e+00
13591,7.758086e+00
13592,7.761303e+00
13593,7.723626e+00
13594,7.749976e+00
13595,7.772281e+00
13596,7.792862e+00
13597,7.795606e+00
13598,7.790111e+00
13599,7.792630e+00
13600,7.811327e+00
13601,7.812813e+00
13602,7.809025e+00
13603,7.813666e+00
13604,7.813684e+00
13605,7.804401e+00
13606,7.802571e+00
13607,7.804040e+00
13608,7.797933e+00
13609,7.798470e+00
13610,7.795124e+00
13611,7.773180e+00
13612,7.775617e+00
13613,7.768028e+00
13614,7.751486e+00
13615,7.743574e+00
13616,7.742981e+00
13617,7.736734e+00
13618,7.727166e+00
13619,7.714235e+00
13620,7.700515e+00
13621,7.688148e+00
13622,7.672564e+00
13623,7.654769e+00
13624,7.625198e+00
13625,7.616162e+00
13626,7.610355e+00
13627,7.620236e+00
13628,7.623523e+00
13629,7.620705e+00
13630,7.608661e+00
13631,7.592603e+00
13632,7.183875e+00
13633,7.573755e+00
13634,7.568284e+00
13635,7.542632e+00
13636,7.492376e+00
13637,7.414768e+00
13638,7.504252e+00
13639,7.541662e+00
13640,7.506664e+00
13641,7.545952e+00
13642,7.539687e+00
13643,7.567415e+00
13644,7.592783e+00
13645,7.587990e+00
13646,7.609330e+00
13647,7.604638e+00
13648,7.623867e+00
13649,7.632916e+00
13650,7.621458e+00
13651,7.661473e+00
13652,7.668215e+00
13653,7.658732e+00
13654,7.665339e+00
13655,7.701210e+00
13656,7.715683e+00
13657,7.712422e+00
13658,7.742105e+00
13659,7.743430e+00
13660,7.749470e+00
13661,7.742175e+00
13662,7.747934e+00
13663,7.759407e+00
13664,7.771007e+00
13665,7.775913e+00
13666,7.768883e+00
13667,7.762497e+00
13668,7.767770e+00
13669,7.762636e+00
13670,7.756254e+00
13671,7.756265e+00
13672,7.767664e+00
13673,7.766379e+00
13674,7.770656e+00
13675,7.770251e+00
13676,7.769550e+00
13677,7.768474e+00
13678,7.744690e+00
13679,7.739893e+00
13680,7.731940e+00
13681,7.726957e+00
13682,7.732663e+00
13683,7.729607e+00
13684,7.719621e+00
13685,7.704466e+00
13686,7.711048e+00
13687,7.718014e+00
13688,7.719569e+00
13689,7.712974e+00
13690,7.712181e+00
13691,7.698457e+00
13692,7.681215e+00
13693,7.668090e+00
13694,7.659133e+00
13695,7.654820e+00
13696,7.307379e+00
13697,7.635331e+00
13698,7.622812e+00
13699,7.602976e+00
13700,7.544551e+00
13701,7.459957e+00
13702,7.554359e+00
13703,7.589638e+00
13704,7.552514e+00
13705,7.601218e+00
13706,7.604751e+00
13707,7.617857e+00
13708,7.634340e+00
13709,7.635964e+00
13710,7.648942e+00
13711,7.657798e+00
13712,7.652796e+00
13713,7.663999e+00
13714,7.671306e+00
13715,7.676379e+00
13716,7.717364e+00
13717,7.726084e+00
13718,7.721498e+00
13719,7.749825e+00
13720,7.755097e+00
13721,7.735446e+00
13722,7.765129e+00
13723,7.759509e+00
13724,7.782139e+00
13725,7.782026e+00
13726,7.772388e+00
13727,7.775632e+00
13728,7.786155e+00
13729,7.786539e+00
13730,7.790841e+00
13731,7.794368e+00
13732,7.792364e+00
13733,7.789341e+00
13734,7.792052e+00
13735,7.794954e+00
13736,7.795435e+00
13737,7.792165e+00
13738,7.791707e+00
13739,7.786332e+00
13740,7.785701e+00
13741,7.778171e+00
13742,7.772511e+00
13743,7.770569e+00
13744,7.753867e+00
13745,7.765686e+00
13746,7.763103e+00
13747,7.749995e+00
13748,7.738624e+00
13749,7.724735e+00
13750,7.710918e+00
13751,7.692953e+00
13752,7.672031e+00
13753,7.663321e+00
13754,7.655008e+00
13755,7.642682e+00
13756,7.629367e+00
13757,7.619715e+00
13758,7.604573e+00
13759,7.591252e+00
13760,7.188881e+00
13761,7.566053e+00
13762,7.562253e+00
13763,7.544184e+00
13764,7.494091e+00
13765,7.415820e+00
13766,7.500655e+00
13767,7.545054e+00
13768,7.503408e+00
13769,7.544143e+00
13770,7.531352e+00
13771,7.561104e+00
13772,7.568707e+00
13773,7.561318e+00
13774,7.575176e+00
13775,7.564500e+00
13776,7.581192e+00
13777,7.589941e+00
13778,7.589533e+00
13779,7.621685e+00
13780,7.640924e+00
13781,7.647476e+00
13782,7.616937e+00
13783,7.687095e+00
13784,7.706418e+00
13785,7.712908e+00
13786,7.729280e+00
13787,7.721378e+00
13788,7.737857e+00
13789,7.736108e+00
13790,7.751915e+00
13791,7.767865e+00
13792,7.765161e+00
13793,7.774250e+00
13794,7.775508e+00
13795,7.790597e+00
13796,7.783917e+00
13797,7.788850e+00
13798,7.795045e+00
13799,7.781844e+00
13800,7.815602e+00
13801,7.816628e+00
13802,7.820495e+00
13803,7.819232e+00
13804,7.823079e+00
13805,7.811577e+00
13806,7.811560e+00
13807,7.808835e+00
13808,7.805857e+00
13809,7.798891e+00
13810,7.803070e+00
13811,7.794511e+00
13812,7.787341e+00
13813,7.774313e+00
13814,7.766901e+00
13815,7.762835e+00
13816,7.755352e+00
13817,7.743690e+00
13818,7.732033e+00
13819,7.709640e+00
13820,7.698923e+00
13821,7.671121e+00
13822,7.658164e+00
13823,7.649185e+00
13824,7.283593e+00
13825,7.621403e+00
13826,7.610433e+00
13827,7.602959e+00
13828,7.539344e+00
13829,7.483212e+00
13830,7.536112e+00
13831,7.590108e+00
13832,7.568306e+00
13833,7.622548e+00
13834,7.610746e+00
13835,7.633106e+00
13836,7.656983e+00
13837,7.666725e+00
13838,7.688626e+00
13839,7.688673e+00
13840,7.704185e+00
13841,7.713050e+00
13842,7.709840e+00
13843,7.716873e+00
13844,7.771041e+00
13845,7.782721e+00
13846,7.781163e+00
13847,7.804356e+00
13848,7.813491e+00
13849,7.809021e+00
13850,7.823656e+00
13851,7.810424e+00
13852,7.833997e+00
13853,7.835984e+00
13854,7.826112e+00
13855,7.829261e+00
13856,7.823820e+00
13857,7.829113e+00
13858,7.841369e+00
13859,7.845375e+00
13860,7.845332e+00
13861,7.848220e+00
13862,7.841108e+00
13863,7.851494e+00
13864,7.843114e+00
13865,7.846011e+00
13866,7.836725e+00
13867,7.832630e+00
13868,7.821976e+00
13869,7.811748e+00
13870,7.802243e+00
13871,7.794727e+00
13872,7.782656e+00
13873,7.786295e+00
13874,7.769845e+00
13875,7.751948e+00
13876,7.735834e+00
13877,7.715595e+00
13878,7.699934e+00
13879,7.682586e+00
13880,7.661280e+00
13881,7.642743e+00
13882,7.628807e+00
13883,7.619486e+00
13884,7.617443e+00
13885,7.612675e+00
13886,7.604045e+00
13887,7.592192e+00
13888,7.205602e+00
13889,7.573169e+00
13890,7.572837e+00
13891,7.571786e+00
13892,7.506584e+00
13893,7.456539e+00
13894,7.510627e+00
13895,7.570309e+00
13896,7.541210e+00
13897,7.577835e+00
13898,7.559761e+00
13899,7.599723e+00
13900,7.617519e+00
13901,7.621507e+00
13902,7.635573e+00
13903,7.614583e+00
13904,7.656434e+00
13905,7.652469e+00
13906,7.638358e+00
13907,7.690394e+00
13908,7.690812e+00
13909,7.711909e+00
13910,7.691358e+00
13911,7.737764e+00
13912,7.744306e+00
13913,7.761012e+00
13914,7.755039e+00
13915,7.755301e+00
13916,7.756267e+00
13917,7.755593e+00
13918,7.782179e+00
13919,7.791864e+00
13920,7.791657e+00
13921,7.802158e+00
13922,7.804376e+00
13923,7.826592e+00
13924,7.826592e+00
13925,7.835232e+00
13926,7.841802e+00
13927,7.830137e+00
13928,7.850841e+00
13929,7.856149e+00
13930,7.856795e+00
13931,7.857151e+00
13932,7.856047e+00
13933,7.840100e+00
13934,7.848674e+00
13935,7.841262e+00
13936,7.841754e+00
13937,7.837353e+00
13938,7.827925e+00
13939,7.811310e+00
13940,7.808924e+00
13941,7.799034e+00
13942,7.787515e+00
13943,7.776564e+00
13944,7.762585e+00
13945,7.747367e+00
13946,7.725109e+00
13947,7.710783e+00
13948,7.691754e+00
13949,7.664518e+00
13950,7.657820e+00
13951,7.644708e+00
13952,7.252281e+00
13953,7.628105e+00
13954,7.618385e+00
13955,7.602387e+00
13956,7.534170e+00
13957,7.502459e+00
13958,7.528763e+00
13959,7.591339e+00
13960,7.569576e+00
13961,7.620923e+00
13962,7.595117e+00
13963,7.622090e+00
13964,7.640595e+00
13965,7.650066e+00
13966,7.671337e+00
13967,7.669734e+00
13968,7.677886e+00
13969,7.690379e+00
13970,7.668166e+00
13971,7.676733e+00
13972,7.724926e+00
13973,7.731848e+00
13974,7.736036e+00
13975,7.735222e+00
13976,7.742477e+00
13977,7.742348e+00
13978,7.744638e+00
13979,7.735803e+00
13980,7.738768e+00
13981,7.748637e+00
13982,7.758530e+00
13983,7.756617e+00
13984,7.736832e+00
13985,7.754000e+00
13986,7.763345e+00
13987,7.776410e+00
13988,7.783799e+00
13989,7.791647e+00
13990,7.778427e+00
13991,7.802686e+00
13992,7.795282e+00
13993,7.794380e+00
13994,7.794360e+00
13995,7.792190e+00
13996,7.776053e+00
13997,7.772827e+00
13998,7.770188e+00
13999,7.762941e+00
14000,7.763528e+00
14001,7.777492e+00
14002,7.767671e+00
14003,7.757471e+00
14004,7.742806e+00
14005,7.733433e+00
14006,7.727062e+00
14007,7.717768e+00
14008,7.702605e+00
14009,7.685763e+00
14010,7.682941e+00
14011,7.685699e+00
14012,7.685179e+00
14013,7.678855e+00
14014,7.671740e+00
14015,7.672415e+00
14016,7.347315e+00
14017,7.655854e+00
14018,7.645891e+00
14019,7.654735e+00
14020,7.574088e+00
14021,7.542403e+00
14022,7.573207e+00
14023,7.638828e+00
14024,7.609378e+00
14025,7.643991e+00
14026,7.616795e+00
14027,7.644960e+00
14028,7.650338e+00
14029,7.655232e+00
14030,7.664995e+00
14031,7.647202e+00
14032,7.673141e+00
14033,7.674813e+00
14034,7.606236e+00
14035,7.682415e+00
14036,7.680916e+00
14037,7.692688e+00
14038,7.670541e+00
14039,7.719520e+00
14040,7.726786e+00
14041,7.736841e+00
14042,7.740983e+00
14043,7.745815e+00
14044,7.723816e+00
14045,7.737181e+00
14046,7.763296e+00
14047,7.775568e+00
14048,7.781093e+00
14049,7.777727e+00
14050,7.776645e+00
14051,7.798384e+00
14052,7.802061e+00
14053,7.798927e+00
14054,7.803581e+00
14055,7.796062e+00
14056,7.794991e+00
14057,7.804334e+00
14058,7.804609e+00
14059,7.799653e+00
14060,7.792934e+00
14061,7.777549e+00
14062,7.780359e+00
14063,7.771744e+00
14064,7.772455e+00
14065,7.763958e+00
14066,7.745635e+00
14067,7.735193e+00
14068,7.723053e+00
14069,7.716589e+00
14070,7.703060e+00
14071,7.686975e+00
14072,7.668974e+00
14073,7.650443e+00
14074,7.631465e+00
14075,7.609053e+00
14076,7.561032e+00
14077,7.537502e+00
14078,7.525932e+00
14079,7.521579e+00
14080,7.065510e+00
14081,7.511467e+00
14082,7.498328e+00
14083,7.487194e+00
14084,7.399617e+00
14085,7.392215e+00
14086,7.378630e+00
14087,7.459338e+00
14088,7.448051e+00
14089,7.501536e+00
14090,7.470825e+00
14091,7.505710e+00
14092,7.523393e+00
14093,7.537029e+00
14094,7.568607e+00
14095,7.576481e+00
14096,7.581417e+00
14097,7.587936e+00
14098,7.580614e+00
14099,7.570263e+00
14100,7.645601e+00
14101,7.658675e+00
14102,7.663130e+00
14103,7.683793e+00
14104,7.696132e+00
14105,7.695982e+00
14106,7.718187e+00
14107,7.733688e+00
14108,7.730535e+00
14109,7.748984e+00
14110,7.753577e+00
14111,7.770548e+00
14112,7.769724e+00
14113,7.774155e+00
14114,7.773766e+00
14115,7.805117e+00
14116,7.810828e+00
14117,7.813098e+00
14118,7.810240e+00
14119,7.823246e+00
14120,7.821379e+00
14121,7.803664e+00
14122,7.816528e+00
14123,7.819628e+00
14124,7.817246e+00
14125,7.819026e+00
14126,7.823791e+00
14127,7.819304e+00
14128,7.831208e+00
14129,7.833838e+00
14130,7.830056e+00
14131,7.826814e+00
14132,7.819601e+00
14133,7.817053e+00
14134,7.816396e+00
14135,7.810750e+00
14136,7.802519e+00
14137,7.792880e+00
14138,7.792673e+00
14139,7.792105e+00
14140,7.790056e+00
14141,7.780420e+00
14142,7.774551e+00
14143,7.766664e+00
14144,7.502705e+00
14145,7.743666e+00
14146,7.732735e+00
14147,7.737219e+00
14148,7.667799e+00
14149,7.609467e+00
14150,7.655909e+00
14151,7.717158e+00
14152,7.679548e+00
14153,7.721953e+00
14154,7.697913e+00
14155,7.727060e+00
14156,7.724105e+00
14157,7.725565e+00
14158,7.737917e+00
14159,7.723561e+00
14160,7.742129e+00
14161,7.739991e+00
14162,7.661047e+00
14163,7.737399e+00
14164,7.748571e+00
14165,7.748023e+00
14166,7.740686e+00
14167,7.749465e+00
14168,7.765849e+00
14169,7.771843e+00
14170,7.771817e+00
14171,7.773078e+00
14172,7.750873e+00
14173,7.771342e+00
14174,7.774497e+00
14175,7.781612e+00
14176,7.779951e+00
14177,7.761863e+00
14178,7.756258e+00
14179,7.762909e+00
14180,7.752683e+00
14181,7.742838e+00
14182,7.742683e+00
14183,7.733965e+00
14184,7.697845e+00
14185,7.724780e+00
14186,7.721543e+00
14187,7.715225e+00
14188,7.709138e+00
14189,7.693960e+00
14190,7.676897e+00
14191,7.688430e+00
14192,7.692355e+00
14193,7.679747e+00
14194,7.659691e+00
14195,7.649179e+00
14196,7.634806e+00
14197,7.634894e+00
14198,7.620423e+00
14199,7.605077e+00
14200,7.589400e+00
14201,7.573105e+00
14202,7.556362e+00
14203,7.531026e+00
14204,7.496467e+00
14205,7.482892e+00
14206,7.466199e+00
14207,7.456618e+00
14208,6.937549e+00
14209,7.446277e+00
14210,7.437443e+00
14211,7.439858e+00
14212,7.343081e+00
14213,7.312401e+00
14214,7.334456e+00
14215,7.411644e+00
14216,7.386286e+00
14217,7.472634e+00
14218,7.463110e+00
14219,7.496716e+00
14220,7.495563e+00
14221,7.513625e+00
14222,7.557043e+00
14223,7.568865e+00
14224,7.577314e+00
14225,7.581703e+00
14226,7.588583e+00
14227,7.577845e+00
14228,7.639091e+00
14229,7.665939e+00
14230,7.678139e+00
14231,7.684800e+00
14232,7.706712e+00
14233,7.714398e+00
14234,7.725576e+00
14235,7.743961e+00
14236,7.744324e+00
14237,7.763277e+00
14238,7.759821e+00
14239,7.776704e+00
14240,7.775676e+00
14241,7.784916e+00
14242,7.796774e+00
14243,7.800264e+00
14244,7.798198e+00
14245,7.806224e+00
14246,7.807570e+00
14247,7.829402e+00
14248,7.832366e+00
14249,7.826248e+00
14250,7.830251e+00
14251,7.847012e+00
14252,7.851230e+00
14253,7.851758e+00
14254,7.854414e+00
14255,7.850842e+00
14256,7.861216e+00
14257,7.852125e+00
14258,7.854567e+00
14259,7.853471e+00
14260,7.851419e+00
14261,7.843255e+00
14262,7.843701e+00
14263,7.835879e+00
14264,7.834623e+00
14265,7.827006e+00
14266,7.820477e+00
14267,7.817094e+00
14268,7.810208e+00
14269,7.799069e+00
14270,7.789075e+00
14271,7.770717e+00
14272,7.528174e+00
14273,7.749284e+00
14274,7.736513e+00
14275,7.733715e+00
14276,7.677014e+00
14277,7.576023e+00
14278,7.646210e+00
14279,7.705148e+00
14280,7.651768e+00
14281,7.703938e+00
14282,7.686861e+00
14283,7.709189e+00
14284,7.686326e+00
14285,7.692675e+00
14286,7.704439e+00
14287,7.697986e+00
14288,7.693667e+00
14289,7.696218e+00
14290,7.614292e+00
14291,7.664787e+00
14292,7.700777e+00
14293,7.694443e+00
14294,7.703882e+00
14295,7.696777e+00
14296,7.715359e+00
14297,7.715155e+00
14298,7.722511e+00
14299,7.714973e+00
14300,7.693806e+00
14301,7.719364e+00
14302,7.716695e+00
14303,7.723946e+00
14304,7.719350e+00
14305,7.710741e+00
14306,7.711201e+00
14307,7.701228e+00
14308,7.686800e+00
14309,7.693048e+00
14310,7.689885e+00
14311,7.682079e+00
14312,7.670002e+00
14313,7.661158e+00
14314,7.684114e+00
14315,7.682689e+00
14316,7.692869e+00
14317,7.687608e+00
14318,7.666281e+00
14319,7.675542e+00
14320,7.661069e+00
14321,7.645946e+00
14322,7.624403e+00
14323,7.618579e+00
14324,7.609707e+00
14325,7.611217e+00
14326,7.600619e+00
14327,7.588167e+00
14328,7.577638e+00
14329,7.564421e+00
14330,7.550611e+00
14331,7.526807e+00
14332,7.508041e+00
14333,7.492520e+00
14334,7.477056e+00
14335,7.470408e+00
14336,6.980901e+00
14337,7.470517e+00
14338,7.462328e+00
14339,7.459119e+00
14340,7.396745e+00
14341,7.319487e+00
14342,7.408130e+00
14343,7.469541e+00
14344,7.411864e+00
14345,7.510765e+00
14346,7.500913e+00
14347,7.527130e+00
14348,7.511597e+00
14349,7.532962e+00
14350,7.568857e+00
14351,7.577064e+00
14352,7.576544e+00
14353,7.579785e+00
14354,7.591902e+00
14355,7.570744e+00
14356,7.632047e+00
14357,7.652264e+00
14358,7.658922e+00
14359,7.667320e+00
14360,7.693055e+00
14361,7.700473e+00
14362,7.718082e+00
14363,7.729782e+00
14364,7.731013e+00
14365,7.740188e+00
14366,7.739976e+00
14367,7.758634e+00
14368,7.755807e+00
14369,7.765533e+00
14370,7.779119e+00
14371,7.775342e+00
14372,7.781346e+00
14373,7.778861e+00
14374,7.772891e+00
14375,7.797428e+00
14376,7.802925e+00
14377,7.801707e+00
14378,7.784269e+00
14379,7.805281e+00
14380,7.806337e+00
14381,7.802772e+00
14382,7.802238e+00
14383,7.799582e+00
14384,7.791200e+00
14385,7.767191e+00
14386,7.779816e+00
14387,7.779730e+00
14388,7.776538e+00
14389,7.773692e+00
14390,7.770282e+00
14391,7.757398e+00
14392,7.752237e+00
14393,7.752606e+00
14394,7.749934e+00
14395,7.744493e+00
14396,7.737162e+00
14397,7.728680e+00
14398,7.718108e+00
14399,7.711233e+00
14400,7.423188e+00
14401,7.677433e+00
14402,7.670176e+00
14403,7.652639e+00
14404,7.623949e+00
14405,7.470930e+00
14406,7.586868e+00
14407,7.628500e+00
14408,7.552778e+00
14409,7.620813e+00
14410,7.609399e+00
14411,7.625924e+00
14412,7.599191e+00
14413,7.606684e+00
14414,7.612402e+00
14415,7.608034e+00
14416,7.616826e+00
14417,7.619280e+00
14418,7.590047e+00
14419,7.590737e+00
14420,7.652048e+00
14421,7.637773e+00
14422,7.658803e+00
14423,7.664474e+00
14424,7.685269e+00
14425,7.688953e+00
14426,7.695738e+00
14427,7.698249e+00
14428,7.690229e+00
14429,7.712813e+00
14430,7.713859e+00
14431,7.731387e+00
14432,7.730958e+00
14433,7.728643e+00
14434,7.735587e+00
14435,7.727313e+00
14436,7.722758e+00
14437,7.725714e+00
14438,7.731023e+00
14439,7.726586e+00
14440,7.726373e+00
14441,7.712437e+00
14442,7.724745e+00
14443,7.724628e+00
14444,7.711968e+00
14445,7.703305e+00
14446,7.697870e+00
14447,7.688017e+00
14448,7.668920e+00
14449,7.661491e+00
14450,7.654782e+00
14451,7.639875e+00
14452,7.648605e+00
14453,7.660852e+00
14454,7.655591e+00
14455,7.646183e+00
14456,7.634407e+00
14457,7.623563e+00
14458,7.612583e+00
14459,7.597923e+00
14460,7.583867e+00
14461,7.559283e+00
14462,7.550381e+00
14463,7.550415e+00
14464,7.116857e+00
14465,7.539558e+00
14466,7.532755e+00
14467,7.527129e+00
14468,7.502079e+00
14469,7.362582e+00
14470,7.495737e+00
14471,7.530056e+00
14472,7.454820e+00
14473,7.548874e+00
14474,7.530578e+00
14475,7.555991e+00
14476,7.536062e+00
14477,7.553437e+00
14478,7.568894e+00
14479,7.568026e+00
14480,7.573095e+00
14481,7.569467e+00
14482,7.587682e+00
14483,7.557088e+00
14484,7.589323e+00
14485,7.608270e+00
14486,7.617029e+00
14487,7.591320e+00
14488,7.629542e+00
14489,7.634932e+00
14490,7.644692e+00
14491,7.651102e+00
14492,7.656814e+00
14493,7.645092e+00
14494,7.644133e+00
14495,7.643405e+00
14496,7.642783e+00
14497,7.660043e+00
14498,7.668859e+00
14499,7.666144e+00
14500,7.672089e+00
14501,7.660555e+00
14502,7.661548e+00
14503,7.669949e+00
14504,7.677075e+00
14505,7.679695e+00
14506,7.658336e+00
14507,7.674067e+00
14508,7.672357e+00
14509,7.674746e+00
14510,7.671182e+00
14511,7.672385e+00
14512,7.664518e+00
14513,7.654035e+00
14514,7.654139e+00
14515,7.664813e+00
14516,7.677639e+00
14517,7.689963e+00
14518,7.696637e+00
14519,7.694375e+00
14520,7.690435e+00
14521,7.693276e+00
14522,7.690433e+00
14523,7.690345e+00
14524,7.684164e+00
14525,7.676752e+00
14526,7.671788e+00
14527,7.666004e+00
14528,7.313661e+00
14529,7.621607e+00
14530,7.612441e+00
14531,7.576340e+00
14532,7.574022e+00
14533,7.379522e+00
14534,7.521463e+00
14535,7.550002e+00
14536,7.472191e+00
14537,7.535487e+00
14538,7.508535e+00
14539,7.532164e+00
14540,7.512140e+00
14541,7.524151e+00
14542,7.525315e+00
14543,7.521785e+00
14544,7.548353e+00
14545,7.551136e+00
14546,7.529840e+00
14547,7.521290e+00
14548,7.556411e+00
14549,7.549780e+00
14550,7.573772e+00
14551,7.581106e+00
14552,7.598257e+00
14553,7.608707e+00
14554,7.607327e+00
14555,7.615270e+00
14556,7.610394e+00
14557,7.631624e+00
14558,7.641515e+00
14559,7.654889e+00
14560,7.658659e+00
14561,7.666998e+00
14562,7.677660e+00
14563,7.671899e+00
14564,7.680159e+00
14565,7.684575e+00
14566,7.701627e+00
14567,7.707946e+00
14568,7.713112e+00
14569,7.709507e+00
14570,7.721656e+00
14571,7.729502e+00
14572,7.728017e+00
14573,7.729977e+00
14574,7.729645e+00
14575,7.729525e+00
14576,7.731606e+00
14577,7.730134e+00
14578,7.723242e+00
14579,7.710125e+00
14580,7.726127e+00
14581,7.727014e+00
14582,7.722596e+00
14583,7.714447e+00
14584,7.707506e+00
14585,7.705061e+00
14586,7.698120e+00
14587,7.687601e+00
14588,7.680025e+00
14589,7.669598e+00
14590,7.663658e+00
14591,7.657475e+00
14592,7.269782e+00
14593,7.640281e+00
14594,7.626229e+00
14595,7.599533e+00
14596,7.567413e+00
14597,7.417274e+00
14598,7.535251e+00
14599,7.568855e+00
14600,7.508175e+00
14601,7.568124e+00
14602,7.539091e+00
14603,7.571518e+00
14604,7.555160e+00
14605,7.570859e+00
14606,7.572259e+00
14607,7.566508e+00
14608,7.577373e+00
14609,7.564233e+00
14610,7.592600e+00
14611,7.571200e+00
14612,7.556049e+00
14613,7.592833e+00
14614,7.603947e+00
14615,7.565572e+00
14616,7.588950e+00
14617,7.605038e+00
14618,7.636012e+00
14619,7.645507e+00
14620,7.655111e+00
14621,7.648234e+00
14622,7.655370e+00
14623,7.638196e+00
14624,7.655769e+00
14625,7.681125e+00
14626,7.694564e+00
14627,7.699861e+00
14628,7.702787e+00
14629,7.699466e+00
14630,7.717424e+00
14631,7.715575e+00
14632,7.720434e+00
14633,7.726956e+00
14634,7.713158e+00
14635,7.717229e+00
14636,7.721318e+00
14637,7.724145e+00
14638,7.724891e+00
14639,7.723522e+00
14640,7.726351e+00
14641,7.722792e+00
14642,7.714467e+00
14643,7.726150e+00
14644,7.727240e+00
14645,7.715720e+00
14646,7.683139e+00
14647,7.680153e+00
14648,7.674973e+00
14649,7.669150e+00
14650,7.659625e+00
14651,7.653016e+00
14652,7.646822e+00
14653,7.640532e+00
14654,7.635489e+00
14655,7.629680e+00
14656,7.228048e+00
14657,7.593792e+00
14658,7.570129e+00
14659,7.517748e+00
14660,7.532768e+00
14661,7.333766e+00
14662,7.457931e+00
14663,7.513255e+00
14664,7.444850e+00
14665,7.479831e+00
14666,7.446016e+00
14667,7.498319e+00
14668,7.519734e+00
14669,7.544458e+00
14670,7.543982e+00
14671,7.548325e+00
14672,7.588267e+00
14673,7.599665e+00
14674,7.593653e+00
14675,7.584786e+00
14676,7.611649e+00
14677,7.622662e+00
14678,7.651733e+00
14679,7.662691e+00
14680,7.680626e+00
14681,7.694071e+00
14682,7.699844e+00
14683,7.714723e+00
14684,7.719129e+00
14685,7.728406e+00
14686,7.748336e+00
14687,7.761439e+00
14688,7.770667e+00
14689,7.776876e+00
14690,7.792936e+00
14691,7.795490e+00
14692,7.803310e+00
14693,7.801868e+00
14694,7.819068e+00
14695,7.820510e+00
14696,7.817725e+00
14697,7.819891e+00
14698,7.826008e+00
14699,7.829188e+00
14700,7.827408e+00
14701,7.828685e+00
14702,7.826057e+00
14703,7.824324e+00
14704,7.822403e+00
14705,7.818688e+00
14706,7.813090e+00
14707,7.804479e+00
14708,7.801944e+00
14709,7.777627e+00
14710,7.773994e+00
14711,7.763594e+00
14712,7.750485e+00
14713,7.742508e+00
14714,7.738775e+00
14715,7.728225e+00
14716,7.713794e+00
14717,7.707926e+00
14718,7.710604e+00
14719,7.704541e+00
14720,7.350179e+00
14721,7.680214e+00
14722,7.667909e+00
14723,7.638743e+00
14724,7.617891e+00
14725,7.458438e+00
14726,7.572211e+00
14727,7.617678e+00
14728,7.570956e+00
14729,7.609997e+00
14730,7.576732e+00
14731,7.622177e+00
14732,7.614386e+00
14733,7.630637e+00
14734,7.617650e+00
14735,7.613646e+00
14736,7.626675e+00
14737,7.622214e+00
14738,7.627284e+00
14739,7.636266e+00
14740,7.567774e+00
14741,7.619283e+00
14742,7.628035e+00
14743,7.608502e+00
14744,7.593268e+00
14745,7.639176e+00
14746,7.665174e+00
14747,7.672654e+00
14748,7.676163e+00
14749,7.669777e+00
14750,7.671950e+00
14751,7.648900e+00
14752,7.673952e+00
14753,7.694067e+00
14754,7.706688e+00
14755,7.710936e+00
14756,7.708490e+00
14757,7.713881e+00
14758,7.724465e+00
14759,7.708051e+00
14760,7.715103e+00
14761,7.722919e+00
14762,7.720950e+00
14763,7.701896e+00
14764,7.710119e+00
14765,7.714799e+00
14766,7.722573e+00
14767,7.730402e+00
14768,7.731684e+00
14769,7.730611e+00
14770,7.725816e+00
14771,7.735851e+00
14772,7.729616e+00
14773,7.714687e+00
14774,7.697002e+00
14775,7.692957e+00
14776,7.689044e+00
14777,7.696043e+00
14778,7.695729e+00
14779,7.688305e+00
14780,7.682001e+00
14781,7.676227e+00
14782,7.666154e+00
14783,7.648711e+00
14784,7.258553e+00
14785,7.624390e+00
14786,7.592701e+00
14787,7.550610e+00
14788,7.552151e+00
14789,7.420387e+00
14790,7.461540e+00
14791,7.561798e+00
14792,7.523785e+00
14793,7.548468e+00
14794,7.512041e+00
14795,7.571502e+00
14796,7.582842e+00
14797,7.595587e+00
14798,7.589378e+00
14799,7.594910e+00
14800,7.619213e+00
14801,7.630681e+00
14802,7.619885e+00
14803,7.619288e+00
14804,7.622076e+00
14805,7.642352e+00
14806,7.667173e+00
14807,7.669833e+00
14808,7.676222e+00
14809,7.691070e+00
14810,7.696433e+00
14811,7.700630e+00
14812,7.711360e+00
14813,7.701836e+00
14814,7.723155e+00
14815,7.725532e+00
14816,7.737859e+00
14817,7.736907e+00
14818,7.745215e+00
14819,7.743326e+00
14820,7.750630e+00
14821,7.752314e+00
14822,7.758743e+00
14823,7.759699e+00
14824,7.758985e+00
14825,7.755337e+00
14826,7.771999e+00
14827,7.766539e+00
14828,7.771307e+00
14829,7.772326e+00
14830,7.771913e+00
14831,7.774236e+00
14832,7.768403e+00
14833,7.769611e+00
14834,7.767631e+00
14835,7.763117e+00
14836,7.745713e+00
14837,7.726541e+00
14838,7.725936e+00
14839,7.722254e+00
14840,7.716080e+00
14841,7.712730e+00
14842,7.716784e+00
14843,7.707764e+00
14844,7.699701e+00
14845,7.695833e+00
14846,7.684131e+00
14847,7.674342e+00
14848,7.308726e+00
14849,7.642407e+00
14850,7.625009e+00
14851,7.593166e+00
14852,7.576078e+00
14853,7.425620e+00
14854,7.491829e+00
14855,7.560318e+00
14856,7.533735e+00
14857,7.532529e+00
14858,7.487709e+00
14859,7.545660e+00
14860,7.548496e+00
14861,7.564709e+00
14862,7.540154e+00
14863,7.536866e+00
14864,7.546171e+00
14865,7.535003e+00
14866,7.540093e+00
14867,7.547413e+00
14868,7.524141e+00
14869,7.554520e+00
14870,7.579750e+00
14871,7.580775e+00
14872,7.539340e+00
14873,7.608610e+00
14874,7.625489e+00
14875,7.649975e+00
14876,7.658384e+00
14877,7.663145e+00
14878,7.662303e+00
14879,7.642733e+00
14880,7.671030e+00
14881,7.686312e+00
14882,7.701647e+00
14883,7.704326e+00
14884,7.702385e+00
14885,7.718162e+00
14886,7.728176e+00
14887,7.717778e+00
14888,7.724203e+00
14889,7.735512e+00
14890,7.736179e+00
14891,7.730496e+00
14892,7.732402e+00
14893,7.738384e+00
14894,7.749325e+00
14895,7.753814e+00
14896,7.742074e+00
14897,7.748923e+00
14898,7.744585e+00
14899,7.743165e+00
14900,7.735522e+00
14901,7.725663e+00
14902,7.718055e+00
14903,7.703825e+00
14904,7.706741e+00
14905,7.710988e+00
14906,7.707105e+00
14907,7.696597e+00
14908,7.686276e+00
14909,7.675908e+00
14910,7.662507e+00
14911,7.640418e+00
14912,7.251080e+00
14913,7.614925e+00
14914,7.598785e+00
14915,7.566124e+00
14916,7.561497e+00
14917,7.454905e+00
14918,7.464794e+00
14919,7.566458e+00
14920,7.521567e+00
14921,7.539403e+00
14922,7.509340e+00
14923,7.575037e+00
14924,7.569116e+00
14925,7.583594e+00
14926,7.580402e+00
14927,7.591506e+00
14928,7.625140e+00
14929,7.621882e+00
14930,7.631360e+00
14931,7.630663e+00
14932,7.634841e+00
14933,7.665140e+00
14934,7.693777e+00
14935,7.693488e+00
14936,7.703601e+00
14937,7.719342e+00
14938,7.716213e+00
14939,7.738323e+00
14940,7.739722e+00
14941,7.720670e+00
14942,7.743954e+00
14943,7.747887e+00
14944,7.767935e+00
14945,7.762021e+00
14946,7.761782e+00
14947,7.757563e+00
14948,7.768801e+00
14949,7.771518e+00
14950,7.771980e+00
14951,7.780250e+00
14952,7.785510e+00
14953,7.769648e+00
14954,7.796691e+00
14955,7.792311e+00
14956,7.789610e+00
14957,7.793782e+00
14958,7.795561e+00
14959,7.793771e+00
14960,7.792106e+00
14961,7.788767e+00
14962,7.783857e+00
14963,7.779469e+00
14964,7.757864e+00
14965,7.746770e+00
14966,7.742543e+00
14967,7.744468e+00
14968,7.744761e+00
14969,7.748832e+00
14970,7.741668e+00
14971,7.727786e+00
14972,7.720072e+00
14973,7.710642e+00
14974,7.694944e+00
14975,7.685528e+00
14976,7.328497e+00
14977,7.655720e+00
14978,7.633262e+00
14979,7.610483e+00
14980,7.588259e+00
14981,7.476506e+00
14982,7.494916e+00
14983,7.589794e+00
14984,7.573786e+00
14985,7.562263e+00
14986,7.528026e+00
14987,7.577912e+00
14988,7.581683e+00
14989,7.613310e+00
14990,7.598511e+00
14991,7.603289e+00
14992,7.615337e+00
14993,7.596353e+00
14994,7.656801e+00
14995,7.649705e+00
14996,7.665679e+00
14997,7.700793e+00
14998,7.719649e+00
14999,7.720475e+00
15000,7.707820e+00
15001,7.749589e+00
15002,7.752432e+00
15003,7.793400e+00
15004,7.801354e+00
15005,7.804068e+00
15006,7.804585e+00
15007,7.794118e+00
15008,7.814674e+00
15009,7.820367e+00
15010,7.824367e+00
15011,7.822155e+00
15012,7.820360e+00
15013,7.830325e+00
15014,7.828399e+00
15015,7.820688e+00
15016,7.820431e+00
15017,7.830671e+00
15018,7.826656e+00
15019,7.823486e+00
15020,7.813770e+00
15021,7.820509e+00
15022,7.820631e+00
15023,7.813584e+00
15024,7.797319e+00
15025,7.793503e+00
15026,7.789702e+00
15027,7.780180e+00
15028,7.771387e+00
15029,7.760597e+00
15030,7.745652e+00
15031,7.722757e+00
15032,7.729295e+00
15033,7.719127e+00
15034,7.705338e+00
15035,7.688453e+00
15036,7.670157e+00
15037,7.656414e+00
15038,7.638480e+00
15039,7.618120e+00
15040,7.210215e+00
15041,7.581689e+00
15042,7.576079e+00
15043,7.557142e+00
15044,7.544504e+00
15045,7.465006e+00
15046,7.448042e+00
15047,7.567846e+00
15048,7.542310e+00
15049,7.551743e+00
15050,7.529474e+00
15051,7.600824e+00
15052,7.601904e+00
15053,7.623074e+00
15054,7.624362e+00
15055,7.638607e+00
15056,7.657288e+00
15057,7.665604e+00
15058,7.651755e+00
15059,7.690303e+00
15060,7.672776e+00
15061,7.698198e+00
15062,7.732884e+00
15063,7.720413e+00
15064,7.742261e+00
15065,7.744322e+00
15066,7.730132e+00
15067,7.741124e+00
15068,7.742102e+00
15069,7.745542e+00
15070,7.748687e+00
15071,7.765324e+00
15072,7.788690e+00
15073,7.777405e+00
15074,7.764023e+00
15075,7.761170e+00
15076,7.779519e+00
15077,7.790055e+00
15078,7.785860e+00
15079,7.792029e+00
15080,7.795984e+00
15081,7.794830e+00
15082,7.827367e+00
15083,7.827263e+00
15084,7.822790e+00
15085,7.820096e+00
15086,7.834887e+00
15087,7.833289e+00
15088,7.833101e+00
15089,7.828350e+00
15090,7.827322e+00
15091,7.829217e+00
15092,7.822624e+00
15093,7.819058e+00
15094,7.812049e+00
15095,7.814779e+00
15096,7.815501e+00
15097,7.806509e+00
15098,7.780003e+00
15099,7.774074e+00
15100,7.763686e+00
15101,7.751023e+00
15102,7.737803e+00
15103,7.725290e+00
15104,7.381784e+00
15105,7.690784e+00
15106,7.673464e+00
15107,7.652062e+00
15108,7.630832e+00
15109,7.534185e+00
15110,7.527796e+00
15111,7.633516e+00
15112,7.618679e+00
15113,7.617098e+00
15114,7.601193e+00
15115,7.639909e+00
15116,7.641132e+00
15117,7.672487e+00
15118,7.667987e+00
15119,7.680521e+00
15120,7.689881e+00
15121,7.676145e+00
15122,7.705659e+00
15123,7.728700e+00
15124,7.688344e+00
15125,7.745826e+00
15126,7.755392e+00
15127,7.757076e+00
15128,7.732620e+00
15129,7.785567e+00
15130,7.796703e+00
15131,7.804759e+00
15132,7.818626e+00
15133,7.828923e+00
15134,7.829711e+00
15135,7.831304e+00
15136,7.845969e+00
15137,7.847921e+00
15138,7.858639e+00
15139,7.858977e+00
15140,7.855712e+00
15141,7.871565e+00
15142,7.873711e+00
15143,7.873602e+00
15144,7.861234e+00
15145,7.870135e+00
15146,7.867964e+00
15147,7.860907e+00
15148,7.855162e+00
15149,7.853294e+00
15150,7.847835e+00
15151,7.836791e+00
15152,7.826612e+00
15153,7.809673e+00
15154,7.809851e+00
15155,7.793401e+00
15156,7.786393e+00
15157,7.774695e+00
15158,7.759622e+00
15159,7.747382e+00
15160,7.737618e+00
15161,7.706569e+00
15162,7.689631e+00
15163,7.667923e+00
15164,7.644120e+00
15165,7.626434e+00
15166,7.610051e+00
15167,7.590978e+00
15168,7.150715e+00
15169,7.559899e+00
15170,7.563699e+00
15171,7.553357e+00
15172,7.537886e+00
15173,7.470592e+00
15174,7.450554e+00
15175,7.569878e+00
15176,7.547618e+00
15177,7.557429e+00
15178,7.551873e+00
15179,7.609240e+00
15180,7.598208e+00
15181,7.628184e+00
15182,7.641805e+00
15183,7.656107e+00
15184,7.660435e+00
15185,7.662149e+00
15186,7.658744e+00
15187,7.683069e+00
15188,7.682837e+00
15189,7.686284e+00
15190,7.733572e+00
15191,7.718818e+00
15192,7.733894e+00
15193,7.742159e+00
15194,7.741912e+00
15195,7.727888e+00
15196,7.761762e+00
15197,7.784585e+00
15198,7.781497e+00
15199,7.800665e+00
15200,7.794889e+00
15201,7.809076e+00
15202,7.810410e+00
15203,7.812224e+00
15204,7.823368e+00
15205,7.838799e+00
15206,7.842628e+00
15207,7.841075e+00
15208,7.838272e+00
15209,7.847611e+00
15210,7.849735e+00
15211,7.852304e+00
15212,7.845413e+00
15213,7.842554e+00
15214,7.844246e+00
15215,7.823452e+00
15216,7.822505e+00
15217,7.815687e+00
15218,7.812921e+00
15219,7.819870e+00
15220,7.812297e+00
15221,7.807041e+00
15222,7.801682e+00
15223,7.801654e+00
15224,7.795984e+00
15225,7.780456e+00
15226,7.760566e+00
15227,7.755240e+00
15228,7.743015e+00
15229,7.737480e+00
15230,7.729409e+00
15231,7.715331e+00
15232,7.400494e+00
15233,7.688243e+00
15234,7.675542e+00
15235,7.649535e+00
15236,7.641206e+00
15237,7.567315e+00
15238,7.525924e+00
15239,7.652785e+00
15240,7.640470e+00
15241,7.646989e+00
15242,7.643066e+00
15243,7.673082e+00
15244,7.662907e+00
15245,7.695543e+00
15246,7.699305e+00
15247,7.709575e+00
15248,7.714884e+00
15249,7.699427e+00
15250,7.729989e+00
15251,7.739889e+00
15252,7.722426e+00
15253,7.745767e+00
15254,7.771968e+00
15255,7.772415e+00
15256,7.755121e+00
15257,7.775604e+00
15258,7.789419e+00
15259,7.807374e+00
15260,7.816180e+00
15261,7.816750e+00
15262,7.823356e+00
15263,7.826793e+00
15264,7.815393e+00
15265,7.810913e+00
15266,7.818592e+00
15267,7.812659e+00
15268,7.802816e+00
15269,7.803406e+00
15270,7.794614e+00
15271,7.796654e+00
15272,7.790612e+00
15273,7.793355e+00
15274,7.781279e+00
15275,7.766432e+00
15276,7.772168e+00
15277,7.762117e+00
15278,7.754000e+00
15279,7.742545e+00
15280,7.734123e+00
15281,7.722383e+00
15282,7.723731e+00
15283,7.704779e+00
15284,7.693595e+00
15285,7.690045e+00
15286,7.679933e+00
15287,7.678262e+00
15288,7.656768e+00
15289,7.632664e+00
15290,7.618900e+00
15291,7.604958e+00
15292,7.591020e+00
15293,7.578651e+00
15294,7.570697e+00
15295,7.555289e+00
15296,7.088477e+00
15297,7.533733e+00
15298,7.530800e+00
15299,7.529746e+00
15300,7.508731e+00
15301,7.448163e+00
15302,7.415758e+00
15303,7.530451e+00
15304,7.510123e+00
15305,7.511898e+00
15306,7.518395e+00
15307,7.559231e+00
15308,7.539824e+00
15309,7.572855e+00
15310,7.578443e+00
15311,7.592616e+00
15312,7.596799e+00
15313,7.598199e+00
15314,7.597833e+00
15315,7.607103e+00
15316,7.612021e+00
15317,7.605774e+00
15318,7.661401e+00
15319,7.659483e+00
15320,7.668886e+00
15321,7.687048e+00
15322,7.687510e+00
15323,7.670481e+00
15324,7.707428e+00
15325,7.721894e+00
15326,7.730411e+00
15327,7.735559e+00
15328,7.724882e+00
15329,7.739825e+00
15330,7.711413e+00
15331,7.723773e+00
15332,7.738849e+00
15333,7.747748e+00
15334,7.740072e+00
15335,7.740892e+00
15336,7.747758e+00
15337,7.768884e+00
15338,7.760657e+00
15339,7.772352e+00
15340,7.775482e+00
15341,7.770059e+00
15342,7.788073e+00
15343,7.785256e+00
15344,7.779893e+00
15345,7.784609e+00
15346,7.785959e+00
15347,7.792684e+00
15348,7.786520e+00
15349,7.790615e+00
15350,7.787741e+00
15351,7.784191e+00
15352,7.775652e+00
15353,7.762947e+00
15354,7.756794e+00
15355,7.743909e+00
15356,7.739512e+00
15357,7.736794e+00
15358,7.730397e+00
15359,7.718077e+00
15360,7.424506e+00
15361,7.693937e+00
15362,7.680751e+00
15363,7.647327e+00
15364,7.628572e+00
15365,7.573934e+00
15366,7.469435e+00
15367,7.633508e+00
15368,7.619340e+00
15369,7.614589e+00
15370,7.613479e+00
15371,7.633109e+00
15372,7.617714e+00
15373,7.651377e+00
15374,7.653380e+00
15375,7.662906e+00
15376,7.663325e+00
15377,7.654221e+00
15378,7.679125e+00
15379,7.677515e+00
15380,7.653207e+00
15381,7.683797e+00
15382,7.707660e+00
15383,7.705600e+00
15384,7.705112e+00
15385,7.701210e+00
15386,7.709947e+00
15387,7.707452e+00
15388,7.726385e+00
15389,7.725219e+00
15390,7.724052e+00
15391,7.732213e+00
15392,7.707130e+00
15393,7.705356e+00
15394,7.704340e+00
15395,7.707590e+00
15396,7.711408e+00
15397,7.703327e+00
15398,7.691153e+00
15399,7.699115e+00
15400,7.702737e+00
15401,7.711369e+00
15402,7.706783e+00
15403,7.704101e+00
15404,7.695341e+00
15405,7.714666e+00
15406,7.709893e+00
15407,7.713409e+00
15408,7.711546e+00
15409,7.704731e+00
15410,7.702660e+00
15411,7.694607e+00
15412,7.684926e+00
15413,7.675188e+00
15414,7.667616e+00
15415,7.656552e+00
15416,7.620046e+00
15417,7.608827e+00
15418,7.597754e+00
15419,7.588421e+00
15420,7.578261e+00
15421,7.572420e+00
15422,7.563480e+00
15423,7.548315e+00
15424,7.086198e+00
15425,7.529366e+00
15426,7.525809e+00
15427,7.523247e+00
15428,7.495445e+00
15429,7.423716e+00
15430,7.382589e+00
15431,7.492668e+00
15432,7.478160e+00
15433,7.470962e+00
15434,7.492879e+00
15435,7.523406e+00
15436,7.504639e+00
15437,7.538976e+00
15438,7.534444e+00
15439,7.554841e+00
15440,7.567796e+00
15441,7.576200e+00
15442,7.577563e+00
15443,7.569908e+00
15444,7.593643e+00
15445,7.575347e+00
15446,7.635997e+00
15447,7.640063e+00
15448,7.650134e+00
15449,7.654127e+00
15450,7.655982e+00
15451,7.638986e+00
15452,7.676552e+00
15453,7.687427e+00
15454,7.693100e+00
15455,7.699928e+00
15456,7.701685e+00
15457,7.703997e+00
15458,7.681838e+00
15459,7.698591e+00
15460,7.712692e+00
15461,7.732314e+00
15462,7.732426e+00
15463,7.724748e+00
15464,7.734689e+00
15465,7.759218e+00
15466,7.757841e+00
15467,7.767710e+00
15468,7.772852e+00
15469,7.761065e+00
15470,7.768466e+00
15471,7.775313e+00
15472,7.768262e+00
15473,7.770757e+00
15474,7.767424e+00
15475,7.749582e+00
15476,7.745103e+00
15477,7.749436e+00
15478,7.748412e+00
15479,7.738175e+00
15480,7.728019e+00
15481,7.712577e+00
15482,7.703075e+00
15483,7.691998e+00
15484,7.705338e+00
15485,7.699609e+00
15486,7.689071e+00
15487,7.678214e+00
15488,7.372302e+00
15489,7.652604e+00
15490,7.639752e+00
15491,7.617255e+00
15492,7.563817e+00
15493,7.546365e+00
15494,7.384250e+00
15495,7.576542e+00
15496,7.569663e+00
15497,7.576190e+00
15498,7.581278e+00
15499,7.595006e+00
15500,7.592075e+00
15501,7.628848e+00
15502,7.631154e+00
15503,7.644299e+00
15504,7.640641e+00
15505,7.643367e+00
15506,7.663124e+00
15507,7.660632e+00
15508,7.618873e+00
15509,7.665880e+00
15510,7.679625e+00
15511,7.678934e+00
15512,7.681509e+00
15513,7.678677e+00
15514,7.686129e+00
15515,7.686310e+00
15516,7.696681e+00
15517,7.687581e+00
15518,7.683818e+00
15519,7.693985e+00
15520,7.681251e+00
15521,7.685599e+00
15522,7.673080e+00
15523,7.694690e+00
15524,7.696957e+00
15525,7.688578e+00
15526,7.679035e+00
15527,7.688300e+00
15528,7.695503e+00
15529,7.704197e+00
15530,7.697970e+00
15531,7.688990e+00
15532,7.679656e+00
15533,7.697245e+00
15534,7.694664e+00
15535,7.685679e+00
15536,7.675142e+00
15537,7.671045e+00
15538,7.659617e+00
15539,7.652566e+00
15540,7.649619e+00
15541,7.635425e+00
15542,7.632297e+00
15543,7.632301e+00
15544,7.619092e+00
15545,7.609554e+00
15546,7.600302e+00
15547,7.600048e+00
15548,7.595586e+00
15549,7.589373e+00
15550,7.573767e+00
15551,7.568267e+00
15552,7.135812e+00
15553,7.549592e+00
15554,7.544856e+00
15555,7.535482e+00
15556,7.492942e+00
15557,7.442034e+00
15558,7.349432e+00
15559,7.501503e+00
15560,7.489234e+00
15561,7.464608e+00
15562,7.502168e+00
15563,7.522390e+00
15564,7.510674e+00
15565,7.548288e+00
15566,7.545673e+00
15567,7.565151e+00
15568,7.571920e+00
15569,7.578900e+00
15570,7.565291e+00
15571,7.569088e+00
15572,7.589138e+00
15573,7.584681e+00
15574,7.613588e+00
15575,7.626420e+00
15576,7.640330e+00
15577,7.638424e+00
15578,7.643129e+00
15579,7.624074e+00
15580,7.666927e+00
15581,7.674175e+00
15582,7.683869e+00
15583,7.689731e+00
15584,7.694071e+00
15585,7.698628e+00
15586,7.693281e+00
15587,7.707018e+00
15588,7.710316e+00
15589,7.711261e+00
15590,7.709262e+00
15591,7.698360e+00
15592,7.708939e+00
15593,7.715276e+00
15594,7.708146e+00
15595,7.708348e+00
15596,7.716373e+00
15597,7.709285e+00
15598,7.700212e+00
15599,7.713807e+00
15600,7.711942e+00
15601,7.711821e+00
15602,7.704300e+00
15603,7.686623e+00
15604,7.684976e+00
15605,7.675907e+00
15606,7.697035e+00
15607,7.695381e+00
15608,7.690715e+00
15609,7.684375e+00
15610,7.676682e+00
15611,7.677304e+00
15612,7.685953e+00
15613,7.673906e+00
15614,7.667612e+00
15615,7.654372e+00
15616,7.306141e+00
15617,7.629498e+00
15618,7.613943e+00
15619,7.596315e+00
15620,7.517694e+00
15621,7.536025e+00
15622,7.371363e+00
15623,7.550513e+00
15624,7.542662e+00
15625,7.559781e+00
15626,7.566152e+00
15627,7.567966e+00
15628,7.562758e+00
15629,7.599160e+00
15630,7.598095e+00
15631,7.607858e+00
15632,7.602868e+00
15633,7.607944e+00
15634,7.622632e+00
15635,7.626213e+00
15636,7.577319e+00
15637,7.615764e+00
15638,7.638360e+00
15639,7.637854e+00
15640,7.637902e+00
15641,7.655785e+00
15642,7.664334e+00
15643,7.667168e+00
15644,7.675661e+00
15645,7.675921e+00
15646,7.667650e+00
15647,7.689040e+00
15648,7.693058e+00
15649,7.698748e+00
15650,7.694754e+00
15651,7.707157e+00
15652,7.704778e+00
15653,7.715196e+00
15654,7.714685e+00
15655,7.724529e+00
15656,7.730827e+00
15657,7.718553e+00
15658,7.718576e+00
15659,7.710694e+00
15660,7.702682e+00
15661,7.747259e+00
15662,7.754685e+00
15663,7.757865e+00
15664,7.760371e+00
15665,7.760618e+00
15666,7.765963e+00
15667,7.768748e+00
15668,7.764874e+00
15669,7.763948e+00
15670,7.764449e+00
15671,7.763020e+00
15672,7.755189e+00
15673,7.751792e+00
15674,7.745261e+00
15675,7.739032e+00
15676,7.731806e+00
15677,7.714517e+00
15678,7.696575e+00
15679,7.691710e+00
15680,7.297052e+00
15681,7.666336e+00
15682,7.655197e+00
15683,7.640358e+00
15684,7.594060e+00
15685,7.556452e+00
15686,7.442532e+00
15687,7.602978e+00
15688,7.584042e+00
15689,7.571792e+00
15690,7.592700e+00
15691,7.570570e+00
15692,7.563516e+00
15693,7.605602e+00
15694,7.602736e+00
15695,7.618965e+00
15696,7.617873e+00
15697,7.621622e+00
15698,7.616429e+00
15699,7.584283e+00
15700,7.643943e+00
15701,7.624785e+00
15702,7.661664e+00
15703,7.681551e+00
15704,7.689074e+00
15705,7.698525e+00
15706,7.699343e+00
15707,7.692048e+00
15708,7.719246e+00
15709,7.723987e+00
15710,7.744275e+00
15711,7.746000e+00
15712,7.751318e+00
15713,7.752712e+00
15714,7.756947e+00
15715,7.764748e+00
15716,7.763091e+00
15717,7.767674e+00
15718,7.763281e+00
15719,7.745657e+00
15720,7.751933e+00
15721,7.739085e+00
15722,7.730644e+00
15723,7.749584e+00
15724,7.756580e+00
15725,7.754311e+00
15726,7.747886e+00
15727,7.752971e+00
15728,7.760064e+00
15729,7.765426e+00
15730,7.760345e+00
15731,7.753228e+00
15732,7.748969e+00
15733,7.745781e+00
15734,7.751332e+00
15735,7.734907e+00
15736,7.725293e+00
15737,7.712988e+00
15738,7.707097e+00
15739,7.709253e+00
15740,7.682885e+00
15741,7.664000e+00
15742,7.653747e+00
15743,7.638419e+00
15744,7.270158e+00
15745,7.612638e+00
15746,7.600129e+00
15747,7.590559e+00
15748,7.501091e+00
15749,7.533472e+00
15750,7.400377e+00
15751,7.560830e+00
15752,7.570681e+00
15753,7.603095e+00
15754,7.616698e+00
15755,7.606602e+00
15756,7.605177e+00
15757,7.652438e+00
15758,7.658600e+00
15759,7.672411e+00
15760,7.670769e+00
15761,7.678696e+00
15762,7.706007e+00
15763,7.708494e+00
15764,7.691292e+00
15765,7.699438e+00
15766,7.743499e+00
15767,7.747831e+00
15768,7.754944e+00
15769,7.770929e+00
15770,7.785622e+00
15771,7.794251e+00
15772,7.790311e+00
15773,7.802461e+00
15774,7.798239e+00
15775,7.807092e+00
15776,7.812070e+00
15777,7.819627e+00
15778,7.821726e+00
15779,7.816524e+00
15780,7.818863e+00
15781,7.813960e+00
15782,7.805399e+00
15783,7.812048e+00
15784,7.813730e+00
15785,7.806376e+00
15786,7.805339e+00
15787,7.798826e+00
15788,7.791973e+00
15789,7.818082e+00
15790,7.826693e+00
15791,7.821628e+00
15792,7.820365e+00
15793,7.816775e+00
15794,7.817021e+00
15795,7.813456e+00
15796,7.807155e+00
15797,7.802742e+00
15798,7.790556e+00
15799,7.779655e+00
15800,7.770996e+00
15801,7.769745e+00
15802,7.760982e+00
15803,7.748147e+00
15804,7.735795e+00
15805,7.716330e+00
15806,7.698343e+00
15807,7.682537e+00
15808,7.305988e+00
15809,7.670617e+00
15810,7.660844e+00
15811,7.648770e+00
15812,7.607263e+00
15813,7.589199e+00
15814,7.466821e+00
15815,7.623673e+00
15816,7.609782e+00
15817,7.626531e+00
15818,7.642472e+00
15819,7.606940e+00
15820,7.616635e+00
15821,7.660928e+00
15822,7.661067e+00
15823,7.683319e+00
15824,7.682934e+00
15825,7.694083e+00
15826,7.701165e+00
15827,7.661901e+00
15828,7.712500e+00
15829,7.722359e+00
15830,7.712661e+00
15831,7.748813e+00
15832,7.761731e+00
15833,7.760647e+00
15834,7.765714e+00
15835,7.774975e+00
15836,7.770656e+00
15837,7.777003e+00
15838,7.786820e+00
15839,7.790793e+00
15840,7.790081e+00
15841,7.779473e+00
15842,7.789744e+00
15843,7.792920e+00
15844,7.792821e+00
15845,7.791738e+00
15846,7.786310e+00
15847,7.782107e+00
15848,7.770001e+00
15849,7.746645e+00
15850,7.742209e+00
15851,7.740336e+00
15852,7.768179e+00
15853,7.766094e+00
15854,7.768150e+00
15855,7.763888e+00
15856,7.771927e+00
15857,7.764260e+00
15858,7.757371e+00
15859,7.748825e+00
15860,7.740908e+00
15861,7.742729e+00
15862,7.726878e+00
15863,7.716496e+00
15864,7.706548e+00
15865,7.698493e+00
15866,7.693027e+00
15867,7.694116e+00
15868,7.677040e+00
15869,7.677089e+00
15870,7.665546e+00
15871,7.654705e+00
15872,7.283726e+00
15873,7.633971e+00
15874,7.622112e+00
15875,7.619450e+00
15876,7.565307e+00
15877,7.547498e+00
15878,7.496756e+00
15879,7.589317e+00
15880,7.600770e+00
15881,7.639681e+00
15882,7.647028e+00
15883,7.616151e+00
15884,7.625785e+00
15885,7.672704e+00
15886,7.679270e+00
15887,7.695099e+00
15888,7.696457e+00
15889,7.704999e+00
15890,7.713289e+00
15891,7.725591e+00
15892,7.703091e+00
15893,7.722948e+00
15894,7.739952e+00
15895,7.752222e+00
15896,7.764034e+00
15897,7.764464e+00
15898,7.778527e+00
15899,7.785517e+00
15900,7.782567e+00
15901,7.786560e+00
15902,7.774525e+00
15903,7.792797e+00
15904,7.800537e+00
15905,7.785723e+00
15906,7.792428e+00
15907,7.786758e+00
15908,7.800224e+00
15909,7.788605e+00
15910,7.788091e+00
15911,7.791249e+00
15912,7.796056e+00
15913,7.795585e+00
15914,7.785156e+00
15915,7.774274e+00
15916,7.772362e+00
15917,7.781270e+00
15918,7.786668e+00
15919,7.781778e+00
15920,7.766115e+00
15921,7.758441e+00
15922,7.746455e+00
15923,7.746021e+00
15924,7.737465e+00
15925,7.728941e+00
15926,7.712908e+00
15927,7.684161e+00
15928,7.675081e+00
15929,7.665457e+00
15930,7.659202e+00
15931,7.648029e+00
15932,7.634693e+00
15933,7.616641e+00
15934,7.599969e+00
15935,7.585331e+00
15936,7.196951e+00
15937,7.573174e+00
15938,7.565176e+00
15939,7.556064e+00
15940,7.506956e+00
15941,7.481937e+00
15942,7.378837e+00
15943,7.488983e+00
15944,7.465625e+00
15945,7.495051e+00
15946,7.500089e+00
15947,7.450808e+00
15948,7.475171e+00
15949,7.515559e+00
15950,7.516791e+00
15951,7.547055e+00
15952,7.545033e+00
15953,7.557368e+00
15954,7.571131e+00
15955,7.544468e+00
15956,7.590710e+00
15957,7.611596e+00
15958,7.605515e+00
15959,7.639604e+00
15960,7.653923e+00
15961,7.663031e+00
15962,7.660343e+00
15963,7.684619e+00
15964,7.686798e+00
15965,7.706481e+00
15966,7.708320e+00
15967,7.727339e+00
15968,7.732876e+00
15969,7.727342e+00
15970,7.743896e+00
15971,7.751128e+00
15972,7.767382e+00
15973,7.774544e+00
15974,7.779282e+00
15975,7.781818e+00
15976,7.778784e+00
15977,7.767276e+00
15978,7.769949e+00
15979,7.757950e+00
15980,7.792802e+00
15981,7.789668e+00
15982,7.765258e+00
15983,7.771163e+00
15984,7.766594e+00
15985,7.761757e+00
15986,7.758442e+00
15987,7.754479e+00
15988,7.748311e+00
15989,7.749032e+00
15990,7.730231e+00
15991,7.727397e+00
15992,7.718969e+00
15993,7.709513e+00
15994,7.707674e+00
15995,7.704191e+00
15996,7.692969e+00
15997,7.682392e+00
15998,7.669074e+00
15999,7.662846e+00
16000,7.315909e+00
16001,7.646374e+00
16002,7.636663e+00
16003,7.637356e+00
16004,7.602758e+00
16005,7.550587e+00
16006,7.527812e+00
16007,7.589061e+00
16008,7.596947e+00
16009,7.612441e+00
16010,7.619719e+00
16011,7.582039e+00
16012,7.597084e+00
16013,7.638269e+00
16014,7.637989e+00
16015,7.654640e+00
16016,7.656267e+00
16017,7.664095e+00
16018,7.664927e+00
16019,7.666059e+00
16020,7.660218e+00
16021,7.667007e+00
16022,7.680881e+00
16023,7.696608e+00
16024,7.704617e+00
16025,7.710745e+00
16026,7.720722e+00
16027,7.727060e+00
16028,7.717524e+00
16029,7.723615e+00
16030,7.719356e+00
16031,7.731485e+00
16032,7.737345e+00
16033,7.733399e+00
16034,7.730463e+00
16035,7.709608e+00
16036,7.727749e+00
16037,7.716626e+00
16038,7.722949e+00
16039,7.719609e+00
16040,7.717040e+00
16041,7.705826e+00
16042,7.699167e+00
16043,7.690408e+00
16044,7.680196e+00
16045,7.667758e+00
16046,7.665059e+00
16047,7.662047e+00
16048,7.657527e+00
16049,7.646428e+00
16050,7.621511e+00
16051,7.626626e+00
16052,7.624322e+00
16053,7.620890e+00
16054,7.616124e+00
16055,7.598805e+00
16056,7.591851e+00
16057,7.585980e+00
16058,7.597778e+00
16059,7.593637e+00
16060,7.582886e+00
16061,7.562861e+00
16062,7.553424e+00
16063,7.550702e+00
16064,7.150511e+00
16065,7.542064e+00
16066,7.536586e+00
16067,7.527521e+00
16068,7.493508e+00
16069,7.440893e+00
16070,7.398459e+00
16071,7.450836e+00
16072,7.425346e+00
16073,7.465656e+00
16074,7.474702e+00
16075,7.433440e+00
16076,7.468899e+00
16077,7.488850e+00
16078,7.494973e+00
16079,7.539904e+00
16080,7.543313e+00
16081,7.553830e+00
16082,7.554541e+00
16083,7.528823e+00
16084,7.557705e+00
16085,7.581667e+00
16086,7.580757e+00
16087,7.612514e+00
16088,7.625303e+00
16089,7.626907e+00
16090,7.629447e+00
16091,7.653606e+00
16092,7.647359e+00
16093,7.675368e+00
16094,7.679928e+00
16095,7.690690e+00
16096,7.695682e+00
16097,7.698330e+00
16098,7.711026e+00
16099,7.711801e+00
16100,7.727530e+00
16101,7.725304e+00
16102,7.730926e+00
16103,7.733073e+00
16104,7.724552e+00
16105,7.714817e+00
16106,7.720318e+00
16107,7.724074e+00
16108,7.713152e+00
16109,7.708964e+00
16110,7.688380e+00
16111,7.685204e+00
16112,7.707890e+00
16113,7.720867e+00
16114,7.726628e+00
16115,7.728946e+00
16116,7.730472e+00
16117,7.734757e+00
16118,7.730372e+00
16119,7.728476e+00
16120,7.723274e+00
16121,7.720902e+00
16122,7.720056e+00
16123,7.710585e+00
16124,7.703239e+00
16125,7.698675e+00
16126,7.695709e+00
16127,7.691054e+00
16128,7.358538e+00
16129,7.676440e+00
16130,7.665218e+00
16131,7.658526e+00
16132,7.619960e+00
16133,7.563480e+00
16134,7.523591e+00
16135,7.576404e+00
16136,7.586041e+00
16137,7.594291e+00
16138,7.609771e+00
16139,7.565324e+00
16140,7.576762e+00
16141,7.602524e+00
16142,7.597337e+00
16143,7.617518e+00
16144,7.624524e+00
16145,7.632562e+00
16146,7.621410e+00
16147,7.628992e+00
16148,7.605679e+00
16149,7.636072e+00
16150,7.610612e+00
16151,7.633918e+00
16152,7.651310e+00
16153,7.655089e+00
16154,7.668779e+00
16155,7.678363e+00
16156,7.666540e+00
16157,7.665901e+00
16158,7.669505e+00
16159,7.690299e+00
16160,7.695343e+00
16161,7.697003e+00
16162,7.693531e+00
16163,7.688505e+00
16164,7.691315e+00
16165,7.673253e+00
16166,7.692645e+00
16167,7.695500e+00
16168,7.695552e+00
16169,7.687651e+00
16170,7.680156e+00
16171,7.684109e+00
16172,7.684006e+00
16173,7.655580e+00
16174,7.665745e+00
16175,7.666943e+00
16176,7.662661e+00
16177,7.667825e+00
16178,7.663832e+00
16179,7.654169e+00
16180,7.672730e+00
16181,7.675766e+00
16182,7.667459e+00
16183,7.647435e+00
16184,7.648257e+00
16185,7.647261e+00
16186,7.642614e+00
16187,7.629570e+00
16188,7.613204e+00
16189,7.595845e+00
16190,7.589051e+00
16191,7.594128e+00
16192,7.181904e+00
16193,7.580501e+00
16194,7.574806e+00
16195,7.558416e+00
16196,7.531143e+00
16197,7.450337e+00
16198,7.430543e+00
16199,7.454771e+00
16200,7.437169e+00
16201,7.466393e+00
16202,7.486981e+00
16203,7.480801e+00
16204,7.518703e+00
16205,7.517070e+00
16206,7.527465e+00
16207,7.571036e+00
16208,7.573364e+00
16209,7.586612e+00
16210,7.585202e+00
16211,7.568065e+00
16212,7.594456e+00
16213,7.611725e+00
16214,7.608660e+00
16215,7.647376e+00
16216,7.659719e+00
16217,7.659825e+00
16218,7.660570e+00
16219,7.688061e+00
16220,7.685316e+00
16221,7.707113e+00
16222,7.715135e+00
16223,7.726808e+00
16224,7.740527e+00
16225,7.741282e+00
16226,7.759289e+00
16227,7.764979e+00
16228,7.780179e+00
16229,7.782417e+00
16230,7.792400e+00
16231,7.795582e+00
16232,7.799962e+00
16233,7.800676e+00
16234,7.810014e+00
16235,7.814863e+00
16236,7.816700e+00
16237,7.817185e+00
16238,7.813073e+00
16239,7.794645e+00
16240,7.818856e+00
16241,7.828587e+00
16242,7.827597e+00
16243,7.823516e+00
16244,7.823021e+00
16245,7.817842e+00
16246,7.810180e+00
16247,7.800622e+00
16248,7.793222e+00
16249,7.785872e+00
16250,7.774069e+00
16251,7.748104e+00
16252,7.736577e+00
16253,7.729192e+00
16254,7.720844e+00
16255,7.708989e+00
16256,7.370468e+00
16257,7.687518e+00
16258,7.670173e+00
16259,7.654531e+00
16260,7.610888e+00
16261,7.577155e+00
16262,7.512370e+00
16263,7.577824e+00
16264,7.595125e+00
16265,7.599938e+00
16266,7.620994e+00
16267,7.576415e+00
16268,7.603120e+00
16269,7.611362e+00
16270,7.588035e+00
16271,7.622621e+00
16272,7.636018e+00
16273,7.644422e+00
16274,7.635147e+00
16275,7.637569e+00
16276,7.632669e+00
16277,7.633437e+00
16278,7.646613e+00
16279,7.643690e+00
16280,7.687035e+00
16281,7.686392e+00
16282,7.705657e+00
16283,7.712471e+00
16284,7.701476e+00
16285,7.696979e+00
16286,7.709440e+00
16287,7.727984e+00
16288,7.736211e+00
16289,7.740318e+00
16290,7.737489e+00
16291,7.743660e+00
16292,7.730602e+00
16293,7.725657e+00
16294,7.742056e+00
16295,7.745454e+00
16296,7.752659e+00
16297,7.751184e+00
16298,7.735348e+00
16299,7.747793e+00
16300,7.740603e+00
16301,7.705842e+00
16302,7.721671e+00
16303,7.727717e+00
16304,7.721653e+00
16305,7.725609e+00
16306,7.717285e+00
16307,7.712295e+00
16308,7.705717e+00
16309,7.689683e+00
16310,7.665336e+00
16311,7.645696e+00
16312,7.635208e+00
16313,7.650125e+00
16314,7.647827e+00
16315,7.639007e+00
16316,7.626388e+00
16317,7.616542e+00
16318,7.607870e+00
16319,7.616294e+00
16320,7.221564e+00
16321,7.618440e+00
16322,7.604575e+00
16323,7.587436e+00
16324,7.555294e+00
16325,7.489749e+00
16326,7.438606e+00
16327,7.507548e+00
16328,7.521463e+00
16329,7.517914e+00
16330,7.555408e+00
16331,7.581206e+00
16332,7.609741e+00
16333,7.596082e+00
16334,7.603132e+00
16335,7.636852e+00
16336,7.643495e+00
16337,7.660123e+00
16338,7.658806e+00
16339,7.645838e+00
16340,7.676711e+00
16341,7.672300e+00
16342,7.663452e+00
16343,7.712374e+00
16344,7.727318e+00
16345,7.731171e+00
16346,7.732471e+00
16347,7.751032e+00
16348,7.741164e+00
16349,7.771582e+00
16350,7.783857e+00
16351,7.778510e+00
16352,7.793835e+00
16353,7.797167e+00
16354,7.812971e+00
16355,7.816705e+00
16356,7.822503e+00
16357,7.825105e+00
16358,7.834480e+00
16359,7.835140e+00
16360,7.834176e+00
16361,7.833473e+00
16362,7.839505e+00
16363,7.841178e+00
16364,7.836611e+00
16365,7.833885e+00
16366,7.829189e+00
16367,7.815369e+00
16368,7.830410e+00
16369,7.828560e+00
16370,7.822650e+00
16371,7.816790e+00
16372,7.805731e+00
16373,7.801099e+00
16374,7.790578e+00
16375,7.784453e+00
16376,7.771096e+00
16377,7.761151e+00
16378,7.748173e+00
16379,7.732041e+00
16380,7.720254e+00
16381,7.710165e+00
16382,7.709745e+00
16383,7.699454e+00
16384,7.316611e+00
16385,7.667842e+00
16386,7.649793e+00
16387,7.638169e+00
16388,7.593205e+00
16389,7.547225e+00
16390,7.493980e+00
16391,7.543038e+00
16392,7.565771e+00
16393,7.561199e+00
16394,7.580709e+00
16395,7.546802e+00
16396,7.572547e+00
16397,7.521495e+00
16398,7.485462e+00
16399,7.533309e+00
16400,7.539452e+00
16401,7.547321e+00
16402,7.552283e+00
16403,7.555488e+00
16404,7.547398e+00
16405,7.523841e+00
16406,7.559859e+00
16407,7.551449e+00
16408,7.608394e+00
16409,7.586982e+00
16410,7.616744e+00
16411,7.626783e+00
16412,7.625518e+00
16413,7.614161e+00
16414,7.637587e+00
16415,7.649533e+00
16416,7.666399e+00
16417,7.673152e+00
16418,7.676290e+00
16419,7.683669e+00
16420,7.664147e+00
16421,7.673393e+00
16422,7.683648e+00
16423,7.694470e+00
16424,7.702064e+00
16425,7.703037e+00
16426,7.702515e+00
16427,7.711043e+00
16428,7.696676e+00
16429,7.675018e+00
16430,7.678904e+00
16431,7.708897e+00
16432,7.714099e+00
16433,7.720387e+00
16434,7.717670e+00
16435,7.716773e+00
16436,7.722913e+00
16437,7.726292e+00
16438,7.726453e+00
16439,7.724746e+00
16440,7.714275e+00
16441,7.727951e+00
16442,7.723618e+00
16443,7.735895e+00
16444,7.732014e+00
16445,7.726926e+00
16446,7.722289e+00
16447,7.716969e+00
16448,7.391273e+00
16449,7.707397e+00
16450,7.692078e+00
16451,7.680710e+00
16452,7.644620e+00
16453,7.606883e+00
16454,7.526336e+00
16455,7.599033e+00
16456,7.620710e+00
16457,7.602127e+00
16458,7.636295e+00
16459,7.629434e+00
16460,7.639976e+00
16461,7.623864e+00
16462,7.624941e+00
16463,7.647747e+00
16464,7.649276e+00
16465,7.650810e+00
16466,7.656715e+00
16467,7.642234e+00
16468,7.663217e+00
16469,7.648746e+00
16470,7.614743e+00
16471,7.677527e+00
16472,7.692316e+00
16473,7.689091e+00
16474,7.694549e+00
16475,7.703320e+00
16476,7.694685e+00
16477,7.705893e+00
16478,7.723615e+00
16479,7.721702e+00
16480,7.725582e+00
16481,7.727668e+00
16482,7.740933e+00
16483,7.747207e+00
16484,7.748005e+00
16485,7.754647e+00
16486,7.754457e+00
16487,7.751685e+00
16488,7.752172e+00
16489,7.752763e+00
16490,7.759043e+00
16491,7.760642e+00
16492,7.753609e+00
16493,7.753039e+00
16494,7.745411e+00
16495,7.737558e+00
16496,7.754938e+00
16497,7.749299e+00
16498,7.744779e+00
16499,7.740779e+00
16500,7.731109e+00
16501,7.723083e+00
16502,7.718225e+00
16503,7.712824e+00
16504,7.707723e+00
16505,7.700820e+00
16506,7.690431e+00
16507,7.667591e+00
16508,7.659557e+00
16509,7.649096e+00
16510,7.629937e+00
16511,7.612508e+00
16512,7.159217e+00
16513,7.564452e+00
16514,7.537680e+00
16515,7.521040e+00
16516,7.479106e+00
16517,7.437749e+00
16518,7.366755e+00
16519,7.422840e+00
16520,7.458493e+00
16521,7.436917e+00
16522,7.468125e+00
16523,7.455709e+00
16524,7.475756e+00
16525,7.401007e+00
16526,7.387628e+00
16527,7.424208e+00
16528,7.429159e+00
16529,7.467504e+00
16530,7.516206e+00
16531,7.531137e+00
16532,7.541212e+00
16533,7.506046e+00
16534,7.566928e+00
16535,7.571306e+00
16536,7.623491e+00
16537,7.615553e+00
16538,7.661032e+00
16539,7.678583e+00
16540,7.685583e+00
16541,7.685156e+00
16542,7.713464e+00
16543,7.721724e+00
16544,7.747382e+00
16545,7.757329e+00
16546,7.766943e+00
16547,7.776366e+00
16548,7.769512e+00
16549,7.783740e+00
16550,7.785416e+00
16551,7.804094e+00
16552,7.813243e+00
16553,7.817804e+00
16554,7.818700e+00
16555,7.822208e+00
16556,7.814383e+00
16557,7.813638e+00
16558,7.803961e+00
16559,7.831292e+00
16560,7.832742e+00
16561,7.813926e+00
16562,7.819708e+00
16563,7.815862e+00
16564,7.821345e+00
16565,7.822987e+00
16566,7.821605e+00
16567,7.818008e+00
16568,7.813377e+00
16569,7.807485e+00
16570,7.803206e+00
16571,7.803267e+00
16572,7.796222e+00
16573,7.790549e+00
16574,7.786419e+00
16575,7.767169e+00
16576,7.473618e+00
16577,7.755721e+00
16578,7.741090e+00
16579,7.725429e+00
16580,7.691923e+00
16581,7.638716e+00
16582,7.588818e+00
16583,7.611161e+00
16584,7.645758e+00
16585,7.633692e+00
16586,7.671446e+00
16587,7.652572e+00
16588,7.670721e+00
16589,7.656274e+00
16590,7.667441e+00
16591,7.694340e+00
16592,7.689848e+00
16593,7.689266e+00
16594,7.706121e+00
16595,7.706588e+00
16596,7.694450e+00
16597,7.709116e+00
16598,7.633705e+00
16599,7.722812e+00
16600,7.735359e+00
16601,7.725830e+00
16602,7.733636e+00
16603,7.743858e+00
16604,7.743982e+00
16605,7.745290e+00
16606,7.769372e+00
16607,7.759281e+00
16608,7.759585e+00
16609,7.761472e+00
16610,7.771228e+00
16611,7.777441e+00
16612,7.768131e+00
16613,7.778902e+00
16614,7.768619e+00
16615,7.769685e+00
16616,7.759078e+00
16617,7.758093e+00
16618,7.761589e+00
16619,7.761229e+00
16620,7.750353e+00
16621,7.745213e+00
16622,7.739500e+00
16623,7.730963e+00
16624,7.740807e+00
16625,7.730014e+00
16626,7.719815e+00
16627,7.710048e+00
16628,7.700402e+00
16629,7.679694e+00
16630,7.671240e+00
16631,7.663500e+00
16632,7.664929e+00
16633,7.658267e+00
16634,7.642424e+00
16635,7.613575e+00
16636,7.604820e+00
16637,7.594148e+00
16638,7.585681e+00
16639,7.572461e+00
16640,7.094915e+00
16641,7.532294e+00
16642,7.512416e+00
16643,7.502999e+00
16644,7.469276e+00
16645,7.418564e+00
16646,7.395513e+00
16647,7.419035e+00
16648,7.476748e+00
16649,7.468606e+00
16650,7.492149e+00
16651,7.472396e+00
16652,7.499293e+00
16653,7.463894e+00
16654,7.479249e+00
16655,7.490393e+00
16656,7.498375e+00
16657,7.546085e+00
16658,7.582207e+00
16659,7.599198e+00
16660,7.575861e+00
16661,7.581244e+00
16662,7.605286e+00
16663,7.637573e+00
16664,7.656928e+00
16665,7.657412e+00
16666,7.682931e+00
16667,7.710682e+00
16668,7.718523e+00
16669,7.714885e+00
16670,7.743191e+00
16671,7.744194e+00
16672,7.766793e+00
16673,7.777656e+00
16674,7.788128e+00
16675,7.798485e+00
16676,7.798687e+00
16677,7.812505e+00
16678,7.814371e+00
16679,7.827051e+00
16680,7.830599e+00
16681,7.836745e+00
16682,7.839297e+00
16683,7.835947e+00
16684,7.831088e+00
16685,7.836142e+00
16686,7.825770e+00
16687,7.851274e+00
16688,7.850688e+00
16689,7.839116e+00
16690,7.838580e+00
16691,7.838741e+00
16692,7.845992e+00
16693,7.847821e+00
16694,7.844208e+00
16695,7.840876e+00
16696,7.837676e+00
16697,7.827612e+00
16698,7.824822e+00
16699,7.815779e+00
16700,7.812217e+00
16701,7.806678e+00
16702,7.795857e+00
16703,7.772886e+00
16704,7.499321e+00
16705,7.754811e+00
16706,7.744223e+00
16707,7.731097e+00
16708,7.704824e+00
16709,7.633280e+00
16710,7.608996e+00
16711,7.602300e+00
16712,7.654986e+00
16713,7.636013e+00
16714,7.672526e+00
16715,7.643158e+00
16716,7.663533e+00
16717,7.643490e+00
16718,7.651339e+00
16719,7.670710e+00
16720,7.659961e+00
16721,7.671031e+00
16722,7.667148e+00
16723,7.669321e+00
16724,7.616974e+00
16725,7.642775e+00
16726,7.570387e+00
16727,7.613014e+00
16728,7.648742e+00
16729,7.640777e+00
16730,7.629026e+00
16731,7.674867e+00
16732,7.682872e+00
16733,7.672900e+00
16734,7.695170e+00
16735,7.690874e+00
16736,7.684976e+00
16737,7.691042e+00
16738,7.704224e+00
16739,7.709483e+00
16740,7.700572e+00
16741,7.700550e+00
16742,7.690210e+00
16743,7.709827e+00
16744,7.690587e+00
16745,7.691050e+00
16746,7.691114e+00
16747,7.690293e+00
16748,7.679575e+00
16749,7.669624e+00
16750,7.671833e+00
16751,7.669296e+00
16752,7.661990e+00
16753,7.661604e+00
16754,7.656163e+00
16755,7.651064e+00
16756,7.646980e+00
16757,7.641119e+00
16758,7.634864e+00
16759,7.630789e+00
16760,7.628618e+00
16761,7.621808e+00
16762,7.597821e+00
16763,7.587310e+00
16764,7.574063e+00
16765,7.574616e+00
16766,7.568680e+00
16767,7.558715e+00
16768,7.080500e+00
16769,7.529291e+00
16770,7.511824e+00
16771,7.501511e+00
16772,7.483410e+00
16773,7.407271e+00
16774,7.423755e+00
16775,7.411773e+00
16776,7.486849e+00
16777,7.483693e+00
16778,7.514207e+00
16779,7.500675e+00
16780,7.533992e+00
16781,7.516771e+00
16782,7.541061e+00
16783,7.549614e+00
16784,7.551418e+00
16785,7.590415e+00
16786,7.593304e+00
16787,7.614463e+00
16788,7.595864e+00
16789,7.574879e+00
16790,7.633649e+00
16791,7.629338e+00
16792,7.665540e+00
16793,7.671968e+00
16794,7.666815e+00
16795,7.706837e+00
16796,7.722380e+00
16797,7.728149e+00
16798,7.746095e+00
16799,7.740558e+00
16800,7.776627e+00
16801,7.790993e+00
16802,7.793557e+00
16803,7.805337e+00
16804,7.809672e+00
16805,7.824054e+00
16806,7.827010e+00
16807,7.838718e+00
16808,7.842840e+00
16809,7.845934e+00
16810,7.846488e+00
16811,7.842537e+00
16812,7.838505e+00
16813,7.845918e+00
16814,7.843428e+00
16815,7.844573e+00
16816,7.846669e+00
16817,7.835617e+00
16818,7.833717e+00
16819,7.842520e+00
16820,7.840744e+00
16821,7.839561e+00
16822,7.836400e+00
16823,7.831471e+00
16824,7.828580e+00
16825,7.818875e+00
16826,7.813872e+00
16827,7.807779e+00
16828,7.798409e+00
16829,7.790610e+00
16830,7.776367e+00
16831,7.757446e+00
16832,7.462578e+00
16833,7.738073e+00
16834,7.728859e+00
16835,7.715059e+00
16836,7.700593e+00
16837,7.598862e+00
16838,7.621090e+00
16839,7.570848e+00
16840,7.642282e+00
16841,7.632219e+00
16842,7.668193e+00
16843,7.633119e+00
16844,7.658901e+00
16845,7.641506e+00
16846,7.666072e+00
16847,7.684320e+00
16848,7.680749e+00
16849,7.698178e+00
16850,7.678560e+00
16851,7.686974e+00
16852,7.654462e+00
16853,7.656777e+00
16854,7.652300e+00
16855,7.629558e+00
16856,7.688431e+00
16857,7.687536e+00
16858,7.680640e+00
16859,7.729211e+00
16860,7.736968e+00
16861,7.740866e+00
16862,7.737763e+00
16863,7.750242e+00
16864,7.756957e+00
16865,7.765249e+00
16866,7.768146e+00
16867,7.775971e+00
16868,7.773765e+00
16869,7.766904e+00
16870,7.766539e+00
16871,7.762661e+00
16872,7.738181e+00
16873,7.748888e+00
16874,7.745975e+00
16875,7.745798e+00
16876,7.737805e+00
16877,7.726869e+00
16878,7.733340e+00
16879,7.730309e+00
16880,7.692217e+00
16881,7.708110e+00
16882,7.705672e+00
16883,7.699985e+00
16884,7.701579e+00
16885,7.692644e+00
16886,7.686308e+00
16887,7.682285e+00
16888,7.677464e+00
16889,7.669636e+00
16890,7.656665e+00
16891,7.646243e+00
16892,7.625001e+00
16893,7.631568e+00
16894,7.620884e+00
16895,7.617715e+00
16896,7.179031e+00
16897,7.596103e+00
16898,7.574266e+00
16899,7.560781e+00
16900,7.557257e+00
16901,7.469745e+00
16902,7.502488e+00
16903,7.478890e+00
16904,7.561470e+00
16905,7.548526e+00
16906,7.584914e+00
16907,7.572882e+00
16908,7.598481e+00
16909,7.584650e+00
16910,7.608254e+00
16911,7.613798e+00
16912,7.616656e+00
16913,7.647413e+00
16914,7.645488e+00
16915,7.661854e+00
16916,7.662717e+00
16917,7.611783e+00
16918,7.674976e+00
16919,7.678995e+00
16920,7.680800e+00
16921,7.689098e+00
16922,7.720791e+00
16923,7.715250e+00
16924,7.731918e+00
16925,7.746804e+00
16926,7.750959e+00
16927,7.742484e+00
16928,7.762966e+00
16929,7.776363e+00
16930,7.783804e+00
16931,7.777424e+00
16932,7.781657e+00
16933,7.809680e+00
16934,7.817124e+00
16935,7.819671e+00
16936,7.818026e+00
16937,7.824830e+00
16938,7.823883e+00
16939,7.813738e+00
16940,7.806344e+00
16941,7.816070e+00
16942,7.817242e+00
16943,7.810957e+00
16944,7.808132e+00
16945,7.801383e+00
16946,7.790793e+00
16947,7.807494e+00
16948,7.807496e+00
16949,7.802070e+00
16950,7.797205e+00
16951,7.790739e+00
16952,7.785603e+00
16953,7.767497e+00
16954,7.762464e+00
16955,7.753221e+00
16956,7.744904e+00
16957,7.736687e+00
16958,7.724126e+00
16959,7.708489e+00
16960,7.371631e+00
16961,7.686136e+00
16962,7.670513e+00
16963,7.658026e+00
16964,7.647683e+00
16965,7.535704e+00
16966,7.567363e+00
16967,7.507820e+00
16968,7.584309e+00
16969,7.557649e+00
16970,7.607967e+00
16971,7.585288e+00
16972,7.603349e+00
16973,7.576334e+00
16974,7.610182e+00
16975,7.628349e+00
16976,7.619432e+00
16977,7.621367e+00
16978,7.602130e+00
16979,7.613392e+00
16980,7.627449e+00
16981,7.606221e+00
16982,7.648414e+00
16983,7.619237e+00
16984,7.653856e+00
16985,7.659290e+00
16986,7.678329e+00
16987,7.696231e+00
16988,7.708368e+00
16989,7.720034e+00
16990,7.714060e+00
16991,7.725555e+00
16992,7.699241e+00
16993,7.719606e+00
16994,7.726224e+00
16995,7.724402e+00
16996,7.723716e+00
16997,7.723728e+00
16998,7.734608e+00
16999,7.724050e+00
17000,7.720164e+00
17001,7.721226e+00
17002,7.725613e+00
17003,7.741334e+00
17004,7.742662e+00
17005,7.731385e+00
17006,7.743415e+00
17007,7.736720e+00
17008,7.710459e+00
17009,7.730383e+00
17010,7.735481e+00
17011,7.733783e+00
17012,7.735711e+00
17013,7.724062e+00
17014,7.727111e+00
17015,7.723858e+00
17016,7.716871e+00
17017,7.709625e+00
17018,7.698450e+00
17019,7.690942e+00
17020,7.684199e+00
17021,7.668777e+00
17022,7.655204e+00
17023,7.649656e+00
17024,7.257175e+00
17025,7.623609e+00
17026,7.616904e+00
17027,7.599341e+00
17028,7.606285e+00
17029,7.523020e+00
17030,7.529479e+00
17031,7.533455e+00
17032,7.608033e+00
17033,7.571989e+00
17034,7.625819e+00
17035,7.621789e+00
17036,7.639682e+00
17037,7.616000e+00
17038,7.647150e+00
17039,7.656570e+00
17040,7.659273e+00
17041,7.678859e+00
17042,7.668584e+00
17043,7.684342e+00
17044,7.681575e+00
17045,7.635068e+00
17046,7.696403e+00
17047,7.702465e+00
17048,7.686546e+00
17049,7.695926e+00
17050,7.727085e+00
17051,7.712330e+00
17052,7.724222e+00
17053,7.727170e+00
17054,7.743849e+00
17055,7.743761e+00
17056,7.733806e+00
17057,7.754097e+00
17058,7.761476e+00
17059,7.749222e+00
17060,7.756247e+00
17061,7.772630e+00
17062,7.784843e+00
17063,7.796844e+00
17064,7.799544e+00
17065,7.800825e+00
17066,7.802873e+00
17067,7.804645e+00
17068,7.802828e+00
17069,7.812920e+00
17070,7.813841e+00
17071,7.797551e+00
17072,7.797484e+00
17073,7.784831e+00
17074,7.778981e+00
17075,7.790825e+00
17076,7.786532e+00
17077,7.778325e+00
17078,7.767267e+00
17079,7.761303e+00
17080,7.749633e+00
17081,7.726953e+00
17082,7.720418e+00
17083,7.713177e+00
17084,7.707208e+00
17085,7.698943e+00
17086,7.684586e+00
17087,7.666608e+00
17088,7.300284e+00
17089,7.642093e+00
17090,7.631388e+00
17091,7.613731e+00
17092,7.607383e+00
17093,7.499385e+00
17094,7.524987e+00
17095,7.495477e+00
17096,7.572865e+00
17097,7.528125e+00
17098,7.609659e+00
17099,7.607011e+00
17100,7.622196e+00
17101,7.595404e+00
17102,7.644207e+00
17103,7.664203e+00
17104,7.662002e+00
17105,7.677726e+00
17106,7.679874e+00
17107,7.679147e+00
17108,7.712877e+00
17109,7.703868e+00
17110,7.711041e+00
17111,7.722194e+00
17112,7.721227e+00
17113,7.748311e+00
17114,7.752364e+00
17115,7.766584e+00
17116,7.782244e+00
17117,7.788369e+00
17118,7.796071e+00
17119,7.797157e+00
17120,7.777608e+00
17121,7.795959e+00
17122,7.789901e+00
17123,7.806811e+00
17124,7.810655e+00
17125,7.799592e+00
17126,7.813529e+00
17127,7.811332e+00
17128,7.819088e+00
17129,7.808908e+00
17130,7.811891e+00
17131,7.811382e+00
17132,7.810522e+00
17133,7.807644e+00
17134,7.799901e+00
17135,7.778083e+00
17136,7.753546e+00
17137,7.761890e+00
17138,7.776942e+00
17139,7.773935e+00
17140,7.761063e+00
17141,7.741894e+00
17142,7.735306e+00
17143,7.735582e+00
17144,7.727200e+00
17145,7.717234e+00
17146,7.704961e+00
17147,7.693043e+00
17148,7.690907e+00
17149,7.670754e+00
17150,7.662062e+00
17151,7.647601e+00
17152,7.258141e+00
17153,7.629530e+00
17154,7.622375e+00
17155,7.601651e+00
17156,7.617553e+00
17157,7.540585e+00
17158,7.515092e+00
17159,7.543910e+00
17160,7.614795e+00
17161,7.559227e+00
17162,7.623005e+00
17163,7.625770e+00
17164,7.637851e+00
17165,7.610314e+00
17166,7.646969e+00
17167,7.645698e+00
17168,7.649033e+00
17169,7.664859e+00
17170,7.657273e+00
17171,7.666204e+00
17172,7.671729e+00
17173,7.631720e+00
17174,7.666994e+00
17175,7.693110e+00
17176,7.644596e+00
17177,7.666069e+00
17178,7.678735e+00
17179,7.663476e+00
17180,7.665270e+00
17181,7.675775e+00
17182,7.715191e+00
17183,7.726261e+00
17184,7.711629e+00
17185,7.741556e+00
17186,7.742436e+00
17187,7.749251e+00
17188,7.765020e+00
17189,7.771547e+00
17190,7.792905e+00
17191,7.798114e+00
17192,7.799000e+00
17193,7.800773e+00
17194,7.804415e+00
17195,7.796256e+00
17196,7.792571e+00
17197,7.782920e+00
17198,7.777977e+00
17199,7.752546e+00
17200,7.751976e+00
17201,7.746287e+00
17202,7.738501e+00
17203,7.769482e+00
17204,7.768210e+00
17205,7.763078e+00
17206,7.757676e+00
17207,7.755633e+00
17208,7.751442e+00
17209,7.743987e+00
17210,7.733625e+00
17211,7.731013e+00
17212,7.727761e+00
17213,7.721055e+00
17214,7.702820e+00
17215,7.700270e+00
17216,7.349979e+00
17217,7.684936e+00
17218,7.678428e+00
17219,7.669019e+00
17220,7.662671e+00
17221,7.583609e+00
17222,7.574893e+00
17223,7.595295e+00
17224,7.651084e+00
17225,7.583781e+00
17226,7.675755e+00
17227,7.674067e+00
17228,7.681727e+00
17229,7.655731e+00
17230,7.699735e+00
17231,7.695616e+00
17232,7.689349e+00
17233,7.714342e+00
17234,7.717218e+00
17235,7.714354e+00
17236,7.738176e+00
17237,7.739769e+00
17238,7.714621e+00
17239,7.741228e+00
17240,7.739727e+00
17241,7.762189e+00
17242,7.756498e+00
17243,7.763398e+00
17244,7.780214e+00
17245,7.785166e+00
17246,7.791671e+00
17247,7.794709e+00
17248,7.789080e+00
17249,7.792969e+00
17250,7.779678e+00
17251,7.790902e+00
17252,7.792762e+00
17253,7.783425e+00
17254,7.781851e+00
17255,7.765730e+00
17256,7.776904e+00
17257,7.776803e+00
17258,7.777822e+00
17259,7.767210e+00
17260,7.765522e+00
17261,7.756688e+00
17262,7.746385e+00
17263,7.726305e+00
17264,7.711233e+00
17265,7.697736e+00
17266,7.732366e+00
17267,7.732589e+00
17268,7.723343e+00
17269,7.713597e+00
17270,7.701348e+00
17271,7.716204e+00
17272,7.713236e+00
17273,7.707476e+00
17274,7.699712e+00
17275,7.693585e+00
17276,7.686754e+00
17277,7.664084e+00
17278,7.662938e+00
17279,7.653002e+00
17280,7.246461e+00
17281,7.633848e+00
17282,7.619417e+00
17283,7.603853e+00
17284,7.601273e+00
17285,7.545416e+00
17286,7.479998e+00
17287,7.533368e+00
17288,7.592669e+00
17289,7.512034e+00
17290,7.584626e+00
17291,7.577888e+00
17292,7.582187e+00
17293,7.556591e+00
17294,7.580511e+00
17295,7.561277e+00
17296,7.569997e+00
17297,7.597049e+00
17298,7.600346e+00
17299,7.604107e+00
17300,7.623324e+00
17301,7.604511e+00
17302,7.609526e+00
17303,7.655559e+00
17304,7.626417e+00
17305,7.659916e+00
17306,7.652304e+00
17307,7.683001e+00
17308,7.672652e+00
17309,7.692564e+00
17310,7.723509e+00
17311,7.757080e+00
17312,7.760858e+00
17313,7.770163e+00
17314,7.772473e+00
17315,7.795458e+00
17316,7.806024e+00
17317,7.812705e+00
17318,7.819025e+00
17319,7.802841e+00
17320,7.808835e+00
17321,7.809686e+00
17322,7.821171e+00
17323,7.818916e+00
17324,7.816444e+00
17325,7.813316e+00
17326,7.809527e+00
17327,7.812147e+00
17328,7.796263e+00
17329,7.800618e+00
17330,7.794427e+00
17331,7.803489e+00
17332,7.801712e+00
17333,7.803037e+00
17334,7.800450e+00
17335,7.797439e+00
17336,7.790698e+00
17337,7.784222e+00
17338,7.774805e+00
17339,7.768398e+00
17340,7.755982e+00
17341,7.739334e+00
17342,7.717453e+00
17343,7.707666e+00
17344,7.354365e+00
17345,7.693916e+00
17346,7.686148e+00
17347,7.675771e+00
17348,7.668872e+00
17349,7.584139e+00
17350,7.552110e+00
17351,7.589187e+00
17352,7.640085e+00
17353,7.575360e+00
17354,7.664094e+00
17355,7.658566e+00
17356,7.672303e+00
17357,7.655828e+00
17358,7.691734e+00
17359,7.675750e+00
17360,7.677578e+00
17361,7.707703e+00
17362,7.707937e+00
17363,7.715336e+00
17364,7.741468e+00
17365,7.748023e+00
17366,7.726543e+00
17367,7.748093e+00
17368,7.762780e+00
17369,7.781972e+00
17370,7.785547e+00
17371,7.782410e+00
17372,7.809330e+00
17373,7.818874e+00
17374,7.822287e+00
17375,7.829096e+00
17376,7.831970e+00
17377,7.821064e+00
17378,7.813008e+00
17379,7.820049e+00
17380,7.815457e+00
17381,7.800538e+00
17382,7.782610e+00
17383,7.767007e+00
17384,7.792194e+00
17385,7.798827e+00
17386,7.796368e+00
17387,7.789255e+00
17388,7.788690e+00
17389,7.783378e+00
17390,7.784114e+00
17391,7.770446e+00
17392,7.766829e+00
17393,7.747194e+00
17394,7.784294e+00
17395,7.775624e+00
17396,7.752652e+00
17397,7.743266e+00
17398,7.737578e+00
17399,7.731536e+00
17400,7.724570e+00
17401,7.715268e+00
17402,7.704753e+00
17403,7.695862e+00
17404,7.690246e+00
17405,7.674677e+00
17406,7.664715e+00
17407,7.652570e+00
17408,7.263882e+00
17409,7.640371e+00
17410,7.632431e+00
17411,7.624917e+00
17412,7.610768e+00
17413,7.568811e+00
17414,7.492206e+00
17415,7.554639e+00
17416,7.622955e+00
17417,7.549629e+00
17418,7.619438e+00
17419,7.607457e+00
17420,7.627862e+00
17421,7.620752e+00
17422,7.642951e+00
17423,7.620431e+00
17424,7.640416e+00
17425,7.675880e+00
17426,7.685042e+00
17427,7.690483e+00
17428,7.699474e+00
17429,7.696076e+00
17430,7.664454e+00
17431,7.724920e+00
17432,7.713129e+00
17433,7.742308e+00
17434,7.730704e+00
17435,7.756754e+00
17436,7.757610e+00
17437,7.775771e+00
17438,7.781210e+00
17439,7.815326e+00
17440,7.817975e+00
17441,7.816931e+00
17442,7.823713e+00
17443,7.824963e+00
17444,7.832419e+00
17445,7.835936e+00
17446,7.836058e+00
17447,7.831160e+00
17448,7.832842e+00
17449,7.828593e+00
17450,7.842085e+00
17451,7.833677e+00
17452,7.836959e+00
17453,7.832886e+00
17454,7.827666e+00
17455,7.823286e+00
17456,7.813323e+00
17457,7.813817e+00
17458,7.802852e+00
17459,7.777657e+00
17460,7.774624e+00
17461,7.776068e+00
17462,7.772904e+00
17463,7.763777e+00
17464,7.760694e+00
17465,7.752224e+00
17466,7.742957e+00
17467,7.733742e+00
17468,7.722885e+00
17469,7.708605e+00
17470,7.692158e+00
17471,7.674607e+00
17472,7.306875e+00
17473,7.663851e+00
17474,7.658339e+00
17475,7.650920e+00
17476,7.645627e+00
17477,7.571701e+00
17478,7.515636e+00
17479,7.571903e+00
17480,7.611174e+00
17481,7.557334e+00
17482,7.639741e+00
17483,7.627447e+00
17484,7.644577e+00
17485,7.633532e+00
17486,7.655991e+00
17487,7.622978e+00
17488,7.633426e+00
17489,7.663414e+00
17490,7.665044e+00
17491,7.681158e+00
17492,7.669395e+00
17493,7.690991e+00
17494,7.639654e+00
17495,7.661848e+00
17496,7.679517e+00
17497,7.691680e+00
17498,7.709891e+00
17499,7.702690e+00
17500,7.727197e+00
17501,7.741510e+00
17502,7.739567e+00
17503,7.741202e+00
17504,7.743477e+00
17505,7.751377e+00
17506,7.751854e+00
17507,7.745472e+00
17508,7.750763e+00
17509,7.747486e+00
17510,7.724876e+00
17511,7.718720e+00
17512,7.737836e+00
17513,7.749240e+00
17514,7.767118e+00
17515,7.768852e+00
17516,7.768535e+00
17517,7.769780e+00
17518,7.757969e+00
17519,7.748809e+00
17520,7.745194e+00
17521,7.738218e+00
17522,7.730873e+00
17523,7.723288e+00
17524,7.701482e+00
17525,7.691383e+00
17526,7.690701e+00
17527,7.703905e+00
17528,7.704800e+00
17529,7.700125e+00
17530,7.696338e+00
17531,7.692105e+00
17532,7.687021e+00
17533,7.688317e+00
17534,7.688123e+00
17535,7.682393e+00
17536,7.330880e+00
17537,7.673996e+00
17538,7.665603e+00
17539,7.664494e+00
17540,7.662201e+00
17541,7.615565e+00
17542,7.550315e+00
17543,7.587675e+00
17544,7.658305e+00
17545,7.588065e+00
17546,7.657040e+00
17547,7.646132e+00
17548,7.668085e+00
17549,7.663162e+00
17550,7.671206e+00
17551,7.646750e+00
17552,7.669545e+00
17553,7.698043e+00
17554,7.700241e+00
17555,7.709141e+00
17556,7.710984e+00
17557,7.713869e+00
17558,7.683911e+00
17559,7.706395e+00
17560,7.722509e+00
17561,7.736478e+00
17562,7.731198e+00
17563,7.746109e+00
17564,7.751936e+00
17565,7.766839e+00
17566,7.764965e+00
17567,7.773454e+00
17568,7.774377e+00
17569,7.770397e+00
17570,7.781208e+00
17571,7.766360e+00
17572,7.774913e+00
17573,7.769064e+00
17574,7.775324e+00
17575,7.774603e+00
17576,7.758191e+00
17577,7.754318e+00
17578,7.762331e+00
17579,7.754632e+00
17580,7.757444e+00
17581,7.747157e+00
17582,7.738242e+00
17583,7.727892e+00
17584,7.721849e+00
17585,7.712674e+00
17586,7.700847e+00
17587,7.651447e+00
17588,7.661492e+00
17589,7.663808e+00
17590,7.664474e+00
17591,7.664722e+00
17592,7.663199e+00
17593,7.655733e+00
17594,7.651717e+00
17595,7.651851e+00
17596,7.644949e+00
17597,7.634806e+00
17598,7.620497e+00
17599,7.611349e+00
17600,7.199796e+00
17601,7.581641e+00
17602,7.579979e+00
17603,7.566302e+00
17604,7.555143e+00
17605,7.481108e+00
17606,7.420398e+00
17607,7.465946e+00
17608,7.516381e+00
17609,7.458298e+00
17610,7.514063e+00
17611,7.490967e+00
17612,7.513318e+00
17613,7.507084e+00
17614,7.521578e+00
17615,7.484815e+00
17616,7.502505e+00
17617,7.521896e+00
17618,7.531245e+00
17619,7.554780e+00
17620,7.540867e+00
17621,7.558834e+00
17622,7.545106e+00
17623,7.508682e+00
17624,7.579129e+00
17625,7.583044e+00
17626,7.615309e+00
17627,7.601077e+00
17628,7.646159e+00
17629,7.660069e+00
17630,7.651171e+00
17631,7.663894e+00
17632,7.676632e+00
17633,7.696825e+00
17634,7.707116e+00
17635,7.707688e+00
17636,7.718667e+00
17637,7.726125e+00
17638,7.727843e+00
17639,7.736535e+00
17640,7.745421e+00
17641,7.766678e+00
17642,7.784130e+00
17643,7.783448e+00
17644,7.785285e+00
17645,7.787111e+00
17646,7.774626e+00
17647,7.773929e+00
17648,7.777588e+00
17649,7.776001e+00
17650,7.756012e+00
17651,7.763052e+00
17652,7.754350e+00
17653,7.741606e+00
17654,7.750951e+00
17655,7.760397e+00
17656,7.762738e+00
17657,7.757962e+00
17658,7.752797e+00
17659,7.748762e+00
17660,7.735373e+00
17661,7.735229e+00
17662,7.724313e+00
17663,7.721848e+00
17664,7.400626e+00
17665,7.702296e+00
17666,7.690935e+00
17667,7.688857e+00
17668,7.673748e+00
17669,7.638300e+00
17670,7.547250e+00
17671,7.597177e+00
17672,7.650177e+00
17673,7.577687e+00
17674,7.645648e+00
17675,7.628251e+00
17676,7.655293e+00
17677,7.648840e+00
17678,7.649128e+00
17679,7.621936e+00
17680,7.649539e+00
17681,7.675172e+00
17682,7.676375e+00
17683,7.684032e+00
17684,7.686671e+00
17685,7.693881e+00
17686,7.677361e+00
17687,7.676889e+00
17688,7.696111e+00
17689,7.717329e+00
17690,7.719760e+00
17691,7.708544e+00
17692,7.728952e+00
17693,7.738444e+00
17694,7.726257e+00
17695,7.738486e+00
17696,7.741040e+00
17697,7.723361e+00
17698,7.730271e+00
17699,7.718599e+00
17700,7.734823e+00
17701,7.723234e+00
17702,7.728479e+00
17703,7.728346e+00
17704,7.713715e+00
17705,7.709720e+00
17706,7.685551e+00
17707,7.682017e+00
17708,7.696528e+00
17709,7.697362e+00
17710,7.690953e+00
17711,7.672642e+00
17712,7.673411e+00
17713,7.671468e+00
17714,7.656029e+00
17715,7.637628e+00
17716,7.638581e+00
17717,7.647631e+00
17718,7.659894e+00
17719,7.666459e+00
17720,7.650141e+00
17721,7.644913e+00
17722,7.640277e+00
17723,7.630582e+00
17724,7.624314e+00
17725,7.609553e+00
17726,7.594458e+00
17727,7.584213e+00
17728,7.170925e+00
17729,7.567837e+00
17730,7.562064e+00
17731,7.537581e+00
17732,7.526211e+00
17733,7.469631e+00
17734,7.384510e+00
17735,7.471952e+00
17736,7.527592e+00
17737,7.474764e+00
17738,7.538017e+00
17739,7.523119e+00
17740,7.547755e+00
17741,7.547746e+00
17742,7.567517e+00
17743,7.537860e+00
17744,7.560030e+00
17745,7.565930e+00
17746,7.570051e+00
17747,7.592675e+00
17748,7.588053e+00
17749,7.601026e+00
17750,7.595815e+00
17751,7.546520e+00
17752,7.616843e+00
17753,7.630955e+00
17754,7.643307e+00
17755,7.597417e+00
17756,7.663664e+00
17757,7.672251e+00
17758,7.668370e+00
17759,7.660667e+00
17760,7.677225e+00
17761,7.702194e+00
17762,7.714050e+00
17763,7.720181e+00
17764,7.731736e+00
17765,7.739273e+00
17766,7.741056e+00
17767,7.749844e+00
17768,7.758801e+00
17769,7.772593e+00
17770,7.768503e+00
17771,7.768533e+00
17772,7.770598e+00
17773,7.774733e+00
17774,7.776683e+00
17775,7.774381e+00
17776,7.782527e+00
17777,7.780895e+00
17778,7.774941e+00
17779,7.775635e+00
17780,7.767740e+00
17781,7.753817e+00
17782,7.764175e+00
17783,7.758241e+00
17784,7.752052e+00
17785,7.743832e+00
17786,7.741869e+00
17787,7.737770e+00
17788,7.723770e+00
17789,7.724949e+00
17790,7.719561e+00
17791,7.715537e+00
17792,7.382409e+00
17793,7.693635e+00
17794,7.680233e+00
17795,7.669147e+00
17796,7.643169e+00
17797,7.627696e+00
17798,7.519401e+00
17799,7.583656e+00
17800,7.626495e+00
17801,7.565926e+00
17802,7.630645e+00
17803,7.614205e+00
17804,7.646181e+00
17805,7.645595e+00
17806,7.650501e+00
17807,7.626995e+00
17808,7.655909e+00
17809,7.667844e+00
17810,7.661085e+00
17811,7.677910e+00
17812,7.660387e+00
17813,7.677043e+00
17814,7.662748e+00
17815,7.649866e+00
17816,7.676788e+00
17817,7.696982e+00
17818,7.703368e+00
17819,7.686365e+00
17820,7.698178e+00
17821,7.715119e+00
17822,7.714509e+00
17823,7.712243e+00
17824,7.722291e+00
17825,7.720228e+00
17826,7.711835e+00
17827,7.706016e+00
17828,7.714972e+00
17829,7.713379e+00
17830,7.724767e+00
17831,7.721959e+00
17832,7.712548e+00
17833,7.706575e+00
17834,7.673312e+00
17835,7.679535e+00
17836,7.688950e+00
17837,7.699085e+00
17838,7.701219e+00
17839,7.698690e+00
17840,7.687023e+00
17841,7.710381e+00
17842,7.700705e+00
17843,7.682681e+00
17844,7.688943e+00
17845,7.697537e+00
17846,7.700622e+00
17847,7.689752e+00
17848,7.658234e+00
17849,7.661676e+00
17850,7.657670e+00
17851,7.649902e+00
17852,7.647253e+00
17853,7.636037e+00
17854,7.626330e+00
17855,7.618025e+00
17856,7.216813e+00
17857,7.609020e+00
17858,7.602986e+00
17859,7.582326e+00
17860,7.568277e+00
17861,7.537822e+00
17862,7.405292e+00
17863,7.524272e+00
17864,7.542248e+00
17865,7.497779e+00
17866,7.555598e+00
17867,7.548869e+00
17868,7.570960e+00
17869,7.571947e+00
17870,7.580245e+00
17871,7.553483e+00
17872,7.580297e+00
17873,7.580287e+00
17874,7.588291e+00
17875,7.612807e+00
17876,7.615491e+00
17877,7.625739e+00
17878,7.618975e+00
17879,7.570778e+00
17880,7.640377e+00
17881,7.656626e+00
17882,7.657099e+00
17883,7.635554e+00
17884,7.680445e+00
17885,7.697248e+00
17886,7.704067e+00
17887,7.685746e+00
17888,7.714812e+00
17889,7.717464e+00
17890,7.748666e+00
17891,7.761738e+00
17892,7.767824e+00
17893,7.773828e+00
17894,7.780368e+00
17895,7.787716e+00
17896,7.789115e+00
17897,7.798777e+00
17898,7.796192e+00
17899,7.800666e+00
17900,7.796438e+00
17901,7.795467e+00
17902,7.793963e+00
17903,7.790111e+00
17904,7.788934e+00
17905,7.789865e+00
17906,7.777224e+00
17907,7.772169e+00
17908,7.767384e+00
17909,7.758099e+00
17910,7.742968e+00
17911,7.709071e+00
17912,7.708252e+00
17913,7.694265e+00
17914,7.685807e+00
17915,7.680956e+00
17916,7.678235e+00
17917,7.671084e+00
17918,7.676821e+00
17919,7.681873e+00
17920,7.328236e+00
17921,7.666373e+00
17922,7.654332e+00
17923,7.640193e+00
17924,7.614633e+00
17925,7.604860e+00
17926,7.485683e+00
17927,7.563212e+00
17928,7.602900e+00
17929,7.546587e+00
17930,7.593332e+00
17931,7.582773e+00
17932,7.622197e+00
17933,7.622056e+00
17934,7.628627e+00
17935,7.616447e+00
17936,7.648095e+00
17937,7.651366e+00
17938,7.644959e+00
17939,7.667467e+00
17940,7.665534e+00
17941,7.665595e+00
17942,7.687009e+00
17943,7.664416e+00
17944,7.674921e+00
17945,7.703628e+00
17946,7.697055e+00
17947,7.686069e+00
17948,7.694816e+00
17949,7.718610e+00
17950,7.719522e+00
17951,7.717461e+00
17952,7.725665e+00
17953,7.719600e+00
17954,7.719980e+00
17955,7.720349e+00
17956,7.705311e+00
17957,7.717017e+00
17958,7.718715e+00
17959,7.717266e+00
17960,7.711410e+00
17961,7.691880e+00
17962,7.661878e+00
17963,7.677694e+00
17964,7.680626e+00
17965,7.698376e+00
17966,7.701060e+00
17967,7.699530e+00
17968,7.695388e+00
17969,7.700989e+00
17970,7.687471e+00
17971,7.655362e+00
17972,7.660818e+00
17973,7.676064e+00
17974,7.676399e+00
17975,7.666094e+00
17976,7.647706e+00
17977,7.639039e+00
17978,7.650804e+00
17979,7.657948e+00
17980,7.654851e+00
17981,7.650489e+00
17982,7.645166e+00
17983,7.638861e+00
17984,7.265677e+00
17985,7.638272e+00
17986,7.630352e+00
17987,7.613550e+00
17988,7.589586e+00
17989,7.581133e+00
17990,7.412327e+00
17991,7.544995e+00
17992,7.572520e+00
17993,7.535255e+00
17994,7.566159e+00
17995,7.558888e+00
17996,7.582624e+00
17997,7.584685e+00
17998,7.580603e+00
17999,7.561438e+00
18000,7.588909e+00
18001,7.582258e+00
18002,7.584803e+00
18003,7.609788e+00
18004,7.613459e+00
18005,7.612805e+00
18006,7.620727e+00
18007,7.564192e+00
18008,7.622668e+00
18009,7.642200e+00
18010,7.627938e+00
18011,7.616547e+00
18012,7.659585e+00
18013,7.674296e+00
18014,7.674661e+00
18015,7.673258e+00
18016,7.696994e+00
18017,7.677890e+00
18018,7.706048e+00
18019,7.711366e+00
18020,7.722892e+00
18021,7.724522e+00
18022,7.720769e+00
18023,7.731211e+00
18024,7.735069e+00
18025,7.734260e+00
18026,7.730358e+00
18027,7.737458e+00
18028,7.732281e+00
18029,7.735247e+00
18030,7.730488e+00
18031,7.730235e+00
18032,7.731694e+00
18033,7.726881e+00
18034,7.721771e+00
18035,7.717944e+00
18036,7.716592e+00
18037,7.713961e+00
18038,7.698211e+00
18039,7.675799e+00
18040,7.673834e+00
18041,7.677826e+00
18042,7.675321e+00
18043,7.682785e+00
18044,7.681356e+00
18045,7.678317e+00
18046,7.680501e+00
18047,7.670252e+00
18048,7.278639e+00
18049,7.647115e+00
18050,7.630938e+00
18051,7.613826e+00
18052,7.581209e+00
18053,7.561541e+00
18054,7.434136e+00
18055,7.503378e+00
18056,7.530900e+00
18057,7.467091e+00
18058,7.495831e+00
18059,7.488303e+00
18060,7.539317e+00
18061,7.538185e+00
18062,7.537164e+00
18063,7.521884e+00
18064,7.553540e+00
18065,7.552036e+00
18066,7.549193e+00
18067,7.567816e+00
18068,7.560326e+00
18069,7.556318e+00
18070,7.584519e+00
18071,7.577842e+00
18072,7.556426e+00
18073,7.588898e+00
18074,7.592389e+00
18075,7.600451e+00
18076,7.588435e+00
18077,7.628418e+00
18078,7.632837e+00
18079,7.646621e+00
18080,7.653706e+00
18081,7.650825e+00
18082,7.660614e+00
18083,7.664794e+00
18084,7.664710e+00
18085,7.672811e+00
18086,7.659963e+00
18087,7.669115e+00
18088,7.667887e+00
18089,7.655902e+00
18090,7.648905e+00
18091,7.658893e+00
18092,7.662275e+00
18093,7.687790e+00
18094,7.692739e+00
18095,7.693452e+00
18096,7.693607e+00
18097,7.692795e+00
18098,7.691886e+00
18099,7.686061e+00
18100,7.663636e+00
18101,7.693727e+00
18102,7.694475e+00
18103,7.693114e+00
18104,7.692653e+00
18105,7.681951e+00
18106,7.693769e+00
18107,7.699226e+00
18108,7.701164e+00
18109,7.698397e+00
18110,7.694231e+00
18111,7.683729e+00
18112,7.324791e+00
18113,7.669452e+00
18114,7.656448e+00
18115,7.636164e+00
18116,7.603881e+00
18117,7.587810e+00
18118,7.445611e+00
18119,7.495943e+00
18120,7.555856e+00
18121,7.533315e+00
18122,7.528199e+00
18123,7.513290e+00
18124,7.546960e+00
18125,7.548058e+00
18126,7.541196e+00
18127,7.528614e+00
18128,7.554882e+00
18129,7.548387e+00
18130,7.555708e+00
18131,7.582297e+00
18132,7.585012e+00
18133,7.588469e+00
18134,7.592264e+00
18135,7.565661e+00
18136,7.581992e+00
18137,7.619387e+00
18138,7.600857e+00
18139,7.605180e+00
18140,7.611010e+00
18141,7.647722e+00
18142,7.655008e+00
18143,7.654698e+00
18144,7.675859e+00
18145,7.666144e+00
18146,7.694634e+00
18147,7.702106e+00
18148,7.702508e+00
18149,7.706915e+00
18150,7.705842e+00
18151,7.720920e+00
18152,7.725482e+00
18153,7.727442e+00
18154,7.731194e+00
18155,7.728122e+00
18156,7.725570e+00
18157,7.731701e+00
18158,7.721028e+00
18159,7.724969e+00
18160,7.726284e+00
18161,7.723164e+00
18162,7.711507e+00
18163,7.711490e+00
18164,7.710222e+00
18165,7.704979e+00
18166,7.694376e+00
18167,7.680867e+00
18168,7.678374e+00
18169,7.679226e+00
18170,7.676833e+00
18171,7.671937e+00
18172,7.649297e+00
18173,7.643659e+00
18174,7.633342e+00
18175,7.616445e+00
18176,7.205343e+00
18177,7.587937e+00
18178,7.560239e+00
18179,7.532058e+00
18180,7.503377e+00
18181,7.491624e+00
18182,7.362308e+00
18183,7.408170e+00
18184,7.452680e+00
18185,7.411624e+00
18186,7.402679e+00
18187,7.416919e+00
18188,7.503917e+00
18189,7.503580e+00
18190,7.494324e+00
18191,7.488513e+00
18192,7.537262e+00
18193,7.541704e+00
18194,7.556218e+00
18195,7.583313e+00
18196,7.589276e+00
18197,7.592014e+00
18198,7.619421e+00
18199,7.636275e+00
18200,7.602643e+00
18201,7.650153e+00
18202,7.659711e+00
18203,7.677754e+00
18204,7.670697e+00
18205,7.707154e+00
18206,7.707845e+00
18207,7.733361e+00
18208,7.741562e+00
18209,7.748329e+00
18210,7.753291e+00
18211,7.765066e+00
18212,7.771378e+00
18213,7.779348e+00
18214,7.781886e+00
18215,7.784341e+00
18216,7.786794e+00
18217,7.789494e+00
18218,7.792313e+00
18219,7.792941e+00
18220,7.795191e+00
18221,7.804069e+00
18222,7.802336e+00
18223,7.802289e+00
18224,7.800532e+00
18225,7.784129e+00
18226,7.785397e+00
18227,7.783276e+00
18228,7.763469e+00
18229,7.776910e+00
18230,7.770819e+00
18231,7.766206e+00
18232,7.758605e+00
18233,7.741575e+00
18234,7.753517e+00
18235,7.745631e+00
18236,7.737691e+00
18237,7.729253e+00
18238,7.723087e+00
18239,7.707792e+00
18240,7.354748e+00
18241,7.684237e+00
18242,7.669632e+00
18243,7.663700e+00
18244,7.646520e+00
18245,7.623353e+00
18246,7.529044e+00
18247,7.526761e+00
18248,7.623037e+00
18249,7.608071e+00
18250,7.599118e+00
18251,7.601966e+00
18252,7.638214e+00
18253,7.648357e+00
18254,7.650877e+00
18255,7.647633e+00
18256,7.670284e+00
18257,7.655824e+00
18258,7.672988e+00
18259,7.700210e+00
18260,7.701862e+00
18261,7.714098e+00
18262,7.708128e+00
18263,7.703433e+00
18264,7.686416e+00
18265,7.732357e+00
18266,7.723869e+00
18267,7.733543e+00
18268,7.720059e+00
18269,7.757306e+00
18270,7.756969e+00
18271,7.761266e+00
18272,7.767251e+00
18273,7.764419e+00
18274,7.765381e+00
18275,7.776630e+00
18276,7.779119e+00
18277,7.780878e+00
18278,7.769726e+00
18279,7.782620e+00
18280,7.781460e+00
18281,7.792762e+00
18282,7.798596e+00
18283,7.791112e+00
18284,7.794066e+00
18285,7.780803e+00
18286,7.756236e+00
18287,7.764002e+00
18288,7.758093e+00
18289,7.754643e+00
18290,7.741406e+00
18291,7.734831e+00
18292,7.744598e+00
18293,7.740491e+00
18294,7.733301e+00
18295,7.724333e+00
18296,7.717191e+00
18297,7.709866e+00
18298,7.705335e+00
18299,7.695445e+00
18300,7.678687e+00
18301,7.666739e+00
18302,7.659245e+00
18303,7.652179e+00
18304,7.252412e+00
18305,7.623617e+00
18306,7.601824e+00
18307,7.581460e+00
18308,7.560441e+00
18309,7.534460e+00
18310,7.485556e+00
18311,7.456953e+00
18312,7.564526e+00
18313,7.552772e+00
18314,7.491864e+00
18315,7.520233e+00
18316,7.591386e+00
18317,7.597175e+00
18318,7.600083e+00
18319,7.595223e+00
18320,7.622496e+00
18321,7.608651e+00
18322,7.617777e+00
18323,7.646099e+00
18324,7.653151e+00
18325,7.662495e+00
18326,7.673193e+00
18327,7.693606e+00
18328,7.671824e+00
18329,7.686019e+00
18330,7.715553e+00
18331,7.739145e+00
18332,7.724267e+00
18333,7.753891e+00
18334,7.756871e+00
18335,7.789185e+00
18336,7.798112e+00
18337,7.806326e+00
18338,7.808713e+00
18339,7.826777e+00
18340,7.833614e+00
18341,7.843818e+00
18342,7.848501e+00
18343,7.850625e+00
18344,7.855997e+00
18345,7.850713e+00
18346,7.857230e+00
18347,7.853650e+00
18348,7.862742e+00
18349,7.864963e+00
18350,7.863548e+00
18351,7.863061e+00
18352,7.859193e+00
18353,7.848865e+00
18354,7.841876e+00
18355,7.841726e+00
18356,7.827653e+00
18357,7.819055e+00
18358,7.821493e+00
18359,7.812770e+00
18360,7.801587e+00
18361,7.793095e+00
18362,7.776828e+00
18363,7.762663e+00
18364,7.751556e+00
18365,7.736706e+00
18366,7.725199e+00
18367,7.711948e+00
18368,7.347835e+00
18369,7.680631e+00
18370,7.676642e+00
18371,7.667639e+00
18372,7.654670e+00
18373,7.619010e+00
18374,7.553647e+00
18375,7.502918e+00
18376,7.624976e+00
18377,7.613545e+00
18378,7.581368e+00
18379,7.586367e+00
18380,7.623088e+00
18381,7.626089e+00
18382,7.606472e+00
18383,7.600683e+00
18384,7.611307e+00
18385,7.592336e+00
18386,7.620274e+00
18387,7.654293e+00
18388,7.664687e+00
18389,7.672563e+00
18390,7.671843e+00
18391,7.659044e+00
18392,7.673721e+00
18393,7.695858e+00
18394,7.717320e+00
18395,7.733480e+00
18396,7.714842e+00
18397,7.748983e+00
18398,7.758781e+00
18399,7.772692e+00
18400,7.786617e+00
18401,7.801624e+00
18402,7.793107e+00
18403,7.804128e+00
18404,7.804341e+00
18405,7.823094e+00
18406,7.821631e+00
18407,7.821498e+00
18408,7.821895e+00
18409,7.838928e+00
18410,7.840000e+00
18411,7.838630e+00
18412,7.834432e+00
18413,7.806538e+00
18414,7.799191e+00
18415,7.807836e+00
18416,7.812094e+00
18417,7.816562e+00
18418,7.817780e+00
18419,7.809766e+00
18420,7.824961e+00
18421,7.822038e+00
18422,7.796471e+00
18423,7.802150e+00
18424,7.795497e+00
18425,7.789495e+00
18426,7.782550e+00
18427,7.766058e+00
18428,7.754397e+00
18429,7.743805e+00
18430,7.735104e+00
18431,7.727341e+00
18432,7.367168e+00
18433,7.696416e+00
18434,7.674999e+00
18435,7.656905e+00
18436,7.641603e+00
18437,7.601122e+00
18438,7.575253e+00
18439,7.518266e+00
18440,7.633008e+00
18441,7.624944e+00
18442,7.569776e+00
18443,7.603058e+00
18444,7.629671e+00
18445,7.642795e+00
18446,7.654602e+00
18447,7.656827e+00
18448,7.668645e+00
18449,7.645017e+00
18450,7.661255e+00
18451,7.689251e+00
18452,7.693905e+00
18453,7.693853e+00
18454,7.721879e+00
18455,7.734524e+00
18456,7.727959e+00
18457,7.721115e+00
18458,7.758318e+00
18459,7.781345e+00
18460,7.779345e+00
18461,7.763030e+00
18462,7.774192e+00
18463,7.814578e+00
18464,7.817517e+00
18465,7.822993e+00
18466,7.819211e+00
18467,7.844636e+00
18468,7.847164e+00
18469,7.856424e+00
18470,7.856747e+00
18471,7.854450e+00
18472,7.854199e+00
18473,7.844965e+00
18474,7.850098e+00
18475,7.845023e+00
18476,7.846937e+00
18477,7.828886e+00
18478,7.830827e+00
18479,7.828118e+00
18480,7.821860e+00
18481,7.812519e+00
18482,7.800889e+00
18483,7.805808e+00
18484,7.796452e+00
18485,7.775679e+00
18486,7.771645e+00
18487,7.763270e+00
18488,7.751076e+00
18489,7.743653e+00
18490,7.704693e+00
18491,7.691043e+00
18492,7.677474e+00
18493,7.663128e+00
18494,7.650107e+00
18495,7.639969e+00
18496,7.219703e+00
18497,7.603321e+00
18498,7.596658e+00
18499,7.587027e+00
18500,7.579941e+00
18501,7.536932e+00
18502,7.504044e+00
18503,7.395862e+00
18504,7.534358e+00
18505,7.532952e+00
18506,7.500962e+00
18507,7.512156e+00
18508,7.539236e+00
18509,7.547052e+00
18510,7.555738e+00
18511,7.561809e+00
18512,7.569308e+00
18513,7.561593e+00
18514,7.609005e+00
18515,7.650037e+00
18516,7.661611e+00
18517,7.679488e+00
18518,7.691826e+00
18519,7.679257e+00
18520,7.686474e+00
18521,7.723878e+00
18522,7.740738e+00
18523,7.758161e+00
18524,7.760129e+00
18525,7.756940e+00
18526,7.780953e+00
18527,7.795191e+00
18528,7.805067e+00
18529,7.814518e+00
18530,7.805043e+00
18531,7.820892e+00
18532,7.823326e+00
18533,7.827553e+00
18534,7.827214e+00
18535,7.827396e+00
18536,7.834679e+00
18537,7.839950e+00
18538,7.841453e+00
18539,7.841085e+00
18540,7.837556e+00
18541,7.821503e+00
18542,7.827642e+00
18543,7.826009e+00
18544,7.835085e+00
18545,7.839268e+00
18546,7.830873e+00
18547,7.828555e+00
18548,7.831266e+00
18549,7.821631e+00
18550,7.795305e+00
18551,7.801821e+00
18552,7.791596e+00
18553,7.793965e+00
18554,7.783448e+00
18555,7.764134e+00
18556,7.761198e+00
18557,7.749639e+00
18558,7.743841e+00
18559,7.734453e+00
18560,7.413370e+00
18561,7.706366e+00
18562,7.692604e+00
18563,7.672492e+00
18564,7.655769e+00
18565,7.622007e+00
18566,7.579723e+00
18567,7.536566e+00
18568,7.636023e+00
18569,7.630521e+00
18570,7.591756e+00
18571,7.623081e+00
18572,7.620284e+00
18573,7.630190e+00
18574,7.642581e+00
18575,7.647661e+00
18576,7.646020e+00
18577,7.615711e+00
18578,7.639405e+00
18579,7.659790e+00
18580,7.661806e+00
18581,7.670553e+00
18582,7.639860e+00
18583,7.675831e+00
18584,7.639937e+00
18585,7.638394e+00
18586,7.670924e+00
18587,7.686361e+00
18588,7.690340e+00
18589,7.647131e+00
18590,7.664950e+00
18591,7.675980e+00
18592,7.691292e+00
18593,7.683712e+00
18594,7.671862e+00
18595,7.715159e+00
18596,7.720505e+00
18597,7.727805e+00
18598,7.728380e+00
18599,7.733322e+00
18600,7.729633e+00
18601,7.720720e+00
18602,7.730531e+00
18603,7.737095e+00
18604,7.740643e+00
18605,7.732270e+00
18606,7.732712e+00
18607,7.730058e+00
18608,7.737435e+00
18609,7.742697e+00
18610,7.735090e+00
18611,7.732758e+00
18612,7.727538e+00
18613,7.686853e+00
18614,7.697310e+00
18615,7.687511e+00
18616,7.680932e+00
18617,7.678489e+00
18618,7.657499e+00
18619,7.648465e+00
18620,7.643515e+00
18621,7.636570e+00
18622,7.628766e+00
18623,7.615090e+00
18624,7.167190e+00
18625,7.590133e+00
18626,7.580387e+00
18627,7.575096e+00
18628,7.570439e+00
18629,7.526046e+00
18630,7.495821e+00
18631,7.388976e+00
18632,7.514979e+00
18633,7.514268e+00
18634,7.502577e+00
18635,7.517291e+00
18636,7.510773e+00
18637,7.516601e+00
18638,7.548815e+00
18639,7.555539e+00
18640,7.554426e+00
18641,7.542352e+00
18642,7.587723e+00
18643,7.617427e+00
18644,7.622949e+00
18645,7.639457e+00
18646,7.648220e+00
18647,7.652784e+00
18648,7.628922e+00
18649,7.679691e+00
18650,7.692469e+00
18651,7.710417e+00
18652,7.709832e+00
18653,7.719637e+00
18654,7.734705e+00
18655,7.733665e+00
18656,7.757339e+00
18657,7.763126e+00
18658,7.762689e+00
18659,7.775437e+00
18660,7.784218e+00
18661,7.796207e+00
18662,7.803002e+00
18663,7.795180e+00
18664,7.814858e+00
18665,7.820450e+00
18666,7.828057e+00
18667,7.823213e+00
18668,7.824902e+00
18669,7.819796e+00
18670,7.830244e+00
18671,7.823567e+00
18672,7.835524e+00
18673,7.835749e+00
18674,7.832288e+00
18675,7.819373e+00
18676,7.811112e+00
18677,7.803133e+00
18678,7.782378e+00
18679,7.793397e+00
18680,7.794452e+00
18681,7.792090e+00
18682,7.782544e+00
18683,7.758765e+00
18684,7.755847e+00
18685,7.753336e+00
18686,7.755439e+00
18687,7.745281e+00
18688,7.440807e+00
18689,7.723341e+00
18690,7.712790e+00
18691,7.690831e+00
18692,7.671466e+00
18693,7.642020e+00
18694,7.549959e+00
18695,7.561945e+00
18696,7.632931e+00
18697,7.627860e+00
18698,7.610567e+00
18699,7.640876e+00
18700,7.611557e+00
18701,7.624336e+00
18702,7.649375e+00
18703,7.652886e+00
18704,7.638337e+00
18705,7.606119e+00
18706,7.633079e+00
18707,7.640816e+00
18708,7.640048e+00
18709,7.653404e+00
18710,7.628454e+00
18711,7.639062e+00
18712,7.651223e+00
18713,7.603988e+00
18714,7.670644e+00
18715,7.691974e+00
18716,7.696627e+00
18717,7.666260e+00
18718,7.699929e+00
18719,7.689609e+00
18720,7.711620e+00
18721,7.707782e+00
18722,7.709957e+00
18723,7.726863e+00
18724,7.730750e+00
18725,7.757888e+00
18726,7.764254e+00
18727,7.765855e+00
18728,7.766696e+00
18729,7.763281e+00
18730,7.769204e+00
18731,7.770066e+00
18732,7.770213e+00
18733,7.767813e+00
18734,7.764600e+00
18735,7.764006e+00
18736,7.765208e+00
18737,7.743981e+00
18738,7.741646e+00
18739,7.724827e+00
18740,7.720307e+00
18741,7.698189e+00
18742,7.691183e+00
18743,7.697520e+00
18744,7.699917e+00
18745,7.701511e+00
18746,7.684252e+00
18747,7.681619e+00
18748,7.674544e+00
18749,7.663867e+00
18750,7.655614e+00
18751,7.639856e+00
18752,7.207096e+00
18753,7.614230e+00
18754,7.607040e+00
18755,7.602959e+00
18756,7.593718e+00
18757,7.553827e+00
18758,7.508426e+00
18759,7.441432e+00
18760,7.528376e+00
18761,7.536845e+00
18762,7.558634e+00
18763,7.578703e+00
18764,7.550998e+00
18765,7.575285e+00
18766,7.615441e+00
18767,7.623763e+00
18768,7.620107e+00
18769,7.613017e+00
18770,7.658065e+00
18771,7.672421e+00
18772,7.671272e+00
18773,7.691716e+00
18774,7.694518e+00
18775,7.706555e+00
18776,7.687009e+00
18777,7.694746e+00
18778,7.724942e+00
18779,7.741155e+00
18780,7.736025e+00
18781,7.742725e+00
18782,7.752893e+00
18783,7.758444e+00
18784,7.759531e+00
18785,7.770051e+00
18786,7.777685e+00
18787,7.757606e+00
18788,7.764820e+00
18789,7.768554e+00
18790,7.772998e+00
18791,7.764709e+00
18792,7.767370e+00
18793,7.761358e+00
18794,7.772735e+00
18795,7.763271e+00
18796,7.750128e+00
18797,7.740645e+00
18798,7.753280e+00
18799,7.751375e+00
18800,7.758451e+00
18801,7.752376e+00
18802,7.744539e+00
18803,7.739690e+00
18804,7.722751e+00
18805,7.715358e+00
18806,7.708288e+00
18807,7.686795e+00
18808,7.719076e+00
18809,7.726624e+00
18810,7.720763e+00
18811,7.711894e+00
18812,7.702006e+00
18813,7.706174e+00
18814,7.689740e+00
18815,7.690154e+00
18816,7.357101e+00
18817,7.668431e+00
18818,7.658340e+00
18819,7.639799e+00
18820,7.622438e+00
18821,7.593560e+00
18822,7.483913e+00
18823,7.509393e+00
18824,7.579266e+00
18825,7.575315e+00
18826,7.570234e+00
18827,7.602580e+00
18828,7.562447e+00
18829,7.582380e+00
18830,7.605949e+00
18831,7.610087e+00
18832,7.596653e+00
18833,7.576726e+00
18834,7.594987e+00
18835,7.581939e+00
18836,7.582249e+00
18837,7.606064e+00
18838,7.611893e+00
18839,7.604965e+00
18840,7.629113e+00
18841,7.580613e+00
18842,7.634511e+00
18843,7.660325e+00
18844,7.662169e+00
18845,7.635597e+00
18846,7.669409e+00
18847,7.654906e+00
18848,7.673009e+00
18849,7.678995e+00
18850,7.691482e+00
18851,7.685530e+00
18852,7.702500e+00
18853,7.714396e+00
18854,7.713491e+00
18855,7.716517e+00
18856,7.707750e+00
18857,7.702840e+00
18858,7.705541e+00
18859,7.699531e+00
18860,7.697819e+00
18861,7.697357e+00
18862,7.693012e+00
18863,7.697003e+00
18864,7.693518e+00
18865,7.675162e+00
18866,7.675446e+00
18867,7.671104e+00
18868,7.662530e+00
18869,7.664460e+00
18870,7.644535e+00
18871,7.652057e+00
18872,7.660179e+00
18873,7.651390e+00
18874,7.635710e+00
18875,7.637308e+00
18876,7.630139e+00
18877,7.623850e+00
18878,7.615530e+00
18879,7.599887e+00
18880,7.178601e+00
18881,7.585853e+00
18882,7.573341e+00
18883,7.574452e+00
18884,7.563654e+00
18885,7.531925e+00
18886,7.465670e+00
18887,7.450331e+00
18888,7.497602e+00
18889,7.513578e+00
18890,7.534915e+00
18891,7.558112e+00
18892,7.525881e+00
18893,7.554999e+00
18894,7.581161e+00
18895,7.589551e+00
18896,7.584685e+00
18897,7.590886e+00
18898,7.618062e+00
18899,7.609531e+00
18900,7.606760e+00
18901,7.637435e+00
18902,7.638893e+00
18903,7.650062e+00
18904,7.647156e+00
18905,7.636548e+00
18906,7.673143e+00
18907,7.686992e+00
18908,7.684126e+00
18909,7.687252e+00
18910,7.697273e+00
18911,7.711808e+00
18912,7.715012e+00
18913,7.726065e+00
18914,7.735972e+00
18915,7.725651e+00
18916,7.735452e+00
18917,7.724508e+00
18918,7.746596e+00
18919,7.752165e+00
18920,7.749025e+00
18921,7.747700e+00
18922,7.749001e+00
18923,7.750041e+00
18924,7.745622e+00
18925,7.744529e+00
18926,7.747617e+00
18927,7.754180e+00
18928,7.767425e+00
18929,7.762495e+00
18930,7.758944e+00
18931,7.755389e+00
18932,7.751442e+00
18933,7.746226e+00
18934,7.748756e+00
18935,7.731657e+00
18936,7.750757e+00
18937,7.729147e+00
18938,7.725770e+00
18939,7.715710e+00
18940,7.710136e+00
18941,7.703873e+00
18942,7.678237e+00
18943,7.674608e+00
18944,7.347936e+00
18945,7.658348e+00
18946,7.649694e+00
18947,7.636638e+00
18948,7.615439e+00
18949,7.603001e+00
18950,7.485791e+00
18951,7.501876e+00
18952,7.583305e+00
18953,7.582477e+00
18954,7.575670e+00
18955,7.593833e+00
18956,7.548970e+00
18957,7.573107e+00
18958,7.577878e+00
18959,7.581255e+00
18960,7.579614e+00
18961,7.571801e+00
18962,7.570926e+00
18963,7.538549e+00
18964,7.556506e+00
18965,7.595864e+00
18966,7.627968e+00
18967,7.609741e+00
18968,7.632260e+00
18969,7.608996e+00
18970,7.660298e+00
18971,7.684465e+00
18972,7.687279e+00
18973,7.670339e+00
18974,7.715627e+00
18975,7.718540e+00
18976,7.718236e+00
18977,7.740749e+00
18978,7.752475e+00
18979,7.749888e+00
18980,7.767977e+00
18981,7.756593e+00
18982,7.767395e+00
18983,7.770761e+00
18984,7.774968e+00
18985,7.779173e+00
18986,7.773954e+00
18987,7.772546e+00
18988,7.782257e+00
18989,7.780669e+00
18990,7.773276e+00
18991,7.774619e+00
18992,7.760046e+00
18993,7.751524e+00
18994,7.760553e+00
18995,7.757969e+00
18996,7.750955e+00
18997,7.740410e+00
18998,7.735158e+00
18999,7.731615e+00
19000,7.722600e+00
19001,7.696830e+00
19002,7.678290e+00
19003,7.676934e+00
19004,7.666183e+00
19005,7.655361e+00
19006,7.646241e+00
19007,7.629194e+00
19008,7.207520e+00
19009,7.609333e+00
19010,7.603740e+00
19011,7.593510e+00
19012,7.581345e+00
19013,7.554877e+00
19014,7.485545e+00
19015,7.488581e+00
19016,7.518588e+00
19017,7.561822e+00
19018,7.562221e+00
19019,7.596741e+00
19020,7.572157e+00
19021,7.607331e+00
19022,7.623236e+00
19023,7.632098e+00
19024,7.637841e+00
19025,7.647470e+00
19026,7.661198e+00
19027,7.650291e+00
19028,7.652370e+00
19029,7.686389e+00
19030,7.686909e+00
19031,7.694595e+00
19032,7.707524e+00
19033,7.708267e+00
19034,7.708152e+00
19035,7.726849e+00
19036,7.719604e+00
19037,7.736406e+00
19038,7.742957e+00
19039,7.767930e+00
19040,7.769416e+00
19041,7.786450e+00
19042,7.789005e+00
19043,7.778276e+00
19044,7.780711e+00
19045,7.760853e+00
19046,7.789784e+00
19047,7.794187e+00
19048,7.792230e+00
19049,7.792650e+00
19050,7.785428e+00
19051,7.799863e+00
19052,7.792903e+00
19053,7.794348e+00
19054,7.792732e+00
19055,7.802275e+00
19056,7.792851e+00
19057,7.784400e+00
19058,7.779889e+00
19059,7.775753e+00
19060,7.766619e+00
19061,7.759859e+00
19062,7.757358e+00
19063,7.750117e+00
19064,7.733392e+00
19065,7.712479e+00
19066,7.706903e+00
19067,7.694842e+00
19068,7.682887e+00
19069,7.692415e+00
19070,7.684182e+00
19071,7.669876e+00
19072,7.334488e+00
19073,7.659271e+00
19074,7.654539e+00
19075,7.647519e+00
19076,7.636676e+00
19077,7.623090e+00
19078,7.541731e+00
19079,7.507691e+00
19080,7.625737e+00
19081,7.629567e+00
19082,7.617940e+00
19083,7.650360e+00
19084,7.619314e+00
19085,7.648676e+00
19086,7.645273e+00
19087,7.660745e+00
19088,7.669797e+00
19089,7.665651e+00
19090,7.661042e+00
19091,7.627787e+00
19092,7.652509e+00
19093,7.688620e+00
19094,7.697895e+00
19095,7.709364e+00
19096,7.693479e+00
19097,7.706639e+00
19098,7.726001e+00
19099,7.742229e+00
19100,7.742379e+00
19101,7.728860e+00
19102,7.756823e+00
19103,7.768713e+00
19104,7.768344e+00
19105,7.783498e+00
19106,7.791548e+00
19107,7.790084e+00
19108,7.803053e+00
19109,7.796110e+00
19110,7.809429e+00
19111,7.801352e+00
19112,7.812018e+00
19113,7.814043e+00
19114,7.807504e+00
19115,7.805664e+00
19116,7.807072e+00
19117,7.805536e+00
19118,7.802689e+00
19119,7.792422e+00
19120,7.769507e+00
19121,7.768369e+00
19122,7.772949e+00
19123,7.775216e+00
19124,7.770477e+00
19125,7.762462e+00
19126,7.752288e+00
19127,7.754113e+00
19128,7.739091e+00
19129,7.714127e+00
19130,7.700780e+00
19131,7.690508e+00
19132,7.688774e+00
19133,7.682312e+00
19134,7.675026e+00
19135,7.658086e+00
19136,7.252389e+00
19137,7.645029e+00
19138,7.637712e+00
19139,7.633860e+00
19140,7.620489e+00
19141,7.604313e+00
19142,7.527474e+00
19143,7.522534e+00
19144,7.563135e+00
19145,7.591691e+00
19146,7.547207e+00
19147,7.597525e+00
19148,7.579449e+00
19149,7.611025e+00
19150,7.606438e+00
19151,7.613696e+00
19152,7.622358e+00
19153,7.624829e+00
19154,7.632573e+00
19155,7.608392e+00
19156,7.598806e+00
19157,7.623101e+00
19158,7.610217e+00
19159,7.610008e+00
19160,7.625293e+00
19161,7.626583e+00
19162,7.599668e+00
19163,7.605645e+00
19164,7.582842e+00
19165,7.632915e+00
19166,7.624858e+00
19167,7.659829e+00
19168,7.660234e+00
19169,7.690484e+00
19170,7.698232e+00
19171,7.705901e+00
19172,7.699718e+00
19173,7.690253e+00
19174,7.714632e+00
19175,7.725795e+00
19176,7.751903e+00
19177,7.759076e+00
19178,7.762150e+00
19179,7.780442e+00
19180,7.767752e+00
19181,7.776728e+00
19182,7.777082e+00
19183,7.783539e+00
19184,7.769853e+00
19185,7.775793e+00
19186,7.775304e+00
19187,7.777296e+00
19188,7.783494e+00
19189,7.779510e+00
19190,7.782787e+00
19191,7.781463e+00
19192,7.765399e+00
19193,7.772829e+00
19194,7.764626e+00
19195,7.760077e+00
19196,7.758741e+00
19197,7.752658e+00
19198,7.753385e+00
19199,7.752404e+00
19200,7.418295e+00
19201,7.741704e+00
19202,7.733684e+00
19203,7.723823e+00
19204,7.707066e+00
19205,7.692485e+00
19206,7.619593e+00
19207,7.569135e+00
19208,7.664939e+00
19209,7.661582e+00
19210,7.641416e+00
19211,7.663156e+00
19212,7.632477e+00
19213,7.653474e+00
19214,7.629682e+00
19215,7.643115e+00
19216,7.651138e+00
19217,7.647640e+00
19218,7.636577e+00
19219,7.604464e+00
19220,7.635776e+00
19221,7.662423e+00
19222,7.659011e+00
19223,7.678750e+00
19224,7.669777e+00
19225,7.666917e+00
19226,7.685453e+00
19227,7.702828e+00
19228,7.702603e+00
19229,7.700252e+00
19230,7.713311e+00
19231,7.736388e+00
19232,7.731894e+00
19233,7.748988e+00
19234,7.761664e+00
19235,7.756863e+00
19236,7.773356e+00
19237,7.774154e+00
19238,7.780339e+00
19239,7.774912e+00
19240,7.785881e+00
19241,7.792101e+00
19242,7.786004e+00
19243,7.788834e+00
19244,7.783253e+00
19245,7.782419e+00
19246,7.778642e+00
19247,7.760539e+00
19248,7.742399e+00
19249,7.745751e+00
19250,7.746799e+00
19251,7.750683e+00
19252,7.751788e+00
19253,7.745406e+00
19254,7.740372e+00
19255,7.741247e+00
19256,7.729092e+00
19257,7.703818e+00
19258,7.698234e+00
19259,7.686534e+00
19260,7.700033e+00
19261,7.697600e+00
19262,7.682486e+00
19263,7.663318e+00
19264,7.262847e+00
19265,7.655986e+00
19266,7.646818e+00
19267,7.642411e+00
19268,7.627430e+00
19269,7.599939e+00
19270,7.537762e+00
19271,7.500365e+00
19272,7.573148e+00
19273,7.576944e+00
19274,7.512544e+00
19275,7.566439e+00
19276,7.542908e+00
19277,7.586697e+00
19278,7.596104e+00
19279,7.605722e+00
19280,7.607814e+00
19281,7.611682e+00
19282,7.628292e+00
19283,7.609010e+00
19284,7.612659e+00
19285,7.628596e+00
19286,7.627536e+00
19287,7.616339e+00
19288,7.652043e+00
19289,7.653660e+00
19290,7.647069e+00
19291,7.648472e+00
19292,7.633547e+00
19293,7.672786e+00
19294,7.685158e+00
19295,7.702669e+00
19296,7.682807e+00
19297,7.736486e+00
19298,7.745714e+00
19299,7.750474e+00
19300,7.745362e+00
19301,7.748798e+00
19302,7.752367e+00
19303,7.761828e+00
19304,7.779453e+00
19305,7.781928e+00
19306,7.783001e+00
19307,7.771753e+00
19308,7.762491e+00
19309,7.772050e+00
19310,7.771225e+00
19311,7.780015e+00
19312,7.777554e+00
19313,7.778244e+00
19314,7.773536e+00
19315,7.777148e+00
19316,7.771943e+00
19317,7.773786e+00
19318,7.768348e+00
19319,7.773104e+00
19320,7.752355e+00
19321,7.759735e+00
19322,7.752237e+00
19323,7.754085e+00
19324,7.753353e+00
19325,7.734230e+00
19326,7.731874e+00
19327,7.727814e+00
19328,7.385569e+00
19329,7.715524e+00
19330,7.704990e+00
19331,7.692842e+00
19332,7.668677e+00
19333,7.661986e+00
19334,7.588620e+00
19335,7.546335e+00
19336,7.620082e+00
19337,7.628533e+00
19338,7.599816e+00
19339,7.636245e+00
19340,7.613063e+00
19341,7.639027e+00
19342,7.621673e+00
19343,7.641419e+00
19344,7.651850e+00
19345,7.654763e+00
19346,7.650211e+00
19347,7.631952e+00
19348,7.649785e+00
19349,7.672407e+00
19350,7.659509e+00
19351,7.683193e+00
19352,7.678603e+00
19353,7.675270e+00
19354,7.674473e+00
19355,7.696766e+00
19356,7.695806e+00
19357,7.693708e+00
19358,7.704933e+00
19359,7.718312e+00
19360,7.695268e+00
19361,7.712513e+00
19362,7.724567e+00
19363,7.722910e+00
19364,7.721781e+00
19365,7.723101e+00
19366,7.733997e+00
19367,7.732630e+00
19368,7.726924e+00
19369,7.734226e+00
19370,7.737634e+00
19371,7.740833e+00
19372,7.722525e+00
19373,7.722851e+00
19374,7.717634e+00
19375,7.717009e+00
19376,7.715849e+00
19377,7.720682e+00
19378,7.719213e+00
19379,7.742639e+00
19380,7.748140e+00
19381,7.740381e+00
19382,7.741299e+00
19383,7.728568e+00
19384,7.723202e+00
19385,7.701330e+00
19386,7.694860e+00
19387,7.684470e+00
19388,7.691814e+00
19389,7.684467e+00
19390,7.662824e+00
19391,7.654997e+00
19392,7.272444e+00
19393,7.640517e+00
19394,7.636457e+00
19395,7.632115e+00
19396,7.622216e+00
19397,7.601597e+00
19398,7.536636e+00
19399,7.506145e+00
19400,7.585575e+00
19401,7.609817e+00
19402,7.571583e+00
19403,7.613611e+00
19404,7.575873e+00
19405,7.634665e+00
19406,7.637266e+00
19407,7.643697e+00
19408,7.650678e+00
19409,7.656163e+00
19410,7.663910e+00
19411,7.645012e+00
19412,7.655274e+00
19413,7.661926e+00
19414,7.644176e+00
19415,7.641421e+00
19416,7.664864e+00
19417,7.664509e+00
19418,7.670190e+00
19419,7.649296e+00
19420,7.655025e+00
19421,7.678633e+00
19422,7.693510e+00
19423,7.691913e+00
19424,7.678967e+00
19425,7.722902e+00
19426,7.728883e+00
19427,7.734728e+00
19428,7.729445e+00
19429,7.737926e+00
19430,7.731972e+00
19431,7.745247e+00
19432,7.751222e+00
19433,7.753164e+00
19434,7.752365e+00
19435,7.744048e+00
19436,7.743390e+00
19437,7.739707e+00
19438,7.738416e+00
19439,7.748194e+00
19440,7.749187e+00
19441,7.735933e+00
19442,7.729427e+00
19443,7.724203e+00
19444,7.706888e+00
19445,7.713925e+00
19446,7.711885e+00
19447,7.708103e+00
19448,7.693769e+00
19449,7.692876e+00
19450,7.688694e+00
19451,7.686432e+00
19452,7.680974e+00
19453,7.651446e+00
19454,7.650844e+00
19455,7.646603e+00
19456,7.256839e+00
19457,7.625622e+00
19458,7.615834e+00
19459,7.605946e+00
19460,7.584001e+00
19461,7.584759e+00
19462,7.519513e+00
19463,7.477466e+00
19464,7.548663e+00
19465,7.574239e+00
19466,7.550041e+00
19467,7.593921e+00
19468,7.573407e+00
19469,7.611588e+00
19470,7.601463e+00
19471,7.618526e+00
19472,7.611089e+00
19473,7.617920e+00
19474,7.626204e+00
19475,7.621557e+00
19476,7.636706e+00
19477,7.647132e+00
19478,7.639667e+00
19479,7.657982e+00
19480,7.672043e+00
19481,7.667856e+00
19482,7.663853e+00
19483,7.690393e+00
19484,7.698641e+00
19485,7.710619e+00
19486,7.699941e+00
19487,7.709924e+00
19488,7.709715e+00
19489,7.714015e+00
19490,7.739251e+00
19491,7.753595e+00
19492,7.749279e+00
19493,7.755675e+00
19494,7.749885e+00
19495,7.771528e+00
19496,7.775655e+00
19497,7.782389e+00
19498,7.784919e+00
19499,7.790569e+00
19500,7.784120e+00
19501,7.782865e+00
19502,7.780388e+00
19503,7.790805e+00
19504,7.786760e+00
19505,7.785720e+00
19506,7.780541e+00
19507,7.780229e+00
19508,7.774136e+00
19509,7.756547e+00
19510,7.757992e+00
19511,7.745970e+00
19512,7.739813e+00
19513,7.729842e+00
19514,7.711539e+00
19515,7.712981e+00
19516,7.705382e+00
19517,7.699041e+00
19518,7.682588e+00
19519,7.674478e+00
19520,7.318839e+00
19521,7.652493e+00
19522,7.653534e+00
19523,7.650095e+00
19524,7.638784e+00
19525,7.627298e+00
19526,7.555062e+00
19527,7.531539e+00
19528,7.592584e+00
19529,7.616699e+00
19530,7.585984e+00
19531,7.623162e+00
19532,7.587077e+00
19533,7.641498e+00
19534,7.618547e+00
19535,7.631650e+00
19536,7.638715e+00
19537,7.645456e+00
19538,7.648086e+00
19539,7.635723e+00
19540,7.648247e+00
19541,7.638342e+00
19542,7.630940e+00
19543,7.617867e+00
19544,7.670992e+00
19545,7.651048e+00
19546,7.667328e+00
19547,7.657329e+00
19548,7.668681e+00
19549,7.676652e+00
19550,7.708827e+00
19551,7.685320e+00
19552,7.682066e+00
19553,7.727756e+00
19554,7.736763e+00
19555,7.739399e+00
19556,7.740109e+00
19557,7.747816e+00
19558,7.732591e+00
19559,7.744487e+00
19560,7.744605e+00
19561,7.746936e+00
19562,7.743268e+00
19563,7.736720e+00
19564,7.732050e+00
19565,7.727274e+00
19566,7.725141e+00
19567,7.721609e+00
19568,7.716680e+00
19569,7.706129e+00
19570,7.696074e+00
19571,7.667868e+00
19572,7.636299e+00
19573,7.647280e+00
19574,7.641330e+00
19575,7.635864e+00
19576,7.628102e+00
19577,7.617829e+00
19578,7.630852e+00
19579,7.638349e+00
19580,7.630471e+00
19581,7.613251e+00
19582,7.609442e+00
19583,7.602138e+00
19584,7.176724e+00
19585,7.587374e+00
19586,7.578116e+00
19587,7.570934e+00
19588,7.554949e+00
19589,7.548280e+00
19590,7.499013e+00
19591,7.450019e+00
19592,7.521602e+00
19593,7.552603e+00
19594,7.521361e+00
19595,7.573898e+00
19596,7.559235e+00
19597,7.584910e+00
19598,7.570731e+00
19599,7.590847e+00
19600,7.588515e+00
19601,7.598894e+00
19602,7.605347e+00
19603,7.617859e+00
19604,7.649468e+00
19605,7.657832e+00
19606,7.659701e+00
19607,7.680926e+00
19608,7.677439e+00
19609,7.687201e+00
19610,7.677640e+00
19611,7.712810e+00
19612,7.727241e+00
19613,7.729394e+00
19614,7.714561e+00
19615,7.712912e+00
19616,7.727321e+00
19617,7.721858e+00
19618,7.751072e+00
19619,7.759452e+00
19620,7.762935e+00
19621,7.767996e+00
19622,7.760256e+00
19623,7.779233e+00
19624,7.759683e+00
19625,7.769911e+00
19626,7.770584e+00
19627,7.772222e+00
19628,7.772024e+00
19629,7.768132e+00
19630,7.777129e+00
19631,7.776422e+00
19632,7.765129e+00
19633,7.763474e+00
19634,7.758858e+00
19635,7.759151e+00
19636,7.756916e+00
19637,7.748919e+00
19638,7.738533e+00
19639,7.747581e+00
19640,7.737204e+00
19641,7.735733e+00
19642,7.718628e+00
19643,7.719811e+00
19644,7.699237e+00
19645,7.710813e+00
19646,7.702113e+00
19647,7.686060e+00
19648,7.366251e+00
19649,7.658905e+00
19650,7.667475e+00
19651,7.665535e+00
19652,7.652318e+00
19653,7.646358e+00
19654,7.572362e+00
19655,7.529255e+00
19656,7.603349e+00
19657,7.634631e+00
19658,7.590327e+00
19659,7.630138e+00
19660,7.600627e+00
19661,7.637922e+00
19662,7.593846e+00
19663,7.619012e+00
19664,7.621254e+00
19665,7.628203e+00
19666,7.632782e+00
19667,7.624557e+00
19668,7.637850e+00
19669,7.624642e+00
19670,7.628397e+00
19671,7.626659e+00
19672,7.639850e+00
19673,7.662425e+00
19674,7.631932e+00
19675,7.668781e+00
19676,7.672715e+00
19677,7.668005e+00
19678,7.671320e+00
19679,7.660372e+00
19680,7.663904e+00
19681,7.679857e+00
19682,7.696658e+00
19683,7.702463e+00
19684,7.701447e+00
19685,7.716050e+00
19686,7.709602e+00
19687,7.716394e+00
19688,7.707240e+00
19689,7.713679e+00
19690,7.712858e+00
19691,7.706069e+00
19692,7.709751e+00
19693,7.708744e+00
19694,7.710924e+00
19695,7.707710e+00
19696,7.705114e+00
19697,7.700725e+00
19698,7.694441e+00
19699,7.672731e+00
19700,7.660751e+00
19701,7.659305e+00
19702,7.665467e+00
19703,7.662457e+00
19704,7.666427e+00
19705,7.658976e+00
19706,7.669057e+00
19707,7.666586e+00
19708,7.650240e+00
19709,7.621079e+00
19710,7.624797e+00
19711,7.614339e+00
19712,7.185430e+00
19713,7.599453e+00
19714,7.590862e+00
19715,7.585396e+00
19716,7.572221e+00
19717,7.562290e+00
19718,7.521359e+00
19719,7.459057e+00
19720,7.528155e+00
19721,7.563480e+00
19722,7.523135e+00
19723,7.584741e+00
19724,7.568797e+00
19725,7.588225e+00
19726,7.573402e+00
19727,7.600297e+00
19728,7.606230e+00
19729,7.614506e+00
19730,7.616556e+00
19731,7.617388e+00
19732,7.642465e+00
19733,7.643579e+00
19734,7.639880e+00
19735,7.661210e+00
19736,7.649813e+00
19737,7.650734e+00
19738,7.653871e+00
19739,7.673321e+00
19740,7.692325e+00
19741,7.682682e+00
19742,7.661136e+00
19743,7.676958e+00
19744,7.686581e+00
19745,7.659329e+00
19746,7.690052e+00
19747,7.693383e+00
19748,7.711618e+00
19749,7.718990e+00
19750,7.724590e+00
19751,7.742834e+00
19752,7.731927e+00
19753,7.737772e+00
19754,7.740266e+00
19755,7.756578e+00
19756,7.760314e+00
19757,7.754104e+00
19758,7.763597e+00
19759,7.749091e+00
19760,7.756530e+00
19761,7.754629e+00
19762,7.752826e+00
19763,7.757168e+00
19764,7.757585e+00
19765,7.753948e+00
19766,7.739925e+00
19767,7.739416e+00
19768,7.734408e+00
19769,7.731076e+00
19770,7.730358e+00
19771,7.713458e+00
19772,7.687153e+00
19773,7.699414e+00
19774,7.694242e+00
19775,7.688048e+00
19776,7.369639e+00
19777,7.661573e+00
19778,7.664401e+00
19779,7.660322e+00
19780,7.651831e+00
19781,7.632395e+00
19782,7.597160e+00
19783,7.491069e+00
19784,7.601548e+00
19785,7.632063e+00
19786,7.584884e+00
19787,7.637360e+00
19788,7.618439e+00
19789,7.644439e+00
19790,7.610947e+00
19791,7.642324e+00
19792,7.634948e+00
19793,7.660481e+00
19794,7.675774e+00
19795,7.673470e+00
19796,7.688396e+00
19797,7.672975e+00
19798,7.679484e+00
19799,7.699870e+00
19800,7.677576e+00
19801,7.713780e+00
19802,7.697437e+00
19803,7.703093e+00
19804,7.734852e+00
19805,7.738819e+00
19806,7.730874e+00
19807,7.727650e+00
19808,7.737256e+00
19809,7.744305e+00
19810,7.766561e+00
19811,7.768757e+00
19812,7.774853e+00
19813,7.791496e+00
19814,7.789398e+00
19815,7.797138e+00
19816,7.788842e+00
19817,7.796535e+00
19818,7.796152e+00
19819,7.794116e+00
19820,7.797610e+00
19821,7.796541e+00
19822,7.798631e+00
19823,7.789766e+00
19824,7.781901e+00
19825,7.773397e+00
19826,7.755868e+00
19827,7.735544e+00
19828,7.727880e+00
19829,7.719983e+00
19830,7.724397e+00
19831,7.721141e+00
19832,7.708421e+00
19833,7.706637e+00
19834,7.700230e+00
19835,7.689426e+00
19836,7.672234e+00
19837,7.652546e+00
19838,7.633007e+00
19839,7.629432e+00
19840,7.221128e+00
19841,7.618767e+00
19842,7.610474e+00
19843,7.613769e+00
19844,7.603514e+00
19845,7.585085e+00
19846,7.563142e+00
19847,7.470580e+00
19848,7.572476e+00
19849,7.605198e+00
19850,7.544852e+00
19851,7.624759e+00
19852,7.619660e+00
19853,7.641468e+00
19854,7.624799e+00
19855,7.657888e+00
19856,7.669948e+00
19857,7.676450e+00
19858,7.679422e+00
19859,7.683269e+00
19860,7.706649e+00
19861,7.699438e+00
19862,7.691344e+00
19863,7.720246e+00
19864,7.697911e+00
19865,7.701762e+00
19866,7.701380e+00
19867,7.710415e+00
19868,7.731989e+00
19869,7.724860e+00
19870,7.689698e+00
19871,7.714107e+00
19872,7.717269e+00
19873,7.707588e+00
19874,7.704126e+00
19875,7.714591e+00
19876,7.754608e+00
19877,7.758895e+00
19878,7.766890e+00
19879,7.770159e+00
19880,7.776734e+00
19881,7.777359e+00
19882,7.780264e+00
19883,7.788359e+00
19884,7.791532e+00
19885,7.787741e+00
19886,7.780813e+00
19887,7.766087e+00
19888,7.783285e+00
19889,7.776538e+00
19890,7.785148e+00
19891,7.778484e+00
19892,7.781509e+00
19893,7.776933e+00
19894,7.765883e+00
19895,7.753498e+00
19896,7.751342e+00
19897,7.747731e+00
19898,7.745376e+00
19899,7.733995e+00
19900,7.722352e+00
19901,7.713897e+00
19902,7.719127e+00
19903,7.724920e+00
19904,7.392432e+00
19905,7.716056e+00
19906,7.709104e+00
19907,7.701652e+00
19908,7.688922e+00
19909,7.661521e+00
19910,7.635653e+00
19911,7.509295e+00
19912,7.627847e+00
19913,7.652385e+00
19914,7.608668e+00
19915,7.652805e+00
19916,7.632542e+00
19917,7.650966e+00
19918,7.619624e+00
19919,7.646272e+00
19920,7.634688e+00
19921,7.659979e+00
19922,7.661404e+00
19923,7.655533e+00
19924,7.657275e+00
19925,7.636091e+00
19926,7.647681e+00
19927,7.667478e+00
19928,7.650900e+00
19929,7.669859e+00
19930,7.676439e+00
19931,7.658687e+00
19932,7.697081e+00
19933,7.697561e+00
19934,7.697343e+00
19935,7.673112e+00
19936,7.689318e+00
19937,7.667599e+00
19938,7.702785e+00
19939,7.703545e+00
19940,7.713030e+00
19941,7.733902e+00
19942,7.740307e+00
19943,7.737449e+00
19944,7.731402e+00
19945,7.740405e+00
19946,7.746360e+00
19947,7.750945e+00
19948,7.755519e+00
19949,7.755153e+00
19950,7.760173e+00
19951,7.752492e+00
19952,7.747549e+00
19953,7.743588e+00
19954,7.742716e+00
19955,7.737854e+00
19956,7.736248e+00
19957,7.726791e+00
19958,7.729288e+00
19959,7.727818e+00
19960,7.711293e+00
19961,7.714636e+00
19962,7.707833e+00
19963,7.704115e+00
19964,7.694154e+00
19965,7.682914e+00
19966,7.653779e+00
19967,7.659300e+00
19968,7.272527e+00
19969,7.642402e+00
19970,7.632956e+00
19971,7.640715e+00
19972,7.627177e+00
19973,7.584998e+00
19974,7.585523e+00
19975,7.460219e+00
19976,7.569249e+00
19977,7.597049e+00
19978,7.533610e+00
19979,7.591252e+00
19980,7.558593e+00
19981,7.589305e+00
19982,7.579200e+00
19983,7.604828e+00
19984,7.600312e+00
19985,7.608272e+00
19986,7.605471e+00
19987,7.602454e+00
19988,7.611865e+00
19989,7.599005e+00
19990,7.591746e+00
19991,7.609687e+00
19992,7.604714e+00
19993,7.570445e+00
19994,7.620009e+00
19995,7.596462e+00
19996,7.635737e+00
19997,7.632044e+00
19998,7.609922e+00
19999,7.630819e+00
20000,7.643129e+00
20001,7.653066e+00
20002,7.622879e+00
20003,7.642203e+00
20004,7.670600e+00
20005,7.682706e+00
20006,7.688519e+00
20007,7.675516e+00
20008,7.696560e+00
20009,7.693726e+00
20010,7.706228e+00
20011,7.711623e+00
20012,7.711958e+00
20013,7.708334e+00
20014,7.702191e+00
20015,7.699726e+00
20016,7.707709e+00
20017,7.706445e+00
20018,7.718262e+00
20019,7.711557e+00
20020,7.716980e+00
20021,7.713941e+00
20022,7.704252e+00
20023,7.679062e+00
20024,7.686064e+00
20025,7.679501e+00
20026,7.678615e+00
20027,7.662478e+00
20028,7.656297e+00
20029,7.648463e+00
20030,7.664745e+00
20031,7.674013e+00
20032,7.307228e+00
20033,7.650974e+00
20034,7.644610e+00
20035,7.623555e+00
20036,7.606991e+00
20037,7.564012e+00
20038,7.553547e+00
20039,7.386188e+00
20040,7.509259e+00
20041,7.537547e+00
20042,7.498096e+00
20043,7.530193e+00
20044,7.509103e+00
20045,7.527882e+00
20046,7.501159e+00
20047,7.517331e+00
20048,7.510519e+00
20049,7.540147e+00
20050,7.543098e+00
20051,7.541276e+00
20052,7.536689e+00
20053,7.509111e+00
20054,7.535592e+00
20055,7.557462e+00
20056,7.560637e+00
20057,7.563028e+00
20058,7.586669e+00
20059,7.569015e+00
20060,7.603364e+00
20061,7.605553e+00
20062,7.618306e+00
20063,7.602975e+00
20064,7.635402e+00
20065,7.619706e+00
20066,7.622454e+00
20067,7.634566e+00
20068,7.656380e+00
20069,7.676306e+00
20070,7.682757e+00
20071,7.665427e+00
20072,7.668466e+00
20073,7.673385e+00
20074,7.689139e+00
20075,7.701691e+00
20076,7.705840e+00
20077,7.708337e+00
20078,7.720653e+00
20079,7.725001e+00
20080,7.728851e+00
20081,7.728614e+00
20082,7.735744e+00
20083,7.735577e+00
20084,7.736578e+00
20085,7.736560e+00
20086,7.732943e+00
20087,7.737270e+00
20088,7.727888e+00
20089,7.728179e+00
20090,7.725640e+00
20091,7.722767e+00
20092,7.718210e+00
20093,7.713314e+00
20094,7.701076e+00
20095,7.703772e+00
20096,7.327084e+00
20097,7.682144e+00
20098,7.669280e+00
20099,7.648212e+00
20100,7.634595e+00
20101,7.595800e+00
20102,7.574175e+00
20103,7.472850e+00
20104,7.539220e+00
20105,7.578023e+00
20106,7.530384e+00
20107,7.568497e+00
20108,7.524251e+00
20109,7.568018e+00
20110,7.553051e+00
20111,7.581005e+00
20112,7.575750e+00
20113,7.592093e+00
20114,7.597496e+00
20115,7.603167e+00
20116,7.610095e+00
20117,7.603879e+00
20118,7.606838e+00
20119,7.622943e+00
20120,7.626629e+00
20121,7.605170e+00
20122,7.635190e+00
20123,7.648974e+00
20124,7.656842e+00
20125,7.656828e+00
20126,7.658023e+00
20127,7.671336e+00
20128,7.684060e+00
20129,7.686117e+00
20130,7.668000e+00
20131,7.685239e+00
20132,7.702148e+00
20133,7.710914e+00
20134,7.703722e+00
20135,7.694189e+00
20136,7.712376e+00
20137,7.703448e+00
20138,7.714236e+00
20139,7.706264e+00
20140,7.704420e+00
20141,7.698515e+00
20142,7.681542e+00
20143,7.679065e+00
20144,7.681761e+00
20145,7.692499e+00
20146,7.697145e+00
20147,7.689065e+00
20148,7.685943e+00
20149,7.690858e+00
20150,7.683895e+00
20151,7.640899e+00
20152,7.651640e+00
20153,7.646189e+00
20154,7.642365e+00
20155,7.641868e+00
20156,7.637544e+00
20157,7.633355e+00
20158,7.651909e+00
20159,7.658352e+00
20160,7.273706e+00
20161,7.640759e+00
20162,7.626078e+00
20163,7.600470e+00
20164,7.587428e+00
20165,7.530762e+00
20166,7.515323e+00
20167,7.370163e+00
20168,7.446615e+00
20169,7.502693e+00
20170,7.494468e+00
20171,7.501366e+00
20172,7.481963e+00
20173,7.527021e+00
20174,7.519704e+00
20175,7.521736e+00
20176,7.512737e+00
20177,7.548560e+00
20178,7.557208e+00
20179,7.560062e+00
20180,7.556812e+00
20181,7.534080e+00
20182,7.559371e+00
20183,7.574321e+00
20184,7.548434e+00
20185,7.587781e+00
20186,7.577632e+00
20187,7.598949e+00
20188,7.597968e+00
20189,7.601116e+00
20190,7.612527e+00
20191,7.601343e+00
20192,7.611338e+00
20193,7.595020e+00
20194,7.606580e+00
20195,7.624032e+00
20196,7.607195e+00
20197,7.632121e+00
20198,7.637119e+00
20199,7.636023e+00
20200,7.643478e+00
20201,7.636033e+00
20202,7.682121e+00
20203,7.699733e+00
20204,7.703822e+00
20205,7.709006e+00
20206,7.719263e+00
20207,7.725249e+00
20208,7.729701e+00
20209,7.730345e+00
20210,7.732005e+00
20211,7.731781e+00
20212,7.737584e+00
20213,7.737245e+00
20214,7.742384e+00
20215,7.742291e+00
20216,7.741216e+00
20217,7.733117e+00
20218,7.733195e+00
20219,7.731908e+00
20220,7.729748e+00
20221,7.729533e+00
20222,7.725811e+00
20223,7.706530e+00
20224,7.328600e+00
20225,7.689062e+00
20226,7.671599e+00
20227,7.646313e+00
20228,7.638632e+00
20229,7.597120e+00
20230,7.562710e+00
20231,7.483366e+00
20232,7.521380e+00
20233,7.574287e+00
20234,7.537219e+00
20235,7.553268e+00
20236,7.509289e+00
20237,7.562094e+00
20238,7.547734e+00
20239,7.575212e+00
20240,7.560835e+00
20241,7.572813e+00
20242,7.570047e+00
20243,7.577653e+00
20244,7.585669e+00
20245,7.580705e+00
20246,7.579773e+00
20247,7.588212e+00
20248,7.590349e+00
20249,7.579400e+00
20250,7.597280e+00
20251,7.613744e+00
20252,7.620136e+00
20253,7.624555e+00
20254,7.603625e+00
20255,7.642403e+00
20256,7.649463e+00
20257,7.645532e+00
20258,7.643323e+00
20259,7.664809e+00
20260,7.667635e+00
20261,7.676976e+00
20262,7.677192e+00
20263,7.668949e+00
20264,7.681025e+00
20265,7.678839e+00
20266,7.705654e+00
20267,7.703793e+00
20268,7.705804e+00
20269,7.709109e+00
20270,7.702114e+00
20271,7.705663e+00
20272,7.704844e+00
20273,7.714841e+00
20274,7.714524e+00
20275,7.712063e+00
20276,7.709996e+00
20277,7.710879e+00
20278,7.699323e+00
20279,7.676579e+00
20280,7.675163e+00
20281,7.684371e+00
20282,7.683453e+00
20283,7.687288e+00
20284,7.687441e+00
20285,7.688159e+00
20286,7.689585e+00
20287,7.691779e+00
20288,7.328289e+00
20289,7.679103e+00
20290,7.654066e+00
20291,7.631066e+00
20292,7.609624e+00
20293,7.565812e+00
20294,7.531392e+00
20295,7.451125e+00
20296,7.463173e+00
20297,7.547339e+00
20298,7.542092e+00
20299,7.538503e+00
20300,7.521400e+00
20301,7.564254e+00
20302,7.560257e+00
20303,7.565464e+00
20304,7.556808e+00
20305,7.579094e+00
20306,7.578085e+00
20307,7.587993e+00
20308,7.586917e+00
20309,7.572810e+00
20310,7.600265e+00
20311,7.608734e+00
20312,7.584588e+00
20313,7.604838e+00
20314,7.615930e+00
20315,7.624811e+00
20316,7.639267e+00
20317,7.650285e+00
20318,7.652449e+00
20319,7.662863e+00
20320,7.656832e+00
20321,7.646816e+00
20322,7.655762e+00
20323,7.683316e+00
20324,7.679138e+00
20325,7.685898e+00
20326,7.690940e+00
20327,7.715523e+00
20328,7.710625e+00
20329,7.703630e+00
20330,7.727967e+00
20331,7.726399e+00
20332,7.745230e+00
20333,7.750083e+00
20334,7.752596e+00
20335,7.755413e+00
20336,7.749250e+00
20337,7.745771e+00
20338,7.733364e+00
20339,7.731645e+00
20340,7.737577e+00
20341,7.734064e+00
20342,7.735304e+00
20343,7.731503e+00
20344,7.719405e+00
20345,7.712986e+00
20346,7.702896e+00
20347,7.691967e+00
20348,7.691421e+00
20349,7.686107e+00
20350,7.681813e+00
20351,7.645668e+00
20352,7.236017e+00
20353,7.621444e+00
20354,7.596291e+00
20355,7.582908e+00
20356,7.571963e+00
20357,7.545615e+00
20358,7.497672e+00
20359,7.446338e+00
20360,7.451845e+00
20361,7.520353e+00
20362,7.500714e+00
20363,7.497692e+00
20364,7.457048e+00
20365,7.506668e+00
20366,7.501949e+00
20367,7.536358e+00
20368,7.520547e+00
20369,7.533030e+00
20370,7.529330e+00
20371,7.539701e+00
20372,7.564382e+00
20373,7.575594e+00
20374,7.584795e+00
20375,7.580956e+00
20376,7.589026e+00
20377,7.581255e+00
20378,7.623775e+00
20379,7.628312e+00
20380,7.649203e+00
20381,7.664348e+00
20382,7.643646e+00
20383,7.678191e+00
20384,7.695784e+00
20385,7.697549e+00
20386,7.675520e+00
20387,7.721317e+00
20388,7.733033e+00
20389,7.739647e+00
20390,7.745396e+00
20391,7.750711e+00
20392,7.755241e+00
20393,7.759947e+00
20394,7.770779e+00
20395,7.758531e+00
20396,7.765274e+00
20397,7.757782e+00
20398,7.742639e+00
20399,7.748065e+00
20400,7.749110e+00
20401,7.765726e+00
20402,7.774593e+00
20403,7.780712e+00
20404,7.782192e+00
20405,7.793804e+00
20406,7.793042e+00
20407,7.791184e+00
20408,7.780314e+00
20409,7.789426e+00
20410,7.797603e+00
20411,7.788940e+00
20412,7.796978e+00
20413,7.796085e+00
20414,7.790881e+00
20415,7.786469e+00
20416,7.473048e+00
20417,7.766367e+00
20418,7.739774e+00
20419,7.727517e+00
20420,7.708773e+00
20421,7.683930e+00
20422,7.633288e+00
20423,7.604211e+00
20424,7.577124e+00
20425,7.676390e+00
20426,7.662675e+00
20427,7.667462e+00
20428,7.654792e+00
20429,7.688304e+00
20430,7.682329e+00
20431,7.692626e+00
20432,7.684886e+00
20433,7.700216e+00
20434,7.696581e+00
20435,7.707222e+00
20436,7.710319e+00
20437,7.700320e+00
20438,7.718770e+00
20439,7.719025e+00
20440,7.693508e+00
20441,7.718278e+00
20442,7.712141e+00
20443,7.729252e+00
20444,7.734487e+00
20445,7.745650e+00
20446,7.745876e+00
20447,7.752490e+00
20448,7.745190e+00
20449,7.738257e+00
20450,7.734843e+00
20451,7.758178e+00
20452,7.760005e+00
20453,7.749685e+00
20454,7.753041e+00
20455,7.760202e+00
20456,7.762024e+00
20457,7.761057e+00
20458,7.743378e+00
20459,7.737485e+00
20460,7.755333e+00
20461,7.752871e+00
20462,7.753063e+00
20463,7.746657e+00
20464,7.737055e+00
20465,7.730645e+00
20466,7.708750e+00
20467,7.705738e+00
20468,7.698053e+00
20469,7.699625e+00
20470,7.713653e+00
20471,7.708443e+00
20472,7.701105e+00
20473,7.686689e+00
20474,7.682570e+00
20475,7.669896e+00
20476,7.654301e+00
20477,7.648169e+00
20478,7.633012e+00
20479,7.589523e+00
20480,7.154510e+00
20481,7.565843e+00
20482,7.551119e+00
20483,7.549695e+00
20484,7.535727e+00
20485,7.530923e+00
20486,7.494133e+00
20487,7.447233e+00
20488,7.452434e+00
20489,7.535360e+00
20490,7.525907e+00
20491,7.512330e+00
20492,7.492821e+00
20493,7.524962e+00
20494,7.530851e+00
20495,7.580555e+00
20496,7.576837e+00
20497,7.591778e+00
20498,7.581640e+00
20499,7.600619e+00
20500,7.638270e+00
20501,7.649400e+00
20502,7.658378e+00
20503,7.653870e+00
20504,7.654468e+00
20505,7.658551e+00
20506,7.691579e+00
20507,7.696150e+00
20508,7.706386e+00
20509,7.729258e+00
20510,7.717396e+00
20511,7.734416e+00
20512,7.750783e+00
20513,7.747883e+00
20514,7.728033e+00
20515,7.773458e+00
20516,7.771509e+00
20517,7.782801e+00
20518,7.783242e+00
20519,7.789271e+00
20520,7.801147e+00
20521,7.817076e+00
20522,7.805468e+00
20523,7.799042e+00
20524,7.806250e+00
20525,7.807605e+00
20526,7.811455e+00
20527,7.808601e+00
20528,7.810580e+00
20529,7.836260e+00
20530,7.844427e+00
20531,7.846923e+00
20532,7.846088e+00
20533,7.847497e+00
20534,7.842622e+00
20535,7.841220e+00
20536,7.833455e+00
20537,7.830571e+00
20538,7.832272e+00
20539,7.820119e+00
20540,7.819976e+00
20541,7.814811e+00
20542,7.800677e+00
20543,7.790808e+00
20544,7.476224e+00
20545,7.768849e+00
20546,7.754522e+00
20547,7.741358e+00
20548,7.727752e+00
20549,7.704577e+00
20550,7.654949e+00
20551,7.605245e+00
20552,7.598993e+00
20553,7.685682e+00
20554,7.652562e+00
20555,7.676755e+00
20556,7.670615e+00
20557,7.683919e+00
20558,7.674974e+00
20559,7.699032e+00
20560,7.692958e+00
20561,7.703284e+00
20562,7.693739e+00
20563,7.709083e+00
20564,7.716336e+00
20565,7.720918e+00
20566,7.727949e+00
20567,7.726779e+00
20568,7.705963e+00
20569,7.733813e+00
20570,7.723045e+00
20571,7.725413e+00
20572,7.759393e+00
20573,7.769172e+00
20574,7.774075e+00
20575,7.787708e+00
20576,7.775831e+00
20577,7.776617e+00
20578,7.791557e+00
20579,7.803834e+00
20580,7.809880e+00
20581,7.807539e+00
20582,7.825834e+00
20583,7.826988e+00
20584,7.832925e+00
20585,7.836385e+00
20586,7.826886e+00
20587,7.831767e+00
20588,7.826292e+00
20589,7.836068e+00
20590,7.841714e+00
20591,7.836032e+00
20592,7.823089e+00
20593,7.815056e+00
20594,7.792753e+00
20595,7.792223e+00
20596,7.781797e+00
20597,7.776810e+00
20598,7.746030e+00
20599,7.737733e+00
20600,7.718438e+00
20601,7.702485e+00
20602,7.675872e+00
20603,7.661084e+00
20604,7.632792e+00
20605,7.615270e+00
20606,7.605052e+00
20607,7.581863e+00
20608,7.128437e+00
20609,7.539492e+00
20610,7.540736e+00
20611,7.542631e+00
20612,7.533014e+00
20613,7.549611e+00
20614,7.518673e+00
20615,7.471077e+00
20616,7.477668e+00
20617,7.557021e+00
20618,7.534873e+00
20619,7.528798e+00
20620,7.530051e+00
20621,7.528313e+00
20622,7.550448e+00
20623,7.614445e+00
20624,7.619716e+00
20625,7.632985e+00
20626,7.618696e+00
20627,7.642144e+00
20628,7.677899e+00
20629,7.685983e+00
20630,7.704122e+00
20631,7.702138e+00
20632,7.707826e+00
20633,7.712876e+00
20634,7.734526e+00
20635,7.749400e+00
20636,7.749252e+00
20637,7.785913e+00
20638,7.783044e+00
20639,7.783904e+00
20640,7.803749e+00
20641,7.799705e+00
20642,7.784469e+00
20643,7.822459e+00
20644,7.817768e+00
20645,7.832782e+00
20646,7.833893e+00
20647,7.846172e+00
20648,7.855866e+00
20649,7.864408e+00
20650,7.857587e+00
20651,7.864669e+00
20652,7.858917e+00
20653,7.864312e+00
20654,7.870001e+00
20655,7.863122e+00
20656,7.860210e+00
20657,7.857914e+00
20658,7.857337e+00
20659,7.862828e+00
20660,7.857379e+00
20661,7.844667e+00
20662,7.833195e+00
20663,7.830488e+00
20664,7.824899e+00
20665,7.808934e+00
20666,7.805987e+00
20667,7.791815e+00
20668,7.781052e+00
20669,7.783151e+00
20670,7.769444e+00
20671,7.757134e+00
20672,7.444696e+00
20673,7.727495e+00
20674,7.727005e+00
20675,7.716808e+00
20676,7.710072e+00
20677,7.687469e+00
20678,7.668909e+00
20679,7.587717e+00
20680,7.612729e+00
20681,7.690180e+00
20682,7.650501e+00
20683,7.683825e+00
20684,7.685901e+00
20685,7.695314e+00
20686,7.688288e+00
20687,7.719267e+00
20688,7.716432e+00
20689,7.726813e+00
20690,7.719199e+00
20691,7.735010e+00
20692,7.739266e+00
20693,7.740988e+00
20694,7.737931e+00
20695,7.741394e+00
20696,7.732757e+00
20697,7.743038e+00
20698,7.730558e+00
20699,7.712024e+00
20700,7.763341e+00
20701,7.770505e+00
20702,7.774976e+00
20703,7.773427e+00
20704,7.762780e+00
20705,7.764938e+00
20706,7.780826e+00
20707,7.777950e+00
20708,7.781801e+00
20709,7.771470e+00
20710,7.791722e+00
20711,7.794935e+00
20712,7.792268e+00
20713,7.799891e+00
20714,7.789549e+00
20715,7.795336e+00
20716,7.784639e+00
20717,7.795680e+00
20718,7.790413e+00
20719,7.782877e+00
20720,7.773749e+00
20721,7.752594e+00
20722,7.726800e+00
20723,7.726387e+00
20724,7.715736e+00
20725,7.717693e+00
20726,7.697628e+00
20727,7.692299e+00
20728,7.685645e+00
20729,7.676369e+00
20730,7.667738e+00
20731,7.662477e+00
20732,7.648983e+00
20733,7.632736e+00
20734,7.622136e+00
20735,7.607364e+00
20736,7.180897e+00
20737,7.582892e+00
20738,7.583977e+00
20739,7.576759e+00
20740,7.583371e+00
20741,7.580670e+00
20742,7.553877e+00
20743,7.492018e+00
20744,7.505996e+00
20745,7.576488e+00
20746,7.550420e+00
20747,7.579490e+00
20748,7.580982e+00
20749,7.557825e+00
20750,7.580927e+00
20751,7.631366e+00
20752,7.634388e+00
20753,7.650189e+00
20754,7.641561e+00
20755,7.663852e+00
20756,7.674058e+00
20757,7.672217e+00
20758,7.691577e+00
20759,7.691746e+00
20760,7.694152e+00
20761,7.692238e+00
20762,7.696295e+00
20763,7.713560e+00
20764,7.704150e+00
20765,7.728784e+00
20766,7.733573e+00
20767,7.721661e+00
20768,7.738596e+00
20769,7.736050e+00
20770,7.722530e+00
20771,7.730115e+00
20772,7.729883e+00
20773,7.749815e+00
20774,7.752176e+00
20775,7.771129e+00
20776,7.782647e+00
20777,7.789282e+00
20778,7.785601e+00
20779,7.792634e+00
20780,7.788084e+00
20781,7.802175e+00
20782,7.802716e+00
20783,7.801072e+00
20784,7.796914e+00
20785,7.790163e+00
20786,7.788531e+00
20787,7.787496e+00
20788,7.783030e+00
20789,7.781970e+00
20790,7.775472e+00
20791,7.772799e+00
20792,7.766354e+00
20793,7.763189e+00
20794,7.757655e+00
20795,7.754128e+00
20796,7.746297e+00
20797,7.741732e+00
20798,7.728104e+00
20799,7.721076e+00
20800,7.372487e+00
20801,7.702048e+00
20802,7.688501e+00
20803,7.661968e+00
20804,7.658076e+00
20805,7.620953e+00
20806,7.607233e+00
20807,7.486495e+00
20808,7.546347e+00
20809,7.612704e+00
20810,7.566993e+00
20811,7.605220e+00
20812,7.613780e+00
20813,7.615850e+00
20814,7.612179e+00
20815,7.650203e+00
20816,7.643260e+00
20817,7.656931e+00
20818,7.653956e+00
20819,7.663133e+00
20820,7.657654e+00
20821,7.657026e+00
20822,7.665496e+00
20823,7.670697e+00
20824,7.674887e+00
20825,7.663742e+00
20826,7.666768e+00
20827,7.628141e+00
20828,7.690007e+00
20829,7.699457e+00
20830,7.705185e+00
20831,7.705580e+00
20832,7.699110e+00
20833,7.704025e+00
20834,7.717152e+00
20835,7.713329e+00
20836,7.713859e+00
20837,7.701977e+00
20838,7.740693e+00
20839,7.753263e+00
20840,7.747203e+00
20841,7.763191e+00
20842,7.754570e+00
20843,7.764665e+00
20844,7.755075e+00
20845,7.770926e+00
20846,7.765205e+00
20847,7.761834e+00
20848,7.756780e+00
20849,7.736224e+00
20850,7.732982e+00
20851,7.724383e+00
20852,7.720473e+00
20853,7.738439e+00
20854,7.739250e+00
20855,7.731132e+00
20856,7.729398e+00
20857,7.722300e+00
20858,7.690149e+00
20859,7.715225e+00
20860,7.708088e+00
20861,7.700847e+00
20862,7.688060e+00
20863,7.678937e+00
20864,7.298251e+00
20865,7.666704e+00
20866,7.662554e+00
20867,7.653790e+00
20868,7.658291e+00
20869,7.638583e+00
20870,7.598755e+00
20871,7.559184e+00
20872,7.546978e+00
20873,7.628753e+00
20874,7.602973e+00
20875,7.632524e+00
20876,7.639378e+00
20877,7.623688e+00
20878,7.637662e+00
20879,7.667340e+00
20880,7.663820e+00
20881,7.685018e+00
20882,7.673220e+00
20883,7.692696e+00
20884,7.692569e+00
20885,7.694578e+00
20886,7.717169e+00
20887,7.712210e+00
20888,7.726179e+00
20889,7.723212e+00
20890,7.708904e+00
20891,7.743179e+00
20892,7.722446e+00
20893,7.751104e+00
20894,7.762711e+00
20895,7.737102e+00
20896,7.760419e+00
20897,7.762554e+00
20898,7.755166e+00
20899,7.735664e+00
20900,7.751817e+00
20901,7.764774e+00
20902,7.776110e+00
20903,7.796858e+00
20904,7.806722e+00
20905,7.814663e+00
20906,7.813205e+00
20907,7.818563e+00
20908,7.820601e+00
20909,7.824541e+00
20910,7.814132e+00
20911,7.813948e+00
20912,7.811627e+00
20913,7.809718e+00
20914,7.808151e+00
20915,7.802035e+00
20916,7.801715e+00
20917,7.792105e+00
20918,7.781056e+00
20919,7.773899e+00
20920,7.765106e+00
20921,7.758656e+00
20922,7.752126e+00
20923,7.732417e+00
20924,7.729966e+00
20925,7.708561e+00
20926,7.693318e+00
20927,7.682363e+00
20928,7.303929e+00
20929,7.654981e+00
20930,7.645671e+00
20931,7.632636e+00
20932,7.621911e+00
20933,7.570487e+00
20934,7.554483e+00
20935,7.447087e+00
20936,7.467956e+00
20937,7.583588e+00
20938,7.566605e+00
20939,7.583581e+00
20940,7.612206e+00
20941,7.631493e+00
20942,7.642339e+00
20943,7.652463e+00
20944,7.646126e+00
20945,7.675482e+00
20946,7.685388e+00
20947,7.700007e+00
20948,7.698033e+00
20949,7.709681e+00
20950,7.737177e+00
20951,7.741938e+00
20952,7.755086e+00
20953,7.757351e+00
20954,7.749132e+00
20955,7.744508e+00
20956,7.768941e+00
20957,7.807186e+00
20958,7.814260e+00
20959,7.807559e+00
20960,7.813264e+00
20961,7.819468e+00
20962,7.824287e+00
20963,7.818153e+00
20964,7.807487e+00
20965,7.791151e+00
20966,7.822805e+00
20967,7.830993e+00
20968,7.822154e+00
20969,7.819400e+00
20970,7.809427e+00
20971,7.819701e+00
20972,7.810408e+00
20973,7.816131e+00
20974,7.803249e+00
20975,7.801632e+00
20976,7.793829e+00
20977,7.779637e+00
20978,7.776956e+00
20979,7.751121e+00
20980,7.765288e+00
20981,7.775952e+00
20982,7.769636e+00
20983,7.766477e+00
20984,7.755304e+00
20985,7.742570e+00
20986,7.713038e+00
20987,7.717331e+00
20988,7.721798e+00
20989,7.714549e+00
20990,7.701664e+00
20991,7.695752e+00
20992,7.326664e+00
20993,7.681484e+00
20994,7.680351e+00
20995,7.675698e+00
20996,7.678466e+00
20997,7.656511e+00
20998,7.618557e+00
20999,7.576626e+00
21000,7.583112e+00
21001,7.653789e+00
21002,7.633103e+00
21003,7.666584e+00
21004,7.671647e+00
21005,7.664947e+00
21006,7.682638e+00
21007,7.690484e+00
21008,7.685205e+00
21009,7.707800e+00
21010,7.704276e+00
21011,7.717976e+00
21012,7.692064e+00
21013,7.695534e+00
21014,7.716105e+00
21015,7.711284e+00
21016,7.731952e+00
21017,7.733517e+00
21018,7.697313e+00
21019,7.737524e+00
21020,7.716723e+00
21021,7.729229e+00
21022,7.747848e+00
21023,7.733571e+00
21024,7.740229e+00
21025,7.752562e+00
21026,7.745425e+00
21027,7.702413e+00
21028,7.725572e+00
21029,7.736254e+00
21030,7.754914e+00
21031,7.762885e+00
21032,7.767010e+00
21033,7.776504e+00
21034,7.777316e+00
21035,7.779911e+00
21036,7.786017e+00
21037,7.790716e+00
21038,7.784214e+00
21039,7.781844e+00
21040,7.787931e+00
21041,7.798095e+00
21042,7.798339e+00
21043,7.793625e+00
21044,7.793947e+00
21045,7.780045e+00
21046,7.773626e+00
21047,7.767336e+00
21048,7.758531e+00
21049,7.748466e+00
21050,7.743763e+00
21051,7.720920e+00
21052,7.719224e+00
21053,7.710021e+00
21054,7.699366e+00
21055,7.688442e+00
21056,7.298711e+00
21057,7.665267e+00
21058,7.652600e+00
21059,7.651595e+00
21060,7.640968e+00
21061,7.603492e+00
21062,7.579680e+00
21063,7.535806e+00
21064,7.470418e+00
21065,7.633422e+00
21066,7.621361e+00
21067,7.619822e+00
21068,7.647106e+00
21069,7.648234e+00
21070,7.651730e+00
21071,7.649831e+00
21072,7.656533e+00
21073,7.683793e+00
21074,7.698156e+00
21075,7.709993e+00
21076,7.704084e+00
21077,7.711214e+00
21078,7.734332e+00
21079,7.737647e+00
21080,7.744743e+00
21081,7.748497e+00
21082,7.745835e+00
21083,7.721685e+00
21084,7.753212e+00
21085,7.770333e+00
21086,7.774215e+00
21087,7.774868e+00
21088,7.773847e+00
21089,7.787097e+00
21090,7.789146e+00
21091,7.785327e+00
21092,7.766908e+00
21093,7.757131e+00
21094,7.790556e+00
21095,7.790375e+00
21096,7.780251e+00
21097,7.775380e+00
21098,7.783178e+00
21099,7.786599e+00
21100,7.787877e+00
21101,7.784458e+00
21102,7.778389e+00
21103,7.782099e+00
21104,7.781413e+00
21105,7.779575e+00
21106,7.774256e+00
21107,7.764103e+00
21108,7.778841e+00
21109,7.763202e+00
21110,7.762483e+00
21111,7.762107e+00
21112,7.751372e+00
21113,7.736893e+00
21114,7.724993e+00
21115,7.713531e+00
21116,7.722409e+00
21117,7.717009e+00
21118,7.697710e+00
21119,7.694007e+00
21120,7.335648e+00
21121,7.682834e+00
21122,7.679796e+00
21123,7.675997e+00
21124,7.673961e+00
21125,7.660075e+00
21126,7.615235e+00
21127,7.574189e+00
21128,7.565673e+00
21129,7.644916e+00
21130,7.635693e+00
21131,7.632457e+00
21132,7.643490e+00
21133,7.634001e+00
21134,7.639092e+00
21135,7.629816e+00
21136,7.630562e+00
21137,7.642400e+00
21138,7.638334e+00
21139,7.664420e+00
21140,7.650644e+00
21141,7.656905e+00
21142,7.669429e+00
21143,7.656517e+00
21144,7.686753e+00
21145,7.697902e+00
21146,7.649816e+00
21147,7.688730e+00
21148,7.694684e+00
21149,7.675421e+00
21150,7.702081e+00
21151,7.712966e+00
21152,7.706506e+00
21153,7.722543e+00
21154,7.719641e+00
21155,7.689508e+00
21156,7.698576e+00
21157,7.716364e+00
21158,7.750053e+00
21159,7.749240e+00
21160,7.741826e+00
21161,7.763112e+00
21162,7.769178e+00
21163,7.768292e+00
21164,7.775467e+00
21165,7.773878e+00
21166,7.770067e+00
21167,7.766222e+00
21168,7.766524e+00
21169,7.765572e+00
21170,7.760763e+00
21171,7.753366e+00
21172,7.742260e+00
21173,7.722596e+00
21174,7.721188e+00
21175,7.713122e+00
21176,7.704703e+00
21177,7.700585e+00
21178,7.695509e+00
21179,7.685098e+00
21180,7.667254e+00
21181,7.673260e+00
21182,7.662705e+00
21183,7.654149e+00
21184,7.259208e+00
21185,7.642753e+00
21186,7.625059e+00
21187,7.627087e+00
21188,7.610945e+00
21189,7.585136e+00
21190,7.542098e+00
21191,7.526814e+00
21192,7.443192e+00
21193,7.588130e+00
21194,7.566938e+00
21195,7.573258e+00
21196,7.594146e+00
21197,7.579546e+00
21198,7.588523e+00
21199,7.586979e+00
21200,7.587311e+00
21201,7.620177e+00
21202,7.643261e+00
21203,7.656445e+00
21204,7.654889e+00
21205,7.668599e+00
21206,7.685946e+00
21207,7.678250e+00
21208,7.690600e+00
21209,7.706305e+00
21210,7.699673e+00
21211,7.703585e+00
21212,7.697910e+00
21213,7.738434e+00
21214,7.744745e+00
21215,7.737288e+00
21216,7.746916e+00
21217,7.758138e+00
21218,7.754921e+00
21219,7.753720e+00
21220,7.731342e+00
21221,7.725499e+00
21222,7.737570e+00
21223,7.731612e+00
21224,7.726914e+00
21225,7.718102e+00
21226,7.735311e+00
21227,7.743710e+00
21228,7.752158e+00
21229,7.731071e+00
21230,7.731643e+00
21231,7.733651e+00
21232,7.739227e+00
21233,7.737508e+00
21234,7.736089e+00
21235,7.736637e+00
21236,7.727739e+00
21237,7.705713e+00
21238,7.704880e+00
21239,7.698366e+00
21240,7.709307e+00
21241,7.704482e+00
21242,7.701450e+00
21243,7.687499e+00
21244,7.693931e+00
21245,7.693937e+00
21246,7.683310e+00
21247,7.676081e+00
21248,7.316160e+00
21249,7.659455e+00
21250,7.664279e+00
21251,7.657707e+00
21252,7.653512e+00
21253,7.641186e+00
21254,7.589672e+00
21255,7.558349e+00
21256,7.520866e+00
21257,7.616338e+00
21258,7.602837e+00
21259,7.582060e+00
21260,7.596300e+00
21261,7.578471e+00
21262,7.598331e+00
21263,7.601189e+00
21264,7.613173e+00
21265,7.616344e+00
21266,7.619604e+00
21267,7.650284e+00
21268,7.637588e+00
21269,7.648710e+00
21270,7.646834e+00
21271,7.632017e+00
21272,7.659958e+00
21273,7.672803e+00
21274,7.632114e+00
21275,7.662472e+00
21276,7.681786e+00
21277,7.662703e+00
21278,7.688109e+00
21279,7.700651e+00
21280,7.704266e+00
21281,7.711434e+00
21282,7.713430e+00
21283,7.692060e+00
21284,7.704265e+00
21285,7.720249e+00
21286,7.708358e+00
21287,7.703776e+00
21288,7.698460e+00
21289,7.724286e+00
21290,7.731655e+00
21291,7.733821e+00
21292,7.745165e+00
21293,7.748017e+00
21294,7.751982e+00
21295,7.747753e+00
21296,7.755115e+00
21297,7.759363e+00
21298,7.756765e+00
21299,7.750962e+00
21300,7.743094e+00
21301,7.728866e+00
21302,7.738513e+00
21303,7.730239e+00
21304,7.728582e+00
21305,7.736220e+00
21306,7.731063e+00
21307,7.729507e+00
21308,7.711129e+00
21309,7.696611e+00
21310,7.699750e+00
21311,7.692641e+00
21312,7.324182e+00
21313,7.682409e+00
21314,7.669179e+00
21315,7.663454e+00
21316,7.648837e+00
21317,7.629901e+00
21318,7.580235e+00
21319,7.564358e+00
21320,7.494361e+00
21321,7.600014e+00
21322,7.583115e+00
21323,7.596266e+00
21324,7.613165e+00
21325,7.591754e+00
21326,7.609199e+00
21327,7.603768e+00
21328,7.595279e+00
21329,7.633410e+00
21330,7.637924e+00
21331,7.650413e+00
21332,7.652004e+00
21333,7.662017e+00
21334,7.667805e+00
21335,7.662489e+00
21336,7.651133e+00
21337,7.671805e+00
21338,7.655990e+00
21339,7.649832e+00
21340,7.667371e+00
21341,7.668227e+00
21342,7.697761e+00
21343,7.697461e+00
21344,7.690206e+00
21345,7.711753e+00
21346,7.712140e+00
21347,7.713810e+00
21348,7.701616e+00
21349,7.706402e+00
21350,7.685977e+00
21351,7.683234e+00
21352,7.687053e+00
21353,7.679663e+00
21354,7.696328e+00
21355,7.710882e+00
21356,7.731137e+00
21357,7.716204e+00
21358,7.719339e+00
21359,7.724195e+00
21360,7.746876e+00
21361,7.753172e+00
21362,7.752002e+00
21363,7.756138e+00
21364,7.756545e+00
21365,7.757843e+00
21366,7.756184e+00
21367,7.752653e+00
21368,7.756195e+00
21369,7.753086e+00
21370,7.742812e+00
21371,7.740676e+00
21372,7.726819e+00
21373,7.729416e+00
21374,7.719142e+00
21375,7.714079e+00
21376,7.350219e+00
21377,7.695087e+00
21378,7.697730e+00
21379,7.687295e+00
21380,7.665444e+00
21381,7.655660e+00
21382,7.607206e+00
21383,7.582453e+00
21384,7.534365e+00
21385,7.637603e+00
21386,7.616298e+00
21387,7.613340e+00
21388,7.630279e+00
21389,7.608635e+00
21390,7.642763e+00
21391,7.658223e+00
21392,7.665946e+00
21393,7.667412e+00
21394,7.671992e+00
21395,7.678636e+00
21396,7.666390e+00
21397,7.682261e+00
21398,7.675398e+00
21399,7.664514e+00
21400,7.694637e+00
21401,7.704412e+00
21402,7.681924e+00
21403,7.686839e+00
21404,7.717142e+00
21405,7.696158e+00
21406,7.727376e+00
21407,7.736655e+00
21408,7.724643e+00
21409,7.736066e+00
21410,7.746138e+00
21411,7.729472e+00
21412,7.736203e+00
21413,7.755689e+00
21414,7.753807e+00
21415,7.747204e+00
21416,7.732580e+00
21417,7.768180e+00
21418,7.783188e+00
21419,7.776246e+00
21420,7.781181e+00
21421,7.776064e+00
21422,7.785952e+00
21423,7.779216e+00
21424,7.779631e+00
21425,7.771479e+00
21426,7.765852e+00
21427,7.755685e+00
21428,7.735173e+00
21429,7.724639e+00
21430,7.731707e+00
21431,7.723852e+00
21432,7.732852e+00
21433,7.730582e+00
21434,7.726895e+00
21435,7.714179e+00
21436,7.702825e+00
21437,7.655196e+00
21438,7.657967e+00
21439,7.646481e+00
21440,7.270722e+00
21441,7.641824e+00
21442,7.637460e+00
21443,7.627653e+00
21444,7.625687e+00
21445,7.617190e+00
21446,7.575273e+00
21447,7.568400e+00
21448,7.522768e+00
21449,7.608679e+00
21450,7.594165e+00
21451,7.615721e+00
21452,7.645963e+00
21453,7.626916e+00
21454,7.654692e+00
21455,7.646141e+00
21456,7.655251e+00
21457,7.686042e+00
21458,7.665839e+00
21459,7.687413e+00
21460,7.690025e+00
21461,7.700094e+00
21462,7.705483e+00
21463,7.703363e+00
21464,7.697785e+00
21465,7.702055e+00
21466,7.712577e+00
21467,7.685404e+00
21468,7.732011e+00
21469,7.731286e+00
21470,7.751122e+00
21471,7.739181e+00
21472,7.740418e+00
21473,7.758011e+00
21474,7.761763e+00
21475,7.763072e+00
21476,7.757907e+00
21477,7.762822e+00
21478,7.728775e+00
21479,7.735513e+00
21480,7.740855e+00
21481,7.747178e+00
21482,7.758066e+00
21483,7.776240e+00
21484,7.788138e+00
21485,7.775224e+00
21486,7.776995e+00
21487,7.778446e+00
21488,7.781254e+00
21489,7.773141e+00
21490,7.764917e+00
21491,7.760712e+00
21492,7.756601e+00
21493,7.755925e+00
21494,7.749553e+00
21495,7.746315e+00
21496,7.742445e+00
21497,7.735293e+00
21498,7.728695e+00
21499,7.718780e+00
21500,7.711069e+00
21501,7.711741e+00
21502,7.702010e+00
21503,7.696138e+00
21504,7.341466e+00
21505,7.685792e+00
21506,7.676355e+00
21507,7.667069e+00
21508,7.645616e+00
21509,7.635731e+00
21510,7.598843e+00
21511,7.568182e+00
21512,7.549320e+00
21513,7.636440e+00
21514,7.615248e+00
21515,7.637795e+00
21516,7.651469e+00
21517,7.622373e+00
21518,7.663700e+00
21519,7.671696e+00
21520,7.680688e+00
21521,7.685421e+00
21522,7.683575e+00
21523,7.679469e+00
21524,7.687522e+00
21525,7.703267e+00
21526,7.696963e+00
21527,7.693363e+00
21528,7.720640e+00
21529,7.728640e+00
21530,7.710662e+00
21531,7.710476e+00
21532,7.736880e+00
21533,7.733281e+00
21534,7.751470e+00
21535,7.754215e+00
21536,7.758619e+00
21537,7.748842e+00
21538,7.763509e+00
21539,7.755158e+00
21540,7.755566e+00
21541,7.764099e+00
21542,7.747647e+00
21543,7.744164e+00
21544,7.733889e+00
21545,7.750202e+00
21546,7.754578e+00
21547,7.740070e+00
21548,7.730897e+00
21549,7.719009e+00
21550,7.735412e+00
21551,7.729349e+00
21552,7.724749e+00
21553,7.705786e+00
21554,7.700145e+00
21555,7.688501e+00
21556,7.667243e+00
21557,7.658756e+00
21558,7.646639e+00
21559,7.654772e+00
21560,7.679271e+00
21561,7.666231e+00
21562,7.665696e+00
21563,7.656426e+00
21564,7.645143e+00
21565,7.621174e+00
21566,7.618249e+00
21567,7.614909e+00
21568,7.209433e+00
21569,7.608920e+00
21570,7.594458e+00
21571,7.607395e+00
21572,7.604572e+00
21573,7.596188e+00
21574,7.545934e+00
21575,7.544732e+00
21576,7.507554e+00
21577,7.581581e+00
21578,7.566012e+00
21579,7.581716e+00
21580,7.606985e+00
21581,7.577047e+00
21582,7.602394e+00
21583,7.594560e+00
21584,7.610750e+00
21585,7.602565e+00
21586,7.577954e+00
21587,7.599764e+00
21588,7.597368e+00
21589,7.614770e+00
21590,7.631576e+00
21591,7.639099e+00
21592,7.641126e+00
21593,7.633149e+00
21594,7.647288e+00
21595,7.631725e+00
21596,7.652511e+00
21597,7.674181e+00
21598,7.670648e+00
21599,7.670399e+00
21600,7.656677e+00
21601,7.687993e+00
21602,7.694922e+00
21603,7.694540e+00
21604,7.699051e+00
21605,7.704971e+00
21606,7.670724e+00
21607,7.685583e+00
21608,7.696134e+00
21609,7.712157e+00
21610,7.725457e+00
21611,7.726439e+00
21612,7.729264e+00
21613,7.728268e+00
21614,7.729948e+00
21615,7.744001e+00
21616,7.761966e+00
21617,7.764667e+00
21618,7.760091e+00
21619,7.770288e+00
21620,7.779480e+00
21621,7.781463e+00
21622,7.776255e+00
21623,7.776938e+00
21624,7.769965e+00
21625,7.768838e+00
21626,7.769403e+00
21627,7.768951e+00
21628,7.753269e+00
21629,7.761553e+00
21630,7.754123e+00
21631,7.748998e+00
21632,7.438686e+00
21633,7.737296e+00
21634,7.730760e+00
21635,7.725984e+00
21636,7.719613e+00
21637,7.699904e+00
21638,7.662146e+00
21639,7.630187e+00
21640,7.573986e+00
21641,7.669490e+00
21642,7.654908e+00
21643,7.665611e+00
21644,7.682815e+00
21645,7.652110e+00
21646,7.682639e+00
21647,7.667045e+00
21648,7.673638e+00
21649,7.680961e+00
21650,7.676763e+00
21651,7.672916e+00
21652,7.671613e+00
21653,7.673228e+00
21654,7.677868e+00
21655,7.682167e+00
21656,7.703132e+00
21657,7.705131e+00
21658,7.687128e+00
21659,7.689307e+00
21660,7.688342e+00
21661,7.704786e+00
21662,7.705916e+00
21663,7.705240e+00
21664,7.705743e+00
21665,7.693758e+00
21666,7.695525e+00
21667,7.678746e+00
21668,7.692166e+00
21669,7.691395e+00
21670,7.677567e+00
21671,7.664837e+00
21672,7.660707e+00
21673,7.673784e+00
21674,7.665472e+00
21675,7.650415e+00
21676,7.635610e+00
21677,7.626248e+00
21678,7.645346e+00
21679,7.644005e+00
21680,7.644675e+00
21681,7.632078e+00
21682,7.628917e+00
21683,7.626767e+00
21684,7.622344e+00
21685,7.620238e+00
21686,7.609088e+00
21687,7.631424e+00
21688,7.632893e+00
21689,7.608095e+00
21690,7.620613e+00
21691,7.613357e+00
21692,7.606541e+00
21693,7.582320e+00
21694,7.579910e+00
21695,7.579056e+00
21696,7.149326e+00
21697,7.569622e+00
21698,7.562815e+00
21699,7.548730e+00
21700,7.551662e+00
21701,7.547904e+00
21702,7.507740e+00
21703,7.488831e+00
21704,7.469960e+00
21705,7.521217e+00
21706,7.518509e+00
21707,7.524084e+00
21708,7.553766e+00
21709,7.526931e+00
21710,7.557984e+00
21711,7.539062e+00
21712,7.566575e+00
21713,7.572185e+00
21714,7.570876e+00
21715,7.578581e+00
21716,7.574940e+00
21717,7.603219e+00
21718,7.628602e+00
21719,7.635336e+00
21720,7.640297e+00
21721,7.637874e+00
21722,7.645396e+00
21723,7.648616e+00
21724,7.648229e+00
21725,7.683379e+00
21726,7.675809e+00
21727,7.694460e+00
21728,7.674085e+00
21729,7.704532e+00
21730,7.715527e+00
21731,7.721312e+00
21732,7.723946e+00
21733,7.731869e+00
21734,7.707733e+00
21735,7.725169e+00
21736,7.735022e+00
21737,7.749286e+00
21738,7.750345e+00
21739,7.746658e+00
21740,7.761006e+00
21741,7.768167e+00
21742,7.763266e+00
21743,7.772811e+00
21744,7.781020e+00
21745,7.784106e+00
21746,7.781314e+00
21747,7.783406e+00
21748,7.780876e+00
21749,7.777783e+00
21750,7.770518e+00
21751,7.761987e+00
21752,7.742007e+00
21753,7.746457e+00
21754,7.744750e+00
21755,7.742414e+00
21756,7.733190e+00
21757,7.731892e+00
21758,7.732787e+00
21759,7.727601e+00
21760,7.417249e+00
21761,7.717923e+00
21762,7.714138e+00
21763,7.700275e+00
21764,7.690384e+00
21765,7.679700e+00
21766,7.636192e+00
21767,7.609786e+00
21768,7.519399e+00
21769,7.630843e+00
21770,7.623532e+00
21771,7.630487e+00
21772,7.665224e+00
21773,7.641299e+00
21774,7.674643e+00
21775,7.657816e+00
21776,7.671786e+00
21777,7.677032e+00
21778,7.678493e+00
21779,7.689843e+00
21780,7.680962e+00
21781,7.689574e+00
21782,7.690676e+00
21783,7.692087e+00
21784,7.684990e+00
21785,7.690942e+00
21786,7.663497e+00
21787,7.677577e+00
21788,7.649083e+00
21789,7.658642e+00
21790,7.671951e+00
21791,7.668615e+00
21792,7.655867e+00
21793,7.665374e+00
21794,7.651849e+00
21795,7.641334e+00
21796,7.647928e+00
21797,7.653965e+00
21798,7.643681e+00
21799,7.617990e+00
21800,7.625640e+00
21801,7.619762e+00
21802,7.611211e+00
21803,7.600310e+00
21804,7.565780e+00
21805,7.566746e+00
21806,7.573201e+00
21807,7.589546e+00
21808,7.596106e+00
21809,7.585530e+00
21810,7.582772e+00
21811,7.584876e+00
21812,7.578955e+00
21813,7.568758e+00
21814,7.562064e+00
21815,7.578872e+00
21816,7.575311e+00
21817,7.571911e+00
21818,7.563107e+00
21819,7.572816e+00
21820,7.570244e+00
21821,7.563540e+00
21822,7.560340e+00
21823,7.560986e+00
21824,7.148416e+00
21825,7.560659e+00
21826,7.564508e+00
21827,7.548932e+00
21828,7.540555e+00
21829,7.548318e+00
21830,7.509459e+00
21831,7.495231e+00
21832,7.453805e+00
21833,7.526887e+00
21834,7.530007e+00
21835,7.510338e+00
21836,7.555594e+00
21837,7.537415e+00
21838,7.565841e+00
21839,7.538937e+00
21840,7.569365e+00
21841,7.577039e+00
21842,7.582575e+00
21843,7.584891e+00
21844,7.578370e+00
21845,7.604441e+00
21846,7.602783e+00
21847,7.593998e+00
21848,7.598614e+00
21849,7.601471e+00
21850,7.601418e+00
21851,7.601022e+00
21852,7.600328e+00
21853,7.616853e+00
21854,7.622802e+00
21855,7.625673e+00
21856,7.591294e+00
21857,7.631149e+00
21858,7.642658e+00
21859,7.642607e+00
21860,7.643892e+00
21861,7.653172e+00
21862,7.643481e+00
21863,7.649255e+00
21864,7.663713e+00
21865,7.679967e+00
21866,7.675870e+00
21867,7.674137e+00
21868,7.683244e+00
21869,7.688746e+00
21870,7.687441e+00
21871,7.693284e+00
21872,7.691370e+00
21873,7.693669e+00
21874,7.690995e+00
21875,7.689231e+00
21876,7.682674e+00
21877,7.677896e+00
21878,7.671400e+00
21879,7.657897e+00
21880,7.637946e+00
21881,7.645503e+00
21882,7.640763e+00
21883,7.639669e+00
21884,7.651505e+00
21885,7.651644e+00
21886,7.659742e+00
21887,7.663244e+00
21888,7.315838e+00
21889,7.645535e+00
21890,7.641418e+00
21891,7.622210e+00
21892,7.608982e+00
21893,7.603292e+00
21894,7.546726e+00
21895,7.541040e+00
21896,7.436087e+00
21897,7.540867e+00
21898,7.535642e+00
21899,7.545160e+00
21900,7.564665e+00
21901,7.536710e+00
21902,7.568182e+00
21903,7.539431e+00
21904,7.556342e+00
21905,7.561512e+00
21906,7.558151e+00
21907,7.569248e+00
21908,7.566397e+00
21909,7.587424e+00
21910,7.572087e+00
21911,7.572841e+00
21912,7.571406e+00
21913,7.570717e+00
21914,7.570045e+00
21915,7.553062e+00
21916,7.568680e+00
21917,7.548261e+00
21918,7.596515e+00
21919,7.600763e+00
21920,7.592716e+00
21921,7.603032e+00
21922,7.603330e+00
21923,7.602174e+00
21924,7.603264e+00
21925,7.624171e+00
21926,7.620158e+00
21927,7.600795e+00
21928,7.624840e+00
21929,7.613399e+00
21930,7.604971e+00
21931,7.604300e+00
21932,7.587617e+00
21933,7.598772e+00
21934,7.593248e+00
21935,7.624237e+00
21936,7.614275e+00
21937,7.608986e+00
21938,7.607032e+00
21939,7.611492e+00
21940,7.606181e+00
21941,7.597754e+00
21942,7.596818e+00
21943,7.611291e+00
21944,7.616587e+00
21945,7.622367e+00
21946,7.609070e+00
21947,7.618307e+00
21948,7.617459e+00
21949,7.613535e+00
21950,7.614822e+00
21951,7.616096e+00
21952,7.239685e+00
21953,7.611943e+00
21954,7.611684e+00
21955,7.597904e+00
21956,7.582533e+00
21957,7.589808e+00
21958,7.545007e+00
21959,7.508150e+00
21960,7.474130e+00
21961,7.545673e+00
21962,7.546380e+00
21963,7.534250e+00
21964,7.569402e+00
21965,7.536351e+00
21966,7.556594e+00
21967,7.534592e+00
21968,7.561057e+00
21969,7.558989e+00
21970,7.563685e+00
21971,7.568768e+00
21972,7.563927e+00
21973,7.582523e+00
21974,7.570031e+00
21975,7.570355e+00
21976,7.581622e+00
21977,7.557109e+00
21978,7.587981e+00
21979,7.570824e+00
21980,7.583465e+00
21981,7.600371e+00
21982,7.607282e+00
21983,7.624344e+00
21984,7.617548e+00
21985,7.606615e+00
21986,7.644637e+00
21987,7.652526e+00
21988,7.638896e+00
21989,7.652772e+00
21990,7.647387e+00
21991,7.652143e+00
21992,7.662618e+00
21993,7.655446e+00
21994,7.661814e+00
21995,7.664346e+00
21996,7.669317e+00
21997,7.673650e+00
21998,7.668375e+00
21999,7.667529e+00
22000,7.655708e+00
22001,7.660194e+00
22002,7.658943e+00
22003,7.650918e+00
22004,7.636997e+00
22005,7.629890e+00
22006,7.623021e+00
22007,7.607016e+00
22008,7.589247e+00
22009,7.586536e+00
22010,7.582924e+00
22011,7.595747e+00
22012,7.623258e+00
22013,7.631568e+00
22014,7.624834e+00
22015,7.637996e+00
22016,7.258482e+00
22017,7.621134e+00
22018,7.609097e+00
22019,7.592710e+00
22020,7.571107e+00
22021,7.572868e+00
22022,7.513542e+00
22023,7.513053e+00
22024,7.437836e+00
22025,7.506962e+00
22026,7.520241e+00
22027,7.547116e+00
22028,7.567360e+00
22029,7.546454e+00
22030,7.580158e+00
22031,7.565037e+00
22032,7.585930e+00
22033,7.578818e+00
22034,7.584506e+00
22035,7.605578e+00
22036,7.611362e+00
22037,7.619071e+00
22038,7.603843e+00
22039,7.616822e+00
22040,7.630291e+00
22041,7.624661e+00
22042,7.637690e+00
22043,7.622186e+00
22044,7.621094e+00
22045,7.623605e+00
22046,7.653198e+00
22047,7.665408e+00
22048,7.669958e+00
22049,7.655581e+00
22050,7.674056e+00
22051,7.672626e+00
22052,7.671023e+00
22053,7.677320e+00
22054,7.674443e+00
22055,7.664477e+00
22056,7.672289e+00
22057,7.645299e+00
22058,7.647565e+00
22059,7.642044e+00
22060,7.623158e+00
22061,7.630249e+00
22062,7.626129e+00
22063,7.656610e+00
22064,7.644522e+00
22065,7.646655e+00
22066,7.643420e+00
22067,7.661964e+00
22068,7.663759e+00
22069,7.658457e+00
22070,7.661828e+00
22071,7.669830e+00
22072,7.680945e+00
22073,7.682195e+00
22074,7.667217e+00
22075,7.666986e+00
22076,7.665884e+00
22077,7.667334e+00
22078,7.664026e+00
22079,7.662627e+00
22080,7.298068e+00
22081,7.657779e+00
22082,7.652047e+00
22083,7.638797e+00
22084,7.623286e+00
22085,7.625631e+00
22086,7.585184e+00
22087,7.536563e+00
22088,7.517943e+00
22089,7.564374e+00
22090,7.574280e+00
22091,7.568835e+00
22092,7.594036e+00
22093,7.548901e+00
22094,7.582163e+00
22095,7.559061e+00
22096,7.588470e+00
22097,7.583598e+00
22098,7.587595e+00
22099,7.593391e+00
22100,7.591491e+00
22101,7.604661e+00
22102,7.580269e+00
22103,7.580430e+00
22104,7.589622e+00
22105,7.565142e+00
22106,7.604668e+00
22107,7.604983e+00
22108,7.580148e+00
22109,7.623443e+00
22110,7.612983e+00
22111,7.626967e+00
22112,7.632513e+00
22113,7.614928e+00
22114,7.642302e+00
22115,7.648823e+00
22116,7.646924e+00
22117,7.633097e+00
22118,7.631538e+00
22119,7.657098e+00
22120,7.663182e+00
22121,7.655779e+00
22122,7.662825e+00
22123,7.670705e+00
22124,7.688371e+00
22125,7.694452e+00
22126,7.691612e+00
22127,7.696549e+00
22128,7.688378e+00
22129,7.693475e+00
22130,7.694134e+00
22131,7.692998e+00
22132,7.688139e+00
22133,7.686704e+00
22134,7.689498e+00
22135,7.682093e+00
22136,7.671863e+00
22137,7.663551e+00
22138,7.660920e+00
22139,7.677352e+00
22140,7.674673e+00
22141,7.689605e+00
22142,7.676109e+00
22143,7.681996e+00
22144,7.323155e+00
22145,7.668413e+00
22146,7.648534e+00
22147,7.631401e+00
22148,7.615094e+00
22149,7.604147e+00
22150,7.571891e+00
22151,7.534249e+00
22152,7.512220e+00
22153,7.520666e+00
22154,7.553303e+00
22155,7.583620e+00
22156,7.597918e+00
22157,7.577772e+00
22158,7.610957e+00
22159,7.591388e+00
22160,7.609799e+00
22161,7.597173e+00
22162,7.612364e+00
22163,7.630448e+00
22164,7.640238e+00
22165,7.641040e+00
22166,7.638334e+00
22167,7.652062e+00
22168,7.667079e+00
22169,7.665331e+00
22170,7.672486e+00
22171,7.675056e+00
22172,7.650981e+00
22173,7.661406e+00
22174,7.686006e+00
22175,7.698251e+00
22176,7.697763e+00
22177,7.695640e+00
22178,7.698334e+00
22179,7.698715e+00
22180,7.707042e+00
22181,7.694558e+00
22182,7.697459e+00
22183,7.692443e+00
22184,7.710660e+00
22185,7.698676e+00
22186,7.701654e+00
22187,7.709643e+00
22188,7.716741e+00
22189,7.705757e+00
22190,7.704380e+00
22191,7.730745e+00
22192,7.734910e+00
22193,7.737482e+00
22194,7.730223e+00
22195,7.729125e+00
22196,7.727731e+00
22197,7.731579e+00
22198,7.729784e+00
22199,7.723229e+00
22200,7.720344e+00
22201,7.710463e+00
22202,7.697649e+00
22203,7.678409e+00
22204,7.671956e+00
22205,7.668784e+00
22206,7.668439e+00
22207,7.645187e+00
22208,7.256607e+00
22209,7.633116e+00
22210,7.620319e+00
22211,7.617468e+00
22212,7.608610e+00
22213,7.605440e+00
22214,7.581181e+00
22215,7.507778e+00
22216,7.521403e+00
22217,7.534503e+00
22218,7.562104e+00
22219,7.563137e+00
22220,7.574891e+00
22221,7.528338e+00
22222,7.566972e+00
22223,7.543233e+00
22224,7.591388e+00
22225,7.585545e+00
22226,7.595457e+00
22227,7.597682e+00
22228,7.600455e+00
22229,7.613058e+00
22230,7.600817e+00
22231,7.608070e+00
22232,7.607488e+00
22233,7.587677e+00
22234,7.640040e+00
22235,7.653946e+00
22236,7.605795e+00
22237,7.663768e+00
22238,7.662127e+00
22239,7.663402e+00
22240,7.672658e+00
22241,7.676342e+00
22242,7.689883e+00
22243,7.698884e+00
22244,7.702892e+00
22245,7.689112e+00
22246,7.694084e+00
22247,7.707152e+00
22248,7.729687e+00
22249,7.733268e+00
22250,7.719832e+00
22251,7.740904e+00
22252,7.766218e+00
22253,7.769591e+00
22254,7.766823e+00
22255,7.759963e+00
22256,7.748331e+00
22257,7.761259e+00
22258,7.761741e+00
22259,7.758891e+00
22260,7.750077e+00
22261,7.745956e+00
22262,7.734484e+00
22263,7.713364e+00
22264,7.697096e+00
22265,7.676445e+00
22266,7.681742e+00
22267,7.704972e+00
22268,7.704743e+00
22269,7.712616e+00
22270,7.709866e+00
22271,7.700188e+00
22272,7.367406e+00
22273,7.700119e+00
22274,7.686312e+00
22275,7.676159e+00
22276,7.667431e+00
22277,7.654060e+00
22278,7.642582e+00
22279,7.564468e+00
22280,7.588620e+00
22281,7.567948e+00
22282,7.620331e+00
22283,7.639046e+00
22284,7.654113e+00
22285,7.640097e+00
22286,7.675185e+00
22287,7.662276e+00
22288,7.685453e+00
22289,7.675964e+00
22290,7.695627e+00
22291,7.710967e+00
22292,7.716952e+00
22293,7.723987e+00
22294,7.736151e+00
22295,7.746348e+00
22296,7.761437e+00
22297,7.760979e+00
22298,7.765788e+00
22299,7.781611e+00
22300,7.759528e+00
22301,7.767542e+00
22302,7.786961e+00
22303,7.805411e+00
22304,7.809191e+00
22305,7.803728e+00
22306,7.808617e+00
22307,7.814874e+00
22308,7.819922e+00
22309,7.819269e+00
22310,7.817082e+00
22311,7.804749e+00
22312,7.819134e+00
22313,7.810657e+00
22314,7.811860e+00
22315,7.818076e+00
22316,7.817709e+00
22317,7.813888e+00
22318,7.812558e+00
22319,7.795036e+00
22320,7.796256e+00
22321,7.800182e+00
22322,7.797552e+00
22323,7.787823e+00
22324,7.781820e+00
22325,7.771588e+00
22326,7.772030e+00
22327,7.759698e+00
22328,7.748114e+00
22329,7.733679e+00
22330,7.722338e+00
22331,7.689288e+00
22332,7.680037e+00
22333,7.672996e+00
22334,7.658024e+00
22335,7.646889e+00
22336,7.235765e+00
22337,7.636950e+00
22338,7.629601e+00
22339,7.629504e+00
22340,7.616293e+00
22341,7.629907e+00
22342,7.610053e+00
22343,7.524029e+00
22344,7.555697e+00
22345,7.562698e+00
22346,7.588349e+00
22347,7.588134e+00
22348,7.603666e+00
22349,7.578575e+00
22350,7.602183e+00
22351,7.582124e+00
22352,7.638915e+00
22353,7.634480e+00
22354,7.645424e+00
22355,7.644624e+00
22356,7.652314e+00
22357,7.665603e+00
22358,7.652495e+00
22359,7.660638e+00
22360,7.652576e+00
22361,7.643375e+00
22362,7.671152e+00
22363,7.692457e+00
22364,7.638608e+00
22365,7.679493e+00
22366,7.696193e+00
22367,7.679146e+00
22368,7.694625e+00
22369,7.698643e+00
22370,7.705965e+00
22371,7.713674e+00
22372,7.710358e+00
22373,7.705168e+00
22374,7.710762e+00
22375,7.709259e+00
22376,7.729922e+00
22377,7.723669e+00
22378,7.711733e+00
22379,7.731180e+00
22380,7.728640e+00
22381,7.728613e+00
22382,7.722622e+00
22383,7.704329e+00
22384,7.698805e+00
22385,7.704645e+00
22386,7.707350e+00
22387,7.723270e+00
22388,7.726050e+00
22389,7.726298e+00
22390,7.728410e+00
22391,7.730570e+00
22392,7.720569e+00
22393,7.698131e+00
22394,7.713564e+00
22395,7.725632e+00
22396,7.723552e+00
22397,7.749679e+00
22398,7.745418e+00
22399,7.739320e+00
22400,7.422279e+00
22401,7.736163e+00
22402,7.724131e+00
22403,7.711135e+00
22404,7.698875e+00
22405,7.677713e+00
22406,7.664383e+00
22407,7.581430e+00
22408,7.601721e+00
22409,7.583459e+00
22410,7.631315e+00
22411,7.599866e+00
22412,7.636478e+00
22413,7.629199e+00
22414,7.651879e+00
22415,7.632246e+00
22416,7.657713e+00
22417,7.651684e+00
22418,7.664626e+00
22419,7.667016e+00
22420,7.659872e+00
22421,7.671463e+00
22422,7.672924e+00
22423,7.683268e+00
22424,7.695757e+00
22425,7.694989e+00
22426,7.687611e+00
22427,7.704160e+00
22428,7.682370e+00
22429,7.673568e+00
22430,7.708563e+00
22431,7.717379e+00
22432,7.723328e+00
22433,7.724337e+00
22434,7.719711e+00
22435,7.733955e+00
22436,7.737668e+00
22437,7.742682e+00
22438,7.736078e+00
22439,7.733100e+00
22440,7.732257e+00
22441,7.723303e+00
22442,7.729280e+00
22443,7.736895e+00
22444,7.735236e+00
22445,7.736799e+00
22446,7.732832e+00
22447,7.716296e+00
22448,7.720221e+00
22449,7.712655e+00
22450,7.726333e+00
22451,7.728838e+00
22452,7.722378e+00
22453,7.713758e+00
22454,7.713321e+00
22455,7.701368e+00
22456,7.691803e+00
22457,7.680431e+00
22458,7.665081e+00
22459,7.631973e+00
22460,7.626759e+00
22461,7.605233e+00
22462,7.591308e+00
22463,7.571952e+00
22464,7.122886e+00
22465,7.561536e+00
22466,7.558294e+00
22467,7.546802e+00
22468,7.533767e+00
22469,7.527269e+00
22470,7.516746e+00
22471,7.400973e+00
22472,7.437532e+00
22473,7.442419e+00
22474,7.468043e+00
22475,7.460578e+00
22476,7.502638e+00
22477,7.502402e+00
22478,7.504243e+00
22479,7.496956e+00
22480,7.563464e+00
22481,7.566947e+00
22482,7.584445e+00
22483,7.586732e+00
22484,7.601479e+00
22485,7.621609e+00
22486,7.617513e+00
22487,7.630152e+00
22488,7.623681e+00
22489,7.629996e+00
22490,7.656964e+00
22491,7.684912e+00
22492,7.660132e+00
22493,7.681726e+00
22494,7.716002e+00
22495,7.709252e+00
22496,7.727691e+00
22497,7.733724e+00
22498,7.750636e+00
22499,7.760607e+00
22500,7.762441e+00
22501,7.762255e+00
22502,7.771352e+00
22503,7.771153e+00
22504,7.787675e+00
22505,7.784065e+00
22506,7.776644e+00
22507,7.796628e+00
22508,7.794081e+00
22509,7.797072e+00
22510,7.792197e+00
22511,7.785705e+00
22512,7.793845e+00
22513,7.784598e+00
22514,7.794998e+00
22515,7.808624e+00
22516,7.806334e+00
22517,7.805454e+00
22518,7.804249e+00
22519,7.798750e+00
22520,7.790950e+00
22521,7.780752e+00
22522,7.783547e+00
22523,7.776407e+00
22524,7.773407e+00
22525,7.772334e+00
22526,7.770305e+00
22527,7.756621e+00
22528,7.458007e+00
22529,7.744469e+00
22530,7.735443e+00
22531,7.720336e+00
22532,7.705741e+00
22533,7.684410e+00
22534,7.644116e+00
22535,7.594385e+00
22536,7.579820e+00
22537,7.590138e+00
22538,7.632790e+00
22539,7.571947e+00
22540,7.629057e+00
22541,7.604922e+00
22542,7.637168e+00
22543,7.620799e+00
22544,7.655238e+00
22545,7.653205e+00
22546,7.666895e+00
22547,7.666963e+00
22548,7.666850e+00
22549,7.679522e+00
22550,7.675988e+00
22551,7.697369e+00
22552,7.703957e+00
22553,7.707049e+00
22554,7.695436e+00
22555,7.707539e+00
22556,7.702238e+00
22557,7.676613e+00
22558,7.730123e+00
22559,7.740979e+00
22560,7.752791e+00
22561,7.734725e+00
22562,7.742344e+00
22563,7.758675e+00
22564,7.758855e+00
22565,7.764255e+00
22566,7.760347e+00
22567,7.761463e+00
22568,7.735582e+00
22569,7.733637e+00
22570,7.745961e+00
22571,7.749229e+00
22572,7.745498e+00
22573,7.743249e+00
22574,7.746097e+00
22575,7.748579e+00
22576,7.744271e+00
22577,7.739690e+00
22578,7.755787e+00
22579,7.745235e+00
22580,7.738567e+00
22581,7.729405e+00
22582,7.708764e+00
22583,7.687219e+00
22584,7.676099e+00
22585,7.663056e+00
22586,7.646898e+00
22587,7.614859e+00
22588,7.601927e+00
22589,7.571909e+00
22590,7.556641e+00
22591,7.564912e+00
22592,7.112138e+00
22593,7.555710e+00
22594,7.561811e+00
22595,7.560770e+00
22596,7.564231e+00
22597,7.556091e+00
22598,7.545034e+00
22599,7.472227e+00
22600,7.462309e+00
22601,7.525395e+00
22602,7.565981e+00
22603,7.525828e+00
22604,7.594287e+00
22605,7.600852e+00
22606,7.586785e+00
22607,7.583255e+00
22608,7.642329e+00
22609,7.645727e+00
22610,7.666502e+00
22611,7.666092e+00
22612,7.678938e+00
22613,7.692885e+00
22614,7.698400e+00
22615,7.702657e+00
22616,7.702969e+00
22617,7.706354e+00
22618,7.712864e+00
22619,7.745805e+00
22620,7.721667e+00
22621,7.731204e+00
22622,7.763693e+00
22623,7.763191e+00
22624,7.774271e+00
22625,7.769320e+00
22626,7.776818e+00
22627,7.783422e+00
22628,7.781581e+00
22629,7.772368e+00
22630,7.781273e+00
22631,7.781282e+00
22632,7.774782e+00
22633,7.775792e+00
22634,7.769383e+00
22635,7.779964e+00
22636,7.770245e+00
22637,7.767962e+00
22638,7.765503e+00
22639,7.759560e+00
22640,7.765892e+00
22641,7.749796e+00
22642,7.769334e+00
22643,7.767163e+00
22644,7.764051e+00
22645,7.764652e+00
22646,7.760475e+00
22647,7.753601e+00
22648,7.745711e+00
22649,7.741820e+00
22650,7.746545e+00
22651,7.741513e+00
22652,7.737669e+00
22653,7.713634e+00
22654,7.724912e+00
22655,7.716591e+00
22656,7.392499e+00
22657,7.701118e+00
22658,7.693438e+00
22659,7.678067e+00
22660,7.664909e+00
22661,7.650881e+00
22662,7.604439e+00
22663,7.566972e+00
22664,7.536606e+00
22665,7.569028e+00
22666,7.608963e+00
22667,7.538471e+00
22668,7.598807e+00
22669,7.573465e+00
22670,7.589224e+00
22671,7.547559e+00
22672,7.581281e+00
22673,7.559427e+00
22674,7.576249e+00
22675,7.576568e+00
22676,7.585422e+00
22677,7.595457e+00
22678,7.596827e+00
22679,7.622489e+00
22680,7.626648e+00
22681,7.629688e+00
22682,7.629730e+00
22683,7.618050e+00
22684,7.636877e+00
22685,7.598184e+00
22686,7.663110e+00
22687,7.680391e+00
22688,7.690688e+00
22689,7.676760e+00
22690,7.678483e+00
22691,7.702831e+00
22692,7.708018e+00
22693,7.711257e+00
22694,7.717042e+00
22695,7.720675e+00
22696,7.695246e+00
22697,7.701248e+00
22698,7.714580e+00
22699,7.726052e+00
22700,7.723720e+00
22701,7.713273e+00
22702,7.725841e+00
22703,7.734077e+00
22704,7.730859e+00
22705,7.728868e+00
22706,7.729854e+00
22707,7.714741e+00
22708,7.713545e+00
22709,7.706449e+00
22710,7.693743e+00
22711,7.682926e+00
22712,7.671519e+00
22713,7.669028e+00
22714,7.660124e+00
22715,7.640951e+00
22716,7.626438e+00
22717,7.601803e+00
22718,7.596563e+00
22719,7.601584e+00
22720,7.188039e+00
22721,7.591225e+00
22722,7.601970e+00
22723,7.594187e+00
22724,7.597353e+00
22725,7.595006e+00
22726,7.571661e+00
22727,7.522823e+00
22728,7.465261e+00
22729,7.549151e+00
22730,7.575233e+00
22731,7.521366e+00
22732,7.590856e+00
22733,7.595997e+00
22734,7.584359e+00
22735,7.582799e+00
22736,7.609454e+00
22737,7.607170e+00
22738,7.634095e+00
22739,7.631469e+00
22740,7.643754e+00
22741,7.651663e+00
22742,7.652469e+00
22743,7.657540e+00
22744,7.671822e+00
22745,7.672124e+00
22746,7.680984e+00
22747,7.683354e+00
22748,7.684694e+00
22749,7.664947e+00
22750,7.703892e+00
22751,7.710624e+00
22752,7.720561e+00
22753,7.715587e+00
22754,7.724592e+00
22755,7.722859e+00
22756,7.724952e+00
22757,7.713494e+00
22758,7.725908e+00
22759,7.730017e+00
22760,7.721016e+00
22761,7.725581e+00
22762,7.709735e+00
22763,7.725015e+00
22764,7.714123e+00
22765,7.708301e+00
22766,7.707815e+00
22767,7.701941e+00
22768,7.709602e+00
22769,7.705035e+00
22770,7.709860e+00
22771,7.677637e+00
22772,7.684473e+00
22773,7.685034e+00
22774,7.687531e+00
22775,7.686066e+00
22776,7.677543e+00
22777,7.683514e+00
22778,7.694929e+00
22779,7.690823e+00
22780,7.686872e+00
22781,7.676621e+00
22782,7.670624e+00
22783,7.661452e+00
22784,7.303262e+00
22785,7.639133e+00
22786,7.628353e+00
22787,7.609958e+00
22788,7.592188e+00
22789,7.578243e+00
22790,7.519336e+00
22791,7.503297e+00
22792,7.451250e+00
22793,7.505950e+00
22794,7.538665e+00
22795,7.454236e+00
22796,7.523982e+00
22797,7.518928e+00
22798,7.517889e+00
22799,7.478559e+00
22800,7.507061e+00
22801,7.492592e+00
22802,7.531078e+00
22803,7.563250e+00
22804,7.584578e+00
22805,7.581240e+00
22806,7.586253e+00
22807,7.620214e+00
22808,7.634070e+00
22809,7.642344e+00
22810,7.642907e+00
22811,7.625337e+00
22812,7.654671e+00
22813,7.628293e+00
22814,7.658761e+00
22815,7.696534e+00
22816,7.702166e+00
22817,7.704327e+00
22818,7.701202e+00
22819,7.726604e+00
22820,7.729750e+00
22821,7.745567e+00
22822,7.750606e+00
22823,7.759267e+00
22824,7.744829e+00
22825,7.755525e+00
22826,7.761813e+00
22827,7.769505e+00
22828,7.765018e+00
22829,7.754827e+00
22830,7.767787e+00
22831,7.771410e+00
22832,7.769234e+00
22833,7.764523e+00
22834,7.753133e+00
22835,7.743767e+00
22836,7.746420e+00
22837,7.740861e+00
22838,7.733975e+00
22839,7.726610e+00
22840,7.716710e+00
22841,7.719381e+00
22842,7.709894e+00
22843,7.696961e+00
22844,7.678757e+00
22845,7.667159e+00
22846,7.667668e+00
22847,7.657345e+00
22848,7.291102e+00
22849,7.653687e+00
22850,7.656865e+00
22851,7.644899e+00
22852,7.638227e+00
22853,7.624671e+00
22854,7.601548e+00
22855,7.554642e+00
22856,7.485939e+00
22857,7.562253e+00
22858,7.594656e+00
22859,7.540498e+00
22860,7.606972e+00
22861,7.606318e+00
22862,7.606290e+00
22863,7.601164e+00
22864,7.620446e+00
22865,7.613788e+00
22866,7.644049e+00
22867,7.645545e+00
22868,7.653678e+00
22869,7.659083e+00
22870,7.655258e+00
22871,7.666755e+00
22872,7.653896e+00
22873,7.661319e+00
22874,7.672771e+00
22875,7.676489e+00
22876,7.670142e+00
22877,7.677082e+00
22878,7.669424e+00
22879,7.685202e+00
22880,7.694068e+00
22881,7.694181e+00
22882,7.685862e+00
22883,7.700418e+00
22884,7.697424e+00
22885,7.675420e+00
22886,7.699587e+00
22887,7.707578e+00
22888,7.699451e+00
22889,7.700881e+00
22890,7.694619e+00
22891,7.699629e+00
22892,7.684079e+00
22893,7.685495e+00
22894,7.680154e+00
22895,7.670106e+00
22896,7.674216e+00
22897,7.681839e+00
22898,7.681609e+00
22899,7.658863e+00
22900,7.660952e+00
22901,7.664166e+00
22902,7.684071e+00
22903,7.683928e+00
22904,7.677361e+00
22905,7.686750e+00
22906,7.681950e+00
22907,7.676417e+00
22908,7.671794e+00
22909,7.662458e+00
22910,7.642999e+00
22911,7.638386e+00
22912,7.257847e+00
22913,7.610283e+00
22914,7.592684e+00
22915,7.589509e+00
22916,7.571500e+00
22917,7.560075e+00
22918,7.511269e+00
22919,7.472448e+00
22920,7.461913e+00
22921,7.497748e+00
22922,7.547684e+00
22923,7.488858e+00
22924,7.537343e+00
22925,7.535573e+00
22926,7.556925e+00
22927,7.544816e+00
22928,7.557034e+00
22929,7.530647e+00
22930,7.580011e+00
22931,7.610358e+00
22932,7.615999e+00
22933,7.615372e+00
22934,7.619634e+00
22935,7.643399e+00
22936,7.645461e+00
22937,7.656327e+00
22938,7.650600e+00
22939,7.637844e+00
22940,7.669878e+00
22941,7.655411e+00
22942,7.648203e+00
22943,7.701308e+00
22944,7.707340e+00
22945,7.714281e+00
22946,7.681783e+00
22947,7.725932e+00
22948,7.730867e+00
22949,7.736555e+00
22950,7.743811e+00
22951,7.751974e+00
22952,7.742275e+00
22953,7.755271e+00
22954,7.761456e+00
22955,7.775728e+00
22956,7.776340e+00
22957,7.770927e+00
22958,7.790104e+00
22959,7.794587e+00
22960,7.796617e+00
22961,7.795512e+00
22962,7.787933e+00
22963,7.790390e+00
22964,7.793368e+00
22965,7.792380e+00
22966,7.794064e+00
22967,7.789136e+00
22968,7.785039e+00
22969,7.776944e+00
22970,7.760145e+00
22971,7.751588e+00
22972,7.740590e+00
22973,7.734799e+00
22974,7.736060e+00
22975,7.709304e+00
22976,7.384856e+00
22977,7.706222e+00
22978,7.685303e+00
22979,7.686730e+00
22980,7.680074e+00
22981,7.669610e+00
22982,7.649621e+00
22983,7.609494e+00
22984,7.545503e+00
22985,7.603666e+00
22986,7.650689e+00
22987,7.610166e+00
22988,7.665616e+00
22989,7.654967e+00
22990,7.672735e+00
22991,7.667875e+00
22992,7.677422e+00
22993,7.659834e+00
22994,7.699895e+00
22995,7.706502e+00
22996,7.717129e+00
22997,7.706928e+00
22998,7.699332e+00
22999,7.702743e+00
23000,7.674443e+00
23001,7.684768e+00
23002,7.705785e+00
23003,7.708706e+00
23004,7.735077e+00
23005,7.721983e+00
23006,7.726876e+00
23007,7.733131e+00
23008,7.758092e+00
23009,7.764259e+00
23010,7.748885e+00
23011,7.765676e+00
23012,7.764595e+00
23013,7.749735e+00
23014,7.759249e+00
23015,7.777075e+00
23016,7.771374e+00
23017,7.761723e+00
23018,7.770055e+00
23019,7.762824e+00
23020,7.751173e+00
23021,7.748968e+00
23022,7.749802e+00
23023,7.746924e+00
23024,7.736741e+00
23025,7.748043e+00
23026,7.745156e+00
23027,7.738746e+00
23028,7.727833e+00
23029,7.730186e+00
23030,7.732195e+00
23031,7.725516e+00
23032,7.718090e+00
23033,7.708739e+00
23034,7.679304e+00
23035,7.674180e+00
23036,7.662913e+00
23037,7.650575e+00
23038,7.625570e+00
23039,7.617658e+00
23040,7.186335e+00
23041,7.570803e+00
23042,7.557212e+00
23043,7.552545e+00
23044,7.530925e+00
23045,7.521688e+00
23046,7.496911e+00
23047,7.423820e+00
23048,7.467344e+00
23049,7.474825e+00
23050,7.543783e+00
23051,7.508836e+00
23052,7.546348e+00
23053,7.549548e+00
23054,7.577311e+00
23055,7.581942e+00
23056,7.582998e+00
23057,7.558702e+00
23058,7.619670e+00
23059,7.644005e+00
23060,7.655863e+00
23061,7.662677e+00
23062,7.671559e+00
23063,7.691447e+00
23064,7.694858e+00
23065,7.713481e+00
23066,7.717869e+00
23067,7.682553e+00
23068,7.736846e+00
23069,7.725084e+00
23070,7.698148e+00
23071,7.767932e+00
23072,7.781074e+00
23073,7.796499e+00
23074,7.779025e+00
23075,7.803476e+00
23076,7.814772e+00
23077,7.839052e+00
23078,7.841171e+00
23079,7.850612e+00
23080,7.850697e+00
23081,7.864543e+00
23082,7.872170e+00
23083,7.875561e+00
23084,7.878271e+00
23085,7.880701e+00
23086,7.885088e+00
23087,7.882173e+00
23088,7.881627e+00
23089,7.876173e+00
23090,7.861070e+00
23091,7.866339e+00
23092,7.864935e+00
23093,7.864053e+00
23094,7.858789e+00
23095,7.847634e+00
23096,7.834489e+00
23097,7.810859e+00
23098,7.785615e+00
23099,7.769097e+00
23100,7.751224e+00
23101,7.757688e+00
23102,7.763300e+00
23103,7.746716e+00
23104,7.432636e+00
23105,7.732401e+00
23106,7.715652e+00
23107,7.716224e+00
23108,7.719614e+00
23109,7.715392e+00
23110,7.699094e+00
23111,7.657241e+00
23112,7.620101e+00
23113,7.643751e+00
23114,7.705144e+00
23115,7.680591e+00
23116,7.729265e+00
23117,7.718005e+00
23118,7.747195e+00
23119,7.748041e+00
23120,7.749977e+00
23121,7.741934e+00
23122,7.783019e+00
23123,7.784307e+00
23124,7.795120e+00
23125,7.788078e+00
23126,7.789601e+00
23127,7.793916e+00
23128,7.786899e+00
23129,7.796669e+00
23130,7.827357e+00
23131,7.831319e+00
23132,7.827028e+00
23133,7.833323e+00
23134,7.815137e+00
23135,7.829941e+00
23136,7.853267e+00
23137,7.856460e+00
23138,7.847190e+00
23139,7.850433e+00
23140,7.854470e+00
23141,7.845825e+00
23142,7.844540e+00
23143,7.854439e+00
23144,7.844605e+00
23145,7.833720e+00
23146,7.842143e+00
23147,7.812683e+00
23148,7.809720e+00
23149,7.808265e+00
23150,7.801234e+00
23151,7.788460e+00
23152,7.772307e+00
23153,7.773193e+00
23154,7.763186e+00
23155,7.756795e+00
23156,7.734846e+00
23157,7.748157e+00
23158,7.741938e+00
23159,7.735169e+00
23160,7.724372e+00
23161,7.715108e+00
23162,7.694865e+00
23163,7.690195e+00
23164,7.675260e+00
23165,7.666954e+00
23166,7.649883e+00
23167,7.644221e+00
23168,7.188763e+00
23169,7.600809e+00
23170,7.591805e+00
23171,7.592573e+00
23172,7.581058e+00
23173,7.574246e+00
23174,7.570270e+00
23175,7.468075e+00
23176,7.532921e+00
23177,7.530538e+00
23178,7.597086e+00
23179,7.562896e+00
23180,7.596378e+00
23181,7.594602e+00
23182,7.616960e+00
23183,7.625723e+00
23184,7.620926e+00
23185,7.604860e+00
23186,7.657008e+00
23187,7.659838e+00
23188,7.675849e+00
23189,7.689302e+00
23190,7.696556e+00
23191,7.706995e+00
23192,7.702159e+00
23193,7.720884e+00
23194,7.730703e+00
23195,7.695144e+00
23196,7.741181e+00
23197,7.753908e+00
23198,7.658472e+00
23199,7.760625e+00
23200,7.766674e+00
23201,7.774895e+00
23202,7.771141e+00
23203,7.794992e+00
23204,7.809873e+00
23205,7.816789e+00
23206,7.835183e+00
23207,7.832866e+00
23208,7.821812e+00
23209,7.851885e+00
23210,7.862849e+00
23211,7.861295e+00
23212,7.867252e+00
23213,7.869288e+00
23214,7.878088e+00
23215,7.877344e+00
23216,7.873572e+00
23217,7.875440e+00
23218,7.866016e+00
23219,7.865312e+00
23220,7.860993e+00
23221,7.865305e+00
23222,7.861931e+00
23223,7.849732e+00
23224,7.836652e+00
23225,7.824317e+00
23226,7.812004e+00
23227,7.795487e+00
23228,7.779022e+00
23229,7.792958e+00
23230,7.796307e+00
23231,7.779491e+00
23232,7.489145e+00
23233,7.763549e+00
23234,7.757711e+00
23235,7.735485e+00
23236,7.747487e+00
23237,7.737744e+00
23238,7.723761e+00
23239,7.657207e+00
23240,7.653190e+00
23241,7.608408e+00
23242,7.687711e+00
23243,7.667653e+00
23244,7.706011e+00
23245,7.689618e+00
23246,7.710600e+00
23247,7.710111e+00
23248,7.716983e+00
23249,7.721059e+00
23250,7.743229e+00
23251,7.736249e+00
23252,7.755221e+00
23253,7.764236e+00
23254,7.771303e+00
23255,7.773972e+00
23256,7.768272e+00
23257,7.782541e+00
23258,7.812794e+00
23259,7.820862e+00
23260,7.811403e+00
23261,7.816326e+00
23262,7.803473e+00
23263,7.811343e+00
23264,7.835231e+00
23265,7.839009e+00
23266,7.835348e+00
23267,7.831370e+00
23268,7.839498e+00
23269,7.829670e+00
23270,7.828787e+00
23271,7.820853e+00
23272,7.808568e+00
23273,7.797909e+00
23274,7.807047e+00
23275,7.778350e+00
23276,7.776810e+00
23277,7.773961e+00
23278,7.778856e+00
23279,7.767390e+00
23280,7.744131e+00
23281,7.757835e+00
23282,7.757379e+00
23283,7.747871e+00
23284,7.729492e+00
23285,7.726578e+00
23286,7.714665e+00
23287,7.721416e+00
23288,7.712947e+00
23289,7.696033e+00
23290,7.679275e+00
23291,7.668912e+00
23292,7.659722e+00
23293,7.652614e+00
23294,7.626148e+00
23295,7.620529e+00
23296,7.142033e+00
23297,7.585941e+00
23298,7.572338e+00
23299,7.576110e+00
23300,7.564752e+00
23301,7.553386e+00
23302,7.546526e+00
23303,7.461579e+00
23304,7.442258e+00
23305,7.479811e+00
23306,7.537376e+00
23307,7.500849e+00
23308,7.533663e+00
23309,7.542222e+00
23310,7.563395e+00
23311,7.573479e+00
23312,7.569253e+00
23313,7.568991e+00
23314,7.612763e+00
23315,7.601145e+00
23316,7.626583e+00
23317,7.644163e+00
23318,7.656570e+00
23319,7.666061e+00
23320,7.663121e+00
23321,7.686392e+00
23322,7.700188e+00
23323,7.691029e+00
23324,7.690333e+00
23325,7.724070e+00
23326,7.661003e+00
23327,7.714894e+00
23328,7.753223e+00
23329,7.759026e+00
23330,7.764949e+00
23331,7.774622e+00
23332,7.808300e+00
23333,7.813269e+00
23334,7.821481e+00
23335,7.819269e+00
23336,7.813574e+00
23337,7.839159e+00
23338,7.853058e+00
23339,7.853885e+00
23340,7.857184e+00
23341,7.862339e+00
23342,7.878366e+00
23343,7.876394e+00
23344,7.875404e+00
23345,7.874630e+00
23346,7.862661e+00
23347,7.863831e+00
23348,7.860917e+00
23349,7.874406e+00
23350,7.865413e+00
23351,7.852713e+00
23352,7.843877e+00
23353,7.836583e+00
23354,7.824997e+00
23355,7.808458e+00
23356,7.798683e+00
23357,7.806315e+00
23358,7.798136e+00
23359,7.782104e+00
23360,7.509331e+00
23361,7.756668e+00
23362,7.752404e+00
23363,7.742488e+00
23364,7.741071e+00
23365,7.723370e+00
23366,7.719710e+00
23367,7.632247e+00
23368,7.655038e+00
23369,7.596634e+00
23370,7.675232e+00
23371,7.633600e+00
23372,7.710805e+00
23373,7.711316e+00
23374,7.722228e+00
23375,7.734189e+00
23376,7.751164e+00
23377,7.768034e+00
23378,7.782079e+00
23379,7.774533e+00
23380,7.797700e+00
23381,7.814412e+00
23382,7.822293e+00
23383,7.818550e+00
23384,7.813258e+00
23385,7.831546e+00
23386,7.846315e+00
23387,7.850832e+00
23388,7.839949e+00
23389,7.853685e+00
23390,7.829349e+00
23391,7.841976e+00
23392,7.865495e+00
23393,7.863876e+00
23394,7.856153e+00
23395,7.847818e+00
23396,7.858408e+00
23397,7.851243e+00
23398,7.844220e+00
23399,7.840790e+00
23400,7.834397e+00
23401,7.810568e+00
23402,7.819465e+00
23403,7.799459e+00
23404,7.799789e+00
23405,7.796154e+00
23406,7.790596e+00
23407,7.783897e+00
23408,7.769279e+00
23409,7.764414e+00
23410,7.750932e+00
23411,7.747166e+00
23412,7.734972e+00
23413,7.714312e+00
23414,7.698027e+00
23415,7.693713e+00
23416,7.687867e+00
23417,7.679050e+00
23418,7.663981e+00
23419,7.647728e+00
23420,7.646881e+00
23421,7.631450e+00
23422,7.597221e+00
23423,7.585581e+00
23424,7.063057e+00
23425,7.549793e+00
23426,7.546048e+00
23427,7.545209e+00
23428,7.535868e+00
23429,7.529925e+00
23430,7.523024e+00
23431,7.450754e+00
23432,7.426098e+00
23433,7.459316e+00
23434,7.529038e+00
23435,7.509715e+00
23436,7.530023e+00
23437,7.554487e+00
23438,7.576408e+00
23439,7.590965e+00
23440,7.593961e+00
23441,7.607500e+00
23442,7.626229e+00
23443,7.597309e+00
23444,7.640119e+00
23445,7.661520e+00
23446,7.679446e+00
23447,7.691007e+00
23448,7.693390e+00
23449,7.712871e+00
23450,7.718320e+00
23451,7.720990e+00
23452,7.706554e+00
23453,7.739215e+00
23454,7.739202e+00
23455,7.718633e+00
23456,7.790304e+00
23457,7.793943e+00
23458,7.803880e+00
23459,7.804527e+00
23460,7.844586e+00
23461,7.839859e+00
23462,7.845249e+00
23463,7.843453e+00
23464,7.836768e+00
23465,7.848871e+00
23466,7.867184e+00
23467,7.868592e+00
23468,7.864738e+00
23469,7.875368e+00
23470,7.885642e+00
23471,7.877501e+00
23472,7.874233e+00
23473,7.863977e+00
23474,7.848242e+00
23475,7.839503e+00
23476,7.835718e+00
23477,7.848151e+00
23478,7.837328e+00
23479,7.825812e+00
23480,7.815234e+00
23481,7.813541e+00
23482,7.805317e+00
23483,7.792160e+00
23484,7.789436e+00
23485,7.787332e+00
23486,7.779765e+00
23487,7.775522e+00
23488,7.535627e+00
23489,7.760217e+00
23490,7.765065e+00
23491,7.759217e+00
23492,7.757105e+00
23493,7.742934e+00
23494,7.737253e+00
23495,7.661597e+00
23496,7.662351e+00
23497,7.642036e+00
23498,7.708712e+00
23499,7.648688e+00
23500,7.743282e+00
23501,7.745529e+00
23502,7.754212e+00
23503,7.767283e+00
23504,7.777068e+00
23505,7.775289e+00
23506,7.780163e+00
23507,7.779406e+00
23508,7.801212e+00
23509,7.814219e+00
23510,7.820667e+00
23511,7.820366e+00
23512,7.819295e+00
23513,7.832747e+00
23514,7.837523e+00
23515,7.841463e+00
23516,7.836671e+00
23517,7.845952e+00
23518,7.838371e+00
23519,7.811388e+00
23520,7.857318e+00
23521,7.852897e+00
23522,7.853314e+00
23523,7.829828e+00
23524,7.854744e+00
23525,7.854275e+00
23526,7.848941e+00
23527,7.849635e+00
23528,7.844294e+00
23529,7.828190e+00
23530,7.825334e+00
23531,7.805677e+00
23532,7.810384e+00
23533,7.813693e+00
23534,7.806741e+00
23535,7.800661e+00
23536,7.789285e+00
23537,7.780903e+00
23538,7.768998e+00
23539,7.759345e+00
23540,7.750126e+00
23541,7.730841e+00
23542,7.717147e+00
23543,7.708915e+00
23544,7.701999e+00
23545,7.685911e+00
23546,7.668901e+00
23547,7.653549e+00
23548,7.642721e+00
23549,7.611084e+00
23550,7.578775e+00
23551,7.555434e+00
23552,7.023646e+00
23553,7.534033e+00
23554,7.530116e+00
23555,7.536748e+00
23556,7.521180e+00
23557,7.518756e+00
23558,7.514739e+00
23559,7.445496e+00
23560,7.421696e+00
23561,7.446879e+00
23562,7.519257e+00
23563,7.493659e+00
23564,7.526287e+00
23565,7.537479e+00
23566,7.537390e+00
23567,7.557318e+00
23568,7.563743e+00
23569,7.581789e+00
23570,7.593141e+00
23571,7.566479e+00
23572,7.603066e+00
23573,7.618292e+00
23574,7.652884e+00
23575,7.678781e+00
23576,7.691886e+00
23577,7.707715e+00
23578,7.713120e+00
23579,7.716085e+00
23580,7.743620e+00
23581,7.762494e+00
23582,7.787772e+00
23583,7.766474e+00
23584,7.808397e+00
23585,7.832291e+00
23586,7.851724e+00
23587,7.851759e+00
23588,7.883452e+00
23589,7.885133e+00
23590,7.885594e+00
23591,7.900261e+00
23592,7.903329e+00
23593,7.904577e+00
23594,7.927158e+00
23595,7.922757e+00
23596,7.921236e+00
23597,7.935356e+00
23598,7.935759e+00
23599,7.933855e+00
23600,7.933591e+00
23601,7.930374e+00
23602,7.927728e+00
23603,7.915867e+00
23604,7.915764e+00
23605,7.925697e+00
23606,7.922746e+00
23607,7.919382e+00
23608,7.910901e+00
23609,7.907903e+00
23610,7.897937e+00
23611,7.891482e+00
23612,7.882588e+00
23613,7.856208e+00
23614,7.845721e+00
23615,7.832990e+00
23616,7.599263e+00
23617,7.809788e+00
23618,7.805291e+00
23619,7.796720e+00
23620,7.775490e+00
23621,7.762992e+00
23622,7.761393e+00
23623,7.683918e+00
23624,7.680384e+00
23625,7.675652e+00
23626,7.721146e+00
23627,7.678411e+00
23628,7.747236e+00
23629,7.742304e+00
23630,7.748625e+00
23631,7.760839e+00
23632,7.765617e+00
23633,7.760693e+00
23634,7.767300e+00
23635,7.755830e+00
23636,7.786169e+00
23637,7.798006e+00
23638,7.804068e+00
23639,7.809290e+00
23640,7.812516e+00
23641,7.821242e+00
23642,7.808345e+00
23643,7.817915e+00
23644,7.812301e+00
23645,7.822822e+00
23646,7.820532e+00
23647,7.790289e+00
23648,7.829945e+00
23649,7.821723e+00
23650,7.827341e+00
23651,7.777826e+00
23652,7.793461e+00
23653,7.789975e+00
23654,7.805793e+00
23655,7.803115e+00
23656,7.803906e+00
23657,7.796678e+00
23658,7.774510e+00
23659,7.754282e+00
23660,7.765411e+00
23661,7.772939e+00
23662,7.759262e+00
23663,7.752707e+00
23664,7.745803e+00
23665,7.735533e+00
23666,7.723294e+00
23667,7.711733e+00
23668,7.710491e+00
23669,7.692079e+00
23670,7.678818e+00
23671,7.667607e+00
23672,7.657086e+00
23673,7.639827e+00
23674,7.623508e+00
23675,7.609870e+00
23676,7.585179e+00
23677,7.554147e+00
23678,7.522371e+00
23679,7.482478e+00
23680,6.954011e+00
23681,7.479743e+00
23682,7.481787e+00
23683,7.484446e+00
23684,7.480608e+00
23685,7.463210e+00
23686,7.473117e+00
23687,7.413403e+00
23688,7.417488e+00
23689,7.435087e+00
23690,7.534060e+00
23691,7.516814e+00
23692,7.557177e+00
23693,7.581893e+00
23694,7.591825e+00
23695,7.620011e+00
23696,7.621576e+00
23697,7.652555e+00
23698,7.674417e+00
23699,7.675910e+00
23700,7.705967e+00
23701,7.717869e+00
23702,7.754642e+00
23703,7.781814e+00
23704,7.792505e+00
23705,7.810063e+00
23706,7.813859e+00
23707,7.820976e+00
23708,7.840618e+00
23709,7.860811e+00
23710,7.874887e+00
23711,7.879175e+00
23712,7.894298e+00
23713,7.915273e+00
23714,7.925379e+00
23715,7.926098e+00
23716,7.934440e+00
23717,7.942534e+00
23718,7.943846e+00
23719,7.943884e+00
23720,7.946530e+00
23721,7.945698e+00
23722,7.953621e+00
23723,7.943523e+00
23724,7.938638e+00
23725,7.954751e+00
23726,7.953951e+00
23727,7.952812e+00
23728,7.949700e+00
23729,7.953333e+00
23730,7.951979e+00
23731,7.935390e+00
23732,7.940786e+00
23733,7.937248e+00
23734,7.937431e+00
23735,7.930103e+00
23736,7.920690e+00
23737,7.910149e+00
23738,7.900943e+00
23739,7.895547e+00
23740,7.882663e+00
23741,7.857899e+00
23742,7.846458e+00
23743,7.832776e+00
23744,7.584011e+00
23745,7.811173e+00
23746,7.811205e+00
23747,7.795680e+00
23748,7.780447e+00
23749,7.759767e+00
23750,7.764984e+00
23751,7.688638e+00
23752,7.679870e+00
23753,7.686657e+00
23754,7.726961e+00
23755,7.704040e+00
23756,7.733178e+00
23757,7.736220e+00
23758,7.748134e+00
23759,7.760051e+00
23760,7.760191e+00
23761,7.765108e+00
23762,7.769008e+00
23763,7.755736e+00
23764,7.784095e+00
23765,7.790403e+00
23766,7.794121e+00
23767,7.788261e+00
23768,7.788797e+00
23769,7.792710e+00
23770,7.763966e+00
23771,7.768226e+00
23772,7.765924e+00
23773,7.747920e+00
23774,7.772855e+00
23775,7.731949e+00
23776,7.774715e+00
23777,7.772638e+00
23778,7.774587e+00
23779,7.762079e+00
23780,7.722143e+00
23781,7.735891e+00
23782,7.766769e+00
23783,7.769109e+00
23784,7.775207e+00
23785,7.779985e+00
23786,7.769201e+00
23787,7.759834e+00
23788,7.770790e+00
23789,7.781053e+00
23790,7.772442e+00
23791,7.763210e+00
23792,7.765757e+00
23793,7.771974e+00
23794,7.764036e+00
23795,7.754407e+00
23796,7.753068e+00
23797,7.729560e+00
23798,7.719385e+00
23799,7.701965e+00
23800,7.691367e+00
23801,7.676647e+00
23802,7.660605e+00
23803,7.643829e+00
23804,7.617392e+00
23805,7.599227e+00
23806,7.569558e+00
23807,7.527693e+00
23808,7.053853e+00
23809,7.536271e+00
23810,7.530823e+00
23811,7.544100e+00
23812,7.537832e+00
23813,7.528464e+00
23814,7.546202e+00
23815,7.483009e+00
23816,7.478826e+00
23817,7.494302e+00
23818,7.570305e+00
23819,7.543440e+00
23820,7.583064e+00
23821,7.587778e+00
23822,7.598388e+00
23823,7.621341e+00
23824,7.615738e+00
23825,7.645245e+00
23826,7.665520e+00
23827,7.672332e+00
23828,7.691525e+00
23829,7.706778e+00
23830,7.730667e+00
23831,7.746988e+00
23832,7.753481e+00
23833,7.767090e+00
23834,7.766500e+00
23835,7.772167e+00
23836,7.802011e+00
23837,7.787802e+00
23838,7.814184e+00
23839,7.817436e+00
23840,7.835237e+00
23841,7.850632e+00
23842,7.857567e+00
23843,7.858037e+00
23844,7.867093e+00
23845,7.878332e+00
23846,7.879059e+00
23847,7.881833e+00
23848,7.886645e+00
23849,7.869077e+00
23850,7.893549e+00
23851,7.892825e+00
23852,7.869543e+00
23853,7.883484e+00
23854,7.871478e+00
23855,7.880015e+00
23856,7.882651e+00
23857,7.880984e+00
23858,7.885188e+00
23859,7.880552e+00
23860,7.882767e+00
23861,7.862844e+00
23862,7.862918e+00
23863,7.858235e+00
23864,7.854715e+00
23865,7.834517e+00
23866,7.825572e+00
23867,7.818066e+00
23868,7.813227e+00
23869,7.796390e+00
23870,7.783604e+00
23871,7.775116e+00
23872,7.492349e+00
23873,7.752398e+00
23874,7.753608e+00
23875,7.732140e+00
23876,7.715653e+00
23877,7.692779e+00
23878,7.709642e+00
23879,7.624646e+00
23880,7.619940e+00
23881,7.624109e+00
23882,7.672311e+00
23883,7.654267e+00
23884,7.655051e+00
23885,7.667836e+00
23886,7.667660e+00
23887,7.687366e+00
23888,7.700238e+00
23889,7.705784e+00
23890,7.704600e+00
23891,7.700970e+00
23892,7.738261e+00
23893,7.741150e+00
23894,7.748774e+00
23895,7.749561e+00
23896,7.753233e+00
23897,7.760663e+00
23898,7.749702e+00
23899,7.755579e+00
23900,7.758335e+00
23901,7.721023e+00
23902,7.752126e+00
23903,7.734066e+00
23904,7.722358e+00
23905,7.754475e+00
23906,7.757873e+00
23907,7.756025e+00
23908,7.709671e+00
23909,7.740065e+00
23910,7.736059e+00
23911,7.763324e+00
23912,7.770055e+00
23913,7.771512e+00
23914,7.754211e+00
23915,7.750307e+00
23916,7.757443e+00
23917,7.760780e+00
23918,7.752102e+00
23919,7.744440e+00
23920,7.750297e+00
23921,7.751715e+00
23922,7.746809e+00
23923,7.739204e+00
23924,7.727907e+00
23925,7.706822e+00
23926,7.702094e+00
23927,7.684198e+00
23928,7.687654e+00
23929,7.684240e+00
23930,7.675108e+00
23931,7.666076e+00
23932,7.655862e+00
23933,7.645972e+00
23934,7.621526e+00
23935,7.600824e+00
23936,7.183908e+00
23937,7.607567e+00
23938,7.599467e+00
23939,7.612331e+00
23940,7.603784e+00
23941,7.589307e+00
23942,7.604911e+00
23943,7.547951e+00
23944,7.500518e+00
23945,7.538258e+00
23946,7.592615e+00
23947,7.556328e+00
23948,7.598565e+00
23949,7.602394e+00
23950,7.606833e+00
23951,7.622923e+00
23952,7.614263e+00
23953,7.636298e+00
23954,7.637714e+00
23955,7.646379e+00
23956,7.665733e+00
23957,7.663139e+00
23958,7.676657e+00
23959,7.686372e+00
23960,7.692583e+00
23961,7.695573e+00
23962,7.690725e+00
23963,7.697484e+00
23964,7.719724e+00
23965,7.712390e+00
23966,7.699896e+00
23967,7.744133e+00
23968,7.725499e+00
23969,7.753172e+00
23970,7.755675e+00
23971,7.748092e+00
23972,7.743966e+00
23973,7.762704e+00
23974,7.758695e+00
23975,7.759206e+00
23976,7.760731e+00
23977,7.747832e+00
23978,7.750002e+00
23979,7.752728e+00
23980,7.748349e+00
23981,7.737705e+00
23982,7.704476e+00
23983,7.722853e+00
23984,7.728666e+00
23985,7.732661e+00
23986,7.737712e+00
23987,7.737514e+00
23988,7.752966e+00
23989,7.740699e+00
23990,7.740423e+00
23991,7.734274e+00
23992,7.746497e+00
23993,7.735033e+00
23994,7.730869e+00
23995,7.726470e+00
23996,7.728600e+00
23997,7.715565e+00
23998,7.708654e+00
23999,7.704536e+00
24000,7.359232e+00
24001,7.657753e+00
24002,7.664290e+00
24003,7.628183e+00
24004,7.607842e+00
24005,7.582748e+00
24006,7.592034e+00
24007,7.509069e+00
24008,7.469480e+00
24009,7.505091e+00
24010,7.530593e+00
24011,7.503560e+00
24012,7.525106e+00
24013,7.535800e+00
24014,7.522989e+00
24015,7.554797e+00
24016,7.569156e+00
24017,7.571291e+00
24018,7.567133e+00
24019,7.565930e+00
24020,7.595061e+00
24021,7.591552e+00
24022,7.594717e+00
24023,7.589825e+00
24024,7.594141e+00
24025,7.603939e+00
24026,7.602481e+00
24027,7.605986e+00
24028,7.615039e+00
24029,7.579198e+00
24030,7.613382e+00
24031,7.613508e+00
24032,7.572907e+00
24033,7.637925e+00
24034,7.635789e+00
24035,7.640859e+00
24036,7.610590e+00
24037,7.642855e+00
24038,7.636607e+00
24039,7.666653e+00
24040,7.665364e+00
24041,7.665652e+00
24042,7.642915e+00
24043,7.650606e+00
24044,7.657462e+00
24045,7.663231e+00
24046,7.658280e+00
24047,7.649193e+00
24048,7.663505e+00
24049,7.673743e+00
24050,7.672024e+00
24051,7.668624e+00
24052,7.671986e+00
24053,7.669787e+00
24054,7.663802e+00
24055,7.655963e+00
24056,7.664153e+00
24057,7.658893e+00
24058,7.658940e+00
24059,7.660302e+00
24060,7.659919e+00
24061,7.656729e+00
24062,7.649376e+00
24063,7.645807e+00
24064,7.258970e+00
24065,7.624762e+00
24066,7.612242e+00
24067,7.604501e+00
24068,7.596264e+00
24069,7.575820e+00
24070,7.577091e+00
24071,7.534866e+00
24072,7.429887e+00
24073,7.508912e+00
24074,7.534359e+00
24075,7.491970e+00
24076,7.536739e+00
24077,7.541618e+00
24078,7.533585e+00
24079,7.556085e+00
24080,7.551016e+00
24081,7.567132e+00
24082,7.548453e+00
24083,7.553624e+00
24084,7.574840e+00
24085,7.566915e+00
24086,7.580896e+00
24087,7.587457e+00
24088,7.593147e+00
24089,7.590970e+00
24090,7.592214e+00
24091,7.603546e+00
24092,7.618447e+00
24093,7.616949e+00
24094,7.591063e+00
24095,7.632526e+00
24096,7.628431e+00
24097,7.639913e+00
24098,7.649531e+00
24099,7.657640e+00
24100,7.643713e+00
24101,7.664574e+00
24102,7.655328e+00
24103,7.661910e+00
24104,7.658172e+00
24105,7.665304e+00
24106,7.646454e+00
24107,7.662224e+00
24108,7.658924e+00
24109,7.650440e+00
24110,7.631705e+00
24111,7.640246e+00
24112,7.658252e+00
24113,7.668024e+00
24114,7.666457e+00
24115,7.667475e+00
24116,7.676933e+00
24117,7.665887e+00
24118,7.665984e+00
24119,7.666572e+00
24120,7.670475e+00
24121,7.657917e+00
24122,7.656762e+00
24123,7.653674e+00
24124,7.639191e+00
24125,7.624627e+00
24126,7.618759e+00
24127,7.615567e+00
24128,7.222673e+00
24129,7.569465e+00
24130,7.555302e+00
24131,7.512671e+00
24132,7.484717e+00
24133,7.475870e+00
24134,7.467297e+00
24135,7.411202e+00
24136,7.324170e+00
24137,7.427175e+00
24138,7.423598e+00
24139,7.416454e+00
24140,7.467325e+00
24141,7.482968e+00
24142,7.464714e+00
24143,7.509051e+00
24144,7.514125e+00
24145,7.521698e+00
24146,7.521868e+00
24147,7.528557e+00
24148,7.559178e+00
24149,7.559231e+00
24150,7.574902e+00
24151,7.578912e+00
24152,7.581763e+00
24153,7.598051e+00
24154,7.602778e+00
24155,7.617388e+00
24156,7.618269e+00
24157,7.611144e+00
24158,7.627349e+00
24159,7.651666e+00
24160,7.611686e+00
24161,7.667472e+00
24162,7.663325e+00
24163,7.680814e+00
24164,7.667664e+00
24165,7.689686e+00
24166,7.686865e+00
24167,7.715074e+00
24168,7.721352e+00
24169,7.723128e+00
24170,7.718608e+00
24171,7.729219e+00
24172,7.730181e+00
24173,7.737270e+00
24174,7.733345e+00
24175,7.726173e+00
24176,7.740339e+00
24177,7.741286e+00
24178,7.737424e+00
24179,7.734748e+00
24180,7.724233e+00
24181,7.723621e+00
24182,7.726450e+00
24183,7.723672e+00
24184,7.719091e+00
24185,7.706717e+00
24186,7.702559e+00
24187,7.697997e+00
24188,7.695075e+00
24189,7.693148e+00
24190,7.687777e+00
24191,7.688602e+00
24192,7.326017e+00
24193,7.667739e+00
24194,7.655826e+00
24195,7.627460e+00
24196,7.631562e+00
24197,7.616256e+00
24198,7.596295e+00
24199,7.581009e+00
24200,7.444839e+00
24201,7.535849e+00
24202,7.558079e+00
24203,7.522820e+00
24204,7.562841e+00
24205,7.577156e+00
24206,7.561447e+00
24207,7.593908e+00
24208,7.582857e+00
24209,7.593582e+00
24210,7.575436e+00
24211,7.583378e+00
24212,7.596018e+00
24213,7.584359e+00
24214,7.606879e+00
24215,7.617351e+00
24216,7.625412e+00
24217,7.623208e+00
24218,7.626655e+00
24219,7.641528e+00
24220,7.645666e+00
24221,7.652177e+00
24222,7.610181e+00
24223,7.652398e+00
24224,7.647453e+00
24225,7.649519e+00
24226,7.665683e+00
24227,7.677263e+00
24228,7.670390e+00
24229,7.675988e+00
24230,7.675104e+00
24231,7.671506e+00
24232,7.682666e+00
24233,7.682676e+00
24234,7.658158e+00
24235,7.670637e+00
24236,7.664901e+00
24237,7.675875e+00
24238,7.666649e+00
24239,7.672791e+00
24240,7.685854e+00
24241,7.670482e+00
24242,7.663932e+00
24243,7.664173e+00
24244,7.663794e+00
24245,7.654669e+00
24246,7.648999e+00
24247,7.653498e+00
24248,7.647977e+00
24249,7.632322e+00
24250,7.625662e+00
24251,7.621392e+00
24252,7.614594e+00
24253,7.605995e+00
24254,7.584721e+00
24255,7.586788e+00
24256,7.190966e+00
24257,7.564721e+00
24258,7.535872e+00
24259,7.504764e+00
24260,7.490023e+00
24261,7.472907e+00
24262,7.473903e+00
24263,7.475061e+00
24264,7.314419e+00
24265,7.491664e+00
24266,7.464921e+00
24267,7.467760e+00
24268,7.508270e+00
24269,7.526847e+00
24270,7.505423e+00
24271,7.544997e+00
24272,7.520765e+00
24273,7.543112e+00
24274,7.547227e+00
24275,7.552751e+00
24276,7.572344e+00
24277,7.564589e+00
24278,7.581232e+00
24279,7.585497e+00
24280,7.589310e+00
24281,7.603104e+00
24282,7.594197e+00
24283,7.612645e+00
24284,7.603947e+00
24285,7.594600e+00
24286,7.619603e+00
24287,7.623899e+00
24288,7.616273e+00
24289,7.626778e+00
24290,7.643689e+00
24291,7.648840e+00
24292,7.659381e+00
24293,7.664519e+00
24294,7.667582e+00
24295,7.685506e+00
24296,7.695528e+00
24297,7.695900e+00
24298,7.686849e+00
24299,7.699641e+00
24300,7.699680e+00
24301,7.704230e+00
24302,7.704326e+00
24303,7.697987e+00
24304,7.708605e+00
24305,7.699822e+00
24306,7.698520e+00
24307,7.698252e+00
24308,7.688696e+00
24309,7.692708e+00
24310,7.694813e+00
24311,7.702473e+00
24312,7.706675e+00
24313,7.701047e+00
24314,7.701795e+00
24315,7.703668e+00
24316,7.707134e+00
24317,7.705566e+00
24318,7.701065e+00
24319,7.705991e+00
24320,7.355639e+00
24321,7.690644e+00
24322,7.680195e+00
24323,7.662395e+00
24324,7.653454e+00
24325,7.645281e+00
24326,7.607328e+00
24327,7.612323e+00
24328,7.448803e+00
24329,7.559049e+00
24330,7.555667e+00
24331,7.519217e+00
24332,7.542444e+00
24333,7.562064e+00
24334,7.550763e+00
24335,7.557289e+00
24336,7.524291e+00
24337,7.535065e+00
24338,7.524472e+00
24339,7.527785e+00
24340,7.534858e+00
24341,7.526720e+00
24342,7.553431e+00
24343,7.566190e+00
24344,7.569665e+00
24345,7.565796e+00
24346,7.565242e+00
24347,7.577307e+00
24348,7.576003e+00
24349,7.579012e+00
24350,7.556483e+00
24351,7.558233e+00
24352,7.585109e+00
24353,7.563164e+00
24354,7.585838e+00
24355,7.593527e+00
24356,7.601427e+00
24357,7.583381e+00
24358,7.611372e+00
24359,7.609693e+00
24360,7.625998e+00
24361,7.628624e+00
24362,7.625363e+00
24363,7.618242e+00
24364,7.633373e+00
24365,7.628041e+00
24366,7.627395e+00
24367,7.636665e+00
24368,7.643371e+00
24369,7.635614e+00
24370,7.631233e+00
24371,7.643569e+00
24372,7.658742e+00
24373,7.663889e+00
24374,7.660636e+00
24375,7.670790e+00
24376,7.668242e+00
24377,7.674473e+00
24378,7.673447e+00
24379,7.675949e+00
24380,7.677702e+00
24381,7.677841e+00
24382,7.672564e+00
24383,7.668210e+00
24384,7.276987e+00
24385,7.654497e+00
24386,7.627180e+00
24387,7.614325e+00
24388,7.601545e+00
24389,7.580785e+00
24390,7.564269e+00
24391,7.575683e+00
24392,7.409230e+00
24393,7.544832e+00
24394,7.543097e+00
24395,7.539710e+00
24396,7.535466e+00
24397,7.568137e+00
24398,7.560811e+00
24399,7.579275e+00
24400,7.543069e+00
24401,7.574800e+00
24402,7.567499e+00
24403,7.582196e+00
24404,7.597838e+00
24405,7.589048e+00
24406,7.609034e+00
24407,7.610851e+00
24408,7.620955e+00
24409,7.628777e+00
24410,7.617216e+00
24411,7.636508e+00
24412,7.628950e+00
24413,7.608651e+00
24414,7.650500e+00
24415,7.651814e+00
24416,7.649943e+00
24417,7.659643e+00
24418,7.682586e+00
24419,7.675992e+00
24420,7.695993e+00
24421,7.690164e+00
24422,7.700566e+00
24423,7.704277e+00
24424,7.716297e+00
24425,7.712040e+00
24426,7.703509e+00
24427,7.717894e+00
24428,7.715188e+00
24429,7.723442e+00
24430,7.722203e+00
24431,7.719923e+00
24432,7.714126e+00
24433,7.690681e+00
24434,7.693206e+00
24435,7.690724e+00
24436,7.685903e+00
24437,7.691453e+00
24438,7.692132e+00
24439,7.716565e+00
24440,7.720714e+00
24441,7.712260e+00
24442,7.712770e+00
24443,7.713951e+00
24444,7.712059e+00
24445,7.704957e+00
24446,7.699855e+00
24447,7.701602e+00
24448,7.334039e+00
24449,7.683135e+00
24450,7.663090e+00
24451,7.644709e+00
24452,7.628696e+00
24453,7.619347e+00
24454,7.571938e+00
24455,7.573291e+00
24456,7.384525e+00
24457,7.508845e+00
24458,7.491961e+00
24459,7.465401e+00
24460,7.442703e+00
24461,7.481186e+00
24462,7.518703e+00
24463,7.531874e+00
24464,7.504637e+00
24465,7.541140e+00
24466,7.559514e+00
24467,7.566902e+00
24468,7.571997e+00
24469,7.573263e+00
24470,7.607273e+00
24471,7.617317e+00
24472,7.626681e+00
24473,7.631333e+00
24474,7.628364e+00
24475,7.643718e+00
24476,7.639702e+00
24477,7.644796e+00
24478,7.635415e+00
24479,7.622774e+00
24480,7.651926e+00
24481,7.644844e+00
24482,7.667205e+00
24483,7.656560e+00
24484,7.678386e+00
24485,7.658852e+00
24486,7.678465e+00
24487,7.644538e+00
24488,7.679361e+00
24489,7.681217e+00
24490,7.683048e+00
24491,7.676241e+00
24492,7.695422e+00
24493,7.671952e+00
24494,7.684612e+00
24495,7.688463e+00
24496,7.704048e+00
24497,7.701326e+00
24498,7.695360e+00
24499,7.708206e+00
24500,7.712590e+00
24501,7.719081e+00
24502,7.713332e+00
24503,7.716901e+00
24504,7.710018e+00
24505,7.713267e+00
24506,7.707041e+00
24507,7.709120e+00
24508,7.705954e+00
24509,7.702026e+00
24510,7.697910e+00
24511,7.683047e+00
24512,7.311052e+00
24513,7.668250e+00
24514,7.631177e+00
24515,7.634272e+00
24516,7.626065e+00
24517,7.603483e+00
24518,7.591596e+00
24519,7.599114e+00
24520,7.459984e+00
24521,7.550755e+00
24522,7.578464e+00
24523,7.579348e+00
24524,7.545996e+00
24525,7.588724e+00
24526,7.589169e+00
24527,7.597192e+00
24528,7.565243e+00
24529,7.599990e+00
24530,7.586737e+00
24531,7.609709e+00
24532,7.609754e+00
24533,7.591746e+00
24534,7.604332e+00
24535,7.610079e+00
24536,7.616473e+00
24537,7.602501e+00
24538,7.588861e+00
24539,7.598470e+00
24540,7.585138e+00
24541,7.559048e+00
24542,7.620393e+00
24543,7.619664e+00
24544,7.623790e+00
24545,7.627198e+00
24546,7.651041e+00
24547,7.646707e+00
24548,7.657886e+00
24549,7.661895e+00
24550,7.673713e+00
24551,7.655594e+00
24552,7.679380e+00
24553,7.678153e+00
24554,7.668626e+00
24555,7.679166e+00
24556,7.686348e+00
24557,7.705239e+00
24558,7.706270e+00
24559,7.708168e+00
24560,7.706179e+00
24561,7.692684e+00
24562,7.696019e+00
24563,7.705891e+00
24564,7.716707e+00
24565,7.718851e+00
24566,7.719020e+00
24567,7.729370e+00
24568,7.719334e+00
24569,7.714505e+00
24570,7.711700e+00
24571,7.711111e+00
24572,7.707400e+00
24573,7.699290e+00
24574,7.692777e+00
24575,7.690904e+00
24576,7.314806e+00
24577,7.672956e+00
24578,7.653576e+00
24579,7.633255e+00
24580,7.615601e+00
24581,7.614352e+00
24582,7.569218e+00
24583,7.570775e+00
24584,7.418661e+00
24585,7.487390e+00
24586,7.526577e+00
24587,7.519309e+00
24588,7.453269e+00
24589,7.514991e+00
24590,7.565652e+00
24591,7.562584e+00
24592,7.547095e+00
24593,7.584815e+00
24594,7.595628e+00
24595,7.607878e+00
24596,7.602368e+00
24597,7.611273e+00
24598,7.637770e+00
24599,7.639421e+00
24600,7.649627e+00
24601,7.658056e+00
24602,7.658610e+00
24603,7.669759e+00
24604,7.666394e+00
24605,7.667442e+00
24606,7.673711e+00
24607,7.649576e+00
24608,7.675143e+00
24609,7.681953e+00
24610,7.698765e+00
24611,7.684389e+00
24612,7.707230e+00
24613,7.703459e+00
24614,7.694851e+00
24615,7.666389e+00
24616,7.701568e+00
24617,7.707278e+00
24618,7.718156e+00
24619,7.712679e+00
24620,7.732063e+00
24621,7.715852e+00
24622,7.727676e+00
24623,7.731499e+00
24624,7.741887e+00
24625,7.739728e+00
24626,7.733077e+00
24627,7.744282e+00
24628,7.746433e+00
24629,7.742994e+00
24630,7.733907e+00
24631,7.730607e+00
24632,7.717470e+00
24633,7.725151e+00
24634,7.720483e+00
24635,7.707049e+00
24636,7.697494e+00
24637,7.691854e+00
24638,7.683785e+00
24639,7.667744e+00
24640,7.293572e+00
24641,7.644945e+00
24642,7.626820e+00
24643,7.629029e+00
24644,7.628414e+00
24645,7.611452e+00
24646,7.593110e+00
24647,7.595771e+00
24648,7.491600e+00
24649,7.530900e+00
24650,7.586433e+00
24651,7.592013e+00
24652,7.521744e+00
24653,7.578854e+00
24654,7.586754e+00
24655,7.584170e+00
24656,7.532623e+00
24657,7.564646e+00
24658,7.550537e+00
24659,7.572828e+00
24660,7.563873e+00
24661,7.542560e+00
24662,7.539908e+00
24663,7.529481e+00
24664,7.557307e+00
24665,7.570618e+00
24666,7.575589e+00
24667,7.570940e+00
24668,7.570431e+00
24669,7.547954e+00
24670,7.609927e+00
24671,7.626596e+00
24672,7.620663e+00
24673,7.655460e+00
24674,7.657380e+00
24675,7.669221e+00
24676,7.685423e+00
24677,7.687466e+00
24678,7.703763e+00
24679,7.681853e+00
24680,7.703955e+00
24681,7.709519e+00
24682,7.713231e+00
24683,7.709284e+00
24684,7.727933e+00
24685,7.733510e+00
24686,7.737613e+00
24687,7.742055e+00
24688,7.738773e+00
24689,7.731132e+00
24690,7.737115e+00
24691,7.743142e+00
24692,7.738573e+00
24693,7.732511e+00
24694,7.731817e+00
24695,7.739120e+00
24696,7.733175e+00
24697,7.733286e+00
24698,7.726797e+00
24699,7.734500e+00
24700,7.731315e+00
24701,7.726279e+00
24702,7.723626e+00
24703,7.720505e+00
24704,7.360281e+00
24705,7.698498e+00
24706,7.677951e+00
24707,7.658650e+00
24708,7.641149e+00
24709,7.645674e+00
24710,7.606104e+00
24711,7.601014e+00
24712,7.491525e+00
24713,7.501201e+00
24714,7.578871e+00
24715,7.577451e+00
24716,7.488551e+00
24717,7.569738e+00
24718,7.605871e+00
24719,7.609641e+00
24720,7.598785e+00
24721,7.629813e+00
24722,7.629268e+00
24723,7.647561e+00
24724,7.650513e+00
24725,7.663664e+00
24726,7.677206e+00
24727,7.679748e+00
24728,7.692741e+00
24729,7.701744e+00
24730,7.708680e+00
24731,7.715051e+00
24732,7.709939e+00
24733,7.717473e+00
24734,7.709991e+00
24735,7.715966e+00
24736,7.694408e+00
24737,7.730829e+00
24738,7.733361e+00
24739,7.714981e+00
24740,7.727529e+00
24741,7.726074e+00
24742,7.709350e+00
24743,7.710608e+00
24744,7.725604e+00
24745,7.730955e+00
24746,7.736244e+00
24747,7.734905e+00
24748,7.730225e+00
24749,7.706054e+00
24750,7.721890e+00
24751,7.729385e+00
24752,7.717525e+00
24753,7.713912e+00
24754,7.707536e+00
24755,7.717700e+00
24756,7.708940e+00
24757,7.701435e+00
24758,7.698510e+00
24759,7.675794e+00
24760,7.662706e+00
24761,7.657461e+00
24762,7.653229e+00
24763,7.655257e+00
24764,7.649684e+00
24765,7.645530e+00
24766,7.641649e+00
24767,7.630550e+00
24768,7.212417e+00
24769,7.603558e+00
24770,7.591395e+00
24771,7.580588e+00
24772,7.587338e+00
24773,7.577521e+00
24774,7.548500e+00
24775,7.538850e+00
24776,7.455283e+00
24777,7.457240e+00
24778,7.531495e+00
24779,7.533364e+00
24780,7.454170e+00
24781,7.516916e+00
24782,7.518891e+00
24783,7.519107e+00
24784,7.479187e+00
24785,7.499516e+00
24786,7.480779e+00
24787,7.529375e+00
24788,7.540940e+00
24789,7.538659e+00
24790,7.535667e+00
24791,7.520644e+00
24792,7.562779e+00
24793,7.586767e+00
24794,7.600527e+00
24795,7.598597e+00
24796,7.594202e+00
24797,7.603677e+00
24798,7.613665e+00
24799,7.654724e+00
24800,7.626843e+00
24801,7.676447e+00
24802,7.676312e+00
24803,7.691730e+00
24804,7.681811e+00
24805,7.702404e+00
24806,7.702967e+00
24807,7.691897e+00
24808,7.703605e+00
24809,7.719996e+00
24810,7.729183e+00
24811,7.729279e+00
24812,7.742503e+00
24813,7.717016e+00
24814,7.732651e+00
24815,7.733627e+00
24816,7.735089e+00
24817,7.731987e+00
24818,7.736557e+00
24819,7.743099e+00
24820,7.741772e+00
24821,7.734510e+00
24822,7.735687e+00
24823,7.752105e+00
24824,7.753415e+00
24825,7.749889e+00
24826,7.749332e+00
24827,7.751414e+00
24828,7.747487e+00
24829,7.746963e+00
24830,7.741655e+00
24831,7.733324e+00
24832,7.413400e+00
24833,7.716310e+00
24834,7.704210e+00
24835,7.688914e+00
24836,7.650427e+00
24837,7.672783e+00
24838,7.632269e+00
24839,7.626170e+00
24840,7.544475e+00
24841,7.514729e+00
24842,7.610320e+00
24843,7.608399e+00
24844,7.518534e+00
24845,7.598119e+00
24846,7.593350e+00
24847,7.610852e+00
24848,7.607313e+00
24849,7.624994e+00
24850,7.605915e+00
24851,7.624698e+00
24852,7.634540e+00
24853,7.638373e+00
24854,7.645347e+00
24855,7.643105e+00
24856,7.653094e+00
24857,7.659992e+00
24858,7.658288e+00
24859,7.663899e+00
24860,7.650408e+00
24861,7.656862e+00
24862,7.622054e+00
24863,7.617498e+00
24864,7.606592e+00
24865,7.608190e+00
24866,7.648494e+00
24867,7.647313e+00
24868,7.627171e+00
24869,7.647801e+00
24870,7.625780e+00
24871,7.638090e+00
24872,7.646147e+00
24873,7.676110e+00
24874,7.687671e+00
24875,7.689176e+00
24876,7.685663e+00
24877,7.671883e+00
24878,7.685911e+00
24879,7.694023e+00
24880,7.688548e+00
24881,7.685983e+00
24882,7.684454e+00
24883,7.702331e+00
24884,7.695309e+00
24885,7.691326e+00
24886,7.688286e+00
24887,7.671184e+00
24888,7.671074e+00
24889,7.665111e+00
24890,7.672915e+00
24891,7.677723e+00
24892,7.670722e+00
24893,7.658457e+00
24894,7.651169e+00
24895,7.639657e+00
24896,7.212623e+00
24897,7.615801e+00
24898,7.609479e+00
24899,7.604263e+00
24900,7.604549e+00
24901,7.597171e+00
24902,7.573846e+00
24903,7.553531e+00
24904,7.490570e+00
24905,7.469337e+00
24906,7.554114e+00
24907,7.549860e+00
24908,7.475320e+00
24909,7.530471e+00
24910,7.514890e+00
24911,7.525155e+00
24912,7.498190e+00
24913,7.493913e+00
24914,7.479842e+00
24915,7.539385e+00
24916,7.560072e+00
24917,7.564873e+00
24918,7.556511e+00
24919,7.546928e+00
24920,7.588940e+00
24921,7.610675e+00
24922,7.627151e+00
24923,7.633969e+00
24924,7.638557e+00
24925,7.652680e+00
24926,7.648760e+00
24927,7.681940e+00
24928,7.668665e+00
24929,7.702514e+00
24930,7.718077e+00
24931,7.729975e+00
24932,7.715264e+00
24933,7.736702e+00
24934,7.745519e+00
24935,7.752591e+00
24936,7.725698e+00
24937,7.764704e+00
24938,7.776282e+00
24939,7.778231e+00
24940,7.781524e+00
24941,7.773560e+00
24942,7.780848e+00
24943,7.771623e+00
24944,7.775619e+00
24945,7.777059e+00
24946,7.785084e+00
24947,7.788885e+00
24948,7.784921e+00
24949,7.780936e+00
24950,7.784114e+00
24951,7.780511e+00
24952,7.777833e+00
24953,7.776532e+00
24954,7.774122e+00
24955,7.766630e+00
24956,7.760063e+00
24957,7.755228e+00
24958,7.751305e+00
24959,7.738882e+00
24960,7.407264e+00
24961,7.714384e+00
24962,7.703374e+00
24963,7.688476e+00
24964,7.657828e+00
24965,7.637130e+00
24966,7.602508e+00
24967,7.605995e+00
24968,7.533208e+00
24969,7.504289e+00
24970,7.606158e+00
24971,7.609161e+00
24972,7.541580e+00
24973,7.619848e+00
24974,7.594519e+00
24975,7.627510e+00
24976,7.622404e+00
24977,7.640572e+00
24978,7.615806e+00
24979,7.641173e+00
24980,7.650665e+00
24981,7.657633e+00
24982,7.669663e+00
24983,7.663639e+00
24984,7.674536e+00
24985,7.679533e+00
24986,7.679037e+00
24987,7.689893e+00
24988,7.688734e+00
24989,7.696264e+00
24990,7.681742e+00
24991,7.638066e+00
24992,7.684633e+00
24993,7.661102e+00
24994,7.718682e+00
24995,7.725893e+00
24996,7.719842e+00
24997,7.732594e+00
24998,7.733073e+00
24999,7.743849e+00
25000,7.726035e+00
25001,7.769379e+00
25002,7.774982e+00
25003,7.772822e+00
25004,7.755623e+00
25005,7.742999e+00
25006,7.751333e+00
25007,7.748116e+00
25008,7.744025e+00
25009,7.738145e+00
25010,7.742463e+00
25011,7.743273e+00
25012,7.728660e+00
25013,7.724066e+00
25014,7.715863e+00
25015,7.700258e+00
25016,7.697096e+00
25017,7.683966e+00
25018,7.692185e+00
25019,7.684123e+00
25020,7.674307e+00
25021,7.658162e+00
25022,7.650759e+00
25023,7.640510e+00
25024,7.219377e+00
25025,7.612855e+00
25026,7.614904e+00
25027,7.615137e+00
25028,7.622050e+00
25029,7.620309e+00
25030,7.600426e+00
25031,7.595518e+00
25032,7.514953e+00
25033,7.515341e+00
25034,7.594043e+00
25035,7.600487e+00
25036,7.543002e+00
25037,7.602518e+00
25038,7.577499e+00
25039,7.610409e+00
25040,7.608844e+00
25041,7.586904e+00
25042,7.572370e+00
25043,7.618295e+00
25044,7.641189e+00
25045,7.652793e+00
25046,7.650533e+00
25047,7.645430e+00
25048,7.656211e+00
25049,7.671984e+00
25050,7.687354e+00
25051,7.695695e+00
25052,7.697974e+00
25053,7.700272e+00
25054,7.691068e+00
25055,7.697834e+00
25056,7.695008e+00
25057,7.714108e+00
25058,7.730424e+00
25059,7.734534e+00
25060,7.733140e+00
25061,7.722384e+00
25062,7.745785e+00
25063,7.745139e+00
25064,7.696493e+00
25065,7.723428e+00
25066,7.713260e+00
25067,7.730123e+00
25068,7.718543e+00
25069,7.722397e+00
25070,7.720813e+00
25071,7.727368e+00
25072,7.705531e+00
25073,7.710062e+00
25074,7.717214e+00
25075,7.725330e+00
25076,7.725029e+00
25077,7.721471e+00
25078,7.734127e+00
25079,7.735030e+00
25080,7.734875e+00
25081,7.725795e+00
25082,7.734824e+00
25083,7.728278e+00
25084,7.725624e+00
25085,7.721176e+00
25086,7.718972e+00
25087,7.704083e+00
25088,7.372628e+00
25089,7.684518e+00
25090,7.684054e+00
25091,7.674531e+00
25092,7.660582e+00
25093,7.637809e+00
25094,7.614130e+00
25095,7.626424e+00
25096,7.556305e+00
25097,7.524986e+00
25098,7.634944e+00
25099,7.641053e+00
25100,7.578462e+00
25101,7.649519e+00
25102,7.603341e+00
25103,7.646863e+00
25104,7.643352e+00
25105,7.652178e+00
25106,7.617912e+00
25107,7.641462e+00
25108,7.635179e+00
25109,7.639651e+00
25110,7.648385e+00
25111,7.636115e+00
25112,7.638792e+00
25113,7.625809e+00
25114,7.619122e+00
25115,7.629382e+00
25116,7.637701e+00
25117,7.634733e+00
25118,7.625918e+00
25119,7.551790e+00
25120,7.620392e+00
25121,7.592679e+00
25122,7.626970e+00
25123,7.649951e+00
25124,7.656173e+00
25125,7.659849e+00
25126,7.672895e+00
25127,7.681389e+00
25128,7.669446e+00
25129,7.701799e+00
25130,7.695883e+00
25131,7.699554e+00
25132,7.681518e+00
25133,7.678773e+00
25134,7.677410e+00
25135,7.684149e+00
25136,7.691200e+00
25137,7.687573e+00
25138,7.694237e+00
25139,7.690711e+00
25140,7.686447e+00
25141,7.683347e+00
25142,7.684669e+00
25143,7.681635e+00
25144,7.676756e+00
25145,7.666441e+00
25146,7.677713e+00
25147,7.671928e+00
25148,7.669585e+00
25149,7.663107e+00
25150,7.658538e+00
25151,7.651161e+00
25152,7.242769e+00
25153,7.640435e+00
25154,7.640040e+00
25155,7.631419e+00
25156,7.634630e+00
25157,7.630442e+00
25158,7.602116e+00
25159,7.605684e+00
25160,7.525013e+00
25161,7.501461e+00
25162,7.596506e+00
25163,7.602986e+00
25164,7.537745e+00
25165,7.586469e+00
25166,7.554651e+00
25167,7.584925e+00
25168,7.585809e+00
25169,7.569001e+00
25170,7.557662e+00
25171,7.590135e+00
25172,7.592532e+00
25173,7.604565e+00
25174,7.605338e+00
25175,7.609121e+00
25176,7.612220e+00
25177,7.617683e+00
25178,7.624933e+00
25179,7.634061e+00
25180,7.638239e+00
25181,7.640688e+00
25182,7.623483e+00
25183,7.633780e+00
25184,7.625716e+00
25185,7.648572e+00
25186,7.652765e+00
25187,7.659709e+00
25188,7.663000e+00
25189,7.648208e+00
25190,7.667088e+00
25191,7.668197e+00
25192,7.648629e+00
25193,7.630094e+00
25194,7.626935e+00
25195,7.660501e+00
25196,7.658919e+00
25197,7.662884e+00
25198,7.645512e+00
25199,7.681923e+00
25200,7.665496e+00
25201,7.678622e+00
25202,7.683337e+00
25203,7.696306e+00
25204,7.690783e+00
25205,7.689522e+00
25206,7.702306e+00
25207,7.697961e+00
25208,7.700181e+00
25209,7.696087e+00
25210,7.700825e+00
25211,7.678621e+00
25212,7.680077e+00
25213,7.675034e+00
25214,7.674701e+00
25215,7.664563e+00
25216,7.324746e+00
25217,7.654543e+00
25218,7.649554e+00
25219,7.644983e+00
25220,7.629043e+00
25221,7.605379e+00
25222,7.588674e+00
25223,7.596265e+00
25224,7.551283e+00
25225,7.488913e+00
25226,7.588737e+00
25227,7.595565e+00
25228,7.543327e+00
25229,7.602896e+00
25230,7.563136e+00
25231,7.605366e+00
25232,7.602975e+00
25233,7.616551e+00
25234,7.590897e+00
25235,7.609340e+00
25236,7.587561e+00
25237,7.596398e+00
25238,7.627041e+00
25239,7.632972e+00
25240,7.637247e+00
25241,7.624549e+00
25242,7.631436e+00
25243,7.646175e+00
25244,7.656691e+00
25245,7.661820e+00
25246,7.657973e+00
25247,7.616702e+00
25248,7.646685e+00
25249,7.667653e+00
25250,7.645434e+00
25251,7.696253e+00
25252,7.708197e+00
25253,7.708402e+00
25254,7.721443e+00
25255,7.724677e+00
25256,7.718195e+00
25257,7.719742e+00
25258,7.718420e+00
25259,7.724474e+00
25260,7.717209e+00
25261,7.718125e+00
25262,7.700839e+00
25263,7.719238e+00
25264,7.724921e+00
25265,7.720643e+00
25266,7.722028e+00
25267,7.712123e+00
25268,7.707066e+00
25269,7.706959e+00
25270,7.706421e+00
25271,7.699360e+00
25272,7.696598e+00
25273,7.690003e+00
25274,7.690809e+00
25275,7.678978e+00
25276,7.675172e+00
25277,7.667915e+00
25278,7.665176e+00
25279,7.658449e+00
25280,7.269069e+00
25281,7.644995e+00
25282,7.639885e+00
25283,7.633678e+00
25284,7.629813e+00
25285,7.627606e+00
25286,7.608422e+00
25287,7.596191e+00
25288,7.551827e+00
25289,7.474761e+00
25290,7.599970e+00
25291,7.605942e+00
25292,7.551574e+00
25293,7.589975e+00
25294,7.559535e+00
25295,7.606772e+00
25296,7.608916e+00
25297,7.600905e+00
25298,7.603869e+00
25299,7.640470e+00
25300,7.630293e+00
25301,7.648372e+00
25302,7.658827e+00
25303,7.662264e+00
25304,7.664240e+00
25305,7.664867e+00
25306,7.677040e+00
25307,7.683792e+00
25308,7.684472e+00
25309,7.690394e+00
25310,7.658565e+00
25311,7.674832e+00
25312,7.657093e+00
25313,7.664685e+00
25314,7.662948e+00
25315,7.660474e+00
25316,7.661404e+00
25317,7.668682e+00
25318,7.658938e+00
25319,7.664506e+00
25320,7.659069e+00
25321,7.603424e+00
25322,7.618669e+00
25323,7.636951e+00
25324,7.652518e+00
25325,7.659764e+00
25326,7.660781e+00
25327,7.693920e+00
25328,7.667559e+00
25329,7.679369e+00
25330,7.690204e+00
25331,7.691837e+00
25332,7.681722e+00
25333,7.680076e+00
25334,7.697868e+00
25335,7.697591e+00
25336,7.695550e+00
25337,7.694710e+00
25338,7.689558e+00
25339,7.668282e+00
25340,7.673477e+00
25341,7.663995e+00
25342,7.668262e+00
25343,7.660714e+00
25344,7.305171e+00
25345,7.646141e+00
25346,7.634222e+00
25347,7.640008e+00
25348,7.621706e+00
25349,7.582234e+00
25350,7.574910e+00
25351,7.568990e+00
25352,7.562561e+00
25353,7.479468e+00
25354,7.607912e+00
25355,7.619525e+00
25356,7.568864e+00
25357,7.635460e+00
25358,7.604343e+00
25359,7.643858e+00
25360,7.640548e+00
25361,7.656301e+00
25362,7.642412e+00
25363,7.662070e+00
25364,7.638476e+00
25365,7.655387e+00
25366,7.687755e+00
25367,7.689996e+00
25368,7.693606e+00
25369,7.677949e+00
25370,7.692460e+00
25371,7.705274e+00
25372,7.701821e+00
25373,7.713918e+00
25374,7.709545e+00
25375,7.679193e+00
25376,7.701565e+00
25377,7.706240e+00
25378,7.685086e+00
25379,7.722345e+00
25380,7.718196e+00
25381,7.728333e+00
25382,7.732718e+00
25383,7.737270e+00
25384,7.732356e+00
25385,7.732317e+00
25386,7.738692e+00
25387,7.733060e+00
25388,7.734445e+00
25389,7.730027e+00
25390,7.716869e+00
25391,7.734262e+00
25392,7.721777e+00
25393,7.724136e+00
25394,7.720021e+00
25395,7.700179e+00
25396,7.694095e+00
25397,7.697410e+00
25398,7.694871e+00
25399,7.687870e+00
25400,7.681039e+00
25401,7.679812e+00
25402,7.684028e+00
25403,7.674774e+00
25404,7.670813e+00
25405,7.664595e+00
25406,7.662978e+00
25407,7.652301e+00
25408,7.262540e+00
25409,7.640554e+00
25410,7.634181e+00
25411,7.623227e+00
25412,7.621881e+00
25413,7.613397e+00
25414,7.597663e+00
25415,7.571220e+00
25416,7.545897e+00
25417,7.423710e+00
25418,7.562369e+00
25419,7.574431e+00
25420,7.522839e+00
25421,7.571772e+00
25422,7.537044e+00
25423,7.593631e+00
25424,7.597043e+00
25425,7.598987e+00
25426,7.573966e+00
25427,7.607359e+00
25428,7.593449e+00
25429,7.613636e+00
25430,7.621742e+00
25431,7.623583e+00
25432,7.625156e+00
25433,7.622108e+00
25434,7.633599e+00
25435,7.628016e+00
25436,7.627653e+00
25437,7.631717e+00
25438,7.621232e+00
25439,7.613863e+00
25440,7.619427e+00
25441,7.593438e+00
25442,7.615487e+00
25443,7.605261e+00
25444,7.613310e+00
25445,7.632527e+00
25446,7.620927e+00
25447,7.624378e+00
25448,7.630153e+00
25449,7.610476e+00
25450,7.622591e+00
25451,7.611238e+00
25452,7.657281e+00
25453,7.665628e+00
25454,7.675741e+00
25455,7.679556e+00
25456,7.657131e+00
25457,7.673720e+00
25458,7.674357e+00
25459,7.653956e+00
25460,7.651229e+00
25461,7.646496e+00
25462,7.665798e+00
25463,7.662832e+00
25464,7.660063e+00
25465,7.658556e+00
25466,7.647738e+00
25467,7.645000e+00
25468,7.640899e+00
25469,7.638734e+00
25470,7.644299e+00
25471,7.640000e+00
25472,7.285890e+00
25473,7.631965e+00
25474,7.621623e+00
25475,7.627567e+00
25476,7.610240e+00
25477,7.595112e+00
25478,7.577674e+00
25479,7.556424e+00
25480,7.566031e+00
25481,7.451207e+00
25482,7.579544e+00
25483,7.587297e+00
25484,7.532792e+00
25485,7.583904e+00
25486,7.541317e+00
25487,7.582373e+00
25488,7.581314e+00
25489,7.592609e+00
25490,7.579229e+00
25491,7.594020e+00
25492,7.563517e+00
25493,7.588008e+00
25494,7.618183e+00
25495,7.619395e+00
25496,7.625567e+00
25497,7.615680e+00
25498,7.623829e+00
25499,7.629828e+00
25500,7.625930e+00
25501,7.646907e+00
25502,7.649117e+00
25503,7.631232e+00
25504,7.646157e+00
25505,7.658894e+00
25506,7.624856e+00
25507,7.675209e+00
25508,7.685403e+00
25509,7.676378e+00
25510,7.694211e+00
25511,7.701906e+00
25512,7.697369e+00
25513,7.706065e+00
25514,7.711707e+00
25515,7.694879e+00
25516,7.692174e+00
25517,7.694109e+00
25518,7.697063e+00
25519,7.674706e+00
25520,7.656557e+00
25521,7.673654e+00
25522,7.666132e+00
25523,7.648876e+00
25524,7.651445e+00
25525,7.654062e+00
25526,7.648123e+00
25527,7.640252e+00
25528,7.632461e+00
25529,7.642919e+00
25530,7.649275e+00
25531,7.638955e+00
25532,7.635169e+00
25533,7.630873e+00
25534,7.633258e+00
25535,7.624755e+00
25536,7.236206e+00
25537,7.615667e+00
25538,7.613033e+00
25539,7.605952e+00
25540,7.602989e+00
25541,7.596202e+00
25542,7.587476e+00
25543,7.549762e+00
25544,7.553872e+00
25545,7.389436e+00
25546,7.543723e+00
25547,7.555528e+00
25548,7.522546e+00
25549,7.548166e+00
25550,7.516008e+00
25551,7.578799e+00
25552,7.580915e+00
25553,7.579359e+00
25554,7.570806e+00
25555,7.590612e+00
25556,7.588164e+00
25557,7.619094e+00
25558,7.628711e+00
25559,7.634824e+00
25560,7.647497e+00
25561,7.650987e+00
25562,7.657026e+00
25563,7.655399e+00
25564,7.660758e+00
25565,7.669665e+00
25566,7.671684e+00
25567,7.669410e+00
25568,7.663169e+00
25569,7.653649e+00
25570,7.667195e+00
25571,7.670476e+00
25572,7.684143e+00
25573,7.685603e+00
25574,7.695954e+00
25575,7.693161e+00
25576,7.701756e+00
25577,7.682232e+00
25578,7.691040e+00
25579,7.677242e+00
25580,7.699990e+00
25581,7.704521e+00
25582,7.707555e+00
25583,7.666978e+00
25584,7.665222e+00
25585,7.673685e+00
25586,7.673871e+00
25587,7.667205e+00
25588,7.653072e+00
25589,7.650466e+00
25590,7.676509e+00
25591,7.673683e+00
25592,7.676028e+00
25593,7.675891e+00
25594,7.667955e+00
25595,7.674632e+00
25596,7.668141e+00
25597,7.673099e+00
25598,7.672629e+00
25599,7.670874e+00
25600,7.327172e+00
25601,7.665063e+00
25602,7.661264e+00
25603,7.653673e+00
25604,7.638847e+00
25605,7.635254e+00
25606,7.617967e+00
25607,7.591292e+00
25608,7.601979e+00
25609,7.494876e+00
25610,7.610088e+00
25611,7.623438e+00
25612,7.579263e+00
25613,7.611135e+00
25614,7.572857e+00
25615,7.615868e+00
25616,7.613503e+00
25617,7.606969e+00
25618,7.596275e+00
25619,7.597517e+00
25620,7.566031e+00
25621,7.597204e+00
25622,7.618688e+00
25623,7.617865e+00
25624,7.627452e+00
25625,7.621464e+00
25626,7.628943e+00
25627,7.630037e+00
25628,7.605723e+00
25629,7.640166e+00
25630,7.639839e+00
25631,7.631180e+00
25632,7.639380e+00
25633,7.649632e+00
25634,7.618978e+00
25635,7.655934e+00
25636,7.668137e+00
25637,7.657572e+00
25638,7.661576e+00
25639,7.682589e+00
25640,7.680939e+00
25641,7.673267e+00
25642,7.685044e+00
25643,7.678646e+00
25644,7.667612e+00
25645,7.673759e+00
25646,7.677821e+00
25647,7.650100e+00
25648,7.644325e+00
25649,7.641039e+00
25650,7.656638e+00
25651,7.683333e+00
25652,7.693019e+00
25653,7.698191e+00
25654,7.703561e+00
25655,7.699679e+00
25656,7.693251e+00
25657,7.703653e+00
25658,7.701901e+00
25659,7.699228e+00
25660,7.698716e+00
25661,7.695567e+00
25662,7.691991e+00
25663,7.680498e+00
25664,7.292592e+00
25665,7.670282e+00
25666,7.665373e+00
25667,7.658099e+00
25668,7.642706e+00
25669,7.637033e+00
25670,7.626222e+00
25671,7.583589e+00
25672,7.593276e+00
25673,7.439390e+00
25674,7.567203e+00
25675,7.585952e+00
25676,7.579077e+00
25677,7.584248e+00
25678,7.554738e+00
25679,7.625577e+00
25680,7.629856e+00
25681,7.632372e+00
25682,7.631592e+00
25683,7.647778e+00
25684,7.641000e+00
25685,7.655600e+00
25686,7.657167e+00
25687,7.658223e+00
25688,7.671753e+00
25689,7.674814e+00
25690,7.683120e+00
25691,7.680426e+00
25692,7.686564e+00
25693,7.696964e+00
25694,7.702557e+00
25695,7.701398e+00
25696,7.694167e+00
25697,7.683084e+00
25698,7.706776e+00
25699,7.707890e+00
25700,7.717941e+00
25701,7.710021e+00
25702,7.728701e+00
25703,7.730388e+00
25704,7.739424e+00
25705,7.722583e+00
25706,7.722163e+00
25707,7.716234e+00
25708,7.738137e+00
25709,7.744007e+00
25710,7.745371e+00
25711,7.724670e+00
25712,7.736994e+00
25713,7.719431e+00
25714,7.734305e+00
25715,7.737078e+00
25716,7.717337e+00
25717,7.719225e+00
25718,7.705053e+00
25719,7.705196e+00
25720,7.715694e+00
25721,7.711355e+00
25722,7.698967e+00
25723,7.706857e+00
25724,7.704547e+00
25725,7.705780e+00
25726,7.695607e+00
25727,7.691482e+00
25728,7.336028e+00
25729,7.683050e+00
25730,7.678870e+00
25731,7.669993e+00
25732,7.658248e+00
25733,7.659286e+00
25734,7.645159e+00
25735,7.611817e+00
25736,7.603851e+00
25737,7.520464e+00
25738,7.608456e+00
25739,7.629098e+00
25740,7.600189e+00
25741,7.600603e+00
25742,7.559270e+00
25743,7.612108e+00
25744,7.608399e+00
25745,7.596232e+00
25746,7.590295e+00
25747,7.589136e+00
25748,7.557216e+00
25749,7.609762e+00
25750,7.616251e+00
25751,7.617264e+00
25752,7.627862e+00
25753,7.624938e+00
25754,7.642642e+00
25755,7.644774e+00
25756,7.636068e+00
25757,7.651586e+00
25758,7.669954e+00
25759,7.658961e+00
25760,7.687538e+00
25761,7.701999e+00
25762,7.681733e+00
25763,7.721496e+00
25764,7.731890e+00
25765,7.723516e+00
25766,7.733004e+00
25767,7.757651e+00
25768,7.760800e+00
25769,7.759747e+00
25770,7.770337e+00
25771,7.767340e+00
25772,7.760980e+00
25773,7.769168e+00
25774,7.772915e+00
25775,7.766321e+00
25776,7.765032e+00
25777,7.752742e+00
25778,7.788806e+00
25779,7.793727e+00
25780,7.790459e+00
25781,7.790574e+00
25782,7.780743e+00
25783,7.769021e+00
25784,7.758366e+00
25785,7.756534e+00
25786,7.748610e+00
25787,7.742359e+00
25788,7.728048e+00
25789,7.730766e+00
25790,7.726899e+00
25791,7.715909e+00
25792,7.345898e+00
25793,7.702452e+00
25794,7.699622e+00
25795,7.692928e+00
25796,7.677520e+00
25797,7.675152e+00
25798,7.667495e+00
25799,7.638796e+00
25800,7.644005e+00
25801,7.527068e+00
25802,7.612233e+00
25803,7.646242e+00
25804,7.662702e+00
25805,7.652838e+00
25806,7.633654e+00
25807,7.703861e+00
25808,7.710554e+00
25809,7.719088e+00
25810,7.725173e+00
25811,7.736745e+00
25812,7.734336e+00
25813,7.759357e+00
25814,7.762946e+00
25815,7.770934e+00
25816,7.786302e+00
25817,7.790427e+00
25818,7.795216e+00
25819,7.796465e+00
25820,7.800558e+00
25821,7.810220e+00
25822,7.812674e+00
25823,7.807572e+00
25824,7.804293e+00
25825,7.782384e+00
25826,7.806595e+00
25827,7.808790e+00
25828,7.810252e+00
25829,7.787957e+00
25830,7.817311e+00
25831,7.813132e+00
25832,7.817214e+00
25833,7.809311e+00
25834,7.794129e+00
25835,7.789236e+00
25836,7.792202e+00
25837,7.797603e+00
25838,7.789565e+00
25839,7.768585e+00
25840,7.777627e+00
25841,7.758970e+00
25842,7.769841e+00
25843,7.761702e+00
25844,7.754319e+00
25845,7.734621e+00
25846,7.679241e+00
25847,7.679763e+00
25848,7.681292e+00
25849,7.685887e+00
25850,7.678486e+00
25851,7.673276e+00
25852,7.672226e+00
25853,7.688927e+00
25854,7.690208e+00
25855,7.682713e+00
25856,7.299276e+00
25857,7.675154e+00
25858,7.674044e+00
25859,7.665054e+00
25860,7.658600e+00
25861,7.660700e+00
25862,7.650825e+00
25863,7.626454e+00
25864,7.606846e+00
25865,7.542846e+00
25866,7.607040e+00
25867,7.636793e+00
25868,7.616339e+00
25869,7.598440e+00
25870,7.559948e+00
25871,7.609244e+00
25872,7.602940e+00
25873,7.601944e+00
25874,7.601013e+00
25875,7.587514e+00
25876,7.567946e+00
25877,7.625811e+00
25878,7.604063e+00
25879,7.621967e+00
25880,7.632508e+00
25881,7.635088e+00
25882,7.659148e+00
25883,7.660330e+00
25884,7.663663e+00
25885,7.675441e+00
25886,7.681174e+00
25887,7.679307e+00
25888,7.684373e+00
25889,7.705964e+00
25890,7.690871e+00
25891,7.704319e+00
25892,7.718046e+00
25893,7.717626e+00
25894,7.708426e+00
25895,7.736112e+00
25896,7.744548e+00
25897,7.738459e+00
25898,7.748108e+00
25899,7.751625e+00
25900,7.747886e+00
25901,7.754124e+00
25902,7.754375e+00
25903,7.757317e+00
25904,7.754174e+00
25905,7.753755e+00
25906,7.787677e+00
25907,7.766550e+00
25908,7.772821e+00
25909,7.771850e+00
25910,7.766438e+00
25911,7.752844e+00
25912,7.743503e+00
25913,7.754627e+00
25914,7.756579e+00
25915,7.742247e+00
25916,7.725611e+00
25917,7.727934e+00
25918,7.718062e+00
25919,7.721219e+00
25920,7.389181e+00
25921,7.707506e+00
25922,7.698514e+00
25923,7.697174e+00
25924,7.691113e+00
25925,7.677419e+00
25926,7.668428e+00
25927,7.642447e+00
25928,7.624348e+00
25929,7.535018e+00
25930,7.602423e+00
25931,7.635566e+00
25932,7.641286e+00
25933,7.634793e+00
25934,7.623806e+00
25935,7.669190e+00
25936,7.669188e+00
25937,7.682082e+00
25938,7.687910e+00
25939,7.687244e+00
25940,7.678136e+00
25941,7.701389e+00
25942,7.703531e+00
25943,7.704006e+00
25944,7.715564e+00
25945,7.716224e+00
25946,7.716201e+00
25947,7.712583e+00
25948,7.718366e+00
25949,7.725071e+00
25950,7.722673e+00
25951,7.718653e+00
25952,7.703337e+00
25953,7.698297e+00
25954,7.706612e+00
25955,7.720600e+00
25956,7.719460e+00
25957,7.699109e+00
25958,7.715290e+00
25959,7.719227e+00
25960,7.715905e+00
25961,7.709118e+00
25962,7.702190e+00
25963,7.709820e+00
25964,7.703813e+00
25965,7.705744e+00
25966,7.697454e+00
25967,7.684621e+00
25968,7.686161e+00
25969,7.687354e+00
25970,7.698084e+00
25971,7.685923e+00
25972,7.682373e+00
25973,7.662198e+00
25974,7.632939e+00
25975,7.631541e+00
25976,7.638121e+00
25977,7.660690e+00
25978,7.656262e+00
25979,7.646421e+00
25980,7.650900e+00
25981,7.661996e+00
25982,7.655672e+00
25983,7.649944e+00
25984,7.233590e+00
25985,7.633709e+00
25986,7.629174e+00
25987,7.617671e+00
25988,7.607489e+00
25989,7.601608e+00
25990,7.590311e+00
25991,7.561002e+00
25992,7.520887e+00
25993,7.461589e+00
25994,7.513944e+00
25995,7.543113e+00
25996,7.527335e+00
25997,7.496485e+00
25998,7.470668e+00
25999,7.501123e+00
26000,7.506175e+00
26001,7.525384e+00
26002,7.528474e+00
26003,7.504707e+00
26004,7.501666e+00
26005,7.554216e+00
26006,7.540692e+00
26007,7.563993e+00
26008,7.569902e+00
26009,7.575871e+00
26010,7.601076e+00
26011,7.599696e+00
26012,7.615769e+00
26013,7.618938e+00
26014,7.627237e+00
26015,7.632753e+00
26016,7.647079e+00
26017,7.656683e+00
26018,7.657490e+00
26019,7.671840e+00
26020,7.679342e+00
26021,7.683592e+00
26022,7.693380e+00
26023,7.710802e+00
26024,7.727176e+00
26025,7.720641e+00
26026,7.729258e+00
26027,7.739275e+00
26028,7.732071e+00
26029,7.736901e+00
26030,7.733430e+00
26031,7.743014e+00
26032,7.738228e+00
26033,7.743602e+00
26034,7.754819e+00
26035,7.740952e+00
26036,7.759074e+00
26037,7.757125e+00
26038,7.752696e+00
26039,7.745596e+00
26040,7.740404e+00
26041,7.746702e+00
26042,7.737912e+00
26043,7.731075e+00
26044,7.724877e+00
26045,7.701705e+00
26046,7.684610e+00
26047,7.693898e+00
26048,7.370423e+00
26049,7.685510e+00
26050,7.677734e+00
26051,7.670962e+00
26052,7.664341e+00
26053,7.657386e+00
26054,7.651116e+00
26055,7.596748e+00
26056,7.586014e+00
26057,7.496164e+00
26058,7.570930e+00
26059,7.624633e+00
26060,7.618987e+00
26061,7.618397e+00
26062,7.616410e+00
26063,7.657387e+00
26064,7.656682e+00
26065,7.680751e+00
26066,7.689358e+00
26067,7.683953e+00
26068,7.682936e+00
26069,7.709244e+00
26070,7.706929e+00
26071,7.710781e+00
26072,7.730153e+00
26073,7.735471e+00
26074,7.741436e+00
26075,7.738405e+00
26076,7.742114e+00
26077,7.752379e+00
26078,7.749867e+00
26079,7.756398e+00
26080,7.722351e+00
26081,7.718119e+00
26082,7.743584e+00
26083,7.745280e+00
26084,7.751716e+00
26085,7.742049e+00
26086,7.753275e+00
26087,7.756452e+00
26088,7.752175e+00
26089,7.748463e+00
26090,7.739508e+00
26091,7.749193e+00
26092,7.734420e+00
26093,7.735640e+00
26094,7.725487e+00
26095,7.708915e+00
26096,7.715302e+00
26097,7.723465e+00
26098,7.705791e+00
26099,7.690911e+00
26100,7.689341e+00
26101,7.679939e+00
26102,7.669360e+00
26103,7.663845e+00
26104,7.685940e+00
26105,7.689446e+00
26106,7.677938e+00
26107,7.665943e+00
26108,7.668755e+00
26109,7.665702e+00
26110,7.657920e+00
26111,7.646591e+00
26112,7.236500e+00
26113,7.630863e+00
26114,7.622404e+00
26115,7.605141e+00
26116,7.599230e+00
26117,7.592151e+00
26118,7.589821e+00
26119,7.562268e+00
26120,7.539294e+00
26121,7.454308e+00
26122,7.536229e+00
26123,7.573633e+00
26124,7.558539e+00
26125,7.562275e+00
26126,7.561073e+00
26127,7.560081e+00
26128,7.577993e+00
26129,7.617094e+00
26130,7.624242e+00
26131,7.603799e+00
26132,7.611870e+00
26133,7.646448e+00
26134,7.651800e+00
26135,7.679346e+00
26136,7.690493e+00
26137,7.698688e+00
26138,7.715180e+00
26139,7.713808e+00
26140,7.734750e+00
26141,7.739286e+00
26142,7.741392e+00
26143,7.753174e+00
26144,7.750938e+00
26145,7.766573e+00
26146,7.757706e+00
26147,7.764945e+00
26148,7.771062e+00
26149,7.775772e+00
26150,7.753983e+00
26151,7.778099e+00
26152,7.782008e+00
26153,7.770399e+00
26154,7.764372e+00
26155,7.781297e+00
26156,7.778511e+00
26157,7.778423e+00
26158,7.771361e+00
26159,7.778943e+00
26160,7.775029e+00
26161,7.777471e+00
26162,7.750624e+00
26163,7.748003e+00
26164,7.762152e+00
26165,7.759417e+00
26166,7.756039e+00
26167,7.744042e+00
26168,7.731074e+00
26169,7.730105e+00
26170,7.709678e+00
26171,7.706069e+00
26172,7.695377e+00
26173,7.666602e+00
26174,7.658419e+00
26175,7.652408e+00
26176,7.297673e+00
26177,7.657747e+00
26178,7.656755e+00
26179,7.652031e+00
26180,7.650481e+00
26181,7.643059e+00
26182,7.646113e+00
26183,7.592788e+00
26184,7.608329e+00
26185,7.518144e+00
26186,7.568000e+00
26187,7.646221e+00
26188,7.637305e+00
26189,7.643080e+00
26190,7.647245e+00
26191,7.672212e+00
26192,7.671396e+00
26193,7.699129e+00
26194,7.708427e+00
26195,7.699522e+00
26196,7.680790e+00
26197,7.705234e+00
26198,7.693981e+00
26199,7.706311e+00
26200,7.729382e+00
26201,7.749747e+00
26202,7.758036e+00
26203,7.755489e+00
26204,7.756838e+00
26205,7.771525e+00
26206,7.774526e+00
26207,7.781218e+00
26208,7.764582e+00
26209,7.728252e+00
26210,7.777767e+00
26211,7.775006e+00
26212,7.780921e+00
26213,7.776581e+00
26214,7.787786e+00
26215,7.791666e+00
26216,7.788155e+00
26217,7.785462e+00
26218,7.787041e+00
26219,7.790126e+00
26220,7.777320e+00
26221,7.776914e+00
26222,7.778098e+00
26223,7.773060e+00
26224,7.777224e+00
26225,7.790268e+00
26226,7.774170e+00
26227,7.768615e+00
26228,7.761152e+00
26229,7.766075e+00
26230,7.763903e+00
26231,7.756913e+00
26232,7.756684e+00
26233,7.739906e+00
26234,7.734707e+00
26235,7.718281e+00
26236,7.715785e+00
26237,7.707455e+00
26238,7.703911e+00
26239,7.689816e+00
26240,7.329195e+00
26241,7.671041e+00
26242,7.665080e+00
26243,7.659960e+00
26244,7.659772e+00
26245,7.657492e+00
26246,7.666097e+00
26247,7.638748e+00
26248,7.643158e+00
26249,7.541943e+00
26250,7.623135e+00
26251,7.673375e+00
26252,7.660412e+00
26253,7.643544e+00
26254,7.655369e+00
26255,7.657351e+00
26256,7.666486e+00
26257,7.698686e+00
26258,7.706343e+00
26259,7.693684e+00
26260,7.705610e+00
26261,7.716382e+00
26262,7.714226e+00
26263,7.734793e+00
26264,7.749477e+00
26265,7.758318e+00
26266,7.768287e+00
26267,7.766896e+00
26268,7.774878e+00
26269,7.775577e+00
26270,7.775444e+00
26271,7.787685e+00
26272,7.781598e+00
26273,7.792549e+00
26274,7.786162e+00
26275,7.785386e+00
26276,7.791025e+00
26277,7.795333e+00
26278,7.784356e+00
26279,7.779917e+00
26280,7.794873e+00
26281,7.794414e+00
26282,7.768969e+00
26283,7.782154e+00
26284,7.761548e+00
26285,7.770830e+00
26286,7.764285e+00
26287,7.764286e+00
26288,7.756497e+00
26289,7.746187e+00
26290,7.707535e+00
26291,7.716120e+00
26292,7.710940e+00
26293,7.716720e+00
26294,7.711442e+00
26295,7.699701e+00
26296,7.691241e+00
26297,7.656041e+00
26298,7.618493e+00
26299,7.615972e+00
26300,7.601926e+00
26301,7.582290e+00
26302,7.571077e+00
26303,7.556263e+00
26304,7.162589e+00
26305,7.580995e+00
26306,7.585361e+00
26307,7.581760e+00
26308,7.582605e+00
26309,7.569932e+00
26310,7.581453e+00
26311,7.527883e+00
26312,7.547213e+00
26313,7.468780e+00
26314,7.501792e+00
26315,7.585181e+00
26316,7.545813e+00
26317,7.559341e+00
26318,7.574768e+00
26319,7.578517e+00
26320,7.579810e+00
26321,7.598340e+00
26322,7.606815e+00
26323,7.606200e+00
26324,7.597366e+00
26325,7.608973e+00
26326,7.589673e+00
26327,7.619889e+00
26328,7.653316e+00
26329,7.685197e+00
26330,7.692159e+00
26331,7.695004e+00
26332,7.713628e+00
26333,7.725868e+00
26334,7.728287e+00
26335,7.744042e+00
26336,7.737000e+00
26337,7.728199e+00
26338,7.757413e+00
26339,7.784987e+00
26340,7.778087e+00
26341,7.789723e+00
26342,7.806068e+00
26343,7.816169e+00
26344,7.817966e+00
26345,7.822698e+00
26346,7.825044e+00
26347,7.834438e+00
26348,7.828176e+00
26349,7.829978e+00
26350,7.828228e+00
26351,7.819198e+00
26352,7.823546e+00
26353,7.816470e+00
26354,7.795423e+00
26355,7.794474e+00
26356,7.785027e+00
26357,7.802395e+00
26358,7.801944e+00
26359,7.800378e+00
26360,7.795555e+00
26361,7.786102e+00
26362,7.780922e+00
26363,7.766621e+00
26364,7.767327e+00
26365,7.764057e+00
26366,7.761516e+00
26367,7.742449e+00
26368,7.440058e+00
26369,7.726221e+00
26370,7.725392e+00
26371,7.728154e+00
26372,7.726252e+00
26373,7.720416e+00
26374,7.726831e+00
26375,7.695706e+00
26376,7.685762e+00
26377,7.611348e+00
26378,7.637204e+00
26379,7.700328e+00
26380,7.695680e+00
26381,7.661807e+00
26382,7.684798e+00
26383,7.674255e+00
26384,7.696165e+00
26385,7.721691e+00
26386,7.729712e+00
26387,7.720460e+00
26388,7.733580e+00
26389,7.739977e+00
26390,7.730653e+00
26391,7.749114e+00
26392,7.762748e+00
26393,7.771078e+00
26394,7.766793e+00
26395,7.762179e+00
26396,7.771013e+00
26397,7.764516e+00
26398,7.748786e+00
26399,7.762825e+00
26400,7.749452e+00
26401,7.755896e+00
26402,7.747648e+00
26403,7.736915e+00
26404,7.736872e+00
26405,7.738810e+00
26406,7.725514e+00
26407,7.716109e+00
26408,7.720102e+00
26409,7.710056e+00
26410,7.697555e+00
26411,7.684126e+00
26412,7.661571e+00
26413,7.661510e+00
26414,7.662071e+00
26415,7.660336e+00
26416,7.650954e+00
26417,7.634190e+00
26418,7.587526e+00
26419,7.598989e+00
26420,7.592939e+00
26421,7.611473e+00
26422,7.605015e+00
26423,7.597449e+00
26424,7.595939e+00
26425,7.563410e+00
26426,7.550161e+00
26427,7.541994e+00
26428,7.549015e+00
26429,7.551151e+00
26430,7.541317e+00
26431,7.530474e+00
26432,7.077949e+00
26433,7.541329e+00
26434,7.556615e+00
26435,7.552228e+00
26436,7.546603e+00
26437,7.533039e+00
26438,7.537455e+00
26439,7.482916e+00
26440,7.475551e+00
26441,7.438238e+00
26442,7.412619e+00
26443,7.510827e+00
26444,7.481763e+00
26445,7.475114e+00
26446,7.500022e+00
26447,7.514908e+00
26448,7.522504e+00
26449,7.534037e+00
26450,7.546051e+00
26451,7.557376e+00
26452,7.561191e+00
26453,7.561301e+00
26454,7.536043e+00
26455,7.576884e+00
26456,7.609017e+00
26457,7.612493e+00
26458,7.623365e+00
26459,7.638437e+00
26460,7.654056e+00
26461,7.658304e+00
26462,7.658185e+00
26463,7.678675e+00
26464,7.677141e+00
26465,7.647013e+00
26466,7.693677e+00
26467,7.705106e+00
26468,7.710183e+00
26469,7.728858e+00
26470,7.723813e+00
26471,7.744549e+00
26472,7.749199e+00
26473,7.759720e+00
26474,7.766749e+00
26475,7.777302e+00
26476,7.776589e+00
26477,7.780931e+00
26478,7.783169e+00
26479,7.783752e+00
26480,7.784402e+00
26481,7.791987e+00
26482,7.792203e+00
26483,7.785249e+00
26484,7.781506e+00
26485,7.800897e+00
26486,7.796995e+00
26487,7.797763e+00
26488,7.795311e+00
26489,7.792138e+00
26490,7.788195e+00
26491,7.777483e+00
26492,7.782726e+00
26493,7.775934e+00
26494,7.761419e+00
26495,7.748762e+00
26496,7.469339e+00
26497,7.720261e+00
26498,7.719079e+00
26499,7.720066e+00
26500,7.708704e+00
26501,7.694918e+00
26502,7.684347e+00
26503,7.656541e+00
26504,7.608839e+00
26505,7.578802e+00
26506,7.534645e+00
26507,7.598953e+00
26508,7.606468e+00
26509,7.571012e+00
26510,7.587758e+00
26511,7.571342e+00
26512,7.601571e+00
26513,7.618699e+00
26514,7.623561e+00
26515,7.616042e+00
26516,7.624663e+00
26517,7.615147e+00
26518,7.601740e+00
26519,7.627820e+00
26520,7.625641e+00
26521,7.626563e+00
26522,7.619797e+00
26523,7.609960e+00
26524,7.610324e+00
26525,7.596995e+00
26526,7.599488e+00
26527,7.600257e+00
26528,7.619067e+00
26529,7.609839e+00
26530,7.623034e+00
26531,7.597360e+00
26532,7.612894e+00
26533,7.623778e+00
26534,7.611873e+00
26535,7.613064e+00
26536,7.626715e+00
26537,7.626144e+00
26538,7.616891e+00
26539,7.630331e+00
26540,7.628804e+00
26541,7.605988e+00
26542,7.637986e+00
26543,7.642626e+00
26544,7.643364e+00
26545,7.631994e+00
26546,7.609263e+00
26547,7.623395e+00
26548,7.623270e+00
26549,7.644085e+00
26550,7.636074e+00
26551,7.636521e+00
26552,7.628070e+00
26553,7.594341e+00
26554,7.596062e+00
26555,7.586952e+00
26556,7.603796e+00
26557,7.596543e+00
26558,7.585850e+00
26559,7.578417e+00
26560,7.144057e+00
26561,7.585565e+00
26562,7.586044e+00
26563,7.575961e+00
26564,7.569728e+00
26565,7.559891e+00
26566,7.546169e+00
26567,7.501347e+00
26568,7.464661e+00
26569,7.470298e+00
26570,7.403199e+00
26571,7.521195e+00
26572,7.508930e+00
26573,7.475844e+00
26574,7.506426e+00
26575,7.516501e+00
26576,7.525499e+00
26577,7.532470e+00
26578,7.540409e+00
26579,7.543588e+00
26580,7.544443e+00
26581,7.538339e+00
26582,7.514843e+00
26583,7.553713e+00
26584,7.566327e+00
26585,7.558405e+00
26586,7.581835e+00
26587,7.584720e+00
26588,7.594226e+00
26589,7.593419e+00
26590,7.589339e+00
26591,7.616278e+00
26592,7.623024e+00
26593,7.577955e+00
26594,7.618700e+00
26595,7.643608e+00
26596,7.634841e+00
26597,7.662312e+00
26598,7.668618e+00
26599,7.674035e+00
26600,7.686593e+00
26601,7.700422e+00
26602,7.705052e+00
26603,7.717493e+00
26604,7.723039e+00
26605,7.725389e+00
26606,7.732906e+00
26607,7.734579e+00
26608,7.737501e+00
26609,7.738108e+00
26610,7.736882e+00
26611,7.740681e+00
26612,7.746634e+00
26613,7.740966e+00
26614,7.728180e+00
26615,7.734478e+00
26616,7.733572e+00
26617,7.733985e+00
26618,7.728613e+00
26619,7.727965e+00
26620,7.738967e+00
26621,7.732729e+00
26622,7.728625e+00
26623,7.724768e+00
26624,7.411929e+00
26625,7.688436e+00
26626,7.686122e+00
26627,7.668368e+00
26628,7.659921e+00
26629,7.651518e+00
26630,7.634608e+00
26631,7.619697e+00
26632,7.549610e+00
26633,7.549778e+00
26634,7.476454e+00
26635,7.570363e+00
26636,7.569815e+00
26637,7.555452e+00
26638,7.564572e+00
26639,7.550779e+00
26640,7.574335e+00
26641,7.595137e+00
26642,7.594212e+00
26643,7.584376e+00
26644,7.591770e+00
26645,7.577866e+00
26646,7.567437e+00
26647,7.589501e+00
26648,7.575090e+00
26649,7.579802e+00
26650,7.582416e+00
26651,7.579359e+00
26652,7.575145e+00
26653,7.563474e+00
26654,7.578424e+00
26655,7.583596e+00
26656,7.579791e+00
26657,7.598310e+00
26658,7.596458e+00
26659,7.593385e+00
26660,7.598809e+00
26661,7.614456e+00
26662,7.609247e+00
26663,7.595103e+00
26664,7.620410e+00
26665,7.622151e+00
26666,7.614751e+00
26667,7.610816e+00
26668,7.616268e+00
26669,7.604595e+00
26670,7.620588e+00
26671,7.610203e+00
26672,7.613933e+00
26673,7.602301e+00
26674,7.591090e+00
26675,7.599604e+00
26676,7.611650e+00
26677,7.615619e+00
26678,7.607012e+00
26679,7.607852e+00
26680,7.607498e+00
26681,7.596311e+00
26682,7.584039e+00
26683,7.579176e+00
26684,7.606196e+00
26685,7.599384e+00
26686,7.600479e+00
26687,7.600893e+00
26688,7.185370e+00
26689,7.604273e+00
26690,7.608304e+00
26691,7.592824e+00
26692,7.584966e+00
26693,7.569306e+00
26694,7.531980e+00
26695,7.511866e+00
26696,7.421730e+00
26697,7.476022e+00
26698,7.379690e+00
26699,7.506462e+00
26700,7.499769e+00
26701,7.460318e+00
26702,7.493628e+00
26703,7.469213e+00
26704,7.486713e+00
26705,7.500438e+00
26706,7.509598e+00
26707,7.498055e+00
26708,7.504664e+00
26709,7.502983e+00
26710,7.488526e+00
26711,7.523282e+00
26712,7.521084e+00
26713,7.513496e+00
26714,7.539396e+00
26715,7.537461e+00
26716,7.556125e+00
26717,7.557489e+00
26718,7.547015e+00
26719,7.575435e+00
26720,7.582417e+00
26721,7.563565e+00
26722,7.565574e+00
26723,7.611037e+00
26724,7.597896e+00
26725,7.620419e+00
26726,7.610119e+00
26727,7.629862e+00
26728,7.635471e+00
26729,7.650353e+00
26730,7.664081e+00
26731,7.665764e+00
26732,7.672672e+00
26733,7.678117e+00
26734,7.684432e+00
26735,7.687060e+00
26736,7.690175e+00
26737,7.687293e+00
26738,7.690362e+00
26739,7.687494e+00
26740,7.703068e+00
26741,7.701554e+00
26742,7.698600e+00
26743,7.707019e+00
26744,7.712082e+00
26745,7.715380e+00
26746,7.712692e+00
26747,7.724449e+00
26748,7.731162e+00
26749,7.721720e+00
26750,7.720523e+00
26751,7.716144e+00
26752,7.371919e+00
26753,7.691618e+00
26754,7.681652e+00
26755,7.660757e+00
26756,7.658317e+00
26757,7.645111e+00
26758,7.624744e+00
26759,7.616059e+00
26760,7.540446e+00
26761,7.540724e+00
26762,7.462454e+00
26763,7.536614e+00
26764,7.535654e+00
26765,7.539996e+00
26766,7.553380e+00
26767,7.515869e+00
26768,7.533913e+00
26769,7.552511e+00
26770,7.560691e+00
26771,7.551010e+00
26772,7.564232e+00
26773,7.559485e+00
26774,7.554942e+00
26775,7.567618e+00
26776,7.547589e+00
26777,7.557655e+00
26778,7.567252e+00
26779,7.567726e+00
26780,7.562716e+00
26781,7.553455e+00
26782,7.567923e+00
26783,7.580189e+00
26784,7.563736e+00
26785,7.584969e+00
26786,7.586832e+00
26787,7.585681e+00
26788,7.595619e+00
26789,7.609856e+00
26790,7.607957e+00
26791,7.594834e+00
26792,7.622286e+00
26793,7.628945e+00
26794,7.632366e+00
26795,7.620007e+00
26796,7.634549e+00
26797,7.622246e+00
26798,7.649657e+00
26799,7.651906e+00
26800,7.648565e+00
26801,7.652376e+00
26802,7.654852e+00
26803,7.657423e+00
26804,7.671870e+00
26805,7.670410e+00
26806,7.678037e+00
26807,7.678733e+00
26808,7.685826e+00
26809,7.684659e+00
26810,7.674861e+00
26811,7.679518e+00
26812,7.665046e+00
26813,7.664417e+00
26814,7.679126e+00
26815,7.679730e+00
26816,7.293641e+00
26817,7.668271e+00
26818,7.657001e+00
26819,7.637164e+00
26820,7.623054e+00
26821,7.609272e+00
26822,7.588994e+00
26823,7.570891e+00
26824,7.477065e+00
26825,7.522128e+00
26826,7.447244e+00
26827,7.546694e+00
26828,7.514116e+00
26829,7.520446e+00
26830,7.537409e+00
26831,7.466998e+00
26832,7.505042e+00
26833,7.519185e+00
26834,7.527208e+00
26835,7.520043e+00
26836,7.528391e+00
26837,7.512976e+00
26838,7.519940e+00
26839,7.557663e+00
26840,7.551508e+00
26841,7.555107e+00
26842,7.576148e+00
26843,7.579495e+00
26844,7.595679e+00
26845,7.593620e+00
26846,7.578564e+00
26847,7.606336e+00
26848,7.609430e+00
26849,7.596969e+00
26850,7.592779e+00
26851,7.624136e+00
26852,7.637938e+00
26853,7.644534e+00
26854,7.625250e+00
26855,7.651038e+00
26856,7.655854e+00
26857,7.674017e+00
26858,7.680928e+00
26859,7.691852e+00
26860,7.698056e+00
26861,7.698152e+00
26862,7.707413e+00
26863,7.707994e+00
26864,7.704922e+00
26865,7.709317e+00
26866,7.712388e+00
26867,7.706816e+00
26868,7.718816e+00
26869,7.690613e+00
26870,7.688619e+00
26871,7.697248e+00
26872,7.697906e+00
26873,7.696478e+00
26874,7.692812e+00
26875,7.701003e+00
26876,7.693218e+00
26877,7.675289e+00
26878,7.670923e+00
26879,7.662953e+00
26880,7.288875e+00
26881,7.636758e+00
26882,7.608810e+00
26883,7.593369e+00
26884,7.597679e+00
26885,7.589024e+00
26886,7.576688e+00
26887,7.564701e+00
26888,7.505216e+00
26889,7.503969e+00
26890,7.444684e+00
26891,7.524094e+00
26892,7.504597e+00
26893,7.558139e+00
26894,7.571508e+00
26895,7.509225e+00
26896,7.559605e+00
26897,7.587161e+00
26898,7.601254e+00
26899,7.592355e+00
26900,7.615017e+00
26901,7.620671e+00
26902,7.619446e+00
26903,7.638848e+00
26904,7.632615e+00
26905,7.643829e+00
26906,7.657984e+00
26907,7.669771e+00
26908,7.674875e+00
26909,7.671799e+00
26910,7.684469e+00
26911,7.706300e+00
26912,7.687035e+00
26913,7.700941e+00
26914,7.708314e+00
26915,7.712496e+00
26916,7.722546e+00
26917,7.727936e+00
26918,7.725317e+00
26919,7.710328e+00
26920,7.730643e+00
26921,7.736349e+00
26922,7.734422e+00
26923,7.725251e+00
26924,7.731744e+00
26925,7.718422e+00
26926,7.734788e+00
26927,7.733157e+00
26928,7.726892e+00
26929,7.719621e+00
26930,7.720986e+00
26931,7.722413e+00
26932,7.731266e+00
26933,7.717571e+00
26934,7.721308e+00
26935,7.717594e+00
26936,7.717631e+00
26937,7.710976e+00
26938,7.706953e+00
26939,7.705016e+00
26940,7.674370e+00
26941,7.676021e+00
26942,7.665046e+00
26943,7.675708e+00
26944,7.314699e+00
26945,7.667718e+00
26946,7.649637e+00
26947,7.640128e+00
26948,7.629977e+00
26949,7.621579e+00
26950,7.613492e+00
26951,7.597987e+00
26952,7.527409e+00
26953,7.546076e+00
26954,7.509329e+00
26955,7.583607e+00
26956,7.550498e+00
26957,7.563910e+00
26958,7.585188e+00
26959,7.503794e+00
26960,7.557687e+00
26961,7.569830e+00
26962,7.579929e+00
26963,7.586852e+00
26964,7.594525e+00
26965,7.578115e+00
26966,7.584799e+00
26967,7.614937e+00
26968,7.587899e+00
26969,7.596825e+00
26970,7.611325e+00
26971,7.623086e+00
26972,7.635126e+00
26973,7.632292e+00
26974,7.625838e+00
26975,7.629689e+00
26976,7.630319e+00
26977,7.611433e+00
26978,7.640747e+00
26979,7.633442e+00
26980,7.663358e+00
26981,7.660891e+00
26982,7.645093e+00
26983,7.653309e+00
26984,7.667445e+00
26985,7.677202e+00
26986,7.676057e+00
26987,7.684074e+00
26988,7.684408e+00
26989,7.682615e+00
26990,7.689802e+00
26991,7.687286e+00
26992,7.678502e+00
26993,7.686659e+00
26994,7.691322e+00
26995,7.691148e+00
26996,7.689990e+00
26997,7.656200e+00
26998,7.667330e+00
26999,7.665588e+00
27000,7.673967e+00
27001,7.676466e+00
27002,7.676640e+00
27003,7.682880e+00
27004,7.669026e+00
27005,7.661238e+00
27006,7.662226e+00
27007,7.656211e+00
27008,7.286094e+00
27009,7.639963e+00
27010,7.617023e+00
27011,7.612242e+00
27012,7.609933e+00
27013,7.617990e+00
27014,7.625706e+00
27015,7.614866e+00
27016,7.576736e+00
27017,7.559912e+00
27018,7.524352e+00
27019,7.581481e+00
27020,7.552044e+00
27021,7.617344e+00
27022,7.624040e+00
27023,7.564009e+00
27024,7.628698e+00
27025,7.639112e+00
27026,7.656550e+00
27027,7.660609e+00
27028,7.676522e+00
27029,7.670982e+00
27030,7.677679e+00
27031,7.691873e+00
27032,7.689611e+00
27033,7.704012e+00
27034,7.711346e+00
27035,7.716434e+00
27036,7.723139e+00
27037,7.720052e+00
27038,7.727655e+00
27039,7.725406e+00
27040,7.719981e+00
27041,7.699323e+00
27042,7.714478e+00
27043,7.715705e+00
27044,7.730904e+00
27045,7.733116e+00
27046,7.731461e+00
27047,7.700576e+00
27048,7.731293e+00
27049,7.725241e+00
27050,7.720545e+00
27051,7.712271e+00
27052,7.716275e+00
27053,7.713686e+00
27054,7.700417e+00
27055,7.706326e+00
27056,7.702928e+00
27057,7.690284e+00
27058,7.694143e+00
27059,7.691932e+00
27060,7.706178e+00
27061,7.692715e+00
27062,7.694603e+00
27063,7.694733e+00
27064,7.698545e+00
27065,7.693690e+00
27066,7.690235e+00
27067,7.687951e+00
27068,7.670608e+00
27069,7.671589e+00
27070,7.661917e+00
27071,7.670316e+00
27072,7.300362e+00
27073,7.662626e+00
27074,7.649864e+00
27075,7.639824e+00
27076,7.625010e+00
27077,7.612134e+00
27078,7.604024e+00
27079,7.583893e+00
27080,7.537278e+00
27081,7.484994e+00
27082,7.506180e+00
27083,7.541510e+00
27084,7.504317e+00
27085,7.528925e+00
27086,7.539970e+00
27087,7.447488e+00
27088,7.496930e+00
27089,7.484487e+00
27090,7.507290e+00
27091,7.532196e+00
27092,7.539550e+00
27093,7.519598e+00
27094,7.536191e+00
27095,7.569918e+00
27096,7.559120e+00
27097,7.574636e+00
27098,7.570814e+00
27099,7.589324e+00
27100,7.609354e+00
27101,7.618507e+00
27102,7.622277e+00
27103,7.600915e+00
27104,7.613534e+00
27105,7.602017e+00
27106,7.636130e+00
27107,7.630196e+00
27108,7.639297e+00
27109,7.678915e+00
27110,7.683530e+00
27111,7.679592e+00
27112,7.719169e+00
27113,7.724167e+00
27114,7.723844e+00
27115,7.743444e+00
27116,7.748370e+00
27117,7.750755e+00
27118,7.751140e+00
27119,7.749806e+00
27120,7.746233e+00
27121,7.751592e+00
27122,7.751602e+00
27123,7.749408e+00
27124,7.736022e+00
27125,7.715256e+00
27126,7.725495e+00
27127,7.717972e+00
27128,7.730856e+00
27129,7.726717e+00
27130,7.724437e+00
27131,7.720593e+00
27132,7.701188e+00
27133,7.698563e+00
27134,7.688617e+00
27135,7.685335e+00
27136,7.304723e+00
27137,7.665441e+00
27138,7.652127e+00
27139,7.642226e+00
27140,7.630784e+00
27141,7.632229e+00
27142,7.621338e+00
27143,7.602494e+00
27144,7.553886e+00
27145,7.509947e+00
27146,7.461623e+00
27147,7.510585e+00
27148,7.460389e+00
27149,7.546694e+00
27150,7.549980e+00
27151,7.501904e+00
27152,7.558183e+00
27153,7.558706e+00
27154,7.575054e+00
27155,7.588247e+00
27156,7.597471e+00
27157,7.582799e+00
27158,7.596029e+00
27159,7.613900e+00
27160,7.614927e+00
27161,7.630980e+00
27162,7.646895e+00
27163,7.647848e+00
27164,7.661110e+00
27165,7.661716e+00
27166,7.676181e+00
27167,7.681410e+00
27168,7.673270e+00
27169,7.687663e+00
27170,7.643913e+00
27171,7.673620e+00
27172,7.692129e+00
27173,7.702751e+00
27174,7.708457e+00
27175,7.683093e+00
27176,7.701309e+00
27177,7.702769e+00
27178,7.702090e+00
27179,7.685574e+00
27180,7.711482e+00
27181,7.717461e+00
27182,7.691796e+00
27183,7.701853e+00
27184,7.703544e+00
27185,7.699643e+00
27186,7.703748e+00
27187,7.705078e+00
27188,7.708971e+00
27189,7.693393e+00
27190,7.693127e+00
27191,7.702484e+00
27192,7.712899e+00
27193,7.709864e+00
27194,7.712439e+00
27195,7.702469e+00
27196,7.693243e+00
27197,7.687986e+00
27198,7.686398e+00
27199,7.698991e+00
27200,7.359989e+00
27201,7.691766e+00
27202,7.681949e+00
27203,7.671629e+00
27204,7.664187e+00
27205,7.659151e+00
27206,7.651910e+00
27207,7.619184e+00
27208,7.590841e+00
27209,7.502538e+00
27210,7.537597e+00
27211,7.568388e+00
27212,7.542709e+00
27213,7.547361e+00
27214,7.570488e+00
27215,7.503952e+00
27216,7.542952e+00
27217,7.510536e+00
27218,7.552152e+00
27219,7.581064e+00
27220,7.579351e+00
27221,7.551378e+00
27222,7.573040e+00
27223,7.603061e+00
27224,7.595379e+00
27225,7.610488e+00
27226,7.601530e+00
27227,7.613963e+00
27228,7.629813e+00
27229,7.637458e+00
27230,7.643686e+00
27231,7.628948e+00
27232,7.638392e+00
27233,7.644183e+00
27234,7.641202e+00
27235,7.673084e+00
27236,7.647943e+00
27237,7.693665e+00
27238,7.693651e+00
27239,7.697021e+00
27240,7.692910e+00
27241,7.704662e+00
27242,7.705403e+00
27243,7.707139e+00
27244,7.716174e+00
27245,7.719485e+00
27246,7.714155e+00
27247,7.717218e+00
27248,7.707228e+00
27249,7.723242e+00
27250,7.726421e+00
27251,7.722829e+00
27252,7.712294e+00
27253,7.706384e+00
27254,7.717366e+00
27255,7.718766e+00
27256,7.723349e+00
27257,7.718911e+00
27258,7.720876e+00
27259,7.714660e+00
27260,7.699984e+00
27261,7.698597e+00
27262,7.687833e+00
27263,7.694398e+00
27264,7.282290e+00
27265,7.670087e+00
27266,7.659411e+00
27267,7.647624e+00
27268,7.632364e+00
27269,7.622115e+00
27270,7.600051e+00
27271,7.576762e+00
27272,7.529096e+00
27273,7.478274e+00
27274,7.464548e+00
27275,7.502240e+00
27276,7.418216e+00
27277,7.522417e+00
27278,7.528881e+00
27279,7.490724e+00
27280,7.538814e+00
27281,7.517743e+00
27282,7.536657e+00
27283,7.557235e+00
27284,7.559624e+00
27285,7.537040e+00
27286,7.552710e+00
27287,7.559566e+00
27288,7.556352e+00
27289,7.580967e+00
27290,7.600444e+00
27291,7.608515e+00
27292,7.608156e+00
27293,7.603219e+00
27294,7.616413e+00
27295,7.620400e+00
27296,7.623572e+00
27297,7.634245e+00
27298,7.601603e+00
27299,7.595497e+00
27300,7.645550e+00
27301,7.649100e+00
27302,7.659315e+00
27303,7.656291e+00
27304,7.647665e+00
27305,7.654977e+00
27306,7.653791e+00
27307,7.642356e+00
27308,7.659691e+00
27309,7.677497e+00
27310,7.674768e+00
27311,7.680984e+00
27312,7.696642e+00
27313,7.710253e+00
27314,7.713017e+00
27315,7.716738e+00
27316,7.727888e+00
27317,7.731749e+00
27318,7.727046e+00
27319,7.745166e+00
27320,7.747145e+00
27321,7.745827e+00
27322,7.745165e+00
27323,7.731211e+00
27324,7.734566e+00
27325,7.726100e+00
27326,7.730601e+00
27327,7.740765e+00
27328,7.427056e+00
27329,7.730497e+00
27330,7.722551e+00
27331,7.710421e+00
27332,7.707608e+00
27333,7.694141e+00
27334,7.674074e+00
27335,7.643929e+00
27336,7.614083e+00
27337,7.547649e+00
27338,7.559813e+00
27339,7.609833e+00
27340,7.602976e+00
27341,7.597479e+00
27342,7.622034e+00
27343,7.574571e+00
27344,7.604410e+00
27345,7.558138e+00
27346,7.605149e+00
27347,7.596530e+00
27348,7.603335e+00
27349,7.576333e+00
27350,7.600163e+00
27351,7.617241e+00
27352,7.611411e+00
27353,7.624621e+00
27354,7.620694e+00
27355,7.629329e+00
27356,7.639369e+00
27357,7.642996e+00
27358,7.648924e+00
27359,7.633399e+00
27360,7.644367e+00
27361,7.648815e+00
27362,7.637999e+00
27363,7.654579e+00
27364,7.645418e+00
27365,7.663028e+00
27366,7.667088e+00
27367,7.665393e+00
27368,7.671485e+00
27369,7.672071e+00
27370,7.670221e+00
27371,7.688290e+00
27372,7.686017e+00
27373,7.684403e+00
27374,7.685981e+00
27375,7.695449e+00
27376,7.682752e+00
27377,7.693121e+00
27378,7.692827e+00
27379,7.688799e+00
27380,7.661623e+00
27381,7.663317e+00
27382,7.683649e+00
27383,7.690319e+00
27384,7.684529e+00
27385,7.681195e+00
27386,7.682370e+00
27387,7.679775e+00
27388,7.667220e+00
27389,7.663008e+00
27390,7.662072e+00
27391,7.666851e+00
27392,7.220886e+00
27393,7.634598e+00
27394,7.619992e+00
27395,7.615899e+00
27396,7.605086e+00
27397,7.588284e+00
27398,7.570622e+00
27399,7.553762e+00
27400,7.515890e+00
27401,7.458322e+00
27402,7.461397e+00
27403,7.496439e+00
27404,7.456371e+00
27405,7.521938e+00
27406,7.542463e+00
27407,7.524215e+00
27408,7.555681e+00
27409,7.519612e+00
27410,7.549786e+00
27411,7.567790e+00
27412,7.571966e+00
27413,7.556695e+00
27414,7.569665e+00
27415,7.557581e+00
27416,7.549975e+00
27417,7.595115e+00
27418,7.625519e+00
27419,7.636789e+00
27420,7.632724e+00
27421,7.641268e+00
27422,7.655302e+00
27423,7.664157e+00
27424,7.669860e+00
27425,7.682563e+00
27426,7.655254e+00
27427,7.636607e+00
27428,7.694215e+00
27429,7.704505e+00
27430,7.718395e+00
27431,7.726027e+00
27432,7.715827e+00
27433,7.728227e+00
27434,7.736114e+00
27435,7.746965e+00
27436,7.749364e+00
27437,7.779099e+00
27438,7.784728e+00
27439,7.788237e+00
27440,7.798812e+00
27441,7.794649e+00
27442,7.797926e+00
27443,7.793587e+00
27444,7.780105e+00
27445,7.787691e+00
27446,7.783789e+00
27447,7.793811e+00
27448,7.776486e+00
27449,7.775803e+00
27450,7.771982e+00
27451,7.767249e+00
27452,7.759333e+00
27453,7.744690e+00
27454,7.761977e+00
27455,7.766037e+00
27456,7.463580e+00
27457,7.757474e+00
27458,7.751120e+00
27459,7.742169e+00
27460,7.735299e+00
27461,7.710826e+00
27462,7.689489e+00
27463,7.666941e+00
27464,7.624536e+00
27465,7.584460e+00
27466,7.574977e+00
27467,7.638792e+00
27468,7.625947e+00
27469,7.622723e+00
27470,7.615547e+00
27471,7.587672e+00
27472,7.603693e+00
27473,7.548780e+00
27474,7.603655e+00
27475,7.610069e+00
27476,7.610136e+00
27477,7.582510e+00
27478,7.606143e+00
27479,7.610625e+00
27480,7.607442e+00
27481,7.639118e+00
27482,7.645133e+00
27483,7.644272e+00
27484,7.653892e+00
27485,7.660546e+00
27486,7.667217e+00
27487,7.657649e+00
27488,7.672056e+00
27489,7.680231e+00
27490,7.656843e+00
27491,7.679568e+00
27492,7.667919e+00
27493,7.675888e+00
27494,7.691623e+00
27495,7.681061e+00
27496,7.687242e+00
27497,7.691057e+00
27498,7.690566e+00
27499,7.691100e+00
27500,7.693782e+00
27501,7.688299e+00
27502,7.674667e+00
27503,7.692296e+00
27504,7.685814e+00
27505,7.680440e+00
27506,7.671378e+00
27507,7.660622e+00
27508,7.631989e+00
27509,7.633238e+00
27510,7.635927e+00
27511,7.655103e+00
27512,7.656836e+00
27513,7.653754e+00
27514,7.655888e+00
27515,7.664170e+00
27516,7.659977e+00
27517,7.649395e+00
27518,7.656444e+00
27519,7.656554e+00
27520,7.208922e+00
27521,7.635197e+00
27522,7.622662e+00
27523,7.610874e+00
27524,7.604524e+00
27525,7.597131e+00
27526,7.581515e+00
27527,7.558587e+00
27528,7.532078e+00
27529,7.470869e+00
27530,7.471841e+00
27531,7.507497e+00
27532,7.497151e+00
27533,7.482584e+00
27534,7.517403e+00
27535,7.503697e+00
27536,7.522336e+00
27537,7.483183e+00
27538,7.510766e+00
27539,7.517792e+00
27540,7.518386e+00
27541,7.511911e+00
27542,7.522263e+00
27543,7.506194e+00
27544,7.497812e+00
27545,7.546965e+00
27546,7.568837e+00
27547,7.575458e+00
27548,7.564998e+00
27549,7.578103e+00
27550,7.589345e+00
27551,7.600078e+00
27552,7.599361e+00
27553,7.612764e+00
27554,7.603017e+00
27555,7.547355e+00
27556,7.620115e+00
27557,7.635426e+00
27558,7.644639e+00
27559,7.654347e+00
27560,7.651952e+00
27561,7.665644e+00
27562,7.682742e+00
27563,7.697279e+00
27564,7.700573e+00
27565,7.716713e+00
27566,7.716875e+00
27567,7.725561e+00
27568,7.736802e+00
27569,7.738522e+00
27570,7.741669e+00
27571,7.744485e+00
27572,7.752350e+00
27573,7.758013e+00
27574,7.747368e+00
27575,7.765088e+00
27576,7.759140e+00
27577,7.775035e+00
27578,7.783989e+00
27579,7.789783e+00
27580,7.789481e+00
27581,7.789971e+00
27582,7.795978e+00
27583,7.782397e+00
27584,7.505021e+00
27585,7.784611e+00
27586,7.773950e+00
27587,7.762329e+00
27588,7.748808e+00
27589,7.727180e+00
27590,7.716132e+00
27591,7.686186e+00
27592,7.646061e+00
27593,7.592737e+00
27594,7.579991e+00
27595,7.636040e+00
27596,7.609996e+00
27597,7.610511e+00
27598,7.582012e+00
27599,7.572445e+00
27600,7.572679e+00
27601,7.521167e+00
27602,7.583888e+00
27603,7.586624e+00
27604,7.580870e+00
27605,7.571122e+00
27606,7.585645e+00
27607,7.567961e+00
27608,7.560103e+00
27609,7.591320e+00
27610,7.599444e+00
27611,7.595041e+00
27612,7.598889e+00
27613,7.601242e+00
27614,7.600042e+00
27615,7.587352e+00
27616,7.602220e+00
27617,7.610472e+00
27618,7.588898e+00
27619,7.599128e+00
27620,7.598707e+00
27621,7.587350e+00
27622,7.604083e+00
27623,7.602237e+00
27624,7.598676e+00
27625,7.610296e+00
27626,7.615036e+00
27627,7.611658e+00
27628,7.601995e+00
27629,7.605805e+00
27630,7.588453e+00
27631,7.605009e+00
27632,7.610071e+00
27633,7.600527e+00
27634,7.597683e+00
27635,7.592502e+00
27636,7.591002e+00
27637,7.598108e+00
27638,7.592727e+00
27639,7.622048e+00
27640,7.620276e+00
27641,7.623764e+00
27642,7.629728e+00
27643,7.631797e+00
27644,7.629152e+00
27645,7.626126e+00
27646,7.625982e+00
27647,7.592119e+00
27648,7.136881e+00
27649,7.575621e+00
27650,7.565626e+00
27651,7.552048e+00
27652,7.540185e+00
27653,7.511914e+00
27654,7.498273e+00
27655,7.479060e+00
27656,7.458254e+00
27657,7.406015e+00
27658,7.407388e+00
27659,7.458046e+00
27660,7.463038e+00
27661,7.418173e+00
27662,7.471759e+00
27663,7.456606e+00
27664,7.485709e+00
27665,7.475768e+00
27666,7.513027e+00
27667,7.516558e+00
27668,7.533876e+00
27669,7.542581e+00
27670,7.554971e+00
27671,7.532778e+00
27672,7.535632e+00
27673,7.576073e+00
27674,7.601433e+00
27675,7.613630e+00
27676,7.620307e+00
27677,7.614281e+00
27678,7.625285e+00
27679,7.638778e+00
27680,7.639819e+00
27681,7.669536e+00
27682,7.666428e+00
27683,7.634891e+00
27684,7.675723e+00
27685,7.713989e+00
27686,7.716688e+00
27687,7.731175e+00
27688,7.740538e+00
27689,7.749667e+00
27690,7.763524e+00
27691,7.768866e+00
27692,7.769372e+00
27693,7.778895e+00
27694,7.784751e+00
27695,7.783940e+00
27696,7.793049e+00
27697,7.794368e+00
27698,7.794719e+00
27699,7.793819e+00
27700,7.798537e+00
27701,7.797968e+00
27702,7.790485e+00
27703,7.779603e+00
27704,7.759631e+00
27705,7.779845e+00
27706,7.786320e+00
27707,7.785404e+00
27708,7.782485e+00
27709,7.777711e+00
27710,7.769772e+00
27711,7.750830e+00
27712,7.448250e+00
27713,7.733783e+00
27714,7.725033e+00
27715,7.715583e+00
27716,7.699943e+00
27717,7.679829e+00
27718,7.676323e+00
27719,7.653997e+00
27720,7.623861e+00
27721,7.560324e+00
27722,7.554955e+00
27723,7.599823e+00
27724,7.592118e+00
27725,7.594113e+00
27726,7.596204e+00
27727,7.582568e+00
27728,7.577612e+00
27729,7.552876e+00
27730,7.624557e+00
27731,7.625631e+00
27732,7.635355e+00
27733,7.635722e+00
27734,7.645948e+00
27735,7.620819e+00
27736,7.625547e+00
27737,7.661277e+00
27738,7.661867e+00
27739,7.656637e+00
27740,7.669050e+00
27741,7.671495e+00
27742,7.671135e+00
27743,7.665950e+00
27744,7.682918e+00
27745,7.697814e+00
27746,7.685919e+00
27747,7.691492e+00
27748,7.699344e+00
27749,7.690150e+00
27750,7.687607e+00
27751,7.699467e+00
27752,7.689795e+00
27753,7.700359e+00
27754,7.707890e+00
27755,7.696526e+00
27756,7.692029e+00
27757,7.680914e+00
27758,7.651869e+00
27759,7.662338e+00
27760,7.675365e+00
27761,7.667856e+00
27762,7.665620e+00
27763,7.667478e+00
27764,7.672162e+00
27765,7.668767e+00
27766,7.659421e+00
27767,7.670655e+00
27768,7.655622e+00
27769,7.657638e+00
27770,7.657919e+00
27771,7.657505e+00
27772,7.650386e+00
27773,7.640705e+00
27774,7.635765e+00
27775,7.614228e+00
27776,7.198485e+00
27777,7.578265e+00
27778,7.576836e+00
27779,7.573779e+00
27780,7.576849e+00
27781,7.566344e+00
27782,7.564404e+00
27783,7.546216e+00
27784,7.563094e+00
27785,7.512388e+00
27786,7.530822e+00
27787,7.567472e+00
27788,7.584245e+00
27789,7.564871e+00
27790,7.610803e+00
27791,7.597004e+00
27792,7.626918e+00
27793,7.616383e+00
27794,7.656501e+00
27795,7.662013e+00
27796,7.676948e+00
27797,7.689666e+00
27798,7.696837e+00
27799,7.671230e+00
27800,7.682501e+00
27801,7.718943e+00
27802,7.729544e+00
27803,7.739979e+00
27804,7.747145e+00
27805,7.739278e+00
27806,7.755160e+00
27807,7.755095e+00
27808,7.746643e+00
27809,7.774805e+00
27810,7.770207e+00
27811,7.731339e+00
27812,7.764430e+00
27813,7.787947e+00
27814,7.784496e+00
27815,7.792530e+00
27816,7.788670e+00
27817,7.795236e+00
27818,7.800597e+00
27819,7.798494e+00
27820,7.794559e+00
27821,7.800519e+00
27822,7.798373e+00
27823,7.792340e+00
27824,7.793314e+00
27825,7.787065e+00
27826,7.786964e+00
27827,7.783158e+00
27828,7.780371e+00
27829,7.769512e+00
27830,7.762840e+00
27831,7.730053e+00
27832,7.712185e+00
27833,7.727882e+00
27834,7.728862e+00
27835,7.727991e+00
27836,7.722372e+00
27837,7.721305e+00
27838,7.720916e+00
27839,7.710280e+00
27840,7.362746e+00
27841,7.691686e+00
27842,7.689169e+00
27843,7.682520e+00
27844,7.673893e+00
27845,7.664087e+00
27846,7.663207e+00
27847,7.648434e+00
27848,7.626333e+00
27849,7.566924e+00
27850,7.572829e+00
27851,7.607501e+00
27852,7.602676e+00
27853,7.594206e+00
27854,7.603891e+00
27855,7.599926e+00
27856,7.602837e+00
27857,7.588600e+00
27858,7.626500e+00
27859,7.612854e+00
27860,7.636453e+00
27861,7.635013e+00
27862,7.638935e+00
27863,7.615828e+00
27864,7.632667e+00
27865,7.653770e+00
27866,7.648746e+00
27867,7.658026e+00
27868,7.672896e+00
27869,7.683556e+00
27870,7.690187e+00
27871,7.688784e+00
27872,7.687095e+00
27873,7.724124e+00
27874,7.718527e+00
27875,7.720127e+00
27876,7.728389e+00
27877,7.718575e+00
27878,7.719093e+00
27879,7.738725e+00
27880,7.706421e+00
27881,7.713404e+00
27882,7.735987e+00
27883,7.732350e+00
27884,7.731406e+00
27885,7.729746e+00
27886,7.724165e+00
27887,7.707085e+00
27888,7.744108e+00
27889,7.748324e+00
27890,7.749573e+00
27891,7.751369e+00
27892,7.741971e+00
27893,7.740301e+00
27894,7.730218e+00
27895,7.729544e+00
27896,7.723528e+00
27897,7.718247e+00
27898,7.714957e+00
27899,7.709265e+00
27900,7.700822e+00
27901,7.692399e+00
27902,7.678388e+00
27903,7.669074e+00
27904,7.294927e+00
27905,7.639906e+00
27906,7.642544e+00
27907,7.636696e+00
27908,7.650646e+00
27909,7.652159e+00
27910,7.647108e+00
27911,7.629748e+00
27912,7.623119e+00
27913,7.587452e+00
27914,7.566858e+00
27915,7.629247e+00
27916,7.646555e+00
27917,7.614395e+00
27918,7.657104e+00
27919,7.652332e+00
27920,7.674182e+00
27921,7.632436e+00
27922,7.672750e+00
27923,7.674250e+00
27924,7.691279e+00
27925,7.701987e+00
27926,7.712247e+00
27927,7.685871e+00
27928,7.697840e+00
27929,7.740188e+00
27930,7.734501e+00
27931,7.750196e+00
27932,7.762694e+00
27933,7.764873e+00
27934,7.773143e+00
27935,7.767394e+00
27936,7.766042e+00
27937,7.792275e+00
27938,7.784864e+00
27939,7.762803e+00
27940,7.770279e+00
27941,7.803486e+00
27942,7.800311e+00
27943,7.800897e+00
27944,7.787262e+00
27945,7.797849e+00
27946,7.797512e+00
27947,7.796435e+00
27948,7.793209e+00
27949,7.796041e+00
27950,7.789593e+00
27951,7.783584e+00
27952,7.779081e+00
27953,7.767692e+00
27954,7.767404e+00
27955,7.763308e+00
27956,7.752893e+00
27957,7.742756e+00
27958,7.725492e+00
27959,7.673091e+00
27960,7.662473e+00
27961,7.663273e+00
27962,7.664681e+00
27963,7.671155e+00
27964,7.668137e+00
27965,7.671706e+00
27966,7.675103e+00
27967,7.665021e+00
27968,7.278062e+00
27969,7.646881e+00
27970,7.647228e+00
27971,7.642039e+00
27972,7.639652e+00
27973,7.634292e+00
27974,7.636645e+00
27975,7.626741e+00
27976,7.608146e+00
27977,7.533795e+00
27978,7.535380e+00
27979,7.591843e+00
27980,7.574607e+00
27981,7.550310e+00
27982,7.595138e+00
27983,7.581374e+00
27984,7.618213e+00
27985,7.618598e+00
27986,7.658869e+00
27987,7.658834e+00
27988,7.678716e+00
27989,7.682204e+00
27990,7.697852e+00
27991,7.689172e+00
27992,7.706285e+00
27993,7.716933e+00
27994,7.709443e+00
27995,7.730960e+00
27996,7.746881e+00
27997,7.758332e+00
27998,7.766080e+00
27999,7.768813e+00
28000,7.761327e+00
28001,7.806490e+00
28002,7.803122e+00
28003,7.796911e+00
28004,7.808108e+00
28005,7.805187e+00
28006,7.809430e+00
28007,7.823991e+00
28008,7.808299e+00
28009,7.794043e+00
28010,7.827478e+00
28011,7.822988e+00
28012,7.823685e+00
28013,7.817536e+00
28014,7.817568e+00
28015,7.797832e+00
28016,7.820616e+00
28017,7.808060e+00
28018,7.812276e+00
28019,7.809186e+00
28020,7.798508e+00
28021,7.791203e+00
28022,7.782279e+00
28023,7.781519e+00
28024,7.778460e+00
28025,7.763683e+00
28026,7.761228e+00
28027,7.745119e+00
28028,7.738395e+00
28029,7.731519e+00
28030,7.714267e+00
28031,7.707007e+00
28032,7.341739e+00
28033,7.684565e+00
28034,7.676375e+00
28035,7.676241e+00
28036,7.688214e+00
28037,7.687443e+00
28038,7.681833e+00
28039,7.674292e+00
28040,7.628410e+00
28041,7.629419e+00
28042,7.576680e+00
28043,7.655698e+00
28044,7.670089e+00
28045,7.639959e+00
28046,7.681826e+00
28047,7.676391e+00
28048,7.691496e+00
28049,7.655104e+00
28050,7.697173e+00
28051,7.687969e+00
28052,7.714804e+00
28053,7.724360e+00
28054,7.726646e+00
28055,7.706919e+00
28056,7.725651e+00
28057,7.744157e+00
28058,7.728432e+00
28059,7.735708e+00
28060,7.748769e+00
28061,7.756091e+00
28062,7.752253e+00
28063,7.742875e+00
28064,7.745171e+00
28065,7.742622e+00
28066,7.747901e+00
28067,7.709094e+00
28068,7.757796e+00
28069,7.763407e+00
28070,7.776101e+00
28071,7.776457e+00
28072,7.751975e+00
28073,7.769629e+00
28074,7.771486e+00
28075,7.772713e+00
28076,7.767190e+00
28077,7.774534e+00
28078,7.767664e+00
28079,7.759402e+00
28080,7.752752e+00
28081,7.739323e+00
28082,7.734740e+00
28083,7.726094e+00
28084,7.715855e+00
28085,7.705864e+00
28086,7.690643e+00
28087,7.662869e+00
28088,7.659344e+00
28089,7.646884e+00
28090,7.659541e+00
28091,7.664407e+00
28092,7.658187e+00
28093,7.661470e+00
28094,7.658340e+00
28095,7.649235e+00
28096,7.266761e+00
28097,7.629453e+00
28098,7.625839e+00
28099,7.619617e+00
28100,7.620405e+00
28101,7.611761e+00
28102,7.606305e+00
28103,7.598814e+00
28104,7.563562e+00
28105,7.519667e+00
28106,7.473427e+00
28107,7.571973e+00
28108,7.579161e+00
28109,7.530919e+00
28110,7.603512e+00
28111,7.596957e+00
28112,7.606666e+00
28113,7.613162e+00
28114,7.647604e+00
28115,7.652665e+00
28116,7.672562e+00
28117,7.681555e+00
28118,7.689791e+00
28119,7.678628e+00
28120,7.697219e+00
28121,7.705199e+00
28122,7.690768e+00
28123,7.717183e+00
28124,7.735837e+00
28125,7.738583e+00
28126,7.743662e+00
28127,7.744419e+00
28128,7.750161e+00
28129,7.729308e+00
28130,7.751467e+00
28131,7.733754e+00
28132,7.747755e+00
28133,7.751255e+00
28134,7.763535e+00
28135,7.767516e+00
28136,7.760121e+00
28137,7.728554e+00
28138,7.778580e+00
28139,7.777788e+00
28140,7.771079e+00
28141,7.778010e+00
28142,7.777526e+00
28143,7.754324e+00
28144,7.775151e+00
28145,7.769408e+00
28146,7.766940e+00
28147,7.764466e+00
28148,7.756016e+00
28149,7.751871e+00
28150,7.746445e+00
28151,7.731276e+00
28152,7.735278e+00
28153,7.717482e+00
28154,7.709898e+00
28155,7.681580e+00
28156,7.677133e+00
28157,7.670539e+00
28158,7.650279e+00
28159,7.640765e+00
28160,7.247674e+00
28161,7.629948e+00
28162,7.610926e+00
28163,7.614418e+00
28164,7.615769e+00
28165,7.614055e+00
28166,7.607115e+00
28167,7.603212e+00
28168,7.531476e+00
28169,7.557963e+00
28170,7.492194e+00
28171,7.572821e+00
28172,7.596577e+00
28173,7.561209e+00
28174,7.608130e+00
28175,7.609883e+00
28176,7.608530e+00
28177,7.575272e+00
28178,7.612140e+00
28179,7.591204e+00
28180,7.630483e+00
28181,7.647589e+00
28182,7.642662e+00
28183,7.629390e+00
28184,7.656686e+00
28185,7.667793e+00
28186,7.655876e+00
28187,7.672857e+00
28188,7.686385e+00
28189,7.694629e+00
28190,7.709417e+00
28191,7.716232e+00
28192,7.723201e+00
28193,7.695702e+00
28194,7.719401e+00
28195,7.692122e+00
28196,7.725142e+00
28197,7.756818e+00
28198,7.760366e+00
28199,7.779728e+00
28200,7.778163e+00
28201,7.788284e+00
28202,7.807126e+00
28203,7.815442e+00
28204,7.814983e+00
28205,7.826542e+00
28206,7.826974e+00
28207,7.825410e+00
28208,7.823527e+00
28209,7.818610e+00
28210,7.815786e+00
28211,7.818169e+00
28212,7.815905e+00
28213,7.810332e+00
28214,7.803100e+00
28215,7.785556e+00
28216,7.782579e+00
28217,7.766720e+00
28218,7.767309e+00
28219,7.755252e+00
28220,7.748248e+00
28221,7.745832e+00
28222,7.737754e+00
28223,7.725937e+00
28224,7.383442e+00
28225,7.698190e+00
28226,7.696652e+00
28227,7.697729e+00
28228,7.700987e+00
28229,7.689674e+00
28230,7.681634e+00
28231,7.681040e+00
28232,7.637568e+00
28233,7.631896e+00
28234,7.544350e+00
28235,7.666577e+00
28236,7.685074e+00
28237,7.634605e+00
28238,7.703071e+00
28239,7.703361e+00
28240,7.688620e+00
28241,7.716952e+00
28242,7.735653e+00
28243,7.727736e+00
28244,7.752302e+00
28245,7.764456e+00
28246,7.767528e+00
28247,7.754520e+00
28248,7.770351e+00
28249,7.770919e+00
28250,7.761831e+00
28251,7.787336e+00
28252,7.804196e+00
28253,7.809290e+00
28254,7.818350e+00
28255,7.819467e+00
28256,7.828424e+00
28257,7.806643e+00
28258,7.809278e+00
28259,7.834464e+00
28260,7.789162e+00
28261,7.831446e+00
28262,7.834543e+00
28263,7.841299e+00
28264,7.838886e+00
28265,7.801605e+00
28266,7.826287e+00
28267,7.826200e+00
28268,7.824272e+00
28269,7.814723e+00
28270,7.820754e+00
28271,7.812612e+00
28272,7.795715e+00
28273,7.791557e+00
28274,7.784992e+00
28275,7.783390e+00
28276,7.771309e+00
28277,7.762149e+00
28278,7.760830e+00
28279,7.742814e+00
28280,7.734950e+00
28281,7.716872e+00
28282,7.706042e+00
28283,7.666345e+00
28284,7.660417e+00
28285,7.645467e+00
28286,7.621879e+00
28287,7.605056e+00
28288,7.174649e+00
28289,7.611757e+00
28290,7.614275e+00
28291,7.617578e+00
28292,7.610757e+00
28293,7.611570e+00
28294,7.611054e+00
28295,7.615549e+00
28296,7.552587e+00
28297,7.568752e+00
28298,7.531013e+00
28299,7.596014e+00
28300,7.634363e+00
28301,7.601560e+00
28302,7.643023e+00
28303,7.643038e+00
28304,7.645633e+00
28305,7.608973e+00
28306,7.624621e+00
28307,7.593695e+00
28308,7.662063e+00
28309,7.687138e+00
28310,7.690049e+00
28311,7.685452e+00
28312,7.715811e+00
28313,7.716742e+00
28314,7.716206e+00
28315,7.742108e+00
28316,7.751323e+00
28317,7.760061e+00
28318,7.766249e+00
28319,7.779300e+00
28320,7.785562e+00
28321,7.759411e+00
28322,7.783868e+00
28323,7.783891e+00
28324,7.754258e+00
28325,7.829284e+00
28326,7.821966e+00
28327,7.840356e+00
28328,7.821569e+00
28329,7.842762e+00
28330,7.847178e+00
28331,7.845076e+00
28332,7.845651e+00
28333,7.841908e+00
28334,7.842489e+00
28335,7.841100e+00
28336,7.842272e+00
28337,7.837072e+00
28338,7.823181e+00
28339,7.833317e+00
28340,7.838902e+00
28341,7.834687e+00
28342,7.834634e+00
28343,7.827362e+00
28344,7.821886e+00
28345,7.809003e+00
28346,7.814597e+00
28347,7.808817e+00
28348,7.807448e+00
28349,7.803064e+00
28350,7.794420e+00
28351,7.789688e+00
28352,7.488438e+00
28353,7.779321e+00
28354,7.768819e+00
28355,7.780616e+00
28356,7.776697e+00
28357,7.764800e+00
28358,7.751902e+00
28359,7.756129e+00
28360,7.709740e+00
28361,7.710227e+00
28362,7.623814e+00
28363,7.713508e+00
28364,7.731607e+00
28365,7.708071e+00
28366,7.743561e+00
28367,7.733895e+00
28368,7.734402e+00
28369,7.759270e+00
28370,7.758145e+00
28371,7.749031e+00
28372,7.778805e+00
28373,7.774657e+00
28374,7.777131e+00
28375,7.760122e+00
28376,7.773597e+00
28377,7.762507e+00
28378,7.760837e+00
28379,7.790262e+00
28380,7.806165e+00
28381,7.807454e+00
28382,7.813116e+00
28383,7.813647e+00
28384,7.817053e+00
28385,7.809348e+00
28386,7.784896e+00
28387,7.813426e+00
28388,7.780570e+00
28389,7.777702e+00
28390,7.806742e+00
28391,7.806336e+00
28392,7.805244e+00
28393,7.796033e+00
28394,7.786976e+00
28395,7.783978e+00
28396,7.786095e+00
28397,7.777601e+00
28398,7.779441e+00
28399,7.773173e+00
28400,7.768508e+00
28401,7.762008e+00
28402,7.747009e+00
28403,7.761378e+00
28404,7.752062e+00
28405,7.738428e+00
28406,7.740132e+00
28407,7.725072e+00
28408,7.715103e+00
28409,7.704474e+00
28410,7.674835e+00
28411,7.645678e+00
28412,7.645963e+00
28413,7.633510e+00
28414,7.619156e+00
28415,7.603816e+00
28416,7.144439e+00
28417,7.606026e+00
28418,7.606653e+00
28419,7.613516e+00
28420,7.600178e+00
28421,7.590846e+00
28422,7.581730e+00
28423,7.574327e+00
28424,7.512441e+00
28425,7.498052e+00
28426,7.477276e+00
28427,7.507436e+00
28428,7.542259e+00
28429,7.498215e+00
28430,7.530691e+00
28431,7.521851e+00
28432,7.537899e+00
28433,7.514599e+00
28434,7.491551e+00
28435,7.472984e+00
28436,7.569258e+00
28437,7.597880e+00
28438,7.599840e+00
28439,7.615515e+00
28440,7.644037e+00
28441,7.640242e+00
28442,7.654014e+00
28443,7.690686e+00
28444,7.699975e+00
28445,7.719100e+00
28446,7.730535e+00
28447,7.753816e+00
28448,7.764575e+00
28449,7.751507e+00
28450,7.776430e+00
28451,7.795666e+00
28452,7.756231e+00
28453,7.821281e+00
28454,7.837583e+00
28455,7.839690e+00
28456,7.820151e+00
28457,7.843463e+00
28458,7.861166e+00
28459,7.867126e+00
28460,7.862945e+00
28461,7.884924e+00
28462,7.886223e+00
28463,7.884478e+00
28464,7.894434e+00
28465,7.896325e+00
28466,7.886285e+00
28467,7.894553e+00
28468,7.893049e+00
28469,7.892497e+00
28470,7.885955e+00
28471,7.876333e+00
28472,7.879843e+00
28473,7.872518e+00
28474,7.867076e+00
28475,7.856340e+00
28476,7.854144e+00
28477,7.845754e+00
28478,7.831071e+00
28479,7.821091e+00
28480,7.546362e+00
28481,7.806080e+00
28482,7.790599e+00
28483,7.790797e+00
28484,7.771863e+00
28485,7.770489e+00
28486,7.751747e+00
28487,7.742915e+00
28488,7.708826e+00
28489,7.672534e+00
28490,7.641118e+00
28491,7.670354e+00
28492,7.684863e+00
28493,7.691566e+00
28494,7.707577e+00
28495,7.691017e+00
28496,7.711472e+00
28497,7.713377e+00
28498,7.732032e+00
28499,7.732441e+00
28500,7.763244e+00
28501,7.761326e+00
28502,7.764886e+00
28503,7.760409e+00
28504,7.767639e+00
28505,7.745853e+00
28506,7.739797e+00
28507,7.783996e+00
28508,7.797359e+00
28509,7.800269e+00
28510,7.803719e+00
28511,7.801487e+00
28512,7.806070e+00
28513,7.801225e+00
28514,7.774548e+00
28515,7.805020e+00
28516,7.785357e+00
28517,7.747819e+00
28518,7.791392e+00
28519,7.789639e+00
28520,7.786802e+00
28521,7.777242e+00
28522,7.762708e+00
28523,7.761686e+00
28524,7.757477e+00
28525,7.759027e+00
28526,7.753864e+00
28527,7.751473e+00
28528,7.751297e+00
28529,7.743893e+00
28530,7.734792e+00
28531,7.721985e+00
28532,7.709490e+00
28533,7.700105e+00
28534,7.687850e+00
28535,7.669054e+00
28536,7.659298e+00
28537,7.653411e+00
28538,7.614423e+00
28539,7.598664e+00
28540,7.587586e+00
28541,7.580679e+00
28542,7.574399e+00
28543,7.561570e+00
28544,7.099995e+00
28545,7.569795e+00
28546,7.577996e+00
28547,7.574743e+00
28548,7.559523e+00
28549,7.552873e+00
28550,7.541118e+00
28551,7.532209e+00
28552,7.498396e+00
28553,7.453718e+00
28554,7.485468e+00
28555,7.490134e+00
28556,7.540703e+00
28557,7.525646e+00
28558,7.535132e+00
28559,7.526619e+00
28560,7.562858e+00
28561,7.559708e+00
28562,7.503941e+00
28563,7.510838e+00
28564,7.583177e+00
28565,7.586881e+00
28566,7.612270e+00
28567,7.639082e+00
28568,7.655783e+00
28569,7.642011e+00
28570,7.658391e+00
28571,7.700030e+00
28572,7.710543e+00
28573,7.722671e+00
28574,7.728683e+00
28575,7.753718e+00
28576,7.763634e+00
28577,7.757035e+00
28578,7.777928e+00
28579,7.796117e+00
28580,7.772386e+00
28581,7.783950e+00
28582,7.825043e+00
28583,7.826319e+00
28584,7.828930e+00
28585,7.816548e+00
28586,7.853585e+00
28587,7.855305e+00
28588,7.850470e+00
28589,7.863971e+00
28590,7.863482e+00
28591,7.862246e+00
28592,7.847989e+00
28593,7.858621e+00
28594,7.852190e+00
28595,7.858600e+00
28596,7.848827e+00
28597,7.845928e+00
28598,7.833046e+00
28599,7.828060e+00
28600,7.823433e+00
28601,7.821345e+00
28602,7.825719e+00
28603,7.818535e+00
28604,7.810817e+00
28605,7.807250e+00
28606,7.797814e+00
28607,7.789600e+00
28608,7.500339e+00
28609,7.769939e+00
28610,7.756563e+00
28611,7.753876e+00
28612,7.735947e+00
28613,7.733414e+00
28614,7.712819e+00
28615,7.708733e+00
28616,7.682520e+00
28617,7.624779e+00
28618,7.621774e+00
28619,7.616501e+00
28620,7.651735e+00
28621,7.644954e+00
28622,7.670630e+00
28623,7.652456e+00
28624,7.667584e+00
28625,7.668646e+00
28626,7.678570e+00
28627,7.671030e+00
28628,7.678816e+00
28629,7.661253e+00
28630,7.668556e+00
28631,7.657425e+00
28632,7.648478e+00
28633,7.616850e+00
28634,7.624434e+00
28635,7.667776e+00
28636,7.685585e+00
28637,7.693098e+00
28638,7.701307e+00
28639,7.699083e+00
28640,7.713180e+00
28641,7.711075e+00
28642,7.690855e+00
28643,7.719187e+00
28644,7.712274e+00
28645,7.659185e+00
28646,7.719229e+00
28647,7.722874e+00
28648,7.724317e+00
28649,7.718652e+00
28650,7.727146e+00
28651,7.723227e+00
28652,7.733063e+00
28653,7.737706e+00
28654,7.735466e+00
28655,7.736815e+00
28656,7.723120e+00
28657,7.725253e+00
28658,7.721032e+00
28659,7.703058e+00
28660,7.699924e+00
28661,7.690987e+00
28662,7.697516e+00
28663,7.693875e+00
28664,7.680170e+00
28665,7.688683e+00
28666,7.671778e+00
28667,7.673438e+00
28668,7.658992e+00
28669,7.657189e+00
28670,7.654877e+00
28671,7.650910e+00
28672,7.226588e+00
28673,7.648567e+00
28674,7.654603e+00
28675,7.650872e+00
28676,7.636033e+00
28677,7.623422e+00
28678,7.612747e+00
28679,7.598395e+00
28680,7.572863e+00
28681,7.494282e+00
28682,7.526637e+00
28683,7.506067e+00
28684,7.552227e+00
28685,7.532348e+00
28686,7.534697e+00
28687,7.529055e+00
28688,7.541295e+00
28689,7.544838e+00
28690,7.500850e+00
28691,7.519263e+00
28692,7.528494e+00
28693,7.520675e+00
28694,7.562784e+00
28695,7.571754e+00
28696,7.590569e+00
28697,7.570176e+00
28698,7.587552e+00
28699,7.623221e+00
28700,7.625763e+00
28701,7.639349e+00
28702,7.654640e+00
28703,7.658250e+00
28704,7.674031e+00
28705,7.668327e+00
28706,7.688270e+00
28707,7.710080e+00
28708,7.696566e+00
28709,7.702648e+00
28710,7.732161e+00
28711,7.745053e+00
28712,7.748382e+00
28713,7.726752e+00
28714,7.759205e+00
28715,7.764973e+00
28716,7.767322e+00
28717,7.770357e+00
28718,7.772112e+00
28719,7.769634e+00
28720,7.749709e+00
28721,7.764369e+00
28722,7.758018e+00
28723,7.763647e+00
28724,7.749289e+00
28725,7.748385e+00
28726,7.744408e+00
28727,7.744159e+00
28728,7.737247e+00
28729,7.746709e+00
28730,7.749989e+00
28731,7.747413e+00
28732,7.743966e+00
28733,7.741997e+00
28734,7.725820e+00
28735,7.721211e+00
28736,7.384786e+00
28737,7.687870e+00
28738,7.674928e+00
28739,7.651336e+00
28740,7.639992e+00
28741,7.638772e+00
28742,7.624575e+00
28743,7.605797e+00
28744,7.588540e+00
28745,7.502345e+00
28746,7.526162e+00
28747,7.495458e+00
28748,7.529629e+00
28749,7.511844e+00
28750,7.544994e+00
28751,7.532942e+00
28752,7.526345e+00
28753,7.535428e+00
28754,7.557754e+00
28755,7.554149e+00
28756,7.562440e+00
28757,7.551044e+00
28758,7.570557e+00
28759,7.570447e+00
28760,7.552986e+00
28761,7.529159e+00
28762,7.554075e+00
28763,7.593361e+00
28764,7.599692e+00
28765,7.617838e+00
28766,7.634931e+00
28767,7.644270e+00
28768,7.656418e+00
28769,7.653037e+00
28770,7.638343e+00
28771,7.672445e+00
28772,7.671491e+00
28773,7.636955e+00
28774,7.688376e+00
28775,7.705125e+00
28776,7.710652e+00
28777,7.711022e+00
28778,7.731694e+00
28779,7.733569e+00
28780,7.744879e+00
28781,7.732301e+00
28782,7.747124e+00
28783,7.750794e+00
28784,7.741722e+00
28785,7.749596e+00
28786,7.750170e+00
28787,7.749905e+00
28788,7.749613e+00
28789,7.744551e+00
28790,7.749564e+00
28791,7.752981e+00
28792,7.744878e+00
28793,7.743732e+00
28794,7.723421e+00
28795,7.735413e+00
28796,7.730375e+00
28797,7.729509e+00
28798,7.725199e+00
28799,7.722564e+00
28800,7.343642e+00
28801,7.710521e+00
28802,7.707221e+00
28803,7.691782e+00
28804,7.679576e+00
28805,7.668607e+00
28806,7.657635e+00
28807,7.643610e+00
28808,7.615752e+00
28809,7.541659e+00
28810,7.560223e+00
28811,7.554941e+00
28812,7.600306e+00
28813,7.575133e+00
28814,7.581824e+00
28815,7.587835e+00
28816,7.586025e+00
28817,7.595037e+00
28818,7.579717e+00
28819,7.592845e+00
28820,7.585867e+00
28821,7.591496e+00
28822,7.620043e+00
28823,7.610801e+00
28824,7.644524e+00
28825,7.625968e+00
28826,7.644806e+00
28827,7.659800e+00
28828,7.656773e+00
28829,7.668466e+00
28830,7.684451e+00
28831,7.694175e+00
28832,7.691679e+00
28833,7.685860e+00
28834,7.698982e+00
28835,7.711719e+00
28836,7.708535e+00
28837,7.690366e+00
28838,7.724717e+00
28839,7.733956e+00
28840,7.736815e+00
28841,7.736336e+00
28842,7.728365e+00
28843,7.747816e+00
28844,7.743199e+00
28845,7.743165e+00
28846,7.746761e+00
28847,7.742515e+00
28848,7.724875e+00
28849,7.728787e+00
28850,7.729071e+00
28851,7.741202e+00
28852,7.733723e+00
28853,7.727913e+00
28854,7.735581e+00
28855,7.733998e+00
28856,7.725790e+00
28857,7.729284e+00
28858,7.711419e+00
28859,7.710312e+00
28860,7.702738e+00
28861,7.696961e+00
28862,7.678267e+00
28863,7.673241e+00
28864,7.303571e+00
28865,7.649994e+00
28866,7.631174e+00
28867,7.586390e+00
28868,7.588390e+00
28869,7.585282e+00
28870,7.591104e+00
28871,7.581019e+00
28872,7.562997e+00
28873,7.500275e+00
28874,7.503958e+00
28875,7.515721e+00
28876,7.550560e+00
28877,7.501121e+00
28878,7.577305e+00
28879,7.577104e+00
28880,7.564006e+00
28881,7.579604e+00
28882,7.599882e+00
28883,7.607103e+00
28884,7.600032e+00
28885,7.587561e+00
28886,7.614267e+00
28887,7.617811e+00
28888,7.602007e+00
28889,7.589486e+00
28890,7.612418e+00
28891,7.633919e+00
28892,7.620967e+00
28893,7.649784e+00
28894,7.677018e+00
28895,7.686066e+00
28896,7.690516e+00
28897,7.697134e+00
28898,7.680080e+00
28899,7.699802e+00
28900,7.707849e+00
28901,7.664530e+00
28902,7.728707e+00
28903,7.740926e+00
28904,7.744697e+00
28905,7.752153e+00
28906,7.743392e+00
28907,7.760772e+00
28908,7.765220e+00
28909,7.759230e+00
28910,7.758162e+00
28911,7.776713e+00
28912,7.786877e+00
28913,7.781401e+00
28914,7.790358e+00
28915,7.794911e+00
28916,7.795853e+00
28917,7.793287e+00
28918,7.794204e+00
28919,7.800054e+00
28920,7.791350e+00
28921,7.776665e+00
28922,7.758804e+00
28923,7.771944e+00
28924,7.767964e+00
28925,7.765018e+00
28926,7.761143e+00
28927,7.757410e+00
28928,7.402608e+00
28929,7.747498e+00
28930,7.740936e+00
28931,7.728252e+00
28932,7.722791e+00
28933,7.712521e+00
28934,7.705702e+00
28935,7.698585e+00
28936,7.673874e+00
28937,7.612313e+00
28938,7.613329e+00
28939,7.631880e+00
28940,7.669116e+00
28941,7.630064e+00
28942,7.661137e+00
28943,7.660299e+00
28944,7.640792e+00
28945,7.654524e+00
28946,7.656196e+00
28947,7.657208e+00
28948,7.643287e+00
28949,7.648222e+00
28950,7.668094e+00
28951,7.676840e+00
28952,7.679644e+00
28953,7.655347e+00
28954,7.667182e+00
28955,7.657785e+00
28956,7.645718e+00
28957,7.670688e+00
28958,7.693801e+00
28959,7.695021e+00
28960,7.702090e+00
28961,7.696730e+00
28962,7.721761e+00
28963,7.719436e+00
28964,7.722715e+00
28965,7.718547e+00
28966,7.718640e+00
28967,7.757140e+00
28968,7.758572e+00
28969,7.764243e+00
28970,7.744295e+00
28971,7.757997e+00
28972,7.760345e+00
28973,7.765198e+00
28974,7.763570e+00
28975,7.763771e+00
28976,7.765363e+00
28977,7.752827e+00
28978,7.764656e+00
28979,7.777961e+00
28980,7.778302e+00
28981,7.773076e+00
28982,7.769231e+00
28983,7.760608e+00
28984,7.756187e+00
28985,7.749381e+00
28986,7.732602e+00
28987,7.733529e+00
28988,7.721663e+00
28989,7.717192e+00
28990,7.700464e+00
28991,7.695374e+00
28992,7.311026e+00
28993,7.673931e+00
28994,7.651760e+00
28995,7.623324e+00
28996,7.627812e+00
28997,7.616755e+00
28998,7.635077e+00
28999,7.628783e+00
29000,7.606364e+00
29001,7.564961e+00
29002,7.532370e+00
29003,7.557127e+00
29004,7.595411e+00
29005,7.535574e+00
29006,7.613572e+00
29007,7.611508e+00
29008,7.587093e+00
29009,7.610214e+00
29010,7.614300e+00
29011,7.624540e+00
29012,7.619334e+00
29013,7.610142e+00
29014,7.626589e+00
29015,7.638986e+00
29016,7.632453e+00
29017,7.621920e+00
29018,7.647522e+00
29019,7.660173e+00
29020,7.643163e+00
29021,7.674896e+00
29022,7.697343e+00
29023,7.701188e+00
29024,7.705135e+00
29025,7.713349e+00
29026,7.700053e+00
29027,7.705659e+00
29028,7.719465e+00
29029,7.696570e+00
29030,7.729168e+00
29031,7.755464e+00
29032,7.759236e+00
29033,7.764042e+00
29034,7.750718e+00
29035,7.772318e+00
29036,7.781357e+00
29037,7.784971e+00
29038,7.774713e+00
29039,7.789646e+00
29040,7.786747e+00
29041,7.792397e+00
29042,7.794187e+00
29043,7.780104e+00
29044,7.788584e+00
29045,7.786385e+00
29046,7.779996e+00
29047,7.774900e+00
29048,7.772349e+00
29049,7.745830e+00
29050,7.731517e+00
29051,7.731942e+00
29052,7.727092e+00
29053,7.734178e+00
29054,7.734053e+00
29055,7.732134e+00
29056,7.385250e+00
29057,7.728626e+00
29058,7.722266e+00
29059,7.715173e+00
29060,7.710643e+00
29061,7.697081e+00
29062,7.693959e+00
29063,7.690219e+00
29064,7.655008e+00
29065,7.618460e+00
29066,7.586126e+00
29067,7.630409e+00
29068,7.665053e+00
29069,7.617598e+00
29070,7.658615e+00
29071,7.658569e+00
29072,7.637565e+00
29073,7.659147e+00
29074,7.651608e+00
29075,7.668842e+00
29076,7.673417e+00
29077,7.678474e+00
29078,7.688167e+00
29079,7.702454e+00
29080,7.710268e+00
29081,7.704560e+00
29082,7.716282e+00
29083,7.692958e+00
29084,7.678016e+00
29085,7.704662e+00
29086,7.729642e+00
29087,7.733049e+00
29088,7.735193e+00
29089,7.732005e+00
29090,7.738627e+00
29091,7.743517e+00
29092,7.722854e+00
29093,7.745933e+00
29094,7.718122e+00
29095,7.757185e+00
29096,7.755023e+00
29097,7.755928e+00
29098,7.730446e+00
29099,7.737142e+00
29100,7.742908e+00
29101,7.735359e+00
29102,7.739431e+00
29103,7.736168e+00
29104,7.734384e+00
29105,7.726065e+00
29106,7.731255e+00
29107,7.702648e+00
29108,7.710333e+00
29109,7.704389e+00
29110,7.695057e+00
29111,7.687000e+00
29112,7.671437e+00
29113,7.681431e+00
29114,7.679896e+00
29115,7.664893e+00
29116,7.659106e+00
29117,7.656150e+00
29118,7.652133e+00
29119,7.656207e+00
29120,7.270377e+00
29121,7.643641e+00
29122,7.633403e+00
29123,7.624768e+00
29124,7.616385e+00
29125,7.613064e+00
29126,7.630931e+00
29127,7.623173e+00
29128,7.602574e+00
29129,7.564946e+00
29130,7.527530e+00
29131,7.556865e+00
29132,7.599301e+00
29133,7.538862e+00
29134,7.606739e+00
29135,7.608070e+00
29136,7.586462e+00
29137,7.606202e+00
29138,7.611067e+00
29139,7.618333e+00
29140,7.621333e+00
29141,7.615055e+00
29142,7.626356e+00
29143,7.634312e+00
29144,7.638425e+00
29145,7.616954e+00
29146,7.652430e+00
29147,7.639339e+00
29148,7.627277e+00
29149,7.654500e+00
29150,7.671160e+00
29151,7.675721e+00
29152,7.681068e+00
29153,7.663141e+00
29154,7.642442e+00
29155,7.624242e+00
29156,7.649918e+00
29157,7.632061e+00
29158,7.664446e+00
29159,7.687814e+00
29160,7.690633e+00
29161,7.691980e+00
29162,7.651321e+00
29163,7.687956e+00
29164,7.696435e+00
29165,7.705381e+00
29166,7.710443e+00
29167,7.728108e+00
29168,7.723833e+00
29169,7.724282e+00
29170,7.736287e+00
29171,7.728622e+00
29172,7.734257e+00
29173,7.733700e+00
29174,7.737964e+00
29175,7.737280e+00
29176,7.736486e+00
29177,7.724543e+00
29178,7.723353e+00
29179,7.712681e+00
29180,7.721009e+00
29181,7.735312e+00
29182,7.734974e+00
29183,7.734857e+00
29184,7.387168e+00
29185,7.728406e+00
29186,7.726838e+00
29187,7.720084e+00
29188,7.707089e+00
29189,7.691300e+00
29190,7.682260e+00
29191,7.663352e+00
29192,7.620012e+00
29193,7.590246e+00
29194,7.544570e+00
29195,7.582762e+00
29196,7.618840e+00
29197,7.574864e+00
29198,7.607245e+00
29199,7.611883e+00
29200,7.600988e+00
29201,7.615074e+00
29202,7.591592e+00
29203,7.611164e+00
29204,7.625328e+00
29205,7.631898e+00
29206,7.635075e+00
29207,7.644031e+00
29208,7.640526e+00
29209,7.644605e+00
29210,7.648403e+00
29211,7.610893e+00
29212,7.598992e+00
29213,7.633541e+00
29214,7.651968e+00
29215,7.650767e+00
29216,7.653973e+00
29217,7.659326e+00
29218,7.656431e+00
29219,7.675811e+00
29220,7.653675e+00
29221,7.681609e+00
29222,7.666020e+00
29223,7.682813e+00
29224,7.690887e+00
29225,7.697309e+00
29226,7.673304e+00
29227,7.674736e+00
29228,7.695746e+00
29229,7.687469e+00
29230,7.689905e+00
29231,7.698340e+00
29232,7.701549e+00
29233,7.695587e+00
29234,7.705295e+00
29235,7.696158e+00
29236,7.698482e+00
29237,7.692125e+00
29238,7.697925e+00
29239,7.698232e+00
29240,7.688013e+00
29241,7.692798e+00
29242,7.688285e+00
29243,7.689547e+00
29244,7.683245e+00
29245,7.650725e+00
29246,7.653846e+00
29247,7.658904e+00
29248,7.268489e+00
29249,7.645190e+00
29250,7.635748e+00
29251,7.630543e+00
29252,7.614419e+00
29253,7.610470e+00
29254,7.602412e+00
29255,7.584105e+00
29256,7.574059e+00
29257,7.524448e+00
29258,7.494120e+00
29259,7.513956e+00
29260,7.559929e+00
29261,7.508471e+00
29262,7.560261e+00
29263,7.560361e+00
29264,7.549213e+00
29265,7.564432e+00
29266,7.558772e+00
29267,7.574286e+00
29268,7.576304e+00
29269,7.581862e+00
29270,7.599588e+00
29271,7.593938e+00
29272,7.601198e+00
29273,7.588820e+00
29274,7.606079e+00
29275,7.595124e+00
29276,7.602609e+00
29277,7.625978e+00
29278,7.629584e+00
29279,7.635702e+00
29280,7.644755e+00
29281,7.636592e+00
29282,7.638020e+00
29283,7.588743e+00
29284,7.625972e+00
29285,7.627185e+00
29286,7.648188e+00
29287,7.691840e+00
29288,7.698130e+00
29289,7.703360e+00
29290,7.681173e+00
29291,7.699801e+00
29292,7.719545e+00
29293,7.736693e+00
29294,7.737218e+00
29295,7.748738e+00
29296,7.750801e+00
29297,7.751119e+00
29298,7.761270e+00
29299,7.750999e+00
29300,7.753862e+00
29301,7.757453e+00
29302,7.768098e+00
29303,7.769655e+00
29304,7.771377e+00
29305,7.764200e+00
29306,7.765962e+00
29307,7.757627e+00
29308,7.759811e+00
29309,7.754000e+00
29310,7.750815e+00
29311,7.746379e+00
29312,7.421505e+00
29313,7.728179e+00
29314,7.717030e+00
29315,7.706598e+00
29316,7.698292e+00
29317,7.687572e+00
29318,7.661532e+00
29319,7.634728e+00
29320,7.604619e+00
29321,7.558131e+00
29322,7.556956e+00
29323,7.577280e+00
29324,7.636204e+00
29325,7.612985e+00
29326,7.636703e+00
29327,7.645117e+00
29328,7.647379e+00
29329,7.660280e+00
29330,7.630023e+00
29331,7.661728e+00
29332,7.673759e+00
29333,7.683405e+00
29334,7.682841e+00
29335,7.687409e+00
29336,7.685746e+00
29337,7.696385e+00
29338,7.693656e+00
29339,7.655398e+00
29340,7.647690e+00
29341,7.680541e+00
29342,7.680861e+00
29343,7.679573e+00
29344,7.682538e+00
29345,7.711531e+00
29346,7.699675e+00
29347,7.719676e+00
29348,7.700264e+00
29349,7.725536e+00
29350,7.710653e+00
29351,7.714422e+00
29352,7.731158e+00
29353,7.738342e+00
29354,7.732112e+00
29355,7.708883e+00
29356,7.731046e+00
29357,7.721799e+00
29358,7.719418e+00
29359,7.721161e+00
29360,7.711485e+00
29361,7.715786e+00
29362,7.712155e+00
29363,7.694531e+00
29364,7.695155e+00
29365,7.695513e+00
29366,7.682709e+00
29367,7.680970e+00
29368,7.675048e+00
29369,7.670900e+00
29370,7.662321e+00
29371,7.649651e+00
29372,7.646361e+00
29373,7.616624e+00
29374,7.616758e+00
29375,7.607484e+00
29376,7.158049e+00
29377,7.589612e+00
29378,7.578333e+00
29379,7.578438e+00
29380,7.572974e+00
29381,7.570560e+00
29382,7.551934e+00
29383,7.539222e+00
29384,7.526820e+00
29385,7.497174e+00
29386,7.460451e+00
29387,7.495805e+00
29388,7.543476e+00
29389,7.507879e+00
29390,7.552102e+00
29391,7.559388e+00
29392,7.559007e+00
29393,7.577284e+00
29394,7.552377e+00
29395,7.582731e+00
29396,7.581245e+00
29397,7.598778e+00
29398,7.621935e+00
29399,7.611438e+00
29400,7.626215e+00
29401,7.624430e+00
29402,7.639103e+00
29403,7.656361e+00
29404,7.660929e+00
29405,7.683046e+00
29406,7.680051e+00
29407,7.691959e+00
29408,7.709992e+00
29409,7.715486e+00
29410,7.721041e+00
29411,7.671663e+00
29412,7.705263e+00
29413,7.724910e+00
29414,7.739208e+00
29415,7.772320e+00
29416,7.777220e+00
29417,7.787237e+00
29418,7.784653e+00
29419,7.787757e+00
29420,7.819056e+00
29421,7.827566e+00
29422,7.825694e+00
29423,7.831395e+00
29424,7.832206e+00
29425,7.832825e+00
29426,7.829842e+00
29427,7.818373e+00
29428,7.812545e+00
29429,7.818348e+00
29430,7.828221e+00
29431,7.826265e+00
29432,7.821550e+00
29433,7.813929e+00
29434,7.812140e+00
29435,7.797058e+00
29436,7.802074e+00
29437,7.798750e+00
29438,7.793047e+00
29439,7.782855e+00
29440,7.501347e+00
29441,7.762591e+00
29442,7.759375e+00
29443,7.756396e+00
29444,7.748213e+00
29445,7.751921e+00
29446,7.740292e+00
29447,7.728308e+00
29448,7.711217e+00
29449,7.629281e+00
29450,7.662967e+00
29451,7.657835e+00
29452,7.721856e+00
29453,7.690055e+00
29454,7.706954e+00
29455,7.703825e+00
29456,7.705133e+00
29457,7.713813e+00
29458,7.685611e+00
29459,7.701975e+00
29460,7.707053e+00
29461,7.711160e+00
29462,7.705986e+00
29463,7.704601e+00
29464,7.701481e+00
29465,7.699177e+00
29466,7.694229e+00
29467,7.661074e+00
29468,7.668559e+00
29469,7.688211e+00
29470,7.683058e+00
29471,7.682270e+00
29472,7.686269e+00
29473,7.705547e+00
29474,7.701876e+00
29475,7.689698e+00
29476,7.696277e+00
29477,7.710005e+00
29478,7.681444e+00
29479,7.669033e+00
29480,7.694878e+00
29481,7.708250e+00
29482,7.703876e+00
29483,7.679451e+00
29484,7.702886e+00
29485,7.682417e+00
29486,7.681299e+00
29487,7.682731e+00
29488,7.672268e+00
29489,7.671942e+00
29490,7.680466e+00
29491,7.671646e+00
29492,7.664046e+00
29493,7.673459e+00
29494,7.660560e+00
29495,7.657425e+00
29496,7.655292e+00
29497,7.645016e+00
29498,7.639638e+00
29499,7.628008e+00
29500,7.623308e+00
29501,7.592668e+00
29502,7.590698e+00
29503,7.577064e+00
29504,7.112219e+00
29505,7.571070e+00
29506,7.562859e+00
29507,7.564382e+00
29508,7.558311e+00
29509,7.567625e+00
29510,7.562441e+00
29511,7.549948e+00
29512,7.527441e+00
29513,7.502728e+00
29514,7.472850e+00
29515,7.480068e+00
29516,7.532048e+00
29517,7.498604e+00
29518,7.495379e+00
29519,7.509204e+00
29520,7.500248e+00
29521,7.524495e+00
29522,7.486596e+00
29523,7.513978e+00
29524,7.508140e+00
29525,7.525656e+00
29526,7.572804e+00
29527,7.570879e+00
29528,7.582704e+00
29529,7.576054e+00
29530,7.595512e+00
29531,7.622568e+00
29532,7.629438e+00
29533,7.651743e+00
29534,7.644965e+00
29535,7.660693e+00
29536,7.682281e+00
29537,7.696744e+00
29538,7.702481e+00
29539,7.658486e+00
29540,7.700594e+00
29541,7.705479e+00
29542,7.695926e+00
29543,7.735919e+00
29544,7.747521e+00
29545,7.764562e+00
29546,7.785354e+00
29547,7.779910e+00
29548,7.812940e+00
29549,7.813474e+00
29550,7.818672e+00
29551,7.829904e+00
29552,7.833573e+00
29553,7.835703e+00
29554,7.837083e+00
29555,7.842218e+00
29556,7.830834e+00
29557,7.843019e+00
29558,7.848041e+00
29559,7.848711e+00
29560,7.847305e+00
29561,7.841719e+00
29562,7.844923e+00
29563,7.838012e+00
29564,7.840328e+00
29565,7.835745e+00
29566,7.832865e+00
29567,7.827068e+00
29568,7.562134e+00
29569,7.807232e+00
29570,7.805338e+00
29571,7.797519e+00
29572,7.786044e+00
29573,7.776323e+00
29574,7.747376e+00
29575,7.747808e+00
29576,7.726077e+00
29577,7.664404e+00
29578,7.650844e+00
29579,7.676861e+00
29580,7.720583e+00
29581,7.673737e+00
29582,7.697196e+00
29583,7.695567e+00
29584,7.692827e+00
29585,7.705928e+00
29586,7.677424e+00
29587,7.704061e+00
29588,7.697502e+00
29589,7.710020e+00
29590,7.707509e+00
29591,7.710700e+00
29592,7.711151e+00
29593,7.705044e+00
29594,7.705756e+00
29595,7.688159e+00
29596,7.696876e+00
29597,7.689180e+00
29598,7.686018e+00
29599,7.689321e+00
29600,7.698984e+00
29601,7.703621e+00
29602,7.709583e+00
29603,7.697732e+00
29604,7.697893e+00
29605,7.697929e+00
29606,7.655680e+00
29607,7.622076e+00
29608,7.670344e+00
29609,7.684489e+00
29610,7.681898e+00
29611,7.658209e+00
29612,7.675612e+00
29613,7.647657e+00
29614,7.657346e+00
29615,7.644975e+00
29616,7.639443e+00
29617,7.629563e+00
29618,7.658534e+00
29619,7.653253e+00
29620,7.648167e+00
29621,7.653455e+00
29622,7.638702e+00
29623,7.635420e+00
29624,7.637970e+00
29625,7.623972e+00
29626,7.621989e+00
29627,7.614618e+00
29628,7.610295e+00
29629,7.587705e+00
29630,7.580634e+00
29631,7.571104e+00
29632,7.097692e+00
29633,7.572690e+00
29634,7.570770e+00
29635,7.570210e+00
29636,7.570182e+00
29637,7.576085e+00
29638,7.560713e+00
29639,7.553149e+00
29640,7.530506e+00
29641,7.498366e+00
29642,7.471297e+00
29643,7.477979e+00
29644,7.527593e+00
29645,7.499097e+00
29646,7.522658e+00
29647,7.537808e+00
29648,7.523346e+00
29649,7.560333e+00
29650,7.557079e+00
29651,7.582595e+00
29652,7.562611e+00
29653,7.589090e+00
29654,7.613031e+00
29655,7.617078e+00
29656,7.634525e+00
29657,7.631554e+00
29658,7.647842e+00
29659,7.640267e+00
29660,7.651478e+00
29661,7.680150e+00
29662,7.666947e+00
29663,7.683711e+00
29664,7.704102e+00
29665,7.711880e+00
29666,7.709952e+00
29667,7.683473e+00
29668,7.713297e+00
29669,7.717035e+00
29670,7.677213e+00
29671,7.752113e+00
29672,7.766260e+00
29673,7.786077e+00
29674,7.801121e+00
29675,7.808907e+00
29676,7.822162e+00
29677,7.823799e+00
29678,7.837015e+00
29679,7.846974e+00
29680,7.849614e+00
29681,7.854856e+00
29682,7.857563e+00
29683,7.864713e+00
29684,7.857009e+00
29685,7.873186e+00
29686,7.864416e+00
29687,7.867522e+00
29688,7.865025e+00
29689,7.862433e+00
29690,7.863761e+00
29691,7.860452e+00
29692,7.865170e+00
29693,7.860724e+00
29694,7.856871e+00
29695,7.851315e+00
29696,7.584217e+00
29697,7.828915e+00
29698,7.825521e+00
29699,7.814097e+00
29700,7.798475e+00
29701,7.779662e+00
29702,7.753482e+00
29703,7.752566e+00
29704,7.724170e+00
29705,7.678892e+00
29706,7.624310e+00
29707,7.661737e+00
29708,7.703485e+00
29709,7.664618e+00
29710,7.680776e+00
29711,7.691443e+00
29712,7.676036e+00
29713,7.703290e+00
29714,7.679939e+00
29715,7.703995e+00
29716,7.689717e+00
29717,7.697336e+00
29718,7.699363e+00
29719,7.692486e+00
29720,7.683470e+00
29721,7.683546e+00
29722,7.674409e+00
29723,7.660812e+00
29724,7.662298e+00
29725,7.646811e+00
29726,7.635527e+00
29727,7.643163e+00
29728,7.650532e+00
29729,7.643282e+00
29730,7.657727e+00
29731,7.646747e+00
29732,7.641908e+00
29733,7.627736e+00
29734,7.612705e+00
29735,7.539716e+00
29736,7.599692e+00
29737,7.614958e+00
29738,7.618607e+00
29739,7.606329e+00
29740,7.623112e+00
29741,7.601242e+00
29742,7.608258e+00
29743,7.599808e+00
29744,7.594892e+00
29745,7.583701e+00
29746,7.631571e+00
29747,7.631762e+00
29748,7.628042e+00
29749,7.637765e+00
29750,7.630730e+00
29751,7.626147e+00
29752,7.627577e+00
29753,7.624698e+00
29754,7.626696e+00
29755,7.623195e+00
29756,7.614371e+00
29757,7.612888e+00
29758,7.607413e+00
29759,7.604277e+00
29760,7.140679e+00
29761,7.608475e+00
29762,7.607036e+00
29763,7.600682e+00
29764,7.599389e+00
29765,7.594219e+00
29766,7.580764e+00
29767,7.576121e+00
29768,7.546334e+00
29769,7.523877e+00
29770,7.493407e+00
29771,7.502651e+00
29772,7.544206e+00
29773,7.513807e+00
29774,7.538218e+00
29775,7.552223e+00
29776,7.524632e+00
29777,7.559460e+00
29778,7.531780e+00
29779,7.560039e+00
29780,7.539607e+00
29781,7.564067e+00
29782,7.560556e+00
29783,7.567837e+00
29784,7.575320e+00
29785,7.573631e+00
29786,7.593395e+00
29787,7.564340e+00
29788,7.586608e+00
29789,7.596063e+00
29790,7.580583e+00
29791,7.597930e+00
29792,7.621632e+00
29793,7.620202e+00
29794,7.622917e+00
29795,7.620466e+00
29796,7.614334e+00
29797,7.655229e+00
29798,7.584297e+00
29799,7.679904e+00
29800,7.698278e+00
29801,7.717574e+00
29802,7.724431e+00
29803,7.737789e+00
29804,7.750354e+00
29805,7.762865e+00
29806,7.764570e+00
29807,7.775051e+00
29808,7.778619e+00
29809,7.787386e+00
29810,7.791205e+00
29811,7.802324e+00
29812,7.806579e+00
29813,7.808695e+00
29814,7.792010e+00
29815,7.801168e+00
29816,7.801732e+00
29817,7.805350e+00
29818,7.807134e+00
29819,7.809003e+00
29820,7.815338e+00
29821,7.810793e+00
29822,7.809436e+00
29823,7.809384e+00
29824,7.516864e+00
29825,7.786620e+00
29826,7.779086e+00
29827,7.765038e+00
29828,7.744445e+00
29829,7.718787e+00
29830,7.697238e+00
29831,7.697209e+00
29832,7.676843e+00
29833,7.635196e+00
29834,7.559157e+00
29835,7.601895e+00
29836,7.647522e+00
29837,7.623538e+00
29838,7.630739e+00
29839,7.650194e+00
29840,7.650042e+00
29841,7.662535e+00
29842,7.643113e+00
29843,7.655005e+00
29844,7.645612e+00
29845,7.653405e+00
29846,7.652878e+00
29847,7.657494e+00
29848,7.661541e+00
29849,7.658072e+00
29850,7.667227e+00
29851,7.660549e+00
29852,7.675448e+00
29853,7.683815e+00
29854,7.681189e+00
29855,7.691691e+00
29856,7.692960e+00
29857,7.689290e+00
29858,7.692397e+00
29859,7.697271e+00
29860,7.663034e+00
29861,7.671920e+00
29862,7.661605e+00
29863,7.602474e+00
29864,7.651362e+00
29865,7.668624e+00
29866,7.669431e+00
29867,7.663550e+00
29868,7.641153e+00
29869,7.640793e+00
29870,7.637723e+00
29871,7.648269e+00
29872,7.637621e+00
29873,7.637339e+00
29874,7.658302e+00
29875,7.665441e+00
29876,7.665004e+00
29877,7.664549e+00
29878,7.659863e+00
29879,7.655652e+00
29880,7.656005e+00
29881,7.656968e+00
29882,7.645549e+00
29883,7.647256e+00
29884,7.630557e+00
29885,7.639898e+00
29886,7.630992e+00
29887,7.634607e+00
29888,7.199125e+00
29889,7.634647e+00
29890,7.627125e+00
29891,7.616463e+00
29892,7.609632e+00
29893,7.599325e+00
29894,7.591374e+00
29895,7.582872e+00
29896,7.555849e+00
29897,7.522893e+00
29898,7.498841e+00
29899,7.497344e+00
29900,7.541127e+00
29901,7.514585e+00
29902,7.530271e+00
29903,7.547317e+00
29904,7.530265e+00
29905,7.553556e+00
29906,7.513423e+00
29907,7.552871e+00
29908,7.523556e+00
29909,7.556580e+00
29910,7.549271e+00
29911,7.562464e+00
29912,7.556088e+00
29913,7.564510e+00
29914,7.579064e+00
29915,7.558806e+00
29916,7.584766e+00
29917,7.581954e+00
29918,7.572588e+00
29919,7.600121e+00
29920,7.616773e+00
29921,7.625946e+00
29922,7.629100e+00
29923,7.632323e+00
29924,7.594496e+00
29925,7.637070e+00
29926,7.584581e+00
29927,7.611249e+00
29928,7.669129e+00
29929,7.674238e+00
29930,7.665937e+00
29931,7.691654e+00
29932,7.689072e+00
29933,7.704397e+00
29934,7.711903e+00
29935,7.712543e+00
29936,7.712038e+00
29937,7.715924e+00
29938,7.714669e+00
29939,7.728513e+00
29940,7.735041e+00
29941,7.735792e+00
29942,7.725683e+00
29943,7.724863e+00
29944,7.736529e+00
29945,7.746445e+00
29946,7.738813e+00
29947,7.743185e+00
29948,7.751317e+00
29949,7.748200e+00
29950,7.746160e+00
29951,7.745683e+00
29952,7.423850e+00
29953,7.726787e+00
29954,7.710535e+00
29955,7.690397e+00
29956,7.670269e+00
29957,7.645597e+00
29958,7.627444e+00
29959,7.614358e+00
29960,7.611401e+00
29961,7.568066e+00
29962,7.514340e+00
29963,7.525643e+00
29964,7.595125e+00
29965,7.572149e+00
29966,7.560095e+00
29967,7.589602e+00
29968,7.594820e+00
29969,7.597512e+00
29970,7.584331e+00
29971,7.609163e+00
29972,7.597707e+00
29973,7.617956e+00
29974,7.614121e+00
29975,7.621544e+00
29976,7.633392e+00
29977,7.635608e+00
29978,7.636612e+00
29979,7.630961e+00
29980,7.639432e+00
29981,7.648379e+00
29982,7.637126e+00
29983,7.652056e+00
29984,7.652216e+00
29985,7.649816e+00
29986,7.647374e+00
29987,7.654711e+00
29988,7.621795e+00
29989,7.609978e+00
29990,7.617644e+00
29991,7.546763e+00
29992,7.609422e+00
29993,7.612364e+00
29994,7.602433e+00
29995,7.600525e+00
29996,7.586036e+00
29997,7.594233e+00
29998,7.582494e+00
29999,7.614097e+00
30000,7.604610e+00
