iteration,rel_residual
0,1.000000e+00
1,5.000000e-01
2,3.750000e-01
3,3.125000e-01
4,2.734375e-01
5,2.460938e-01
6,2.255859e-01
7,2.094727e-01
8,1.963806e-01
9,1.854706e-01
10,1.761971e-01
11,1.681881e-01
12,1.611803e-01
13,1.549810e-01
14,1.494460e-01
15,1.444644e-01
16,1.399499e-01
17,1.358338e-01
18,1.320606e-01
19,1.285853e-01
20,1.253707e-01
21,1.223857e-01
22,1.196042e-01
23,1.170041e-01
24,1.145665e-01
25,1.122752e-01
26,1.101160e-01
27,1.080768e-01
28,1.061469e-01
29,1.043168e-01
30,1.025782e-01
31,1.009237e-01
32,9.934675e-02
33,9.784150e-02
34,9.640265e-02
35,9.502547e-02
36,9.370568e-02
37,9.243938e-02
38,9.122307e-02
39,9.005355e-02
40,8.892788e-02
41,8.784339e-02
42,8.679764e-02
43,8.578836e-02
44,8.481350e-02
45,8.387112e-02
46,8.295948e-02
47,8.207693e-02
48,8.122196e-02
49,8.039317e-02
50,7.958924e-02
51,7.880895e-02
52,7.805117e-02
53,7.731484e-02
54,7.659896e-02
55,7.590261e-02
56,7.522491e-02
57,7.456504e-02
58,7.392224e-02
59,7.329578e-02
60,7.268498e-02
61,7.208920e-02
62,7.150784e-02
63,7.094031e-02
64,7.038609e-02
65,6.984466e-02
66,6.931553e-02
67,6.879825e-02
68,6.829238e-02
69,6.779751e-02
70,6.731324e-02
71,6.683921e-02
72,6.637505e-02
73,6.592042e-02
74,6.547501e-02
75,6.503851e-02
76,6.461063e-02
77,6.419108e-02
78,6.377960e-02
79,6.337593e-02
80,6.297983e-02
81,6.259107e-02
82,6.220941e-02
83,6.183466e-02
84,6.146659e-02
85,6.110503e-02
86,6.074976e-02
87,6.040063e-02
88,6.005744e-02
89,5.972004e-02
90,5.938826e-02
91,5.906195e-02
92,5.874097e-02
93,5.842515e-02
94,5.811438e-02
95,5.780852e-02
96,5.750743e-02
97,5.721100e-02
98,5.691911e-02
99,5.663164e-02
100,5.634848e-02
101,5.606953e-02
102,5.579468e-02
103,5.552383e-02
104,5.525689e-02
105,5.499376e-02
106,5.473435e-02
107,5.447859e-02
108,5.422637e-02
109,5.397762e-02
110,5.373227e-02
111,5.349023e-02
112,5.325144e-02
113,5.301581e-02
114,5.278329e-02
115,5.255379e-02
116,5.232727e-02
117,5.210365e-02
118,5.188287e-02
119,5.166487e-02
120,5.144960e-02
121,5.123700e-02
122,5.102701e-02
123,5.081958e-02
124,5.061467e-02
125,5.041221e-02
126,5.021216e-02
127,5.001447e-02
128,4.981910e-02
129,4.962600e-02
130,4.943513e-02
131,4.924645e-02
132,4.905990e-02
133,4.887547e-02
134,4.869309e-02
135,4.851275e-02
136,4.833439e-02
137,4.815798e-02
138,4.798349e-02
139,4.781089e-02
140,4.764013e-02
141,4.747119e-02
142,4.730403e-02
143,4.713863e-02
144,4.697495e-02
145,4.681296e-02
146,4.665263e-02
147,4.649394e-02
148,4.633686e-02
149,4.618136e-02
150,4.602741e-02
151,4.587499e-02
152,4.572408e-02
153,4.557464e-02
154,4.542666e-02
155,4.528011e-02
156,4.513497e-02
157,4.499121e-02
158,4.484882e-02
159,4.470777e-02
160,4.456804e-02
161,4.442961e-02
162,4.429246e-02
163,4.415657e-02
164,4.402192e-02
165,4.388849e-02
166,4.375627e-02
167,4.362524e-02
168,4.349537e-02
169,4.336665e-02
170,4.323907e-02
171,4.311261e-02
172,4.298724e-02
173,4.286296e-02
174,4.273975e-02
175,4.261759e-02
176,4.249647e-02
177,4.237637e-02
178,4.225728e-02
179,4.213919e-02
180,4.202208e-02
181,4.190594e-02
182,4.179075e-02
183,4.167650e-02
184,4.156317e-02
185,4.145077e-02
186,4.133926e-02
187,4.122865e-02
188,4.111891e-02
189,4.101004e-02
190,4.090203e-02
191,4.079486e-02
192,4.068852e-02
193,4.058300e-02
194,4.047830e-02
195,4.037439e-02
196,4.027128e-02
197,4.016894e-02
198,4.006737e-02
199,3.996656e-02
200,3.986651e-02
201,3.976719e-02
202,3.966860e-02
203,3.957074e-02
204,3.947359e-02
205,3.937714e-02
206,3.928138e-02
207,3.918632e-02
208,3.909193e-02
209,3.899821e-02
210,3.890515e-02
211,3.881275e-02
212,3.872099e-02
213,3.862987e-02
214,3.853938e-02
215,3.844951e-02
216,3.836025e-02
217,3.827161e-02
218,3.818356e-02
219,3.809611e-02
220,3.800924e-02
221,3.792295e-02
222,3.783724e-02
223,3.775209e-02
224,3.766750e-02
225,3.758346e-02
226,3.749997e-02
227,3.741702e-02
228,3.733460e-02
229,3.725271e-02
230,3.717134e-02
231,3.709049e-02
232,3.701015e-02
233,3.693031e-02
234,3.685097e-02
235,3.677213e-02
236,3.669377e-02
237,3.661589e-02
238,3.653849e-02
239,3.646156e-02
240,3.638510e-02
241,3.630910e-02
242,3.623355e-02
243,3.615846e-02
244,3.608381e-02
245,3.600960e-02
246,3.593583e-02
247,3.586249e-02
248,3.578958e-02
249,3.571709e-02
250,3.564502e-02
251,3.557336e-02
252,3.550211e-02
253,3.543126e-02
254,3.536082e-02
255,3.529077e-02
256,3.522111e-02
257,3.515184e-02
258,3.508296e-02
259,3.501445e-02
260,3.494632e-02
261,3.487856e-02
262,3.481117e-02
263,3.474415e-02
264,3.467748e-02
265,3.461118e-02
266,3.454522e-02
267,3.447961e-02
268,3.441435e-02
269,3.434944e-02
270,3.428486e-02
271,3.422061e-02
272,3.415670e-02
273,3.409312e-02
274,3.402986e-02
275,3.396693e-02
276,3.390431e-02
277,3.384201e-02
278,3.378002e-02
279,3.371834e-02
280,3.365697e-02
281,3.359590e-02
282,3.353513e-02
283,3.347465e-02
284,3.341448e-02
285,3.335459e-02
286,3.329499e-02
287,3.323568e-02
288,3.317665e-02
289,3.311790e-02
290,3.305943e-02
291,3.300124e-02
292,3.294331e-02
293,3.288566e-02
294,3.282827e-02
295,3.277115e-02
296,3.271429e-02
297,3.265769e-02
298,3.260134e-02
299,3.254525e-02
300,3.248942e-02
301,3.243383e-02
302,3.237849e-02
303,3.232339e-02
304,3.226854e-02
305,3.221393e-02
306,3.215955e-02
307,3.210542e-02
308,3.205151e-02
309,3.199784e-02
310,3.194440e-02
311,3.189118e-02
312,3.183819e-02
313,3.178542e-02
314,3.173288e-02
315,3.168055e-02
316,3.162844e-02
317,3.157654e-02
318,3.152486e-02
319,3.147339e-02
320,3.142213e-02
321,3.137108e-02
322,3.132023e-02
323,3.126959e-02
324,3.121914e-02
325,3.116890e-02
326,3.111886e-02
327,3.106901e-02
328,3.101936e-02
329,3.096990e-02
330,3.092063e-02
331,3.087155e-02
332,3.082266e-02
333,3.077396e-02
334,3.072544e-02
335,3.067710e-02
336,3.062895e-02
337,3.058097e-02
338,3.053317e-02
339,3.048555e-02
340,3.043811e-02
341,3.039084e-02
342,3.034374e-02
343,3.029681e-02
344,3.025006e-02
345,3.020347e-02
346,3.015704e-02
347,3.011078e-02
348,3.006469e-02
349,3.001876e-02
350,2.997298e-02
351,2.992737e-02
352,2.988192e-02
353,2.983662e-02
354,2.979148e-02
355,2.974649e-02
356,2.970166e-02
357,2.965697e-02
358,2.961244e-02
359,2.956806e-02
360,2.952383e-02
361,2.947974e-02
362,2.943580e-02
363,2.939200e-02
364,2.934834e-02
365,2.930483e-02
366,2.926146e-02
367,2.921823e-02
368,2.917513e-02
369,2.913218e-02
370,2.908936e-02
371,2.904668e-02
372,2.900413e-02
373,2.896171e-02
374,2.891943e-02
375,2.887727e-02
376,2.883525e-02
377,2.879336e-02
378,2.875159e-02
379,2.870995e-02
380,2.866844e-02
381,2.862705e-02
382,2.858579e-02
383,2.854465e-02
384,2.850363e-02
385,2.846273e-02
386,2.842196e-02
387,2.838130e-02
388,2.834076e-02
389,2.830034e-02
390,2.826004e-02
391,2.821985e-02
392,2.817977e-02
393,2.813982e-02
394,2.809997e-02
395,2.806024e-02
396,2.802061e-02
397,2.798110e-02
398,2.794170e-02
399,2.790241e-02
400,2.786323e-02
401,2.782415e-02
402,2.778518e-02
403,2.774632e-02
404,2.770756e-02
405,2.766890e-02
406,2.763035e-02
407,2.759191e-02
408,2.755356e-02
409,2.751532e-02
410,2.747718e-02
411,2.743913e-02
412,2.740119e-02
413,2.736334e-02
414,2.732560e-02
415,2.728795e-02
416,2.725039e-02
417,2.721294e-02
418,2.717558e-02
419,2.713831e-02
420,2.710113e-02
421,2.706405e-02
422,2.702707e-02
423,2.699017e-02
424,2.695337e-02
425,2.691665e-02
426,2.688003e-02
427,2.684350e-02
428,2.680705e-02
429,2.677069e-02
430,2.673443e-02
431,2.669824e-02
432,2.666215e-02
433,2.662614e-02
434,2.659022e-02
435,2.655438e-02
436,2.651862e-02
437,2.648295e-02
438,2.644737e-02
439,2.641186e-02
440,2.637644e-02
441,2.634110e-02
442,2.630584e-02
443,2.627066e-02
444,2.623556e-02
445,2.620054e-02
446,2.616560e-02
447,2.613074e-02
448,2.609596e-02
449,2.606125e-02
450,2.602663e-02
451,2.599207e-02
452,2.595760e-02
453,2.592320e-02
454,2.588888e-02
455,2.585463e-02
456,2.582045e-02
457,2.578635e-02
458,2.575232e-02
459,2.571837e-02
460,2.568449e-02
461,2.565068e-02
462,2.561694e-02
463,2.558327e-02
464,2.554967e-02
465,2.551615e-02
466,2.548269e-02
467,2.544931e-02
468,2.541599e-02
469,2.538274e-02
470,2.534957e-02
471,2.531646e-02
472,2.528341e-02
473,2.525044e-02
474,2.521753e-02
475,2.518469e-02
476,2.515191e-02
477,2.511920e-02
478,2.508655e-02
479,2.505398e-02
480,2.502146e-02
481,2.498901e-02
482,2.495662e-02
483,2.492430e-02
484,2.489204e-02
485,2.485985e-02
486,2.482771e-02
487,2.479564e-02
488,2.476363e-02
489,2.473168e-02
490,2.469980e-02
491,2.466797e-02
492,2.463621e-02
493,2.460451e-02
494,2.457286e-02
495,2.454128e-02
496,2.450975e-02
497,2.447829e-02
498,2.444688e-02
499,2.441553e-02
500,2.438424e-02
501,2.435301e-02
502,2.432184e-02
503,2.429072e-02
504,2.425966e-02
505,2.422866e-02
506,2.419771e-02
507,2.416682e-02
508,2.413599e-02
509,2.410521e-02
510,2.407449e-02
511,2.404382e-02
512,2.401321e-02
513,2.398265e-02
514,2.395215e-02
515,2.392170e-02
516,2.389131e-02
517,2.386097e-02
518,2.383068e-02
519,2.380044e-02
520,2.377026e-02
521,2.374013e-02
522,2.371006e-02
523,2.368003e-02
524,2.365006e-02
525,2.362014e-02
526,2.359027e-02
527,2.356045e-02
528,2.353069e-02
529,2.350097e-02
530,2.347131e-02
531,2.344169e-02
532,2.341213e-02
533,2.338261e-02
534,2.335315e-02
535,2.332373e-02
536,2.329437e-02
537,2.326505e-02
538,2.323578e-02
539,2.320656e-02
540,2.317739e-02
541,2.314827e-02
542,2.311919e-02
543,2.309017e-02
544,2.306119e-02
545,2.303226e-02
546,2.300337e-02
547,2.297454e-02
548,2.294575e-02
549,2.291700e-02
550,2.288831e-02
551,2.285966e-02
552,2.283105e-02
553,2.280249e-02
554,2.277398e-02
555,2.274551e-02
556,2.271709e-02
557,2.268872e-02
558,2.266039e-02
559,2.263210e-02
560,2.260386e-02
561,2.257566e-02
562,2.254751e-02
563,2.251940e-02
564,2.249134e-02
565,2.246332e-02
566,2.243534e-02
567,2.240741e-02
568,2.237952e-02
569,2.235167e-02
570,2.232387e-02
571,2.229611e-02
572,2.226840e-02
573,2.224072e-02
574,2.221309e-02
575,2.218550e-02
576,2.215795e-02
577,2.213045e-02
578,2.210299e-02
579,2.207556e-02
580,2.204818e-02
581,2.202085e-02
582,2.199355e-02
583,2.196629e-02
584,2.193908e-02
585,2.191191e-02
586,2.188477e-02
587,2.185768e-02
588,2.183063e-02
589,2.180362e-02
590,2.177665e-02
591,2.174972e-02
592,2.172283e-02
593,2.169598e-02
594,2.166917e-02
595,2.164239e-02
596,2.161566e-02
597,2.158897e-02
598,2.156232e-02
599,2.153570e-02
600,2.150913e-02
601,2.148259e-02
602,2.145609e-02
603,2.142963e-02
604,2.140321e-02
605,2.137683e-02
606,2.135049e-02
607,2.132418e-02
608,2.129791e-02
609,2.127168e-02
610,2.124549e-02
611,2.121934e-02
612,2.119322e-02
613,2.116714e-02
614,2.114110e-02
615,2.111509e-02
616,2.108913e-02
617,2.106320e-02
618,2.103730e-02
619,2.101145e-02
620,2.098563e-02
621,2.095984e-02
622,2.093410e-02
623,2.090839e-02
624,2.088271e-02
625,2.085707e-02
626,2.083147e-02
627,2.080591e-02
628,2.078038e-02
629,2.075488e-02
630,2.072942e-02
631,2.070400e-02
632,2.067861e-02
633,2.065326e-02
634,2.062795e-02
635,2.060266e-02
636,2.057742e-02
637,2.055221e-02
638,2.052703e-02
639,2.050189e-02
640,2.047678e-02
641,2.045171e-02
642,2.042667e-02
643,2.040167e-02
644,2.037670e-02
645,2.035177e-02
646,2.032687e-02
647,2.030200e-02
648,2.027717e-02
649,2.025238e-02
650,2.022761e-02
651,2.020288e-02
652,2.017819e-02
653,2.015352e-02
654,2.012889e-02
655,2.010430e-02
656,2.007974e-02
657,2.005521e-02
658,2.003071e-02
659,2.000625e-02
660,1.998182e-02
661,1.995743e-02
662,1.993306e-02
663,1.990873e-02
664,1.988443e-02
665,1.986017e-02
666,1.983594e-02
667,1.981174e-02
668,1.978757e-02
669,1.976343e-02
670,1.973933e-02
671,1.971526e-02
672,1.969122e-02
673,1.966722e-02
674,1.964324e-02
675,1.961930e-02
676,1.959539e-02
677,1.957151e-02
678,1.954766e-02
679,1.952385e-02
680,1.950007e-02
681,1.947631e-02
682,1.945259e-02
683,1.942890e-02
684,1.940525e-02
685,1.938162e-02
686,1.935802e-02
687,1.933446e-02
688,1.931093e-02
689,1.928742e-02
690,1.926395e-02
691,1.924051e-02
692,1.921710e-02
693,1.919372e-02
694,1.917038e-02
695,1.914706e-02
696,1.912377e-02
697,1.910051e-02
698,1.907729e-02
699,1.905409e-02
700,1.903093e-02
701,1.900779e-02
702,1.898468e-02
703,1.896161e-02
704,1.893856e-02
705,1.891555e-02
706,1.889256e-02
707,1.886961e-02
708,1.884668e-02
709,1.882379e-02
710,1.880092e-02
711,1.877808e-02
712,1.875528e-02
713,1.873250e-02
714,1.870975e-02
715,1.868703e-02
716,1.866434e-02
717,1.864168e-02
718,1.861905e-02
719,1.859645e-02
720,1.857388e-02
721,1.855133e-02
722,1.852882e-02
723,1.850633e-02
724,1.848388e-02
725,1.846145e-02
726,1.843905e-02
727,1.841668e-02
728,1.839434e-02
729,1.837202e-02
730,1.834974e-02
731,1.832748e-02
732,1.830526e-02
733,1.828306e-02
734,1.826089e-02
735,1.823874e-02
736,1.821663e-02
737,1.819454e-02
738,1.817248e-02
739,1.815045e-02
740,1.812845e-02
741,1.810648e-02
742,1.808453e-02
743,1.806262e-02
744,1.804073e-02
745,1.801886e-02
746,1.799703e-02
747,1.797522e-02
748,1.795344e-02
749,1.793169e-02
750,1.790997e-02
751,1.788827e-02
752,1.786660e-02
753,1.784496e-02
754,1.782335e-02
755,1.780176e-02
756,1.778020e-02
757,1.775867e-02
758,1.773716e-02
759,1.771568e-02
760,1.769423e-02
761,1.767281e-02
762,1.765141e-02
763,1.763004e-02
764,1.760870e-02
765,1.758738e-02
766,1.756609e-02
767,1.754483e-02
768,1.752359e-02
769,1.750239e-02
770,1.748120e-02
771,1.746005e-02
772,1.743892e-02
773,1.741781e-02
774,1.739674e-02
775,1.737569e-02
776,1.735466e-02
777,1.733367e-02
778,1.731270e-02
779,1.729175e-02
780,1.727083e-02
781,1.724994e-02
782,1.722907e-02
783,1.720823e-02
784,1.718742e-02
785,1.716663e-02
786,1.714587e-02
787,1.712513e-02
788,1.710442e-02
789,1.708374e-02
790,1.706308e-02
791,1.704245e-02
792,1.702184e-02
793,1.700126e-02
794,1.698070e-02
795,1.696017e-02
796,1.693967e-02
797,1.691919e-02
798,1.689873e-02
799,1.687830e-02
800,1.685790e-02
801,1.683752e-02
802,1.681717e-02
803,1.679684e-02
804,1.677654e-02
805,1.675627e-02
806,1.673602e-02
807,1.671579e-02
808,1.669559e-02
809,1.667541e-02
810,1.665526e-02
811,1.663513e-02
812,1.661503e-02
813,1.659496e-02
814,1.657491e-02
815,1.655488e-02
816,1.653488e-02
817,1.651490e-02
818,1.649495e-02
819,1.647502e-02
820,1.645512e-02
821,1.643524e-02
822,1.641538e-02
823,1.639555e-02
824,1.637575e-02
825,1.635597e-02
826,1.633621e-02
827,1.631648e-02
828,1.629677e-02
829,1.627709e-02
830,1.625743e-02
831,1.623780e-02
832,1.621819e-02
833,1.619860e-02
834,1.617904e-02
835,1.615950e-02
836,1.613999e-02
837,1.612050e-02
838,1.610103e-02
839,1.608159e-02
840,1.606217e-02
841,1.604278e-02
842,1.602341e-02
843,1.600406e-02
844,1.598474e-02
845,1.596544e-02
846,1.594617e-02
847,1.592692e-02
848,1.590769e-02
849,1.588848e-02
850,1.586930e-02
851,1.585015e-02
852,1.583101e-02
853,1.581190e-02
854,1.579282e-02
855,1.577375e-02
856,1.575471e-02
857,1.573570e-02
858,1.571671e-02
859,1.569774e-02
860,1.567879e-02
861,1.565987e-02
862,1.564097e-02
863,1.562209e-02
864,1.560324e-02
865,1.558441e-02
866,1.556560e-02
867,1.554681e-02
868,1.552805e-02
869,1.550931e-02
870,1.549060e-02
871,1.547191e-02
872,1.545324e-02
873,1.543459e-02
874,1.541597e-02
875,1.539736e-02
876,1.537879e-02
877,1.536023e-02
878,1.534170e-02
879,1.532319e-02
880,1.530470e-02
881,1.528623e-02
882,1.526779e-02
883,1.524937e-02
884,1.523097e-02
885,1.521260e-02
886,1.519425e-02
887,1.517592e-02
888,1.515761e-02
889,1.513932e-02
890,1.512106e-02
891,1.510282e-02
892,1.508460e-02
893,1.506640e-02
894,1.504823e-02
895,1.503008e-02
896,1.501195e-02
897,1.499384e-02
898,1.497575e-02
899,1.495769e-02
900,1.493965e-02
901,1.492163e-02
902,1.490363e-02
903,1.488566e-02
904,1.486770e-02
905,1.484977e-02
906,1.483186e-02
907,1.481397e-02
908,1.479610e-02
909,1.477826e-02
910,1.476044e-02
911,1.474264e-02
912,1.472486e-02
913,1.470710e-02
914,1.468936e-02
915,1.467165e-02
916,1.465395e-02
917,1.463628e-02
918,1.461863e-02
919,1.460100e-02
920,1.458340e-02
921,1.456581e-02
922,1.454825e-02
923,1.453070e-02
924,1.451318e-02
925,1.449568e-02
926,1.447820e-02
927,1.446074e-02
928,1.444331e-02
929,1.442589e-02
930,1.440850e-02
931,1.439112e-02
932,1.437377e-02
933,1.435644e-02
934,1.433913e-02
935,1.432184e-02
936,1.430458e-02
937,1.428733e-02
938,1.427010e-02
939,1.425290e-02
940,1.423571e-02
941,1.421855e-02
942,1.420141e-02
943,1.418429e-02
944,1.416719e-02
945,1.415011e-02
946,1.413305e-02
947,1.411601e-02
948,1.409899e-02
949,1.408199e-02
950,1.406502e-02
951,1.404806e-02
952,1.403113e-02
953,1.401421e-02
954,1.399732e-02
955,1.398044e-02
956,1.396359e-02
957,1.394676e-02
958,1.392994e-02
959,1.391315e-02
960,1.389638e-02
961,1.387963e-02
962,1.386290e-02
963,1.384619e-02
964,1.382950e-02
965,1.381283e-02
966,1.379618e-02
967,1.377955e-02
968,1.376294e-02
969,1.374635e-02
970,1.372978e-02
971,1.371323e-02
972,1.369670e-02
973,1.368019e-02
974,1.366370e-02
975,1.364723e-02
976,1.363078e-02
977,1.361435e-02
978,1.359794e-02
979,1.358155e-02
980,1.356518e-02
981,1.354883e-02
982,1.353250e-02
983,1.351619e-02
984,1.349990e-02
985,1.348363e-02
986,1.346738e-02
987,1.345115e-02
988,1.343494e-02
989,1.341874e-02
990,1.340257e-02
991,1.338642e-02
992,1.337028e-02
993,1.335417e-02
994,1.333808e-02
995,1.332200e-02
996,1.330594e-02
997,1.328991e-02
998,1.327389e-02
999,1.325789e-02
1000,1.324192e-02
1001,1.322596e-02
1002,1.321002e-02
1003,1.319410e-02
1004,1.317820e-02
1005,1.316232e-02
1006,1.314645e-02
1007,1.313061e-02
1008,1.311479e-02
1009,1.309898e-02
1010,1.308320e-02
1011,1.306743e-02
1012,1.305168e-02
1013,1.303595e-02
1014,1.302024e-02
1015,1.300455e-02
1016,1.298888e-02
1017,1.297323e-02
1018,1.295760e-02
1019,1.294198e-02
1020,1.292639e-02
1021,1.291081e-02
1022,1.289525e-02
1023,1.287971e-02
1024,1.286419e-02
1025,1.284869e-02
1026,1.283321e-02
1027,1.281774e-02
1028,1.280230e-02
1029,1.278687e-02
1030,1.277146e-02
1031,1.275607e-02
1032,1.274070e-02
1033,1.272535e-02
1034,1.271001e-02
1035,1.269470e-02
1036,1.267940e-02
1037,1.266412e-02
1038,1.264886e-02
1039,1.263362e-02
1040,1.261840e-02
1041,1.260319e-02
1042,1.258801e-02
1043,1.257284e-02
1044,1.255769e-02
1045,1.254256e-02
1046,1.252745e-02
1047,1.251235e-02
1048,1.249727e-02
1049,1.248222e-02
1050,1.246718e-02
1051,1.245215e-02
1052,1.243715e-02
1053,1.242216e-02
1054,1.240720e-02
1055,1.239225e-02
1056,1.237732e-02
1057,1.236240e-02
1058,1.234751e-02
1059,1.233263e-02
1060,1.231777e-02
1061,1.230293e-02
1062,1.228810e-02
1063,1.227330e-02
1064,1.225851e-02
1065,1.224374e-02
1066,1.222899e-02
1067,1.221425e-02
1068,1.219954e-02
1069,1.218484e-02
1070,1.217016e-02
1071,1.215549e-02
1072,1.214085e-02
1073,1.212622e-02
1074,1.211161e-02
1075,1.209702e-02
1076,1.208244e-02
1077,1.206789e-02
1078,1.205335e-02
1079,1.203882e-02
1080,1.202432e-02
1081,1.200983e-02
1082,1.199536e-02
1083,1.198091e-02
1084,1.196647e-02
1085,1.195206e-02
1086,1.193766e-02
1087,1.192327e-02
1088,1.190891e-02
1089,1.189456e-02
1090,1.188023e-02
1091,1.186592e-02
1092,1.185162e-02
1093,1.183734e-02
1094,1.182308e-02
1095,1.180884e-02
1096,1.179461e-02
1097,1.178040e-02
1098,1.176621e-02
1099,1.175203e-02
1100,1.173787e-02
1101,1.172373e-02
1102,1.170961e-02
1103,1.169550e-02
1104,1.168141e-02
1105,1.166734e-02
1106,1.165328e-02
1107,1.163924e-02
1108,1.162522e-02
1109,1.161121e-02
1110,1.159722e-02
1111,1.158325e-02
1112,1.156930e-02
1113,1.155536e-02
1114,1.154144e-02
1115,1.152753e-02
1116,1.151364e-02
1117,1.149977e-02
1118,1.148592e-02
1119,1.147208e-02
1120,1.145826e-02
1121,1.144446e-02
1122,1.143067e-02
1123,1.141690e-02
1124,1.140314e-02
1125,1.138941e-02
1126,1.137568e-02
1127,1.136198e-02
1128,1.134829e-02
1129,1.133462e-02
1130,1.132097e-02
1131,1.130733e-02
1132,1.129370e-02
1133,1.128010e-02
1134,1.126651e-02
1135,1.125294e-02
1136,1.123938e-02
1137,1.122584e-02
1138,1.121232e-02
1139,1.119881e-02
1140,1.118532e-02
1141,1.117184e-02
1142,1.115838e-02
1143,1.114494e-02
1144,1.113151e-02
1145,1.111810e-02
1146,1.110471e-02
1147,1.109133e-02
1148,1.107797e-02
1149,1.106463e-02
1150,1.105130e-02
1151,1.103798e-02
1152,1.102469e-02
1153,1.101140e-02
1154,1.099814e-02
1155,1.098489e-02
1156,1.097166e-02
1157,1.095844e-02
1158,1.094524e-02
1159,1.093205e-02
1160,1.091888e-02
1161,1.090573e-02
1162,1.089259e-02
1163,1.087947e-02
1164,1.086636e-02
1165,1.085327e-02
1166,1.084020e-02
1167,1.082714e-02
1168,1.081410e-02
1169,1.080107e-02
1170,1.078806e-02
1171,1.077506e-02
1172,1.076208e-02
1173,1.074912e-02
1174,1.073617e-02
1175,1.072323e-02
1176,1.071032e-02
1177,1.069741e-02
1178,1.068453e-02
1179,1.067166e-02
1180,1.065880e-02
1181,1.064596e-02
1182,1.063314e-02
1183,1.062033e-02
1184,1.060753e-02
1185,1.059475e-02
1186,1.058199e-02
1187,1.056924e-02
1188,1.055651e-02
1189,1.054379e-02
1190,1.053109e-02
1191,1.051841e-02
1192,1.050574e-02
1193,1.049308e-02
1194,1.048044e-02
1195,1.046781e-02
1196,1.045520e-02
1197,1.044261e-02
1198,1.043003e-02
1199,1.041747e-02
1200,1.040492e-02
1201,1.039238e-02
1202,1.037986e-02
1203,1.036736e-02
1204,1.035487e-02
1205,1.034240e-02
1206,1.032994e-02
1207,1.031749e-02
1208,1.030507e-02
1209,1.029265e-02
1210,1.028025e-02
1211,1.026787e-02
1212,1.025550e-02
1213,1.024315e-02
1214,1.023081e-02
1215,1.021848e-02
1216,1.020617e-02
1217,1.019388e-02
1218,1.018160e-02
1219,1.016933e-02
1220,1.015708e-02
1221,1.014485e-02
1222,1.013263e-02
1223,1.012042e-02
1224,1.010823e-02
1225,1.009605e-02
1226,1.008389e-02
1227,1.007175e-02
1228,1.005961e-02
1229,1.004750e-02
1230,1.003539e-02
1231,1.002330e-02
1232,1.001123e-02
1233,9.999169e-03
1234,9.987124e-03
1235,9.975094e-03
1236,9.963078e-03
1237,9.951076e-03
1238,9.939089e-03
1239,9.927116e-03
1240,9.915158e-03
1241,9.903214e-03
1242,9.891285e-03
1243,9.879370e-03
1244,9.867469e-03
1245,9.855582e-03
1246,9.843710e-03
1247,9.831853e-03
1248,9.820009e-03
1249,9.808180e-03
1250,9.796365e-03
1251,9.784564e-03
1252,9.772778e-03
1253,9.761006e-03
1254,9.749248e-03
1255,9.737504e-03
1256,9.725774e-03
1257,9.714058e-03
1258,9.702357e-03
1259,9.690669e-03
1260,9.678996e-03
1261,9.667337e-03
1262,9.655692e-03
1263,9.644060e-03
1264,9.632443e-03
1265,9.620840e-03
1266,9.609251e-03
1267,9.597676e-03
1268,9.586114e-03
1269,9.574567e-03
1270,9.563034e-03
1271,9.551514e-03
1272,9.540008e-03
1273,9.528517e-03
1274,9.517039e-03
1275,9.505575e-03
1276,9.494124e-03
1277,9.482688e-03
1278,9.471265e-03
1279,9.459856e-03
1280,9.448461e-03
1281,9.437080e-03
1282,9.425712e-03
1283,9.414358e-03
1284,9.403017e-03
1285,9.391691e-03
1286,9.380378e-03
1287,9.369078e-03
1288,9.357792e-03
1289,9.346520e-03
1290,9.335261e-03
1291,9.324016e-03
1292,9.312785e-03
1293,9.301567e-03
1294,9.290362e-03
1295,9.279171e-03
1296,9.267994e-03
1297,9.256830e-03
1298,9.245679e-03
1299,9.234542e-03
1300,9.223418e-03
1301,9.212308e-03
1302,9.201211e-03
1303,9.190127e-03
1304,9.179057e-03
1305,9.168000e-03
1306,9.156957e-03
1307,9.145927e-03
1308,9.134910e-03
1309,9.123906e-03
1310,9.112916e-03
1311,9.101938e-03
1312,9.090974e-03
1313,9.080024e-03
1314,9.069086e-03
1315,9.058162e-03
1316,9.047250e-03
1317,9.036352e-03
1318,9.025467e-03
1319,9.014596e-03
1320,9.003737e-03
1321,8.992891e-03
1322,8.982059e-03
1323,8.971239e-03
1324,8.960433e-03
1325,8.949639e-03
1326,8.938859e-03
1327,8.928091e-03
1328,8.917337e-03
1329,8.906595e-03
1330,8.895867e-03
1331,8.885151e-03
1332,8.874448e-03
1333,8.863758e-03
1334,8.853081e-03
1335,8.842417e-03
1336,8.831766e-03
1337,8.821127e-03
1338,8.810502e-03
1339,8.799889e-03
1340,8.789289e-03
1341,8.778701e-03
1342,8.768127e-03
1343,8.757565e-03
1344,8.747016e-03
1345,8.736480e-03
1346,8.725956e-03
1347,8.715445e-03
1348,8.704947e-03
1349,8.694461e-03
1350,8.683988e-03
1351,8.673528e-03
1352,8.663080e-03
1353,8.652645e-03
1354,8.642222e-03
1355,8.631812e-03
1356,8.621414e-03
1357,8.611029e-03
1358,8.600657e-03
1359,8.590297e-03
1360,8.579949e-03
1361,8.569614e-03
1362,8.559291e-03
1363,8.548981e-03
1364,8.538683e-03
1365,8.528398e-03
1366,8.518125e-03
1367,8.507864e-03
1368,8.497616e-03
1369,8.487380e-03
1370,8.477157e-03
1371,8.466945e-03
1372,8.456746e-03
1373,8.446560e-03
1374,8.436385e-03
1375,8.426223e-03
1376,8.416073e-03
1377,8.405936e-03
1378,8.395810e-03
1379,8.385697e-03
1380,8.375596e-03
1381,8.365507e-03
1382,8.355430e-03
1383,8.345366e-03
1384,8.335313e-03
1385,8.325273e-03
1386,8.315244e-03
1387,8.305228e-03
1388,8.295224e-03
1389,8.285232e-03
1390,8.275252e-03
1391,8.265284e-03
1392,8.255328e-03
1393,8.245384e-03
1394,8.235452e-03
1395,8.225532e-03
1396,8.215624e-03
1397,8.205728e-03
1398,8.195843e-03
1399,8.185971e-03
1400,8.176110e-03
1401,8.166262e-03
1402,8.156425e-03
1403,8.146600e-03
1404,8.136787e-03
1405,8.126986e-03
1406,8.117197e-03
1407,8.107419e-03
1408,8.097653e-03
1409,8.087899e-03
1410,8.078157e-03
1411,8.068426e-03
1412,8.058707e-03
1413,8.049000e-03
1414,8.039305e-03
1415,8.029621e-03
1416,8.019949e-03
1417,8.010288e-03
1418,8.000639e-03
1419,7.991002e-03
1420,7.981377e-03
1421,7.971763e-03
1422,7.962160e-03
1423,7.952569e-03
1424,7.942990e-03
1425,7.933422e-03
1426,7.923866e-03
1427,7.914321e-03
1428,7.904788e-03
1429,7.895266e-03
1430,7.885756e-03
1431,7.876257e-03
1432,7.866770e-03
1433,7.857294e-03
1434,7.847829e-03
1435,7.838376e-03
1436,7.828935e-03
1437,7.819504e-03
1438,7.810085e-03
1439,7.800678e-03
1440,7.791281e-03
1441,7.781896e-03
1442,7.772522e-03
1443,7.763160e-03
1444,7.753809e-03
1445,7.744469e-03
1446,7.735140e-03
1447,7.725823e-03
1448,7.716517e-03
1449,7.707222e-03
1450,7.697938e-03
1451,7.688666e-03
1452,7.679404e-03
1453,7.670154e-03
1454,7.660915e-03
1455,7.651687e-03
1456,7.642470e-03
1457,7.633264e-03
1458,7.624070e-03
1459,7.614886e-03
1460,7.605714e-03
1461,7.596552e-03
1462,7.587402e-03
1463,7.578262e-03
1464,7.569134e-03
1465,7.560016e-03
1466,7.550910e-03
1467,7.541815e-03
1468,7.532730e-03
1469,7.523657e-03
1470,7.514594e-03
1471,7.505542e-03
1472,7.496501e-03
1473,7.487472e-03
1474,7.478452e-03
1475,7.469444e-03
1476,7.460447e-03
1477,7.451461e-03
1478,7.442485e-03
1479,7.433520e-03
1480,7.424566e-03
1481,7.415623e-03
1482,7.406690e-03
1483,7.397768e-03
1484,7.388858e-03
1485,7.379957e-03
1486,7.371068e-03
1487,7.362189e-03
1488,7.353321e-03
1489,7.344463e-03
1490,7.335617e-03
1491,7.326780e-03
1492,7.317955e-03
1493,7.309140e-03
1494,7.300336e-03
1495,7.291542e-03
1496,7.282759e-03
1497,7.273987e-03
1498,7.265225e-03
1499,7.256474e-03
1500,7.247733e-03
1501,7.239003e-03
1502,7.230283e-03
1503,7.221574e-03
1504,7.212875e-03
1505,7.204187e-03
1506,7.195509e-03
1507,7.186842e-03
1508,7.178185e-03
1509,7.169538e-03
1510,7.160902e-03
1511,7.152277e-03
1512,7.143661e-03
1513,7.135056e-03
1514,7.126462e-03
1515,7.117878e-03
1516,7.109304e-03
1517,7.100740e-03
1518,7.092187e-03
1519,7.083644e-03
1520,7.075112e-03
1521,7.066589e-03
1522,7.058077e-03
1523,7.049576e-03
1524,7.041084e-03
1525,7.032603e-03
1526,7.024132e-03
1527,7.015671e-03
1528,7.007220e-03
1529,6.998779e-03
1530,6.990349e-03
1531,6.981929e-03
1532,6.973519e-03
1533,6.965119e-03
1534,6.956729e-03
1535,6.948349e-03
1536,6.939980e-03
1537,6.931620e-03
1538,6.923271e-03
1539,6.914931e-03
1540,6.906602e-03
1541,6.898283e-03
1542,6.889973e-03
1543,6.881674e-03
1544,6.873385e-03
1545,6.865105e-03
1546,6.856836e-03
1547,6.848577e-03
1548,6.840327e-03
1549,6.832088e-03
1550,6.823858e-03
1551,6.815639e-03
1552,6.807429e-03
1553,6.799229e-03
1554,6.791039e-03
1555,6.782859e-03
1556,6.774689e-03
1557,6.766528e-03
1558,6.758378e-03
1559,6.750237e-03
1560,6.742106e-03
1561,6.733985e-03
1562,6.725873e-03
1563,6.717772e-03
1564,6.709680e-03
1565,6.701598e-03
1566,6.693525e-03
1567,6.685463e-03
1568,6.677410e-03
1569,6.669366e-03
1570,6.661333e-03
1571,6.653309e-03
1572,6.645295e-03
1573,6.637290e-03
1574,6.629295e-03
1575,6.621310e-03
1576,6.613334e-03
1577,6.605368e-03
1578,6.597412e-03
1579,6.589465e-03
1580,6.581527e-03
1581,6.573600e-03
1582,6.565682e-03
1583,6.557773e-03
1584,6.549874e-03
1585,6.541984e-03
1586,6.534104e-03
1587,6.526233e-03
1588,6.518372e-03
1589,6.510521e-03
1590,6.502678e-03
1591,6.494846e-03
1592,6.487022e-03
1593,6.479208e-03
1594,6.471404e-03
1595,6.463609e-03
1596,6.455823e-03
1597,6.448047e-03
1598,6.440280e-03
1599,6.432522e-03
1600,6.424774e-03
1601,6.417035e-03
1602,6.409305e-03
1603,6.401585e-03
1604,6.393874e-03
1605,6.386172e-03
1606,6.378480e-03
1607,6.370797e-03
1608,6.363123e-03
1609,6.355458e-03
1610,6.347803e-03
1611,6.340156e-03
1612,6.332519e-03
1613,6.324892e-03
1614,6.317273e-03
1615,6.309663e-03
1616,6.302063e-03
1617,6.294472e-03
1618,6.286890e-03
1619,6.279317e-03
1620,6.271754e-03
1621,6.264199e-03
1622,6.256653e-03
1623,6.249117e-03
1624,6.241590e-03
1625,6.234071e-03
1626,6.226562e-03
1627,6.219062e-03
1628,6.211571e-03
1629,6.204089e-03
1630,6.196616e-03
1631,6.189151e-03
1632,6.181696e-03
1633,6.174250e-03
1634,6.166813e-03
1635,6.159385e-03
1636,6.151966e-03
1637,6.144555e-03
1638,6.137154e-03
1639,6.129761e-03
1640,6.122378e-03
1641,6.115003e-03
1642,6.107637e-03
1643,6.100280e-03
1644,6.092932e-03
1645,6.085593e-03
1646,6.078263e-03
1647,6.070941e-03
1648,6.063629e-03
1649,6.056325e-03
1650,6.049030e-03
1651,6.041743e-03
1652,6.034466e-03
1653,6.027197e-03
1654,6.019937e-03
1655,6.012686e-03
1656,6.005443e-03
1657,5.998209e-03
1658,5.990984e-03
1659,5.983768e-03
1660,5.976560e-03
1661,5.969361e-03
1662,5.962171e-03
1663,5.954989e-03
1664,5.947816e-03
1665,5.940651e-03
1666,5.933496e-03
1667,5.926348e-03
1668,5.919210e-03
1669,5.912080e-03
1670,5.904959e-03
1671,5.897846e-03
1672,5.890742e-03
1673,5.883646e-03
1674,5.876559e-03
1675,5.869480e-03
1676,5.862410e-03
1677,5.855349e-03
1678,5.848296e-03
1679,5.841251e-03
1680,5.834215e-03
1681,5.827187e-03
1682,5.820168e-03
1683,5.813158e-03
1684,5.806155e-03
1685,5.799162e-03
1686,5.792176e-03
1687,5.785199e-03
1688,5.778231e-03
1689,5.771271e-03
1690,5.764319e-03
1691,5.757376e-03
1692,5.750441e-03
1693,5.743514e-03
1694,5.736596e-03
1695,5.729686e-03
1696,5.722784e-03
1697,5.715891e-03
1698,5.709006e-03
1699,5.702129e-03
1700,5.695260e-03
1701,5.688400e-03
1702,5.681548e-03
1703,5.674705e-03
1704,5.667869e-03
1705,5.661042e-03
1706,5.654223e-03
1707,5.647412e-03
1708,5.640610e-03
1709,5.633815e-03
1710,5.627029e-03
1711,5.620251e-03
1712,5.613481e-03
1713,5.606720e-03
1714,5.599966e-03
1715,5.593221e-03
1716,5.586483e-03
1717,5.579754e-03
1718,5.573033e-03
1719,5.566320e-03
1720,5.559615e-03
1721,5.552918e-03
1722,5.546230e-03
1723,5.539549e-03
1724,5.532876e-03
1725,5.526212e-03
1726,5.519555e-03
1727,5.512907e-03
1728,5.506266e-03
1729,5.499634e-03
1730,5.493009e-03
1731,5.486392e-03
1732,5.479784e-03
1733,5.473183e-03
1734,5.466591e-03
1735,5.460006e-03
1736,5.453429e-03
1737,5.446860e-03
1738,5.440299e-03
1739,5.433746e-03
1740,5.427201e-03
1741,5.420663e-03
1742,5.414134e-03
1743,5.407613e-03
1744,5.401099e-03
1745,5.394593e-03
1746,5.388095e-03
1747,5.381605e-03
1748,5.375122e-03
1749,5.368648e-03
1750,5.362181e-03
1751,5.355722e-03
1752,5.349271e-03
1753,5.342827e-03
1754,5.336392e-03
1755,5.329964e-03
1756,5.323544e-03
1757,5.317131e-03
1758,5.310726e-03
1759,5.304329e-03
1760,5.297940e-03
1761,5.291559e-03
1762,5.285185e-03
1763,5.278818e-03
1764,5.272460e-03
1765,5.266109e-03
1766,5.259766e-03
1767,5.253430e-03
1768,5.247102e-03
1769,5.240782e-03
1770,5.234469e-03
1771,5.228164e-03
1772,5.221866e-03
1773,5.215576e-03
1774,5.209294e-03
1775,5.203019e-03
1776,5.196752e-03
1777,5.190492e-03
1778,5.184240e-03
1779,5.177995e-03
1780,5.171758e-03
1781,5.165528e-03
1782,5.159306e-03
1783,5.153092e-03
1784,5.146885e-03
1785,5.140685e-03
1786,5.134493e-03
1787,5.128308e-03
1788,5.122131e-03
1789,5.115961e-03
1790,5.109799e-03
1791,5.103644e-03
1792,5.097496e-03
1793,5.091356e-03
1794,5.085223e-03
1795,5.079098e-03
1796,5.072980e-03
1797,5.066869e-03
1798,5.060766e-03
1799,5.054670e-03
1800,5.048581e-03
1801,5.042500e-03
1802,5.036426e-03
1803,5.030360e-03
1804,5.024300e-03
1805,5.018248e-03
1806,5.012204e-03
1807,5.006166e-03
1808,5.000136e-03
1809,4.994113e-03
1810,4.988098e-03
1811,4.982089e-03
1812,4.976088e-03
1813,4.970094e-03
1814,4.964107e-03
1815,4.958128e-03
1816,4.952156e-03
1817,4.946191e-03
1818,4.940233e-03
1819,4.934282e-03
1820,4.928338e-03
1821,4.922402e-03
1822,4.916473e-03
1823,4.910551e-03
1824,4.904636e-03
1825,4.898728e-03
1826,4.892827e-03
1827,4.886933e-03
1828,4.881047e-03
1829,4.875167e-03
1830,4.869295e-03
1831,4.863430e-03
1832,4.857572e-03
1833,4.851720e-03
1834,4.845876e-03
1835,4.840039e-03
1836,4.834209e-03
1837,4.828386e-03
1838,4.822570e-03
1839,4.816761e-03
1840,4.810959e-03
1841,4.805164e-03
1842,4.799376e-03
1843,4.793595e-03
1844,4.787821e-03
1845,4.782054e-03
1846,4.776294e-03
1847,4.770540e-03
1848,4.764794e-03
1849,4.759055e-03
1850,4.753322e-03
1851,4.747597e-03
1852,4.741878e-03
1853,4.736166e-03
1854,4.730461e-03
1855,4.724763e-03
1856,4.719072e-03
1857,4.713388e-03
1858,4.707710e-03
1859,4.702039e-03
1860,4.696376e-03
1861,4.690719e-03
1862,4.685069e-03
1863,4.679425e-03
1864,4.673789e-03
1865,4.668159e-03
1866,4.662536e-03
1867,4.656920e-03
1868,4.651310e-03
1869,4.645707e-03
1870,4.640111e-03
1871,4.634522e-03
1872,4.628940e-03
1873,4.623364e-03
1874,4.617795e-03
1875,4.612233e-03
1876,4.606677e-03
1877,4.601128e-03
1878,4.595586e-03
1879,4.590050e-03
1880,4.584521e-03
1881,4.578999e-03
1882,4.573483e-03
1883,4.567974e-03
1884,4.562472e-03
1885,4.556976e-03
1886,4.551487e-03
1887,4.546005e-03
1888,4.540529e-03
1889,4.535060e-03
1890,4.529597e-03
1891,4.524141e-03
1892,4.518691e-03
1893,4.513248e-03
1894,4.507812e-03
1895,4.502382e-03
1896,4.496959e-03
1897,4.491542e-03
1898,4.486132e-03
1899,4.480728e-03
1900,4.475331e-03
1901,4.469940e-03
1902,4.464556e-03
1903,4.459178e-03
1904,4.453807e-03
1905,4.448442e-03
1906,4.443084e-03
1907,4.437732e-03
1908,4.432386e-03
1909,4.427047e-03
1910,4.421715e-03
1911,4.416389e-03
1912,4.411069e-03
1913,4.405756e-03
1914,4.400449e-03
1915,4.395148e-03
1916,4.389854e-03
1917,4.384566e-03
1918,4.379285e-03
1919,4.374010e-03
1920,4.368741e-03
1921,4.363479e-03
1922,4.358223e-03
1923,4.352973e-03
1924,4.347730e-03
1925,4.342493e-03
1926,4.337262e-03
1927,4.332038e-03
1928,4.326819e-03
1929,4.321608e-03
1930,4.316402e-03
1931,4.311203e-03
1932,4.306010e-03
1933,4.300823e-03
1934,4.295642e-03
1935,4.290468e-03
1936,4.285300e-03
1937,4.280138e-03
1938,4.274983e-03
1939,4.269833e-03
1940,4.264690e-03
1941,4.259553e-03
1942,4.254422e-03
1943,4.249297e-03
1944,4.244179e-03
1945,4.239067e-03
1946,4.233961e-03
1947,4.228861e-03
1948,4.223767e-03
1949,4.218679e-03
1950,4.213597e-03
1951,4.208522e-03
1952,4.203453e-03
1953,4.198389e-03
1954,4.193332e-03
1955,4.188281e-03
1956,4.183236e-03
1957,4.178197e-03
1958,4.173165e-03
1959,4.168138e-03
1960,4.163117e-03
1961,4.158102e-03
1962,4.153094e-03
1963,4.148091e-03
1964,4.143095e-03
1965,4.138104e-03
1966,4.133120e-03
1967,4.128141e-03
1968,4.123169e-03
1969,4.118202e-03
1970,4.113241e-03
1971,4.108287e-03
1972,4.103338e-03
1973,4.098396e-03
1974,4.093459e-03
1975,4.088528e-03
1976,4.083603e-03
1977,4.078684e-03
1978,4.073771e-03
1979,4.068864e-03
1980,4.063963e-03
1981,4.059068e-03
1982,4.054179e-03
1983,4.049295e-03
1984,4.044418e-03
1985,4.039546e-03
1986,4.034680e-03
1987,4.029820e-03
1988,4.024966e-03
1989,4.020118e-03
1990,4.015276e-03
1991,4.010439e-03
1992,4.005608e-03
1993,4.000783e-03
1994,3.995964e-03
1995,3.991151e-03
1996,3.986343e-03
1997,3.981542e-03
1998,3.976746e-03
1999,3.971956e-03
2000,3.967171e-03
2001,3.962393e-03
2002,3.957620e-03
2003,3.952853e-03
2004,3.948091e-03
2005,3.943336e-03
2006,3.938586e-03
2007,3.933841e-03
2008,3.929103e-03
2009,3.924370e-03
2010,3.919643e-03
2011,3.914922e-03
2012,3.910206e-03
2013,3.905496e-03
2014,3.900792e-03
2015,3.896093e-03
2016,3.891400e-03
2017,3.886713e-03
2018,3.882031e-03
2019,3.877355e-03
2020,3.872684e-03
2021,3.868020e-03
2022,3.863360e-03
2023,3.858707e-03
2024,3.854059e-03
2025,3.849416e-03
2026,3.844780e-03
2027,3.840148e-03
2028,3.835523e-03
2029,3.830903e-03
2030,3.826288e-03
2031,3.821679e-03
2032,3.817076e-03
2033,3.812478e-03
2034,3.807886e-03
2035,3.803299e-03
2036,3.798718e-03
2037,3.794142e-03
2038,3.789572e-03
2039,3.785007e-03
2040,3.780448e-03
2041,3.775894e-03
2042,3.771346e-03
2043,3.766803e-03
2044,3.762266e-03
2045,3.757734e-03
2046,3.753208e-03
2047,3.748687e-03
2048,3.744171e-03
2049,3.739661e-03
2050,3.735157e-03
2051,3.730658e-03
2052,3.726164e-03
2053,3.721676e-03
2054,3.717193e-03
2055,3.712715e-03
2056,3.708243e-03
2057,3.703776e-03
2058,3.699315e-03
2059,3.694859e-03
2060,3.690408e-03
2061,3.685963e-03
2062,3.681523e-03
2063,3.677089e-03
2064,3.672659e-03
2065,3.668235e-03
2066,3.663817e-03
2067,3.659404e-03
2068,3.654996e-03
2069,3.650593e-03
2070,3.646196e-03
2071,3.641804e-03
2072,3.637417e-03
2073,3.633036e-03
2074,3.628660e-03
2075,3.624289e-03
2076,3.619923e-03
2077,3.615563e-03
2078,3.611208e-03
2079,3.606858e-03
2080,3.602513e-03
2081,3.598174e-03
2082,3.593840e-03
2083,3.589511e-03
2084,3.585187e-03
2085,3.580868e-03
2086,3.576555e-03
2087,3.572247e-03
2088,3.567944e-03
2089,3.563646e-03
2090,3.559354e-03
2091,3.555066e-03
2092,3.550784e-03
2093,3.546507e-03
2094,3.542235e-03
2095,3.537968e-03
2096,3.533707e-03
2097,3.529450e-03
2098,3.525199e-03
2099,3.520953e-03
2100,3.516711e-03
2101,3.512475e-03
2102,3.508244e-03
2103,3.504019e-03
2104,3.499798e-03
2105,3.495582e-03
2106,3.491372e-03
2107,3.487166e-03
2108,3.482966e-03
2109,3.478770e-03
2110,3.474580e-03
2111,3.470395e-03
2112,3.466214e-03
2113,3.462039e-03
2114,3.457869e-03
2115,3.453704e-03
2116,3.449544e-03
2117,3.445389e-03
2118,3.441239e-03
2119,3.437093e-03
2120,3.432953e-03
2121,3.428818e-03
2122,3.424688e-03
2123,3.420563e-03
2124,3.416443e-03
2125,3.412327e-03
2126,3.408217e-03
2127,3.404112e-03
2128,3.400011e-03
2129,3.395916e-03
2130,3.391825e-03
2131,3.387740e-03
2132,3.383659e-03
2133,3.379583e-03
2134,3.375512e-03
2135,3.371446e-03
2136,3.367385e-03
2137,3.363329e-03
2138,3.359278e-03
2139,3.355232e-03
2140,3.351190e-03
2141,3.347153e-03
2142,3.343122e-03
2143,3.339095e-03
2144,3.335073e-03
2145,3.331055e-03
2146,3.327043e-03
2147,3.323035e-03
2148,3.319033e-03
2149,3.315035e-03
2150,3.311042e-03
2151,3.307053e-03
2152,3.303070e-03
2153,3.299091e-03
2154,3.295117e-03
2155,3.291148e-03
2156,3.287184e-03
2157,3.283224e-03
2158,3.279269e-03
2159,3.275319e-03
2160,3.271374e-03
2161,3.267434e-03
2162,3.263498e-03
2163,3.259567e-03
2164,3.255641e-03
2165,3.251719e-03
2166,3.247802e-03
2167,3.243890e-03
2168,3.239983e-03
2169,3.236080e-03
2170,3.232182e-03
2171,3.228289e-03
2172,3.224400e-03
2173,3.220516e-03
2174,3.216637e-03
2175,3.212762e-03
2176,3.208892e-03
2177,3.205027e-03
2178,3.201166e-03
2179,3.197310e-03
2180,3.193459e-03
2181,3.189613e-03
2182,3.185770e-03
2183,3.181933e-03
2184,3.178100e-03
2185,3.174272e-03
2186,3.170449e-03
2187,3.166630e-03
2188,3.162815e-03
2189,3.159006e-03
2190,3.155200e-03
2191,3.151400e-03
2192,3.147604e-03
2193,3.143812e-03
2194,3.140026e-03
2195,3.136243e-03
2196,3.132466e-03
2197,3.128692e-03
2198,3.124924e-03
2199,3.121160e-03
2200,3.117400e-03
2201,3.113645e-03
2202,3.109894e-03
2203,3.106148e-03
2204,3.102407e-03
2205,3.098670e-03
2206,3.094937e-03
2207,3.091209e-03
2208,3.087486e-03
2209,3.083767e-03
2210,3.080052e-03
2211,3.076342e-03
2212,3.072637e-03
2213,3.068936e-03
2214,3.065239e-03
2215,3.061547e-03
2216,3.057859e-03
2217,3.054176e-03
2218,3.050497e-03
2219,3.046822e-03
2220,3.043152e-03
2221,3.039487e-03
2222,3.035825e-03
2223,3.032169e-03
2224,3.028516e-03
2225,3.024868e-03
2226,3.021225e-03
2227,3.017586e-03
2228,3.013951e-03
2229,3.010320e-03
2230,3.006694e-03
2231,3.003073e-03
2232,2.999455e-03
2233,2.995842e-03
2234,2.992234e-03
2235,2.988629e-03
2236,2.985029e-03
2237,2.981434e-03
2238,2.977843e-03
2239,2.974256e-03
2240,2.970673e-03
2241,2.967095e-03
2242,2.963521e-03
2243,2.959951e-03
2244,2.956386e-03
2245,2.952825e-03
2246,2.949268e-03
2247,2.945715e-03
2248,2.942167e-03
2249,2.938623e-03
2250,2.935083e-03
2251,2.931548e-03
2252,2.928017e-03
2253,2.924490e-03
2254,2.920967e-03
2255,2.917449e-03
2256,2.913934e-03
2257,2.910424e-03
2258,2.906919e-03
2259,2.903417e-03
2260,2.899920e-03
2261,2.896427e-03
2262,2.892938e-03
2263,2.889453e-03
2264,2.885973e-03
2265,2.882497e-03
2266,2.879024e-03
2267,2.875557e-03
2268,2.872093e-03
2269,2.868633e-03
2270,2.865178e-03
2271,2.861727e-03
2272,2.858280e-03
2273,2.854837e-03
2274,2.851398e-03
2275,2.847963e-03
2276,2.844533e-03
2277,2.841106e-03
2278,2.837684e-03
2279,2.834266e-03
2280,2.830852e-03
2281,2.827442e-03
2282,2.824036e-03
2283,2.820635e-03
2284,2.817237e-03
2285,2.813844e-03
2286,2.810454e-03
2287,2.807069e-03
2288,2.803688e-03
2289,2.800310e-03
2290,2.796937e-03
2291,2.793568e-03
2292,2.790203e-03
2293,2.786842e-03
2294,2.783486e-03
2295,2.780133e-03
2296,2.776784e-03
2297,2.773439e-03
2298,2.770098e-03
2299,2.766762e-03
2300,2.763429e-03
2301,2.760100e-03
2302,2.756776e-03
2303,2.753455e-03
2304,2.750138e-03
2305,2.746826e-03
2306,2.743517e-03
2307,2.740212e-03
2308,2.736912e-03
2309,2.733615e-03
2310,2.730322e-03
2311,2.727033e-03
2312,2.723749e-03
2313,2.720468e-03
2314,2.717191e-03
2315,2.713918e-03
2316,2.710649e-03
2317,2.707384e-03
2318,2.704123e-03
2319,2.700865e-03
2320,2.697612e-03
2321,2.694363e-03
2322,2.691117e-03
2323,2.687876e-03
2324,2.684638e-03
2325,2.681404e-03
2326,2.678174e-03
2327,2.674948e-03
2328,2.671726e-03
2329,2.668508e-03
2330,2.665294e-03
2331,2.662083e-03
2332,2.658877e-03
2333,2.655674e-03
2334,2.652475e-03
2335,2.649280e-03
2336,2.646089e-03
2337,2.642901e-03
2338,2.639718e-03
2339,2.636538e-03
2340,2.633362e-03
2341,2.630190e-03
2342,2.627022e-03
2343,2.623858e-03
2344,2.620697e-03
2345,2.617541e-03
2346,2.614388e-03
2347,2.611239e-03
2348,2.608093e-03
2349,2.604952e-03
2350,2.601814e-03
2351,2.598680e-03
2352,2.595550e-03
2353,2.592423e-03
2354,2.589300e-03
2355,2.586182e-03
2356,2.583066e-03
2357,2.579955e-03
2358,2.576847e-03
2359,2.573743e-03
2360,2.570643e-03
2361,2.567547e-03
2362,2.564454e-03
2363,2.561365e-03
2364,2.558280e-03
2365,2.555198e-03
2366,2.552120e-03
2367,2.549046e-03
2368,2.545976e-03
2369,2.542909e-03
2370,2.539846e-03
2371,2.536787e-03
2372,2.533731e-03
2373,2.530679e-03
2374,2.527631e-03
2375,2.524586e-03
2376,2.521545e-03
2377,2.518508e-03
2378,2.515474e-03
2379,2.512444e-03
2380,2.509418e-03
2381,2.506395e-03
2382,2.503376e-03
2383,2.500361e-03
2384,2.497349e-03
2385,2.494341e-03
2386,2.491336e-03
2387,2.488335e-03
2388,2.485338e-03
2389,2.482344e-03
2390,2.479354e-03
2391,2.476368e-03
2392,2.473385e-03
2393,2.470405e-03
2394,2.467430e-03
2395,2.464457e-03
2396,2.461489e-03
2397,2.458524e-03
2398,2.455563e-03
2399,2.452605e-03
2400,2.449650e-03
2401,2.446700e-03
2402,2.443753e-03
2403,2.440809e-03
2404,2.437869e-03
2405,2.434932e-03
2406,2.431999e-03
2407,2.429070e-03
2408,2.426144e-03
2409,2.423222e-03
2410,2.420303e-03
2411,2.417387e-03
2412,2.414476e-03
2413,2.411567e-03
2414,2.408662e-03
2415,2.405761e-03
2416,2.402863e-03
2417,2.399969e-03
2418,2.397078e-03
2419,2.394191e-03
2420,2.391307e-03
2421,2.388426e-03
2422,2.385549e-03
2423,2.382676e-03
2424,2.379806e-03
2425,2.376939e-03
2426,2.374076e-03
2427,2.371216e-03
2428,2.368360e-03
2429,2.365507e-03
2430,2.362658e-03
2431,2.359812e-03
2432,2.356970e-03
2433,2.354130e-03
2434,2.351295e-03
2435,2.348463e-03
2436,2.345634e-03
2437,2.342808e-03
2438,2.339986e-03
2439,2.337168e-03
2440,2.334353e-03
2441,2.331541e-03
2442,2.328732e-03
2443,2.325927e-03
2444,2.323125e-03
2445,2.320327e-03
2446,2.317532e-03
2447,2.314741e-03
2448,2.311952e-03
2449,2.309168e-03
2450,2.306386e-03
2451,2.303608e-03
2452,2.300833e-03
2453,2.298062e-03
2454,2.295294e-03
2455,2.292529e-03
2456,2.289767e-03
2457,2.287009e-03
2458,2.284254e-03
2459,2.281503e-03
2460,2.278755e-03
2461,2.276010e-03
2462,2.273268e-03
2463,2.270530e-03
2464,2.267795e-03
2465,2.265064e-03
2466,2.262335e-03
2467,2.259610e-03
2468,2.256888e-03
2469,2.254170e-03
2470,2.251455e-03
2471,2.248743e-03
2472,2.246034e-03
2473,2.243328e-03
2474,2.240626e-03
2475,2.237927e-03
2476,2.235232e-03
2477,2.232539e-03
2478,2.229850e-03
2479,2.227164e-03
2480,2.224481e-03
2481,2.221802e-03
2482,2.219126e-03
2483,2.216453e-03
2484,2.213783e-03
2485,2.211116e-03
2486,2.208453e-03
2487,2.205793e-03
2488,2.203136e-03
2489,2.200482e-03
2490,2.197831e-03
2491,2.195184e-03
2492,2.192540e-03
2493,2.189899e-03
2494,2.187261e-03
2495,2.184626e-03
2496,2.181995e-03
2497,2.179366e-03
2498,2.176741e-03
2499,2.174119e-03
2500,2.171500e-03
2501,2.168885e-03
2502,2.166272e-03
2503,2.163663e-03
2504,2.161057e-03
2505,2.158454e-03
2506,2.155854e-03
2507,2.153257e-03
2508,2.150663e-03
2509,2.148073e-03
2510,2.145485e-03
2511,2.142901e-03
2512,2.140320e-03
2513,2.137741e-03
2514,2.135166e-03
2515,2.132595e-03
2516,2.130026e-03
2517,2.127460e-03
2518,2.124897e-03
2519,2.122338e-03
2520,2.119781e-03
2521,2.117228e-03
2522,2.114678e-03
2523,2.112131e-03
2524,2.109586e-03
2525,2.107045e-03
2526,2.104507e-03
2527,2.101972e-03
2528,2.099440e-03
2529,2.096911e-03
2530,2.094386e-03
2531,2.091863e-03
2532,2.089343e-03
2533,2.086826e-03
2534,2.084313e-03
2535,2.081802e-03
2536,2.079294e-03
2537,2.076790e-03
2538,2.074288e-03
2539,2.071790e-03
2540,2.069294e-03
2541,2.066802e-03
2542,2.064312e-03
2543,2.061826e-03
2544,2.059342e-03
2545,2.056861e-03
2546,2.054384e-03
2547,2.051909e-03
2548,2.049438e-03
2549,2.046969e-03
2550,2.044503e-03
2551,2.042041e-03
2552,2.039581e-03
2553,2.037124e-03
2554,2.034670e-03
2555,2.032219e-03
2556,2.029772e-03
2557,2.027327e-03
2558,2.024885e-03
2559,2.022446e-03
2560,2.020009e-03
2561,2.017576e-03
2562,2.015146e-03
2563,2.012719e-03
2564,2.010294e-03
2565,2.007873e-03
2566,2.005454e-03
2567,2.003039e-03
2568,2.000626e-03
2569,1.998216e-03
2570,1.995809e-03
2571,1.993405e-03
2572,1.991004e-03
2573,1.988606e-03
2574,1.986210e-03
2575,1.983818e-03
2576,1.981428e-03
2577,1.979041e-03
2578,1.976658e-03
2579,1.974277e-03
2580,1.971898e-03
2581,1.969523e-03
2582,1.967151e-03
2583,1.964781e-03
2584,1.962415e-03
2585,1.960051e-03
2586,1.957690e-03
2587,1.955332e-03
2588,1.952976e-03
2589,1.950624e-03
2590,1.948274e-03
2591,1.945928e-03
2592,1.943584e-03
2593,1.941243e-03
2594,1.938904e-03
2595,1.936569e-03
2596,1.934236e-03
2597,1.931906e-03
2598,1.929579e-03
2599,1.927255e-03
2600,1.924933e-03
2601,1.922615e-03
2602,1.920299e-03
2603,1.917986e-03
2604,1.915675e-03
2605,1.913368e-03
2606,1.911063e-03
2607,1.908761e-03
2608,1.906462e-03
2609,1.904166e-03
2610,1.901872e-03
2611,1.899581e-03
2612,1.897293e-03
2613,1.895008e-03
2614,1.892725e-03
2615,1.890445e-03
2616,1.888168e-03
2617,1.885894e-03
2618,1.883622e-03
2619,1.881353e-03
2620,1.879087e-03
2621,1.876823e-03
2622,1.874563e-03
2623,1.872305e-03
2624,1.870050e-03
2625,1.867797e-03
2626,1.865547e-03
2627,1.863300e-03
2628,1.861056e-03
2629,1.858814e-03
2630,1.856575e-03
2631,1.854338e-03
2632,1.852105e-03
2633,1.849874e-03
2634,1.847646e-03
2635,1.845420e-03
2636,1.843197e-03
2637,1.840977e-03
2638,1.838759e-03
2639,1.836545e-03
2640,1.834332e-03
2641,1.832123e-03
2642,1.829916e-03
2643,1.827712e-03
2644,1.825510e-03
2645,1.823311e-03
2646,1.821115e-03
2647,1.818921e-03
2648,1.816730e-03
2649,1.814542e-03
2650,1.812356e-03
2651,1.810173e-03
2652,1.807993e-03
2653,1.805815e-03
2654,1.803640e-03
2655,1.801467e-03
2656,1.799297e-03
2657,1.797130e-03
2658,1.794965e-03
2659,1.792803e-03
2660,1.790644e-03
2661,1.788487e-03
2662,1.786333e-03
2663,1.784181e-03
2664,1.782032e-03
2665,1.779885e-03
2666,1.777741e-03
2667,1.775600e-03
2668,1.773461e-03
2669,1.771325e-03
2670,1.769191e-03
2671,1.767060e-03
2672,1.764932e-03
2673,1.762806e-03
2674,1.760682e-03
2675,1.758561e-03
2676,1.756443e-03
2677,1.754328e-03
2678,1.752214e-03
2679,1.750104e-03
2680,1.747996e-03
2681,1.745890e-03
2682,1.743787e-03
2683,1.741687e-03
2684,1.739589e-03
2685,1.737493e-03
2686,1.735400e-03
2687,1.733310e-03
2688,1.731222e-03
2689,1.729137e-03
2690,1.727054e-03
2691,1.724974e-03
2692,1.722896e-03
2693,1.720821e-03
2694,1.718748e-03
2695,1.716678e-03
2696,1.714610e-03
2697,1.712544e-03
2698,1.710482e-03
2699,1.708421e-03
2700,1.706363e-03
2701,1.704308e-03
2702,1.702255e-03
2703,1.700205e-03
2704,1.698157e-03
2705,1.696111e-03
2706,1.694068e-03
2707,1.692027e-03
2708,1.689989e-03
2709,1.687954e-03
2710,1.685920e-03
2711,1.683890e-03
2712,1.681861e-03
2713,1.679836e-03
2714,1.677812e-03
2715,1.675791e-03
2716,1.673773e-03
2717,1.671756e-03
2718,1.669743e-03
2719,1.667731e-03
2720,1.665723e-03
2721,1.663716e-03
2722,1.661712e-03
2723,1.659711e-03
2724,1.657711e-03
2725,1.655715e-03
2726,1.653720e-03
2727,1.651728e-03
2728,1.649739e-03
2729,1.647751e-03
2730,1.645767e-03
2731,1.643784e-03
2732,1.641804e-03
2733,1.639827e-03
2734,1.637851e-03
2735,1.635878e-03
2736,1.633908e-03
2737,1.631940e-03
2738,1.629974e-03
2739,1.628011e-03
2740,1.626050e-03
2741,1.624091e-03
2742,1.622135e-03
2743,1.620181e-03
2744,1.618229e-03
2745,1.616280e-03
2746,1.614333e-03
2747,1.612389e-03
2748,1.610446e-03
2749,1.608507e-03
2750,1.606569e-03
2751,1.604634e-03
2752,1.602701e-03
2753,1.600771e-03
2754,1.598842e-03
2755,1.596916e-03
2756,1.594993e-03
2757,1.593072e-03
2758,1.591153e-03
2759,1.589236e-03
2760,1.587322e-03
2761,1.585410e-03
2762,1.583500e-03
2763,1.581593e-03
2764,1.579688e-03
2765,1.577785e-03
2766,1.575884e-03
2767,1.573986e-03
2768,1.572090e-03
2769,1.570197e-03
2770,1.568305e-03
2771,1.566416e-03
2772,1.564529e-03
2773,1.562645e-03
2774,1.560762e-03
2775,1.558882e-03
2776,1.557005e-03
2777,1.555129e-03
2778,1.553256e-03
2779,1.551385e-03
2780,1.549516e-03
2781,1.547650e-03
2782,1.545786e-03
2783,1.543924e-03
2784,1.542064e-03
2785,1.540206e-03
2786,1.538351e-03
2787,1.536498e-03
2788,1.534647e-03
2789,1.532799e-03
2790,1.530953e-03
2791,1.529108e-03
2792,1.527267e-03
2793,1.525427e-03
2794,1.523589e-03
2795,1.521754e-03
2796,1.519921e-03
2797,1.518090e-03
2798,1.516262e-03
2799,1.514435e-03
2800,1.512611e-03
2801,1.510789e-03
2802,1.508969e-03
2803,1.507152e-03
2804,1.505336e-03
2805,1.503523e-03
2806,1.501712e-03
2807,1.499903e-03
2808,1.498096e-03
2809,1.496292e-03
2810,1.494490e-03
2811,1.492689e-03
2812,1.490891e-03
2813,1.489096e-03
2814,1.487302e-03
2815,1.485510e-03
2816,1.483721e-03
2817,1.481934e-03
2818,1.480149e-03
2819,1.478366e-03
2820,1.476585e-03
2821,1.474806e-03
2822,1.473030e-03
2823,1.471256e-03
2824,1.469483e-03
2825,1.467713e-03
2826,1.465945e-03
2827,1.464180e-03
2828,1.462416e-03
2829,1.460654e-03
2830,1.458895e-03
2831,1.457138e-03
2832,1.455383e-03
2833,1.453629e-03
2834,1.451879e-03
2835,1.450130e-03
2836,1.448383e-03
2837,1.446638e-03
2838,1.444896e-03
2839,1.443155e-03
2840,1.441417e-03
2841,1.439681e-03
2842,1.437947e-03
2843,1.436214e-03
2844,1.434484e-03
2845,1.432757e-03
2846,1.431031e-03
2847,1.429307e-03
2848,1.427585e-03
2849,1.425866e-03
2850,1.424148e-03
2851,1.422433e-03
2852,1.420719e-03
2853,1.419008e-03
2854,1.417299e-03
2855,1.415592e-03
2856,1.413887e-03
2857,1.412183e-03
2858,1.410482e-03
2859,1.408783e-03
2860,1.407086e-03
2861,1.405392e-03
2862,1.403699e-03
2863,1.402008e-03
2864,1.400319e-03
2865,1.398632e-03
2866,1.396948e-03
2867,1.395265e-03
2868,1.393584e-03
2869,1.391906e-03
2870,1.390229e-03
2871,1.388554e-03
2872,1.386882e-03
2873,1.385211e-03
2874,1.383543e-03
2875,1.381876e-03
2876,1.380212e-03
2877,1.378549e-03
2878,1.376889e-03
2879,1.375230e-03
2880,1.373574e-03
2881,1.371919e-03
2882,1.370267e-03
2883,1.368616e-03
2884,1.366967e-03
2885,1.365321e-03
2886,1.363676e-03
2887,1.362034e-03
2888,1.360393e-03
2889,1.358754e-03
2890,1.357118e-03
2891,1.355483e-03
2892,1.353850e-03
2893,1.352220e-03
2894,1.350591e-03
2895,1.348964e-03
2896,1.347339e-03
2897,1.345716e-03
2898,1.344095e-03
2899,1.342476e-03
2900,1.340859e-03
2901,1.339244e-03
2902,1.337631e-03
2903,1.336019e-03
2904,1.334410e-03
2905,1.332803e-03
2906,1.331197e-03
2907,1.329594e-03
2908,1.327992e-03
2909,1.326393e-03
2910,1.324795e-03
2911,1.323199e-03
2912,1.321605e-03
2913,1.320013e-03
2914,1.318423e-03
2915,1.316835e-03
2916,1.315249e-03
2917,1.313665e-03
2918,1.312083e-03
2919,1.310502e-03
2920,1.308923e-03
2921,1.307347e-03
2922,1.305772e-03
2923,1.304199e-03
2924,1.302628e-03
2925,1.301059e-03
2926,1.299492e-03
2927,1.297927e-03
2928,1.296363e-03
2929,1.294802e-03
2930,1.293242e-03
2931,1.291684e-03
2932,1.290128e-03
2933,1.288574e-03
2934,1.287022e-03
2935,1.285472e-03
2936,1.283924e-03
2937,1.282377e-03
2938,1.280832e-03
2939,1.279290e-03
2940,1.277749e-03
2941,1.276210e-03
2942,1.274672e-03
2943,1.273137e-03
2944,1.271603e-03
2945,1.270072e-03
2946,1.268542e-03
2947,1.267014e-03
2948,1.265488e-03
2949,1.263963e-03
2950,1.262441e-03
2951,1.260920e-03
2952,1.259401e-03
2953,1.257884e-03
2954,1.256369e-03
2955,1.254856e-03
2956,1.253344e-03
2957,1.251834e-03
2958,1.250327e-03
2959,1.248821e-03
2960,1.247316e-03
2961,1.245814e-03
2962,1.244313e-03
2963,1.242814e-03
2964,1.241317e-03
2965,1.239822e-03
2966,1.238329e-03
2967,1.236837e-03
2968,1.235347e-03
2969,1.233859e-03
2970,1.232373e-03
2971,1.230889e-03
2972,1.229406e-03
2973,1.227925e-03
2974,1.226446e-03
2975,1.224969e-03
2976,1.223493e-03
2977,1.222019e-03
2978,1.220547e-03
2979,1.219077e-03
2980,1.217609e-03
2981,1.216142e-03
2982,1.214677e-03
2983,1.213214e-03
2984,1.211753e-03
2985,1.210293e-03
2986,1.208835e-03
2987,1.207379e-03
2988,1.205925e-03
2989,1.204472e-03
2990,1.203021e-03
2991,1.201572e-03
2992,1.200125e-03
2993,1.198679e-03
2994,1.197235e-03
2995,1.195793e-03
2996,1.194353e-03
2997,1.192914e-03
2998,1.191477e-03
2999,1.190042e-03
3000,1.188609e-03
3001,1.187177e-03
3002,1.185747e-03
3003,1.184319e-03
3004,1.182892e-03
3005,1.181467e-03
3006,1.180044e-03
3007,1.178623e-03
3008,1.177203e-03
3009,1.175785e-03
3010,1.174369e-03
3011,1.172954e-03
3012,1.171541e-03
3013,1.170130e-03
3014,1.168721e-03
3015,1.167313e-03
3016,1.165907e-03
3017,1.164502e-03
3018,1.163100e-03
3019,1.161699e-03
3020,1.160299e-03
3021,1.158902e-03
3022,1.157506e-03
3023,1.156112e-03
3024,1.154719e-03
3025,1.153328e-03
3026,1.151939e-03
3027,1.150551e-03
3028,1.149165e-03
3029,1.147781e-03
3030,1.146399e-03
3031,1.145018e-03
3032,1.143638e-03
3033,1.142261e-03
3034,1.140885e-03
3035,1.139511e-03
3036,1.138138e-03
3037,1.136767e-03
3038,1.135398e-03
3039,1.134030e-03
3040,1.132664e-03
3041,1.131300e-03
3042,1.129937e-03
3043,1.128576e-03
3044,1.127217e-03
3045,1.125859e-03
3046,1.124503e-03
3047,1.123148e-03
3048,1.121795e-03
3049,1.120444e-03
3050,1.119095e-03
3051,1.117747e-03
3052,1.116400e-03
3053,1.115055e-03
3054,1.113712e-03
3055,1.112371e-03
3056,1.111031e-03
3057,1.109693e-03
3058,1.108356e-03
3059,1.107021e-03
3060,1.105687e-03
3061,1.104356e-03
3062,1.103025e-03
3063,1.101697e-03
3064,1.100370e-03
3065,1.099044e-03
3066,1.097720e-03
3067,1.096398e-03
3068,1.095077e-03
3069,1.093758e-03
3070,1.092441e-03
3071,1.091125e-03
3072,1.089811e-03
3073,1.088498e-03
3074,1.087187e-03
3075,1.085877e-03
3076,1.084569e-03
3077,1.083263e-03
3078,1.081958e-03
3079,1.080655e-03
3080,1.079353e-03
3081,1.078053e-03
3082,1.076754e-03
3083,1.075457e-03
3084,1.074162e-03
3085,1.072868e-03
3086,1.071576e-03
3087,1.070285e-03
3088,1.068996e-03
3089,1.067708e-03
3090,1.066422e-03
3091,1.065137e-03
3092,1.063854e-03
3093,1.062573e-03
3094,1.061293e-03
3095,1.060015e-03
3096,1.058738e-03
3097,1.057463e-03
3098,1.056189e-03
3099,1.054917e-03
3100,1.053646e-03
3101,1.052377e-03
3102,1.051109e-03
3103,1.049843e-03
3104,1.048578e-03
3105,1.047315e-03
3106,1.046054e-03
3107,1.044794e-03
3108,1.043535e-03
3109,1.042278e-03
3110,1.041023e-03
3111,1.039769e-03
3112,1.038516e-03
3113,1.037266e-03
3114,1.036016e-03
3115,1.034768e-03
3116,1.033522e-03
3117,1.032277e-03
3118,1.031033e-03
3119,1.029791e-03
3120,1.028551e-03
3121,1.027312e-03
3122,1.026075e-03
3123,1.024839e-03
3124,1.023604e-03
3125,1.022371e-03
3126,1.021140e-03
3127,1.019910e-03
3128,1.018681e-03
3129,1.017454e-03
3130,1.016229e-03
3131,1.015005e-03
3132,1.013782e-03
3133,1.012561e-03
3134,1.011341e-03
3135,1.010123e-03
3136,1.008906e-03
3137,1.007691e-03
3138,1.006477e-03
3139,1.005265e-03
3140,1.004054e-03
3141,1.002844e-03
3142,1.001636e-03
3143,1.000430e-03
3144,9.992249e-04
3145,9.980213e-04
3146,9.968191e-04
3147,9.956184e-04
3148,9.944191e-04
3149,9.932213e-04
3150,9.920249e-04
3151,9.908300e-04
3152,9.896365e-04
3153,9.884444e-04
3154,9.872538e-04
3155,9.860646e-04
3156,9.848769e-04
3157,9.836905e-04
3158,9.825056e-04
3159,9.813222e-04
3160,9.801401e-04
3161,9.789595e-04
3162,9.777803e-04
3163,9.766025e-04
3164,9.754262e-04
3165,9.742512e-04
3166,9.730777e-04
3167,9.719056e-04
3168,9.707349e-04
3169,9.695656e-04
3170,9.683977e-04
3171,9.672312e-04
3172,9.660662e-04
3173,9.649025e-04
3174,9.637402e-04
3175,9.625793e-04
3176,9.614199e-04
3177,9.602618e-04
3178,9.591051e-04
3179,9.579498e-04
3180,9.567960e-04
3181,9.556434e-04
3182,9.544923e-04
3183,9.533426e-04
3184,9.521943e-04
3185,9.510473e-04
3186,9.499017e-04
3187,9.487575e-04
3188,9.476147e-04
3189,9.464733e-04
3190,9.453332e-04
3191,9.441945e-04
3192,9.430572e-04
3193,9.419212e-04
3194,9.407866e-04
3195,9.396534e-04
3196,9.385216e-04
3197,9.373911e-04
3198,9.362619e-04
3199,9.351342e-04
3200,9.340078e-04
3201,9.328827e-04
3202,9.317590e-04
3203,9.306367e-04
3204,9.295157e-04
3205,9.283960e-04
3206,9.272777e-04
3207,9.261608e-04
3208,9.250452e-04
3209,9.239309e-04
3210,9.228180e-04
3211,9.217064e-04
3212,9.205962e-04
3213,9.194873e-04
3214,9.183798e-04
3215,9.172735e-04
3216,9.161686e-04
3217,9.150651e-04
3218,9.139628e-04
3219,9.128619e-04
3220,9.117623e-04
3221,9.106641e-04
3222,9.095671e-04
3223,9.084715e-04
3224,9.073772e-04
3225,9.062843e-04
3226,9.051926e-04
3227,9.041023e-04
3228,9.030132e-04
3229,9.019255e-04
3230,9.008391e-04
3231,8.997540e-04
3232,8.986702e-04
3233,8.975877e-04
3234,8.965065e-04
3235,8.954267e-04
3236,8.943481e-04
3237,8.932708e-04
3238,8.921948e-04
3239,8.911201e-04
3240,8.900467e-04
3241,8.889746e-04
3242,8.879038e-04
3243,8.868343e-04
3244,8.857661e-04
3245,8.846991e-04
3246,8.836335e-04
3247,8.825691e-04
3248,8.815060e-04
3249,8.804442e-04
3250,8.793836e-04
3251,8.783244e-04
3252,8.772664e-04
3253,8.762097e-04
3254,8.751543e-04
3255,8.741001e-04
3256,8.730472e-04
3257,8.719956e-04
3258,8.709452e-04
3259,8.698961e-04
3260,8.688483e-04
3261,8.678018e-04
3262,8.667564e-04
3263,8.657124e-04
3264,8.646696e-04
3265,8.636281e-04
3266,8.625878e-04
3267,8.615488e-04
3268,8.605110e-04
3269,8.594745e-04
3270,8.584392e-04
3271,8.574052e-04
3272,8.563724e-04
3273,8.553409e-04
3274,8.543106e-04
3275,8.532815e-04
3276,8.522537e-04
3277,8.512271e-04
3278,8.502018e-04
3279,8.491777e-04
3280,8.481548e-04
3281,8.471332e-04
3282,8.461128e-04
3283,8.450936e-04
3284,8.440756e-04
3285,8.430589e-04
3286,8.420434e-04
3287,8.410291e-04
3288,8.400161e-04
3289,8.390042e-04
3290,8.379936e-04
3291,8.369842e-04
3292,8.359760e-04
3293,8.349691e-04
3294,8.339633e-04
3295,8.329587e-04
3296,8.319554e-04
3297,8.309533e-04
3298,8.299524e-04
3299,8.289527e-04
3300,8.279541e-04
3301,8.269568e-04
3302,8.259607e-04
3303,8.249658e-04
3304,8.239721e-04
3305,8.229796e-04
3306,8.219883e-04
3307,8.209982e-04
3308,8.200092e-04
3309,8.190215e-04
3310,8.180350e-04
3311,8.170496e-04
3312,8.160654e-04
3313,8.150824e-04
3314,8.141006e-04
3315,8.131200e-04
3316,8.121406e-04
3317,8.111623e-04
3318,8.101852e-04
3319,8.092093e-04
3320,8.082346e-04
3321,8.072611e-04
3322,8.062887e-04
3323,8.053175e-04
3324,8.043474e-04
3325,8.033786e-04
3326,8.024108e-04
3327,8.014443e-04
3328,8.004789e-04
3329,7.995147e-04
3330,7.985517e-04
3331,7.975898e-04
3332,7.966290e-04
3333,7.956695e-04
3334,7.947111e-04
3335,7.937538e-04
3336,7.927977e-04
3337,7.918427e-04
3338,7.908889e-04
3339,7.899363e-04
3340,7.889847e-04
3341,7.880344e-04
3342,7.870851e-04
3343,7.861371e-04
3344,7.851901e-04
3345,7.842443e-04
3346,7.832997e-04
3347,7.823562e-04
3348,7.814138e-04
3349,7.804725e-04
3350,7.795324e-04
3351,7.785934e-04
3352,7.776556e-04
3353,7.767189e-04
3354,7.757833e-04
3355,7.748488e-04
3356,7.739155e-04
3357,7.729833e-04
3358,7.720522e-04
3359,7.711222e-04
3360,7.701933e-04
3361,7.692656e-04
3362,7.683390e-04
3363,7.674135e-04
3364,7.664891e-04
3365,7.655658e-04
3366,7.646437e-04
3367,7.637226e-04
3368,7.628027e-04
3369,7.618839e-04
3370,7.609662e-04
3371,7.600495e-04
3372,7.591340e-04
3373,7.582196e-04
3374,7.573063e-04
3375,7.563941e-04
3376,7.554830e-04
3377,7.545730e-04
3378,7.536641e-04
3379,7.527562e-04
3380,7.518495e-04
3381,7.509439e-04
3382,7.500393e-04
3383,7.491359e-04
3384,7.482335e-04
3385,7.473322e-04
3386,7.464320e-04
3387,7.455329e-04
3388,7.446349e-04
3389,7.437379e-04
3390,7.428421e-04
3391,7.419473e-04
3392,7.410536e-04
3393,7.401610e-04
3394,7.392694e-04
3395,7.383789e-04
3396,7.374895e-04
3397,7.366012e-04
3398,7.357139e-04
3399,7.348277e-04
3400,7.339426e-04
3401,7.330585e-04
3402,7.321755e-04
3403,7.312936e-04
3404,7.304127e-04
3405,7.295329e-04
3406,7.286541e-04
3407,7.277764e-04
3408,7.268998e-04
3409,7.260242e-04
3410,7.251497e-04
3411,7.242762e-04
3412,7.234038e-04
3413,7.225324e-04
3414,7.216621e-04
3415,7.207928e-04
3416,7.199246e-04
3417,7.190574e-04
3418,7.181913e-04
3419,7.173262e-04
3420,7.164621e-04
3421,7.155991e-04
3422,7.147371e-04
3423,7.138762e-04
3424,7.130163e-04
3425,7.121575e-04
3426,7.112996e-04
3427,7.104428e-04
3428,7.095871e-04
3429,7.087324e-04
3430,7.078787e-04
3431,7.070260e-04
3432,7.061743e-04
3433,7.053237e-04
3434,7.044741e-04
3435,7.036256e-04
3436,7.027780e-04
3437,7.019315e-04
3438,7.010860e-04
3439,7.002415e-04
3440,6.993980e-04
3441,6.985556e-04
3442,6.977141e-04
3443,6.968737e-04
3444,6.960343e-04
3445,6.951959e-04
3446,6.943585e-04
3447,6.935221e-04
3448,6.926867e-04
3449,6.918523e-04
3450,6.910190e-04
3451,6.901866e-04
3452,6.893553e-04
3453,6.885249e-04
3454,6.876955e-04
3455,6.868672e-04
3456,6.860398e-04
3457,6.852135e-04
3458,6.843881e-04
3459,6.835637e-04
3460,6.827403e-04
3461,6.819179e-04
3462,6.810965e-04
3463,6.802761e-04
3464,6.794567e-04
3465,6.786383e-04
3466,6.778208e-04
3467,6.770044e-04
3468,6.761889e-04
3469,6.753744e-04
3470,6.745609e-04
3471,6.737483e-04
3472,6.729368e-04
3473,6.721262e-04
3474,6.713166e-04
3475,6.705079e-04
3476,6.697003e-04
3477,6.688936e-04
3478,6.680879e-04
3479,6.672832e-04
3480,6.664794e-04
3481,6.656766e-04
3482,6.648747e-04
3483,6.640739e-04
3484,6.632740e-04
3485,6.624750e-04
3486,6.616770e-04
3487,6.608800e-04
3488,6.600840e-04
3489,6.592889e-04
3490,6.584947e-04
3491,6.577015e-04
3492,6.569093e-04
3493,6.561180e-04
3494,6.553277e-04
3495,6.545383e-04
3496,6.537499e-04
3497,6.529624e-04
3498,6.521759e-04
3499,6.513903e-04
3500,6.506057e-04
3501,6.498220e-04
3502,6.490393e-04
3503,6.482575e-04
3504,6.474766e-04
3505,6.466967e-04
3506,6.459178e-04
3507,6.451397e-04
3508,6.443626e-04
3509,6.435865e-04
3510,6.428112e-04
3511,6.420369e-04
3512,6.412636e-04
3513,6.404911e-04
3514,6.397196e-04
3515,6.389491e-04
3516,6.381794e-04
3517,6.374107e-04
3518,6.366429e-04
3519,6.358761e-04
3520,6.351101e-04
3521,6.343451e-04
3522,6.335810e-04
3523,6.328178e-04
3524,6.320556e-04
3525,6.312942e-04
3526,6.305338e-04
3527,6.297743e-04
3528,6.290157e-04
3529,6.282580e-04
3530,6.275013e-04
3531,6.267454e-04
3532,6.259905e-04
3533,6.252364e-04
3534,6.244833e-04
3535,6.237311e-04
3536,6.229798e-04
3537,6.222294e-04
3538,6.214799e-04
3539,6.207313e-04
3540,6.199836e-04
3541,6.192368e-04
3542,6.184909e-04
3543,6.177459e-04
3544,6.170018e-04
3545,6.162586e-04
3546,6.155163e-04
3547,6.147749e-04
3548,6.140343e-04
3549,6.132947e-04
3550,6.125560e-04
3551,6.118181e-04
3552,6.110812e-04
3553,6.103451e-04
3554,6.096099e-04
3555,6.088756e-04
3556,6.081422e-04
3557,6.074096e-04
3558,6.066780e-04
3559,6.059472e-04
3560,6.052173e-04
3561,6.044883e-04
3562,6.037602e-04
3563,6.030329e-04
3564,6.023065e-04
3565,6.015810e-04
3566,6.008564e-04
3567,6.001327e-04
3568,5.994098e-04
3569,5.986878e-04
3570,5.979666e-04
3571,5.972463e-04
3572,5.965269e-04
3573,5.958084e-04
3574,5.950907e-04
3575,5.943739e-04
3576,5.936579e-04
3577,5.929429e-04
3578,5.922286e-04
3579,5.915153e-04
3580,5.908028e-04
3581,5.900911e-04
3582,5.893803e-04
3583,5.886704e-04
3584,5.879613e-04
3585,5.872531e-04
3586,5.865457e-04
3587,5.858392e-04
3588,5.851335e-04
3589,5.844287e-04
3590,5.837247e-04
3591,5.830216e-04
3592,5.823193e-04
3593,5.816179e-04
3594,5.809173e-04
3595,5.802176e-04
3596,5.795187e-04
3597,5.788206e-04
3598,5.781234e-04
3599,5.774270e-04
3600,5.767315e-04
3601,5.760368e-04
3602,5.753429e-04
3603,5.746499e-04
3604,5.739577e-04
3605,5.732664e-04
3606,5.725758e-04
3607,5.718861e-04
3608,5.711973e-04
3609,5.705093e-04
3610,5.698221e-04
3611,5.691357e-04
3612,5.684501e-04
3613,5.677654e-04
3614,5.670815e-04
3615,5.663984e-04
3616,5.657162e-04
3617,5.650347e-04
3618,5.643541e-04
3619,5.636744e-04
3620,5.629954e-04
3621,5.623172e-04
3622,5.616399e-04
3623,5.609634e-04
3624,5.602877e-04
3625,5.596128e-04
3626,5.589387e-04
3627,5.582654e-04
3628,5.575930e-04
3629,5.569213e-04
3630,5.562505e-04
3631,5.555805e-04
3632,5.549112e-04
3633,5.542428e-04
3634,5.535752e-04
3635,5.529084e-04
3636,5.522424e-04
3637,5.515772e-04
3638,5.509128e-04
3639,5.502492e-04
3640,5.495864e-04
3641,5.489244e-04
3642,5.482632e-04
3643,5.476028e-04
3644,5.469432e-04
3645,5.462844e-04
3646,5.456264e-04
3647,5.449691e-04
3648,5.443127e-04
3649,5.436570e-04
3650,5.430022e-04
3651,5.423481e-04
3652,5.416948e-04
3653,5.410423e-04
3654,5.403906e-04
3655,5.397397e-04
3656,5.390896e-04
3657,5.384402e-04
3658,5.377916e-04
3659,5.371438e-04
3660,5.364968e-04
3661,5.358506e-04
3662,5.352051e-04
3663,5.345604e-04
3664,5.339165e-04
3665,5.332734e-04
3666,5.326311e-04
3667,5.319895e-04
3668,5.313487e-04
3669,5.307087e-04
3670,5.300694e-04
3671,5.294309e-04
3672,5.287932e-04
3673,5.281562e-04
3674,5.275200e-04
3675,5.268846e-04
3676,5.262500e-04
3677,5.256161e-04
3678,5.249829e-04
3679,5.243506e-04
3680,5.237190e-04
3681,5.230881e-04
3682,5.224580e-04
3683,5.218287e-04
3684,5.212002e-04
3685,5.205724e-04
3686,5.199453e-04
3687,5.193190e-04
3688,5.186935e-04
3689,5.180687e-04
3690,5.174446e-04
3691,5.168213e-04
3692,5.161988e-04
3693,5.155770e-04
3694,5.149560e-04
3695,5.143357e-04
3696,5.137162e-04
3697,5.130974e-04
3698,5.124793e-04
3699,5.118620e-04
3700,5.112455e-04
3701,5.106296e-04
3702,5.100146e-04
3703,5.094002e-04
3704,5.087866e-04
3705,5.081738e-04
3706,5.075617e-04
3707,5.069503e-04
3708,5.063396e-04
3709,5.057297e-04
3710,5.051206e-04
3711,5.045121e-04
3712,5.039044e-04
3713,5.032974e-04
3714,5.026912e-04
3715,5.020857e-04
3716,5.014809e-04
3717,5.008768e-04
3718,5.002735e-04
3719,4.996709e-04
3720,4.990690e-04
3721,4.984679e-04
3722,4.978675e-04
3723,4.972678e-04
3724,4.966688e-04
3725,4.960705e-04
3726,4.954730e-04
3727,4.948762e-04
3728,4.942801e-04
3729,4.936847e-04
3730,4.930900e-04
3731,4.924961e-04
3732,4.919028e-04
3733,4.913103e-04
3734,4.907185e-04
3735,4.901274e-04
3736,4.895370e-04
3737,4.889474e-04
3738,4.883584e-04
3739,4.877702e-04
3740,4.871826e-04
3741,4.865958e-04
3742,4.860097e-04
3743,4.854242e-04
3744,4.848395e-04
3745,4.842555e-04
3746,4.836722e-04
3747,4.830896e-04
3748,4.825077e-04
3749,4.819265e-04
3750,4.813460e-04
3751,4.807662e-04
3752,4.801871e-04
3753,4.796087e-04
3754,4.790310e-04
3755,4.784540e-04
3756,4.778776e-04
3757,4.773020e-04
3758,4.767271e-04
3759,4.761528e-04
3760,4.755793e-04
3761,4.750064e-04
3762,4.744343e-04
3763,4.738628e-04
3764,4.732920e-04
3765,4.727219e-04
3766,4.721525e-04
3767,4.715838e-04
3768,4.710157e-04
3769,4.704484e-04
3770,4.698817e-04
3771,4.693157e-04
3772,4.687504e-04
3773,4.681858e-04
3774,4.676218e-04
3775,4.670585e-04
3776,4.664959e-04
3777,4.659340e-04
3778,4.653728e-04
3779,4.648122e-04
3780,4.642523e-04
3781,4.636931e-04
3782,4.631346e-04
3783,4.625767e-04
3784,4.620195e-04
3785,4.614630e-04
3786,4.609072e-04
3787,4.603520e-04
3788,4.597975e-04
3789,4.592436e-04
3790,4.586904e-04
3791,4.581379e-04
3792,4.575861e-04
3793,4.570349e-04
3794,4.564844e-04
3795,4.559345e-04
3796,4.553853e-04
3797,4.548368e-04
3798,4.542889e-04
3799,4.537417e-04
3800,4.531952e-04
3801,4.526493e-04
3802,4.521040e-04
3803,4.515595e-04
3804,4.510155e-04
3805,4.504723e-04
3806,4.499296e-04
3807,4.493877e-04
3808,4.488464e-04
3809,4.483057e-04
3810,4.477657e-04
3811,4.472264e-04
3812,4.466877e-04
3813,4.461496e-04
3814,4.456122e-04
3815,4.450754e-04
3816,4.445393e-04
3817,4.440039e-04
3818,4.434690e-04
3819,4.429349e-04
3820,4.424013e-04
3821,4.418684e-04
3822,4.413362e-04
3823,4.408046e-04
3824,4.402736e-04
3825,4.397433e-04
3826,4.392136e-04
3827,4.386845e-04
3828,4.381561e-04
3829,4.376283e-04
3830,4.371012e-04
3831,4.365747e-04
3832,4.360488e-04
3833,4.355236e-04
3834,4.349990e-04
3835,4.344750e-04
3836,4.339517e-04
3837,4.334289e-04
3838,4.329069e-04
3839,4.323854e-04
3840,4.318646e-04
3841,4.313444e-04
3842,4.308248e-04
3843,4.303059e-04
3844,4.297875e-04
3845,4.292698e-04
3846,4.287528e-04
3847,4.282363e-04
3848,4.277205e-04
3849,4.272053e-04
3850,4.266907e-04
3851,4.261767e-04
3852,4.256634e-04
3853,4.251506e-04
3854,4.246385e-04
3855,4.241270e-04
3856,4.236162e-04
3857,4.231059e-04
3858,4.225962e-04
3859,4.220872e-04
3860,4.215788e-04
3861,4.210710e-04
3862,4.205638e-04
3863,4.200572e-04
3864,4.195512e-04
3865,4.190458e-04
3866,4.185411e-04
3867,4.180369e-04
3868,4.175334e-04
3869,4.170304e-04
3870,4.165281e-04
3871,4.160264e-04
3872,4.155253e-04
3873,4.150247e-04
3874,4.145248e-04
3875,4.140255e-04
3876,4.135268e-04
3877,4.130287e-04
3878,4.125312e-04
3879,4.120343e-04
3880,4.115380e-04
3881,4.110422e-04
3882,4.105471e-04
3883,4.100526e-04
3884,4.095587e-04
3885,4.090653e-04
3886,4.085726e-04
3887,4.080805e-04
3888,4.075889e-04
3889,4.070980e-04
3890,4.066076e-04
3891,4.061178e-04
3892,4.056286e-04
3893,4.051400e-04
3894,4.046520e-04
3895,4.041646e-04
3896,4.036778e-04
3897,4.031915e-04
3898,4.027059e-04
3899,4.022208e-04
3900,4.017363e-04
3901,4.012524e-04
3902,4.007691e-04
3903,4.002863e-04
3904,3.998041e-04
3905,3.993226e-04
3906,3.988416e-04
3907,3.983611e-04
3908,3.978813e-04
3909,3.974020e-04
3910,3.969233e-04
3911,3.964452e-04
3912,3.959677e-04
3913,3.954907e-04
3914,3.950143e-04
3915,3.945385e-04
3916,3.940633e-04
3917,3.935886e-04
3918,3.931145e-04
3919,3.926410e-04
3920,3.921681e-04
3921,3.916957e-04
3922,3.912239e-04
3923,3.907526e-04
3924,3.902819e-04
3925,3.898118e-04
3926,3.893423e-04
3927,3.888733e-04
3928,3.884049e-04
3929,3.879370e-04
3930,3.874697e-04
3931,3.870030e-04
3932,3.865369e-04
3933,3.860713e-04
3934,3.856062e-04
3935,3.851417e-04
3936,3.846778e-04
3937,3.842145e-04
3938,3.837517e-04
3939,3.832894e-04
3940,3.828277e-04
3941,3.823666e-04
3942,3.819060e-04
3943,3.814460e-04
3944,3.809865e-04
3945,3.805276e-04
3946,3.800692e-04
3947,3.796114e-04
3948,3.791542e-04
3949,3.786975e-04
3950,3.782413e-04
3951,3.777857e-04
3952,3.773306e-04
3953,3.768761e-04
3954,3.764222e-04
3955,3.759687e-04
3956,3.755159e-04
3957,3.750636e-04
3958,3.746118e-04
3959,3.741605e-04
3960,3.737098e-04
3961,3.732597e-04
3962,3.728101e-04
3963,3.723610e-04
3964,3.719125e-04
3965,3.714645e-04
3966,3.710171e-04
3967,3.705702e-04
3968,3.701238e-04
3969,3.696780e-04
3970,3.692327e-04
3971,3.687879e-04
3972,3.683437e-04
3973,3.679000e-04
3974,3.674569e-04
3975,3.670142e-04
3976,3.665721e-04
3977,3.661306e-04
3978,3.656896e-04
3979,3.652491e-04
3980,3.648091e-04
3981,3.643697e-04
3982,3.639308e-04
3983,3.634924e-04
3984,3.630546e-04
3985,3.626173e-04
3986,3.621805e-04
3987,3.617442e-04
3988,3.613085e-04
3989,3.608733e-04
3990,3.604386e-04
3991,3.600044e-04
3992,3.595708e-04
3993,3.591377e-04
3994,3.587051e-04
3995,3.582730e-04
3996,3.578414e-04
3997,3.574104e-04
3998,3.569799e-04
3999,3.565499e-04
4000,3.561204e-04
4001,3.556914e-04
4002,3.552630e-04
4003,3.548351e-04
4004,3.544076e-04
4005,3.539807e-04
4006,3.535544e-04
4007,3.531285e-04
4008,3.527031e-04
4009,3.522783e-04
4010,3.518540e-04
4011,3.514301e-04
4012,3.510068e-04
4013,3.505840e-04
4014,3.501617e-04
4015,3.497399e-04
4016,3.493187e-04
4017,3.488979e-04
4018,3.484776e-04
4019,3.480579e-04
4020,3.476386e-04
4021,3.472199e-04
4022,3.468016e-04
4023,3.463839e-04
4024,3.459667e-04
4025,3.455499e-04
4026,3.451337e-04
4027,3.447180e-04
4028,3.443027e-04
4029,3.438880e-04
4030,3.434738e-04
4031,3.430601e-04
4032,3.426468e-04
4033,3.422341e-04
4034,3.418219e-04
4035,3.414101e-04
4036,3.409989e-04
4037,3.405881e-04
4038,3.401779e-04
4039,3.397681e-04
4040,3.393588e-04
4041,3.389501e-04
4042,3.385418e-04
4043,3.381340e-04
4044,3.377267e-04
4045,3.373199e-04
4046,3.369136e-04
4047,3.365078e-04
4048,3.361024e-04
4049,3.356976e-04
4050,3.352932e-04
4051,3.348893e-04
4052,3.344859e-04
4053,3.340830e-04
4054,3.336806e-04
4055,3.332787e-04
4056,3.328772e-04
4057,3.324763e-04
4058,3.320758e-04
4059,3.316758e-04
4060,3.312763e-04
4061,3.308772e-04
4062,3.304787e-04
4063,3.300806e-04
4064,3.296830e-04
4065,3.292859e-04
4066,3.288893e-04
4067,3.284931e-04
4068,3.280974e-04
4069,3.277022e-04
4070,3.273075e-04
4071,3.269132e-04
4072,3.265194e-04
4073,3.261261e-04
4074,3.257333e-04
4075,3.253409e-04
4076,3.249490e-04
4077,3.245576e-04
4078,3.241667e-04
4079,3.237762e-04
4080,3.233862e-04
4081,3.229967e-04
4082,3.226076e-04
4083,3.222190e-04
4084,3.218309e-04
4085,3.214432e-04
4086,3.210560e-04
4087,3.206693e-04
4088,3.202831e-04
4089,3.198973e-04
4090,3.195119e-04
4091,3.191271e-04
4092,3.187427e-04
4093,3.183587e-04
4094,3.179752e-04
4095,3.175922e-04
4096,3.172097e-04
4097,3.168276e-04
4098,3.164459e-04
4099,3.160648e-04
4100,3.156841e-04
4101,3.153038e-04
4102,3.149240e-04
4103,3.145447e-04
4104,3.141658e-04
4105,3.137874e-04
4106,3.134094e-04
4107,3.130319e-04
4108,3.126548e-04
4109,3.122782e-04
4110,3.119021e-04
4111,3.115264e-04
4112,3.111511e-04
4113,3.107763e-04
4114,3.104020e-04
4115,3.100281e-04
4116,3.096546e-04
4117,3.092816e-04
4118,3.089091e-04
4119,3.085370e-04
4120,3.081654e-04
4121,3.077942e-04
4122,3.074234e-04
4123,3.070531e-04
4124,3.066832e-04
4125,3.063138e-04
4126,3.059449e-04
4127,3.055763e-04
4128,3.052083e-04
4129,3.048406e-04
4130,3.044734e-04
4131,3.041067e-04
4132,3.037404e-04
4133,3.033745e-04
4134,3.030091e-04
4135,3.026441e-04
4136,3.022795e-04
4137,3.019154e-04
4138,3.015518e-04
4139,3.011885e-04
4140,3.008257e-04
4141,3.004634e-04
4142,3.001014e-04
4143,2.997400e-04
4144,2.993789e-04
4145,2.990183e-04
4146,2.986581e-04
4147,2.982984e-04
4148,2.979391e-04
4149,2.975802e-04
4150,2.972217e-04
4151,2.968637e-04
4152,2.965061e-04
4153,2.961490e-04
4154,2.957922e-04
4155,2.954359e-04
4156,2.950801e-04
4157,2.947246e-04
4158,2.943696e-04
4159,2.940151e-04
4160,2.936609e-04
4161,2.933072e-04
4162,2.929539e-04
4163,2.926010e-04
4164,2.922485e-04
4165,2.918965e-04
4166,2.915449e-04
4167,2.911937e-04
4168,2.908430e-04
4169,2.904927e-04
4170,2.901427e-04
4171,2.897933e-04
4172,2.894442e-04
4173,2.890955e-04
4174,2.887473e-04
4175,2.883995e-04
4176,2.880521e-04
4177,2.877051e-04
4178,2.873586e-04
4179,2.870124e-04
4180,2.866667e-04
4181,2.863214e-04
4182,2.859765e-04
4183,2.856321e-04
4184,2.852880e-04
4185,2.849444e-04
4186,2.846011e-04
4187,2.842583e-04
4188,2.839159e-04
4189,2.835739e-04
4190,2.832324e-04
4191,2.828912e-04
4192,2.825504e-04
4193,2.822101e-04
4194,2.818702e-04
4195,2.815306e-04
4196,2.811915e-04
4197,2.808528e-04
4198,2.805145e-04
4199,2.801766e-04
4200,2.798391e-04
4201,2.795021e-04
4202,2.791654e-04
4203,2.788291e-04
4204,2.784933e-04
4205,2.781578e-04
4206,2.778227e-04
4207,2.774881e-04
4208,2.771538e-04
4209,2.768200e-04
4210,2.764866e-04
4211,2.761535e-04
4212,2.758209e-04
4213,2.754886e-04
4214,2.751568e-04
4215,2.748254e-04
4216,2.744943e-04
4217,2.741637e-04
4218,2.738334e-04
4219,2.735036e-04
4220,2.731742e-04
4221,2.728451e-04
4222,2.725164e-04
4223,2.721882e-04
4224,2.718603e-04
4225,2.715329e-04
4226,2.712058e-04
4227,2.708791e-04
4228,2.705528e-04
4229,2.702269e-04
4230,2.699014e-04
4231,2.695763e-04
4232,2.692516e-04
4233,2.689273e-04
4234,2.686033e-04
4235,2.682798e-04
4236,2.679566e-04
4237,2.676339e-04
4238,2.673115e-04
4239,2.669895e-04
4240,2.666679e-04
4241,2.663467e-04
4242,2.660259e-04
4243,2.657054e-04
4244,2.653854e-04
4245,2.650657e-04
4246,2.647464e-04
4247,2.644275e-04
4248,2.641090e-04
4249,2.637909e-04
4250,2.634731e-04
4251,2.631558e-04
4252,2.628388e-04
4253,2.625222e-04
4254,2.622060e-04
4255,2.618901e-04
4256,2.615747e-04
4257,2.612596e-04
4258,2.609449e-04
4259,2.606306e-04
4260,2.603166e-04
4261,2.600031e-04
4262,2.596899e-04
4263,2.593771e-04
4264,2.590646e-04
4265,2.587526e-04
4266,2.584409e-04
4267,2.581296e-04
4268,2.578187e-04
4269,2.575081e-04
4270,2.571980e-04
4271,2.568881e-04
4272,2.565787e-04
4273,2.562697e-04
4274,2.559610e-04
4275,2.556526e-04
4276,2.553447e-04
4277,2.550371e-04
4278,2.547299e-04
4279,2.544231e-04
4280,2.541166e-04
4281,2.538105e-04
4282,2.535048e-04
4283,2.531994e-04
4284,2.528945e-04
4285,2.525898e-04
4286,2.522856e-04
4287,2.519817e-04
4288,2.516782e-04
4289,2.513750e-04
4290,2.510722e-04
4291,2.507698e-04
4292,2.504677e-04
4293,2.501660e-04
4294,2.498647e-04
4295,2.495637e-04
4296,2.492631e-04
4297,2.489629e-04
4298,2.486630e-04
4299,2.483635e-04
4300,2.480643e-04
4301,2.477655e-04
4302,2.474670e-04
4303,2.471690e-04
4304,2.468712e-04
4305,2.465739e-04
4306,2.462769e-04
4307,2.459802e-04
4308,2.456839e-04
4309,2.453880e-04
4310,2.450924e-04
4311,2.447972e-04
4312,2.445023e-04
4313,2.442078e-04
4314,2.439136e-04
4315,2.436198e-04
4316,2.433264e-04
4317,2.430333e-04
4318,2.427405e-04
4319,2.424481e-04
4320,2.421561e-04
4321,2.418644e-04
4322,2.415731e-04
4323,2.412821e-04
4324,2.409914e-04
4325,2.407012e-04
4326,2.404112e-04
4327,2.401216e-04
4328,2.398324e-04
4329,2.395435e-04
4330,2.392550e-04
4331,2.389668e-04
4332,2.386789e-04
4333,2.383914e-04
4334,2.381043e-04
4335,2.378175e-04
4336,2.375310e-04
4337,2.372449e-04
4338,2.369591e-04
4339,2.366737e-04
4340,2.363886e-04
4341,2.361039e-04
4342,2.358195e-04
4343,2.355354e-04
4344,2.352517e-04
4345,2.349683e-04
4346,2.346853e-04
4347,2.344026e-04
4348,2.341203e-04
4349,2.338383e-04
4350,2.335566e-04
4351,2.332753e-04
4352,2.329943e-04
4353,2.327136e-04
4354,2.324333e-04
4355,2.321533e-04
4356,2.318737e-04
4357,2.315944e-04
4358,2.313154e-04
4359,2.310368e-04
4360,2.307585e-04
4361,2.304805e-04
4362,2.302029e-04
4363,2.299256e-04
4364,2.296487e-04
4365,2.293721e-04
4366,2.290958e-04
4367,2.288198e-04
4368,2.285442e-04
4369,2.282689e-04
4370,2.279939e-04
4371,2.277193e-04
4372,2.274450e-04
4373,2.271710e-04
4374,2.268974e-04
4375,2.266241e-04
4376,2.263511e-04
4377,2.260785e-04
4378,2.258061e-04
4379,2.255342e-04
4380,2.252625e-04
4381,2.249912e-04
4382,2.247201e-04
4383,2.244495e-04
4384,2.241791e-04
4385,2.239091e-04
4386,2.236394e-04
4387,2.233700e-04
4388,2.231009e-04
4389,2.228322e-04
4390,2.225638e-04
4391,2.222957e-04
4392,2.220279e-04
4393,2.217605e-04
4394,2.214933e-04
4395,2.212266e-04
4396,2.209601e-04
4397,2.206939e-04
4398,2.204281e-04
4399,2.201626e-04
4400,2.198974e-04
4401,2.196325e-04
4402,2.193679e-04
4403,2.191037e-04
4404,2.188398e-04
4405,2.185762e-04
4406,2.183129e-04
4407,2.180499e-04
4408,2.177873e-04
4409,2.175249e-04
4410,2.172629e-04
4411,2.170012e-04
4412,2.167398e-04
4413,2.164788e-04
4414,2.162180e-04
4415,2.159576e-04
4416,2.156974e-04
4417,2.154376e-04
4418,2.151781e-04
4419,2.149189e-04
4420,2.146600e-04
4421,2.144015e-04
4422,2.141432e-04
4423,2.138853e-04
4424,2.136276e-04
4425,2.133703e-04
4426,2.131133e-04
4427,2.128566e-04
4428,2.126002e-04
4429,2.123441e-04
4430,2.120883e-04
4431,2.118329e-04
4432,2.115777e-04
4433,2.113228e-04
4434,2.110683e-04
4435,2.108141e-04
4436,2.105601e-04
4437,2.103065e-04
4438,2.100532e-04
4439,2.098002e-04
4440,2.095474e-04
4441,2.092950e-04
4442,2.090429e-04
4443,2.087911e-04
4444,2.085396e-04
4445,2.082884e-04
4446,2.080375e-04
4447,2.077869e-04
4448,2.075367e-04
4449,2.072867e-04
4450,2.070370e-04
4451,2.067876e-04
4452,2.065385e-04
4453,2.062897e-04
4454,2.060412e-04
4455,2.057931e-04
4456,2.055452e-04
4457,2.052976e-04
4458,2.050503e-04
4459,2.048033e-04
4460,2.045566e-04
4461,2.043102e-04
4462,2.040641e-04
4463,2.038183e-04
4464,2.035728e-04
4465,2.033276e-04
4466,2.030827e-04
4467,2.028380e-04
4468,2.025937e-04
4469,2.023497e-04
4470,2.021059e-04
4471,2.018625e-04
4472,2.016194e-04
4473,2.013765e-04
4474,2.011339e-04
4475,2.008916e-04
4476,2.006497e-04
4477,2.004080e-04
4478,2.001666e-04
4479,1.999255e-04
4480,1.996846e-04
4481,1.994441e-04
4482,1.992039e-04
4483,1.989639e-04
4484,1.987243e-04
4485,1.984849e-04
4486,1.982458e-04
4487,1.980070e-04
4488,1.977685e-04
4489,1.975303e-04
4490,1.972924e-04
4491,1.970547e-04
4492,1.968173e-04
4493,1.965803e-04
4494,1.963435e-04
4495,1.961070e-04
4496,1.958708e-04
4497,1.956348e-04
4498,1.953992e-04
4499,1.951638e-04
4500,1.949287e-04
4501,1.946939e-04
4502,1.944594e-04
4503,1.942252e-04
4504,1.939912e-04
4505,1.937575e-04
4506,1.935242e-04
4507,1.932910e-04
4508,1.930582e-04
4509,1.928257e-04
4510,1.925934e-04
4511,1.923614e-04
4512,1.921297e-04
4513,1.918983e-04
4514,1.916671e-04
4515,1.914363e-04
4516,1.912057e-04
4517,1.909754e-04
4518,1.907453e-04
4519,1.905156e-04
4520,1.902861e-04
4521,1.900569e-04
4522,1.898279e-04
4523,1.895993e-04
4524,1.893709e-04
4525,1.891428e-04
4526,1.889150e-04
4527,1.886874e-04
4528,1.884601e-04
4529,1.882331e-04
4530,1.880064e-04
4531,1.877799e-04
4532,1.875537e-04
4533,1.873278e-04
4534,1.871022e-04
4535,1.868768e-04
4536,1.866517e-04
4537,1.864269e-04
4538,1.862023e-04
4539,1.859780e-04
4540,1.857540e-04
4541,1.855302e-04
4542,1.853068e-04
4543,1.850836e-04
4544,1.848606e-04
4545,1.846379e-04
4546,1.844155e-04
4547,1.841934e-04
4548,1.839715e-04
4549,1.837499e-04
4550,1.835286e-04
4551,1.833075e-04
4552,1.830867e-04
4553,1.828662e-04
4554,1.826459e-04
4555,1.824259e-04
4556,1.822062e-04
4557,1.819867e-04
4558,1.817675e-04
4559,1.815485e-04
4560,1.813299e-04
4561,1.811114e-04
4562,1.808933e-04
4563,1.806754e-04
4564,1.804578e-04
4565,1.802404e-04
4566,1.800233e-04
4567,1.798064e-04
4568,1.795898e-04
4569,1.793735e-04
4570,1.791575e-04
4571,1.789417e-04
4572,1.787261e-04
4573,1.785108e-04
4574,1.782958e-04
4575,1.780810e-04
4576,1.778665e-04
4577,1.776523e-04
4578,1.774383e-04
4579,1.772246e-04
4580,1.770111e-04
4581,1.767979e-04
4582,1.765849e-04
4583,1.763722e-04
4584,1.761598e-04
4585,1.759476e-04
4586,1.757356e-04
4587,1.755239e-04
4588,1.753125e-04
4589,1.751013e-04
4590,1.748904e-04
4591,1.746798e-04
4592,1.744694e-04
4593,1.742592e-04
4594,1.740493e-04
4595,1.738397e-04
4596,1.736303e-04
4597,1.734211e-04
4598,1.732122e-04
4599,1.730036e-04
4600,1.727952e-04
4601,1.725870e-04
4602,1.723792e-04
4603,1.721715e-04
4604,1.719641e-04
4605,1.717570e-04
4606,1.715501e-04
4607,1.713435e-04
4608,1.711371e-04
4609,1.709309e-04
4610,1.707250e-04
4611,1.705194e-04
4612,1.703140e-04
4613,1.701088e-04
4614,1.699039e-04
4615,1.696993e-04
4616,1.694949e-04
4617,1.692907e-04
4618,1.690868e-04
4619,1.688831e-04
4620,1.686797e-04
4621,1.684765e-04
4622,1.682736e-04
4623,1.680709e-04
4624,1.678684e-04
4625,1.676662e-04
4626,1.674643e-04
4627,1.672625e-04
4628,1.670611e-04
4629,1.668598e-04
4630,1.666588e-04
4631,1.664581e-04
4632,1.662576e-04
4633,1.660573e-04
4634,1.658573e-04
4635,1.656575e-04
4636,1.654580e-04
4637,1.652587e-04
4638,1.650596e-04
4639,1.648608e-04
4640,1.646622e-04
4641,1.644639e-04
4642,1.642658e-04
4643,1.640679e-04
4644,1.638703e-04
4645,1.636729e-04
4646,1.634757e-04
4647,1.632788e-04
4648,1.630821e-04
4649,1.628857e-04
4650,1.626895e-04
4651,1.624935e-04
4652,1.622978e-04
4653,1.621023e-04
4654,1.619071e-04
4655,1.617120e-04
4656,1.615172e-04
4657,1.613227e-04
4658,1.611284e-04
4659,1.609343e-04
4660,1.607404e-04
4661,1.605468e-04
4662,1.603534e-04
4663,1.601603e-04
4664,1.599673e-04
4665,1.597747e-04
4666,1.595822e-04
4667,1.593900e-04
4668,1.591980e-04
4669,1.590062e-04
4670,1.588147e-04
4671,1.586234e-04
4672,1.584323e-04
4673,1.582415e-04
4674,1.580509e-04
4675,1.578605e-04
4676,1.576704e-04
4677,1.574804e-04
4678,1.572907e-04
4679,1.571013e-04
4680,1.569120e-04
4681,1.567230e-04
4682,1.565343e-04
4683,1.563457e-04
4684,1.561574e-04
4685,1.559693e-04
4686,1.557814e-04
4687,1.555938e-04
4688,1.554063e-04
4689,1.552191e-04
4690,1.550322e-04
4691,1.548454e-04
4692,1.546589e-04
4693,1.544726e-04
4694,1.542866e-04
4695,1.541007e-04
4696,1.539151e-04
4697,1.537297e-04
4698,1.535445e-04
4699,1.533596e-04
4700,1.531748e-04
4701,1.529903e-04
4702,1.528060e-04
4703,1.526220e-04
4704,1.524381e-04
4705,1.522545e-04
4706,1.520711e-04
4707,1.518880e-04
4708,1.517050e-04
4709,1.515223e-04
4710,1.513397e-04
4711,1.511575e-04
4712,1.509754e-04
4713,1.507935e-04
4714,1.506119e-04
4715,1.504305e-04
4716,1.502493e-04
4717,1.500683e-04
4718,1.498875e-04
4719,1.497070e-04
4720,1.495266e-04
4721,1.493465e-04
4722,1.491666e-04
4723,1.489870e-04
4724,1.488075e-04
4725,1.486283e-04
4726,1.484492e-04
4727,1.482704e-04
4728,1.480918e-04
4729,1.479134e-04
4730,1.477353e-04
4731,1.475573e-04
4732,1.473796e-04
4733,1.472020e-04
4734,1.470247e-04
4735,1.468476e-04
4736,1.466708e-04
4737,1.464941e-04
4738,1.463176e-04
4739,1.461414e-04
4740,1.459653e-04
4741,1.457895e-04
4742,1.456139e-04
4743,1.454385e-04
4744,1.452633e-04
4745,1.450883e-04
4746,1.449136e-04
4747,1.447390e-04
4748,1.445647e-04
4749,1.443905e-04
4750,1.442166e-04
4751,1.440429e-04
4752,1.438694e-04
4753,1.436961e-04
4754,1.435230e-04
4755,1.433501e-04
4756,1.431775e-04
4757,1.430050e-04
4758,1.428327e-04
4759,1.426607e-04
4760,1.424889e-04
4761,1.423172e-04
4762,1.421458e-04
4763,1.419746e-04
4764,1.418036e-04
4765,1.416328e-04
4766,1.414621e-04
4767,1.412918e-04
4768,1.411216e-04
4769,1.409516e-04
4770,1.407818e-04
4771,1.406122e-04
4772,1.404428e-04
4773,1.402737e-04
4774,1.401047e-04
4775,1.399359e-04
4776,1.397674e-04
4777,1.395990e-04
4778,1.394309e-04
4779,1.392629e-04
4780,1.390952e-04
4781,1.389276e-04
4782,1.387603e-04
4783,1.385931e-04
4784,1.384262e-04
4785,1.382595e-04
4786,1.380929e-04
4787,1.379266e-04
4788,1.377604e-04
4789,1.375945e-04
4790,1.374288e-04
4791,1.372632e-04
4792,1.370979e-04
4793,1.369327e-04
4794,1.367678e-04
4795,1.366031e-04
4796,1.364385e-04
4797,1.362742e-04
4798,1.361100e-04
4799,1.359461e-04
4800,1.357823e-04
4801,1.356188e-04
4802,1.354554e-04
4803,1.352922e-04
4804,1.351293e-04
4805,1.349665e-04
4806,1.348039e-04
4807,1.346416e-04
4808,1.344794e-04
4809,1.343174e-04
4810,1.341556e-04
4811,1.339940e-04
4812,1.338326e-04
4813,1.336714e-04
4814,1.335104e-04
4815,1.333496e-04
4816,1.331889e-04
4817,1.330285e-04
4818,1.328683e-04
4819,1.327082e-04
4820,1.325484e-04
4821,1.323887e-04
4822,1.322292e-04
4823,1.320700e-04
4824,1.319109e-04
4825,1.317520e-04
4826,1.315933e-04
4827,1.314348e-04
4828,1.312765e-04
4829,1.311183e-04
4830,1.309604e-04
4831,1.308026e-04
4832,1.306451e-04
4833,1.304877e-04
4834,1.303305e-04
4835,1.301736e-04
4836,1.300168e-04
4837,1.298601e-04
4838,1.297037e-04
4839,1.295475e-04
4840,1.293914e-04
4841,1.292356e-04
4842,1.290799e-04
4843,1.289244e-04
4844,1.287691e-04
4845,1.286140e-04
4846,1.284591e-04
4847,1.283044e-04
4848,1.281498e-04
4849,1.279955e-04
4850,1.278413e-04
4851,1.276873e-04
4852,1.275335e-04
4853,1.273799e-04
4854,1.272264e-04
4855,1.270732e-04
4856,1.269201e-04
4857,1.267672e-04
4858,1.266145e-04
4859,1.264620e-04
4860,1.263097e-04
4861,1.261576e-04
4862,1.260056e-04
4863,1.258538e-04
4864,1.257022e-04
4865,1.255508e-04
4866,1.253996e-04
4867,1.252485e-04
4868,1.250977e-04
4869,1.249470e-04
4870,1.247965e-04
4871,1.246461e-04
4872,1.244960e-04
4873,1.243460e-04
4874,1.241963e-04
4875,1.240467e-04
4876,1.238972e-04
4877,1.237480e-04
4878,1.235989e-04
4879,1.234501e-04
4880,1.233014e-04
4881,1.231528e-04
4882,1.230045e-04
4883,1.228563e-04
4884,1.227083e-04
4885,1.225605e-04
4886,1.224129e-04
4887,1.222655e-04
4888,1.221182e-04
4889,1.219711e-04
4890,1.218242e-04
4891,1.216774e-04
4892,1.215309e-04
4893,1.213845e-04
4894,1.212383e-04
4895,1.210922e-04
4896,1.209464e-04
4897,1.208007e-04
4898,1.206552e-04
4899,1.205098e-04
4900,1.203647e-04
4901,1.202197e-04
4902,1.200749e-04
4903,1.199302e-04
4904,1.197858e-04
4905,1.196415e-04
4906,1.194974e-04
4907,1.193534e-04
4908,1.192097e-04
4909,1.190661e-04
4910,1.189227e-04
4911,1.187794e-04
4912,1.186363e-04
4913,1.184934e-04
4914,1.183507e-04
4915,1.182081e-04
4916,1.180658e-04
4917,1.179235e-04
4918,1.177815e-04
4919,1.176396e-04
4920,1.174979e-04
4921,1.173564e-04
4922,1.172150e-04
4923,1.170738e-04
4924,1.169328e-04
4925,1.167920e-04
4926,1.166513e-04
4927,1.165108e-04
4928,1.163704e-04
4929,1.162303e-04
4930,1.160903e-04
4931,1.159504e-04
4932,1.158107e-04
4933,1.156713e-04
4934,1.155319e-04
4935,1.153928e-04
4936,1.152538e-04
4937,1.151149e-04
4938,1.149763e-04
4939,1.148378e-04
4940,1.146995e-04
4941,1.145613e-04
4942,1.144233e-04
4943,1.142855e-04
4944,1.141478e-04
4945,1.140103e-04
4946,1.138730e-04
4947,1.137358e-04
4948,1.135988e-04
4949,1.134620e-04
4950,1.133253e-04
4951,1.131888e-04
4952,1.130525e-04
4953,1.129163e-04
4954,1.127803e-04
4955,1.126444e-04
4956,1.125087e-04
4957,1.123732e-04
4958,1.122379e-04
4959,1.121027e-04
4960,1.119676e-04
4961,1.118328e-04
4962,1.116981e-04
4963,1.115635e-04
4964,1.114291e-04
4965,1.112949e-04
4966,1.111608e-04
4967,1.110269e-04
4968,1.108932e-04
4969,1.107596e-04
4970,1.106262e-04
4971,1.104930e-04
4972,1.103599e-04
4973,1.102269e-04
4974,1.100942e-04
4975,1.099616e-04
4976,1.098291e-04
4977,1.096968e-04
4978,1.095647e-04
4979,1.094327e-04
4980,1.093009e-04
4981,1.091692e-04
4982,1.090377e-04
4983,1.089064e-04
4984,1.087752e-04
4985,1.086442e-04
4986,1.085133e-04
4987,1.083826e-04
4988,1.082520e-04
4989,1.081217e-04
4990,1.079914e-04
4991,1.078613e-04
4992,1.077314e-04
4993,1.076016e-04
4994,1.074720e-04
4995,1.073426e-04
4996,1.072133e-04
4997,1.070841e-04
4998,1.069551e-04
4999,1.068263e-04
5000,1.066976e-04
5001,1.065691e-04
5002,1.064408e-04
5003,1.063125e-04
5004,1.061845e-04
5005,1.060566e-04
5006,1.059288e-04
5007,1.058012e-04
5008,1.056738e-04
5009,1.055465e-04
5010,1.054194e-04
5011,1.052924e-04
5012,1.051656e-04
5013,1.050389e-04
5014,1.049124e-04
5015,1.047860e-04
5016,1.046598e-04
5017,1.045337e-04
5018,1.044078e-04
5019,1.042820e-04
5020,1.041564e-04
5021,1.040309e-04
5022,1.039056e-04
5023,1.037805e-04
5024,1.036555e-04
5025,1.035306e-04
5026,1.034059e-04
5027,1.032813e-04
5028,1.031569e-04
5029,1.030327e-04
5030,1.029086e-04
5031,1.027846e-04
5032,1.026608e-04
5033,1.025371e-04
5034,1.024136e-04
5035,1.022903e-04
5036,1.021671e-04
5037,1.020440e-04
5038,1.019211e-04
5039,1.017983e-04
5040,1.016757e-04
5041,1.015532e-04
5042,1.014309e-04
5043,1.013087e-04
5044,1.011867e-04
5045,1.010648e-04
5046,1.009431e-04
5047,1.008215e-04
5048,1.007000e-04
5049,1.005787e-04
5050,1.004576e-04
5051,1.003366e-04
5052,1.002157e-04
5053,1.000950e-04
5054,9.997443e-05
5055,9.985401e-05
5056,9.973373e-05
5057,9.961360e-05
5058,9.949361e-05
5059,9.937376e-05
5060,9.925406e-05
5061,9.913451e-05
5062,9.901509e-05
5063,9.889583e-05
5064,9.877670e-05
5065,9.865772e-05
5066,9.853888e-05
5067,9.842019e-05
5068,9.830164e-05
5069,9.818323e-05
5070,9.806496e-05
5071,9.794684e-05
5072,9.782886e-05
5073,9.771102e-05
5074,9.759332e-05
5075,9.747577e-05
5076,9.735835e-05
5077,9.724108e-05
5078,9.712395e-05
5079,9.700696e-05
5080,9.689011e-05
5081,9.677340e-05
5082,9.665683e-05
5083,9.654041e-05
5084,9.642412e-05
5085,9.630797e-05
5086,9.619197e-05
5087,9.607610e-05
5088,9.596037e-05
5089,9.584478e-05
5090,9.572933e-05
5091,9.561402e-05
5092,9.549885e-05
5093,9.538382e-05
5094,9.526892e-05
5095,9.515417e-05
5096,9.503955e-05
5097,9.492507e-05
5098,9.481073e-05
5099,9.469653e-05
5100,9.458246e-05
5101,9.446853e-05
5102,9.435474e-05
5103,9.424109e-05
5104,9.412757e-05
5105,9.401419e-05
5106,9.390094e-05
5107,9.378784e-05
5108,9.367486e-05
5109,9.356203e-05
5110,9.344933e-05
5111,9.333677e-05
5112,9.322434e-05
5113,9.311204e-05
5114,9.299989e-05
5115,9.288786e-05
5116,9.277598e-05
5117,9.266422e-05
5118,9.255261e-05
5119,9.244112e-05
5120,9.232977e-05
5121,9.221856e-05
5122,9.210748e-05
5123,9.199653e-05
5124,9.188572e-05
5125,9.177504e-05
5126,9.166449e-05
5127,9.155407e-05
5128,9.144379e-05
5129,9.133365e-05
5130,9.122363e-05
5131,9.111375e-05
5132,9.100400e-05
5133,9.089438e-05
5134,9.078489e-05
5135,9.067554e-05
5136,9.056631e-05
5137,9.045722e-05
5138,9.034826e-05
5139,9.023944e-05
5140,9.013074e-05
5141,9.002217e-05
5142,8.991374e-05
5143,8.980543e-05
5144,8.969726e-05
5145,8.958921e-05
5146,8.948130e-05
5147,8.937351e-05
5148,8.926586e-05
5149,8.915834e-05
5150,8.905094e-05
5151,8.894367e-05
5152,8.883654e-05
5153,8.872953e-05
5154,8.862265e-05
5155,8.851590e-05
5156,8.840928e-05
5157,8.830279e-05
5158,8.819642e-05
5159,8.809019e-05
5160,8.798408e-05
5161,8.787810e-05
5162,8.777224e-05
5163,8.766652e-05
5164,8.756092e-05
5165,8.745545e-05
5166,8.735011e-05
5167,8.724489e-05
5168,8.713980e-05
5169,8.703483e-05
5170,8.693000e-05
5171,8.682529e-05
5172,8.672070e-05
5173,8.661624e-05
5174,8.651191e-05
5175,8.640770e-05
5176,8.630362e-05
5177,8.619966e-05
5178,8.609583e-05
5179,8.599213e-05
5180,8.588855e-05
5181,8.578509e-05
5182,8.568176e-05
5183,8.557855e-05
5184,8.547547e-05
5185,8.537251e-05
5186,8.526967e-05
5187,8.516696e-05
5188,8.506437e-05
5189,8.496191e-05
5190,8.485957e-05
5191,8.475735e-05
5192,8.465526e-05
5193,8.455329e-05
5194,8.445144e-05
5195,8.434971e-05
5196,8.424811e-05
5197,8.414663e-05
5198,8.404527e-05
5199,8.394404e-05
5200,8.384292e-05
5201,8.374193e-05
5202,8.364106e-05
5203,8.354031e-05
5204,8.343968e-05
5205,8.333917e-05
5206,8.323879e-05
5207,8.313852e-05
5208,8.303838e-05
5209,8.293836e-05
5210,8.283845e-05
5211,8.273867e-05
5212,8.263901e-05
5213,8.253947e-05
5214,8.244004e-05
5215,8.234074e-05
5216,8.224156e-05
5217,8.214250e-05
5218,8.204355e-05
5219,8.194473e-05
5220,8.184602e-05
5221,8.174743e-05
5222,8.164896e-05
5223,8.155061e-05
5224,8.145238e-05
5225,8.135427e-05
5226,8.125628e-05
5227,8.115840e-05
5228,8.106064e-05
5229,8.096300e-05
5230,8.086548e-05
5231,8.076807e-05
5232,8.067078e-05
5233,8.057361e-05
5234,8.047655e-05
5235,8.037962e-05
5236,8.028280e-05
5237,8.018609e-05
5238,8.008950e-05
5239,7.999303e-05
5240,7.989668e-05
5241,7.980044e-05
5242,7.970432e-05
5243,7.960831e-05
5244,7.951242e-05
5245,7.941664e-05
5246,7.932098e-05
5247,7.922543e-05
5248,7.913000e-05
5249,7.903469e-05
5250,7.893949e-05
5251,7.884440e-05
5252,7.874943e-05
5253,7.865457e-05
5254,7.855983e-05
5255,7.846520e-05
5256,7.837069e-05
5257,7.827629e-05
5258,7.818200e-05
5259,7.808782e-05
5260,7.799376e-05
5261,7.789982e-05
5262,7.780598e-05
5263,7.771226e-05
5264,7.761866e-05
5265,7.752516e-05
5266,7.743178e-05
5267,7.733851e-05
5268,7.724535e-05
5269,7.715230e-05
5270,7.705937e-05
5271,7.696655e-05
5272,7.687384e-05
5273,7.678124e-05
5274,7.668876e-05
5275,7.659638e-05
5276,7.650412e-05
5277,7.641197e-05
5278,7.631992e-05
5279,7.622799e-05
5280,7.613617e-05
5281,7.604446e-05
5282,7.595286e-05
5283,7.586138e-05
5284,7.577000e-05
5285,7.567873e-05
5286,7.558757e-05
5287,7.549652e-05
5288,7.540558e-05
5289,7.531475e-05
5290,7.522403e-05
5291,7.513342e-05
5292,7.504292e-05
5293,7.495253e-05
5294,7.486225e-05
5295,7.477207e-05
5296,7.468201e-05
5297,7.459205e-05
5298,7.450220e-05
5299,7.441246e-05
5300,7.432282e-05
5301,7.423330e-05
5302,7.414388e-05
5303,7.405457e-05
5304,7.396537e-05
5305,7.387628e-05
5306,7.378729e-05
5307,7.369841e-05
5308,7.360964e-05
5309,7.352097e-05
5310,7.343241e-05
5311,7.334396e-05
5312,7.325561e-05
5313,7.316737e-05
5314,7.307924e-05
5315,7.299121e-05
5316,7.290329e-05
5317,7.281548e-05
5318,7.272777e-05
5319,7.264016e-05
5320,7.255266e-05
5321,7.246527e-05
5322,7.237798e-05
5323,7.229080e-05
5324,7.220372e-05
5325,7.211675e-05
5326,7.202988e-05
5327,7.194312e-05
5328,7.185646e-05
5329,7.176991e-05
5330,7.168346e-05
5331,7.159711e-05
5332,7.151087e-05
5333,7.142473e-05
5334,7.133870e-05
5335,7.125277e-05
5336,7.116694e-05
5337,7.108122e-05
5338,7.099560e-05
5339,7.091008e-05
5340,7.082466e-05
5341,7.073935e-05
5342,7.065414e-05
5343,7.056904e-05
5344,7.048403e-05
5345,7.039913e-05
5346,7.031433e-05
5347,7.022964e-05
5348,7.014504e-05
5349,7.006055e-05
5350,6.997616e-05
5351,6.989187e-05
5352,6.980768e-05
5353,6.972360e-05
5354,6.963961e-05
5355,6.955573e-05
5356,6.947194e-05
5357,6.938826e-05
5358,6.930468e-05
5359,6.922120e-05
5360,6.913782e-05
5361,6.905454e-05
5362,6.897136e-05
5363,6.888828e-05
5364,6.880530e-05
5365,6.872242e-05
5366,6.863964e-05
5367,6.855697e-05
5368,6.847439e-05
5369,6.839191e-05
5370,6.830952e-05
5371,6.822724e-05
5372,6.814506e-05
5373,6.806298e-05
5374,6.798099e-05
5375,6.789910e-05
5376,6.781732e-05
5377,6.773563e-05
5378,6.765404e-05
5379,6.757255e-05
5380,6.749115e-05
5381,6.740986e-05
5382,6.732866e-05
5383,6.724756e-05
5384,6.716655e-05
5385,6.708565e-05
5386,6.700484e-05
5387,6.692413e-05
5388,6.684352e-05
5389,6.676300e-05
5390,6.668258e-05
5391,6.660226e-05
5392,6.652204e-05
5393,6.644191e-05
5394,6.636188e-05
5395,6.628194e-05
5396,6.620210e-05
5397,6.612236e-05
5398,6.604271e-05
5399,6.596316e-05
5400,6.588370e-05
5401,6.580434e-05
5402,6.572508e-05
5403,6.564591e-05
5404,6.556684e-05
5405,6.548786e-05
5406,6.540898e-05
5407,6.533019e-05
5408,6.525149e-05
5409,6.517290e-05
5410,6.509439e-05
5411,6.501598e-05
5412,6.493767e-05
5413,6.485945e-05
5414,6.478132e-05
5415,6.470329e-05
5416,6.462535e-05
5417,6.454751e-05
5418,6.446976e-05
5419,6.439210e-05
5420,6.431454e-05
5421,6.423707e-05
5422,6.415969e-05
5423,6.408241e-05
5424,6.400522e-05
5425,6.392812e-05
5426,6.385112e-05
5427,6.377421e-05
5428,6.369739e-05
5429,6.362066e-05
5430,6.354403e-05
5431,6.346749e-05
5432,6.339104e-05
5433,6.331468e-05
5434,6.323841e-05
5435,6.316224e-05
5436,6.308616e-05
5437,6.301017e-05
5438,6.293427e-05
5439,6.285846e-05
5440,6.278275e-05
5441,6.270712e-05
5442,6.263159e-05
5443,6.255615e-05
5444,6.248080e-05
5445,6.240553e-05
5446,6.233036e-05
5447,6.225528e-05
5448,6.218030e-05
5449,6.210540e-05
5450,6.203059e-05
5451,6.195587e-05
5452,6.188124e-05
5453,6.180670e-05
5454,6.173225e-05
5455,6.165789e-05
5456,6.158362e-05
5457,6.150944e-05
5458,6.143535e-05
5459,6.136135e-05
5460,6.128744e-05
5461,6.121362e-05
5462,6.113988e-05
5463,6.106624e-05
5464,6.099268e-05
5465,6.091921e-05
5466,6.084583e-05
5467,6.077254e-05
5468,6.069934e-05
5469,6.062622e-05
5470,6.055319e-05
5471,6.048025e-05
5472,6.040740e-05
5473,6.033464e-05
5474,6.026196e-05
5475,6.018938e-05
5476,6.011688e-05
5477,6.004446e-05
5478,5.997214e-05
5479,5.989990e-05
5480,5.982775e-05
5481,5.975568e-05
5482,5.968370e-05
5483,5.961181e-05
5484,5.954000e-05
5485,5.946829e-05
5486,5.939665e-05
5487,5.932511e-05
5488,5.925365e-05
5489,5.918228e-05
5490,5.911099e-05
5491,5.903979e-05
5492,5.896867e-05
5493,5.889764e-05
5494,5.882669e-05
5495,5.875584e-05
5496,5.868506e-05
5497,5.861437e-05
5498,5.854377e-05
5499,5.847325e-05
5500,5.840282e-05
5501,5.833247e-05
5502,5.826220e-05
5503,5.819202e-05
5504,5.812193e-05
5505,5.805192e-05
5506,5.798199e-05
5507,5.791215e-05
5508,5.784239e-05
5509,5.777272e-05
5510,5.770313e-05
5511,5.763362e-05
5512,5.756420e-05
5513,5.749486e-05
5514,5.742561e-05
5515,5.735644e-05
5516,5.728735e-05
5517,5.721834e-05
5518,5.714942e-05
5519,5.708058e-05
5520,5.701183e-05
5521,5.694315e-05
5522,5.687456e-05
5523,5.680605e-05
5524,5.673763e-05
5525,5.666929e-05
5526,5.660103e-05
5527,5.653285e-05
5528,5.646475e-05
5529,5.639674e-05
5530,5.632880e-05
5531,5.626095e-05
5532,5.619318e-05
5533,5.612550e-05
5534,5.605789e-05
5535,5.599037e-05
5536,5.592293e-05
5537,5.585556e-05
5538,5.578828e-05
5539,5.572108e-05
5540,5.565397e-05
5541,5.558693e-05
5542,5.551997e-05
5543,5.545309e-05
5544,5.538630e-05
5545,5.531958e-05
5546,5.525295e-05
5547,5.518639e-05
5548,5.511992e-05
5549,5.505353e-05
5550,5.498721e-05
5551,5.492098e-05
5552,5.485482e-05
5553,5.478875e-05
5554,5.472275e-05
5555,5.465684e-05
5556,5.459100e-05
5557,5.452524e-05
5558,5.445956e-05
5559,5.439396e-05
5560,5.432844e-05
5561,5.426300e-05
5562,5.419764e-05
5563,5.413236e-05
5564,5.406715e-05
5565,5.400203e-05
5566,5.393698e-05
5567,5.387201e-05
5568,5.380712e-05
5569,5.374231e-05
5570,5.367757e-05
5571,5.361291e-05
5572,5.354833e-05
5573,5.348383e-05
5574,5.341941e-05
5575,5.335506e-05
5576,5.329079e-05
5577,5.322660e-05
5578,5.316249e-05
5579,5.309845e-05
5580,5.303449e-05
5581,5.297061e-05
5582,5.290681e-05
5583,5.284308e-05
5584,5.277943e-05
5585,5.271585e-05
5586,5.265235e-05
5587,5.258893e-05
5588,5.252558e-05
5589,5.246232e-05
5590,5.239912e-05
5591,5.233600e-05
5592,5.227296e-05
5593,5.221000e-05
5594,5.214711e-05
5595,5.208430e-05
5596,5.202156e-05
5597,5.195890e-05
5598,5.189631e-05
5599,5.183380e-05
5600,5.177136e-05
5601,5.170900e-05
5602,5.164672e-05
5603,5.158450e-05
5604,5.152237e-05
5605,5.146031e-05
5606,5.139832e-05
5607,5.133641e-05
5608,5.127457e-05
5609,5.121281e-05
5610,5.115112e-05
5611,5.108951e-05
5612,5.102797e-05
5613,5.096650e-05
5614,5.090511e-05
5615,5.084379e-05
5616,5.078255e-05
5617,5.072138e-05
5618,5.066029e-05
5619,5.059926e-05
5620,5.053831e-05
5621,5.047744e-05
5622,5.041664e-05
5623,5.035591e-05
5624,5.029525e-05
5625,5.023467e-05
5626,5.017416e-05
5627,5.011372e-05
5628,5.005336e-05
5629,4.999307e-05
5630,4.993285e-05
5631,4.987270e-05
5632,4.981263e-05
5633,4.975263e-05
5634,4.969270e-05
5635,4.963284e-05
5636,4.957305e-05
5637,4.951334e-05
5638,4.945370e-05
5639,4.939413e-05
5640,4.933463e-05
5641,4.927521e-05
5642,4.921585e-05
5643,4.915657e-05
5644,4.909736e-05
5645,4.903822e-05
5646,4.897915e-05
5647,4.892015e-05
5648,4.886123e-05
5649,4.880237e-05
5650,4.874359e-05
5651,4.868487e-05
5652,4.862623e-05
5653,4.856766e-05
5654,4.850916e-05
5655,4.845072e-05
5656,4.839236e-05
5657,4.833407e-05
5658,4.827585e-05
5659,4.821770e-05
5660,4.815962e-05
5661,4.810161e-05
5662,4.804367e-05
5663,4.798580e-05
5664,4.792800e-05
5665,4.787027e-05
5666,4.781261e-05
5667,4.775501e-05
5668,4.769749e-05
5669,4.764004e-05
5670,4.758265e-05
5671,4.752534e-05
5672,4.746809e-05
5673,4.741091e-05
5674,4.735380e-05
5675,4.729676e-05
5676,4.723979e-05
5677,4.718289e-05
5678,4.712606e-05
5679,4.706929e-05
5680,4.701260e-05
5681,4.695597e-05
5682,4.689941e-05
5683,4.684291e-05
5684,4.678649e-05
5685,4.673013e-05
5686,4.667384e-05
5687,4.661762e-05
5688,4.656147e-05
5689,4.650539e-05
5690,4.644937e-05
5691,4.639342e-05
5692,4.633753e-05
5693,4.628172e-05
5694,4.622597e-05
5695,4.617029e-05
5696,4.611468e-05
5697,4.605913e-05
5698,4.600365e-05
5699,4.594823e-05
5700,4.589289e-05
5701,4.583761e-05
5702,4.578239e-05
5703,4.572725e-05
5704,4.567217e-05
5705,4.561715e-05
5706,4.556220e-05
5707,4.550732e-05
5708,4.545251e-05
5709,4.539776e-05
5710,4.534307e-05
5711,4.528846e-05
5712,4.523390e-05
5713,4.517942e-05
5714,4.512500e-05
5715,4.507064e-05
5716,4.501635e-05
5717,4.496213e-05
5718,4.490797e-05
5719,4.485388e-05
5720,4.479985e-05
5721,4.474589e-05
5722,4.469199e-05
5723,4.463815e-05
5724,4.458438e-05
5725,4.453068e-05
5726,4.447704e-05
5727,4.442347e-05
5728,4.436996e-05
5729,4.431651e-05
5730,4.426313e-05
5731,4.420981e-05
5732,4.415656e-05
5733,4.410337e-05
5734,4.405025e-05
5735,4.399719e-05
5736,4.394419e-05
5737,4.389126e-05
5738,4.383839e-05
5739,4.378558e-05
5740,4.373284e-05
5741,4.368016e-05
5742,4.362755e-05
5743,4.357500e-05
5744,4.352251e-05
5745,4.347009e-05
5746,4.341772e-05
5747,4.336543e-05
5748,4.331319e-05
5749,4.326102e-05
5750,4.320891e-05
5751,4.315686e-05
5752,4.310488e-05
5753,4.305295e-05
5754,4.300110e-05
5755,4.294930e-05
5756,4.289756e-05
5757,4.284589e-05
5758,4.279428e-05
5759,4.274273e-05
5760,4.269125e-05
5761,4.263983e-05
5762,4.258846e-05
5763,4.253716e-05
5764,4.248593e-05
5765,4.243475e-05
5766,4.238364e-05
5767,4.233258e-05
5768,4.228159e-05
5769,4.223066e-05
5770,4.217979e-05
5771,4.212899e-05
5772,4.207824e-05
5773,4.202755e-05
5774,4.197693e-05
5775,4.192637e-05
5776,4.187586e-05
5777,4.182542e-05
5778,4.177504e-05
5779,4.172472e-05
5780,4.167446e-05
5781,4.162427e-05
5782,4.157413e-05
5783,4.152405e-05
5784,4.147403e-05
5785,4.142407e-05
5786,4.137418e-05
5787,4.132434e-05
5788,4.127456e-05
5789,4.122485e-05
5790,4.117519e-05
5791,4.112559e-05
5792,4.107605e-05
5793,4.102658e-05
5794,4.097716e-05
5795,4.092780e-05
5796,4.087850e-05
5797,4.082926e-05
5798,4.078008e-05
5799,4.073096e-05
5800,4.068190e-05
5801,4.063289e-05
5802,4.058395e-05
5803,4.053506e-05
5804,4.048624e-05
5805,4.043747e-05
5806,4.038876e-05
5807,4.034011e-05
5808,4.029152e-05
5809,4.024299e-05
5810,4.019451e-05
5811,4.014610e-05
5812,4.009774e-05
5813,4.004944e-05
5814,4.000120e-05
5815,3.995301e-05
5816,3.990489e-05
5817,3.985682e-05
5818,3.980881e-05
5819,3.976086e-05
5820,3.971297e-05
5821,3.966513e-05
5822,3.961735e-05
5823,3.956963e-05
5824,3.952197e-05
5825,3.947436e-05
5826,3.942681e-05
5827,3.937932e-05
5828,3.933189e-05
5829,3.928451e-05
5830,3.923719e-05
5831,3.918993e-05
5832,3.914272e-05
5833,3.909557e-05
5834,3.904848e-05
5835,3.900145e-05
5836,3.895447e-05
5837,3.890754e-05
5838,3.886068e-05
5839,3.881387e-05
5840,3.876712e-05
5841,3.872042e-05
5842,3.867378e-05
5843,3.862720e-05
5844,3.858067e-05
5845,3.853419e-05
5846,3.848778e-05
5847,3.844142e-05
5848,3.839511e-05
5849,3.834887e-05
5850,3.830267e-05
5851,3.825654e-05
5852,3.821045e-05
5853,3.816443e-05
5854,3.811846e-05
5855,3.807254e-05
5856,3.802668e-05
5857,3.798088e-05
5858,3.793513e-05
5859,3.788943e-05
5860,3.784379e-05
5861,3.779821e-05
5862,3.775268e-05
5863,3.770720e-05
5864,3.766178e-05
5865,3.761642e-05
5866,3.757111e-05
5867,3.752585e-05
5868,3.748065e-05
5869,3.743550e-05
5870,3.739041e-05
5871,3.734537e-05
5872,3.730039e-05
5873,3.725546e-05
5874,3.721058e-05
5875,3.716576e-05
5876,3.712099e-05
5877,3.707628e-05
5878,3.703162e-05
5879,3.698701e-05
5880,3.694246e-05
5881,3.689796e-05
5882,3.685352e-05
5883,3.680912e-05
5884,3.676479e-05
5885,3.672050e-05
5886,3.667627e-05
5887,3.663209e-05
5888,3.658797e-05
5889,3.654390e-05
5890,3.649988e-05
5891,3.645591e-05
5892,3.641200e-05
5893,3.636814e-05
5894,3.632433e-05
5895,3.628058e-05
5896,3.623688e-05
5897,3.619323e-05
5898,3.614963e-05
5899,3.610609e-05
5900,3.606260e-05
5901,3.601916e-05
5902,3.597577e-05
5903,3.593244e-05
5904,3.588915e-05
5905,3.584592e-05
5906,3.580274e-05
5907,3.575962e-05
5908,3.571654e-05
5909,3.567352e-05
5910,3.563055e-05
5911,3.558763e-05
5912,3.554477e-05
5913,3.550195e-05
5914,3.545919e-05
5915,3.541648e-05
5916,3.537382e-05
5917,3.533121e-05
5918,3.528865e-05
5919,3.524614e-05
5920,3.520369e-05
5921,3.516128e-05
5922,3.511893e-05
5923,3.507663e-05
5924,3.503437e-05
5925,3.499217e-05
5926,3.495002e-05
5927,3.490793e-05
5928,3.486588e-05
5929,3.482388e-05
5930,3.478193e-05
5931,3.474004e-05
5932,3.469819e-05
5933,3.465640e-05
5934,3.461465e-05
5935,3.457296e-05
5936,3.453131e-05
5937,3.448972e-05
5938,3.444817e-05
5939,3.440668e-05
5940,3.436523e-05
5941,3.432384e-05
5942,3.428249e-05
5943,3.424120e-05
5944,3.419995e-05
5945,3.415876e-05
5946,3.411761e-05
5947,3.407652e-05
5948,3.403547e-05
5949,3.399447e-05
5950,3.395353e-05
5951,3.391263e-05
5952,3.387178e-05
5953,3.383098e-05
5954,3.379023e-05
5955,3.374953e-05
5956,3.370887e-05
5957,3.366827e-05
5958,3.362771e-05
5959,3.358721e-05
5960,3.354675e-05
5961,3.350634e-05
5962,3.346598e-05
5963,3.342567e-05
5964,3.338541e-05
5965,3.334519e-05
5966,3.330503e-05
5967,3.326491e-05
5968,3.322484e-05
5969,3.318482e-05
5970,3.314485e-05
5971,3.310492e-05
5972,3.306505e-05
5973,3.302522e-05
5974,3.298544e-05
5975,3.294571e-05
5976,3.290602e-05
5977,3.286639e-05
5978,3.282680e-05
5979,3.278725e-05
5980,3.274776e-05
5981,3.270832e-05
5982,3.266892e-05
5983,3.262957e-05
5984,3.259026e-05
5985,3.255101e-05
5986,3.251180e-05
5987,3.247263e-05
5988,3.243352e-05
5989,3.239445e-05
5990,3.235543e-05
5991,3.231646e-05
5992,3.227753e-05
5993,3.223865e-05
5994,3.219982e-05
5995,3.216103e-05
5996,3.212229e-05
5997,3.208360e-05
5998,3.204495e-05
5999,3.200635e-05
6000,3.196780e-05
6001,3.192930e-05
6002,3.189083e-05
6003,3.185242e-05
6004,3.181405e-05
6005,3.177573e-05
6006,3.173746e-05
6007,3.169923e-05
6008,3.166104e-05
6009,3.162291e-05
6010,3.158482e-05
6011,3.154677e-05
6012,3.150877e-05
6013,3.147082e-05
6014,3.143291e-05
6015,3.139505e-05
6016,3.135723e-05
6017,3.131946e-05
6018,3.128173e-05
6019,3.124405e-05
6020,3.120642e-05
6021,3.116883e-05
6022,3.113129e-05
6023,3.109379e-05
6024,3.105633e-05
6025,3.101892e-05
6026,3.098156e-05
6027,3.094424e-05
6028,3.090697e-05
6029,3.086974e-05
6030,3.083255e-05
6031,3.079542e-05
6032,3.075832e-05
6033,3.072127e-05
6034,3.068427e-05
6035,3.064731e-05
6036,3.061039e-05
6037,3.057352e-05
6038,3.053669e-05
6039,3.049991e-05
6040,3.046317e-05
6041,3.042648e-05
6042,3.038983e-05
6043,3.035322e-05
6044,3.031666e-05
6045,3.028014e-05
6046,3.024367e-05
6047,3.020724e-05
6048,3.017085e-05
6049,3.013451e-05
6050,3.009821e-05
6051,3.006196e-05
6052,3.002574e-05
6053,2.998958e-05
6054,2.995345e-05
6055,2.991737e-05
6056,2.988134e-05
6057,2.984534e-05
6058,2.980939e-05
6059,2.977349e-05
6060,2.973762e-05
6061,2.970180e-05
6062,2.966603e-05
6063,2.963029e-05
6064,2.959460e-05
6065,2.955895e-05
6066,2.952335e-05
6067,2.948779e-05
6068,2.945227e-05
6069,2.941679e-05
6070,2.938136e-05
6071,2.934596e-05
6072,2.931062e-05
6073,2.927531e-05
6074,2.924005e-05
6075,2.920483e-05
6076,2.916965e-05
6077,2.913451e-05
6078,2.909942e-05
6079,2.906437e-05
6080,2.902936e-05
6081,2.899439e-05
6082,2.895946e-05
6083,2.892458e-05
6084,2.888974e-05
6085,2.885494e-05
6086,2.882018e-05
6087,2.878547e-05
6088,2.875080e-05
6089,2.871616e-05
6090,2.868157e-05
6091,2.864703e-05
6092,2.861252e-05
6093,2.857805e-05
6094,2.854363e-05
6095,2.850925e-05
6096,2.847491e-05
6097,2.844061e-05
6098,2.840635e-05
6099,2.837213e-05
6100,2.833796e-05
6101,2.830382e-05
6102,2.826973e-05
6103,2.823568e-05
6104,2.820167e-05
6105,2.816770e-05
6106,2.813377e-05
6107,2.809988e-05
6108,2.806603e-05
6109,2.803223e-05
6110,2.799846e-05
6111,2.796473e-05
6112,2.793105e-05
6113,2.789741e-05
6114,2.786380e-05
6115,2.783024e-05
6116,2.779672e-05
6117,2.776323e-05
6118,2.772979e-05
6119,2.769639e-05
6120,2.766303e-05
6121,2.762971e-05
6122,2.759643e-05
6123,2.756319e-05
6124,2.752998e-05
6125,2.749682e-05
6126,2.746370e-05
6127,2.743062e-05
6128,2.739758e-05
6129,2.736458e-05
6130,2.733162e-05
6131,2.729869e-05
6132,2.726581e-05
6133,2.723297e-05
6134,2.720017e-05
6135,2.716740e-05
6136,2.713468e-05
6137,2.710199e-05
6138,2.706935e-05
6139,2.703674e-05
6140,2.700417e-05
6141,2.697165e-05
6142,2.693916e-05
6143,2.690671e-05
6144,2.687430e-05
6145,2.684193e-05
6146,2.680959e-05
6147,2.677730e-05
6148,2.674505e-05
6149,2.671283e-05
6150,2.668065e-05
6151,2.664852e-05
6152,2.661642e-05
6153,2.658436e-05
6154,2.655233e-05
6155,2.652035e-05
6156,2.648841e-05
6157,2.645650e-05
6158,2.642463e-05
6159,2.639280e-05
6160,2.636101e-05
6161,2.632926e-05
6162,2.629754e-05
6163,2.626587e-05
6164,2.623423e-05
6165,2.620263e-05
6166,2.617106e-05
6167,2.613954e-05
6168,2.610805e-05
6169,2.607661e-05
6170,2.604520e-05
6171,2.601382e-05
6172,2.598249e-05
6173,2.595119e-05
6174,2.591993e-05
6175,2.588871e-05
6176,2.585753e-05
6177,2.582638e-05
6178,2.579527e-05
6179,2.576420e-05
6180,2.573317e-05
6181,2.570217e-05
6182,2.567121e-05
6183,2.564029e-05
6184,2.560940e-05
6185,2.557855e-05
6186,2.554774e-05
6187,2.551697e-05
6188,2.548623e-05
6189,2.545553e-05
6190,2.542487e-05
6191,2.539425e-05
6192,2.536366e-05
6193,2.533311e-05
6194,2.530259e-05
6195,2.527211e-05
6196,2.524167e-05
6197,2.521127e-05
6198,2.518090e-05
6199,2.515057e-05
6200,2.512027e-05
6201,2.509002e-05
6202,2.505979e-05
6203,2.502961e-05
6204,2.499946e-05
6205,2.496935e-05
6206,2.493927e-05
6207,2.490923e-05
6208,2.487922e-05
6209,2.484926e-05
6210,2.481932e-05
6211,2.478943e-05
6212,2.475957e-05
6213,2.472974e-05
6214,2.469996e-05
6215,2.467020e-05
6216,2.464049e-05
6217,2.461081e-05
6218,2.458116e-05
6219,2.455155e-05
6220,2.452198e-05
6221,2.449244e-05
6222,2.446294e-05
6223,2.443347e-05
6224,2.440404e-05
6225,2.437465e-05
6226,2.434529e-05
6227,2.431596e-05
6228,2.428667e-05
6229,2.425742e-05
6230,2.422820e-05
6231,2.419901e-05
6232,2.416986e-05
6233,2.414075e-05
6234,2.411167e-05
6235,2.408263e-05
6236,2.405362e-05
6237,2.402465e-05
6238,2.399571e-05
6239,2.396680e-05
6240,2.393793e-05
6241,2.390910e-05
6242,2.388030e-05
6243,2.385154e-05
6244,2.382281e-05
6245,2.379411e-05
6246,2.376545e-05
6247,2.373682e-05
6248,2.370823e-05
6249,2.367967e-05
6250,2.365115e-05
6251,2.362266e-05
6252,2.359421e-05
6253,2.356579e-05
6254,2.353740e-05
6255,2.350905e-05
6256,2.348073e-05
6257,2.345245e-05
6258,2.342420e-05
6259,2.339598e-05
6260,2.336780e-05
6261,2.333965e-05
6262,2.331154e-05
6263,2.328346e-05
6264,2.325541e-05
6265,2.322740e-05
6266,2.319942e-05
6267,2.317148e-05
6268,2.314357e-05
6269,2.311569e-05
6270,2.308785e-05
6271,2.306004e-05
6272,2.303226e-05
6273,2.300452e-05
6274,2.297681e-05
6275,2.294913e-05
6276,2.292149e-05
6277,2.289388e-05
6278,2.286630e-05
6279,2.283876e-05
6280,2.281125e-05
6281,2.278377e-05
6282,2.275632e-05
6283,2.272891e-05
6284,2.270154e-05
6285,2.267419e-05
6286,2.264688e-05
6287,2.261960e-05
6288,2.259235e-05
6289,2.256514e-05
6290,2.253796e-05
6291,2.251081e-05
6292,2.248370e-05
6293,2.245661e-05
6294,2.242956e-05
6295,2.240255e-05
6296,2.237556e-05
6297,2.234861e-05
6298,2.232169e-05
6299,2.229480e-05
6300,2.226795e-05
6301,2.224112e-05
6302,2.221433e-05
6303,2.218757e-05
6304,2.216085e-05
6305,2.213416e-05
6306,2.210749e-05
6307,2.208086e-05
6308,2.205427e-05
6309,2.202770e-05
6310,2.200117e-05
6311,2.197467e-05
6312,2.194820e-05
6313,2.192176e-05
6314,2.189535e-05
6315,2.186898e-05
6316,2.184264e-05
6317,2.181633e-05
6318,2.179005e-05
6319,2.176380e-05
6320,2.173759e-05
6321,2.171140e-05
6322,2.168525e-05
6323,2.165913e-05
6324,2.163304e-05
6325,2.160698e-05
6326,2.158096e-05
6327,2.155496e-05
6328,2.152900e-05
6329,2.150306e-05
6330,2.147716e-05
6331,2.145129e-05
6332,2.142545e-05
6333,2.139965e-05
6334,2.137387e-05
6335,2.134812e-05
6336,2.132241e-05
6337,2.129672e-05
6338,2.127107e-05
6339,2.124545e-05
6340,2.121986e-05
6341,2.119430e-05
6342,2.116877e-05
6343,2.114327e-05
6344,2.111780e-05
6345,2.109236e-05
6346,2.106696e-05
6347,2.104158e-05
6348,2.101624e-05
6349,2.099092e-05
6350,2.096564e-05
6351,2.094038e-05
6352,2.091516e-05
6353,2.088997e-05
6354,2.086480e-05
6355,2.083967e-05
6356,2.081457e-05
6357,2.078950e-05
6358,2.076445e-05
6359,2.073944e-05
6360,2.071446e-05
6361,2.068951e-05
6362,2.066459e-05
6363,2.063970e-05
6364,2.061484e-05
6365,2.059000e-05
6366,2.056520e-05
6367,2.054043e-05
6368,2.051569e-05
6369,2.049098e-05
6370,2.046629e-05
6371,2.044164e-05
6372,2.041702e-05
6373,2.039243e-05
6374,2.036786e-05
6375,2.034333e-05
6376,2.031882e-05
6377,2.029435e-05
6378,2.026990e-05
6379,2.024549e-05
6380,2.022110e-05
6381,2.019674e-05
6382,2.017242e-05
6383,2.014812e-05
6384,2.012385e-05
6385,2.009961e-05
6386,2.007540e-05
6387,2.005122e-05
6388,2.002706e-05
6389,2.000294e-05
6390,1.997884e-05
6391,1.995478e-05
6392,1.993074e-05
6393,1.990674e-05
6394,1.988276e-05
6395,1.985881e-05
6396,1.983489e-05
6397,1.981099e-05
6398,1.978713e-05
6399,1.976330e-05
6400,1.973949e-05
6401,1.971571e-05
6402,1.969197e-05
6403,1.966825e-05
6404,1.964455e-05
6405,1.962089e-05
6406,1.959726e-05
6407,1.957365e-05
6408,1.955007e-05
6409,1.952653e-05
6410,1.950301e-05
6411,1.947951e-05
6412,1.945605e-05
6413,1.943261e-05
6414,1.940921e-05
6415,1.938583e-05
6416,1.936248e-05
6417,1.933915e-05
6418,1.931586e-05
6419,1.929259e-05
6420,1.926935e-05
6421,1.924614e-05
6422,1.922296e-05
6423,1.919980e-05
6424,1.917668e-05
6425,1.915358e-05
6426,1.913051e-05
6427,1.910746e-05
6428,1.908445e-05
6429,1.906146e-05
6430,1.903850e-05
6431,1.901557e-05
6432,1.899266e-05
6433,1.896978e-05
6434,1.894693e-05
6435,1.892411e-05
6436,1.890132e-05
6437,1.887855e-05
6438,1.885581e-05
6439,1.883310e-05
6440,1.881041e-05
6441,1.878775e-05
6442,1.876512e-05
6443,1.874252e-05
6444,1.871994e-05
6445,1.869739e-05
6446,1.867487e-05
6447,1.865238e-05
6448,1.862991e-05
6449,1.860747e-05
6450,1.858506e-05
6451,1.856267e-05
6452,1.854031e-05
6453,1.851798e-05
6454,1.849567e-05
6455,1.847339e-05
6456,1.845114e-05
6457,1.842891e-05
6458,1.840672e-05
6459,1.838454e-05
6460,1.836240e-05
6461,1.834028e-05
6462,1.831819e-05
6463,1.829612e-05
6464,1.827409e-05
6465,1.825207e-05
6466,1.823009e-05
6467,1.820813e-05
6468,1.818620e-05
6469,1.816429e-05
6470,1.814241e-05
6471,1.812056e-05
6472,1.809873e-05
6473,1.807693e-05
6474,1.805516e-05
6475,1.803341e-05
6476,1.801169e-05
6477,1.798999e-05
6478,1.796832e-05
6479,1.794668e-05
6480,1.792506e-05
6481,1.790347e-05
6482,1.788190e-05
6483,1.786036e-05
6484,1.783885e-05
6485,1.781736e-05
6486,1.779590e-05
6487,1.777446e-05
6488,1.775305e-05
6489,1.773167e-05
6490,1.771031e-05
6491,1.768898e-05
6492,1.766767e-05
6493,1.764639e-05
6494,1.762513e-05
6495,1.760390e-05
6496,1.758270e-05
6497,1.756152e-05
6498,1.754037e-05
6499,1.751924e-05
6500,1.749813e-05
6501,1.747706e-05
6502,1.745601e-05
6503,1.743498e-05
6504,1.741398e-05
6505,1.739300e-05
6506,1.737205e-05
6507,1.735113e-05
6508,1.733023e-05
6509,1.730935e-05
6510,1.728850e-05
6511,1.726768e-05
6512,1.724688e-05
6513,1.722610e-05
6514,1.720535e-05
6515,1.718463e-05
6516,1.716393e-05
6517,1.714325e-05
6518,1.712260e-05
6519,1.710198e-05
6520,1.708138e-05
6521,1.706080e-05
6522,1.704025e-05
6523,1.701973e-05
6524,1.699923e-05
6525,1.697875e-05
6526,1.695830e-05
6527,1.693787e-05
6528,1.691747e-05
6529,1.689709e-05
6530,1.687674e-05
6531,1.685641e-05
6532,1.683610e-05
6533,1.681582e-05
6534,1.679557e-05
6535,1.677534e-05
6536,1.675513e-05
6537,1.673495e-05
6538,1.671479e-05
6539,1.669466e-05
6540,1.667455e-05
6541,1.665446e-05
6542,1.663440e-05
6543,1.661436e-05
6544,1.659435e-05
6545,1.657436e-05
6546,1.655440e-05
6547,1.653446e-05
6548,1.651454e-05
6549,1.649465e-05
6550,1.647478e-05
6551,1.645494e-05
6552,1.643512e-05
6553,1.641532e-05
6554,1.639555e-05
6555,1.637580e-05
6556,1.635607e-05
6557,1.633637e-05
6558,1.631669e-05
6559,1.629704e-05
6560,1.627741e-05
6561,1.625780e-05
6562,1.623822e-05
6563,1.621866e-05
6564,1.619912e-05
6565,1.617961e-05
6566,1.616012e-05
6567,1.614065e-05
6568,1.612121e-05
6569,1.610179e-05
6570,1.608240e-05
6571,1.606303e-05
6572,1.604368e-05
6573,1.602435e-05
6574,1.600505e-05
6575,1.598577e-05
6576,1.596652e-05
6577,1.594728e-05
6578,1.592807e-05
6579,1.590889e-05
6580,1.588973e-05
6581,1.587059e-05
6582,1.585147e-05
6583,1.583237e-05
6584,1.581330e-05
6585,1.579426e-05
6586,1.577523e-05
6587,1.575623e-05
6588,1.573725e-05
6589,1.571829e-05
6590,1.569936e-05
6591,1.568045e-05
6592,1.566156e-05
6593,1.564270e-05
6594,1.562386e-05
6595,1.560504e-05
6596,1.558624e-05
6597,1.556746e-05
6598,1.554871e-05
6599,1.552998e-05
6600,1.551128e-05
6601,1.549259e-05
6602,1.547393e-05
6603,1.545529e-05
6604,1.543668e-05
6605,1.541808e-05
6606,1.539951e-05
6607,1.538096e-05
6608,1.536243e-05
6609,1.534393e-05
6610,1.532545e-05
6611,1.530699e-05
6612,1.528855e-05
6613,1.527013e-05
6614,1.525174e-05
6615,1.523337e-05
6616,1.521502e-05
6617,1.519669e-05
6618,1.517839e-05
6619,1.516010e-05
6620,1.514184e-05
6621,1.512360e-05
6622,1.510539e-05
6623,1.508719e-05
6624,1.506902e-05
6625,1.505087e-05
6626,1.503274e-05
6627,1.501463e-05
6628,1.499654e-05
6629,1.497848e-05
6630,1.496044e-05
6631,1.494242e-05
6632,1.492442e-05
6633,1.490644e-05
6634,1.488849e-05
6635,1.487055e-05
6636,1.485264e-05
6637,1.483475e-05
6638,1.481688e-05
6639,1.479903e-05
6640,1.478121e-05
6641,1.476340e-05
6642,1.474562e-05
6643,1.472786e-05
6644,1.471012e-05
6645,1.469240e-05
6646,1.467470e-05
6647,1.465702e-05
6648,1.463937e-05
6649,1.462173e-05
6650,1.460412e-05
6651,1.458653e-05
6652,1.456896e-05
6653,1.455141e-05
6654,1.453388e-05
6655,1.451638e-05
6656,1.449889e-05
6657,1.448143e-05
6658,1.446398e-05
6659,1.444656e-05
6660,1.442916e-05
6661,1.441178e-05
6662,1.439442e-05
6663,1.437708e-05
6664,1.435976e-05
6665,1.434247e-05
6666,1.432519e-05
6667,1.430793e-05
6668,1.429070e-05
6669,1.427349e-05
6670,1.425629e-05
6671,1.423912e-05
6672,1.422197e-05
6673,1.420484e-05
6674,1.418773e-05
6675,1.417064e-05
6676,1.415357e-05
6677,1.413652e-05
6678,1.411949e-05
6679,1.410248e-05
6680,1.408550e-05
6681,1.406853e-05
6682,1.405158e-05
6683,1.403466e-05
6684,1.401775e-05
6685,1.400087e-05
6686,1.398400e-05
6687,1.396716e-05
6688,1.395034e-05
6689,1.393353e-05
6690,1.391675e-05
6691,1.389998e-05
6692,1.388324e-05
6693,1.386652e-05
6694,1.384982e-05
6695,1.383313e-05
6696,1.381647e-05
6697,1.379983e-05
6698,1.378321e-05
6699,1.376660e-05
6700,1.375002e-05
6701,1.373346e-05
6702,1.371692e-05
6703,1.370039e-05
6704,1.368389e-05
6705,1.366741e-05
6706,1.365094e-05
6707,1.363450e-05
6708,1.361808e-05
6709,1.360167e-05
6710,1.358529e-05
6711,1.356893e-05
6712,1.355258e-05
6713,1.353626e-05
6714,1.351995e-05
6715,1.350367e-05
6716,1.348740e-05
6717,1.347115e-05
6718,1.345493e-05
6719,1.343872e-05
6720,1.342253e-05
6721,1.340637e-05
6722,1.339022e-05
6723,1.337409e-05
6724,1.335798e-05
6725,1.334189e-05
6726,1.332582e-05
6727,1.330977e-05
6728,1.329373e-05
6729,1.327772e-05
6730,1.326173e-05
6731,1.324575e-05
6732,1.322980e-05
6733,1.321386e-05
6734,1.319795e-05
6735,1.318205e-05
6736,1.316617e-05
6737,1.315031e-05
6738,1.313447e-05
6739,1.311865e-05
6740,1.310285e-05
6741,1.308706e-05
6742,1.307130e-05
6743,1.305555e-05
6744,1.303983e-05
6745,1.302412e-05
6746,1.300843e-05
6747,1.299276e-05
6748,1.297711e-05
6749,1.296148e-05
6750,1.294587e-05
6751,1.293028e-05
6752,1.291470e-05
6753,1.289914e-05
6754,1.288361e-05
6755,1.286809e-05
6756,1.285259e-05
6757,1.283711e-05
6758,1.282164e-05
6759,1.280620e-05
6760,1.279077e-05
6761,1.277537e-05
6762,1.275998e-05
6763,1.274461e-05
6764,1.272926e-05
6765,1.271392e-05
6766,1.269861e-05
6767,1.268331e-05
6768,1.266804e-05
6769,1.265278e-05
6770,1.263754e-05
6771,1.262231e-05
6772,1.260711e-05
6773,1.259192e-05
6774,1.257676e-05
6775,1.256161e-05
6776,1.254648e-05
6777,1.253136e-05
6778,1.251627e-05
6779,1.250119e-05
6780,1.248613e-05
6781,1.247109e-05
6782,1.245607e-05
6783,1.244107e-05
6784,1.242608e-05
6785,1.241111e-05
6786,1.239616e-05
6787,1.238123e-05
6788,1.236632e-05
6789,1.235142e-05
6790,1.233655e-05
6791,1.232169e-05
6792,1.230684e-05
6793,1.229202e-05
6794,1.227721e-05
6795,1.226242e-05
6796,1.224765e-05
6797,1.223290e-05
6798,1.221817e-05
6799,1.220345e-05
6800,1.218875e-05
6801,1.217407e-05
6802,1.215940e-05
6803,1.214476e-05
6804,1.213013e-05
6805,1.211552e-05
6806,1.210092e-05
6807,1.208635e-05
6808,1.207179e-05
6809,1.205725e-05
6810,1.204272e-05
6811,1.202822e-05
6812,1.201373e-05
6813,1.199926e-05
6814,1.198480e-05
6815,1.197037e-05
6816,1.195595e-05
6817,1.194155e-05
6818,1.192716e-05
6819,1.191280e-05
6820,1.189845e-05
6821,1.188412e-05
6822,1.186980e-05
6823,1.185550e-05
6824,1.184122e-05
6825,1.182696e-05
6826,1.181271e-05
6827,1.179848e-05
6828,1.178427e-05
6829,1.177008e-05
6830,1.175590e-05
6831,1.174174e-05
6832,1.172760e-05
6833,1.171347e-05
6834,1.169936e-05
6835,1.168527e-05
6836,1.167119e-05
6837,1.165713e-05
6838,1.164309e-05
6839,1.162907e-05
6840,1.161506e-05
6841,1.160107e-05
6842,1.158710e-05
6843,1.157314e-05
6844,1.155920e-05
6845,1.154527e-05
6846,1.153137e-05
6847,1.151748e-05
6848,1.150360e-05
6849,1.148975e-05
6850,1.147591e-05
6851,1.146208e-05
6852,1.144828e-05
6853,1.143449e-05
6854,1.142071e-05
6855,1.140696e-05
6856,1.139322e-05
6857,1.137949e-05
6858,1.136579e-05
6859,1.135210e-05
6860,1.133842e-05
6861,1.132476e-05
6862,1.131112e-05
6863,1.129750e-05
6864,1.128389e-05
6865,1.127030e-05
6866,1.125672e-05
6867,1.124316e-05
6868,1.122962e-05
6869,1.121609e-05
6870,1.120258e-05
6871,1.118909e-05
6872,1.117561e-05
6873,1.116215e-05
6874,1.114871e-05
6875,1.113528e-05
6876,1.112186e-05
6877,1.110847e-05
6878,1.109509e-05
6879,1.108172e-05
6880,1.106837e-05
6881,1.105504e-05
6882,1.104172e-05
6883,1.102842e-05
6884,1.101514e-05
6885,1.100187e-05
6886,1.098862e-05
6887,1.097538e-05
6888,1.096216e-05
6889,1.094896e-05
6890,1.093577e-05
6891,1.092260e-05
6892,1.090944e-05
6893,1.089630e-05
6894,1.088317e-05
6895,1.087007e-05
6896,1.085697e-05
6897,1.084389e-05
6898,1.083083e-05
6899,1.081779e-05
6900,1.080476e-05
6901,1.079174e-05
6902,1.077874e-05
6903,1.076576e-05
6904,1.075279e-05
6905,1.073984e-05
6906,1.072690e-05
6907,1.071398e-05
6908,1.070107e-05
6909,1.068818e-05
6910,1.067531e-05
6911,1.066245e-05
6912,1.064961e-05
6913,1.063678e-05
6914,1.062397e-05
6915,1.061117e-05
6916,1.059839e-05
6917,1.058562e-05
6918,1.057287e-05
6919,1.056014e-05
6920,1.054742e-05
6921,1.053471e-05
6922,1.052202e-05
6923,1.050935e-05
6924,1.049669e-05
6925,1.048405e-05
6926,1.047142e-05
6927,1.045880e-05
6928,1.044621e-05
6929,1.043362e-05
6930,1.042105e-05
6931,1.040850e-05
6932,1.039596e-05
6933,1.038344e-05
6934,1.037093e-05
6935,1.035844e-05
6936,1.034597e-05
6937,1.033350e-05
6938,1.032106e-05
6939,1.030862e-05
6940,1.029621e-05
6941,1.028380e-05
6942,1.027142e-05
6943,1.025904e-05
6944,1.024669e-05
6945,1.023434e-05
6946,1.022202e-05
6947,1.020970e-05
6948,1.019741e-05
6949,1.018512e-05
6950,1.017285e-05
6951,1.016060e-05
6952,1.014836e-05
6953,1.013614e-05
6954,1.012393e-05
6955,1.011173e-05
6956,1.009955e-05
6957,1.008739e-05
6958,1.007524e-05
6959,1.006310e-05
6960,1.005098e-05
6961,1.003887e-05
6962,1.002678e-05
6963,1.001470e-05
6964,1.000264e-05
6965,9.990592e-06
6966,9.978557e-06
6967,9.966538e-06
6968,9.954533e-06
6969,9.942542e-06
6970,9.930566e-06
6971,9.918604e-06
6972,9.906657e-06
6973,9.894724e-06
6974,9.882805e-06
6975,9.870901e-06
6976,9.859011e-06
6977,9.847135e-06
6978,9.835274e-06
6979,9.823427e-06
6980,9.811594e-06
6981,9.799776e-06
6982,9.787971e-06
6983,9.776181e-06
6984,9.764405e-06
6985,9.752644e-06
6986,9.740896e-06
6987,9.729163e-06
6988,9.717444e-06
6989,9.705739e-06
6990,9.694048e-06
6991,9.682371e-06
6992,9.670708e-06
6993,9.659059e-06
6994,9.647424e-06
6995,9.635804e-06
6996,9.624197e-06
6997,9.612604e-06
6998,9.601025e-06
6999,9.589460e-06
7000,9.577910e-06
7001,9.566373e-06
7002,9.554849e-06
7003,9.543340e-06
7004,9.531845e-06
7005,9.520363e-06
7006,9.508896e-06
7007,9.497442e-06
7008,9.486002e-06
7009,9.474575e-06
7010,9.463163e-06
7011,9.451764e-06
7012,9.440379e-06
7013,9.429008e-06
7014,9.417650e-06
7015,9.406306e-06
7016,9.394976e-06
7017,9.383659e-06
7018,9.372356e-06
7019,9.361067e-06
7020,9.349791e-06
7021,9.338529e-06
7022,9.327280e-06
7023,9.316045e-06
7024,9.304823e-06
7025,9.293615e-06
7026,9.282421e-06
7027,9.271239e-06
7028,9.260072e-06
7029,9.248918e-06
7030,9.237777e-06
7031,9.226650e-06
7032,9.215536e-06
7033,9.204435e-06
7034,9.193348e-06
7035,9.182274e-06
7036,9.171214e-06
7037,9.160167e-06
7038,9.149133e-06
7039,9.138112e-06
7040,9.127105e-06
7041,9.116111e-06
7042,9.105130e-06
7043,9.094163e-06
7044,9.083208e-06
7045,9.072267e-06
7046,9.061339e-06
7047,9.050425e-06
7048,9.039523e-06
7049,9.028634e-06
7050,9.017759e-06
7051,9.006897e-06
7052,8.996048e-06
7053,8.985211e-06
7054,8.974388e-06
7055,8.963578e-06
7056,8.952781e-06
7057,8.941997e-06
7058,8.931226e-06
7059,8.920468e-06
7060,8.909723e-06
7061,8.898991e-06
7062,8.888272e-06
7063,8.877565e-06
7064,8.866872e-06
7065,8.856192e-06
7066,8.845524e-06
7067,8.834869e-06
7068,8.824227e-06
7069,8.813598e-06
7070,8.802982e-06
7071,8.792378e-06
7072,8.781787e-06
7073,8.771209e-06
7074,8.760644e-06
7075,8.750091e-06
7076,8.739551e-06
7077,8.729024e-06
7078,8.718510e-06
7079,8.708008e-06
7080,8.697519e-06
7081,8.687042e-06
7082,8.676578e-06
7083,8.666127e-06
7084,8.655688e-06
7085,8.645262e-06
7086,8.634848e-06
7087,8.624447e-06
7088,8.614059e-06
7089,8.603683e-06
7090,8.593319e-06
7091,8.582968e-06
7092,8.572630e-06
7093,8.562304e-06
7094,8.551990e-06
7095,8.541689e-06
7096,8.531400e-06
7097,8.521123e-06
7098,8.510859e-06
7099,8.500608e-06
7100,8.490368e-06
7101,8.480141e-06
7102,8.469927e-06
7103,8.459724e-06
7104,8.449534e-06
7105,8.439356e-06
7106,8.429191e-06
7107,8.419037e-06
7108,8.408896e-06
7109,8.398767e-06
7110,8.388651e-06
7111,8.378546e-06
7112,8.368454e-06
7113,8.358374e-06
7114,8.348306e-06
7115,8.338250e-06
7116,8.328206e-06
7117,8.318174e-06
7118,8.308155e-06
7119,8.298147e-06
7120,8.288152e-06
7121,8.278168e-06
7122,8.268197e-06
7123,8.258237e-06
7124,8.248290e-06
7125,8.238355e-06
7126,8.228431e-06
7127,8.218520e-06
7128,8.208620e-06
7129,8.198732e-06
7130,8.188857e-06
7131,8.178993e-06
7132,8.169141e-06
7133,8.159301e-06
7134,8.149472e-06
7135,8.139656e-06
7136,8.129852e-06
7137,8.120059e-06
7138,8.110278e-06
7139,8.100509e-06
7140,8.090751e-06
7141,8.081006e-06
7142,8.071272e-06
7143,8.061549e-06
7144,8.051839e-06
7145,8.042140e-06
7146,8.032453e-06
7147,8.022778e-06
7148,8.013114e-06
7149,8.003462e-06
7150,7.993821e-06
7151,7.984192e-06
7152,7.974575e-06
7153,7.964969e-06
7154,7.955375e-06
7155,7.945792e-06
7156,7.936221e-06
7157,7.926662e-06
7158,7.917114e-06
7159,7.907577e-06
7160,7.898052e-06
7161,7.888539e-06
7162,7.879037e-06
7163,7.869546e-06
7164,7.860067e-06
7165,7.850599e-06
7166,7.841143e-06
7167,7.831698e-06
7168,7.822264e-06
7169,7.812842e-06
7170,7.803431e-06
7171,7.794031e-06
7172,7.784643e-06
7173,7.775266e-06
7174,7.765900e-06
7175,7.756546e-06
7176,7.747203e-06
7177,7.737871e-06
7178,7.728550e-06
7179,7.719241e-06
7180,7.709943e-06
7181,7.700656e-06
7182,7.691380e-06
7183,7.682116e-06
7184,7.672862e-06
7185,7.663620e-06
7186,7.654389e-06
7187,7.645169e-06
7188,7.635960e-06
7189,7.626762e-06
7190,7.617575e-06
7191,7.608399e-06
7192,7.599235e-06
7193,7.590081e-06
7194,7.580939e-06
7195,7.571807e-06
7196,7.562686e-06
7197,7.553577e-06
7198,7.544478e-06
7199,7.535391e-06
7200,7.526314e-06
7201,7.517248e-06
7202,7.508193e-06
7203,7.499149e-06
7204,7.490116e-06
7205,7.481094e-06
7206,7.472083e-06
7207,7.463082e-06
7208,7.454093e-06
7209,7.445114e-06
7210,7.436146e-06
7211,7.427189e-06
7212,7.418242e-06
7213,7.409307e-06
7214,7.400382e-06
7215,7.391468e-06
7216,7.382565e-06
7217,7.373672e-06
7218,7.364790e-06
7219,7.355919e-06
7220,7.347058e-06
7221,7.338208e-06
7222,7.329369e-06
7223,7.320541e-06
7224,7.311723e-06
7225,7.302915e-06
7226,7.294119e-06
7227,7.285333e-06
7228,7.276557e-06
7229,7.267792e-06
7230,7.259038e-06
7231,7.250294e-06
7232,7.241561e-06
7233,7.232838e-06
7234,7.224126e-06
7235,7.215424e-06
7236,7.206733e-06
7237,7.198052e-06
7238,7.189381e-06
7239,7.180722e-06
7240,7.172072e-06
7241,7.163433e-06
7242,7.154804e-06
7243,7.146186e-06
7244,7.137578e-06
7245,7.128981e-06
7246,7.120393e-06
7247,7.111817e-06
7248,7.103250e-06
7249,7.094694e-06
7250,7.086148e-06
7251,7.077612e-06
7252,7.069087e-06
7253,7.060572e-06
7254,7.052067e-06
7255,7.043573e-06
7256,7.035089e-06
7257,7.026614e-06
7258,7.018151e-06
7259,7.009697e-06
7260,7.001253e-06
7261,6.992820e-06
7262,6.984397e-06
7263,6.975984e-06
7264,6.967581e-06
7265,6.959188e-06
7266,6.950806e-06
7267,6.942433e-06
7268,6.934071e-06
7269,6.925718e-06
7270,6.917376e-06
7271,6.909044e-06
7272,6.900721e-06
7273,6.892409e-06
7274,6.884107e-06
7275,6.875815e-06
7276,6.867533e-06
7277,6.859260e-06
7278,6.850998e-06
7279,6.842746e-06
7280,6.834503e-06
7281,6.826271e-06
7282,6.818048e-06
7283,6.809836e-06
7284,6.801633e-06
7285,6.793440e-06
7286,6.785257e-06
7287,6.777084e-06
7288,6.768921e-06
7289,6.760767e-06
7290,6.752624e-06
7291,6.744490e-06
7292,6.736366e-06
7293,6.728251e-06
7294,6.720147e-06
7295,6.712052e-06
7296,6.703967e-06
7297,6.695892e-06
7298,6.687827e-06
7299,6.679771e-06
7300,6.671725e-06
7301,6.663688e-06
7302,6.655662e-06
7303,6.647645e-06
7304,6.639637e-06
7305,6.631639e-06
7306,6.623651e-06
7307,6.615673e-06
7308,6.607704e-06
7309,6.599745e-06
7310,6.591795e-06
7311,6.583855e-06
7312,6.575924e-06
7313,6.568003e-06
7314,6.560092e-06
7315,6.552190e-06
7316,6.544298e-06
7317,6.536415e-06
7318,6.528541e-06
7319,6.520677e-06
7320,6.512823e-06
7321,6.504978e-06
7322,6.497143e-06
7323,6.489316e-06
7324,6.481500e-06
7325,6.473693e-06
7326,6.465895e-06
7327,6.458106e-06
7328,6.450327e-06
7329,6.442557e-06
7330,6.434797e-06
7331,6.427046e-06
7332,6.419304e-06
7333,6.411572e-06
7334,6.403849e-06
7335,6.396135e-06
7336,6.388431e-06
7337,6.380736e-06
7338,6.373050e-06
7339,6.365373e-06
7340,6.357706e-06
7341,6.350048e-06
7342,6.342399e-06
7343,6.334759e-06
7344,6.327129e-06
7345,6.319507e-06
7346,6.311895e-06
7347,6.304292e-06
7348,6.296699e-06
7349,6.289114e-06
7350,6.281538e-06
7351,6.273972e-06
7352,6.266415e-06
7353,6.258867e-06
7354,6.251327e-06
7355,6.243797e-06
7356,6.236277e-06
7357,6.228765e-06
7358,6.221262e-06
7359,6.213768e-06
7360,6.206283e-06
7361,6.198808e-06
7362,6.191341e-06
7363,6.183883e-06
7364,6.176434e-06
7365,6.168995e-06
7366,6.161564e-06
7367,6.154142e-06
7368,6.146729e-06
7369,6.139325e-06
7370,6.131930e-06
7371,6.124544e-06
7372,6.117166e-06
7373,6.109798e-06
7374,6.102438e-06
7375,6.095088e-06
7376,6.087746e-06
7377,6.080413e-06
7378,6.073089e-06
7379,6.065774e-06
7380,6.058467e-06
7381,6.051169e-06
7382,6.043881e-06
7383,6.036600e-06
7384,6.029329e-06
7385,6.022066e-06
7386,6.014813e-06
7387,6.007568e-06
7388,6.000331e-06
7389,5.993104e-06
7390,5.985885e-06
7391,5.978674e-06
7392,5.971473e-06
7393,5.964280e-06
7394,5.957096e-06
7395,5.949920e-06
7396,5.942753e-06
7397,5.935595e-06
7398,5.928445e-06
7399,5.921304e-06
7400,5.914172e-06
7401,5.907048e-06
7402,5.899932e-06
7403,5.892826e-06
7404,5.885727e-06
7405,5.878638e-06
7406,5.871557e-06
7407,5.864484e-06
7408,5.857420e-06
7409,5.850365e-06
7410,5.843318e-06
7411,5.836279e-06
7412,5.829249e-06
7413,5.822227e-06
7414,5.815214e-06
7415,5.808210e-06
7416,5.801213e-06
7417,5.794226e-06
7418,5.787246e-06
7419,5.780275e-06
7420,5.773313e-06
7421,5.766358e-06
7422,5.759413e-06
7423,5.752475e-06
7424,5.745546e-06
7425,5.738625e-06
7426,5.731713e-06
7427,5.724809e-06
7428,5.717913e-06
7429,5.711025e-06
7430,5.704146e-06
7431,5.697275e-06
7432,5.690413e-06
7433,5.683558e-06
7434,5.676712e-06
7435,5.669874e-06
7436,5.663045e-06
7437,5.656223e-06
7438,5.649410e-06
7439,5.642605e-06
7440,5.635809e-06
7441,5.629020e-06
7442,5.622240e-06
7443,5.615467e-06
7444,5.608703e-06
7445,5.601947e-06
7446,5.595200e-06
7447,5.588460e-06
7448,5.581728e-06
7449,5.575005e-06
7450,5.568290e-06
7451,5.561582e-06
7452,5.554883e-06
7453,5.548192e-06
7454,5.541509e-06
7455,5.534834e-06
7456,5.528167e-06
7457,5.521508e-06
7458,5.514857e-06
7459,5.508214e-06
7460,5.501580e-06
7461,5.494953e-06
7462,5.488334e-06
7463,5.481723e-06
7464,5.475120e-06
7465,5.468525e-06
7466,5.461938e-06
7467,5.455359e-06
7468,5.448787e-06
7469,5.442224e-06
7470,5.435669e-06
7471,5.429121e-06
7472,5.422582e-06
7473,5.416050e-06
7474,5.409526e-06
7475,5.403010e-06
7476,5.396502e-06
7477,5.390001e-06
7478,5.383509e-06
7479,5.377024e-06
7480,5.370547e-06
7481,5.364078e-06
7482,5.357617e-06
7483,5.351164e-06
7484,5.344718e-06
7485,5.338280e-06
7486,5.331850e-06
7487,5.325427e-06
7488,5.319013e-06
7489,5.312606e-06
7490,5.306206e-06
7491,5.299815e-06
7492,5.293431e-06
7493,5.287055e-06
7494,5.280686e-06
7495,5.274325e-06
7496,5.267972e-06
7497,5.261627e-06
7498,5.255289e-06
7499,5.248959e-06
7500,5.242636e-06
7501,5.236321e-06
7502,5.230014e-06
7503,5.223714e-06
7504,5.217422e-06
7505,5.211137e-06
7506,5.204860e-06
7507,5.198591e-06
7508,5.192329e-06
7509,5.186074e-06
7510,5.179827e-06
7511,5.173588e-06
7512,5.167356e-06
7513,5.161132e-06
7514,5.154915e-06
7515,5.148706e-06
7516,5.142504e-06
7517,5.136310e-06
7518,5.130123e-06
7519,5.123943e-06
7520,5.117771e-06
7521,5.111607e-06
7522,5.105450e-06
7523,5.099300e-06
7524,5.093157e-06
7525,5.087023e-06
7526,5.080895e-06
7527,5.074775e-06
7528,5.068662e-06
7529,5.062557e-06
7530,5.056459e-06
7531,5.050368e-06
7532,5.044284e-06
7533,5.038208e-06
7534,5.032140e-06
7535,5.026078e-06
7536,5.020024e-06
7537,5.013977e-06
7538,5.007938e-06
7539,5.001905e-06
7540,4.995880e-06
7541,4.989863e-06
7542,4.983852e-06
7543,4.977849e-06
7544,4.971853e-06
7545,4.965864e-06
7546,4.959882e-06
7547,4.953908e-06
7548,4.947941e-06
7549,4.941981e-06
7550,4.936028e-06
7551,4.930082e-06
7552,4.924144e-06
7553,4.918212e-06
7554,4.912288e-06
7555,4.906371e-06
7556,4.900461e-06
7557,4.894558e-06
7558,4.888663e-06
7559,4.882774e-06
7560,4.876893e-06
7561,4.871018e-06
7562,4.865151e-06
7563,4.859290e-06
7564,4.853437e-06
7565,4.847591e-06
7566,4.841752e-06
7567,4.835920e-06
7568,4.830095e-06
7569,4.824277e-06
7570,4.818466e-06
7571,4.812662e-06
7572,4.806865e-06
7573,4.801074e-06
7574,4.795291e-06
7575,4.789515e-06
7576,4.783746e-06
7577,4.777984e-06
7578,4.772229e-06
7579,4.766480e-06
7580,4.760739e-06
7581,4.755004e-06
7582,4.749277e-06
7583,4.743556e-06
7584,4.737842e-06
7585,4.732135e-06
7586,4.726435e-06
7587,4.720742e-06
7588,4.715056e-06
7589,4.709376e-06
7590,4.703703e-06
7591,4.698038e-06
7592,4.692379e-06
7593,4.686726e-06
7594,4.681081e-06
7595,4.675442e-06
7596,4.669811e-06
7597,4.664186e-06
7598,4.658567e-06
7599,4.652956e-06
7600,4.647351e-06
7601,4.641753e-06
7602,4.636162e-06
7603,4.630578e-06
7604,4.625000e-06
7605,4.619429e-06
7606,4.613865e-06
7607,4.608307e-06
7608,4.602756e-06
7609,4.597212e-06
7610,4.591674e-06
7611,4.586144e-06
7612,4.580619e-06
7613,4.575102e-06
7614,4.569591e-06
7615,4.564087e-06
7616,4.558589e-06
7617,4.553098e-06
7618,4.547614e-06
7619,4.542136e-06
7620,4.536665e-06
7621,4.531200e-06
7622,4.525742e-06
7623,4.520290e-06
7624,4.514846e-06
7625,4.509407e-06
7626,4.503975e-06
7627,4.498550e-06
7628,4.493132e-06
7629,4.487719e-06
7630,4.482314e-06
7631,4.476915e-06
7632,4.471522e-06
7633,4.466136e-06
7634,4.460756e-06
7635,4.455383e-06
7636,4.450016e-06
7637,4.444656e-06
7638,4.439302e-06
7639,4.433955e-06
7640,4.428614e-06
7641,4.423280e-06
7642,4.417951e-06
7643,4.412630e-06
7644,4.407315e-06
7645,4.402006e-06
7646,4.396703e-06
7647,4.391407e-06
7648,4.386118e-06
7649,4.380835e-06
7650,4.375558e-06
7651,4.370287e-06
7652,4.365023e-06
7653,4.359765e-06
7654,4.354513e-06
7655,4.349268e-06
7656,4.344029e-06
7657,4.338797e-06
7658,4.333571e-06
7659,4.328351e-06
7660,4.323137e-06
7661,4.317929e-06
7662,4.312728e-06
7663,4.307533e-06
7664,4.302345e-06
7665,4.297162e-06
7666,4.291986e-06
7667,4.286816e-06
7668,4.281653e-06
7669,4.276495e-06
7670,4.271344e-06
7671,4.266199e-06
7672,4.261060e-06
7673,4.255928e-06
7674,4.250801e-06
7675,4.245681e-06
7676,4.240567e-06
7677,4.235459e-06
7678,4.230357e-06
7679,4.225261e-06
7680,4.220172e-06
7681,4.215089e-06
7682,4.210011e-06
7683,4.204940e-06
7684,4.199875e-06
7685,4.194816e-06
7686,4.189763e-06
7687,4.184717e-06
7688,4.179676e-06
7689,4.174641e-06
7690,4.169613e-06
7691,4.164590e-06
7692,4.159574e-06
7693,4.154563e-06
7694,4.149559e-06
7695,4.144561e-06
7696,4.139568e-06
7697,4.134582e-06
7698,4.129602e-06
7699,4.124628e-06
7700,4.119659e-06
7701,4.114697e-06
7702,4.109741e-06
7703,4.104790e-06
7704,4.099846e-06
7705,4.094907e-06
7706,4.089975e-06
7707,4.085048e-06
7708,4.080128e-06
7709,4.075213e-06
7710,4.070304e-06
7711,4.065401e-06
7712,4.060505e-06
7713,4.055613e-06
7714,4.050728e-06
7715,4.045849e-06
7716,4.040976e-06
7717,4.036108e-06
7718,4.031246e-06
7719,4.026391e-06
7720,4.021541e-06
7721,4.016697e-06
7722,4.011858e-06
7723,4.007026e-06
7724,4.002199e-06
7725,3.997378e-06
7726,3.992563e-06
7727,3.987754e-06
7728,3.982951e-06
7729,3.978153e-06
7730,3.973361e-06
7731,3.968575e-06
7732,3.963795e-06
7733,3.959020e-06
7734,3.954251e-06
7735,3.949488e-06
7736,3.944731e-06
7737,3.939979e-06
7738,3.935233e-06
7739,3.930493e-06
7740,3.925759e-06
7741,3.921030e-06
7742,3.916307e-06
7743,3.911590e-06
7744,3.906878e-06
7745,3.902172e-06
7746,3.897472e-06
7747,3.892777e-06
7748,3.888088e-06
7749,3.883405e-06
7750,3.878727e-06
7751,3.874055e-06
7752,3.869388e-06
7753,3.864727e-06
7754,3.860072e-06
7755,3.855423e-06
7756,3.850779e-06
7757,3.846140e-06
7758,3.841507e-06
7759,3.836880e-06
7760,3.832258e-06
7761,3.827642e-06
7762,3.823032e-06
7763,3.818427e-06
7764,3.813827e-06
7765,3.809233e-06
7766,3.804645e-06
7767,3.800062e-06
7768,3.795485e-06
7769,3.790913e-06
7770,3.786347e-06
7771,3.781786e-06
7772,3.777230e-06
7773,3.772681e-06
7774,3.768136e-06
7775,3.763597e-06
7776,3.759064e-06
7777,3.754536e-06
7778,3.750013e-06
7779,3.745496e-06
7780,3.740985e-06
7781,3.736479e-06
7782,3.731978e-06
7783,3.727483e-06
7784,3.722993e-06
7785,3.718508e-06
7786,3.714029e-06
7787,3.709555e-06
7788,3.705087e-06
7789,3.700624e-06
7790,3.696166e-06
7791,3.691714e-06
7792,3.687267e-06
7793,3.682826e-06
7794,3.678390e-06
7795,3.673959e-06
7796,3.669534e-06
7797,3.665113e-06
7798,3.660699e-06
7799,3.656289e-06
7800,3.651885e-06
7801,3.647486e-06
7802,3.643093e-06
7803,3.638704e-06
7804,3.634321e-06
7805,3.629944e-06
7806,3.625571e-06
7807,3.621204e-06
7808,3.616842e-06
7809,3.612486e-06
7810,3.608134e-06
7811,3.603788e-06
7812,3.599447e-06
7813,3.595111e-06
7814,3.590781e-06
7815,3.586456e-06
7816,3.582136e-06
7817,3.577821e-06
7818,3.573511e-06
7819,3.569207e-06
7820,3.564907e-06
7821,3.560613e-06
7822,3.556324e-06
7823,3.552041e-06
7824,3.547762e-06
7825,3.543489e-06
7826,3.539220e-06
7827,3.534957e-06
7828,3.530699e-06
7829,3.526446e-06
7830,3.522199e-06
7831,3.517956e-06
7832,3.513718e-06
7833,3.509486e-06
7834,3.505259e-06
7835,3.501036e-06
7836,3.496819e-06
7837,3.492607e-06
7838,3.488400e-06
7839,3.484198e-06
7840,3.480001e-06
7841,3.475810e-06
7842,3.471623e-06
7843,3.467441e-06
7844,3.463264e-06
7845,3.459093e-06
7846,3.454926e-06
7847,3.450765e-06
7848,3.446608e-06
7849,3.442456e-06
7850,3.438310e-06
7851,3.434168e-06
7852,3.430032e-06
7853,3.425900e-06
7854,3.421773e-06
7855,3.417652e-06
7856,3.413535e-06
7857,3.409423e-06
7858,3.405316e-06
7859,3.401214e-06
7860,3.397118e-06
7861,3.393026e-06
7862,3.388939e-06
7863,3.384856e-06
7864,3.380779e-06
7865,3.376707e-06
7866,3.372640e-06
7867,3.368577e-06
7868,3.364519e-06
7869,3.360467e-06
7870,3.356419e-06
7871,3.352376e-06
7872,3.348338e-06
7873,3.344305e-06
7874,3.340276e-06
7875,3.336253e-06
7876,3.332234e-06
7877,3.328220e-06
7878,3.324211e-06
7879,3.320207e-06
7880,3.316208e-06
7881,3.312213e-06
7882,3.308224e-06
7883,3.304239e-06
7884,3.300259e-06
7885,3.296283e-06
7886,3.292313e-06
7887,3.288347e-06
7888,3.284386e-06
7889,3.280430e-06
7890,3.276478e-06
7891,3.272532e-06
7892,3.268590e-06
7893,3.264653e-06
7894,3.260720e-06
7895,3.256793e-06
7896,3.252870e-06
7897,3.248951e-06
7898,3.245038e-06
7899,3.241129e-06
7900,3.237225e-06
7901,3.233326e-06
7902,3.229431e-06
7903,3.225541e-06
7904,3.221656e-06
7905,3.217775e-06
7906,3.213899e-06
7907,3.210028e-06
7908,3.206161e-06
7909,3.202299e-06
7910,3.198442e-06
7911,3.194589e-06
7912,3.190741e-06
7913,3.186898e-06
7914,3.183059e-06
7915,3.179225e-06
7916,3.175395e-06
7917,3.171571e-06
7918,3.167750e-06
7919,3.163935e-06
7920,3.160123e-06
7921,3.156317e-06
7922,3.152515e-06
7923,3.148718e-06
7924,3.144925e-06
7925,3.141137e-06
7926,3.137353e-06
7927,3.133574e-06
7928,3.129800e-06
7929,3.126030e-06
7930,3.122264e-06
7931,3.118503e-06
7932,3.114747e-06
7933,3.110995e-06
7934,3.107248e-06
7935,3.103505e-06
7936,3.099767e-06
7937,3.096033e-06
7938,3.092303e-06
7939,3.088579e-06
7940,3.084858e-06
7941,3.081142e-06
7942,3.077431e-06
7943,3.073724e-06
7944,3.070022e-06
7945,3.066324e-06
7946,3.062630e-06
7947,3.058941e-06
7948,3.055257e-06
7949,3.051576e-06
7950,3.047901e-06
7951,3.044229e-06
7952,3.040562e-06
7953,3.036900e-06
7954,3.033242e-06
7955,3.029588e-06
7956,3.025939e-06
7957,3.022294e-06
7958,3.018653e-06
7959,3.015017e-06
7960,3.011386e-06
7961,3.007758e-06
7962,3.004135e-06
7963,3.000517e-06
7964,2.996902e-06
7965,2.993293e-06
7966,2.989687e-06
7967,2.986086e-06
7968,2.982489e-06
7969,2.978896e-06
7970,2.975308e-06
7971,2.971724e-06
7972,2.968145e-06
7973,2.964569e-06
7974,2.960998e-06
7975,2.957432e-06
7976,2.953869e-06
7977,2.950311e-06
7978,2.946758e-06
7979,2.943208e-06
7980,2.939663e-06
7981,2.936122e-06
7982,2.932585e-06
7983,2.929053e-06
7984,2.925525e-06
7985,2.922001e-06
7986,2.918481e-06
7987,2.914966e-06
7988,2.911454e-06
7989,2.907947e-06
7990,2.904445e-06
7991,2.900946e-06
7992,2.897452e-06
7993,2.893962e-06
7994,2.890476e-06
7995,2.886994e-06
7996,2.883517e-06
7997,2.880043e-06
7998,2.876574e-06
7999,2.873109e-06
8000,2.869648e-06
8001,2.866192e-06
8002,2.862739e-06
8003,2.859291e-06
8004,2.855847e-06
8005,2.852407e-06
8006,2.848971e-06
8007,2.845539e-06
8008,2.842112e-06
8009,2.838688e-06
8010,2.835269e-06
8011,2.831854e-06
8012,2.828443e-06
8013,2.825036e-06
8014,2.821633e-06
8015,2.818234e-06
8016,2.814839e-06
8017,2.811449e-06
8018,2.808062e-06
8019,2.804680e-06
8020,2.801301e-06
8021,2.797927e-06
8022,2.794557e-06
8023,2.791191e-06
8024,2.787829e-06
8025,2.784471e-06
8026,2.781117e-06
8027,2.777767e-06
8028,2.774421e-06
8029,2.771079e-06
8030,2.767741e-06
8031,2.764407e-06
8032,2.761077e-06
8033,2.757751e-06
8034,2.754430e-06
8035,2.751112e-06
8036,2.747798e-06
8037,2.744488e-06
8038,2.741182e-06
8039,2.737880e-06
8040,2.734582e-06
8041,2.731288e-06
8042,2.727998e-06
8043,2.724712e-06
8044,2.721430e-06
8045,2.718152e-06
8046,2.714878e-06
8047,2.711608e-06
8048,2.708342e-06
8049,2.705079e-06
8050,2.701821e-06
8051,2.698567e-06
8052,2.695316e-06
8053,2.692069e-06
8054,2.688827e-06
8055,2.685588e-06
8056,2.682353e-06
8057,2.679122e-06
8058,2.675895e-06
8059,2.672672e-06
8060,2.669452e-06
8061,2.666237e-06
8062,2.663025e-06
8063,2.659818e-06
8064,2.656614e-06
8065,2.653414e-06
8066,2.650217e-06
8067,2.647025e-06
8068,2.643837e-06
8069,2.640652e-06
8070,2.637471e-06
8071,2.634294e-06
8072,2.631121e-06
8073,2.627952e-06
8074,2.624786e-06
8075,2.621625e-06
8076,2.618467e-06
8077,2.615313e-06
8078,2.612163e-06
8079,2.609016e-06
8080,2.605873e-06
8081,2.602735e-06
8082,2.599599e-06
8083,2.596468e-06
8084,2.593341e-06
8085,2.590217e-06
8086,2.587097e-06
8087,2.583981e-06
8088,2.580868e-06
8089,2.577759e-06
8090,2.574654e-06
8091,2.571553e-06
8092,2.568455e-06
8093,2.565362e-06
8094,2.562271e-06
8095,2.559185e-06
8096,2.556102e-06
8097,2.553024e-06
8098,2.549948e-06
8099,2.546877e-06
8100,2.543809e-06
8101,2.540745e-06
8102,2.537684e-06
8103,2.534628e-06
8104,2.531575e-06
8105,2.528525e-06
8106,2.525479e-06
8107,2.522437e-06
8108,2.519399e-06
8109,2.516364e-06
8110,2.513333e-06
8111,2.510306e-06
8112,2.507282e-06
8113,2.504262e-06
8114,2.501245e-06
8115,2.498233e-06
8116,2.495223e-06
8117,2.492218e-06
8118,2.489216e-06
8119,2.486217e-06
8120,2.483223e-06
8121,2.480231e-06
8122,2.477244e-06
8123,2.474260e-06
8124,2.471280e-06
8125,2.468303e-06
8126,2.465330e-06
8127,2.462360e-06
8128,2.459394e-06
8129,2.456432e-06
8130,2.453473e-06
8131,2.450517e-06
8132,2.447566e-06
8133,2.444617e-06
8134,2.441673e-06
8135,2.438732e-06
8136,2.435794e-06
8137,2.432860e-06
8138,2.429930e-06
8139,2.427003e-06
8140,2.424079e-06
8141,2.421159e-06
8142,2.418243e-06
8143,2.415330e-06
8144,2.412421e-06
8145,2.409515e-06
8146,2.406612e-06
8147,2.403714e-06
8148,2.400818e-06
8149,2.397926e-06
8150,2.395038e-06
8151,2.392153e-06
8152,2.389271e-06
8153,2.386394e-06
8154,2.383519e-06
8155,2.380648e-06
8156,2.377780e-06
8157,2.374916e-06
8158,2.372056e-06
8159,2.369198e-06
8160,2.366344e-06
8161,2.363494e-06
8162,2.360647e-06
8163,2.357804e-06
8164,2.354964e-06
8165,2.352127e-06
8166,2.349294e-06
8167,2.346464e-06
8168,2.343637e-06
8169,2.340814e-06
8170,2.337995e-06
8171,2.335179e-06
8172,2.332366e-06
8173,2.329556e-06
8174,2.326750e-06
8175,2.323948e-06
8176,2.321148e-06
8177,2.318352e-06
8178,2.315560e-06
8179,2.312771e-06
8180,2.309985e-06
8181,2.307202e-06
8182,2.304423e-06
8183,2.301647e-06
8184,2.298875e-06
8185,2.296106e-06
8186,2.293340e-06
8187,2.290578e-06
8188,2.287819e-06
8189,2.285063e-06
8190,2.282310e-06
8191,2.279561e-06
8192,2.276815e-06
8193,2.274073e-06
8194,2.271334e-06
8195,2.268598e-06
8196,2.265865e-06
8197,2.263136e-06
8198,2.260410e-06
8199,2.257687e-06
8200,2.254967e-06
8201,2.252251e-06
8202,2.249538e-06
8203,2.246829e-06
8204,2.244122e-06
8205,2.241419e-06
8206,2.238719e-06
8207,2.236023e-06
8208,2.233329e-06
8209,2.230639e-06
8210,2.227952e-06
8211,2.225269e-06
8212,2.222588e-06
8213,2.219911e-06
8214,2.217237e-06
8215,2.214566e-06
8216,2.211899e-06
8217,2.209234e-06
8218,2.206573e-06
8219,2.203915e-06
8220,2.201261e-06
8221,2.198609e-06
8222,2.195961e-06
8223,2.193316e-06
8224,2.190674e-06
8225,2.188035e-06
8226,2.185399e-06
8227,2.182767e-06
8228,2.180138e-06
8229,2.177512e-06
8230,2.174889e-06
8231,2.172269e-06
8232,2.169652e-06
8233,2.167039e-06
8234,2.164429e-06
8235,2.161821e-06
8236,2.159217e-06
8237,2.156617e-06
8238,2.154019e-06
8239,2.151424e-06
8240,2.148833e-06
8241,2.146244e-06
8242,2.143659e-06
8243,2.141077e-06
8244,2.138498e-06
8245,2.135922e-06
8246,2.133349e-06
8247,2.130779e-06
8248,2.128213e-06
8249,2.125649e-06
8250,2.123089e-06
8251,2.120532e-06
8252,2.117977e-06
8253,2.115426e-06
8254,2.112878e-06
8255,2.110333e-06
8256,2.107791e-06
8257,2.105252e-06
8258,2.102716e-06
8259,2.100183e-06
8260,2.097654e-06
8261,2.095127e-06
8262,2.092603e-06
8263,2.090083e-06
8264,2.087565e-06
8265,2.085050e-06
8266,2.082539e-06
8267,2.080030e-06
8268,2.077525e-06
8269,2.075022e-06
8270,2.072523e-06
8271,2.070026e-06
8272,2.067533e-06
8273,2.065043e-06
8274,2.062555e-06
8275,2.060071e-06
8276,2.057589e-06
8277,2.055111e-06
8278,2.052635e-06
8279,2.050163e-06
8280,2.047693e-06
8281,2.045227e-06
8282,2.042763e-06
8283,2.040303e-06
8284,2.037845e-06
8285,2.035390e-06
8286,2.032939e-06
8287,2.030490e-06
8288,2.028044e-06
8289,2.025601e-06
8290,2.023161e-06
8291,2.020724e-06
8292,2.018290e-06
8293,2.015859e-06
8294,2.013431e-06
8295,2.011006e-06
8296,2.008583e-06
8297,2.006164e-06
8298,2.003747e-06
8299,2.001334e-06
8300,1.998923e-06
8301,1.996515e-06
8302,1.994110e-06
8303,1.991708e-06
8304,1.989309e-06
8305,1.986913e-06
8306,1.984520e-06
8307,1.982129e-06
8308,1.979742e-06
8309,1.977357e-06
8310,1.974975e-06
8311,1.972596e-06
8312,1.970220e-06
8313,1.967847e-06
8314,1.965477e-06
8315,1.963109e-06
8316,1.960745e-06
8317,1.958383e-06
8318,1.956024e-06
8319,1.953668e-06
8320,1.951314e-06
8321,1.948964e-06
8322,1.946616e-06
8323,1.944272e-06
8324,1.941930e-06
8325,1.939590e-06
8326,1.937254e-06
8327,1.934921e-06
8328,1.932590e-06
8329,1.930262e-06
8330,1.927937e-06
8331,1.925615e-06
8332,1.923295e-06
8333,1.920978e-06
8334,1.918665e-06
8335,1.916353e-06
8336,1.914045e-06
8337,1.911740e-06
8338,1.909437e-06
8339,1.907137e-06
8340,1.904840e-06
8341,1.902545e-06
8342,1.900253e-06
8343,1.897964e-06
8344,1.895678e-06
8345,1.893395e-06
8346,1.891114e-06
8347,1.888836e-06
8348,1.886561e-06
8349,1.884289e-06
8350,1.882019e-06
8351,1.879752e-06
8352,1.877488e-06
8353,1.875226e-06
8354,1.872967e-06
8355,1.870711e-06
8356,1.868458e-06
8357,1.866207e-06
8358,1.863959e-06
8359,1.861714e-06
8360,1.859472e-06
8361,1.857232e-06
8362,1.854995e-06
8363,1.852760e-06
8364,1.850529e-06
8365,1.848299e-06
8366,1.846073e-06
8367,1.843849e-06
8368,1.841628e-06
8369,1.839410e-06
8370,1.837194e-06
8371,1.834982e-06
8372,1.832771e-06
8373,1.830564e-06
8374,1.828359e-06
8375,1.826156e-06
8376,1.823957e-06
8377,1.821759e-06
8378,1.819565e-06
8379,1.817373e-06
8380,1.815184e-06
8381,1.812998e-06
8382,1.810814e-06
8383,1.808633e-06
8384,1.806454e-06
8385,1.804278e-06
8386,1.802105e-06
8387,1.799934e-06
8388,1.797766e-06
8389,1.795601e-06
8390,1.793438e-06
8391,1.791277e-06
8392,1.789120e-06
8393,1.786965e-06
8394,1.784812e-06
8395,1.782662e-06
8396,1.780515e-06
8397,1.778370e-06
8398,1.776228e-06
8399,1.774089e-06
8400,1.771952e-06
8401,1.769817e-06
8402,1.767685e-06
8403,1.765556e-06
8404,1.763430e-06
8405,1.761305e-06
8406,1.759184e-06
8407,1.757065e-06
8408,1.754948e-06
8409,1.752834e-06
8410,1.750723e-06
8411,1.748614e-06
8412,1.746508e-06
8413,1.744404e-06
8414,1.742303e-06
8415,1.740204e-06
8416,1.738108e-06
8417,1.736015e-06
8418,1.733923e-06
8419,1.731835e-06
8420,1.729749e-06
8421,1.727665e-06
8422,1.725584e-06
8423,1.723506e-06
8424,1.721430e-06
8425,1.719356e-06
8426,1.717285e-06
8427,1.715216e-06
8428,1.713150e-06
8429,1.711087e-06
8430,1.709026e-06
8431,1.706967e-06
8432,1.704911e-06
8433,1.702857e-06
8434,1.700806e-06
8435,1.698758e-06
8436,1.696711e-06
8437,1.694668e-06
8438,1.692626e-06
8439,1.690587e-06
8440,1.688551e-06
8441,1.686517e-06
8442,1.684486e-06
8443,1.682457e-06
8444,1.680430e-06
8445,1.678406e-06
8446,1.676384e-06
8447,1.674365e-06
8448,1.672348e-06
8449,1.670334e-06
8450,1.668322e-06
8451,1.666312e-06
8452,1.664305e-06
8453,1.662300e-06
8454,1.660298e-06
8455,1.658298e-06
8456,1.656300e-06
8457,1.654305e-06
8458,1.652313e-06
8459,1.650322e-06
8460,1.648335e-06
8461,1.646349e-06
8462,1.644366e-06
8463,1.642385e-06
8464,1.640407e-06
8465,1.638431e-06
8466,1.636457e-06
8467,1.634486e-06
8468,1.632517e-06
8469,1.630551e-06
8470,1.628587e-06
8471,1.626625e-06
8472,1.624666e-06
8473,1.622709e-06
8474,1.620754e-06
8475,1.618802e-06
8476,1.616852e-06
8477,1.614904e-06
8478,1.612959e-06
8479,1.611016e-06
8480,1.609076e-06
8481,1.607138e-06
8482,1.605202e-06
8483,1.603268e-06
8484,1.601337e-06
8485,1.599408e-06
8486,1.597482e-06
8487,1.595557e-06
8488,1.593635e-06
8489,1.591716e-06
8490,1.589799e-06
8491,1.587884e-06
8492,1.585971e-06
8493,1.584061e-06
8494,1.582152e-06
8495,1.580247e-06
8496,1.578343e-06
8497,1.576442e-06
8498,1.574543e-06
8499,1.572646e-06
8500,1.570752e-06
8501,1.568860e-06
8502,1.566970e-06
8503,1.565083e-06
8504,1.563198e-06
8505,1.561315e-06
8506,1.559434e-06
8507,1.557556e-06
8508,1.555680e-06
8509,1.553806e-06
8510,1.551934e-06
8511,1.550065e-06
8512,1.548198e-06
8513,1.546333e-06
8514,1.544470e-06
8515,1.542610e-06
8516,1.540751e-06
8517,1.538896e-06
8518,1.537042e-06
8519,1.535190e-06
8520,1.533341e-06
8521,1.531494e-06
8522,1.529650e-06
8523,1.527807e-06
8524,1.525967e-06
8525,1.524129e-06
8526,1.522293e-06
8527,1.520459e-06
8528,1.518628e-06
8529,1.516798e-06
8530,1.514971e-06
8531,1.513146e-06
8532,1.511324e-06
8533,1.509503e-06
8534,1.507685e-06
8535,1.505869e-06
8536,1.504055e-06
8537,1.502243e-06
8538,1.500434e-06
8539,1.498627e-06
8540,1.496821e-06
8541,1.495018e-06
8542,1.493218e-06
8543,1.491419e-06
8544,1.489622e-06
8545,1.487828e-06
8546,1.486036e-06
8547,1.484246e-06
8548,1.482458e-06
8549,1.480673e-06
8550,1.478889e-06
8551,1.477108e-06
8552,1.475328e-06
8553,1.473551e-06
8554,1.471776e-06
8555,1.470003e-06
8556,1.468233e-06
8557,1.466464e-06
8558,1.464698e-06
8559,1.462934e-06
8560,1.461171e-06
8561,1.459411e-06
8562,1.457653e-06
8563,1.455898e-06
8564,1.454144e-06
8565,1.452392e-06
8566,1.450643e-06
8567,1.448895e-06
8568,1.447150e-06
8569,1.445407e-06
8570,1.443666e-06
8571,1.441927e-06
8572,1.440190e-06
8573,1.438455e-06
8574,1.436723e-06
8575,1.434992e-06
8576,1.433264e-06
8577,1.431537e-06
8578,1.429813e-06
8579,1.428091e-06
8580,1.426370e-06
8581,1.424652e-06
8582,1.422936e-06
8583,1.421222e-06
8584,1.419510e-06
8585,1.417800e-06
8586,1.416093e-06
8587,1.414387e-06
8588,1.412683e-06
8589,1.410982e-06
8590,1.409282e-06
8591,1.407584e-06
8592,1.405889e-06
8593,1.404195e-06
8594,1.402504e-06
8595,1.400815e-06
8596,1.399127e-06
8597,1.397442e-06
8598,1.395759e-06
8599,1.394077e-06
8600,1.392398e-06
8601,1.390721e-06
8602,1.389046e-06
8603,1.387373e-06
8604,1.385702e-06
8605,1.384032e-06
8606,1.382365e-06
8607,1.380700e-06
8608,1.379037e-06
8609,1.377376e-06
8610,1.375717e-06
8611,1.374060e-06
8612,1.372405e-06
8613,1.370751e-06
8614,1.369100e-06
8615,1.367451e-06
8616,1.365804e-06
8617,1.364159e-06
8618,1.362516e-06
8619,1.360874e-06
8620,1.359235e-06
8621,1.357598e-06
8622,1.355963e-06
8623,1.354329e-06
8624,1.352698e-06
8625,1.351069e-06
8626,1.349441e-06
8627,1.347816e-06
8628,1.346192e-06
8629,1.344571e-06
8630,1.342951e-06
8631,1.341333e-06
8632,1.339718e-06
8633,1.338104e-06
8634,1.336492e-06
8635,1.334882e-06
8636,1.333274e-06
8637,1.331668e-06
8638,1.330064e-06
8639,1.328462e-06
8640,1.326862e-06
8641,1.325264e-06
8642,1.323667e-06
8643,1.322073e-06
8644,1.320481e-06
8645,1.318890e-06
8646,1.317301e-06
8647,1.315715e-06
8648,1.314130e-06
8649,1.312547e-06
8650,1.310966e-06
8651,1.309387e-06
8652,1.307809e-06
8653,1.306234e-06
8654,1.304661e-06
8655,1.303089e-06
8656,1.301520e-06
8657,1.299952e-06
8658,1.298386e-06
8659,1.296822e-06
8660,1.295260e-06
8661,1.293700e-06
8662,1.292141e-06
8663,1.290585e-06
8664,1.289030e-06
8665,1.287478e-06
8666,1.285927e-06
8667,1.284378e-06
8668,1.282831e-06
8669,1.281286e-06
8670,1.279742e-06
8671,1.278201e-06
8672,1.276661e-06
8673,1.275123e-06
8674,1.273587e-06
8675,1.272053e-06
8676,1.270521e-06
8677,1.268991e-06
8678,1.267462e-06
8679,1.265935e-06
8680,1.264411e-06
8681,1.262887e-06
8682,1.261366e-06
8683,1.259847e-06
8684,1.258329e-06
8685,1.256814e-06
8686,1.255300e-06
8687,1.253788e-06
8688,1.252277e-06
8689,1.250769e-06
8690,1.249262e-06
8691,1.247758e-06
8692,1.246255e-06
8693,1.244754e-06
8694,1.243254e-06
8695,1.241757e-06
8696,1.240261e-06
8697,1.238767e-06
8698,1.237275e-06
8699,1.235784e-06
8700,1.234296e-06
8701,1.232809e-06
8702,1.231324e-06
8703,1.229841e-06
8704,1.228360e-06
8705,1.226880e-06
8706,1.225402e-06
8707,1.223926e-06
8708,1.222452e-06
8709,1.220979e-06
8710,1.219509e-06
8711,1.218040e-06
8712,1.216572e-06
8713,1.215107e-06
8714,1.213643e-06
8715,1.212181e-06
8716,1.210721e-06
8717,1.209263e-06
8718,1.207806e-06
8719,1.206351e-06
8720,1.204898e-06
8721,1.203447e-06
8722,1.201997e-06
8723,1.200550e-06
8724,1.199103e-06
8725,1.197659e-06
8726,1.196216e-06
8727,1.194776e-06
8728,1.193336e-06
8729,1.191899e-06
8730,1.190463e-06
8731,1.189029e-06
8732,1.187597e-06
8733,1.186167e-06
8734,1.184738e-06
8735,1.183311e-06
8736,1.181885e-06
8737,1.180462e-06
8738,1.179040e-06
8739,1.177620e-06
8740,1.176201e-06
8741,1.174784e-06
8742,1.173369e-06
8743,1.171956e-06
8744,1.170544e-06
8745,1.169134e-06
8746,1.167726e-06
8747,1.166319e-06
8748,1.164914e-06
8749,1.163511e-06
8750,1.162110e-06
8751,1.160710e-06
8752,1.159312e-06
8753,1.157915e-06
8754,1.156521e-06
8755,1.155128e-06
8756,1.153736e-06
8757,1.152346e-06
8758,1.150958e-06
8759,1.149572e-06
8760,1.148187e-06
8761,1.146804e-06
8762,1.145423e-06
8763,1.144043e-06
8764,1.142665e-06
8765,1.141289e-06
8766,1.139914e-06
8767,1.138541e-06
8768,1.137170e-06
8769,1.135800e-06
8770,1.134432e-06
8771,1.133065e-06
8772,1.131700e-06
8773,1.130337e-06
8774,1.128976e-06
8775,1.127616e-06
8776,1.126257e-06
8777,1.124901e-06
8778,1.123546e-06
8779,1.122192e-06
8780,1.120841e-06
8781,1.119491e-06
8782,1.118142e-06
8783,1.116795e-06
8784,1.115450e-06
8785,1.114106e-06
8786,1.112764e-06
8787,1.111424e-06
8788,1.110085e-06
8789,1.108748e-06
8790,1.107413e-06
8791,1.106079e-06
8792,1.104746e-06
8793,1.103416e-06
8794,1.102087e-06
8795,1.100759e-06
8796,1.099433e-06
8797,1.098109e-06
8798,1.096786e-06
8799,1.095465e-06
8800,1.094145e-06
8801,1.092828e-06
8802,1.091511e-06
8803,1.090196e-06
8804,1.088883e-06
8805,1.087572e-06
8806,1.086262e-06
8807,1.084953e-06
8808,1.083646e-06
8809,1.082341e-06
8810,1.081037e-06
8811,1.079735e-06
8812,1.078434e-06
8813,1.077135e-06
8814,1.075838e-06
8815,1.074542e-06
8816,1.073248e-06
8817,1.071955e-06
8818,1.070664e-06
8819,1.069374e-06
8820,1.068086e-06
8821,1.066799e-06
8822,1.065514e-06
8823,1.064231e-06
8824,1.062949e-06
8825,1.061669e-06
8826,1.060390e-06
8827,1.059113e-06
8828,1.057837e-06
8829,1.056563e-06
8830,1.055290e-06
8831,1.054019e-06
8832,1.052749e-06
8833,1.051481e-06
8834,1.050215e-06
8835,1.048950e-06
8836,1.047686e-06
8837,1.046424e-06
8838,1.045164e-06
8839,1.043905e-06
8840,1.042647e-06
8841,1.041391e-06
8842,1.040137e-06
8843,1.038884e-06
8844,1.037633e-06
8845,1.036383e-06
8846,1.035134e-06
8847,1.033887e-06
8848,1.032642e-06
8849,1.031398e-06
8850,1.030156e-06
8851,1.028915e-06
8852,1.027676e-06
8853,1.026438e-06
8854,1.025201e-06
8855,1.023966e-06
8856,1.022733e-06
8857,1.021501e-06
8858,1.020271e-06
8859,1.019042e-06
8860,1.017814e-06
8861,1.016588e-06
8862,1.015364e-06
8863,1.014141e-06
8864,1.012919e-06
8865,1.011699e-06
8866,1.010480e-06
8867,1.009263e-06
8868,1.008048e-06
8869,1.006833e-06
8870,1.005620e-06
8871,1.004409e-06
8872,1.003199e-06
8873,1.001991e-06
8874,1.000784e-06
8875,9.995785e-07
