iteration,rel_residual
0,1.000000e+00
1,9.987955e-01
2,9.975924e-01
3,9.963907e-01
4,9.951905e-01
5,9.939918e-01
6,9.927945e-01
7,9.915986e-01
8,9.904042e-01
9,9.892112e-01
10,9.880196e-01
11,9.868295e-01
12,9.856409e-01
13,9.844536e-01
14,9.832678e-01
15,9.820834e-01
16,9.809004e-01
17,9.797189e-01
18,9.785388e-01
19,9.773601e-01
20,9.761828e-01
21,9.750070e-01
22,9.738325e-01
23,9.726595e-01
24,9.714879e-01
25,9.703177e-01
26,9.691489e-01
27,9.679815e-01
28,9.668155e-01
29,9.656510e-01
30,9.644878e-01
31,9.633260e-01
32,9.621657e-01
33,9.610067e-01
34,9.598491e-01
35,9.586929e-01
36,9.575382e-01
37,9.563848e-01
38,9.552327e-01
39,9.540821e-01
40,9.529329e-01
41,9.517850e-01
42,9.506386e-01
43,9.494935e-01
44,9.483498e-01
45,9.472075e-01
46,9.460665e-01
47,9.449269e-01
48,9.437887e-01
49,9.426519e-01
50,9.415164e-01
51,9.403823e-01
52,9.392496e-01
53,9.381182e-01
54,9.369882e-01
55,9.358596e-01
56,9.347323e-01
57,9.336064e-01
58,9.324818e-01
59,9.313586e-01
60,9.302367e-01
61,9.291162e-01
62,9.279970e-01
63,9.268792e-01
64,9.257628e-01
65,9.246476e-01
66,9.235339e-01
67,9.224214e-01
68,9.213103e-01
69,9.202006e-01
70,9.190922e-01
71,9.179851e-01
72,9.168793e-01
73,9.157749e-01
74,9.146718e-01
75,9.135700e-01
76,9.124696e-01
77,9.113705e-01
78,9.102727e-01
79,9.091762e-01
80,9.080811e-01
81,9.069873e-01
82,9.058948e-01
83,9.048036e-01
84,9.037137e-01
85,9.026251e-01
86,9.015379e-01
87,9.004519e-01
88,8.993673e-01
89,8.982840e-01
90,8.972020e-01
91,8.961212e-01
92,8.950418e-01
93,8.939637e-01
94,8.928869e-01
95,8.918114e-01
96,8.907371e-01
97,8.896642e-01
98,8.885926e-01
99,8.875222e-01
100,8.864532e-01
101,8.853854e-01
102,8.843189e-01
103,8.832537e-01
104,8.821898e-01
105,8.811272e-01
106,8.800658e-01
107,8.790057e-01
108,8.779469e-01
109,8.768894e-01
110,8.758331e-01
111,8.747782e-01
112,8.737245e-01
113,8.726720e-01
114,8.716208e-01
115,8.705709e-01
116,8.695223e-01
117,8.684749e-01
118,8.674288e-01
119,8.663839e-01
120,8.653404e-01
121,8.642980e-01
122,8.632569e-01
123,8.622171e-01
124,8.611785e-01
125,8.601412e-01
126,8.591051e-01
127,8.580703e-01
128,8.570367e-01
129,8.560044e-01
130,8.549733e-01
131,8.539434e-01
132,8.529148e-01
133,8.518874e-01
134,8.508613e-01
135,8.498364e-01
136,8.488127e-01
137,8.477903e-01
138,8.467691e-01
139,8.457491e-01
140,8.447304e-01
141,8.437129e-01
142,8.426966e-01
143,8.416815e-01
144,8.406677e-01
145,8.396550e-01
146,8.386436e-01
147,8.376335e-01
148,8.366245e-01
149,8.356167e-01
150,8.346102e-01
151,8.336049e-01
152,8.326008e-01
153,8.315979e-01
154,8.305962e-01
155,8.295957e-01
156,8.285964e-01
157,8.275983e-01
158,8.266014e-01
159,8.256058e-01
160,8.246113e-01
161,8.236180e-01
162,8.226259e-01
163,8.216350e-01
164,8.206453e-01
165,8.196568e-01
166,8.186695e-01
167,8.176834e-01
168,8.166985e-01
169,8.157147e-01
170,8.147321e-01
171,8.137508e-01
172,8.127706e-01
173,8.117916e-01
174,8.108137e-01
175,8.098371e-01
176,8.088616e-01
177,8.078873e-01
178,8.069141e-01
179,8.059422e-01
180,8.049714e-01
181,8.040017e-01
182,8.030333e-01
183,8.020660e-01
184,8.010999e-01
185,8.001349e-01
186,7.991711e-01
187,7.982085e-01
188,7.972470e-01
189,7.962867e-01
190,7.953275e-01
191,7.943695e-01
192,7.934127e-01
193,7.924570e-01
194,7.915024e-01
195,7.905490e-01
196,7.895968e-01
197,7.886457e-01
198,7.876957e-01
199,7.867469e-01
200,7.857992e-01
201,7.848527e-01
202,7.839073e-01
203,7.829630e-01
204,7.820199e-01
205,7.810780e-01
206,7.801371e-01
207,7.791974e-01
208,7.782588e-01
209,7.773214e-01
210,7.763851e-01
211,7.754499e-01
212,7.745158e-01
213,7.735829e-01
214,7.726511e-01
215,7.717204e-01
216,7.707908e-01
217,7.698623e-01
218,7.689350e-01
219,7.680088e-01
220,7.670837e-01
221,7.661597e-01
222,7.652368e-01
223,7.643151e-01
224,7.633944e-01
225,7.624749e-01
226,7.615564e-01
227,7.606391e-01
228,7.597229e-01
229,7.588078e-01
230,7.578938e-01
231,7.569808e-01
232,7.560690e-01
233,7.551583e-01
234,7.542487e-01
235,7.533402e-01
236,7.524327e-01
237,7.515264e-01
238,7.506211e-01
239,7.497170e-01
240,7.488139e-01
241,7.479119e-01
242,7.470110e-01
243,7.461112e-01
244,7.452125e-01
245,7.443149e-01
246,7.434183e-01
247,7.425228e-01
248,7.416284e-01
249,7.407351e-01
250,7.398429e-01
251,7.389517e-01
252,7.380616e-01
253,7.371726e-01
254,7.362846e-01
255,7.353977e-01
256,7.345119e-01
257,7.336272e-01
258,7.327435e-01
259,7.318608e-01
260,7.309793e-01
261,7.300988e-01
262,7.292194e-01
263,7.283410e-01
264,7.274637e-01
265,7.265874e-01
266,7.257122e-01
267,7.248380e-01
268,7.239649e-01
269,7.230929e-01
270,7.222219e-01
271,7.213519e-01
272,7.204830e-01
273,7.196152e-01
274,7.187484e-01
275,7.178826e-01
276,7.170179e-01
277,7.161542e-01
278,7.152916e-01
279,7.144300e-01
280,7.135694e-01
281,7.127099e-01
282,7.118514e-01
283,7.109939e-01
284,7.101375e-01
285,7.092821e-01
286,7.084278e-01
287,7.075744e-01
288,7.067221e-01
289,7.058709e-01
290,7.050206e-01
291,7.041714e-01
292,7.033232e-01
293,7.024760e-01
294,7.016298e-01
295,7.007847e-01
296,6.999406e-01
297,6.990974e-01
298,6.982553e-01
299,6.974143e-01
300,6.965742e-01
301,6.957352e-01
302,6.948971e-01
303,6.940601e-01
304,6.932240e-01
305,6.923890e-01
306,6.915550e-01
307,6.907220e-01
308,6.898900e-01
309,6.890590e-01
310,6.882290e-01
311,6.874000e-01
312,6.865720e-01
313,6.857450e-01
314,6.849190e-01
315,6.840940e-01
316,6.832699e-01
317,6.824469e-01
318,6.816249e-01
319,6.808038e-01
320,6.799838e-01
321,6.791647e-01
322,6.783466e-01
323,6.775295e-01
324,6.767134e-01
325,6.758983e-01
326,6.750841e-01
327,6.742710e-01
328,6.734588e-01
329,6.726476e-01
330,6.718373e-01
331,6.710281e-01
332,6.702198e-01
333,6.694125e-01
334,6.686061e-01
335,6.678008e-01
336,6.669964e-01
337,6.661929e-01
338,6.653905e-01
339,6.645890e-01
340,6.637885e-01
341,6.629889e-01
342,6.621903e-01
343,6.613927e-01
344,6.605960e-01
345,6.598003e-01
346,6.590055e-01
347,6.582117e-01
348,6.574189e-01
349,6.566270e-01
350,6.558361e-01
351,6.550461e-01
352,6.542570e-01
353,6.534690e-01
354,6.526818e-01
355,6.518956e-01
356,6.511104e-01
357,6.503261e-01
358,6.495428e-01
359,6.487604e-01
360,6.479789e-01
361,6.471984e-01
362,6.464188e-01
363,6.456402e-01
364,6.448625e-01
365,6.440857e-01
366,6.433099e-01
367,6.425350e-01
368,6.417610e-01
369,6.409880e-01
370,6.402159e-01
371,6.394447e-01
372,6.386745e-01
373,6.379052e-01
374,6.371368e-01
375,6.363693e-01
376,6.356028e-01
377,6.348372e-01
378,6.340725e-01
379,6.333087e-01
380,6.325459e-01
381,6.317839e-01
382,6.310229e-01
383,6.302628e-01
384,6.295037e-01
385,6.287454e-01
386,6.279880e-01
387,6.272316e-01
388,6.264761e-01
389,6.257215e-01
390,6.249677e-01
391,6.242149e-01
392,6.234631e-01
393,6.227121e-01
394,6.219620e-01
395,6.212128e-01
396,6.204645e-01
397,6.197171e-01
398,6.189707e-01
399,6.182251e-01
400,6.174804e-01
401,6.167366e-01
402,6.159937e-01
403,6.152517e-01
404,6.145107e-01
405,6.137704e-01
406,6.130311e-01
407,6.122927e-01
408,6.115552e-01
409,6.108185e-01
410,6.100828e-01
411,6.093479e-01
412,6.086139e-01
413,6.078808e-01
414,6.071486e-01
415,6.064173e-01
416,6.056868e-01
417,6.049572e-01
418,6.042285e-01
419,6.035007e-01
420,6.027738e-01
421,6.020477e-01
422,6.013225e-01
423,6.005982e-01
424,5.998747e-01
425,5.991522e-01
426,5.984305e-01
427,5.977096e-01
428,5.969897e-01
429,5.962706e-01
430,5.955523e-01
431,5.948350e-01
432,5.941184e-01
433,5.934028e-01
434,5.926880e-01
435,5.919741e-01
436,5.912610e-01
437,5.905488e-01
438,5.898375e-01
439,5.891270e-01
440,5.884174e-01
441,5.877086e-01
442,5.870007e-01
443,5.862936e-01
444,5.855874e-01
445,5.848820e-01
446,5.841775e-01
447,5.834739e-01
448,5.827710e-01
449,5.820691e-01
450,5.813679e-01
451,5.806677e-01
452,5.799682e-01
453,5.792696e-01
454,5.785719e-01
455,5.778750e-01
456,5.771789e-01
457,5.764836e-01
458,5.757892e-01
459,5.750957e-01
460,5.744029e-01
461,5.737111e-01
462,5.730200e-01
463,5.723298e-01
464,5.716404e-01
465,5.709518e-01
466,5.702641e-01
467,5.695772e-01
468,5.688911e-01
469,5.682058e-01
470,5.675214e-01
471,5.668378e-01
472,5.661550e-01
473,5.654731e-01
474,5.647919e-01
475,5.641116e-01
476,5.634321e-01
477,5.627534e-01
478,5.620756e-01
479,5.613985e-01
480,5.607223e-01
481,5.600469e-01
482,5.593723e-01
483,5.586985e-01
484,5.580255e-01
485,5.573533e-01
486,5.566820e-01
487,5.560114e-01
488,5.553417e-01
489,5.546728e-01
490,5.540046e-01
491,5.533373e-01
492,5.526708e-01
493,5.520051e-01
494,5.513402e-01
495,5.506761e-01
496,5.500127e-01
497,5.493502e-01
498,5.486885e-01
499,5.480276e-01
500,5.473675e-01
501,5.467081e-01
502,5.460496e-01
503,5.453919e-01
504,5.447349e-01
505,5.440788e-01
506,5.434234e-01
507,5.427688e-01
508,5.421150e-01
509,5.414620e-01
510,5.408098e-01
511,5.401584e-01
512,5.395077e-01
513,5.388579e-01
514,5.382088e-01
515,5.375605e-01
516,5.369130e-01
517,5.362662e-01
518,5.356203e-01
519,5.349751e-01
520,5.343307e-01
521,5.336871e-01
522,5.330442e-01
523,5.324022e-01
524,5.317609e-01
525,5.311203e-01
526,5.304806e-01
527,5.298416e-01
528,5.292034e-01
529,5.285659e-01
530,5.279292e-01
531,5.272933e-01
532,5.266582e-01
533,5.260238e-01
534,5.253902e-01
535,5.247573e-01
536,5.241252e-01
537,5.234939e-01
538,5.228633e-01
539,5.222335e-01
540,5.216045e-01
541,5.209762e-01
542,5.203486e-01
543,5.197218e-01
544,5.190958e-01
545,5.184705e-01
546,5.178460e-01
547,5.172223e-01
548,5.165992e-01
549,5.159770e-01
550,5.153555e-01
551,5.147347e-01
552,5.141147e-01
553,5.134954e-01
554,5.128769e-01
555,5.122591e-01
556,5.116420e-01
557,5.110257e-01
558,5.104102e-01
559,5.097954e-01
560,5.091813e-01
561,5.085680e-01
562,5.079554e-01
563,5.073435e-01
564,5.067324e-01
565,5.061220e-01
566,5.055124e-01
567,5.049035e-01
568,5.042953e-01
569,5.036879e-01
570,5.030811e-01
571,5.024752e-01
572,5.018699e-01
573,5.012654e-01
574,5.006616e-01
575,5.000585e-01
576,4.994562e-01
577,4.988546e-01
578,4.982537e-01
579,4.976535e-01
580,4.970540e-01
581,4.964553e-01
582,4.958573e-01
583,4.952600e-01
584,4.946635e-01
585,4.940676e-01
586,4.934725e-01
587,4.928781e-01
588,4.922844e-01
589,4.916914e-01
590,4.910992e-01
591,4.905076e-01
592,4.899168e-01
593,4.893267e-01
594,4.887372e-01
595,4.881485e-01
596,4.875605e-01
597,4.869732e-01
598,4.863867e-01
599,4.858008e-01
600,4.852156e-01
601,4.846312e-01
602,4.840474e-01
603,4.834643e-01
604,4.828820e-01
605,4.823003e-01
606,4.817194e-01
607,4.811391e-01
608,4.805596e-01
609,4.799807e-01
610,4.794026e-01
611,4.788251e-01
612,4.782483e-01
613,4.776723e-01
614,4.770969e-01
615,4.765222e-01
616,4.759482e-01
617,4.753749e-01
618,4.748023e-01
619,4.742304e-01
620,4.736592e-01
621,4.730886e-01
622,4.725188e-01
623,4.719496e-01
624,4.713811e-01
625,4.708133e-01
626,4.702462e-01
627,4.696798e-01
628,4.691140e-01
629,4.685489e-01
630,4.679845e-01
631,4.674208e-01
632,4.668578e-01
633,4.662955e-01
634,4.657338e-01
635,4.651728e-01
636,4.646125e-01
637,4.640528e-01
638,4.634939e-01
639,4.629356e-01
640,4.623779e-01
641,4.618210e-01
642,4.612647e-01
643,4.607091e-01
644,4.601541e-01
645,4.595999e-01
646,4.590462e-01
647,4.584933e-01
648,4.579410e-01
649,4.573894e-01
650,4.568385e-01
651,4.562882e-01
652,4.557386e-01
653,4.551896e-01
654,4.546413e-01
655,4.540937e-01
656,4.535467e-01
657,4.530004e-01
658,4.524547e-01
659,4.519097e-01
660,4.513654e-01
661,4.508217e-01
662,4.502787e-01
663,4.497363e-01
664,4.491946e-01
665,4.486535e-01
666,4.481131e-01
667,4.475733e-01
668,4.470342e-01
669,4.464957e-01
670,4.459579e-01
671,4.454207e-01
672,4.448842e-01
673,4.443483e-01
674,4.438130e-01
675,4.432785e-01
676,4.427445e-01
677,4.422112e-01
678,4.416785e-01
679,4.411465e-01
680,4.406151e-01
681,4.400844e-01
682,4.395543e-01
683,4.390248e-01
684,4.384960e-01
685,4.379678e-01
686,4.374403e-01
687,4.369134e-01
688,4.363871e-01
689,4.358614e-01
690,4.353364e-01
691,4.348120e-01
692,4.342883e-01
693,4.337652e-01
694,4.332427e-01
695,4.327208e-01
696,4.321996e-01
697,4.316790e-01
698,4.311590e-01
699,4.306396e-01
700,4.301209e-01
701,4.296028e-01
702,4.290854e-01
703,4.285685e-01
704,4.280523e-01
705,4.275367e-01
706,4.270217e-01
707,4.265073e-01
708,4.259936e-01
709,4.254804e-01
710,4.249679e-01
711,4.244560e-01
712,4.239448e-01
713,4.234341e-01
714,4.229241e-01
715,4.224146e-01
716,4.219058e-01
717,4.213976e-01
718,4.208900e-01
719,4.203830e-01
720,4.198767e-01
721,4.193709e-01
722,4.188657e-01
723,4.183612e-01
724,4.178573e-01
725,4.173539e-01
726,4.168512e-01
727,4.163491e-01
728,4.158476e-01
729,4.153467e-01
730,4.148464e-01
731,4.143467e-01
732,4.138476e-01
733,4.133491e-01
734,4.128512e-01
735,4.123539e-01
736,4.118572e-01
737,4.113611e-01
738,4.108656e-01
739,4.103707e-01
740,4.098764e-01
741,4.093827e-01
742,4.088895e-01
743,4.083970e-01
744,4.079051e-01
745,4.074137e-01
746,4.069230e-01
747,4.064328e-01
748,4.059433e-01
749,4.054543e-01
750,4.049659e-01
751,4.044781e-01
752,4.039909e-01
753,4.035043e-01
754,4.030182e-01
755,4.025328e-01
756,4.020479e-01
757,4.015636e-01
758,4.010799e-01
759,4.005968e-01
760,4.001143e-01
761,3.996323e-01
762,3.991509e-01
763,3.986702e-01
764,3.981899e-01
765,3.977103e-01
766,3.972312e-01
767,3.967528e-01
768,3.962749e-01
769,3.957975e-01
770,3.953208e-01
771,3.948446e-01
772,3.943690e-01
773,3.938939e-01
774,3.934195e-01
775,3.929456e-01
776,3.924723e-01
777,3.919995e-01
778,3.915273e-01
779,3.910557e-01
780,3.905847e-01
781,3.901142e-01
782,3.896443e-01
783,3.891750e-01
784,3.887062e-01
785,3.882380e-01
786,3.877703e-01
787,3.873032e-01
788,3.868367e-01
789,3.863707e-01
790,3.859053e-01
791,3.854405e-01
792,3.849762e-01
793,3.845125e-01
794,3.840493e-01
795,3.835867e-01
796,3.831247e-01
797,3.826632e-01
798,3.822023e-01
799,3.817419e-01
800,3.812821e-01
801,3.808228e-01
802,3.803641e-01
803,3.799059e-01
804,3.794483e-01
805,3.789912e-01
806,3.785347e-01
807,3.780788e-01
808,3.776233e-01
809,3.771685e-01
810,3.767142e-01
811,3.762604e-01
812,3.758072e-01
813,3.753545e-01
814,3.749024e-01
815,3.744508e-01
816,3.739997e-01
817,3.735492e-01
818,3.730993e-01
819,3.726499e-01
820,3.722010e-01
821,3.717527e-01
822,3.713049e-01
823,3.708576e-01
824,3.704109e-01
825,3.699647e-01
826,3.695191e-01
827,3.690740e-01
828,3.686294e-01
829,3.681854e-01
830,3.677419e-01
831,3.672989e-01
832,3.668565e-01
833,3.664146e-01
834,3.659732e-01
835,3.655324e-01
836,3.650921e-01
837,3.646523e-01
838,3.642131e-01
839,3.637744e-01
840,3.633362e-01
841,3.628986e-01
842,3.624614e-01
843,3.620248e-01
844,3.615888e-01
845,3.611532e-01
846,3.607182e-01
847,3.602837e-01
848,3.598497e-01
849,3.594162e-01
850,3.589833e-01
851,3.585509e-01
852,3.581190e-01
853,3.576876e-01
854,3.572568e-01
855,3.568265e-01
856,3.563966e-01
857,3.559674e-01
858,3.555386e-01
859,3.551103e-01
860,3.546826e-01
861,3.542553e-01
862,3.538286e-01
863,3.534024e-01
864,3.529767e-01
865,3.525516e-01
866,3.521269e-01
867,3.517027e-01
868,3.512791e-01
869,3.508560e-01
870,3.504333e-01
871,3.500112e-01
872,3.495896e-01
873,3.491685e-01
874,3.487479e-01
875,3.483279e-01
876,3.479083e-01
877,3.474892e-01
878,3.470706e-01
879,3.466526e-01
880,3.462350e-01
881,3.458180e-01
882,3.454014e-01
883,3.449854e-01
884,3.445698e-01
885,3.441548e-01
886,3.437402e-01
887,3.433262e-01
888,3.429126e-01
889,3.424996e-01
890,3.420870e-01
891,3.416750e-01
892,3.412634e-01
893,3.408523e-01
894,3.404418e-01
895,3.400317e-01
896,3.396221e-01
897,3.392130e-01
898,3.388044e-01
899,3.383963e-01
900,3.379887e-01
901,3.375816e-01
902,3.371749e-01
903,3.367688e-01
904,3.363631e-01
905,3.359580e-01
906,3.355533e-01
907,3.351491e-01
908,3.347454e-01
909,3.343422e-01
910,3.339395e-01
911,3.335372e-01
912,3.331355e-01
913,3.327342e-01
914,3.323334e-01
915,3.319331e-01
916,3.315332e-01
917,3.311339e-01
918,3.307350e-01
919,3.303367e-01
920,3.299387e-01
921,3.295413e-01
922,3.291444e-01
923,3.287479e-01
924,3.283519e-01
925,3.279564e-01
926,3.275614e-01
927,3.271668e-01
928,3.267727e-01
929,3.263791e-01
930,3.259860e-01
931,3.255933e-01
932,3.252011e-01
933,3.248094e-01
934,3.244181e-01
935,3.240274e-01
936,3.236371e-01
937,3.232472e-01
938,3.228579e-01
939,3.224690e-01
940,3.220805e-01
941,3.216926e-01
942,3.213051e-01
943,3.209181e-01
944,3.205315e-01
945,3.201454e-01
946,3.197598e-01
947,3.193746e-01
948,3.189899e-01
949,3.186057e-01
950,3.182219e-01
951,3.178386e-01
952,3.174557e-01
953,3.170733e-01
954,3.166914e-01
955,3.163099e-01
956,3.159289e-01
957,3.155484e-01
958,3.151683e-01
959,3.147887e-01
960,3.144095e-01
961,3.140308e-01
962,3.136525e-01
963,3.132747e-01
964,3.128973e-01
965,3.125204e-01
966,3.121440e-01
967,3.117680e-01
968,3.113925e-01
969,3.110174e-01
970,3.106427e-01
971,3.102686e-01
972,3.098948e-01
973,3.095216e-01
974,3.091487e-01
975,3.087763e-01
976,3.084044e-01
977,3.080329e-01
978,3.076619e-01
979,3.072913e-01
980,3.069211e-01
981,3.065514e-01
982,3.061822e-01
983,3.058134e-01
984,3.054450e-01
985,3.050771e-01
986,3.047096e-01
987,3.043426e-01
988,3.039760e-01
989,3.036098e-01
990,3.032441e-01
991,3.028788e-01
992,3.025140e-01
993,3.021496e-01
994,3.017857e-01
995,3.014222e-01
996,3.010591e-01
997,3.006964e-01
998,3.003342e-01
999,2.999725e-01
1000,2.996111e-01
1001,2.992502e-01
1002,2.988898e-01
1003,2.985298e-01
1004,2.981702e-01
1005,2.978110e-01
1006,2.974523e-01
1007,2.970940e-01
1008,2.967361e-01
1009,2.963787e-01
1010,2.960217e-01
1011,2.956651e-01
1012,2.953090e-01
1013,2.949533e-01
1014,2.945980e-01
1015,2.942431e-01
1016,2.938887e-01
1017,2.935347e-01
1018,2.931811e-01
1019,2.928280e-01
1020,2.924752e-01
1021,2.921229e-01
1022,2.917711e-01
1023,2.914196e-01
1024,2.910686e-01
1025,2.907180e-01
1026,2.903678e-01
1027,2.900180e-01
1028,2.896687e-01
1029,2.893198e-01
1030,2.889713e-01
1031,2.886232e-01
1032,2.882756e-01
1033,2.879283e-01
1034,2.875815e-01
1035,2.872351e-01
1036,2.868891e-01
1037,2.865435e-01
1038,2.861984e-01
1039,2.858536e-01
1040,2.855093e-01
1041,2.851654e-01
1042,2.848219e-01
1043,2.844788e-01
1044,2.841362e-01
1045,2.837939e-01
1046,2.834521e-01
1047,2.831106e-01
1048,2.827696e-01
1049,2.824290e-01
1050,2.820888e-01
1051,2.817490e-01
1052,2.814096e-01
1053,2.810707e-01
1054,2.807321e-01
1055,2.803940e-01
1056,2.800562e-01
1057,2.797189e-01
1058,2.793819e-01
1059,2.790454e-01
1060,2.787093e-01
1061,2.783736e-01
1062,2.780383e-01
1063,2.777033e-01
1064,2.773688e-01
1065,2.770347e-01
1066,2.767010e-01
1067,2.763677e-01
1068,2.760348e-01
1069,2.757023e-01
1070,2.753702e-01
1071,2.750386e-01
1072,2.747073e-01
1073,2.743764e-01
1074,2.740459e-01
1075,2.737158e-01
1076,2.733861e-01
1077,2.730568e-01
1078,2.727278e-01
1079,2.723993e-01
1080,2.720712e-01
1081,2.717435e-01
1082,2.714162e-01
1083,2.710892e-01
1084,2.707627e-01
1085,2.704365e-01
1086,2.701108e-01
1087,2.697854e-01
1088,2.694605e-01
1089,2.691359e-01
1090,2.688117e-01
1091,2.684879e-01
1092,2.681645e-01
1093,2.678415e-01
1094,2.675189e-01
1095,2.671966e-01
1096,2.668748e-01
1097,2.665533e-01
1098,2.662322e-01
1099,2.659115e-01
1100,2.655912e-01
1101,2.652713e-01
1102,2.649518e-01
1103,2.646327e-01
1104,2.643139e-01
1105,2.639955e-01
1106,2.636775e-01
1107,2.633599e-01
1108,2.630427e-01
1109,2.627258e-01
1110,2.624094e-01
1111,2.620933e-01
1112,2.617776e-01
1113,2.614623e-01
1114,2.611473e-01
1115,2.608328e-01
1116,2.605186e-01
1117,2.602048e-01
1118,2.598913e-01
1119,2.595783e-01
1120,2.592656e-01
1121,2.589533e-01
1122,2.586414e-01
1123,2.583298e-01
1124,2.580187e-01
1125,2.577079e-01
1126,2.573975e-01
1127,2.570874e-01
1128,2.567777e-01
1129,2.564684e-01
1130,2.561595e-01
1131,2.558510e-01
1132,2.555428e-01
1133,2.552350e-01
1134,2.549275e-01
1135,2.546205e-01
1136,2.543137e-01
1137,2.540074e-01
1138,2.537015e-01
1139,2.533959e-01
1140,2.530906e-01
1141,2.527858e-01
1142,2.524813e-01
1143,2.521772e-01
1144,2.518734e-01
1145,2.515700e-01
1146,2.512670e-01
1147,2.509643e-01
1148,2.506620e-01
1149,2.503601e-01
1150,2.500585e-01
1151,2.497573e-01
1152,2.494565e-01
1153,2.491560e-01
1154,2.488559e-01
1155,2.485561e-01
1156,2.482567e-01
1157,2.479577e-01
1158,2.476590e-01
1159,2.473607e-01
1160,2.470627e-01
1161,2.467651e-01
1162,2.464679e-01
1163,2.461710e-01
1164,2.458745e-01
1165,2.455783e-01
1166,2.452825e-01
1167,2.449871e-01
1168,2.446920e-01
1169,2.443972e-01
1170,2.441028e-01
1171,2.438088e-01
1172,2.435151e-01
1173,2.432218e-01
1174,2.429288e-01
1175,2.426362e-01
1176,2.423439e-01
1177,2.420520e-01
1178,2.417605e-01
1179,2.414693e-01
1180,2.411784e-01
1181,2.408879e-01
1182,2.405977e-01
1183,2.403079e-01
1184,2.400184e-01
1185,2.397293e-01
1186,2.394406e-01
1187,2.391522e-01
1188,2.388641e-01
1189,2.385764e-01
1190,2.382890e-01
1191,2.380020e-01
1192,2.377153e-01
1193,2.374289e-01
1194,2.371429e-01
1195,2.368573e-01
1196,2.365720e-01
1197,2.362870e-01
1198,2.360024e-01
1199,2.357181e-01
1200,2.354342e-01
1201,2.351506e-01
1202,2.348674e-01
1203,2.345845e-01
1204,2.343019e-01
1205,2.340197e-01
1206,2.337378e-01
1207,2.334562e-01
1208,2.331750e-01
1209,2.328941e-01
1210,2.326136e-01
1211,2.323334e-01
1212,2.320536e-01
1213,2.317740e-01
1214,2.314949e-01
1215,2.312160e-01
1216,2.309375e-01
1217,2.306593e-01
1218,2.303815e-01
1219,2.301040e-01
1220,2.298268e-01
1221,2.295500e-01
1222,2.292735e-01
1223,2.289973e-01
1224,2.287215e-01
1225,2.284460e-01
1226,2.281708e-01
1227,2.278960e-01
1228,2.276214e-01
1229,2.273473e-01
1230,2.270734e-01
1231,2.267999e-01
1232,2.265267e-01
1233,2.262538e-01
1234,2.259813e-01
1235,2.257091e-01
1236,2.254372e-01
1237,2.251657e-01
1238,2.248945e-01
1239,2.246236e-01
1240,2.243530e-01
1241,2.240828e-01
1242,2.238128e-01
1243,2.235432e-01
1244,2.232740e-01
1245,2.230050e-01
1246,2.227364e-01
1247,2.224681e-01
1248,2.222001e-01
1249,2.219325e-01
1250,2.216652e-01
1251,2.213982e-01
1252,2.211315e-01
1253,2.208651e-01
1254,2.205991e-01
1255,2.203334e-01
1256,2.200679e-01
1257,2.198029e-01
1258,2.195381e-01
1259,2.192737e-01
1260,2.190095e-01
1261,2.187457e-01
1262,2.184822e-01
1263,2.182191e-01
1264,2.179562e-01
1265,2.176937e-01
1266,2.174315e-01
1267,2.171696e-01
1268,2.169080e-01
1269,2.166467e-01
1270,2.163857e-01
1271,2.161251e-01
1272,2.158647e-01
1273,2.156047e-01
1274,2.153450e-01
1275,2.150856e-01
1276,2.148266e-01
1277,2.145678e-01
1278,2.143093e-01
1279,2.140512e-01
1280,2.137933e-01
1281,2.135358e-01
1282,2.132786e-01
1283,2.130217e-01
1284,2.127651e-01
1285,2.125088e-01
1286,2.122529e-01
1287,2.119972e-01
1288,2.117418e-01
1289,2.114868e-01
1290,2.112320e-01
1291,2.109776e-01
1292,2.107235e-01
1293,2.104696e-01
1294,2.102161e-01
1295,2.099629e-01
1296,2.097100e-01
1297,2.094574e-01
1298,2.092051e-01
1299,2.089531e-01
1300,2.087014e-01
1301,2.084500e-01
1302,2.081989e-01
1303,2.079481e-01
1304,2.076976e-01
1305,2.074475e-01
1306,2.071976e-01
1307,2.069480e-01
1308,2.066987e-01
1309,2.064498e-01
1310,2.062011e-01
1311,2.059527e-01
1312,2.057046e-01
1313,2.054568e-01
1314,2.052094e-01
1315,2.049622e-01
1316,2.047153e-01
1317,2.044687e-01
1318,2.042224e-01
1319,2.039764e-01
1320,2.037307e-01
1321,2.034853e-01
1322,2.032402e-01
1323,2.029954e-01
1324,2.027509e-01
1325,2.025067e-01
1326,2.022627e-01
1327,2.020191e-01
1328,2.017757e-01
1329,2.015327e-01
1330,2.012899e-01
1331,2.010475e-01
1332,2.008053e-01
1333,2.005634e-01
1334,2.003218e-01
1335,2.000806e-01
1336,1.998395e-01
1337,1.995988e-01
1338,1.993584e-01
1339,1.991183e-01
1340,1.988784e-01
1341,1.986389e-01
1342,1.983996e-01
1343,1.981606e-01
1344,1.979219e-01
1345,1.976835e-01
1346,1.974454e-01
1347,1.972076e-01
1348,1.969700e-01
1349,1.967328e-01
1350,1.964958e-01
1351,1.962591e-01
1352,1.960227e-01
1353,1.957866e-01
1354,1.955507e-01
1355,1.953152e-01
1356,1.950799e-01
1357,1.948449e-01
1358,1.946102e-01
1359,1.943758e-01
1360,1.941417e-01
1361,1.939078e-01
1362,1.936743e-01
1363,1.934410e-01
1364,1.932080e-01
1365,1.929753e-01
1366,1.927428e-01
1367,1.925106e-01
1368,1.922787e-01
1369,1.920471e-01
1370,1.918158e-01
1371,1.915848e-01
1372,1.913540e-01
1373,1.911235e-01
1374,1.908933e-01
1375,1.906633e-01
1376,1.904337e-01
1377,1.902043e-01
1378,1.899752e-01
1379,1.897463e-01
1380,1.895178e-01
1381,1.892895e-01
1382,1.890615e-01
1383,1.888338e-01
1384,1.886063e-01
1385,1.883791e-01
1386,1.881522e-01
1387,1.879256e-01
1388,1.876992e-01
1389,1.874731e-01
1390,1.872473e-01
1391,1.870218e-01
1392,1.867965e-01
1393,1.865715e-01
1394,1.863467e-01
1395,1.861223e-01
1396,1.858981e-01
1397,1.856742e-01
1398,1.854505e-01
1399,1.852271e-01
1400,1.850040e-01
1401,1.847812e-01
1402,1.845586e-01
1403,1.843363e-01
1404,1.841142e-01
1405,1.838925e-01
1406,1.836710e-01
1407,1.834497e-01
1408,1.832287e-01
1409,1.830080e-01
1410,1.827876e-01
1411,1.825674e-01
1412,1.823475e-01
1413,1.821279e-01
1414,1.819085e-01
1415,1.816894e-01
1416,1.814705e-01
1417,1.812519e-01
1418,1.810336e-01
1419,1.808155e-01
1420,1.805977e-01
1421,1.803802e-01
1422,1.801629e-01
1423,1.799459e-01
1424,1.797292e-01
1425,1.795127e-01
1426,1.792964e-01
1427,1.790805e-01
1428,1.788648e-01
1429,1.786493e-01
1430,1.784341e-01
1431,1.782192e-01
1432,1.780045e-01
1433,1.777901e-01
1434,1.775759e-01
1435,1.773620e-01
1436,1.771484e-01
1437,1.769350e-01
1438,1.767219e-01
1439,1.765090e-01
1440,1.762964e-01
1441,1.760841e-01
1442,1.758719e-01
1443,1.756601e-01
1444,1.754485e-01
1445,1.752372e-01
1446,1.750261e-01
1447,1.748153e-01
1448,1.746047e-01
1449,1.743944e-01
1450,1.741843e-01
1451,1.739745e-01
1452,1.737649e-01
1453,1.735556e-01
1454,1.733466e-01
1455,1.731378e-01
1456,1.729292e-01
1457,1.727209e-01
1458,1.725129e-01
1459,1.723051e-01
1460,1.720975e-01
1461,1.718902e-01
1462,1.716832e-01
1463,1.714764e-01
1464,1.712698e-01
1465,1.710635e-01
1466,1.708575e-01
1467,1.706517e-01
1468,1.704461e-01
1469,1.702408e-01
1470,1.700357e-01
1471,1.698309e-01
1472,1.696263e-01
1473,1.694220e-01
1474,1.692180e-01
1475,1.690141e-01
1476,1.688105e-01
1477,1.686072e-01
1478,1.684041e-01
1479,1.682013e-01
1480,1.679986e-01
1481,1.677963e-01
1482,1.675942e-01
1483,1.673923e-01
1484,1.671907e-01
1485,1.669893e-01
1486,1.667881e-01
1487,1.665872e-01
1488,1.663866e-01
1489,1.661861e-01
1490,1.659860e-01
1491,1.657860e-01
1492,1.655863e-01
1493,1.653869e-01
1494,1.651877e-01
1495,1.649887e-01
1496,1.647899e-01
1497,1.645914e-01
1498,1.643932e-01
1499,1.641952e-01
1500,1.639974e-01
1501,1.637998e-01
1502,1.636025e-01
1503,1.634055e-01
1504,1.632086e-01
1505,1.630121e-01
1506,1.628157e-01
1507,1.626196e-01
1508,1.624237e-01
1509,1.622281e-01
1510,1.620326e-01
1511,1.618375e-01
1512,1.616425e-01
1513,1.614478e-01
1514,1.612534e-01
1515,1.610591e-01
1516,1.608651e-01
1517,1.606713e-01
1518,1.604778e-01
1519,1.602845e-01
1520,1.600914e-01
1521,1.598986e-01
1522,1.597060e-01
1523,1.595136e-01
1524,1.593215e-01
1525,1.591296e-01
1526,1.589379e-01
1527,1.587464e-01
1528,1.585552e-01
1529,1.583642e-01
1530,1.581735e-01
1531,1.579830e-01
1532,1.577927e-01
1533,1.576026e-01
1534,1.574128e-01
1535,1.572231e-01
1536,1.570338e-01
1537,1.568446e-01
1538,1.566557e-01
1539,1.564670e-01
1540,1.562785e-01
1541,1.560903e-01
1542,1.559022e-01
1543,1.557145e-01
1544,1.555269e-01
1545,1.553396e-01
1546,1.551524e-01
1547,1.549656e-01
1548,1.547789e-01
1549,1.545924e-01
1550,1.544062e-01
1551,1.542202e-01
1552,1.540345e-01
1553,1.538489e-01
1554,1.536636e-01
1555,1.534785e-01
1556,1.532937e-01
1557,1.531090e-01
1558,1.529246e-01
1559,1.527404e-01
1560,1.525564e-01
1561,1.523726e-01
1562,1.521891e-01
1563,1.520058e-01
1564,1.518227e-01
1565,1.516398e-01
1566,1.514571e-01
1567,1.512747e-01
1568,1.510925e-01
1569,1.509105e-01
1570,1.507287e-01
1571,1.505472e-01
1572,1.503658e-01
1573,1.501847e-01
1574,1.500038e-01
1575,1.498231e-01
1576,1.496426e-01
1577,1.494624e-01
1578,1.492823e-01
1579,1.491025e-01
1580,1.489229e-01
1581,1.487435e-01
1582,1.485644e-01
1583,1.483854e-01
1584,1.482067e-01
1585,1.480282e-01
1586,1.478499e-01
1587,1.476718e-01
1588,1.474939e-01
1589,1.473162e-01
1590,1.471388e-01
1591,1.469615e-01
1592,1.467845e-01
1593,1.466077e-01
1594,1.464311e-01
1595,1.462547e-01
1596,1.460786e-01
1597,1.459026e-01
1598,1.457269e-01
1599,1.455513e-01
1600,1.453760e-01
1601,1.452009e-01
1602,1.450260e-01
1603,1.448513e-01
1604,1.446768e-01
1605,1.445026e-01
1606,1.443285e-01
1607,1.441546e-01
1608,1.439810e-01
1609,1.438076e-01
1610,1.436344e-01
1611,1.434613e-01
1612,1.432885e-01
1613,1.431159e-01
1614,1.429435e-01
1615,1.427714e-01
1616,1.425994e-01
1617,1.424276e-01
1618,1.422561e-01
1619,1.420847e-01
1620,1.419136e-01
1621,1.417426e-01
1622,1.415719e-01
1623,1.414014e-01
1624,1.412310e-01
1625,1.410609e-01
1626,1.408910e-01
1627,1.407213e-01
1628,1.405518e-01
1629,1.403825e-01
1630,1.402134e-01
1631,1.400445e-01
1632,1.398758e-01
1633,1.397073e-01
1634,1.395390e-01
1635,1.393710e-01
1636,1.392031e-01
1637,1.390354e-01
1638,1.388679e-01
1639,1.387006e-01
1640,1.385336e-01
1641,1.383667e-01
1642,1.382000e-01
1643,1.380336e-01
1644,1.378673e-01
1645,1.377012e-01
1646,1.375354e-01
1647,1.373697e-01
1648,1.372042e-01
1649,1.370390e-01
1650,1.368739e-01
1651,1.367090e-01
1652,1.365444e-01
1653,1.363799e-01
1654,1.362156e-01
1655,1.360515e-01
1656,1.358876e-01
1657,1.357240e-01
1658,1.355605e-01
1659,1.353972e-01
1660,1.352341e-01
1661,1.350712e-01
1662,1.349085e-01
1663,1.347460e-01
1664,1.345837e-01
1665,1.344216e-01
1666,1.342597e-01
1667,1.340979e-01
1668,1.339364e-01
1669,1.337751e-01
1670,1.336139e-01
1671,1.334530e-01
1672,1.332923e-01
1673,1.331317e-01
1674,1.329713e-01
1675,1.328112e-01
1676,1.326512e-01
1677,1.324914e-01
1678,1.323318e-01
1679,1.321724e-01
1680,1.320132e-01
1681,1.318542e-01
1682,1.316954e-01
1683,1.315367e-01
1684,1.313783e-01
1685,1.312200e-01
1686,1.310620e-01
1687,1.309041e-01
1688,1.307464e-01
1689,1.305889e-01
1690,1.304316e-01
1691,1.302745e-01
1692,1.301176e-01
1693,1.299609e-01
1694,1.298043e-01
1695,1.296480e-01
1696,1.294918e-01
1697,1.293358e-01
1698,1.291800e-01
1699,1.290244e-01
1700,1.288690e-01
1701,1.287138e-01
1702,1.285588e-01
1703,1.284039e-01
1704,1.282492e-01
1705,1.280947e-01
1706,1.279405e-01
1707,1.277863e-01
1708,1.276324e-01
1709,1.274787e-01
1710,1.273251e-01
1711,1.271718e-01
1712,1.270186e-01
1713,1.268656e-01
1714,1.267128e-01
1715,1.265601e-01
1716,1.264077e-01
1717,1.262554e-01
1718,1.261033e-01
1719,1.259514e-01
1720,1.257997e-01
1721,1.256482e-01
1722,1.254968e-01
1723,1.253457e-01
1724,1.251947e-01
1725,1.250439e-01
1726,1.248933e-01
1727,1.247428e-01
1728,1.245926e-01
1729,1.244425e-01
1730,1.242926e-01
1731,1.241429e-01
1732,1.239933e-01
1733,1.238440e-01
1734,1.236948e-01
1735,1.235458e-01
1736,1.233970e-01
1737,1.232484e-01
1738,1.230999e-01
1739,1.229516e-01
1740,1.228035e-01
1741,1.226556e-01
1742,1.225079e-01
1743,1.223603e-01
1744,1.222129e-01
1745,1.220657e-01
1746,1.219187e-01
1747,1.217718e-01
1748,1.216251e-01
1749,1.214786e-01
1750,1.213323e-01
1751,1.211861e-01
1752,1.210402e-01
1753,1.208944e-01
1754,1.207488e-01
1755,1.206033e-01
1756,1.204580e-01
1757,1.203129e-01
1758,1.201680e-01
1759,1.200233e-01
1760,1.198787e-01
1761,1.197343e-01
1762,1.195901e-01
1763,1.194460e-01
1764,1.193021e-01
1765,1.191584e-01
1766,1.190149e-01
1767,1.188715e-01
1768,1.187284e-01
1769,1.185853e-01
1770,1.184425e-01
1771,1.182998e-01
1772,1.181573e-01
1773,1.180150e-01
1774,1.178729e-01
1775,1.177309e-01
1776,1.175891e-01
1777,1.174474e-01
1778,1.173060e-01
1779,1.171647e-01
1780,1.170235e-01
1781,1.168826e-01
1782,1.167418e-01
1783,1.166012e-01
1784,1.164607e-01
1785,1.163204e-01
1786,1.161803e-01
1787,1.160404e-01
1788,1.159006e-01
1789,1.157610e-01
1790,1.156215e-01
1791,1.154823e-01
1792,1.153432e-01
1793,1.152042e-01
1794,1.150655e-01
1795,1.149269e-01
1796,1.147884e-01
1797,1.146502e-01
1798,1.145121e-01
1799,1.143741e-01
1800,1.142364e-01
1801,1.140987e-01
1802,1.139613e-01
1803,1.138240e-01
1804,1.136869e-01
1805,1.135500e-01
1806,1.134132e-01
1807,1.132766e-01
1808,1.131402e-01
1809,1.130039e-01
1810,1.128678e-01
1811,1.127318e-01
1812,1.125960e-01
1813,1.124604e-01
1814,1.123249e-01
1815,1.121896e-01
1816,1.120545e-01
1817,1.119195e-01
1818,1.117847e-01
1819,1.116501e-01
1820,1.115156e-01
1821,1.113812e-01
1822,1.112471e-01
1823,1.111131e-01
1824,1.109792e-01
1825,1.108456e-01
1826,1.107120e-01
1827,1.105787e-01
1828,1.104455e-01
1829,1.103124e-01
1830,1.101796e-01
1831,1.100469e-01
1832,1.099143e-01
1833,1.097819e-01
1834,1.096497e-01
1835,1.095176e-01
1836,1.093857e-01
1837,1.092539e-01
1838,1.091223e-01
1839,1.089909e-01
1840,1.088596e-01
1841,1.087285e-01
1842,1.085975e-01
1843,1.084667e-01
1844,1.083360e-01
1845,1.082055e-01
1846,1.080752e-01
1847,1.079450e-01
1848,1.078150e-01
1849,1.076851e-01
1850,1.075554e-01
1851,1.074258e-01
1852,1.072964e-01
1853,1.071672e-01
1854,1.070381e-01
1855,1.069092e-01
1856,1.067804e-01
1857,1.066518e-01
1858,1.065233e-01
1859,1.063950e-01
1860,1.062668e-01
1861,1.061388e-01
1862,1.060110e-01
1863,1.058833e-01
1864,1.057558e-01
1865,1.056284e-01
1866,1.055011e-01
1867,1.053741e-01
1868,1.052471e-01
1869,1.051204e-01
1870,1.049937e-01
1871,1.048673e-01
1872,1.047409e-01
1873,1.046148e-01
1874,1.044888e-01
1875,1.043629e-01
1876,1.042372e-01
1877,1.041116e-01
1878,1.039862e-01
1879,1.038610e-01
1880,1.037359e-01
1881,1.036109e-01
1882,1.034861e-01
1883,1.033615e-01
1884,1.032370e-01
1885,1.031126e-01
1886,1.029884e-01
1887,1.028643e-01
1888,1.027404e-01
1889,1.026167e-01
1890,1.024931e-01
1891,1.023696e-01
1892,1.022463e-01
1893,1.021232e-01
1894,1.020001e-01
1895,1.018773e-01
1896,1.017546e-01
1897,1.016320e-01
1898,1.015096e-01
1899,1.013873e-01
1900,1.012652e-01
1901,1.011432e-01
1902,1.010214e-01
1903,1.008997e-01
1904,1.007781e-01
1905,1.006568e-01
1906,1.005355e-01
1907,1.004144e-01
1908,1.002935e-01
1909,1.001726e-01
1910,1.000520e-01
1911,9.993147e-02
1912,9.981109e-02
1913,9.969087e-02
1914,9.957079e-02
1915,9.945085e-02
1916,9.933106e-02
1917,9.921141e-02
1918,9.909190e-02
1919,9.897254e-02
1920,9.885332e-02
1921,9.873425e-02
1922,9.861532e-02
1923,9.849654e-02
1924,9.837789e-02
1925,9.825939e-02
1926,9.814103e-02
1927,9.802282e-02
1928,9.790475e-02
1929,9.778682e-02
1930,9.766903e-02
1931,9.755138e-02
1932,9.743388e-02
1933,9.731651e-02
1934,9.719929e-02
1935,9.708221e-02
1936,9.696527e-02
1937,9.684847e-02
1938,9.673181e-02
1939,9.661529e-02
1940,9.649892e-02
1941,9.638268e-02
1942,9.626658e-02
1943,9.615063e-02
1944,9.603481e-02
1945,9.591913e-02
1946,9.580359e-02
1947,9.568819e-02
1948,9.557293e-02
1949,9.545781e-02
1950,9.534283e-02
1951,9.522798e-02
1952,9.511328e-02
1953,9.499871e-02
1954,9.488428e-02
1955,9.476998e-02
1956,9.465583e-02
1957,9.454181e-02
1958,9.442793e-02
1959,9.431419e-02
1960,9.420058e-02
1961,9.408712e-02
1962,9.397378e-02
1963,9.386059e-02
1964,9.374753e-02
1965,9.363461e-02
1966,9.352182e-02
1967,9.340917e-02
1968,9.329665e-02
1969,9.318427e-02
1970,9.307203e-02
1971,9.295992e-02
1972,9.284794e-02
1973,9.273611e-02
1974,9.262440e-02
1975,9.251283e-02
1976,9.240139e-02
1977,9.229009e-02
1978,9.217893e-02
1979,9.206789e-02
1980,9.195699e-02
1981,9.184623e-02
1982,9.173559e-02
1983,9.162509e-02
1984,9.151473e-02
1985,9.140449e-02
1986,9.129439e-02
1987,9.118443e-02
1988,9.107459e-02
1989,9.096489e-02
1990,9.085531e-02
1991,9.074588e-02
1992,9.063657e-02
1993,9.052739e-02
1994,9.041835e-02
1995,9.030944e-02
1996,9.020065e-02
1997,9.009200e-02
1998,8.998348e-02
1999,8.987509e-02
2000,8.976684e-02
2001,8.965871e-02
2002,8.955071e-02
2003,8.944284e-02
2004,8.933510e-02
2005,8.922750e-02
2006,8.912002e-02
2007,8.901267e-02
2008,8.890545e-02
2009,8.879836e-02
2010,8.869140e-02
2011,8.858456e-02
2012,8.847786e-02
2013,8.837129e-02
2014,8.826484e-02
2015,8.815852e-02
2016,8.805233e-02
2017,8.794627e-02
2018,8.784033e-02
2019,8.773452e-02
2020,8.762884e-02
2021,8.752329e-02
2022,8.741786e-02
2023,8.731257e-02
2024,8.720739e-02
2025,8.710235e-02
2026,8.699743e-02
2027,8.689264e-02
2028,8.678797e-02
2029,8.668343e-02
2030,8.657902e-02
2031,8.647473e-02
2032,8.637057e-02
2033,8.626653e-02
2034,8.616262e-02
2035,8.605883e-02
2036,8.595517e-02
2037,8.585163e-02
2038,8.574822e-02
2039,8.564493e-02
2040,8.554177e-02
2041,8.543873e-02
2042,8.533582e-02
2043,8.523303e-02
2044,8.513036e-02
2045,8.502782e-02
2046,8.492540e-02
2047,8.482310e-02
2048,8.472093e-02
2049,8.461888e-02
2050,8.451695e-02
2051,8.441515e-02
2052,8.431346e-02
2053,8.421190e-02
2054,8.411047e-02
2055,8.400915e-02
2056,8.390796e-02
2057,8.380689e-02
2058,8.370594e-02
2059,8.360511e-02
2060,8.350441e-02
2061,8.340382e-02
2062,8.330336e-02
2063,8.320302e-02
2064,8.310279e-02
2065,8.300269e-02
2066,8.290271e-02
2067,8.280285e-02
2068,8.270311e-02
2069,8.260349e-02
2070,8.250399e-02
2071,8.240461e-02
2072,8.230535e-02
2073,8.220621e-02
2074,8.210719e-02
2075,8.200829e-02
2076,8.190951e-02
2077,8.181085e-02
2078,8.171230e-02
2079,8.161387e-02
2080,8.151557e-02
2081,8.141738e-02
2082,8.131931e-02
2083,8.122135e-02
2084,8.112352e-02
2085,8.102580e-02
2086,8.092820e-02
2087,8.083072e-02
2088,8.073336e-02
2089,8.063611e-02
2090,8.053898e-02
2091,8.044197e-02
2092,8.034507e-02
2093,8.024829e-02
2094,8.015163e-02
2095,8.005509e-02
2096,7.995866e-02
2097,7.986234e-02
2098,7.976614e-02
2099,7.967006e-02
2100,7.957410e-02
2101,7.947825e-02
2102,7.938251e-02
2103,7.928689e-02
2104,7.919139e-02
2105,7.909600e-02
2106,7.900072e-02
2107,7.890556e-02
2108,7.881052e-02
2109,7.871559e-02
2110,7.862077e-02
2111,7.852607e-02
2112,7.843148e-02
2113,7.833701e-02
2114,7.824265e-02
2115,7.814840e-02
2116,7.805427e-02
2117,7.796025e-02
2118,7.786634e-02
2119,7.777255e-02
2120,7.767887e-02
2121,7.758530e-02
2122,7.749184e-02
2123,7.739850e-02
2124,7.730527e-02
2125,7.721215e-02
2126,7.711915e-02
2127,7.702625e-02
2128,7.693347e-02
2129,7.684080e-02
2130,7.674824e-02
2131,7.665580e-02
2132,7.656346e-02
2133,7.647124e-02
2134,7.637913e-02
2135,7.628712e-02
2136,7.619523e-02
2137,7.610345e-02
2138,7.601178e-02
2139,7.592022e-02
2140,7.582877e-02
2141,7.573743e-02
2142,7.564621e-02
2143,7.555509e-02
2144,7.546408e-02
2145,7.537318e-02
2146,7.528239e-02
2147,7.519171e-02
2148,7.510113e-02
2149,7.501067e-02
2150,7.492032e-02
2151,7.483007e-02
2152,7.473994e-02
2153,7.464991e-02
2154,7.455999e-02
2155,7.447018e-02
2156,7.438048e-02
2157,7.429088e-02
2158,7.420140e-02
2159,7.411202e-02
2160,7.402275e-02
2161,7.393358e-02
2162,7.384453e-02
2163,7.375558e-02
2164,7.366674e-02
2165,7.357800e-02
2166,7.348937e-02
2167,7.340085e-02
2168,7.331244e-02
2169,7.322413e-02
2170,7.313593e-02
2171,7.304783e-02
2172,7.295984e-02
2173,7.287196e-02
2174,7.278418e-02
2175,7.269651e-02
2176,7.260894e-02
2177,7.252148e-02
2178,7.243413e-02
2179,7.234688e-02
2180,7.225973e-02
2181,7.217269e-02
2182,7.208576e-02
2183,7.199893e-02
2184,7.191220e-02
2185,7.182558e-02
2186,7.173906e-02
2187,7.165265e-02
2188,7.156634e-02
2189,7.148014e-02
2190,7.139404e-02
2191,7.130804e-02
2192,7.122214e-02
2193,7.113635e-02
2194,7.105067e-02
2195,7.096508e-02
2196,7.087960e-02
2197,7.079423e-02
2198,7.070895e-02
2199,7.062378e-02
2200,7.053871e-02
2201,7.045374e-02
2202,7.036888e-02
2203,7.028412e-02
2204,7.019946e-02
2205,7.011490e-02
2206,7.003044e-02
2207,6.994609e-02
2208,6.986183e-02
2209,6.977768e-02
2210,6.969363e-02
2211,6.960968e-02
2212,6.952583e-02
2213,6.944209e-02
2214,6.935844e-02
2215,6.927490e-02
2216,6.919145e-02
2217,6.910811e-02
2218,6.902486e-02
2219,6.894172e-02
2220,6.885868e-02
2221,6.877573e-02
2222,6.869289e-02
2223,6.861015e-02
2224,6.852750e-02
2225,6.844496e-02
2226,6.836251e-02
2227,6.828017e-02
2228,6.819792e-02
2229,6.811577e-02
2230,6.803372e-02
2231,6.795178e-02
2232,6.786992e-02
2233,6.778817e-02
2234,6.770652e-02
2235,6.762496e-02
2236,6.754351e-02
2237,6.746215e-02
2238,6.738089e-02
2239,6.729972e-02
2240,6.721866e-02
2241,6.713769e-02
2242,6.705682e-02
2243,6.697605e-02
2244,6.689537e-02
2245,6.681479e-02
2246,6.673431e-02
2247,6.665393e-02
2248,6.657364e-02
2249,6.649345e-02
2250,6.641335e-02
2251,6.633336e-02
2252,6.625345e-02
2253,6.617365e-02
2254,6.609394e-02
2255,6.601433e-02
2256,6.593481e-02
2257,6.585539e-02
2258,6.577606e-02
2259,6.569683e-02
2260,6.561770e-02
2261,6.553866e-02
2262,6.545971e-02
2263,6.538086e-02
2264,6.530211e-02
2265,6.522345e-02
2266,6.514489e-02
2267,6.506642e-02
2268,6.498804e-02
2269,6.490976e-02
2270,6.483157e-02
2271,6.475348e-02
2272,6.467548e-02
2273,6.459758e-02
2274,6.451977e-02
2275,6.444205e-02
2276,6.436443e-02
2277,6.428690e-02
2278,6.420946e-02
2279,6.413212e-02
2280,6.405487e-02
2281,6.397771e-02
2282,6.390065e-02
2283,6.382368e-02
2284,6.374680e-02
2285,6.367001e-02
2286,6.359332e-02
2287,6.351672e-02
2288,6.344021e-02
2289,6.336379e-02
2290,6.328747e-02
2291,6.321124e-02
2292,6.313510e-02
2293,6.305905e-02
2294,6.298309e-02
2295,6.290722e-02
2296,6.283145e-02
2297,6.275577e-02
2298,6.268017e-02
2299,6.260467e-02
2300,6.252926e-02
2301,6.245394e-02
2302,6.237871e-02
2303,6.230358e-02
2304,6.222853e-02
2305,6.215357e-02
2306,6.207871e-02
2307,6.200393e-02
2308,6.192924e-02
2309,6.185465e-02
2310,6.178014e-02
2311,6.170572e-02
2312,6.163140e-02
2313,6.155716e-02
2314,6.148301e-02
2315,6.140895e-02
2316,6.133498e-02
2317,6.126110e-02
2318,6.118731e-02
2319,6.111361e-02
2320,6.103999e-02
2321,6.096647e-02
2322,6.089303e-02
2323,6.081968e-02
2324,6.074642e-02
2325,6.067325e-02
2326,6.060017e-02
2327,6.052717e-02
2328,6.045426e-02
2329,6.038144e-02
2330,6.030871e-02
2331,6.023607e-02
2332,6.016351e-02
2333,6.009104e-02
2334,6.001866e-02
2335,5.994636e-02
2336,5.987415e-02
2337,5.980203e-02
2338,5.973000e-02
2339,5.965805e-02
2340,5.958619e-02
2341,5.951442e-02
2342,5.944273e-02
2343,5.937113e-02
2344,5.929961e-02
2345,5.922818e-02
2346,5.915684e-02
2347,5.908558e-02
2348,5.901441e-02
2349,5.894333e-02
2350,5.887233e-02
2351,5.880141e-02
2352,5.873058e-02
2353,5.865984e-02
2354,5.858918e-02
2355,5.851861e-02
2356,5.844812e-02
2357,5.837772e-02
2358,5.830740e-02
2359,5.823716e-02
2360,5.816702e-02
2361,5.809695e-02
2362,5.802697e-02
2363,5.795707e-02
2364,5.788726e-02
2365,5.781754e-02
2366,5.774789e-02
2367,5.767833e-02
2368,5.760886e-02
2369,5.753946e-02
2370,5.747015e-02
2371,5.740093e-02
2372,5.733179e-02
2373,5.726273e-02
2374,5.719375e-02
2375,5.712486e-02
2376,5.705605e-02
2377,5.698732e-02
2378,5.691868e-02
2379,5.685012e-02
2380,5.678164e-02
2381,5.671325e-02
2382,5.664493e-02
2383,5.657670e-02
2384,5.650855e-02
2385,5.644048e-02
2386,5.637250e-02
2387,5.630460e-02
2388,5.623677e-02
2389,5.616904e-02
2390,5.610138e-02
2391,5.603380e-02
2392,5.596631e-02
2393,5.589889e-02
2394,5.583156e-02
2395,5.576431e-02
2396,5.569714e-02
2397,5.563005e-02
2398,5.556304e-02
2399,5.549611e-02
2400,5.542926e-02
2401,5.536250e-02
2402,5.529581e-02
2403,5.522920e-02
2404,5.516268e-02
2405,5.509623e-02
2406,5.502987e-02
2407,5.496358e-02
2408,5.489737e-02
2409,5.483125e-02
2410,5.476520e-02
2411,5.469923e-02
2412,5.463335e-02
2413,5.456754e-02
2414,5.450181e-02
2415,5.443616e-02
2416,5.437059e-02
2417,5.430510e-02
2418,5.423968e-02
2419,5.417435e-02
2420,5.410909e-02
2421,5.404392e-02
2422,5.397882e-02
2423,5.391380e-02
2424,5.384886e-02
2425,5.378399e-02
2426,5.371921e-02
2427,5.365450e-02
2428,5.358987e-02
2429,5.352532e-02
2430,5.346085e-02
2431,5.339645e-02
2432,5.333213e-02
2433,5.326789e-02
2434,5.320373e-02
2435,5.313964e-02
2436,5.307563e-02
2437,5.301170e-02
2438,5.294785e-02
2439,5.288407e-02
2440,5.282037e-02
2441,5.275674e-02
2442,5.269320e-02
2443,5.262972e-02
2444,5.256633e-02
2445,5.250301e-02
2446,5.243977e-02
2447,5.237660e-02
2448,5.231351e-02
2449,5.225050e-02
2450,5.218756e-02
2451,5.212470e-02
2452,5.206191e-02
2453,5.199920e-02
2454,5.193657e-02
2455,5.187401e-02
2456,5.181152e-02
2457,5.174911e-02
2458,5.168678e-02
2459,5.162452e-02
2460,5.156234e-02
2461,5.150023e-02
2462,5.143819e-02
2463,5.137623e-02
2464,5.131435e-02
2465,5.125254e-02
2466,5.119080e-02
2467,5.112914e-02
2468,5.106755e-02
2469,5.100604e-02
2470,5.094460e-02
2471,5.088324e-02
2472,5.082194e-02
2473,5.076073e-02
2474,5.069958e-02
2475,5.063851e-02
2476,5.057752e-02
2477,5.051659e-02
2478,5.045574e-02
2479,5.039497e-02
2480,5.033427e-02
2481,5.027364e-02
2482,5.021308e-02
2483,5.015260e-02
2484,5.009218e-02
2485,5.003185e-02
2486,4.997158e-02
2487,4.991139e-02
2488,4.985127e-02
2489,4.979122e-02
2490,4.973124e-02
2491,4.967134e-02
2492,4.961151e-02
2493,4.955175e-02
2494,4.949206e-02
2495,4.943245e-02
2496,4.937290e-02
2497,4.931343e-02
2498,4.925403e-02
2499,4.919470e-02
2500,4.913545e-02
2501,4.907626e-02
2502,4.901715e-02
2503,4.895810e-02
2504,4.889913e-02
2505,4.884023e-02
2506,4.878140e-02
2507,4.872264e-02
2508,4.866395e-02
2509,4.860533e-02
2510,4.854679e-02
2511,4.848831e-02
2512,4.842990e-02
2513,4.837157e-02
2514,4.831330e-02
2515,4.825511e-02
2516,4.819698e-02
2517,4.813892e-02
2518,4.808094e-02
2519,4.802302e-02
2520,4.796518e-02
2521,4.790740e-02
2522,4.784969e-02
2523,4.779206e-02
2524,4.773449e-02
2525,4.767699e-02
2526,4.761956e-02
2527,4.756220e-02
2528,4.750491e-02
2529,4.744769e-02
2530,4.739054e-02
2531,4.733345e-02
2532,4.727644e-02
2533,4.721949e-02
2534,4.716261e-02
2535,4.710580e-02
2536,4.704906e-02
2537,4.699239e-02
2538,4.693579e-02
2539,4.687925e-02
2540,4.682278e-02
2541,4.676638e-02
2542,4.671005e-02
2543,4.665379e-02
2544,4.659759e-02
2545,4.654146e-02
2546,4.648540e-02
2547,4.642941e-02
2548,4.637348e-02
2549,4.631762e-02
2550,4.626183e-02
2551,4.620610e-02
2552,4.615045e-02
2553,4.609486e-02
2554,4.603933e-02
2555,4.598388e-02
2556,4.592849e-02
2557,4.587316e-02
2558,4.581791e-02
2559,4.576272e-02
2560,4.570760e-02
2561,4.565254e-02
2562,4.559755e-02
2563,4.554262e-02
2564,4.548777e-02
2565,4.543297e-02
2566,4.537825e-02
2567,4.532359e-02
2568,4.526899e-02
2569,4.521447e-02
2570,4.516000e-02
2571,4.510561e-02
2572,4.505127e-02
2573,4.499701e-02
2574,4.494281e-02
2575,4.488867e-02
2576,4.483460e-02
2577,4.478060e-02
2578,4.472665e-02
2579,4.467278e-02
2580,4.461897e-02
2581,4.456522e-02
2582,4.451154e-02
2583,4.445793e-02
2584,4.440438e-02
2585,4.435089e-02
2586,4.429747e-02
2587,4.424411e-02
2588,4.419081e-02
2589,4.413758e-02
2590,4.408442e-02
2591,4.403132e-02
2592,4.397828e-02
2593,4.392531e-02
2594,4.387240e-02
2595,4.381955e-02
2596,4.376677e-02
2597,4.371405e-02
2598,4.366139e-02
2599,4.360880e-02
2600,4.355627e-02
2601,4.350381e-02
2602,4.345140e-02
2603,4.339906e-02
2604,4.334679e-02
2605,4.329458e-02
2606,4.324243e-02
2607,4.319034e-02
2608,4.313831e-02
2609,4.308635e-02
2610,4.303445e-02
2611,4.298261e-02
2612,4.293084e-02
2613,4.287913e-02
2614,4.282748e-02
2615,4.277589e-02
2616,4.272437e-02
2617,4.267290e-02
2618,4.262150e-02
2619,4.257016e-02
2620,4.251888e-02
2621,4.246767e-02
2622,4.241651e-02
2623,4.236542e-02
2624,4.231439e-02
2625,4.226342e-02
2626,4.221251e-02
2627,4.216167e-02
2628,4.211088e-02
2629,4.206016e-02
2630,4.200949e-02
2631,4.195889e-02
2632,4.190835e-02
2633,4.185787e-02
2634,4.180745e-02
2635,4.175709e-02
2636,4.170679e-02
2637,4.165655e-02
2638,4.160638e-02
2639,4.155626e-02
2640,4.150620e-02
2641,4.145621e-02
2642,4.140627e-02
2643,4.135640e-02
2644,4.130658e-02
2645,4.125682e-02
2646,4.120713e-02
2647,4.115749e-02
2648,4.110792e-02
2649,4.105840e-02
2650,4.100894e-02
2651,4.095955e-02
2652,4.091021e-02
2653,4.086093e-02
2654,4.081171e-02
2655,4.076255e-02
2656,4.071345e-02
2657,4.066441e-02
2658,4.061543e-02
2659,4.056651e-02
2660,4.051764e-02
2661,4.046884e-02
2662,4.042009e-02
2663,4.037140e-02
2664,4.032277e-02
2665,4.027420e-02
2666,4.022569e-02
2667,4.017724e-02
2668,4.012884e-02
2669,4.008051e-02
2670,4.003223e-02
2671,3.998401e-02
2672,3.993584e-02
2673,3.988774e-02
2674,3.983969e-02
2675,3.979170e-02
2676,3.974377e-02
2677,3.969590e-02
2678,3.964808e-02
2679,3.960033e-02
2680,3.955263e-02
2681,3.950498e-02
2682,3.945740e-02
2683,3.940987e-02
2684,3.936240e-02
2685,3.931499e-02
2686,3.926763e-02
2687,3.922033e-02
2688,3.917309e-02
2689,3.912590e-02
2690,3.907877e-02
2691,3.903170e-02
2692,3.898468e-02
2693,3.893773e-02
2694,3.889082e-02
2695,3.884398e-02
2696,3.879719e-02
2697,3.875046e-02
2698,3.870378e-02
2699,3.865716e-02
2700,3.861059e-02
2701,3.856409e-02
2702,3.851763e-02
2703,3.847124e-02
2704,3.842490e-02
2705,3.837861e-02
2706,3.833238e-02
2707,3.828621e-02
2708,3.824009e-02
2709,3.819403e-02
2710,3.814803e-02
2711,3.810207e-02
2712,3.805618e-02
2713,3.801034e-02
2714,3.796455e-02
2715,3.791882e-02
2716,3.787315e-02
2717,3.782753e-02
2718,3.778196e-02
2719,3.773645e-02
2720,3.769100e-02
2721,3.764560e-02
2722,3.760025e-02
2723,3.755496e-02
2724,3.750972e-02
2725,3.746454e-02
2726,3.741942e-02
2727,3.737434e-02
2728,3.732932e-02
2729,3.728436e-02
2730,3.723945e-02
2731,3.719459e-02
2732,3.714979e-02
2733,3.710504e-02
2734,3.706035e-02
2735,3.701570e-02
2736,3.697112e-02
2737,3.692658e-02
2738,3.688210e-02
2739,3.683768e-02
2740,3.679331e-02
2741,3.674899e-02
2742,3.670472e-02
2743,3.666051e-02
2744,3.661635e-02
2745,3.657224e-02
2746,3.652819e-02
2747,3.648419e-02
2748,3.644024e-02
2749,3.639635e-02
2750,3.635251e-02
2751,3.630872e-02
2752,3.626499e-02
2753,3.622130e-02
2754,3.617767e-02
2755,3.613409e-02
2756,3.609057e-02
2757,3.604710e-02
2758,3.600368e-02
2759,3.596031e-02
2760,3.591699e-02
2761,3.587373e-02
2762,3.583052e-02
2763,3.578736e-02
2764,3.574425e-02
2765,3.570120e-02
2766,3.565819e-02
2767,3.561524e-02
2768,3.557234e-02
2769,3.552949e-02
2770,3.548669e-02
2771,3.544395e-02
2772,3.540126e-02
2773,3.535861e-02
2774,3.531602e-02
2775,3.527348e-02
2776,3.523099e-02
2777,3.518856e-02
2778,3.514617e-02
2779,3.510384e-02
2780,3.506155e-02
2781,3.501932e-02
2782,3.497714e-02
2783,3.493500e-02
2784,3.489292e-02
2785,3.485089e-02
2786,3.480891e-02
2787,3.476699e-02
2788,3.472511e-02
2789,3.468328e-02
2790,3.464150e-02
2791,3.459977e-02
2792,3.455810e-02
2793,3.451647e-02
2794,3.447489e-02
2795,3.443337e-02
2796,3.439189e-02
2797,3.435046e-02
2798,3.430909e-02
2799,3.426776e-02
2800,3.422648e-02
2801,3.418526e-02
2802,3.414408e-02
2803,3.410295e-02
2804,3.406187e-02
2805,3.402084e-02
2806,3.397986e-02
2807,3.393893e-02
2808,3.389805e-02
2809,3.385722e-02
2810,3.381644e-02
2811,3.377570e-02
2812,3.373502e-02
2813,3.369439e-02
2814,3.365380e-02
2815,3.361326e-02
2816,3.357277e-02
2817,3.353233e-02
2818,3.349194e-02
2819,3.345160e-02
2820,3.341131e-02
2821,3.337106e-02
2822,3.333086e-02
2823,3.329071e-02
2824,3.325061e-02
2825,3.321056e-02
2826,3.317056e-02
2827,3.313060e-02
2828,3.309070e-02
2829,3.305084e-02
2830,3.301103e-02
2831,3.297126e-02
2832,3.293155e-02
2833,3.289188e-02
2834,3.285226e-02
2835,3.281269e-02
2836,3.277316e-02
2837,3.273369e-02
2838,3.269426e-02
2839,3.265488e-02
2840,3.261554e-02
2841,3.257626e-02
2842,3.253702e-02
2843,3.249782e-02
2844,3.245868e-02
2845,3.241958e-02
2846,3.238053e-02
2847,3.234153e-02
2848,3.230257e-02
2849,3.226366e-02
2850,3.222480e-02
2851,3.218598e-02
2852,3.214721e-02
2853,3.210849e-02
2854,3.206981e-02
2855,3.203118e-02
2856,3.199260e-02
2857,3.195406e-02
2858,3.191557e-02
2859,3.187713e-02
2860,3.183873e-02
2861,3.180038e-02
2862,3.176208e-02
2863,3.172382e-02
2864,3.168560e-02
2865,3.164744e-02
2866,3.160932e-02
2867,3.157124e-02
2868,3.153321e-02
2869,3.149523e-02
2870,3.145729e-02
2871,3.141940e-02
2872,3.138155e-02
2873,3.134375e-02
2874,3.130600e-02
2875,3.126829e-02
2876,3.123063e-02
2877,3.119301e-02
2878,3.115543e-02
2879,3.111791e-02
2880,3.108042e-02
2881,3.104299e-02
2882,3.100559e-02
2883,3.096825e-02
2884,3.093094e-02
2885,3.089368e-02
2886,3.085647e-02
2887,3.081930e-02
2888,3.078218e-02
2889,3.074510e-02
2890,3.070807e-02
2891,3.067108e-02
2892,3.063413e-02
2893,3.059723e-02
2894,3.056038e-02
2895,3.052357e-02
2896,3.048680e-02
2897,3.045008e-02
2898,3.041340e-02
2899,3.037677e-02
2900,3.034017e-02
2901,3.030363e-02
2902,3.026713e-02
2903,3.023067e-02
2904,3.019425e-02
2905,3.015788e-02
2906,3.012156e-02
2907,3.008528e-02
2908,3.004904e-02
2909,3.001284e-02
2910,2.997669e-02
2911,2.994058e-02
2912,2.990452e-02
2913,2.986849e-02
2914,2.983252e-02
2915,2.979658e-02
2916,2.976069e-02
2917,2.972484e-02
2918,2.968904e-02
2919,2.965328e-02
2920,2.961756e-02
2921,2.958188e-02
2922,2.954625e-02
2923,2.951066e-02
2924,2.947511e-02
2925,2.943961e-02
2926,2.940415e-02
2927,2.936873e-02
2928,2.933335e-02
2929,2.929802e-02
2930,2.926273e-02
2931,2.922748e-02
2932,2.919227e-02
2933,2.915711e-02
2934,2.912199e-02
2935,2.908691e-02
2936,2.905188e-02
2937,2.901688e-02
2938,2.898193e-02
2939,2.894702e-02
2940,2.891215e-02
2941,2.887732e-02
2942,2.884254e-02
2943,2.880780e-02
2944,2.877310e-02
2945,2.873844e-02
2946,2.870382e-02
2947,2.866925e-02
2948,2.863471e-02
2949,2.860022e-02
2950,2.856577e-02
2951,2.853136e-02
2952,2.849700e-02
2953,2.846267e-02
2954,2.842839e-02
2955,2.839414e-02
2956,2.835994e-02
2957,2.832578e-02
2958,2.829166e-02
2959,2.825758e-02
2960,2.822354e-02
2961,2.818955e-02
2962,2.815559e-02
2963,2.812168e-02
2964,2.808780e-02
2965,2.805397e-02
2966,2.802018e-02
2967,2.798643e-02
2968,2.795272e-02
2969,2.791905e-02
2970,2.788542e-02
2971,2.785183e-02
2972,2.781828e-02
2973,2.778477e-02
2974,2.775130e-02
2975,2.771787e-02
2976,2.768449e-02
2977,2.765114e-02
2978,2.761783e-02
2979,2.758457e-02
2980,2.755134e-02
2981,2.751815e-02
2982,2.748501e-02
2983,2.745190e-02
2984,2.741883e-02
2985,2.738580e-02
2986,2.735282e-02
2987,2.731987e-02
2988,2.728696e-02
2989,2.725409e-02
2990,2.722126e-02
2991,2.718848e-02
2992,2.715573e-02
2993,2.712302e-02
2994,2.709034e-02
2995,2.705771e-02
2996,2.702512e-02
2997,2.699257e-02
2998,2.696005e-02
2999,2.692758e-02
3000,2.689514e-02
3001,2.686275e-02
3002,2.683039e-02
3003,2.679807e-02
3004,2.676579e-02
3005,2.673355e-02
3006,2.670135e-02
3007,2.666919e-02
3008,2.663706e-02
3009,2.660498e-02
3010,2.657293e-02
3011,2.654092e-02
3012,2.650895e-02
3013,2.647702e-02
3014,2.644513e-02
3015,2.641327e-02
3016,2.638146e-02
3017,2.634968e-02
3018,2.631794e-02
3019,2.628624e-02
3020,2.625458e-02
3021,2.622295e-02
3022,2.619137e-02
3023,2.615982e-02
3024,2.612831e-02
3025,2.609683e-02
3026,2.606540e-02
3027,2.603400e-02
3028,2.600264e-02
3029,2.597132e-02
3030,2.594004e-02
3031,2.590879e-02
3032,2.587758e-02
3033,2.584641e-02
3034,2.581528e-02
3035,2.578418e-02
3036,2.575313e-02
3037,2.572211e-02
3038,2.569112e-02
3039,2.566018e-02
3040,2.562927e-02
3041,2.559840e-02
3042,2.556756e-02
3043,2.553676e-02
3044,2.550600e-02
3045,2.547528e-02
3046,2.544460e-02
3047,2.541395e-02
3048,2.538333e-02
3049,2.535276e-02
3050,2.532222e-02
3051,2.529172e-02
3052,2.526125e-02
3053,2.523082e-02
3054,2.520043e-02
3055,2.517008e-02
3056,2.513976e-02
3057,2.510948e-02
3058,2.507923e-02
3059,2.504902e-02
3060,2.501885e-02
3061,2.498871e-02
3062,2.495861e-02
3063,2.492855e-02
3064,2.489852e-02
3065,2.486853e-02
3066,2.483858e-02
3067,2.480866e-02
3068,2.477877e-02
3069,2.474893e-02
3070,2.471912e-02
3071,2.468934e-02
3072,2.465960e-02
3073,2.462990e-02
3074,2.460023e-02
3075,2.457060e-02
3076,2.454100e-02
3077,2.451144e-02
3078,2.448192e-02
3079,2.445243e-02
3080,2.442297e-02
3081,2.439355e-02
3082,2.436417e-02
3083,2.433482e-02
3084,2.430551e-02
3085,2.427623e-02
3086,2.424699e-02
3087,2.421778e-02
3088,2.418861e-02
3089,2.415948e-02
3090,2.413038e-02
3091,2.410131e-02
3092,2.407228e-02
3093,2.404328e-02
3094,2.401432e-02
3095,2.398540e-02
3096,2.395650e-02
3097,2.392765e-02
3098,2.389883e-02
3099,2.387004e-02
3100,2.384129e-02
3101,2.381257e-02
3102,2.378388e-02
3103,2.375524e-02
3104,2.372662e-02
3105,2.369804e-02
3106,2.366950e-02
3107,2.364099e-02
3108,2.361251e-02
3109,2.358407e-02
3110,2.355566e-02
3111,2.352728e-02
3112,2.349895e-02
3113,2.347064e-02
3114,2.344237e-02
3115,2.341413e-02
3116,2.338593e-02
3117,2.335776e-02
3118,2.332962e-02
3119,2.330152e-02
3120,2.327345e-02
3121,2.324542e-02
3122,2.321742e-02
3123,2.318945e-02
3124,2.316152e-02
3125,2.313362e-02
3126,2.310576e-02
3127,2.307792e-02
3128,2.305013e-02
3129,2.302236e-02
3130,2.299463e-02
3131,2.296693e-02
3132,2.293927e-02
3133,2.291164e-02
3134,2.288404e-02
3135,2.285647e-02
3136,2.282894e-02
3137,2.280144e-02
3138,2.277398e-02
3139,2.274654e-02
3140,2.271915e-02
3141,2.269178e-02
3142,2.266445e-02
3143,2.263715e-02
3144,2.260988e-02
3145,2.258264e-02
3146,2.255544e-02
3147,2.252827e-02
3148,2.250114e-02
3149,2.247403e-02
3150,2.244696e-02
3151,2.241992e-02
3152,2.239292e-02
3153,2.236594e-02
3154,2.233900e-02
3155,2.231210e-02
3156,2.228522e-02
3157,2.225838e-02
3158,2.223156e-02
3159,2.220479e-02
3160,2.217804e-02
3161,2.215132e-02
3162,2.212464e-02
3163,2.209799e-02
3164,2.207137e-02
3165,2.204479e-02
3166,2.201823e-02
3167,2.199171e-02
3168,2.196522e-02
3169,2.193876e-02
3170,2.191234e-02
3171,2.188594e-02
3172,2.185958e-02
3173,2.183325e-02
3174,2.180695e-02
3175,2.178068e-02
3176,2.175445e-02
3177,2.172824e-02
3178,2.170207e-02
3179,2.167593e-02
3180,2.164982e-02
3181,2.162374e-02
3182,2.159770e-02
3183,2.157168e-02
3184,2.154570e-02
3185,2.151974e-02
3186,2.149382e-02
3187,2.146793e-02
3188,2.144207e-02
3189,2.141625e-02
3190,2.139045e-02
3191,2.136468e-02
3192,2.133895e-02
3193,2.131324e-02
3194,2.128757e-02
3195,2.126193e-02
3196,2.123632e-02
3197,2.121074e-02
3198,2.118519e-02
3199,2.115967e-02
3200,2.113418e-02
3201,2.110873e-02
3202,2.108330e-02
3203,2.105790e-02
3204,2.103254e-02
3205,2.100720e-02
3206,2.098190e-02
3207,2.095663e-02
3208,2.093138e-02
3209,2.090617e-02
3210,2.088099e-02
3211,2.085584e-02
3212,2.083071e-02
3213,2.080562e-02
3214,2.078056e-02
3215,2.075553e-02
3216,2.073053e-02
3217,2.070556e-02
3218,2.068062e-02
3219,2.065571e-02
3220,2.063083e-02
3221,2.060598e-02
3222,2.058116e-02
3223,2.055636e-02
3224,2.053160e-02
3225,2.050687e-02
3226,2.048217e-02
3227,2.045750e-02
3228,2.043286e-02
3229,2.040824e-02
3230,2.038366e-02
3231,2.035911e-02
3232,2.033459e-02
3233,2.031009e-02
3234,2.028563e-02
3235,2.026119e-02
3236,2.023679e-02
3237,2.021241e-02
3238,2.018806e-02
3239,2.016375e-02
3240,2.013946e-02
3241,2.011520e-02
3242,2.009097e-02
3243,2.006677e-02
3244,2.004260e-02
3245,2.001846e-02
3246,1.999434e-02
3247,1.997026e-02
3248,1.994620e-02
3249,1.992218e-02
3250,1.989818e-02
3251,1.987421e-02
3252,1.985027e-02
3253,1.982636e-02
3254,1.980248e-02
3255,1.977863e-02
3256,1.975480e-02
3257,1.973101e-02
3258,1.970724e-02
3259,1.968350e-02
3260,1.965979e-02
3261,1.963611e-02
3262,1.961246e-02
3263,1.958884e-02
3264,1.956524e-02
3265,1.954167e-02
3266,1.951813e-02
3267,1.949462e-02
3268,1.947114e-02
3269,1.944769e-02
3270,1.942426e-02
3271,1.940086e-02
3272,1.937750e-02
3273,1.935415e-02
3274,1.933084e-02
3275,1.930756e-02
3276,1.928430e-02
3277,1.926107e-02
3278,1.923787e-02
3279,1.921470e-02
3280,1.919155e-02
3281,1.916844e-02
3282,1.914535e-02
3283,1.912228e-02
3284,1.909925e-02
3285,1.907625e-02
3286,1.905327e-02
3287,1.903032e-02
3288,1.900739e-02
3289,1.898450e-02
3290,1.896163e-02
3291,1.893879e-02
3292,1.891598e-02
3293,1.889319e-02
3294,1.887044e-02
3295,1.884770e-02
3296,1.882500e-02
3297,1.880233e-02
3298,1.877968e-02
3299,1.875706e-02
3300,1.873446e-02
3301,1.871190e-02
3302,1.868936e-02
3303,1.866685e-02
3304,1.864436e-02
3305,1.862190e-02
3306,1.859947e-02
3307,1.857707e-02
3308,1.855469e-02
3309,1.853234e-02
3310,1.851002e-02
3311,1.848772e-02
3312,1.846545e-02
3313,1.844321e-02
3314,1.842099e-02
3315,1.839881e-02
3316,1.837664e-02
3317,1.835451e-02
3318,1.833240e-02
3319,1.831032e-02
3320,1.828826e-02
3321,1.826623e-02
3322,1.824423e-02
3323,1.822225e-02
3324,1.820030e-02
3325,1.817838e-02
3326,1.815648e-02
3327,1.813461e-02
3328,1.811277e-02
3329,1.809095e-02
3330,1.806916e-02
3331,1.804740e-02
3332,1.802566e-02
3333,1.800394e-02
3334,1.798226e-02
3335,1.796060e-02
3336,1.793896e-02
3337,1.791736e-02
3338,1.789577e-02
3339,1.787422e-02
3340,1.785269e-02
3341,1.783118e-02
3342,1.780970e-02
3343,1.778825e-02
3344,1.776682e-02
3345,1.774542e-02
3346,1.772405e-02
3347,1.770270e-02
3348,1.768138e-02
3349,1.766008e-02
3350,1.763881e-02
3351,1.761756e-02
3352,1.759634e-02
3353,1.757514e-02
3354,1.755397e-02
3355,1.753283e-02
3356,1.751171e-02
3357,1.749061e-02
3358,1.746955e-02
3359,1.744850e-02
3360,1.742749e-02
3361,1.740649e-02
3362,1.738553e-02
3363,1.736459e-02
3364,1.734367e-02
3365,1.732278e-02
3366,1.730191e-02
3367,1.728107e-02
3368,1.726025e-02
3369,1.723946e-02
3370,1.721870e-02
3371,1.719796e-02
3372,1.717724e-02
3373,1.715655e-02
3374,1.713589e-02
3375,1.711524e-02
3376,1.709463e-02
3377,1.707404e-02
3378,1.705347e-02
3379,1.703293e-02
3380,1.701241e-02
3381,1.699192e-02
3382,1.697145e-02
3383,1.695101e-02
3384,1.693059e-02
3385,1.691020e-02
3386,1.688983e-02
3387,1.686948e-02
3388,1.684916e-02
3389,1.682887e-02
3390,1.680860e-02
3391,1.678835e-02
3392,1.676813e-02
3393,1.674793e-02
3394,1.672776e-02
3395,1.670761e-02
3396,1.668748e-02
3397,1.666738e-02
3398,1.664731e-02
3399,1.662725e-02
3400,1.660722e-02
3401,1.658722e-02
3402,1.656724e-02
3403,1.654728e-02
3404,1.652735e-02
3405,1.650744e-02
3406,1.648756e-02
3407,1.646770e-02
3408,1.644786e-02
3409,1.642805e-02
3410,1.640826e-02
3411,1.638850e-02
3412,1.636876e-02
3413,1.634904e-02
3414,1.632935e-02
3415,1.630968e-02
3416,1.629003e-02
3417,1.627041e-02
3418,1.625081e-02
3419,1.623124e-02
3420,1.621169e-02
3421,1.619216e-02
3422,1.617266e-02
3423,1.615317e-02
3424,1.613372e-02
3425,1.611428e-02
3426,1.609487e-02
3427,1.607549e-02
3428,1.605612e-02
3429,1.603678e-02
3430,1.601747e-02
3431,1.599817e-02
3432,1.597890e-02
3433,1.595965e-02
3434,1.594043e-02
3435,1.592123e-02
3436,1.590205e-02
3437,1.588290e-02
3438,1.586376e-02
3439,1.584466e-02
3440,1.582557e-02
3441,1.580651e-02
3442,1.578747e-02
3443,1.576845e-02
3444,1.574946e-02
3445,1.573049e-02
3446,1.571154e-02
3447,1.569261e-02
3448,1.567371e-02
3449,1.565483e-02
3450,1.563597e-02
3451,1.561714e-02
3452,1.559833e-02
3453,1.557954e-02
3454,1.556077e-02
3455,1.554203e-02
3456,1.552331e-02
3457,1.550461e-02
3458,1.548593e-02
3459,1.546728e-02
3460,1.544865e-02
3461,1.543004e-02
3462,1.541146e-02
3463,1.539289e-02
3464,1.537435e-02
3465,1.535583e-02
3466,1.533733e-02
3467,1.531886e-02
3468,1.530041e-02
3469,1.528198e-02
3470,1.526357e-02
3471,1.524518e-02
3472,1.522682e-02
3473,1.520848e-02
3474,1.519016e-02
3475,1.517186e-02
3476,1.515359e-02
3477,1.513533e-02
3478,1.511710e-02
3479,1.509889e-02
3480,1.508071e-02
3481,1.506254e-02
3482,1.504440e-02
3483,1.502628e-02
3484,1.500818e-02
3485,1.499010e-02
3486,1.497204e-02
3487,1.495401e-02
3488,1.493600e-02
3489,1.491800e-02
3490,1.490003e-02
3491,1.488209e-02
3492,1.486416e-02
3493,1.484626e-02
3494,1.482837e-02
3495,1.481051e-02
3496,1.479267e-02
3497,1.477485e-02
3498,1.475706e-02
3499,1.473928e-02
3500,1.472153e-02
3501,1.470379e-02
3502,1.468608e-02
3503,1.466839e-02
3504,1.465072e-02
3505,1.463308e-02
3506,1.461545e-02
3507,1.459785e-02
3508,1.458026e-02
3509,1.456270e-02
3510,1.454516e-02
3511,1.452764e-02
3512,1.451014e-02
3513,1.449266e-02
3514,1.447520e-02
3515,1.445777e-02
3516,1.444035e-02
3517,1.442296e-02
3518,1.440559e-02
3519,1.438823e-02
3520,1.437090e-02
3521,1.435359e-02
3522,1.433630e-02
3523,1.431903e-02
3524,1.430179e-02
3525,1.428456e-02
3526,1.426735e-02
3527,1.425017e-02
3528,1.423300e-02
3529,1.421586e-02
3530,1.419873e-02
3531,1.418163e-02
3532,1.416455e-02
3533,1.414749e-02
3534,1.413044e-02
3535,1.411342e-02
3536,1.409642e-02
3537,1.407944e-02
3538,1.406248e-02
3539,1.404555e-02
3540,1.402863e-02
3541,1.401173e-02
3542,1.399485e-02
3543,1.397799e-02
3544,1.396116e-02
3545,1.394434e-02
3546,1.392754e-02
3547,1.391077e-02
3548,1.389401e-02
3549,1.387728e-02
3550,1.386056e-02
3551,1.384386e-02
3552,1.382719e-02
3553,1.381053e-02
3554,1.379390e-02
3555,1.377728e-02
3556,1.376069e-02
3557,1.374411e-02
3558,1.372756e-02
3559,1.371102e-02
3560,1.369450e-02
3561,1.367801e-02
3562,1.366153e-02
3563,1.364508e-02
3564,1.362864e-02
3565,1.361223e-02
3566,1.359583e-02
3567,1.357945e-02
3568,1.356309e-02
3569,1.354676e-02
3570,1.353044e-02
3571,1.351414e-02
3572,1.349786e-02
3573,1.348160e-02
3574,1.346537e-02
3575,1.344915e-02
3576,1.343295e-02
3577,1.341677e-02
3578,1.340060e-02
3579,1.338446e-02
3580,1.336834e-02
3581,1.335224e-02
3582,1.333615e-02
3583,1.332009e-02
3584,1.330405e-02
3585,1.328802e-02
3586,1.327201e-02
3587,1.325603e-02
3588,1.324006e-02
3589,1.322411e-02
3590,1.320818e-02
3591,1.319227e-02
3592,1.317638e-02
3593,1.316051e-02
3594,1.314466e-02
3595,1.312883e-02
3596,1.311301e-02
3597,1.309722e-02
3598,1.308144e-02
3599,1.306568e-02
3600,1.304994e-02
3601,1.303422e-02
3602,1.301852e-02
3603,1.300284e-02
3604,1.298718e-02
3605,1.297154e-02
3606,1.295591e-02
3607,1.294031e-02
3608,1.292472e-02
3609,1.290915e-02
3610,1.289360e-02
3611,1.287807e-02
3612,1.286256e-02
3613,1.284706e-02
3614,1.283159e-02
3615,1.281613e-02
3616,1.280070e-02
3617,1.278528e-02
3618,1.276988e-02
3619,1.275449e-02
3620,1.273913e-02
3621,1.272379e-02
3622,1.270846e-02
3623,1.269315e-02
3624,1.267786e-02
3625,1.266259e-02
3626,1.264734e-02
3627,1.263210e-02
3628,1.261689e-02
3629,1.260169e-02
3630,1.258651e-02
3631,1.257135e-02
3632,1.255621e-02
3633,1.254108e-02
3634,1.252598e-02
3635,1.251089e-02
3636,1.249582e-02
3637,1.248077e-02
3638,1.246573e-02
3639,1.245072e-02
3640,1.243572e-02
3641,1.242074e-02
3642,1.240578e-02
3643,1.239084e-02
3644,1.237591e-02
3645,1.236100e-02
3646,1.234612e-02
3647,1.233124e-02
3648,1.231639e-02
3649,1.230155e-02
3650,1.228674e-02
3651,1.227194e-02
3652,1.225715e-02
3653,1.224239e-02
3654,1.222764e-02
3655,1.221292e-02
3656,1.219820e-02
3657,1.218351e-02
3658,1.216884e-02
3659,1.215418e-02
3660,1.213954e-02
3661,1.212491e-02
3662,1.211031e-02
3663,1.209572e-02
3664,1.208115e-02
3665,1.206660e-02
3666,1.205207e-02
3667,1.203755e-02
3668,1.202305e-02
3669,1.200857e-02
3670,1.199410e-02
3671,1.197965e-02
3672,1.196522e-02
3673,1.195081e-02
3674,1.193642e-02
3675,1.192204e-02
3676,1.190768e-02
3677,1.189333e-02
3678,1.187901e-02
3679,1.186470e-02
3680,1.185041e-02
3681,1.183613e-02
3682,1.182188e-02
3683,1.180764e-02
3684,1.179341e-02
3685,1.177921e-02
3686,1.176502e-02
3687,1.175085e-02
3688,1.173669e-02
3689,1.172256e-02
3690,1.170844e-02
3691,1.169433e-02
3692,1.168025e-02
3693,1.166618e-02
3694,1.165212e-02
3695,1.163809e-02
3696,1.162407e-02
3697,1.161007e-02
3698,1.159608e-02
3699,1.158212e-02
3700,1.156816e-02
3701,1.155423e-02
3702,1.154031e-02
3703,1.152641e-02
3704,1.151253e-02
3705,1.149866e-02
3706,1.148481e-02
3707,1.147098e-02
3708,1.145716e-02
3709,1.144336e-02
3710,1.142957e-02
3711,1.141581e-02
3712,1.140206e-02
3713,1.138832e-02
3714,1.137460e-02
3715,1.136090e-02
3716,1.134722e-02
3717,1.133355e-02
3718,1.131990e-02
3719,1.130626e-02
3720,1.129264e-02
3721,1.127904e-02
3722,1.126545e-02
3723,1.125188e-02
3724,1.123833e-02
3725,1.122479e-02
3726,1.121127e-02
3727,1.119777e-02
3728,1.118428e-02
3729,1.117081e-02
3730,1.115735e-02
3731,1.114391e-02
3732,1.113049e-02
3733,1.111708e-02
3734,1.110369e-02
3735,1.109032e-02
3736,1.107696e-02
3737,1.106362e-02
3738,1.105029e-02
3739,1.103698e-02
3740,1.102368e-02
3741,1.101041e-02
3742,1.099714e-02
3743,1.098390e-02
3744,1.097067e-02
3745,1.095745e-02
3746,1.094425e-02
3747,1.093107e-02
3748,1.091790e-02
3749,1.090475e-02
3750,1.089162e-02
3751,1.087850e-02
3752,1.086539e-02
3753,1.085231e-02
3754,1.083923e-02
3755,1.082618e-02
3756,1.081314e-02
3757,1.080011e-02
3758,1.078710e-02
3759,1.077411e-02
3760,1.076113e-02
3761,1.074817e-02
3762,1.073522e-02
3763,1.072229e-02
3764,1.070938e-02
3765,1.069648e-02
3766,1.068359e-02
3767,1.067072e-02
3768,1.065787e-02
3769,1.064503e-02
3770,1.063221e-02
3771,1.061940e-02
3772,1.060661e-02
3773,1.059383e-02
3774,1.058107e-02
3775,1.056833e-02
3776,1.055560e-02
3777,1.054288e-02
3778,1.053018e-02
3779,1.051750e-02
3780,1.050483e-02
3781,1.049218e-02
3782,1.047954e-02
3783,1.046692e-02
3784,1.045431e-02
3785,1.044172e-02
3786,1.042914e-02
3787,1.041658e-02
3788,1.040403e-02
3789,1.039150e-02
3790,1.037898e-02
3791,1.036648e-02
3792,1.035399e-02
3793,1.034152e-02
3794,1.032906e-02
3795,1.031662e-02
3796,1.030419e-02
3797,1.029178e-02
3798,1.027938e-02
3799,1.026700e-02
3800,1.025464e-02
3801,1.024228e-02
3802,1.022995e-02
3803,1.021762e-02
3804,1.020532e-02
3805,1.019302e-02
3806,1.018075e-02
3807,1.016848e-02
3808,1.015623e-02
3809,1.014400e-02
3810,1.013178e-02
3811,1.011958e-02
3812,1.010739e-02
3813,1.009521e-02
3814,1.008305e-02
3815,1.007091e-02
3816,1.005878e-02
3817,1.004666e-02
3818,1.003456e-02
3819,1.002247e-02
3820,1.001040e-02
3821,9.998341e-03
3822,9.986298e-03
3823,9.974269e-03
3824,9.962255e-03
3825,9.950255e-03
3826,9.938269e-03
3827,9.926298e-03
3828,9.914341e-03
3829,9.902399e-03
3830,9.890471e-03
3831,9.878558e-03
3832,9.866659e-03
3833,9.854774e-03
3834,9.842903e-03
3835,9.831047e-03
3836,9.819205e-03
3837,9.807377e-03
3838,9.795564e-03
3839,9.783765e-03
3840,9.771980e-03
3841,9.760209e-03
3842,9.748452e-03
3843,9.736710e-03
3844,9.724982e-03
3845,9.713268e-03
3846,9.701568e-03
3847,9.689882e-03
3848,9.678210e-03
3849,9.666552e-03
3850,9.654908e-03
3851,9.643278e-03
3852,9.631663e-03
3853,9.620061e-03
3854,9.608473e-03
3855,9.596899e-03
3856,9.585339e-03
3857,9.573793e-03
3858,9.562261e-03
3859,9.550743e-03
3860,9.539239e-03
3861,9.527748e-03
3862,9.516272e-03
3863,9.504809e-03
3864,9.493360e-03
3865,9.481925e-03
3866,9.470504e-03
3867,9.459096e-03
3868,9.447702e-03
3869,9.436322e-03
3870,9.424955e-03
3871,9.413603e-03
3872,9.402263e-03
3873,9.390938e-03
3874,9.379626e-03
3875,9.368328e-03
3876,9.357044e-03
3877,9.345773e-03
3878,9.334515e-03
3879,9.323271e-03
3880,9.312041e-03
3881,9.300824e-03
3882,9.289621e-03
3883,9.278431e-03
3884,9.267255e-03
3885,9.256092e-03
3886,9.244943e-03
3887,9.233807e-03
3888,9.222684e-03
3889,9.211575e-03
3890,9.200479e-03
3891,9.189397e-03
3892,9.178328e-03
3893,9.167272e-03
3894,9.156230e-03
3895,9.145201e-03
3896,9.134185e-03
3897,9.123183e-03
3898,9.112193e-03
3899,9.101217e-03
3900,9.090254e-03
3901,9.079305e-03
3902,9.068368e-03
3903,9.057445e-03
3904,9.046535e-03
3905,9.035638e-03
3906,9.024754e-03
3907,9.013884e-03
3908,9.003026e-03
3909,8.992181e-03
3910,8.981350e-03
3911,8.970532e-03
3912,8.959726e-03
3913,8.948934e-03
3914,8.938154e-03
3915,8.927388e-03
3916,8.916635e-03
3917,8.905894e-03
3918,8.895167e-03
3919,8.884452e-03
3920,8.873750e-03
3921,8.863061e-03
3922,8.852385e-03
3923,8.841722e-03
3924,8.831072e-03
3925,8.820435e-03
3926,8.809810e-03
3927,8.799198e-03
3928,8.788599e-03
3929,8.778013e-03
3930,8.767440e-03
3931,8.756879e-03
3932,8.746331e-03
3933,8.735795e-03
3934,8.725273e-03
3935,8.714763e-03
3936,8.704265e-03
3937,8.693781e-03
3938,8.683309e-03
3939,8.672849e-03
3940,8.662402e-03
3941,8.651968e-03
3942,8.641547e-03
3943,8.631137e-03
3944,8.620741e-03
3945,8.610357e-03
3946,8.599985e-03
3947,8.589626e-03
3948,8.579280e-03
3949,8.568945e-03
3950,8.558624e-03
3951,8.548315e-03
3952,8.538018e-03
3953,8.527733e-03
3954,8.517461e-03
3955,8.507202e-03
3956,8.496954e-03
3957,8.486719e-03
3958,8.476497e-03
3959,8.466286e-03
3960,8.456088e-03
3961,8.445903e-03
3962,8.435729e-03
3963,8.425568e-03
3964,8.415419e-03
3965,8.405282e-03
3966,8.395158e-03
3967,8.385045e-03
3968,8.374945e-03
3969,8.364857e-03
3970,8.354782e-03
3971,8.344718e-03
3972,8.334666e-03
3973,8.324627e-03
3974,8.314599e-03
3975,8.304584e-03
3976,8.294581e-03
3977,8.284590e-03
3978,8.274611e-03
3979,8.264643e-03
3980,8.254688e-03
3981,8.244745e-03
3982,8.234814e-03
3983,8.224895e-03
3984,8.214988e-03
3985,8.205092e-03
3986,8.195209e-03
3987,8.185337e-03
3988,8.175478e-03
3989,8.165630e-03
3990,8.155794e-03
3991,8.145970e-03
3992,8.136158e-03
3993,8.126358e-03
3994,8.116569e-03
3995,8.106792e-03
3996,8.097027e-03
3997,8.087274e-03
3998,8.077533e-03
3999,8.067803e-03
4000,8.058085e-03
4001,8.048379e-03
4002,8.038684e-03
4003,8.029001e-03
4004,8.019330e-03
4005,8.009670e-03
4006,8.000022e-03
4007,7.990386e-03
4008,7.980761e-03
4009,7.971148e-03
4010,7.961546e-03
4011,7.951956e-03
4012,7.942378e-03
4013,7.932811e-03
4014,7.923255e-03
4015,7.913711e-03
4016,7.904179e-03
4017,7.894658e-03
4018,7.885149e-03
4019,7.875651e-03
4020,7.866164e-03
4021,7.856689e-03
4022,7.847225e-03
4023,7.837773e-03
4024,7.828332e-03
4025,7.818902e-03
4026,7.809484e-03
4027,7.800077e-03
4028,7.790682e-03
4029,7.781297e-03
4030,7.771925e-03
4031,7.762563e-03
4032,7.753213e-03
4033,7.743873e-03
4034,7.734546e-03
4035,7.725229e-03
4036,7.715924e-03
4037,7.706629e-03
4038,7.697347e-03
4039,7.688075e-03
4040,7.678814e-03
4041,7.669565e-03
4042,7.660326e-03
4043,7.651099e-03
4044,7.641883e-03
4045,7.632678e-03
4046,7.623484e-03
4047,7.614301e-03
4048,7.605130e-03
4049,7.595969e-03
4050,7.586819e-03
4051,7.577681e-03
4052,7.568553e-03
4053,7.559436e-03
4054,7.550331e-03
4055,7.541236e-03
4056,7.532152e-03
4057,7.523079e-03
4058,7.514017e-03
4059,7.504966e-03
4060,7.495926e-03
4061,7.486897e-03
4062,7.477879e-03
4063,7.468871e-03
4064,7.459875e-03
4065,7.450889e-03
4066,7.441914e-03
4067,7.432950e-03
4068,7.423997e-03
4069,7.415054e-03
4070,7.406123e-03
4071,7.397202e-03
4072,7.388291e-03
4073,7.379392e-03
4074,7.370503e-03
4075,7.361625e-03
4076,7.352757e-03
4077,7.343901e-03
4078,7.335055e-03
4079,7.326219e-03
4080,7.317395e-03
4081,7.308580e-03
4082,7.299777e-03
4083,7.290984e-03
4084,7.282202e-03
4085,7.273430e-03
4086,7.264669e-03
4087,7.255918e-03
4088,7.247178e-03
4089,7.238449e-03
4090,7.229730e-03
4091,7.221021e-03
4092,7.212323e-03
4093,7.203635e-03
4094,7.194958e-03
4095,7.186292e-03
4096,7.177635e-03
4097,7.168990e-03
4098,7.160354e-03
4099,7.151729e-03
4100,7.143115e-03
4101,7.134511e-03
4102,7.125917e-03
4103,7.117333e-03
4104,7.108760e-03
4105,7.100197e-03
4106,7.091645e-03
4107,7.083103e-03
4108,7.074571e-03
4109,7.066049e-03
4110,7.057538e-03
4111,7.049037e-03
4112,7.040546e-03
4113,7.032065e-03
4114,7.023595e-03
4115,7.015134e-03
4116,7.006684e-03
4117,6.998245e-03
4118,6.989815e-03
4119,6.981395e-03
4120,6.972986e-03
4121,6.964587e-03
4122,6.956198e-03
4123,6.947818e-03
4124,6.939450e-03
4125,6.931091e-03
4126,6.922742e-03
4127,6.914403e-03
4128,6.906074e-03
4129,6.897756e-03
4130,6.889447e-03
4131,6.881148e-03
4132,6.872860e-03
4133,6.864581e-03
4134,6.856312e-03
4135,6.848054e-03
4136,6.839805e-03
4137,6.831566e-03
4138,6.823337e-03
4139,6.815118e-03
4140,6.806909e-03
4141,6.798710e-03
4142,6.790521e-03
4143,6.782341e-03
4144,6.774171e-03
4145,6.766012e-03
4146,6.757862e-03
4147,6.749722e-03
4148,6.741591e-03
4149,6.733471e-03
4150,6.725360e-03
4151,6.717259e-03
4152,6.709168e-03
4153,6.701086e-03
4154,6.693014e-03
4155,6.684952e-03
4156,6.676900e-03
4157,6.668857e-03
4158,6.660825e-03
4159,6.652801e-03
4160,6.644788e-03
4161,6.636784e-03
4162,6.628789e-03
4163,6.620805e-03
4164,6.612830e-03
4165,6.604864e-03
4166,6.596908e-03
4167,6.588962e-03
4168,6.581025e-03
4169,6.573098e-03
4170,6.565181e-03
4171,6.557273e-03
4172,6.549374e-03
4173,6.541485e-03
4174,6.533606e-03
4175,6.525736e-03
4176,6.517875e-03
4177,6.510024e-03
4178,6.502182e-03
4179,6.494350e-03
4180,6.486528e-03
4181,6.478714e-03
4182,6.470910e-03
4183,6.463116e-03
4184,6.455331e-03
4185,6.447555e-03
4186,6.439789e-03
4187,6.432032e-03
4188,6.424284e-03
4189,6.416546e-03
4190,6.408817e-03
4191,6.401097e-03
4192,6.393387e-03
4193,6.385685e-03
4194,6.377994e-03
4195,6.370311e-03
4196,6.362638e-03
4197,6.354974e-03
4198,6.347319e-03
4199,6.339673e-03
4200,6.332037e-03
4201,6.324410e-03
4202,6.316792e-03
4203,6.309183e-03
4204,6.301583e-03
4205,6.293992e-03
4206,6.286411e-03
4207,6.278839e-03
4208,6.271276e-03
4209,6.263722e-03
4210,6.256177e-03
4211,6.248641e-03
4212,6.241114e-03
4213,6.233596e-03
4214,6.226088e-03
4215,6.218588e-03
4216,6.211098e-03
4217,6.203616e-03
4218,6.196144e-03
4219,6.188680e-03
4220,6.181225e-03
4221,6.173780e-03
4222,6.166343e-03
4223,6.158916e-03
4224,6.151497e-03
4225,6.144087e-03
4226,6.136686e-03
4227,6.129295e-03
4228,6.121912e-03
4229,6.114537e-03
4230,6.107172e-03
4231,6.099816e-03
4232,6.092468e-03
4233,6.085130e-03
4234,6.077800e-03
4235,6.070479e-03
4236,6.063167e-03
4237,6.055863e-03
4238,6.048569e-03
4239,6.041283e-03
4240,6.034006e-03
4241,6.026738e-03
4242,6.019478e-03
4243,6.012228e-03
4244,6.004986e-03
4245,5.997752e-03
4246,5.990528e-03
4247,5.983312e-03
4248,5.976105e-03
4249,5.968906e-03
4250,5.961717e-03
4251,5.954535e-03
4252,5.947363e-03
4253,5.940199e-03
4254,5.933044e-03
4255,5.925897e-03
4256,5.918759e-03
4257,5.911630e-03
4258,5.904509e-03
4259,5.897397e-03
4260,5.890293e-03
4261,5.883198e-03
4262,5.876111e-03
4263,5.869033e-03
4264,5.861964e-03
4265,5.854903e-03
4266,5.847850e-03
4267,5.840806e-03
4268,5.833771e-03
4269,5.826744e-03
4270,5.819725e-03
4271,5.812715e-03
4272,5.805714e-03
4273,5.798720e-03
4274,5.791735e-03
4275,5.784759e-03
4276,5.777791e-03
4277,5.770831e-03
4278,5.763880e-03
4279,5.756937e-03
4280,5.750003e-03
4281,5.743077e-03
4282,5.736159e-03
4283,5.729250e-03
4284,5.722348e-03
4285,5.715456e-03
4286,5.708571e-03
4287,5.701695e-03
4288,5.694827e-03
4289,5.687967e-03
4290,5.681116e-03
4291,5.674273e-03
4292,5.667438e-03
4293,5.660611e-03
4294,5.653793e-03
4295,5.646982e-03
4296,5.640180e-03
4297,5.633387e-03
4298,5.626601e-03
4299,5.619823e-03
4300,5.613054e-03
4301,5.606293e-03
4302,5.599540e-03
4303,5.592795e-03
4304,5.586058e-03
4305,5.579330e-03
4306,5.572609e-03
4307,5.565897e-03
4308,5.559192e-03
4309,5.552496e-03
4310,5.545808e-03
4311,5.539127e-03
4312,5.532455e-03
4313,5.525791e-03
4314,5.519135e-03
4315,5.512487e-03
4316,5.505847e-03
4317,5.499215e-03
4318,5.492591e-03
4319,5.485975e-03
4320,5.479367e-03
4321,5.472767e-03
4322,5.466175e-03
4323,5.459590e-03
4324,5.453014e-03
4325,5.446446e-03
4326,5.439885e-03
4327,5.433333e-03
4328,5.426788e-03
4329,5.420251e-03
4330,5.413722e-03
4331,5.407201e-03
4332,5.400688e-03
4333,5.394183e-03
4334,5.387685e-03
4335,5.381195e-03
4336,5.374713e-03
4337,5.368239e-03
4338,5.361773e-03
4339,5.355315e-03
4340,5.348864e-03
4341,5.342421e-03
4342,5.335986e-03
4343,5.329558e-03
4344,5.323139e-03
4345,5.316727e-03
4346,5.310322e-03
4347,5.303926e-03
4348,5.297537e-03
4349,5.291156e-03
4350,5.284783e-03
4351,5.278417e-03
4352,5.272059e-03
4353,5.265708e-03
4354,5.259366e-03
4355,5.253030e-03
4356,5.246703e-03
4357,5.240383e-03
4358,5.234071e-03
4359,5.227766e-03
4360,5.221469e-03
4361,5.215179e-03
4362,5.208898e-03
4363,5.202623e-03
4364,5.196356e-03
4365,5.190097e-03
4366,5.183845e-03
4367,5.177601e-03
4368,5.171365e-03
4369,5.165136e-03
4370,5.158914e-03
4371,5.152700e-03
4372,5.146493e-03
4373,5.140294e-03
4374,5.134102e-03
4375,5.127918e-03
4376,5.121741e-03
4377,5.115572e-03
4378,5.109410e-03
4379,5.103255e-03
4380,5.097108e-03
4381,5.090969e-03
4382,5.084836e-03
4383,5.078711e-03
4384,5.072594e-03
4385,5.066484e-03
4386,5.060381e-03
4387,5.054285e-03
4388,5.048197e-03
4389,5.042117e-03
4390,5.036043e-03
4391,5.029977e-03
4392,5.023918e-03
4393,5.017867e-03
4394,5.011822e-03
4395,5.005785e-03
4396,4.999756e-03
4397,4.993733e-03
4398,4.987718e-03
4399,4.981710e-03
4400,4.975710e-03
4401,4.969716e-03
4402,4.963730e-03
4403,4.957751e-03
4404,4.951779e-03
4405,4.945814e-03
4406,4.939857e-03
4407,4.933907e-03
4408,4.927964e-03
4409,4.922028e-03
4410,4.916099e-03
4411,4.910177e-03
4412,4.904263e-03
4413,4.898355e-03
4414,4.892455e-03
4415,4.886562e-03
4416,4.880676e-03
4417,4.874797e-03
4418,4.868925e-03
4419,4.863060e-03
4420,4.857202e-03
4421,4.851351e-03
4422,4.845508e-03
4423,4.839671e-03
4424,4.833842e-03
4425,4.828019e-03
4426,4.822203e-03
4427,4.816395e-03
4428,4.810593e-03
4429,4.804799e-03
4430,4.799011e-03
4431,4.793231e-03
4432,4.787457e-03
4433,4.781690e-03
4434,4.775930e-03
4435,4.770178e-03
4436,4.764432e-03
4437,4.758693e-03
4438,4.752961e-03
4439,4.747236e-03
4440,4.741517e-03
4441,4.735806e-03
4442,4.730101e-03
4443,4.724404e-03
4444,4.718713e-03
4445,4.713029e-03
4446,4.707352e-03
4447,4.701682e-03
4448,4.696019e-03
4449,4.690362e-03
4450,4.684712e-03
4451,4.679069e-03
4452,4.673433e-03
4453,4.667804e-03
4454,4.662181e-03
4455,4.656565e-03
4456,4.650956e-03
4457,4.645354e-03
4458,4.639759e-03
4459,4.634170e-03
4460,4.628588e-03
4461,4.623012e-03
4462,4.617444e-03
4463,4.611882e-03
4464,4.606327e-03
4465,4.600778e-03
4466,4.595236e-03
4467,4.589701e-03
4468,4.584173e-03
4469,4.578651e-03
4470,4.573136e-03
4471,4.567627e-03
4472,4.562125e-03
4473,4.556630e-03
4474,4.551141e-03
4475,4.545659e-03
4476,4.540184e-03
4477,4.534715e-03
4478,4.529253e-03
4479,4.523797e-03
4480,4.518348e-03
4481,4.512905e-03
4482,4.507469e-03
4483,4.502040e-03
4484,4.496617e-03
4485,4.491201e-03
4486,4.485791e-03
4487,4.480387e-03
4488,4.474991e-03
4489,4.469600e-03
4490,4.464216e-03
4491,4.458839e-03
4492,4.453468e-03
4493,4.448104e-03
4494,4.442746e-03
4495,4.437394e-03
4496,4.432049e-03
4497,4.426711e-03
4498,4.421379e-03
4499,4.416053e-03
4500,4.410733e-03
4501,4.405421e-03
4502,4.400114e-03
4503,4.394814e-03
4504,4.389520e-03
4505,4.384233e-03
4506,4.378952e-03
4507,4.373677e-03
4508,4.368409e-03
4509,4.363147e-03
4510,4.357891e-03
4511,4.352642e-03
4512,4.347399e-03
4513,4.342162e-03
4514,4.336932e-03
4515,4.331708e-03
4516,4.326490e-03
4517,4.321279e-03
4518,4.316074e-03
4519,4.310875e-03
4520,4.305682e-03
4521,4.300496e-03
4522,4.295316e-03
4523,4.290142e-03
4524,4.284974e-03
4525,4.279813e-03
4526,4.274657e-03
4527,4.269508e-03
4528,4.264366e-03
4529,4.259229e-03
4530,4.254099e-03
4531,4.248974e-03
4532,4.243856e-03
4533,4.238744e-03
4534,4.233639e-03
4535,4.228539e-03
4536,4.223446e-03
4537,4.218358e-03
4538,4.213277e-03
4539,4.208202e-03
4540,4.203133e-03
4541,4.198070e-03
4542,4.193013e-03
4543,4.187963e-03
4544,4.182918e-03
4545,4.177880e-03
4546,4.172847e-03
4547,4.167821e-03
4548,4.162800e-03
4549,4.157786e-03
4550,4.152778e-03
4551,4.147776e-03
4552,4.142780e-03
4553,4.137789e-03
4554,4.132805e-03
4555,4.127827e-03
4556,4.122855e-03
4557,4.117889e-03
4558,4.112929e-03
4559,4.107974e-03
4560,4.103026e-03
4561,4.098084e-03
4562,4.093148e-03
4563,4.088217e-03
4564,4.083293e-03
4565,4.078374e-03
4566,4.073462e-03
4567,4.068555e-03
4568,4.063654e-03
4569,4.058759e-03
4570,4.053871e-03
4571,4.048987e-03
4572,4.044110e-03
4573,4.039239e-03
4574,4.034374e-03
4575,4.029514e-03
4576,4.024660e-03
4577,4.019812e-03
4578,4.014970e-03
4579,4.010134e-03
4580,4.005304e-03
4581,4.000479e-03
4582,3.995660e-03
4583,3.990847e-03
4584,3.986040e-03
4585,3.981239e-03
4586,3.976443e-03
4587,3.971654e-03
4588,3.966870e-03
4589,3.962091e-03
4590,3.957319e-03
4591,3.952552e-03
4592,3.947791e-03
4593,3.943036e-03
4594,3.938286e-03
4595,3.933542e-03
4596,3.928804e-03
4597,3.924072e-03
4598,3.919345e-03
4599,3.914624e-03
4600,3.909909e-03
4601,3.905199e-03
4602,3.900495e-03
4603,3.895797e-03
4604,3.891104e-03
4605,3.886417e-03
4606,3.881736e-03
4607,3.877060e-03
4608,3.872390e-03
4609,3.867725e-03
4610,3.863067e-03
4611,3.858413e-03
4612,3.853766e-03
4613,3.849124e-03
4614,3.844487e-03
4615,3.839856e-03
4616,3.835231e-03
4617,3.830611e-03
4618,3.825997e-03
4619,3.821389e-03
4620,3.816786e-03
4621,3.812188e-03
4622,3.807596e-03
4623,3.803010e-03
4624,3.798429e-03
4625,3.793854e-03
4626,3.789284e-03
4627,3.784719e-03
4628,3.780160e-03
4629,3.775607e-03
4630,3.771059e-03
4631,3.766517e-03
4632,3.761980e-03
4633,3.757448e-03
4634,3.752922e-03
4635,3.748402e-03
4636,3.743887e-03
4637,3.739377e-03
4638,3.734873e-03
4639,3.730374e-03
4640,3.725881e-03
4641,3.721393e-03
4642,3.716910e-03
4643,3.712433e-03
4644,3.707961e-03
4645,3.703495e-03
4646,3.699034e-03
4647,3.694578e-03
4648,3.690128e-03
4649,3.685683e-03
4650,3.681243e-03
4651,3.676809e-03
4652,3.672380e-03
4653,3.667957e-03
4654,3.663538e-03
4655,3.659125e-03
4656,3.654718e-03
4657,3.650316e-03
4658,3.645919e-03
4659,3.641527e-03
4660,3.637141e-03
4661,3.632759e-03
4662,3.628384e-03
4663,3.624013e-03
4664,3.619648e-03
4665,3.615288e-03
4666,3.610933e-03
4667,3.606584e-03
4668,3.602239e-03
4669,3.597900e-03
4670,3.593566e-03
4671,3.589238e-03
4672,3.584914e-03
4673,3.580596e-03
4674,3.576283e-03
4675,3.571975e-03
4676,3.567673e-03
4677,3.563375e-03
4678,3.559083e-03
4679,3.554796e-03
4680,3.550514e-03
4681,3.546237e-03
4682,3.541966e-03
4683,3.537699e-03
4684,3.533438e-03
4685,3.529182e-03
4686,3.524931e-03
4687,3.520685e-03
4688,3.516444e-03
4689,3.512208e-03
4690,3.507978e-03
4691,3.503752e-03
4692,3.499532e-03
4693,3.495316e-03
4694,3.491106e-03
4695,3.486901e-03
4696,3.482701e-03
4697,3.478506e-03
4698,3.474316e-03
4699,3.470131e-03
4700,3.465951e-03
4701,3.461776e-03
4702,3.457606e-03
4703,3.453441e-03
4704,3.449281e-03
4705,3.445127e-03
4706,3.440977e-03
4707,3.436832e-03
4708,3.432692e-03
4709,3.428557e-03
4710,3.424428e-03
4711,3.420303e-03
4712,3.416183e-03
4713,3.412068e-03
4714,3.407958e-03
4715,3.403853e-03
4716,3.399753e-03
4717,3.395658e-03
4718,3.391567e-03
4719,3.387482e-03
4720,3.383402e-03
4721,3.379326e-03
4722,3.375256e-03
4723,3.371190e-03
4724,3.367129e-03
4725,3.363073e-03
4726,3.359023e-03
4727,3.354976e-03
4728,3.350935e-03
4729,3.346899e-03
4730,3.342867e-03
4731,3.338841e-03
4732,3.334819e-03
4733,3.330802e-03
4734,3.326790e-03
4735,3.322783e-03
4736,3.318780e-03
4737,3.314783e-03
4738,3.310790e-03
4739,3.306802e-03
4740,3.302819e-03
4741,3.298840e-03
4742,3.294867e-03
4743,3.290898e-03
4744,3.286934e-03
4745,3.282975e-03
4746,3.279020e-03
4747,3.275070e-03
4748,3.271125e-03
4749,3.267185e-03
4750,3.263250e-03
4751,3.259319e-03
4752,3.255393e-03
4753,3.251472e-03
4754,3.247555e-03
4755,3.243643e-03
4756,3.239736e-03
4757,3.235834e-03
4758,3.231936e-03
4759,3.228043e-03
4760,3.224155e-03
4761,3.220271e-03
4762,3.216392e-03
4763,3.212518e-03
4764,3.208648e-03
4765,3.204783e-03
4766,3.200923e-03
4767,3.197067e-03
4768,3.193216e-03
4769,3.189370e-03
4770,3.185528e-03
4771,3.181691e-03
4772,3.177859e-03
4773,3.174031e-03
4774,3.170208e-03
4775,3.166389e-03
4776,3.162575e-03
4777,3.158765e-03
4778,3.154961e-03
4779,3.151160e-03
4780,3.147365e-03
4781,3.143573e-03
4782,3.139787e-03
4783,3.136005e-03
4784,3.132227e-03
4785,3.128454e-03
4786,3.124686e-03
4787,3.120922e-03
4788,3.117163e-03
4789,3.113408e-03
4790,3.109658e-03
4791,3.105912e-03
4792,3.102171e-03
4793,3.098434e-03
4794,3.094702e-03
4795,3.090974e-03
4796,3.087251e-03
4797,3.083532e-03
4798,3.079818e-03
4799,3.076108e-03
4800,3.072403e-03
4801,3.068702e-03
4802,3.065006e-03
4803,3.061314e-03
4804,3.057627e-03
4805,3.053943e-03
4806,3.050265e-03
4807,3.046591e-03
4808,3.042921e-03
4809,3.039256e-03
4810,3.035595e-03
4811,3.031938e-03
4812,3.028286e-03
4813,3.024638e-03
4814,3.020995e-03
4815,3.017356e-03
4816,3.013722e-03
4817,3.010091e-03
4818,3.006466e-03
4819,3.002844e-03
4820,2.999227e-03
4821,2.995614e-03
4822,2.992006e-03
4823,2.988402e-03
4824,2.984802e-03
4825,2.981207e-03
4826,2.977616e-03
4827,2.974029e-03
4828,2.970447e-03
4829,2.966869e-03
4830,2.963295e-03
4831,2.959726e-03
4832,2.956161e-03
4833,2.952600e-03
4834,2.949043e-03
4835,2.945491e-03
4836,2.941943e-03
4837,2.938400e-03
4838,2.934860e-03
4839,2.931325e-03
4840,2.927794e-03
4841,2.924267e-03
4842,2.920745e-03
4843,2.917227e-03
4844,2.913713e-03
4845,2.910203e-03
4846,2.906698e-03
4847,2.903196e-03
4848,2.899699e-03
4849,2.896207e-03
4850,2.892718e-03
4851,2.889234e-03
4852,2.885753e-03
4853,2.882277e-03
4854,2.878806e-03
4855,2.875338e-03
4856,2.871874e-03
4857,2.868415e-03
4858,2.864960e-03
4859,2.861509e-03
4860,2.858062e-03
4861,2.854620e-03
4862,2.851181e-03
4863,2.847747e-03
4864,2.844316e-03
4865,2.840890e-03
4866,2.837468e-03
4867,2.834051e-03
4868,2.830637e-03
4869,2.827227e-03
4870,2.823822e-03
4871,2.820420e-03
4872,2.817023e-03
4873,2.813630e-03
4874,2.810241e-03
4875,2.806855e-03
4876,2.803474e-03
4877,2.800098e-03
4878,2.796725e-03
4879,2.793356e-03
4880,2.789991e-03
4881,2.786631e-03
4882,2.783274e-03
4883,2.779921e-03
4884,2.776573e-03
4885,2.773228e-03
4886,2.769888e-03
4887,2.766551e-03
4888,2.763219e-03
4889,2.759891e-03
4890,2.756566e-03
4891,2.753246e-03
4892,2.749929e-03
4893,2.746617e-03
4894,2.743309e-03
4895,2.740004e-03
4896,2.736704e-03
4897,2.733407e-03
4898,2.730115e-03
4899,2.726826e-03
4900,2.723542e-03
4901,2.720261e-03
4902,2.716984e-03
4903,2.713711e-03
4904,2.710443e-03
4905,2.707178e-03
4906,2.703917e-03
4907,2.700660e-03
4908,2.697407e-03
4909,2.694158e-03
4910,2.690913e-03
4911,2.687671e-03
4912,2.684434e-03
4913,2.681200e-03
4914,2.677971e-03
4915,2.674745e-03
4916,2.671523e-03
4917,2.668305e-03
4918,2.665091e-03
4919,2.661881e-03
4920,2.658674e-03
4921,2.655472e-03
4922,2.652273e-03
4923,2.649079e-03
4924,2.645888e-03
4925,2.642701e-03
4926,2.639517e-03
4927,2.636338e-03
4928,2.633162e-03
4929,2.629990e-03
4930,2.626823e-03
4931,2.623658e-03
4932,2.620498e-03
4933,2.617342e-03
4934,2.614189e-03
4935,2.611040e-03
4936,2.607895e-03
4937,2.604754e-03
4938,2.601616e-03
4939,2.598482e-03
4940,2.595352e-03
4941,2.592226e-03
4942,2.589104e-03
4943,2.585985e-03
4944,2.582870e-03
4945,2.579759e-03
4946,2.576651e-03
4947,2.573548e-03
4948,2.570448e-03
4949,2.567352e-03
4950,2.564259e-03
4951,2.561170e-03
4952,2.558085e-03
4953,2.555004e-03
4954,2.551926e-03
4955,2.548852e-03
4956,2.545782e-03
4957,2.542716e-03
4958,2.539653e-03
4959,2.536594e-03
4960,2.533538e-03
4961,2.530487e-03
4962,2.527438e-03
4963,2.524394e-03
4964,2.521353e-03
4965,2.518316e-03
4966,2.515283e-03
4967,2.512253e-03
4968,2.509227e-03
4969,2.506204e-03
4970,2.503186e-03
4971,2.500170e-03
4972,2.497159e-03
4973,2.494151e-03
4974,2.491147e-03
4975,2.488146e-03
4976,2.485149e-03
4977,2.482155e-03
4978,2.479165e-03
4979,2.476179e-03
4980,2.473197e-03
4981,2.470217e-03
4982,2.467242e-03
4983,2.464270e-03
4984,2.461302e-03
4985,2.458337e-03
4986,2.455376e-03
4987,2.452418e-03
4988,2.449464e-03
4989,2.446514e-03
4990,2.443567e-03
4991,2.440623e-03
4992,2.437684e-03
4993,2.434747e-03
4994,2.431815e-03
4995,2.428885e-03
4996,2.425960e-03
4997,2.423037e-03
4998,2.420119e-03
4999,2.417204e-03
5000,2.414292e-03
5001,2.411384e-03
5002,2.408479e-03
5003,2.405578e-03
5004,2.402681e-03
5005,2.399786e-03
5006,2.396896e-03
5007,2.394009e-03
5008,2.391125e-03
5009,2.388245e-03
5010,2.385368e-03
5011,2.382495e-03
5012,2.379625e-03
5013,2.376758e-03
5014,2.373896e-03
5015,2.371036e-03
5016,2.368180e-03
5017,2.365327e-03
5018,2.362478e-03
5019,2.359633e-03
5020,2.356790e-03
5021,2.353952e-03
5022,2.351116e-03
5023,2.348284e-03
5024,2.345455e-03
5025,2.342630e-03
5026,2.339808e-03
5027,2.336990e-03
5028,2.334175e-03
5029,2.331363e-03
5030,2.328555e-03
5031,2.325750e-03
5032,2.322949e-03
5033,2.320151e-03
5034,2.317356e-03
5035,2.314565e-03
5036,2.311777e-03
5037,2.308992e-03
5038,2.306211e-03
5039,2.303433e-03
5040,2.300658e-03
5041,2.297887e-03
5042,2.295119e-03
5043,2.292355e-03
5044,2.289593e-03
5045,2.286835e-03
5046,2.284081e-03
5047,2.281330e-03
5048,2.278582e-03
5049,2.275837e-03
5050,2.273096e-03
5051,2.270358e-03
5052,2.267623e-03
5053,2.264891e-03
5054,2.262163e-03
5055,2.259438e-03
5056,2.256717e-03
5057,2.253998e-03
5058,2.251283e-03
5059,2.248572e-03
5060,2.245863e-03
5061,2.243158e-03
5062,2.240456e-03
5063,2.237757e-03
5064,2.235062e-03
5065,2.232369e-03
5066,2.229680e-03
5067,2.226995e-03
5068,2.224312e-03
5069,2.221633e-03
5070,2.218957e-03
5071,2.216284e-03
5072,2.213614e-03
5073,2.210948e-03
5074,2.208285e-03
5075,2.205625e-03
5076,2.202968e-03
5077,2.200314e-03
5078,2.197664e-03
5079,2.195017e-03
5080,2.192373e-03
5081,2.189732e-03
5082,2.187094e-03
5083,2.184460e-03
5084,2.181829e-03
5085,2.179201e-03
5086,2.176576e-03
5087,2.173954e-03
5088,2.171335e-03
5089,2.168720e-03
5090,2.166108e-03
5091,2.163498e-03
5092,2.160892e-03
5093,2.158289e-03
5094,2.155690e-03
5095,2.153093e-03
5096,2.150500e-03
5097,2.147909e-03
5098,2.145322e-03
5099,2.142738e-03
5100,2.140157e-03
5101,2.137579e-03
5102,2.135004e-03
5103,2.132432e-03
5104,2.129864e-03
5105,2.127298e-03
5106,2.124736e-03
5107,2.122176e-03
5108,2.119620e-03
5109,2.117067e-03
5110,2.114517e-03
5111,2.111970e-03
5112,2.109426e-03
5113,2.106885e-03
5114,2.104347e-03
5115,2.101812e-03
5116,2.099281e-03
5117,2.096752e-03
5118,2.094226e-03
5119,2.091704e-03
5120,2.089184e-03
5121,2.086668e-03
5122,2.084154e-03
5123,2.081644e-03
5124,2.079136e-03
5125,2.076632e-03
5126,2.074131e-03
5127,2.071632e-03
5128,2.069137e-03
5129,2.066644e-03
5130,2.064155e-03
5131,2.061669e-03
5132,2.059185e-03
5133,2.056705e-03
5134,2.054228e-03
5135,2.051753e-03
5136,2.049282e-03
5137,2.046813e-03
5138,2.044348e-03
5139,2.041885e-03
5140,2.039426e-03
5141,2.036969e-03
5142,2.034516e-03
5143,2.032065e-03
5144,2.029617e-03
5145,2.027172e-03
5146,2.024731e-03
5147,2.022292e-03
5148,2.019856e-03
5149,2.017423e-03
5150,2.014993e-03
5151,2.012566e-03
5152,2.010141e-03
5153,2.007720e-03
5154,2.005302e-03
5155,2.002886e-03
5156,2.000474e-03
5157,1.998064e-03
5158,1.995657e-03
5159,1.993253e-03
5160,1.990852e-03
5161,1.988454e-03
5162,1.986059e-03
5163,1.983667e-03
5164,1.981277e-03
5165,1.978891e-03
5166,1.976507e-03
5167,1.974126e-03
5168,1.971749e-03
5169,1.969374e-03
5170,1.967001e-03
5171,1.964632e-03
5172,1.962265e-03
5173,1.959902e-03
5174,1.957541e-03
5175,1.955183e-03
5176,1.952828e-03
5177,1.950476e-03
5178,1.948126e-03
5179,1.945780e-03
5180,1.943436e-03
5181,1.941095e-03
5182,1.938757e-03
5183,1.936422e-03
5184,1.934089e-03
5185,1.931759e-03
5186,1.929432e-03
5187,1.927108e-03
5188,1.924787e-03
5189,1.922469e-03
5190,1.920153e-03
5191,1.917840e-03
5192,1.915530e-03
5193,1.913223e-03
5194,1.910918e-03
5195,1.908616e-03
5196,1.906317e-03
5197,1.904021e-03
5198,1.901727e-03
5199,1.899437e-03
5200,1.897149e-03
5201,1.894864e-03
5202,1.892581e-03
5203,1.890301e-03
5204,1.888024e-03
5205,1.885750e-03
5206,1.883479e-03
5207,1.881210e-03
5208,1.878944e-03
5209,1.876681e-03
5210,1.874420e-03
5211,1.872162e-03
5212,1.869907e-03
5213,1.867655e-03
5214,1.865405e-03
5215,1.863158e-03
5216,1.860914e-03
5217,1.858672e-03
5218,1.856434e-03
5219,1.854197e-03
5220,1.851964e-03
5221,1.849733e-03
5222,1.847505e-03
5223,1.845280e-03
5224,1.843057e-03
5225,1.840837e-03
5226,1.838620e-03
5227,1.836405e-03
5228,1.834193e-03
5229,1.831984e-03
5230,1.829777e-03
5231,1.827573e-03
5232,1.825371e-03
5233,1.823173e-03
5234,1.820977e-03
5235,1.818783e-03
5236,1.816592e-03
5237,1.814404e-03
5238,1.812219e-03
5239,1.810036e-03
5240,1.807855e-03
5241,1.805678e-03
5242,1.803503e-03
5243,1.801330e-03
5244,1.799161e-03
5245,1.796993e-03
5246,1.794829e-03
5247,1.792667e-03
5248,1.790508e-03
5249,1.788351e-03
5250,1.786197e-03
5251,1.784045e-03
5252,1.781896e-03
5253,1.779750e-03
5254,1.777606e-03
5255,1.775465e-03
5256,1.773326e-03
5257,1.771190e-03
5258,1.769057e-03
5259,1.766926e-03
5260,1.764797e-03
5261,1.762672e-03
5262,1.760548e-03
5263,1.758428e-03
5264,1.756310e-03
5265,1.754194e-03
5266,1.752081e-03
5267,1.749971e-03
5268,1.747863e-03
5269,1.745757e-03
5270,1.743655e-03
5271,1.741554e-03
5272,1.739456e-03
5273,1.737361e-03
5274,1.735268e-03
5275,1.733178e-03
5276,1.731091e-03
5277,1.729005e-03
5278,1.726923e-03
5279,1.724843e-03
5280,1.722765e-03
5281,1.720690e-03
5282,1.718617e-03
5283,1.716547e-03
5284,1.714479e-03
5285,1.712414e-03
5286,1.710351e-03
5287,1.708291e-03
5288,1.706234e-03
5289,1.704178e-03
5290,1.702126e-03
5291,1.700075e-03
5292,1.698027e-03
5293,1.695982e-03
5294,1.693939e-03
5295,1.691899e-03
5296,1.689861e-03
5297,1.687825e-03
5298,1.685792e-03
5299,1.683762e-03
5300,1.681734e-03
5301,1.679708e-03
5302,1.677685e-03
5303,1.675664e-03
5304,1.673645e-03
5305,1.671629e-03
5306,1.669616e-03
5307,1.667605e-03
5308,1.665596e-03
5309,1.663590e-03
5310,1.661586e-03
5311,1.659584e-03
5312,1.657585e-03
5313,1.655589e-03
5314,1.653594e-03
5315,1.651603e-03
5316,1.649613e-03
5317,1.647626e-03
5318,1.645641e-03
5319,1.643659e-03
5320,1.641679e-03
5321,1.639702e-03
5322,1.637727e-03
5323,1.635754e-03
5324,1.633784e-03
5325,1.631816e-03
5326,1.629850e-03
5327,1.627887e-03
5328,1.625926e-03
5329,1.623968e-03
5330,1.622011e-03
5331,1.620058e-03
5332,1.618106e-03
5333,1.616157e-03
5334,1.614210e-03
5335,1.612266e-03
5336,1.610324e-03
5337,1.608384e-03
5338,1.606447e-03
5339,1.604512e-03
5340,1.602579e-03
5341,1.600649e-03
5342,1.598721e-03
5343,1.596795e-03
5344,1.594872e-03
5345,1.592951e-03
5346,1.591032e-03
5347,1.589115e-03
5348,1.587201e-03
5349,1.585289e-03
5350,1.583380e-03
5351,1.581472e-03
5352,1.579568e-03
5353,1.577665e-03
5354,1.575765e-03
5355,1.573866e-03
5356,1.571971e-03
5357,1.570077e-03
5358,1.568186e-03
5359,1.566297e-03
5360,1.564410e-03
5361,1.562526e-03
5362,1.560644e-03
5363,1.558764e-03
5364,1.556886e-03
5365,1.555011e-03
5366,1.553138e-03
5367,1.551267e-03
5368,1.549398e-03
5369,1.547532e-03
5370,1.545668e-03
5371,1.543806e-03
5372,1.541947e-03
5373,1.540089e-03
5374,1.538234e-03
5375,1.536381e-03
5376,1.534531e-03
5377,1.532682e-03
5378,1.530836e-03
5379,1.528992e-03
5380,1.527150e-03
5381,1.525311e-03
5382,1.523474e-03
5383,1.521639e-03
5384,1.519806e-03
5385,1.517975e-03
5386,1.516146e-03
5387,1.514320e-03
5388,1.512496e-03
5389,1.510674e-03
5390,1.508855e-03
5391,1.507037e-03
5392,1.505222e-03
5393,1.503409e-03
5394,1.501598e-03
5395,1.499789e-03
5396,1.497983e-03
5397,1.496178e-03
5398,1.494376e-03
5399,1.492576e-03
5400,1.490778e-03
5401,1.488982e-03
5402,1.487189e-03
5403,1.485397e-03
5404,1.483608e-03
5405,1.481821e-03
5406,1.480036e-03
5407,1.478253e-03
5408,1.476473e-03
5409,1.474694e-03
5410,1.472918e-03
5411,1.471144e-03
5412,1.469372e-03
5413,1.467602e-03
5414,1.465834e-03
5415,1.464068e-03
5416,1.462305e-03
5417,1.460543e-03
5418,1.458784e-03
5419,1.457027e-03
5420,1.455272e-03
5421,1.453519e-03
5422,1.451768e-03
5423,1.450019e-03
5424,1.448273e-03
5425,1.446528e-03
5426,1.444786e-03
5427,1.443046e-03
5428,1.441307e-03
5429,1.439571e-03
5430,1.437837e-03
5431,1.436105e-03
5432,1.434375e-03
5433,1.432648e-03
5434,1.430922e-03
5435,1.429198e-03
5436,1.427477e-03
5437,1.425757e-03
5438,1.424040e-03
5439,1.422325e-03
5440,1.420611e-03
5441,1.418900e-03
5442,1.417191e-03
5443,1.415484e-03
5444,1.413779e-03
5445,1.412076e-03
5446,1.410375e-03
5447,1.408676e-03
5448,1.406979e-03
5449,1.405285e-03
5450,1.403592e-03
5451,1.401901e-03
5452,1.400213e-03
5453,1.398526e-03
5454,1.396841e-03
5455,1.395159e-03
5456,1.393478e-03
5457,1.391800e-03
5458,1.390123e-03
5459,1.388449e-03
5460,1.386776e-03
5461,1.385106e-03
5462,1.383438e-03
5463,1.381771e-03
5464,1.380107e-03
5465,1.378444e-03
5466,1.376784e-03
5467,1.375126e-03
5468,1.373469e-03
5469,1.371815e-03
5470,1.370162e-03
5471,1.368512e-03
5472,1.366864e-03
5473,1.365217e-03
5474,1.363573e-03
5475,1.361930e-03
5476,1.360290e-03
5477,1.358651e-03
5478,1.357015e-03
5479,1.355380e-03
5480,1.353747e-03
5481,1.352117e-03
5482,1.350488e-03
5483,1.348861e-03
5484,1.347237e-03
5485,1.345614e-03
5486,1.343993e-03
5487,1.342374e-03
5488,1.340757e-03
5489,1.339142e-03
5490,1.337529e-03
5491,1.335918e-03
5492,1.334309e-03
5493,1.332701e-03
5494,1.331096e-03
5495,1.329493e-03
5496,1.327891e-03
5497,1.326292e-03
5498,1.324694e-03
5499,1.323099e-03
5500,1.321505e-03
5501,1.319913e-03
5502,1.318323e-03
5503,1.316735e-03
5504,1.315149e-03
5505,1.313565e-03
5506,1.311983e-03
5507,1.310402e-03
5508,1.308824e-03
5509,1.307247e-03
5510,1.305673e-03
5511,1.304100e-03
5512,1.302529e-03
5513,1.300960e-03
5514,1.299393e-03
5515,1.297828e-03
5516,1.296265e-03
5517,1.294703e-03
5518,1.293144e-03
5519,1.291586e-03
5520,1.290030e-03
5521,1.288476e-03
5522,1.286924e-03
5523,1.285374e-03
5524,1.283826e-03
5525,1.282280e-03
5526,1.280735e-03
5527,1.279192e-03
5528,1.277651e-03
5529,1.276112e-03
5530,1.274575e-03
5531,1.273040e-03
5532,1.271507e-03
5533,1.269975e-03
5534,1.268445e-03
5535,1.266917e-03
5536,1.265391e-03
5537,1.263867e-03
5538,1.262345e-03
5539,1.260824e-03
5540,1.259305e-03
5541,1.257789e-03
5542,1.256274e-03
5543,1.254760e-03
5544,1.253249e-03
5545,1.251739e-03
5546,1.250232e-03
5547,1.248726e-03
5548,1.247221e-03
5549,1.245719e-03
5550,1.244219e-03
5551,1.242720e-03
5552,1.241223e-03
5553,1.239728e-03
5554,1.238235e-03
5555,1.236743e-03
5556,1.235253e-03
5557,1.233765e-03
5558,1.232279e-03
5559,1.230795e-03
5560,1.229312e-03
5561,1.227832e-03
5562,1.226353e-03
5563,1.224875e-03
5564,1.223400e-03
5565,1.221926e-03
5566,1.220455e-03
5567,1.218984e-03
5568,1.217516e-03
5569,1.216050e-03
5570,1.214585e-03
5571,1.213122e-03
5572,1.211660e-03
5573,1.210201e-03
5574,1.208743e-03
5575,1.207287e-03
5576,1.205833e-03
5577,1.204381e-03
5578,1.202930e-03
5579,1.201481e-03
5580,1.200034e-03
5581,1.198588e-03
5582,1.197144e-03
5583,1.195702e-03
5584,1.194262e-03
5585,1.192824e-03
5586,1.191387e-03
5587,1.189952e-03
5588,1.188518e-03
5589,1.187087e-03
5590,1.185657e-03
5591,1.184229e-03
5592,1.182802e-03
5593,1.181377e-03
5594,1.179954e-03
5595,1.178533e-03
5596,1.177113e-03
5597,1.175696e-03
5598,1.174279e-03
5599,1.172865e-03
5600,1.171452e-03
5601,1.170041e-03
5602,1.168632e-03
5603,1.167224e-03
5604,1.165818e-03
5605,1.164414e-03
5606,1.163011e-03
5607,1.161610e-03
5608,1.160211e-03
5609,1.158814e-03
5610,1.157418e-03
5611,1.156024e-03
5612,1.154631e-03
5613,1.153240e-03
5614,1.151851e-03
5615,1.150464e-03
5616,1.149078e-03
5617,1.147694e-03
5618,1.146311e-03
5619,1.144931e-03
5620,1.143552e-03
5621,1.142174e-03
5622,1.140798e-03
5623,1.139424e-03
5624,1.138052e-03
5625,1.136681e-03
5626,1.135312e-03
5627,1.133944e-03
5628,1.132578e-03
5629,1.131214e-03
5630,1.129851e-03
5631,1.128490e-03
5632,1.127131e-03
5633,1.125773e-03
5634,1.124417e-03
5635,1.123063e-03
5636,1.121710e-03
5637,1.120359e-03
5638,1.119009e-03
5639,1.117662e-03
5640,1.116315e-03
5641,1.114971e-03
5642,1.113628e-03
5643,1.112286e-03
5644,1.110946e-03
5645,1.109608e-03
5646,1.108272e-03
5647,1.106937e-03
5648,1.105603e-03
5649,1.104272e-03
5650,1.102941e-03
5651,1.101613e-03
5652,1.100286e-03
5653,1.098961e-03
5654,1.097637e-03
5655,1.096315e-03
5656,1.094994e-03
5657,1.093675e-03
5658,1.092358e-03
5659,1.091042e-03
5660,1.089728e-03
5661,1.088415e-03
5662,1.087104e-03
5663,1.085795e-03
5664,1.084487e-03
5665,1.083181e-03
5666,1.081876e-03
5667,1.080573e-03
5668,1.079271e-03
5669,1.077971e-03
5670,1.076673e-03
5671,1.075376e-03
5672,1.074080e-03
5673,1.072787e-03
5674,1.071494e-03
5675,1.070204e-03
5676,1.068915e-03
5677,1.067627e-03
5678,1.066341e-03
5679,1.065057e-03
5680,1.063774e-03
5681,1.062492e-03
5682,1.061212e-03
5683,1.059934e-03
5684,1.058657e-03
5685,1.057382e-03
5686,1.056109e-03
5687,1.054836e-03
5688,1.053566e-03
5689,1.052297e-03
5690,1.051029e-03
5691,1.049763e-03
5692,1.048499e-03
5693,1.047236e-03
5694,1.045974e-03
5695,1.044714e-03
5696,1.043456e-03
5697,1.042199e-03
5698,1.040944e-03
5699,1.039690e-03
5700,1.038438e-03
5701,1.037187e-03
5702,1.035937e-03
5703,1.034689e-03
5704,1.033443e-03
5705,1.032198e-03
5706,1.030955e-03
5707,1.029713e-03
5708,1.028473e-03
5709,1.027234e-03
5710,1.025997e-03
5711,1.024761e-03
5712,1.023526e-03
5713,1.022294e-03
5714,1.021062e-03
5715,1.019832e-03
5716,1.018604e-03
5717,1.017377e-03
5718,1.016151e-03
5719,1.014927e-03
5720,1.013705e-03
5721,1.012484e-03
5722,1.011264e-03
5723,1.010046e-03
5724,1.008829e-03
5725,1.007614e-03
5726,1.006401e-03
5727,1.005188e-03
5728,1.003978e-03
5729,1.002768e-03
5730,1.001560e-03
5731,1.000354e-03
5732,9.991489e-04
5733,9.979454e-04
5734,9.967433e-04
5735,9.955427e-04
5736,9.943435e-04
5737,9.931458e-04
5738,9.919495e-04
5739,9.907547e-04
5740,9.895613e-04
5741,9.883693e-04
5742,9.871788e-04
5743,9.859897e-04
5744,9.848020e-04
5745,9.836157e-04
5746,9.824309e-04
5747,9.812476e-04
5748,9.800656e-04
5749,9.788851e-04
5750,9.777060e-04
5751,9.765283e-04
5752,9.753520e-04
5753,9.741771e-04
5754,9.730037e-04
5755,9.718317e-04
5756,9.706611e-04
5757,9.694919e-04
5758,9.683241e-04
5759,9.671577e-04
5760,9.659927e-04
5761,9.648291e-04
5762,9.636669e-04
5763,9.625062e-04
5764,9.613468e-04
5765,9.601888e-04
5766,9.590322e-04
5767,9.578770e-04
5768,9.567232e-04
5769,9.555708e-04
5770,9.544198e-04
5771,9.532701e-04
5772,9.521219e-04
5773,9.509750e-04
5774,9.498295e-04
5775,9.486854e-04
5776,9.475427e-04
5777,9.464013e-04
5778,9.452613e-04
5779,9.441227e-04
5780,9.429855e-04
5781,9.418496e-04
5782,9.407151e-04
5783,9.395820e-04
5784,9.384502e-04
5785,9.373198e-04
5786,9.361908e-04
5787,9.350631e-04
5788,9.339368e-04
5789,9.328118e-04
5790,9.316882e-04
5791,9.305659e-04
5792,9.294450e-04
5793,9.283254e-04
5794,9.272072e-04
5795,9.260904e-04
5796,9.249749e-04
5797,9.238607e-04
5798,9.227479e-04
5799,9.216364e-04
5800,9.205262e-04
5801,9.194174e-04
5802,9.183099e-04
5803,9.172038e-04
5804,9.160990e-04
5805,9.149955e-04
5806,9.138933e-04
5807,9.127925e-04
5808,9.116930e-04
5809,9.105948e-04
5810,9.094980e-04
5811,9.084025e-04
5812,9.073082e-04
5813,9.062154e-04
5814,9.051238e-04
5815,9.040335e-04
5816,9.029446e-04
5817,9.018569e-04
5818,9.007706e-04
5819,8.996856e-04
5820,8.986019e-04
5821,8.975195e-04
5822,8.964384e-04
5823,8.953586e-04
5824,8.942801e-04
5825,8.932029e-04
5826,8.921270e-04
5827,8.910524e-04
5828,8.899791e-04
5829,8.889070e-04
5830,8.878363e-04
5831,8.867669e-04
5832,8.856987e-04
5833,8.846319e-04
5834,8.835663e-04
5835,8.825020e-04
5836,8.814390e-04
5837,8.803772e-04
5838,8.793168e-04
5839,8.782576e-04
5840,8.771997e-04
5841,8.761431e-04
5842,8.750877e-04
5843,8.740337e-04
5844,8.729808e-04
5845,8.719293e-04
5846,8.708790e-04
5847,8.698300e-04
5848,8.687823e-04
5849,8.677358e-04
5850,8.666905e-04
5851,8.656466e-04
5852,8.646039e-04
5853,8.635624e-04
5854,8.625222e-04
5855,8.614833e-04
5856,8.604456e-04
5857,8.594091e-04
5858,8.583739e-04
5859,8.573400e-04
5860,8.563073e-04
5861,8.552758e-04
5862,8.542456e-04
5863,8.532166e-04
5864,8.521889e-04
5865,8.511624e-04
5866,8.501371e-04
5867,8.491131e-04
5868,8.480903e-04
5869,8.470688e-04
5870,8.460484e-04
5871,8.450293e-04
5872,8.440114e-04
5873,8.429948e-04
5874,8.419794e-04
5875,8.409652e-04
5876,8.399522e-04
5877,8.389404e-04
5878,8.379299e-04
5879,8.369206e-04
5880,8.359125e-04
5881,8.349056e-04
5882,8.338999e-04
5883,8.328954e-04
5884,8.318922e-04
5885,8.308901e-04
5886,8.298893e-04
5887,8.288896e-04
5888,8.278912e-04
5889,8.268940e-04
5890,8.258979e-04
5891,8.249031e-04
5892,8.239095e-04
5893,8.229170e-04
5894,8.219258e-04
5895,8.209357e-04
5896,8.199469e-04
5897,8.189592e-04
5898,8.179728e-04
5899,8.169875e-04
5900,8.160034e-04
5901,8.150205e-04
5902,8.140387e-04
5903,8.130582e-04
5904,8.120788e-04
5905,8.111006e-04
5906,8.101236e-04
5907,8.091478e-04
5908,8.081732e-04
5909,8.071997e-04
5910,8.062274e-04
5911,8.052562e-04
5912,8.042863e-04
5913,8.033175e-04
5914,8.023498e-04
5915,8.013834e-04
5916,8.004181e-04
5917,7.994539e-04
5918,7.984910e-04
5919,7.975291e-04
5920,7.965685e-04
5921,7.956090e-04
5922,7.946506e-04
5923,7.936934e-04
5924,7.927374e-04
5925,7.917825e-04
5926,7.908288e-04
5927,7.898762e-04
5928,7.889247e-04
5929,7.879745e-04
5930,7.870253e-04
5931,7.860773e-04
5932,7.851304e-04
5933,7.841847e-04
5934,7.832401e-04
5935,7.822967e-04
5936,7.813544e-04
5937,7.804132e-04
5938,7.794732e-04
5939,7.785342e-04
5940,7.775965e-04
5941,7.766598e-04
5942,7.757243e-04
5943,7.747899e-04
5944,7.738566e-04
5945,7.729245e-04
5946,7.719935e-04
5947,7.710636e-04
5948,7.701348e-04
5949,7.692071e-04
5950,7.682806e-04
5951,7.673552e-04
5952,7.664308e-04
5953,7.655076e-04
5954,7.645856e-04
5955,7.636646e-04
5956,7.627447e-04
5957,7.618259e-04
5958,7.609083e-04
5959,7.599917e-04
5960,7.590763e-04
5961,7.581620e-04
5962,7.572487e-04
5963,7.563366e-04
5964,7.554255e-04
5965,7.545156e-04
5966,7.536068e-04
5967,7.526990e-04
5968,7.517923e-04
5969,7.508868e-04
5970,7.499823e-04
5971,7.490789e-04
5972,7.481766e-04
5973,7.472754e-04
5974,7.463753e-04
5975,7.454762e-04
5976,7.445783e-04
5977,7.436814e-04
5978,7.427856e-04
5979,7.418909e-04
5980,7.409972e-04
5981,7.401047e-04
5982,7.392132e-04
5983,7.383228e-04
5984,7.374334e-04
5985,7.365452e-04
5986,7.356580e-04
5987,7.347718e-04
5988,7.338868e-04
5989,7.330028e-04
5990,7.321198e-04
5991,7.312380e-04
5992,7.303572e-04
5993,7.294774e-04
5994,7.285987e-04
5995,7.277211e-04
5996,7.268445e-04
5997,7.259690e-04
5998,7.250945e-04
5999,7.242211e-04
6000,7.233488e-04
6001,7.224775e-04
6002,7.216072e-04
6003,7.207380e-04
6004,7.198699e-04
6005,7.190027e-04
6006,7.181367e-04
6007,7.172716e-04
6008,7.164077e-04
6009,7.155447e-04
6010,7.146828e-04
6011,7.138219e-04
6012,7.129621e-04
6013,7.121033e-04
6014,7.112456e-04
6015,7.103888e-04
6016,7.095331e-04
6017,7.086785e-04
6018,7.078248e-04
6019,7.069722e-04
6020,7.061207e-04
6021,7.052701e-04
6022,7.044206e-04
6023,7.035721e-04
6024,7.027246e-04
6025,7.018781e-04
6026,7.010327e-04
6027,7.001883e-04
6028,6.993448e-04
6029,6.985025e-04
6030,6.976611e-04
6031,6.968207e-04
6032,6.959814e-04
6033,6.951430e-04
6034,6.943057e-04
6035,6.934694e-04
6036,6.926341e-04
6037,6.917997e-04
6038,6.909664e-04
6039,6.901341e-04
6040,6.893028e-04
6041,6.884726e-04
6042,6.876433e-04
6043,6.868150e-04
6044,6.859877e-04
6045,6.851614e-04
6046,6.843361e-04
6047,6.835117e-04
6048,6.826884e-04
6049,6.818661e-04
6050,6.810448e-04
6051,6.802244e-04
6052,6.794050e-04
6053,6.785867e-04
6054,6.777693e-04
6055,6.769529e-04
6056,6.761375e-04
6057,6.753230e-04
6058,6.745096e-04
6059,6.736971e-04
6060,6.728856e-04
6061,6.720751e-04
6062,6.712655e-04
6063,6.704570e-04
6064,6.696494e-04
6065,6.688427e-04
6066,6.680371e-04
6067,6.672324e-04
6068,6.664287e-04
6069,6.656260e-04
6070,6.648242e-04
6071,6.640234e-04
6072,6.632235e-04
6073,6.624246e-04
6074,6.616267e-04
6075,6.608298e-04
6076,6.600338e-04
6077,6.592387e-04
6078,6.584447e-04
6079,6.576515e-04
6080,6.568594e-04
6081,6.560681e-04
6082,6.552779e-04
6083,6.544886e-04
6084,6.537002e-04
6085,6.529128e-04
6086,6.521263e-04
6087,6.513408e-04
6088,6.505563e-04
6089,6.497726e-04
6090,6.489899e-04
6091,6.482082e-04
6092,6.474274e-04
6093,6.466476e-04
6094,6.458686e-04
6095,6.450907e-04
6096,6.443136e-04
6097,6.435375e-04
6098,6.427624e-04
6099,6.419881e-04
6100,6.412148e-04
6101,6.404424e-04
6102,6.396710e-04
6103,6.389005e-04
6104,6.381309e-04
6105,6.373623e-04
6106,6.365945e-04
6107,6.358277e-04
6108,6.350618e-04
6109,6.342969e-04
6110,6.335328e-04
6111,6.327697e-04
6112,6.320075e-04
6113,6.312462e-04
6114,6.304859e-04
6115,6.297264e-04
6116,6.289679e-04
6117,6.282103e-04
6118,6.274536e-04
6119,6.266978e-04
6120,6.259429e-04
6121,6.251889e-04
6122,6.244358e-04
6123,6.236837e-04
6124,6.229324e-04
6125,6.221821e-04
6126,6.214326e-04
6127,6.206841e-04
6128,6.199365e-04
6129,6.191897e-04
6130,6.184439e-04
6131,6.176989e-04
6132,6.169549e-04
6133,6.162117e-04
6134,6.154695e-04
6135,6.147281e-04
6136,6.139877e-04
6137,6.132481e-04
6138,6.125094e-04
6139,6.117716e-04
6140,6.110347e-04
6141,6.102987e-04
6142,6.095635e-04
6143,6.088293e-04
6144,6.080959e-04
6145,6.073635e-04
6146,6.066319e-04
6147,6.059011e-04
6148,6.051713e-04
6149,6.044424e-04
6150,6.037143e-04
6151,6.029871e-04
6152,6.022608e-04
6153,6.015353e-04
6154,6.008107e-04
6155,6.000870e-04
6156,5.993642e-04
6157,5.986422e-04
6158,5.979211e-04
6159,5.972009e-04
6160,5.964816e-04
6161,5.957631e-04
6162,5.950455e-04
6163,5.943287e-04
6164,5.936128e-04
6165,5.928978e-04
6166,5.921836e-04
6167,5.914703e-04
6168,5.907578e-04
6169,5.900462e-04
6170,5.893355e-04
6171,5.886256e-04
6172,5.879166e-04
6173,5.872084e-04
6174,5.865011e-04
6175,5.857946e-04
6176,5.850890e-04
6177,5.843843e-04
6178,5.836803e-04
6179,5.829773e-04
6180,5.822751e-04
6181,5.815737e-04
6182,5.808731e-04
6183,5.801735e-04
6184,5.794746e-04
6185,5.787766e-04
6186,5.780795e-04
6187,5.773831e-04
6188,5.766876e-04
6189,5.759930e-04
6190,5.752992e-04
6191,5.746062e-04
6192,5.739141e-04
6193,5.732228e-04
6194,5.725323e-04
6195,5.718427e-04
6196,5.711539e-04
6197,5.704659e-04
6198,5.697787e-04
6199,5.690924e-04
6200,5.684069e-04
6201,5.677222e-04
6202,5.670384e-04
6203,5.663554e-04
6204,5.656732e-04
6205,5.649918e-04
6206,5.643112e-04
6207,5.636315e-04
6208,5.629526e-04
6209,5.622745e-04
6210,5.615972e-04
6211,5.609207e-04
6212,5.602451e-04
6213,5.595702e-04
6214,5.588962e-04
6215,5.582230e-04
6216,5.575506e-04
6217,5.568790e-04
6218,5.562082e-04
6219,5.555382e-04
6220,5.548691e-04
6221,5.542007e-04
6222,5.535331e-04
6223,5.528664e-04
6224,5.522004e-04
6225,5.515353e-04
6226,5.508709e-04
6227,5.502074e-04
6228,5.495446e-04
6229,5.488827e-04
6230,5.482215e-04
6231,5.475612e-04
6232,5.469016e-04
6233,5.462428e-04
6234,5.455849e-04
6235,5.449277e-04
6236,5.442713e-04
6237,5.436157e-04
6238,5.429609e-04
6239,5.423069e-04
6240,5.416536e-04
6241,5.410012e-04
6242,5.403495e-04
6243,5.396987e-04
6244,5.390486e-04
6245,5.383993e-04
6246,5.377507e-04
6247,5.371030e-04
6248,5.364560e-04
6249,5.358098e-04
6250,5.351644e-04
6251,5.345198e-04
6252,5.338760e-04
6253,5.332329e-04
6254,5.325906e-04
6255,5.319490e-04
6256,5.313083e-04
6257,5.306683e-04
6258,5.300291e-04
6259,5.293906e-04
6260,5.287530e-04
6261,5.281161e-04
6262,5.274799e-04
6263,5.268446e-04
6264,5.262099e-04
6265,5.255761e-04
6266,5.249430e-04
6267,5.243107e-04
6268,5.236792e-04
6269,5.230484e-04
6270,5.224183e-04
6271,5.217890e-04
6272,5.211605e-04
6273,5.205328e-04
6274,5.199058e-04
6275,5.192795e-04
6276,5.186540e-04
6277,5.180293e-04
6278,5.174053e-04
6279,5.167821e-04
6280,5.161596e-04
6281,5.155378e-04
6282,5.149168e-04
6283,5.142966e-04
6284,5.136771e-04
6285,5.130584e-04
6286,5.124404e-04
6287,5.118231e-04
6288,5.112066e-04
6289,5.105908e-04
6290,5.099758e-04
6291,5.093615e-04
6292,5.087480e-04
6293,5.081351e-04
6294,5.075231e-04
6295,5.069117e-04
6296,5.063011e-04
6297,5.056913e-04
6298,5.050822e-04
6299,5.044738e-04
6300,5.038661e-04
6301,5.032592e-04
6302,5.026530e-04
6303,5.020475e-04
6304,5.014428e-04
6305,5.008388e-04
6306,5.002355e-04
6307,4.996329e-04
6308,4.990311e-04
6309,4.984300e-04
6310,4.978296e-04
6311,4.972299e-04
6312,4.966310e-04
6313,4.960328e-04
6314,4.954353e-04
6315,4.948385e-04
6316,4.942425e-04
6317,4.936471e-04
6318,4.930525e-04
6319,4.924586e-04
6320,4.918654e-04
6321,4.912730e-04
6322,4.906812e-04
6323,4.900902e-04
6324,4.894998e-04
6325,4.889102e-04
6326,4.883213e-04
6327,4.877331e-04
6328,4.871456e-04
6329,4.865588e-04
6330,4.859727e-04
6331,4.853873e-04
6332,4.848027e-04
6333,4.842187e-04
6334,4.836354e-04
6335,4.830529e-04
6336,4.824710e-04
6337,4.818899e-04
6338,4.813094e-04
6339,4.807296e-04
6340,4.801506e-04
6341,4.795722e-04
6342,4.789946e-04
6343,4.784176e-04
6344,4.778413e-04
6345,4.772657e-04
6346,4.766908e-04
6347,4.761166e-04
6348,4.755431e-04
6349,4.749703e-04
6350,4.743982e-04
6351,4.738268e-04
6352,4.732560e-04
6353,4.726860e-04
6354,4.721166e-04
6355,4.715479e-04
6356,4.709799e-04
6357,4.704126e-04
6358,4.698460e-04
6359,4.692800e-04
6360,4.687147e-04
6361,4.681502e-04
6362,4.675863e-04
6363,4.670230e-04
6364,4.664605e-04
6365,4.658986e-04
6366,4.653374e-04
6367,4.647769e-04
6368,4.642170e-04
6369,4.636579e-04
6370,4.630994e-04
6371,4.625416e-04
6372,4.619844e-04
6373,4.614279e-04
6374,4.608721e-04
6375,4.603170e-04
6376,4.597625e-04
6377,4.592087e-04
6378,4.586556e-04
6379,4.581031e-04
6380,4.575513e-04
6381,4.570001e-04
6382,4.564497e-04
6383,4.558999e-04
6384,4.553507e-04
6385,4.548022e-04
6386,4.542544e-04
6387,4.537072e-04
6388,4.531607e-04
6389,4.526149e-04
6390,4.520697e-04
6391,4.515251e-04
6392,4.509812e-04
6393,4.504380e-04
6394,4.498954e-04
6395,4.493535e-04
6396,4.488123e-04
6397,4.482716e-04
6398,4.477317e-04
6399,4.471924e-04
6400,4.466537e-04
6401,4.461157e-04
6402,4.455783e-04
6403,4.450416e-04
6404,4.445055e-04
6405,4.439701e-04
6406,4.434353e-04
6407,4.429012e-04
6408,4.423677e-04
6409,4.418348e-04
6410,4.413026e-04
6411,4.407711e-04
6412,4.402401e-04
6413,4.397098e-04
6414,4.391802e-04
6415,4.386512e-04
6416,4.381228e-04
6417,4.375951e-04
6418,4.370680e-04
6419,4.365415e-04
6420,4.360157e-04
6421,4.354905e-04
6422,4.349659e-04
6423,4.344420e-04
6424,4.339187e-04
6425,4.333960e-04
6426,4.328739e-04
6427,4.323525e-04
6428,4.318317e-04
6429,4.313116e-04
6430,4.307920e-04
6431,4.302731e-04
6432,4.297549e-04
6433,4.292372e-04
6434,4.287202e-04
6435,4.282037e-04
6436,4.276880e-04
6437,4.271728e-04
6438,4.266582e-04
6439,4.261443e-04
6440,4.256310e-04
6441,4.251183e-04
6442,4.246062e-04
6443,4.240948e-04
6444,4.235839e-04
6445,4.230737e-04
6446,4.225641e-04
6447,4.220551e-04
6448,4.215467e-04
6449,4.210390e-04
6450,4.205318e-04
6451,4.200252e-04
6452,4.195193e-04
6453,4.190140e-04
6454,4.185093e-04
6455,4.180051e-04
6456,4.175016e-04
6457,4.169987e-04
6458,4.164964e-04
6459,4.159948e-04
6460,4.154937e-04
6461,4.149932e-04
6462,4.144933e-04
6463,4.139940e-04
6464,4.134954e-04
6465,4.129973e-04
6466,4.124998e-04
6467,4.120029e-04
6468,4.115067e-04
6469,4.110110e-04
6470,4.105159e-04
6471,4.100214e-04
6472,4.095275e-04
6473,4.090342e-04
6474,4.085415e-04
6475,4.080494e-04
6476,4.075579e-04
6477,4.070670e-04
6478,4.065767e-04
6479,4.060869e-04
6480,4.055978e-04
6481,4.051092e-04
6482,4.046213e-04
6483,4.041339e-04
6484,4.036471e-04
6485,4.031609e-04
6486,4.026752e-04
6487,4.021902e-04
6488,4.017057e-04
6489,4.012219e-04
6490,4.007386e-04
6491,4.002559e-04
6492,3.997737e-04
6493,3.992922e-04
6494,3.988112e-04
6495,3.983309e-04
6496,3.978510e-04
6497,3.973718e-04
6498,3.968932e-04
6499,3.964151e-04
6500,3.959376e-04
6501,3.954607e-04
6502,3.949843e-04
6503,3.945085e-04
6504,3.940333e-04
6505,3.935587e-04
6506,3.930846e-04
6507,3.926112e-04
6508,3.921382e-04
6509,3.916659e-04
6510,3.911941e-04
6511,3.907229e-04
6512,3.902523e-04
6513,3.897822e-04
6514,3.893127e-04
6515,3.888437e-04
6516,3.883754e-04
6517,3.879075e-04
6518,3.874403e-04
6519,3.869736e-04
6520,3.865075e-04
6521,3.860419e-04
6522,3.855769e-04
6523,3.851125e-04
6524,3.846486e-04
6525,3.841852e-04
6526,3.837225e-04
6527,3.832603e-04
6528,3.827986e-04
6529,3.823375e-04
6530,3.818770e-04
6531,3.814170e-04
6532,3.809576e-04
6533,3.804987e-04
6534,3.800403e-04
6535,3.795826e-04
6536,3.791253e-04
6537,3.786687e-04
6538,3.782125e-04
6539,3.777570e-04
6540,3.773020e-04
6541,3.768475e-04
6542,3.763935e-04
6543,3.759402e-04
6544,3.754873e-04
6545,3.750350e-04
6546,3.745833e-04
6547,3.741321e-04
6548,3.736814e-04
6549,3.732313e-04
6550,3.727817e-04
6551,3.723327e-04
6552,3.718842e-04
6553,3.714363e-04
6554,3.709889e-04
6555,3.705420e-04
6556,3.700956e-04
6557,3.696499e-04
6558,3.692046e-04
6559,3.687599e-04
6560,3.683157e-04
6561,3.678720e-04
6562,3.674289e-04
6563,3.669863e-04
6564,3.665443e-04
6565,3.661028e-04
6566,3.656618e-04
6567,3.652213e-04
6568,3.647814e-04
6569,3.643420e-04
6570,3.639031e-04
6571,3.634648e-04
6572,3.630270e-04
6573,3.625897e-04
6574,3.621529e-04
6575,3.617167e-04
6576,3.612810e-04
6577,3.608458e-04
6578,3.604112e-04
6579,3.599770e-04
6580,3.595434e-04
6581,3.591104e-04
6582,3.586778e-04
6583,3.582457e-04
6584,3.578142e-04
6585,3.573832e-04
6586,3.569527e-04
6587,3.565228e-04
6588,3.560933e-04
6589,3.556644e-04
6590,3.552360e-04
6591,3.548081e-04
6592,3.543807e-04
6593,3.539538e-04
6594,3.535275e-04
6595,3.531016e-04
6596,3.526763e-04
6597,3.522515e-04
6598,3.518272e-04
6599,3.514034e-04
6600,3.509801e-04
6601,3.505574e-04
6602,3.501351e-04
6603,3.497133e-04
6604,3.492921e-04
6605,3.488714e-04
6606,3.484511e-04
6607,3.480314e-04
6608,3.476122e-04
6609,3.471935e-04
6610,3.467753e-04
6611,3.463576e-04
6612,3.459404e-04
6613,3.455237e-04
6614,3.451075e-04
6615,3.446918e-04
6616,3.442766e-04
6617,3.438619e-04
6618,3.434477e-04
6619,3.430340e-04
6620,3.426208e-04
6621,3.422081e-04
6622,3.417959e-04
6623,3.413842e-04
6624,3.409729e-04
6625,3.405622e-04
6626,3.401520e-04
6627,3.397423e-04
6628,3.393330e-04
6629,3.389243e-04
6630,3.385161e-04
6631,3.381083e-04
6632,3.377010e-04
6633,3.372943e-04
6634,3.368880e-04
6635,3.364822e-04
6636,3.360769e-04
6637,3.356720e-04
6638,3.352677e-04
6639,3.348639e-04
6640,3.344605e-04
6641,3.340576e-04
6642,3.336553e-04
6643,3.332533e-04
6644,3.328519e-04
6645,3.324510e-04
6646,3.320505e-04
6647,3.316506e-04
6648,3.312511e-04
6649,3.308521e-04
6650,3.304536e-04
6651,3.300555e-04
6652,3.296579e-04
6653,3.292609e-04
6654,3.288642e-04
6655,3.284681e-04
6656,3.280725e-04
6657,3.276773e-04
6658,3.272826e-04
6659,3.268884e-04
6660,3.264946e-04
6661,3.261013e-04
6662,3.257085e-04
6663,3.253162e-04
6664,3.249243e-04
6665,3.245329e-04
6666,3.241420e-04
6667,3.237516e-04
6668,3.233616e-04
6669,3.229721e-04
6670,3.225831e-04
6671,3.221945e-04
6672,3.218064e-04
6673,3.214188e-04
6674,3.210316e-04
6675,3.206449e-04
6676,3.202587e-04
6677,3.198729e-04
6678,3.194876e-04
6679,3.191028e-04
6680,3.187184e-04
6681,3.183345e-04
6682,3.179511e-04
6683,3.175681e-04
6684,3.171856e-04
6685,3.168035e-04
6686,3.164219e-04
6687,3.160407e-04
6688,3.156601e-04
6689,3.152798e-04
6690,3.149001e-04
6691,3.145208e-04
6692,3.141419e-04
6693,3.137635e-04
6694,3.133856e-04
6695,3.130081e-04
6696,3.126310e-04
6697,3.122545e-04
6698,3.118783e-04
6699,3.115027e-04
6700,3.111274e-04
6701,3.107527e-04
6702,3.103784e-04
6703,3.100045e-04
6704,3.096311e-04
6705,3.092581e-04
6706,3.088856e-04
6707,3.085135e-04
6708,3.081419e-04
6709,3.077708e-04
6710,3.074000e-04
6711,3.070298e-04
6712,3.066599e-04
6713,3.062905e-04
6714,3.059216e-04
6715,3.055531e-04
6716,3.051850e-04
6717,3.048174e-04
6718,3.044503e-04
6719,3.040835e-04
6720,3.037173e-04
6721,3.033514e-04
6722,3.029860e-04
6723,3.026211e-04
6724,3.022565e-04
6725,3.018925e-04
6726,3.015288e-04
6727,3.011656e-04
6728,3.008029e-04
6729,3.004405e-04
6730,3.000786e-04
6731,2.997172e-04
6732,2.993561e-04
6733,2.989956e-04
6734,2.986354e-04
6735,2.982757e-04
6736,2.979164e-04
6737,2.975575e-04
6738,2.971991e-04
6739,2.968411e-04
6740,2.964836e-04
6741,2.961265e-04
6742,2.957698e-04
6743,2.954135e-04
6744,2.950576e-04
6745,2.947022e-04
6746,2.943473e-04
6747,2.939927e-04
6748,2.936386e-04
6749,2.932849e-04
6750,2.929316e-04
6751,2.925788e-04
6752,2.922263e-04
6753,2.918743e-04
6754,2.915228e-04
6755,2.911716e-04
6756,2.908209e-04
6757,2.904706e-04
6758,2.901207e-04
6759,2.897712e-04
6760,2.894222e-04
6761,2.890736e-04
6762,2.887254e-04
6763,2.883776e-04
6764,2.880302e-04
6765,2.876833e-04
6766,2.873367e-04
6767,2.869906e-04
6768,2.866449e-04
6769,2.862997e-04
6770,2.859548e-04
6771,2.856103e-04
6772,2.852663e-04
6773,2.849227e-04
6774,2.845795e-04
6775,2.842367e-04
6776,2.838943e-04
6777,2.835524e-04
6778,2.832108e-04
6779,2.828697e-04
6780,2.825290e-04
6781,2.821886e-04
6782,2.818487e-04
6783,2.815092e-04
6784,2.811701e-04
6785,2.808315e-04
6786,2.804932e-04
6787,2.801553e-04
6788,2.798179e-04
6789,2.794808e-04
6790,2.791442e-04
6791,2.788079e-04
6792,2.784721e-04
6793,2.781366e-04
6794,2.778016e-04
6795,2.774670e-04
6796,2.771328e-04
6797,2.767990e-04
6798,2.764655e-04
6799,2.761325e-04
6800,2.757999e-04
6801,2.754677e-04
6802,2.751359e-04
6803,2.748045e-04
6804,2.744735e-04
6805,2.741428e-04
6806,2.738126e-04
6807,2.734828e-04
6808,2.731534e-04
6809,2.728244e-04
6810,2.724957e-04
6811,2.721675e-04
6812,2.718397e-04
6813,2.715122e-04
6814,2.711852e-04
6815,2.708585e-04
6816,2.705323e-04
6817,2.702064e-04
6818,2.698809e-04
6819,2.695558e-04
6820,2.692311e-04
6821,2.689068e-04
6822,2.685829e-04
6823,2.682594e-04
6824,2.679363e-04
6825,2.676135e-04
6826,2.672912e-04
6827,2.669692e-04
6828,2.666476e-04
6829,2.663265e-04
6830,2.660056e-04
6831,2.656852e-04
6832,2.653652e-04
6833,2.650456e-04
6834,2.647263e-04
6835,2.644074e-04
6836,2.640889e-04
6837,2.637708e-04
6838,2.634531e-04
6839,2.631358e-04
6840,2.628188e-04
6841,2.625022e-04
6842,2.621860e-04
6843,2.618702e-04
6844,2.615548e-04
6845,2.612397e-04
6846,2.609251e-04
6847,2.606108e-04
6848,2.602968e-04
6849,2.599833e-04
6850,2.596701e-04
6851,2.593574e-04
6852,2.590450e-04
6853,2.587329e-04
6854,2.584213e-04
6855,2.581100e-04
6856,2.577991e-04
6857,2.574886e-04
6858,2.571784e-04
6859,2.568686e-04
6860,2.565592e-04
6861,2.562502e-04
6862,2.559415e-04
6863,2.556332e-04
6864,2.553253e-04
6865,2.550177e-04
6866,2.547106e-04
6867,2.544037e-04
6868,2.540973e-04
6869,2.537912e-04
6870,2.534855e-04
6871,2.531802e-04
6872,2.528752e-04
6873,2.525706e-04
6874,2.522664e-04
6875,2.519625e-04
6876,2.516590e-04
6877,2.513559e-04
6878,2.510531e-04
6879,2.507507e-04
6880,2.504487e-04
6881,2.501470e-04
6882,2.498457e-04
6883,2.495447e-04
6884,2.492442e-04
6885,2.489439e-04
6886,2.486441e-04
6887,2.483446e-04
6888,2.480454e-04
6889,2.477466e-04
6890,2.474482e-04
6891,2.471502e-04
6892,2.468525e-04
6893,2.465551e-04
6894,2.462581e-04
6895,2.459615e-04
6896,2.456652e-04
6897,2.453693e-04
6898,2.450738e-04
6899,2.447786e-04
6900,2.444837e-04
6901,2.441892e-04
6902,2.438951e-04
6903,2.436013e-04
6904,2.433079e-04
6905,2.430148e-04
6906,2.427221e-04
6907,2.424297e-04
6908,2.421377e-04
6909,2.418460e-04
6910,2.415547e-04
6911,2.412637e-04
6912,2.409731e-04
6913,2.406829e-04
6914,2.403930e-04
6915,2.401034e-04
6916,2.398142e-04
6917,2.395253e-04
6918,2.392368e-04
6919,2.389486e-04
6920,2.386608e-04
6921,2.383733e-04
6922,2.380862e-04
6923,2.377994e-04
6924,2.375130e-04
6925,2.372269e-04
6926,2.369411e-04
6927,2.366557e-04
6928,2.363706e-04
6929,2.360859e-04
6930,2.358015e-04
6931,2.355175e-04
6932,2.352338e-04
6933,2.349505e-04
6934,2.346675e-04
6935,2.343848e-04
6936,2.341025e-04
6937,2.338205e-04
6938,2.335388e-04
6939,2.332575e-04
6940,2.329766e-04
6941,2.326959e-04
6942,2.324156e-04
6943,2.321357e-04
6944,2.318561e-04
6945,2.315768e-04
6946,2.312978e-04
6947,2.310192e-04
6948,2.307410e-04
6949,2.304630e-04
6950,2.301854e-04
6951,2.299082e-04
6952,2.296312e-04
6953,2.293546e-04
6954,2.290784e-04
6955,2.288024e-04
6956,2.285268e-04
6957,2.282515e-04
6958,2.279766e-04
6959,2.277020e-04
6960,2.274277e-04
6961,2.271538e-04
6962,2.268802e-04
6963,2.266069e-04
6964,2.263339e-04
6965,2.260613e-04
6966,2.257890e-04
6967,2.255170e-04
6968,2.252454e-04
6969,2.249740e-04
6970,2.247031e-04
6971,2.244324e-04
6972,2.241621e-04
6973,2.238920e-04
6974,2.236223e-04
6975,2.233530e-04
6976,2.230839e-04
6977,2.228152e-04
6978,2.225468e-04
6979,2.222788e-04
6980,2.220110e-04
6981,2.217436e-04
6982,2.214765e-04
6983,2.212097e-04
6984,2.209433e-04
6985,2.206771e-04
6986,2.204113e-04
6987,2.201458e-04
6988,2.198807e-04
6989,2.196158e-04
6990,2.193513e-04
6991,2.190870e-04
6992,2.188231e-04
6993,2.185596e-04
6994,2.182963e-04
6995,2.180333e-04
6996,2.177707e-04
6997,2.175084e-04
6998,2.172464e-04
6999,2.169847e-04
7000,2.167234e-04
7001,2.164623e-04
7002,2.162016e-04
7003,2.159411e-04
7004,2.156810e-04
7005,2.154212e-04
7006,2.151617e-04
7007,2.149026e-04
7008,2.146437e-04
7009,2.143852e-04
7010,2.141269e-04
7011,2.138690e-04
7012,2.136114e-04
7013,2.133541e-04
7014,2.130971e-04
7015,2.128404e-04
7016,2.125840e-04
7017,2.123280e-04
7018,2.120722e-04
7019,2.118168e-04
7020,2.115616e-04
7021,2.113068e-04
7022,2.110523e-04
7023,2.107980e-04
7024,2.105441e-04
7025,2.102905e-04
7026,2.100372e-04
7027,2.097842e-04
7028,2.095315e-04
7029,2.092791e-04
7030,2.090270e-04
7031,2.087752e-04
7032,2.085238e-04
7033,2.082726e-04
7034,2.080217e-04
7035,2.077711e-04
7036,2.075209e-04
7037,2.072709e-04
7038,2.070212e-04
7039,2.067719e-04
7040,2.065228e-04
7041,2.062740e-04
7042,2.060256e-04
7043,2.057774e-04
7044,2.055295e-04
7045,2.052820e-04
7046,2.050347e-04
7047,2.047877e-04
7048,2.045411e-04
7049,2.042947e-04
7050,2.040486e-04
7051,2.038028e-04
7052,2.035573e-04
7053,2.033121e-04
7054,2.030672e-04
7055,2.028226e-04
7056,2.025783e-04
7057,2.023343e-04
7058,2.020906e-04
7059,2.018472e-04
7060,2.016040e-04
7061,2.013612e-04
7062,2.011186e-04
7063,2.008764e-04
7064,2.006344e-04
7065,2.003927e-04
7066,2.001514e-04
7067,1.999103e-04
7068,1.996695e-04
7069,1.994290e-04
7070,1.991887e-04
7071,1.989488e-04
7072,1.987092e-04
7073,1.984698e-04
7074,1.982307e-04
7075,1.979920e-04
7076,1.977535e-04
7077,1.975153e-04
7078,1.972774e-04
7079,1.970397e-04
7080,1.968024e-04
7081,1.965653e-04
7082,1.963286e-04
7083,1.960921e-04
7084,1.958559e-04
7085,1.956199e-04
7086,1.953843e-04
7087,1.951490e-04
7088,1.949139e-04
7089,1.946791e-04
7090,1.944446e-04
7091,1.942104e-04
7092,1.939765e-04
7093,1.937428e-04
7094,1.935094e-04
7095,1.932764e-04
7096,1.930435e-04
7097,1.928110e-04
7098,1.925788e-04
7099,1.923468e-04
7100,1.921151e-04
7101,1.918837e-04
7102,1.916526e-04
7103,1.914217e-04
7104,1.911911e-04
7105,1.909608e-04
7106,1.907308e-04
7107,1.905011e-04
7108,1.902716e-04
7109,1.900424e-04
7110,1.898135e-04
7111,1.895849e-04
7112,1.893565e-04
7113,1.891284e-04
7114,1.889006e-04
7115,1.886731e-04
7116,1.884458e-04
7117,1.882188e-04
7118,1.879921e-04
7119,1.877656e-04
7120,1.875395e-04
7121,1.873136e-04
7122,1.870879e-04
7123,1.868626e-04
7124,1.866375e-04
7125,1.864127e-04
7126,1.861881e-04
7127,1.859639e-04
7128,1.857399e-04
7129,1.855161e-04
7130,1.852927e-04
7131,1.850695e-04
7132,1.848466e-04
7133,1.846239e-04
7134,1.844015e-04
7135,1.841794e-04
7136,1.839575e-04
7137,1.837360e-04
7138,1.835146e-04
7139,1.832936e-04
7140,1.830728e-04
7141,1.828523e-04
7142,1.826320e-04
7143,1.824120e-04
7144,1.821923e-04
7145,1.819729e-04
7146,1.817537e-04
7147,1.815347e-04
7148,1.813161e-04
7149,1.810977e-04
7150,1.808795e-04
7151,1.806616e-04
7152,1.804440e-04
7153,1.802267e-04
7154,1.800096e-04
7155,1.797928e-04
7156,1.795762e-04
7157,1.793599e-04
7158,1.791438e-04
7159,1.789280e-04
7160,1.787125e-04
7161,1.784973e-04
7162,1.782822e-04
7163,1.780675e-04
7164,1.778530e-04
7165,1.776388e-04
7166,1.774248e-04
7167,1.772111e-04
7168,1.769976e-04
7169,1.767844e-04
7170,1.765715e-04
7171,1.763588e-04
7172,1.761464e-04
7173,1.759342e-04
7174,1.757223e-04
7175,1.755106e-04
7176,1.752992e-04
7177,1.750880e-04
7178,1.748771e-04
7179,1.746665e-04
7180,1.744561e-04
7181,1.742460e-04
7182,1.740361e-04
7183,1.738264e-04
7184,1.736171e-04
7185,1.734079e-04
7186,1.731990e-04
7187,1.729904e-04
7188,1.727820e-04
7189,1.725739e-04
7190,1.723660e-04
7191,1.721584e-04
7192,1.719511e-04
7193,1.717439e-04
7194,1.715371e-04
7195,1.713304e-04
7196,1.711241e-04
7197,1.709179e-04
7198,1.707121e-04
7199,1.705064e-04
7200,1.703010e-04
7201,1.700959e-04
7202,1.698910e-04
7203,1.696864e-04
7204,1.694820e-04
7205,1.692778e-04
7206,1.690739e-04
7207,1.688703e-04
7208,1.686669e-04
7209,1.684637e-04
7210,1.682608e-04
7211,1.680581e-04
7212,1.678557e-04
7213,1.676535e-04
7214,1.674515e-04
7215,1.672498e-04
7216,1.670484e-04
7217,1.668471e-04
7218,1.666462e-04
7219,1.664454e-04
7220,1.662450e-04
7221,1.660447e-04
7222,1.658447e-04
7223,1.656449e-04
7224,1.654454e-04
7225,1.652461e-04
7226,1.650471e-04
7227,1.648483e-04
7228,1.646497e-04
7229,1.644514e-04
7230,1.642533e-04
7231,1.640554e-04
7232,1.638578e-04
7233,1.636604e-04
7234,1.634633e-04
7235,1.632664e-04
7236,1.630697e-04
7237,1.628733e-04
7238,1.626771e-04
7239,1.624812e-04
7240,1.622855e-04
7241,1.620900e-04
7242,1.618947e-04
7243,1.616997e-04
7244,1.615050e-04
7245,1.613104e-04
7246,1.611161e-04
7247,1.609220e-04
7248,1.607282e-04
7249,1.605346e-04
7250,1.603412e-04
7251,1.601481e-04
7252,1.599552e-04
7253,1.597625e-04
7254,1.595701e-04
7255,1.593779e-04
7256,1.591859e-04
7257,1.589941e-04
7258,1.588026e-04
7259,1.586113e-04
7260,1.584203e-04
7261,1.582295e-04
7262,1.580389e-04
7263,1.578485e-04
7264,1.576584e-04
7265,1.574685e-04
7266,1.572788e-04
7267,1.570893e-04
7268,1.569001e-04
7269,1.567111e-04
7270,1.565224e-04
7271,1.563338e-04
7272,1.561455e-04
7273,1.559574e-04
7274,1.557696e-04
7275,1.555819e-04
7276,1.553945e-04
7277,1.552073e-04
7278,1.550204e-04
7279,1.548337e-04
7280,1.546472e-04
7281,1.544609e-04
7282,1.542748e-04
7283,1.540890e-04
7284,1.539034e-04
7285,1.537180e-04
7286,1.535328e-04
7287,1.533479e-04
7288,1.531632e-04
7289,1.529787e-04
7290,1.527944e-04
7291,1.526104e-04
7292,1.524266e-04
7293,1.522430e-04
7294,1.520596e-04
7295,1.518764e-04
7296,1.516935e-04
7297,1.515107e-04
7298,1.513282e-04
7299,1.511460e-04
7300,1.509639e-04
7301,1.507821e-04
7302,1.506004e-04
7303,1.504190e-04
7304,1.502378e-04
7305,1.500569e-04
7306,1.498761e-04
7307,1.496956e-04
7308,1.495153e-04
7309,1.493352e-04
7310,1.491553e-04
7311,1.489756e-04
7312,1.487962e-04
7313,1.486170e-04
7314,1.484379e-04
7315,1.482591e-04
7316,1.480806e-04
7317,1.479022e-04
7318,1.477240e-04
7319,1.475461e-04
7320,1.473684e-04
7321,1.471909e-04
7322,1.470136e-04
7323,1.468365e-04
7324,1.466596e-04
7325,1.464829e-04
7326,1.463065e-04
7327,1.461303e-04
7328,1.459542e-04
7329,1.457784e-04
7330,1.456028e-04
7331,1.454275e-04
7332,1.452523e-04
7333,1.450773e-04
7334,1.449026e-04
7335,1.447280e-04
7336,1.445537e-04
7337,1.443796e-04
7338,1.442057e-04
7339,1.440320e-04
7340,1.438585e-04
7341,1.436852e-04
7342,1.435121e-04
7343,1.433392e-04
7344,1.431666e-04
7345,1.429941e-04
7346,1.428219e-04
7347,1.426499e-04
7348,1.424780e-04
7349,1.423064e-04
7350,1.421350e-04
7351,1.419638e-04
7352,1.417928e-04
7353,1.416220e-04
7354,1.414514e-04
7355,1.412810e-04
7356,1.411108e-04
7357,1.409409e-04
7358,1.407711e-04
7359,1.406015e-04
7360,1.404322e-04
7361,1.402630e-04
7362,1.400941e-04
7363,1.399253e-04
7364,1.397568e-04
7365,1.395884e-04
7366,1.394203e-04
7367,1.392523e-04
7368,1.390846e-04
7369,1.389171e-04
7370,1.387497e-04
7371,1.385826e-04
7372,1.384157e-04
7373,1.382489e-04
7374,1.380824e-04
7375,1.379161e-04
7376,1.377500e-04
7377,1.375840e-04
7378,1.374183e-04
7379,1.372528e-04
7380,1.370875e-04
7381,1.369223e-04
7382,1.367574e-04
7383,1.365927e-04
7384,1.364281e-04
7385,1.362638e-04
7386,1.360997e-04
7387,1.359357e-04
7388,1.357720e-04
7389,1.356085e-04
7390,1.354451e-04
7391,1.352820e-04
7392,1.351190e-04
7393,1.349562e-04
7394,1.347937e-04
7395,1.346313e-04
7396,1.344692e-04
7397,1.343072e-04
7398,1.341454e-04
7399,1.339838e-04
7400,1.338224e-04
7401,1.336612e-04
7402,1.335002e-04
7403,1.333394e-04
7404,1.331788e-04
7405,1.330184e-04
7406,1.328582e-04
7407,1.326981e-04
7408,1.325383e-04
7409,1.323786e-04
7410,1.322192e-04
7411,1.320599e-04
7412,1.319008e-04
7413,1.317420e-04
7414,1.315833e-04
7415,1.314248e-04
7416,1.312665e-04
7417,1.311084e-04
7418,1.309504e-04
7419,1.307927e-04
7420,1.306352e-04
7421,1.304778e-04
7422,1.303206e-04
7423,1.301637e-04
7424,1.300069e-04
7425,1.298503e-04
7426,1.296939e-04
7427,1.295376e-04
7428,1.293816e-04
7429,1.292258e-04
7430,1.290701e-04
7431,1.289146e-04
7432,1.287593e-04
7433,1.286042e-04
7434,1.284493e-04
7435,1.282946e-04
7436,1.281401e-04
7437,1.279857e-04
7438,1.278316e-04
7439,1.276776e-04
7440,1.275238e-04
7441,1.273702e-04
7442,1.272168e-04
7443,1.270635e-04
7444,1.269105e-04
7445,1.267576e-04
7446,1.266049e-04
7447,1.264524e-04
7448,1.263001e-04
7449,1.261480e-04
7450,1.259960e-04
7451,1.258442e-04
7452,1.256927e-04
7453,1.255413e-04
7454,1.253900e-04
7455,1.252390e-04
7456,1.250881e-04
7457,1.249375e-04
7458,1.247870e-04
7459,1.246367e-04
7460,1.244865e-04
7461,1.243366e-04
7462,1.241868e-04
7463,1.240372e-04
7464,1.238878e-04
7465,1.237386e-04
7466,1.235895e-04
7467,1.234407e-04
7468,1.232920e-04
7469,1.231435e-04
7470,1.229951e-04
7471,1.228470e-04
7472,1.226990e-04
7473,1.225512e-04
7474,1.224036e-04
7475,1.222562e-04
7476,1.221089e-04
7477,1.219618e-04
7478,1.218149e-04
7479,1.216682e-04
7480,1.215216e-04
7481,1.213752e-04
7482,1.212290e-04
7483,1.210830e-04
7484,1.209372e-04
7485,1.207915e-04
7486,1.206460e-04
7487,1.205007e-04
7488,1.203555e-04
7489,1.202105e-04
7490,1.200657e-04
7491,1.199211e-04
7492,1.197767e-04
7493,1.196324e-04
7494,1.194883e-04
7495,1.193444e-04
7496,1.192006e-04
7497,1.190570e-04
7498,1.189136e-04
7499,1.187704e-04
7500,1.186273e-04
7501,1.184844e-04
7502,1.183417e-04
7503,1.181992e-04
7504,1.180568e-04
7505,1.179146e-04
7506,1.177725e-04
7507,1.176307e-04
7508,1.174890e-04
7509,1.173475e-04
7510,1.172061e-04
7511,1.170649e-04
7512,1.169239e-04
7513,1.167831e-04
7514,1.166424e-04
7515,1.165019e-04
7516,1.163616e-04
7517,1.162214e-04
7518,1.160814e-04
7519,1.159416e-04
7520,1.158019e-04
7521,1.156625e-04
7522,1.155231e-04
7523,1.153840e-04
7524,1.152450e-04
7525,1.151062e-04
7526,1.149675e-04
7527,1.148290e-04
7528,1.146907e-04
7529,1.145526e-04
7530,1.144146e-04
7531,1.142768e-04
7532,1.141391e-04
7533,1.140016e-04
7534,1.138643e-04
7535,1.137272e-04
7536,1.135902e-04
7537,1.134534e-04
7538,1.133167e-04
7539,1.131802e-04
7540,1.130439e-04
7541,1.129077e-04
7542,1.127717e-04
7543,1.126359e-04
7544,1.125002e-04
7545,1.123647e-04
7546,1.122293e-04
7547,1.120941e-04
7548,1.119591e-04
7549,1.118243e-04
7550,1.116896e-04
7551,1.115550e-04
7552,1.114207e-04
7553,1.112864e-04
7554,1.111524e-04
7555,1.110185e-04
7556,1.108848e-04
7557,1.107512e-04
7558,1.106178e-04
7559,1.104846e-04
7560,1.103515e-04
7561,1.102186e-04
7562,1.100858e-04
7563,1.099532e-04
7564,1.098207e-04
7565,1.096885e-04
7566,1.095563e-04
7567,1.094244e-04
7568,1.092926e-04
7569,1.091609e-04
7570,1.090294e-04
7571,1.088981e-04
7572,1.087669e-04
7573,1.086359e-04
7574,1.085051e-04
7575,1.083744e-04
7576,1.082438e-04
7577,1.081134e-04
7578,1.079832e-04
7579,1.078531e-04
7580,1.077232e-04
7581,1.075935e-04
7582,1.074639e-04
7583,1.073344e-04
7584,1.072051e-04
7585,1.070760e-04
7586,1.069470e-04
7587,1.068182e-04
7588,1.066895e-04
7589,1.065610e-04
7590,1.064327e-04
7591,1.063045e-04
7592,1.061764e-04
7593,1.060485e-04
7594,1.059208e-04
7595,1.057932e-04
7596,1.056658e-04
7597,1.055385e-04
7598,1.054113e-04
7599,1.052844e-04
7600,1.051576e-04
7601,1.050309e-04
7602,1.049044e-04
7603,1.047780e-04
7604,1.046518e-04
7605,1.045257e-04
7606,1.043998e-04
7607,1.042741e-04
7608,1.041485e-04
7609,1.040230e-04
7610,1.038977e-04
7611,1.037726e-04
7612,1.036476e-04
7613,1.035227e-04
7614,1.033980e-04
7615,1.032735e-04
7616,1.031491e-04
7617,1.030248e-04
7618,1.029007e-04
7619,1.027768e-04
7620,1.026530e-04
7621,1.025294e-04
7622,1.024058e-04
7623,1.022825e-04
7624,1.021593e-04
7625,1.020362e-04
7626,1.019133e-04
7627,1.017906e-04
7628,1.016680e-04
7629,1.015455e-04
7630,1.014232e-04
7631,1.013010e-04
7632,1.011790e-04
7633,1.010571e-04
7634,1.009354e-04
7635,1.008138e-04
7636,1.006924e-04
7637,1.005711e-04
7638,1.004499e-04
7639,1.003289e-04
7640,1.002081e-04
7641,1.000874e-04
7642,9.996683e-05
7643,9.984642e-05
7644,9.972615e-05
7645,9.960602e-05
7646,9.948604e-05
7647,9.936621e-05
7648,9.924652e-05
7649,9.912697e-05
7650,9.900757e-05
7651,9.888831e-05
7652,9.876919e-05
7653,9.865022e-05
7654,9.853139e-05
7655,9.841271e-05
7656,9.829416e-05
7657,9.817576e-05
7658,9.805751e-05
7659,9.793939e-05
7660,9.782142e-05
7661,9.770359e-05
7662,9.758590e-05
7663,9.746836e-05
7664,9.735095e-05
7665,9.723369e-05
7666,9.711657e-05
7667,9.699958e-05
7668,9.688274e-05
7669,9.676604e-05
7670,9.664949e-05
7671,9.653307e-05
7672,9.641679e-05
7673,9.630065e-05
7674,9.618465e-05
7675,9.606879e-05
7676,9.595307e-05
7677,9.583749e-05
7678,9.572205e-05
7679,9.560675e-05
7680,9.549159e-05
7681,9.537657e-05
7682,9.526168e-05
7683,9.514693e-05
7684,9.503233e-05
7685,9.491785e-05
7686,9.480352e-05
7687,9.468933e-05
7688,9.457527e-05
7689,9.446135e-05
7690,9.434757e-05
7691,9.423392e-05
7692,9.412041e-05
7693,9.400704e-05
7694,9.389380e-05
7695,9.378071e-05
7696,9.366774e-05
7697,9.355492e-05
7698,9.344222e-05
7699,9.332967e-05
7700,9.321725e-05
7701,9.310497e-05
7702,9.299282e-05
7703,9.288080e-05
7704,9.276892e-05
7705,9.265718e-05
7706,9.254557e-05
7707,9.243409e-05
7708,9.232275e-05
7709,9.221155e-05
7710,9.210047e-05
7711,9.198953e-05
7712,9.187873e-05
7713,9.176806e-05
7714,9.165752e-05
7715,9.154711e-05
7716,9.143684e-05
7717,9.132670e-05
7718,9.121669e-05
7719,9.110682e-05
7720,9.099708e-05
7721,9.088747e-05
7722,9.077799e-05
7723,9.066864e-05
7724,9.055943e-05
7725,9.045035e-05
7726,9.034139e-05
7727,9.023257e-05
7728,9.012389e-05
7729,9.001533e-05
7730,8.990690e-05
7731,8.979860e-05
7732,8.969044e-05
7733,8.958240e-05
7734,8.947449e-05
7735,8.936672e-05
7736,8.925907e-05
7737,8.915156e-05
7738,8.904417e-05
7739,8.893691e-05
7740,8.882978e-05
7741,8.872278e-05
7742,8.861591e-05
7743,8.850917e-05
7744,8.840256e-05
7745,8.829607e-05
7746,8.818972e-05
7747,8.808349e-05
7748,8.797739e-05
7749,8.787142e-05
7750,8.776557e-05
7751,8.765985e-05
7752,8.755426e-05
7753,8.744880e-05
7754,8.734346e-05
7755,8.723826e-05
7756,8.713317e-05
7757,8.702822e-05
7758,8.692339e-05
7759,8.681868e-05
7760,8.671411e-05
7761,8.660966e-05
7762,8.650533e-05
7763,8.640113e-05
7764,8.629706e-05
7765,8.619311e-05
7766,8.608929e-05
7767,8.598559e-05
7768,8.588201e-05
7769,8.577857e-05
7770,8.567524e-05
7771,8.557204e-05
7772,8.546897e-05
7773,8.536602e-05
7774,8.526319e-05
7775,8.516049e-05
7776,8.505791e-05
7777,8.495545e-05
7778,8.485312e-05
7779,8.475091e-05
7780,8.464882e-05
7781,8.454686e-05
7782,8.444502e-05
7783,8.434330e-05
7784,8.424171e-05
7785,8.414023e-05
7786,8.403888e-05
7787,8.393765e-05
7788,8.383655e-05
7789,8.373556e-05
7790,8.363470e-05
7791,8.353396e-05
7792,8.343334e-05
7793,8.333284e-05
7794,8.323246e-05
7795,8.313220e-05
7796,8.303207e-05
7797,8.293205e-05
7798,8.283216e-05
7799,8.273238e-05
7800,8.263273e-05
7801,8.253319e-05
7802,8.243378e-05
7803,8.233448e-05
7804,8.223531e-05
7805,8.213625e-05
7806,8.203731e-05
7807,8.193850e-05
7808,8.183980e-05
7809,8.174122e-05
7810,8.164276e-05
7811,8.154441e-05
7812,8.144619e-05
7813,8.134808e-05
7814,8.125010e-05
7815,8.115223e-05
7816,8.105448e-05
7817,8.095684e-05
7818,8.085933e-05
7819,8.076193e-05
7820,8.066465e-05
7821,8.056748e-05
7822,8.047044e-05
7823,8.037351e-05
7824,8.027669e-05
7825,8.018000e-05
7826,8.008342e-05
7827,7.998695e-05
7828,7.989060e-05
7829,7.979437e-05
7830,7.969826e-05
7831,7.960226e-05
7832,7.950637e-05
7833,7.941060e-05
7834,7.931495e-05
7835,7.921941e-05
7836,7.912399e-05
7837,7.902868e-05
7838,7.893349e-05
7839,7.883841e-05
7840,7.874344e-05
7841,7.864859e-05
7842,7.855386e-05
7843,7.845924e-05
7844,7.836473e-05
7845,7.827033e-05
7846,7.817605e-05
7847,7.808189e-05
7848,7.798783e-05
7849,7.789389e-05
7850,7.780007e-05
7851,7.770635e-05
7852,7.761275e-05
7853,7.751927e-05
7854,7.742589e-05
7855,7.733263e-05
7856,7.723948e-05
7857,7.714644e-05
7858,7.705351e-05
7859,7.696070e-05
7860,7.686800e-05
7861,7.677540e-05
7862,7.668293e-05
7863,7.659056e-05
7864,7.649830e-05
7865,7.640616e-05
7866,7.631412e-05
7867,7.622220e-05
7868,7.613038e-05
7869,7.603868e-05
7870,7.594709e-05
7871,7.585561e-05
7872,7.576424e-05
7873,7.567298e-05
7874,7.558182e-05
7875,7.549078e-05
7876,7.539985e-05
7877,7.530903e-05
7878,7.521832e-05
7879,7.512771e-05
7880,7.503722e-05
7881,7.494683e-05
7882,7.485655e-05
7883,7.476639e-05
7884,7.467633e-05
7885,7.458638e-05
7886,7.449653e-05
7887,7.440680e-05
7888,7.431717e-05
7889,7.422765e-05
7890,7.413824e-05
7891,7.404894e-05
7892,7.395975e-05
7893,7.387066e-05
7894,7.378168e-05
7895,7.369280e-05
7896,7.360404e-05
7897,7.351538e-05
7898,7.342683e-05
7899,7.333838e-05
7900,7.325004e-05
7901,7.316181e-05
7902,7.307368e-05
7903,7.298566e-05
7904,7.289775e-05
7905,7.280994e-05
7906,7.272224e-05
7907,7.263464e-05
7908,7.254715e-05
7909,7.245976e-05
7910,7.237248e-05
7911,7.228530e-05
7912,7.219823e-05
7913,7.211127e-05
7914,7.202441e-05
7915,7.193765e-05
7916,7.185100e-05
7917,7.176445e-05
7918,7.167801e-05
7919,7.159167e-05
7920,7.150543e-05
7921,7.141930e-05
7922,7.133327e-05
7923,7.124735e-05
7924,7.116153e-05
7925,7.107581e-05
7926,7.099020e-05
7927,7.090469e-05
7928,7.081928e-05
7929,7.073397e-05
7930,7.064877e-05
7931,7.056367e-05
7932,7.047867e-05
7933,7.039378e-05
7934,7.030899e-05
7935,7.022430e-05
7936,7.013971e-05
7937,7.005522e-05
7938,6.997084e-05
7939,6.988656e-05
7940,6.980237e-05
7941,6.971829e-05
7942,6.963432e-05
7943,6.955044e-05
7944,6.946666e-05
7945,6.938299e-05
7946,6.929941e-05
7947,6.921594e-05
7948,6.913256e-05
7949,6.904929e-05
7950,6.896612e-05
7951,6.888304e-05
7952,6.880007e-05
7953,6.871720e-05
7954,6.863443e-05
7955,6.855175e-05
7956,6.846918e-05
7957,6.838671e-05
7958,6.830433e-05
7959,6.822205e-05
7960,6.813988e-05
7961,6.805780e-05
7962,6.797582e-05
7963,6.789394e-05
7964,6.781216e-05
7965,6.773048e-05
7966,6.764889e-05
7967,6.756741e-05
7968,6.748602e-05
7969,6.740473e-05
7970,6.732354e-05
7971,6.724244e-05
7972,6.716145e-05
7973,6.708055e-05
7974,6.699975e-05
7975,6.691904e-05
7976,6.683844e-05
7977,6.675793e-05
7978,6.667751e-05
7979,6.659720e-05
7980,6.651698e-05
7981,6.643686e-05
7982,6.635683e-05
7983,6.627690e-05
7984,6.619707e-05
7985,6.611733e-05
7986,6.603769e-05
7987,6.595814e-05
7988,6.587869e-05
7989,6.579934e-05
7990,6.572008e-05
7991,6.564092e-05
7992,6.556185e-05
7993,6.548288e-05
7994,6.540400e-05
7995,6.532522e-05
7996,6.524653e-05
7997,6.516794e-05
7998,6.508944e-05
7999,6.501104e-05
8000,6.493273e-05
8001,6.485452e-05
8002,6.477640e-05
8003,6.469837e-05
8004,6.462044e-05
8005,6.454260e-05
8006,6.446486e-05
8007,6.438721e-05
8008,6.430965e-05
8009,6.423218e-05
8010,6.415481e-05
8011,6.407754e-05
8012,6.400035e-05
8013,6.392326e-05
8014,6.384626e-05
8015,6.376936e-05
8016,6.369254e-05
8017,6.361582e-05
8018,6.353920e-05
8019,6.346266e-05
8020,6.338622e-05
8021,6.330987e-05
8022,6.323361e-05
8023,6.315744e-05
8024,6.308136e-05
8025,6.300538e-05
8026,6.292949e-05
8027,6.285368e-05
8028,6.277797e-05
8029,6.270235e-05
8030,6.262683e-05
8031,6.255139e-05
8032,6.247604e-05
8033,6.240079e-05
8034,6.232562e-05
8035,6.225055e-05
8036,6.217557e-05
8037,6.210067e-05
8038,6.202587e-05
8039,6.195116e-05
8040,6.187654e-05
8041,6.180200e-05
8042,6.172756e-05
8043,6.165321e-05
8044,6.157894e-05
8045,6.150477e-05
8046,6.143068e-05
8047,6.135669e-05
8048,6.128278e-05
8049,6.120896e-05
8050,6.113523e-05
8051,6.106159e-05
8052,6.098804e-05
8053,6.091458e-05
8054,6.084120e-05
8055,6.076792e-05
8056,6.069472e-05
8057,6.062161e-05
8058,6.054859e-05
8059,6.047566e-05
8060,6.040281e-05
8061,6.033005e-05
8062,6.025738e-05
8063,6.018480e-05
8064,6.011230e-05
8065,6.003990e-05
8066,5.996758e-05
8067,5.989534e-05
8068,5.982320e-05
8069,5.975114e-05
8070,5.967916e-05
8071,5.960728e-05
8072,5.953548e-05
8073,5.946376e-05
8074,5.939214e-05
8075,5.932060e-05
8076,5.924914e-05
8077,5.917778e-05
8078,5.910649e-05
8079,5.903530e-05
8080,5.896419e-05
8081,5.889316e-05
8082,5.882222e-05
8083,5.875137e-05
8084,5.868060e-05
8085,5.860992e-05
8086,5.853932e-05
8087,5.846880e-05
8088,5.839838e-05
8089,5.832803e-05
8090,5.825777e-05
8091,5.818760e-05
8092,5.811751e-05
8093,5.804751e-05
8094,5.797758e-05
8095,5.790775e-05
8096,5.783800e-05
8097,5.776833e-05
8098,5.769874e-05
8099,5.762924e-05
8100,5.755983e-05
8101,5.749049e-05
8102,5.742124e-05
8103,5.735208e-05
8104,5.728299e-05
8105,5.721399e-05
8106,5.714508e-05
8107,5.707624e-05
8108,5.700749e-05
8109,5.693882e-05
8110,5.687024e-05
8111,5.680174e-05
8112,5.673332e-05
8113,5.666498e-05
8114,5.659672e-05
8115,5.652855e-05
8116,5.646046e-05
8117,5.639245e-05
8118,5.632452e-05
8119,5.625668e-05
8120,5.618891e-05
8121,5.612123e-05
8122,5.605363e-05
8123,5.598611e-05
8124,5.591867e-05
8125,5.585132e-05
8126,5.578404e-05
8127,5.571685e-05
8128,5.564973e-05
8129,5.558270e-05
8130,5.551575e-05
8131,5.544888e-05
8132,5.538209e-05
8133,5.531538e-05
8134,5.524875e-05
8135,5.518220e-05
8136,5.511573e-05
8137,5.504934e-05
8138,5.498303e-05
8139,5.491680e-05
8140,5.485065e-05
8141,5.478458e-05
8142,5.471859e-05
8143,5.465268e-05
8144,5.458685e-05
8145,5.452110e-05
8146,5.445542e-05
8147,5.438983e-05
8148,5.432431e-05
8149,5.425888e-05
8150,5.419352e-05
8151,5.412824e-05
8152,5.406304e-05
8153,5.399792e-05
8154,5.393288e-05
8155,5.386791e-05
8156,5.380303e-05
8157,5.373822e-05
8158,5.367349e-05
8159,5.360884e-05
8160,5.354426e-05
8161,5.347977e-05
8162,5.341535e-05
8163,5.335101e-05
8164,5.328674e-05
8165,5.322256e-05
8166,5.315845e-05
8167,5.309442e-05
8168,5.303046e-05
8169,5.296658e-05
8170,5.290278e-05
8171,5.283906e-05
8172,5.277541e-05
8173,5.271184e-05
8174,5.264835e-05
8175,5.258493e-05
8176,5.252159e-05
8177,5.245833e-05
8178,5.239514e-05
8179,5.233203e-05
8180,5.226899e-05
8181,5.220603e-05
8182,5.214314e-05
8183,5.208034e-05
8184,5.201760e-05
8185,5.195495e-05
8186,5.189236e-05
8187,5.182986e-05
8188,5.176743e-05
8189,5.170507e-05
8190,5.164279e-05
8191,5.158058e-05
8192,5.151845e-05
8193,5.145640e-05
8194,5.139441e-05
8195,5.133251e-05
8196,5.127067e-05
8197,5.120892e-05
8198,5.114723e-05
8199,5.108562e-05
8200,5.102409e-05
8201,5.096263e-05
8202,5.090124e-05
8203,5.083993e-05
8204,5.077869e-05
8205,5.071753e-05
8206,5.065643e-05
8207,5.059542e-05
8208,5.053447e-05
8209,5.047360e-05
8210,5.041280e-05
8211,5.035208e-05
8212,5.029143e-05
8213,5.023085e-05
8214,5.017034e-05
8215,5.010991e-05
8216,5.004955e-05
8217,4.998926e-05
8218,4.992905e-05
8219,4.986891e-05
8220,4.980884e-05
8221,4.974884e-05
8222,4.968892e-05
8223,4.962907e-05
8224,4.956928e-05
8225,4.950958e-05
8226,4.944994e-05
8227,4.939038e-05
8228,4.933088e-05
8229,4.927146e-05
8230,4.921211e-05
8231,4.915283e-05
8232,4.909363e-05
8233,4.903449e-05
8234,4.897543e-05
8235,4.891643e-05
8236,4.885751e-05
8237,4.879866e-05
8238,4.873988e-05
8239,4.868117e-05
8240,4.862253e-05
8241,4.856397e-05
8242,4.850547e-05
8243,4.844704e-05
8244,4.838868e-05
8245,4.833040e-05
8246,4.827218e-05
8247,4.821404e-05
8248,4.815596e-05
8249,4.809795e-05
8250,4.804002e-05
8251,4.798215e-05
8252,4.792436e-05
8253,4.786663e-05
8254,4.780897e-05
8255,4.775138e-05
8256,4.769386e-05
8257,4.763641e-05
8258,4.757903e-05
8259,4.752172e-05
8260,4.746448e-05
8261,4.740731e-05
8262,4.735020e-05
8263,4.729317e-05
8264,4.723620e-05
8265,4.717930e-05
8266,4.712247e-05
8267,4.706571e-05
8268,4.700902e-05
8269,4.695240e-05
8270,4.689584e-05
8271,4.683935e-05
8272,4.678293e-05
8273,4.672658e-05
8274,4.667030e-05
8275,4.661408e-05
8276,4.655793e-05
8277,4.650185e-05
8278,4.644584e-05
8279,4.638989e-05
8280,4.633401e-05
8281,4.627820e-05
8282,4.622246e-05
8283,4.616678e-05
8284,4.611117e-05
8285,4.605563e-05
8286,4.600015e-05
8287,4.594474e-05
8288,4.588940e-05
8289,4.583412e-05
8290,4.577891e-05
8291,4.572377e-05
8292,4.566869e-05
8293,4.561368e-05
8294,4.555874e-05
8295,4.550386e-05
8296,4.544905e-05
8297,4.539431e-05
8298,4.533963e-05
8299,4.528501e-05
8300,4.523047e-05
8301,4.517598e-05
8302,4.512157e-05
8303,4.506722e-05
8304,4.501293e-05
8305,4.495871e-05
8306,4.490456e-05
8307,4.485047e-05
8308,4.479644e-05
8309,4.474248e-05
8310,4.468859e-05
8311,4.463476e-05
8312,4.458099e-05
8313,4.452729e-05
8314,4.447366e-05
8315,4.442009e-05
8316,4.436658e-05
8317,4.431314e-05
8318,4.425976e-05
8319,4.420645e-05
8320,4.415320e-05
8321,4.410002e-05
8322,4.404690e-05
8323,4.399384e-05
8324,4.394085e-05
8325,4.388792e-05
8326,4.383506e-05
8327,4.378225e-05
8328,4.372952e-05
8329,4.367684e-05
8330,4.362423e-05
8331,4.357169e-05
8332,4.351920e-05
8333,4.346678e-05
8334,4.341442e-05
8335,4.336213e-05
8336,4.330990e-05
8337,4.325773e-05
8338,4.320562e-05
8339,4.315358e-05
8340,4.310160e-05
8341,4.304968e-05
8342,4.299783e-05
8343,4.294603e-05
8344,4.289430e-05
8345,4.284263e-05
8346,4.279103e-05
8347,4.273948e-05
8348,4.268800e-05
8349,4.263658e-05
8350,4.258523e-05
8351,4.253393e-05
8352,4.248270e-05
8353,4.243152e-05
8354,4.238041e-05
8355,4.232936e-05
8356,4.227838e-05
8357,4.222745e-05
8358,4.217659e-05
8359,4.212578e-05
8360,4.207504e-05
8361,4.202436e-05
8362,4.197374e-05
8363,4.192318e-05
8364,4.187268e-05
8365,4.182224e-05
8366,4.177187e-05
8367,4.172155e-05
8368,4.167130e-05
8369,4.162110e-05
8370,4.157097e-05
8371,4.152089e-05
8372,4.147088e-05
8373,4.142092e-05
8374,4.137103e-05
8375,4.132120e-05
8376,4.127142e-05
8377,4.122171e-05
8378,4.117206e-05
8379,4.112246e-05
8380,4.107293e-05
8381,4.102346e-05
8382,4.097404e-05
8383,4.092469e-05
8384,4.087539e-05
8385,4.082616e-05
8386,4.077698e-05
8387,4.072786e-05
8388,4.067880e-05
8389,4.062980e-05
8390,4.058086e-05
8391,4.053198e-05
8392,4.048316e-05
8393,4.043439e-05
8394,4.038569e-05
8395,4.033704e-05
8396,4.028846e-05
8397,4.023993e-05
8398,4.019146e-05
8399,4.014304e-05
8400,4.009469e-05
8401,4.004639e-05
8402,3.999816e-05
8403,3.994998e-05
8404,3.990186e-05
8405,3.985379e-05
8406,3.980579e-05
8407,3.975784e-05
8408,3.970995e-05
8409,3.966212e-05
8410,3.961434e-05
8411,3.956662e-05
8412,3.951896e-05
8413,3.947136e-05
8414,3.942382e-05
8415,3.937633e-05
8416,3.932890e-05
8417,3.928153e-05
8418,3.923421e-05
8419,3.918695e-05
8420,3.913975e-05
8421,3.909260e-05
8422,3.904551e-05
8423,3.899848e-05
8424,3.895151e-05
8425,3.890459e-05
8426,3.885772e-05
8427,3.881092e-05
8428,3.876417e-05
8429,3.871748e-05
8430,3.867084e-05
8431,3.862426e-05
8432,3.857773e-05
8433,3.853127e-05
8434,3.848485e-05
8435,3.843850e-05
8436,3.839219e-05
8437,3.834595e-05
8438,3.829976e-05
8439,3.825363e-05
8440,3.820755e-05
8441,3.816153e-05
8442,3.811556e-05
8443,3.806965e-05
8444,3.802379e-05
8445,3.797799e-05
8446,3.793224e-05
8447,3.788655e-05
8448,3.784092e-05
8449,3.779533e-05
8450,3.774981e-05
8451,3.770434e-05
8452,3.765892e-05
8453,3.761356e-05
8454,3.756825e-05
8455,3.752300e-05
8456,3.747780e-05
8457,3.743266e-05
8458,3.738757e-05
8459,3.734253e-05
8460,3.729755e-05
8461,3.725263e-05
8462,3.720775e-05
8463,3.716294e-05
8464,3.711817e-05
8465,3.707346e-05
8466,3.702880e-05
8467,3.698420e-05
8468,3.693965e-05
8469,3.689516e-05
8470,3.685071e-05
8471,3.680633e-05
8472,3.676199e-05
8473,3.671771e-05
8474,3.667348e-05
8475,3.662931e-05
8476,3.658519e-05
8477,3.654112e-05
8478,3.649710e-05
8479,3.645314e-05
8480,3.640923e-05
8481,3.636537e-05
8482,3.632157e-05
8483,3.627782e-05
8484,3.623412e-05
8485,3.619047e-05
8486,3.614688e-05
8487,3.610334e-05
8488,3.605985e-05
8489,3.601642e-05
8490,3.597303e-05
8491,3.592970e-05
8492,3.588642e-05
8493,3.584320e-05
8494,3.580002e-05
8495,3.575690e-05
8496,3.571383e-05
8497,3.567081e-05
8498,3.562784e-05
8499,3.558493e-05
8500,3.554206e-05
8501,3.549925e-05
8502,3.545649e-05
8503,3.541378e-05
8504,3.537113e-05
8505,3.532852e-05
8506,3.528596e-05
8507,3.524346e-05
8508,3.520101e-05
8509,3.515861e-05
8510,3.511626e-05
8511,3.507396e-05
8512,3.503171e-05
8513,3.498951e-05
8514,3.494737e-05
8515,3.490527e-05
8516,3.486323e-05
8517,3.482123e-05
8518,3.477929e-05
8519,3.473740e-05
8520,3.469555e-05
8521,3.465376e-05
8522,3.461202e-05
8523,3.457033e-05
8524,3.452869e-05
8525,3.448709e-05
8526,3.444555e-05
8527,3.440406e-05
8528,3.436262e-05
8529,3.432123e-05
8530,3.427989e-05
8531,3.423860e-05
8532,3.419735e-05
8533,3.415616e-05
8534,3.411502e-05
8535,3.407393e-05
8536,3.403288e-05
8537,3.399189e-05
8538,3.395094e-05
8539,3.391005e-05
8540,3.386920e-05
8541,3.382841e-05
8542,3.378766e-05
8543,3.374696e-05
8544,3.370631e-05
8545,3.366571e-05
8546,3.362516e-05
8547,3.358465e-05
8548,3.354420e-05
8549,3.350379e-05
8550,3.346344e-05
8551,3.342313e-05
8552,3.338287e-05
8553,3.334266e-05
8554,3.330250e-05
8555,3.326238e-05
8556,3.322232e-05
8557,3.318230e-05
8558,3.314233e-05
8559,3.310241e-05
8560,3.306253e-05
8561,3.302271e-05
8562,3.298293e-05
8563,3.294320e-05
8564,3.290352e-05
8565,3.286389e-05
8566,3.282430e-05
8567,3.278476e-05
8568,3.274527e-05
8569,3.270583e-05
8570,3.266643e-05
8571,3.262708e-05
8572,3.258778e-05
8573,3.254853e-05
8574,3.250932e-05
8575,3.247017e-05
8576,3.243105e-05
8577,3.239199e-05
8578,3.235297e-05
8579,3.231400e-05
8580,3.227508e-05
8581,3.223620e-05
8582,3.219737e-05
8583,3.215859e-05
8584,3.211985e-05
8585,3.208116e-05
8586,3.204252e-05
8587,3.200392e-05
8588,3.196537e-05
8589,3.192687e-05
8590,3.188841e-05
8591,3.185000e-05
8592,3.181163e-05
8593,3.177332e-05
8594,3.173504e-05
8595,3.169682e-05
8596,3.165864e-05
8597,3.162050e-05
8598,3.158241e-05
8599,3.154437e-05
8600,3.150638e-05
8601,3.146842e-05
8602,3.143052e-05
8603,3.139266e-05
8604,3.135485e-05
8605,3.131708e-05
8606,3.127936e-05
8607,3.124168e-05
8608,3.120405e-05
8609,3.116646e-05
8610,3.112892e-05
8611,3.109142e-05
8612,3.105397e-05
8613,3.101657e-05
8614,3.097920e-05
8615,3.094189e-05
8616,3.090462e-05
8617,3.086739e-05
8618,3.083021e-05
8619,3.079307e-05
8620,3.075598e-05
8621,3.071894e-05
8622,3.068193e-05
8623,3.064498e-05
8624,3.060806e-05
8625,3.057119e-05
8626,3.053437e-05
8627,3.049759e-05
8628,3.046085e-05
8629,3.042416e-05
8630,3.038751e-05
8631,3.035091e-05
8632,3.031435e-05
8633,3.027784e-05
8634,3.024137e-05
8635,3.020494e-05
8636,3.016856e-05
8637,3.013222e-05
8638,3.009592e-05
8639,3.005967e-05
8640,3.002346e-05
8641,2.998730e-05
8642,2.995118e-05
8643,2.991510e-05
8644,2.987906e-05
8645,2.984307e-05
8646,2.980713e-05
8647,2.977122e-05
8648,2.973536e-05
8649,2.969954e-05
8650,2.966377e-05
8651,2.962804e-05
8652,2.959235e-05
8653,2.955671e-05
8654,2.952110e-05
8655,2.948554e-05
8656,2.945003e-05
8657,2.941455e-05
8658,2.937912e-05
8659,2.934373e-05
8660,2.930839e-05
8661,2.927308e-05
8662,2.923782e-05
8663,2.920261e-05
8664,2.916743e-05
8665,2.913230e-05
8666,2.909720e-05
8667,2.906216e-05
8668,2.902715e-05
8669,2.899218e-05
8670,2.895726e-05
8671,2.892238e-05
8672,2.888754e-05
8673,2.885275e-05
8674,2.881799e-05
8675,2.878328e-05
8676,2.874861e-05
8677,2.871398e-05
8678,2.867939e-05
8679,2.864485e-05
8680,2.861034e-05
8681,2.857588e-05
8682,2.854146e-05
8683,2.850708e-05
8684,2.847274e-05
8685,2.843845e-05
8686,2.840419e-05
8687,2.836998e-05
8688,2.833580e-05
8689,2.830167e-05
8690,2.826758e-05
8691,2.823353e-05
8692,2.819952e-05
8693,2.816556e-05
8694,2.813163e-05
8695,2.809774e-05
8696,2.806390e-05
8697,2.803009e-05
8698,2.799633e-05
8699,2.796261e-05
8700,2.792893e-05
8701,2.789528e-05
8702,2.786168e-05
8703,2.782812e-05
8704,2.779460e-05
8705,2.776112e-05
8706,2.772768e-05
8707,2.769428e-05
8708,2.766093e-05
8709,2.762761e-05
8710,2.759433e-05
8711,2.756109e-05
8712,2.752789e-05
8713,2.749473e-05
8714,2.746161e-05
8715,2.742854e-05
8716,2.739550e-05
8717,2.736250e-05
8718,2.732954e-05
8719,2.729662e-05
8720,2.726374e-05
8721,2.723090e-05
8722,2.719810e-05
8723,2.716534e-05
8724,2.713261e-05
8725,2.709993e-05
8726,2.706729e-05
8727,2.703468e-05
8728,2.700212e-05
8729,2.696959e-05
8730,2.693711e-05
8731,2.690466e-05
8732,2.687225e-05
8733,2.683989e-05
8734,2.680756e-05
8735,2.677526e-05
8736,2.674301e-05
8737,2.671080e-05
8738,2.667863e-05
8739,2.664649e-05
8740,2.661439e-05
8741,2.658233e-05
8742,2.655031e-05
8743,2.651833e-05
8744,2.648639e-05
8745,2.645449e-05
8746,2.642262e-05
8747,2.639079e-05
8748,2.635901e-05
8749,2.632726e-05
8750,2.629554e-05
8751,2.626387e-05
8752,2.623223e-05
8753,2.620063e-05
8754,2.616908e-05
8755,2.613755e-05
8756,2.610607e-05
8757,2.607462e-05
8758,2.604322e-05
8759,2.601185e-05
8760,2.598051e-05
8761,2.594922e-05
8762,2.591796e-05
8763,2.588674e-05
8764,2.585556e-05
8765,2.582442e-05
8766,2.579331e-05
8767,2.576224e-05
8768,2.573121e-05
8769,2.570021e-05
8770,2.566926e-05
8771,2.563834e-05
8772,2.560745e-05
8773,2.557661e-05
8774,2.554580e-05
8775,2.551503e-05
8776,2.548430e-05
8777,2.545360e-05
8778,2.542294e-05
8779,2.539232e-05
8780,2.536173e-05
8781,2.533118e-05
8782,2.530067e-05
8783,2.527019e-05
8784,2.523975e-05
8785,2.520935e-05
8786,2.517899e-05
8787,2.514866e-05
8788,2.511836e-05
8789,2.508811e-05
8790,2.505789e-05
8791,2.502770e-05
8792,2.499756e-05
8793,2.496745e-05
8794,2.493737e-05
8795,2.490733e-05
8796,2.487733e-05
8797,2.484737e-05
8798,2.481744e-05
8799,2.478754e-05
8800,2.475769e-05
8801,2.472786e-05
8802,2.469808e-05
8803,2.466833e-05
8804,2.463861e-05
8805,2.460894e-05
8806,2.457929e-05
8807,2.454969e-05
8808,2.452011e-05
8809,2.449058e-05
8810,2.446108e-05
8811,2.443162e-05
8812,2.440219e-05
8813,2.437279e-05
8814,2.434343e-05
8815,2.431411e-05
8816,2.428482e-05
8817,2.425557e-05
8818,2.422636e-05
8819,2.419717e-05
8820,2.416803e-05
8821,2.413892e-05
8822,2.410984e-05
8823,2.408080e-05
8824,2.405179e-05
8825,2.402282e-05
8826,2.399388e-05
8827,2.396498e-05
8828,2.393611e-05
8829,2.390728e-05
8830,2.387849e-05
8831,2.384972e-05
8832,2.382099e-05
8833,2.379230e-05
8834,2.376364e-05
8835,2.373502e-05
8836,2.370643e-05
8837,2.367787e-05
8838,2.364935e-05
8839,2.362087e-05
8840,2.359241e-05
8841,2.356399e-05
8842,2.353561e-05
8843,2.350726e-05
8844,2.347895e-05
8845,2.345066e-05
8846,2.342242e-05
8847,2.339420e-05
8848,2.336602e-05
8849,2.333788e-05
8850,2.330977e-05
8851,2.328169e-05
8852,2.325365e-05
8853,2.322564e-05
8854,2.319766e-05
8855,2.316972e-05
8856,2.314181e-05
8857,2.311393e-05
8858,2.308609e-05
8859,2.305828e-05
8860,2.303051e-05
8861,2.300277e-05
8862,2.297506e-05
8863,2.294738e-05
8864,2.291974e-05
8865,2.289214e-05
8866,2.286456e-05
8867,2.283702e-05
8868,2.280951e-05
8869,2.278204e-05
8870,2.275459e-05
8871,2.272719e-05
8872,2.269981e-05
8873,2.267247e-05
8874,2.264516e-05
8875,2.261788e-05
8876,2.259064e-05
8877,2.256342e-05
8878,2.253625e-05
8879,2.250910e-05
8880,2.248199e-05
8881,2.245491e-05
8882,2.242786e-05
8883,2.240084e-05
8884,2.237386e-05
8885,2.234691e-05
8886,2.231999e-05
8887,2.229311e-05
8888,2.226625e-05
8889,2.223943e-05
8890,2.221264e-05
8891,2.218589e-05
8892,2.215916e-05
8893,2.213247e-05
8894,2.210581e-05
8895,2.207919e-05
8896,2.205259e-05
8897,2.202603e-05
8898,2.199950e-05
8899,2.197300e-05
8900,2.194653e-05
8901,2.192009e-05
8902,2.189369e-05
8903,2.186732e-05
8904,2.184098e-05
8905,2.181467e-05
8906,2.178839e-05
8907,2.176215e-05
8908,2.173593e-05
8909,2.170975e-05
8910,2.168360e-05
8911,2.165748e-05
8912,2.163140e-05
8913,2.160534e-05
8914,2.157931e-05
8915,2.155332e-05
8916,2.152736e-05
8917,2.150143e-05
8918,2.147553e-05
8919,2.144966e-05
8920,2.142382e-05
8921,2.139802e-05
8922,2.137224e-05
8923,2.134650e-05
8924,2.132079e-05
8925,2.129510e-05
8926,2.126945e-05
8927,2.124383e-05
8928,2.121824e-05
8929,2.119269e-05
8930,2.116716e-05
8931,2.114166e-05
8932,2.111620e-05
8933,2.109076e-05
8934,2.106536e-05
8935,2.103998e-05
8936,2.101464e-05
8937,2.098933e-05
8938,2.096404e-05
8939,2.093879e-05
8940,2.091357e-05
8941,2.088838e-05
8942,2.086322e-05
8943,2.083809e-05
8944,2.081299e-05
8945,2.078792e-05
8946,2.076288e-05
8947,2.073787e-05
8948,2.071289e-05
8949,2.068794e-05
8950,2.066302e-05
8951,2.063813e-05
8952,2.061327e-05
8953,2.058844e-05
8954,2.056364e-05
8955,2.053887e-05
8956,2.051413e-05
8957,2.048942e-05
8958,2.046474e-05
8959,2.044009e-05
8960,2.041547e-05
8961,2.039088e-05
8962,2.036631e-05
8963,2.034178e-05
8964,2.031728e-05
8965,2.029281e-05
8966,2.026836e-05
8967,2.024395e-05
8968,2.021956e-05
8969,2.019521e-05
8970,2.017088e-05
8971,2.014659e-05
8972,2.012232e-05
8973,2.009808e-05
8974,2.007387e-05
8975,2.004969e-05
8976,2.002554e-05
8977,2.000142e-05
8978,1.997733e-05
8979,1.995326e-05
8980,1.992923e-05
8981,1.990522e-05
8982,1.988125e-05
8983,1.985730e-05
8984,1.983338e-05
8985,1.980949e-05
8986,1.978563e-05
8987,1.976179e-05
8988,1.973799e-05
8989,1.971422e-05
8990,1.969047e-05
8991,1.966675e-05
8992,1.964306e-05
8993,1.961940e-05
8994,1.959577e-05
8995,1.957216e-05
8996,1.954859e-05
8997,1.952504e-05
8998,1.950152e-05
8999,1.947803e-05
9000,1.945457e-05
9001,1.943114e-05
9002,1.940773e-05
9003,1.938435e-05
9004,1.936100e-05
9005,1.933768e-05
9006,1.931439e-05
9007,1.929112e-05
9008,1.926789e-05
9009,1.924468e-05
9010,1.922150e-05
9011,1.919834e-05
9012,1.917522e-05
9013,1.915212e-05
9014,1.912905e-05
9015,1.910601e-05
9016,1.908300e-05
9017,1.906001e-05
9018,1.903705e-05
9019,1.901412e-05
9020,1.899122e-05
9021,1.896834e-05
9022,1.894549e-05
9023,1.892267e-05
9024,1.889988e-05
9025,1.887711e-05
9026,1.885437e-05
9027,1.883166e-05
9028,1.880898e-05
9029,1.878632e-05
9030,1.876370e-05
9031,1.874109e-05
9032,1.871852e-05
9033,1.869597e-05
9034,1.867345e-05
9035,1.865096e-05
9036,1.862849e-05
9037,1.860605e-05
9038,1.858364e-05
9039,1.856126e-05
9040,1.853890e-05
9041,1.851657e-05
9042,1.849426e-05
9043,1.847199e-05
9044,1.844974e-05
9045,1.842751e-05
9046,1.840532e-05
9047,1.838315e-05
9048,1.836100e-05
9049,1.833889e-05
9050,1.831680e-05
9051,1.829473e-05
9052,1.827270e-05
9053,1.825069e-05
9054,1.822870e-05
9055,1.820675e-05
9056,1.818481e-05
9057,1.816291e-05
9058,1.814103e-05
9059,1.811918e-05
9060,1.809736e-05
9061,1.807556e-05
9062,1.805378e-05
9063,1.803204e-05
9064,1.801032e-05
9065,1.798862e-05
9066,1.796695e-05
9067,1.794531e-05
9068,1.792370e-05
9069,1.790211e-05
9070,1.788054e-05
9071,1.785900e-05
9072,1.783749e-05
9073,1.781601e-05
9074,1.779455e-05
9075,1.777311e-05
9076,1.775170e-05
9077,1.773032e-05
9078,1.770896e-05
9079,1.768763e-05
9080,1.766633e-05
9081,1.764505e-05
9082,1.762379e-05
9083,1.760256e-05
9084,1.758136e-05
9085,1.756018e-05
9086,1.753903e-05
9087,1.751791e-05
9088,1.749680e-05
9089,1.747573e-05
9090,1.745468e-05
9091,1.743365e-05
9092,1.741265e-05
9093,1.739168e-05
9094,1.737073e-05
9095,1.734981e-05
9096,1.732891e-05
9097,1.730803e-05
9098,1.728719e-05
9099,1.726636e-05
9100,1.724556e-05
9101,1.722479e-05
9102,1.720404e-05
9103,1.718332e-05
9104,1.716262e-05
9105,1.714195e-05
9106,1.712130e-05
9107,1.710068e-05
9108,1.708008e-05
9109,1.705951e-05
9110,1.703896e-05
9111,1.701843e-05
9112,1.699793e-05
9113,1.697746e-05
9114,1.695701e-05
9115,1.693658e-05
9116,1.691618e-05
9117,1.689581e-05
9118,1.687545e-05
9119,1.685513e-05
9120,1.683482e-05
9121,1.681455e-05
9122,1.679429e-05
9123,1.677406e-05
9124,1.675386e-05
9125,1.673368e-05
9126,1.671352e-05
9127,1.669339e-05
9128,1.667328e-05
9129,1.665320e-05
9130,1.663314e-05
9131,1.661310e-05
9132,1.659309e-05
9133,1.657310e-05
9134,1.655314e-05
9135,1.653320e-05
9136,1.651329e-05
9137,1.649340e-05
9138,1.647353e-05
9139,1.645369e-05
9140,1.643387e-05
9141,1.641407e-05
9142,1.639430e-05
9143,1.637455e-05
9144,1.635483e-05
9145,1.633513e-05
9146,1.631545e-05
9147,1.629580e-05
9148,1.627617e-05
9149,1.625656e-05
9150,1.623698e-05
9151,1.621742e-05
9152,1.619789e-05
9153,1.617838e-05
9154,1.615889e-05
9155,1.613943e-05
9156,1.611999e-05
9157,1.610057e-05
9158,1.608118e-05
9159,1.606180e-05
9160,1.604246e-05
9161,1.602313e-05
9162,1.600383e-05
9163,1.598456e-05
9164,1.596530e-05
9165,1.594607e-05
9166,1.592686e-05
9167,1.590768e-05
9168,1.588852e-05
9169,1.586938e-05
9170,1.585026e-05
9171,1.583117e-05
9172,1.581210e-05
9173,1.579306e-05
9174,1.577403e-05
9175,1.575503e-05
9176,1.573605e-05
9177,1.571710e-05
9178,1.569817e-05
9179,1.567926e-05
9180,1.566037e-05
9181,1.564151e-05
9182,1.562267e-05
9183,1.560385e-05
9184,1.558505e-05
9185,1.556628e-05
9186,1.554753e-05
9187,1.552880e-05
9188,1.551010e-05
9189,1.549141e-05
9190,1.547275e-05
9191,1.545412e-05
9192,1.543550e-05
9193,1.541691e-05
9194,1.539834e-05
9195,1.537979e-05
9196,1.536127e-05
9197,1.534276e-05
9198,1.532428e-05
9199,1.530582e-05
9200,1.528739e-05
9201,1.526897e-05
9202,1.525058e-05
9203,1.523221e-05
9204,1.521386e-05
9205,1.519554e-05
9206,1.517723e-05
9207,1.515895e-05
9208,1.514069e-05
9209,1.512245e-05
9210,1.510424e-05
9211,1.508604e-05
9212,1.506787e-05
9213,1.504972e-05
9214,1.503159e-05
9215,1.501349e-05
9216,1.499540e-05
9217,1.497734e-05
9218,1.495930e-05
9219,1.494128e-05
9220,1.492328e-05
9221,1.490531e-05
9222,1.488735e-05
9223,1.486942e-05
9224,1.485151e-05
9225,1.483362e-05
9226,1.481575e-05
9227,1.479791e-05
9228,1.478008e-05
9229,1.476228e-05
9230,1.474450e-05
9231,1.472674e-05
9232,1.470900e-05
9233,1.469128e-05
9234,1.467358e-05
9235,1.465591e-05
9236,1.463826e-05
9237,1.462062e-05
9238,1.460301e-05
9239,1.458542e-05
9240,1.456785e-05
9241,1.455031e-05
9242,1.453278e-05
9243,1.451527e-05
9244,1.449779e-05
9245,1.448033e-05
9246,1.446288e-05
9247,1.444546e-05
9248,1.442806e-05
9249,1.441068e-05
9250,1.439332e-05
9251,1.437599e-05
9252,1.435867e-05
9253,1.434138e-05
9254,1.432410e-05
9255,1.430685e-05
9256,1.428961e-05
9257,1.427240e-05
9258,1.425521e-05
9259,1.423804e-05
9260,1.422089e-05
9261,1.420376e-05
9262,1.418665e-05
9263,1.416956e-05
9264,1.415249e-05
9265,1.413545e-05
9266,1.411842e-05
9267,1.410141e-05
9268,1.408443e-05
9269,1.406746e-05
9270,1.405052e-05
9271,1.403359e-05
9272,1.401669e-05
9273,1.399980e-05
9274,1.398294e-05
9275,1.396610e-05
9276,1.394927e-05
9277,1.393247e-05
9278,1.391569e-05
9279,1.389893e-05
9280,1.388219e-05
9281,1.386546e-05
9282,1.384876e-05
9283,1.383208e-05
9284,1.381542e-05
9285,1.379878e-05
9286,1.378216e-05
9287,1.376556e-05
9288,1.374898e-05
9289,1.373241e-05
9290,1.371587e-05
9291,1.369935e-05
9292,1.368285e-05
9293,1.366637e-05
9294,1.364991e-05
9295,1.363346e-05
9296,1.361704e-05
9297,1.360064e-05
9298,1.358426e-05
9299,1.356789e-05
9300,1.355155e-05
9301,1.353523e-05
9302,1.351892e-05
9303,1.350264e-05
9304,1.348638e-05
9305,1.347013e-05
9306,1.345391e-05
9307,1.343770e-05
9308,1.342151e-05
9309,1.340535e-05
9310,1.338920e-05
9311,1.337307e-05
9312,1.335696e-05
9313,1.334087e-05
9314,1.332480e-05
9315,1.330875e-05
9316,1.329272e-05
9317,1.327671e-05
9318,1.326072e-05
9319,1.324475e-05
9320,1.322879e-05
9321,1.321286e-05
9322,1.319694e-05
9323,1.318105e-05
9324,1.316517e-05
9325,1.314931e-05
9326,1.313347e-05
9327,1.311765e-05
9328,1.310185e-05
9329,1.308607e-05
9330,1.307031e-05
9331,1.305456e-05
9332,1.303884e-05
9333,1.302313e-05
9334,1.300744e-05
9335,1.299178e-05
9336,1.297613e-05
9337,1.296050e-05
9338,1.294489e-05
9339,1.292929e-05
9340,1.291372e-05
9341,1.289816e-05
9342,1.288263e-05
9343,1.286711e-05
9344,1.285161e-05
9345,1.283613e-05
9346,1.282067e-05
9347,1.280523e-05
9348,1.278980e-05
9349,1.277440e-05
9350,1.275901e-05
9351,1.274364e-05
9352,1.272829e-05
9353,1.271296e-05
9354,1.269764e-05
9355,1.268235e-05
9356,1.266707e-05
9357,1.265181e-05
9358,1.263658e-05
9359,1.262135e-05
9360,1.260615e-05
9361,1.259097e-05
9362,1.257580e-05
9363,1.256065e-05
9364,1.254552e-05
9365,1.253041e-05
9366,1.251532e-05
9367,1.250024e-05
9368,1.248518e-05
9369,1.247015e-05
9370,1.245512e-05
9371,1.244012e-05
9372,1.242514e-05
9373,1.241017e-05
9374,1.239522e-05
9375,1.238029e-05
9376,1.236538e-05
9377,1.235048e-05
9378,1.233561e-05
9379,1.232075e-05
9380,1.230591e-05
9381,1.229108e-05
9382,1.227628e-05
9383,1.226149e-05
9384,1.224672e-05
9385,1.223197e-05
9386,1.221724e-05
9387,1.220252e-05
9388,1.218782e-05
9389,1.217314e-05
9390,1.215848e-05
9391,1.214383e-05
9392,1.212921e-05
9393,1.211460e-05
9394,1.210000e-05
9395,1.208543e-05
9396,1.207087e-05
9397,1.205633e-05
9398,1.204181e-05
9399,1.202730e-05
9400,1.201282e-05
9401,1.199835e-05
9402,1.198389e-05
9403,1.196946e-05
9404,1.195504e-05
9405,1.194064e-05
9406,1.192626e-05
9407,1.191189e-05
9408,1.189754e-05
9409,1.188321e-05
9410,1.186890e-05
9411,1.185460e-05
9412,1.184032e-05
9413,1.182606e-05
9414,1.181181e-05
9415,1.179759e-05
9416,1.178338e-05
9417,1.176918e-05
9418,1.175501e-05
9419,1.174085e-05
9420,1.172670e-05
9421,1.171258e-05
9422,1.169847e-05
9423,1.168438e-05
9424,1.167030e-05
9425,1.165625e-05
9426,1.164221e-05
9427,1.162818e-05
9428,1.161418e-05
9429,1.160019e-05
9430,1.158621e-05
9431,1.157226e-05
9432,1.155832e-05
9433,1.154440e-05
9434,1.153049e-05
9435,1.151660e-05
9436,1.150273e-05
9437,1.148887e-05
9438,1.147503e-05
9439,1.146121e-05
9440,1.144741e-05
9441,1.143362e-05
9442,1.141985e-05
9443,1.140609e-05
9444,1.139235e-05
9445,1.137863e-05
9446,1.136492e-05
9447,1.135123e-05
9448,1.133756e-05
9449,1.132390e-05
9450,1.131026e-05
9451,1.129664e-05
9452,1.128303e-05
9453,1.126944e-05
9454,1.125587e-05
9455,1.124231e-05
9456,1.122877e-05
9457,1.121524e-05
9458,1.120173e-05
9459,1.118824e-05
9460,1.117476e-05
9461,1.116130e-05
9462,1.114786e-05
9463,1.113443e-05
9464,1.112102e-05
9465,1.110762e-05
9466,1.109424e-05
9467,1.108088e-05
9468,1.106753e-05
9469,1.105420e-05
9470,1.104088e-05
9471,1.102759e-05
9472,1.101430e-05
9473,1.100103e-05
9474,1.098778e-05
9475,1.097455e-05
9476,1.096133e-05
9477,1.094813e-05
9478,1.093494e-05
9479,1.092177e-05
9480,1.090861e-05
9481,1.089547e-05
9482,1.088235e-05
9483,1.086924e-05
9484,1.085615e-05
9485,1.084307e-05
9486,1.083001e-05
9487,1.081696e-05
9488,1.080393e-05
9489,1.079092e-05
9490,1.077792e-05
9491,1.076494e-05
9492,1.075197e-05
9493,1.073902e-05
9494,1.072609e-05
9495,1.071317e-05
9496,1.070026e-05
9497,1.068737e-05
9498,1.067450e-05
9499,1.066164e-05
9500,1.064880e-05
9501,1.063597e-05
9502,1.062316e-05
9503,1.061036e-05
9504,1.059758e-05
9505,1.058482e-05
9506,1.057207e-05
9507,1.055933e-05
9508,1.054661e-05
9509,1.053391e-05
9510,1.052122e-05
9511,1.050855e-05
9512,1.049589e-05
9513,1.048325e-05
9514,1.047062e-05
9515,1.045801e-05
9516,1.044541e-05
9517,1.043283e-05
9518,1.042026e-05
9519,1.040771e-05
9520,1.039517e-05
9521,1.038265e-05
9522,1.037015e-05
9523,1.035766e-05
9524,1.034518e-05
9525,1.033272e-05
9526,1.032027e-05
9527,1.030784e-05
9528,1.029542e-05
9529,1.028302e-05
9530,1.027064e-05
9531,1.025826e-05
9532,1.024591e-05
9533,1.023357e-05
9534,1.022124e-05
9535,1.020893e-05
9536,1.019663e-05
9537,1.018435e-05
9538,1.017208e-05
9539,1.015983e-05
9540,1.014759e-05
9541,1.013537e-05
9542,1.012316e-05
9543,1.011096e-05
9544,1.009879e-05
9545,1.008662e-05
9546,1.007447e-05
9547,1.006234e-05
9548,1.005022e-05
9549,1.003811e-05
9550,1.002602e-05
9551,1.001394e-05
9552,1.000188e-05
9553,9.989832e-06
9554,9.977799e-06
9555,9.965780e-06
9556,9.953776e-06
9557,9.941786e-06
9558,9.929811e-06
9559,9.917850e-06
9560,9.905903e-06
9561,9.893971e-06
9562,9.882054e-06
9563,9.870150e-06
9564,9.858261e-06
9565,9.846386e-06
9566,9.834526e-06
9567,9.822680e-06
9568,9.810848e-06
9569,9.799030e-06
9570,9.787227e-06
9571,9.775438e-06
9572,9.763663e-06
9573,9.751902e-06
9574,9.740156e-06
9575,9.728423e-06
9576,9.716705e-06
9577,9.705001e-06
9578,9.693311e-06
9579,9.681635e-06
9580,9.669973e-06
9581,9.658325e-06
9582,9.646691e-06
9583,9.635071e-06
9584,9.623465e-06
9585,9.611873e-06
9586,9.600295e-06
9587,9.588731e-06
9588,9.577181e-06
9589,9.565645e-06
9590,9.554123e-06
9591,9.542615e-06
9592,9.531120e-06
9593,9.519639e-06
9594,9.508173e-06
9595,9.496720e-06
9596,9.485280e-06
9597,9.473855e-06
9598,9.462443e-06
9599,9.451045e-06
9600,9.439661e-06
9601,9.428291e-06
9602,9.416934e-06
9603,9.405591e-06
9604,9.394261e-06
9605,9.382946e-06
9606,9.371643e-06
9607,9.360355e-06
9608,9.349080e-06
9609,9.337818e-06
9610,9.326571e-06
9611,9.315336e-06
9612,9.304116e-06
9613,9.292908e-06
9614,9.281715e-06
9615,9.270535e-06
9616,9.259368e-06
9617,9.248214e-06
9618,9.237075e-06
9619,9.225948e-06
9620,9.214835e-06
9621,9.203735e-06
9622,9.192649e-06
9623,9.181576e-06
9624,9.170517e-06
9625,9.159470e-06
9626,9.148437e-06
9627,9.137418e-06
9628,9.126411e-06
9629,9.115418e-06
9630,9.104438e-06
9631,9.093471e-06
9632,9.082518e-06
9633,9.071578e-06
9634,9.060650e-06
9635,9.049737e-06
9636,9.038836e-06
9637,9.027948e-06
9638,9.017073e-06
9639,9.006212e-06
9640,8.995364e-06
9641,8.984528e-06
9642,8.973706e-06
9643,8.962897e-06
9644,8.952101e-06
9645,8.941317e-06
9646,8.930547e-06
9647,8.919790e-06
9648,8.909046e-06
9649,8.898314e-06
9650,8.887596e-06
9651,8.876890e-06
9652,8.866198e-06
9653,8.855518e-06
9654,8.844851e-06
9655,8.834197e-06
9656,8.823556e-06
9657,8.812928e-06
9658,8.802312e-06
9659,8.791709e-06
9660,8.781119e-06
9661,8.770542e-06
9662,8.759978e-06
9663,8.749426e-06
9664,8.738887e-06
9665,8.728360e-06
9666,8.717847e-06
9667,8.707346e-06
9668,8.696857e-06
9669,8.686382e-06
9670,8.675918e-06
9671,8.665468e-06
9672,8.655030e-06
9673,8.644605e-06
9674,8.634192e-06
9675,8.623792e-06
9676,8.613404e-06
9677,8.603029e-06
9678,8.592666e-06
9679,8.582316e-06
9680,8.571978e-06
9681,8.561653e-06
9682,8.551340e-06
9683,8.541039e-06
9684,8.530751e-06
9685,8.520476e-06
9686,8.510212e-06
9687,8.499961e-06
9688,8.489723e-06
9689,8.479496e-06
9690,8.469283e-06
9691,8.459081e-06
9692,8.448892e-06
9693,8.438715e-06
9694,8.428550e-06
9695,8.418397e-06
9696,8.408257e-06
9697,8.398129e-06
9698,8.388013e-06
9699,8.377909e-06
9700,8.367818e-06
9701,8.357738e-06
9702,8.347671e-06
9703,8.337616e-06
9704,8.327573e-06
9705,8.317542e-06
9706,8.307523e-06
9707,8.297516e-06
9708,8.287521e-06
9709,8.277539e-06
9710,8.267568e-06
9711,8.257609e-06
9712,8.247663e-06
9713,8.237728e-06
9714,8.227805e-06
9715,8.217895e-06
9716,8.207996e-06
9717,8.198109e-06
9718,8.188234e-06
9719,8.178371e-06
9720,8.168520e-06
9721,8.158680e-06
9722,8.148853e-06
9723,8.139037e-06
9724,8.129233e-06
9725,8.119441e-06
9726,8.109661e-06
9727,8.099893e-06
9728,8.090136e-06
9729,8.080391e-06
9730,8.070658e-06
9731,8.060936e-06
9732,8.051227e-06
9733,8.041529e-06
9734,8.031842e-06
9735,8.022168e-06
9736,8.012505e-06
9737,8.002853e-06
9738,7.993213e-06
9739,7.983585e-06
9740,7.973969e-06
9741,7.964364e-06
9742,7.954770e-06
9743,7.945188e-06
9744,7.935618e-06
9745,7.926059e-06
9746,7.916512e-06
9747,7.906976e-06
9748,7.897452e-06
9749,7.887939e-06
9750,7.878438e-06
9751,7.868948e-06
9752,7.859469e-06
9753,7.850002e-06
9754,7.840546e-06
9755,7.831102e-06
9756,7.821669e-06
9757,7.812248e-06
9758,7.802838e-06
9759,7.793439e-06
9760,7.784051e-06
9761,7.774675e-06
9762,7.765310e-06
9763,7.755956e-06
9764,7.746614e-06
9765,7.737283e-06
9766,7.727963e-06
9767,7.718654e-06
9768,7.709357e-06
9769,7.700070e-06
9770,7.690795e-06
9771,7.681532e-06
9772,7.672279e-06
9773,7.663037e-06
9774,7.653807e-06
9775,7.644587e-06
9776,7.635379e-06
9777,7.626182e-06
9778,7.616996e-06
9779,7.607821e-06
9780,7.598657e-06
9781,7.589504e-06
9782,7.580362e-06
9783,7.571231e-06
9784,7.562111e-06
9785,7.553002e-06
9786,7.543905e-06
9787,7.534818e-06
9788,7.525742e-06
9789,7.516677e-06
9790,7.507622e-06
9791,7.498579e-06
9792,7.489547e-06
9793,7.480525e-06
9794,7.471515e-06
9795,7.462515e-06
9796,7.453526e-06
9797,7.444548e-06
9798,7.435581e-06
9799,7.426624e-06
9800,7.417678e-06
9801,7.408743e-06
9802,7.399819e-06
9803,7.390906e-06
9804,7.382003e-06
9805,7.373111e-06
9806,7.364230e-06
9807,7.355359e-06
9808,7.346500e-06
9809,7.337650e-06
9810,7.328812e-06
9811,7.319984e-06
9812,7.311167e-06
9813,7.302360e-06
9814,7.293564e-06
9815,7.284779e-06
9816,7.276004e-06
9817,7.267240e-06
9818,7.258486e-06
9819,7.249743e-06
9820,7.241010e-06
9821,7.232288e-06
9822,7.223576e-06
9823,7.214875e-06
9824,7.206185e-06
9825,7.197505e-06
9826,7.188835e-06
9827,7.180176e-06
9828,7.171527e-06
9829,7.162888e-06
9830,7.154260e-06
9831,7.145643e-06
9832,7.137035e-06
9833,7.128439e-06
9834,7.119852e-06
9835,7.111276e-06
9836,7.102710e-06
9837,7.094154e-06
9838,7.085609e-06
9839,7.077074e-06
9840,7.068550e-06
9841,7.060035e-06
9842,7.051531e-06
9843,7.043037e-06
9844,7.034554e-06
9845,7.026080e-06
9846,7.017617e-06
9847,7.009164e-06
9848,7.000721e-06
9849,6.992288e-06
9850,6.983866e-06
9851,6.975454e-06
9852,6.967051e-06
9853,6.958659e-06
9854,6.950277e-06
9855,6.941905e-06
9856,6.933543e-06
9857,6.925192e-06
9858,6.916850e-06
9859,6.908518e-06
9860,6.900197e-06
9861,6.891885e-06
9862,6.883584e-06
9863,6.875292e-06
9864,6.867010e-06
9865,6.858739e-06
9866,6.850477e-06
9867,6.842225e-06
9868,6.833984e-06
9869,6.825752e-06
9870,6.817530e-06
9871,6.809318e-06
9872,6.801116e-06
9873,6.792924e-06
9874,6.784741e-06
9875,6.776569e-06
9876,6.768406e-06
9877,6.760253e-06
9878,6.752110e-06
9879,6.743977e-06
9880,6.735854e-06
9881,6.727740e-06
9882,6.719636e-06
9883,6.711542e-06
9884,6.703458e-06
9885,6.695383e-06
9886,6.687318e-06
9887,6.679263e-06
9888,6.671217e-06
9889,6.663182e-06
9890,6.655156e-06
9891,6.647139e-06
9892,6.639132e-06
9893,6.631135e-06
9894,6.623148e-06
9895,6.615170e-06
9896,6.607202e-06
9897,6.599243e-06
9898,6.591294e-06
9899,6.583354e-06
9900,6.575424e-06
9901,6.567504e-06
9902,6.559593e-06
9903,6.551692e-06
9904,6.543800e-06
9905,6.535918e-06
9906,6.528045e-06
9907,6.520182e-06
9908,6.512328e-06
9909,6.504483e-06
9910,6.496649e-06
9911,6.488823e-06
9912,6.481007e-06
9913,6.473200e-06
9914,6.465403e-06
9915,6.457615e-06
9916,6.449837e-06
9917,6.442068e-06
9918,6.434308e-06
9919,6.426557e-06
9920,6.418816e-06
9921,6.411085e-06
9922,6.403362e-06
9923,6.395649e-06
9924,6.387945e-06
9925,6.380251e-06
9926,6.372565e-06
9927,6.364889e-06
9928,6.357223e-06
9929,6.349565e-06
9930,6.341917e-06
9931,6.334278e-06
9932,6.326648e-06
9933,6.319027e-06
9934,6.311415e-06
9935,6.303813e-06
9936,6.296220e-06
9937,6.288636e-06
9938,6.281061e-06
9939,6.273495e-06
9940,6.265938e-06
9941,6.258391e-06
9942,6.250852e-06
9943,6.243323e-06
9944,6.235802e-06
9945,6.228291e-06
9946,6.220789e-06
9947,6.213296e-06
9948,6.205811e-06
9949,6.198336e-06
9950,6.190870e-06
9951,6.183413e-06
9952,6.175965e-06
9953,6.168526e-06
9954,6.161095e-06
9955,6.153674e-06
9956,6.146262e-06
9957,6.138858e-06
9958,6.131464e-06
9959,6.124078e-06
9960,6.116701e-06
9961,6.109333e-06
9962,6.101974e-06
9963,6.094624e-06
9964,6.087283e-06
9965,6.079951e-06
9966,6.072627e-06
9967,6.065312e-06
9968,6.058006e-06
9969,6.050709e-06
9970,6.043421e-06
9971,6.036141e-06
9972,6.028871e-06
9973,6.021609e-06
9974,6.014355e-06
9975,6.007111e-06
9976,5.999875e-06
9977,5.992648e-06
9978,5.985429e-06
9979,5.978220e-06
9980,5.971019e-06
9981,5.963826e-06
9982,5.956643e-06
9983,5.949468e-06
9984,5.942301e-06
9985,5.935143e-06
9986,5.927994e-06
9987,5.920854e-06
9988,5.913722e-06
9989,5.906599e-06
9990,5.899484e-06
9991,5.892378e-06
9992,5.885280e-06
9993,5.878191e-06
9994,5.871110e-06
9995,5.864038e-06
9996,5.856975e-06
9997,5.849920e-06
9998,5.842873e-06
9999,5.835835e-06
10000,5.828806e-06
10001,5.821785e-06
10002,5.814772e-06
10003,5.807768e-06
10004,5.800772e-06
10005,5.793785e-06
10006,5.786806e-06
10007,5.779836e-06
10008,5.772874e-06
10009,5.765920e-06
10010,5.758975e-06
10011,5.752038e-06
10012,5.745109e-06
10013,5.738189e-06
10014,5.731277e-06
10015,5.724373e-06
10016,5.717478e-06
10017,5.710591e-06
10018,5.703713e-06
10019,5.696842e-06
10020,5.689980e-06
10021,5.683126e-06
10022,5.676281e-06
10023,5.669443e-06
10024,5.662614e-06
10025,5.655793e-06
10026,5.648981e-06
10027,5.642176e-06
10028,5.635380e-06
10029,5.628592e-06
10030,5.621812e-06
10031,5.615040e-06
10032,5.608277e-06
10033,5.601521e-06
10034,5.594774e-06
10035,5.588035e-06
10036,5.581304e-06
10037,5.574581e-06
10038,5.567866e-06
10039,5.561159e-06
10040,5.554461e-06
10041,5.547770e-06
10042,5.541088e-06
10043,5.534413e-06
10044,5.527747e-06
10045,5.521088e-06
10046,5.514438e-06
10047,5.507796e-06
10048,5.501161e-06
10049,5.494535e-06
10050,5.487916e-06
10051,5.481306e-06
10052,5.474703e-06
10053,5.468109e-06
10054,5.461522e-06
10055,5.454944e-06
10056,5.448373e-06
10057,5.441810e-06
10058,5.435255e-06
10059,5.428708e-06
10060,5.422169e-06
10061,5.415638e-06
10062,5.409115e-06
10063,5.402599e-06
10064,5.396091e-06
10065,5.389592e-06
10066,5.383100e-06
10067,5.376615e-06
10068,5.370139e-06
10069,5.363670e-06
10070,5.357210e-06
10071,5.350757e-06
10072,5.344311e-06
10073,5.337874e-06
10074,5.331444e-06
10075,5.325022e-06
10076,5.318608e-06
10077,5.312202e-06
10078,5.305803e-06
10079,5.299412e-06
10080,5.293028e-06
10081,5.286653e-06
10082,5.280285e-06
10083,5.273924e-06
10084,5.267572e-06
10085,5.261227e-06
10086,5.254889e-06
10087,5.248560e-06
10088,5.242237e-06
10089,5.235923e-06
10090,5.229616e-06
10091,5.223317e-06
10092,5.217025e-06
10093,5.210741e-06
10094,5.204464e-06
10095,5.198195e-06
10096,5.191934e-06
10097,5.185680e-06
10098,5.179434e-06
10099,5.173195e-06
10100,5.166963e-06
10101,5.160740e-06
10102,5.154523e-06
10103,5.148314e-06
10104,5.142113e-06
10105,5.135919e-06
10106,5.129733e-06
10107,5.123554e-06
10108,5.117382e-06
10109,5.111218e-06
10110,5.105061e-06
10111,5.098912e-06
10112,5.092770e-06
10113,5.086636e-06
10114,5.080509e-06
10115,5.074389e-06
10116,5.068277e-06
10117,5.062172e-06
10118,5.056074e-06
10119,5.049984e-06
10120,5.043901e-06
10121,5.037825e-06
10122,5.031757e-06
10123,5.025696e-06
10124,5.019642e-06
10125,5.013596e-06
10126,5.007557e-06
10127,5.001525e-06
10128,4.995501e-06
10129,4.989483e-06
10130,4.983473e-06
10131,4.977470e-06
10132,4.971475e-06
10133,4.965486e-06
10134,4.959505e-06
10135,4.953531e-06
10136,4.947565e-06
10137,4.941605e-06
10138,4.935653e-06
10139,4.929707e-06
10140,4.923769e-06
10141,4.917838e-06
10142,4.911915e-06
10143,4.905998e-06
10144,4.900089e-06
10145,4.894186e-06
10146,4.888291e-06
10147,4.882403e-06
10148,4.876522e-06
10149,4.870648e-06
10150,4.864781e-06
10151,4.858921e-06
10152,4.853068e-06
10153,4.847223e-06
10154,4.841384e-06
10155,4.835552e-06
10156,4.829728e-06
10157,4.823910e-06
10158,4.818099e-06
10159,4.812296e-06
10160,4.806499e-06
10161,4.800709e-06
10162,4.794927e-06
10163,4.789151e-06
10164,4.783382e-06
10165,4.777621e-06
10166,4.771866e-06
10167,4.766118e-06
10168,4.760377e-06
10169,4.754643e-06
10170,4.748916e-06
10171,4.743195e-06
10172,4.737482e-06
10173,4.731775e-06
10174,4.726076e-06
10175,4.720383e-06
10176,4.714697e-06
10177,4.709018e-06
10178,4.703346e-06
10179,4.697680e-06
10180,4.692022e-06
10181,4.686370e-06
10182,4.680725e-06
10183,4.675087e-06
10184,4.669456e-06
10185,4.663831e-06
10186,4.658213e-06
10187,4.652602e-06
10188,4.646998e-06
10189,4.641400e-06
10190,4.635810e-06
10191,4.630226e-06
10192,4.624648e-06
10193,4.619078e-06
10194,4.613514e-06
10195,4.607957e-06
10196,4.602406e-06
10197,4.596862e-06
10198,4.591325e-06
10199,4.585795e-06
10200,4.580271e-06
10201,4.574754e-06
10202,4.569243e-06
10203,4.563740e-06
10204,4.558242e-06
10205,4.552752e-06
10206,4.547268e-06
10207,4.541790e-06
10208,4.536320e-06
10209,4.530855e-06
10210,4.525398e-06
10211,4.519947e-06
10212,4.514502e-06
10213,4.509064e-06
10214,4.503633e-06
10215,4.498208e-06
10216,4.492790e-06
10217,4.487378e-06
10218,4.481973e-06
10219,4.476574e-06
10220,4.471182e-06
10221,4.465796e-06
10222,4.460417e-06
10223,4.455044e-06
10224,4.449678e-06
10225,4.444318e-06
10226,4.438965e-06
10227,4.433618e-06
10228,4.428277e-06
10229,4.422943e-06
10230,4.417616e-06
10231,4.412294e-06
10232,4.406980e-06
10233,4.401671e-06
10234,4.396369e-06
10235,4.391074e-06
10236,4.385784e-06
10237,4.380501e-06
10238,4.375225e-06
10239,4.369955e-06
10240,4.364691e-06
10241,4.359434e-06
10242,4.354182e-06
10243,4.348938e-06
10244,4.343699e-06
10245,4.338467e-06
10246,4.333241e-06
10247,4.328021e-06
10248,4.322808e-06
10249,4.317601e-06
10250,4.312400e-06
10251,4.307206e-06
10252,4.302018e-06
10253,4.296836e-06
10254,4.291660e-06
10255,4.286491e-06
10256,4.281327e-06
10257,4.276170e-06
10258,4.271019e-06
10259,4.265875e-06
10260,4.260736e-06
10261,4.255604e-06
10262,4.250478e-06
10263,4.245358e-06
10264,4.240244e-06
10265,4.235137e-06
10266,4.230035e-06
10267,4.224940e-06
10268,4.219851e-06
10269,4.214768e-06
10270,4.209691e-06
10271,4.204620e-06
10272,4.199556e-06
10273,4.194497e-06
10274,4.189445e-06
10275,4.184398e-06
10276,4.179358e-06
10277,4.174324e-06
10278,4.169296e-06
10279,4.164274e-06
10280,4.159258e-06
10281,4.154248e-06
10282,4.149244e-06
10283,4.144246e-06
10284,4.139254e-06
10285,4.134268e-06
10286,4.129288e-06
10287,4.124314e-06
10288,4.119346e-06
10289,4.114384e-06
10290,4.109428e-06
10291,4.104478e-06
10292,4.099534e-06
10293,4.094596e-06
10294,4.089664e-06
10295,4.084738e-06
10296,4.079818e-06
10297,4.074903e-06
10298,4.069995e-06
10299,4.065092e-06
10300,4.060196e-06
10301,4.055305e-06
10302,4.050420e-06
10303,4.045541e-06
10304,4.040668e-06
10305,4.035801e-06
10306,4.030940e-06
10307,4.026084e-06
10308,4.021235e-06
10309,4.016391e-06
10310,4.011553e-06
10311,4.006721e-06
10312,4.001895e-06
10313,3.997074e-06
10314,3.992260e-06
10315,3.987451e-06
10316,3.982648e-06
10317,3.977851e-06
10318,3.973059e-06
10319,3.968273e-06
10320,3.963493e-06
10321,3.958719e-06
10322,3.953951e-06
10323,3.949188e-06
10324,3.944431e-06
10325,3.939680e-06
10326,3.934934e-06
10327,3.930194e-06
10328,3.925460e-06
10329,3.920732e-06
10330,3.916009e-06
10331,3.911292e-06
10332,3.906581e-06
10333,3.901875e-06
10334,3.897175e-06
10335,3.892481e-06
10336,3.887792e-06
10337,3.883109e-06
10338,3.878432e-06
10339,3.873760e-06
10340,3.869094e-06
10341,3.864434e-06
10342,3.859779e-06
10343,3.855129e-06
10344,3.850486e-06
10345,3.845848e-06
10346,3.841215e-06
10347,3.836588e-06
10348,3.831967e-06
10349,3.827351e-06
10350,3.822741e-06
10351,3.818136e-06
10352,3.813537e-06
10353,3.808944e-06
10354,3.804356e-06
10355,3.799773e-06
10356,3.795196e-06
10357,3.790625e-06
10358,3.786059e-06
10359,3.781498e-06
10360,3.776943e-06
10361,3.772394e-06
10362,3.767850e-06
10363,3.763311e-06
10364,3.758778e-06
10365,3.754250e-06
10366,3.749728e-06
10367,3.745212e-06
10368,3.740700e-06
10369,3.736194e-06
10370,3.731694e-06
10371,3.727199e-06
10372,3.722710e-06
10373,3.718225e-06
10374,3.713747e-06
10375,3.709273e-06
10376,3.704805e-06
10377,3.700343e-06
10378,3.695885e-06
10379,3.691434e-06
10380,3.686987e-06
10381,3.682546e-06
10382,3.678110e-06
10383,3.673680e-06
10384,3.669255e-06
10385,3.664835e-06
10386,3.660420e-06
10387,3.656011e-06
10388,3.651607e-06
10389,3.647209e-06
10390,3.642816e-06
10391,3.638428e-06
10392,3.634045e-06
10393,3.629668e-06
10394,3.625296e-06
10395,3.620929e-06
10396,3.616567e-06
10397,3.612211e-06
10398,3.607860e-06
10399,3.603514e-06
10400,3.599173e-06
10401,3.594838e-06
10402,3.590508e-06
10403,3.586183e-06
10404,3.581863e-06
10405,3.577549e-06
10406,3.573239e-06
10407,3.568935e-06
10408,3.564636e-06
10409,3.560343e-06
10410,3.556054e-06
10411,3.551771e-06
10412,3.547492e-06
10413,3.543219e-06
10414,3.538951e-06
10415,3.534688e-06
10416,3.530431e-06
10417,3.526178e-06
10418,3.521931e-06
10419,3.517688e-06
10420,3.513451e-06
10421,3.509219e-06
10422,3.504992e-06
10423,3.500770e-06
10424,3.496553e-06
10425,3.492342e-06
10426,3.488135e-06
10427,3.483933e-06
10428,3.479737e-06
10429,3.475545e-06
10430,3.471359e-06
10431,3.467177e-06
10432,3.463001e-06
10433,3.458830e-06
10434,3.454663e-06
10435,3.450502e-06
10436,3.446346e-06
10437,3.442195e-06
10438,3.438048e-06
10439,3.433907e-06
10440,3.429771e-06
10441,3.425639e-06
10442,3.421513e-06
10443,3.417392e-06
10444,3.413275e-06
10445,3.409164e-06
10446,3.405057e-06
10447,3.400956e-06
10448,3.396859e-06
10449,3.392768e-06
10450,3.388681e-06
10451,3.384599e-06
10452,3.380522e-06
10453,3.376450e-06
10454,3.372383e-06
10455,3.368321e-06
10456,3.364264e-06
10457,3.360211e-06
10458,3.356164e-06
10459,3.352121e-06
10460,3.348083e-06
10461,3.344050e-06
10462,3.340022e-06
10463,3.335999e-06
10464,3.331981e-06
10465,3.327967e-06
10466,3.323959e-06
10467,3.319955e-06
10468,3.315956e-06
10469,3.311961e-06
10470,3.307972e-06
10471,3.303987e-06
10472,3.300008e-06
10473,3.296033e-06
10474,3.292062e-06
10475,3.288097e-06
10476,3.284136e-06
10477,3.280180e-06
10478,3.276229e-06
10479,3.272283e-06
10480,3.268341e-06
10481,3.264404e-06
10482,3.260472e-06
10483,3.256545e-06
10484,3.252622e-06
10485,3.248704e-06
10486,3.244791e-06
10487,3.240883e-06
10488,3.236979e-06
10489,3.233080e-06
10490,3.229185e-06
10491,3.225296e-06
10492,3.221411e-06
10493,3.217530e-06
10494,3.213655e-06
10495,3.209784e-06
10496,3.205917e-06
10497,3.202056e-06
10498,3.198199e-06
10499,3.194346e-06
10500,3.190499e-06
10501,3.186656e-06
10502,3.182817e-06
10503,3.178983e-06
10504,3.175154e-06
10505,3.171329e-06
10506,3.167509e-06
10507,3.163694e-06
10508,3.159883e-06
10509,3.156077e-06
10510,3.152275e-06
10511,3.148478e-06
10512,3.144686e-06
10513,3.140898e-06
10514,3.137115e-06
10515,3.133336e-06
10516,3.129562e-06
10517,3.125792e-06
10518,3.122027e-06
10519,3.118266e-06
10520,3.114510e-06
10521,3.110758e-06
10522,3.107011e-06
10523,3.103269e-06
10524,3.099531e-06
10525,3.095797e-06
10526,3.092068e-06
10527,3.088344e-06
10528,3.084624e-06
10529,3.080908e-06
10530,3.077197e-06
10531,3.073490e-06
10532,3.069788e-06
10533,3.066091e-06
10534,3.062397e-06
10535,3.058709e-06
10536,3.055024e-06
10537,3.051344e-06
10538,3.047669e-06
10539,3.043998e-06
10540,3.040331e-06
10541,3.036669e-06
10542,3.033011e-06
10543,3.029358e-06
10544,3.025709e-06
10545,3.022064e-06
10546,3.018424e-06
10547,3.014788e-06
10548,3.011157e-06
10549,3.007530e-06
10550,3.003907e-06
10551,3.000289e-06
10552,2.996675e-06
10553,2.993065e-06
10554,2.989460e-06
10555,2.985859e-06
10556,2.982262e-06
10557,2.978670e-06
10558,2.975082e-06
10559,2.971498e-06
10560,2.967919e-06
10561,2.964344e-06
10562,2.960773e-06
10563,2.957207e-06
10564,2.953645e-06
10565,2.950087e-06
10566,2.946534e-06
10567,2.942984e-06
10568,2.939439e-06
10569,2.935899e-06
10570,2.932362e-06
10571,2.928830e-06
10572,2.925302e-06
10573,2.921779e-06
10574,2.918259e-06
10575,2.914744e-06
10576,2.911233e-06
10577,2.907726e-06
10578,2.904224e-06
10579,2.900726e-06
10580,2.897232e-06
10581,2.893742e-06
10582,2.890256e-06
10583,2.886775e-06
10584,2.883297e-06
10585,2.879824e-06
10586,2.876355e-06
10587,2.872891e-06
10588,2.869430e-06
10589,2.865974e-06
10590,2.862522e-06
10591,2.859074e-06
10592,2.855630e-06
10593,2.852190e-06
10594,2.848754e-06
10595,2.845323e-06
10596,2.841896e-06
10597,2.838472e-06
10598,2.835053e-06
10599,2.831638e-06
10600,2.828228e-06
10601,2.824821e-06
10602,2.821418e-06
10603,2.818020e-06
10604,2.814625e-06
10605,2.811235e-06
10606,2.807849e-06
10607,2.804467e-06
10608,2.801088e-06
10609,2.797714e-06
10610,2.794344e-06
10611,2.790979e-06
10612,2.787617e-06
10613,2.784259e-06
10614,2.780905e-06
10615,2.777555e-06
10616,2.774210e-06
10617,2.770868e-06
10618,2.767530e-06
10619,2.764197e-06
10620,2.760867e-06
10621,2.757542e-06
10622,2.754220e-06
10623,2.750902e-06
10624,2.747589e-06
10625,2.744279e-06
10626,2.740974e-06
10627,2.737672e-06
10628,2.734374e-06
10629,2.731081e-06
10630,2.727791e-06
10631,2.724505e-06
10632,2.721224e-06
10633,2.717946e-06
10634,2.714672e-06
10635,2.711402e-06
10636,2.708136e-06
10637,2.704874e-06
10638,2.701616e-06
10639,2.698361e-06
10640,2.695111e-06
10641,2.691865e-06
10642,2.688622e-06
10643,2.685384e-06
10644,2.682149e-06
10645,2.678918e-06
10646,2.675691e-06
10647,2.672468e-06
10648,2.669249e-06
10649,2.666034e-06
10650,2.662823e-06
10651,2.659615e-06
10652,2.656412e-06
10653,2.653212e-06
10654,2.650016e-06
10655,2.646824e-06
10656,2.643636e-06
10657,2.640451e-06
10658,2.637271e-06
10659,2.634094e-06
10660,2.630921e-06
10661,2.627752e-06
10662,2.624587e-06
10663,2.621425e-06
10664,2.618268e-06
10665,2.615114e-06
10666,2.611964e-06
10667,2.608818e-06
10668,2.605675e-06
10669,2.602537e-06
10670,2.599402e-06
10671,2.596271e-06
10672,2.593143e-06
10673,2.590020e-06
10674,2.586900e-06
10675,2.583784e-06
10676,2.580672e-06
10677,2.577563e-06
10678,2.574458e-06
10679,2.571357e-06
10680,2.568260e-06
10681,2.565167e-06
10682,2.562077e-06
10683,2.558991e-06
10684,2.555908e-06
10685,2.552829e-06
10686,2.549754e-06
10687,2.546683e-06
10688,2.543616e-06
10689,2.540552e-06
10690,2.537491e-06
10691,2.534435e-06
10692,2.531382e-06
10693,2.528333e-06
10694,2.525287e-06
10695,2.522246e-06
10696,2.519207e-06
10697,2.516173e-06
10698,2.513142e-06
10699,2.510115e-06
10700,2.507091e-06
10701,2.504071e-06
10702,2.501055e-06
10703,2.498043e-06
10704,2.495034e-06
10705,2.492028e-06
10706,2.489026e-06
10707,2.486028e-06
10708,2.483034e-06
10709,2.480043e-06
10710,2.477056e-06
10711,2.474072e-06
10712,2.471092e-06
10713,2.468115e-06
10714,2.465142e-06
10715,2.462173e-06
10716,2.459207e-06
10717,2.456245e-06
10718,2.453286e-06
10719,2.450331e-06
10720,2.447380e-06
10721,2.444432e-06
10722,2.441487e-06
10723,2.438546e-06
10724,2.435609e-06
10725,2.432675e-06
10726,2.429745e-06
10727,2.426818e-06
10728,2.423895e-06
10729,2.420975e-06
10730,2.418059e-06
10731,2.415146e-06
10732,2.412237e-06
10733,2.409332e-06
10734,2.406429e-06
10735,2.403531e-06
10736,2.400636e-06
10737,2.397744e-06
10738,2.394856e-06
10739,2.391971e-06
10740,2.389090e-06
10741,2.386212e-06
10742,2.383338e-06
10743,2.380467e-06
10744,2.377600e-06
10745,2.374736e-06
10746,2.371875e-06
10747,2.369018e-06
10748,2.366165e-06
10749,2.363314e-06
10750,2.360468e-06
10751,2.357624e-06
10752,2.354785e-06
10753,2.351948e-06
10754,2.349115e-06
10755,2.346285e-06
10756,2.343459e-06
10757,2.340636e-06
10758,2.337817e-06
10759,2.335001e-06
10760,2.332188e-06
10761,2.329379e-06
10762,2.326573e-06
10763,2.323771e-06
10764,2.320972e-06
10765,2.318176e-06
10766,2.315384e-06
10767,2.312595e-06
10768,2.309809e-06
10769,2.307027e-06
10770,2.304248e-06
10771,2.301472e-06
10772,2.298700e-06
10773,2.295931e-06
10774,2.293166e-06
10775,2.290404e-06
10776,2.287645e-06
10777,2.284889e-06
10778,2.282137e-06
10779,2.279388e-06
10780,2.276642e-06
10781,2.273900e-06
10782,2.271161e-06
10783,2.268425e-06
10784,2.265693e-06
10785,2.262964e-06
10786,2.260238e-06
10787,2.257515e-06
10788,2.254796e-06
10789,2.252080e-06
10790,2.249367e-06
10791,2.246658e-06
10792,2.243952e-06
10793,2.241249e-06
10794,2.238549e-06
10795,2.235853e-06
10796,2.233159e-06
10797,2.230469e-06
10798,2.227783e-06
10799,2.225099e-06
10800,2.222419e-06
10801,2.219742e-06
10802,2.217068e-06
10803,2.214398e-06
10804,2.211730e-06
10805,2.209066e-06
10806,2.206405e-06
10807,2.203748e-06
10808,2.201093e-06
10809,2.198442e-06
10810,2.195794e-06
10811,2.193149e-06
10812,2.190507e-06
10813,2.187868e-06
10814,2.185233e-06
10815,2.182601e-06
10816,2.179972e-06
10817,2.177346e-06
10818,2.174723e-06
10819,2.172104e-06
10820,2.169487e-06
10821,2.166874e-06
10822,2.164264e-06
10823,2.161657e-06
10824,2.159053e-06
10825,2.156453e-06
10826,2.153855e-06
10827,2.151261e-06
10828,2.148669e-06
10829,2.146081e-06
10830,2.143496e-06
10831,2.140914e-06
10832,2.138335e-06
10833,2.135760e-06
10834,2.133187e-06
10835,2.130617e-06
10836,2.128051e-06
10837,2.125488e-06
10838,2.122927e-06
10839,2.120370e-06
10840,2.117816e-06
10841,2.115265e-06
10842,2.112717e-06
10843,2.110172e-06
10844,2.107631e-06
10845,2.105092e-06
10846,2.102556e-06
10847,2.100024e-06
10848,2.097494e-06
10849,2.094968e-06
10850,2.092444e-06
10851,2.089924e-06
10852,2.087406e-06
10853,2.084892e-06
10854,2.082380e-06
10855,2.079872e-06
10856,2.077367e-06
10857,2.074865e-06
10858,2.072365e-06
10859,2.069869e-06
10860,2.067376e-06
10861,2.064886e-06
10862,2.062398e-06
10863,2.059914e-06
10864,2.057433e-06
10865,2.054955e-06
10866,2.052479e-06
10867,2.050007e-06
10868,2.047538e-06
10869,2.045071e-06
10870,2.042608e-06
10871,2.040148e-06
10872,2.037690e-06
10873,2.035236e-06
10874,2.032784e-06
10875,2.030335e-06
10876,2.027890e-06
10877,2.025447e-06
10878,2.023007e-06
10879,2.020571e-06
10880,2.018137e-06
10881,2.015706e-06
10882,2.013278e-06
10883,2.010853e-06
10884,2.008431e-06
10885,2.006011e-06
10886,2.003595e-06
10887,2.001182e-06
10888,1.998771e-06
10889,1.996363e-06
10890,1.993959e-06
10891,1.991557e-06
10892,1.989158e-06
10893,1.986762e-06
10894,1.984369e-06
10895,1.981979e-06
10896,1.979591e-06
10897,1.977207e-06
10898,1.974825e-06
10899,1.972446e-06
10900,1.970070e-06
10901,1.967697e-06
10902,1.965327e-06
10903,1.962960e-06
10904,1.960595e-06
10905,1.958234e-06
10906,1.955875e-06
10907,1.953519e-06
10908,1.951166e-06
10909,1.948816e-06
10910,1.946468e-06
10911,1.944124e-06
10912,1.941782e-06
10913,1.939443e-06
10914,1.937107e-06
10915,1.934773e-06
10916,1.932443e-06
10917,1.930115e-06
10918,1.927790e-06
10919,1.925468e-06
10920,1.923149e-06
10921,1.920832e-06
10922,1.918519e-06
10923,1.916208e-06
10924,1.913900e-06
10925,1.911594e-06
10926,1.909292e-06
10927,1.906992e-06
10928,1.904695e-06
10929,1.902400e-06
10930,1.900109e-06
10931,1.897820e-06
10932,1.895534e-06
10933,1.893251e-06
10934,1.890970e-06
10935,1.888693e-06
10936,1.886418e-06
10937,1.884145e-06
10938,1.881876e-06
10939,1.879609e-06
10940,1.877345e-06
10941,1.875084e-06
10942,1.872825e-06
10943,1.870569e-06
10944,1.868316e-06
10945,1.866065e-06
10946,1.863818e-06
10947,1.861573e-06
10948,1.859330e-06
10949,1.857091e-06
10950,1.854854e-06
10951,1.852619e-06
10952,1.850388e-06
10953,1.848159e-06
10954,1.845933e-06
10955,1.843709e-06
10956,1.841488e-06
10957,1.839270e-06
10958,1.837055e-06
10959,1.834842e-06
10960,1.832632e-06
10961,1.830424e-06
10962,1.828220e-06
10963,1.826017e-06
10964,1.823818e-06
10965,1.821621e-06
10966,1.819427e-06
10967,1.817235e-06
10968,1.815046e-06
10969,1.812860e-06
10970,1.810676e-06
10971,1.808495e-06
10972,1.806317e-06
10973,1.804141e-06
10974,1.801968e-06
10975,1.799797e-06
10976,1.797629e-06
10977,1.795464e-06
10978,1.793301e-06
10979,1.791141e-06
10980,1.788984e-06
10981,1.786829e-06
10982,1.784677e-06
10983,1.782527e-06
10984,1.780380e-06
10985,1.778235e-06
10986,1.776093e-06
10987,1.773954e-06
10988,1.771817e-06
10989,1.769683e-06
10990,1.767551e-06
10991,1.765422e-06
10992,1.763295e-06
10993,1.761171e-06
10994,1.759050e-06
10995,1.756931e-06
10996,1.754815e-06
10997,1.752701e-06
10998,1.750590e-06
10999,1.748481e-06
11000,1.746375e-06
11001,1.744272e-06
11002,1.742171e-06
11003,1.740072e-06
11004,1.737976e-06
11005,1.735883e-06
11006,1.733792e-06
11007,1.731703e-06
11008,1.729617e-06
11009,1.727534e-06
11010,1.725453e-06
11011,1.723375e-06
11012,1.721299e-06
11013,1.719225e-06
11014,1.717154e-06
11015,1.715086e-06
11016,1.713020e-06
11017,1.710957e-06
11018,1.708896e-06
11019,1.706837e-06
11020,1.704781e-06
11021,1.702728e-06
11022,1.700677e-06
11023,1.698628e-06
11024,1.696582e-06
11025,1.694539e-06
11026,1.692498e-06
11027,1.690459e-06
11028,1.688423e-06
11029,1.686389e-06
11030,1.684358e-06
11031,1.682329e-06
11032,1.680302e-06
11033,1.678278e-06
11034,1.676257e-06
11035,1.674238e-06
11036,1.672221e-06
11037,1.670207e-06
11038,1.668195e-06
11039,1.666185e-06
11040,1.664178e-06
11041,1.662174e-06
11042,1.660172e-06
11043,1.658172e-06
11044,1.656175e-06
11045,1.654180e-06
11046,1.652187e-06
11047,1.650197e-06
11048,1.648209e-06
11049,1.646224e-06
11050,1.644241e-06
11051,1.642260e-06
11052,1.640282e-06
11053,1.638306e-06
11054,1.636333e-06
11055,1.634362e-06
11056,1.632393e-06
11057,1.630427e-06
11058,1.628463e-06
11059,1.626501e-06
11060,1.624542e-06
11061,1.622585e-06
11062,1.620631e-06
11063,1.618679e-06
11064,1.616729e-06
11065,1.614782e-06
11066,1.612837e-06
11067,1.610894e-06
11068,1.608953e-06
11069,1.607015e-06
11070,1.605080e-06
11071,1.603146e-06
11072,1.601215e-06
11073,1.599287e-06
11074,1.597360e-06
11075,1.595436e-06
11076,1.593514e-06
11077,1.591595e-06
11078,1.589678e-06
11079,1.587763e-06
11080,1.585850e-06
11081,1.583940e-06
11082,1.582032e-06
11083,1.580127e-06
11084,1.578223e-06
11085,1.576322e-06
11086,1.574423e-06
11087,1.572527e-06
11088,1.570633e-06
11089,1.568741e-06
11090,1.566851e-06
11091,1.564964e-06
11092,1.563079e-06
11093,1.561196e-06
11094,1.559315e-06
11095,1.557437e-06
11096,1.555561e-06
11097,1.553687e-06
11098,1.551816e-06
11099,1.549947e-06
11100,1.548080e-06
11101,1.546215e-06
11102,1.544353e-06
11103,1.542492e-06
11104,1.540634e-06
11105,1.538779e-06
11106,1.536925e-06
11107,1.535074e-06
11108,1.533225e-06
11109,1.531378e-06
11110,1.529533e-06
11111,1.527691e-06
11112,1.525851e-06
11113,1.524013e-06
11114,1.522177e-06
11115,1.520343e-06
11116,1.518512e-06
11117,1.516683e-06
11118,1.514856e-06
11119,1.513031e-06
11120,1.511209e-06
11121,1.509389e-06
11122,1.507570e-06
11123,1.505755e-06
11124,1.503941e-06
11125,1.502129e-06
11126,1.500320e-06
11127,1.498513e-06
11128,1.496708e-06
11129,1.494905e-06
11130,1.493104e-06
11131,1.491306e-06
11132,1.489509e-06
11133,1.487715e-06
11134,1.485923e-06
11135,1.484133e-06
11136,1.482345e-06
11137,1.480560e-06
11138,1.478777e-06
11139,1.476995e-06
11140,1.475216e-06
11141,1.473439e-06
11142,1.471664e-06
11143,1.469892e-06
11144,1.468121e-06
11145,1.466353e-06
11146,1.464586e-06
11147,1.462822e-06
11148,1.461060e-06
11149,1.459300e-06
11150,1.457543e-06
11151,1.455787e-06
11152,1.454033e-06
11153,1.452282e-06
11154,1.450533e-06
11155,1.448785e-06
11156,1.447040e-06
11157,1.445297e-06
11158,1.443556e-06
11159,1.441817e-06
11160,1.440081e-06
11161,1.438346e-06
11162,1.436613e-06
11163,1.434883e-06
11164,1.433155e-06
11165,1.431428e-06
11166,1.429704e-06
11167,1.427982e-06
11168,1.426262e-06
11169,1.424544e-06
11170,1.422828e-06
11171,1.421114e-06
11172,1.419402e-06
11173,1.417693e-06
11174,1.415985e-06
11175,1.414279e-06
11176,1.412576e-06
11177,1.410874e-06
11178,1.409175e-06
11179,1.407477e-06
11180,1.405782e-06
11181,1.404089e-06
11182,1.402397e-06
11183,1.400708e-06
11184,1.399021e-06
11185,1.397336e-06
11186,1.395653e-06
11187,1.393971e-06
11188,1.392292e-06
11189,1.390615e-06
11190,1.388940e-06
11191,1.387267e-06
11192,1.385596e-06
11193,1.383927e-06
11194,1.382260e-06
11195,1.380595e-06
11196,1.378932e-06
11197,1.377271e-06
11198,1.375612e-06
11199,1.373955e-06
11200,1.372300e-06
11201,1.370647e-06
11202,1.368996e-06
11203,1.367347e-06
11204,1.365700e-06
11205,1.364055e-06
11206,1.362412e-06
11207,1.360771e-06
11208,1.359132e-06
11209,1.357495e-06
11210,1.355860e-06
11211,1.354226e-06
11212,1.352595e-06
11213,1.350966e-06
11214,1.349339e-06
11215,1.347713e-06
11216,1.346090e-06
11217,1.344468e-06
11218,1.342849e-06
11219,1.341231e-06
11220,1.339616e-06
11221,1.338002e-06
11222,1.336391e-06
11223,1.334781e-06
11224,1.333173e-06
11225,1.331567e-06
11226,1.329963e-06
11227,1.328361e-06
11228,1.326761e-06
11229,1.325163e-06
11230,1.323567e-06
11231,1.321973e-06
11232,1.320380e-06
11233,1.318790e-06
11234,1.317201e-06
11235,1.315615e-06
11236,1.314030e-06
11237,1.312447e-06
11238,1.310866e-06
11239,1.309287e-06
11240,1.307710e-06
11241,1.306135e-06
11242,1.304562e-06
11243,1.302990e-06
11244,1.301421e-06
11245,1.299853e-06
11246,1.298287e-06
11247,1.296723e-06
11248,1.295161e-06
11249,1.293601e-06
11250,1.292043e-06
11251,1.290487e-06
11252,1.288932e-06
11253,1.287380e-06
11254,1.285829e-06
11255,1.284280e-06
11256,1.282733e-06
11257,1.281188e-06
11258,1.279645e-06
11259,1.278104e-06
11260,1.276564e-06
11261,1.275026e-06
11262,1.273491e-06
11263,1.271957e-06
11264,1.270424e-06
11265,1.268894e-06
11266,1.267366e-06
11267,1.265839e-06
11268,1.264314e-06
11269,1.262791e-06
11270,1.261270e-06
11271,1.259751e-06
11272,1.258234e-06
11273,1.256718e-06
11274,1.255204e-06
11275,1.253692e-06
11276,1.252182e-06
11277,1.250674e-06
11278,1.249167e-06
11279,1.247663e-06
11280,1.246160e-06
11281,1.244659e-06
11282,1.243160e-06
11283,1.241662e-06
11284,1.240167e-06
11285,1.238673e-06
11286,1.237181e-06
11287,1.235690e-06
11288,1.234202e-06
11289,1.232715e-06
11290,1.231230e-06
11291,1.229747e-06
11292,1.228266e-06
11293,1.226787e-06
11294,1.225309e-06
11295,1.223833e-06
11296,1.222359e-06
11297,1.220886e-06
11298,1.219416e-06
11299,1.217947e-06
11300,1.216480e-06
11301,1.215015e-06
11302,1.213551e-06
11303,1.212089e-06
11304,1.210629e-06
11305,1.209171e-06
11306,1.207715e-06
11307,1.206260e-06
11308,1.204807e-06
11309,1.203356e-06
11310,1.201906e-06
11311,1.200458e-06
11312,1.199012e-06
11313,1.197568e-06
11314,1.196125e-06
11315,1.194685e-06
11316,1.193246e-06
11317,1.191808e-06
11318,1.190373e-06
11319,1.188939e-06
11320,1.187507e-06
11321,1.186076e-06
11322,1.184648e-06
11323,1.183221e-06
11324,1.181795e-06
11325,1.180372e-06
11326,1.178950e-06
11327,1.177530e-06
11328,1.176112e-06
11329,1.174695e-06
11330,1.173280e-06
11331,1.171867e-06
11332,1.170455e-06
11333,1.169045e-06
11334,1.167637e-06
11335,1.166231e-06
11336,1.164826e-06
11337,1.163423e-06
11338,1.162021e-06
11339,1.160622e-06
11340,1.159224e-06
11341,1.157827e-06
11342,1.156433e-06
11343,1.155040e-06
11344,1.153648e-06
11345,1.152259e-06
11346,1.150871e-06
11347,1.149485e-06
11348,1.148100e-06
11349,1.146717e-06
11350,1.145336e-06
11351,1.143956e-06
11352,1.142578e-06
11353,1.141202e-06
11354,1.139827e-06
11355,1.138454e-06
11356,1.137083e-06
11357,1.135713e-06
11358,1.134345e-06
11359,1.132979e-06
11360,1.131614e-06
11361,1.130251e-06
11362,1.128890e-06
11363,1.127530e-06
11364,1.126172e-06
11365,1.124815e-06
11366,1.123460e-06
11367,1.122107e-06
11368,1.120755e-06
11369,1.119405e-06
11370,1.118057e-06
11371,1.116710e-06
11372,1.115365e-06
11373,1.114022e-06
11374,1.112680e-06
11375,1.111340e-06
11376,1.110001e-06
11377,1.108664e-06
11378,1.107328e-06
11379,1.105995e-06
11380,1.104662e-06
11381,1.103332e-06
11382,1.102003e-06
11383,1.100675e-06
11384,1.099350e-06
11385,1.098025e-06
11386,1.096703e-06
11387,1.095382e-06
11388,1.094062e-06
11389,1.092744e-06
11390,1.091428e-06
11391,1.090113e-06
11392,1.088800e-06
11393,1.087489e-06
11394,1.086179e-06
11395,1.084871e-06
11396,1.083564e-06
11397,1.082259e-06
11398,1.080955e-06
11399,1.079653e-06
11400,1.078352e-06
11401,1.077054e-06
11402,1.075756e-06
11403,1.074460e-06
11404,1.073166e-06
11405,1.071873e-06
11406,1.070582e-06
11407,1.069293e-06
11408,1.068005e-06
11409,1.066718e-06
11410,1.065433e-06
11411,1.064150e-06
11412,1.062868e-06
11413,1.061588e-06
11414,1.060309e-06
11415,1.059032e-06
11416,1.057756e-06
11417,1.056482e-06
11418,1.055210e-06
11419,1.053939e-06
11420,1.052669e-06
11421,1.051401e-06
11422,1.050135e-06
11423,1.048870e-06
11424,1.047606e-06
11425,1.046344e-06
11426,1.045084e-06
11427,1.043825e-06
11428,1.042568e-06
11429,1.041312e-06
11430,1.040058e-06
11431,1.038805e-06
11432,1.037554e-06
11433,1.036304e-06
11434,1.035056e-06
11435,1.033809e-06
11436,1.032564e-06
11437,1.031320e-06
11438,1.030078e-06
11439,1.028837e-06
11440,1.027598e-06
11441,1.026360e-06
11442,1.025123e-06
11443,1.023889e-06
11444,1.022655e-06
11445,1.021423e-06
11446,1.020193e-06
11447,1.018964e-06
11448,1.017737e-06
11449,1.016511e-06
11450,1.015287e-06
11451,1.014064e-06
11452,1.012842e-06
11453,1.011622e-06
11454,1.010404e-06
11455,1.009186e-06
11456,1.007971e-06
11457,1.006757e-06
11458,1.005544e-06
11459,1.004333e-06
11460,1.003123e-06
11461,1.001915e-06
11462,1.000708e-06
11463,9.995025e-07
