iteration,rel_residual
0,1.000000e+00
1,9.976024e-01
2,9.952106e-01
3,9.928236e-01
4,9.904417e-01
5,9.880650e-01
6,9.856938e-01
7,9.833280e-01
8,9.809677e-01
9,9.786128e-01
10,9.762635e-01
11,9.739197e-01
12,9.715815e-01
13,9.692487e-01
14,9.669215e-01
15,9.645998e-01
16,9.622835e-01
17,9.599728e-01
18,9.576676e-01
19,9.553679e-01
20,9.530736e-01
21,9.507848e-01
22,9.485014e-01
23,9.462235e-01
24,9.439510e-01
25,9.416840e-01
26,9.394223e-01
27,9.371661e-01
28,9.349152e-01
29,9.326698e-01
30,9.304296e-01
31,9.281949e-01
32,9.259655e-01
33,9.237414e-01
34,9.215226e-01
35,9.193091e-01
36,9.171010e-01
37,9.148981e-01
38,9.127005e-01
39,9.105081e-01
40,9.083210e-01
41,9.061391e-01
42,9.039625e-01
43,9.017910e-01
44,8.996248e-01
45,8.974637e-01
46,8.953079e-01
47,8.931571e-01
48,8.910116e-01
49,8.888711e-01
50,8.867359e-01
51,8.846057e-01
52,8.824806e-01
53,8.803606e-01
54,8.782457e-01
55,8.761359e-01
56,8.740311e-01
57,8.719313e-01
58,8.698366e-01
59,8.677469e-01
60,8.656623e-01
61,8.635826e-01
62,8.615079e-01
63,8.594382e-01
64,8.573734e-01
65,8.553136e-01
66,8.532587e-01
67,8.512088e-01
68,8.491637e-01
69,8.471236e-01
70,8.450884e-01
71,8.430580e-01
72,8.410325e-01
73,8.390119e-01
74,8.369961e-01
75,8.349851e-01
76,8.329790e-01
77,8.309777e-01
78,8.289811e-01
79,8.269894e-01
80,8.250024e-01
81,8.230203e-01
82,8.210428e-01
83,8.190701e-01
84,8.171021e-01
85,8.151389e-01
86,8.131804e-01
87,8.112265e-01
88,8.092774e-01
89,8.073329e-01
90,8.053931e-01
91,8.034579e-01
92,8.015274e-01
93,7.996015e-01
94,7.976802e-01
95,7.957636e-01
96,7.938515e-01
97,7.919440e-01
98,7.900411e-01
99,7.881428e-01
100,7.862490e-01
101,7.843598e-01
102,7.824751e-01
103,7.805949e-01
104,7.787192e-01
105,7.768480e-01
106,7.749813e-01
107,7.731191e-01
108,7.712614e-01
109,7.694081e-01
110,7.675593e-01
111,7.657149e-01
112,7.638749e-01
113,7.620393e-01
114,7.602082e-01
115,7.583814e-01
116,7.565590e-01
117,7.547410e-01
118,7.529274e-01
119,7.511181e-01
120,7.493131e-01
121,7.475125e-01
122,7.457162e-01
123,7.439242e-01
124,7.421365e-01
125,7.403531e-01
126,7.385740e-01
127,7.367992e-01
128,7.350286e-01
129,7.332622e-01
130,7.315001e-01
131,7.297422e-01
132,7.279886e-01
133,7.262391e-01
134,7.244939e-01
135,7.227528e-01
136,7.210159e-01
137,7.192832e-01
138,7.175546e-01
139,7.158302e-01
140,7.141099e-01
141,7.123938e-01
142,7.106818e-01
143,7.089738e-01
144,7.072700e-01
145,7.055703e-01
146,7.038746e-01
147,7.021830e-01
148,7.004955e-01
149,6.988120e-01
150,6.971326e-01
151,6.954572e-01
152,6.937858e-01
153,6.921184e-01
154,6.904550e-01
155,6.887957e-01
156,6.871403e-01
157,6.854888e-01
158,6.838414e-01
159,6.821979e-01
160,6.805583e-01
161,6.789227e-01
162,6.772910e-01
163,6.756632e-01
164,6.740393e-01
165,6.724193e-01
166,6.708032e-01
167,6.691910e-01
168,6.675827e-01
169,6.659782e-01
170,6.643775e-01
171,6.627807e-01
172,6.611878e-01
173,6.595986e-01
174,6.580133e-01
175,6.564318e-01
176,6.548541e-01
177,6.532801e-01
178,6.517100e-01
179,6.501436e-01
180,6.485809e-01
181,6.470220e-01
182,6.454669e-01
183,6.439155e-01
184,6.423678e-01
185,6.408238e-01
186,6.392836e-01
187,6.377470e-01
188,6.362141e-01
189,6.346849e-01
190,6.331594e-01
191,6.316375e-01
192,6.301193e-01
193,6.286047e-01
194,6.270938e-01
195,6.255865e-01
196,6.240828e-01
197,6.225827e-01
198,6.210862e-01
199,6.195933e-01
200,6.181040e-01
201,6.166183e-01
202,6.151361e-01
203,6.136575e-01
204,6.121825e-01
205,6.107110e-01
206,6.092430e-01
207,6.077785e-01
208,6.063176e-01
209,6.048601e-01
210,6.034062e-01
211,6.019557e-01
212,6.005088e-01
213,5.990653e-01
214,5.976252e-01
215,5.961887e-01
216,5.947555e-01
217,5.933258e-01
218,5.918996e-01
219,5.904768e-01
220,5.890573e-01
221,5.876413e-01
222,5.862287e-01
223,5.848195e-01
224,5.834137e-01
225,5.820112e-01
226,5.806121e-01
227,5.792164e-01
228,5.778240e-01
229,5.764349e-01
230,5.750492e-01
231,5.736669e-01
232,5.722878e-01
233,5.709120e-01
234,5.695396e-01
235,5.681704e-01
236,5.668046e-01
237,5.654420e-01
238,5.640827e-01
239,5.627266e-01
240,5.613738e-01
241,5.600242e-01
242,5.586779e-01
243,5.573348e-01
244,5.559950e-01
245,5.546583e-01
246,5.533249e-01
247,5.519947e-01
248,5.506677e-01
249,5.493438e-01
250,5.480231e-01
251,5.467056e-01
252,5.453913e-01
253,5.440801e-01
254,5.427721e-01
255,5.414672e-01
256,5.401654e-01
257,5.388668e-01
258,5.375712e-01
259,5.362788e-01
260,5.349895e-01
261,5.337033e-01
262,5.324202e-01
263,5.311401e-01
264,5.298632e-01
265,5.285893e-01
266,5.273184e-01
267,5.260506e-01
268,5.247859e-01
269,5.235242e-01
270,5.222655e-01
271,5.210098e-01
272,5.197572e-01
273,5.185075e-01
274,5.172609e-01
275,5.160172e-01
276,5.147766e-01
277,5.135389e-01
278,5.123042e-01
279,5.110724e-01
280,5.098436e-01
281,5.086178e-01
282,5.073949e-01
283,5.061750e-01
284,5.049579e-01
285,5.037438e-01
286,5.025326e-01
287,5.013243e-01
288,5.001190e-01
289,4.989165e-01
290,4.977169e-01
291,4.965201e-01
292,4.953263e-01
293,4.941353e-01
294,4.929472e-01
295,4.917619e-01
296,4.905795e-01
297,4.893999e-01
298,4.882232e-01
299,4.870492e-01
300,4.858781e-01
301,4.847098e-01
302,4.835443e-01
303,4.823816e-01
304,4.812217e-01
305,4.800646e-01
306,4.789103e-01
307,4.777587e-01
308,4.766099e-01
309,4.754639e-01
310,4.743206e-01
311,4.731801e-01
312,4.720423e-01
313,4.709072e-01
314,4.697748e-01
315,4.686452e-01
316,4.675183e-01
317,4.663941e-01
318,4.652726e-01
319,4.641538e-01
320,4.630376e-01
321,4.619242e-01
322,4.608134e-01
323,4.597053e-01
324,4.585999e-01
325,4.574971e-01
326,4.563969e-01
327,4.552994e-01
328,4.542046e-01
329,4.531123e-01
330,4.520227e-01
331,4.509357e-01
332,4.498513e-01
333,4.487696e-01
334,4.476904e-01
335,4.466138e-01
336,4.455398e-01
337,4.444683e-01
338,4.433995e-01
339,4.423332e-01
340,4.412695e-01
341,4.402083e-01
342,4.391497e-01
343,4.380936e-01
344,4.370401e-01
345,4.359891e-01
346,4.349406e-01
347,4.338946e-01
348,4.328511e-01
349,4.318102e-01
350,4.307717e-01
351,4.297358e-01
352,4.287023e-01
353,4.276713e-01
354,4.266428e-01
355,4.256168e-01
356,4.245932e-01
357,4.235721e-01
358,4.225534e-01
359,4.215372e-01
360,4.205234e-01
361,4.195121e-01
362,4.185031e-01
363,4.174967e-01
364,4.164926e-01
365,4.154909e-01
366,4.144917e-01
367,4.134948e-01
368,4.125003e-01
369,4.115083e-01
370,4.105186e-01
371,4.095313e-01
372,4.085463e-01
373,4.075638e-01
374,4.065835e-01
375,4.056057e-01
376,4.046302e-01
377,4.036570e-01
378,4.026862e-01
379,4.017177e-01
380,4.007515e-01
381,3.997877e-01
382,3.988261e-01
383,3.978669e-01
384,3.969100e-01
385,3.959553e-01
386,3.950030e-01
387,3.940530e-01
388,3.931052e-01
389,3.921597e-01
390,3.912165e-01
391,3.902756e-01
392,3.893369e-01
393,3.884005e-01
394,3.874663e-01
395,3.865343e-01
396,3.856046e-01
397,3.846772e-01
398,3.837519e-01
399,3.828289e-01
400,3.819081e-01
401,3.809895e-01
402,3.800732e-01
403,3.791590e-01
404,3.782470e-01
405,3.773372e-01
406,3.764296e-01
407,3.755242e-01
408,3.746210e-01
409,3.737199e-01
410,3.728210e-01
411,3.719242e-01
412,3.710296e-01
413,3.701372e-01
414,3.692469e-01
415,3.683587e-01
416,3.674727e-01
417,3.665888e-01
418,3.657070e-01
419,3.648273e-01
420,3.639498e-01
421,3.630743e-01
422,3.622010e-01
423,3.613298e-01
424,3.604606e-01
425,3.595936e-01
426,3.587286e-01
427,3.578657e-01
428,3.570049e-01
429,3.561461e-01
430,3.552894e-01
431,3.544348e-01
432,3.535822e-01
433,3.527317e-01
434,3.518832e-01
435,3.510368e-01
436,3.501923e-01
437,3.493500e-01
438,3.485096e-01
439,3.476713e-01
440,3.468349e-01
441,3.460006e-01
442,3.451683e-01
443,3.443380e-01
444,3.435097e-01
445,3.426833e-01
446,3.418590e-01
447,3.410366e-01
448,3.402163e-01
449,3.393979e-01
450,3.385814e-01
451,3.377669e-01
452,3.369544e-01
453,3.361438e-01
454,3.353352e-01
455,3.345285e-01
456,3.337238e-01
457,3.329210e-01
458,3.321201e-01
459,3.313211e-01
460,3.305241e-01
461,3.297290e-01
462,3.289357e-01
463,3.281444e-01
464,3.273550e-01
465,3.265675e-01
466,3.257819e-01
467,3.249982e-01
468,3.242164e-01
469,3.234364e-01
470,3.226583e-01
471,3.218821e-01
472,3.211077e-01
473,3.203352e-01
474,3.195646e-01
475,3.187958e-01
476,3.180289e-01
477,3.172638e-01
478,3.165005e-01
479,3.157391e-01
480,3.149795e-01
481,3.142218e-01
482,3.134658e-01
483,3.127117e-01
484,3.119594e-01
485,3.112089e-01
486,3.104602e-01
487,3.097133e-01
488,3.089682e-01
489,3.082248e-01
490,3.074833e-01
491,3.067436e-01
492,3.060056e-01
493,3.052694e-01
494,3.045350e-01
495,3.038023e-01
496,3.030714e-01
497,3.023423e-01
498,3.016149e-01
499,3.008892e-01
500,3.001653e-01
501,2.994432e-01
502,2.987227e-01
503,2.980040e-01
504,2.972871e-01
505,2.965718e-01
506,2.958583e-01
507,2.951465e-01
508,2.944364e-01
509,2.937280e-01
510,2.930213e-01
511,2.923164e-01
512,2.916131e-01
513,2.909115e-01
514,2.902115e-01
515,2.895133e-01
516,2.888168e-01
517,2.881219e-01
518,2.874287e-01
519,2.867371e-01
520,2.860472e-01
521,2.853590e-01
522,2.846724e-01
523,2.839875e-01
524,2.833043e-01
525,2.826226e-01
526,2.819426e-01
527,2.812643e-01
528,2.805875e-01
529,2.799124e-01
530,2.792390e-01
531,2.785671e-01
532,2.778969e-01
533,2.772282e-01
534,2.765612e-01
535,2.758958e-01
536,2.752320e-01
537,2.745697e-01
538,2.739091e-01
539,2.732501e-01
540,2.725926e-01
541,2.719367e-01
542,2.712824e-01
543,2.706297e-01
544,2.699785e-01
545,2.693289e-01
546,2.686809e-01
547,2.680344e-01
548,2.673895e-01
549,2.667461e-01
550,2.661043e-01
551,2.654640e-01
552,2.648253e-01
553,2.641881e-01
554,2.635524e-01
555,2.629183e-01
556,2.622856e-01
557,2.616545e-01
558,2.610250e-01
559,2.603969e-01
560,2.597703e-01
561,2.591453e-01
562,2.585217e-01
563,2.578997e-01
564,2.572791e-01
565,2.566600e-01
566,2.560425e-01
567,2.554264e-01
568,2.548118e-01
569,2.541986e-01
570,2.535870e-01
571,2.529768e-01
572,2.523681e-01
573,2.517608e-01
574,2.511550e-01
575,2.505507e-01
576,2.499478e-01
577,2.493464e-01
578,2.487464e-01
579,2.481478e-01
580,2.475507e-01
581,2.469550e-01
582,2.463608e-01
583,2.457680e-01
584,2.451766e-01
585,2.445866e-01
586,2.439981e-01
587,2.434109e-01
588,2.428252e-01
589,2.422409e-01
590,2.416580e-01
591,2.410765e-01
592,2.404964e-01
593,2.399177e-01
594,2.393404e-01
595,2.387644e-01
596,2.381899e-01
597,2.376167e-01
598,2.370449e-01
599,2.364745e-01
600,2.359055e-01
601,2.353378e-01
602,2.347715e-01
603,2.342065e-01
604,2.336430e-01
605,2.330807e-01
606,2.325198e-01
607,2.319603e-01
608,2.314021e-01
609,2.308453e-01
610,2.302898e-01
611,2.297356e-01
612,2.291828e-01
613,2.286313e-01
614,2.280811e-01
615,2.275322e-01
616,2.269847e-01
617,2.264385e-01
618,2.258936e-01
619,2.253500e-01
620,2.248077e-01
621,2.242667e-01
622,2.237270e-01
623,2.231886e-01
624,2.226515e-01
625,2.221157e-01
626,2.215812e-01
627,2.210480e-01
628,2.205160e-01
629,2.199854e-01
630,2.194560e-01
631,2.189279e-01
632,2.184010e-01
633,2.178754e-01
634,2.173511e-01
635,2.168281e-01
636,2.163063e-01
637,2.157857e-01
638,2.152664e-01
639,2.147484e-01
640,2.142316e-01
641,2.137161e-01
642,2.132017e-01
643,2.126887e-01
644,2.121768e-01
645,2.116662e-01
646,2.111568e-01
647,2.106487e-01
648,2.101417e-01
649,2.096360e-01
650,2.091315e-01
651,2.086282e-01
652,2.081262e-01
653,2.076253e-01
654,2.071256e-01
655,2.066272e-01
656,2.061299e-01
657,2.056338e-01
658,2.051390e-01
659,2.046453e-01
660,2.041528e-01
661,2.036615e-01
662,2.031713e-01
663,2.026824e-01
664,2.021946e-01
665,2.017080e-01
666,2.012226e-01
667,2.007383e-01
668,2.002552e-01
669,1.997733e-01
670,1.992925e-01
671,1.988129e-01
672,1.983344e-01
673,1.978571e-01
674,1.973809e-01
675,1.969059e-01
676,1.964320e-01
677,1.959593e-01
678,1.954877e-01
679,1.950172e-01
680,1.945479e-01
681,1.940797e-01
682,1.936126e-01
683,1.931466e-01
684,1.926818e-01
685,1.922181e-01
686,1.917554e-01
687,1.912940e-01
688,1.908336e-01
689,1.903743e-01
690,1.899161e-01
691,1.894591e-01
692,1.890031e-01
693,1.885482e-01
694,1.880944e-01
695,1.876417e-01
696,1.871901e-01
697,1.867396e-01
698,1.862902e-01
699,1.858419e-01
700,1.853946e-01
701,1.849484e-01
702,1.845033e-01
703,1.840592e-01
704,1.836162e-01
705,1.831743e-01
706,1.827335e-01
707,1.822937e-01
708,1.818550e-01
709,1.814173e-01
710,1.809806e-01
711,1.805451e-01
712,1.801105e-01
713,1.796771e-01
714,1.792446e-01
715,1.788132e-01
716,1.783829e-01
717,1.779535e-01
718,1.775252e-01
719,1.770980e-01
720,1.766717e-01
721,1.762465e-01
722,1.758223e-01
723,1.753992e-01
724,1.749770e-01
725,1.745559e-01
726,1.741358e-01
727,1.737167e-01
728,1.732986e-01
729,1.728815e-01
730,1.724654e-01
731,1.720503e-01
732,1.716362e-01
733,1.712231e-01
734,1.708110e-01
735,1.703999e-01
736,1.699898e-01
737,1.695806e-01
738,1.691725e-01
739,1.687653e-01
740,1.683591e-01
741,1.679539e-01
742,1.675497e-01
743,1.671464e-01
744,1.667441e-01
745,1.663428e-01
746,1.659424e-01
747,1.655430e-01
748,1.651446e-01
749,1.647471e-01
750,1.643506e-01
751,1.639550e-01
752,1.635604e-01
753,1.631667e-01
754,1.627740e-01
755,1.623822e-01
756,1.619914e-01
757,1.616015e-01
758,1.612125e-01
759,1.608245e-01
760,1.604374e-01
761,1.600513e-01
762,1.596660e-01
763,1.592817e-01
764,1.588984e-01
765,1.585159e-01
766,1.581344e-01
767,1.577538e-01
768,1.573741e-01
769,1.569953e-01
770,1.566174e-01
771,1.562404e-01
772,1.558644e-01
773,1.554892e-01
774,1.551150e-01
775,1.547416e-01
776,1.543692e-01
777,1.539976e-01
778,1.536270e-01
779,1.532572e-01
780,1.528883e-01
781,1.525203e-01
782,1.521532e-01
783,1.517870e-01
784,1.514216e-01
785,1.510572e-01
786,1.506936e-01
787,1.503309e-01
788,1.499690e-01
789,1.496081e-01
790,1.492480e-01
791,1.488887e-01
792,1.485304e-01
793,1.481729e-01
794,1.478162e-01
795,1.474604e-01
796,1.471055e-01
797,1.467514e-01
798,1.463982e-01
799,1.460458e-01
800,1.456943e-01
801,1.453436e-01
802,1.449937e-01
803,1.446447e-01
804,1.442966e-01
805,1.439493e-01
806,1.436028e-01
807,1.432571e-01
808,1.429123e-01
809,1.425683e-01
810,1.422252e-01
811,1.418828e-01
812,1.415413e-01
813,1.412006e-01
814,1.408607e-01
815,1.405217e-01
816,1.401834e-01
817,1.398460e-01
818,1.395094e-01
819,1.391736e-01
820,1.388386e-01
821,1.385044e-01
822,1.381710e-01
823,1.378385e-01
824,1.375067e-01
825,1.371757e-01
826,1.368455e-01
827,1.365161e-01
828,1.361875e-01
829,1.358597e-01
830,1.355327e-01
831,1.352064e-01
832,1.348810e-01
833,1.345563e-01
834,1.342324e-01
835,1.339093e-01
836,1.335870e-01
837,1.332655e-01
838,1.329447e-01
839,1.326247e-01
840,1.323054e-01
841,1.319870e-01
842,1.316693e-01
843,1.313523e-01
844,1.310361e-01
845,1.307207e-01
846,1.304061e-01
847,1.300922e-01
848,1.297790e-01
849,1.294666e-01
850,1.291550e-01
851,1.288441e-01
852,1.285340e-01
853,1.282246e-01
854,1.279159e-01
855,1.276080e-01
856,1.273009e-01
857,1.269944e-01
858,1.266888e-01
859,1.263838e-01
860,1.260796e-01
861,1.257761e-01
862,1.254733e-01
863,1.251713e-01
864,1.248700e-01
865,1.245694e-01
866,1.242696e-01
867,1.239704e-01
868,1.236720e-01
869,1.233743e-01
870,1.230774e-01
871,1.227811e-01
872,1.224855e-01
873,1.221907e-01
874,1.218966e-01
875,1.216032e-01
876,1.213104e-01
877,1.210184e-01
878,1.207271e-01
879,1.204365e-01
880,1.201466e-01
881,1.198574e-01
882,1.195689e-01
883,1.192811e-01
884,1.189939e-01
885,1.187075e-01
886,1.184218e-01
887,1.181367e-01
888,1.178523e-01
889,1.175686e-01
890,1.172856e-01
891,1.170033e-01
892,1.167216e-01
893,1.164407e-01
894,1.161604e-01
895,1.158808e-01
896,1.156018e-01
897,1.153236e-01
898,1.150459e-01
899,1.147690e-01
900,1.144927e-01
901,1.142171e-01
902,1.139422e-01
903,1.136679e-01
904,1.133943e-01
905,1.131213e-01
906,1.128490e-01
907,1.125774e-01
908,1.123064e-01
909,1.120360e-01
910,1.117664e-01
911,1.114973e-01
912,1.112289e-01
913,1.109612e-01
914,1.106941e-01
915,1.104276e-01
916,1.101618e-01
917,1.098966e-01
918,1.096321e-01
919,1.093681e-01
920,1.091049e-01
921,1.088422e-01
922,1.085802e-01
923,1.083189e-01
924,1.080581e-01
925,1.077980e-01
926,1.075385e-01
927,1.072796e-01
928,1.070214e-01
929,1.067638e-01
930,1.065067e-01
931,1.062504e-01
932,1.059946e-01
933,1.057394e-01
934,1.054849e-01
935,1.052310e-01
936,1.049777e-01
937,1.047250e-01
938,1.044729e-01
939,1.042214e-01
940,1.039705e-01
941,1.037202e-01
942,1.034705e-01
943,1.032214e-01
944,1.029730e-01
945,1.027251e-01
946,1.024778e-01
947,1.022311e-01
948,1.019850e-01
949,1.017395e-01
950,1.014946e-01
951,1.012503e-01
952,1.010065e-01
953,1.007634e-01
954,1.005208e-01
955,1.002788e-01
956,1.000374e-01
957,9.979663e-02
958,9.955640e-02
959,9.931674e-02
960,9.907766e-02
961,9.883915e-02
962,9.860122e-02
963,9.836386e-02
964,9.812707e-02
965,9.789085e-02
966,9.765520e-02
967,9.742012e-02
968,9.718560e-02
969,9.695165e-02
970,9.671826e-02
971,9.648543e-02
972,9.625316e-02
973,9.602146e-02
974,9.579030e-02
975,9.555971e-02
976,9.532967e-02
977,9.510018e-02
978,9.487125e-02
979,9.464287e-02
980,9.441504e-02
981,9.418775e-02
982,9.396101e-02
983,9.373482e-02
984,9.350918e-02
985,9.328407e-02
986,9.305951e-02
987,9.283549e-02
988,9.261200e-02
989,9.238906e-02
990,9.216665e-02
991,9.194478e-02
992,9.172344e-02
993,9.150263e-02
994,9.128236e-02
995,9.106261e-02
996,9.084340e-02
997,9.062471e-02
998,9.040655e-02
999,9.018891e-02
1000,8.997180e-02
1001,8.975521e-02
1002,8.953914e-02
1003,8.932359e-02
1004,8.910856e-02
1005,8.889404e-02
1006,8.868005e-02
1007,8.846657e-02
1008,8.825360e-02
1009,8.804114e-02
1010,8.782920e-02
1011,8.761777e-02
1012,8.740684e-02
1013,8.719643e-02
1014,8.698651e-02
1015,8.677711e-02
1016,8.656821e-02
1017,8.635981e-02
1018,8.615191e-02
1019,8.594452e-02
1020,8.573762e-02
1021,8.553122e-02
1022,8.532532e-02
1023,8.511991e-02
1024,8.491500e-02
1025,8.471058e-02
1026,8.450665e-02
1027,8.430321e-02
1028,8.410027e-02
1029,8.389781e-02
1030,8.369584e-02
1031,8.349435e-02
1032,8.329335e-02
1033,8.309284e-02
1034,8.289280e-02
1035,8.269325e-02
1036,8.249418e-02
1037,8.229559e-02
1038,8.209747e-02
1039,8.189983e-02
1040,8.170267e-02
1041,8.150598e-02
1042,8.130977e-02
1043,8.111403e-02
1044,8.091876e-02
1045,8.072396e-02
1046,8.052963e-02
1047,8.033576e-02
1048,8.014236e-02
1049,7.994943e-02
1050,7.975696e-02
1051,7.956496e-02
1052,7.937342e-02
1053,7.918234e-02
1054,7.899172e-02
1055,7.880155e-02
1056,7.861185e-02
1057,7.842260e-02
1058,7.823381e-02
1059,7.804547e-02
1060,7.785758e-02
1061,7.767015e-02
1062,7.748317e-02
1063,7.729664e-02
1064,7.711056e-02
1065,7.692492e-02
1066,7.673974e-02
1067,7.655499e-02
1068,7.637070e-02
1069,7.618684e-02
1070,7.600343e-02
1071,7.582046e-02
1072,7.563793e-02
1073,7.545584e-02
1074,7.527419e-02
1075,7.509298e-02
1076,7.491220e-02
1077,7.473186e-02
1078,7.455195e-02
1079,7.437247e-02
1080,7.419343e-02
1081,7.401481e-02
1082,7.383663e-02
1083,7.365888e-02
1084,7.348155e-02
1085,7.330465e-02
1086,7.312818e-02
1087,7.295213e-02
1088,7.277650e-02
1089,7.260130e-02
1090,7.242652e-02
1091,7.225216e-02
1092,7.207822e-02
1093,7.190470e-02
1094,7.173160e-02
1095,7.155891e-02
1096,7.138664e-02
1097,7.121478e-02
1098,7.104334e-02
1099,7.087231e-02
1100,7.070169e-02
1101,7.053148e-02
1102,7.036168e-02
1103,7.019229e-02
1104,7.002331e-02
1105,6.985474e-02
1106,6.968657e-02
1107,6.951880e-02
1108,6.935144e-02
1109,6.918448e-02
1110,6.901793e-02
1111,6.885177e-02
1112,6.868602e-02
1113,6.852066e-02
1114,6.835570e-02
1115,6.819114e-02
1116,6.802698e-02
1117,6.786321e-02
1118,6.769983e-02
1119,6.753685e-02
1120,6.737426e-02
1121,6.721206e-02
1122,6.705025e-02
1123,6.688883e-02
1124,6.672780e-02
1125,6.656716e-02
1126,6.640691e-02
1127,6.624704e-02
1128,6.608755e-02
1129,6.592845e-02
1130,6.576973e-02
1131,6.561139e-02
1132,6.545344e-02
1133,6.529586e-02
1134,6.513867e-02
1135,6.498185e-02
1136,6.482541e-02
1137,6.466935e-02
1138,6.451366e-02
1139,6.435835e-02
1140,6.420341e-02
1141,6.404884e-02
1142,6.389465e-02
1143,6.374083e-02
1144,6.358737e-02
1145,6.343429e-02
1146,6.328158e-02
1147,6.312923e-02
1148,6.297725e-02
1149,6.282564e-02
1150,6.267439e-02
1151,6.252350e-02
1152,6.237298e-02
1153,6.222282e-02
1154,6.207302e-02
1155,6.192358e-02
1156,6.177450e-02
1157,6.162579e-02
1158,6.147742e-02
1159,6.132942e-02
1160,6.118177e-02
1161,6.103448e-02
1162,6.088754e-02
1163,6.074096e-02
1164,6.059473e-02
1165,6.044885e-02
1166,6.030332e-02
1167,6.015814e-02
1168,6.001331e-02
1169,5.986883e-02
1170,5.972470e-02
1171,5.958092e-02
1172,5.943748e-02
1173,5.929439e-02
1174,5.915164e-02
1175,5.900923e-02
1176,5.886717e-02
1177,5.872545e-02
1178,5.858407e-02
1179,5.844303e-02
1180,5.830233e-02
1181,5.816197e-02
1182,5.802195e-02
1183,5.788226e-02
1184,5.774291e-02
1185,5.760389e-02
1186,5.746522e-02
1187,5.732687e-02
1188,5.718886e-02
1189,5.705118e-02
1190,5.691383e-02
1191,5.677681e-02
1192,5.664012e-02
1193,5.650376e-02
1194,5.636773e-02
1195,5.623202e-02
1196,5.609665e-02
1197,5.596160e-02
1198,5.582687e-02
1199,5.569247e-02
1200,5.555839e-02
1201,5.542463e-02
1202,5.529120e-02
1203,5.515809e-02
1204,5.502530e-02
1205,5.489282e-02
1206,5.476067e-02
1207,5.462883e-02
1208,5.449732e-02
1209,5.436612e-02
1210,5.423523e-02
1211,5.410466e-02
1212,5.397440e-02
1213,5.384446e-02
1214,5.371483e-02
1215,5.358551e-02
1216,5.345651e-02
1217,5.332781e-02
1218,5.319942e-02
1219,5.307135e-02
1220,5.294358e-02
1221,5.281612e-02
1222,5.268896e-02
1223,5.256211e-02
1224,5.243557e-02
1225,5.230933e-02
1226,5.218340e-02
1227,5.205777e-02
1228,5.193244e-02
1229,5.180741e-02
1230,5.168269e-02
1231,5.155826e-02
1232,5.143413e-02
1233,5.131031e-02
1234,5.118678e-02
1235,5.106355e-02
1236,5.094061e-02
1237,5.081797e-02
1238,5.069563e-02
1239,5.057358e-02
1240,5.045182e-02
1241,5.033036e-02
1242,5.020919e-02
1243,5.008831e-02
1244,4.996772e-02
1245,4.984742e-02
1246,4.972742e-02
1247,4.960770e-02
1248,4.948827e-02
1249,4.936912e-02
1250,4.925027e-02
1251,4.913170e-02
1252,4.901341e-02
1253,4.889541e-02
1254,4.877770e-02
1255,4.866026e-02
1256,4.854311e-02
1257,4.842625e-02
1258,4.830966e-02
1259,4.819335e-02
1260,4.807733e-02
1261,4.796158e-02
1262,4.784611e-02
1263,4.773092e-02
1264,4.761601e-02
1265,4.750137e-02
1266,4.738701e-02
1267,4.727293e-02
1268,4.715912e-02
1269,4.704558e-02
1270,4.693232e-02
1271,4.681933e-02
1272,4.670661e-02
1273,4.659416e-02
1274,4.648199e-02
1275,4.637008e-02
1276,4.625845e-02
1277,4.614708e-02
1278,4.603598e-02
1279,4.592514e-02
1280,4.581458e-02
1281,4.570428e-02
1282,4.559425e-02
1283,4.548448e-02
1284,4.537497e-02
1285,4.526573e-02
1286,4.515675e-02
1287,4.504804e-02
1288,4.493958e-02
1289,4.483139e-02
1290,4.472346e-02
1291,4.461578e-02
1292,4.450837e-02
1293,4.440122e-02
1294,4.429432e-02
1295,4.418768e-02
1296,4.408130e-02
1297,4.397517e-02
1298,4.386930e-02
1299,4.376368e-02
1300,4.365832e-02
1301,4.355321e-02
1302,4.344836e-02
1303,4.334375e-02
1304,4.323940e-02
1305,4.313530e-02
1306,4.303145e-02
1307,4.292785e-02
1308,4.282450e-02
1309,4.272140e-02
1310,4.261855e-02
1311,4.251594e-02
1312,4.241358e-02
1313,4.231147e-02
1314,4.220961e-02
1315,4.210798e-02
1316,4.200661e-02
1317,4.190548e-02
1318,4.180459e-02
1319,4.170394e-02
1320,4.160354e-02
1321,4.150338e-02
1322,4.140345e-02
1323,4.130377e-02
1324,4.120433e-02
1325,4.110513e-02
1326,4.100617e-02
1327,4.090745e-02
1328,4.080896e-02
1329,4.071071e-02
1330,4.061270e-02
1331,4.051492e-02
1332,4.041738e-02
1333,4.032008e-02
1334,4.022300e-02
1335,4.012616e-02
1336,4.002956e-02
1337,3.993319e-02
1338,3.983705e-02
1339,3.974114e-02
1340,3.964546e-02
1341,3.955001e-02
1342,3.945479e-02
1343,3.935980e-02
1344,3.926504e-02
1345,3.917051e-02
1346,3.907621e-02
1347,3.898213e-02
1348,3.888828e-02
1349,3.879465e-02
1350,3.870125e-02
1351,3.860808e-02
1352,3.851513e-02
1353,3.842240e-02
1354,3.832990e-02
1355,3.823761e-02
1356,3.814556e-02
1357,3.805372e-02
1358,3.796210e-02
1359,3.787071e-02
1360,3.777953e-02
1361,3.768858e-02
1362,3.759784e-02
1363,3.750732e-02
1364,3.741702e-02
1365,3.732694e-02
1366,3.723707e-02
1367,3.714742e-02
1368,3.705798e-02
1369,3.696877e-02
1370,3.687976e-02
1371,3.679097e-02
1372,3.670240e-02
1373,3.661403e-02
1374,3.652588e-02
1375,3.643794e-02
1376,3.635022e-02
1377,3.626270e-02
1378,3.617540e-02
1379,3.608830e-02
1380,3.600142e-02
1381,3.591474e-02
1382,3.582828e-02
1383,3.574202e-02
1384,3.565597e-02
1385,3.557012e-02
1386,3.548449e-02
1387,3.539906e-02
1388,3.531383e-02
1389,3.522881e-02
1390,3.514400e-02
1391,3.505938e-02
1392,3.497498e-02
1393,3.489077e-02
1394,3.480677e-02
1395,3.472297e-02
1396,3.463937e-02
1397,3.455598e-02
1398,3.447278e-02
1399,3.438979e-02
1400,3.430699e-02
1401,3.422440e-02
1402,3.414200e-02
1403,3.405980e-02
1404,3.397780e-02
1405,3.389599e-02
1406,3.381439e-02
1407,3.373298e-02
1408,3.365176e-02
1409,3.357075e-02
1410,3.348992e-02
1411,3.340929e-02
1412,3.332886e-02
1413,3.324862e-02
1414,3.316857e-02
1415,3.308871e-02
1416,3.300905e-02
1417,3.292958e-02
1418,3.285030e-02
1419,3.277121e-02
1420,3.269231e-02
1421,3.261360e-02
1422,3.253508e-02
1423,3.245675e-02
1424,3.237861e-02
1425,3.230066e-02
1426,3.222289e-02
1427,3.214531e-02
1428,3.206792e-02
1429,3.199071e-02
1430,3.191369e-02
1431,3.183686e-02
1432,3.176021e-02
1433,3.168374e-02
1434,3.160746e-02
1435,3.153137e-02
1436,3.145545e-02
1437,3.137972e-02
1438,3.130417e-02
1439,3.122881e-02
1440,3.115362e-02
1441,3.107862e-02
1442,3.100379e-02
1443,3.092915e-02
1444,3.085468e-02
1445,3.078040e-02
1446,3.070629e-02
1447,3.063237e-02
1448,3.055862e-02
1449,3.048504e-02
1450,3.041165e-02
1451,3.033843e-02
1452,3.026539e-02
1453,3.019252e-02
1454,3.011983e-02
1455,3.004732e-02
1456,2.997498e-02
1457,2.990281e-02
1458,2.983081e-02
1459,2.975900e-02
1460,2.968735e-02
1461,2.961587e-02
1462,2.954457e-02
1463,2.947344e-02
1464,2.940248e-02
1465,2.933169e-02
1466,2.926107e-02
1467,2.919063e-02
1468,2.912035e-02
1469,2.905024e-02
1470,2.898030e-02
1471,2.891052e-02
1472,2.884092e-02
1473,2.877148e-02
1474,2.870221e-02
1475,2.863311e-02
1476,2.856417e-02
1477,2.849540e-02
1478,2.842680e-02
1479,2.835836e-02
1480,2.829008e-02
1481,2.822197e-02
1482,2.815403e-02
1483,2.808624e-02
1484,2.801862e-02
1485,2.795117e-02
1486,2.788387e-02
1487,2.781674e-02
1488,2.774977e-02
1489,2.768296e-02
1490,2.761631e-02
1491,2.754982e-02
1492,2.748349e-02
1493,2.741732e-02
1494,2.735131e-02
1495,2.728546e-02
1496,2.721977e-02
1497,2.715424e-02
1498,2.708886e-02
1499,2.702364e-02
1500,2.695858e-02
1501,2.689368e-02
1502,2.682893e-02
1503,2.676434e-02
1504,2.669990e-02
1505,2.663562e-02
1506,2.657149e-02
1507,2.650752e-02
1508,2.644370e-02
1509,2.638003e-02
1510,2.631652e-02
1511,2.625316e-02
1512,2.618995e-02
1513,2.612690e-02
1514,2.606400e-02
1515,2.600124e-02
1516,2.593864e-02
1517,2.587619e-02
1518,2.581390e-02
1519,2.575175e-02
1520,2.568975e-02
1521,2.562790e-02
1522,2.556619e-02
1523,2.550464e-02
1524,2.544324e-02
1525,2.538198e-02
1526,2.532087e-02
1527,2.525991e-02
1528,2.519909e-02
1529,2.513842e-02
1530,2.507790e-02
1531,2.501752e-02
1532,2.495729e-02
1533,2.489721e-02
1534,2.483726e-02
1535,2.477746e-02
1536,2.471781e-02
1537,2.465830e-02
1538,2.459893e-02
1539,2.453971e-02
1540,2.448063e-02
1541,2.442169e-02
1542,2.436289e-02
1543,2.430424e-02
1544,2.424572e-02
1545,2.418735e-02
1546,2.412911e-02
1547,2.407102e-02
1548,2.401307e-02
1549,2.395525e-02
1550,2.389758e-02
1551,2.384004e-02
1552,2.378265e-02
1553,2.372539e-02
1554,2.366827e-02
1555,2.361128e-02
1556,2.355444e-02
1557,2.349773e-02
1558,2.344115e-02
1559,2.338472e-02
1560,2.332842e-02
1561,2.327225e-02
1562,2.321622e-02
1563,2.316033e-02
1564,2.310457e-02
1565,2.304894e-02
1566,2.299345e-02
1567,2.293809e-02
1568,2.288286e-02
1569,2.282777e-02
1570,2.277281e-02
1571,2.271798e-02
1572,2.266329e-02
1573,2.260872e-02
1574,2.255429e-02
1575,2.249999e-02
1576,2.244582e-02
1577,2.239178e-02
1578,2.233787e-02
1579,2.228409e-02
1580,2.223043e-02
1581,2.217691e-02
1582,2.212352e-02
1583,2.207025e-02
1584,2.201712e-02
1585,2.196411e-02
1586,2.191123e-02
1587,2.185848e-02
1588,2.180585e-02
1589,2.175335e-02
1590,2.170098e-02
1591,2.164873e-02
1592,2.159661e-02
1593,2.154461e-02
1594,2.149274e-02
1595,2.144100e-02
1596,2.138937e-02
1597,2.133788e-02
1598,2.128650e-02
1599,2.123525e-02
1600,2.118413e-02
1601,2.113313e-02
1602,2.108225e-02
1603,2.103149e-02
1604,2.098085e-02
1605,2.093034e-02
1606,2.087995e-02
1607,2.082968e-02
1608,2.077953e-02
1609,2.072950e-02
1610,2.067959e-02
1611,2.062980e-02
1612,2.058013e-02
1613,2.053058e-02
1614,2.048115e-02
1615,2.043184e-02
1616,2.038265e-02
1617,2.033358e-02
1618,2.028462e-02
1619,2.023579e-02
1620,2.018707e-02
1621,2.013846e-02
1622,2.008998e-02
1623,2.004161e-02
1624,1.999336e-02
1625,1.994522e-02
1626,1.989720e-02
1627,1.984930e-02
1628,1.980151e-02
1629,1.975383e-02
1630,1.970628e-02
1631,1.965883e-02
1632,1.961150e-02
1633,1.956428e-02
1634,1.951718e-02
1635,1.947019e-02
1636,1.942331e-02
1637,1.937655e-02
1638,1.932990e-02
1639,1.928336e-02
1640,1.923693e-02
1641,1.919062e-02
1642,1.914442e-02
1643,1.909832e-02
1644,1.905234e-02
1645,1.900647e-02
1646,1.896071e-02
1647,1.891506e-02
1648,1.886952e-02
1649,1.882409e-02
1650,1.877877e-02
1651,1.873356e-02
1652,1.868845e-02
1653,1.864346e-02
1654,1.859857e-02
1655,1.855380e-02
1656,1.850913e-02
1657,1.846456e-02
1658,1.842011e-02
1659,1.837576e-02
1660,1.833152e-02
1661,1.828738e-02
1662,1.824335e-02
1663,1.819943e-02
1664,1.815561e-02
1665,1.811190e-02
1666,1.806830e-02
1667,1.802480e-02
1668,1.798140e-02
1669,1.793811e-02
1670,1.789492e-02
1671,1.785183e-02
1672,1.780885e-02
1673,1.776598e-02
1674,1.772320e-02
1675,1.768053e-02
1676,1.763797e-02
1677,1.759550e-02
1678,1.755314e-02
1679,1.751088e-02
1680,1.746872e-02
1681,1.742666e-02
1682,1.738470e-02
1683,1.734285e-02
1684,1.730109e-02
1685,1.725944e-02
1686,1.721788e-02
1687,1.717643e-02
1688,1.713508e-02
1689,1.709382e-02
1690,1.705267e-02
1691,1.701161e-02
1692,1.697065e-02
1693,1.692979e-02
1694,1.688903e-02
1695,1.684837e-02
1696,1.680781e-02
1697,1.676734e-02
1698,1.672697e-02
1699,1.668670e-02
1700,1.664652e-02
1701,1.660645e-02
1702,1.656646e-02
1703,1.652658e-02
1704,1.648679e-02
1705,1.644709e-02
1706,1.640750e-02
1707,1.636799e-02
1708,1.632859e-02
1709,1.628927e-02
1710,1.625005e-02
1711,1.621093e-02
1712,1.617190e-02
1713,1.613297e-02
1714,1.609412e-02
1715,1.605538e-02
1716,1.601672e-02
1717,1.597816e-02
1718,1.593969e-02
1719,1.590131e-02
1720,1.586303e-02
1721,1.582484e-02
1722,1.578674e-02
1723,1.574873e-02
1724,1.571081e-02
1725,1.567299e-02
1726,1.563525e-02
1727,1.559761e-02
1728,1.556005e-02
1729,1.552259e-02
1730,1.548522e-02
1731,1.544794e-02
1732,1.541074e-02
1733,1.537364e-02
1734,1.533663e-02
1735,1.529970e-02
1736,1.526287e-02
1737,1.522612e-02
1738,1.518946e-02
1739,1.515289e-02
1740,1.511641e-02
1741,1.508001e-02
1742,1.504371e-02
1743,1.500749e-02
1744,1.497136e-02
1745,1.493531e-02
1746,1.489935e-02
1747,1.486348e-02
1748,1.482769e-02
1749,1.479199e-02
1750,1.475638e-02
1751,1.472085e-02
1752,1.468541e-02
1753,1.465005e-02
1754,1.461478e-02
1755,1.457960e-02
1756,1.454449e-02
1757,1.450948e-02
1758,1.447454e-02
1759,1.443969e-02
1760,1.440493e-02
1761,1.437025e-02
1762,1.433565e-02
1763,1.430113e-02
1764,1.426670e-02
1765,1.423235e-02
1766,1.419809e-02
1767,1.416390e-02
1768,1.412980e-02
1769,1.409578e-02
1770,1.406185e-02
1771,1.402799e-02
1772,1.399422e-02
1773,1.396052e-02
1774,1.392691e-02
1775,1.389338e-02
1776,1.385993e-02
1777,1.382656e-02
1778,1.379327e-02
1779,1.376007e-02
1780,1.372694e-02
1781,1.369389e-02
1782,1.366092e-02
1783,1.362803e-02
1784,1.359522e-02
1785,1.356248e-02
1786,1.352983e-02
1787,1.349726e-02
1788,1.346476e-02
1789,1.343234e-02
1790,1.340000e-02
1791,1.336774e-02
1792,1.333556e-02
1793,1.330345e-02
1794,1.327142e-02
1795,1.323947e-02
1796,1.320759e-02
1797,1.317579e-02
1798,1.314407e-02
1799,1.311242e-02
1800,1.308085e-02
1801,1.304936e-02
1802,1.301794e-02
1803,1.298660e-02
1804,1.295533e-02
1805,1.292414e-02
1806,1.289303e-02
1807,1.286198e-02
1808,1.283102e-02
1809,1.280013e-02
1810,1.276931e-02
1811,1.273856e-02
1812,1.270789e-02
1813,1.267730e-02
1814,1.264678e-02
1815,1.261633e-02
1816,1.258595e-02
1817,1.255565e-02
1818,1.252542e-02
1819,1.249526e-02
1820,1.246518e-02
1821,1.243517e-02
1822,1.240523e-02
1823,1.237536e-02
1824,1.234557e-02
1825,1.231584e-02
1826,1.228619e-02
1827,1.225661e-02
1828,1.222710e-02
1829,1.219766e-02
1830,1.216830e-02
1831,1.213900e-02
1832,1.210977e-02
1833,1.208062e-02
1834,1.205153e-02
1835,1.202252e-02
1836,1.199357e-02
1837,1.196470e-02
1838,1.193589e-02
1839,1.190715e-02
1840,1.187848e-02
1841,1.184989e-02
1842,1.182136e-02
1843,1.179289e-02
1844,1.176450e-02
1845,1.173618e-02
1846,1.170792e-02
1847,1.167973e-02
1848,1.165161e-02
1849,1.162356e-02
1850,1.159557e-02
1851,1.156766e-02
1852,1.153981e-02
1853,1.151202e-02
1854,1.148431e-02
1855,1.145666e-02
1856,1.142907e-02
1857,1.140156e-02
1858,1.137411e-02
1859,1.134672e-02
1860,1.131940e-02
1861,1.129215e-02
1862,1.126496e-02
1863,1.123784e-02
1864,1.121078e-02
1865,1.118379e-02
1866,1.115687e-02
1867,1.113000e-02
1868,1.110321e-02
1869,1.107648e-02
1870,1.104981e-02
1871,1.102320e-02
1872,1.099666e-02
1873,1.097019e-02
1874,1.094378e-02
1875,1.091743e-02
1876,1.089114e-02
1877,1.086492e-02
1878,1.083876e-02
1879,1.081267e-02
1880,1.078663e-02
1881,1.076066e-02
1882,1.073476e-02
1883,1.070891e-02
1884,1.068313e-02
1885,1.065741e-02
1886,1.063175e-02
1887,1.060615e-02
1888,1.058061e-02
1889,1.055514e-02
1890,1.052973e-02
1891,1.050438e-02
1892,1.047909e-02
1893,1.045386e-02
1894,1.042869e-02
1895,1.040358e-02
1896,1.037853e-02
1897,1.035354e-02
1898,1.032862e-02
1899,1.030375e-02
1900,1.027894e-02
1901,1.025419e-02
1902,1.022950e-02
1903,1.020488e-02
1904,1.018031e-02
1905,1.015580e-02
1906,1.013134e-02
1907,1.010695e-02
1908,1.008262e-02
1909,1.005834e-02
1910,1.003413e-02
1911,1.000997e-02
1912,9.985868e-03
1913,9.961826e-03
1914,9.937841e-03
1915,9.913915e-03
1916,9.890046e-03
1917,9.866234e-03
1918,9.842480e-03
1919,9.818783e-03
1920,9.795143e-03
1921,9.771560e-03
1922,9.748034e-03
1923,9.724564e-03
1924,9.701151e-03
1925,9.677794e-03
1926,9.654494e-03
1927,9.631249e-03
1928,9.608061e-03
1929,9.584928e-03
1930,9.561851e-03
1931,9.538830e-03
1932,9.515864e-03
1933,9.492954e-03
1934,9.470098e-03
1935,9.447298e-03
1936,9.424552e-03
1937,9.401861e-03
1938,9.379225e-03
1939,9.356643e-03
1940,9.334116e-03
1941,9.311643e-03
1942,9.289224e-03
1943,9.266859e-03
1944,9.244548e-03
1945,9.222291e-03
1946,9.200087e-03
1947,9.177936e-03
1948,9.155839e-03
1949,9.133796e-03
1950,9.111805e-03
1951,9.089867e-03
1952,9.067982e-03
1953,9.046150e-03
1954,9.024370e-03
1955,9.002643e-03
1956,8.980968e-03
1957,8.959345e-03
1958,8.937774e-03
1959,8.916255e-03
1960,8.894788e-03
1961,8.873373e-03
1962,8.852009e-03
1963,8.830697e-03
1964,8.809436e-03
1965,8.788226e-03
1966,8.767067e-03
1967,8.745959e-03
1968,8.724902e-03
1969,8.703896e-03
1970,8.682940e-03
1971,8.662035e-03
1972,8.641180e-03
1973,8.620375e-03
1974,8.599621e-03
1975,8.578916e-03
1976,8.558261e-03
1977,8.537656e-03
1978,8.517101e-03
1979,8.496595e-03
1980,8.476138e-03
1981,8.455731e-03
1982,8.435372e-03
1983,8.415063e-03
1984,8.394803e-03
1985,8.374591e-03
1986,8.354428e-03
1987,8.334314e-03
1988,8.314248e-03
1989,8.294230e-03
1990,8.274261e-03
1991,8.254340e-03
1992,8.234466e-03
1993,8.214641e-03
1994,8.194863e-03
1995,8.175133e-03
1996,8.155450e-03
1997,8.135815e-03
1998,8.116227e-03
1999,8.096686e-03
2000,8.077192e-03
2001,8.057745e-03
2002,8.038345e-03
2003,8.018992e-03
2004,7.999685e-03
2005,7.980425e-03
2006,7.961211e-03
2007,7.942043e-03
2008,7.922922e-03
2009,7.903846e-03
2010,7.884817e-03
2011,7.865833e-03
2012,7.846895e-03
2013,7.828003e-03
2014,7.809156e-03
2015,7.790354e-03
2016,7.771598e-03
2017,7.752887e-03
2018,7.734221e-03
2019,7.715600e-03
2020,7.697023e-03
2021,7.678492e-03
2022,7.660005e-03
2023,7.641562e-03
2024,7.623164e-03
2025,7.604811e-03
2026,7.586501e-03
2027,7.568236e-03
2028,7.550014e-03
2029,7.531836e-03
2030,7.513703e-03
2031,7.495612e-03
2032,7.477566e-03
2033,7.459562e-03
2034,7.441603e-03
2035,7.423686e-03
2036,7.405813e-03
2037,7.387982e-03
2038,7.370195e-03
2039,7.352450e-03
2040,7.334748e-03
2041,7.317089e-03
2042,7.299472e-03
2043,7.281897e-03
2044,7.264365e-03
2045,7.246875e-03
2046,7.229427e-03
2047,7.212022e-03
2048,7.194658e-03
2049,7.177336e-03
2050,7.160055e-03
2051,7.142817e-03
2052,7.125619e-03
2053,7.108464e-03
2054,7.091349e-03
2055,7.074276e-03
2056,7.057243e-03
2057,7.040252e-03
2058,7.023302e-03
2059,7.006392e-03
2060,6.989524e-03
2061,6.972695e-03
2062,6.955908e-03
2063,6.939160e-03
2064,6.922454e-03
2065,6.905787e-03
2066,6.889160e-03
2067,6.872574e-03
2068,6.856027e-03
2069,6.839520e-03
2070,6.823053e-03
2071,6.806626e-03
2072,6.790238e-03
2073,6.773890e-03
2074,6.757581e-03
2075,6.741311e-03
2076,6.725080e-03
2077,6.708889e-03
2078,6.692736e-03
2079,6.676623e-03
2080,6.660548e-03
2081,6.644512e-03
2082,6.628514e-03
2083,6.612555e-03
2084,6.596635e-03
2085,6.580752e-03
2086,6.564908e-03
2087,6.549102e-03
2088,6.533335e-03
2089,6.517605e-03
2090,6.501913e-03
2091,6.486259e-03
2092,6.470642e-03
2093,6.455063e-03
2094,6.439522e-03
2095,6.424018e-03
2096,6.408551e-03
2097,6.393122e-03
2098,6.377729e-03
2099,6.362374e-03
2100,6.347056e-03
2101,6.331775e-03
2102,6.316530e-03
2103,6.301322e-03
2104,6.286151e-03
2105,6.271016e-03
2106,6.255918e-03
2107,6.240856e-03
2108,6.225830e-03
2109,6.210841e-03
2110,6.195887e-03
2111,6.180970e-03
2112,6.166088e-03
2113,6.151243e-03
2114,6.136433e-03
2115,6.121659e-03
2116,6.106920e-03
2117,6.092217e-03
2118,6.077549e-03
2119,6.062916e-03
2120,6.048319e-03
2121,6.033757e-03
2122,6.019230e-03
2123,6.004738e-03
2124,5.990281e-03
2125,5.975858e-03
2126,5.961471e-03
2127,5.947118e-03
2128,5.932799e-03
2129,5.918515e-03
2130,5.904266e-03
2131,5.890050e-03
2132,5.875869e-03
2133,5.861722e-03
2134,5.847609e-03
2135,5.833530e-03
2136,5.819485e-03
2137,5.805474e-03
2138,5.791497e-03
2139,5.777553e-03
2140,5.763643e-03
2141,5.749766e-03
2142,5.735923e-03
2143,5.722113e-03
2144,5.708336e-03
2145,5.694593e-03
2146,5.680882e-03
2147,5.667205e-03
2148,5.653560e-03
2149,5.639948e-03
2150,5.626369e-03
2151,5.612823e-03
2152,5.599310e-03
2153,5.585829e-03
2154,5.572380e-03
2155,5.558964e-03
2156,5.545580e-03
2157,5.532228e-03
2158,5.518908e-03
2159,5.505621e-03
2160,5.492365e-03
2161,5.479142e-03
2162,5.465950e-03
2163,5.452790e-03
2164,5.439662e-03
2165,5.426565e-03
2166,5.413500e-03
2167,5.400466e-03
2168,5.387464e-03
2169,5.374493e-03
2170,5.361553e-03
2171,5.348644e-03
2172,5.335767e-03
2173,5.322920e-03
2174,5.310105e-03
2175,5.297320e-03
2176,5.284566e-03
2177,5.271843e-03
2178,5.259150e-03
2179,5.246488e-03
2180,5.233856e-03
2181,5.221255e-03
2182,5.208684e-03
2183,5.196144e-03
2184,5.183633e-03
2185,5.171153e-03
2186,5.158703e-03
2187,5.146282e-03
2188,5.133892e-03
2189,5.121531e-03
2190,5.109201e-03
2191,5.096900e-03
2192,5.084628e-03
2193,5.072386e-03
2194,5.060174e-03
2195,5.047991e-03
2196,5.035837e-03
2197,5.023713e-03
2198,5.011617e-03
2199,4.999551e-03
2200,4.987514e-03
2201,4.975506e-03
2202,4.963527e-03
2203,4.951577e-03
2204,4.939655e-03
2205,4.927762e-03
2206,4.915898e-03
2207,4.904062e-03
2208,4.892255e-03
2209,4.880476e-03
2210,4.868726e-03
2211,4.857004e-03
2212,4.845310e-03
2213,4.833644e-03
2214,4.822006e-03
2215,4.810397e-03
2216,4.798815e-03
2217,4.787261e-03
2218,4.775735e-03
2219,4.764237e-03
2220,4.752767e-03
2221,4.741324e-03
2222,4.729908e-03
2223,4.718521e-03
2224,4.707160e-03
2225,4.695827e-03
2226,4.684521e-03
2227,4.673243e-03
2228,4.661991e-03
2229,4.650767e-03
2230,4.639569e-03
2231,4.628399e-03
2232,4.617255e-03
2233,4.606139e-03
2234,4.595049e-03
2235,4.583986e-03
2236,4.572949e-03
2237,4.561939e-03
2238,4.550956e-03
2239,4.539999e-03
2240,4.529068e-03
2241,4.518164e-03
2242,4.507286e-03
2243,4.496434e-03
2244,4.485608e-03
2245,4.474808e-03
2246,4.464035e-03
2247,4.453287e-03
2248,4.442565e-03
2249,4.431869e-03
2250,4.421199e-03
2251,4.410554e-03
2252,4.399935e-03
2253,4.389342e-03
2254,4.378774e-03
2255,4.368231e-03
2256,4.357714e-03
2257,4.347222e-03
2258,4.336756e-03
2259,4.326314e-03
2260,4.315898e-03
2261,4.305507e-03
2262,4.295141e-03
2263,4.284800e-03
2264,4.274484e-03
2265,4.264192e-03
2266,4.253926e-03
2267,4.243684e-03
2268,4.233467e-03
2269,4.223274e-03
2270,4.213106e-03
2271,4.202962e-03
2272,4.192843e-03
2273,4.182748e-03
2274,4.172678e-03
2275,4.162631e-03
2276,4.152609e-03
2277,4.142611e-03
2278,4.132637e-03
2279,4.122688e-03
2280,4.112762e-03
2281,4.102860e-03
2282,4.092981e-03
2283,4.083127e-03
2284,4.073296e-03
2285,4.063489e-03
2286,4.053706e-03
2287,4.043946e-03
2288,4.034210e-03
2289,4.024497e-03
2290,4.014807e-03
2291,4.005141e-03
2292,3.995498e-03
2293,3.985879e-03
2294,3.976282e-03
2295,3.966709e-03
2296,3.957158e-03
2297,3.947631e-03
2298,3.938126e-03
2299,3.928645e-03
2300,3.919186e-03
2301,3.909750e-03
2302,3.900337e-03
2303,3.890946e-03
2304,3.881578e-03
2305,3.872233e-03
2306,3.862910e-03
2307,3.853610e-03
2308,3.844331e-03
2309,3.835076e-03
2310,3.825842e-03
2311,3.816631e-03
2312,3.807442e-03
2313,3.798275e-03
2314,3.789130e-03
2315,3.780007e-03
2316,3.770907e-03
2317,3.761828e-03
2318,3.752770e-03
2319,3.743735e-03
2320,3.734722e-03
2321,3.725730e-03
2322,3.716760e-03
2323,3.707811e-03
2324,3.698884e-03
2325,3.689978e-03
2326,3.681094e-03
2327,3.672232e-03
2328,3.663390e-03
2329,3.654570e-03
2330,3.645771e-03
2331,3.636993e-03
2332,3.628237e-03
2333,3.619501e-03
2334,3.610787e-03
2335,3.602094e-03
2336,3.593421e-03
2337,3.584769e-03
2338,3.576139e-03
2339,3.567529e-03
2340,3.558939e-03
2341,3.550371e-03
2342,3.541823e-03
2343,3.533295e-03
2344,3.524788e-03
2345,3.516302e-03
2346,3.507836e-03
2347,3.499390e-03
2348,3.490965e-03
2349,3.482560e-03
2350,3.474175e-03
2351,3.465811e-03
2352,3.457466e-03
2353,3.449142e-03
2354,3.440838e-03
2355,3.432554e-03
2356,3.424289e-03
2357,3.416045e-03
2358,3.407820e-03
2359,3.399615e-03
2360,3.391430e-03
2361,3.383265e-03
2362,3.375119e-03
2363,3.366993e-03
2364,3.358887e-03
2365,3.350800e-03
2366,3.342732e-03
2367,3.334684e-03
2368,3.326656e-03
2369,3.318646e-03
2370,3.310656e-03
2371,3.302685e-03
2372,3.294734e-03
2373,3.286801e-03
2374,3.278888e-03
2375,3.270993e-03
2376,3.263118e-03
2377,3.255262e-03
2378,3.247424e-03
2379,3.239606e-03
2380,3.231806e-03
2381,3.224025e-03
2382,3.216262e-03
2383,3.208519e-03
2384,3.200794e-03
2385,3.193088e-03
2386,3.185400e-03
2387,3.177731e-03
2388,3.170080e-03
2389,3.162447e-03
2390,3.154833e-03
2391,3.147238e-03
2392,3.139660e-03
2393,3.132101e-03
2394,3.124560e-03
2395,3.117037e-03
2396,3.109533e-03
2397,3.102046e-03
2398,3.094577e-03
2399,3.087127e-03
2400,3.079694e-03
2401,3.072279e-03
2402,3.064882e-03
2403,3.057503e-03
2404,3.050142e-03
2405,3.042798e-03
2406,3.035472e-03
2407,3.028164e-03
2408,3.020873e-03
2409,3.013600e-03
2410,3.006345e-03
2411,2.999106e-03
2412,2.991886e-03
2413,2.984682e-03
2414,2.977496e-03
2415,2.970328e-03
2416,2.963176e-03
2417,2.956042e-03
2418,2.948925e-03
2419,2.941825e-03
2420,2.934742e-03
2421,2.927676e-03
2422,2.920627e-03
2423,2.913596e-03
2424,2.906581e-03
2425,2.899583e-03
2426,2.892602e-03
2427,2.885637e-03
2428,2.878690e-03
2429,2.871759e-03
2430,2.864845e-03
2431,2.857947e-03
2432,2.851066e-03
2433,2.844202e-03
2434,2.837354e-03
2435,2.830523e-03
2436,2.823708e-03
2437,2.816910e-03
2438,2.810128e-03
2439,2.803362e-03
2440,2.796612e-03
2441,2.789879e-03
2442,2.783162e-03
2443,2.776461e-03
2444,2.769777e-03
2445,2.763108e-03
2446,2.756455e-03
2447,2.749819e-03
2448,2.743198e-03
2449,2.736594e-03
2450,2.730005e-03
2451,2.723432e-03
2452,2.716875e-03
2453,2.710334e-03
2454,2.703808e-03
2455,2.697298e-03
2456,2.690804e-03
2457,2.684326e-03
2458,2.677863e-03
2459,2.671416e-03
2460,2.664984e-03
2461,2.658568e-03
2462,2.652167e-03
2463,2.645781e-03
2464,2.639411e-03
2465,2.633056e-03
2466,2.626717e-03
2467,2.620393e-03
2468,2.614084e-03
2469,2.607790e-03
2470,2.601512e-03
2471,2.595248e-03
2472,2.589000e-03
2473,2.582766e-03
2474,2.576548e-03
2475,2.570345e-03
2476,2.564156e-03
2477,2.557983e-03
2478,2.551824e-03
2479,2.545680e-03
2480,2.539551e-03
2481,2.533437e-03
2482,2.527337e-03
2483,2.521252e-03
2484,2.515182e-03
2485,2.509126e-03
2486,2.503085e-03
2487,2.497059e-03
2488,2.491047e-03
2489,2.485049e-03
2490,2.479066e-03
2491,2.473097e-03
2492,2.467143e-03
2493,2.461203e-03
2494,2.455277e-03
2495,2.449366e-03
2496,2.443469e-03
2497,2.437586e-03
2498,2.431717e-03
2499,2.425862e-03
2500,2.420022e-03
2501,2.414195e-03
2502,2.408383e-03
2503,2.402584e-03
2504,2.396800e-03
2505,2.391029e-03
2506,2.385272e-03
2507,2.379529e-03
2508,2.373800e-03
2509,2.368085e-03
2510,2.362384e-03
2511,2.356696e-03
2512,2.351022e-03
2513,2.345361e-03
2514,2.339715e-03
2515,2.334081e-03
2516,2.328462e-03
2517,2.322856e-03
2518,2.317263e-03
2519,2.311684e-03
2520,2.306118e-03
2521,2.300566e-03
2522,2.295027e-03
2523,2.289502e-03
2524,2.283989e-03
2525,2.278490e-03
2526,2.273004e-03
2527,2.267532e-03
2528,2.262072e-03
2529,2.256626e-03
2530,2.251193e-03
2531,2.245773e-03
2532,2.240366e-03
2533,2.234972e-03
2534,2.229591e-03
2535,2.224223e-03
2536,2.218868e-03
2537,2.213526e-03
2538,2.208196e-03
2539,2.202880e-03
2540,2.197576e-03
2541,2.192285e-03
2542,2.187007e-03
2543,2.181741e-03
2544,2.176489e-03
2545,2.171248e-03
2546,2.166021e-03
2547,2.160806e-03
2548,2.155603e-03
2549,2.150413e-03
2550,2.145236e-03
2551,2.140071e-03
2552,2.134919e-03
2553,2.129778e-03
2554,2.124651e-03
2555,2.119535e-03
2556,2.114432e-03
2557,2.109342e-03
2558,2.104263e-03
2559,2.099197e-03
2560,2.094143e-03
2561,2.089101e-03
2562,2.084071e-03
2563,2.079053e-03
2564,2.074048e-03
2565,2.069054e-03
2566,2.064072e-03
2567,2.059103e-03
2568,2.054145e-03
2569,2.049200e-03
2570,2.044266e-03
2571,2.039344e-03
2572,2.034434e-03
2573,2.029536e-03
2574,2.024650e-03
2575,2.019775e-03
2576,2.014912e-03
2577,2.010061e-03
2578,2.005221e-03
2579,2.000394e-03
2580,1.995577e-03
2581,1.990773e-03
2582,1.985980e-03
2583,1.981198e-03
2584,1.976428e-03
2585,1.971670e-03
2586,1.966923e-03
2587,1.962187e-03
2588,1.957463e-03
2589,1.952750e-03
2590,1.948048e-03
2591,1.943358e-03
2592,1.938679e-03
2593,1.934012e-03
2594,1.929355e-03
2595,1.924710e-03
2596,1.920076e-03
2597,1.915453e-03
2598,1.910842e-03
2599,1.906241e-03
2600,1.901651e-03
2601,1.897073e-03
2602,1.892505e-03
2603,1.887949e-03
2604,1.883403e-03
2605,1.878869e-03
2606,1.874345e-03
2607,1.869833e-03
2608,1.865331e-03
2609,1.860840e-03
2610,1.856359e-03
2611,1.851890e-03
2612,1.847431e-03
2613,1.842983e-03
2614,1.838546e-03
2615,1.834120e-03
2616,1.829704e-03
2617,1.825298e-03
2618,1.820904e-03
2619,1.816520e-03
2620,1.812146e-03
2621,1.807783e-03
2622,1.803431e-03
2623,1.799089e-03
2624,1.794757e-03
2625,1.790436e-03
2626,1.786125e-03
2627,1.781825e-03
2628,1.777535e-03
2629,1.773255e-03
2630,1.768986e-03
2631,1.764727e-03
2632,1.760478e-03
2633,1.756240e-03
2634,1.752011e-03
2635,1.747793e-03
2636,1.743585e-03
2637,1.739387e-03
2638,1.735199e-03
2639,1.731021e-03
2640,1.726854e-03
2641,1.722696e-03
2642,1.718548e-03
2643,1.714411e-03
2644,1.710283e-03
2645,1.706165e-03
2646,1.702058e-03
2647,1.697960e-03
2648,1.693872e-03
2649,1.689793e-03
2650,1.685725e-03
2651,1.681666e-03
2652,1.677618e-03
2653,1.673578e-03
2654,1.669549e-03
2655,1.665529e-03
2656,1.661519e-03
2657,1.657519e-03
2658,1.653528e-03
2659,1.649547e-03
2660,1.645576e-03
2661,1.641614e-03
2662,1.637661e-03
2663,1.633719e-03
2664,1.629785e-03
2665,1.625861e-03
2666,1.621947e-03
2667,1.618042e-03
2668,1.614146e-03
2669,1.610260e-03
2670,1.606383e-03
2671,1.602515e-03
2672,1.598657e-03
2673,1.594808e-03
2674,1.590968e-03
2675,1.587138e-03
2676,1.583317e-03
2677,1.579504e-03
2678,1.575702e-03
2679,1.571908e-03
2680,1.568123e-03
2681,1.564348e-03
2682,1.560581e-03
2683,1.556824e-03
2684,1.553076e-03
2685,1.549337e-03
2686,1.545606e-03
2687,1.541885e-03
2688,1.538173e-03
2689,1.534469e-03
2690,1.530775e-03
2691,1.527089e-03
2692,1.523413e-03
2693,1.519745e-03
2694,1.516086e-03
2695,1.512436e-03
2696,1.508794e-03
2697,1.505162e-03
2698,1.501538e-03
2699,1.497923e-03
2700,1.494316e-03
2701,1.490719e-03
2702,1.487129e-03
2703,1.483549e-03
2704,1.479977e-03
2705,1.476414e-03
2706,1.472859e-03
2707,1.469313e-03
2708,1.465776e-03
2709,1.462246e-03
2710,1.458726e-03
2711,1.455214e-03
2712,1.451710e-03
2713,1.448215e-03
2714,1.444728e-03
2715,1.441250e-03
2716,1.437780e-03
2717,1.434318e-03
2718,1.430865e-03
2719,1.427420e-03
2720,1.423983e-03
2721,1.420555e-03
2722,1.417135e-03
2723,1.413723e-03
2724,1.410319e-03
2725,1.406923e-03
2726,1.403536e-03
2727,1.400157e-03
2728,1.396786e-03
2729,1.393423e-03
2730,1.390068e-03
2731,1.386721e-03
2732,1.383382e-03
2733,1.380052e-03
2734,1.376729e-03
2735,1.373414e-03
2736,1.370108e-03
2737,1.366809e-03
2738,1.363518e-03
2739,1.360235e-03
2740,1.356960e-03
2741,1.353693e-03
2742,1.350434e-03
2743,1.347183e-03
2744,1.343939e-03
2745,1.340704e-03
2746,1.337476e-03
2747,1.334255e-03
2748,1.331043e-03
2749,1.327838e-03
2750,1.324641e-03
2751,1.321452e-03
2752,1.318271e-03
2753,1.315097e-03
2754,1.311930e-03
2755,1.308772e-03
2756,1.305621e-03
2757,1.302477e-03
2758,1.299341e-03
2759,1.296213e-03
2760,1.293092e-03
2761,1.289979e-03
2762,1.286873e-03
2763,1.283775e-03
2764,1.280684e-03
2765,1.277601e-03
2766,1.274525e-03
2767,1.271456e-03
2768,1.268395e-03
2769,1.265341e-03
2770,1.262294e-03
2771,1.259255e-03
2772,1.256223e-03
2773,1.253199e-03
2774,1.250182e-03
2775,1.247172e-03
2776,1.244169e-03
2777,1.241173e-03
2778,1.238185e-03
2779,1.235204e-03
2780,1.232230e-03
2781,1.229263e-03
2782,1.226304e-03
2783,1.223351e-03
2784,1.220406e-03
2785,1.217468e-03
2786,1.214536e-03
2787,1.211612e-03
2788,1.208695e-03
2789,1.205785e-03
2790,1.202882e-03
2791,1.199986e-03
2792,1.197097e-03
2793,1.194214e-03
2794,1.191339e-03
2795,1.188471e-03
2796,1.185610e-03
2797,1.182755e-03
2798,1.179907e-03
2799,1.177067e-03
2800,1.174233e-03
2801,1.171406e-03
2802,1.168585e-03
2803,1.165772e-03
2804,1.162965e-03
2805,1.160165e-03
2806,1.157372e-03
2807,1.154585e-03
2808,1.151805e-03
2809,1.149032e-03
2810,1.146266e-03
2811,1.143506e-03
2812,1.140753e-03
2813,1.138006e-03
2814,1.135266e-03
2815,1.132533e-03
2816,1.129806e-03
2817,1.127086e-03
2818,1.124373e-03
2819,1.121665e-03
2820,1.118965e-03
2821,1.116271e-03
2822,1.113583e-03
2823,1.110902e-03
2824,1.108228e-03
2825,1.105559e-03
2826,1.102898e-03
2827,1.100242e-03
2828,1.097593e-03
2829,1.094951e-03
2830,1.092314e-03
2831,1.089684e-03
2832,1.087061e-03
2833,1.084444e-03
2834,1.081833e-03
2835,1.079228e-03
2836,1.076630e-03
2837,1.074037e-03
2838,1.071452e-03
2839,1.068872e-03
2840,1.066298e-03
2841,1.063731e-03
2842,1.061170e-03
2843,1.058615e-03
2844,1.056066e-03
2845,1.053524e-03
2846,1.050987e-03
2847,1.048457e-03
2848,1.045933e-03
2849,1.043414e-03
2850,1.040902e-03
2851,1.038396e-03
2852,1.035896e-03
2853,1.033402e-03
2854,1.030914e-03
2855,1.028432e-03
2856,1.025956e-03
2857,1.023486e-03
2858,1.021021e-03
2859,1.018563e-03
2860,1.016111e-03
2861,1.013664e-03
2862,1.011224e-03
2863,1.008789e-03
2864,1.006360e-03
2865,1.003938e-03
2866,1.001520e-03
2867,9.991091e-04
2868,9.967036e-04
2869,9.943039e-04
2870,9.919100e-04
2871,9.895219e-04
2872,9.871394e-04
2873,9.847628e-04
2874,9.823918e-04
2875,9.800266e-04
2876,9.776670e-04
2877,9.753132e-04
2878,9.729650e-04
2879,9.706224e-04
2880,9.682855e-04
2881,9.659542e-04
2882,9.636286e-04
2883,9.613085e-04
2884,9.589940e-04
2885,9.566851e-04
2886,9.543818e-04
2887,9.520840e-04
2888,9.497917e-04
2889,9.475049e-04
2890,9.452237e-04
2891,9.429479e-04
2892,9.406777e-04
2893,9.384128e-04
2894,9.361535e-04
2895,9.338996e-04
2896,9.316511e-04
2897,9.294080e-04
2898,9.271703e-04
2899,9.249380e-04
2900,9.227111e-04
2901,9.204896e-04
2902,9.182734e-04
2903,9.160625e-04
2904,9.138570e-04
2905,9.116567e-04
2906,9.094618e-04
2907,9.072721e-04
2908,9.050877e-04
2909,9.029086e-04
2910,9.007348e-04
2911,8.985661e-04
2912,8.964027e-04
2913,8.942445e-04
2914,8.920915e-04
2915,8.899436e-04
2916,8.878010e-04
2917,8.856635e-04
2918,8.835311e-04
2919,8.814039e-04
2920,8.792818e-04
2921,8.771648e-04
2922,8.750529e-04
2923,8.729461e-04
2924,8.708444e-04
2925,8.687477e-04
2926,8.666561e-04
2927,8.645695e-04
2928,8.624879e-04
2929,8.604113e-04
2930,8.583398e-04
2931,8.562732e-04
2932,8.542116e-04
2933,8.521550e-04
2934,8.501033e-04
2935,8.480566e-04
2936,8.460148e-04
2937,8.439779e-04
2938,8.419459e-04
2939,8.399188e-04
2940,8.378965e-04
2941,8.358792e-04
2942,8.338667e-04
2943,8.318591e-04
2944,8.298562e-04
2945,8.278582e-04
2946,8.258651e-04
2947,8.238767e-04
2948,8.218931e-04
2949,8.199143e-04
2950,8.179402e-04
2951,8.159709e-04
2952,8.140063e-04
2953,8.120465e-04
2954,8.100914e-04
2955,8.081410e-04
2956,8.061953e-04
2957,8.042543e-04
2958,8.023179e-04
2959,8.003862e-04
2960,7.984592e-04
2961,7.965368e-04
2962,7.946190e-04
2963,7.927059e-04
2964,7.907973e-04
2965,7.888934e-04
2966,7.869940e-04
2967,7.850992e-04
2968,7.832090e-04
2969,7.813233e-04
2970,7.794421e-04
2971,7.775655e-04
2972,7.756934e-04
2973,7.738258e-04
2974,7.719628e-04
2975,7.701041e-04
2976,7.682500e-04
2977,7.664003e-04
2978,7.645551e-04
2979,7.627144e-04
2980,7.608780e-04
2981,7.590461e-04
2982,7.572186e-04
2983,7.553955e-04
2984,7.535768e-04
2985,7.517624e-04
2986,7.499525e-04
2987,7.481469e-04
2988,7.463456e-04
2989,7.445487e-04
2990,7.427561e-04
2991,7.409678e-04
2992,7.391838e-04
2993,7.374041e-04
2994,7.356287e-04
2995,7.338576e-04
2996,7.320907e-04
2997,7.303281e-04
2998,7.285697e-04
2999,7.268156e-04
3000,7.250657e-04
3001,7.233200e-04
3002,7.215785e-04
3003,7.198412e-04
3004,7.181081e-04
3005,7.163792e-04
3006,7.146544e-04
3007,7.129337e-04
3008,7.112173e-04
3009,7.095049e-04
3010,7.077967e-04
3011,7.060926e-04
3012,7.043925e-04
3013,7.026966e-04
3014,7.010048e-04
3015,6.993170e-04
3016,6.976333e-04
3017,6.959537e-04
3018,6.942781e-04
3019,6.926065e-04
3020,6.909390e-04
3021,6.892754e-04
3022,6.876159e-04
3023,6.859604e-04
3024,6.843088e-04
3025,6.826613e-04
3026,6.810177e-04
3027,6.793780e-04
3028,6.777423e-04
3029,6.761106e-04
3030,6.744827e-04
3031,6.728588e-04
3032,6.712388e-04
3033,6.696227e-04
3034,6.680105e-04
3035,6.664022e-04
3036,6.647977e-04
3037,6.631972e-04
3038,6.616004e-04
3039,6.600075e-04
3040,6.584185e-04
3041,6.568332e-04
3042,6.552518e-04
3043,6.536742e-04
3044,6.521004e-04
3045,6.505304e-04
3046,6.489641e-04
3047,6.474017e-04
3048,6.458430e-04
3049,6.442880e-04
3050,6.427368e-04
3051,6.411893e-04
3052,6.396456e-04
3053,6.381055e-04
3054,6.365692e-04
3055,6.350366e-04
3056,6.335076e-04
3057,6.319824e-04
3058,6.304608e-04
3059,6.289429e-04
3060,6.274286e-04
3061,6.259180e-04
3062,6.244110e-04
3063,6.229077e-04
3064,6.214079e-04
3065,6.199118e-04
3066,6.184193e-04
3067,6.169303e-04
3068,6.154450e-04
3069,6.139632e-04
3070,6.124850e-04
3071,6.110104e-04
3072,6.095393e-04
3073,6.080718e-04
3074,6.066077e-04
3075,6.051472e-04
3076,6.036903e-04
3077,6.022368e-04
3078,6.007868e-04
3079,5.993404e-04
3080,5.978974e-04
3081,5.964578e-04
3082,5.950218e-04
3083,5.935892e-04
3084,5.921601e-04
3085,5.907343e-04
3086,5.893121e-04
3087,5.878932e-04
3088,5.864778e-04
3089,5.850658e-04
3090,5.836571e-04
3091,5.822519e-04
3092,5.808501e-04
3093,5.794516e-04
3094,5.780565e-04
3095,5.766647e-04
3096,5.752763e-04
3097,5.738913e-04
3098,5.725095e-04
3099,5.711311e-04
3100,5.697561e-04
3101,5.683843e-04
3102,5.670158e-04
3103,5.656507e-04
3104,5.642888e-04
3105,5.629302e-04
3106,5.615749e-04
3107,5.602228e-04
3108,5.588740e-04
3109,5.575284e-04
3110,5.561861e-04
3111,5.548470e-04
3112,5.535111e-04
3113,5.521785e-04
3114,5.508490e-04
3115,5.495228e-04
3116,5.481997e-04
3117,5.468799e-04
3118,5.455632e-04
3119,5.442497e-04
3120,5.429393e-04
3121,5.416321e-04
3122,5.403281e-04
3123,5.390271e-04
3124,5.377294e-04
3125,5.364347e-04
3126,5.351432e-04
3127,5.338547e-04
3128,5.325694e-04
3129,5.312872e-04
3130,5.300080e-04
3131,5.287320e-04
3132,5.274590e-04
3133,5.261890e-04
3134,5.249222e-04
3135,5.236583e-04
3136,5.223976e-04
3137,5.211398e-04
3138,5.198851e-04
3139,5.186334e-04
3140,5.173847e-04
3141,5.161390e-04
3142,5.148964e-04
3143,5.136567e-04
3144,5.124200e-04
3145,5.111863e-04
3146,5.099555e-04
3147,5.087277e-04
3148,5.075029e-04
3149,5.062810e-04
3150,5.050621e-04
3151,5.038461e-04
3152,5.026330e-04
3153,5.014228e-04
3154,5.002156e-04
3155,4.990113e-04
3156,4.978098e-04
3157,4.966113e-04
3158,4.954156e-04
3159,4.942228e-04
3160,4.930329e-04
3161,4.918459e-04
3162,4.906617e-04
3163,4.894804e-04
3164,4.883019e-04
3165,4.871262e-04
3166,4.859534e-04
3167,4.847834e-04
3168,4.836162e-04
3169,4.824518e-04
3170,4.812903e-04
3171,4.801315e-04
3172,4.789755e-04
3173,4.778223e-04
3174,4.766719e-04
3175,4.755242e-04
3176,4.743794e-04
3177,4.732372e-04
3178,4.720978e-04
3179,4.709612e-04
3180,4.698273e-04
3181,4.686961e-04
3182,4.675677e-04
3183,4.664419e-04
3184,4.653189e-04
3185,4.641986e-04
3186,4.630810e-04
3187,4.619660e-04
3188,4.608538e-04
3189,4.597442e-04
3190,4.586373e-04
3191,4.575331e-04
3192,4.564315e-04
3193,4.553326e-04
3194,4.542363e-04
3195,4.531427e-04
3196,4.520517e-04
3197,4.509633e-04
3198,4.498776e-04
3199,4.487944e-04
3200,4.477139e-04
3201,4.466359e-04
3202,4.455606e-04
3203,4.444879e-04
3204,4.434177e-04
3205,4.423501e-04
3206,4.412851e-04
3207,4.402226e-04
3208,4.391627e-04
3209,4.381054e-04
3210,4.370506e-04
3211,4.359983e-04
3212,4.349486e-04
3213,4.339014e-04
3214,4.328567e-04
3215,4.318146e-04
3216,4.307749e-04
3217,4.297378e-04
3218,4.287031e-04
3219,4.276710e-04
3220,4.266413e-04
3221,4.256141e-04
3222,4.245894e-04
3223,4.235671e-04
3224,4.225473e-04
3225,4.215300e-04
3226,4.205151e-04
3227,4.195026e-04
3228,4.184926e-04
3229,4.174850e-04
3230,4.164799e-04
3231,4.154772e-04
3232,4.144768e-04
3233,4.134789e-04
3234,4.124834e-04
3235,4.114903e-04
3236,4.104996e-04
3237,4.095113e-04
3238,4.085253e-04
3239,4.075417e-04
3240,4.065605e-04
3241,4.055817e-04
3242,4.046052e-04
3243,4.036310e-04
3244,4.026592e-04
3245,4.016898e-04
3246,4.007227e-04
3247,3.997579e-04
3248,3.987954e-04
3249,3.978352e-04
3250,3.968774e-04
3251,3.959219e-04
3252,3.949686e-04
3253,3.940177e-04
3254,3.930690e-04
3255,3.921227e-04
3256,3.911786e-04
3257,3.902368e-04
3258,3.892972e-04
3259,3.883599e-04
3260,3.874249e-04
3261,3.864921e-04
3262,3.855616e-04
3263,3.846333e-04
3264,3.837072e-04
3265,3.827834e-04
3266,3.818618e-04
3267,3.809424e-04
3268,3.800252e-04
3269,3.791103e-04
3270,3.781975e-04
3271,3.772870e-04
3272,3.763786e-04
3273,3.754724e-04
3274,3.745684e-04
3275,3.736666e-04
3276,3.727669e-04
3277,3.718694e-04
3278,3.709741e-04
3279,3.700809e-04
3280,3.691899e-04
3281,3.683010e-04
3282,3.674143e-04
3283,3.665297e-04
3284,3.656472e-04
3285,3.647669e-04
3286,3.638887e-04
3287,3.630126e-04
3288,3.621386e-04
3289,3.612667e-04
3290,3.603969e-04
3291,3.595292e-04
3292,3.586635e-04
3293,3.578000e-04
3294,3.569386e-04
3295,3.560792e-04
3296,3.552219e-04
3297,3.543666e-04
3298,3.535134e-04
3299,3.526623e-04
3300,3.518132e-04
3301,3.509662e-04
3302,3.501212e-04
3303,3.492782e-04
3304,3.484373e-04
3305,3.475984e-04
3306,3.467615e-04
3307,3.459266e-04
3308,3.450937e-04
3309,3.442629e-04
3310,3.434340e-04
3311,3.426072e-04
3312,3.417823e-04
3313,3.409594e-04
3314,3.401385e-04
3315,3.393196e-04
3316,3.385026e-04
3317,3.376876e-04
3318,3.368746e-04
3319,3.360635e-04
3320,3.352544e-04
3321,3.344472e-04
3322,3.336420e-04
3323,3.328387e-04
3324,3.320373e-04
3325,3.312379e-04
3326,3.304404e-04
3327,3.296448e-04
3328,3.288512e-04
3329,3.280594e-04
3330,3.272696e-04
3331,3.264816e-04
3332,3.256956e-04
3333,3.249114e-04
3334,3.241292e-04
3335,3.233488e-04
3336,3.225703e-04
3337,3.217936e-04
3338,3.210189e-04
3339,3.202460e-04
3340,3.194749e-04
3341,3.187058e-04
3342,3.179384e-04
3343,3.171730e-04
3344,3.164093e-04
3345,3.156475e-04
3346,3.148875e-04
3347,3.141294e-04
3348,3.133731e-04
3349,3.126186e-04
3350,3.118659e-04
3351,3.111151e-04
3352,3.103660e-04
3353,3.096188e-04
3354,3.088733e-04
3355,3.081297e-04
3356,3.073878e-04
3357,3.066477e-04
3358,3.059094e-04
3359,3.051729e-04
3360,3.044382e-04
3361,3.037052e-04
3362,3.029740e-04
3363,3.022445e-04
3364,3.015168e-04
3365,3.007909e-04
3366,3.000667e-04
3367,2.993443e-04
3368,2.986235e-04
3369,2.979046e-04
3370,2.971873e-04
3371,2.964718e-04
3372,2.957580e-04
3373,2.950459e-04
3374,2.943356e-04
3375,2.936269e-04
3376,2.929200e-04
3377,2.922147e-04
3378,2.915112e-04
3379,2.908093e-04
3380,2.901092e-04
3381,2.894107e-04
3382,2.887139e-04
3383,2.880188e-04
3384,2.873253e-04
3385,2.866335e-04
3386,2.859434e-04
3387,2.852550e-04
3388,2.845682e-04
3389,2.838831e-04
3390,2.831996e-04
3391,2.825177e-04
3392,2.818375e-04
3393,2.811590e-04
3394,2.804820e-04
3395,2.798067e-04
3396,2.791331e-04
3397,2.784610e-04
3398,2.777906e-04
3399,2.771218e-04
3400,2.764546e-04
3401,2.757890e-04
3402,2.751250e-04
3403,2.744626e-04
3404,2.738017e-04
3405,2.731425e-04
3406,2.724849e-04
3407,2.718289e-04
3408,2.711744e-04
3409,2.705215e-04
3410,2.698702e-04
3411,2.692204e-04
3412,2.685723e-04
3413,2.679256e-04
3414,2.672806e-04
3415,2.666370e-04
3416,2.659951e-04
3417,2.653547e-04
3418,2.647158e-04
3419,2.640784e-04
3420,2.634426e-04
3421,2.628084e-04
3422,2.621756e-04
3423,2.615444e-04
3424,2.609147e-04
3425,2.602865e-04
3426,2.596598e-04
3427,2.590347e-04
3428,2.584110e-04
3429,2.577888e-04
3430,2.571682e-04
3431,2.565490e-04
3432,2.559313e-04
3433,2.553151e-04
3434,2.547004e-04
3435,2.540872e-04
3436,2.534755e-04
3437,2.528652e-04
3438,2.522564e-04
3439,2.516490e-04
3440,2.510432e-04
3441,2.504387e-04
3442,2.498358e-04
3443,2.492343e-04
3444,2.486342e-04
3445,2.480356e-04
3446,2.474384e-04
3447,2.468426e-04
3448,2.462483e-04
3449,2.456555e-04
3450,2.450640e-04
3451,2.444740e-04
3452,2.438854e-04
3453,2.432982e-04
3454,2.427124e-04
3455,2.421281e-04
3456,2.415451e-04
3457,2.409636e-04
3458,2.403834e-04
3459,2.398046e-04
3460,2.392273e-04
3461,2.386513e-04
3462,2.380767e-04
3463,2.375035e-04
3464,2.369317e-04
3465,2.363613e-04
3466,2.357922e-04
3467,2.352245e-04
3468,2.346581e-04
3469,2.340932e-04
3470,2.335296e-04
3471,2.329673e-04
3472,2.324064e-04
3473,2.318469e-04
3474,2.312887e-04
3475,2.307318e-04
3476,2.301763e-04
3477,2.296221e-04
3478,2.290693e-04
3479,2.285177e-04
3480,2.279675e-04
3481,2.274187e-04
3482,2.268711e-04
3483,2.263249e-04
3484,2.257800e-04
3485,2.252364e-04
3486,2.246941e-04
3487,2.241531e-04
3488,2.236135e-04
3489,2.230751e-04
3490,2.225380e-04
3491,2.220022e-04
3492,2.214677e-04
3493,2.209345e-04
3494,2.204026e-04
3495,2.198719e-04
3496,2.193425e-04
3497,2.188144e-04
3498,2.182876e-04
3499,2.177621e-04
3500,2.172378e-04
3501,2.167147e-04
3502,2.161930e-04
3503,2.156725e-04
3504,2.151532e-04
3505,2.146352e-04
3506,2.141184e-04
3507,2.136029e-04
3508,2.130886e-04
3509,2.125756e-04
3510,2.120638e-04
3511,2.115532e-04
3512,2.110439e-04
3513,2.105357e-04
3514,2.100289e-04
3515,2.095232e-04
3516,2.090187e-04
3517,2.085155e-04
3518,2.080135e-04
3519,2.075126e-04
3520,2.070130e-04
3521,2.065146e-04
3522,2.060174e-04
3523,2.055214e-04
3524,2.050266e-04
3525,2.045329e-04
3526,2.040405e-04
3527,2.035492e-04
3528,2.030592e-04
3529,2.025703e-04
3530,2.020826e-04
3531,2.015960e-04
3532,2.011106e-04
3533,2.006264e-04
3534,2.001434e-04
3535,1.996615e-04
3536,1.991808e-04
3537,1.987013e-04
3538,1.982229e-04
3539,1.977456e-04
3540,1.972695e-04
3541,1.967946e-04
3542,1.963208e-04
3543,1.958481e-04
3544,1.953766e-04
3545,1.949062e-04
3546,1.944369e-04
3547,1.939688e-04
3548,1.935018e-04
3549,1.930359e-04
3550,1.925711e-04
3551,1.921075e-04
3552,1.916449e-04
3553,1.911835e-04
3554,1.907232e-04
3555,1.902640e-04
3556,1.898060e-04
3557,1.893490e-04
3558,1.888931e-04
3559,1.884383e-04
3560,1.879846e-04
3561,1.875320e-04
3562,1.870805e-04
3563,1.866301e-04
3564,1.861807e-04
3565,1.857325e-04
3566,1.852853e-04
3567,1.848392e-04
3568,1.843942e-04
3569,1.839502e-04
3570,1.835073e-04
3571,1.830655e-04
3572,1.826248e-04
3573,1.821851e-04
3574,1.817464e-04
3575,1.813089e-04
3576,1.808723e-04
3577,1.804369e-04
3578,1.800024e-04
3579,1.795691e-04
3580,1.791367e-04
3581,1.787054e-04
3582,1.782752e-04
3583,1.778459e-04
3584,1.774178e-04
3585,1.769906e-04
3586,1.765645e-04
3587,1.761394e-04
3588,1.757153e-04
3589,1.752922e-04
3590,1.748702e-04
3591,1.744492e-04
3592,1.740292e-04
3593,1.736102e-04
3594,1.731922e-04
3595,1.727752e-04
3596,1.723592e-04
3597,1.719442e-04
3598,1.715302e-04
3599,1.711173e-04
3600,1.707053e-04
3601,1.702943e-04
3602,1.698843e-04
3603,1.694753e-04
3604,1.690672e-04
3605,1.686602e-04
3606,1.682541e-04
3607,1.678490e-04
3608,1.674449e-04
3609,1.670417e-04
3610,1.666396e-04
3611,1.662383e-04
3612,1.658381e-04
3613,1.654388e-04
3614,1.650405e-04
3615,1.646432e-04
3616,1.642468e-04
3617,1.638513e-04
3618,1.634568e-04
3619,1.630633e-04
3620,1.626707e-04
3621,1.622790e-04
3622,1.618883e-04
3623,1.614985e-04
3624,1.611097e-04
3625,1.607218e-04
3626,1.603349e-04
3627,1.599488e-04
3628,1.595637e-04
3629,1.591796e-04
3630,1.587963e-04
3631,1.584140e-04
3632,1.580326e-04
3633,1.576521e-04
3634,1.572725e-04
3635,1.568939e-04
3636,1.565161e-04
3637,1.561393e-04
3638,1.557634e-04
3639,1.553884e-04
3640,1.550142e-04
3641,1.546410e-04
3642,1.542687e-04
3643,1.538973e-04
3644,1.535267e-04
3645,1.531571e-04
3646,1.527884e-04
3647,1.524205e-04
3648,1.520535e-04
3649,1.516874e-04
3650,1.513222e-04
3651,1.509579e-04
3652,1.505944e-04
3653,1.502319e-04
3654,1.498702e-04
3655,1.495093e-04
3656,1.491494e-04
3657,1.487903e-04
3658,1.484320e-04
3659,1.480747e-04
3660,1.477182e-04
3661,1.473625e-04
3662,1.470077e-04
3663,1.466538e-04
3664,1.463007e-04
3665,1.459484e-04
3666,1.455971e-04
3667,1.452465e-04
3668,1.448968e-04
3669,1.445479e-04
3670,1.441999e-04
3671,1.438527e-04
3672,1.435064e-04
3673,1.431609e-04
3674,1.428162e-04
3675,1.424724e-04
3676,1.421293e-04
3677,1.417871e-04
3678,1.414458e-04
3679,1.411052e-04
3680,1.407655e-04
3681,1.404266e-04
3682,1.400885e-04
3683,1.397512e-04
3684,1.394147e-04
3685,1.390791e-04
3686,1.387442e-04
3687,1.384102e-04
3688,1.380769e-04
3689,1.377445e-04
3690,1.374129e-04
3691,1.370820e-04
3692,1.367520e-04
3693,1.364227e-04
3694,1.360943e-04
3695,1.357666e-04
3696,1.354397e-04
3697,1.351136e-04
3698,1.347883e-04
3699,1.344638e-04
3700,1.341401e-04
3701,1.338171e-04
3702,1.334949e-04
3703,1.331735e-04
3704,1.328529e-04
3705,1.325330e-04
3706,1.322139e-04
3707,1.318956e-04
3708,1.315781e-04
3709,1.312613e-04
3710,1.309452e-04
3711,1.306300e-04
3712,1.303155e-04
3713,1.300017e-04
3714,1.296887e-04
3715,1.293765e-04
3716,1.290650e-04
3717,1.287542e-04
3718,1.284442e-04
3719,1.281350e-04
3720,1.278265e-04
3721,1.275187e-04
3722,1.272117e-04
3723,1.269054e-04
3724,1.265999e-04
3725,1.262951e-04
3726,1.259910e-04
3727,1.256877e-04
3728,1.253851e-04
3729,1.250832e-04
3730,1.247820e-04
3731,1.244816e-04
3732,1.241819e-04
3733,1.238829e-04
3734,1.235846e-04
3735,1.232871e-04
3736,1.229903e-04
3737,1.226941e-04
3738,1.223987e-04
3739,1.221040e-04
3740,1.218101e-04
3741,1.215168e-04
3742,1.212242e-04
3743,1.209324e-04
3744,1.206412e-04
3745,1.203507e-04
3746,1.200610e-04
3747,1.197719e-04
3748,1.194835e-04
3749,1.191959e-04
3750,1.189089e-04
3751,1.186226e-04
3752,1.183370e-04
3753,1.180521e-04
3754,1.177679e-04
3755,1.174843e-04
3756,1.172015e-04
3757,1.169193e-04
3758,1.166378e-04
3759,1.163570e-04
3760,1.160768e-04
3761,1.157973e-04
3762,1.155185e-04
3763,1.152404e-04
3764,1.149630e-04
3765,1.146862e-04
3766,1.144101e-04
3767,1.141346e-04
3768,1.138598e-04
3769,1.135857e-04
3770,1.133122e-04
3771,1.130394e-04
3772,1.127672e-04
3773,1.124957e-04
3774,1.122249e-04
3775,1.119547e-04
3776,1.116851e-04
3777,1.114162e-04
3778,1.111480e-04
3779,1.108804e-04
3780,1.106134e-04
3781,1.103471e-04
3782,1.100814e-04
3783,1.098164e-04
3784,1.095520e-04
3785,1.092882e-04
3786,1.090251e-04
3787,1.087626e-04
3788,1.085007e-04
3789,1.082395e-04
3790,1.079789e-04
3791,1.077189e-04
3792,1.074596e-04
3793,1.072009e-04
3794,1.069428e-04
3795,1.066853e-04
3796,1.064284e-04
3797,1.061722e-04
3798,1.059166e-04
3799,1.056616e-04
3800,1.054072e-04
3801,1.051534e-04
3802,1.049002e-04
3803,1.046476e-04
3804,1.043957e-04
3805,1.041443e-04
3806,1.038936e-04
3807,1.036435e-04
3808,1.033939e-04
3809,1.031450e-04
3810,1.028967e-04
3811,1.026489e-04
3812,1.024018e-04
3813,1.021552e-04
3814,1.019093e-04
3815,1.016639e-04
3816,1.014192e-04
3817,1.011750e-04
3818,1.009314e-04
3819,1.006884e-04
3820,1.004460e-04
3821,1.002041e-04
3822,9.996286e-05
3823,9.972219e-05
3824,9.948209e-05
3825,9.924257e-05
3826,9.900363e-05
3827,9.876527e-05
3828,9.852748e-05
3829,9.829026e-05
3830,9.805361e-05
3831,9.781754e-05
3832,9.758203e-05
3833,9.734708e-05
3834,9.711271e-05
3835,9.687890e-05
3836,9.664565e-05
3837,9.641296e-05
3838,9.618083e-05
3839,9.594926e-05
3840,9.571825e-05
3841,9.548780e-05
3842,9.525790e-05
3843,9.502855e-05
3844,9.479976e-05
3845,9.457151e-05
3846,9.434382e-05
3847,9.411667e-05
3848,9.389008e-05
3849,9.366402e-05
3850,9.343851e-05
3851,9.321355e-05
3852,9.298912e-05
3853,9.276524e-05
3854,9.254189e-05
3855,9.231909e-05
3856,9.209682e-05
3857,9.187508e-05
3858,9.165388e-05
3859,9.143321e-05
3860,9.121307e-05
3861,9.099346e-05
3862,9.077438e-05
3863,9.055583e-05
3864,9.033781e-05
3865,9.012031e-05
3866,8.990333e-05
3867,8.968687e-05
3868,8.947094e-05
3869,8.925553e-05
3870,8.904063e-05
3871,8.882626e-05
3872,8.861239e-05
3873,8.839905e-05
3874,8.818621e-05
3875,8.797389e-05
3876,8.776209e-05
3877,8.755079e-05
3878,8.734000e-05
3879,8.712971e-05
3880,8.691994e-05
3881,8.671066e-05
3882,8.650190e-05
3883,8.629363e-05
3884,8.608587e-05
3885,8.587860e-05
3886,8.567184e-05
3887,8.546557e-05
3888,8.525980e-05
3889,8.505453e-05
3890,8.484975e-05
3891,8.464546e-05
3892,8.444166e-05
3893,8.423836e-05
3894,8.403554e-05
3895,8.383322e-05
3896,8.363138e-05
3897,8.343002e-05
3898,8.322915e-05
3899,8.302877e-05
3900,8.282887e-05
3901,8.262944e-05
3902,8.243050e-05
3903,8.223204e-05
3904,8.203405e-05
3905,8.183655e-05
3906,8.163951e-05
3907,8.144296e-05
3908,8.124687e-05
3909,8.105126e-05
3910,8.085612e-05
3911,8.066144e-05
3912,8.046724e-05
3913,8.027350e-05
3914,8.008023e-05
3915,7.988743e-05
3916,7.969509e-05
3917,7.950321e-05
3918,7.931180e-05
3919,7.912085e-05
3920,7.893035e-05
3921,7.874032e-05
3922,7.855074e-05
3923,7.836162e-05
3924,7.817295e-05
3925,7.798474e-05
3926,7.779698e-05
3927,7.760967e-05
3928,7.742282e-05
3929,7.723641e-05
3930,7.705045e-05
3931,7.686494e-05
3932,7.667988e-05
3933,7.649526e-05
3934,7.631109e-05
3935,7.612736e-05
3936,7.594407e-05
3937,7.576123e-05
3938,7.557882e-05
3939,7.539686e-05
3940,7.521533e-05
3941,7.503424e-05
3942,7.485358e-05
3943,7.467336e-05
3944,7.449357e-05
3945,7.431422e-05
3946,7.413530e-05
3947,7.395681e-05
3948,7.377875e-05
3949,7.360112e-05
3950,7.342391e-05
3951,7.324713e-05
3952,7.307078e-05
3953,7.289485e-05
3954,7.271935e-05
3955,7.254427e-05
3956,7.236961e-05
3957,7.219537e-05
3958,7.202155e-05
3959,7.184814e-05
3960,7.167516e-05
3961,7.150259e-05
3962,7.133044e-05
3963,7.115870e-05
3964,7.098738e-05
3965,7.081647e-05
3966,7.064597e-05
3967,7.047588e-05
3968,7.030620e-05
3969,7.013692e-05
3970,6.996806e-05
3971,6.979960e-05
3972,6.963155e-05
3973,6.946390e-05
3974,6.929666e-05
3975,6.912982e-05
3976,6.896338e-05
3977,6.879734e-05
3978,6.863170e-05
3979,6.846646e-05
3980,6.830162e-05
3981,6.813717e-05
3982,6.797312e-05
3983,6.780947e-05
3984,6.764621e-05
3985,6.748334e-05
3986,6.732086e-05
3987,6.715878e-05
3988,6.699709e-05
3989,6.683578e-05
3990,6.667487e-05
3991,6.651434e-05
3992,6.635419e-05
3993,6.619444e-05
3994,6.603507e-05
3995,6.587608e-05
3996,6.571747e-05
3997,6.555925e-05
3998,6.540140e-05
3999,6.524394e-05
4000,6.508686e-05
4001,6.493015e-05
4002,6.477382e-05
4003,6.461787e-05
4004,6.446230e-05
4005,6.430709e-05
4006,6.415227e-05
4007,6.399781e-05
4008,6.384373e-05
4009,6.369001e-05
4010,6.353667e-05
4011,6.338370e-05
4012,6.323109e-05
4013,6.307886e-05
4014,6.292699e-05
4015,6.277548e-05
4016,6.262434e-05
4017,6.247356e-05
4018,6.232315e-05
4019,6.217310e-05
4020,6.202341e-05
4021,6.187408e-05
4022,6.172511e-05
4023,6.157650e-05
4024,6.142824e-05
4025,6.128035e-05
4026,6.113280e-05
4027,6.098562e-05
4028,6.083879e-05
4029,6.069231e-05
4030,6.054619e-05
4031,6.040041e-05
4032,6.025499e-05
4033,6.010992e-05
4034,5.996519e-05
4035,5.982082e-05
4036,5.967679e-05
4037,5.953311e-05
4038,5.938978e-05
4039,5.924679e-05
4040,5.910415e-05
4041,5.896184e-05
4042,5.881989e-05
4043,5.867827e-05
4044,5.853699e-05
4045,5.839606e-05
4046,5.825546e-05
4047,5.811520e-05
4048,5.797528e-05
4049,5.783570e-05
4050,5.769645e-05
4051,5.755754e-05
4052,5.741896e-05
4053,5.728072e-05
4054,5.714281e-05
4055,5.700523e-05
4056,5.686798e-05
4057,5.673106e-05
4058,5.659447e-05
4059,5.645822e-05
4060,5.632228e-05
4061,5.618668e-05
4062,5.605140e-05
4063,5.591645e-05
4064,5.578183e-05
4065,5.564752e-05
4066,5.551354e-05
4067,5.537989e-05
4068,5.524655e-05
4069,5.511354e-05
4070,5.498085e-05
4071,5.484847e-05
4072,5.471642e-05
4073,5.458468e-05
4074,5.445326e-05
4075,5.432216e-05
4076,5.419137e-05
4077,5.406090e-05
4078,5.393074e-05
4079,5.380089e-05
4080,5.367136e-05
4081,5.354214e-05
4082,5.341323e-05
4083,5.328463e-05
4084,5.315634e-05
4085,5.302836e-05
4086,5.290068e-05
4087,5.277332e-05
4088,5.264626e-05
4089,5.251951e-05
4090,5.239306e-05
4091,5.226691e-05
4092,5.214107e-05
4093,5.201554e-05
4094,5.189030e-05
4095,5.176537e-05
4096,5.164074e-05
4097,5.151641e-05
4098,5.139237e-05
4099,5.126864e-05
4100,5.114520e-05
4101,5.102206e-05
4102,5.089922e-05
4103,5.077667e-05
4104,5.065442e-05
4105,5.053246e-05
4106,5.041080e-05
4107,5.028943e-05
4108,5.016835e-05
4109,5.004756e-05
4110,4.992707e-05
4111,4.980686e-05
4112,4.968694e-05
4113,4.956732e-05
4114,4.944798e-05
4115,4.932892e-05
4116,4.921016e-05
4117,4.909168e-05
4118,4.897348e-05
4119,4.885557e-05
4120,4.873795e-05
4121,4.862060e-05
4122,4.850354e-05
4123,4.838676e-05
4124,4.827026e-05
4125,4.815405e-05
4126,4.803811e-05
4127,4.792245e-05
4128,4.780707e-05
4129,4.769197e-05
4130,4.757714e-05
4131,4.746260e-05
4132,4.734832e-05
4133,4.723433e-05
4134,4.712060e-05
4135,4.700715e-05
4136,4.689398e-05
4137,4.678107e-05
4138,4.666844e-05
4139,4.655608e-05
4140,4.644399e-05
4141,4.633217e-05
4142,4.622062e-05
4143,4.610934e-05
4144,4.599832e-05
4145,4.588758e-05
4146,4.577710e-05
4147,4.566688e-05
4148,4.555693e-05
4149,4.544725e-05
4150,4.533783e-05
4151,4.522867e-05
4152,4.511978e-05
4153,4.501114e-05
4154,4.490277e-05
4155,4.479466e-05
4156,4.468681e-05
4157,4.457922e-05
4158,4.447189e-05
4159,4.436482e-05
4160,4.425801e-05
4161,4.415145e-05
4162,4.404515e-05
4163,4.393910e-05
4164,4.383332e-05
4165,4.372778e-05
4166,4.362250e-05
4167,4.351747e-05
4168,4.341270e-05
4169,4.330818e-05
4170,4.320391e-05
4171,4.309989e-05
4172,4.299612e-05
4173,4.289260e-05
4174,4.278933e-05
4175,4.268631e-05
4176,4.258353e-05
4177,4.248101e-05
4178,4.237873e-05
4179,4.227670e-05
4180,4.217491e-05
4181,4.207337e-05
4182,4.197207e-05
4183,4.187102e-05
4184,4.177021e-05
4185,4.166964e-05
4186,4.156932e-05
4187,4.146923e-05
4188,4.136939e-05
4189,4.126979e-05
4190,4.117042e-05
4191,4.107130e-05
4192,4.097242e-05
4193,4.087377e-05
4194,4.077536e-05
4195,4.067719e-05
4196,4.057925e-05
4197,4.048155e-05
4198,4.038409e-05
4199,4.028686e-05
4200,4.018986e-05
4201,4.009310e-05
4202,3.999657e-05
4203,3.990027e-05
4204,3.980421e-05
4205,3.970837e-05
4206,3.961277e-05
4207,3.951739e-05
4208,3.942225e-05
4209,3.932734e-05
4210,3.923265e-05
4211,3.913819e-05
4212,3.904396e-05
4213,3.894996e-05
4214,3.885618e-05
4215,3.876263e-05
4216,3.866930e-05
4217,3.857620e-05
4218,3.848332e-05
4219,3.839067e-05
4220,3.829824e-05
4221,3.820603e-05
4222,3.811404e-05
4223,3.802228e-05
4224,3.793074e-05
4225,3.783941e-05
4226,3.774831e-05
4227,3.765743e-05
4228,3.756676e-05
4229,3.747631e-05
4230,3.738608e-05
4231,3.729607e-05
4232,3.720628e-05
4233,3.711670e-05
4234,3.702733e-05
4235,3.693818e-05
4236,3.684925e-05
4237,3.676053e-05
4238,3.667203e-05
4239,3.658373e-05
4240,3.649565e-05
4241,3.640778e-05
4242,3.632013e-05
4243,3.623268e-05
4244,3.614545e-05
4245,3.605842e-05
4246,3.597161e-05
4247,3.588500e-05
4248,3.579860e-05
4249,3.571241e-05
4250,3.562643e-05
4251,3.554065e-05
4252,3.545508e-05
4253,3.536972e-05
4254,3.528456e-05
4255,3.519961e-05
4256,3.511486e-05
4257,3.503032e-05
4258,3.494598e-05
4259,3.486184e-05
4260,3.477791e-05
4261,3.469417e-05
4262,3.461064e-05
4263,3.452731e-05
4264,3.444418e-05
4265,3.436126e-05
4266,3.427853e-05
4267,3.419600e-05
4268,3.411366e-05
4269,3.403153e-05
4270,3.394960e-05
4271,3.386786e-05
4272,3.378632e-05
4273,3.370497e-05
4274,3.362382e-05
4275,3.354287e-05
4276,3.346211e-05
4277,3.338154e-05
4278,3.330117e-05
4279,3.322100e-05
4280,3.314101e-05
4281,3.306122e-05
4282,3.298162e-05
4283,3.290221e-05
4284,3.282300e-05
4285,3.274397e-05
4286,3.266514e-05
4287,3.258649e-05
4288,3.250803e-05
4289,3.242977e-05
4290,3.235169e-05
4291,3.227380e-05
4292,3.219609e-05
4293,3.211858e-05
4294,3.204125e-05
4295,3.196410e-05
4296,3.188714e-05
4297,3.181037e-05
4298,3.173378e-05
4299,3.165738e-05
4300,3.158116e-05
4301,3.150512e-05
4302,3.142927e-05
4303,3.135360e-05
4304,3.127811e-05
4305,3.120281e-05
4306,3.112768e-05
4307,3.105274e-05
4308,3.097797e-05
4309,3.090339e-05
4310,3.082899e-05
4311,3.075476e-05
4312,3.068071e-05
4313,3.060685e-05
4314,3.053316e-05
4315,3.045964e-05
4316,3.038631e-05
4317,3.031315e-05
4318,3.024017e-05
4319,3.016736e-05
4320,3.009473e-05
4321,3.002227e-05
4322,2.994999e-05
4323,2.987788e-05
4324,2.980594e-05
4325,2.973418e-05
4326,2.966259e-05
4327,2.959118e-05
4328,2.951993e-05
4329,2.944886e-05
4330,2.937795e-05
4331,2.930722e-05
4332,2.923666e-05
4333,2.916627e-05
4334,2.909605e-05
4335,2.902600e-05
4336,2.895611e-05
4337,2.888640e-05
4338,2.881685e-05
4339,2.874747e-05
4340,2.867825e-05
4341,2.860921e-05
4342,2.854033e-05
4343,2.847161e-05
4344,2.840306e-05
4345,2.833468e-05
4346,2.826646e-05
4347,2.819840e-05
4348,2.813051e-05
4349,2.806278e-05
4350,2.799522e-05
4351,2.792782e-05
4352,2.786058e-05
4353,2.779350e-05
4354,2.772658e-05
4355,2.765983e-05
4356,2.759323e-05
4357,2.752680e-05
4358,2.746052e-05
4359,2.739441e-05
4360,2.732845e-05
4361,2.726266e-05
4362,2.719702e-05
4363,2.713154e-05
4364,2.706621e-05
4365,2.700105e-05
4366,2.693604e-05
4367,2.687119e-05
4368,2.680649e-05
4369,2.674195e-05
4370,2.667757e-05
4371,2.661334e-05
4372,2.654926e-05
4373,2.648534e-05
4374,2.642157e-05
4375,2.635796e-05
4376,2.629450e-05
4377,2.623119e-05
4378,2.616804e-05
4379,2.610503e-05
4380,2.604218e-05
4381,2.597948e-05
4382,2.591693e-05
4383,2.585453e-05
4384,2.579229e-05
4385,2.573019e-05
4386,2.566824e-05
4387,2.560644e-05
4388,2.554479e-05
4389,2.548328e-05
4390,2.542193e-05
4391,2.536072e-05
4392,2.529966e-05
4393,2.523875e-05
4394,2.517799e-05
4395,2.511737e-05
4396,2.505689e-05
4397,2.499656e-05
4398,2.493638e-05
4399,2.487634e-05
4400,2.481645e-05
4401,2.475670e-05
4402,2.469710e-05
4403,2.463764e-05
4404,2.457832e-05
4405,2.451914e-05
4406,2.446011e-05
4407,2.440122e-05
4408,2.434247e-05
4409,2.428386e-05
4410,2.422539e-05
4411,2.416707e-05
4412,2.410888e-05
4413,2.405084e-05
4414,2.399293e-05
4415,2.393516e-05
4416,2.387754e-05
4417,2.382005e-05
4418,2.376270e-05
4419,2.370549e-05
4420,2.364841e-05
4421,2.359148e-05
4422,2.353468e-05
4423,2.347801e-05
4424,2.342149e-05
4425,2.336510e-05
4426,2.330884e-05
4427,2.325272e-05
4428,2.319674e-05
4429,2.314089e-05
4430,2.308517e-05
4431,2.302959e-05
4432,2.297415e-05
4433,2.291883e-05
4434,2.286365e-05
4435,2.280861e-05
4436,2.275369e-05
4437,2.269891e-05
4438,2.264426e-05
4439,2.258974e-05
4440,2.253535e-05
4441,2.248109e-05
4442,2.242697e-05
4443,2.237297e-05
4444,2.231911e-05
4445,2.226537e-05
4446,2.221176e-05
4447,2.215828e-05
4448,2.210493e-05
4449,2.205171e-05
4450,2.199862e-05
4451,2.194566e-05
4452,2.189282e-05
4453,2.184011e-05
4454,2.178753e-05
4455,2.173507e-05
4456,2.168274e-05
4457,2.163054e-05
4458,2.157846e-05
4459,2.152650e-05
4460,2.147468e-05
4461,2.142297e-05
4462,2.137139e-05
4463,2.131994e-05
4464,2.126861e-05
4465,2.121740e-05
4466,2.116632e-05
4467,2.111536e-05
4468,2.106452e-05
4469,2.101380e-05
4470,2.096321e-05
4471,2.091274e-05
4472,2.086239e-05
4473,2.081216e-05
4474,2.076205e-05
4475,2.071206e-05
4476,2.066220e-05
4477,2.061245e-05
4478,2.056282e-05
4479,2.051331e-05
4480,2.046393e-05
4481,2.041466e-05
4482,2.036550e-05
4483,2.031647e-05
4484,2.026756e-05
4485,2.021876e-05
4486,2.017008e-05
4487,2.012152e-05
4488,2.007307e-05
4489,2.002474e-05
4490,1.997653e-05
4491,1.992844e-05
4492,1.988046e-05
4493,1.983259e-05
4494,1.978484e-05
4495,1.973721e-05
4496,1.968969e-05
4497,1.964228e-05
4498,1.959499e-05
4499,1.954781e-05
4500,1.950075e-05
4501,1.945380e-05
4502,1.940696e-05
4503,1.936023e-05
4504,1.931362e-05
4505,1.926712e-05
4506,1.922073e-05
4507,1.917446e-05
4508,1.912829e-05
4509,1.908224e-05
4510,1.903629e-05
4511,1.899046e-05
4512,1.894474e-05
4513,1.889913e-05
4514,1.885363e-05
4515,1.880823e-05
4516,1.876295e-05
4517,1.871778e-05
4518,1.867271e-05
4519,1.862775e-05
4520,1.858290e-05
4521,1.853816e-05
4522,1.849353e-05
4523,1.844900e-05
4524,1.840459e-05
4525,1.836027e-05
4526,1.831607e-05
4527,1.827197e-05
4528,1.822798e-05
4529,1.818409e-05
4530,1.814031e-05
4531,1.809664e-05
4532,1.805307e-05
4533,1.800960e-05
4534,1.796624e-05
4535,1.792298e-05
4536,1.787983e-05
4537,1.783678e-05
4538,1.779384e-05
4539,1.775100e-05
4540,1.770826e-05
4541,1.766563e-05
4542,1.762309e-05
4543,1.758066e-05
4544,1.753834e-05
4545,1.749611e-05
4546,1.745399e-05
4547,1.741196e-05
4548,1.737004e-05
4549,1.732822e-05
4550,1.728650e-05
4551,1.724488e-05
4552,1.720336e-05
4553,1.716194e-05
4554,1.712062e-05
4555,1.707940e-05
4556,1.703828e-05
4557,1.699726e-05
4558,1.695634e-05
4559,1.691551e-05
4560,1.687478e-05
4561,1.683416e-05
4562,1.679363e-05
4563,1.675319e-05
4564,1.671286e-05
4565,1.667262e-05
4566,1.663248e-05
4567,1.659243e-05
4568,1.655248e-05
4569,1.651263e-05
4570,1.647287e-05
4571,1.643321e-05
4572,1.639365e-05
4573,1.635418e-05
4574,1.631480e-05
4575,1.627552e-05
4576,1.623634e-05
4577,1.619725e-05
4578,1.615825e-05
4579,1.611935e-05
4580,1.608054e-05
4581,1.604182e-05
4582,1.600320e-05
4583,1.596467e-05
4584,1.592623e-05
4585,1.588789e-05
4586,1.584963e-05
4587,1.581147e-05
4588,1.577341e-05
4589,1.573543e-05
4590,1.569754e-05
4591,1.565975e-05
4592,1.562205e-05
4593,1.558443e-05
4594,1.554691e-05
4595,1.550948e-05
4596,1.547214e-05
4597,1.543489e-05
4598,1.539773e-05
4599,1.536066e-05
4600,1.532367e-05
4601,1.528678e-05
4602,1.524997e-05
4603,1.521326e-05
4604,1.517663e-05
4605,1.514009e-05
4606,1.510364e-05
4607,1.506727e-05
4608,1.503100e-05
4609,1.499481e-05
4610,1.495871e-05
4611,1.492269e-05
4612,1.488676e-05
4613,1.485092e-05
4614,1.481516e-05
4615,1.477950e-05
4616,1.474391e-05
4617,1.470841e-05
4618,1.467300e-05
4619,1.463767e-05
4620,1.460243e-05
4621,1.456727e-05
4622,1.453220e-05
4623,1.449721e-05
4624,1.446231e-05
4625,1.442749e-05
4626,1.439275e-05
4627,1.435810e-05
4628,1.432353e-05
4629,1.428905e-05
4630,1.425464e-05
4631,1.422032e-05
4632,1.418609e-05
4633,1.415193e-05
4634,1.411786e-05
4635,1.408387e-05
4636,1.404996e-05
4637,1.401613e-05
4638,1.398239e-05
4639,1.394872e-05
4640,1.391514e-05
4641,1.388163e-05
4642,1.384821e-05
4643,1.381487e-05
4644,1.378161e-05
4645,1.374843e-05
4646,1.371533e-05
4647,1.368231e-05
4648,1.364936e-05
4649,1.361650e-05
4650,1.358372e-05
4651,1.355101e-05
4652,1.351839e-05
4653,1.348584e-05
4654,1.345337e-05
4655,1.342098e-05
4656,1.338867e-05
4657,1.335643e-05
4658,1.332427e-05
4659,1.329219e-05
4660,1.326019e-05
4661,1.322827e-05
4662,1.319642e-05
4663,1.316465e-05
4664,1.313295e-05
4665,1.310133e-05
4666,1.306979e-05
4667,1.303832e-05
4668,1.300693e-05
4669,1.297561e-05
4670,1.294437e-05
4671,1.291321e-05
4672,1.288212e-05
4673,1.285110e-05
4674,1.282016e-05
4675,1.278929e-05
4676,1.275850e-05
4677,1.272778e-05
4678,1.269714e-05
4679,1.266657e-05
4680,1.263607e-05
4681,1.260565e-05
4682,1.257530e-05
4683,1.254502e-05
4684,1.251482e-05
4685,1.248469e-05
4686,1.245463e-05
4687,1.242464e-05
4688,1.239473e-05
4689,1.236489e-05
4690,1.233512e-05
4691,1.230542e-05
4692,1.227579e-05
4693,1.224624e-05
4694,1.221675e-05
4695,1.218734e-05
4696,1.215800e-05
4697,1.212872e-05
4698,1.209952e-05
4699,1.207039e-05
4700,1.204133e-05
4701,1.201234e-05
4702,1.198342e-05
4703,1.195457e-05
4704,1.192578e-05
4705,1.189707e-05
4706,1.186843e-05
4707,1.183985e-05
4708,1.181135e-05
4709,1.178291e-05
4710,1.175454e-05
4711,1.172624e-05
4712,1.169801e-05
4713,1.166984e-05
4714,1.164174e-05
4715,1.161372e-05
4716,1.158575e-05
4717,1.155786e-05
4718,1.153003e-05
4719,1.150227e-05
4720,1.147458e-05
4721,1.144695e-05
4722,1.141939e-05
4723,1.139190e-05
4724,1.136447e-05
4725,1.133711e-05
4726,1.130981e-05
4727,1.128258e-05
4728,1.125542e-05
4729,1.122832e-05
4730,1.120129e-05
4731,1.117432e-05
4732,1.114741e-05
4733,1.112058e-05
4734,1.109380e-05
4735,1.106709e-05
4736,1.104045e-05
4737,1.101386e-05
4738,1.098735e-05
4739,1.096089e-05
4740,1.093450e-05
4741,1.090818e-05
4742,1.088191e-05
4743,1.085572e-05
4744,1.082958e-05
4745,1.080350e-05
4746,1.077749e-05
4747,1.075155e-05
4748,1.072566e-05
4749,1.069984e-05
4750,1.067407e-05
4751,1.064838e-05
4752,1.062274e-05
4753,1.059716e-05
4754,1.057165e-05
4755,1.054620e-05
4756,1.052080e-05
4757,1.049547e-05
4758,1.047020e-05
4759,1.044500e-05
4760,1.041985e-05
4761,1.039476e-05
4762,1.036973e-05
4763,1.034477e-05
4764,1.031986e-05
4765,1.029502e-05
4766,1.027023e-05
4767,1.024550e-05
4768,1.022083e-05
4769,1.019623e-05
4770,1.017168e-05
4771,1.014719e-05
4772,1.012276e-05
4773,1.009838e-05
4774,1.007407e-05
4775,1.004982e-05
4776,1.002562e-05
4777,1.000148e-05
4778,9.977402e-06
4779,9.953381e-06
4780,9.929416e-06
4781,9.905510e-06
4782,9.881661e-06
4783,9.857870e-06
4784,9.834135e-06
4785,9.810458e-06
4786,9.786838e-06
4787,9.763275e-06
4788,9.739769e-06
4789,9.716319e-06
4790,9.692926e-06
4791,9.669589e-06
4792,9.646308e-06
4793,9.623083e-06
4794,9.599914e-06
4795,9.576801e-06
4796,9.553744e-06
4797,9.530742e-06
4798,9.507795e-06
4799,9.484904e-06
4800,9.462068e-06
4801,9.439286e-06
4802,9.416560e-06
4803,9.393888e-06
4804,9.371271e-06
4805,9.348709e-06
4806,9.326200e-06
4807,9.303746e-06
4808,9.281346e-06
4809,9.259000e-06
4810,9.236708e-06
4811,9.214469e-06
4812,9.192284e-06
4813,9.170152e-06
4814,9.148074e-06
4815,9.126049e-06
4816,9.104076e-06
4817,9.082157e-06
4818,9.060291e-06
4819,9.038477e-06
4820,9.016715e-06
4821,8.995006e-06
4822,8.973350e-06
4823,8.951745e-06
4824,8.930193e-06
4825,8.908692e-06
4826,8.887243e-06
4827,8.865846e-06
4828,8.844500e-06
4829,8.823206e-06
4830,8.801963e-06
4831,8.780771e-06
4832,8.759630e-06
4833,8.738540e-06
4834,8.717501e-06
4835,8.696512e-06
4836,8.675574e-06
4837,8.654686e-06
4838,8.633849e-06
4839,8.613062e-06
4840,8.592325e-06
4841,8.571637e-06
4842,8.551000e-06
4843,8.530412e-06
4844,8.509874e-06
4845,8.489386e-06
4846,8.468946e-06
4847,8.448556e-06
4848,8.428215e-06
4849,8.407923e-06
4850,8.387680e-06
4851,8.367485e-06
4852,8.347339e-06
4853,8.327242e-06
4854,8.307193e-06
4855,8.287192e-06
4856,8.267240e-06
4857,8.247335e-06
4858,8.227479e-06
4859,8.207670e-06
4860,8.187909e-06
4861,8.168195e-06
4862,8.148529e-06
4863,8.128911e-06
4864,8.109339e-06
4865,8.089815e-06
4866,8.070337e-06
4867,8.050907e-06
4868,8.031523e-06
4869,8.012186e-06
4870,7.992896e-06
4871,7.973652e-06
4872,7.954454e-06
4873,7.935303e-06
4874,7.916197e-06
4875,7.897138e-06
4876,7.878125e-06
4877,7.859157e-06
4878,7.840235e-06
4879,7.821359e-06
4880,7.802528e-06
4881,7.783742e-06
4882,7.765002e-06
4883,7.746306e-06
4884,7.727656e-06
4885,7.709051e-06
4886,7.690490e-06
4887,7.671974e-06
4888,7.653503e-06
4889,7.635076e-06
4890,7.616693e-06
4891,7.598355e-06
4892,7.580061e-06
4893,7.561811e-06
4894,7.543605e-06
4895,7.525443e-06
4896,7.507324e-06
4897,7.489249e-06
4898,7.471218e-06
4899,7.453230e-06
4900,7.435285e-06
4901,7.417384e-06
4902,7.399525e-06
4903,7.381710e-06
4904,7.363938e-06
4905,7.346208e-06
4906,7.328521e-06
4907,7.310876e-06
4908,7.293275e-06
4909,7.275715e-06
4910,7.258198e-06
4911,7.240723e-06
4912,7.223290e-06
4913,7.205899e-06
4914,7.188549e-06
4915,7.171242e-06
4916,7.153976e-06
4917,7.136752e-06
4918,7.119569e-06
4919,7.102428e-06
4920,7.085328e-06
4921,7.068269e-06
4922,7.051251e-06
4923,7.034274e-06
4924,7.017338e-06
4925,7.000443e-06
4926,6.983589e-06
4927,6.966775e-06
4928,6.950001e-06
4929,6.933268e-06
4930,6.916575e-06
4931,6.899923e-06
4932,6.883310e-06
4933,6.866738e-06
4934,6.850205e-06
4935,6.833712e-06
4936,6.817259e-06
4937,6.800846e-06
4938,6.784472e-06
4939,6.768137e-06
4940,6.751842e-06
4941,6.735586e-06
4942,6.719369e-06
4943,6.703191e-06
4944,6.687053e-06
4945,6.670953e-06
4946,6.654891e-06
4947,6.638869e-06
4948,6.622885e-06
4949,6.606939e-06
4950,6.591032e-06
4951,6.575163e-06
4952,6.559333e-06
4953,6.543540e-06
4954,6.527786e-06
4955,6.512069e-06
4956,6.496391e-06
4957,6.480750e-06
4958,6.465146e-06
4959,6.449581e-06
4960,6.434052e-06
4961,6.418561e-06
4962,6.403108e-06
4963,6.387692e-06
4964,6.372312e-06
4965,6.356970e-06
4966,6.341665e-06
4967,6.326396e-06
4968,6.311165e-06
4969,6.295970e-06
4970,6.280811e-06
4971,6.265689e-06
4972,6.250604e-06
4973,6.235555e-06
4974,6.220542e-06
4975,6.205565e-06
4976,6.190624e-06
4977,6.175719e-06
4978,6.160851e-06
4979,6.146017e-06
4980,6.131220e-06
4981,6.116458e-06
4982,6.101732e-06
4983,6.087041e-06
4984,6.072386e-06
4985,6.057766e-06
4986,6.043181e-06
4987,6.028631e-06
4988,6.014116e-06
4989,5.999637e-06
4990,5.985192e-06
4991,5.970782e-06
4992,5.956406e-06
4993,5.942065e-06
4994,5.927759e-06
4995,5.913487e-06
4996,5.899249e-06
4997,5.885046e-06
4998,5.870877e-06
4999,5.856742e-06
5000,5.842641e-06
5001,5.828574e-06
5002,5.814541e-06
5003,5.800542e-06
5004,5.786576e-06
5005,5.772644e-06
5006,5.758746e-06
5007,5.744881e-06
5008,5.731049e-06
5009,5.717251e-06
5010,5.703486e-06
5011,5.689754e-06
5012,5.676055e-06
5013,5.662389e-06
5014,5.648756e-06
5015,5.635156e-06
5016,5.621589e-06
5017,5.608054e-06
5018,5.594552e-06
5019,5.581082e-06
5020,5.567645e-06
5021,5.554240e-06
5022,5.540868e-06
5023,5.527527e-06
5024,5.514219e-06
5025,5.500943e-06
5026,5.487698e-06
5027,5.474486e-06
5028,5.461306e-06
5029,5.448157e-06
5030,5.435039e-06
5031,5.421954e-06
5032,5.408900e-06
5033,5.395877e-06
5034,5.382886e-06
5035,5.369926e-06
5036,5.356997e-06
5037,5.344099e-06
5038,5.331233e-06
5039,5.318397e-06
5040,5.305592e-06
5041,5.292818e-06
5042,5.280075e-06
5043,5.267363e-06
5044,5.254681e-06
5045,5.242029e-06
5046,5.229408e-06
5047,5.216818e-06
5048,5.204258e-06
5049,5.191728e-06
5050,5.179228e-06
5051,5.166758e-06
5052,5.154319e-06
5053,5.141909e-06
5054,5.129529e-06
5055,5.117179e-06
5056,5.104859e-06
5057,5.092568e-06
5058,5.080307e-06
5059,5.068075e-06
5060,5.055873e-06
5061,5.043701e-06
5062,5.031557e-06
5063,5.019443e-06
5064,5.007358e-06
5065,4.995302e-06
5066,4.983275e-06
5067,4.971277e-06
5068,4.959308e-06
5069,4.947368e-06
5070,4.935457e-06
5071,4.923574e-06
5072,4.911720e-06
5073,4.899894e-06
5074,4.888097e-06
5075,4.876328e-06
5076,4.864588e-06
5077,4.852876e-06
5078,4.841192e-06
5079,4.829536e-06
5080,4.817908e-06
5081,4.806308e-06
5082,4.794736e-06
5083,4.783192e-06
5084,4.771676e-06
5085,4.760188e-06
5086,4.748727e-06
5087,4.737294e-06
5088,4.725888e-06
5089,4.714510e-06
5090,4.703159e-06
5091,4.691835e-06
5092,4.680539e-06
5093,4.669270e-06
5094,4.658028e-06
5095,4.646813e-06
5096,4.635626e-06
5097,4.624465e-06
5098,4.613331e-06
5099,4.602223e-06
5100,4.591143e-06
5101,4.580089e-06
5102,4.569062e-06
5103,4.558061e-06
5104,4.547087e-06
5105,4.536139e-06
5106,4.525218e-06
5107,4.514323e-06
5108,4.503454e-06
5109,4.492611e-06
5110,4.481795e-06
5111,4.471004e-06
5112,4.460240e-06
5113,4.449501e-06
5114,4.438788e-06
5115,4.428101e-06
5116,4.417440e-06
5117,4.406805e-06
5118,4.396195e-06
5119,4.385610e-06
5120,4.375051e-06
5121,4.364518e-06
5122,4.354009e-06
5123,4.343527e-06
5124,4.333069e-06
5125,4.322636e-06
5126,4.312229e-06
5127,4.301847e-06
5128,4.291490e-06
5129,4.281157e-06
5130,4.270850e-06
5131,4.260567e-06
5132,4.250309e-06
5133,4.240076e-06
5134,4.229867e-06
5135,4.219683e-06
5136,4.209524e-06
5137,4.199389e-06
5138,4.189278e-06
5139,4.179192e-06
5140,4.169130e-06
5141,4.159092e-06
5142,4.149079e-06
5143,4.139089e-06
5144,4.129124e-06
5145,4.119183e-06
5146,4.109265e-06
5147,4.099371e-06
5148,4.089502e-06
5149,4.079656e-06
5150,4.069833e-06
5151,4.060035e-06
5152,4.050259e-06
5153,4.040508e-06
5154,4.030780e-06
5155,4.021075e-06
5156,4.011394e-06
5157,4.001736e-06
5158,3.992101e-06
5159,3.982490e-06
5160,3.972901e-06
5161,3.963336e-06
5162,3.953794e-06
5163,3.944274e-06
5164,3.934778e-06
5165,3.925304e-06
5166,3.915854e-06
5167,3.906426e-06
5168,3.897021e-06
5169,3.887638e-06
5170,3.878278e-06
5171,3.868940e-06
5172,3.859625e-06
5173,3.850333e-06
5174,3.841063e-06
5175,3.831815e-06
5176,3.822589e-06
5177,3.813386e-06
5178,3.804205e-06
5179,3.795045e-06
5180,3.785908e-06
5181,3.776793e-06
5182,3.767700e-06
5183,3.758629e-06
5184,3.749579e-06
5185,3.740552e-06
5186,3.731546e-06
5187,3.722562e-06
5188,3.713599e-06
5189,3.704658e-06
5190,3.695739e-06
5191,3.686841e-06
5192,3.677964e-06
5193,3.669109e-06
5194,3.660275e-06
5195,3.651462e-06
5196,3.642671e-06
5197,3.633901e-06
5198,3.625152e-06
5199,3.616424e-06
5200,3.607717e-06
5201,3.599030e-06
5202,3.590365e-06
5203,3.581721e-06
5204,3.573098e-06
5205,3.564495e-06
5206,3.555913e-06
5207,3.547351e-06
5208,3.538811e-06
5209,3.530291e-06
5210,3.521791e-06
5211,3.513312e-06
5212,3.504853e-06
5213,3.496415e-06
5214,3.487996e-06
5215,3.479599e-06
5216,3.471221e-06
5217,3.462864e-06
5218,3.454526e-06
5219,3.446209e-06
5220,3.437912e-06
5221,3.429635e-06
5222,3.421377e-06
5223,3.413140e-06
5224,3.404922e-06
5225,3.396724e-06
5226,3.388546e-06
5227,3.380388e-06
5228,3.372249e-06
5229,3.364130e-06
5230,3.356030e-06
5231,3.347950e-06
5232,3.339890e-06
5233,3.331848e-06
5234,3.323827e-06
5235,3.315824e-06
5236,3.307841e-06
5237,3.299877e-06
5238,3.291932e-06
5239,3.284006e-06
5240,3.276099e-06
5241,3.268212e-06
5242,3.260343e-06
5243,3.252493e-06
5244,3.244662e-06
5245,3.236850e-06
5246,3.229057e-06
5247,3.221283e-06
5248,3.213527e-06
5249,3.205790e-06
5250,3.198072e-06
5251,3.190372e-06
5252,3.182691e-06
5253,3.175028e-06
5254,3.167384e-06
5255,3.159758e-06
5256,3.152150e-06
5257,3.144561e-06
5258,3.136990e-06
5259,3.129437e-06
5260,3.121903e-06
5261,3.114386e-06
5262,3.106888e-06
5263,3.099408e-06
5264,3.091945e-06
5265,3.084501e-06
5266,3.077075e-06
5267,3.069666e-06
5268,3.062276e-06
5269,3.054903e-06
5270,3.047548e-06
5271,3.040210e-06
5272,3.032891e-06
5273,3.025589e-06
5274,3.018304e-06
5275,3.011037e-06
5276,3.003788e-06
5277,2.996556e-06
5278,2.989341e-06
5279,2.982144e-06
5280,2.974964e-06
5281,2.967801e-06
5282,2.960656e-06
5283,2.953528e-06
5284,2.946417e-06
5285,2.939323e-06
5286,2.932246e-06
5287,2.925186e-06
5288,2.918143e-06
5289,2.911117e-06
5290,2.904109e-06
5291,2.897116e-06
5292,2.890141e-06
5293,2.883183e-06
5294,2.876241e-06
5295,2.869316e-06
5296,2.862408e-06
5297,2.855516e-06
5298,2.848641e-06
5299,2.841783e-06
5300,2.834941e-06
5301,2.828115e-06
5302,2.821306e-06
5303,2.814514e-06
5304,2.807737e-06
5305,2.800977e-06
5306,2.794234e-06
5307,2.787506e-06
5308,2.780795e-06
5309,2.774100e-06
5310,2.767421e-06
5311,2.760758e-06
5312,2.754111e-06
5313,2.747480e-06
5314,2.740865e-06
5315,2.734266e-06
5316,2.727683e-06
5317,2.721115e-06
5318,2.714564e-06
5319,2.708028e-06
5320,2.701508e-06
5321,2.695004e-06
5322,2.688516e-06
5323,2.682043e-06
5324,2.675585e-06
5325,2.669143e-06
5326,2.662717e-06
5327,2.656306e-06
5328,2.649911e-06
5329,2.643531e-06
5330,2.637166e-06
5331,2.630817e-06
5332,2.624483e-06
5333,2.618164e-06
5334,2.611860e-06
5335,2.605572e-06
5336,2.599299e-06
5337,2.593040e-06
5338,2.586797e-06
5339,2.580569e-06
5340,2.574356e-06
5341,2.568158e-06
5342,2.561975e-06
5343,2.555807e-06
5344,2.549653e-06
5345,2.543514e-06
5346,2.537391e-06
5347,2.531282e-06
5348,2.525187e-06
5349,2.519107e-06
5350,2.513042e-06
5351,2.506992e-06
5352,2.500956e-06
5353,2.494934e-06
5354,2.488928e-06
5355,2.482935e-06
5356,2.476957e-06
5357,2.470994e-06
5358,2.465044e-06
5359,2.459109e-06
5360,2.453189e-06
5361,2.447282e-06
5362,2.441390e-06
5363,2.435512e-06
5364,2.429648e-06
5365,2.423799e-06
5366,2.417963e-06
5367,2.412141e-06
5368,2.406334e-06
5369,2.400540e-06
5370,2.394761e-06
5371,2.388995e-06
5372,2.383243e-06
5373,2.377505e-06
5374,2.371781e-06
5375,2.366071e-06
5376,2.360374e-06
5377,2.354691e-06
5378,2.349022e-06
5379,2.343366e-06
5380,2.337724e-06
5381,2.332096e-06
5382,2.326481e-06
5383,2.320880e-06
5384,2.315292e-06
5385,2.309717e-06
5386,2.304156e-06
5387,2.298609e-06
5388,2.293075e-06
5389,2.287554e-06
5390,2.282046e-06
5391,2.276552e-06
5392,2.271071e-06
5393,2.265603e-06
5394,2.260148e-06
5395,2.254706e-06
5396,2.249278e-06
5397,2.243863e-06
5398,2.238460e-06
5399,2.233071e-06
5400,2.227694e-06
5401,2.222331e-06
5402,2.216980e-06
5403,2.211643e-06
5404,2.206318e-06
5405,2.201006e-06
5406,2.195707e-06
5407,2.190420e-06
5408,2.185146e-06
5409,2.179885e-06
5410,2.174637e-06
5411,2.169401e-06
5412,2.164178e-06
5413,2.158967e-06
5414,2.153769e-06
5415,2.148584e-06
5416,2.143411e-06
5417,2.138250e-06
5418,2.133102e-06
5419,2.127967e-06
5420,2.122843e-06
5421,2.117732e-06
5422,2.112633e-06
5423,2.107547e-06
5424,2.102473e-06
5425,2.097411e-06
5426,2.092361e-06
5427,2.087323e-06
5428,2.082298e-06
5429,2.077284e-06
5430,2.072283e-06
5431,2.067294e-06
5432,2.062316e-06
5433,2.057351e-06
5434,2.052398e-06
5435,2.047456e-06
5436,2.042527e-06
5437,2.037609e-06
5438,2.032703e-06
5439,2.027809e-06
5440,2.022927e-06
5441,2.018057e-06
5442,2.013198e-06
5443,2.008351e-06
5444,2.003515e-06
5445,1.998692e-06
5446,1.993880e-06
5447,1.989079e-06
5448,1.984290e-06
5449,1.979513e-06
5450,1.974747e-06
5451,1.969992e-06
5452,1.965249e-06
5453,1.960518e-06
5454,1.955797e-06
5455,1.951088e-06
5456,1.946391e-06
5457,1.941705e-06
5458,1.937030e-06
5459,1.932366e-06
5460,1.927714e-06
5461,1.923073e-06
5462,1.918442e-06
5463,1.913824e-06
5464,1.909216e-06
5465,1.904619e-06
5466,1.900033e-06
5467,1.895459e-06
5468,1.890895e-06
5469,1.886343e-06
5470,1.881801e-06
5471,1.877270e-06
5472,1.872751e-06
5473,1.868242e-06
5474,1.863744e-06
5475,1.859256e-06
5476,1.854780e-06
5477,1.850314e-06
5478,1.845859e-06
5479,1.841415e-06
5480,1.836982e-06
5481,1.832559e-06
5482,1.828147e-06
5483,1.823745e-06
5484,1.819355e-06
5485,1.814974e-06
5486,1.810604e-06
5487,1.806245e-06
5488,1.801896e-06
5489,1.797558e-06
5490,1.793230e-06
5491,1.788913e-06
5492,1.784606e-06
5493,1.780309e-06
5494,1.776023e-06
5495,1.771747e-06
5496,1.767481e-06
5497,1.763225e-06
5498,1.758980e-06
5499,1.754745e-06
5500,1.750520e-06
5501,1.746306e-06
5502,1.742101e-06
5503,1.737907e-06
5504,1.733723e-06
5505,1.729549e-06
5506,1.725384e-06
5507,1.721230e-06
5508,1.717086e-06
5509,1.712952e-06
5510,1.708828e-06
5511,1.704714e-06
5512,1.700609e-06
5513,1.696515e-06
5514,1.692430e-06
5515,1.688356e-06
5516,1.684291e-06
5517,1.680235e-06
5518,1.676190e-06
5519,1.672154e-06
5520,1.668129e-06
5521,1.664112e-06
5522,1.660106e-06
5523,1.656109e-06
5524,1.652121e-06
5525,1.648144e-06
5526,1.644176e-06
5527,1.640217e-06
5528,1.636268e-06
5529,1.632328e-06
5530,1.628398e-06
5531,1.624478e-06
5532,1.620567e-06
5533,1.616665e-06
5534,1.612773e-06
5535,1.608890e-06
5536,1.605016e-06
5537,1.601152e-06
5538,1.597297e-06
5539,1.593451e-06
5540,1.589615e-06
5541,1.585787e-06
5542,1.581969e-06
5543,1.578161e-06
5544,1.574361e-06
5545,1.570570e-06
5546,1.566789e-06
5547,1.563017e-06
5548,1.559254e-06
5549,1.555499e-06
5550,1.551754e-06
5551,1.548018e-06
5552,1.544291e-06
5553,1.540573e-06
5554,1.536864e-06
5555,1.533164e-06
5556,1.529473e-06
5557,1.525790e-06
5558,1.522117e-06
5559,1.518452e-06
5560,1.514796e-06
5561,1.511149e-06
5562,1.507511e-06
5563,1.503881e-06
5564,1.500260e-06
5565,1.496648e-06
5566,1.493045e-06
5567,1.489450e-06
5568,1.485864e-06
5569,1.482287e-06
5570,1.478718e-06
5571,1.475158e-06
5572,1.471606e-06
5573,1.468063e-06
5574,1.464528e-06
5575,1.461002e-06
5576,1.457485e-06
5577,1.453976e-06
5578,1.450475e-06
5579,1.446983e-06
5580,1.443499e-06
5581,1.440023e-06
5582,1.436556e-06
5583,1.433098e-06
5584,1.429647e-06
5585,1.426205e-06
5586,1.422771e-06
5587,1.419346e-06
5588,1.415929e-06
5589,1.412520e-06
5590,1.409119e-06
5591,1.405726e-06
5592,1.402342e-06
5593,1.398965e-06
5594,1.395597e-06
5595,1.392237e-06
5596,1.388885e-06
5597,1.385541e-06
5598,1.382205e-06
5599,1.378877e-06
5600,1.375558e-06
5601,1.372246e-06
5602,1.368942e-06
5603,1.365646e-06
5604,1.362358e-06
5605,1.359078e-06
5606,1.355806e-06
5607,1.352541e-06
5608,1.349285e-06
5609,1.346036e-06
5610,1.342796e-06
5611,1.339563e-06
5612,1.336338e-06
5613,1.333120e-06
5614,1.329910e-06
5615,1.326709e-06
5616,1.323514e-06
5617,1.320328e-06
5618,1.317149e-06
5619,1.313978e-06
5620,1.310814e-06
5621,1.307658e-06
5622,1.304510e-06
5623,1.301369e-06
5624,1.298236e-06
5625,1.295110e-06
5626,1.291992e-06
5627,1.288881e-06
5628,1.285778e-06
5629,1.282682e-06
5630,1.279594e-06
5631,1.276513e-06
5632,1.273440e-06
5633,1.270374e-06
5634,1.267315e-06
5635,1.264264e-06
5636,1.261220e-06
5637,1.258184e-06
5638,1.255154e-06
5639,1.252133e-06
5640,1.249118e-06
5641,1.246110e-06
5642,1.243110e-06
5643,1.240117e-06
5644,1.237132e-06
5645,1.234153e-06
5646,1.231182e-06
5647,1.228217e-06
5648,1.225260e-06
5649,1.222310e-06
5650,1.219367e-06
5651,1.216432e-06
5652,1.213503e-06
5653,1.210581e-06
5654,1.207667e-06
5655,1.204759e-06
5656,1.201858e-06
5657,1.198965e-06
5658,1.196078e-06
5659,1.193198e-06
5660,1.190325e-06
5661,1.187460e-06
5662,1.184601e-06
5663,1.181749e-06
5664,1.178903e-06
5665,1.176065e-06
5666,1.173233e-06
5667,1.170409e-06
5668,1.167591e-06
5669,1.164780e-06
5670,1.161975e-06
5671,1.159178e-06
5672,1.156387e-06
5673,1.153603e-06
5674,1.150825e-06
5675,1.148054e-06
5676,1.145290e-06
5677,1.142533e-06
5678,1.139782e-06
5679,1.137038e-06
5680,1.134300e-06
5681,1.131569e-06
5682,1.128845e-06
5683,1.126127e-06
5684,1.123416e-06
5685,1.120711e-06
5686,1.118013e-06
5687,1.115321e-06
5688,1.112636e-06
5689,1.109957e-06
5690,1.107284e-06
5691,1.104619e-06
5692,1.101959e-06
5693,1.099306e-06
5694,1.096659e-06
5695,1.094019e-06
5696,1.091385e-06
5697,1.088757e-06
5698,1.086136e-06
5699,1.083521e-06
5700,1.080912e-06
5701,1.078310e-06
5702,1.075713e-06
5703,1.073124e-06
5704,1.070540e-06
5705,1.067962e-06
5706,1.065391e-06
5707,1.062826e-06
5708,1.060267e-06
5709,1.057714e-06
5710,1.055168e-06
5711,1.052627e-06
5712,1.050093e-06
5713,1.047565e-06
5714,1.045043e-06
5715,1.042527e-06
5716,1.040016e-06
5717,1.037513e-06
5718,1.035015e-06
5719,1.032523e-06
5720,1.030037e-06
5721,1.027557e-06
5722,1.025083e-06
5723,1.022615e-06
5724,1.020153e-06
5725,1.017696e-06
5726,1.015246e-06
5727,1.012802e-06
5728,1.010363e-06
5729,1.007931e-06
5730,1.005504e-06
5731,1.003083e-06
5732,1.000668e-06
5733,9.982589e-07
