iteration,rel_residual
0,1.000000e+00
1,5.555662e-01
2,4.022174e-01
3,3.212770e-01
4,2.703570e-01
5,2.350023e-01
6,2.088421e-01
7,1.886028e-01
8,1.724187e-01
9,1.591437e-01
10,1.480323e-01
11,1.385774e-01
12,1.304213e-01
13,1.233041e-01
14,1.170318e-01
15,1.114569e-01
16,1.064646e-01
17,1.019648e-01
18,9.788516e-02
19,9.416712e-02
20,9.076275e-02
21,8.763238e-02
22,8.474288e-02
23,8.206633e-02
24,7.957909e-02
25,7.726091e-02
26,7.509443e-02
27,7.306459e-02
28,7.115833e-02
29,6.936423e-02
30,6.767224e-02
31,6.607353e-02
32,6.456025e-02
33,6.312545e-02
34,6.176292e-02
35,6.046709e-02
36,5.923297e-02
37,5.805608e-02
38,5.693233e-02
39,5.585807e-02
40,5.482994e-02
41,5.384491e-02
42,5.290021e-02
43,5.199330e-02
44,5.112186e-02
45,5.028375e-02
46,4.947702e-02
47,4.869986e-02
48,4.795060e-02
49,4.722769e-02
50,4.652972e-02
51,4.585535e-02
52,4.520335e-02
53,4.457258e-02
54,4.396198e-02
55,4.337054e-02
56,4.279734e-02
57,4.224151e-02
58,4.170224e-02
59,4.117877e-02
60,4.067037e-02
61,4.017638e-02
62,3.969617e-02
63,3.922915e-02
64,3.877474e-02
65,3.833243e-02
66,3.790172e-02
67,3.748213e-02
68,3.707323e-02
69,3.667458e-02
70,3.628580e-02
71,3.590649e-02
72,3.553632e-02
73,3.517492e-02
74,3.482199e-02
75,3.447721e-02
76,3.414029e-02
77,3.381096e-02
78,3.348894e-02
79,3.317399e-02
80,3.286587e-02
81,3.256434e-02
82,3.226919e-02
83,3.198021e-02
84,3.169719e-02
85,3.141996e-02
86,3.114831e-02
87,3.088208e-02
88,3.062110e-02
89,3.036521e-02
90,3.011425e-02
91,2.986808e-02
92,2.962656e-02
93,2.938954e-02
94,2.915691e-02
95,2.892852e-02
96,2.870427e-02
97,2.848403e-02
98,2.826769e-02
99,2.805515e-02
100,2.784630e-02
101,2.764104e-02
102,2.743928e-02
103,2.724092e-02
104,2.704588e-02
105,2.685406e-02
106,2.666539e-02
107,2.647978e-02
108,2.629716e-02
109,2.611745e-02
110,2.594058e-02
111,2.576648e-02
112,2.559509e-02
113,2.542633e-02
114,2.526014e-02
115,2.509647e-02
116,2.493525e-02
117,2.477643e-02
118,2.461995e-02
119,2.446575e-02
120,2.431379e-02
121,2.416402e-02
122,2.401638e-02
123,2.387082e-02
124,2.372732e-02
125,2.358580e-02
126,2.344625e-02
127,2.330860e-02
128,2.317283e-02
129,2.303889e-02
130,2.290674e-02
131,2.277635e-02
132,2.264768e-02
133,2.252069e-02
134,2.239535e-02
135,2.227163e-02
136,2.214950e-02
137,2.202891e-02
138,2.190985e-02
139,2.179228e-02
140,2.167618e-02
141,2.156150e-02
142,2.144824e-02
143,2.133636e-02
144,2.122583e-02
145,2.111663e-02
146,2.100873e-02
147,2.090212e-02
148,2.079676e-02
149,2.069263e-02
150,2.058972e-02
151,2.048799e-02
152,2.038744e-02
153,2.028803e-02
154,2.018974e-02
155,2.009257e-02
156,1.999648e-02
157,1.990146e-02
158,1.980750e-02
159,1.971456e-02
160,1.962264e-02
161,1.953172e-02
162,1.944178e-02
163,1.935281e-02
164,1.926479e-02
165,1.917769e-02
166,1.909152e-02
167,1.900625e-02
168,1.892188e-02
169,1.883837e-02
170,1.875573e-02
171,1.867393e-02
172,1.859297e-02
173,1.851283e-02
174,1.843350e-02
175,1.835496e-02
176,1.827721e-02
177,1.820023e-02
178,1.812401e-02
179,1.804854e-02
180,1.797381e-02
181,1.789981e-02
182,1.782652e-02
183,1.775393e-02
184,1.768204e-02
185,1.761084e-02
186,1.754031e-02
187,1.747045e-02
188,1.740124e-02
189,1.733268e-02
190,1.726476e-02
191,1.719746e-02
192,1.713079e-02
193,1.706473e-02
194,1.699927e-02
195,1.693441e-02
196,1.687013e-02
197,1.680644e-02
198,1.674331e-02
199,1.668075e-02
200,1.661874e-02
201,1.655728e-02
202,1.649637e-02
203,1.643598e-02
204,1.637613e-02
205,1.631679e-02
206,1.625797e-02
207,1.619966e-02
208,1.614185e-02
209,1.608453e-02
210,1.602770e-02
211,1.597135e-02
212,1.591548e-02
213,1.586008e-02
214,1.580514e-02
215,1.575067e-02
216,1.569664e-02
217,1.564306e-02
218,1.558993e-02
219,1.553723e-02
220,1.548496e-02
221,1.543312e-02
222,1.538170e-02
223,1.533069e-02
224,1.528010e-02
225,1.522992e-02
226,1.518013e-02
227,1.513074e-02
228,1.508175e-02
229,1.503314e-02
230,1.498492e-02
231,1.493707e-02
232,1.488961e-02
233,1.484251e-02
234,1.479577e-02
235,1.474940e-02
236,1.470339e-02
237,1.465773e-02
238,1.461242e-02
239,1.456746e-02
240,1.452284e-02
241,1.447856e-02
242,1.443461e-02
243,1.439100e-02
244,1.434771e-02
245,1.430475e-02
246,1.426211e-02
247,1.421978e-02
248,1.417777e-02
249,1.413607e-02
250,1.409467e-02
251,1.405358e-02
252,1.401279e-02
253,1.397230e-02
254,1.393210e-02
255,1.389220e-02
256,1.385258e-02
257,1.381324e-02
258,1.377419e-02
259,1.373542e-02
260,1.369692e-02
261,1.365870e-02
262,1.362075e-02
263,1.358307e-02
264,1.354565e-02
265,1.350849e-02
266,1.347159e-02
267,1.343495e-02
268,1.339857e-02
269,1.336244e-02
270,1.332655e-02
271,1.329092e-02
272,1.325552e-02
273,1.322037e-02
274,1.318546e-02
275,1.315079e-02
276,1.311635e-02
277,1.308214e-02
278,1.304817e-02
279,1.301442e-02
280,1.298090e-02
281,1.294760e-02
282,1.291452e-02
283,1.288166e-02
284,1.284902e-02
285,1.281659e-02
286,1.278438e-02
287,1.275237e-02
288,1.272058e-02
289,1.268899e-02
290,1.265761e-02
291,1.262643e-02
292,1.259545e-02
293,1.256466e-02
294,1.253408e-02
295,1.250369e-02
296,1.247349e-02
297,1.244349e-02
298,1.241367e-02
299,1.238404e-02
300,1.235460e-02
301,1.232534e-02
302,1.229626e-02
303,1.226737e-02
304,1.223865e-02
305,1.221011e-02
306,1.218175e-02
307,1.215356e-02
308,1.212554e-02
309,1.209769e-02
310,1.207001e-02
311,1.204250e-02
312,1.201516e-02
313,1.198798e-02
314,1.196096e-02
315,1.193410e-02
316,1.190741e-02
317,1.188087e-02
318,1.185449e-02
319,1.182826e-02
320,1.180219e-02
321,1.177627e-02
322,1.175050e-02
323,1.172488e-02
324,1.169941e-02
325,1.167409e-02
326,1.164891e-02
327,1.162388e-02
328,1.159899e-02
329,1.157424e-02
330,1.154963e-02
331,1.152516e-02
332,1.150083e-02
333,1.147663e-02
334,1.145257e-02
335,1.142865e-02
336,1.140485e-02
337,1.138119e-02
338,1.135766e-02
339,1.133426e-02
340,1.131098e-02
341,1.128784e-02
342,1.126482e-02
343,1.124192e-02
344,1.121915e-02
345,1.119650e-02
346,1.117397e-02
347,1.115156e-02
348,1.112927e-02
349,1.110709e-02
350,1.108504e-02
351,1.106310e-02
352,1.104128e-02
353,1.101957e-02
354,1.099797e-02
355,1.097648e-02
356,1.095511e-02
357,1.093384e-02
358,1.091269e-02
359,1.089164e-02
360,1.087070e-02
361,1.084986e-02
362,1.082913e-02
363,1.080851e-02
364,1.078798e-02
365,1.076756e-02
366,1.074724e-02
367,1.072702e-02
368,1.070690e-02
369,1.068688e-02
370,1.066696e-02
371,1.064713e-02
372,1.062741e-02
373,1.060777e-02
374,1.058823e-02
375,1.056878e-02
376,1.054943e-02
377,1.053017e-02
378,1.051100e-02
379,1.049192e-02
380,1.047293e-02
381,1.045403e-02
382,1.043521e-02
383,1.041649e-02
384,1.039785e-02
385,1.037929e-02
386,1.036082e-02
387,1.034244e-02
388,1.032413e-02
389,1.030592e-02
390,1.028778e-02
391,1.026972e-02
392,1.025175e-02
393,1.023386e-02
394,1.021604e-02
395,1.019830e-02
396,1.018064e-02
397,1.016306e-02
398,1.014556e-02
399,1.012813e-02
400,1.011078e-02
401,1.009350e-02
402,1.007629e-02
403,1.005916e-02
404,1.004210e-02
405,1.002511e-02
406,1.000820e-02
407,9.991355e-03
408,9.974581e-03
409,9.957876e-03
410,9.941241e-03
411,9.924675e-03
412,9.908176e-03
413,9.891745e-03
414,9.875381e-03
415,9.859083e-03
416,9.842850e-03
417,9.826683e-03
418,9.810580e-03
419,9.794542e-03
420,9.778567e-03
421,9.762655e-03
422,9.746805e-03
423,9.731018e-03
424,9.715292e-03
425,9.699627e-03
426,9.684022e-03
427,9.668477e-03
428,9.652992e-03
429,9.637566e-03
430,9.622198e-03
431,9.606888e-03
432,9.591636e-03
433,9.576440e-03
434,9.561302e-03
435,9.546219e-03
436,9.531192e-03
437,9.516220e-03
438,9.501303e-03
439,9.486440e-03
440,9.471631e-03
441,9.456876e-03
442,9.442174e-03
443,9.427524e-03
444,9.412926e-03
445,9.398380e-03
446,9.383885e-03
447,9.369442e-03
448,9.355048e-03
449,9.340705e-03
450,9.326412e-03
451,9.312168e-03
452,9.297972e-03
453,9.283826e-03
454,9.269727e-03
455,9.255676e-03
456,9.241673e-03
457,9.227716e-03
458,9.213806e-03
459,9.199943e-03
460,9.186125e-03
461,9.172353e-03
462,9.158626e-03
463,9.144944e-03
464,9.131307e-03
465,9.117713e-03
466,9.104163e-03
467,9.090657e-03
468,9.077194e-03
469,9.063774e-03
470,9.050396e-03
471,9.037061e-03
472,9.023767e-03
473,9.010515e-03
474,8.997304e-03
475,8.984134e-03
476,8.971004e-03
477,8.957915e-03
478,8.944865e-03
479,8.931856e-03
480,8.918885e-03
481,8.905954e-03
482,8.893062e-03
483,8.880208e-03
484,8.867392e-03
485,8.854614e-03
486,8.841874e-03
487,8.829171e-03
488,8.816505e-03
489,8.803876e-03
490,8.791284e-03
491,8.778727e-03
492,8.766207e-03
493,8.753723e-03
494,8.741274e-03
495,8.728860e-03
496,8.716482e-03
497,8.704138e-03
498,8.691828e-03
499,8.679553e-03
500,8.667311e-03
501,8.655104e-03
502,8.642930e-03
503,8.630789e-03
504,8.618681e-03
505,8.606606e-03
506,8.594564e-03
507,8.582554e-03
508,8.570576e-03
509,8.558630e-03
510,8.546715e-03
511,8.534832e-03
512,8.522980e-03
513,8.511160e-03
514,8.499370e-03
515,8.487610e-03
516,8.475881e-03
517,8.464182e-03
518,8.452514e-03
519,8.440874e-03
520,8.429265e-03
521,8.417685e-03
522,8.406134e-03
523,8.394612e-03
524,8.383118e-03
525,8.371654e-03
526,8.360217e-03
527,8.348809e-03
528,8.337429e-03
529,8.326077e-03
530,8.314752e-03
531,8.303455e-03
532,8.292185e-03
533,8.280942e-03
534,8.269726e-03
535,8.258537e-03
536,8.247375e-03
537,8.236239e-03
538,8.225129e-03
539,8.214045e-03
540,8.202987e-03
541,8.191955e-03
542,8.180949e-03
543,8.169968e-03
544,8.159012e-03
545,8.148081e-03
546,8.137175e-03
547,8.126294e-03
548,8.115438e-03
549,8.104606e-03
550,8.093799e-03
551,8.083016e-03
552,8.072256e-03
553,8.061521e-03
554,8.050809e-03
555,8.040121e-03
556,8.029457e-03
557,8.018816e-03
558,8.008198e-03
559,7.997603e-03
560,7.987031e-03
561,7.976482e-03
562,7.965955e-03
563,7.955451e-03
564,7.944969e-03
565,7.934510e-03
566,7.924073e-03
567,7.913657e-03
568,7.903264e-03
569,7.892892e-03
570,7.882542e-03
571,7.872213e-03
572,7.861906e-03
573,7.851620e-03
574,7.841355e-03
575,7.831112e-03
576,7.820889e-03
577,7.810686e-03
578,7.800505e-03
579,7.790344e-03
580,7.780203e-03
581,7.770083e-03
582,7.759983e-03
583,7.749903e-03
584,7.739844e-03
585,7.729804e-03
586,7.719783e-03
587,7.709783e-03
588,7.699802e-03
589,7.689840e-03
590,7.679898e-03
591,7.669976e-03
592,7.660072e-03
593,7.650187e-03
594,7.640322e-03
595,7.630475e-03
596,7.620647e-03
597,7.610837e-03
598,7.601047e-03
599,7.591274e-03
600,7.581520e-03
601,7.571785e-03
602,7.562067e-03
603,7.552368e-03
604,7.542687e-03
605,7.533023e-03
606,7.523378e-03
607,7.513750e-03
608,7.504140e-03
609,7.494547e-03
610,7.484972e-03
611,7.475415e-03
612,7.465875e-03
613,7.456352e-03
614,7.446846e-03
615,7.437357e-03
616,7.427885e-03
617,7.418430e-03
618,7.408992e-03
619,7.399571e-03
620,7.390166e-03
621,7.380779e-03
622,7.371407e-03
623,7.362052e-03
624,7.352714e-03
625,7.343391e-03
626,7.334085e-03
627,7.324795e-03
628,7.315522e-03
629,7.306264e-03
630,7.297022e-03
631,7.287796e-03
632,7.278586e-03
633,7.269391e-03
634,7.260213e-03
635,7.251049e-03
636,7.241902e-03
637,7.232770e-03
638,7.223653e-03
639,7.214551e-03
640,7.205465e-03
641,7.196394e-03
642,7.187339e-03
643,7.178298e-03
644,7.169272e-03
645,7.160261e-03
646,7.151265e-03
647,7.142284e-03
648,7.133318e-03
649,7.124366e-03
650,7.115429e-03
651,7.106507e-03
652,7.097599e-03
653,7.088706e-03
654,7.079827e-03
655,7.070962e-03
656,7.062112e-03
657,7.053276e-03
658,7.044454e-03
659,7.035646e-03
660,7.026853e-03
661,7.018073e-03
662,7.009307e-03
663,7.000556e-03
664,6.991818e-03
665,6.983094e-03
666,6.974383e-03
667,6.965687e-03
668,6.957004e-03
669,6.948335e-03
670,6.939679e-03
671,6.931037e-03
672,6.922408e-03
673,6.913792e-03
674,6.905190e-03
675,6.896602e-03
676,6.888026e-03
677,6.879464e-03
678,6.870915e-03
679,6.862379e-03
680,6.853856e-03
681,6.845346e-03
682,6.836849e-03
683,6.828365e-03
684,6.819894e-03
685,6.811436e-03
686,6.802991e-03
687,6.794558e-03
688,6.786138e-03
689,6.777731e-03
690,6.769337e-03
691,6.760955e-03
692,6.752585e-03
693,6.744228e-03
694,6.735884e-03
695,6.727552e-03
696,6.719232e-03
697,6.710925e-03
698,6.702630e-03
699,6.694347e-03
700,6.686077e-03
701,6.677819e-03
702,6.669573e-03
703,6.661339e-03
704,6.653117e-03
705,6.644907e-03
706,6.636709e-03
707,6.628523e-03
708,6.620349e-03
709,6.612187e-03
710,6.604037e-03
711,6.595898e-03
712,6.587772e-03
713,6.579657e-03
714,6.571553e-03
715,6.563462e-03
716,6.555382e-03
717,6.547314e-03
718,6.539257e-03
719,6.531212e-03
720,6.523178e-03
721,6.515156e-03
722,6.507145e-03
723,6.499146e-03
724,6.491158e-03
725,6.483181e-03
726,6.475216e-03
727,6.467262e-03
728,6.459319e-03
729,6.451388e-03
730,6.443467e-03
731,6.435558e-03
732,6.427660e-03
733,6.419773e-03
734,6.411897e-03
735,6.404032e-03
736,6.396178e-03
737,6.388335e-03
738,6.380503e-03
739,6.372682e-03
740,6.364872e-03
741,6.357072e-03
742,6.349284e-03
743,6.341506e-03
744,6.333739e-03
745,6.325983e-03
746,6.318237e-03
747,6.310502e-03
748,6.302778e-03
749,6.295064e-03
750,6.287361e-03
751,6.279669e-03
752,6.271987e-03
753,6.264316e-03
754,6.256655e-03
755,6.249005e-03
756,6.241365e-03
757,6.233735e-03
758,6.226116e-03
759,6.218507e-03
760,6.210909e-03
761,6.203321e-03
762,6.195743e-03
763,6.188175e-03
764,6.180618e-03
765,6.173071e-03
766,6.165534e-03
767,6.158008e-03
768,6.150491e-03
769,6.142985e-03
770,6.135488e-03
771,6.128002e-03
772,6.120526e-03
773,6.113060e-03
774,6.105603e-03
775,6.098157e-03
776,6.090721e-03
777,6.083295e-03
778,6.075878e-03
779,6.068472e-03
780,6.061075e-03
781,6.053688e-03
782,6.046311e-03
783,6.038944e-03
784,6.031587e-03
785,6.024239e-03
786,6.016901e-03
787,6.009573e-03
788,6.002255e-03
789,5.994946e-03
790,5.987647e-03
791,5.980357e-03
792,5.973078e-03
793,5.965807e-03
794,5.958546e-03
795,5.951295e-03
796,5.944054e-03
797,5.936822e-03
798,5.929599e-03
799,5.922386e-03
800,5.915182e-03
801,5.907988e-03
802,5.900803e-03
803,5.893627e-03
804,5.886461e-03
805,5.879305e-03
806,5.872157e-03
807,5.865019e-03
808,5.857890e-03
809,5.850771e-03
810,5.843660e-03
811,5.836559e-03
812,5.829468e-03
813,5.822385e-03
814,5.815312e-03
815,5.808247e-03
816,5.801192e-03
817,5.794146e-03
818,5.787110e-03
819,5.780082e-03
820,5.773063e-03
821,5.766054e-03
822,5.759053e-03
823,5.752061e-03
824,5.745079e-03
825,5.738105e-03
826,5.731141e-03
827,5.724185e-03
828,5.717239e-03
829,5.710301e-03
830,5.703372e-03
831,5.696452e-03
832,5.689541e-03
833,5.682639e-03
834,5.675746e-03
835,5.668861e-03
836,5.661985e-03
837,5.655118e-03
838,5.648260e-03
839,5.641411e-03
840,5.634570e-03
841,5.627738e-03
842,5.620915e-03
843,5.614101e-03
844,5.607295e-03
845,5.600498e-03
846,5.593709e-03
847,5.586929e-03
848,5.580158e-03
849,5.573395e-03
850,5.566641e-03
851,5.559896e-03
852,5.553159e-03
853,5.546431e-03
854,5.539711e-03
855,5.532999e-03
856,5.526297e-03
857,5.519602e-03
858,5.512916e-03
859,5.506239e-03
860,5.499570e-03
861,5.492909e-03
862,5.486257e-03
863,5.479613e-03
864,5.472978e-03
865,5.466351e-03
866,5.459732e-03
867,5.453122e-03
868,5.446520e-03
869,5.439927e-03
870,5.433341e-03
871,5.426764e-03
872,5.420195e-03
873,5.413635e-03
874,5.407083e-03
875,5.400538e-03
876,5.394003e-03
877,5.387475e-03
878,5.380956e-03
879,5.374444e-03
880,5.367941e-03
881,5.361446e-03
882,5.354959e-03
883,5.348481e-03
884,5.342010e-03
885,5.335548e-03
886,5.329093e-03
887,5.322647e-03
888,5.316209e-03
889,5.309778e-03
890,5.303356e-03
891,5.296942e-03
892,5.290536e-03
893,5.284138e-03
894,5.277747e-03
895,5.271365e-03
896,5.264991e-03
897,5.258625e-03
898,5.252266e-03
899,5.245916e-03
900,5.239573e-03
901,5.233239e-03
902,5.226912e-03
903,5.220593e-03
904,5.214282e-03
905,5.207979e-03
906,5.201683e-03
907,5.195396e-03
908,5.189116e-03
909,5.182844e-03
910,5.176580e-03
911,5.170323e-03
912,5.164075e-03
913,5.157834e-03
914,5.151601e-03
915,5.145375e-03
916,5.139158e-03
917,5.132948e-03
918,5.126745e-03
919,5.120551e-03
920,5.114364e-03
921,5.108185e-03
922,5.102013e-03
923,5.095849e-03
924,5.089693e-03
925,5.083544e-03
926,5.077403e-03
927,5.071269e-03
928,5.065143e-03
929,5.059025e-03
930,5.052914e-03
931,5.046810e-03
932,5.040715e-03
933,5.034626e-03
934,5.028546e-03
935,5.022472e-03
936,5.016406e-03
937,5.010348e-03
938,5.004297e-03
939,4.998254e-03
940,4.992218e-03
941,4.986190e-03
942,4.980169e-03
943,4.974155e-03
944,4.968149e-03
945,4.962150e-03
946,4.956158e-03
947,4.950174e-03
948,4.944198e-03
949,4.938228e-03
950,4.932266e-03
951,4.926311e-03
952,4.920364e-03
953,4.914424e-03
954,4.908491e-03
955,4.902566e-03
956,4.896647e-03
957,4.890736e-03
958,4.884833e-03
959,4.878936e-03
960,4.873047e-03
961,4.867165e-03
962,4.861290e-03
963,4.855423e-03
964,4.849562e-03
965,4.843709e-03
966,4.837863e-03
967,4.832024e-03
968,4.826193e-03
969,4.820368e-03
970,4.814551e-03
971,4.808741e-03
972,4.802937e-03
973,4.797141e-03
974,4.791352e-03
975,4.785571e-03
976,4.779796e-03
977,4.774028e-03
978,4.768267e-03
979,4.762514e-03
980,4.756767e-03
981,4.751028e-03
982,4.745295e-03
983,4.739570e-03
984,4.733851e-03
985,4.728140e-03
986,4.722435e-03
987,4.716737e-03
988,4.711047e-03
989,4.705363e-03
990,4.699687e-03
991,4.694017e-03
992,4.688354e-03
993,4.682698e-03
994,4.677049e-03
995,4.671407e-03
996,4.665772e-03
997,4.660143e-03
998,4.654522e-03
999,4.648907e-03
1000,4.643299e-03
1001,4.637698e-03
1002,4.632104e-03
1003,4.626517e-03
1004,4.620936e-03
1005,4.615363e-03
1006,4.609796e-03
1007,4.604236e-03
1008,4.598682e-03
1009,4.593136e-03
1010,4.587596e-03
1011,4.582063e-03
1012,4.576537e-03
1013,4.571017e-03
1014,4.565504e-03
1015,4.559998e-03
1016,4.554499e-03
1017,4.549006e-03
1018,4.543520e-03
1019,4.538041e-03
1020,4.532568e-03
1021,4.527102e-03
1022,4.521643e-03
1023,4.516190e-03
1024,4.510744e-03
1025,4.505304e-03
1026,4.499871e-03
1027,4.494445e-03
1028,4.489026e-03
1029,4.483612e-03
1030,4.478206e-03
1031,4.472806e-03
1032,4.467413e-03
1033,4.462026e-03
1034,4.456646e-03
1035,4.451272e-03
1036,4.445905e-03
1037,4.440544e-03
1038,4.435190e-03
1039,4.429843e-03
1040,4.424501e-03
1041,4.419167e-03
1042,4.413839e-03
1043,4.408517e-03
1044,4.403202e-03
1045,4.397893e-03
1046,4.392591e-03
1047,4.387295e-03
1048,4.382006e-03
1049,4.376723e-03
1050,4.371446e-03
1051,4.366176e-03
1052,4.360912e-03
1053,4.355655e-03
1054,4.350404e-03
1055,4.345159e-03
1056,4.339921e-03
1057,4.334689e-03
1058,4.329463e-03
1059,4.324244e-03
1060,4.319031e-03
1061,4.313824e-03
1062,4.308624e-03
1063,4.303430e-03
1064,4.298243e-03
1065,4.293061e-03
1066,4.287886e-03
1067,4.282717e-03
1068,4.277555e-03
1069,4.272399e-03
1070,4.267249e-03
1071,4.262105e-03
1072,4.256967e-03
1073,4.251836e-03
1074,4.246711e-03
1075,4.241592e-03
1076,4.236479e-03
1077,4.231373e-03
1078,4.226272e-03
1079,4.221178e-03
1080,4.216090e-03
1081,4.211009e-03
1082,4.205933e-03
1083,4.200864e-03
1084,4.195800e-03
1085,4.190743e-03
1086,4.185692e-03
1087,4.180647e-03
1088,4.175608e-03
1089,4.170575e-03
1090,4.165549e-03
1091,4.160528e-03
1092,4.155514e-03
1093,4.150505e-03
1094,4.145503e-03
1095,4.140507e-03
1096,4.135516e-03
1097,4.130532e-03
1098,4.125554e-03
1099,4.120582e-03
1100,4.115616e-03
1101,4.110656e-03
1102,4.105702e-03
1103,4.100754e-03
1104,4.095811e-03
1105,4.090875e-03
1106,4.085945e-03
1107,4.081021e-03
1108,4.076103e-03
1109,4.071190e-03
1110,4.066284e-03
1111,4.061384e-03
1112,4.056489e-03
1113,4.051601e-03
1114,4.046718e-03
1115,4.041841e-03
1116,4.036970e-03
1117,4.032105e-03
1118,4.027246e-03
1119,4.022393e-03
1120,4.017546e-03
1121,4.012704e-03
1122,4.007869e-03
1123,4.003039e-03
1124,3.998215e-03
1125,3.993397e-03
1126,3.988585e-03
1127,3.983778e-03
1128,3.978978e-03
1129,3.974183e-03
1130,3.969394e-03
1131,3.964611e-03
1132,3.959833e-03
1133,3.955062e-03
1134,3.950296e-03
1135,3.945536e-03
1136,3.940781e-03
1137,3.936032e-03
1138,3.931290e-03
1139,3.926552e-03
1140,3.921821e-03
1141,3.917095e-03
1142,3.912375e-03
1143,3.907661e-03
1144,3.902952e-03
1145,3.898249e-03
1146,3.893552e-03
1147,3.888861e-03
1148,3.884175e-03
1149,3.879494e-03
1150,3.874820e-03
1151,3.870151e-03
1152,3.865488e-03
1153,3.860830e-03
1154,3.856178e-03
1155,3.851531e-03
1156,3.846891e-03
1157,3.842255e-03
1158,3.837626e-03
1159,3.833002e-03
1160,3.828383e-03
1161,3.823771e-03
1162,3.819163e-03
1163,3.814562e-03
1164,3.809965e-03
1165,3.805375e-03
1166,3.800790e-03
1167,3.796210e-03
1168,3.791636e-03
1169,3.787068e-03
1170,3.782505e-03
1171,3.777947e-03
1172,3.773395e-03
1173,3.768849e-03
1174,3.764308e-03
1175,3.759773e-03
1176,3.755243e-03
1177,3.750718e-03
1178,3.746199e-03
1179,3.741685e-03
1180,3.737177e-03
1181,3.732675e-03
1182,3.728177e-03
1183,3.723685e-03
1184,3.719199e-03
1185,3.714718e-03
1186,3.710242e-03
1187,3.705772e-03
1188,3.701307e-03
1189,3.696848e-03
1190,3.692394e-03
1191,3.687945e-03
1192,3.683502e-03
1193,3.679064e-03
1194,3.674632e-03
1195,3.670204e-03
1196,3.665782e-03
1197,3.661366e-03
1198,3.656955e-03
1199,3.652549e-03
1200,3.648148e-03
1201,3.643753e-03
1202,3.639363e-03
1203,3.634978e-03
1204,3.630599e-03
1205,3.626225e-03
1206,3.621856e-03
1207,3.617493e-03
1208,3.613134e-03
1209,3.608781e-03
1210,3.604434e-03
1211,3.600091e-03
1212,3.595754e-03
1213,3.591422e-03
1214,3.587095e-03
1215,3.582773e-03
1216,3.578457e-03
1217,3.574146e-03
1218,3.569840e-03
1219,3.565539e-03
1220,3.561244e-03
1221,3.556953e-03
1222,3.552668e-03
1223,3.548388e-03
1224,3.544113e-03
1225,3.539843e-03
1226,3.535579e-03
1227,3.531319e-03
1228,3.527065e-03
1229,3.522816e-03
1230,3.518572e-03
1231,3.514333e-03
1232,3.510099e-03
1233,3.505870e-03
1234,3.501647e-03
1235,3.497428e-03
1236,3.493215e-03
1237,3.489006e-03
1238,3.484803e-03
1239,3.480605e-03
1240,3.476412e-03
1241,3.472224e-03
1242,3.468041e-03
1243,3.463863e-03
1244,3.459690e-03
1245,3.455522e-03
1246,3.451359e-03
1247,3.447201e-03
1248,3.443048e-03
1249,3.438901e-03
1250,3.434758e-03
1251,3.430620e-03
1252,3.426487e-03
1253,3.422359e-03
1254,3.418236e-03
1255,3.414118e-03
1256,3.410005e-03
1257,3.405897e-03
1258,3.401794e-03
1259,3.397696e-03
1260,3.393603e-03
1261,3.389515e-03
1262,3.385432e-03
1263,3.381353e-03
1264,3.377280e-03
1265,3.373211e-03
1266,3.369148e-03
1267,3.365089e-03
1268,3.361035e-03
1269,3.356986e-03
1270,3.352942e-03
1271,3.348903e-03
1272,3.344869e-03
1273,3.340839e-03
1274,3.336815e-03
1275,3.332795e-03
1276,3.328780e-03
1277,3.324770e-03
1278,3.320765e-03
1279,3.316764e-03
1280,3.312769e-03
1281,3.308778e-03
1282,3.304792e-03
1283,3.300811e-03
1284,3.296835e-03
1285,3.292863e-03
1286,3.288896e-03
1287,3.284934e-03
1288,3.280977e-03
1289,3.277025e-03
1290,3.273077e-03
1291,3.269134e-03
1292,3.265196e-03
1293,3.261263e-03
1294,3.257334e-03
1295,3.253410e-03
1296,3.249491e-03
1297,3.245576e-03
1298,3.241667e-03
1299,3.237761e-03
1300,3.233861e-03
1301,3.229966e-03
1302,3.226075e-03
1303,3.222188e-03
1304,3.218307e-03
1305,3.214430e-03
1306,3.210558e-03
1307,3.206690e-03
1308,3.202827e-03
1309,3.198969e-03
1310,3.195115e-03
1311,3.191267e-03
1312,3.187422e-03
1313,3.183583e-03
1314,3.179748e-03
1315,3.175917e-03
1316,3.172091e-03
1317,3.168270e-03
1318,3.164454e-03
1319,3.160642e-03
1320,3.156834e-03
1321,3.153031e-03
1322,3.149233e-03
1323,3.145440e-03
1324,3.141651e-03
1325,3.137866e-03
1326,3.134086e-03
1327,3.130311e-03
1328,3.126540e-03
1329,3.122774e-03
1330,3.119012e-03
1331,3.115255e-03
1332,3.111502e-03
1333,3.107754e-03
1334,3.104010e-03
1335,3.100271e-03
1336,3.096537e-03
1337,3.092806e-03
1338,3.089081e-03
1339,3.085360e-03
1340,3.081643e-03
1341,3.077931e-03
1342,3.074223e-03
1343,3.070520e-03
1344,3.066821e-03
1345,3.063127e-03
1346,3.059437e-03
1347,3.055752e-03
1348,3.052071e-03
1349,3.048394e-03
1350,3.044722e-03
1351,3.041054e-03
1352,3.037391e-03
1353,3.033732e-03
1354,3.030078e-03
1355,3.026428e-03
1356,3.022782e-03
1357,3.019141e-03
1358,3.015504e-03
1359,3.011872e-03
1360,3.008243e-03
1361,3.004620e-03
1362,3.001000e-03
1363,2.997385e-03
1364,2.993775e-03
1365,2.990168e-03
1366,2.986567e-03
1367,2.982969e-03
1368,2.979376e-03
1369,2.975787e-03
1370,2.972202e-03
1371,2.968622e-03
1372,2.965046e-03
1373,2.961474e-03
1374,2.957907e-03
1375,2.954344e-03
1376,2.950785e-03
1377,2.947230e-03
1378,2.943680e-03
1379,2.940134e-03
1380,2.936593e-03
1381,2.933055e-03
1382,2.929522e-03
1383,2.925993e-03
1384,2.922469e-03
1385,2.918948e-03
1386,2.915432e-03
1387,2.911920e-03
1388,2.908413e-03
1389,2.904909e-03
1390,2.901410e-03
1391,2.897915e-03
1392,2.894424e-03
1393,2.890938e-03
1394,2.887455e-03
1395,2.883977e-03
1396,2.880503e-03
1397,2.877033e-03
1398,2.873568e-03
1399,2.870106e-03
1400,2.866649e-03
1401,2.863196e-03
1402,2.859747e-03
1403,2.856302e-03
1404,2.852862e-03
1405,2.849425e-03
1406,2.845993e-03
1407,2.842565e-03
1408,2.839140e-03
1409,2.835720e-03
1410,2.832305e-03
1411,2.828893e-03
1412,2.825485e-03
1413,2.822082e-03
1414,2.818682e-03
1415,2.815287e-03
1416,2.811896e-03
1417,2.808509e-03
1418,2.805126e-03
1419,2.801747e-03
1420,2.798372e-03
1421,2.795001e-03
1422,2.791634e-03
1423,2.788271e-03
1424,2.784913e-03
1425,2.781558e-03
1426,2.778208e-03
1427,2.774861e-03
1428,2.771518e-03
1429,2.768180e-03
1430,2.764845e-03
1431,2.761515e-03
1432,2.758189e-03
1433,2.754866e-03
1434,2.751548e-03
1435,2.748233e-03
1436,2.744923e-03
1437,2.741616e-03
1438,2.738314e-03
1439,2.735015e-03
1440,2.731721e-03
1441,2.728430e-03
1442,2.725144e-03
1443,2.721861e-03
1444,2.718583e-03
1445,2.715308e-03
1446,2.712037e-03
1447,2.708770e-03
1448,2.705507e-03
1449,2.702248e-03
1450,2.698993e-03
1451,2.695742e-03
1452,2.692495e-03
1453,2.689252e-03
1454,2.686012e-03
1455,2.682777e-03
1456,2.679545e-03
1457,2.676318e-03
1458,2.673094e-03
1459,2.669874e-03
1460,2.666658e-03
1461,2.663446e-03
1462,2.660237e-03
1463,2.657033e-03
1464,2.653832e-03
1465,2.650636e-03
1466,2.647443e-03
1467,2.644254e-03
1468,2.641069e-03
1469,2.637887e-03
1470,2.634710e-03
1471,2.631536e-03
1472,2.628366e-03
1473,2.625200e-03
1474,2.622038e-03
1475,2.618880e-03
1476,2.615725e-03
1477,2.612574e-03
1478,2.609427e-03
1479,2.606284e-03
1480,2.603145e-03
1481,2.600009e-03
1482,2.596877e-03
1483,2.593749e-03
1484,2.590625e-03
1485,2.587504e-03
1486,2.584387e-03
1487,2.581274e-03
1488,2.578165e-03
1489,2.575059e-03
1490,2.571958e-03
1491,2.568860e-03
1492,2.565765e-03
1493,2.562675e-03
1494,2.559588e-03
1495,2.556505e-03
1496,2.553425e-03
1497,2.550349e-03
1498,2.547277e-03
1499,2.544209e-03
1500,2.541144e-03
1501,2.538083e-03
1502,2.535026e-03
1503,2.531972e-03
1504,2.528923e-03
1505,2.525876e-03
1506,2.522834e-03
1507,2.519795e-03
1508,2.516760e-03
1509,2.513728e-03
1510,2.510700e-03
1511,2.507676e-03
1512,2.504655e-03
1513,2.501638e-03
1514,2.498625e-03
1515,2.495615e-03
1516,2.492609e-03
1517,2.489607e-03
1518,2.486608e-03
1519,2.483612e-03
1520,2.480621e-03
1521,2.477633e-03
1522,2.474648e-03
1523,2.471667e-03
1524,2.468690e-03
1525,2.465717e-03
1526,2.462746e-03
1527,2.459780e-03
1528,2.456817e-03
1529,2.453858e-03
1530,2.450902e-03
1531,2.447950e-03
1532,2.445001e-03
1533,2.442056e-03
1534,2.439114e-03
1535,2.436176e-03
1536,2.433242e-03
1537,2.430311e-03
1538,2.427383e-03
1539,2.424459e-03
1540,2.421539e-03
1541,2.418622e-03
1542,2.415709e-03
1543,2.412799e-03
1544,2.409892e-03
1545,2.406990e-03
1546,2.404090e-03
1547,2.401194e-03
1548,2.398302e-03
1549,2.395413e-03
1550,2.392528e-03
1551,2.389646e-03
1552,2.386767e-03
1553,2.383892e-03
1554,2.381021e-03
1555,2.378153e-03
1556,2.375288e-03
1557,2.372427e-03
1558,2.369569e-03
1559,2.366715e-03
1560,2.363864e-03
1561,2.361017e-03
1562,2.358173e-03
1563,2.355332e-03
1564,2.352495e-03
1565,2.349662e-03
1566,2.346831e-03
1567,2.344004e-03
1568,2.341181e-03
1569,2.338361e-03
1570,2.335544e-03
1571,2.332731e-03
1572,2.329921e-03
1573,2.327114e-03
1574,2.324311e-03
1575,2.321512e-03
1576,2.318715e-03
1577,2.315922e-03
1578,2.313133e-03
1579,2.310346e-03
1580,2.307563e-03
1581,2.304784e-03
1582,2.302008e-03
1583,2.299235e-03
1584,2.296465e-03
1585,2.293699e-03
1586,2.290936e-03
1587,2.288176e-03
1588,2.285420e-03
1589,2.282667e-03
1590,2.279918e-03
1591,2.277172e-03
1592,2.274429e-03
1593,2.271689e-03
1594,2.268953e-03
1595,2.266219e-03
1596,2.263490e-03
1597,2.260763e-03
1598,2.258040e-03
1599,2.255320e-03
1600,2.252603e-03
1601,2.249890e-03
1602,2.247180e-03
1603,2.244473e-03
1604,2.241770e-03
1605,2.239069e-03
1606,2.236372e-03
1607,2.233678e-03
1608,2.230988e-03
1609,2.228300e-03
1610,2.225616e-03
1611,2.222935e-03
1612,2.220258e-03
1613,2.217583e-03
1614,2.214912e-03
1615,2.212244e-03
1616,2.209580e-03
1617,2.206918e-03
1618,2.204260e-03
1619,2.201604e-03
1620,2.198953e-03
1621,2.196304e-03
1622,2.193658e-03
1623,2.191016e-03
1624,2.188377e-03
1625,2.185741e-03
1626,2.183108e-03
1627,2.180478e-03
1628,2.177852e-03
1629,2.175228e-03
1630,2.172608e-03
1631,2.169991e-03
1632,2.167377e-03
1633,2.164767e-03
1634,2.162159e-03
1635,2.159555e-03
1636,2.156953e-03
1637,2.154355e-03
1638,2.151760e-03
1639,2.149168e-03
1640,2.146580e-03
1641,2.143994e-03
1642,2.141411e-03
1643,2.138832e-03
1644,2.136256e-03
1645,2.133682e-03
1646,2.131112e-03
1647,2.128545e-03
1648,2.125981e-03
1649,2.123420e-03
1650,2.120863e-03
1651,2.118308e-03
1652,2.115756e-03
1653,2.113208e-03
1654,2.110662e-03
1655,2.108120e-03
1656,2.105581e-03
1657,2.103044e-03
1658,2.100511e-03
1659,2.097981e-03
1660,2.095454e-03
1661,2.092930e-03
1662,2.090409e-03
1663,2.087891e-03
1664,2.085376e-03
1665,2.082864e-03
1666,2.080355e-03
1667,2.077849e-03
1668,2.075346e-03
1669,2.072846e-03
1670,2.070350e-03
1671,2.067856e-03
1672,2.065365e-03
1673,2.062877e-03
1674,2.060392e-03
1675,2.057910e-03
1676,2.055432e-03
1677,2.052956e-03
1678,2.050483e-03
1679,2.048013e-03
1680,2.045546e-03
1681,2.043082e-03
1682,2.040621e-03
1683,2.038163e-03
1684,2.035708e-03
1685,2.033256e-03
1686,2.030807e-03
1687,2.028361e-03
1688,2.025917e-03
1689,2.023477e-03
1690,2.021040e-03
1691,2.018605e-03
1692,2.016174e-03
1693,2.013745e-03
1694,2.011319e-03
1695,2.008897e-03
1696,2.006477e-03
1697,2.004060e-03
1698,2.001646e-03
1699,1.999235e-03
1700,1.996827e-03
1701,1.994422e-03
1702,1.992019e-03
1703,1.989620e-03
1704,1.987223e-03
1705,1.984829e-03
1706,1.982439e-03
1707,1.980051e-03
1708,1.977666e-03
1709,1.975283e-03
1710,1.972904e-03
1711,1.970528e-03
1712,1.968154e-03
1713,1.965783e-03
1714,1.963415e-03
1715,1.961050e-03
1716,1.958688e-03
1717,1.956329e-03
1718,1.953972e-03
1719,1.951619e-03
1720,1.949268e-03
1721,1.946920e-03
1722,1.944575e-03
1723,1.942232e-03
1724,1.939893e-03
1725,1.937556e-03
1726,1.935222e-03
1727,1.932891e-03
1728,1.930563e-03
1729,1.928238e-03
1730,1.925915e-03
1731,1.923595e-03
1732,1.921278e-03
1733,1.918964e-03
1734,1.916652e-03
1735,1.914344e-03
1736,1.912038e-03
1737,1.909735e-03
1738,1.907434e-03
1739,1.905137e-03
1740,1.902842e-03
1741,1.900550e-03
1742,1.898260e-03
1743,1.895974e-03
1744,1.893690e-03
1745,1.891409e-03
1746,1.889131e-03
1747,1.886855e-03
1748,1.884582e-03
1749,1.882312e-03
1750,1.880045e-03
1751,1.877780e-03
1752,1.875519e-03
1753,1.873259e-03
1754,1.871003e-03
1755,1.868749e-03
1756,1.866498e-03
1757,1.864250e-03
1758,1.862004e-03
1759,1.859762e-03
1760,1.857521e-03
1761,1.855284e-03
1762,1.853049e-03
1763,1.850817e-03
1764,1.848588e-03
1765,1.846361e-03
1766,1.844137e-03
1767,1.841916e-03
1768,1.839697e-03
1769,1.837481e-03
1770,1.835268e-03
1771,1.833057e-03
1772,1.830849e-03
1773,1.828644e-03
1774,1.826441e-03
1775,1.824241e-03
1776,1.822044e-03
1777,1.819849e-03
1778,1.817657e-03
1779,1.815467e-03
1780,1.813280e-03
1781,1.811096e-03
1782,1.808915e-03
1783,1.806736e-03
1784,1.804560e-03
1785,1.802386e-03
1786,1.800215e-03
1787,1.798046e-03
1788,1.795881e-03
1789,1.793717e-03
1790,1.791557e-03
1791,1.789399e-03
1792,1.787243e-03
1793,1.785090e-03
1794,1.782940e-03
1795,1.780793e-03
1796,1.778648e-03
1797,1.776505e-03
1798,1.774365e-03
1799,1.772228e-03
1800,1.770093e-03
1801,1.767961e-03
1802,1.765831e-03
1803,1.763704e-03
1804,1.761580e-03
1805,1.759458e-03
1806,1.757339e-03
1807,1.755222e-03
1808,1.753108e-03
1809,1.750996e-03
1810,1.748887e-03
1811,1.746780e-03
1812,1.744676e-03
1813,1.742575e-03
1814,1.740476e-03
1815,1.738379e-03
1816,1.736285e-03
1817,1.734194e-03
1818,1.732105e-03
1819,1.730018e-03
1820,1.727935e-03
1821,1.725853e-03
1822,1.723774e-03
1823,1.721698e-03
1824,1.719624e-03
1825,1.717553e-03
1826,1.715484e-03
1827,1.713417e-03
1828,1.711354e-03
1829,1.709292e-03
1830,1.707233e-03
1831,1.705177e-03
1832,1.703123e-03
1833,1.701071e-03
1834,1.699022e-03
1835,1.696976e-03
1836,1.694932e-03
1837,1.692890e-03
1838,1.690851e-03
1839,1.688814e-03
1840,1.686780e-03
1841,1.684748e-03
1842,1.682719e-03
1843,1.680692e-03
1844,1.678667e-03
1845,1.676645e-03
1846,1.674626e-03
1847,1.672609e-03
1848,1.670594e-03
1849,1.668582e-03
1850,1.666572e-03
1851,1.664564e-03
1852,1.662559e-03
1853,1.660557e-03
1854,1.658556e-03
1855,1.656559e-03
1856,1.654563e-03
1857,1.652570e-03
1858,1.650580e-03
1859,1.648591e-03
1860,1.646606e-03
1861,1.644622e-03
1862,1.642641e-03
1863,1.640663e-03
1864,1.638686e-03
1865,1.636712e-03
1866,1.634741e-03
1867,1.632772e-03
1868,1.630805e-03
1869,1.628841e-03
1870,1.626879e-03
1871,1.624919e-03
1872,1.622962e-03
1873,1.621007e-03
1874,1.619054e-03
1875,1.617104e-03
1876,1.615156e-03
1877,1.613211e-03
1878,1.611267e-03
1879,1.609327e-03
1880,1.607388e-03
1881,1.605452e-03
1882,1.603518e-03
1883,1.601587e-03
1884,1.599657e-03
1885,1.597731e-03
1886,1.595806e-03
1887,1.593884e-03
1888,1.591964e-03
1889,1.590046e-03
1890,1.588131e-03
1891,1.586218e-03
1892,1.584307e-03
1893,1.582399e-03
1894,1.580493e-03
1895,1.578589e-03
1896,1.576688e-03
1897,1.574788e-03
1898,1.572892e-03
1899,1.570997e-03
1900,1.569105e-03
1901,1.567215e-03
1902,1.565327e-03
1903,1.563441e-03
1904,1.561558e-03
1905,1.559677e-03
1906,1.557798e-03
1907,1.555922e-03
1908,1.554048e-03
1909,1.552176e-03
1910,1.550306e-03
1911,1.548439e-03
1912,1.546574e-03
1913,1.544711e-03
1914,1.542850e-03
1915,1.540992e-03
1916,1.539135e-03
1917,1.537281e-03
1918,1.535430e-03
1919,1.533580e-03
1920,1.531733e-03
1921,1.529888e-03
1922,1.528045e-03
1923,1.526205e-03
1924,1.524366e-03
1925,1.522530e-03
1926,1.520696e-03
1927,1.518864e-03
1928,1.517035e-03
1929,1.515207e-03
1930,1.513382e-03
1931,1.511559e-03
1932,1.509739e-03
1933,1.507920e-03
1934,1.506104e-03
1935,1.504290e-03
1936,1.502478e-03
1937,1.500668e-03
1938,1.498860e-03
1939,1.497055e-03
1940,1.495251e-03
1941,1.493450e-03
1942,1.491651e-03
1943,1.489855e-03
1944,1.488060e-03
1945,1.486268e-03
1946,1.484477e-03
1947,1.482689e-03
1948,1.480903e-03
1949,1.479119e-03
1950,1.477338e-03
1951,1.475558e-03
1952,1.473781e-03
1953,1.472006e-03
1954,1.470233e-03
1955,1.468462e-03
1956,1.466693e-03
1957,1.464926e-03
1958,1.463161e-03
1959,1.461399e-03
1960,1.459639e-03
1961,1.457881e-03
1962,1.456124e-03
1963,1.454370e-03
1964,1.452619e-03
1965,1.450869e-03
1966,1.449121e-03
1967,1.447376e-03
1968,1.445632e-03
1969,1.443891e-03
1970,1.442152e-03
1971,1.440415e-03
1972,1.438680e-03
1973,1.436947e-03
1974,1.435216e-03
1975,1.433487e-03
1976,1.431760e-03
1977,1.430036e-03
1978,1.428313e-03
1979,1.426593e-03
1980,1.424874e-03
1981,1.423158e-03
1982,1.421444e-03
1983,1.419731e-03
1984,1.418021e-03
1985,1.416313e-03
1986,1.414607e-03
1987,1.412903e-03
1988,1.411201e-03
1989,1.409502e-03
1990,1.407804e-03
1991,1.406108e-03
1992,1.404414e-03
1993,1.402723e-03
1994,1.401033e-03
1995,1.399345e-03
1996,1.397660e-03
1997,1.395976e-03
1998,1.394295e-03
1999,1.392615e-03
2000,1.390938e-03
2001,1.389262e-03
2002,1.387589e-03
2003,1.385917e-03
2004,1.384248e-03
2005,1.382581e-03
2006,1.380915e-03
2007,1.379252e-03
2008,1.377591e-03
2009,1.375931e-03
2010,1.374274e-03
2011,1.372618e-03
2012,1.370965e-03
2013,1.369314e-03
2014,1.367664e-03
2015,1.366017e-03
2016,1.364371e-03
2017,1.362728e-03
2018,1.361087e-03
2019,1.359447e-03
2020,1.357810e-03
2021,1.356174e-03
2022,1.354540e-03
2023,1.352909e-03
2024,1.351279e-03
2025,1.349652e-03
2026,1.348026e-03
2027,1.346402e-03
2028,1.344780e-03
2029,1.343160e-03
2030,1.341542e-03
2031,1.339927e-03
2032,1.338313e-03
2033,1.336700e-03
2034,1.335090e-03
2035,1.333482e-03
2036,1.331876e-03
2037,1.330272e-03
2038,1.328669e-03
2039,1.327069e-03
2040,1.325470e-03
2041,1.323874e-03
2042,1.322279e-03
2043,1.320686e-03
2044,1.319096e-03
2045,1.317507e-03
2046,1.315920e-03
2047,1.314335e-03
2048,1.312751e-03
2049,1.311170e-03
2050,1.309591e-03
2051,1.308013e-03
2052,1.306438e-03
2053,1.304864e-03
2054,1.303292e-03
2055,1.301722e-03
2056,1.300154e-03
2057,1.298588e-03
2058,1.297024e-03
2059,1.295462e-03
2060,1.293901e-03
2061,1.292343e-03
2062,1.290786e-03
2063,1.289231e-03
2064,1.287678e-03
2065,1.286127e-03
2066,1.284578e-03
2067,1.283031e-03
2068,1.281485e-03
2069,1.279942e-03
2070,1.278400e-03
2071,1.276860e-03
2072,1.275322e-03
2073,1.273786e-03
2074,1.272252e-03
2075,1.270719e-03
2076,1.269188e-03
2077,1.267660e-03
2078,1.266133e-03
2079,1.264608e-03
2080,1.263084e-03
2081,1.261563e-03
2082,1.260043e-03
2083,1.258525e-03
2084,1.257010e-03
2085,1.255495e-03
2086,1.253983e-03
2087,1.252473e-03
2088,1.250964e-03
2089,1.249457e-03
2090,1.247952e-03
2091,1.246449e-03
2092,1.244947e-03
2093,1.243448e-03
2094,1.241950e-03
2095,1.240454e-03
2096,1.238960e-03
2097,1.237468e-03
2098,1.235977e-03
2099,1.234488e-03
2100,1.233001e-03
2101,1.231516e-03
2102,1.230033e-03
2103,1.228551e-03
2104,1.227071e-03
2105,1.225593e-03
2106,1.224117e-03
2107,1.222642e-03
2108,1.221170e-03
2109,1.219699e-03
2110,1.218229e-03
2111,1.216762e-03
2112,1.215296e-03
2113,1.213832e-03
2114,1.212370e-03
2115,1.210910e-03
2116,1.209451e-03
2117,1.207995e-03
2118,1.206539e-03
2119,1.205086e-03
2120,1.203635e-03
2121,1.202185e-03
2122,1.200737e-03
2123,1.199290e-03
2124,1.197846e-03
2125,1.196403e-03
2126,1.194962e-03
2127,1.193522e-03
2128,1.192085e-03
2129,1.190649e-03
2130,1.189215e-03
2131,1.187782e-03
2132,1.186351e-03
2133,1.184922e-03
2134,1.183495e-03
2135,1.182070e-03
2136,1.180646e-03
2137,1.179224e-03
2138,1.177803e-03
2139,1.176384e-03
2140,1.174967e-03
2141,1.173552e-03
2142,1.172138e-03
2143,1.170727e-03
2144,1.169316e-03
2145,1.167908e-03
2146,1.166501e-03
2147,1.165096e-03
2148,1.163693e-03
2149,1.162291e-03
2150,1.160891e-03
2151,1.159492e-03
2152,1.158096e-03
2153,1.156701e-03
2154,1.155308e-03
2155,1.153916e-03
2156,1.152526e-03
2157,1.151138e-03
2158,1.149751e-03
2159,1.148366e-03
2160,1.146983e-03
2161,1.145601e-03
2162,1.144221e-03
2163,1.142843e-03
2164,1.141467e-03
2165,1.140092e-03
2166,1.138718e-03
2167,1.137347e-03
2168,1.135977e-03
2169,1.134608e-03
2170,1.133242e-03
2171,1.131877e-03
2172,1.130513e-03
2173,1.129152e-03
2174,1.127791e-03
2175,1.126433e-03
2176,1.125076e-03
2177,1.123721e-03
2178,1.122367e-03
2179,1.121015e-03
2180,1.119665e-03
2181,1.118316e-03
2182,1.116969e-03
2183,1.115624e-03
2184,1.114280e-03
2185,1.112938e-03
2186,1.111597e-03
2187,1.110258e-03
2188,1.108921e-03
2189,1.107585e-03
2190,1.106251e-03
2191,1.104919e-03
2192,1.103588e-03
2193,1.102258e-03
2194,1.100931e-03
2195,1.099604e-03
2196,1.098280e-03
2197,1.096957e-03
2198,1.095636e-03
2199,1.094316e-03
2200,1.092998e-03
2201,1.091681e-03
2202,1.090366e-03
2203,1.089053e-03
2204,1.087741e-03
2205,1.086431e-03
2206,1.085122e-03
2207,1.083815e-03
2208,1.082510e-03
2209,1.081206e-03
2210,1.079903e-03
2211,1.078602e-03
2212,1.077303e-03
2213,1.076006e-03
2214,1.074710e-03
2215,1.073415e-03
2216,1.072122e-03
2217,1.070831e-03
2218,1.069541e-03
2219,1.068252e-03
2220,1.066966e-03
2221,1.065680e-03
2222,1.064397e-03
2223,1.063115e-03
2224,1.061834e-03
2225,1.060555e-03
2226,1.059278e-03
2227,1.058002e-03
2228,1.056727e-03
2229,1.055454e-03
2230,1.054183e-03
2231,1.052913e-03
2232,1.051645e-03
2233,1.050378e-03
2234,1.049113e-03
2235,1.047849e-03
2236,1.046587e-03
2237,1.045326e-03
2238,1.044067e-03
2239,1.042810e-03
2240,1.041554e-03
2241,1.040299e-03
2242,1.039046e-03
2243,1.037794e-03
2244,1.036544e-03
2245,1.035296e-03
2246,1.034049e-03
2247,1.032803e-03
2248,1.031559e-03
2249,1.030316e-03
2250,1.029075e-03
2251,1.027836e-03
2252,1.026598e-03
2253,1.025361e-03
2254,1.024126e-03
2255,1.022892e-03
2256,1.021660e-03
2257,1.020430e-03
2258,1.019201e-03
2259,1.017973e-03
2260,1.016747e-03
2261,1.015522e-03
2262,1.014299e-03
2263,1.013077e-03
2264,1.011857e-03
2265,1.010638e-03
2266,1.009420e-03
2267,1.008205e-03
2268,1.006990e-03
2269,1.005777e-03
2270,1.004566e-03
2271,1.003356e-03
2272,1.002147e-03
2273,1.000940e-03
2274,9.997342e-04
2275,9.985300e-04
2276,9.973273e-04
2277,9.961259e-04
2278,9.949261e-04
2279,9.937276e-04
2280,9.925306e-04
2281,9.913351e-04
2282,9.901410e-04
2283,9.889483e-04
2284,9.877571e-04
2285,9.865673e-04
2286,9.853789e-04
2287,9.841920e-04
2288,9.830065e-04
2289,9.818224e-04
2290,9.806398e-04
2291,9.794585e-04
2292,9.782787e-04
2293,9.771004e-04
2294,9.759234e-04
2295,9.747479e-04
2296,9.735737e-04
2297,9.724010e-04
2298,9.712297e-04
2299,9.700598e-04
2300,9.688913e-04
2301,9.677243e-04
2302,9.665586e-04
2303,9.653943e-04
2304,9.642315e-04
2305,9.630700e-04
2306,9.619100e-04
2307,9.607513e-04
2308,9.595940e-04
2309,9.584382e-04
2310,9.572837e-04
2311,9.561306e-04
2312,9.549789e-04
2313,9.538286e-04
2314,9.526797e-04
2315,9.515321e-04
2316,9.503859e-04
2317,9.492412e-04
2318,9.480978e-04
2319,9.469557e-04
2320,9.458151e-04
2321,9.446758e-04
2322,9.435379e-04
2323,9.424014e-04
2324,9.412662e-04
2325,9.401324e-04
2326,9.390000e-04
2327,9.378689e-04
2328,9.367392e-04
2329,9.356109e-04
2330,9.344839e-04
2331,9.333583e-04
2332,9.322340e-04
2333,9.311111e-04
2334,9.299895e-04
2335,9.288693e-04
2336,9.277504e-04
2337,9.266329e-04
2338,9.255167e-04
2339,9.244019e-04
2340,9.232884e-04
2341,9.221763e-04
2342,9.210655e-04
2343,9.199560e-04
2344,9.188479e-04
2345,9.177411e-04
2346,9.166356e-04
2347,9.155315e-04
2348,9.144287e-04
2349,9.133273e-04
2350,9.122271e-04
2351,9.111283e-04
2352,9.100308e-04
2353,9.089346e-04
2354,9.078398e-04
2355,9.067462e-04
2356,9.056540e-04
2357,9.045631e-04
2358,9.034735e-04
2359,9.023853e-04
2360,9.012983e-04
2361,9.002127e-04
2362,8.991283e-04
2363,8.980453e-04
2364,8.969635e-04
2365,8.958831e-04
2366,8.948040e-04
2367,8.937261e-04
2368,8.926496e-04
2369,8.915744e-04
2370,8.905004e-04
2371,8.894278e-04
2372,8.883564e-04
2373,8.872864e-04
2374,8.862176e-04
2375,8.851501e-04
2376,8.840839e-04
2377,8.830190e-04
2378,8.819553e-04
2379,8.808930e-04
2380,8.798319e-04
2381,8.787721e-04
2382,8.777136e-04
2383,8.766564e-04
2384,8.756004e-04
2385,8.745457e-04
2386,8.734923e-04
2387,8.724401e-04
2388,8.713892e-04
2389,8.703396e-04
2390,8.692912e-04
2391,8.682441e-04
2392,8.671983e-04
2393,8.661537e-04
2394,8.651104e-04
2395,8.640683e-04
2396,8.630275e-04
2397,8.619880e-04
2398,8.609497e-04
2399,8.599126e-04
2400,8.588768e-04
2401,8.578422e-04
2402,8.568089e-04
2403,8.557769e-04
2404,8.547461e-04
2405,8.537165e-04
2406,8.526881e-04
2407,8.516610e-04
2408,8.506352e-04
2409,8.496105e-04
2410,8.485872e-04
2411,8.475650e-04
2412,8.465441e-04
2413,8.455244e-04
2414,8.445059e-04
2415,8.434886e-04
2416,8.424726e-04
2417,8.414578e-04
2418,8.404443e-04
2419,8.394319e-04
2420,8.384208e-04
2421,8.374109e-04
2422,8.364022e-04
2423,8.353947e-04
2424,8.343884e-04
2425,8.333834e-04
2426,8.323795e-04
2427,8.313769e-04
2428,8.303754e-04
2429,8.293752e-04
2430,8.283762e-04
2431,8.273784e-04
2432,8.263818e-04
2433,8.253864e-04
2434,8.243921e-04
2435,8.233991e-04
2436,8.224073e-04
2437,8.214167e-04
2438,8.204272e-04
2439,8.194390e-04
2440,8.184520e-04
2441,8.174661e-04
2442,8.164814e-04
2443,8.154979e-04
2444,8.145156e-04
2445,8.135345e-04
2446,8.125546e-04
2447,8.115758e-04
2448,8.105982e-04
2449,8.096218e-04
2450,8.086466e-04
2451,8.076726e-04
2452,8.066997e-04
2453,8.057280e-04
2454,8.047574e-04
2455,8.037881e-04
2456,8.028199e-04
2457,8.018528e-04
2458,8.008870e-04
2459,7.999223e-04
2460,7.989587e-04
2461,7.979964e-04
2462,7.970351e-04
2463,7.960751e-04
2464,7.951162e-04
2465,7.941584e-04
2466,7.932018e-04
2467,7.922464e-04
2468,7.912921e-04
2469,7.903389e-04
2470,7.893869e-04
2471,7.884361e-04
2472,7.874864e-04
2473,7.865378e-04
2474,7.855904e-04
2475,7.846441e-04
2476,7.836990e-04
2477,7.827550e-04
2478,7.818121e-04
2479,7.808704e-04
2480,7.799298e-04
2481,7.789903e-04
2482,7.780520e-04
2483,7.771148e-04
2484,7.761787e-04
2485,7.752438e-04
2486,7.743100e-04
2487,7.733773e-04
2488,7.724457e-04
2489,7.715153e-04
2490,7.705860e-04
2491,7.696578e-04
2492,7.687307e-04
2493,7.678047e-04
2494,7.668798e-04
2495,7.659561e-04
2496,7.650335e-04
2497,7.641120e-04
2498,7.631915e-04
2499,7.622723e-04
2500,7.613541e-04
2501,7.604370e-04
2502,7.595210e-04
2503,7.586061e-04
2504,7.576923e-04
2505,7.567797e-04
2506,7.558681e-04
2507,7.549576e-04
2508,7.540482e-04
2509,7.531400e-04
2510,7.522328e-04
2511,7.513267e-04
2512,7.504217e-04
2513,7.495178e-04
2514,7.486149e-04
2515,7.477132e-04
2516,7.468125e-04
2517,7.459130e-04
2518,7.450145e-04
2519,7.441171e-04
2520,7.432208e-04
2521,7.423255e-04
2522,7.414313e-04
2523,7.405383e-04
2524,7.396463e-04
2525,7.387553e-04
2526,7.378655e-04
2527,7.369767e-04
2528,7.360889e-04
2529,7.352023e-04
2530,7.343167e-04
2531,7.334322e-04
2532,7.325487e-04
2533,7.316663e-04
2534,7.307850e-04
2535,7.299048e-04
2536,7.290256e-04
2537,7.281474e-04
2538,7.272703e-04
2539,7.263943e-04
2540,7.255193e-04
2541,7.246454e-04
2542,7.237725e-04
2543,7.229007e-04
2544,7.220300e-04
2545,7.211602e-04
2546,7.202916e-04
2547,7.194240e-04
2548,7.185574e-04
2549,7.176918e-04
2550,7.168273e-04
2551,7.159639e-04
2552,7.151015e-04
2553,7.142401e-04
2554,7.133798e-04
2555,7.125205e-04
2556,7.116622e-04
2557,7.108050e-04
2558,7.099488e-04
2559,7.090936e-04
2560,7.082395e-04
2561,7.073864e-04
2562,7.065343e-04
2563,7.056833e-04
2564,7.048332e-04
2565,7.039842e-04
2566,7.031363e-04
2567,7.022893e-04
2568,7.014434e-04
2569,7.005984e-04
2570,6.997545e-04
2571,6.989117e-04
2572,6.980698e-04
2573,6.972289e-04
2574,6.963891e-04
2575,6.955503e-04
2576,6.947124e-04
2577,6.938756e-04
2578,6.930398e-04
2579,6.922050e-04
2580,6.913712e-04
2581,6.905384e-04
2582,6.897067e-04
2583,6.888759e-04
2584,6.880461e-04
2585,6.872173e-04
2586,6.863895e-04
2587,6.855627e-04
2588,6.847370e-04
2589,6.839122e-04
2590,6.830884e-04
2591,6.822656e-04
2592,6.814437e-04
2593,6.806229e-04
2594,6.798031e-04
2595,6.789842e-04
2596,6.781663e-04
2597,6.773495e-04
2598,6.765336e-04
2599,6.757187e-04
2600,6.749047e-04
2601,6.740918e-04
2602,6.732798e-04
2603,6.724688e-04
2604,6.716588e-04
2605,6.708497e-04
2606,6.700417e-04
2607,6.692346e-04
2608,6.684285e-04
2609,6.676233e-04
2610,6.668191e-04
2611,6.660159e-04
2612,6.652137e-04
2613,6.644124e-04
2614,6.636121e-04
2615,6.628127e-04
2616,6.620143e-04
2617,6.612169e-04
2618,6.604204e-04
2619,6.596249e-04
2620,6.588304e-04
2621,6.580368e-04
2622,6.572442e-04
2623,6.564525e-04
2624,6.556618e-04
2625,6.548720e-04
2626,6.540832e-04
2627,6.532953e-04
2628,6.525084e-04
2629,6.517224e-04
2630,6.509374e-04
2631,6.501533e-04
2632,6.493701e-04
2633,6.485880e-04
2634,6.478067e-04
2635,6.470264e-04
2636,6.462470e-04
2637,6.454686e-04
2638,6.446911e-04
2639,6.439145e-04
2640,6.431389e-04
2641,6.423642e-04
2642,6.415905e-04
2643,6.408176e-04
2644,6.400457e-04
2645,6.392748e-04
2646,6.385047e-04
2647,6.377356e-04
2648,6.369675e-04
2649,6.362002e-04
2650,6.354339e-04
2651,6.346685e-04
2652,6.339040e-04
2653,6.331404e-04
2654,6.323778e-04
2655,6.316160e-04
2656,6.308552e-04
2657,6.300953e-04
2658,6.293364e-04
2659,6.285783e-04
2660,6.278212e-04
2661,6.270649e-04
2662,6.263096e-04
2663,6.255552e-04
2664,6.248017e-04
2665,6.240491e-04
2666,6.232974e-04
2667,6.225466e-04
2668,6.217967e-04
2669,6.210477e-04
2670,6.202996e-04
2671,6.195525e-04
2672,6.188062e-04
2673,6.180608e-04
2674,6.173163e-04
2675,6.165727e-04
2676,6.158300e-04
2677,6.150882e-04
2678,6.143473e-04
2679,6.136073e-04
2680,6.128682e-04
2681,6.121300e-04
2682,6.113927e-04
2683,6.106562e-04
2684,6.099206e-04
2685,6.091860e-04
2686,6.084522e-04
2687,6.077193e-04
2688,6.069872e-04
2689,6.062561e-04
2690,6.055258e-04
2691,6.047965e-04
2692,6.040680e-04
2693,6.033403e-04
2694,6.026136e-04
2695,6.018877e-04
2696,6.011627e-04
2697,6.004386e-04
2698,5.997153e-04
2699,5.989929e-04
2700,5.982714e-04
2701,5.975508e-04
2702,5.968310e-04
2703,5.961121e-04
2704,5.953941e-04
2705,5.946769e-04
2706,5.939606e-04
2707,5.932451e-04
2708,5.925305e-04
2709,5.918168e-04
2710,5.911039e-04
2711,5.903919e-04
2712,5.896808e-04
2713,5.889705e-04
2714,5.882610e-04
2715,5.875524e-04
2716,5.868447e-04
2717,5.861378e-04
2718,5.854318e-04
2719,5.847266e-04
2720,5.840223e-04
2721,5.833188e-04
2722,5.826162e-04
2723,5.819144e-04
2724,5.812134e-04
2725,5.805133e-04
2726,5.798141e-04
2727,5.791157e-04
2728,5.784181e-04
2729,5.777214e-04
2730,5.770255e-04
2731,5.763304e-04
2732,5.756362e-04
2733,5.749428e-04
2734,5.742503e-04
2735,5.735586e-04
2736,5.728677e-04
2737,5.721777e-04
2738,5.714885e-04
2739,5.708001e-04
2740,5.701125e-04
2741,5.694258e-04
2742,5.687399e-04
2743,5.680548e-04
2744,5.673706e-04
2745,5.666872e-04
2746,5.660046e-04
2747,5.653228e-04
2748,5.646418e-04
2749,5.639617e-04
2750,5.632824e-04
2751,5.626039e-04
2752,5.619262e-04
2753,5.612493e-04
2754,5.605733e-04
2755,5.598980e-04
2756,5.592236e-04
2757,5.585500e-04
2758,5.578772e-04
2759,5.572052e-04
2760,5.565340e-04
2761,5.558637e-04
2762,5.551941e-04
2763,5.545254e-04
2764,5.538574e-04
2765,5.531903e-04
2766,5.525239e-04
2767,5.518584e-04
2768,5.511936e-04
2769,5.505297e-04
2770,5.498666e-04
2771,5.492042e-04
2772,5.485427e-04
2773,5.478819e-04
2774,5.472220e-04
2775,5.465628e-04
2776,5.459045e-04
2777,5.452469e-04
2778,5.445901e-04
2779,5.439342e-04
2780,5.432790e-04
2781,5.426246e-04
2782,5.419710e-04
2783,5.413181e-04
2784,5.406661e-04
2785,5.400148e-04
2786,5.393644e-04
2787,5.387147e-04
2788,5.380658e-04
2789,5.374176e-04
2790,5.367703e-04
2791,5.361237e-04
2792,5.354780e-04
2793,5.348329e-04
2794,5.341887e-04
2795,5.335453e-04
2796,5.329026e-04
2797,5.322607e-04
2798,5.316195e-04
2799,5.309792e-04
2800,5.303396e-04
2801,5.297008e-04
2802,5.290627e-04
2803,5.284255e-04
2804,5.277889e-04
2805,5.271532e-04
2806,5.265182e-04
2807,5.258840e-04
2808,5.252506e-04
2809,5.246179e-04
2810,5.239859e-04
2811,5.233548e-04
2812,5.227244e-04
2813,5.220947e-04
2814,5.214658e-04
2815,5.208377e-04
2816,5.202103e-04
2817,5.195837e-04
2818,5.189579e-04
2819,5.183328e-04
2820,5.177084e-04
2821,5.170848e-04
2822,5.164620e-04
2823,5.158398e-04
2824,5.152185e-04
2825,5.145979e-04
2826,5.139780e-04
2827,5.133589e-04
2828,5.127406e-04
2829,5.121229e-04
2830,5.115061e-04
2831,5.108899e-04
2832,5.102746e-04
2833,5.096599e-04
2834,5.090460e-04
2835,5.084328e-04
2836,5.078204e-04
2837,5.072087e-04
2838,5.065978e-04
2839,5.059875e-04
2840,5.053780e-04
2841,5.047693e-04
2842,5.041613e-04
2843,5.035540e-04
2844,5.029474e-04
2845,5.023416e-04
2846,5.017365e-04
2847,5.011322e-04
2848,5.005285e-04
2849,4.999256e-04
2850,4.993234e-04
2851,4.987220e-04
2852,4.981213e-04
2853,4.975212e-04
2854,4.969220e-04
2855,4.963234e-04
2856,4.957255e-04
2857,4.951284e-04
2858,4.945320e-04
2859,4.939363e-04
2860,4.933414e-04
2861,4.927471e-04
2862,4.921536e-04
2863,4.915608e-04
2864,4.909687e-04
2865,4.903773e-04
2866,4.897866e-04
2867,4.891966e-04
2868,4.886074e-04
2869,4.880188e-04
2870,4.874310e-04
2871,4.868438e-04
2872,4.862574e-04
2873,4.856717e-04
2874,4.850867e-04
2875,4.845024e-04
2876,4.839188e-04
2877,4.833359e-04
2878,4.827537e-04
2879,4.821722e-04
2880,4.815914e-04
2881,4.810113e-04
2882,4.804319e-04
2883,4.798532e-04
2884,4.792752e-04
2885,4.786979e-04
2886,4.781212e-04
2887,4.775453e-04
2888,4.769701e-04
2889,4.763956e-04
2890,4.758217e-04
2891,4.752486e-04
2892,4.746761e-04
2893,4.741044e-04
2894,4.735333e-04
2895,4.729629e-04
2896,4.723932e-04
2897,4.718242e-04
2898,4.712558e-04
2899,4.706882e-04
2900,4.701212e-04
2901,4.695549e-04
2902,4.689893e-04
2903,4.684244e-04
2904,4.678602e-04
2905,4.672966e-04
2906,4.667337e-04
2907,4.661715e-04
2908,4.656100e-04
2909,4.650492e-04
2910,4.644890e-04
2911,4.639295e-04
2912,4.633707e-04
2913,4.628125e-04
2914,4.622550e-04
2915,4.616982e-04
2916,4.611421e-04
2917,4.605866e-04
2918,4.600318e-04
2919,4.594777e-04
2920,4.589243e-04
2921,4.583715e-04
2922,4.578193e-04
2923,4.572679e-04
2924,4.567171e-04
2925,4.561669e-04
2926,4.556175e-04
2927,4.550686e-04
2928,4.545205e-04
2929,4.539730e-04
2930,4.534262e-04
2931,4.528800e-04
2932,4.523345e-04
2933,4.517896e-04
2934,4.512454e-04
2935,4.507019e-04
2936,4.501590e-04
2937,4.496168e-04
2938,4.490752e-04
2939,4.485343e-04
2940,4.479940e-04
2941,4.474543e-04
2942,4.469154e-04
2943,4.463770e-04
2944,4.458394e-04
2945,4.453023e-04
2946,4.447659e-04
2947,4.442302e-04
2948,4.436951e-04
2949,4.431607e-04
2950,4.426268e-04
2951,4.420937e-04
2952,4.415612e-04
2953,4.410293e-04
2954,4.404980e-04
2955,4.399674e-04
2956,4.394375e-04
2957,4.389082e-04
2958,4.383795e-04
2959,4.378514e-04
2960,4.373240e-04
2961,4.367972e-04
2962,4.362711e-04
2963,4.357456e-04
2964,4.352207e-04
2965,4.346965e-04
2966,4.341729e-04
2967,4.336499e-04
2968,4.331275e-04
2969,4.326058e-04
2970,4.320847e-04
2971,4.315643e-04
2972,4.310444e-04
2973,4.305252e-04
2974,4.300066e-04
2975,4.294887e-04
2976,4.289713e-04
2977,4.284546e-04
2978,4.279385e-04
2979,4.274230e-04
2980,4.269082e-04
2981,4.263940e-04
2982,4.258804e-04
2983,4.253674e-04
2984,4.248550e-04
2985,4.243432e-04
2986,4.238321e-04
2987,4.233216e-04
2988,4.228117e-04
2989,4.223024e-04
2990,4.217937e-04
2991,4.212856e-04
2992,4.207782e-04
2993,4.202713e-04
2994,4.197651e-04
2995,4.192594e-04
2996,4.187544e-04
2997,4.182500e-04
2998,4.177462e-04
2999,4.172430e-04
3000,4.167404e-04
3001,4.162385e-04
3002,4.157371e-04
3003,4.152363e-04
3004,4.147361e-04
3005,4.142366e-04
3006,4.137376e-04
3007,4.132392e-04
3008,4.127415e-04
3009,4.122443e-04
3010,4.117477e-04
3011,4.112518e-04
3012,4.107564e-04
3013,4.102616e-04
3014,4.097675e-04
3015,4.092739e-04
3016,4.087809e-04
3017,4.082885e-04
3018,4.077967e-04
3019,4.073055e-04
3020,4.068149e-04
3021,4.063248e-04
3022,4.058354e-04
3023,4.053466e-04
3024,4.048583e-04
3025,4.043706e-04
3026,4.038835e-04
3027,4.033970e-04
3028,4.029111e-04
3029,4.024258e-04
3030,4.019411e-04
3031,4.014569e-04
3032,4.009733e-04
3033,4.004904e-04
3034,4.000079e-04
3035,3.995261e-04
3036,3.990449e-04
3037,3.985642e-04
3038,3.980841e-04
3039,3.976046e-04
3040,3.971257e-04
3041,3.966473e-04
3042,3.961695e-04
3043,3.956923e-04
3044,3.952157e-04
3045,3.947397e-04
3046,3.942642e-04
3047,3.937893e-04
3048,3.933149e-04
3049,3.928412e-04
3050,3.923680e-04
3051,3.918953e-04
3052,3.914233e-04
3053,3.909518e-04
3054,3.904809e-04
3055,3.900105e-04
3056,3.895407e-04
3057,3.890715e-04
3058,3.886029e-04
3059,3.881348e-04
3060,3.876673e-04
3061,3.872003e-04
3062,3.867339e-04
3063,3.862681e-04
3064,3.858028e-04
3065,3.853381e-04
3066,3.848739e-04
3067,3.844103e-04
3068,3.839473e-04
3069,3.834848e-04
3070,3.830229e-04
3071,3.825615e-04
3072,3.821007e-04
3073,3.816404e-04
3074,3.811807e-04
3075,3.807216e-04
3076,3.802630e-04
3077,3.798049e-04
3078,3.793474e-04
3079,3.788905e-04
3080,3.784341e-04
3081,3.779783e-04
3082,3.775230e-04
3083,3.770682e-04
3084,3.766140e-04
3085,3.761604e-04
3086,3.757073e-04
3087,3.752547e-04
3088,3.748027e-04
3089,3.743513e-04
3090,3.739003e-04
3091,3.734500e-04
3092,3.730001e-04
3093,3.725508e-04
3094,3.721021e-04
3095,3.716539e-04
3096,3.712062e-04
3097,3.707591e-04
3098,3.703125e-04
3099,3.698664e-04
3100,3.694209e-04
3101,3.689759e-04
3102,3.685315e-04
3103,3.680875e-04
3104,3.676442e-04
3105,3.672013e-04
3106,3.667590e-04
3107,3.663172e-04
3108,3.658760e-04
3109,3.654353e-04
3110,3.649951e-04
3111,3.645554e-04
3112,3.641163e-04
3113,3.636777e-04
3114,3.632397e-04
3115,3.628021e-04
3116,3.623651e-04
3117,3.619286e-04
3118,3.614927e-04
3119,3.610572e-04
3120,3.606223e-04
3121,3.601879e-04
3122,3.597541e-04
3123,3.593207e-04
3124,3.588879e-04
3125,3.584556e-04
3126,3.580238e-04
3127,3.575926e-04
3128,3.571619e-04
3129,3.567316e-04
3130,3.563019e-04
3131,3.558728e-04
3132,3.554441e-04
3133,3.550159e-04
3134,3.545883e-04
3135,3.541612e-04
3136,3.537346e-04
3137,3.533085e-04
3138,3.528829e-04
3139,3.524579e-04
3140,3.520333e-04
3141,3.516093e-04
3142,3.511857e-04
3143,3.507627e-04
3144,3.503402e-04
3145,3.499182e-04
3146,3.494967e-04
3147,3.490757e-04
3148,3.486553e-04
3149,3.482353e-04
3150,3.478158e-04
3151,3.473969e-04
3152,3.469784e-04
3153,3.465605e-04
3154,3.461430e-04
3155,3.457261e-04
3156,3.453096e-04
3157,3.448937e-04
3158,3.444782e-04
3159,3.440633e-04
3160,3.436489e-04
3161,3.432349e-04
3162,3.428215e-04
3163,3.424085e-04
3164,3.419961e-04
3165,3.415842e-04
3166,3.411727e-04
3167,3.407617e-04
3168,3.403513e-04
3169,3.399413e-04
3170,3.395318e-04
3171,3.391229e-04
3172,3.387144e-04
3173,3.383064e-04
3174,3.378989e-04
3175,3.374919e-04
3176,3.370853e-04
3177,3.366793e-04
3178,3.362737e-04
3179,3.358687e-04
3180,3.354641e-04
3181,3.350600e-04
3182,3.346564e-04
3183,3.342533e-04
3184,3.338507e-04
3185,3.334486e-04
3186,3.330469e-04
3187,3.326458e-04
3188,3.322451e-04
3189,3.318449e-04
3190,3.314451e-04
3191,3.310459e-04
3192,3.306471e-04
3193,3.302489e-04
3194,3.298511e-04
3195,3.294537e-04
3196,3.290569e-04
3197,3.286605e-04
3198,3.282647e-04
3199,3.278692e-04
3200,3.274743e-04
3201,3.270799e-04
3202,3.266859e-04
3203,3.262924e-04
3204,3.258993e-04
3205,3.255068e-04
3206,3.251147e-04
3207,3.247231e-04
3208,3.243319e-04
3209,3.239413e-04
3210,3.235511e-04
3211,3.231613e-04
3212,3.227721e-04
3213,3.223833e-04
3214,3.219949e-04
3215,3.216071e-04
3216,3.212197e-04
3217,3.208328e-04
3218,3.204463e-04
3219,3.200603e-04
3220,3.196748e-04
3221,3.192897e-04
3222,3.189051e-04
3223,3.185210e-04
3224,3.181373e-04
3225,3.177541e-04
3226,3.173714e-04
3227,3.169891e-04
3228,3.166073e-04
3229,3.162259e-04
3230,3.158450e-04
3231,3.154645e-04
3232,3.150845e-04
3233,3.147050e-04
3234,3.143259e-04
3235,3.139473e-04
3236,3.135691e-04
3237,3.131914e-04
3238,3.128142e-04
3239,3.124374e-04
3240,3.120610e-04
3241,3.116852e-04
3242,3.113097e-04
3243,3.109347e-04
3244,3.105602e-04
3245,3.101861e-04
3246,3.098125e-04
3247,3.094393e-04
3248,3.090666e-04
3249,3.086943e-04
3250,3.083224e-04
3251,3.079511e-04
3252,3.075801e-04
3253,3.072096e-04
3254,3.068396e-04
3255,3.064700e-04
3256,3.061008e-04
3257,3.057321e-04
3258,3.053638e-04
3259,3.049960e-04
3260,3.046286e-04
3261,3.042617e-04
3262,3.038952e-04
3263,3.035291e-04
3264,3.031635e-04
3265,3.027984e-04
3266,3.024336e-04
3267,3.020693e-04
3268,3.017055e-04
3269,3.013421e-04
3270,3.009791e-04
3271,3.006165e-04
3272,3.002544e-04
3273,2.998928e-04
3274,2.995315e-04
3275,2.991707e-04
3276,2.988104e-04
3277,2.984504e-04
3278,2.980909e-04
3279,2.977319e-04
3280,2.973732e-04
3281,2.970150e-04
3282,2.966573e-04
3283,2.962999e-04
3284,2.959430e-04
3285,2.955865e-04
3286,2.952305e-04
3287,2.948749e-04
3288,2.945197e-04
3289,2.941649e-04
3290,2.938106e-04
3291,2.934567e-04
3292,2.931032e-04
3293,2.927502e-04
3294,2.923975e-04
3295,2.920453e-04
3296,2.916935e-04
3297,2.913422e-04
3298,2.909912e-04
3299,2.906407e-04
3300,2.902906e-04
3301,2.899410e-04
3302,2.895917e-04
3303,2.892429e-04
3304,2.888945e-04
3305,2.885465e-04
3306,2.881989e-04
3307,2.878518e-04
3308,2.875051e-04
3309,2.871588e-04
3310,2.868129e-04
3311,2.864674e-04
3312,2.861223e-04
3313,2.857777e-04
3314,2.854334e-04
3315,2.850896e-04
3316,2.847462e-04
3317,2.844032e-04
3318,2.840607e-04
3319,2.837185e-04
3320,2.833767e-04
3321,2.830354e-04
3322,2.826945e-04
3323,2.823540e-04
3324,2.820138e-04
3325,2.816741e-04
3326,2.813349e-04
3327,2.809960e-04
3328,2.806575e-04
3329,2.803194e-04
3330,2.799818e-04
3331,2.796445e-04
3332,2.793077e-04
3333,2.789713e-04
3334,2.786352e-04
3335,2.782996e-04
3336,2.779644e-04
3337,2.776295e-04
3338,2.772951e-04
3339,2.769611e-04
3340,2.766275e-04
3341,2.762943e-04
3342,2.759615e-04
3343,2.756291e-04
3344,2.752971e-04
3345,2.749655e-04
3346,2.746343e-04
3347,2.743034e-04
3348,2.739730e-04
3349,2.736430e-04
3350,2.733134e-04
3351,2.729842e-04
3352,2.726554e-04
3353,2.723269e-04
3354,2.719989e-04
3355,2.716713e-04
3356,2.713440e-04
3357,2.710172e-04
3358,2.706907e-04
3359,2.703647e-04
3360,2.700390e-04
3361,2.697137e-04
3362,2.693889e-04
3363,2.690644e-04
3364,2.687403e-04
3365,2.684166e-04
3366,2.680932e-04
3367,2.677703e-04
3368,2.674478e-04
3369,2.671256e-04
3370,2.668039e-04
3371,2.664825e-04
3372,2.661615e-04
3373,2.658409e-04
3374,2.655207e-04
3375,2.652008e-04
3376,2.648814e-04
3377,2.645623e-04
3378,2.642436e-04
3379,2.639254e-04
3380,2.636074e-04
3381,2.632899e-04
3382,2.629728e-04
3383,2.626560e-04
3384,2.623396e-04
3385,2.620236e-04
3386,2.617080e-04
3387,2.613928e-04
3388,2.610779e-04
3389,2.607634e-04
3390,2.604493e-04
3391,2.601356e-04
3392,2.598223e-04
3393,2.595093e-04
3394,2.591967e-04
3395,2.588845e-04
3396,2.585727e-04
3397,2.582612e-04
3398,2.579501e-04
3399,2.576394e-04
3400,2.573291e-04
3401,2.570191e-04
3402,2.567095e-04
3403,2.564003e-04
3404,2.560914e-04
3405,2.557830e-04
3406,2.554749e-04
3407,2.551671e-04
3408,2.548598e-04
3409,2.545528e-04
3410,2.542462e-04
3411,2.539399e-04
3412,2.536340e-04
3413,2.533285e-04
3414,2.530234e-04
3415,2.527186e-04
3416,2.524142e-04
3417,2.521101e-04
3418,2.518065e-04
3419,2.515032e-04
3420,2.512002e-04
3421,2.508976e-04
3422,2.505954e-04
3423,2.502936e-04
3424,2.499921e-04
3425,2.496909e-04
3426,2.493902e-04
3427,2.490898e-04
3428,2.487897e-04
3429,2.484901e-04
3430,2.481907e-04
3431,2.478918e-04
3432,2.475932e-04
3433,2.472949e-04
3434,2.469971e-04
3435,2.466996e-04
3436,2.464024e-04
3437,2.461056e-04
3438,2.458091e-04
3439,2.455131e-04
3440,2.452173e-04
3441,2.449219e-04
3442,2.446269e-04
3443,2.443323e-04
3444,2.440380e-04
3445,2.437440e-04
3446,2.434504e-04
3447,2.431572e-04
3448,2.428643e-04
3449,2.425717e-04
3450,2.422795e-04
3451,2.419877e-04
3452,2.416962e-04
3453,2.414051e-04
3454,2.411143e-04
3455,2.408239e-04
3456,2.405338e-04
3457,2.402440e-04
3458,2.399547e-04
3459,2.396656e-04
3460,2.393769e-04
3461,2.390886e-04
3462,2.388006e-04
3463,2.385130e-04
3464,2.382257e-04
3465,2.379387e-04
3466,2.376521e-04
3467,2.373658e-04
3468,2.370799e-04
3469,2.367943e-04
3470,2.365091e-04
3471,2.362242e-04
3472,2.359397e-04
3473,2.356555e-04
3474,2.353716e-04
3475,2.350881e-04
3476,2.348049e-04
3477,2.345221e-04
3478,2.342396e-04
3479,2.339575e-04
3480,2.336757e-04
3481,2.333942e-04
3482,2.331130e-04
3483,2.328323e-04
3484,2.325518e-04
3485,2.322717e-04
3486,2.319919e-04
3487,2.317125e-04
3488,2.314333e-04
3489,2.311546e-04
3490,2.308761e-04
3491,2.305980e-04
3492,2.303203e-04
3493,2.300428e-04
3494,2.297657e-04
3495,2.294890e-04
3496,2.292126e-04
3497,2.289365e-04
3498,2.286607e-04
3499,2.283853e-04
3500,2.281102e-04
3501,2.278354e-04
3502,2.275610e-04
3503,2.272868e-04
3504,2.270131e-04
3505,2.267396e-04
3506,2.264665e-04
3507,2.261937e-04
3508,2.259213e-04
3509,2.256491e-04
3510,2.253773e-04
3511,2.251058e-04
3512,2.248347e-04
3513,2.245639e-04
3514,2.242934e-04
3515,2.240232e-04
3516,2.237534e-04
3517,2.234838e-04
3518,2.232146e-04
3519,2.229458e-04
3520,2.226772e-04
3521,2.224090e-04
3522,2.221411e-04
3523,2.218735e-04
3524,2.216063e-04
3525,2.213393e-04
3526,2.210727e-04
3527,2.208064e-04
3528,2.205404e-04
3529,2.202748e-04
3530,2.200095e-04
3531,2.197445e-04
3532,2.194798e-04
3533,2.192154e-04
3534,2.189513e-04
3535,2.186876e-04
3536,2.184242e-04
3537,2.181611e-04
3538,2.178983e-04
3539,2.176358e-04
3540,2.173737e-04
3541,2.171118e-04
3542,2.168503e-04
3543,2.165891e-04
3544,2.163282e-04
3545,2.160676e-04
3546,2.158074e-04
3547,2.155474e-04
3548,2.152878e-04
3549,2.150285e-04
3550,2.147695e-04
3551,2.145108e-04
3552,2.142524e-04
3553,2.139943e-04
3554,2.137365e-04
3555,2.134791e-04
3556,2.132219e-04
3557,2.129651e-04
3558,2.127086e-04
3559,2.124524e-04
3560,2.121964e-04
3561,2.119408e-04
3562,2.116856e-04
3563,2.114306e-04
3564,2.111759e-04
3565,2.109215e-04
3566,2.106675e-04
3567,2.104137e-04
3568,2.101602e-04
3569,2.099071e-04
3570,2.096543e-04
3571,2.094017e-04
3572,2.091495e-04
3573,2.088976e-04
3574,2.086459e-04
3575,2.083946e-04
3576,2.081436e-04
3577,2.078929e-04
3578,2.076425e-04
3579,2.073923e-04
3580,2.071425e-04
3581,2.068930e-04
3582,2.066438e-04
3583,2.063949e-04
3584,2.061463e-04
3585,2.058980e-04
3586,2.056500e-04
3587,2.054022e-04
3588,2.051548e-04
3589,2.049077e-04
3590,2.046609e-04
3591,2.044144e-04
3592,2.041681e-04
3593,2.039222e-04
3594,2.036766e-04
3595,2.034312e-04
3596,2.031862e-04
3597,2.029414e-04
3598,2.026970e-04
3599,2.024528e-04
3600,2.022090e-04
3601,2.019654e-04
3602,2.017221e-04
3603,2.014791e-04
3604,2.012365e-04
3605,2.009941e-04
3606,2.007519e-04
3607,2.005101e-04
3608,2.002686e-04
3609,2.000274e-04
3610,1.997864e-04
3611,1.995458e-04
3612,1.993054e-04
3613,1.990654e-04
3614,1.988256e-04
3615,1.985861e-04
3616,1.983469e-04
3617,1.981080e-04
3618,1.978693e-04
3619,1.976310e-04
3620,1.973929e-04
3621,1.971552e-04
3622,1.969177e-04
3623,1.966805e-04
3624,1.964436e-04
3625,1.962069e-04
3626,1.959706e-04
3627,1.957345e-04
3628,1.954988e-04
3629,1.952633e-04
3630,1.950281e-04
3631,1.947932e-04
3632,1.945585e-04
3633,1.943242e-04
3634,1.940901e-04
3635,1.938563e-04
3636,1.936228e-04
3637,1.933896e-04
3638,1.931566e-04
3639,1.929240e-04
3640,1.926916e-04
3641,1.924595e-04
3642,1.922277e-04
3643,1.919961e-04
3644,1.917648e-04
3645,1.915338e-04
3646,1.913031e-04
3647,1.910727e-04
3648,1.908425e-04
3649,1.906127e-04
3650,1.903831e-04
3651,1.901537e-04
3652,1.899247e-04
3653,1.896959e-04
3654,1.894674e-04
3655,1.892392e-04
3656,1.890113e-04
3657,1.887836e-04
3658,1.885562e-04
3659,1.883291e-04
3660,1.881022e-04
3661,1.878756e-04
3662,1.876493e-04
3663,1.874233e-04
3664,1.871975e-04
3665,1.869721e-04
3666,1.867468e-04
3667,1.865219e-04
3668,1.862972e-04
3669,1.860728e-04
3670,1.858487e-04
3671,1.856248e-04
3672,1.854012e-04
3673,1.851779e-04
3674,1.849548e-04
3675,1.847321e-04
3676,1.845095e-04
3677,1.842873e-04
3678,1.840653e-04
3679,1.838436e-04
3680,1.836221e-04
3681,1.834010e-04
3682,1.831801e-04
3683,1.829594e-04
3684,1.827390e-04
3685,1.825189e-04
3686,1.822991e-04
3687,1.820795e-04
3688,1.818601e-04
3689,1.816411e-04
3690,1.814223e-04
3691,1.812038e-04
3692,1.809855e-04
3693,1.807675e-04
3694,1.805497e-04
3695,1.803323e-04
3696,1.801150e-04
3697,1.798981e-04
3698,1.796814e-04
3699,1.794650e-04
3700,1.792488e-04
3701,1.790329e-04
3702,1.788172e-04
3703,1.786018e-04
3704,1.783867e-04
3705,1.781718e-04
3706,1.779572e-04
3707,1.777428e-04
3708,1.775287e-04
3709,1.773149e-04
3710,1.771013e-04
3711,1.768880e-04
3712,1.766749e-04
3713,1.764621e-04
3714,1.762496e-04
3715,1.760373e-04
3716,1.758252e-04
3717,1.756134e-04
3718,1.754019e-04
3719,1.751906e-04
3720,1.749796e-04
3721,1.747688e-04
3722,1.745583e-04
3723,1.743480e-04
3724,1.741380e-04
3725,1.739283e-04
3726,1.737188e-04
3727,1.735095e-04
3728,1.733005e-04
3729,1.730918e-04
3730,1.728833e-04
3731,1.726750e-04
3732,1.724670e-04
3733,1.722593e-04
3734,1.720518e-04
3735,1.718445e-04
3736,1.716375e-04
3737,1.714308e-04
3738,1.712243e-04
3739,1.710181e-04
3740,1.708121e-04
3741,1.706063e-04
3742,1.704008e-04
3743,1.701956e-04
3744,1.699905e-04
3745,1.697858e-04
3746,1.695813e-04
3747,1.693770e-04
3748,1.691730e-04
3749,1.689692e-04
3750,1.687657e-04
3751,1.685624e-04
3752,1.683593e-04
3753,1.681566e-04
3754,1.679540e-04
3755,1.677517e-04
3756,1.675496e-04
3757,1.673478e-04
3758,1.671462e-04
3759,1.669449e-04
3760,1.667438e-04
3761,1.665430e-04
3762,1.663423e-04
3763,1.661420e-04
3764,1.659419e-04
3765,1.657420e-04
3766,1.655423e-04
3767,1.653429e-04
3768,1.651438e-04
3769,1.649448e-04
3770,1.647462e-04
3771,1.645477e-04
3772,1.643495e-04
3773,1.641515e-04
3774,1.639538e-04
3775,1.637563e-04
3776,1.635591e-04
3777,1.633621e-04
3778,1.631653e-04
3779,1.629687e-04
3780,1.627724e-04
3781,1.625764e-04
3782,1.623805e-04
3783,1.621849e-04
3784,1.619896e-04
3785,1.617945e-04
3786,1.615996e-04
3787,1.614049e-04
3788,1.612105e-04
3789,1.610163e-04
3790,1.608224e-04
3791,1.606286e-04
3792,1.604352e-04
3793,1.602419e-04
3794,1.600489e-04
3795,1.598561e-04
3796,1.596636e-04
3797,1.594712e-04
3798,1.592791e-04
3799,1.590873e-04
3800,1.588957e-04
3801,1.587043e-04
3802,1.585131e-04
3803,1.583222e-04
3804,1.581314e-04
3805,1.579410e-04
3806,1.577507e-04
3807,1.575607e-04
3808,1.573709e-04
3809,1.571814e-04
3810,1.569920e-04
3811,1.568029e-04
3812,1.566140e-04
3813,1.564254e-04
3814,1.562370e-04
3815,1.560488e-04
3816,1.558608e-04
3817,1.556731e-04
3818,1.554856e-04
3819,1.552983e-04
3820,1.551112e-04
3821,1.549244e-04
3822,1.547378e-04
3823,1.545514e-04
3824,1.543652e-04
3825,1.541793e-04
3826,1.539935e-04
3827,1.538081e-04
3828,1.536228e-04
3829,1.534377e-04
3830,1.532529e-04
3831,1.530683e-04
3832,1.528839e-04
3833,1.526998e-04
3834,1.525159e-04
3835,1.523321e-04
3836,1.521486e-04
3837,1.519654e-04
3838,1.517823e-04
3839,1.515995e-04
3840,1.514169e-04
3841,1.512345e-04
3842,1.510523e-04
3843,1.508704e-04
3844,1.506887e-04
3845,1.505071e-04
3846,1.503259e-04
3847,1.501448e-04
3848,1.499639e-04
3849,1.497833e-04
3850,1.496029e-04
3851,1.494227e-04
3852,1.492427e-04
3853,1.490629e-04
3854,1.488834e-04
3855,1.487040e-04
3856,1.485249e-04
3857,1.483460e-04
3858,1.481673e-04
3859,1.479888e-04
3860,1.478106e-04
3861,1.476325e-04
3862,1.474547e-04
3863,1.472771e-04
3864,1.470997e-04
3865,1.469225e-04
3866,1.467455e-04
3867,1.465688e-04
3868,1.463922e-04
3869,1.462159e-04
3870,1.460397e-04
3871,1.458638e-04
3872,1.456881e-04
3873,1.455126e-04
3874,1.453374e-04
3875,1.451623e-04
3876,1.449875e-04
3877,1.448128e-04
3878,1.446384e-04
3879,1.444642e-04
3880,1.442901e-04
3881,1.441163e-04
3882,1.439427e-04
3883,1.437694e-04
3884,1.435962e-04
3885,1.434232e-04
3886,1.432505e-04
3887,1.430779e-04
3888,1.429056e-04
3889,1.427334e-04
3890,1.425615e-04
3891,1.423898e-04
3892,1.422183e-04
3893,1.420469e-04
3894,1.418758e-04
3895,1.417050e-04
3896,1.415343e-04
3897,1.413638e-04
3898,1.411935e-04
3899,1.410234e-04
3900,1.408536e-04
3901,1.406839e-04
3902,1.405144e-04
3903,1.403452e-04
3904,1.401761e-04
3905,1.400073e-04
3906,1.398386e-04
3907,1.396702e-04
3908,1.395019e-04
3909,1.393339e-04
3910,1.391661e-04
3911,1.389984e-04
3912,1.388310e-04
3913,1.386638e-04
3914,1.384968e-04
3915,1.383299e-04
3916,1.381633e-04
3917,1.379969e-04
3918,1.378307e-04
3919,1.376646e-04
3920,1.374988e-04
3921,1.373332e-04
3922,1.371678e-04
3923,1.370025e-04
3924,1.368375e-04
3925,1.366727e-04
3926,1.365081e-04
3927,1.363436e-04
3928,1.361794e-04
3929,1.360154e-04
3930,1.358515e-04
3931,1.356879e-04
3932,1.355245e-04
3933,1.353612e-04
3934,1.351982e-04
3935,1.350353e-04
3936,1.348727e-04
3937,1.347102e-04
3938,1.345479e-04
3939,1.343859e-04
3940,1.342240e-04
3941,1.340623e-04
3942,1.339008e-04
3943,1.337395e-04
3944,1.335784e-04
3945,1.334175e-04
3946,1.332568e-04
3947,1.330963e-04
3948,1.329360e-04
3949,1.327759e-04
3950,1.326159e-04
3951,1.324562e-04
3952,1.322966e-04
3953,1.321373e-04
3954,1.319781e-04
3955,1.318191e-04
3956,1.316604e-04
3957,1.315018e-04
3958,1.313434e-04
3959,1.311852e-04
3960,1.310271e-04
3961,1.308693e-04
3962,1.307117e-04
3963,1.305542e-04
3964,1.303970e-04
3965,1.302399e-04
3966,1.300830e-04
3967,1.299263e-04
3968,1.297698e-04
3969,1.296135e-04
3970,1.294574e-04
3971,1.293015e-04
3972,1.291457e-04
3973,1.289901e-04
3974,1.288348e-04
3975,1.286796e-04
3976,1.285246e-04
3977,1.283698e-04
3978,1.282151e-04
3979,1.280607e-04
3980,1.279065e-04
3981,1.277524e-04
3982,1.275985e-04
3983,1.274448e-04
3984,1.272913e-04
3985,1.271380e-04
3986,1.269848e-04
3987,1.268319e-04
3988,1.266791e-04
3989,1.265265e-04
3990,1.263741e-04
3991,1.262219e-04
3992,1.260698e-04
3993,1.259180e-04
3994,1.257663e-04
3995,1.256148e-04
3996,1.254635e-04
3997,1.253124e-04
3998,1.251614e-04
3999,1.250107e-04
4000,1.248601e-04
4001,1.247097e-04
4002,1.245595e-04
4003,1.244094e-04
4004,1.242596e-04
4005,1.241099e-04
4006,1.239604e-04
4007,1.238111e-04
4008,1.236619e-04
4009,1.235130e-04
4010,1.233642e-04
4011,1.232156e-04
4012,1.230672e-04
4013,1.229190e-04
4014,1.227709e-04
4015,1.226230e-04
4016,1.224753e-04
4017,1.223278e-04
4018,1.221804e-04
4019,1.220333e-04
4020,1.218863e-04
4021,1.217394e-04
4022,1.215928e-04
4023,1.214463e-04
4024,1.213001e-04
4025,1.211539e-04
4026,1.210080e-04
4027,1.208622e-04
4028,1.207167e-04
4029,1.205713e-04
4030,1.204260e-04
4031,1.202810e-04
4032,1.201361e-04
4033,1.199914e-04
4034,1.198468e-04
4035,1.197025e-04
4036,1.195583e-04
4037,1.194143e-04
4038,1.192704e-04
4039,1.191268e-04
4040,1.189833e-04
4041,1.188400e-04
4042,1.186968e-04
4043,1.185538e-04
4044,1.184110e-04
4045,1.182684e-04
4046,1.181259e-04
4047,1.179837e-04
4048,1.178415e-04
4049,1.176996e-04
4050,1.175578e-04
4051,1.174162e-04
4052,1.172748e-04
4053,1.171335e-04
4054,1.169924e-04
4055,1.168515e-04
4056,1.167107e-04
4057,1.165702e-04
4058,1.164298e-04
4059,1.162895e-04
4060,1.161494e-04
4061,1.160095e-04
4062,1.158698e-04
4063,1.157302e-04
4064,1.155908e-04
4065,1.154516e-04
4066,1.153125e-04
4067,1.151736e-04
4068,1.150349e-04
4069,1.148963e-04
4070,1.147579e-04
4071,1.146197e-04
4072,1.144816e-04
4073,1.143437e-04
4074,1.142060e-04
4075,1.140684e-04
4076,1.139310e-04
4077,1.137938e-04
4078,1.136567e-04
4079,1.135198e-04
4080,1.133831e-04
4081,1.132465e-04
4082,1.131101e-04
4083,1.129738e-04
4084,1.128378e-04
4085,1.127018e-04
4086,1.125661e-04
4087,1.124305e-04
4088,1.122951e-04
4089,1.121598e-04
4090,1.120247e-04
4091,1.118898e-04
4092,1.117550e-04
4093,1.116204e-04
4094,1.114859e-04
4095,1.113516e-04
4096,1.112175e-04
4097,1.110835e-04
4098,1.109497e-04
4099,1.108161e-04
4100,1.106826e-04
4101,1.105493e-04
4102,1.104161e-04
4103,1.102831e-04
4104,1.101503e-04
4105,1.100176e-04
4106,1.098851e-04
4107,1.097527e-04
4108,1.096205e-04
4109,1.094885e-04
4110,1.093566e-04
4111,1.092249e-04
4112,1.090933e-04
4113,1.089619e-04
4114,1.088306e-04
4115,1.086996e-04
4116,1.085686e-04
4117,1.084378e-04
4118,1.083072e-04
4119,1.081768e-04
4120,1.080465e-04
4121,1.079163e-04
4122,1.077863e-04
4123,1.076565e-04
4124,1.075268e-04
4125,1.073973e-04
4126,1.072679e-04
4127,1.071387e-04
4128,1.070097e-04
4129,1.068808e-04
4130,1.067520e-04
4131,1.066234e-04
4132,1.064950e-04
4133,1.063667e-04
4134,1.062386e-04
4135,1.061106e-04
4136,1.059828e-04
4137,1.058552e-04
4138,1.057277e-04
4139,1.056003e-04
4140,1.054731e-04
4141,1.053461e-04
4142,1.052192e-04
4143,1.050924e-04
4144,1.049658e-04
4145,1.048394e-04
4146,1.047131e-04
4147,1.045870e-04
4148,1.044610e-04
4149,1.043352e-04
4150,1.042095e-04
4151,1.040840e-04
4152,1.039586e-04
4153,1.038334e-04
4154,1.037083e-04
4155,1.035834e-04
4156,1.034586e-04
4157,1.033340e-04
4158,1.032095e-04
4159,1.030852e-04
4160,1.029610e-04
4161,1.028370e-04
4162,1.027131e-04
4163,1.025894e-04
4164,1.024658e-04
4165,1.023424e-04
4166,1.022191e-04
4167,1.020960e-04
4168,1.019730e-04
4169,1.018502e-04
4170,1.017275e-04
4171,1.016050e-04
4172,1.014826e-04
4173,1.013604e-04
4174,1.012383e-04
4175,1.011163e-04
4176,1.009945e-04
4177,1.008729e-04
4178,1.007514e-04
4179,1.006300e-04
4180,1.005088e-04
4181,1.003877e-04
4182,1.002668e-04
4183,1.001460e-04
4184,1.000254e-04
4185,9.990491e-05
4186,9.978457e-05
4187,9.966437e-05
4188,9.954432e-05
4189,9.942442e-05
4190,9.930466e-05
4191,9.918504e-05
4192,9.906557e-05
4193,9.894624e-05
4194,9.882705e-05
4195,9.870801e-05
4196,9.858911e-05
4197,9.847036e-05
4198,9.835175e-05
4199,9.823328e-05
4200,9.811495e-05
4201,9.799677e-05
4202,9.787873e-05
4203,9.776083e-05
4204,9.764307e-05
4205,9.752546e-05
4206,9.740798e-05
4207,9.729065e-05
4208,9.717346e-05
4209,9.705641e-05
4210,9.693950e-05
4211,9.682273e-05
4212,9.670611e-05
4213,9.658962e-05
4214,9.647327e-05
4215,9.635707e-05
4216,9.624100e-05
4217,9.612507e-05
4218,9.600929e-05
4219,9.589364e-05
4220,9.577813e-05
4221,9.566276e-05
4222,9.554753e-05
4223,9.543244e-05
4224,9.531749e-05
4225,9.520267e-05
4226,9.508800e-05
4227,9.497346e-05
4228,9.485906e-05
4229,9.474480e-05
4230,9.463067e-05
4231,9.451669e-05
4232,9.440284e-05
4233,9.428913e-05
4234,9.417555e-05
4235,9.406211e-05
4236,9.394881e-05
4237,9.383564e-05
4238,9.372262e-05
4239,9.360972e-05
4240,9.349697e-05
4241,9.338434e-05
4242,9.327186e-05
4243,9.315951e-05
4244,9.304729e-05
4245,9.293521e-05
4246,9.282327e-05
4247,9.271146e-05
4248,9.259979e-05
4249,9.248825e-05
4250,9.237684e-05
4251,9.226557e-05
4252,9.215443e-05
4253,9.204343e-05
4254,9.193255e-05
4255,9.182182e-05
4256,9.171121e-05
4257,9.160074e-05
4258,9.149041e-05
4259,9.138020e-05
4260,9.127013e-05
4261,9.116019e-05
4262,9.105039e-05
4263,9.094071e-05
4264,9.083117e-05
4265,9.072176e-05
4266,9.061248e-05
4267,9.050333e-05
4268,9.039432e-05
4269,9.028544e-05
4270,9.017668e-05
4271,9.006806e-05
4272,8.995957e-05
4273,8.985121e-05
4274,8.974298e-05
4275,8.963488e-05
4276,8.952691e-05
4277,8.941907e-05
4278,8.931136e-05
4279,8.920378e-05
4280,8.909633e-05
4281,8.898901e-05
4282,8.888182e-05
4283,8.877476e-05
4284,8.866783e-05
4285,8.856102e-05
4286,8.845435e-05
4287,8.834780e-05
4288,8.824138e-05
4289,8.813509e-05
4290,8.802893e-05
4291,8.792289e-05
4292,8.781699e-05
4293,8.771121e-05
4294,8.760556e-05
4295,8.750003e-05
4296,8.739463e-05
4297,8.728936e-05
4298,8.718422e-05
4299,8.707920e-05
4300,8.697431e-05
4301,8.686955e-05
4302,8.676491e-05
4303,8.666040e-05
4304,8.655601e-05
4305,8.645175e-05
4306,8.634761e-05
4307,8.624360e-05
4308,8.613972e-05
4309,8.603596e-05
4310,8.593233e-05
4311,8.582882e-05
4312,8.572543e-05
4313,8.562217e-05
4314,8.551904e-05
4315,8.541603e-05
4316,8.531314e-05
4317,8.521038e-05
4318,8.510774e-05
4319,8.500522e-05
4320,8.490283e-05
4321,8.480056e-05
4322,8.469841e-05
4323,8.459639e-05
4324,8.449449e-05
4325,8.439271e-05
4326,8.429106e-05
4327,8.418953e-05
4328,8.408812e-05
4329,8.398683e-05
4330,8.388566e-05
4331,8.378462e-05
4332,8.368370e-05
4333,8.358289e-05
4334,8.348222e-05
4335,8.338166e-05
4336,8.328122e-05
4337,8.318090e-05
4338,8.308071e-05
4339,8.298064e-05
4340,8.288068e-05
4341,8.278085e-05
4342,8.268113e-05
4343,8.258154e-05
4344,8.248207e-05
4345,8.238272e-05
4346,8.228348e-05
4347,8.218437e-05
4348,8.208537e-05
4349,8.198650e-05
4350,8.188774e-05
4351,8.178910e-05
4352,8.169059e-05
4353,8.159219e-05
4354,8.149390e-05
4355,8.139574e-05
4356,8.129770e-05
4357,8.119977e-05
4358,8.110196e-05
4359,8.100427e-05
4360,8.090670e-05
4361,8.080924e-05
4362,8.071190e-05
4363,8.061468e-05
4364,8.051758e-05
4365,8.042059e-05
4366,8.032372e-05
4367,8.022697e-05
4368,8.013033e-05
4369,8.003381e-05
4370,7.993741e-05
4371,7.984112e-05
4372,7.974495e-05
4373,7.964889e-05
4374,7.955295e-05
4375,7.945712e-05
4376,7.936141e-05
4377,7.926582e-05
4378,7.917034e-05
4379,7.907498e-05
4380,7.897973e-05
4381,7.888459e-05
4382,7.878957e-05
4383,7.869467e-05
4384,7.859988e-05
4385,7.850520e-05
4386,7.841064e-05
4387,7.831619e-05
4388,7.822185e-05
4389,7.812763e-05
4390,7.803352e-05
4391,7.793953e-05
4392,7.784565e-05
4393,7.775188e-05
4394,7.765822e-05
4395,7.756468e-05
4396,7.747125e-05
4397,7.737793e-05
4398,7.728473e-05
4399,7.719163e-05
4400,7.709865e-05
4401,7.700578e-05
4402,7.691303e-05
4403,7.682038e-05
4404,7.672785e-05
4405,7.663543e-05
4406,7.654312e-05
4407,7.645092e-05
4408,7.635883e-05
4409,7.626685e-05
4410,7.617498e-05
4411,7.608323e-05
4412,7.599158e-05
4413,7.590005e-05
4414,7.580862e-05
4415,7.571731e-05
4416,7.562610e-05
4417,7.553501e-05
4418,7.544402e-05
4419,7.535315e-05
4420,7.526238e-05
4421,7.517172e-05
4422,7.508118e-05
4423,7.499074e-05
4424,7.490041e-05
4425,7.481019e-05
4426,7.472007e-05
4427,7.463007e-05
4428,7.454018e-05
4429,7.445039e-05
4430,7.436071e-05
4431,7.427114e-05
4432,7.418168e-05
4433,7.409232e-05
4434,7.400307e-05
4435,7.391393e-05
4436,7.382490e-05
4437,7.373598e-05
4438,7.364716e-05
4439,7.355845e-05
4440,7.346984e-05
4441,7.338134e-05
4442,7.329295e-05
4443,7.320467e-05
4444,7.311649e-05
4445,7.302842e-05
4446,7.294045e-05
4447,7.285259e-05
4448,7.276484e-05
4449,7.267719e-05
4450,7.258965e-05
4451,7.250221e-05
4452,7.241488e-05
4453,7.232765e-05
4454,7.224053e-05
4455,7.215351e-05
4456,7.206660e-05
4457,7.197979e-05
4458,7.189309e-05
4459,7.180649e-05
4460,7.172000e-05
4461,7.163361e-05
4462,7.154732e-05
4463,7.146114e-05
4464,7.137506e-05
4465,7.128909e-05
4466,7.120322e-05
4467,7.111745e-05
4468,7.103179e-05
4469,7.094622e-05
4470,7.086077e-05
4471,7.077541e-05
4472,7.069016e-05
4473,7.060501e-05
4474,7.051996e-05
4475,7.043502e-05
4476,7.035018e-05
4477,7.026544e-05
4478,7.018080e-05
4479,7.009626e-05
4480,7.001183e-05
4481,6.992750e-05
4482,6.984327e-05
4483,6.975914e-05
4484,6.967511e-05
4485,6.959118e-05
4486,6.950736e-05
4487,6.942363e-05
4488,6.934001e-05
4489,6.925649e-05
4490,6.917306e-05
4491,6.908974e-05
4492,6.900652e-05
4493,6.892340e-05
4494,6.884038e-05
4495,6.875746e-05
4496,6.867463e-05
4497,6.859191e-05
4498,6.850929e-05
4499,6.842677e-05
4500,6.834435e-05
4501,6.826202e-05
4502,6.817980e-05
4503,6.809767e-05
4504,6.801564e-05
4505,6.793372e-05
4506,6.785189e-05
4507,6.777016e-05
4508,6.768852e-05
4509,6.760699e-05
4510,6.752556e-05
4511,6.744422e-05
4512,6.736298e-05
4513,6.728184e-05
4514,6.720079e-05
4515,6.711985e-05
4516,6.703900e-05
4517,6.695825e-05
4518,6.687759e-05
4519,6.679704e-05
4520,6.671658e-05
4521,6.663621e-05
4522,6.655595e-05
4523,6.647578e-05
4524,6.639570e-05
4525,6.631573e-05
4526,6.623585e-05
4527,6.615606e-05
4528,6.607638e-05
4529,6.599678e-05
4530,6.591729e-05
4531,6.583789e-05
4532,6.575858e-05
4533,6.567937e-05
4534,6.560026e-05
4535,6.552124e-05
4536,6.544232e-05
4537,6.536349e-05
4538,6.528476e-05
4539,6.520612e-05
4540,6.512757e-05
4541,6.504913e-05
4542,6.497077e-05
4543,6.489251e-05
4544,6.481435e-05
4545,6.473627e-05
4546,6.465830e-05
4547,6.458041e-05
4548,6.450262e-05
4549,6.442493e-05
4550,6.434732e-05
4551,6.426981e-05
4552,6.419240e-05
4553,6.411508e-05
4554,6.403785e-05
4555,6.396071e-05
4556,6.388367e-05
4557,6.380672e-05
4558,6.372986e-05
4559,6.365309e-05
4560,6.357642e-05
4561,6.349984e-05
4562,6.342335e-05
4563,6.334695e-05
4564,6.327065e-05
4565,6.319444e-05
4566,6.311832e-05
4567,6.304229e-05
4568,6.296635e-05
4569,6.289051e-05
4570,6.281475e-05
4571,6.273909e-05
4572,6.266352e-05
4573,6.258804e-05
4574,6.251265e-05
4575,6.243735e-05
4576,6.236214e-05
4577,6.228702e-05
4578,6.221199e-05
4579,6.213705e-05
4580,6.206221e-05
4581,6.198745e-05
4582,6.191278e-05
4583,6.183821e-05
4584,6.176372e-05
4585,6.168932e-05
4586,6.161502e-05
4587,6.154080e-05
4588,6.146667e-05
4589,6.139263e-05
4590,6.131868e-05
4591,6.124482e-05
4592,6.117105e-05
4593,6.109736e-05
4594,6.102377e-05
4595,6.095026e-05
4596,6.087685e-05
4597,6.080352e-05
4598,6.073028e-05
4599,6.065713e-05
4600,6.058406e-05
4601,6.051109e-05
4602,6.043820e-05
4603,6.036540e-05
4604,6.029268e-05
4605,6.022006e-05
4606,6.014752e-05
4607,6.007507e-05
4608,6.000271e-05
4609,5.993043e-05
4610,5.985824e-05
4611,5.978614e-05
4612,5.971413e-05
4613,5.964220e-05
4614,5.957036e-05
4615,5.949860e-05
4616,5.942693e-05
4617,5.935535e-05
4618,5.928385e-05
4619,5.921244e-05
4620,5.914112e-05
4621,5.906988e-05
4622,5.899873e-05
4623,5.892766e-05
4624,5.885668e-05
4625,5.878579e-05
4626,5.871498e-05
4627,5.864425e-05
4628,5.857361e-05
4629,5.850306e-05
4630,5.843259e-05
4631,5.836220e-05
4632,5.829190e-05
4633,5.822169e-05
4634,5.815156e-05
4635,5.808151e-05
4636,5.801155e-05
4637,5.794167e-05
4638,5.787188e-05
4639,5.780217e-05
4640,5.773254e-05
4641,5.766300e-05
4642,5.759355e-05
4643,5.752417e-05
4644,5.745488e-05
4645,5.738567e-05
4646,5.731655e-05
4647,5.724751e-05
4648,5.717855e-05
4649,5.710968e-05
4650,5.704089e-05
4651,5.697218e-05
4652,5.690355e-05
4653,5.683501e-05
4654,5.676655e-05
4655,5.669817e-05
4656,5.662988e-05
4657,5.656167e-05
4658,5.649353e-05
4659,5.642549e-05
4660,5.635752e-05
4661,5.628963e-05
4662,5.622183e-05
4663,5.615411e-05
4664,5.608647e-05
4665,5.601891e-05
4666,5.595143e-05
4667,5.588404e-05
4668,5.581672e-05
4669,5.574949e-05
4670,5.568234e-05
4671,5.561526e-05
4672,5.554827e-05
4673,5.548136e-05
4674,5.541453e-05
4675,5.534778e-05
4676,5.528111e-05
4677,5.521453e-05
4678,5.514802e-05
4679,5.508159e-05
4680,5.501524e-05
4681,5.494897e-05
4682,5.488278e-05
4683,5.481668e-05
4684,5.475065e-05
4685,5.468470e-05
4686,5.461883e-05
4687,5.455304e-05
4688,5.448732e-05
4689,5.442169e-05
4690,5.435614e-05
4691,5.429066e-05
4692,5.422527e-05
4693,5.415995e-05
4694,5.409471e-05
4695,5.402955e-05
4696,5.396447e-05
4697,5.389947e-05
4698,5.383455e-05
4699,5.376970e-05
4700,5.370493e-05
4701,5.364024e-05
4702,5.357563e-05
4703,5.351110e-05
4704,5.344664e-05
4705,5.338226e-05
4706,5.331796e-05
4707,5.325374e-05
4708,5.318959e-05
4709,5.312552e-05
4710,5.306153e-05
4711,5.299761e-05
4712,5.293378e-05
4713,5.287001e-05
4714,5.280633e-05
4715,5.274272e-05
4716,5.267919e-05
4717,5.261574e-05
4718,5.255236e-05
4719,5.248906e-05
4720,5.242583e-05
4721,5.236268e-05
4722,5.229961e-05
4723,5.223661e-05
4724,5.217369e-05
4725,5.211085e-05
4726,5.204808e-05
4727,5.198538e-05
4728,5.192276e-05
4729,5.186022e-05
4730,5.179775e-05
4731,5.173536e-05
4732,5.167304e-05
4733,5.161080e-05
4734,5.154863e-05
4735,5.148654e-05
4736,5.142452e-05
4737,5.136258e-05
4738,5.130071e-05
4739,5.123892e-05
4740,5.117720e-05
4741,5.111555e-05
4742,5.105398e-05
4743,5.099248e-05
4744,5.093106e-05
4745,5.086971e-05
4746,5.080844e-05
4747,5.074724e-05
4748,5.068611e-05
4749,5.062506e-05
4750,5.056408e-05
4751,5.050317e-05
4752,5.044234e-05
4753,5.038158e-05
4754,5.032089e-05
4755,5.026028e-05
4756,5.019973e-05
4757,5.013927e-05
4758,5.007887e-05
4759,5.001855e-05
4760,4.995830e-05
4761,4.989812e-05
4762,4.983802e-05
4763,4.977799e-05
4764,4.971803e-05
4765,4.965814e-05
4766,4.959832e-05
4767,4.953858e-05
4768,4.947891e-05
4769,4.941931e-05
4770,4.935978e-05
4771,4.930033e-05
4772,4.924094e-05
4773,4.918163e-05
4774,4.912239e-05
4775,4.906322e-05
4776,4.900412e-05
4777,4.894509e-05
4778,4.888613e-05
4779,4.882725e-05
4780,4.876843e-05
4781,4.870969e-05
4782,4.865102e-05
4783,4.859242e-05
4784,4.853388e-05
4785,4.847542e-05
4786,4.841703e-05
4787,4.835871e-05
4788,4.830046e-05
4789,4.824228e-05
4790,4.818417e-05
4791,4.812613e-05
4792,4.806816e-05
4793,4.801026e-05
4794,4.795243e-05
4795,4.789467e-05
4796,4.783698e-05
4797,4.777936e-05
4798,4.772180e-05
4799,4.766432e-05
4800,4.760691e-05
4801,4.754956e-05
4802,4.749229e-05
4803,4.743508e-05
4804,4.737794e-05
4805,4.732087e-05
4806,4.726387e-05
4807,4.720694e-05
4808,4.715008e-05
4809,4.709329e-05
4810,4.703656e-05
4811,4.697990e-05
4812,4.692331e-05
4813,4.686679e-05
4814,4.681034e-05
4815,4.675395e-05
4816,4.669764e-05
4817,4.664139e-05
4818,4.658521e-05
4819,4.652909e-05
4820,4.647305e-05
4821,4.641707e-05
4822,4.636116e-05
4823,4.630531e-05
4824,4.624953e-05
4825,4.619382e-05
4826,4.613818e-05
4827,4.608261e-05
4828,4.602710e-05
4829,4.597166e-05
4830,4.591628e-05
4831,4.586097e-05
4832,4.580573e-05
4833,4.575056e-05
4834,4.569545e-05
4835,4.564041e-05
4836,4.558543e-05
4837,4.553052e-05
4838,4.547568e-05
4839,4.542090e-05
4840,4.536619e-05
4841,4.531154e-05
4842,4.525696e-05
4843,4.520245e-05
4844,4.514800e-05
4845,4.509362e-05
4846,4.503930e-05
4847,4.498505e-05
4848,4.493086e-05
4849,4.487674e-05
4850,4.482269e-05
4851,4.476869e-05
4852,4.471477e-05
4853,4.466091e-05
4854,4.460711e-05
4855,4.455338e-05
4856,4.449971e-05
4857,4.444611e-05
4858,4.439257e-05
4859,4.433910e-05
4860,4.428569e-05
4861,4.423235e-05
4862,4.417907e-05
4863,4.412585e-05
4864,4.407270e-05
4865,4.401962e-05
4866,4.396659e-05
4867,4.391363e-05
4868,4.386074e-05
4869,4.380790e-05
4870,4.375514e-05
4871,4.370243e-05
4872,4.364979e-05
4873,4.359721e-05
4874,4.354470e-05
4875,4.349224e-05
4876,4.343986e-05
4877,4.338753e-05
4878,4.333527e-05
4879,4.328307e-05
4880,4.323093e-05
4881,4.317886e-05
4882,4.312685e-05
4883,4.307490e-05
4884,4.302302e-05
4885,4.297119e-05
4886,4.291943e-05
4887,4.286773e-05
4888,4.281610e-05
4889,4.276452e-05
4890,4.271301e-05
4891,4.266156e-05
4892,4.261017e-05
4893,4.255885e-05
4894,4.250758e-05
4895,4.245638e-05
4896,4.240524e-05
4897,4.235416e-05
4898,4.230314e-05
4899,4.225219e-05
4900,4.220129e-05
4901,4.215046e-05
4902,4.209969e-05
4903,4.204898e-05
4904,4.199833e-05
4905,4.194774e-05
4906,4.189721e-05
4907,4.184674e-05
4908,4.179634e-05
4909,4.174599e-05
4910,4.169571e-05
4911,4.164548e-05
4912,4.159532e-05
4913,4.154522e-05
4914,4.149517e-05
4915,4.144519e-05
4916,4.139527e-05
4917,4.134541e-05
4918,4.129560e-05
4919,4.124586e-05
4920,4.119618e-05
4921,4.114656e-05
4922,4.109699e-05
4923,4.104749e-05
4924,4.099805e-05
4925,4.094866e-05
4926,4.089934e-05
4927,4.085007e-05
4928,4.080087e-05
4929,4.075172e-05
4930,4.070263e-05
4931,4.065361e-05
4932,4.060464e-05
4933,4.055573e-05
4934,4.050688e-05
4935,4.045808e-05
4936,4.040935e-05
4937,4.036067e-05
4938,4.031206e-05
4939,4.026350e-05
4940,4.021500e-05
4941,4.016656e-05
4942,4.011818e-05
4943,4.006985e-05
4944,4.002159e-05
4945,3.997338e-05
4946,3.992523e-05
4947,3.987714e-05
4948,3.982911e-05
4949,3.978113e-05
4950,3.973321e-05
4951,3.968535e-05
4952,3.963755e-05
4953,3.958980e-05
4954,3.954212e-05
4955,3.949449e-05
4956,3.944691e-05
4957,3.939940e-05
4958,3.935194e-05
4959,3.930454e-05
4960,3.925719e-05
4961,3.920991e-05
4962,3.916268e-05
4963,3.911550e-05
4964,3.906839e-05
4965,3.902133e-05
4966,3.897432e-05
4967,3.892738e-05
4968,3.888049e-05
4969,3.883366e-05
4970,3.878688e-05
4971,3.874016e-05
4972,3.869349e-05
4973,3.864689e-05
4974,3.860033e-05
4975,3.855384e-05
4976,3.850740e-05
4977,3.846101e-05
4978,3.841469e-05
4979,3.836841e-05
4980,3.832220e-05
4981,3.827604e-05
4982,3.822993e-05
4983,3.818388e-05
4984,3.813789e-05
4985,3.809195e-05
4986,3.804607e-05
4987,3.800024e-05
4988,3.795446e-05
4989,3.790875e-05
4990,3.786308e-05
4991,3.781748e-05
4992,3.777192e-05
4993,3.772643e-05
4994,3.768098e-05
4995,3.763559e-05
4996,3.759026e-05
4997,3.754498e-05
4998,3.749976e-05
4999,3.745459e-05
5000,3.740947e-05
5001,3.736441e-05
5002,3.731940e-05
5003,3.727445e-05
5004,3.722955e-05
5005,3.718471e-05
5006,3.713992e-05
5007,3.709518e-05
5008,3.705050e-05
5009,3.700587e-05
5010,3.696129e-05
5011,3.691677e-05
5012,3.687230e-05
5013,3.682789e-05
5014,3.678353e-05
5015,3.673922e-05
5016,3.669497e-05
5017,3.665077e-05
5018,3.660662e-05
5019,3.656252e-05
5020,3.651848e-05
5021,3.647449e-05
5022,3.643056e-05
5023,3.638668e-05
5024,3.634285e-05
5025,3.629907e-05
5026,3.625535e-05
5027,3.621168e-05
5028,3.616806e-05
5029,3.612449e-05
5030,3.608098e-05
5031,3.603752e-05
5032,3.599411e-05
5033,3.595075e-05
5034,3.590745e-05
5035,3.586420e-05
5036,3.582100e-05
5037,3.577785e-05
5038,3.573475e-05
5039,3.569171e-05
5040,3.564872e-05
5041,3.560577e-05
5042,3.556289e-05
5043,3.552005e-05
5044,3.547726e-05
5045,3.543453e-05
5046,3.539185e-05
5047,3.534922e-05
5048,3.530664e-05
5049,3.526411e-05
5050,3.522163e-05
5051,3.517921e-05
5052,3.513683e-05
5053,3.509451e-05
5054,3.505223e-05
5055,3.501001e-05
5056,3.496784e-05
5057,3.492572e-05
5058,3.488365e-05
5059,3.484163e-05
5060,3.479966e-05
5061,3.475775e-05
5062,3.471588e-05
5063,3.467406e-05
5064,3.463230e-05
5065,3.459058e-05
5066,3.454891e-05
5067,3.450730e-05
5068,3.446573e-05
5069,3.442422e-05
5070,3.438275e-05
5071,3.434134e-05
5072,3.429997e-05
5073,3.425865e-05
5074,3.421739e-05
5075,3.417617e-05
5076,3.413501e-05
5077,3.409389e-05
5078,3.405282e-05
5079,3.401180e-05
5080,3.397083e-05
5081,3.392991e-05
5082,3.388904e-05
5083,3.384822e-05
5084,3.380745e-05
5085,3.376673e-05
5086,3.372606e-05
5087,3.368543e-05
5088,3.364486e-05
5089,3.360433e-05
5090,3.356385e-05
5091,3.352342e-05
5092,3.348304e-05
5093,3.344271e-05
5094,3.340243e-05
5095,3.336219e-05
5096,3.332201e-05
5097,3.328187e-05
5098,3.324178e-05
5099,3.320174e-05
5100,3.316174e-05
5101,3.312180e-05
5102,3.308190e-05
5103,3.304205e-05
5104,3.300225e-05
5105,3.296250e-05
5106,3.292280e-05
5107,3.288314e-05
5108,3.284353e-05
5109,3.280397e-05
5110,3.276445e-05
5111,3.272499e-05
5112,3.268557e-05
5113,3.264620e-05
5114,3.260687e-05
5115,3.256760e-05
5116,3.252837e-05
5117,3.248919e-05
5118,3.245005e-05
5119,3.241097e-05
5120,3.237192e-05
5121,3.233293e-05
5122,3.229398e-05
5123,3.225509e-05
5124,3.221623e-05
5125,3.217743e-05
5126,3.213867e-05
5127,3.209996e-05
5128,3.206129e-05
5129,3.202267e-05
5130,3.198410e-05
5131,3.194557e-05
5132,3.190709e-05
5133,3.186866e-05
5134,3.183027e-05
5135,3.179193e-05
5136,3.175364e-05
5137,3.171539e-05
5138,3.167718e-05
5139,3.163903e-05
5140,3.160092e-05
5141,3.156285e-05
5142,3.152483e-05
5143,3.148686e-05
5144,3.144893e-05
5145,3.141105e-05
5146,3.137322e-05
5147,3.133542e-05
5148,3.129768e-05
5149,3.125998e-05
5150,3.122233e-05
5151,3.118472e-05
5152,3.114715e-05
5153,3.110964e-05
5154,3.107216e-05
5155,3.103474e-05
5156,3.099735e-05
5157,3.096002e-05
5158,3.092272e-05
5159,3.088547e-05
5160,3.084827e-05
5161,3.081111e-05
5162,3.077400e-05
5163,3.073693e-05
5164,3.069991e-05
5165,3.066293e-05
5166,3.062599e-05
5167,3.058910e-05
5168,3.055226e-05
5169,3.051546e-05
5170,3.047870e-05
5171,3.044199e-05
5172,3.040532e-05
5173,3.036869e-05
5174,3.033211e-05
5175,3.029558e-05
5176,3.025908e-05
5177,3.022263e-05
5178,3.018623e-05
5179,3.014987e-05
5180,3.011355e-05
5181,3.007728e-05
5182,3.004105e-05
5183,3.000486e-05
5184,2.996872e-05
5185,2.993262e-05
5186,2.989657e-05
5187,2.986056e-05
5188,2.982459e-05
5189,2.978866e-05
5190,2.975278e-05
5191,2.971694e-05
5192,2.968115e-05
5193,2.964540e-05
5194,2.960969e-05
5195,2.957402e-05
5196,2.953840e-05
5197,2.950282e-05
5198,2.946728e-05
5199,2.943178e-05
5200,2.939633e-05
5201,2.936092e-05
5202,2.932556e-05
5203,2.929023e-05
5204,2.925495e-05
5205,2.921971e-05
5206,2.918452e-05
5207,2.914936e-05
5208,2.911425e-05
5209,2.907918e-05
5210,2.904415e-05
5211,2.900917e-05
5212,2.897423e-05
5213,2.893933e-05
5214,2.890447e-05
5215,2.886965e-05
5216,2.883488e-05
5217,2.880014e-05
5218,2.876545e-05
5219,2.873080e-05
5220,2.869620e-05
5221,2.866163e-05
5222,2.862711e-05
5223,2.859262e-05
5224,2.855818e-05
5225,2.852378e-05
5226,2.848942e-05
5227,2.845511e-05
5228,2.842083e-05
5229,2.838660e-05
5230,2.835240e-05
5231,2.831825e-05
5232,2.828414e-05
5233,2.825007e-05
5234,2.821604e-05
5235,2.818206e-05
5236,2.814811e-05
5237,2.811420e-05
5238,2.808034e-05
5239,2.804652e-05
5240,2.801273e-05
5241,2.797899e-05
5242,2.794529e-05
5243,2.791163e-05
5244,2.787801e-05
5245,2.784443e-05
5246,2.781089e-05
5247,2.777739e-05
5248,2.774393e-05
5249,2.771051e-05
5250,2.767713e-05
5251,2.764379e-05
5252,2.761049e-05
5253,2.757724e-05
5254,2.754402e-05
5255,2.751084e-05
5256,2.747770e-05
5257,2.744460e-05
5258,2.741155e-05
5259,2.737853e-05
5260,2.734555e-05
5261,2.731261e-05
5262,2.727971e-05
5263,2.724685e-05
5264,2.721403e-05
5265,2.718125e-05
5266,2.714851e-05
5267,2.711581e-05
5268,2.708315e-05
5269,2.705052e-05
5270,2.701794e-05
5271,2.698539e-05
5272,2.695289e-05
5273,2.692042e-05
5274,2.688800e-05
5275,2.685561e-05
5276,2.682326e-05
5277,2.679095e-05
5278,2.675868e-05
5279,2.672645e-05
5280,2.669425e-05
5281,2.666210e-05
5282,2.662998e-05
5283,2.659791e-05
5284,2.656587e-05
5285,2.653387e-05
5286,2.650191e-05
5287,2.646999e-05
5288,2.643810e-05
5289,2.640626e-05
5290,2.637445e-05
5291,2.634268e-05
5292,2.631095e-05
5293,2.627925e-05
5294,2.624760e-05
5295,2.621598e-05
5296,2.618441e-05
5297,2.615287e-05
5298,2.612136e-05
5299,2.608990e-05
5300,2.605847e-05
5301,2.602708e-05
5302,2.599573e-05
5303,2.596442e-05
5304,2.593314e-05
5305,2.590191e-05
5306,2.587071e-05
5307,2.583954e-05
5308,2.580842e-05
5309,2.577733e-05
5310,2.574628e-05
5311,2.571527e-05
5312,2.568429e-05
5313,2.565336e-05
5314,2.562246e-05
5315,2.559159e-05
5316,2.556077e-05
5317,2.552998e-05
5318,2.549923e-05
5319,2.546851e-05
5320,2.543783e-05
5321,2.540719e-05
5322,2.537659e-05
5323,2.534602e-05
5324,2.531549e-05
5325,2.528500e-05
5326,2.525454e-05
5327,2.522412e-05
5328,2.519374e-05
5329,2.516339e-05
5330,2.513308e-05
5331,2.510280e-05
5332,2.507257e-05
5333,2.504237e-05
5334,2.501220e-05
5335,2.498207e-05
5336,2.495198e-05
5337,2.492193e-05
5338,2.489191e-05
5339,2.486192e-05
5340,2.483198e-05
5341,2.480206e-05
5342,2.477219e-05
5343,2.474235e-05
5344,2.471255e-05
5345,2.468278e-05
5346,2.465305e-05
5347,2.462335e-05
5348,2.459369e-05
5349,2.456407e-05
5350,2.453448e-05
5351,2.450493e-05
5352,2.447541e-05
5353,2.444593e-05
5354,2.441648e-05
5355,2.438707e-05
5356,2.435770e-05
5357,2.432836e-05
5358,2.429905e-05
5359,2.426978e-05
5360,2.424055e-05
5361,2.421135e-05
5362,2.418219e-05
5363,2.415306e-05
5364,2.412396e-05
5365,2.409491e-05
5366,2.406588e-05
5367,2.403689e-05
5368,2.400794e-05
5369,2.397902e-05
5370,2.395014e-05
5371,2.392129e-05
5372,2.389247e-05
5373,2.386369e-05
5374,2.383495e-05
5375,2.380624e-05
5376,2.377756e-05
5377,2.374892e-05
5378,2.372032e-05
5379,2.369174e-05
5380,2.366321e-05
5381,2.363470e-05
5382,2.360623e-05
5383,2.357780e-05
5384,2.354940e-05
5385,2.352103e-05
5386,2.349270e-05
5387,2.346440e-05
5388,2.343614e-05
5389,2.340791e-05
5390,2.337971e-05
5391,2.335155e-05
5392,2.332342e-05
5393,2.329533e-05
5394,2.326727e-05
5395,2.323924e-05
5396,2.321125e-05
5397,2.318329e-05
5398,2.315537e-05
5399,2.312747e-05
5400,2.309962e-05
5401,2.307179e-05
5402,2.304400e-05
5403,2.301624e-05
5404,2.298852e-05
5405,2.296083e-05
5406,2.293317e-05
5407,2.290555e-05
5408,2.287796e-05
5409,2.285040e-05
5410,2.282287e-05
5411,2.279538e-05
5412,2.276792e-05
5413,2.274050e-05
5414,2.271311e-05
5415,2.268575e-05
5416,2.265842e-05
5417,2.263113e-05
5418,2.260387e-05
5419,2.257664e-05
5420,2.254945e-05
5421,2.252229e-05
5422,2.249516e-05
5423,2.246806e-05
5424,2.244100e-05
5425,2.241397e-05
5426,2.238697e-05
5427,2.236000e-05
5428,2.233307e-05
5429,2.230617e-05
5430,2.227930e-05
5431,2.225246e-05
5432,2.222566e-05
5433,2.219889e-05
5434,2.217215e-05
5435,2.214544e-05
5436,2.211876e-05
5437,2.209212e-05
5438,2.206551e-05
5439,2.203893e-05
5440,2.201238e-05
5441,2.198587e-05
5442,2.195939e-05
5443,2.193293e-05
5444,2.190652e-05
5445,2.188013e-05
5446,2.185377e-05
5447,2.182745e-05
5448,2.180116e-05
5449,2.177490e-05
5450,2.174867e-05
5451,2.172247e-05
5452,2.169630e-05
5453,2.167017e-05
5454,2.164407e-05
5455,2.161800e-05
5456,2.159196e-05
5457,2.156595e-05
5458,2.153997e-05
5459,2.151403e-05
5460,2.148811e-05
5461,2.146223e-05
5462,2.143637e-05
5463,2.141055e-05
5464,2.138476e-05
5465,2.135900e-05
5466,2.133328e-05
5467,2.130758e-05
5468,2.128191e-05
5469,2.125628e-05
5470,2.123068e-05
5471,2.120510e-05
5472,2.117956e-05
5473,2.115405e-05
5474,2.112857e-05
5475,2.110312e-05
5476,2.107770e-05
5477,2.105231e-05
5478,2.102695e-05
5479,2.100162e-05
5480,2.097632e-05
5481,2.095106e-05
5482,2.092582e-05
5483,2.090061e-05
5484,2.087544e-05
5485,2.085029e-05
5486,2.082518e-05
5487,2.080009e-05
5488,2.077504e-05
5489,2.075001e-05
5490,2.072502e-05
5491,2.070006e-05
5492,2.067512e-05
5493,2.065022e-05
5494,2.062534e-05
5495,2.060050e-05
5496,2.057569e-05
5497,2.055090e-05
5498,2.052615e-05
5499,2.050142e-05
5500,2.047673e-05
5501,2.045206e-05
5502,2.042743e-05
5503,2.040282e-05
5504,2.037824e-05
5505,2.035370e-05
5506,2.032918e-05
5507,2.030469e-05
5508,2.028024e-05
5509,2.025581e-05
5510,2.023141e-05
5511,2.020704e-05
5512,2.018270e-05
5513,2.015839e-05
5514,2.013411e-05
5515,2.010985e-05
5516,2.008563e-05
5517,2.006144e-05
5518,2.003727e-05
5519,2.001314e-05
5520,1.998903e-05
5521,1.996495e-05
5522,1.994090e-05
5523,1.991688e-05
5524,1.989289e-05
5525,1.986893e-05
5526,1.984500e-05
5527,1.982109e-05
5528,1.979722e-05
5529,1.977337e-05
5530,1.974955e-05
5531,1.972576e-05
5532,1.970200e-05
5533,1.967827e-05
5534,1.965457e-05
5535,1.963089e-05
5536,1.960725e-05
5537,1.958363e-05
5538,1.956004e-05
5539,1.953648e-05
5540,1.951295e-05
5541,1.948944e-05
5542,1.946597e-05
5543,1.944252e-05
5544,1.941910e-05
5545,1.939571e-05
5546,1.937235e-05
5547,1.934901e-05
5548,1.932570e-05
5549,1.930243e-05
5550,1.927917e-05
5551,1.925595e-05
5552,1.923276e-05
5553,1.920959e-05
5554,1.918645e-05
5555,1.916334e-05
5556,1.914026e-05
5557,1.911720e-05
5558,1.909418e-05
5559,1.907118e-05
5560,1.904820e-05
5561,1.902526e-05
5562,1.900234e-05
5563,1.897945e-05
5564,1.895659e-05
5565,1.893376e-05
5566,1.891095e-05
5567,1.888817e-05
5568,1.886542e-05
5569,1.884270e-05
5570,1.882000e-05
5571,1.879733e-05
5572,1.877469e-05
5573,1.875207e-05
5574,1.872948e-05
5575,1.870692e-05
5576,1.868439e-05
5577,1.866188e-05
5578,1.863941e-05
5579,1.861695e-05
5580,1.859453e-05
5581,1.857213e-05
5582,1.854976e-05
5583,1.852742e-05
5584,1.850510e-05
5585,1.848281e-05
5586,1.846055e-05
5587,1.843831e-05
5588,1.841610e-05
5589,1.839392e-05
5590,1.837176e-05
5591,1.834963e-05
5592,1.832753e-05
5593,1.830545e-05
5594,1.828340e-05
5595,1.826138e-05
5596,1.823938e-05
5597,1.821741e-05
5598,1.819547e-05
5599,1.817355e-05
5600,1.815166e-05
5601,1.812980e-05
5602,1.810796e-05
5603,1.808615e-05
5604,1.806436e-05
5605,1.804260e-05
5606,1.802087e-05
5607,1.799916e-05
5608,1.797748e-05
5609,1.795582e-05
5610,1.793420e-05
5611,1.791259e-05
5612,1.789102e-05
5613,1.786947e-05
5614,1.784794e-05
5615,1.782644e-05
5616,1.780497e-05
5617,1.778352e-05
5618,1.776210e-05
5619,1.774071e-05
5620,1.771934e-05
5621,1.769799e-05
5622,1.767668e-05
5623,1.765538e-05
5624,1.763412e-05
5625,1.761288e-05
5626,1.759166e-05
5627,1.757047e-05
5628,1.754931e-05
5629,1.752817e-05
5630,1.750705e-05
5631,1.748597e-05
5632,1.746490e-05
5633,1.744387e-05
5634,1.742285e-05
5635,1.740187e-05
5636,1.738091e-05
5637,1.735997e-05
5638,1.733906e-05
5639,1.731817e-05
5640,1.729731e-05
5641,1.727648e-05
5642,1.725567e-05
5643,1.723488e-05
5644,1.721412e-05
5645,1.719339e-05
5646,1.717268e-05
5647,1.715199e-05
5648,1.713133e-05
5649,1.711070e-05
5650,1.709009e-05
5651,1.706950e-05
5652,1.704894e-05
5653,1.702840e-05
5654,1.700789e-05
5655,1.698740e-05
5656,1.696694e-05
5657,1.694651e-05
5658,1.692609e-05
5659,1.690570e-05
5660,1.688534e-05
5661,1.686500e-05
5662,1.684469e-05
5663,1.682440e-05
5664,1.680413e-05
5665,1.678389e-05
5666,1.676367e-05
5667,1.674348e-05
5668,1.672331e-05
5669,1.670317e-05
5670,1.668305e-05
5671,1.666295e-05
5672,1.664288e-05
5673,1.662283e-05
5674,1.660281e-05
5675,1.658281e-05
5676,1.656284e-05
5677,1.654289e-05
5678,1.652296e-05
5679,1.650306e-05
5680,1.648318e-05
5681,1.646332e-05
5682,1.644349e-05
5683,1.642369e-05
5684,1.640390e-05
5685,1.638414e-05
5686,1.636441e-05
5687,1.634470e-05
5688,1.632501e-05
5689,1.630535e-05
5690,1.628570e-05
5691,1.626609e-05
5692,1.624649e-05
5693,1.622693e-05
5694,1.620738e-05
5695,1.618786e-05
5696,1.616836e-05
5697,1.614888e-05
5698,1.612943e-05
5699,1.611000e-05
5700,1.609060e-05
5701,1.607121e-05
5702,1.605186e-05
5703,1.603252e-05
5704,1.601321e-05
5705,1.599392e-05
5706,1.597465e-05
5707,1.595541e-05
5708,1.593619e-05
5709,1.591700e-05
5710,1.589783e-05
5711,1.587868e-05
5712,1.585955e-05
5713,1.584045e-05
5714,1.582136e-05
5715,1.580231e-05
5716,1.578327e-05
5717,1.576426e-05
5718,1.574527e-05
5719,1.572631e-05
5720,1.570736e-05
5721,1.568844e-05
5722,1.566955e-05
5723,1.565067e-05
5724,1.563182e-05
5725,1.561299e-05
5726,1.559418e-05
5727,1.557540e-05
5728,1.555664e-05
5729,1.553790e-05
5730,1.551918e-05
5731,1.550049e-05
5732,1.548182e-05
5733,1.546317e-05
5734,1.544454e-05
5735,1.542594e-05
5736,1.540736e-05
5737,1.538880e-05
5738,1.537026e-05
5739,1.535175e-05
5740,1.533326e-05
5741,1.531479e-05
5742,1.529634e-05
5743,1.527792e-05
5744,1.525951e-05
5745,1.524113e-05
5746,1.522277e-05
5747,1.520444e-05
5748,1.518612e-05
5749,1.516783e-05
5750,1.514956e-05
5751,1.513131e-05
5752,1.511309e-05
5753,1.509488e-05
5754,1.507670e-05
5755,1.505854e-05
5756,1.504040e-05
5757,1.502228e-05
5758,1.500419e-05
5759,1.498611e-05
5760,1.496806e-05
5761,1.495003e-05
5762,1.493203e-05
5763,1.491404e-05
5764,1.489607e-05
5765,1.487813e-05
5766,1.486021e-05
5767,1.484231e-05
5768,1.482443e-05
5769,1.480658e-05
5770,1.478874e-05
5771,1.477093e-05
5772,1.475313e-05
5773,1.473536e-05
5774,1.471761e-05
5775,1.469989e-05
5776,1.468218e-05
5777,1.466449e-05
5778,1.464683e-05
5779,1.462919e-05
5780,1.461157e-05
5781,1.459397e-05
5782,1.457639e-05
5783,1.455883e-05
5784,1.454129e-05
5785,1.452378e-05
5786,1.450628e-05
5787,1.448881e-05
5788,1.447136e-05
5789,1.445392e-05
5790,1.443651e-05
5791,1.441913e-05
5792,1.440176e-05
5793,1.438441e-05
5794,1.436708e-05
5795,1.434978e-05
5796,1.433249e-05
5797,1.431523e-05
5798,1.429798e-05
5799,1.428076e-05
5800,1.426356e-05
5801,1.424638e-05
5802,1.422922e-05
5803,1.421208e-05
5804,1.419496e-05
5805,1.417786e-05
5806,1.416078e-05
5807,1.414373e-05
5808,1.412669e-05
5809,1.410967e-05
5810,1.409268e-05
5811,1.407570e-05
5812,1.405875e-05
5813,1.404181e-05
5814,1.402490e-05
5815,1.400801e-05
5816,1.399113e-05
5817,1.397428e-05
5818,1.395745e-05
5819,1.394063e-05
5820,1.392384e-05
5821,1.390707e-05
5822,1.389032e-05
5823,1.387359e-05
5824,1.385688e-05
5825,1.384018e-05
5826,1.382351e-05
5827,1.380686e-05
5828,1.379023e-05
5829,1.377362e-05
5830,1.375703e-05
5831,1.374046e-05
5832,1.372391e-05
5833,1.370738e-05
5834,1.369087e-05
5835,1.367437e-05
5836,1.365790e-05
5837,1.364145e-05
5838,1.362502e-05
5839,1.360861e-05
5840,1.359222e-05
5841,1.357584e-05
5842,1.355949e-05
5843,1.354316e-05
5844,1.352684e-05
5845,1.351055e-05
5846,1.349428e-05
5847,1.347802e-05
5848,1.346179e-05
5849,1.344557e-05
5850,1.342938e-05
5851,1.341320e-05
5852,1.339704e-05
5853,1.338091e-05
5854,1.336479e-05
5855,1.334869e-05
5856,1.333261e-05
5857,1.331655e-05
5858,1.330051e-05
5859,1.328449e-05
5860,1.326849e-05
5861,1.325250e-05
5862,1.323654e-05
5863,1.322060e-05
5864,1.320467e-05
5865,1.318877e-05
5866,1.317288e-05
5867,1.315701e-05
5868,1.314117e-05
5869,1.312534e-05
5870,1.310953e-05
5871,1.309374e-05
5872,1.307796e-05
5873,1.306221e-05
5874,1.304648e-05
5875,1.303076e-05
5876,1.301506e-05
5877,1.299939e-05
5878,1.298373e-05
5879,1.296809e-05
5880,1.295247e-05
5881,1.293687e-05
5882,1.292128e-05
5883,1.290572e-05
5884,1.289017e-05
5885,1.287465e-05
5886,1.285914e-05
5887,1.284365e-05
5888,1.282818e-05
5889,1.281273e-05
5890,1.279729e-05
5891,1.278188e-05
5892,1.276648e-05
5893,1.275111e-05
5894,1.273575e-05
5895,1.272041e-05
5896,1.270508e-05
5897,1.268978e-05
5898,1.267449e-05
5899,1.265923e-05
5900,1.264398e-05
5901,1.262875e-05
5902,1.261354e-05
5903,1.259834e-05
5904,1.258317e-05
5905,1.256801e-05
5906,1.255287e-05
5907,1.253775e-05
5908,1.252265e-05
5909,1.250756e-05
5910,1.249250e-05
5911,1.247745e-05
5912,1.246242e-05
5913,1.244741e-05
5914,1.243242e-05
5915,1.241744e-05
5916,1.240248e-05
5917,1.238754e-05
5918,1.237262e-05
5919,1.235772e-05
5920,1.234283e-05
5921,1.232797e-05
5922,1.231312e-05
5923,1.229829e-05
5924,1.228347e-05
5925,1.226868e-05
5926,1.225390e-05
5927,1.223914e-05
5928,1.222439e-05
5929,1.220967e-05
5930,1.219496e-05
5931,1.218027e-05
5932,1.216560e-05
5933,1.215095e-05
5934,1.213631e-05
5935,1.212169e-05
5936,1.210709e-05
5937,1.209251e-05
5938,1.207794e-05
5939,1.206339e-05
5940,1.204886e-05
5941,1.203435e-05
5942,1.201985e-05
5943,1.200537e-05
5944,1.199091e-05
5945,1.197647e-05
5946,1.196204e-05
5947,1.194764e-05
5948,1.193324e-05
5949,1.191887e-05
5950,1.190451e-05
5951,1.189017e-05
5952,1.187585e-05
5953,1.186155e-05
5954,1.184726e-05
5955,1.183299e-05
5956,1.181873e-05
5957,1.180450e-05
5958,1.179028e-05
5959,1.177608e-05
5960,1.176189e-05
5961,1.174772e-05
5962,1.173357e-05
5963,1.171944e-05
5964,1.170532e-05
5965,1.169122e-05
5966,1.167714e-05
5967,1.166308e-05
5968,1.164903e-05
5969,1.163500e-05
5970,1.162098e-05
5971,1.160698e-05
5972,1.159300e-05
5973,1.157904e-05
5974,1.156509e-05
5975,1.155116e-05
5976,1.153725e-05
5977,1.152335e-05
5978,1.150947e-05
5979,1.149560e-05
5980,1.148176e-05
5981,1.146793e-05
5982,1.145411e-05
5983,1.144032e-05
5984,1.142654e-05
5985,1.141277e-05
5986,1.139903e-05
5987,1.138529e-05
5988,1.137158e-05
5989,1.135788e-05
5990,1.134420e-05
5991,1.133054e-05
5992,1.131689e-05
5993,1.130326e-05
5994,1.128964e-05
5995,1.127604e-05
5996,1.126246e-05
5997,1.124889e-05
5998,1.123534e-05
5999,1.122181e-05
6000,1.120829e-05
6001,1.119479e-05
6002,1.118131e-05
6003,1.116784e-05
6004,1.115439e-05
6005,1.114095e-05
6006,1.112753e-05
6007,1.111413e-05
6008,1.110074e-05
6009,1.108737e-05
6010,1.107401e-05
6011,1.106068e-05
6012,1.104735e-05
6013,1.103405e-05
6014,1.102075e-05
6015,1.100748e-05
6016,1.099422e-05
6017,1.098098e-05
6018,1.096775e-05
6019,1.095454e-05
6020,1.094134e-05
6021,1.092816e-05
6022,1.091500e-05
6023,1.090185e-05
6024,1.088872e-05
6025,1.087561e-05
6026,1.086251e-05
6027,1.084942e-05
6028,1.083635e-05
6029,1.082330e-05
6030,1.081026e-05
6031,1.079724e-05
6032,1.078424e-05
6033,1.077125e-05
6034,1.075827e-05
6035,1.074531e-05
6036,1.073237e-05
6037,1.071944e-05
6038,1.070653e-05
6039,1.069363e-05
6040,1.068075e-05
6041,1.066789e-05
6042,1.065504e-05
6043,1.064220e-05
6044,1.062938e-05
6045,1.061658e-05
6046,1.060379e-05
6047,1.059102e-05
6048,1.057826e-05
6049,1.056552e-05
6050,1.055279e-05
6051,1.054008e-05
6052,1.052739e-05
6053,1.051471e-05
6054,1.050204e-05
6055,1.048939e-05
6056,1.047675e-05
6057,1.046413e-05
6058,1.045153e-05
6059,1.043894e-05
6060,1.042637e-05
6061,1.041381e-05
6062,1.040126e-05
6063,1.038874e-05
6064,1.037622e-05
6065,1.036372e-05
6066,1.035124e-05
6067,1.033877e-05
6068,1.032632e-05
6069,1.031388e-05
6070,1.030146e-05
6071,1.028905e-05
6072,1.027665e-05
6073,1.026427e-05
6074,1.025191e-05
6075,1.023956e-05
6076,1.022723e-05
6077,1.021491e-05
6078,1.020260e-05
6079,1.019031e-05
6080,1.017804e-05
6081,1.016578e-05
6082,1.015354e-05
6083,1.014130e-05
6084,1.012909e-05
6085,1.011689e-05
6086,1.010470e-05
6087,1.009253e-05
6088,1.008037e-05
6089,1.006823e-05
6090,1.005610e-05
6091,1.004399e-05
6092,1.003189e-05
6093,1.001981e-05
6094,1.000774e-05
6095,9.995684e-06
6096,9.983644e-06
6097,9.971618e-06
6098,9.959607e-06
6099,9.947610e-06
6100,9.935628e-06
6101,9.923660e-06
6102,9.911707e-06
6103,9.899767e-06
6104,9.887843e-06
6105,9.875932e-06
6106,9.864036e-06
6107,9.852155e-06
6108,9.840287e-06
6109,9.828434e-06
6110,9.816596e-06
6111,9.804771e-06
6112,9.792961e-06
6113,9.781165e-06
6114,9.769383e-06
6115,9.757615e-06
6116,9.745862e-06
6117,9.734122e-06
6118,9.722397e-06
6119,9.710686e-06
6120,9.698989e-06
6121,9.687306e-06
6122,9.675638e-06
6123,9.663983e-06
6124,9.652342e-06
6125,9.640716e-06
6126,9.629103e-06
6127,9.617504e-06
6128,9.605920e-06
6129,9.594349e-06
6130,9.582792e-06
6131,9.571249e-06
6132,9.559720e-06
6133,9.548205e-06
6134,9.536704e-06
6135,9.525216e-06
6136,9.513743e-06
6137,9.502283e-06
6138,9.490837e-06
6139,9.479405e-06
6140,9.467987e-06
6141,9.456582e-06
6142,9.445191e-06
6143,9.433814e-06
6144,9.422451e-06
6145,9.411101e-06
6146,9.399765e-06
6147,9.388442e-06
6148,9.377134e-06
6149,9.365838e-06
6150,9.354557e-06
6151,9.343289e-06
6152,9.332034e-06
6153,9.320794e-06
6154,9.309566e-06
6155,9.298353e-06
6156,9.287152e-06
6157,9.275965e-06
6158,9.264792e-06
6159,9.253632e-06
6160,9.242486e-06
6161,9.231353e-06
6162,9.220233e-06
6163,9.209127e-06
6164,9.198034e-06
6165,9.186955e-06
6166,9.175889e-06
6167,9.164836e-06
6168,9.153797e-06
6169,9.142771e-06
6170,9.131758e-06
6171,9.120758e-06
6172,9.109772e-06
6173,9.098799e-06
6174,9.087839e-06
6175,9.076892e-06
6176,9.065958e-06
6177,9.055038e-06
6178,9.044131e-06
6179,9.033237e-06
6180,9.022356e-06
6181,9.011488e-06
6182,9.000633e-06
6183,8.989792e-06
6184,8.978963e-06
6185,8.968148e-06
6186,8.957345e-06
6187,8.946556e-06
6188,8.935779e-06
6189,8.925016e-06
6190,8.914265e-06
6191,8.903527e-06
6192,8.892803e-06
6193,8.882091e-06
6194,8.871392e-06
6195,8.860706e-06
6196,8.850033e-06
6197,8.839373e-06
6198,8.828725e-06
6199,8.818091e-06
6200,8.807469e-06
6201,8.796860e-06
6202,8.786264e-06
6203,8.775680e-06
6204,8.765110e-06
6205,8.754552e-06
6206,8.744006e-06
6207,8.733474e-06
6208,8.722954e-06
6209,8.712447e-06
6210,8.701952e-06
6211,8.691470e-06
6212,8.681001e-06
6213,8.670544e-06
6214,8.660100e-06
6215,8.649669e-06
6216,8.639250e-06
6217,8.628844e-06
6218,8.618450e-06
6219,8.608069e-06
6220,8.597700e-06
6221,8.587343e-06
6222,8.577000e-06
6223,8.566668e-06
6224,8.556349e-06
6225,8.546043e-06
6226,8.535749e-06
6227,8.525467e-06
6228,8.515198e-06
6229,8.504941e-06
6230,8.494696e-06
6231,8.484464e-06
6232,8.474244e-06
6233,8.464037e-06
6234,8.453841e-06
6235,8.443658e-06
6236,8.433487e-06
6237,8.423329e-06
6238,8.413183e-06
6239,8.403049e-06
6240,8.392927e-06
6241,8.382817e-06
6242,8.372720e-06
6243,8.362634e-06
6244,8.352561e-06
6245,8.342500e-06
6246,8.332451e-06
6247,8.322414e-06
6248,8.312390e-06
6249,8.302377e-06
6250,8.292377e-06
6251,8.282388e-06
6252,8.272412e-06
6253,8.262447e-06
6254,8.252495e-06
6255,8.242554e-06
6256,8.232626e-06
6257,8.222709e-06
6258,8.212804e-06
6259,8.202912e-06
6260,8.193031e-06
6261,8.183162e-06
6262,8.173305e-06
6263,8.163460e-06
6264,8.153627e-06
6265,8.143805e-06
6266,8.133996e-06
6267,8.124198e-06
6268,8.114412e-06
6269,8.104638e-06
6270,8.094876e-06
6271,8.085125e-06
6272,8.075386e-06
6273,8.065659e-06
6274,8.055943e-06
6275,8.046240e-06
6276,8.036548e-06
6277,8.026867e-06
6278,8.017199e-06
6279,8.007541e-06
6280,7.997896e-06
6281,7.988262e-06
6282,7.978640e-06
6283,7.969029e-06
6284,7.959430e-06
6285,7.949843e-06
6286,7.940267e-06
6287,7.930703e-06
6288,7.921150e-06
6289,7.911608e-06
6290,7.902078e-06
6291,7.892560e-06
6292,7.883053e-06
6293,7.873558e-06
6294,7.864074e-06
6295,7.854601e-06
6296,7.845140e-06
6297,7.835690e-06
6298,7.826251e-06
6299,7.816824e-06
6300,7.807409e-06
6301,7.798004e-06
6302,7.788611e-06
6303,7.779230e-06
6304,7.769859e-06
6305,7.760500e-06
6306,7.751152e-06
6307,7.741816e-06
6308,7.732490e-06
6309,7.723176e-06
6310,7.713873e-06
6311,7.704581e-06
6312,7.695301e-06
6313,7.686032e-06
6314,7.676773e-06
6315,7.667526e-06
6316,7.658291e-06
6317,7.649066e-06
6318,7.639852e-06
6319,7.630650e-06
6320,7.621458e-06
6321,7.612278e-06
6322,7.603108e-06
6323,7.593950e-06
6324,7.584803e-06
6325,7.575667e-06
6326,7.566542e-06
6327,7.557427e-06
6328,7.548324e-06
6329,7.539232e-06
6330,7.530150e-06
6331,7.521080e-06
6332,7.512021e-06
6333,7.502972e-06
6334,7.493934e-06
6335,7.484908e-06
6336,7.475892e-06
6337,7.466887e-06
6338,7.457892e-06
6339,7.448909e-06
6340,7.439937e-06
6341,7.430975e-06
6342,7.422024e-06
6343,7.413084e-06
6344,7.404154e-06
6345,7.395236e-06
6346,7.386328e-06
6347,7.377431e-06
6348,7.368544e-06
6349,7.359668e-06
6350,7.350803e-06
6351,7.341949e-06
6352,7.333105e-06
6353,7.324272e-06
6354,7.315450e-06
6355,7.306638e-06
6356,7.297837e-06
6357,7.289046e-06
6358,7.280266e-06
6359,7.271497e-06
6360,7.262738e-06
6361,7.253990e-06
6362,7.245252e-06
6363,7.236525e-06
6364,7.227808e-06
6365,7.219102e-06
6366,7.210406e-06
6367,7.201721e-06
6368,7.193046e-06
6369,7.184382e-06
6370,7.175728e-06
6371,7.167085e-06
6372,7.158451e-06
6373,7.149829e-06
6374,7.141217e-06
6375,7.132615e-06
6376,7.124023e-06
6377,7.115442e-06
6378,7.106871e-06
6379,7.098310e-06
6380,7.089760e-06
6381,7.081220e-06
6382,7.072691e-06
6383,7.064171e-06
6384,7.055662e-06
6385,7.047163e-06
6386,7.038675e-06
6387,7.030196e-06
6388,7.021728e-06
6389,7.013270e-06
6390,7.004822e-06
6391,6.996385e-06
6392,6.987957e-06
6393,6.979540e-06
6394,6.971133e-06
6395,6.962736e-06
6396,6.954349e-06
6397,6.945972e-06
6398,6.937605e-06
6399,6.929249e-06
6400,6.920902e-06
6401,6.912566e-06
6402,6.904239e-06
6403,6.895923e-06
6404,6.887616e-06
6405,6.879320e-06
6406,6.871033e-06
6407,6.862757e-06
6408,6.854490e-06
6409,6.846234e-06
6410,6.837987e-06
6411,6.829751e-06
6412,6.821524e-06
6413,6.813307e-06
6414,6.805100e-06
6415,6.796903e-06
6416,6.788716e-06
6417,6.780539e-06
6418,6.772371e-06
6419,6.764214e-06
6420,6.756066e-06
6421,6.747928e-06
6422,6.739800e-06
6423,6.731681e-06
6424,6.723573e-06
6425,6.715474e-06
6426,6.707385e-06
6427,6.699305e-06
6428,6.691236e-06
6429,6.683176e-06
6430,6.675126e-06
6431,6.667085e-06
6432,6.659054e-06
6433,6.651033e-06
6434,6.643022e-06
6435,6.635020e-06
6436,6.627028e-06
6437,6.619045e-06
6438,6.611072e-06
6439,6.603109e-06
6440,6.595155e-06
6441,6.587211e-06
6442,6.579277e-06
6443,6.571352e-06
6444,6.563436e-06
6445,6.555530e-06
6446,6.547634e-06
6447,6.539747e-06
6448,6.531869e-06
6449,6.524001e-06
6450,6.516143e-06
6451,6.508294e-06
6452,6.500454e-06
6453,6.492624e-06
6454,6.484804e-06
6455,6.476993e-06
6456,6.469191e-06
6457,6.461398e-06
6458,6.453615e-06
6459,6.445842e-06
6460,6.438077e-06
6461,6.430322e-06
6462,6.422577e-06
6463,6.414840e-06
6464,6.407114e-06
6465,6.399396e-06
6466,6.391688e-06
6467,6.383988e-06
6468,6.376299e-06
6469,6.368618e-06
6470,6.360947e-06
6471,6.353285e-06
6472,6.345632e-06
6473,6.337988e-06
6474,6.330354e-06
6475,6.322729e-06
6476,6.315113e-06
6477,6.307506e-06
6478,6.299908e-06
6479,6.292320e-06
6480,6.284740e-06
6481,6.277170e-06
6482,6.269609e-06
6483,6.262057e-06
6484,6.254514e-06
6485,6.246980e-06
6486,6.239456e-06
6487,6.231940e-06
6488,6.224433e-06
6489,6.216936e-06
6490,6.209447e-06
6491,6.201967e-06
6492,6.194497e-06
6493,6.187035e-06
6494,6.179583e-06
6495,6.172139e-06
6496,6.164705e-06
6497,6.157279e-06
6498,6.149862e-06
6499,6.142454e-06
6500,6.135056e-06
6501,6.127666e-06
6502,6.120285e-06
6503,6.112912e-06
6504,6.105549e-06
6505,6.098195e-06
6506,6.090849e-06
6507,6.083513e-06
6508,6.076185e-06
6509,6.068866e-06
6510,6.061555e-06
6511,6.054254e-06
6512,6.046961e-06
6513,6.039678e-06
6514,6.032403e-06
6515,6.025136e-06
6516,6.017879e-06
6517,6.010630e-06
6518,6.003390e-06
6519,5.996159e-06
6520,5.988936e-06
6521,5.981722e-06
6522,5.974517e-06
6523,5.967320e-06
6524,5.960132e-06
6525,5.952953e-06
6526,5.945782e-06
6527,5.938620e-06
6528,5.931467e-06
6529,5.924322e-06
6530,5.917186e-06
6531,5.910059e-06
6532,5.902940e-06
6533,5.895830e-06
6534,5.888728e-06
6535,5.881635e-06
6536,5.874550e-06
6537,5.867474e-06
6538,5.860406e-06
6539,5.853347e-06
6540,5.846296e-06
6541,5.839254e-06
6542,5.832221e-06
6543,5.825195e-06
6544,5.818179e-06
6545,5.811170e-06
6546,5.804171e-06
6547,5.797179e-06
6548,5.790196e-06
6549,5.783222e-06
6550,5.776256e-06
6551,5.769298e-06
6552,5.762348e-06
6553,5.755407e-06
6554,5.748475e-06
6555,5.741551e-06
6556,5.734635e-06
6557,5.727727e-06
6558,5.720828e-06
6559,5.713937e-06
6560,5.707054e-06
6561,5.700180e-06
6562,5.693313e-06
6563,5.686456e-06
6564,5.679606e-06
6565,5.672765e-06
6566,5.665932e-06
6567,5.659107e-06
6568,5.652290e-06
6569,5.645482e-06
6570,5.638681e-06
6571,5.631889e-06
6572,5.625106e-06
6573,5.618330e-06
6574,5.611562e-06
6575,5.604803e-06
6576,5.598052e-06
6577,5.591309e-06
6578,5.584574e-06
6579,5.577847e-06
6580,5.571128e-06
6581,5.564417e-06
6582,5.557715e-06
6583,5.551020e-06
6584,5.544334e-06
6585,5.537655e-06
6586,5.530985e-06
6587,5.524323e-06
6588,5.517669e-06
6589,5.511022e-06
6590,5.504384e-06
6591,5.497754e-06
6592,5.491131e-06
6593,5.484517e-06
6594,5.477911e-06
6595,5.471312e-06
6596,5.464722e-06
6597,5.458139e-06
6598,5.451565e-06
6599,5.444998e-06
6600,5.438439e-06
6601,5.431889e-06
6602,5.425346e-06
6603,5.418811e-06
6604,5.412283e-06
6605,5.405764e-06
6606,5.399253e-06
6607,5.392749e-06
6608,5.386253e-06
6609,5.379765e-06
6610,5.373285e-06
6611,5.366813e-06
6612,5.360348e-06
6613,5.353891e-06
6614,5.347442e-06
6615,5.341001e-06
6616,5.334568e-06
6617,5.328142e-06
6618,5.321724e-06
6619,5.315314e-06
6620,5.308911e-06
6621,5.302516e-06
6622,5.296129e-06
6623,5.289750e-06
6624,5.283378e-06
6625,5.277014e-06
6626,5.270658e-06
6627,5.264309e-06
6628,5.257968e-06
6629,5.251634e-06
6630,5.245309e-06
6631,5.238990e-06
6632,5.232680e-06
6633,5.226377e-06
6634,5.220081e-06
6635,5.213794e-06
6636,5.207513e-06
6637,5.201241e-06
6638,5.194975e-06
6639,5.188718e-06
6640,5.182468e-06
6641,5.176225e-06
6642,5.169990e-06
6643,5.163763e-06
6644,5.157543e-06
6645,5.151330e-06
6646,5.145125e-06
6647,5.138928e-06
6648,5.132738e-06
6649,5.126555e-06
6650,5.120380e-06
6651,5.114212e-06
6652,5.108052e-06
6653,5.101899e-06
6654,5.095754e-06
6655,5.089616e-06
6656,5.083485e-06
6657,5.077362e-06
6658,5.071246e-06
6659,5.065137e-06
6660,5.059036e-06
6661,5.052942e-06
6662,5.046856e-06
6663,5.040777e-06
6664,5.034705e-06
6665,5.028640e-06
6666,5.022583e-06
6667,5.016533e-06
6668,5.010490e-06
6669,5.004455e-06
6670,4.998427e-06
6671,4.992406e-06
6672,4.986393e-06
6673,4.980386e-06
6674,4.974387e-06
6675,4.968395e-06
6676,4.962411e-06
6677,4.956433e-06
6678,4.950463e-06
6679,4.944500e-06
6680,4.938544e-06
6681,4.932595e-06
6682,4.926654e-06
6683,4.920720e-06
6684,4.914792e-06
6685,4.908872e-06
6686,4.902959e-06
6687,4.897053e-06
6688,4.891155e-06
6689,4.885263e-06
6690,4.879379e-06
6691,4.873501e-06
6692,4.867631e-06
6693,4.861768e-06
6694,4.855911e-06
6695,4.850062e-06
6696,4.844220e-06
6697,4.838385e-06
6698,4.832557e-06
6699,4.826736e-06
6700,4.820922e-06
6701,4.815115e-06
6702,4.809315e-06
6703,4.803522e-06
6704,4.797736e-06
6705,4.791957e-06
6706,4.786185e-06
6707,4.780419e-06
6708,4.774661e-06
6709,4.768910e-06
6710,4.763166e-06
6711,4.757428e-06
6712,4.751698e-06
6713,4.745974e-06
6714,4.740257e-06
6715,4.734547e-06
6716,4.728844e-06
6717,4.723148e-06
6718,4.717459e-06
6719,4.711777e-06
6720,4.706101e-06
6721,4.700432e-06
6722,4.694771e-06
6723,4.689115e-06
6724,4.683467e-06
6725,4.677826e-06
6726,4.672191e-06
6727,4.666563e-06
6728,4.660942e-06
6729,4.655328e-06
6730,4.649720e-06
6731,4.644120e-06
6732,4.638526e-06
6733,4.632938e-06
6734,4.627358e-06
6735,4.621784e-06
6736,4.616217e-06
6737,4.610656e-06
6738,4.605102e-06
6739,4.599555e-06
6740,4.594015e-06
6741,4.588481e-06
6742,4.582954e-06
6743,4.577434e-06
6744,4.571920e-06
6745,4.566413e-06
6746,4.560913e-06
6747,4.555419e-06
6748,4.549932e-06
6749,4.544451e-06
6750,4.538977e-06
6751,4.533510e-06
6752,4.528049e-06
6753,4.522595e-06
6754,4.517147e-06
6755,4.511706e-06
6756,4.506271e-06
6757,4.500843e-06
6758,4.495422e-06
6759,4.490007e-06
6760,4.484599e-06
6761,4.479197e-06
6762,4.473801e-06
6763,4.468412e-06
6764,4.463030e-06
6765,4.457654e-06
6766,4.452285e-06
6767,4.446922e-06
6768,4.441565e-06
6769,4.436215e-06
6770,4.430871e-06
6771,4.425534e-06
6772,4.420204e-06
6773,4.414879e-06
6774,4.409561e-06
6775,4.404250e-06
6776,4.398945e-06
6777,4.393646e-06
6778,4.388354e-06
6779,4.383068e-06
6780,4.377788e-06
6781,4.372515e-06
6782,4.367248e-06
6783,4.361987e-06
6784,4.356733e-06
6785,4.351485e-06
6786,4.346244e-06
6787,4.341009e-06
6788,4.335780e-06
6789,4.330557e-06
6790,4.325341e-06
6791,4.320131e-06
6792,4.314927e-06
6793,4.309729e-06
6794,4.304538e-06
6795,4.299353e-06
6796,4.294174e-06
6797,4.289002e-06
6798,4.283835e-06
6799,4.278675e-06
6800,4.273521e-06
6801,4.268374e-06
6802,4.263232e-06
6803,4.258097e-06
6804,4.252968e-06
6805,4.247845e-06
6806,4.242728e-06
6807,4.237618e-06
6808,4.232514e-06
6809,4.227415e-06
6810,4.222323e-06
6811,4.217237e-06
6812,4.212157e-06
6813,4.207084e-06
6814,4.202016e-06
6815,4.196955e-06
6816,4.191899e-06
6817,4.186850e-06
6818,4.181807e-06
6819,4.176769e-06
6820,4.171738e-06
6821,4.166713e-06
6822,4.161694e-06
6823,4.156681e-06
6824,4.151674e-06
6825,4.146673e-06
6826,4.141679e-06
6827,4.136690e-06
6828,4.131707e-06
6829,4.126730e-06
6830,4.121759e-06
6831,4.116795e-06
6832,4.111836e-06
6833,4.106883e-06
6834,4.101936e-06
6835,4.096995e-06
6836,4.092060e-06
6837,4.087131e-06
6838,4.082208e-06
6839,4.077290e-06
6840,4.072379e-06
6841,4.067474e-06
6842,4.062574e-06
6843,4.057681e-06
6844,4.052793e-06
6845,4.047911e-06
6846,4.043036e-06
6847,4.038166e-06
6848,4.033301e-06
6849,4.028443e-06
6850,4.023591e-06
6851,4.018744e-06
6852,4.013903e-06
6853,4.009068e-06
6854,4.004239e-06
6855,3.999416e-06
6856,3.994599e-06
6857,3.989787e-06
6858,3.984981e-06
6859,3.980181e-06
6860,3.975387e-06
6861,3.970598e-06
6862,3.965815e-06
6863,3.961038e-06
6864,3.956267e-06
6865,3.951502e-06
6866,3.946742e-06
6867,3.941988e-06
6868,3.937239e-06
6869,3.932497e-06
6870,3.927760e-06
6871,3.923029e-06
6872,3.918303e-06
6873,3.913584e-06
6874,3.908870e-06
6875,3.904161e-06
6876,3.899458e-06
6877,3.894761e-06
6878,3.890070e-06
6879,3.885384e-06
6880,3.880704e-06
6881,3.876030e-06
6882,3.871361e-06
6883,3.866698e-06
6884,3.862040e-06
6885,3.857388e-06
6886,3.852742e-06
6887,3.848101e-06
6888,3.843466e-06
6889,3.838836e-06
6890,3.834212e-06
6891,3.829593e-06
6892,3.824980e-06
6893,3.820373e-06
6894,3.815771e-06
6895,3.811175e-06
6896,3.806584e-06
6897,3.801999e-06
6898,3.797419e-06
6899,3.792845e-06
6900,3.788277e-06
6901,3.783714e-06
6902,3.779156e-06
6903,3.774604e-06
6904,3.770057e-06
6905,3.765516e-06
6906,3.760980e-06
6907,3.756450e-06
6908,3.751925e-06
6909,3.747406e-06
6910,3.742892e-06
6911,3.738383e-06
6912,3.733880e-06
6913,3.729383e-06
6914,3.724890e-06
6915,3.720404e-06
6916,3.715922e-06
6917,3.711446e-06
6918,3.706976e-06
6919,3.702510e-06
6920,3.698051e-06
6921,3.693596e-06
6922,3.689147e-06
6923,3.684703e-06
6924,3.680265e-06
6925,3.675832e-06
6926,3.671404e-06
6927,3.666982e-06
6928,3.662565e-06
6929,3.658153e-06
6930,3.653747e-06
6931,3.649346e-06
6932,3.644950e-06
6933,3.640559e-06
6934,3.636174e-06
6935,3.631794e-06
6936,3.627419e-06
6937,3.623050e-06
6938,3.618686e-06
6939,3.614327e-06
6940,3.609973e-06
6941,3.605625e-06
6942,3.601282e-06
6943,3.596944e-06
6944,3.592611e-06
6945,3.588284e-06
6946,3.583962e-06
6947,3.579645e-06
6948,3.575333e-06
6949,3.571026e-06
6950,3.566725e-06
6951,3.562428e-06
6952,3.558137e-06
6953,3.553851e-06
6954,3.549571e-06
6955,3.545295e-06
6956,3.541025e-06
6957,3.536759e-06
6958,3.532499e-06
6959,3.528244e-06
6960,3.523994e-06
6961,3.519749e-06
6962,3.515510e-06
6963,3.511275e-06
6964,3.507045e-06
6965,3.502821e-06
6966,3.498602e-06
6967,3.494388e-06
6968,3.490178e-06
6969,3.485974e-06
6970,3.481775e-06
6971,3.477581e-06
6972,3.473392e-06
6973,3.469209e-06
6974,3.465030e-06
6975,3.460856e-06
6976,3.456687e-06
6977,3.452524e-06
6978,3.448365e-06
6979,3.444211e-06
6980,3.440062e-06
6981,3.435919e-06
6982,3.431780e-06
6983,3.427646e-06
6984,3.423518e-06
6985,3.419394e-06
6986,3.415275e-06
6987,3.411161e-06
6988,3.407052e-06
6989,3.402948e-06
6990,3.398849e-06
6991,3.394755e-06
6992,3.390666e-06
6993,3.386582e-06
6994,3.382503e-06
6995,3.378428e-06
6996,3.374359e-06
6997,3.370294e-06
6998,3.366235e-06
6999,3.362180e-06
7000,3.358130e-06
7001,3.354085e-06
7002,3.350045e-06
7003,3.346009e-06
7004,3.341979e-06
7005,3.337953e-06
7006,3.333933e-06
7007,3.329917e-06
7008,3.325906e-06
7009,3.321900e-06
7010,3.317898e-06
7011,3.313902e-06
7012,3.309910e-06
7013,3.305923e-06
7014,3.301941e-06
7015,3.297964e-06
7016,3.293991e-06
7017,3.290023e-06
7018,3.286060e-06
7019,3.282102e-06
7020,3.278149e-06
7021,3.274200e-06
7022,3.270256e-06
7023,3.266317e-06
7024,3.262382e-06
7025,3.258453e-06
7026,3.254528e-06
7027,3.250608e-06
7028,3.246692e-06
7029,3.242781e-06
7030,3.238875e-06
7031,3.234974e-06
7032,3.231077e-06
7033,3.227185e-06
7034,3.223298e-06
7035,3.219415e-06
7036,3.215537e-06
7037,3.211664e-06
7038,3.207796e-06
7039,3.203932e-06
7040,3.200072e-06
7041,3.196218e-06
7042,3.192368e-06
7043,3.188522e-06
7044,3.184682e-06
7045,3.180846e-06
7046,3.177014e-06
7047,3.173187e-06
7048,3.169365e-06
7049,3.165547e-06
7050,3.161734e-06
7051,3.157926e-06
7052,3.154122e-06
7053,3.150323e-06
7054,3.146528e-06
7055,3.142738e-06
7056,3.138952e-06
7057,3.135171e-06
7058,3.131395e-06
7059,3.127623e-06
7060,3.123856e-06
7061,3.120093e-06
7062,3.116335e-06
7063,3.112581e-06
7064,3.108832e-06
7065,3.105087e-06
7066,3.101347e-06
7067,3.097611e-06
7068,3.093880e-06
7069,3.090153e-06
7070,3.086431e-06
7071,3.082713e-06
7072,3.079000e-06
7073,3.075291e-06
7074,3.071587e-06
7075,3.067887e-06
7076,3.064191e-06
7077,3.060500e-06
7078,3.056814e-06
7079,3.053132e-06
7080,3.049454e-06
7081,3.045781e-06
7082,3.042112e-06
7083,3.038448e-06
7084,3.034788e-06
7085,3.031132e-06
7086,3.027481e-06
7087,3.023835e-06
7088,3.020192e-06
7089,3.016554e-06
7090,3.012921e-06
7091,3.009291e-06
7092,3.005667e-06
7093,3.002046e-06
7094,2.998430e-06
7095,2.994818e-06
7096,2.991211e-06
7097,2.987608e-06
7098,2.984009e-06
7099,2.980415e-06
7100,2.976825e-06
7101,2.973239e-06
7102,2.969658e-06
7103,2.966081e-06
7104,2.962508e-06
7105,2.958939e-06
7106,2.955375e-06
7107,2.951815e-06
7108,2.948260e-06
7109,2.944708e-06
7110,2.941161e-06
7111,2.937619e-06
7112,2.934080e-06
7113,2.930546e-06
7114,2.927016e-06
7115,2.923490e-06
7116,2.919969e-06
7117,2.916452e-06
7118,2.912939e-06
7119,2.909430e-06
7120,2.905925e-06
7121,2.902425e-06
7122,2.898929e-06
7123,2.895437e-06
7124,2.891949e-06
7125,2.888466e-06
7126,2.884987e-06
7127,2.881511e-06
7128,2.878041e-06
7129,2.874574e-06
7130,2.871111e-06
7131,2.867653e-06
7132,2.864199e-06
7133,2.860749e-06
7134,2.857303e-06
7135,2.853861e-06
7136,2.850423e-06
7137,2.846990e-06
7138,2.843561e-06
7139,2.840135e-06
7140,2.836714e-06
7141,2.833297e-06
7142,2.829885e-06
7143,2.826476e-06
7144,2.823071e-06
7145,2.819671e-06
7146,2.816274e-06
7147,2.812882e-06
7148,2.809494e-06
7149,2.806110e-06
7150,2.802729e-06
7151,2.799353e-06
7152,2.795982e-06
7153,2.792614e-06
7154,2.789250e-06
7155,2.785890e-06
7156,2.782534e-06
7157,2.779183e-06
7158,2.775835e-06
7159,2.772491e-06
7160,2.769152e-06
7161,2.765816e-06
7162,2.762485e-06
7163,2.759157e-06
7164,2.755834e-06
7165,2.752514e-06
7166,2.749199e-06
7167,2.745887e-06
7168,2.742579e-06
7169,2.739276e-06
7170,2.735976e-06
7171,2.732681e-06
7172,2.729389e-06
7173,2.726101e-06
7174,2.722818e-06
7175,2.719538e-06
7176,2.716262e-06
7177,2.712990e-06
7178,2.709722e-06
7179,2.706458e-06
7180,2.703198e-06
7181,2.699942e-06
7182,2.696690e-06
7183,2.693442e-06
7184,2.690197e-06
7185,2.686957e-06
7186,2.683720e-06
7187,2.680488e-06
7188,2.677259e-06
7189,2.674034e-06
7190,2.670813e-06
7191,2.667596e-06
7192,2.664383e-06
7193,2.661173e-06
7194,2.657968e-06
7195,2.654766e-06
7196,2.651568e-06
7197,2.648375e-06
7198,2.645184e-06
7199,2.641998e-06
7200,2.638816e-06
7201,2.635637e-06
7202,2.632462e-06
7203,2.629292e-06
7204,2.626124e-06
7205,2.622961e-06
7206,2.619802e-06
7207,2.616646e-06
7208,2.613494e-06
7209,2.610346e-06
7210,2.607202e-06
7211,2.604061e-06
7212,2.600925e-06
7213,2.597792e-06
7214,2.594663e-06
7215,2.591537e-06
7216,2.588416e-06
7217,2.585298e-06
7218,2.582184e-06
7219,2.579073e-06
7220,2.575967e-06
7221,2.572864e-06
7222,2.569765e-06
7223,2.566669e-06
7224,2.563578e-06
7225,2.560490e-06
7226,2.557405e-06
7227,2.554325e-06
7228,2.551248e-06
7229,2.548175e-06
7230,2.545106e-06
7231,2.542040e-06
7232,2.538978e-06
7233,2.535920e-06
7234,2.532865e-06
7235,2.529814e-06
7236,2.526767e-06
7237,2.523723e-06
7238,2.520683e-06
7239,2.517647e-06
7240,2.514614e-06
7241,2.511585e-06
7242,2.508560e-06
7243,2.505538e-06
7244,2.502520e-06
7245,2.499506e-06
7246,2.496495e-06
7247,2.493488e-06
7248,2.490485e-06
7249,2.487485e-06
7250,2.484488e-06
7251,2.481496e-06
7252,2.478507e-06
7253,2.475521e-06
7254,2.472539e-06
7255,2.469561e-06
7256,2.466586e-06
7257,2.463615e-06
7258,2.460648e-06
7259,2.457684e-06
7260,2.454723e-06
7261,2.451767e-06
7262,2.448813e-06
7263,2.445864e-06
7264,2.442917e-06
7265,2.439975e-06
7266,2.437036e-06
7267,2.434100e-06
7268,2.431168e-06
7269,2.428240e-06
7270,2.425315e-06
7271,2.422393e-06
7272,2.419476e-06
7273,2.416561e-06
7274,2.413650e-06
7275,2.410743e-06
7276,2.407839e-06
7277,2.404939e-06
7278,2.402042e-06
7279,2.399149e-06
7280,2.396259e-06
7281,2.393372e-06
7282,2.390489e-06
7283,2.387610e-06
7284,2.384734e-06
7285,2.381861e-06
7286,2.378992e-06
7287,2.376127e-06
7288,2.373265e-06
7289,2.370406e-06
7290,2.367551e-06
7291,2.364699e-06
7292,2.361851e-06
7293,2.359006e-06
7294,2.356164e-06
7295,2.353326e-06
7296,2.350491e-06
7297,2.347660e-06
7298,2.344832e-06
7299,2.342008e-06
7300,2.339187e-06
7301,2.336369e-06
7302,2.333555e-06
7303,2.330744e-06
7304,2.327936e-06
7305,2.325132e-06
7306,2.322332e-06
7307,2.319534e-06
7308,2.316740e-06
7309,2.313950e-06
7310,2.311162e-06
7311,2.308378e-06
7312,2.305598e-06
7313,2.302821e-06
7314,2.300047e-06
7315,2.297276e-06
7316,2.294509e-06
7317,2.291745e-06
7318,2.288985e-06
7319,2.286228e-06
7320,2.283474e-06
7321,2.280723e-06
7322,2.277976e-06
7323,2.275232e-06
7324,2.272491e-06
7325,2.269754e-06
7326,2.267020e-06
7327,2.264289e-06
7328,2.261562e-06
7329,2.258838e-06
7330,2.256117e-06
7331,2.253399e-06
7332,2.250685e-06
7333,2.247974e-06
7334,2.245266e-06
7335,2.242562e-06
7336,2.239860e-06
7337,2.237162e-06
7338,2.234468e-06
7339,2.231776e-06
7340,2.229088e-06
7341,2.226403e-06
7342,2.223721e-06
7343,2.221042e-06
7344,2.218367e-06
7345,2.215695e-06
7346,2.213026e-06
7347,2.210360e-06
7348,2.207698e-06
7349,2.205039e-06
7350,2.202383e-06
7351,2.199730e-06
7352,2.197080e-06
7353,2.194434e-06
7354,2.191790e-06
7355,2.189150e-06
7356,2.186513e-06
7357,2.183880e-06
7358,2.181249e-06
7359,2.178622e-06
7360,2.175997e-06
7361,2.173376e-06
7362,2.170758e-06
7363,2.168144e-06
7364,2.165532e-06
7365,2.162923e-06
7366,2.160318e-06
7367,2.157716e-06
7368,2.155117e-06
7369,2.152521e-06
7370,2.149928e-06
7371,2.147338e-06
7372,2.144752e-06
7373,2.142168e-06
7374,2.139588e-06
7375,2.137011e-06
7376,2.134437e-06
7377,2.131866e-06
7378,2.129298e-06
7379,2.126733e-06
7380,2.124171e-06
7381,2.121613e-06
7382,2.119057e-06
7383,2.116504e-06
7384,2.113955e-06
7385,2.111409e-06
7386,2.108865e-06
7387,2.106325e-06
7388,2.103788e-06
7389,2.101254e-06
7390,2.098723e-06
7391,2.096195e-06
7392,2.093670e-06
7393,2.091148e-06
7394,2.088629e-06
7395,2.086113e-06
7396,2.083600e-06
7397,2.081091e-06
7398,2.078584e-06
7399,2.076080e-06
7400,2.073579e-06
7401,2.071082e-06
7402,2.068587e-06
7403,2.066095e-06
7404,2.063607e-06
7405,2.061121e-06
7406,2.058638e-06
7407,2.056158e-06
7408,2.053682e-06
7409,2.051208e-06
7410,2.048737e-06
7411,2.046269e-06
7412,2.043805e-06
7413,2.041343e-06
7414,2.038884e-06
7415,2.036428e-06
7416,2.033975e-06
7417,2.031525e-06
7418,2.029078e-06
7419,2.026634e-06
7420,2.024193e-06
7421,2.021754e-06
7422,2.019319e-06
7423,2.016887e-06
7424,2.014457e-06
7425,2.012031e-06
7426,2.009607e-06
7427,2.007187e-06
7428,2.004769e-06
7429,2.002354e-06
7430,1.999942e-06
7431,1.997533e-06
7432,1.995127e-06
7433,1.992724e-06
7434,1.990323e-06
7435,1.987926e-06
7436,1.985531e-06
7437,1.983140e-06
7438,1.980751e-06
7439,1.978365e-06
7440,1.975982e-06
7441,1.973602e-06
7442,1.971225e-06
7443,1.968850e-06
7444,1.966479e-06
7445,1.964110e-06
7446,1.961744e-06
7447,1.959381e-06
7448,1.957021e-06
7449,1.954664e-06
7450,1.952309e-06
7451,1.949957e-06
7452,1.947609e-06
7453,1.945263e-06
7454,1.942919e-06
7455,1.940579e-06
7456,1.938242e-06
7457,1.935907e-06
7458,1.933575e-06
7459,1.931246e-06
7460,1.928920e-06
7461,1.926596e-06
7462,1.924276e-06
7463,1.921958e-06
7464,1.919643e-06
7465,1.917330e-06
7466,1.915021e-06
7467,1.912714e-06
7468,1.910410e-06
7469,1.908109e-06
7470,1.905811e-06
7471,1.903515e-06
7472,1.901222e-06
7473,1.898932e-06
7474,1.896645e-06
7475,1.894360e-06
7476,1.892078e-06
7477,1.889799e-06
7478,1.887523e-06
7479,1.885249e-06
7480,1.882978e-06
7481,1.880710e-06
7482,1.878445e-06
7483,1.876182e-06
7484,1.873922e-06
7485,1.871665e-06
7486,1.869410e-06
7487,1.867159e-06
7488,1.864910e-06
7489,1.862663e-06
7490,1.860420e-06
7491,1.858179e-06
7492,1.855940e-06
7493,1.853705e-06
7494,1.851472e-06
7495,1.849242e-06
7496,1.847014e-06
7497,1.844789e-06
7498,1.842567e-06
7499,1.840348e-06
7500,1.838131e-06
7501,1.835917e-06
7502,1.833705e-06
7503,1.831497e-06
7504,1.829291e-06
7505,1.827087e-06
7506,1.824886e-06
7507,1.822688e-06
7508,1.820493e-06
7509,1.818300e-06
7510,1.816110e-06
7511,1.813922e-06
7512,1.811737e-06
7513,1.809555e-06
7514,1.807375e-06
7515,1.805198e-06
7516,1.803024e-06
7517,1.800852e-06
7518,1.798682e-06
7519,1.796516e-06
7520,1.794352e-06
7521,1.792191e-06
7522,1.790032e-06
7523,1.787876e-06
7524,1.785722e-06
7525,1.783571e-06
7526,1.781423e-06
7527,1.779277e-06
7528,1.777134e-06
7529,1.774993e-06
7530,1.772855e-06
7531,1.770719e-06
7532,1.768587e-06
7533,1.766456e-06
7534,1.764328e-06
7535,1.762203e-06
7536,1.760081e-06
7537,1.757960e-06
7538,1.755843e-06
7539,1.753728e-06
7540,1.751616e-06
7541,1.749506e-06
7542,1.747398e-06
7543,1.745293e-06
7544,1.743191e-06
7545,1.741091e-06
7546,1.738994e-06
7547,1.736899e-06
7548,1.734807e-06
7549,1.732718e-06
7550,1.730631e-06
7551,1.728546e-06
7552,1.726464e-06
7553,1.724384e-06
7554,1.722307e-06
7555,1.720233e-06
7556,1.718160e-06
7557,1.716091e-06
7558,1.714024e-06
7559,1.711959e-06
7560,1.709897e-06
7561,1.707837e-06
7562,1.705780e-06
7563,1.703725e-06
7564,1.701673e-06
7565,1.699624e-06
7566,1.697576e-06
7567,1.695531e-06
7568,1.693489e-06
7569,1.691449e-06
7570,1.689412e-06
7571,1.687377e-06
7572,1.685344e-06
7573,1.683314e-06
7574,1.681287e-06
7575,1.679261e-06
7576,1.677239e-06
7577,1.675218e-06
7578,1.673200e-06
7579,1.671185e-06
7580,1.669172e-06
7581,1.667161e-06
7582,1.665153e-06
7583,1.663148e-06
7584,1.661144e-06
7585,1.659143e-06
7586,1.657145e-06
7587,1.655149e-06
7588,1.653155e-06
7589,1.651164e-06
7590,1.649175e-06
7591,1.647188e-06
7592,1.645204e-06
7593,1.643222e-06
7594,1.641243e-06
7595,1.639266e-06
7596,1.637292e-06
7597,1.635319e-06
7598,1.633350e-06
7599,1.631382e-06
7600,1.629417e-06
7601,1.627454e-06
7602,1.625494e-06
7603,1.623536e-06
7604,1.621580e-06
7605,1.619627e-06
7606,1.617676e-06
7607,1.615728e-06
7608,1.613781e-06
7609,1.611838e-06
7610,1.609896e-06
7611,1.607957e-06
7612,1.606020e-06
7613,1.604085e-06
7614,1.602153e-06
7615,1.600223e-06
7616,1.598296e-06
7617,1.596371e-06
7618,1.594448e-06
7619,1.592527e-06
7620,1.590609e-06
7621,1.588693e-06
7622,1.586779e-06
7623,1.584868e-06
7624,1.582959e-06
7625,1.581052e-06
7626,1.579148e-06
7627,1.577246e-06
7628,1.575346e-06
7629,1.573448e-06
7630,1.571553e-06
7631,1.569660e-06
7632,1.567769e-06
7633,1.565881e-06
7634,1.563995e-06
7635,1.562111e-06
7636,1.560229e-06
7637,1.558350e-06
7638,1.556473e-06
7639,1.554598e-06
7640,1.552725e-06
7641,1.550855e-06
7642,1.548987e-06
7643,1.547121e-06
7644,1.545257e-06
7645,1.543396e-06
7646,1.541537e-06
7647,1.539680e-06
7648,1.537825e-06
7649,1.535973e-06
7650,1.534123e-06
7651,1.532275e-06
7652,1.530429e-06
7653,1.528586e-06
7654,1.526745e-06
7655,1.524906e-06
7656,1.523069e-06
7657,1.521234e-06
7658,1.519402e-06
7659,1.517572e-06
7660,1.515744e-06
7661,1.513918e-06
7662,1.512094e-06
7663,1.510273e-06
7664,1.508454e-06
7665,1.506637e-06
7666,1.504822e-06
7667,1.503009e-06
7668,1.501199e-06
7669,1.499391e-06
7670,1.497584e-06
7671,1.495781e-06
7672,1.493979e-06
7673,1.492179e-06
7674,1.490382e-06
7675,1.488587e-06
7676,1.486794e-06
7677,1.485003e-06
7678,1.483214e-06
7679,1.481427e-06
7680,1.479643e-06
7681,1.477861e-06
7682,1.476080e-06
7683,1.474302e-06
7684,1.472527e-06
7685,1.470753e-06
7686,1.468981e-06
7687,1.467212e-06
7688,1.465444e-06
7689,1.463679e-06
7690,1.461916e-06
7691,1.460155e-06
7692,1.458396e-06
7693,1.456640e-06
7694,1.454885e-06
7695,1.453133e-06
7696,1.451382e-06
7697,1.449634e-06
7698,1.447888e-06
7699,1.446144e-06
7700,1.444402e-06
7701,1.442662e-06
7702,1.440924e-06
7703,1.439189e-06
7704,1.437455e-06
7705,1.435724e-06
7706,1.433994e-06
7707,1.432267e-06
7708,1.430542e-06
7709,1.428819e-06
7710,1.427097e-06
7711,1.425378e-06
7712,1.423662e-06
7713,1.421947e-06
7714,1.420234e-06
7715,1.418523e-06
7716,1.416814e-06
7717,1.415108e-06
7718,1.413403e-06
7719,1.411701e-06
7720,1.410000e-06
7721,1.408302e-06
7722,1.406606e-06
7723,1.404911e-06
7724,1.403219e-06
7725,1.401529e-06
7726,1.399841e-06
7727,1.398154e-06
7728,1.396470e-06
7729,1.394788e-06
7730,1.393108e-06
7731,1.391430e-06
7732,1.389754e-06
7733,1.388080e-06
7734,1.386408e-06
7735,1.384738e-06
7736,1.383070e-06
7737,1.381404e-06
7738,1.379740e-06
7739,1.378078e-06
7740,1.376418e-06
7741,1.374760e-06
7742,1.373104e-06
7743,1.371450e-06
7744,1.369798e-06
7745,1.368148e-06
7746,1.366500e-06
7747,1.364854e-06
7748,1.363210e-06
7749,1.361568e-06
7750,1.359928e-06
7751,1.358290e-06
7752,1.356654e-06
7753,1.355020e-06
7754,1.353388e-06
7755,1.351757e-06
7756,1.350129e-06
7757,1.348503e-06
7758,1.346878e-06
7759,1.345256e-06
7760,1.343636e-06
7761,1.342017e-06
7762,1.340401e-06
7763,1.338786e-06
7764,1.337174e-06
7765,1.335563e-06
7766,1.333954e-06
7767,1.332347e-06
7768,1.330742e-06
7769,1.329139e-06
7770,1.327538e-06
7771,1.325939e-06
7772,1.324342e-06
7773,1.322747e-06
7774,1.321154e-06
7775,1.319562e-06
7776,1.317973e-06
7777,1.316385e-06
7778,1.314800e-06
7779,1.313216e-06
7780,1.311634e-06
7781,1.310054e-06
7782,1.308476e-06
7783,1.306900e-06
7784,1.305326e-06
7785,1.303753e-06
7786,1.302183e-06
7787,1.300615e-06
7788,1.299048e-06
7789,1.297483e-06
7790,1.295920e-06
7791,1.294359e-06
7792,1.292800e-06
7793,1.291243e-06
7794,1.289688e-06
7795,1.288134e-06
7796,1.286582e-06
7797,1.285033e-06
7798,1.283485e-06
7799,1.281939e-06
7800,1.280395e-06
7801,1.278852e-06
7802,1.277312e-06
7803,1.275773e-06
7804,1.274237e-06
7805,1.272702e-06
7806,1.271169e-06
7807,1.269638e-06
7808,1.268108e-06
7809,1.266581e-06
7810,1.265055e-06
7811,1.263531e-06
7812,1.262009e-06
7813,1.260489e-06
7814,1.258971e-06
7815,1.257454e-06
7816,1.255940e-06
7817,1.254427e-06
7818,1.252916e-06
7819,1.251407e-06
7820,1.249899e-06
7821,1.248394e-06
7822,1.246890e-06
7823,1.245388e-06
7824,1.243888e-06
7825,1.242390e-06
7826,1.240893e-06
7827,1.239398e-06
7828,1.237905e-06
7829,1.236414e-06
7830,1.234925e-06
7831,1.233437e-06
7832,1.231952e-06
7833,1.230468e-06
7834,1.228986e-06
7835,1.227505e-06
7836,1.226027e-06
7837,1.224550e-06
7838,1.223075e-06
7839,1.221602e-06
7840,1.220130e-06
7841,1.218660e-06
7842,1.217193e-06
7843,1.215726e-06
7844,1.214262e-06
7845,1.212799e-06
7846,1.211338e-06
7847,1.209879e-06
7848,1.208422e-06
7849,1.206966e-06
7850,1.205513e-06
7851,1.204060e-06
7852,1.202610e-06
7853,1.201162e-06
7854,1.199715e-06
7855,1.198270e-06
7856,1.196826e-06
7857,1.195385e-06
7858,1.193945e-06
7859,1.192507e-06
7860,1.191070e-06
7861,1.189635e-06
7862,1.188202e-06
7863,1.186771e-06
7864,1.185342e-06
7865,1.183914e-06
7866,1.182488e-06
7867,1.181063e-06
7868,1.179641e-06
7869,1.178220e-06
7870,1.176801e-06
7871,1.175383e-06
7872,1.173967e-06
7873,1.172553e-06
7874,1.171141e-06
7875,1.169730e-06
7876,1.168321e-06
7877,1.166914e-06
7878,1.165508e-06
7879,1.164104e-06
7880,1.162702e-06
7881,1.161302e-06
7882,1.159903e-06
7883,1.158506e-06
7884,1.157110e-06
7885,1.155716e-06
7886,1.154324e-06
7887,1.152934e-06
7888,1.151545e-06
7889,1.150158e-06
7890,1.148773e-06
7891,1.147389e-06
7892,1.146007e-06
7893,1.144626e-06
7894,1.143248e-06
7895,1.141871e-06
7896,1.140495e-06
7897,1.139121e-06
7898,1.137749e-06
7899,1.136379e-06
7900,1.135010e-06
7901,1.133643e-06
7902,1.132277e-06
7903,1.130913e-06
7904,1.129551e-06
7905,1.128190e-06
7906,1.126832e-06
7907,1.125474e-06
7908,1.124119e-06
7909,1.122764e-06
7910,1.121412e-06
7911,1.120061e-06
7912,1.118712e-06
7913,1.117365e-06
7914,1.116019e-06
7915,1.114674e-06
7916,1.113332e-06
7917,1.111991e-06
7918,1.110651e-06
7919,1.109313e-06
7920,1.107977e-06
7921,1.106643e-06
7922,1.105310e-06
7923,1.103978e-06
7924,1.102648e-06
7925,1.101320e-06
7926,1.099994e-06
7927,1.098669e-06
7928,1.097345e-06
7929,1.096023e-06
7930,1.094703e-06
7931,1.093385e-06
7932,1.092068e-06
7933,1.090752e-06
7934,1.089438e-06
7935,1.088126e-06
7936,1.086815e-06
7937,1.085506e-06
7938,1.084199e-06
7939,1.082893e-06
7940,1.081588e-06
7941,1.080285e-06
7942,1.078984e-06
7943,1.077685e-06
7944,1.076386e-06
7945,1.075090e-06
7946,1.073795e-06
7947,1.072501e-06
7948,1.071210e-06
7949,1.069919e-06
7950,1.068630e-06
7951,1.067343e-06
7952,1.066058e-06
7953,1.064773e-06
7954,1.063491e-06
7955,1.062210e-06
7956,1.060930e-06
7957,1.059652e-06
7958,1.058376e-06
7959,1.057101e-06
7960,1.055828e-06
7961,1.054556e-06
7962,1.053286e-06
7963,1.052017e-06
7964,1.050750e-06
7965,1.049484e-06
7966,1.048220e-06
7967,1.046957e-06
7968,1.045696e-06
7969,1.044437e-06
7970,1.043179e-06
7971,1.041922e-06
7972,1.040667e-06
7973,1.039414e-06
7974,1.038162e-06
7975,1.036911e-06
7976,1.035662e-06
7977,1.034415e-06
7978,1.033169e-06
7979,1.031924e-06
7980,1.030681e-06
7981,1.029440e-06
7982,1.028200e-06
7983,1.026961e-06
7984,1.025724e-06
7985,1.024488e-06
7986,1.023254e-06
7987,1.022022e-06
7988,1.020791e-06
7989,1.019561e-06
7990,1.018333e-06
7991,1.017106e-06
7992,1.015881e-06
7993,1.014658e-06
7994,1.013435e-06
7995,1.012215e-06
7996,1.010995e-06
7997,1.009778e-06
7998,1.008561e-06
7999,1.007347e-06
8000,1.006133e-06
8001,1.004921e-06
8002,1.003711e-06
8003,1.002502e-06
8004,1.001294e-06
8005,1.000088e-06
8006,9.988834e-07
