method,iteration,rel_residual
jacobi,1,9.987955e-01
jacobi,2,9.975924e-01
jacobi,3,9.963907e-01
jacobi,4,9.951905e-01
jacobi,5,9.939918e-01
jacobi,6,9.927945e-01
jacobi,7,9.915986e-01
jacobi,8,9.904042e-01
jacobi,9,9.892112e-01
jacobi,10,9.880196e-01
jacobi,11,9.868295e-01
jacobi,12,9.856409e-01
jacobi,13,9.844536e-01
jacobi,14,9.832678e-01
jacobi,15,9.820834e-01
jacobi,16,9.809004e-01
jacobi,17,9.797189e-01
jacobi,18,9.785388e-01
jacobi,19,9.773601e-01
jacobi,20,9.761828e-01
jacobi,21,9.750070e-01
jacobi,22,9.738325e-01
jacobi,23,9.726595e-01
jacobi,24,9.714879e-01
jacobi,25,9.703177e-01
jacobi,26,9.691489e-01
jacobi,27,9.679815e-01
jacobi,28,9.668155e-01
jacobi,29,9.656510e-01
jacobi,30,9.644878e-01
jacobi,31,9.633260e-01
jacobi,32,9.621657e-01
jacobi,33,9.610067e-01
jacobi,34,9.598491e-01
jacobi,35,9.586929e-01
jacobi,36,9.575382e-01
jacobi,37,9.563848e-01
jacobi,38,9.552327e-01
jacobi,39,9.540821e-01
jacobi,40,9.529329e-01
jacobi,41,9.517850e-01
jacobi,42,9.506386e-01
jacobi,43,9.494935e-01
jacobi,44,9.483498e-01
jacobi,45,9.472075e-01
jacobi,46,9.460665e-01
jacobi,47,9.449269e-01
jacobi,48,9.437887e-01
jacobi,49,9.426519e-01
jacobi,50,9.415164e-01
jacobi,51,9.403823e-01
jacobi,52,9.392496e-01
jacobi,53,9.381182e-01
jacobi,54,9.369882e-01
jacobi,55,9.358596e-01
jacobi,56,9.347323e-01
jacobi,57,9.336064e-01
jacobi,58,9.324818e-01
jacobi,59,9.313586e-01
jacobi,60,9.302367e-01
jacobi,61,9.291162e-01
jacobi,62,9.279970e-01
jacobi,63,9.268792e-01
jacobi,64,9.257628e-01
jacobi,65,9.246476e-01
jacobi,66,9.235339e-01
jacobi,67,9.224214e-01
jacobi,68,9.213103e-01
jacobi,69,9.202006e-01
jacobi,70,9.190922e-01
jacobi,71,9.179851e-01
jacobi,72,9.168793e-01
jacobi,73,9.157749e-01
jacobi,74,9.146718e-01
jacobi,75,9.135700e-01
jacobi,76,9.124696e-01
jacobi,77,9.113705e-01
jacobi,78,9.102727e-01
jacobi,79,9.091762e-01
jacobi,80,9.080811e-01
jacobi,81,9.069873e-01
jacobi,82,9.058948e-01
jacobi,83,9.048036e-01
jacobi,84,9.037137e-01
jacobi,85,9.026251e-01
jacobi,86,9.015379e-01
jacobi,87,9.004519e-01
jacobi,88,8.993673e-01
jacobi,89,8.982840e-01
jacobi,90,8.972020e-01
jacobi,91,8.961212e-01
jacobi,92,8.950418e-01
jacobi,93,8.939637e-01
jacobi,94,8.928869e-01
jacobi,95,8.918114e-01
jacobi,96,8.907371e-01
jacobi,97,8.896642e-01
jacobi,98,8.885926e-01
jacobi,99,8.875222e-01
jacobi,100,8.864532e-01
jacobi,101,8.853854e-01
jacobi,102,8.843189e-01
jacobi,103,8.832537e-01
jacobi,104,8.821898e-01
jacobi,105,8.811272e-01
jacobi,106,8.800658e-01
jacobi,107,8.790057e-01
jacobi,108,8.779469e-01
jacobi,109,8.768894e-01
jacobi,110,8.758331e-01
jacobi,111,8.747782e-01
jacobi,112,8.737245e-01
jacobi,113,8.726720e-01
jacobi,114,8.716208e-01
jacobi,115,8.705709e-01
jacobi,116,8.695223e-01
jacobi,117,8.684749e-01
jacobi,118,8.674288e-01
jacobi,119,8.663839e-01
jacobi,120,8.653404e-01
jacobi,121,8.642980e-01
jacobi,122,8.632569e-01
jacobi,123,8.622171e-01
jacobi,124,8.611785e-01
jacobi,125,8.601412e-01
jacobi,126,8.591051e-01
jacobi,127,8.580703e-01
jacobi,128,8.570367e-01
jacobi,129,8.560044e-01
jacobi,130,8.549733e-01
jacobi,131,8.539434e-01
jacobi,132,8.529148e-01
jacobi,133,8.518874e-01
jacobi,134,8.508613e-01
jacobi,135,8.498364e-01
jacobi,136,8.488127e-01
jacobi,137,8.477903e-01
jacobi,138,8.467691e-01
jacobi,139,8.457491e-01
jacobi,140,8.447304e-01
jacobi,141,8.437129e-01
jacobi,142,8.426966e-01
jacobi,143,8.416815e-01
jacobi,144,8.406677e-01
jacobi,145,8.396550e-01
jacobi,146,8.386436e-01
jacobi,147,8.376335e-01
jacobi,148,8.366245e-01
jacobi,149,8.356167e-01
jacobi,150,8.346102e-01
jacobi,151,8.336049e-01
jacobi,152,8.326008e-01
jacobi,153,8.315979e-01
jacobi,154,8.305962e-01
jacobi,155,8.295957e-01
jacobi,156,8.285964e-01
jacobi,157,8.275983e-01
jacobi,158,8.266014e-01
jacobi,159,8.256058e-01
jacobi,160,8.246113e-01
jacobi,161,8.236180e-01
jacobi,162,8.226259e-01
jacobi,163,8.216350e-01
jacobi,164,8.206453e-01
jacobi,165,8.196568e-01
jacobi,166,8.186695e-01
jacobi,167,8.176834e-01
jacobi,168,8.166985e-01
jacobi,169,8.157147e-01
jacobi,170,8.147321e-01
jacobi,171,8.137508e-01
jacobi,172,8.127706e-01
jacobi,173,8.117916e-01
jacobi,174,8.108137e-01
jacobi,175,8.098371e-01
jacobi,176,8.088616e-01
jacobi,177,8.078873e-01
jacobi,178,8.069141e-01
jacobi,179,8.059422e-01
jacobi,180,8.049714e-01
jacobi,181,8.040017e-01
jacobi,182,8.030333e-01
jacobi,183,8.020660e-01
jacobi,184,8.010999e-01
jacobi,185,8.001349e-01
jacobi,186,7.991711e-01
jacobi,187,7.982085e-01
jacobi,188,7.972470e-01
jacobi,189,7.962867e-01
jacobi,190,7.953275e-01
jacobi,191,7.943695e-01
jacobi,192,7.934127e-01
jacobi,193,7.924570e-01
jacobi,194,7.915024e-01
jacobi,195,7.905490e-01
jacobi,196,7.895968e-01
jacobi,197,7.886457e-01
jacobi,198,7.876957e-01
jacobi,199,7.867469e-01
jacobi,200,7.857992e-01
jacobi,201,7.848527e-01
jacobi,202,7.839073e-01
jacobi,203,7.829630e-01
jacobi,204,7.820199e-01
jacobi,205,7.810780e-01
jacobi,206,7.801371e-01
jacobi,207,7.791974e-01
jacobi,208,7.782588e-01
jacobi,209,7.773214e-01
jacobi,210,7.763851e-01
jacobi,211,7.754499e-01
jacobi,212,7.745158e-01
jacobi,213,7.735829e-01
jacobi,214,7.726511e-01
jacobi,215,7.717204e-01
jacobi,216,7.707908e-01
jacobi,217,7.698623e-01
jacobi,218,7.689350e-01
jacobi,219,7.680088e-01
jacobi,220,7.670837e-01
jacobi,221,7.661597e-01
jacobi,222,7.652368e-01
jacobi,223,7.643151e-01
jacobi,224,7.633944e-01
jacobi,225,7.624749e-01
jacobi,226,7.615564e-01
jacobi,227,7.606391e-01
jacobi,228,7.597229e-01
jacobi,229,7.588078e-01
jacobi,230,7.578938e-01
jacobi,231,7.569808e-01
jacobi,232,7.560690e-01
jacobi,233,7.551583e-01
jacobi,234,7.542487e-01
jacobi,235,7.533402e-01
jacobi,236,7.524327e-01
jacobi,237,7.515264e-01
jacobi,238,7.506211e-01
jacobi,239,7.497170e-01
jacobi,240,7.488139e-01
jacobi,241,7.479119e-01
jacobi,242,7.470110e-01
jacobi,243,7.461112e-01
jacobi,244,7.452125e-01
jacobi,245,7.443149e-01
jacobi,246,7.434183e-01
jacobi,247,7.425228e-01
jacobi,248,7.416284e-01
jacobi,249,7.407351e-01
jacobi,250,7.398429e-01
jacobi,251,7.389517e-01
jacobi,252,7.380616e-01
jacobi,253,7.371726e-01
jacobi,254,7.362846e-01
jacobi,255,7.353977e-01
jacobi,256,7.345119e-01
jacobi,257,7.336272e-01
jacobi,258,7.327435e-01
jacobi,259,7.318608e-01
jacobi,260,7.309793e-01
jacobi,261,7.300988e-01
jacobi,262,7.292194e-01
jacobi,263,7.283410e-01
jacobi,264,7.274637e-01
jacobi,265,7.265874e-01
jacobi,266,7.257122e-01
jacobi,267,7.248380e-01
jacobi,268,7.239649e-01
jacobi,269,7.230929e-01
jacobi,270,7.222219e-01
jacobi,271,7.213519e-01
jacobi,272,7.204830e-01
jacobi,273,7.196152e-01
jacobi,274,7.187484e-01
jacobi,275,7.178826e-01
jacobi,276,7.170179e-01
jacobi,277,7.161542e-01
jacobi,278,7.152916e-01
jacobi,279,7.144300e-01
jacobi,280,7.135694e-01
jacobi,281,7.127099e-01
jacobi,282,7.118514e-01
jacobi,283,7.109939e-01
jacobi,284,7.101375e-01
jacobi,285,7.092821e-01
jacobi,286,7.084278e-01
jacobi,287,7.075744e-01
jacobi,288,7.067221e-01
jacobi,289,7.058709e-01
jacobi,290,7.050206e-01
jacobi,291,7.041714e-01
jacobi,292,7.033232e-01
jacobi,293,7.024760e-01
jacobi,294,7.016298e-01
jacobi,295,7.007847e-01
jacobi,296,6.999406e-01
jacobi,297,6.990974e-01
jacobi,298,6.982553e-01
jacobi,299,6.974143e-01
jacobi,300,6.965742e-01
jacobi,301,6.957352e-01
jacobi,302,6.948971e-01
jacobi,303,6.940601e-01
jacobi,304,6.932240e-01
jacobi,305,6.923890e-01
jacobi,306,6.915550e-01
jacobi,307,6.907220e-01
jacobi,308,6.898900e-01
jacobi,309,6.890590e-01
jacobi,310,6.882290e-01
jacobi,311,6.874000e-01
jacobi,312,6.865720e-01
jacobi,313,6.857450e-01
jacobi,314,6.849190e-01
jacobi,315,6.840940e-01
jacobi,316,6.832699e-01
jacobi,317,6.824469e-01
jacobi,318,6.816249e-01
jacobi,319,6.808038e-01
jacobi,320,6.799838e-01
jacobi,321,6.791647e-01
jacobi,322,6.783466e-01
jacobi,323,6.775295e-01
jacobi,324,6.767134e-01
jacobi,325,6.758983e-01
jacobi,326,6.750841e-01
jacobi,327,6.742710e-01
jacobi,328,6.734588e-01
jacobi,329,6.726476e-01
jacobi,330,6.718373e-01
jacobi,331,6.710281e-01
jacobi,332,6.702198e-01
jacobi,333,6.694125e-01
jacobi,334,6.686061e-01
jacobi,335,6.678008e-01
jacobi,336,6.669964e-01
jacobi,337,6.661929e-01
jacobi,338,6.653905e-01
jacobi,339,6.645890e-01
jacobi,340,6.637885e-01
jacobi,341,6.629889e-01
jacobi,342,6.621903e-01
jacobi,343,6.613927e-01
jacobi,344,6.605960e-01
jacobi,345,6.598003e-01
jacobi,346,6.590055e-01
jacobi,347,6.582117e-01
jacobi,348,6.574189e-01
jacobi,349,6.566270e-01
jacobi,350,6.558361e-01
jacobi,351,6.550461e-01
jacobi,352,6.542570e-01
jacobi,353,6.534690e-01
jacobi,354,6.526818e-01
jacobi,355,6.518956e-01
jacobi,356,6.511104e-01
jacobi,357,6.503261e-01
jacobi,358,6.495428e-01
jacobi,359,6.487604e-01
jacobi,360,6.479789e-01
jacobi,361,6.471984e-01
jacobi,362,6.464188e-01
jacobi,363,6.456402e-01
jacobi,364,6.448625e-01
jacobi,365,6.440857e-01
jacobi,366,6.433099e-01
jacobi,367,6.425350e-01
jacobi,368,6.417610e-01
jacobi,369,6.409880e-01
jacobi,370,6.402159e-01
jacobi,371,6.394447e-01
jacobi,372,6.386745e-01
jacobi,373,6.379052e-01
jacobi,374,6.371368e-01
jacobi,375,6.363693e-01
jacobi,376,6.356028e-01
jacobi,377,6.348372e-01
jacobi,378,6.340725e-01
jacobi,379,6.333087e-01
jacobi,380,6.325459e-01
jacobi,381,6.317839e-01
jacobi,382,6.310229e-01
jacobi,383,6.302628e-01
jacobi,384,6.295037e-01
jacobi,385,6.287454e-01
jacobi,386,6.279880e-01
jacobi,387,6.272316e-01
jacobi,388,6.264761e-01
jacobi,389,6.257215e-01
jacobi,390,6.249677e-01
jacobi,391,6.242149e-01
jacobi,392,6.234631e-01
jacobi,393,6.227121e-01
jacobi,394,6.219620e-01
jacobi,395,6.212128e-01
jacobi,396,6.204645e-01
jacobi,397,6.197171e-01
jacobi,398,6.189707e-01
jacobi,399,6.182251e-01
jacobi,400,6.174804e-01
jacobi,401,6.167366e-01
jacobi,402,6.159937e-01
jacobi,403,6.152517e-01
jacobi,404,6.145107e-01
jacobi,405,6.137704e-01
jacobi,406,6.130311e-01
jacobi,407,6.122927e-01
jacobi,408,6.115552e-01
jacobi,409,6.108185e-01
jacobi,410,6.100828e-01
jacobi,411,6.093479e-01
jacobi,412,6.086139e-01
jacobi,413,6.078808e-01
jacobi,414,6.071486e-01
jacobi,415,6.064173e-01
jacobi,416,6.056868e-01
jacobi,417,6.049572e-01
jacobi,418,6.042285e-01
jacobi,419,6.035007e-01
jacobi,420,6.027738e-01
jacobi,421,6.020477e-01
jacobi,422,6.013225e-01
jacobi,423,6.005982e-01
jacobi,424,5.998747e-01
jacobi,425,5.991522e-01
jacobi,426,5.984305e-01
jacobi,427,5.977096e-01
jacobi,428,5.969897e-01
jacobi,429,5.962706e-01
jacobi,430,5.955523e-01
jacobi,431,5.948350e-01
jacobi,432,5.941184e-01
jacobi,433,5.934028e-01
jacobi,434,5.926880e-01
jacobi,435,5.919741e-01
jacobi,436,5.912610e-01
jacobi,437,5.905488e-01
jacobi,438,5.898375e-01
jacobi,439,5.891270e-01
jacobi,440,5.884174e-01
jacobi,441,5.877086e-01
jacobi,442,5.870007e-01
jacobi,443,5.862936e-01
jacobi,444,5.855874e-01
jacobi,445,5.848820e-01
jacobi,446,5.841775e-01
jacobi,447,5.834739e-01
jacobi,448,5.827710e-01
jacobi,449,5.820691e-01
jacobi,450,5.813679e-01
jacobi,451,5.806677e-01
jacobi,452,5.799682e-01
jacobi,453,5.792696e-01
jacobi,454,5.785719e-01
jacobi,455,5.778750e-01
jacobi,456,5.771789e-01
jacobi,457,5.764836e-01
jacobi,458,5.757892e-01
jacobi,459,5.750957e-01
jacobi,460,5.744029e-01
jacobi,461,5.737111e-01
jacobi,462,5.730200e-01
jacobi,463,5.723298e-01
jacobi,464,5.716404e-01
jacobi,465,5.709518e-01
jacobi,466,5.702641e-01
jacobi,467,5.695772e-01
jacobi,468,5.688911e-01
jacobi,469,5.682058e-01
jacobi,470,5.675214e-01
jacobi,471,5.668378e-01
jacobi,472,5.661550e-01
jacobi,473,5.654731e-01
jacobi,474,5.647919e-01
jacobi,475,5.641116e-01
jacobi,476,5.634321e-01
jacobi,477,5.627534e-01
jacobi,478,5.620756e-01
jacobi,479,5.613985e-01
jacobi,480,5.607223e-01
jacobi,481,5.600469e-01
jacobi,482,5.593723e-01
jacobi,483,5.586985e-01
jacobi,484,5.580255e-01
jacobi,485,5.573533e-01
jacobi,486,5.566820e-01
jacobi,487,5.560114e-01
jacobi,488,5.553417e-01
jacobi,489,5.546728e-01
jacobi,490,5.540046e-01
jacobi,491,5.533373e-01
jacobi,492,5.526708e-01
jacobi,493,5.520051e-01
jacobi,494,5.513402e-01
jacobi,495,5.506761e-01
jacobi,496,5.500127e-01
jacobi,497,5.493502e-01
jacobi,498,5.486885e-01
jacobi,499,5.480276e-01
jacobi,500,5.473675e-01
jacobi,501,5.467081e-01
jacobi,502,5.460496e-01
jacobi,503,5.453919e-01
jacobi,504,5.447349e-01
jacobi,505,5.440788e-01
jacobi,506,5.434234e-01
jacobi,507,5.427688e-01
jacobi,508,5.421150e-01
jacobi,509,5.414620e-01
jacobi,510,5.408098e-01
jacobi,511,5.401584e-01
jacobi,512,5.395077e-01
jacobi,513,5.388579e-01
jacobi,514,5.382088e-01
jacobi,515,5.375605e-01
jacobi,516,5.369130e-01
jacobi,517,5.362662e-01
jacobi,518,5.356203e-01
jacobi,519,5.349751e-01
jacobi,520,5.343307e-01
jacobi,521,5.336871e-01
jacobi,522,5.330442e-01
jacobi,523,5.324022e-01
jacobi,524,5.317609e-01
jacobi,525,5.311203e-01
jacobi,526,5.304806e-01
jacobi,527,5.298416e-01
jacobi,528,5.292034e-01
jacobi,529,5.285659e-01
jacobi,530,5.279292e-01
jacobi,531,5.272933e-01
jacobi,532,5.266582e-01
jacobi,533,5.260238e-01
jacobi,534,5.253902e-01
jacobi,535,5.247573e-01
jacobi,536,5.241252e-01
jacobi,537,5.234939e-01
jacobi,538,5.228633e-01
jacobi,539,5.222335e-01
jacobi,540,5.216045e-01
jacobi,541,5.209762e-01
jacobi,542,5.203486e-01
jacobi,543,5.197218e-01
jacobi,544,5.190958e-01
jacobi,545,5.184705e-01
jacobi,546,5.178460e-01
jacobi,547,5.172223e-01
jacobi,548,5.165992e-01
jacobi,549,5.159770e-01
jacobi,550,5.153555e-01
jacobi,551,5.147347e-01
jacobi,552,5.141147e-01
jacobi,553,5.134954e-01
jacobi,554,5.128769e-01
jacobi,555,5.122591e-01
jacobi,556,5.116420e-01
jacobi,557,5.110257e-01
jacobi,558,5.104102e-01
jacobi,559,5.097954e-01
jacobi,560,5.091813e-01
jacobi,561,5.085680e-01
jacobi,562,5.079554e-01
jacobi,563,5.073435e-01
jacobi,564,5.067324e-01
jacobi,565,5.061220e-01
jacobi,566,5.055124e-01
jacobi,567,5.049035e-01
jacobi,568,5.042953e-01
jacobi,569,5.036879e-01
jacobi,570,5.030811e-01
jacobi,571,5.024752e-01
jacobi,572,5.018699e-01
jacobi,573,5.012654e-01
jacobi,574,5.006616e-01
jacobi,575,5.000585e-01
jacobi,576,4.994562e-01
jacobi,577,4.988546e-01
jacobi,578,4.982537e-01
jacobi,579,4.976535e-01
jacobi,580,4.970540e-01
jacobi,581,4.964553e-01
jacobi,582,4.958573e-01
jacobi,583,4.952600e-01
jacobi,584,4.946635e-01
jacobi,585,4.940676e-01
jacobi,586,4.934725e-01
jacobi,587,4.928781e-01
jacobi,588,4.922844e-01
jacobi,589,4.916914e-01
jacobi,590,4.910992e-01
jacobi,591,4.905076e-01
jacobi,592,4.899168e-01
jacobi,593,4.893267e-01
jacobi,594,4.887372e-01
jacobi,595,4.881485e-01
jacobi,596,4.875605e-01
jacobi,597,4.869732e-01
jacobi,598,4.863867e-01
jacobi,599,4.858008e-01
jacobi,600,4.852156e-01
jacobi,601,4.846312e-01
jacobi,602,4.840474e-01
jacobi,603,4.834643e-01
jacobi,604,4.828820e-01
jacobi,605,4.823003e-01
jacobi,606,4.817194e-01
jacobi,607,4.811391e-01
jacobi,608,4.805596e-01
jacobi,609,4.799807e-01
jacobi,610,4.794026e-01
jacobi,611,4.788251e-01
jacobi,612,4.782483e-01
jacobi,613,4.776723e-01
jacobi,614,4.770969e-01
jacobi,615,4.765222e-01
jacobi,616,4.759482e-01
jacobi,617,4.753749e-01
jacobi,618,4.748023e-01
jacobi,619,4.742304e-01
jacobi,620,4.736592e-01
jacobi,621,4.730886e-01
jacobi,622,4.725188e-01
jacobi,623,4.719496e-01
jacobi,624,4.713811e-01
jacobi,625,4.708133e-01
jacobi,626,4.702462e-01
jacobi,627,4.696798e-01
jacobi,628,4.691140e-01
jacobi,629,4.685489e-01
jacobi,630,4.679845e-01
jacobi,631,4.674208e-01
jacobi,632,4.668578e-01
jacobi,633,4.662955e-01
jacobi,634,4.657338e-01
jacobi,635,4.651728e-01
jacobi,636,4.646125e-01
jacobi,637,4.640528e-01
jacobi,638,4.634939e-01
jacobi,639,4.629356e-01
jacobi,640,4.623779e-01
jacobi,641,4.618210e-01
jacobi,642,4.612647e-01
jacobi,643,4.607091e-01
jacobi,644,4.601541e-01
jacobi,645,4.595999e-01
jacobi,646,4.590462e-01
jacobi,647,4.584933e-01
jacobi,648,4.579410e-01
jacobi,649,4.573894e-01
jacobi,650,4.568385e-01
jacobi,651,4.562882e-01
jacobi,652,4.557386e-01
jacobi,653,4.551896e-01
jacobi,654,4.546413e-01
jacobi,655,4.540937e-01
jacobi,656,4.535467e-01
jacobi,657,4.530004e-01
jacobi,658,4.524547e-01
jacobi,659,4.519097e-01
jacobi,660,4.513654e-01
jacobi,661,4.508217e-01
jacobi,662,4.502787e-01
jacobi,663,4.497363e-01
jacobi,664,4.491946e-01
jacobi,665,4.486535e-01
jacobi,666,4.481131e-01
jacobi,667,4.475733e-01
jacobi,668,4.470342e-01
jacobi,669,4.464957e-01
jacobi,670,4.459579e-01
jacobi,671,4.454207e-01
jacobi,672,4.448842e-01
jacobi,673,4.443483e-01
jacobi,674,4.438130e-01
jacobi,675,4.432785e-01
jacobi,676,4.427445e-01
jacobi,677,4.422112e-01
jacobi,678,4.416785e-01
jacobi,679,4.411465e-01
jacobi,680,4.406151e-01
jacobi,681,4.400844e-01
jacobi,682,4.395543e-01
jacobi,683,4.390248e-01
jacobi,684,4.384960e-01
jacobi,685,4.379678e-01
jacobi,686,4.374403e-01
jacobi,687,4.369134e-01
jacobi,688,4.363871e-01
jacobi,689,4.358614e-01
jacobi,690,4.353364e-01
jacobi,691,4.348120e-01
jacobi,692,4.342883e-01
jacobi,693,4.337652e-01
jacobi,694,4.332427e-01
jacobi,695,4.327208e-01
jacobi,696,4.321996e-01
jacobi,697,4.316790e-01
jacobi,698,4.311590e-01
jacobi,699,4.306396e-01
jacobi,700,4.301209e-01
jacobi,701,4.296028e-01
jacobi,702,4.290854e-01
jacobi,703,4.285685e-01
jacobi,704,4.280523e-01
jacobi,705,4.275367e-01
jacobi,706,4.270217e-01
jacobi,707,4.265073e-01
jacobi,708,4.259936e-01
jacobi,709,4.254804e-01
jacobi,710,4.249679e-01
jacobi,711,4.244560e-01
jacobi,712,4.239448e-01
jacobi,713,4.234341e-01
jacobi,714,4.229241e-01
jacobi,715,4.224146e-01
jacobi,716,4.219058e-01
jacobi,717,4.213976e-01
jacobi,718,4.208900e-01
jacobi,719,4.203830e-01
jacobi,720,4.198767e-01
jacobi,721,4.193709e-01
jacobi,722,4.188657e-01
jacobi,723,4.183612e-01
jacobi,724,4.178573e-01
jacobi,725,4.173539e-01
jacobi,726,4.168512e-01
jacobi,727,4.163491e-01
jacobi,728,4.158476e-01
jacobi,729,4.153467e-01
jacobi,730,4.148464e-01
jacobi,731,4.143467e-01
jacobi,732,4.138476e-01
jacobi,733,4.133491e-01
jacobi,734,4.128512e-01
jacobi,735,4.123539e-01
jacobi,736,4.118572e-01
jacobi,737,4.113611e-01
jacobi,738,4.108656e-01
jacobi,739,4.103707e-01
jacobi,740,4.098764e-01
jacobi,741,4.093827e-01
jacobi,742,4.088895e-01
jacobi,743,4.083970e-01
jacobi,744,4.079051e-01
jacobi,745,4.074137e-01
jacobi,746,4.069230e-01
jacobi,747,4.064328e-01
jacobi,748,4.059433e-01
jacobi,749,4.054543e-01
jacobi,750,4.049659e-01
jacobi,751,4.044781e-01
jacobi,752,4.039909e-01
jacobi,753,4.035043e-01
jacobi,754,4.030182e-01
jacobi,755,4.025328e-01
jacobi,756,4.020479e-01
jacobi,757,4.015636e-01
jacobi,758,4.010799e-01
jacobi,759,4.005968e-01
jacobi,760,4.001143e-01
jacobi,761,3.996323e-01
jacobi,762,3.991509e-01
jacobi,763,3.986702e-01
jacobi,764,3.981899e-01
jacobi,765,3.977103e-01
jacobi,766,3.972312e-01
jacobi,767,3.967528e-01
jacobi,768,3.962749e-01
jacobi,769,3.957975e-01
jacobi,770,3.953208e-01
jacobi,771,3.948446e-01
jacobi,772,3.943690e-01
jacobi,773,3.938939e-01
jacobi,774,3.934195e-01
jacobi,775,3.929456e-01
jacobi,776,3.924723e-01
jacobi,777,3.919995e-01
jacobi,778,3.915273e-01
jacobi,779,3.910557e-01
jacobi,780,3.905847e-01
jacobi,781,3.901142e-01
jacobi,782,3.896443e-01
jacobi,783,3.891750e-01
jacobi,784,3.887062e-01
jacobi,785,3.882380e-01
jacobi,786,3.877703e-01
jacobi,787,3.873032e-01
jacobi,788,3.868367e-01
jacobi,789,3.863707e-01
jacobi,790,3.859053e-01
jacobi,791,3.854405e-01
jacobi,792,3.849762e-01
jacobi,793,3.845125e-01
jacobi,794,3.840493e-01
jacobi,795,3.835867e-01
jacobi,796,3.831247e-01
jacobi,797,3.826632e-01
jacobi,798,3.822023e-01
jacobi,799,3.817419e-01
jacobi,800,3.812821e-01
jacobi,801,3.808228e-01
jacobi,802,3.803641e-01
jacobi,803,3.799059e-01
jacobi,804,3.794483e-01
jacobi,805,3.789912e-01
jacobi,806,3.785347e-01
jacobi,807,3.780788e-01
jacobi,808,3.776233e-01
jacobi,809,3.771685e-01
jacobi,810,3.767142e-01
jacobi,811,3.762604e-01
jacobi,812,3.758072e-01
jacobi,813,3.753545e-01
jacobi,814,3.749024e-01
jacobi,815,3.744508e-01
jacobi,816,3.739997e-01
jacobi,817,3.735492e-01
jacobi,818,3.730993e-01
jacobi,819,3.726499e-01
jacobi,820,3.722010e-01
jacobi,821,3.717527e-01
jacobi,822,3.713049e-01
jacobi,823,3.708576e-01
jacobi,824,3.704109e-01
jacobi,825,3.699647e-01
jacobi,826,3.695191e-01
jacobi,827,3.690740e-01
jacobi,828,3.686294e-01
jacobi,829,3.681854e-01
jacobi,830,3.677419e-01
jacobi,831,3.672989e-01
jacobi,832,3.668565e-01
jacobi,833,3.664146e-01
jacobi,834,3.659732e-01
jacobi,835,3.655324e-01
jacobi,836,3.650921e-01
jacobi,837,3.646523e-01
jacobi,838,3.642131e-01
jacobi,839,3.637744e-01
jacobi,840,3.633362e-01
jacobi,841,3.628986e-01
jacobi,842,3.624614e-01
jacobi,843,3.620248e-01
jacobi,844,3.615888e-01
jacobi,845,3.611532e-01
jacobi,846,3.607182e-01
jacobi,847,3.602837e-01
jacobi,848,3.598497e-01
jacobi,849,3.594162e-01
jacobi,850,3.589833e-01
jacobi,851,3.585509e-01
jacobi,852,3.581190e-01
jacobi,853,3.576876e-01
jacobi,854,3.572568e-01
jacobi,855,3.568265e-01
jacobi,856,3.563966e-01
jacobi,857,3.559674e-01
jacobi,858,3.555386e-01
jacobi,859,3.551103e-01
jacobi,860,3.546826e-01
jacobi,861,3.542553e-01
jacobi,862,3.538286e-01
jacobi,863,3.534024e-01
jacobi,864,3.529767e-01
jacobi,865,3.525516e-01
jacobi,866,3.521269e-01
jacobi,867,3.517027e-01
jacobi,868,3.512791e-01
jacobi,869,3.508560e-01
jacobi,870,3.504333e-01
jacobi,871,3.500112e-01
jacobi,872,3.495896e-01
jacobi,873,3.491685e-01
jacobi,874,3.487479e-01
jacobi,875,3.483279e-01
jacobi,876,3.479083e-01
jacobi,877,3.474892e-01
jacobi,878,3.470706e-01
jacobi,879,3.466526e-01
jacobi,880,3.462350e-01
jacobi,881,3.458180e-01
jacobi,882,3.454014e-01
jacobi,883,3.449854e-01
jacobi,884,3.445698e-01
jacobi,885,3.441548e-01
jacobi,886,3.437402e-01
jacobi,887,3.433262e-01
jacobi,888,3.429126e-01
jacobi,889,3.424996e-01
jacobi,890,3.420870e-01
jacobi,891,3.416750e-01
jacobi,892,3.412634e-01
jacobi,893,3.408523e-01
jacobi,894,3.404418e-01
jacobi,895,3.400317e-01
jacobi,896,3.396221e-01
jacobi,897,3.392130e-01
jacobi,898,3.388044e-01
jacobi,899,3.383963e-01
jacobi,900,3.379887e-01
jacobi,901,3.375816e-01
jacobi,902,3.371749e-01
jacobi,903,3.367688e-01
jacobi,904,3.363631e-01
jacobi,905,3.359580e-01
jacobi,906,3.355533e-01
jacobi,907,3.351491e-01
jacobi,908,3.347454e-01
jacobi,909,3.343422e-01
jacobi,910,3.339395e-01
jacobi,911,3.335372e-01
jacobi,912,3.331355e-01
jacobi,913,3.327342e-01
jacobi,914,3.323334e-01
jacobi,915,3.319331e-01
jacobi,916,3.315332e-01
jacobi,917,3.311339e-01
jacobi,918,3.307350e-01
jacobi,919,3.303367e-01
jacobi,920,3.299387e-01
jacobi,921,3.295413e-01
jacobi,922,3.291444e-01
jacobi,923,3.287479e-01
jacobi,924,3.283519e-01
jacobi,925,3.279564e-01
jacobi,926,3.275614e-01
jacobi,927,3.271668e-01
jacobi,928,3.267727e-01
jacobi,929,3.263791e-01
jacobi,930,3.259860e-01
jacobi,931,3.255933e-01
jacobi,932,3.252011e-01
jacobi,933,3.248094e-01
jacobi,934,3.244181e-01
jacobi,935,3.240274e-01
jacobi,936,3.236371e-01
jacobi,937,3.232472e-01
jacobi,938,3.228579e-01
jacobi,939,3.224690e-01
jacobi,940,3.220805e-01
jacobi,941,3.216926e-01
jacobi,942,3.213051e-01
jacobi,943,3.209181e-01
jacobi,944,3.205315e-01
jacobi,945,3.201454e-01
jacobi,946,3.197598e-01
jacobi,947,3.193746e-01
jacobi,948,3.189899e-01
jacobi,949,3.186057e-01
jacobi,950,3.182219e-01
jacobi,951,3.178386e-01
jacobi,952,3.174557e-01
jacobi,953,3.170733e-01
jacobi,954,3.166914e-01
jacobi,955,3.163099e-01
jacobi,956,3.159289e-01
jacobi,957,3.155484e-01
jacobi,958,3.151683e-01
jacobi,959,3.147887e-01
jacobi,960,3.144095e-01
jacobi,961,3.140308e-01
jacobi,962,3.136525e-01
jacobi,963,3.132747e-01
jacobi,964,3.128973e-01
jacobi,965,3.125204e-01
jacobi,966,3.121440e-01
jacobi,967,3.117680e-01
jacobi,968,3.113925e-01
jacobi,969,3.110174e-01
jacobi,970,3.106427e-01
jacobi,971,3.102686e-01
jacobi,972,3.098948e-01
jacobi,973,3.095216e-01
jacobi,974,3.091487e-01
jacobi,975,3.087763e-01
jacobi,976,3.084044e-01
jacobi,977,3.080329e-01
jacobi,978,3.076619e-01
jacobi,979,3.072913e-01
jacobi,980,3.069211e-01
jacobi,981,3.065514e-01
jacobi,982,3.061822e-01
jacobi,983,3.058134e-01
jacobi,984,3.054450e-01
jacobi,985,3.050771e-01
jacobi,986,3.047096e-01
jacobi,987,3.043426e-01
jacobi,988,3.039760e-01
jacobi,989,3.036098e-01
jacobi,990,3.032441e-01
jacobi,991,3.028788e-01
jacobi,992,3.025140e-01
jacobi,993,3.021496e-01
jacobi,994,3.017857e-01
jacobi,995,3.014222e-01
jacobi,996,3.010591e-01
jacobi,997,3.006964e-01
jacobi,998,3.003342e-01
jacobi,999,2.999725e-01
jacobi,1000,2.996111e-01
jacobi,1001,2.992502e-01
jacobi,1002,2.988898e-01
jacobi,1003,2.985298e-01
jacobi,1004,2.981702e-01
jacobi,1005,2.978110e-01
jacobi,1006,2.974523e-01
jacobi,1007,2.970940e-01
jacobi,1008,2.967361e-01
jacobi,1009,2.963787e-01
jacobi,1010,2.960217e-01
jacobi,1011,2.956651e-01
jacobi,1012,2.953090e-01
jacobi,1013,2.949533e-01
jacobi,1014,2.945980e-01
jacobi,1015,2.942431e-01
jacobi,1016,2.938887e-01
jacobi,1017,2.935347e-01
jacobi,1018,2.931811e-01
jacobi,1019,2.928280e-01
jacobi,1020,2.924752e-01
jacobi,1021,2.921229e-01
jacobi,1022,2.917711e-01
jacobi,1023,2.914196e-01
jacobi,1024,2.910686e-01
jacobi,1025,2.907180e-01
jacobi,1026,2.903678e-01
jacobi,1027,2.900180e-01
jacobi,1028,2.896687e-01
jacobi,1029,2.893198e-01
jacobi,1030,2.889713e-01
jacobi,1031,2.886232e-01
jacobi,1032,2.882756e-01
jacobi,1033,2.879283e-01
jacobi,1034,2.875815e-01
jacobi,1035,2.872351e-01
jacobi,1036,2.868891e-01
jacobi,1037,2.865435e-01
jacobi,1038,2.861984e-01
jacobi,1039,2.858536e-01
jacobi,1040,2.855093e-01
jacobi,1041,2.851654e-01
jacobi,1042,2.848219e-01
jacobi,1043,2.844788e-01
jacobi,1044,2.841362e-01
jacobi,1045,2.837939e-01
jacobi,1046,2.834521e-01
jacobi,1047,2.831106e-01
jacobi,1048,2.827696e-01
jacobi,1049,2.824290e-01
jacobi,1050,2.820888e-01
jacobi,1051,2.817490e-01
jacobi,1052,2.814096e-01
jacobi,1053,2.810707e-01
jacobi,1054,2.807321e-01
jacobi,1055,2.803940e-01
jacobi,1056,2.800562e-01
jacobi,1057,2.797189e-01
jacobi,1058,2.793819e-01
jacobi,1059,2.790454e-01
jacobi,1060,2.787093e-01
jacobi,1061,2.783736e-01
jacobi,1062,2.780383e-01
jacobi,1063,2.777033e-01
jacobi,1064,2.773688e-01
jacobi,1065,2.770347e-01
jacobi,1066,2.767010e-01
jacobi,1067,2.763677e-01
jacobi,1068,2.760348e-01
jacobi,1069,2.757023e-01
jacobi,1070,2.753702e-01
jacobi,1071,2.750386e-01
jacobi,1072,2.747073e-01
jacobi,1073,2.743764e-01
jacobi,1074,2.740459e-01
jacobi,1075,2.737158e-01
jacobi,1076,2.733861e-01
jacobi,1077,2.730568e-01
jacobi,1078,2.727278e-01
jacobi,1079,2.723993e-01
jacobi,1080,2.720712e-01
jacobi,1081,2.717435e-01
jacobi,1082,2.714162e-01
jacobi,1083,2.710892e-01
jacobi,1084,2.707627e-01
jacobi,1085,2.704365e-01
jacobi,1086,2.701108e-01
jacobi,1087,2.697854e-01
jacobi,1088,2.694605e-01
jacobi,1089,2.691359e-01
jacobi,1090,2.688117e-01
jacobi,1091,2.684879e-01
jacobi,1092,2.681645e-01
jacobi,1093,2.678415e-01
jacobi,1094,2.675189e-01
jacobi,1095,2.671966e-01
jacobi,1096,2.668748e-01
jacobi,1097,2.665533e-01
jacobi,1098,2.662322e-01
jacobi,1099,2.659115e-01
jacobi,1100,2.655912e-01
jacobi,1101,2.652713e-01
jacobi,1102,2.649518e-01
jacobi,1103,2.646327e-01
jacobi,1104,2.643139e-01
jacobi,1105,2.639955e-01
jacobi,1106,2.636775e-01
jacobi,1107,2.633599e-01
jacobi,1108,2.630427e-01
jacobi,1109,2.627258e-01
jacobi,1110,2.624094e-01
jacobi,1111,2.620933e-01
jacobi,1112,2.617776e-01
jacobi,1113,2.614623e-01
jacobi,1114,2.611473e-01
jacobi,1115,2.608328e-01
jacobi,1116,2.605186e-01
jacobi,1117,2.602048e-01
jacobi,1118,2.598913e-01
jacobi,1119,2.595783e-01
jacobi,1120,2.592656e-01
jacobi,1121,2.589533e-01
jacobi,1122,2.586414e-01
jacobi,1123,2.583298e-01
jacobi,1124,2.580187e-01
jacobi,1125,2.577079e-01
jacobi,1126,2.573975e-01
jacobi,1127,2.570874e-01
jacobi,1128,2.567777e-01
jacobi,1129,2.564684e-01
jacobi,1130,2.561595e-01
jacobi,1131,2.558510e-01
jacobi,1132,2.555428e-01
jacobi,1133,2.552350e-01
jacobi,1134,2.549275e-01
jacobi,1135,2.546205e-01
jacobi,1136,2.543137e-01
jacobi,1137,2.540074e-01
jacobi,1138,2.537015e-01
jacobi,1139,2.533959e-01
jacobi,1140,2.530906e-01
jacobi,1141,2.527858e-01
jacobi,1142,2.524813e-01
jacobi,1143,2.521772e-01
jacobi,1144,2.518734e-01
jacobi,1145,2.515700e-01
jacobi,1146,2.512670e-01
jacobi,1147,2.509643e-01
jacobi,1148,2.506620e-01
jacobi,1149,2.503601e-01
jacobi,1150,2.500585e-01
jacobi,1151,2.497573e-01
jacobi,1152,2.494565e-01
jacobi,1153,2.491560e-01
jacobi,1154,2.488559e-01
jacobi,1155,2.485561e-01
jacobi,1156,2.482567e-01
jacobi,1157,2.479577e-01
jacobi,1158,2.476590e-01
jacobi,1159,2.473607e-01
jacobi,1160,2.470627e-01
jacobi,1161,2.467651e-01
jacobi,1162,2.464679e-01
jacobi,1163,2.461710e-01
jacobi,1164,2.458745e-01
jacobi,1165,2.455783e-01
jacobi,1166,2.452825e-01
jacobi,1167,2.449871e-01
jacobi,1168,2.446920e-01
jacobi,1169,2.443972e-01
jacobi,1170,2.441028e-01
jacobi,1171,2.438088e-01
jacobi,1172,2.435151e-01
jacobi,1173,2.432218e-01
jacobi,1174,2.429288e-01
jacobi,1175,2.426362e-01
jacobi,1176,2.423439e-01
jacobi,1177,2.420520e-01
jacobi,1178,2.417605e-01
jacobi,1179,2.414693e-01
jacobi,1180,2.411784e-01
jacobi,1181,2.408879e-01
jacobi,1182,2.405977e-01
jacobi,1183,2.403079e-01
jacobi,1184,2.400184e-01
jacobi,1185,2.397293e-01
jacobi,1186,2.394406e-01
jacobi,1187,2.391522e-01
jacobi,1188,2.388641e-01
jacobi,1189,2.385764e-01
jacobi,1190,2.382890e-01
jacobi,1191,2.380020e-01
jacobi,1192,2.377153e-01
jacobi,1193,2.374289e-01
jacobi,1194,2.371429e-01
jacobi,1195,2.368573e-01
jacobi,1196,2.365720e-01
jacobi,1197,2.362870e-01
jacobi,1198,2.360024e-01
jacobi,1199,2.357181e-01
jacobi,1200,2.354342e-01
jacobi,1201,2.351506e-01
jacobi,1202,2.348674e-01
jacobi,1203,2.345845e-01
jacobi,1204,2.343019e-01
jacobi,1205,2.340197e-01
jacobi,1206,2.337378e-01
jacobi,1207,2.334562e-01
jacobi,1208,2.331750e-01
jacobi,1209,2.328941e-01
jacobi,1210,2.326136e-01
jacobi,1211,2.323334e-01
jacobi,1212,2.320536e-01
jacobi,1213,2.317740e-01
jacobi,1214,2.314949e-01
jacobi,1215,2.312160e-01
jacobi,1216,2.309375e-01
jacobi,1217,2.306593e-01
jacobi,1218,2.303815e-01
jacobi,1219,2.301040e-01
jacobi,1220,2.298268e-01
jacobi,1221,2.295500e-01
jacobi,1222,2.292735e-01
jacobi,1223,2.289973e-01
jacobi,1224,2.287215e-01
jacobi,1225,2.284460e-01
jacobi,1226,2.281708e-01
jacobi,1227,2.278960e-01
jacobi,1228,2.276214e-01
jacobi,1229,2.273473e-01
jacobi,1230,2.270734e-01
jacobi,1231,2.267999e-01
jacobi,1232,2.265267e-01
jacobi,1233,2.262538e-01
jacobi,1234,2.259813e-01
jacobi,1235,2.257091e-01
jacobi,1236,2.254372e-01
jacobi,1237,2.251657e-01
jacobi,1238,2.248945e-01
jacobi,1239,2.246236e-01
jacobi,1240,2.243530e-01
jacobi,1241,2.240828e-01
jacobi,1242,2.238128e-01
jacobi,1243,2.235432e-01
jacobi,1244,2.232740e-01
jacobi,1245,2.230050e-01
jacobi,1246,2.227364e-01
jacobi,1247,2.224681e-01
jacobi,1248,2.222001e-01
jacobi,1249,2.219325e-01
jacobi,1250,2.216652e-01
jacobi,1251,2.213982e-01
jacobi,1252,2.211315e-01
jacobi,1253,2.208651e-01
jacobi,1254,2.205991e-01
jacobi,1255,2.203334e-01
jacobi,1256,2.200679e-01
jacobi,1257,2.198029e-01
jacobi,1258,2.195381e-01
jacobi,1259,2.192737e-01
jacobi,1260,2.190095e-01
jacobi,1261,2.187457e-01
jacobi,1262,2.184822e-01
jacobi,1263,2.182191e-01
jacobi,1264,2.179562e-01
jacobi,1265,2.176937e-01
jacobi,1266,2.174315e-01
jacobi,1267,2.171696e-01
jacobi,1268,2.169080e-01
jacobi,1269,2.166467e-01
jacobi,1270,2.163857e-01
jacobi,1271,2.161251e-01
jacobi,1272,2.158647e-01
jacobi,1273,2.156047e-01
jacobi,1274,2.153450e-01
jacobi,1275,2.150856e-01
jacobi,1276,2.148266e-01
jacobi,1277,2.145678e-01
jacobi,1278,2.143093e-01
jacobi,1279,2.140512e-01
jacobi,1280,2.137933e-01
jacobi,1281,2.135358e-01
jacobi,1282,2.132786e-01
jacobi,1283,2.130217e-01
jacobi,1284,2.127651e-01
jacobi,1285,2.125088e-01
jacobi,1286,2.122529e-01
jacobi,1287,2.119972e-01
jacobi,1288,2.117418e-01
jacobi,1289,2.114868e-01
jacobi,1290,2.112320e-01
jacobi,1291,2.109776e-01
jacobi,1292,2.107235e-01
jacobi,1293,2.104696e-01
jacobi,1294,2.102161e-01
jacobi,1295,2.099629e-01
jacobi,1296,2.097100e-01
jacobi,1297,2.094574e-01
jacobi,1298,2.092051e-01
jacobi,1299,2.089531e-01
jacobi,1300,2.087014e-01
jacobi,1301,2.084500e-01
jacobi,1302,2.081989e-01
jacobi,1303,2.079481e-01
jacobi,1304,2.076976e-01
jacobi,1305,2.074475e-01
jacobi,1306,2.071976e-01
jacobi,1307,2.069480e-01
jacobi,1308,2.066987e-01
jacobi,1309,2.064498e-01
jacobi,1310,2.062011e-01
jacobi,1311,2.059527e-01
jacobi,1312,2.057046e-01
jacobi,1313,2.054568e-01
jacobi,1314,2.052094e-01
jacobi,1315,2.049622e-01
jacobi,1316,2.047153e-01
jacobi,1317,2.044687e-01
jacobi,1318,2.042224e-01
jacobi,1319,2.039764e-01
jacobi,1320,2.037307e-01
jacobi,1321,2.034853e-01
jacobi,1322,2.032402e-01
jacobi,1323,2.029954e-01
jacobi,1324,2.027509e-01
jacobi,1325,2.025067e-01
jacobi,1326,2.022627e-01
jacobi,1327,2.020191e-01
jacobi,1328,2.017757e-01
jacobi,1329,2.015327e-01
jacobi,1330,2.012899e-01
jacobi,1331,2.010475e-01
jacobi,1332,2.008053e-01
jacobi,1333,2.005634e-01
jacobi,1334,2.003218e-01
jacobi,1335,2.000806e-01
jacobi,1336,1.998395e-01
jacobi,1337,1.995988e-01
jacobi,1338,1.993584e-01
jacobi,1339,1.991183e-01
jacobi,1340,1.988784e-01
jacobi,1341,1.986389e-01
jacobi,1342,1.983996e-01
jacobi,1343,1.981606e-01
jacobi,1344,1.979219e-01
jacobi,1345,1.976835e-01
jacobi,1346,1.974454e-01
jacobi,1347,1.972076e-01
jacobi,1348,1.969700e-01
jacobi,1349,1.967328e-01
jacobi,1350,1.964958e-01
jacobi,1351,1.962591e-01
jacobi,1352,1.960227e-01
jacobi,1353,1.957866e-01
jacobi,1354,1.955507e-01
jacobi,1355,1.953152e-01
jacobi,1356,1.950799e-01
jacobi,1357,1.948449e-01
jacobi,1358,1.946102e-01
jacobi,1359,1.943758e-01
jacobi,1360,1.941417e-01
jacobi,1361,1.939078e-01
jacobi,1362,1.936743e-01
jacobi,1363,1.934410e-01
jacobi,1364,1.932080e-01
jacobi,1365,1.929753e-01
jacobi,1366,1.927428e-01
jacobi,1367,1.925106e-01
jacobi,1368,1.922787e-01
jacobi,1369,1.920471e-01
jacobi,1370,1.918158e-01
jacobi,1371,1.915848e-01
jacobi,1372,1.913540e-01
jacobi,1373,1.911235e-01
jacobi,1374,1.908933e-01
jacobi,1375,1.906633e-01
jacobi,1376,1.904337e-01
jacobi,1377,1.902043e-01
jacobi,1378,1.899752e-01
jacobi,1379,1.897463e-01
jacobi,1380,1.895178e-01
jacobi,1381,1.892895e-01
jacobi,1382,1.890615e-01
jacobi,1383,1.888338e-01
jacobi,1384,1.886063e-01
jacobi,1385,1.883791e-01
jacobi,1386,1.881522e-01
jacobi,1387,1.879256e-01
jacobi,1388,1.876992e-01
jacobi,1389,1.874731e-01
jacobi,1390,1.872473e-01
jacobi,1391,1.870218e-01
jacobi,1392,1.867965e-01
jacobi,1393,1.865715e-01
jacobi,1394,1.863467e-01
jacobi,1395,1.861223e-01
jacobi,1396,1.858981e-01
jacobi,1397,1.856742e-01
jacobi,1398,1.854505e-01
jacobi,1399,1.852271e-01
jacobi,1400,1.850040e-01
jacobi,1401,1.847812e-01
jacobi,1402,1.845586e-01
jacobi,1403,1.843363e-01
jacobi,1404,1.841142e-01
jacobi,1405,1.838925e-01
jacobi,1406,1.836710e-01
jacobi,1407,1.834497e-01
jacobi,1408,1.832287e-01
jacobi,1409,1.830080e-01
jacobi,1410,1.827876e-01
jacobi,1411,1.825674e-01
jacobi,1412,1.823475e-01
jacobi,1413,1.821279e-01
jacobi,1414,1.819085e-01
jacobi,1415,1.816894e-01
jacobi,1416,1.814705e-01
jacobi,1417,1.812519e-01
jacobi,1418,1.810336e-01
jacobi,1419,1.808155e-01
jacobi,1420,1.805977e-01
jacobi,1421,1.803802e-01
jacobi,1422,1.801629e-01
jacobi,1423,1.799459e-01
jacobi,1424,1.797292e-01
jacobi,1425,1.795127e-01
jacobi,1426,1.792964e-01
jacobi,1427,1.790805e-01
jacobi,1428,1.788648e-01
jacobi,1429,1.786493e-01
jacobi,1430,1.784341e-01
jacobi,1431,1.782192e-01
jacobi,1432,1.780045e-01
jacobi,1433,1.777901e-01
jacobi,1434,1.775759e-01
jacobi,1435,1.773620e-01
jacobi,1436,1.771484e-01
jacobi,1437,1.769350e-01
jacobi,1438,1.767219e-01
jacobi,1439,1.765090e-01
jacobi,1440,1.762964e-01
jacobi,1441,1.760841e-01
jacobi,1442,1.758719e-01
jacobi,1443,1.756601e-01
jacobi,1444,1.754485e-01
jacobi,1445,1.752372e-01
jacobi,1446,1.750261e-01
jacobi,1447,1.748153e-01
jacobi,1448,1.746047e-01
jacobi,1449,1.743944e-01
jacobi,1450,1.741843e-01
jacobi,1451,1.739745e-01
jacobi,1452,1.737649e-01
jacobi,1453,1.735556e-01
jacobi,1454,1.733466e-01
jacobi,1455,1.731378e-01
jacobi,1456,1.729292e-01
jacobi,1457,1.727209e-01
jacobi,1458,1.725129e-01
jacobi,1459,1.723051e-01
jacobi,1460,1.720975e-01
jacobi,1461,1.718902e-01
jacobi,1462,1.716832e-01
jacobi,1463,1.714764e-01
jacobi,1464,1.712698e-01
jacobi,1465,1.710635e-01
jacobi,1466,1.708575e-01
jacobi,1467,1.706517e-01
jacobi,1468,1.704461e-01
jacobi,1469,1.702408e-01
jacobi,1470,1.700357e-01
jacobi,1471,1.698309e-01
jacobi,1472,1.696263e-01
jacobi,1473,1.694220e-01
jacobi,1474,1.692180e-01
jacobi,1475,1.690141e-01
jacobi,1476,1.688105e-01
jacobi,1477,1.686072e-01
jacobi,1478,1.684041e-01
jacobi,1479,1.682013e-01
jacobi,1480,1.679986e-01
jacobi,1481,1.677963e-01
jacobi,1482,1.675942e-01
jacobi,1483,1.673923e-01
jacobi,1484,1.671907e-01
jacobi,1485,1.669893e-01
jacobi,1486,1.667881e-01
jacobi,1487,1.665872e-01
jacobi,1488,1.663866e-01
jacobi,1489,1.661861e-01
jacobi,1490,1.659860e-01
jacobi,1491,1.657860e-01
jacobi,1492,1.655863e-01
jacobi,1493,1.653869e-01
jacobi,1494,1.651877e-01
jacobi,1495,1.649887e-01
jacobi,1496,1.647899e-01
jacobi,1497,1.645914e-01
jacobi,1498,1.643932e-01
jacobi,1499,1.641952e-01
jacobi,1500,1.639974e-01
jacobi,1501,1.637998e-01
jacobi,1502,1.636025e-01
jacobi,1503,1.634055e-01
jacobi,1504,1.632086e-01
jacobi,1505,1.630121e-01
jacobi,1506,1.628157e-01
jacobi,1507,1.626196e-01
jacobi,1508,1.624237e-01
jacobi,1509,1.622281e-01
jacobi,1510,1.620326e-01
jacobi,1511,1.618375e-01
jacobi,1512,1.616425e-01
jacobi,1513,1.614478e-01
jacobi,1514,1.612534e-01
jacobi,1515,1.610591e-01
jacobi,1516,1.608651e-01
jacobi,1517,1.606713e-01
jacobi,1518,1.604778e-01
jacobi,1519,1.602845e-01
jacobi,1520,1.600914e-01
jacobi,1521,1.598986e-01
jacobi,1522,1.597060e-01
jacobi,1523,1.595136e-01
jacobi,1524,1.593215e-01
jacobi,1525,1.591296e-01
jacobi,1526,1.589379e-01
jacobi,1527,1.587464e-01
jacobi,1528,1.585552e-01
jacobi,1529,1.583642e-01
jacobi,1530,1.581735e-01
jacobi,1531,1.579830e-01
jacobi,1532,1.577927e-01
jacobi,1533,1.576026e-01
jacobi,1534,1.574128e-01
jacobi,1535,1.572231e-01
jacobi,1536,1.570338e-01
jacobi,1537,1.568446e-01
jacobi,1538,1.566557e-01
jacobi,1539,1.564670e-01
jacobi,1540,1.562785e-01
jacobi,1541,1.560903e-01
jacobi,1542,1.559022e-01
jacobi,1543,1.557145e-01
jacobi,1544,1.555269e-01
jacobi,1545,1.553396e-01
jacobi,1546,1.551524e-01
jacobi,1547,1.549656e-01
jacobi,1548,1.547789e-01
jacobi,1549,1.545924e-01
jacobi,1550,1.544062e-01
jacobi,1551,1.542202e-01
jacobi,1552,1.540345e-01
jacobi,1553,1.538489e-01
jacobi,1554,1.536636e-01
jacobi,1555,1.534785e-01
jacobi,1556,1.532937e-01
jacobi,1557,1.531090e-01
jacobi,1558,1.529246e-01
jacobi,1559,1.527404e-01
jacobi,1560,1.525564e-01
jacobi,1561,1.523726e-01
jacobi,1562,1.521891e-01
jacobi,1563,1.520058e-01
jacobi,1564,1.518227e-01
jacobi,1565,1.516398e-01
jacobi,1566,1.514571e-01
jacobi,1567,1.512747e-01
jacobi,1568,1.510925e-01
jacobi,1569,1.509105e-01
jacobi,1570,1.507287e-01
jacobi,1571,1.505472e-01
jacobi,1572,1.503658e-01
jacobi,1573,1.501847e-01
jacobi,1574,1.500038e-01
jacobi,1575,1.498231e-01
jacobi,1576,1.496426e-01
jacobi,1577,1.494624e-01
jacobi,1578,1.492823e-01
jacobi,1579,1.491025e-01
jacobi,1580,1.489229e-01
jacobi,1581,1.487435e-01
jacobi,1582,1.485644e-01
jacobi,1583,1.483854e-01
jacobi,1584,1.482067e-01
jacobi,1585,1.480282e-01
jacobi,1586,1.478499e-01
jacobi,1587,1.476718e-01
jacobi,1588,1.474939e-01
jacobi,1589,1.473162e-01
jacobi,1590,1.471388e-01
jacobi,1591,1.469615e-01
jacobi,1592,1.467845e-01
jacobi,1593,1.466077e-01
jacobi,1594,1.464311e-01
jacobi,1595,1.462547e-01
jacobi,1596,1.460786e-01
jacobi,1597,1.459026e-01
jacobi,1598,1.457269e-01
jacobi,1599,1.455513e-01
jacobi,1600,1.453760e-01
jacobi,1601,1.452009e-01
jacobi,1602,1.450260e-01
jacobi,1603,1.448513e-01
jacobi,1604,1.446768e-01
jacobi,1605,1.445026e-01
jacobi,1606,1.443285e-01
jacobi,1607,1.441546e-01
jacobi,1608,1.439810e-01
jacobi,1609,1.438076e-01
jacobi,1610,1.436344e-01
jacobi,1611,1.434613e-01
jacobi,1612,1.432885e-01
jacobi,1613,1.431159e-01
jacobi,1614,1.429435e-01
jacobi,1615,1.427714e-01
jacobi,1616,1.425994e-01
jacobi,1617,1.424276e-01
jacobi,1618,1.422561e-01
jacobi,1619,1.420847e-01
jacobi,1620,1.419136e-01
jacobi,1621,1.417426e-01
jacobi,1622,1.415719e-01
jacobi,1623,1.414014e-01
jacobi,1624,1.412310e-01
jacobi,1625,1.410609e-01
jacobi,1626,1.408910e-01
jacobi,1627,1.407213e-01
jacobi,1628,1.405518e-01
jacobi,1629,1.403825e-01
jacobi,1630,1.402134e-01
jacobi,1631,1.400445e-01
jacobi,1632,1.398758e-01
jacobi,1633,1.397073e-01
jacobi,1634,1.395390e-01
jacobi,1635,1.393710e-01
jacobi,1636,1.392031e-01
jacobi,1637,1.390354e-01
jacobi,1638,1.388679e-01
jacobi,1639,1.387006e-01
jacobi,1640,1.385336e-01
jacobi,1641,1.383667e-01
jacobi,1642,1.382000e-01
jacobi,1643,1.380336e-01
jacobi,1644,1.378673e-01
jacobi,1645,1.377012e-01
jacobi,1646,1.375354e-01
jacobi,1647,1.373697e-01
jacobi,1648,1.372042e-01
jacobi,1649,1.370390e-01
jacobi,1650,1.368739e-01
jacobi,1651,1.367090e-01
jacobi,1652,1.365444e-01
jacobi,1653,1.363799e-01
jacobi,1654,1.362156e-01
jacobi,1655,1.360515e-01
jacobi,1656,1.358876e-01
jacobi,1657,1.357240e-01
jacobi,1658,1.355605e-01
jacobi,1659,1.353972e-01
jacobi,1660,1.352341e-01
jacobi,1661,1.350712e-01
jacobi,1662,1.349085e-01
jacobi,1663,1.347460e-01
jacobi,1664,1.345837e-01
jacobi,1665,1.344216e-01
jacobi,1666,1.342597e-01
jacobi,1667,1.340979e-01
jacobi,1668,1.339364e-01
jacobi,1669,1.337751e-01
jacobi,1670,1.336139e-01
jacobi,1671,1.334530e-01
jacobi,1672,1.332923e-01
jacobi,1673,1.331317e-01
jacobi,1674,1.329713e-01
jacobi,1675,1.328112e-01
jacobi,1676,1.326512e-01
jacobi,1677,1.324914e-01
jacobi,1678,1.323318e-01
jacobi,1679,1.321724e-01
jacobi,1680,1.320132e-01
jacobi,1681,1.318542e-01
jacobi,1682,1.316954e-01
jacobi,1683,1.315367e-01
jacobi,1684,1.313783e-01
jacobi,1685,1.312200e-01
jacobi,1686,1.310620e-01
jacobi,1687,1.309041e-01
jacobi,1688,1.307464e-01
jacobi,1689,1.305889e-01
jacobi,1690,1.304316e-01
jacobi,1691,1.302745e-01
jacobi,1692,1.301176e-01
jacobi,1693,1.299609e-01
jacobi,1694,1.298043e-01
jacobi,1695,1.296480e-01
jacobi,1696,1.294918e-01
jacobi,1697,1.293358e-01
jacobi,1698,1.291800e-01
jacobi,1699,1.290244e-01
jacobi,1700,1.288690e-01
jacobi,1701,1.287138e-01
jacobi,1702,1.285588e-01
jacobi,1703,1.284039e-01
jacobi,1704,1.282492e-01
jacobi,1705,1.280947e-01
jacobi,1706,1.279405e-01
jacobi,1707,1.277863e-01
jacobi,1708,1.276324e-01
jacobi,1709,1.274787e-01
jacobi,1710,1.273251e-01
jacobi,1711,1.271718e-01
jacobi,1712,1.270186e-01
jacobi,1713,1.268656e-01
jacobi,1714,1.267128e-01
jacobi,1715,1.265601e-01
jacobi,1716,1.264077e-01
jacobi,1717,1.262554e-01
jacobi,1718,1.261033e-01
jacobi,1719,1.259514e-01
jacobi,1720,1.257997e-01
jacobi,1721,1.256482e-01
jacobi,1722,1.254968e-01
jacobi,1723,1.253457e-01
jacobi,1724,1.251947e-01
jacobi,1725,1.250439e-01
jacobi,1726,1.248933e-01
jacobi,1727,1.247428e-01
jacobi,1728,1.245926e-01
jacobi,1729,1.244425e-01
jacobi,1730,1.242926e-01
jacobi,1731,1.241429e-01
jacobi,1732,1.239933e-01
jacobi,1733,1.238440e-01
jacobi,1734,1.236948e-01
jacobi,1735,1.235458e-01
jacobi,1736,1.233970e-01
jacobi,1737,1.232484e-01
jacobi,1738,1.230999e-01
jacobi,1739,1.229516e-01
jacobi,1740,1.228035e-01
jacobi,1741,1.226556e-01
jacobi,1742,1.225079e-01
jacobi,1743,1.223603e-01
jacobi,1744,1.222129e-01
jacobi,1745,1.220657e-01
jacobi,1746,1.219187e-01
jacobi,1747,1.217718e-01
jacobi,1748,1.216251e-01
jacobi,1749,1.214786e-01
jacobi,1750,1.213323e-01
jacobi,1751,1.211861e-01
jacobi,1752,1.210402e-01
jacobi,1753,1.208944e-01
jacobi,1754,1.207488e-01
jacobi,1755,1.206033e-01
jacobi,1756,1.204580e-01
jacobi,1757,1.203129e-01
jacobi,1758,1.201680e-01
jacobi,1759,1.200233e-01
jacobi,1760,1.198787e-01
jacobi,1761,1.197343e-01
jacobi,1762,1.195901e-01
jacobi,1763,1.194460e-01
jacobi,1764,1.193021e-01
jacobi,1765,1.191584e-01
jacobi,1766,1.190149e-01
jacobi,1767,1.188715e-01
jacobi,1768,1.187284e-01
jacobi,1769,1.185853e-01
jacobi,1770,1.184425e-01
jacobi,1771,1.182998e-01
jacobi,1772,1.181573e-01
jacobi,1773,1.180150e-01
jacobi,1774,1.178729e-01
jacobi,1775,1.177309e-01
jacobi,1776,1.175891e-01
jacobi,1777,1.174474e-01
jacobi,1778,1.173060e-01
jacobi,1779,1.171647e-01
jacobi,1780,1.170235e-01
jacobi,1781,1.168826e-01
jacobi,1782,1.167418e-01
jacobi,1783,1.166012e-01
jacobi,1784,1.164607e-01
jacobi,1785,1.163204e-01
jacobi,1786,1.161803e-01
jacobi,1787,1.160404e-01
jacobi,1788,1.159006e-01
jacobi,1789,1.157610e-01
jacobi,1790,1.156215e-01
jacobi,1791,1.154823e-01
jacobi,1792,1.153432e-01
jacobi,1793,1.152042e-01
jacobi,1794,1.150655e-01
jacobi,1795,1.149269e-01
jacobi,1796,1.147884e-01
jacobi,1797,1.146502e-01
jacobi,1798,1.145121e-01
jacobi,1799,1.143741e-01
jacobi,1800,1.142364e-01
jacobi,1801,1.140987e-01
jacobi,1802,1.139613e-01
jacobi,1803,1.138240e-01
jacobi,1804,1.136869e-01
jacobi,1805,1.135500e-01
jacobi,1806,1.134132e-01
jacobi,1807,1.132766e-01
jacobi,1808,1.131402e-01
jacobi,1809,1.130039e-01
jacobi,1810,1.128678e-01
jacobi,1811,1.127318e-01
jacobi,1812,1.125960e-01
jacobi,1813,1.124604e-01
jacobi,1814,1.123249e-01
jacobi,1815,1.121896e-01
jacobi,1816,1.120545e-01
jacobi,1817,1.119195e-01
jacobi,1818,1.117847e-01
jacobi,1819,1.116501e-01
jacobi,1820,1.115156e-01
jacobi,1821,1.113812e-01
jacobi,1822,1.112471e-01
jacobi,1823,1.111131e-01
jacobi,1824,1.109792e-01
jacobi,1825,1.108456e-01
jacobi,1826,1.107120e-01
jacobi,1827,1.105787e-01
jacobi,1828,1.104455e-01
jacobi,1829,1.103124e-01
jacobi,1830,1.101796e-01
jacobi,1831,1.100469e-01
jacobi,1832,1.099143e-01
jacobi,1833,1.097819e-01
jacobi,1834,1.096497e-01
jacobi,1835,1.095176e-01
jacobi,1836,1.093857e-01
jacobi,1837,1.092539e-01
jacobi,1838,1.091223e-01
jacobi,1839,1.089909e-01
jacobi,1840,1.088596e-01
jacobi,1841,1.087285e-01
jacobi,1842,1.085975e-01
jacobi,1843,1.084667e-01
jacobi,1844,1.083360e-01
jacobi,1845,1.082055e-01
jacobi,1846,1.080752e-01
jacobi,1847,1.079450e-01
jacobi,1848,1.078150e-01
jacobi,1849,1.076851e-01
jacobi,1850,1.075554e-01
jacobi,1851,1.074258e-01
jacobi,1852,1.072964e-01
jacobi,1853,1.071672e-01
jacobi,1854,1.070381e-01
jacobi,1855,1.069092e-01
jacobi,1856,1.067804e-01
jacobi,1857,1.066518e-01
jacobi,1858,1.065233e-01
jacobi,1859,1.063950e-01
jacobi,1860,1.062668e-01
jacobi,1861,1.061388e-01
jacobi,1862,1.060110e-01
jacobi,1863,1.058833e-01
jacobi,1864,1.057558e-01
jacobi,1865,1.056284e-01
jacobi,1866,1.055011e-01
jacobi,1867,1.053741e-01
jacobi,1868,1.052471e-01
jacobi,1869,1.051204e-01
jacobi,1870,1.049937e-01
jacobi,1871,1.048673e-01
jacobi,1872,1.047409e-01
jacobi,1873,1.046148e-01
jacobi,1874,1.044888e-01
jacobi,1875,1.043629e-01
jacobi,1876,1.042372e-01
jacobi,1877,1.041116e-01
jacobi,1878,1.039862e-01
jacobi,1879,1.038610e-01
jacobi,1880,1.037359e-01
jacobi,1881,1.036109e-01
jacobi,1882,1.034861e-01
jacobi,1883,1.033615e-01
jacobi,1884,1.032370e-01
jacobi,1885,1.031126e-01
jacobi,1886,1.029884e-01
jacobi,1887,1.028643e-01
jacobi,1888,1.027404e-01
jacobi,1889,1.026167e-01
jacobi,1890,1.024931e-01
jacobi,1891,1.023696e-01
jacobi,1892,1.022463e-01
jacobi,1893,1.021232e-01
jacobi,1894,1.020001e-01
jacobi,1895,1.018773e-01
jacobi,1896,1.017546e-01
jacobi,1897,1.016320e-01
jacobi,1898,1.015096e-01
jacobi,1899,1.013873e-01
jacobi,1900,1.012652e-01
jacobi,1901,1.011432e-01
jacobi,1902,1.010214e-01
jacobi,1903,1.008997e-01
jacobi,1904,1.007781e-01
jacobi,1905,1.006568e-01
jacobi,1906,1.005355e-01
jacobi,1907,1.004144e-01
jacobi,1908,1.002935e-01
jacobi,1909,1.001726e-01
jacobi,1910,1.000520e-01
jacobi,1911,9.993147e-02
jacobi,1912,9.981109e-02
jacobi,1913,9.969087e-02
jacobi,1914,9.957079e-02
jacobi,1915,9.945085e-02
jacobi,1916,9.933106e-02
jacobi,1917,9.921141e-02
jacobi,1918,9.909190e-02
jacobi,1919,9.897254e-02
jacobi,1920,9.885332e-02
jacobi,1921,9.873425e-02
jacobi,1922,9.861532e-02
jacobi,1923,9.849654e-02
jacobi,1924,9.837789e-02
jacobi,1925,9.825939e-02
jacobi,1926,9.814103e-02
jacobi,1927,9.802282e-02
jacobi,1928,9.790475e-02
jacobi,1929,9.778682e-02
jacobi,1930,9.766903e-02
jacobi,1931,9.755138e-02
jacobi,1932,9.743388e-02
jacobi,1933,9.731651e-02
jacobi,1934,9.719929e-02
jacobi,1935,9.708221e-02
jacobi,1936,9.696527e-02
jacobi,1937,9.684847e-02
jacobi,1938,9.673181e-02
jacobi,1939,9.661529e-02
jacobi,1940,9.649892e-02
jacobi,1941,9.638268e-02
jacobi,1942,9.626658e-02
jacobi,1943,9.615063e-02
jacobi,1944,9.603481e-02
jacobi,1945,9.591913e-02
jacobi,1946,9.580359e-02
jacobi,1947,9.568819e-02
jacobi,1948,9.557293e-02
jacobi,1949,9.545781e-02
jacobi,1950,9.534283e-02
jacobi,1951,9.522798e-02
jacobi,1952,9.511328e-02
jacobi,1953,9.499871e-02
jacobi,1954,9.488428e-02
jacobi,1955,9.476998e-02
jacobi,1956,9.465583e-02
jacobi,1957,9.454181e-02
jacobi,1958,9.442793e-02
jacobi,1959,9.431419e-02
jacobi,1960,9.420058e-02
jacobi,1961,9.408712e-02
jacobi,1962,9.397378e-02
jacobi,1963,9.386059e-02
jacobi,1964,9.374753e-02
jacobi,1965,9.363461e-02
jacobi,1966,9.352182e-02
jacobi,1967,9.340917e-02
jacobi,1968,9.329665e-02
jacobi,1969,9.318427e-02
jacobi,1970,9.307203e-02
jacobi,1971,9.295992e-02
jacobi,1972,9.284794e-02
jacobi,1973,9.273611e-02
jacobi,1974,9.262440e-02
jacobi,1975,9.251283e-02
jacobi,1976,9.240139e-02
jacobi,1977,9.229009e-02
jacobi,1978,9.217893e-02
jacobi,1979,9.206789e-02
jacobi,1980,9.195699e-02
jacobi,1981,9.184623e-02
jacobi,1982,9.173559e-02
jacobi,1983,9.162509e-02
jacobi,1984,9.151473e-02
jacobi,1985,9.140449e-02
jacobi,1986,9.129439e-02
jacobi,1987,9.118443e-02
jacobi,1988,9.107459e-02
jacobi,1989,9.096489e-02
jacobi,1990,9.085531e-02
jacobi,1991,9.074588e-02
jacobi,1992,9.063657e-02
jacobi,1993,9.052739e-02
jacobi,1994,9.041835e-02
jacobi,1995,9.030944e-02
jacobi,1996,9.020065e-02
jacobi,1997,9.009200e-02
jacobi,1998,8.998348e-02
jacobi,1999,8.987509e-02
jacobi,2000,8.976684e-02
jacobi,2001,8.965871e-02
jacobi,2002,8.955071e-02
jacobi,2003,8.944284e-02
jacobi,2004,8.933510e-02
jacobi,2005,8.922750e-02
jacobi,2006,8.912002e-02
jacobi,2007,8.901267e-02
jacobi,2008,8.890545e-02
jacobi,2009,8.879836e-02
jacobi,2010,8.869140e-02
jacobi,2011,8.858456e-02
jacobi,2012,8.847786e-02
jacobi,2013,8.837129e-02
jacobi,2014,8.826484e-02
jacobi,2015,8.815852e-02
jacobi,2016,8.805233e-02
jacobi,2017,8.794627e-02
jacobi,2018,8.784033e-02
jacobi,2019,8.773452e-02
jacobi,2020,8.762884e-02
jacobi,2021,8.752329e-02
jacobi,2022,8.741786e-02
jacobi,2023,8.731257e-02
jacobi,2024,8.720739e-02
jacobi,2025,8.710235e-02
jacobi,2026,8.699743e-02
jacobi,2027,8.689264e-02
jacobi,2028,8.678797e-02
jacobi,2029,8.668343e-02
jacobi,2030,8.657902e-02
jacobi,2031,8.647473e-02
jacobi,2032,8.637057e-02
jacobi,2033,8.626653e-02
jacobi,2034,8.616262e-02
jacobi,2035,8.605883e-02
jacobi,2036,8.595517e-02
jacobi,2037,8.585163e-02
jacobi,2038,8.574822e-02
jacobi,2039,8.564493e-02
jacobi,2040,8.554177e-02
jacobi,2041,8.543873e-02
jacobi,2042,8.533582e-02
jacobi,2043,8.523303e-02
jacobi,2044,8.513036e-02
jacobi,2045,8.502782e-02
jacobi,2046,8.492540e-02
jacobi,2047,8.482310e-02
jacobi,2048,8.472093e-02
jacobi,2049,8.461888e-02
jacobi,2050,8.451695e-02
jacobi,2051,8.441515e-02
jacobi,2052,8.431346e-02
jacobi,2053,8.421190e-02
jacobi,2054,8.411047e-02
jacobi,2055,8.400915e-02
jacobi,2056,8.390796e-02
jacobi,2057,8.380689e-02
jacobi,2058,8.370594e-02
jacobi,2059,8.360511e-02
jacobi,2060,8.350441e-02
jacobi,2061,8.340382e-02
jacobi,2062,8.330336e-02
jacobi,2063,8.320302e-02
jacobi,2064,8.310279e-02
jacobi,2065,8.300269e-02
jacobi,2066,8.290271e-02
jacobi,2067,8.280285e-02
jacobi,2068,8.270311e-02
jacobi,2069,8.260349e-02
jacobi,2070,8.250399e-02
jacobi,2071,8.240461e-02
jacobi,2072,8.230535e-02
jacobi,2073,8.220621e-02
jacobi,2074,8.210719e-02
jacobi,2075,8.200829e-02
jacobi,2076,8.190951e-02
jacobi,2077,8.181085e-02
jacobi,2078,8.171230e-02
jacobi,2079,8.161387e-02
jacobi,2080,8.151557e-02
jacobi,2081,8.141738e-02
jacobi,2082,8.131931e-02
jacobi,2083,8.122135e-02
jacobi,2084,8.112352e-02
jacobi,2085,8.102580e-02
jacobi,2086,8.092820e-02
jacobi,2087,8.083072e-02
jacobi,2088,8.073336e-02
jacobi,2089,8.063611e-02
jacobi,2090,8.053898e-02
jacobi,2091,8.044197e-02
jacobi,2092,8.034507e-02
jacobi,2093,8.024829e-02
jacobi,2094,8.015163e-02
jacobi,2095,8.005509e-02
jacobi,2096,7.995866e-02
jacobi,2097,7.986234e-02
jacobi,2098,7.976614e-02
jacobi,2099,7.967006e-02
jacobi,2100,7.957410e-02
jacobi,2101,7.947825e-02
jacobi,2102,7.938251e-02
jacobi,2103,7.928689e-02
jacobi,2104,7.919139e-02
jacobi,2105,7.909600e-02
jacobi,2106,7.900072e-02
jacobi,2107,7.890556e-02
jacobi,2108,7.881052e-02
jacobi,2109,7.871559e-02
jacobi,2110,7.862077e-02
jacobi,2111,7.852607e-02
jacobi,2112,7.843148e-02
jacobi,2113,7.833701e-02
jacobi,2114,7.824265e-02
jacobi,2115,7.814840e-02
jacobi,2116,7.805427e-02
jacobi,2117,7.796025e-02
jacobi,2118,7.786634e-02
jacobi,2119,7.777255e-02
jacobi,2120,7.767887e-02
jacobi,2121,7.758530e-02
jacobi,2122,7.749184e-02
jacobi,2123,7.739850e-02
jacobi,2124,7.730527e-02
jacobi,2125,7.721215e-02
jacobi,2126,7.711915e-02
jacobi,2127,7.702625e-02
jacobi,2128,7.693347e-02
jacobi,2129,7.684080e-02
jacobi,2130,7.674824e-02
jacobi,2131,7.665580e-02
jacobi,2132,7.656346e-02
jacobi,2133,7.647124e-02
jacobi,2134,7.637913e-02
jacobi,2135,7.628712e-02
jacobi,2136,7.619523e-02
jacobi,2137,7.610345e-02
jacobi,2138,7.601178e-02
jacobi,2139,7.592022e-02
jacobi,2140,7.582877e-02
jacobi,2141,7.573743e-02
jacobi,2142,7.564621e-02
jacobi,2143,7.555509e-02
jacobi,2144,7.546408e-02
jacobi,2145,7.537318e-02
jacobi,2146,7.528239e-02
jacobi,2147,7.519171e-02
jacobi,2148,7.510113e-02
jacobi,2149,7.501067e-02
jacobi,2150,7.492032e-02
jacobi,2151,7.483007e-02
jacobi,2152,7.473994e-02
jacobi,2153,7.464991e-02
jacobi,2154,7.455999e-02
jacobi,2155,7.447018e-02
jacobi,2156,7.438048e-02
jacobi,2157,7.429088e-02
jacobi,2158,7.420140e-02
jacobi,2159,7.411202e-02
jacobi,2160,7.402275e-02
jacobi,2161,7.393358e-02
jacobi,2162,7.384453e-02
jacobi,2163,7.375558e-02
jacobi,2164,7.366674e-02
jacobi,2165,7.357800e-02
jacobi,2166,7.348937e-02
jacobi,2167,7.340085e-02
jacobi,2168,7.331244e-02
jacobi,2169,7.322413e-02
jacobi,2170,7.313593e-02
jacobi,2171,7.304783e-02
jacobi,2172,7.295984e-02
jacobi,2173,7.287196e-02
jacobi,2174,7.278418e-02
jacobi,2175,7.269651e-02
jacobi,2176,7.260894e-02
jacobi,2177,7.252148e-02
jacobi,2178,7.243413e-02
jacobi,2179,7.234688e-02
jacobi,2180,7.225973e-02
jacobi,2181,7.217269e-02
jacobi,2182,7.208576e-02
jacobi,2183,7.199893e-02
jacobi,2184,7.191220e-02
jacobi,2185,7.182558e-02
jacobi,2186,7.173906e-02
jacobi,2187,7.165265e-02
jacobi,2188,7.156634e-02
jacobi,2189,7.148014e-02
jacobi,2190,7.139404e-02
jacobi,2191,7.130804e-02
jacobi,2192,7.122214e-02
jacobi,2193,7.113635e-02
jacobi,2194,7.105067e-02
jacobi,2195,7.096508e-02
jacobi,2196,7.087960e-02
jacobi,2197,7.079423e-02
jacobi,2198,7.070895e-02
jacobi,2199,7.062378e-02
jacobi,2200,7.053871e-02
jacobi,2201,7.045374e-02
jacobi,2202,7.036888e-02
jacobi,2203,7.028412e-02
jacobi,2204,7.019946e-02
jacobi,2205,7.011490e-02
jacobi,2206,7.003044e-02
jacobi,2207,6.994609e-02
jacobi,2208,6.986183e-02
jacobi,2209,6.977768e-02
jacobi,2210,6.969363e-02
jacobi,2211,6.960968e-02
jacobi,2212,6.952583e-02
jacobi,2213,6.944209e-02
jacobi,2214,6.935844e-02
jacobi,2215,6.927490e-02
jacobi,2216,6.919145e-02
jacobi,2217,6.910811e-02
jacobi,2218,6.902486e-02
jacobi,2219,6.894172e-02
jacobi,2220,6.885868e-02
jacobi,2221,6.877573e-02
jacobi,2222,6.869289e-02
jacobi,2223,6.861015e-02
jacobi,2224,6.852750e-02
jacobi,2225,6.844496e-02
jacobi,2226,6.836251e-02
jacobi,2227,6.828017e-02
jacobi,2228,6.819792e-02
jacobi,2229,6.811577e-02
jacobi,2230,6.803372e-02
jacobi,2231,6.795178e-02
jacobi,2232,6.786992e-02
jacobi,2233,6.778817e-02
jacobi,2234,6.770652e-02
jacobi,2235,6.762496e-02
jacobi,2236,6.754351e-02
jacobi,2237,6.746215e-02
jacobi,2238,6.738089e-02
jacobi,2239,6.729972e-02
jacobi,2240,6.721866e-02
jacobi,2241,6.713769e-02
jacobi,2242,6.705682e-02
jacobi,2243,6.697605e-02
jacobi,2244,6.689537e-02
jacobi,2245,6.681479e-02
jacobi,2246,6.673431e-02
jacobi,2247,6.665393e-02
jacobi,2248,6.657364e-02
jacobi,2249,6.649345e-02
jacobi,2250,6.641335e-02
jacobi,2251,6.633336e-02
jacobi,2252,6.625345e-02
jacobi,2253,6.617365e-02
jacobi,2254,6.609394e-02
jacobi,2255,6.601433e-02
jacobi,2256,6.593481e-02
jacobi,2257,6.585539e-02
jacobi,2258,6.577606e-02
jacobi,2259,6.569683e-02
jacobi,2260,6.561770e-02
jacobi,2261,6.553866e-02
jacobi,2262,6.545971e-02
jacobi,2263,6.538086e-02
jacobi,2264,6.530211e-02
jacobi,2265,6.522345e-02
jacobi,2266,6.514489e-02
jacobi,2267,6.506642e-02
jacobi,2268,6.498804e-02
jacobi,2269,6.490976e-02
jacobi,2270,6.483157e-02
jacobi,2271,6.475348e-02
jacobi,2272,6.467548e-02
jacobi,2273,6.459758e-02
jacobi,2274,6.451977e-02
jacobi,2275,6.444205e-02
jacobi,2276,6.436443e-02
jacobi,2277,6.428690e-02
jacobi,2278,6.420946e-02
jacobi,2279,6.413212e-02
jacobi,2280,6.405487e-02
jacobi,2281,6.397771e-02
jacobi,2282,6.390065e-02
jacobi,2283,6.382368e-02
jacobi,2284,6.374680e-02
jacobi,2285,6.367001e-02
jacobi,2286,6.359332e-02
jacobi,2287,6.351672e-02
jacobi,2288,6.344021e-02
jacobi,2289,6.336379e-02
jacobi,2290,6.328747e-02
jacobi,2291,6.321124e-02
jacobi,2292,6.313510e-02
jacobi,2293,6.305905e-02
jacobi,2294,6.298309e-02
jacobi,2295,6.290722e-02
jacobi,2296,6.283145e-02
jacobi,2297,6.275577e-02
jacobi,2298,6.268017e-02
jacobi,2299,6.260467e-02
jacobi,2300,6.252926e-02
jacobi,2301,6.245394e-02
jacobi,2302,6.237871e-02
jacobi,2303,6.230358e-02
jacobi,2304,6.222853e-02
jacobi,2305,6.215357e-02
jacobi,2306,6.207871e-02
jacobi,2307,6.200393e-02
jacobi,2308,6.192924e-02
jacobi,2309,6.185465e-02
jacobi,2310,6.178014e-02
jacobi,2311,6.170572e-02
jacobi,2312,6.163140e-02
jacobi,2313,6.155716e-02
jacobi,2314,6.148301e-02
jacobi,2315,6.140895e-02
jacobi,2316,6.133498e-02
jacobi,2317,6.126110e-02
jacobi,2318,6.118731e-02
jacobi,2319,6.111361e-02
jacobi,2320,6.103999e-02
jacobi,2321,6.096647e-02
jacobi,2322,6.089303e-02
jacobi,2323,6.081968e-02
jacobi,2324,6.074642e-02
jacobi,2325,6.067325e-02
jacobi,2326,6.060017e-02
jacobi,2327,6.052717e-02
jacobi,2328,6.045426e-02
jacobi,2329,6.038144e-02
jacobi,2330,6.030871e-02
jacobi,2331,6.023607e-02
jacobi,2332,6.016351e-02
jacobi,2333,6.009104e-02
jacobi,2334,6.001866e-02
jacobi,2335,5.994636e-02
jacobi,2336,5.987415e-02
jacobi,2337,5.980203e-02
jacobi,2338,5.973000e-02
jacobi,2339,5.965805e-02
jacobi,2340,5.958619e-02
jacobi,2341,5.951442e-02
jacobi,2342,5.944273e-02
jacobi,2343,5.937113e-02
jacobi,2344,5.929961e-02
jacobi,2345,5.922818e-02
jacobi,2346,5.915684e-02
jacobi,2347,5.908558e-02
jacobi,2348,5.901441e-02
jacobi,2349,5.894333e-02
jacobi,2350,5.887233e-02
jacobi,2351,5.880141e-02
jacobi,2352,5.873058e-02
jacobi,2353,5.865984e-02
jacobi,2354,5.858918e-02
jacobi,2355,5.851861e-02
jacobi,2356,5.844812e-02
jacobi,2357,5.837772e-02
jacobi,2358,5.830740e-02
jacobi,2359,5.823716e-02
jacobi,2360,5.816702e-02
jacobi,2361,5.809695e-02
jacobi,2362,5.802697e-02
jacobi,2363,5.795707e-02
jacobi,2364,5.788726e-02
jacobi,2365,5.781754e-02
jacobi,2366,5.774789e-02
jacobi,2367,5.767833e-02
jacobi,2368,5.760886e-02
jacobi,2369,5.753946e-02
jacobi,2370,5.747015e-02
jacobi,2371,5.740093e-02
jacobi,2372,5.733179e-02
jacobi,2373,5.726273e-02
jacobi,2374,5.719375e-02
jacobi,2375,5.712486e-02
jacobi,2376,5.705605e-02
jacobi,2377,5.698732e-02
jacobi,2378,5.691868e-02
jacobi,2379,5.685012e-02
jacobi,2380,5.678164e-02
jacobi,2381,5.671325e-02
jacobi,2382,5.664493e-02
jacobi,2383,5.657670e-02
jacobi,2384,5.650855e-02
jacobi,2385,5.644048e-02
jacobi,2386,5.637250e-02
jacobi,2387,5.630460e-02
jacobi,2388,5.623677e-02
jacobi,2389,5.616904e-02
jacobi,2390,5.610138e-02
jacobi,2391,5.603380e-02
jacobi,2392,5.596631e-02
jacobi,2393,5.589889e-02
jacobi,2394,5.583156e-02
jacobi,2395,5.576431e-02
jacobi,2396,5.569714e-02
jacobi,2397,5.563005e-02
jacobi,2398,5.556304e-02
jacobi,2399,5.549611e-02
jacobi,2400,5.542926e-02
jacobi,2401,5.536250e-02
jacobi,2402,5.529581e-02
jacobi,2403,5.522920e-02
jacobi,2404,5.516268e-02
jacobi,2405,5.509623e-02
jacobi,2406,5.502987e-02
jacobi,2407,5.496358e-02
jacobi,2408,5.489737e-02
jacobi,2409,5.483125e-02
jacobi,2410,5.476520e-02
jacobi,2411,5.469923e-02
jacobi,2412,5.463335e-02
jacobi,2413,5.456754e-02
jacobi,2414,5.450181e-02
jacobi,2415,5.443616e-02
jacobi,2416,5.437059e-02
jacobi,2417,5.430510e-02
jacobi,2418,5.423968e-02
jacobi,2419,5.417435e-02
jacobi,2420,5.410909e-02
jacobi,2421,5.404392e-02
jacobi,2422,5.397882e-02
jacobi,2423,5.391380e-02
jacobi,2424,5.384886e-02
jacobi,2425,5.378399e-02
jacobi,2426,5.371921e-02
jacobi,2427,5.365450e-02
jacobi,2428,5.358987e-02
jacobi,2429,5.352532e-02
jacobi,2430,5.346085e-02
jacobi,2431,5.339645e-02
jacobi,2432,5.333213e-02
jacobi,2433,5.326789e-02
jacobi,2434,5.320373e-02
jacobi,2435,5.313964e-02
jacobi,2436,5.307563e-02
jacobi,2437,5.301170e-02
jacobi,2438,5.294785e-02
jacobi,2439,5.288407e-02
jacobi,2440,5.282037e-02
jacobi,2441,5.275674e-02
jacobi,2442,5.269320e-02
jacobi,2443,5.262972e-02
jacobi,2444,5.256633e-02
jacobi,2445,5.250301e-02
jacobi,2446,5.243977e-02
jacobi,2447,5.237660e-02
jacobi,2448,5.231351e-02
jacobi,2449,5.225050e-02
jacobi,2450,5.218756e-02
jacobi,2451,5.212470e-02
jacobi,2452,5.206191e-02
jacobi,2453,5.199920e-02
jacobi,2454,5.193657e-02
jacobi,2455,5.187401e-02
jacobi,2456,5.181152e-02
jacobi,2457,5.174911e-02
jacobi,2458,5.168678e-02
jacobi,2459,5.162452e-02
jacobi,2460,5.156234e-02
jacobi,2461,5.150023e-02
jacobi,2462,5.143819e-02
jacobi,2463,5.137623e-02
jacobi,2464,5.131435e-02
jacobi,2465,5.125254e-02
jacobi,2466,5.119080e-02
jacobi,2467,5.112914e-02
jacobi,2468,5.106755e-02
jacobi,2469,5.100604e-02
jacobi,2470,5.094460e-02
jacobi,2471,5.088324e-02
jacobi,2472,5.082194e-02
jacobi,2473,5.076073e-02
jacobi,2474,5.069958e-02
jacobi,2475,5.063851e-02
jacobi,2476,5.057752e-02
jacobi,2477,5.051659e-02
jacobi,2478,5.045574e-02
jacobi,2479,5.039497e-02
jacobi,2480,5.033427e-02
jacobi,2481,5.027364e-02
jacobi,2482,5.021308e-02
jacobi,2483,5.015260e-02
jacobi,2484,5.009218e-02
jacobi,2485,5.003185e-02
jacobi,2486,4.997158e-02
jacobi,2487,4.991139e-02
jacobi,2488,4.985127e-02
jacobi,2489,4.979122e-02
jacobi,2490,4.973124e-02
jacobi,2491,4.967134e-02
jacobi,2492,4.961151e-02
jacobi,2493,4.955175e-02
jacobi,2494,4.949206e-02
jacobi,2495,4.943245e-02
jacobi,2496,4.937290e-02
jacobi,2497,4.931343e-02
jacobi,2498,4.925403e-02
jacobi,2499,4.919470e-02
jacobi,2500,4.913545e-02
jacobi,2501,4.907626e-02
jacobi,2502,4.901715e-02
jacobi,2503,4.895810e-02
jacobi,2504,4.889913e-02
jacobi,2505,4.884023e-02
jacobi,2506,4.878140e-02
jacobi,2507,4.872264e-02
jacobi,2508,4.866395e-02
jacobi,2509,4.860533e-02
jacobi,2510,4.854679e-02
jacobi,2511,4.848831e-02
jacobi,2512,4.842990e-02
jacobi,2513,4.837157e-02
jacobi,2514,4.831330e-02
jacobi,2515,4.825511e-02
jacobi,2516,4.819698e-02
jacobi,2517,4.813892e-02
jacobi,2518,4.808094e-02
jacobi,2519,4.802302e-02
jacobi,2520,4.796518e-02
jacobi,2521,4.790740e-02
jacobi,2522,4.784969e-02
jacobi,2523,4.779206e-02
jacobi,2524,4.773449e-02
jacobi,2525,4.767699e-02
jacobi,2526,4.761956e-02
jacobi,2527,4.756220e-02
jacobi,2528,4.750491e-02
jacobi,2529,4.744769e-02
jacobi,2530,4.739054e-02
jacobi,2531,4.733345e-02
jacobi,2532,4.727644e-02
jacobi,2533,4.721949e-02
jacobi,2534,4.716261e-02
jacobi,2535,4.710580e-02
jacobi,2536,4.704906e-02
jacobi,2537,4.699239e-02
jacobi,2538,4.693579e-02
jacobi,2539,4.687925e-02
jacobi,2540,4.682278e-02
jacobi,2541,4.676638e-02
jacobi,2542,4.671005e-02
jacobi,2543,4.665379e-02
jacobi,2544,4.659759e-02
jacobi,2545,4.654146e-02
jacobi,2546,4.648540e-02
jacobi,2547,4.642941e-02
jacobi,2548,4.637348e-02
jacobi,2549,4.631762e-02
jacobi,2550,4.626183e-02
jacobi,2551,4.620610e-02
jacobi,2552,4.615045e-02
jacobi,2553,4.609486e-02
jacobi,2554,4.603933e-02
jacobi,2555,4.598388e-02
jacobi,2556,4.592849e-02
jacobi,2557,4.587316e-02
jacobi,2558,4.581791e-02
jacobi,2559,4.576272e-02
jacobi,2560,4.570760e-02
jacobi,2561,4.565254e-02
jacobi,2562,4.559755e-02
jacobi,2563,4.554262e-02
jacobi,2564,4.548777e-02
jacobi,2565,4.543297e-02
jacobi,2566,4.537825e-02
jacobi,2567,4.532359e-02
jacobi,2568,4.526899e-02
jacobi,2569,4.521447e-02
jacobi,2570,4.516000e-02
jacobi,2571,4.510561e-02
jacobi,2572,4.505127e-02
jacobi,2573,4.499701e-02
jacobi,2574,4.494281e-02
jacobi,2575,4.488867e-02
jacobi,2576,4.483460e-02
jacobi,2577,4.478060e-02
jacobi,2578,4.472665e-02
jacobi,2579,4.467278e-02
jacobi,2580,4.461897e-02
jacobi,2581,4.456522e-02
jacobi,2582,4.451154e-02
jacobi,2583,4.445793e-02
jacobi,2584,4.440438e-02
jacobi,2585,4.435089e-02
jacobi,2586,4.429747e-02
jacobi,2587,4.424411e-02
jacobi,2588,4.419081e-02
jacobi,2589,4.413758e-02
jacobi,2590,4.408442e-02
jacobi,2591,4.403132e-02
jacobi,2592,4.397828e-02
jacobi,2593,4.392531e-02
jacobi,2594,4.387240e-02
jacobi,2595,4.381955e-02
jacobi,2596,4.376677e-02
jacobi,2597,4.371405e-02
jacobi,2598,4.366139e-02
jacobi,2599,4.360880e-02
jacobi,2600,4.355627e-02
jacobi,2601,4.350381e-02
jacobi,2602,4.345140e-02
jacobi,2603,4.339906e-02
jacobi,2604,4.334679e-02
jacobi,2605,4.329458e-02
jacobi,2606,4.324243e-02
jacobi,2607,4.319034e-02
jacobi,2608,4.313831e-02
jacobi,2609,4.308635e-02
jacobi,2610,4.303445e-02
jacobi,2611,4.298261e-02
jacobi,2612,4.293084e-02
jacobi,2613,4.287913e-02
jacobi,2614,4.282748e-02
jacobi,2615,4.277589e-02
jacobi,2616,4.272437e-02
jacobi,2617,4.267290e-02
jacobi,2618,4.262150e-02
jacobi,2619,4.257016e-02
jacobi,2620,4.251888e-02
jacobi,2621,4.246767e-02
jacobi,2622,4.241651e-02
jacobi,2623,4.236542e-02
jacobi,2624,4.231439e-02
jacobi,2625,4.226342e-02
jacobi,2626,4.221251e-02
jacobi,2627,4.216167e-02
jacobi,2628,4.211088e-02
jacobi,2629,4.206016e-02
jacobi,2630,4.200949e-02
jacobi,2631,4.195889e-02
jacobi,2632,4.190835e-02
jacobi,2633,4.185787e-02
jacobi,2634,4.180745e-02
jacobi,2635,4.175709e-02
jacobi,2636,4.170679e-02
jacobi,2637,4.165655e-02
jacobi,2638,4.160638e-02
jacobi,2639,4.155626e-02
jacobi,2640,4.150620e-02
jacobi,2641,4.145621e-02
jacobi,2642,4.140627e-02
jacobi,2643,4.135640e-02
jacobi,2644,4.130658e-02
jacobi,2645,4.125682e-02
jacobi,2646,4.120713e-02
jacobi,2647,4.115749e-02
jacobi,2648,4.110792e-02
jacobi,2649,4.105840e-02
jacobi,2650,4.100894e-02
jacobi,2651,4.095955e-02
jacobi,2652,4.091021e-02
jacobi,2653,4.086093e-02
jacobi,2654,4.081171e-02
jacobi,2655,4.076255e-02
jacobi,2656,4.071345e-02
jacobi,2657,4.066441e-02
jacobi,2658,4.061543e-02
jacobi,2659,4.056651e-02
jacobi,2660,4.051764e-02
jacobi,2661,4.046884e-02
jacobi,2662,4.042009e-02
jacobi,2663,4.037140e-02
jacobi,2664,4.032277e-02
jacobi,2665,4.027420e-02
jacobi,2666,4.022569e-02
jacobi,2667,4.017724e-02
jacobi,2668,4.012884e-02
jacobi,2669,4.008051e-02
jacobi,2670,4.003223e-02
jacobi,2671,3.998401e-02
jacobi,2672,3.993584e-02
jacobi,2673,3.988774e-02
jacobi,2674,3.983969e-02
jacobi,2675,3.979170e-02
jacobi,2676,3.974377e-02
jacobi,2677,3.969590e-02
jacobi,2678,3.964808e-02
jacobi,2679,3.960033e-02
jacobi,2680,3.955263e-02
jacobi,2681,3.950498e-02
jacobi,2682,3.945740e-02
jacobi,2683,3.940987e-02
jacobi,2684,3.936240e-02
jacobi,2685,3.931499e-02
jacobi,2686,3.926763e-02
jacobi,2687,3.922033e-02
jacobi,2688,3.917309e-02
jacobi,2689,3.912590e-02
jacobi,2690,3.907877e-02
jacobi,2691,3.903170e-02
jacobi,2692,3.898468e-02
jacobi,2693,3.893773e-02
jacobi,2694,3.889082e-02
jacobi,2695,3.884398e-02
jacobi,2696,3.879719e-02
jacobi,2697,3.875046e-02
jacobi,2698,3.870378e-02
jacobi,2699,3.865716e-02
jacobi,2700,3.861059e-02
jacobi,2701,3.856409e-02
jacobi,2702,3.851763e-02
jacobi,2703,3.847124e-02
jacobi,2704,3.842490e-02
jacobi,2705,3.837861e-02
jacobi,2706,3.833238e-02
jacobi,2707,3.828621e-02
jacobi,2708,3.824009e-02
jacobi,2709,3.819403e-02
jacobi,2710,3.814803e-02
jacobi,2711,3.810207e-02
jacobi,2712,3.805618e-02
jacobi,2713,3.801034e-02
jacobi,2714,3.796455e-02
jacobi,2715,3.791882e-02
jacobi,2716,3.787315e-02
jacobi,2717,3.782753e-02
jacobi,2718,3.778196e-02
jacobi,2719,3.773645e-02
jacobi,2720,3.769100e-02
jacobi,2721,3.764560e-02
jacobi,2722,3.760025e-02
jacobi,2723,3.755496e-02
jacobi,2724,3.750972e-02
jacobi,2725,3.746454e-02
jacobi,2726,3.741942e-02
jacobi,2727,3.737434e-02
jacobi,2728,3.732932e-02
jacobi,2729,3.728436e-02
jacobi,2730,3.723945e-02
jacobi,2731,3.719459e-02
jacobi,2732,3.714979e-02
jacobi,2733,3.710504e-02
jacobi,2734,3.706035e-02
jacobi,2735,3.701570e-02
jacobi,2736,3.697112e-02
jacobi,2737,3.692658e-02
jacobi,2738,3.688210e-02
jacobi,2739,3.683768e-02
jacobi,2740,3.679331e-02
jacobi,2741,3.674899e-02
jacobi,2742,3.670472e-02
jacobi,2743,3.666051e-02
jacobi,2744,3.661635e-02
jacobi,2745,3.657224e-02
jacobi,2746,3.652819e-02
jacobi,2747,3.648419e-02
jacobi,2748,3.644024e-02
jacobi,2749,3.639635e-02
jacobi,2750,3.635251e-02
jacobi,2751,3.630872e-02
jacobi,2752,3.626499e-02
jacobi,2753,3.622130e-02
jacobi,2754,3.617767e-02
jacobi,2755,3.613409e-02
jacobi,2756,3.609057e-02
jacobi,2757,3.604710e-02
jacobi,2758,3.600368e-02
jacobi,2759,3.596031e-02
jacobi,2760,3.591699e-02
jacobi,2761,3.587373e-02
jacobi,2762,3.583052e-02
jacobi,2763,3.578736e-02
jacobi,2764,3.574425e-02
jacobi,2765,3.570120e-02
jacobi,2766,3.565819e-02
jacobi,2767,3.561524e-02
jacobi,2768,3.557234e-02
jacobi,2769,3.552949e-02
jacobi,2770,3.548669e-02
jacobi,2771,3.544395e-02
jacobi,2772,3.540126e-02
jacobi,2773,3.535861e-02
jacobi,2774,3.531602e-02
jacobi,2775,3.527348e-02
jacobi,2776,3.523099e-02
jacobi,2777,3.518856e-02
jacobi,2778,3.514617e-02
jacobi,2779,3.510384e-02
jacobi,2780,3.506155e-02
jacobi,2781,3.501932e-02
jacobi,2782,3.497714e-02
jacobi,2783,3.493500e-02
jacobi,2784,3.489292e-02
jacobi,2785,3.485089e-02
jacobi,2786,3.480891e-02
jacobi,2787,3.476699e-02
jacobi,2788,3.472511e-02
jacobi,2789,3.468328e-02
jacobi,2790,3.464150e-02
jacobi,2791,3.459977e-02
jacobi,2792,3.455810e-02
jacobi,2793,3.451647e-02
jacobi,2794,3.447489e-02
jacobi,2795,3.443337e-02
jacobi,2796,3.439189e-02
jacobi,2797,3.435046e-02
jacobi,2798,3.430909e-02
jacobi,2799,3.426776e-02
jacobi,2800,3.422648e-02
jacobi,2801,3.418526e-02
jacobi,2802,3.414408e-02
jacobi,2803,3.410295e-02
jacobi,2804,3.406187e-02
jacobi,2805,3.402084e-02
jacobi,2806,3.397986e-02
jacobi,2807,3.393893e-02
jacobi,2808,3.389805e-02
jacobi,2809,3.385722e-02
jacobi,2810,3.381644e-02
jacobi,2811,3.377570e-02
jacobi,2812,3.373502e-02
jacobi,2813,3.369439e-02
jacobi,2814,3.365380e-02
jacobi,2815,3.361326e-02
jacobi,2816,3.357277e-02
jacobi,2817,3.353233e-02
jacobi,2818,3.349194e-02
jacobi,2819,3.345160e-02
jacobi,2820,3.341131e-02
jacobi,2821,3.337106e-02
jacobi,2822,3.333086e-02
jacobi,2823,3.329071e-02
jacobi,2824,3.325061e-02
jacobi,2825,3.321056e-02
jacobi,2826,3.317056e-02
jacobi,2827,3.313060e-02
jacobi,2828,3.309070e-02
jacobi,2829,3.305084e-02
jacobi,2830,3.301103e-02
jacobi,2831,3.297126e-02
jacobi,2832,3.293155e-02
jacobi,2833,3.289188e-02
jacobi,2834,3.285226e-02
jacobi,2835,3.281269e-02
jacobi,2836,3.277316e-02
jacobi,2837,3.273369e-02
jacobi,2838,3.269426e-02
jacobi,2839,3.265488e-02
jacobi,2840,3.261554e-02
jacobi,2841,3.257626e-02
jacobi,2842,3.253702e-02
jacobi,2843,3.249782e-02
jacobi,2844,3.245868e-02
jacobi,2845,3.241958e-02
jacobi,2846,3.238053e-02
jacobi,2847,3.234153e-02
jacobi,2848,3.230257e-02
jacobi,2849,3.226366e-02
jacobi,2850,3.222480e-02
jacobi,2851,3.218598e-02
jacobi,2852,3.214721e-02
jacobi,2853,3.210849e-02
jacobi,2854,3.206981e-02
jacobi,2855,3.203118e-02
jacobi,2856,3.199260e-02
jacobi,2857,3.195406e-02
jacobi,2858,3.191557e-02
jacobi,2859,3.187713e-02
jacobi,2860,3.183873e-02
jacobi,2861,3.180038e-02
jacobi,2862,3.176208e-02
jacobi,2863,3.172382e-02
jacobi,2864,3.168560e-02
jacobi,2865,3.164744e-02
jacobi,2866,3.160932e-02
jacobi,2867,3.157124e-02
jacobi,2868,3.153321e-02
jacobi,2869,3.149523e-02
jacobi,2870,3.145729e-02
jacobi,2871,3.141940e-02
jacobi,2872,3.138155e-02
jacobi,2873,3.134375e-02
jacobi,2874,3.130600e-02
jacobi,2875,3.126829e-02
jacobi,2876,3.123063e-02
jacobi,2877,3.119301e-02
jacobi,2878,3.115543e-02
jacobi,2879,3.111791e-02
jacobi,2880,3.108042e-02
jacobi,2881,3.104299e-02
jacobi,2882,3.100559e-02
jacobi,2883,3.096825e-02
jacobi,2884,3.093094e-02
jacobi,2885,3.089368e-02
jacobi,2886,3.085647e-02
jacobi,2887,3.081930e-02
jacobi,2888,3.078218e-02
jacobi,2889,3.074510e-02
jacobi,2890,3.070807e-02
jacobi,2891,3.067108e-02
jacobi,2892,3.063413e-02
jacobi,2893,3.059723e-02
jacobi,2894,3.056038e-02
jacobi,2895,3.052357e-02
jacobi,2896,3.048680e-02
jacobi,2897,3.045008e-02
jacobi,2898,3.041340e-02
jacobi,2899,3.037677e-02
jacobi,2900,3.034017e-02
jacobi,2901,3.030363e-02
jacobi,2902,3.026713e-02
jacobi,2903,3.023067e-02
jacobi,2904,3.019425e-02
jacobi,2905,3.015788e-02
jacobi,2906,3.012156e-02
jacobi,2907,3.008528e-02
jacobi,2908,3.004904e-02
jacobi,2909,3.001284e-02
jacobi,2910,2.997669e-02
jacobi,2911,2.994058e-02
jacobi,2912,2.990452e-02
jacobi,2913,2.986849e-02
jacobi,2914,2.983252e-02
jacobi,2915,2.979658e-02
jacobi,2916,2.976069e-02
jacobi,2917,2.972484e-02
jacobi,2918,2.968904e-02
jacobi,2919,2.965328e-02
jacobi,2920,2.961756e-02
jacobi,2921,2.958188e-02
jacobi,2922,2.954625e-02
jacobi,2923,2.951066e-02
jacobi,2924,2.947511e-02
jacobi,2925,2.943961e-02
jacobi,2926,2.940415e-02
jacobi,2927,2.936873e-02
jacobi,2928,2.933335e-02
jacobi,2929,2.929802e-02
jacobi,2930,2.926273e-02
jacobi,2931,2.922748e-02
jacobi,2932,2.919227e-02
jacobi,2933,2.915711e-02
jacobi,2934,2.912199e-02
jacobi,2935,2.908691e-02
jacobi,2936,2.905188e-02
jacobi,2937,2.901688e-02
jacobi,2938,2.898193e-02
jacobi,2939,2.894702e-02
jacobi,2940,2.891215e-02
jacobi,2941,2.887732e-02
jacobi,2942,2.884254e-02
jacobi,2943,2.880780e-02
jacobi,2944,2.877310e-02
jacobi,2945,2.873844e-02
jacobi,2946,2.870382e-02
jacobi,2947,2.866925e-02
jacobi,2948,2.863471e-02
jacobi,2949,2.860022e-02
jacobi,2950,2.856577e-02
jacobi,2951,2.853136e-02
jacobi,2952,2.849700e-02
jacobi,2953,2.846267e-02
jacobi,2954,2.842839e-02
jacobi,2955,2.839414e-02
jacobi,2956,2.835994e-02
jacobi,2957,2.832578e-02
jacobi,2958,2.829166e-02
jacobi,2959,2.825758e-02
jacobi,2960,2.822354e-02
jacobi,2961,2.818955e-02
jacobi,2962,2.815559e-02
jacobi,2963,2.812168e-02
jacobi,2964,2.808780e-02
jacobi,2965,2.805397e-02
jacobi,2966,2.802018e-02
jacobi,2967,2.798643e-02
jacobi,2968,2.795272e-02
jacobi,2969,2.791905e-02
jacobi,2970,2.788542e-02
jacobi,2971,2.785183e-02
jacobi,2972,2.781828e-02
jacobi,2973,2.778477e-02
jacobi,2974,2.775130e-02
jacobi,2975,2.771787e-02
jacobi,2976,2.768449e-02
jacobi,2977,2.765114e-02
jacobi,2978,2.761783e-02
jacobi,2979,2.758457e-02
jacobi,2980,2.755134e-02
jacobi,2981,2.751815e-02
jacobi,2982,2.748501e-02
jacobi,2983,2.745190e-02
jacobi,2984,2.741883e-02
jacobi,2985,2.738580e-02
jacobi,2986,2.735282e-02
jacobi,2987,2.731987e-02
jacobi,2988,2.728696e-02
jacobi,2989,2.725409e-02
jacobi,2990,2.722126e-02
jacobi,2991,2.718848e-02
jacobi,2992,2.715573e-02
jacobi,2993,2.712302e-02
jacobi,2994,2.709034e-02
jacobi,2995,2.705771e-02
jacobi,2996,2.702512e-02
jacobi,2997,2.699257e-02
jacobi,2998,2.696005e-02
jacobi,2999,2.692758e-02
jacobi,3000,2.689514e-02
jacobi,3001,2.686275e-02
jacobi,3002,2.683039e-02
jacobi,3003,2.679807e-02
jacobi,3004,2.676579e-02
jacobi,3005,2.673355e-02
jacobi,3006,2.670135e-02
jacobi,3007,2.666919e-02
jacobi,3008,2.663706e-02
jacobi,3009,2.660498e-02
jacobi,3010,2.657293e-02
jacobi,3011,2.654092e-02
jacobi,3012,2.650895e-02
jacobi,3013,2.647702e-02
jacobi,3014,2.644513e-02
jacobi,3015,2.641327e-02
jacobi,3016,2.638146e-02
jacobi,3017,2.634968e-02
jacobi,3018,2.631794e-02
jacobi,3019,2.628624e-02
jacobi,3020,2.625458e-02
jacobi,3021,2.622295e-02
jacobi,3022,2.619137e-02
jacobi,3023,2.615982e-02
jacobi,3024,2.612831e-02
jacobi,3025,2.609683e-02
jacobi,3026,2.606540e-02
jacobi,3027,2.603400e-02
jacobi,3028,2.600264e-02
jacobi,3029,2.597132e-02
jacobi,3030,2.594004e-02
jacobi,3031,2.590879e-02
jacobi,3032,2.587758e-02
jacobi,3033,2.584641e-02
jacobi,3034,2.581528e-02
jacobi,3035,2.578418e-02
jacobi,3036,2.575313e-02
jacobi,3037,2.572211e-02
jacobi,3038,2.569112e-02
jacobi,3039,2.566018e-02
jacobi,3040,2.562927e-02
jacobi,3041,2.559840e-02
jacobi,3042,2.556756e-02
jacobi,3043,2.553676e-02
jacobi,3044,2.550600e-02
jacobi,3045,2.547528e-02
jacobi,3046,2.544460e-02
jacobi,3047,2.541395e-02
jacobi,3048,2.538333e-02
jacobi,3049,2.535276e-02
jacobi,3050,2.532222e-02
jacobi,3051,2.529172e-02
jacobi,3052,2.526125e-02
jacobi,3053,2.523082e-02
jacobi,3054,2.520043e-02
jacobi,3055,2.517008e-02
jacobi,3056,2.513976e-02
jacobi,3057,2.510948e-02
jacobi,3058,2.507923e-02
jacobi,3059,2.504902e-02
jacobi,3060,2.501885e-02
jacobi,3061,2.498871e-02
jacobi,3062,2.495861e-02
jacobi,3063,2.492855e-02
jacobi,3064,2.489852e-02
jacobi,3065,2.486853e-02
jacobi,3066,2.483858e-02
jacobi,3067,2.480866e-02
jacobi,3068,2.477877e-02
jacobi,3069,2.474893e-02
jacobi,3070,2.471912e-02
jacobi,3071,2.468934e-02
jacobi,3072,2.465960e-02
jacobi,3073,2.462990e-02
jacobi,3074,2.460023e-02
jacobi,3075,2.457060e-02
jacobi,3076,2.454100e-02
jacobi,3077,2.451144e-02
jacobi,3078,2.448192e-02
jacobi,3079,2.445243e-02
jacobi,3080,2.442297e-02
jacobi,3081,2.439355e-02
jacobi,3082,2.436417e-02
jacobi,3083,2.433482e-02
jacobi,3084,2.430551e-02
jacobi,3085,2.427623e-02
jacobi,3086,2.424699e-02
jacobi,3087,2.421778e-02
jacobi,3088,2.418861e-02
jacobi,3089,2.415948e-02
jacobi,3090,2.413038e-02
jacobi,3091,2.410131e-02
jacobi,3092,2.407228e-02
jacobi,3093,2.404328e-02
jacobi,3094,2.401432e-02
jacobi,3095,2.398540e-02
jacobi,3096,2.395650e-02
jacobi,3097,2.392765e-02
jacobi,3098,2.389883e-02
jacobi,3099,2.387004e-02
jacobi,3100,2.384129e-02
jacobi,3101,2.381257e-02
jacobi,3102,2.378388e-02
jacobi,3103,2.375524e-02
jacobi,3104,2.372662e-02
jacobi,3105,2.369804e-02
jacobi,3106,2.366950e-02
jacobi,3107,2.364099e-02
jacobi,3108,2.361251e-02
jacobi,3109,2.358407e-02
jacobi,3110,2.355566e-02
jacobi,3111,2.352728e-02
jacobi,3112,2.349895e-02
jacobi,3113,2.347064e-02
jacobi,3114,2.344237e-02
jacobi,3115,2.341413e-02
jacobi,3116,2.338593e-02
jacobi,3117,2.335776e-02
jacobi,3118,2.332962e-02
jacobi,3119,2.330152e-02
jacobi,3120,2.327345e-02
jacobi,3121,2.324542e-02
jacobi,3122,2.321742e-02
jacobi,3123,2.318945e-02
jacobi,3124,2.316152e-02
jacobi,3125,2.313362e-02
jacobi,3126,2.310576e-02
jacobi,3127,2.307792e-02
jacobi,3128,2.305013e-02
jacobi,3129,2.302236e-02
jacobi,3130,2.299463e-02
jacobi,3131,2.296693e-02
jacobi,3132,2.293927e-02
jacobi,3133,2.291164e-02
jacobi,3134,2.288404e-02
jacobi,3135,2.285647e-02
jacobi,3136,2.282894e-02
jacobi,3137,2.280144e-02
jacobi,3138,2.277398e-02
jacobi,3139,2.274654e-02
jacobi,3140,2.271915e-02
jacobi,3141,2.269178e-02
jacobi,3142,2.266445e-02
jacobi,3143,2.263715e-02
jacobi,3144,2.260988e-02
jacobi,3145,2.258264e-02
jacobi,3146,2.255544e-02
jacobi,3147,2.252827e-02
jacobi,3148,2.250114e-02
jacobi,3149,2.247403e-02
jacobi,3150,2.244696e-02
jacobi,3151,2.241992e-02
jacobi,3152,2.239292e-02
jacobi,3153,2.236594e-02
jacobi,3154,2.233900e-02
jacobi,3155,2.231210e-02
jacobi,3156,2.228522e-02
jacobi,3157,2.225838e-02
jacobi,3158,2.223156e-02
jacobi,3159,2.220479e-02
jacobi,3160,2.217804e-02
jacobi,3161,2.215132e-02
jacobi,3162,2.212464e-02
jacobi,3163,2.209799e-02
jacobi,3164,2.207137e-02
jacobi,3165,2.204479e-02
jacobi,3166,2.201823e-02
jacobi,3167,2.199171e-02
jacobi,3168,2.196522e-02
jacobi,3169,2.193876e-02
jacobi,3170,2.191234e-02
jacobi,3171,2.188594e-02
jacobi,3172,2.185958e-02
jacobi,3173,2.183325e-02
jacobi,3174,2.180695e-02
jacobi,3175,2.178068e-02
jacobi,3176,2.175445e-02
jacobi,3177,2.172824e-02
jacobi,3178,2.170207e-02
jacobi,3179,2.167593e-02
jacobi,3180,2.164982e-02
jacobi,3181,2.162374e-02
jacobi,3182,2.159770e-02
jacobi,3183,2.157168e-02
jacobi,3184,2.154570e-02
jacobi,3185,2.151974e-02
jacobi,3186,2.149382e-02
jacobi,3187,2.146793e-02
jacobi,3188,2.144207e-02
jacobi,3189,2.141625e-02
jacobi,3190,2.139045e-02
jacobi,3191,2.136468e-02
jacobi,3192,2.133895e-02
jacobi,3193,2.131324e-02
jacobi,3194,2.128757e-02
jacobi,3195,2.126193e-02
jacobi,3196,2.123632e-02
jacobi,3197,2.121074e-02
jacobi,3198,2.118519e-02
jacobi,3199,2.115967e-02
jacobi,3200,2.113418e-02
jacobi,3201,2.110873e-02
jacobi,3202,2.108330e-02
jacobi,3203,2.105790e-02
jacobi,3204,2.103254e-02
jacobi,3205,2.100720e-02
jacobi,3206,2.098190e-02
jacobi,3207,2.095663e-02
jacobi,3208,2.093138e-02
jacobi,3209,2.090617e-02
jacobi,3210,2.088099e-02
jacobi,3211,2.085584e-02
jacobi,3212,2.083071e-02
jacobi,3213,2.080562e-02
jacobi,3214,2.078056e-02
jacobi,3215,2.075553e-02
jacobi,3216,2.073053e-02
jacobi,3217,2.070556e-02
jacobi,3218,2.068062e-02
jacobi,3219,2.065571e-02
jacobi,3220,2.063083e-02
jacobi,3221,2.060598e-02
jacobi,3222,2.058116e-02
jacobi,3223,2.055636e-02
jacobi,3224,2.053160e-02
jacobi,3225,2.050687e-02
jacobi,3226,2.048217e-02
jacobi,3227,2.045750e-02
jacobi,3228,2.043286e-02
jacobi,3229,2.040824e-02
jacobi,3230,2.038366e-02
jacobi,3231,2.035911e-02
jacobi,3232,2.033459e-02
jacobi,3233,2.031009e-02
jacobi,3234,2.028563e-02
jacobi,3235,2.026119e-02
jacobi,3236,2.023679e-02
jacobi,3237,2.021241e-02
jacobi,3238,2.018806e-02
jacobi,3239,2.016375e-02
jacobi,3240,2.013946e-02
jacobi,3241,2.011520e-02
jacobi,3242,2.009097e-02
jacobi,3243,2.006677e-02
jacobi,3244,2.004260e-02
jacobi,3245,2.001846e-02
jacobi,3246,1.999434e-02
jacobi,3247,1.997026e-02
jacobi,3248,1.994620e-02
jacobi,3249,1.992218e-02
jacobi,3250,1.989818e-02
jacobi,3251,1.987421e-02
jacobi,3252,1.985027e-02
jacobi,3253,1.982636e-02
jacobi,3254,1.980248e-02
jacobi,3255,1.977863e-02
jacobi,3256,1.975480e-02
jacobi,3257,1.973101e-02
jacobi,3258,1.970724e-02
jacobi,3259,1.968350e-02
jacobi,3260,1.965979e-02
jacobi,3261,1.963611e-02
jacobi,3262,1.961246e-02
jacobi,3263,1.958884e-02
jacobi,3264,1.956524e-02
jacobi,3265,1.954167e-02
jacobi,3266,1.951813e-02
jacobi,3267,1.949462e-02
jacobi,3268,1.947114e-02
jacobi,3269,1.944769e-02
jacobi,3270,1.942426e-02
jacobi,3271,1.940086e-02
jacobi,3272,1.937750e-02
jacobi,3273,1.935415e-02
jacobi,3274,1.933084e-02
jacobi,3275,1.930756e-02
jacobi,3276,1.928430e-02
jacobi,3277,1.926107e-02
jacobi,3278,1.923787e-02
jacobi,3279,1.921470e-02
jacobi,3280,1.919155e-02
jacobi,3281,1.916844e-02
jacobi,3282,1.914535e-02
jacobi,3283,1.912228e-02
jacobi,3284,1.909925e-02
jacobi,3285,1.907625e-02
jacobi,3286,1.905327e-02
jacobi,3287,1.903032e-02
jacobi,3288,1.900739e-02
jacobi,3289,1.898450e-02
jacobi,3290,1.896163e-02
jacobi,3291,1.893879e-02
jacobi,3292,1.891598e-02
jacobi,3293,1.889319e-02
jacobi,3294,1.887044e-02
jacobi,3295,1.884770e-02
jacobi,3296,1.882500e-02
jacobi,3297,1.880233e-02
jacobi,3298,1.877968e-02
jacobi,3299,1.875706e-02
jacobi,3300,1.873446e-02
jacobi,3301,1.871190e-02
jacobi,3302,1.868936e-02
jacobi,3303,1.866685e-02
jacobi,3304,1.864436e-02
jacobi,3305,1.862190e-02
jacobi,3306,1.859947e-02
jacobi,3307,1.857707e-02
jacobi,3308,1.855469e-02
jacobi,3309,1.853234e-02
jacobi,3310,1.851002e-02
jacobi,3311,1.848772e-02
jacobi,3312,1.846545e-02
jacobi,3313,1.844321e-02
jacobi,3314,1.842099e-02
jacobi,3315,1.839881e-02
jacobi,3316,1.837664e-02
jacobi,3317,1.835451e-02
jacobi,3318,1.833240e-02
jacobi,3319,1.831032e-02
jacobi,3320,1.828826e-02
jacobi,3321,1.826623e-02
jacobi,3322,1.824423e-02
jacobi,3323,1.822225e-02
jacobi,3324,1.820030e-02
jacobi,3325,1.817838e-02
jacobi,3326,1.815648e-02
jacobi,3327,1.813461e-02
jacobi,3328,1.811277e-02
jacobi,3329,1.809095e-02
jacobi,3330,1.806916e-02
jacobi,3331,1.804740e-02
jacobi,3332,1.802566e-02
jacobi,3333,1.800394e-02
jacobi,3334,1.798226e-02
jacobi,3335,1.796060e-02
jacobi,3336,1.793896e-02
jacobi,3337,1.791736e-02
jacobi,3338,1.789577e-02
jacobi,3339,1.787422e-02
jacobi,3340,1.785269e-02
jacobi,3341,1.783118e-02
jacobi,3342,1.780970e-02
jacobi,3343,1.778825e-02
jacobi,3344,1.776682e-02
jacobi,3345,1.774542e-02
jacobi,3346,1.772405e-02
jacobi,3347,1.770270e-02
jacobi,3348,1.768138e-02
jacobi,3349,1.766008e-02
jacobi,3350,1.763881e-02
jacobi,3351,1.761756e-02
jacobi,3352,1.759634e-02
jacobi,3353,1.757514e-02
jacobi,3354,1.755397e-02
jacobi,3355,1.753283e-02
jacobi,3356,1.751171e-02
jacobi,3357,1.749061e-02
jacobi,3358,1.746955e-02
jacobi,3359,1.744850e-02
jacobi,3360,1.742749e-02
jacobi,3361,1.740649e-02
jacobi,3362,1.738553e-02
jacobi,3363,1.736459e-02
jacobi,3364,1.734367e-02
jacobi,3365,1.732278e-02
jacobi,3366,1.730191e-02
jacobi,3367,1.728107e-02
jacobi,3368,1.726025e-02
jacobi,3369,1.723946e-02
jacobi,3370,1.721870e-02
jacobi,3371,1.719796e-02
jacobi,3372,1.717724e-02
jacobi,3373,1.715655e-02
jacobi,3374,1.713589e-02
jacobi,3375,1.711524e-02
jacobi,3376,1.709463e-02
jacobi,3377,1.707404e-02
jacobi,3378,1.705347e-02
jacobi,3379,1.703293e-02
jacobi,3380,1.701241e-02
jacobi,3381,1.699192e-02
jacobi,3382,1.697145e-02
jacobi,3383,1.695101e-02
jacobi,3384,1.693059e-02
jacobi,3385,1.691020e-02
jacobi,3386,1.688983e-02
jacobi,3387,1.686948e-02
jacobi,3388,1.684916e-02
jacobi,3389,1.682887e-02
jacobi,3390,1.680860e-02
jacobi,3391,1.678835e-02
jacobi,3392,1.676813e-02
jacobi,3393,1.674793e-02
jacobi,3394,1.672776e-02
jacobi,3395,1.670761e-02
jacobi,3396,1.668748e-02
jacobi,3397,1.666738e-02
jacobi,3398,1.664731e-02
jacobi,3399,1.662725e-02
jacobi,3400,1.660722e-02
jacobi,3401,1.658722e-02
jacobi,3402,1.656724e-02
jacobi,3403,1.654728e-02
jacobi,3404,1.652735e-02
jacobi,3405,1.650744e-02
jacobi,3406,1.648756e-02
jacobi,3407,1.646770e-02
jacobi,3408,1.644786e-02
jacobi,3409,1.642805e-02
jacobi,3410,1.640826e-02
jacobi,3411,1.638850e-02
jacobi,3412,1.636876e-02
jacobi,3413,1.634904e-02
jacobi,3414,1.632935e-02
jacobi,3415,1.630968e-02
jacobi,3416,1.629003e-02
jacobi,3417,1.627041e-02
jacobi,3418,1.625081e-02
jacobi,3419,1.623124e-02
jacobi,3420,1.621169e-02
jacobi,3421,1.619216e-02
jacobi,3422,1.617266e-02
jacobi,3423,1.615317e-02
jacobi,3424,1.613372e-02
jacobi,3425,1.611428e-02
jacobi,3426,1.609487e-02
jacobi,3427,1.607549e-02
jacobi,3428,1.605612e-02
jacobi,3429,1.603678e-02
jacobi,3430,1.601747e-02
jacobi,3431,1.599817e-02
jacobi,3432,1.597890e-02
jacobi,3433,1.595965e-02
jacobi,3434,1.594043e-02
jacobi,3435,1.592123e-02
jacobi,3436,1.590205e-02
jacobi,3437,1.588290e-02
jacobi,3438,1.586376e-02
jacobi,3439,1.584466e-02
jacobi,3440,1.582557e-02
jacobi,3441,1.580651e-02
jacobi,3442,1.578747e-02
jacobi,3443,1.576845e-02
jacobi,3444,1.574946e-02
jacobi,3445,1.573049e-02
jacobi,3446,1.571154e-02
jacobi,3447,1.569261e-02
jacobi,3448,1.567371e-02
jacobi,3449,1.565483e-02
jacobi,3450,1.563597e-02
jacobi,3451,1.561714e-02
jacobi,3452,1.559833e-02
jacobi,3453,1.557954e-02
jacobi,3454,1.556077e-02
jacobi,3455,1.554203e-02
jacobi,3456,1.552331e-02
jacobi,3457,1.550461e-02
jacobi,3458,1.548593e-02
jacobi,3459,1.546728e-02
jacobi,3460,1.544865e-02
jacobi,3461,1.543004e-02
jacobi,3462,1.541146e-02
jacobi,3463,1.539289e-02
jacobi,3464,1.537435e-02
jacobi,3465,1.535583e-02
jacobi,3466,1.533733e-02
jacobi,3467,1.531886e-02
jacobi,3468,1.530041e-02
jacobi,3469,1.528198e-02
jacobi,3470,1.526357e-02
jacobi,3471,1.524518e-02
jacobi,3472,1.522682e-02
jacobi,3473,1.520848e-02
jacobi,3474,1.519016e-02
jacobi,3475,1.517186e-02
jacobi,3476,1.515359e-02
jacobi,3477,1.513533e-02
jacobi,3478,1.511710e-02
jacobi,3479,1.509889e-02
jacobi,3480,1.508071e-02
jacobi,3481,1.506254e-02
jacobi,3482,1.504440e-02
jacobi,3483,1.502628e-02
jacobi,3484,1.500818e-02
jacobi,3485,1.499010e-02
jacobi,3486,1.497204e-02
jacobi,3487,1.495401e-02
jacobi,3488,1.493600e-02
jacobi,3489,1.491800e-02
jacobi,3490,1.490003e-02
jacobi,3491,1.488209e-02
jacobi,3492,1.486416e-02
jacobi,3493,1.484626e-02
jacobi,3494,1.482837e-02
jacobi,3495,1.481051e-02
jacobi,3496,1.479267e-02
jacobi,3497,1.477485e-02
jacobi,3498,1.475706e-02
jacobi,3499,1.473928e-02
jacobi,3500,1.472153e-02
jacobi,3501,1.470379e-02
jacobi,3502,1.468608e-02
jacobi,3503,1.466839e-02
jacobi,3504,1.465072e-02
jacobi,3505,1.463308e-02
jacobi,3506,1.461545e-02
jacobi,3507,1.459785e-02
jacobi,3508,1.458026e-02
jacobi,3509,1.456270e-02
jacobi,3510,1.454516e-02
jacobi,3511,1.452764e-02
jacobi,3512,1.451014e-02
jacobi,3513,1.449266e-02
jacobi,3514,1.447520e-02
jacobi,3515,1.445777e-02
jacobi,3516,1.444035e-02
jacobi,3517,1.442296e-02
jacobi,3518,1.440559e-02
jacobi,3519,1.438823e-02
jacobi,3520,1.437090e-02
jacobi,3521,1.435359e-02
jacobi,3522,1.433630e-02
jacobi,3523,1.431903e-02
jacobi,3524,1.430179e-02
jacobi,3525,1.428456e-02
jacobi,3526,1.426735e-02
jacobi,3527,1.425017e-02
jacobi,3528,1.423300e-02
jacobi,3529,1.421586e-02
jacobi,3530,1.419873e-02
jacobi,3531,1.418163e-02
jacobi,3532,1.416455e-02
jacobi,3533,1.414749e-02
jacobi,3534,1.413044e-02
jacobi,3535,1.411342e-02
jacobi,3536,1.409642e-02
jacobi,3537,1.407944e-02
jacobi,3538,1.406248e-02
jacobi,3539,1.404555e-02
jacobi,3540,1.402863e-02
jacobi,3541,1.401173e-02
jacobi,3542,1.399485e-02
jacobi,3543,1.397799e-02
jacobi,3544,1.396116e-02
jacobi,3545,1.394434e-02
jacobi,3546,1.392754e-02
jacobi,3547,1.391077e-02
jacobi,3548,1.389401e-02
jacobi,3549,1.387728e-02
jacobi,3550,1.386056e-02
jacobi,3551,1.384386e-02
jacobi,3552,1.382719e-02
jacobi,3553,1.381053e-02
jacobi,3554,1.379390e-02
jacobi,3555,1.377728e-02
jacobi,3556,1.376069e-02
jacobi,3557,1.374411e-02
jacobi,3558,1.372756e-02
jacobi,3559,1.371102e-02
jacobi,3560,1.369450e-02
jacobi,3561,1.367801e-02
jacobi,3562,1.366153e-02
jacobi,3563,1.364508e-02
jacobi,3564,1.362864e-02
jacobi,3565,1.361223e-02
jacobi,3566,1.359583e-02
jacobi,3567,1.357945e-02
jacobi,3568,1.356309e-02
jacobi,3569,1.354676e-02
jacobi,3570,1.353044e-02
jacobi,3571,1.351414e-02
jacobi,3572,1.349786e-02
jacobi,3573,1.348160e-02
jacobi,3574,1.346537e-02
jacobi,3575,1.344915e-02
jacobi,3576,1.343295e-02
jacobi,3577,1.341677e-02
jacobi,3578,1.340060e-02
jacobi,3579,1.338446e-02
jacobi,3580,1.336834e-02
jacobi,3581,1.335224e-02
jacobi,3582,1.333615e-02
jacobi,3583,1.332009e-02
jacobi,3584,1.330405e-02
jacobi,3585,1.328802e-02
jacobi,3586,1.327201e-02
jacobi,3587,1.325603e-02
jacobi,3588,1.324006e-02
jacobi,3589,1.322411e-02
jacobi,3590,1.320818e-02
jacobi,3591,1.319227e-02
jacobi,3592,1.317638e-02
jacobi,3593,1.316051e-02
jacobi,3594,1.314466e-02
jacobi,3595,1.312883e-02
jacobi,3596,1.311301e-02
jacobi,3597,1.309722e-02
jacobi,3598,1.308144e-02
jacobi,3599,1.306568e-02
jacobi,3600,1.304994e-02
jacobi,3601,1.303422e-02
jacobi,3602,1.301852e-02
jacobi,3603,1.300284e-02
jacobi,3604,1.298718e-02
jacobi,3605,1.297154e-02
jacobi,3606,1.295591e-02
jacobi,3607,1.294031e-02
jacobi,3608,1.292472e-02
jacobi,3609,1.290915e-02
jacobi,3610,1.289360e-02
jacobi,3611,1.287807e-02
jacobi,3612,1.286256e-02
jacobi,3613,1.284706e-02
jacobi,3614,1.283159e-02
jacobi,3615,1.281613e-02
jacobi,3616,1.280070e-02
jacobi,3617,1.278528e-02
jacobi,3618,1.276988e-02
jacobi,3619,1.275449e-02
jacobi,3620,1.273913e-02
jacobi,3621,1.272379e-02
jacobi,3622,1.270846e-02
jacobi,3623,1.269315e-02
jacobi,3624,1.267786e-02
jacobi,3625,1.266259e-02
jacobi,3626,1.264734e-02
jacobi,3627,1.263210e-02
jacobi,3628,1.261689e-02
jacobi,3629,1.260169e-02
jacobi,3630,1.258651e-02
jacobi,3631,1.257135e-02
jacobi,3632,1.255621e-02
jacobi,3633,1.254108e-02
jacobi,3634,1.252598e-02
jacobi,3635,1.251089e-02
jacobi,3636,1.249582e-02
jacobi,3637,1.248077e-02
jacobi,3638,1.246573e-02
jacobi,3639,1.245072e-02
jacobi,3640,1.243572e-02
jacobi,3641,1.242074e-02
jacobi,3642,1.240578e-02
jacobi,3643,1.239084e-02
jacobi,3644,1.237591e-02
jacobi,3645,1.236100e-02
jacobi,3646,1.234612e-02
jacobi,3647,1.233124e-02
jacobi,3648,1.231639e-02
jacobi,3649,1.230155e-02
jacobi,3650,1.228674e-02
jacobi,3651,1.227194e-02
jacobi,3652,1.225715e-02
jacobi,3653,1.224239e-02
jacobi,3654,1.222764e-02
jacobi,3655,1.221292e-02
jacobi,3656,1.219820e-02
jacobi,3657,1.218351e-02
jacobi,3658,1.216884e-02
jacobi,3659,1.215418e-02
jacobi,3660,1.213954e-02
jacobi,3661,1.212491e-02
jacobi,3662,1.211031e-02
jacobi,3663,1.209572e-02
jacobi,3664,1.208115e-02
jacobi,3665,1.206660e-02
jacobi,3666,1.205207e-02
jacobi,3667,1.203755e-02
jacobi,3668,1.202305e-02
jacobi,3669,1.200857e-02
jacobi,3670,1.199410e-02
jacobi,3671,1.197965e-02
jacobi,3672,1.196522e-02
jacobi,3673,1.195081e-02
jacobi,3674,1.193642e-02
jacobi,3675,1.192204e-02
jacobi,3676,1.190768e-02
jacobi,3677,1.189333e-02
jacobi,3678,1.187901e-02
jacobi,3679,1.186470e-02
jacobi,3680,1.185041e-02
jacobi,3681,1.183613e-02
jacobi,3682,1.182188e-02
jacobi,3683,1.180764e-02
jacobi,3684,1.179341e-02
jacobi,3685,1.177921e-02
jacobi,3686,1.176502e-02
jacobi,3687,1.175085e-02
jacobi,3688,1.173669e-02
jacobi,3689,1.172256e-02
jacobi,3690,1.170844e-02
jacobi,3691,1.169433e-02
jacobi,3692,1.168025e-02
jacobi,3693,1.166618e-02
jacobi,3694,1.165212e-02
jacobi,3695,1.163809e-02
jacobi,3696,1.162407e-02
jacobi,3697,1.161007e-02
jacobi,3698,1.159608e-02
jacobi,3699,1.158212e-02
jacobi,3700,1.156816e-02
jacobi,3701,1.155423e-02
jacobi,3702,1.154031e-02
jacobi,3703,1.152641e-02
jacobi,3704,1.151253e-02
jacobi,3705,1.149866e-02
jacobi,3706,1.148481e-02
jacobi,3707,1.147098e-02
jacobi,3708,1.145716e-02
jacobi,3709,1.144336e-02
jacobi,3710,1.142957e-02
jacobi,3711,1.141581e-02
jacobi,3712,1.140206e-02
jacobi,3713,1.138832e-02
jacobi,3714,1.137460e-02
jacobi,3715,1.136090e-02
jacobi,3716,1.134722e-02
jacobi,3717,1.133355e-02
jacobi,3718,1.131990e-02
jacobi,3719,1.130626e-02
jacobi,3720,1.129264e-02
jacobi,3721,1.127904e-02
jacobi,3722,1.126545e-02
jacobi,3723,1.125188e-02
jacobi,3724,1.123833e-02
jacobi,3725,1.122479e-02
jacobi,3726,1.121127e-02
jacobi,3727,1.119777e-02
jacobi,3728,1.118428e-02
jacobi,3729,1.117081e-02
jacobi,3730,1.115735e-02
jacobi,3731,1.114391e-02
jacobi,3732,1.113049e-02
jacobi,3733,1.111708e-02
jacobi,3734,1.110369e-02
jacobi,3735,1.109032e-02
jacobi,3736,1.107696e-02
jacobi,3737,1.106362e-02
jacobi,3738,1.105029e-02
jacobi,3739,1.103698e-02
jacobi,3740,1.102368e-02
jacobi,3741,1.101041e-02
jacobi,3742,1.099714e-02
jacobi,3743,1.098390e-02
jacobi,3744,1.097067e-02
jacobi,3745,1.095745e-02
jacobi,3746,1.094425e-02
jacobi,3747,1.093107e-02
jacobi,3748,1.091790e-02
jacobi,3749,1.090475e-02
jacobi,3750,1.089162e-02
jacobi,3751,1.087850e-02
jacobi,3752,1.086539e-02
jacobi,3753,1.085231e-02
jacobi,3754,1.083923e-02
jacobi,3755,1.082618e-02
jacobi,3756,1.081314e-02
jacobi,3757,1.080011e-02
jacobi,3758,1.078710e-02
jacobi,3759,1.077411e-02
jacobi,3760,1.076113e-02
jacobi,3761,1.074817e-02
jacobi,3762,1.073522e-02
jacobi,3763,1.072229e-02
jacobi,3764,1.070938e-02
jacobi,3765,1.069648e-02
jacobi,3766,1.068359e-02
jacobi,3767,1.067072e-02
jacobi,3768,1.065787e-02
jacobi,3769,1.064503e-02
jacobi,3770,1.063221e-02
jacobi,3771,1.061940e-02
jacobi,3772,1.060661e-02
jacobi,3773,1.059383e-02
jacobi,3774,1.058107e-02
jacobi,3775,1.056833e-02
jacobi,3776,1.055560e-02
jacobi,3777,1.054288e-02
jacobi,3778,1.053018e-02
jacobi,3779,1.051750e-02
jacobi,3780,1.050483e-02
jacobi,3781,1.049218e-02
jacobi,3782,1.047954e-02
jacobi,3783,1.046692e-02
jacobi,3784,1.045431e-02
jacobi,3785,1.044172e-02
jacobi,3786,1.042914e-02
jacobi,3787,1.041658e-02
jacobi,3788,1.040403e-02
jacobi,3789,1.039150e-02
jacobi,3790,1.037898e-02
jacobi,3791,1.036648e-02
jacobi,3792,1.035399e-02
jacobi,3793,1.034152e-02
jacobi,3794,1.032906e-02
jacobi,3795,1.031662e-02
jacobi,3796,1.030419e-02
jacobi,3797,1.029178e-02
jacobi,3798,1.027938e-02
jacobi,3799,1.026700e-02
jacobi,3800,1.025464e-02
jacobi,3801,1.024228e-02
jacobi,3802,1.022995e-02
jacobi,3803,1.021762e-02
jacobi,3804,1.020532e-02
jacobi,3805,1.019302e-02
jacobi,3806,1.018075e-02
jacobi,3807,1.016848e-02
jacobi,3808,1.015623e-02
jacobi,3809,1.014400e-02
jacobi,3810,1.013178e-02
jacobi,3811,1.011958e-02
jacobi,3812,1.010739e-02
jacobi,3813,1.009521e-02
jacobi,3814,1.008305e-02
jacobi,3815,1.007091e-02
jacobi,3816,1.005878e-02
jacobi,3817,1.004666e-02
jacobi,3818,1.003456e-02
jacobi,3819,1.002247e-02
jacobi,3820,1.001040e-02
jacobi,3821,9.998341e-03
jacobi,3822,9.986298e-03
jacobi,3823,9.974269e-03
jacobi,3824,9.962255e-03
jacobi,3825,9.950255e-03
jacobi,3826,9.938269e-03
jacobi,3827,9.926298e-03
jacobi,3828,9.914341e-03
jacobi,3829,9.902399e-03
jacobi,3830,9.890471e-03
jacobi,3831,9.878558e-03
jacobi,3832,9.866659e-03
jacobi,3833,9.854774e-03
jacobi,3834,9.842903e-03
jacobi,3835,9.831047e-03
jacobi,3836,9.819205e-03
jacobi,3837,9.807377e-03
jacobi,3838,9.795564e-03
jacobi,3839,9.783765e-03
jacobi,3840,9.771980e-03
jacobi,3841,9.760209e-03
jacobi,3842,9.748452e-03
jacobi,3843,9.736710e-03
jacobi,3844,9.724982e-03
jacobi,3845,9.713268e-03
jacobi,3846,9.701568e-03
jacobi,3847,9.689882e-03
jacobi,3848,9.678210e-03
jacobi,3849,9.666552e-03
jacobi,3850,9.654908e-03
jacobi,3851,9.643278e-03
jacobi,3852,9.631663e-03
jacobi,3853,9.620061e-03
jacobi,3854,9.608473e-03
jacobi,3855,9.596899e-03
jacobi,3856,9.585339e-03
jacobi,3857,9.573793e-03
jacobi,3858,9.562261e-03
jacobi,3859,9.550743e-03
jacobi,3860,9.539239e-03
jacobi,3861,9.527748e-03
jacobi,3862,9.516272e-03
jacobi,3863,9.504809e-03
jacobi,3864,9.493360e-03
jacobi,3865,9.481925e-03
jacobi,3866,9.470504e-03
jacobi,3867,9.459096e-03
jacobi,3868,9.447702e-03
jacobi,3869,9.436322e-03
jacobi,3870,9.424955e-03
jacobi,3871,9.413603e-03
jacobi,3872,9.402263e-03
jacobi,3873,9.390938e-03
jacobi,3874,9.379626e-03
jacobi,3875,9.368328e-03
jacobi,3876,9.357044e-03
jacobi,3877,9.345773e-03
jacobi,3878,9.334515e-03
jacobi,3879,9.323271e-03
jacobi,3880,9.312041e-03
jacobi,3881,9.300824e-03
jacobi,3882,9.289621e-03
jacobi,3883,9.278431e-03
jacobi,3884,9.267255e-03
jacobi,3885,9.256092e-03
jacobi,3886,9.244943e-03
jacobi,3887,9.233807e-03
jacobi,3888,9.222684e-03
jacobi,3889,9.211575e-03
jacobi,3890,9.200479e-03
jacobi,3891,9.189397e-03
jacobi,3892,9.178328e-03
jacobi,3893,9.167272e-03
jacobi,3894,9.156230e-03
jacobi,3895,9.145201e-03
jacobi,3896,9.134185e-03
jacobi,3897,9.123183e-03
jacobi,3898,9.112193e-03
jacobi,3899,9.101217e-03
jacobi,3900,9.090254e-03
jacobi,3901,9.079305e-03
jacobi,3902,9.068368e-03
jacobi,3903,9.057445e-03
jacobi,3904,9.046535e-03
jacobi,3905,9.035638e-03
jacobi,3906,9.024754e-03
jacobi,3907,9.013884e-03
jacobi,3908,9.003026e-03
jacobi,3909,8.992181e-03
jacobi,3910,8.981350e-03
jacobi,3911,8.970532e-03
jacobi,3912,8.959726e-03
jacobi,3913,8.948934e-03
jacobi,3914,8.938154e-03
jacobi,3915,8.927388e-03
jacobi,3916,8.916635e-03
jacobi,3917,8.905894e-03
jacobi,3918,8.895167e-03
jacobi,3919,8.884452e-03
jacobi,3920,8.873750e-03
jacobi,3921,8.863061e-03
jacobi,3922,8.852385e-03
jacobi,3923,8.841722e-03
jacobi,3924,8.831072e-03
jacobi,3925,8.820435e-03
jacobi,3926,8.809810e-03
jacobi,3927,8.799198e-03
jacobi,3928,8.788599e-03
jacobi,3929,8.778013e-03
jacobi,3930,8.767440e-03
jacobi,3931,8.756879e-03
jacobi,3932,8.746331e-03
jacobi,3933,8.735795e-03
jacobi,3934,8.725273e-03
jacobi,3935,8.714763e-03
jacobi,3936,8.704265e-03
jacobi,3937,8.693781e-03
jacobi,3938,8.683309e-03
jacobi,3939,8.672849e-03
jacobi,3940,8.662402e-03
jacobi,3941,8.651968e-03
jacobi,3942,8.641547e-03
jacobi,3943,8.631137e-03
jacobi,3944,8.620741e-03
jacobi,3945,8.610357e-03
jacobi,3946,8.599985e-03
jacobi,3947,8.589626e-03
jacobi,3948,8.579280e-03
jacobi,3949,8.568945e-03
jacobi,3950,8.558624e-03
jacobi,3951,8.548315e-03
jacobi,3952,8.538018e-03
jacobi,3953,8.527733e-03
jacobi,3954,8.517461e-03
jacobi,3955,8.507202e-03
jacobi,3956,8.496954e-03
jacobi,3957,8.486719e-03
jacobi,3958,8.476497e-03
jacobi,3959,8.466286e-03
jacobi,3960,8.456088e-03
jacobi,3961,8.445903e-03
jacobi,3962,8.435729e-03
jacobi,3963,8.425568e-03
jacobi,3964,8.415419e-03
jacobi,3965,8.405282e-03
jacobi,3966,8.395158e-03
jacobi,3967,8.385045e-03
jacobi,3968,8.374945e-03
jacobi,3969,8.364857e-03
jacobi,3970,8.354782e-03
jacobi,3971,8.344718e-03
jacobi,3972,8.334666e-03
jacobi,3973,8.324627e-03
jacobi,3974,8.314599e-03
jacobi,3975,8.304584e-03
jacobi,3976,8.294581e-03
jacobi,3977,8.284590e-03
jacobi,3978,8.274611e-03
jacobi,3979,8.264643e-03
jacobi,3980,8.254688e-03
jacobi,3981,8.244745e-03
jacobi,3982,8.234814e-03
jacobi,3983,8.224895e-03
jacobi,3984,8.214988e-03
jacobi,3985,8.205092e-03
jacobi,3986,8.195209e-03
jacobi,3987,8.185337e-03
jacobi,3988,8.175478e-03
jacobi,3989,8.165630e-03
jacobi,3990,8.155794e-03
jacobi,3991,8.145970e-03
jacobi,3992,8.136158e-03
jacobi,3993,8.126358e-03
jacobi,3994,8.116569e-03
jacobi,3995,8.106792e-03
jacobi,3996,8.097027e-03
jacobi,3997,8.087274e-03
jacobi,3998,8.077533e-03
jacobi,3999,8.067803e-03
jacobi,4000,8.058085e-03
jacobi,4001,8.048379e-03
jacobi,4002,8.038684e-03
jacobi,4003,8.029001e-03
jacobi,4004,8.019330e-03
jacobi,4005,8.009670e-03
jacobi,4006,8.000022e-03
jacobi,4007,7.990386e-03
jacobi,4008,7.980761e-03
jacobi,4009,7.971148e-03
jacobi,4010,7.961546e-03
jacobi,4011,7.951956e-03
jacobi,4012,7.942378e-03
jacobi,4013,7.932811e-03
jacobi,4014,7.923255e-03
jacobi,4015,7.913711e-03
jacobi,4016,7.904179e-03
jacobi,4017,7.894658e-03
jacobi,4018,7.885149e-03
jacobi,4019,7.875651e-03
jacobi,4020,7.866164e-03
jacobi,4021,7.856689e-03
jacobi,4022,7.847225e-03
jacobi,4023,7.837773e-03
jacobi,4024,7.828332e-03
jacobi,4025,7.818902e-03
jacobi,4026,7.809484e-03
jacobi,4027,7.800077e-03
jacobi,4028,7.790682e-03
jacobi,4029,7.781297e-03
jacobi,4030,7.771925e-03
jacobi,4031,7.762563e-03
jacobi,4032,7.753213e-03
jacobi,4033,7.743873e-03
jacobi,4034,7.734546e-03
jacobi,4035,7.725229e-03
jacobi,4036,7.715924e-03
jacobi,4037,7.706629e-03
jacobi,4038,7.697347e-03
jacobi,4039,7.688075e-03
jacobi,4040,7.678814e-03
jacobi,4041,7.669565e-03
jacobi,4042,7.660326e-03
jacobi,4043,7.651099e-03
jacobi,4044,7.641883e-03
jacobi,4045,7.632678e-03
jacobi,4046,7.623484e-03
jacobi,4047,7.614301e-03
jacobi,4048,7.605130e-03
jacobi,4049,7.595969e-03
jacobi,4050,7.586819e-03
jacobi,4051,7.577681e-03
jacobi,4052,7.568553e-03
jacobi,4053,7.559436e-03
jacobi,4054,7.550331e-03
jacobi,4055,7.541236e-03
jacobi,4056,7.532152e-03
jacobi,4057,7.523079e-03
jacobi,4058,7.514017e-03
jacobi,4059,7.504966e-03
jacobi,4060,7.495926e-03
jacobi,4061,7.486897e-03
jacobi,4062,7.477879e-03
jacobi,4063,7.468871e-03
jacobi,4064,7.459875e-03
jacobi,4065,7.450889e-03
jacobi,4066,7.441914e-03
jacobi,4067,7.432950e-03
jacobi,4068,7.423997e-03
jacobi,4069,7.415054e-03
jacobi,4070,7.406123e-03
jacobi,4071,7.397202e-03
jacobi,4072,7.388291e-03
jacobi,4073,7.379392e-03
jacobi,4074,7.370503e-03
jacobi,4075,7.361625e-03
jacobi,4076,7.352757e-03
jacobi,4077,7.343901e-03
jacobi,4078,7.335055e-03
jacobi,4079,7.326219e-03
jacobi,4080,7.317395e-03
jacobi,4081,7.308580e-03
jacobi,4082,7.299777e-03
jacobi,4083,7.290984e-03
jacobi,4084,7.282202e-03
jacobi,4085,7.273430e-03
jacobi,4086,7.264669e-03
jacobi,4087,7.255918e-03
jacobi,4088,7.247178e-03
jacobi,4089,7.238449e-03
jacobi,4090,7.229730e-03
jacobi,4091,7.221021e-03
jacobi,4092,7.212323e-03
jacobi,4093,7.203635e-03
jacobi,4094,7.194958e-03
jacobi,4095,7.186292e-03
jacobi,4096,7.177635e-03
jacobi,4097,7.168990e-03
jacobi,4098,7.160354e-03
jacobi,4099,7.151729e-03
jacobi,4100,7.143115e-03
jacobi,4101,7.134511e-03
jacobi,4102,7.125917e-03
jacobi,4103,7.117333e-03
jacobi,4104,7.108760e-03
jacobi,4105,7.100197e-03
jacobi,4106,7.091645e-03
jacobi,4107,7.083103e-03
jacobi,4108,7.074571e-03
jacobi,4109,7.066049e-03
jacobi,4110,7.057538e-03
jacobi,4111,7.049037e-03
jacobi,4112,7.040546e-03
jacobi,4113,7.032065e-03
jacobi,4114,7.023595e-03
jacobi,4115,7.015134e-03
jacobi,4116,7.006684e-03
jacobi,4117,6.998245e-03
jacobi,4118,6.989815e-03
jacobi,4119,6.981395e-03
jacobi,4120,6.972986e-03
jacobi,4121,6.964587e-03
jacobi,4122,6.956198e-03
jacobi,4123,6.947818e-03
jacobi,4124,6.939450e-03
jacobi,4125,6.931091e-03
jacobi,4126,6.922742e-03
jacobi,4127,6.914403e-03
jacobi,4128,6.906074e-03
jacobi,4129,6.897756e-03
jacobi,4130,6.889447e-03
jacobi,4131,6.881148e-03
jacobi,4132,6.872860e-03
jacobi,4133,6.864581e-03
jacobi,4134,6.856312e-03
jacobi,4135,6.848054e-03
jacobi,4136,6.839805e-03
jacobi,4137,6.831566e-03
jacobi,4138,6.823337e-03
jacobi,4139,6.815118e-03
jacobi,4140,6.806909e-03
jacobi,4141,6.798710e-03
jacobi,4142,6.790521e-03
jacobi,4143,6.782341e-03
jacobi,4144,6.774171e-03
jacobi,4145,6.766012e-03
jacobi,4146,6.757862e-03
jacobi,4147,6.749722e-03
jacobi,4148,6.741591e-03
jacobi,4149,6.733471e-03
jacobi,4150,6.725360e-03
jacobi,4151,6.717259e-03
jacobi,4152,6.709168e-03
jacobi,4153,6.701086e-03
jacobi,4154,6.693014e-03
jacobi,4155,6.684952e-03
jacobi,4156,6.676900e-03
jacobi,4157,6.668857e-03
jacobi,4158,6.660825e-03
jacobi,4159,6.652801e-03
jacobi,4160,6.644788e-03
jacobi,4161,6.636784e-03
jacobi,4162,6.628789e-03
jacobi,4163,6.620805e-03
jacobi,4164,6.612830e-03
jacobi,4165,6.604864e-03
jacobi,4166,6.596908e-03
jacobi,4167,6.588962e-03
jacobi,4168,6.581025e-03
jacobi,4169,6.573098e-03
jacobi,4170,6.565181e-03
jacobi,4171,6.557273e-03
jacobi,4172,6.549374e-03
jacobi,4173,6.541485e-03
jacobi,4174,6.533606e-03
jacobi,4175,6.525736e-03
jacobi,4176,6.517875e-03
jacobi,4177,6.510024e-03
jacobi,4178,6.502182e-03
jacobi,4179,6.494350e-03
jacobi,4180,6.486528e-03
jacobi,4181,6.478714e-03
jacobi,4182,6.470910e-03
jacobi,4183,6.463116e-03
jacobi,4184,6.455331e-03
jacobi,4185,6.447555e-03
jacobi,4186,6.439789e-03
jacobi,4187,6.432032e-03
jacobi,4188,6.424284e-03
jacobi,4189,6.416546e-03
jacobi,4190,6.408817e-03
jacobi,4191,6.401097e-03
jacobi,4192,6.393387e-03
jacobi,4193,6.385685e-03
jacobi,4194,6.377994e-03
jacobi,4195,6.370311e-03
jacobi,4196,6.362638e-03
jacobi,4197,6.354974e-03
jacobi,4198,6.347319e-03
jacobi,4199,6.339673e-03
jacobi,4200,6.332037e-03
jacobi,4201,6.324410e-03
jacobi,4202,6.316792e-03
jacobi,4203,6.309183e-03
jacobi,4204,6.301583e-03
jacobi,4205,6.293992e-03
jacobi,4206,6.286411e-03
jacobi,4207,6.278839e-03
jacobi,4208,6.271276e-03
jacobi,4209,6.263722e-03
jacobi,4210,6.256177e-03
jacobi,4211,6.248641e-03
jacobi,4212,6.241114e-03
jacobi,4213,6.233596e-03
jacobi,4214,6.226088e-03
jacobi,4215,6.218588e-03
jacobi,4216,6.211098e-03
jacobi,4217,6.203616e-03
jacobi,4218,6.196144e-03
jacobi,4219,6.188680e-03
jacobi,4220,6.181225e-03
jacobi,4221,6.173780e-03
jacobi,4222,6.166343e-03
jacobi,4223,6.158916e-03
jacobi,4224,6.151497e-03
jacobi,4225,6.144087e-03
jacobi,4226,6.136686e-03
jacobi,4227,6.129295e-03
jacobi,4228,6.121912e-03
jacobi,4229,6.114537e-03
jacobi,4230,6.107172e-03
jacobi,4231,6.099816e-03
jacobi,4232,6.092468e-03
jacobi,4233,6.085130e-03
jacobi,4234,6.077800e-03
jacobi,4235,6.070479e-03
jacobi,4236,6.063167e-03
jacobi,4237,6.055863e-03
jacobi,4238,6.048569e-03
jacobi,4239,6.041283e-03
jacobi,4240,6.034006e-03
jacobi,4241,6.026738e-03
jacobi,4242,6.019478e-03
jacobi,4243,6.012228e-03
jacobi,4244,6.004986e-03
jacobi,4245,5.997752e-03
jacobi,4246,5.990528e-03
jacobi,4247,5.983312e-03
jacobi,4248,5.976105e-03
jacobi,4249,5.968906e-03
jacobi,4250,5.961717e-03
jacobi,4251,5.954535e-03
jacobi,4252,5.947363e-03
jacobi,4253,5.940199e-03
jacobi,4254,5.933044e-03
jacobi,4255,5.925897e-03
jacobi,4256,5.918759e-03
jacobi,4257,5.911630e-03
jacobi,4258,5.904509e-03
jacobi,4259,5.897397e-03
jacobi,4260,5.890293e-03
jacobi,4261,5.883198e-03
jacobi,4262,5.876111e-03
jacobi,4263,5.869033e-03
jacobi,4264,5.861964e-03
jacobi,4265,5.854903e-03
jacobi,4266,5.847850e-03
jacobi,4267,5.840806e-03
jacobi,4268,5.833771e-03
jacobi,4269,5.826744e-03
jacobi,4270,5.819725e-03
jacobi,4271,5.812715e-03
jacobi,4272,5.805714e-03
jacobi,4273,5.798720e-03
jacobi,4274,5.791735e-03
jacobi,4275,5.784759e-03
jacobi,4276,5.777791e-03
jacobi,4277,5.770831e-03
jacobi,4278,5.763880e-03
jacobi,4279,5.756937e-03
jacobi,4280,5.750003e-03
jacobi,4281,5.743077e-03
jacobi,4282,5.736159e-03
jacobi,4283,5.729250e-03
jacobi,4284,5.722348e-03
jacobi,4285,5.715456e-03
jacobi,4286,5.708571e-03
jacobi,4287,5.701695e-03
jacobi,4288,5.694827e-03
jacobi,4289,5.687967e-03
jacobi,4290,5.681116e-03
jacobi,4291,5.674273e-03
jacobi,4292,5.667438e-03
jacobi,4293,5.660611e-03
jacobi,4294,5.653793e-03
jacobi,4295,5.646982e-03
jacobi,4296,5.640180e-03
jacobi,4297,5.633387e-03
jacobi,4298,5.626601e-03
jacobi,4299,5.619823e-03
jacobi,4300,5.613054e-03
jacobi,4301,5.606293e-03
jacobi,4302,5.599540e-03
jacobi,4303,5.592795e-03
jacobi,4304,5.586058e-03
jacobi,4305,5.579330e-03
jacobi,4306,5.572609e-03
jacobi,4307,5.565897e-03
jacobi,4308,5.559192e-03
jacobi,4309,5.552496e-03
jacobi,4310,5.545808e-03
jacobi,4311,5.539127e-03
jacobi,4312,5.532455e-03
jacobi,4313,5.525791e-03
jacobi,4314,5.519135e-03
jacobi,4315,5.512487e-03
jacobi,4316,5.505847e-03
jacobi,4317,5.499215e-03
jacobi,4318,5.492591e-03
jacobi,4319,5.485975e-03
jacobi,4320,5.479367e-03
jacobi,4321,5.472767e-03
jacobi,4322,5.466175e-03
jacobi,4323,5.459590e-03
jacobi,4324,5.453014e-03
jacobi,4325,5.446446e-03
jacobi,4326,5.439885e-03
jacobi,4327,5.433333e-03
jacobi,4328,5.426788e-03
jacobi,4329,5.420251e-03
jacobi,4330,5.413722e-03
jacobi,4331,5.407201e-03
jacobi,4332,5.400688e-03
jacobi,4333,5.394183e-03
jacobi,4334,5.387685e-03
jacobi,4335,5.381195e-03
jacobi,4336,5.374713e-03
jacobi,4337,5.368239e-03
jacobi,4338,5.361773e-03
jacobi,4339,5.355315e-03
jacobi,4340,5.348864e-03
jacobi,4341,5.342421e-03
jacobi,4342,5.335986e-03
jacobi,4343,5.329558e-03
jacobi,4344,5.323139e-03
jacobi,4345,5.316727e-03
jacobi,4346,5.310322e-03
jacobi,4347,5.303926e-03
jacobi,4348,5.297537e-03
jacobi,4349,5.291156e-03
jacobi,4350,5.284783e-03
jacobi,4351,5.278417e-03
jacobi,4352,5.272059e-03
jacobi,4353,5.265708e-03
jacobi,4354,5.259366e-03
jacobi,4355,5.253030e-03
jacobi,4356,5.246703e-03
jacobi,4357,5.240383e-03
jacobi,4358,5.234071e-03
jacobi,4359,5.227766e-03
jacobi,4360,5.221469e-03
jacobi,4361,5.215179e-03
jacobi,4362,5.208898e-03
jacobi,4363,5.202623e-03
jacobi,4364,5.196356e-03
jacobi,4365,5.190097e-03
jacobi,4366,5.183845e-03
jacobi,4367,5.177601e-03
jacobi,4368,5.171365e-03
jacobi,4369,5.165136e-03
jacobi,4370,5.158914e-03
jacobi,4371,5.152700e-03
jacobi,4372,5.146493e-03
jacobi,4373,5.140294e-03
jacobi,4374,5.134102e-03
jacobi,4375,5.127918e-03
jacobi,4376,5.121741e-03
jacobi,4377,5.115572e-03
jacobi,4378,5.109410e-03
jacobi,4379,5.103255e-03
jacobi,4380,5.097108e-03
jacobi,4381,5.090969e-03
jacobi,4382,5.084836e-03
jacobi,4383,5.078711e-03
jacobi,4384,5.072594e-03
jacobi,4385,5.066484e-03
jacobi,4386,5.060381e-03
jacobi,4387,5.054285e-03
jacobi,4388,5.048197e-03
jacobi,4389,5.042117e-03
jacobi,4390,5.036043e-03
jacobi,4391,5.029977e-03
jacobi,4392,5.023918e-03
jacobi,4393,5.017867e-03
jacobi,4394,5.011822e-03
jacobi,4395,5.005785e-03
jacobi,4396,4.999756e-03
jacobi,4397,4.993733e-03
jacobi,4398,4.987718e-03
jacobi,4399,4.981710e-03
jacobi,4400,4.975710e-03
jacobi,4401,4.969716e-03
jacobi,4402,4.963730e-03
jacobi,4403,4.957751e-03
jacobi,4404,4.951779e-03
jacobi,4405,4.945814e-03
jacobi,4406,4.939857e-03
jacobi,4407,4.933907e-03
jacobi,4408,4.927964e-03
jacobi,4409,4.922028e-03
jacobi,4410,4.916099e-03
jacobi,4411,4.910177e-03
jacobi,4412,4.904263e-03
jacobi,4413,4.898355e-03
jacobi,4414,4.892455e-03
jacobi,4415,4.886562e-03
jacobi,4416,4.880676e-03
jacobi,4417,4.874797e-03
jacobi,4418,4.868925e-03
jacobi,4419,4.863060e-03
jacobi,4420,4.857202e-03
jacobi,4421,4.851351e-03
jacobi,4422,4.845508e-03
jacobi,4423,4.839671e-03
jacobi,4424,4.833842e-03
jacobi,4425,4.828019e-03
jacobi,4426,4.822203e-03
jacobi,4427,4.816395e-03
jacobi,4428,4.810593e-03
jacobi,4429,4.804799e-03
jacobi,4430,4.799011e-03
jacobi,4431,4.793231e-03
jacobi,4432,4.787457e-03
jacobi,4433,4.781690e-03
jacobi,4434,4.775930e-03
jacobi,4435,4.770178e-03
jacobi,4436,4.764432e-03
jacobi,4437,4.758693e-03
jacobi,4438,4.752961e-03
jacobi,4439,4.747236e-03
jacobi,4440,4.741517e-03
jacobi,4441,4.735806e-03
jacobi,4442,4.730101e-03
jacobi,4443,4.724404e-03
jacobi,4444,4.718713e-03
jacobi,4445,4.713029e-03
jacobi,4446,4.707352e-03
jacobi,4447,4.701682e-03
jacobi,4448,4.696019e-03
jacobi,4449,4.690362e-03
jacobi,4450,4.684712e-03
jacobi,4451,4.679069e-03
jacobi,4452,4.673433e-03
jacobi,4453,4.667804e-03
jacobi,4454,4.662181e-03
jacobi,4455,4.656565e-03
jacobi,4456,4.650956e-03
jacobi,4457,4.645354e-03
jacobi,4458,4.639759e-03
jacobi,4459,4.634170e-03
jacobi,4460,4.628588e-03
jacobi,4461,4.623012e-03
jacobi,4462,4.617444e-03
jacobi,4463,4.611882e-03
jacobi,4464,4.606327e-03
jacobi,4465,4.600778e-03
jacobi,4466,4.595236e-03
jacobi,4467,4.589701e-03
jacobi,4468,4.584173e-03
jacobi,4469,4.578651e-03
jacobi,4470,4.573136e-03
jacobi,4471,4.567627e-03
jacobi,4472,4.562125e-03
jacobi,4473,4.556630e-03
jacobi,4474,4.551141e-03
jacobi,4475,4.545659e-03
jacobi,4476,4.540184e-03
jacobi,4477,4.534715e-03
jacobi,4478,4.529253e-03
jacobi,4479,4.523797e-03
jacobi,4480,4.518348e-03
jacobi,4481,4.512905e-03
jacobi,4482,4.507469e-03
jacobi,4483,4.502040e-03
jacobi,4484,4.496617e-03
jacobi,4485,4.491201e-03
jacobi,4486,4.485791e-03
jacobi,4487,4.480387e-03
jacobi,4488,4.474991e-03
jacobi,4489,4.469600e-03
jacobi,4490,4.464216e-03
jacobi,4491,4.458839e-03
jacobi,4492,4.453468e-03
jacobi,4493,4.448104e-03
jacobi,4494,4.442746e-03
jacobi,4495,4.437394e-03
jacobi,4496,4.432049e-03
jacobi,4497,4.426711e-03
jacobi,4498,4.421379e-03
jacobi,4499,4.416053e-03
jacobi,4500,4.410733e-03
jacobi,4501,4.405421e-03
jacobi,4502,4.400114e-03
jacobi,4503,4.394814e-03
jacobi,4504,4.389520e-03
jacobi,4505,4.384233e-03
jacobi,4506,4.378952e-03
jacobi,4507,4.373677e-03
jacobi,4508,4.368409e-03
jacobi,4509,4.363147e-03
jacobi,4510,4.357891e-03
jacobi,4511,4.352642e-03
jacobi,4512,4.347399e-03
jacobi,4513,4.342162e-03
jacobi,4514,4.336932e-03
jacobi,4515,4.331708e-03
jacobi,4516,4.326490e-03
jacobi,4517,4.321279e-03
jacobi,4518,4.316074e-03
jacobi,4519,4.310875e-03
jacobi,4520,4.305682e-03
jacobi,4521,4.300496e-03
jacobi,4522,4.295316e-03
jacobi,4523,4.290142e-03
jacobi,4524,4.284974e-03
jacobi,4525,4.279813e-03
jacobi,4526,4.274657e-03
jacobi,4527,4.269508e-03
jacobi,4528,4.264366e-03
jacobi,4529,4.259229e-03
jacobi,4530,4.254099e-03
jacobi,4531,4.248974e-03
jacobi,4532,4.243856e-03
jacobi,4533,4.238744e-03
jacobi,4534,4.233639e-03
jacobi,4535,4.228539e-03
jacobi,4536,4.223446e-03
jacobi,4537,4.218358e-03
jacobi,4538,4.213277e-03
jacobi,4539,4.208202e-03
jacobi,4540,4.203133e-03
jacobi,4541,4.198070e-03
jacobi,4542,4.193013e-03
jacobi,4543,4.187963e-03
jacobi,4544,4.182918e-03
jacobi,4545,4.177880e-03
jacobi,4546,4.172847e-03
jacobi,4547,4.167821e-03
jacobi,4548,4.162800e-03
jacobi,4549,4.157786e-03
jacobi,4550,4.152778e-03
jacobi,4551,4.147776e-03
jacobi,4552,4.142780e-03
jacobi,4553,4.137789e-03
jacobi,4554,4.132805e-03
jacobi,4555,4.127827e-03
jacobi,4556,4.122855e-03
jacobi,4557,4.117889e-03
jacobi,4558,4.112929e-03
jacobi,4559,4.107974e-03
jacobi,4560,4.103026e-03
jacobi,4561,4.098084e-03
jacobi,4562,4.093148e-03
jacobi,4563,4.088217e-03
jacobi,4564,4.083293e-03
jacobi,4565,4.078374e-03
jacobi,4566,4.073462e-03
jacobi,4567,4.068555e-03
jacobi,4568,4.063654e-03
jacobi,4569,4.058759e-03
jacobi,4570,4.053871e-03
jacobi,4571,4.048987e-03
jacobi,4572,4.044110e-03
jacobi,4573,4.039239e-03
jacobi,4574,4.034374e-03
jacobi,4575,4.029514e-03
jacobi,4576,4.024660e-03
jacobi,4577,4.019812e-03
jacobi,4578,4.014970e-03
jacobi,4579,4.010134e-03
jacobi,4580,4.005304e-03
jacobi,4581,4.000479e-03
jacobi,4582,3.995660e-03
jacobi,4583,3.990847e-03
jacobi,4584,3.986040e-03
jacobi,4585,3.981239e-03
jacobi,4586,3.976443e-03
jacobi,4587,3.971654e-03
jacobi,4588,3.966870e-03
jacobi,4589,3.962091e-03
jacobi,4590,3.957319e-03
jacobi,4591,3.952552e-03
jacobi,4592,3.947791e-03
jacobi,4593,3.943036e-03
jacobi,4594,3.938286e-03
jacobi,4595,3.933542e-03
jacobi,4596,3.928804e-03
jacobi,4597,3.924072e-03
jacobi,4598,3.919345e-03
jacobi,4599,3.914624e-03
jacobi,4600,3.909909e-03
jacobi,4601,3.905199e-03
jacobi,4602,3.900495e-03
jacobi,4603,3.895797e-03
jacobi,4604,3.891104e-03
jacobi,4605,3.886417e-03
jacobi,4606,3.881736e-03
jacobi,4607,3.877060e-03
jacobi,4608,3.872390e-03
jacobi,4609,3.867725e-03
jacobi,4610,3.863067e-03
jacobi,4611,3.858413e-03
jacobi,4612,3.853766e-03
jacobi,4613,3.849124e-03
jacobi,4614,3.844487e-03
jacobi,4615,3.839856e-03
jacobi,4616,3.835231e-03
jacobi,4617,3.830611e-03
jacobi,4618,3.825997e-03
jacobi,4619,3.821389e-03
jacobi,4620,3.816786e-03
jacobi,4621,3.812188e-03
jacobi,4622,3.807596e-03
jacobi,4623,3.803010e-03
jacobi,4624,3.798429e-03
jacobi,4625,3.793854e-03
jacobi,4626,3.789284e-03
jacobi,4627,3.784719e-03
jacobi,4628,3.780160e-03
jacobi,4629,3.775607e-03
jacobi,4630,3.771059e-03
jacobi,4631,3.766517e-03
jacobi,4632,3.761980e-03
jacobi,4633,3.757448e-03
jacobi,4634,3.752922e-03
jacobi,4635,3.748402e-03
jacobi,4636,3.743887e-03
jacobi,4637,3.739377e-03
jacobi,4638,3.734873e-03
jacobi,4639,3.730374e-03
jacobi,4640,3.725881e-03
jacobi,4641,3.721393e-03
jacobi,4642,3.716910e-03
jacobi,4643,3.712433e-03
jacobi,4644,3.707961e-03
jacobi,4645,3.703495e-03
jacobi,4646,3.699034e-03
jacobi,4647,3.694578e-03
jacobi,4648,3.690128e-03
jacobi,4649,3.685683e-03
jacobi,4650,3.681243e-03
jacobi,4651,3.676809e-03
jacobi,4652,3.672380e-03
jacobi,4653,3.667957e-03
jacobi,4654,3.663538e-03
jacobi,4655,3.659125e-03
jacobi,4656,3.654718e-03
jacobi,4657,3.650316e-03
jacobi,4658,3.645919e-03
jacobi,4659,3.641527e-03
jacobi,4660,3.637141e-03
jacobi,4661,3.632759e-03
jacobi,4662,3.628384e-03
jacobi,4663,3.624013e-03
jacobi,4664,3.619648e-03
jacobi,4665,3.615288e-03
jacobi,4666,3.610933e-03
jacobi,4667,3.606584e-03
jacobi,4668,3.602239e-03
jacobi,4669,3.597900e-03
jacobi,4670,3.593566e-03
jacobi,4671,3.589238e-03
jacobi,4672,3.584914e-03
jacobi,4673,3.580596e-03
jacobi,4674,3.576283e-03
jacobi,4675,3.571975e-03
jacobi,4676,3.567673e-03
jacobi,4677,3.563375e-03
jacobi,4678,3.559083e-03
jacobi,4679,3.554796e-03
jacobi,4680,3.550514e-03
jacobi,4681,3.546237e-03
jacobi,4682,3.541966e-03
jacobi,4683,3.537699e-03
jacobi,4684,3.533438e-03
jacobi,4685,3.529182e-03
jacobi,4686,3.524931e-03
jacobi,4687,3.520685e-03
jacobi,4688,3.516444e-03
jacobi,4689,3.512208e-03
jacobi,4690,3.507978e-03
jacobi,4691,3.503752e-03
jacobi,4692,3.499532e-03
jacobi,4693,3.495316e-03
jacobi,4694,3.491106e-03
jacobi,4695,3.486901e-03
jacobi,4696,3.482701e-03
jacobi,4697,3.478506e-03
jacobi,4698,3.474316e-03
jacobi,4699,3.470131e-03
jacobi,4700,3.465951e-03
jacobi,4701,3.461776e-03
jacobi,4702,3.457606e-03
jacobi,4703,3.453441e-03
jacobi,4704,3.449281e-03
jacobi,4705,3.445127e-03
jacobi,4706,3.440977e-03
jacobi,4707,3.436832e-03
jacobi,4708,3.432692e-03
jacobi,4709,3.428557e-03
jacobi,4710,3.424428e-03
jacobi,4711,3.420303e-03
jacobi,4712,3.416183e-03
jacobi,4713,3.412068e-03
jacobi,4714,3.407958e-03
jacobi,4715,3.403853e-03
jacobi,4716,3.399753e-03
jacobi,4717,3.395658e-03
jacobi,4718,3.391567e-03
jacobi,4719,3.387482e-03
jacobi,4720,3.383402e-03
jacobi,4721,3.379326e-03
jacobi,4722,3.375256e-03
jacobi,4723,3.371190e-03
jacobi,4724,3.367129e-03
jacobi,4725,3.363073e-03
jacobi,4726,3.359023e-03
jacobi,4727,3.354976e-03
jacobi,4728,3.350935e-03
jacobi,4729,3.346899e-03
jacobi,4730,3.342867e-03
jacobi,4731,3.338841e-03
jacobi,4732,3.334819e-03
jacobi,4733,3.330802e-03
jacobi,4734,3.326790e-03
jacobi,4735,3.322783e-03
jacobi,4736,3.318780e-03
jacobi,4737,3.314783e-03
jacobi,4738,3.310790e-03
jacobi,4739,3.306802e-03
jacobi,4740,3.302819e-03
jacobi,4741,3.298840e-03
jacobi,4742,3.294867e-03
jacobi,4743,3.290898e-03
jacobi,4744,3.286934e-03
jacobi,4745,3.282975e-03
jacobi,4746,3.279020e-03
jacobi,4747,3.275070e-03
jacobi,4748,3.271125e-03
jacobi,4749,3.267185e-03
jacobi,4750,3.263250e-03
jacobi,4751,3.259319e-03
jacobi,4752,3.255393e-03
jacobi,4753,3.251472e-03
jacobi,4754,3.247555e-03
jacobi,4755,3.243643e-03
jacobi,4756,3.239736e-03
jacobi,4757,3.235834e-03
jacobi,4758,3.231936e-03
jacobi,4759,3.228043e-03
jacobi,4760,3.224155e-03
jacobi,4761,3.220271e-03
jacobi,4762,3.216392e-03
jacobi,4763,3.212518e-03
jacobi,4764,3.208648e-03
jacobi,4765,3.204783e-03
jacobi,4766,3.200923e-03
jacobi,4767,3.197067e-03
jacobi,4768,3.193216e-03
jacobi,4769,3.189370e-03
jacobi,4770,3.185528e-03
jacobi,4771,3.181691e-03
jacobi,4772,3.177859e-03
jacobi,4773,3.174031e-03
jacobi,4774,3.170208e-03
jacobi,4775,3.166389e-03
jacobi,4776,3.162575e-03
jacobi,4777,3.158765e-03
jacobi,4778,3.154961e-03
jacobi,4779,3.151160e-03
jacobi,4780,3.147365e-03
jacobi,4781,3.143573e-03
jacobi,4782,3.139787e-03
jacobi,4783,3.136005e-03
jacobi,4784,3.132227e-03
jacobi,4785,3.128454e-03
jacobi,4786,3.124686e-03
jacobi,4787,3.120922e-03
jacobi,4788,3.117163e-03
jacobi,4789,3.113408e-03
jacobi,4790,3.109658e-03
jacobi,4791,3.105912e-03
jacobi,4792,3.102171e-03
jacobi,4793,3.098434e-03
jacobi,4794,3.094702e-03
jacobi,4795,3.090974e-03
jacobi,4796,3.087251e-03
jacobi,4797,3.083532e-03
jacobi,4798,3.079818e-03
jacobi,4799,3.076108e-03
jacobi,4800,3.072403e-03
jacobi,4801,3.068702e-03
jacobi,4802,3.065006e-03
jacobi,4803,3.061314e-03
jacobi,4804,3.057627e-03
jacobi,4805,3.053943e-03
jacobi,4806,3.050265e-03
jacobi,4807,3.046591e-03
jacobi,4808,3.042921e-03
jacobi,4809,3.039256e-03
jacobi,4810,3.035595e-03
jacobi,4811,3.031938e-03
jacobi,4812,3.028286e-03
jacobi,4813,3.024638e-03
jacobi,4814,3.020995e-03
jacobi,4815,3.017356e-03
jacobi,4816,3.013722e-03
jacobi,4817,3.010091e-03
jacobi,4818,3.006466e-03
jacobi,4819,3.002844e-03
jacobi,4820,2.999227e-03
jacobi,4821,2.995614e-03
jacobi,4822,2.992006e-03
jacobi,4823,2.988402e-03
jacobi,4824,2.984802e-03
jacobi,4825,2.981207e-03
jacobi,4826,2.977616e-03
jacobi,4827,2.974029e-03
jacobi,4828,2.970447e-03
jacobi,4829,2.966869e-03
jacobi,4830,2.963295e-03
jacobi,4831,2.959726e-03
jacobi,4832,2.956161e-03
jacobi,4833,2.952600e-03
jacobi,4834,2.949043e-03
jacobi,4835,2.945491e-03
jacobi,4836,2.941943e-03
jacobi,4837,2.938400e-03
jacobi,4838,2.934860e-03
jacobi,4839,2.931325e-03
jacobi,4840,2.927794e-03
jacobi,4841,2.924267e-03
jacobi,4842,2.920745e-03
jacobi,4843,2.917227e-03
jacobi,4844,2.913713e-03
jacobi,4845,2.910203e-03
jacobi,4846,2.906698e-03
jacobi,4847,2.903196e-03
jacobi,4848,2.899699e-03
jacobi,4849,2.896207e-03
jacobi,4850,2.892718e-03
jacobi,4851,2.889234e-03
jacobi,4852,2.885753e-03
jacobi,4853,2.882277e-03
jacobi,4854,2.878806e-03
jacobi,4855,2.875338e-03
jacobi,4856,2.871874e-03
jacobi,4857,2.868415e-03
jacobi,4858,2.864960e-03
jacobi,4859,2.861509e-03
jacobi,4860,2.858062e-03
jacobi,4861,2.854620e-03
jacobi,4862,2.851181e-03
jacobi,4863,2.847747e-03
jacobi,4864,2.844316e-03
jacobi,4865,2.840890e-03
jacobi,4866,2.837468e-03
jacobi,4867,2.834051e-03
jacobi,4868,2.830637e-03
jacobi,4869,2.827227e-03
jacobi,4870,2.823822e-03
jacobi,4871,2.820420e-03
jacobi,4872,2.817023e-03
jacobi,4873,2.813630e-03
jacobi,4874,2.810241e-03
jacobi,4875,2.806855e-03
jacobi,4876,2.803474e-03
jacobi,4877,2.800098e-03
jacobi,4878,2.796725e-03
jacobi,4879,2.793356e-03
jacobi,4880,2.789991e-03
jacobi,4881,2.786631e-03
jacobi,4882,2.783274e-03
jacobi,4883,2.779921e-03
jacobi,4884,2.776573e-03
jacobi,4885,2.773228e-03
jacobi,4886,2.769888e-03
jacobi,4887,2.766551e-03
jacobi,4888,2.763219e-03
jacobi,4889,2.759891e-03
jacobi,4890,2.756566e-03
jacobi,4891,2.753246e-03
jacobi,4892,2.749929e-03
jacobi,4893,2.746617e-03
jacobi,4894,2.743309e-03
jacobi,4895,2.740004e-03
jacobi,4896,2.736704e-03
jacobi,4897,2.733407e-03
jacobi,4898,2.730115e-03
jacobi,4899,2.726826e-03
jacobi,4900,2.723542e-03
jacobi,4901,2.720261e-03
jacobi,4902,2.716984e-03
jacobi,4903,2.713711e-03
jacobi,4904,2.710443e-03
jacobi,4905,2.707178e-03
jacobi,4906,2.703917e-03
jacobi,4907,2.700660e-03
jacobi,4908,2.697407e-03
jacobi,4909,2.694158e-03
jacobi,4910,2.690913e-03
jacobi,4911,2.687671e-03
jacobi,4912,2.684434e-03
jacobi,4913,2.681200e-03
jacobi,4914,2.677971e-03
jacobi,4915,2.674745e-03
jacobi,4916,2.671523e-03
jacobi,4917,2.668305e-03
jacobi,4918,2.665091e-03
jacobi,4919,2.661881e-03
jacobi,4920,2.658674e-03
jacobi,4921,2.655472e-03
jacobi,4922,2.652273e-03
jacobi,4923,2.649079e-03
jacobi,4924,2.645888e-03
jacobi,4925,2.642701e-03
jacobi,4926,2.639517e-03
jacobi,4927,2.636338e-03
jacobi,4928,2.633162e-03
jacobi,4929,2.629990e-03
jacobi,4930,2.626823e-03
jacobi,4931,2.623658e-03
jacobi,4932,2.620498e-03
jacobi,4933,2.617342e-03
jacobi,4934,2.614189e-03
jacobi,4935,2.611040e-03
jacobi,4936,2.607895e-03
jacobi,4937,2.604754e-03
jacobi,4938,2.601616e-03
jacobi,4939,2.598482e-03
jacobi,4940,2.595352e-03
jacobi,4941,2.592226e-03
jacobi,4942,2.589104e-03
jacobi,4943,2.585985e-03
jacobi,4944,2.582870e-03
jacobi,4945,2.579759e-03
jacobi,4946,2.576651e-03
jacobi,4947,2.573548e-03
jacobi,4948,2.570448e-03
jacobi,4949,2.567352e-03
jacobi,4950,2.564259e-03
jacobi,4951,2.561170e-03
jacobi,4952,2.558085e-03
jacobi,4953,2.555004e-03
jacobi,4954,2.551926e-03
jacobi,4955,2.548852e-03
jacobi,4956,2.545782e-03
jacobi,4957,2.542716e-03
jacobi,4958,2.539653e-03
jacobi,4959,2.536594e-03
jacobi,4960,2.533538e-03
jacobi,4961,2.530487e-03
jacobi,4962,2.527438e-03
jacobi,4963,2.524394e-03
jacobi,4964,2.521353e-03
jacobi,4965,2.518316e-03
jacobi,4966,2.515283e-03
jacobi,4967,2.512253e-03
jacobi,4968,2.509227e-03
jacobi,4969,2.506204e-03
jacobi,4970,2.503186e-03
jacobi,4971,2.500170e-03
jacobi,4972,2.497159e-03
jacobi,4973,2.494151e-03
jacobi,4974,2.491147e-03
jacobi,4975,2.488146e-03
jacobi,4976,2.485149e-03
jacobi,4977,2.482155e-03
jacobi,4978,2.479165e-03
jacobi,4979,2.476179e-03
jacobi,4980,2.473197e-03
jacobi,4981,2.470217e-03
jacobi,4982,2.467242e-03
jacobi,4983,2.464270e-03
jacobi,4984,2.461302e-03
jacobi,4985,2.458337e-03
jacobi,4986,2.455376e-03
jacobi,4987,2.452418e-03
jacobi,4988,2.449464e-03
jacobi,4989,2.446514e-03
jacobi,4990,2.443567e-03
jacobi,4991,2.440623e-03
jacobi,4992,2.437684e-03
jacobi,4993,2.434747e-03
jacobi,4994,2.431815e-03
jacobi,4995,2.428885e-03
jacobi,4996,2.425960e-03
jacobi,4997,2.423037e-03
jacobi,4998,2.420119e-03
jacobi,4999,2.417204e-03
jacobi,5000,2.414292e-03
jacobi,5001,2.411384e-03
jacobi,5002,2.408479e-03
jacobi,5003,2.405578e-03
jacobi,5004,2.402681e-03
jacobi,5005,2.399786e-03
jacobi,5006,2.396896e-03
jacobi,5007,2.394009e-03
jacobi,5008,2.391125e-03
jacobi,5009,2.388245e-03
jacobi,5010,2.385368e-03
jacobi,5011,2.382495e-03
jacobi,5012,2.379625e-03
jacobi,5013,2.376758e-03
jacobi,5014,2.373896e-03
jacobi,5015,2.371036e-03
jacobi,5016,2.368180e-03
jacobi,5017,2.365327e-03
jacobi,5018,2.362478e-03
jacobi,5019,2.359633e-03
jacobi,5020,2.356790e-03
jacobi,5021,2.353952e-03
jacobi,5022,2.351116e-03
jacobi,5023,2.348284e-03
jacobi,5024,2.345455e-03
jacobi,5025,2.342630e-03
jacobi,5026,2.339808e-03
jacobi,5027,2.336990e-03
jacobi,5028,2.334175e-03
jacobi,5029,2.331363e-03
jacobi,5030,2.328555e-03
jacobi,5031,2.325750e-03
jacobi,5032,2.322949e-03
jacobi,5033,2.320151e-03
jacobi,5034,2.317356e-03
jacobi,5035,2.314565e-03
jacobi,5036,2.311777e-03
jacobi,5037,2.308992e-03
jacobi,5038,2.306211e-03
jacobi,5039,2.303433e-03
jacobi,5040,2.300658e-03
jacobi,5041,2.297887e-03
jacobi,5042,2.295119e-03
jacobi,5043,2.292355e-03
jacobi,5044,2.289593e-03
jacobi,5045,2.286835e-03
jacobi,5046,2.284081e-03
jacobi,5047,2.281330e-03
jacobi,5048,2.278582e-03
jacobi,5049,2.275837e-03
jacobi,5050,2.273096e-03
jacobi,5051,2.270358e-03
jacobi,5052,2.267623e-03
jacobi,5053,2.264891e-03
jacobi,5054,2.262163e-03
jacobi,5055,2.259438e-03
jacobi,5056,2.256717e-03
jacobi,5057,2.253998e-03
jacobi,5058,2.251283e-03
jacobi,5059,2.248572e-03
jacobi,5060,2.245863e-03
jacobi,5061,2.243158e-03
jacobi,5062,2.240456e-03
jacobi,5063,2.237757e-03
jacobi,5064,2.235062e-03
jacobi,5065,2.232369e-03
jacobi,5066,2.229680e-03
jacobi,5067,2.226995e-03
jacobi,5068,2.224312e-03
jacobi,5069,2.221633e-03
jacobi,5070,2.218957e-03
jacobi,5071,2.216284e-03
jacobi,5072,2.213614e-03
jacobi,5073,2.210948e-03
jacobi,5074,2.208285e-03
jacobi,5075,2.205625e-03
jacobi,5076,2.202968e-03
jacobi,5077,2.200314e-03
jacobi,5078,2.197664e-03
jacobi,5079,2.195017e-03
jacobi,5080,2.192373e-03
jacobi,5081,2.189732e-03
jacobi,5082,2.187094e-03
jacobi,5083,2.184460e-03
jacobi,5084,2.181829e-03
jacobi,5085,2.179201e-03
jacobi,5086,2.176576e-03
jacobi,5087,2.173954e-03
jacobi,5088,2.171335e-03
jacobi,5089,2.168720e-03
jacobi,5090,2.166108e-03
jacobi,5091,2.163498e-03
jacobi,5092,2.160892e-03
jacobi,5093,2.158289e-03
jacobi,5094,2.155690e-03
jacobi,5095,2.153093e-03
jacobi,5096,2.150500e-03
jacobi,5097,2.147909e-03
jacobi,5098,2.145322e-03
jacobi,5099,2.142738e-03
jacobi,5100,2.140157e-03
jacobi,5101,2.137579e-03
jacobi,5102,2.135004e-03
jacobi,5103,2.132432e-03
jacobi,5104,2.129864e-03
jacobi,5105,2.127298e-03
jacobi,5106,2.124736e-03
jacobi,5107,2.122176e-03
jacobi,5108,2.119620e-03
jacobi,5109,2.117067e-03
jacobi,5110,2.114517e-03
jacobi,5111,2.111970e-03
jacobi,5112,2.109426e-03
jacobi,5113,2.106885e-03
jacobi,5114,2.104347e-03
jacobi,5115,2.101812e-03
jacobi,5116,2.099281e-03
jacobi,5117,2.096752e-03
jacobi,5118,2.094226e-03
jacobi,5119,2.091704e-03
jacobi,5120,2.089184e-03
jacobi,5121,2.086668e-03
jacobi,5122,2.084154e-03
jacobi,5123,2.081644e-03
jacobi,5124,2.079136e-03
jacobi,5125,2.076632e-03
jacobi,5126,2.074131e-03
jacobi,5127,2.071632e-03
jacobi,5128,2.069137e-03
jacobi,5129,2.066644e-03
jacobi,5130,2.064155e-03
jacobi,5131,2.061669e-03
jacobi,5132,2.059185e-03
jacobi,5133,2.056705e-03
jacobi,5134,2.054228e-03
jacobi,5135,2.051753e-03
jacobi,5136,2.049282e-03
jacobi,5137,2.046813e-03
jacobi,5138,2.044348e-03
jacobi,5139,2.041885e-03
jacobi,5140,2.039426e-03
jacobi,5141,2.036969e-03
jacobi,5142,2.034516e-03
jacobi,5143,2.032065e-03
jacobi,5144,2.029617e-03
jacobi,5145,2.027172e-03
jacobi,5146,2.024731e-03
jacobi,5147,2.022292e-03
jacobi,5148,2.019856e-03
jacobi,5149,2.017423e-03
jacobi,5150,2.014993e-03
jacobi,5151,2.012566e-03
jacobi,5152,2.010141e-03
jacobi,5153,2.007720e-03
jacobi,5154,2.005302e-03
jacobi,5155,2.002886e-03
jacobi,5156,2.000474e-03
jacobi,5157,1.998064e-03
jacobi,5158,1.995657e-03
jacobi,5159,1.993253e-03
jacobi,5160,1.990852e-03
jacobi,5161,1.988454e-03
jacobi,5162,1.986059e-03
jacobi,5163,1.983667e-03
jacobi,5164,1.981277e-03
jacobi,5165,1.978891e-03
jacobi,5166,1.976507e-03
jacobi,5167,1.974126e-03
jacobi,5168,1.971749e-03
jacobi,5169,1.969374e-03
jacobi,5170,1.967001e-03
jacobi,5171,1.964632e-03
jacobi,5172,1.962265e-03
jacobi,5173,1.959902e-03
jacobi,5174,1.957541e-03
jacobi,5175,1.955183e-03
jacobi,5176,1.952828e-03
jacobi,5177,1.950476e-03
jacobi,5178,1.948126e-03
jacobi,5179,1.945780e-03
jacobi,5180,1.943436e-03
jacobi,5181,1.941095e-03
jacobi,5182,1.938757e-03
jacobi,5183,1.936422e-03
jacobi,5184,1.934089e-03
jacobi,5185,1.931759e-03
jacobi,5186,1.929432e-03
jacobi,5187,1.927108e-03
jacobi,5188,1.924787e-03
jacobi,5189,1.922469e-03
jacobi,5190,1.920153e-03
jacobi,5191,1.917840e-03
jacobi,5192,1.915530e-03
jacobi,5193,1.913223e-03
jacobi,5194,1.910918e-03
jacobi,5195,1.908616e-03
jacobi,5196,1.906317e-03
jacobi,5197,1.904021e-03
jacobi,5198,1.901727e-03
jacobi,5199,1.899437e-03
jacobi,5200,1.897149e-03
jacobi,5201,1.894864e-03
jacobi,5202,1.892581e-03
jacobi,5203,1.890301e-03
jacobi,5204,1.888024e-03
jacobi,5205,1.885750e-03
jacobi,5206,1.883479e-03
jacobi,5207,1.881210e-03
jacobi,5208,1.878944e-03
jacobi,5209,1.876681e-03
jacobi,5210,1.874420e-03
jacobi,5211,1.872162e-03
jacobi,5212,1.869907e-03
jacobi,5213,1.867655e-03
jacobi,5214,1.865405e-03
jacobi,5215,1.863158e-03
jacobi,5216,1.860914e-03
jacobi,5217,1.858672e-03
jacobi,5218,1.856434e-03
jacobi,5219,1.854197e-03
jacobi,5220,1.851964e-03
jacobi,5221,1.849733e-03
jacobi,5222,1.847505e-03
jacobi,5223,1.845280e-03
jacobi,5224,1.843057e-03
jacobi,5225,1.840837e-03
jacobi,5226,1.838620e-03
jacobi,5227,1.836405e-03
jacobi,5228,1.834193e-03
jacobi,5229,1.831984e-03
jacobi,5230,1.829777e-03
jacobi,5231,1.827573e-03
jacobi,5232,1.825371e-03
jacobi,5233,1.823173e-03
jacobi,5234,1.820977e-03
jacobi,5235,1.818783e-03
jacobi,5236,1.816592e-03
jacobi,5237,1.814404e-03
jacobi,5238,1.812219e-03
jacobi,5239,1.810036e-03
jacobi,5240,1.807855e-03
jacobi,5241,1.805678e-03
jacobi,5242,1.803503e-03
jacobi,5243,1.801330e-03
jacobi,5244,1.799161e-03
jacobi,5245,1.796993e-03
jacobi,5246,1.794829e-03
jacobi,5247,1.792667e-03
jacobi,5248,1.790508e-03
jacobi,5249,1.788351e-03
jacobi,5250,1.786197e-03
jacobi,5251,1.784045e-03
jacobi,5252,1.781896e-03
jacobi,5253,1.779750e-03
jacobi,5254,1.777606e-03
jacobi,5255,1.775465e-03
jacobi,5256,1.773326e-03
jacobi,5257,1.771190e-03
jacobi,5258,1.769057e-03
jacobi,5259,1.766926e-03
jacobi,5260,1.764797e-03
jacobi,5261,1.762672e-03
jacobi,5262,1.760548e-03
jacobi,5263,1.758428e-03
jacobi,5264,1.756310e-03
jacobi,5265,1.754194e-03
jacobi,5266,1.752081e-03
jacobi,5267,1.749971e-03
jacobi,5268,1.747863e-03
jacobi,5269,1.745757e-03
jacobi,5270,1.743655e-03
jacobi,5271,1.741554e-03
jacobi,5272,1.739456e-03
jacobi,5273,1.737361e-03
jacobi,5274,1.735268e-03
jacobi,5275,1.733178e-03
jacobi,5276,1.731091e-03
jacobi,5277,1.729005e-03
jacobi,5278,1.726923e-03
jacobi,5279,1.724843e-03
jacobi,5280,1.722765e-03
jacobi,5281,1.720690e-03
jacobi,5282,1.718617e-03
jacobi,5283,1.716547e-03
jacobi,5284,1.714479e-03
jacobi,5285,1.712414e-03
jacobi,5286,1.710351e-03
jacobi,5287,1.708291e-03
jacobi,5288,1.706234e-03
jacobi,5289,1.704178e-03
jacobi,5290,1.702126e-03
jacobi,5291,1.700075e-03
jacobi,5292,1.698027e-03
jacobi,5293,1.695982e-03
jacobi,5294,1.693939e-03
jacobi,5295,1.691899e-03
jacobi,5296,1.689861e-03
jacobi,5297,1.687825e-03
jacobi,5298,1.685792e-03
jacobi,5299,1.683762e-03
jacobi,5300,1.681734e-03
jacobi,5301,1.679708e-03
jacobi,5302,1.677685e-03
jacobi,5303,1.675664e-03
jacobi,5304,1.673645e-03
jacobi,5305,1.671629e-03
jacobi,5306,1.669616e-03
jacobi,5307,1.667605e-03
jacobi,5308,1.665596e-03
jacobi,5309,1.663590e-03
jacobi,5310,1.661586e-03
jacobi,5311,1.659584e-03
jacobi,5312,1.657585e-03
jacobi,5313,1.655589e-03
jacobi,5314,1.653594e-03
jacobi,5315,1.651603e-03
jacobi,5316,1.649613e-03
jacobi,5317,1.647626e-03
jacobi,5318,1.645641e-03
jacobi,5319,1.643659e-03
jacobi,5320,1.641679e-03
jacobi,5321,1.639702e-03
jacobi,5322,1.637727e-03
jacobi,5323,1.635754e-03
jacobi,5324,1.633784e-03
jacobi,5325,1.631816e-03
jacobi,5326,1.629850e-03
jacobi,5327,1.627887e-03
jacobi,5328,1.625926e-03
jacobi,5329,1.623968e-03
jacobi,5330,1.622011e-03
jacobi,5331,1.620058e-03
jacobi,5332,1.618106e-03
jacobi,5333,1.616157e-03
jacobi,5334,1.614210e-03
jacobi,5335,1.612266e-03
jacobi,5336,1.610324e-03
jacobi,5337,1.608384e-03
jacobi,5338,1.606447e-03
jacobi,5339,1.604512e-03
jacobi,5340,1.602579e-03
jacobi,5341,1.600649e-03
jacobi,5342,1.598721e-03
jacobi,5343,1.596795e-03
jacobi,5344,1.594872e-03
jacobi,5345,1.592951e-03
jacobi,5346,1.591032e-03
jacobi,5347,1.589115e-03
jacobi,5348,1.587201e-03
jacobi,5349,1.585289e-03
jacobi,5350,1.583380e-03
jacobi,5351,1.581472e-03
jacobi,5352,1.579568e-03
jacobi,5353,1.577665e-03
jacobi,5354,1.575765e-03
jacobi,5355,1.573866e-03
jacobi,5356,1.571971e-03
jacobi,5357,1.570077e-03
jacobi,5358,1.568186e-03
jacobi,5359,1.566297e-03
jacobi,5360,1.564410e-03
jacobi,5361,1.562526e-03
jacobi,5362,1.560644e-03
jacobi,5363,1.558764e-03
jacobi,5364,1.556886e-03
jacobi,5365,1.555011e-03
jacobi,5366,1.553138e-03
jacobi,5367,1.551267e-03
jacobi,5368,1.549398e-03
jacobi,5369,1.547532e-03
jacobi,5370,1.545668e-03
jacobi,5371,1.543806e-03
jacobi,5372,1.541947e-03
jacobi,5373,1.540089e-03
jacobi,5374,1.538234e-03
jacobi,5375,1.536381e-03
jacobi,5376,1.534531e-03
jacobi,5377,1.532682e-03
jacobi,5378,1.530836e-03
jacobi,5379,1.528992e-03
jacobi,5380,1.527150e-03
jacobi,5381,1.525311e-03
jacobi,5382,1.523474e-03
jacobi,5383,1.521639e-03
jacobi,5384,1.519806e-03
jacobi,5385,1.517975e-03
jacobi,5386,1.516146e-03
jacobi,5387,1.514320e-03
jacobi,5388,1.512496e-03
jacobi,5389,1.510674e-03
jacobi,5390,1.508855e-03
jacobi,5391,1.507037e-03
jacobi,5392,1.505222e-03
jacobi,5393,1.503409e-03
jacobi,5394,1.501598e-03
jacobi,5395,1.499789e-03
jacobi,5396,1.497983e-03
jacobi,5397,1.496178e-03
jacobi,5398,1.494376e-03
jacobi,5399,1.492576e-03
jacobi,5400,1.490778e-03
jacobi,5401,1.488982e-03
jacobi,5402,1.487189e-03
jacobi,5403,1.485397e-03
jacobi,5404,1.483608e-03
jacobi,5405,1.481821e-03
jacobi,5406,1.480036e-03
jacobi,5407,1.478253e-03
jacobi,5408,1.476473e-03
jacobi,5409,1.474694e-03
jacobi,5410,1.472918e-03
jacobi,5411,1.471144e-03
jacobi,5412,1.469372e-03
jacobi,5413,1.467602e-03
jacobi,5414,1.465834e-03
jacobi,5415,1.464068e-03
jacobi,5416,1.462305e-03
jacobi,5417,1.460543e-03
jacobi,5418,1.458784e-03
jacobi,5419,1.457027e-03
jacobi,5420,1.455272e-03
jacobi,5421,1.453519e-03
jacobi,5422,1.451768e-03
jacobi,5423,1.450019e-03
jacobi,5424,1.448273e-03
jacobi,5425,1.446528e-03
jacobi,5426,1.444786e-03
jacobi,5427,1.443046e-03
jacobi,5428,1.441307e-03
jacobi,5429,1.439571e-03
jacobi,5430,1.437837e-03
jacobi,5431,1.436105e-03
jacobi,5432,1.434375e-03
jacobi,5433,1.432648e-03
jacobi,5434,1.430922e-03
jacobi,5435,1.429198e-03
jacobi,5436,1.427477e-03
jacobi,5437,1.425757e-03
jacobi,5438,1.424040e-03
jacobi,5439,1.422325e-03
jacobi,5440,1.420611e-03
jacobi,5441,1.418900e-03
jacobi,5442,1.417191e-03
jacobi,5443,1.415484e-03
jacobi,5444,1.413779e-03
jacobi,5445,1.412076e-03
jacobi,5446,1.410375e-03
jacobi,5447,1.408676e-03
jacobi,5448,1.406979e-03
jacobi,5449,1.405285e-03
jacobi,5450,1.403592e-03
jacobi,5451,1.401901e-03
jacobi,5452,1.400213e-03
jacobi,5453,1.398526e-03
jacobi,5454,1.396841e-03
jacobi,5455,1.395159e-03
jacobi,5456,1.393478e-03
jacobi,5457,1.391800e-03
jacobi,5458,1.390123e-03
jacobi,5459,1.388449e-03
jacobi,5460,1.386776e-03
jacobi,5461,1.385106e-03
jacobi,5462,1.383438e-03
jacobi,5463,1.381771e-03
jacobi,5464,1.380107e-03
jacobi,5465,1.378444e-03
jacobi,5466,1.376784e-03
jacobi,5467,1.375126e-03
jacobi,5468,1.373469e-03
jacobi,5469,1.371815e-03
jacobi,5470,1.370162e-03
jacobi,5471,1.368512e-03
jacobi,5472,1.366864e-03
jacobi,5473,1.365217e-03
jacobi,5474,1.363573e-03
jacobi,5475,1.361930e-03
jacobi,5476,1.360290e-03
jacobi,5477,1.358651e-03
jacobi,5478,1.357015e-03
jacobi,5479,1.355380e-03
jacobi,5480,1.353747e-03
jacobi,5481,1.352117e-03
jacobi,5482,1.350488e-03
jacobi,5483,1.348861e-03
jacobi,5484,1.347237e-03
jacobi,5485,1.345614e-03
jacobi,5486,1.343993e-03
jacobi,5487,1.342374e-03
jacobi,5488,1.340757e-03
jacobi,5489,1.339142e-03
jacobi,5490,1.337529e-03
jacobi,5491,1.335918e-03
jacobi,5492,1.334309e-03
jacobi,5493,1.332701e-03
jacobi,5494,1.331096e-03
jacobi,5495,1.329493e-03
jacobi,5496,1.327891e-03
jacobi,5497,1.326292e-03
jacobi,5498,1.324694e-03
jacobi,5499,1.323099e-03
jacobi,5500,1.321505e-03
jacobi,5501,1.319913e-03
jacobi,5502,1.318323e-03
jacobi,5503,1.316735e-03
jacobi,5504,1.315149e-03
jacobi,5505,1.313565e-03
jacobi,5506,1.311983e-03
jacobi,5507,1.310402e-03
jacobi,5508,1.308824e-03
jacobi,5509,1.307247e-03
jacobi,5510,1.305673e-03
jacobi,5511,1.304100e-03
jacobi,5512,1.302529e-03
jacobi,5513,1.300960e-03
jacobi,5514,1.299393e-03
jacobi,5515,1.297828e-03
jacobi,5516,1.296265e-03
jacobi,5517,1.294703e-03
jacobi,5518,1.293144e-03
jacobi,5519,1.291586e-03
jacobi,5520,1.290030e-03
jacobi,5521,1.288476e-03
jacobi,5522,1.286924e-03
jacobi,5523,1.285374e-03
jacobi,5524,1.283826e-03
jacobi,5525,1.282280e-03
jacobi,5526,1.280735e-03
jacobi,5527,1.279192e-03
jacobi,5528,1.277651e-03
jacobi,5529,1.276112e-03
jacobi,5530,1.274575e-03
jacobi,5531,1.273040e-03
jacobi,5532,1.271507e-03
jacobi,5533,1.269975e-03
jacobi,5534,1.268445e-03
jacobi,5535,1.266917e-03
jacobi,5536,1.265391e-03
jacobi,5537,1.263867e-03
jacobi,5538,1.262345e-03
jacobi,5539,1.260824e-03
jacobi,5540,1.259305e-03
jacobi,5541,1.257789e-03
jacobi,5542,1.256274e-03
jacobi,5543,1.254760e-03
jacobi,5544,1.253249e-03
jacobi,5545,1.251739e-03
jacobi,5546,1.250232e-03
jacobi,5547,1.248726e-03
jacobi,5548,1.247221e-03
jacobi,5549,1.245719e-03
jacobi,5550,1.244219e-03
jacobi,5551,1.242720e-03
jacobi,5552,1.241223e-03
jacobi,5553,1.239728e-03
jacobi,5554,1.238235e-03
jacobi,5555,1.236743e-03
jacobi,5556,1.235253e-03
jacobi,5557,1.233765e-03
jacobi,5558,1.232279e-03
jacobi,5559,1.230795e-03
jacobi,5560,1.229312e-03
jacobi,5561,1.227832e-03
jacobi,5562,1.226353e-03
jacobi,5563,1.224875e-03
jacobi,5564,1.223400e-03
jacobi,5565,1.221926e-03
jacobi,5566,1.220455e-03
jacobi,5567,1.218984e-03
jacobi,5568,1.217516e-03
jacobi,5569,1.216050e-03
jacobi,5570,1.214585e-03
jacobi,5571,1.213122e-03
jacobi,5572,1.211660e-03
jacobi,5573,1.210201e-03
jacobi,5574,1.208743e-03
jacobi,5575,1.207287e-03
jacobi,5576,1.205833e-03
jacobi,5577,1.204381e-03
jacobi,5578,1.202930e-03
jacobi,5579,1.201481e-03
jacobi,5580,1.200034e-03
jacobi,5581,1.198588e-03
jacobi,5582,1.197144e-03
jacobi,5583,1.195702e-03
jacobi,5584,1.194262e-03
jacobi,5585,1.192824e-03
jacobi,5586,1.191387e-03
jacobi,5587,1.189952e-03
jacobi,5588,1.188518e-03
jacobi,5589,1.187087e-03
jacobi,5590,1.185657e-03
jacobi,5591,1.184229e-03
jacobi,5592,1.182802e-03
jacobi,5593,1.181377e-03
jacobi,5594,1.179954e-03
jacobi,5595,1.178533e-03
jacobi,5596,1.177113e-03
jacobi,5597,1.175696e-03
jacobi,5598,1.174279e-03
jacobi,5599,1.172865e-03
jacobi,5600,1.171452e-03
jacobi,5601,1.170041e-03
jacobi,5602,1.168632e-03
jacobi,5603,1.167224e-03
jacobi,5604,1.165818e-03
jacobi,5605,1.164414e-03
jacobi,5606,1.163011e-03
jacobi,5607,1.161610e-03
jacobi,5608,1.160211e-03
jacobi,5609,1.158814e-03
jacobi,5610,1.157418e-03
jacobi,5611,1.156024e-03
jacobi,5612,1.154631e-03
jacobi,5613,1.153240e-03
jacobi,5614,1.151851e-03
jacobi,5615,1.150464e-03
jacobi,5616,1.149078e-03
jacobi,5617,1.147694e-03
jacobi,5618,1.146311e-03
jacobi,5619,1.144931e-03
jacobi,5620,1.143552e-03
jacobi,5621,1.142174e-03
jacobi,5622,1.140798e-03
jacobi,5623,1.139424e-03
jacobi,5624,1.138052e-03
jacobi,5625,1.136681e-03
jacobi,5626,1.135312e-03
jacobi,5627,1.133944e-03
jacobi,5628,1.132578e-03
jacobi,5629,1.131214e-03
jacobi,5630,1.129851e-03
jacobi,5631,1.128490e-03
jacobi,5632,1.127131e-03
jacobi,5633,1.125773e-03
jacobi,5634,1.124417e-03
jacobi,5635,1.123063e-03
jacobi,5636,1.121710e-03
jacobi,5637,1.120359e-03
jacobi,5638,1.119009e-03
jacobi,5639,1.117662e-03
jacobi,5640,1.116315e-03
jacobi,5641,1.114971e-03
jacobi,5642,1.113628e-03
jacobi,5643,1.112286e-03
jacobi,5644,1.110946e-03
jacobi,5645,1.109608e-03
jacobi,5646,1.108272e-03
jacobi,5647,1.106937e-03
jacobi,5648,1.105603e-03
jacobi,5649,1.104272e-03
jacobi,5650,1.102941e-03
jacobi,5651,1.101613e-03
jacobi,5652,1.100286e-03
jacobi,5653,1.098961e-03
jacobi,5654,1.097637e-03
jacobi,5655,1.096315e-03
jacobi,5656,1.094994e-03
jacobi,5657,1.093675e-03
jacobi,5658,1.092358e-03
jacobi,5659,1.091042e-03
jacobi,5660,1.089728e-03
jacobi,5661,1.088415e-03
jacobi,5662,1.087104e-03
jacobi,5663,1.085795e-03
jacobi,5664,1.084487e-03
jacobi,5665,1.083181e-03
jacobi,5666,1.081876e-03
jacobi,5667,1.080573e-03
jacobi,5668,1.079271e-03
jacobi,5669,1.077971e-03
jacobi,5670,1.076673e-03
jacobi,5671,1.075376e-03
jacobi,5672,1.074080e-03
jacobi,5673,1.072787e-03
jacobi,5674,1.071494e-03
jacobi,5675,1.070204e-03
jacobi,5676,1.068915e-03
jacobi,5677,1.067627e-03
jacobi,5678,1.066341e-03
jacobi,5679,1.065057e-03
jacobi,5680,1.063774e-03
jacobi,5681,1.062492e-03
jacobi,5682,1.061212e-03
jacobi,5683,1.059934e-03
jacobi,5684,1.058657e-03
jacobi,5685,1.057382e-03
jacobi,5686,1.056109e-03
jacobi,5687,1.054836e-03
jacobi,5688,1.053566e-03
jacobi,5689,1.052297e-03
jacobi,5690,1.051029e-03
jacobi,5691,1.049763e-03
jacobi,5692,1.048499e-03
jacobi,5693,1.047236e-03
jacobi,5694,1.045974e-03
jacobi,5695,1.044714e-03
jacobi,5696,1.043456e-03
jacobi,5697,1.042199e-03
jacobi,5698,1.040944e-03
jacobi,5699,1.039690e-03
jacobi,5700,1.038438e-03
jacobi,5701,1.037187e-03
jacobi,5702,1.035937e-03
jacobi,5703,1.034689e-03
jacobi,5704,1.033443e-03
jacobi,5705,1.032198e-03
jacobi,5706,1.030955e-03
jacobi,5707,1.029713e-03
jacobi,5708,1.028473e-03
jacobi,5709,1.027234e-03
jacobi,5710,1.025997e-03
jacobi,5711,1.024761e-03
jacobi,5712,1.023526e-03
jacobi,5713,1.022294e-03
jacobi,5714,1.021062e-03
jacobi,5715,1.019832e-03
jacobi,5716,1.018604e-03
jacobi,5717,1.017377e-03
jacobi,5718,1.016151e-03
jacobi,5719,1.014927e-03
jacobi,5720,1.013705e-03
jacobi,5721,1.012484e-03
jacobi,5722,1.011264e-03
jacobi,5723,1.010046e-03
jacobi,5724,1.008829e-03
jacobi,5725,1.007614e-03
jacobi,5726,1.006401e-03
jacobi,5727,1.005188e-03
jacobi,5728,1.003978e-03
jacobi,5729,1.002768e-03
jacobi,5730,1.001560e-03
jacobi,5731,1.000354e-03
jacobi,5732,9.991489e-04
jacobi,5733,9.979454e-04
jacobi,5734,9.967433e-04
jacobi,5735,9.955427e-04
jacobi,5736,9.943435e-04
jacobi,5737,9.931458e-04
jacobi,5738,9.919495e-04
jacobi,5739,9.907547e-04
jacobi,5740,9.895613e-04
jacobi,5741,9.883693e-04
jacobi,5742,9.871788e-04
jacobi,5743,9.859897e-04
jacobi,5744,9.848020e-04
jacobi,5745,9.836157e-04
jacobi,5746,9.824309e-04
jacobi,5747,9.812476e-04
jacobi,5748,9.800656e-04
jacobi,5749,9.788851e-04
jacobi,5750,9.777060e-04
jacobi,5751,9.765283e-04
jacobi,5752,9.753520e-04
jacobi,5753,9.741771e-04
jacobi,5754,9.730037e-04
jacobi,5755,9.718317e-04
jacobi,5756,9.706611e-04
jacobi,5757,9.694919e-04
jacobi,5758,9.683241e-04
jacobi,5759,9.671577e-04
jacobi,5760,9.659927e-04
jacobi,5761,9.648291e-04
jacobi,5762,9.636669e-04
jacobi,5763,9.625062e-04
jacobi,5764,9.613468e-04
jacobi,5765,9.601888e-04
jacobi,5766,9.590322e-04
jacobi,5767,9.578770e-04
jacobi,5768,9.567232e-04
jacobi,5769,9.555708e-04
jacobi,5770,9.544198e-04
jacobi,5771,9.532701e-04
jacobi,5772,9.521219e-04
jacobi,5773,9.509750e-04
jacobi,5774,9.498295e-04
jacobi,5775,9.486854e-04
jacobi,5776,9.475427e-04
jacobi,5777,9.464013e-04
jacobi,5778,9.452613e-04
jacobi,5779,9.441227e-04
jacobi,5780,9.429855e-04
jacobi,5781,9.418496e-04
jacobi,5782,9.407151e-04
jacobi,5783,9.395820e-04
jacobi,5784,9.384502e-04
jacobi,5785,9.373198e-04
jacobi,5786,9.361908e-04
jacobi,5787,9.350631e-04
jacobi,5788,9.339368e-04
jacobi,5789,9.328118e-04
jacobi,5790,9.316882e-04
jacobi,5791,9.305659e-04
jacobi,5792,9.294450e-04
jacobi,5793,9.283254e-04
jacobi,5794,9.272072e-04
jacobi,5795,9.260904e-04
jacobi,5796,9.249749e-04
jacobi,5797,9.238607e-04
jacobi,5798,9.227479e-04
jacobi,5799,9.216364e-04
jacobi,5800,9.205262e-04
jacobi,5801,9.194174e-04
jacobi,5802,9.183099e-04
jacobi,5803,9.172038e-04
jacobi,5804,9.160990e-04
jacobi,5805,9.149955e-04
jacobi,5806,9.138933e-04
jacobi,5807,9.127925e-04
jacobi,5808,9.116930e-04
jacobi,5809,9.105948e-04
jacobi,5810,9.094980e-04
jacobi,5811,9.084025e-04
jacobi,5812,9.073082e-04
jacobi,5813,9.062154e-04
jacobi,5814,9.051238e-04
jacobi,5815,9.040335e-04
jacobi,5816,9.029446e-04
jacobi,5817,9.018569e-04
jacobi,5818,9.007706e-04
jacobi,5819,8.996856e-04
jacobi,5820,8.986019e-04
jacobi,5821,8.975195e-04
jacobi,5822,8.964384e-04
jacobi,5823,8.953586e-04
jacobi,5824,8.942801e-04
jacobi,5825,8.932029e-04
jacobi,5826,8.921270e-04
jacobi,5827,8.910524e-04
jacobi,5828,8.899791e-04
jacobi,5829,8.889070e-04
jacobi,5830,8.878363e-04
jacobi,5831,8.867669e-04
jacobi,5832,8.856987e-04
jacobi,5833,8.846319e-04
jacobi,5834,8.835663e-04
jacobi,5835,8.825020e-04
jacobi,5836,8.814390e-04
jacobi,5837,8.803772e-04
jacobi,5838,8.793168e-04
jacobi,5839,8.782576e-04
jacobi,5840,8.771997e-04
jacobi,5841,8.761431e-04
jacobi,5842,8.750877e-04
jacobi,5843,8.740337e-04
jacobi,5844,8.729808e-04
jacobi,5845,8.719293e-04
jacobi,5846,8.708790e-04
jacobi,5847,8.698300e-04
jacobi,5848,8.687823e-04
jacobi,5849,8.677358e-04
jacobi,5850,8.666905e-04
jacobi,5851,8.656466e-04
jacobi,5852,8.646039e-04
jacobi,5853,8.635624e-04
jacobi,5854,8.625222e-04
jacobi,5855,8.614833e-04
jacobi,5856,8.604456e-04
jacobi,5857,8.594091e-04
jacobi,5858,8.583739e-04
jacobi,5859,8.573400e-04
jacobi,5860,8.563073e-04
jacobi,5861,8.552758e-04
jacobi,5862,8.542456e-04
jacobi,5863,8.532166e-04
jacobi,5864,8.521889e-04
jacobi,5865,8.511624e-04
jacobi,5866,8.501371e-04
jacobi,5867,8.491131e-04
jacobi,5868,8.480903e-04
jacobi,5869,8.470688e-04
jacobi,5870,8.460484e-04
jacobi,5871,8.450293e-04
jacobi,5872,8.440114e-04
jacobi,5873,8.429948e-04
jacobi,5874,8.419794e-04
jacobi,5875,8.409652e-04
jacobi,5876,8.399522e-04
jacobi,5877,8.389404e-04
jacobi,5878,8.379299e-04
jacobi,5879,8.369206e-04
jacobi,5880,8.359125e-04
jacobi,5881,8.349056e-04
jacobi,5882,8.338999e-04
jacobi,5883,8.328954e-04
jacobi,5884,8.318922e-04
jacobi,5885,8.308901e-04
jacobi,5886,8.298893e-04
jacobi,5887,8.288896e-04
jacobi,5888,8.278912e-04
jacobi,5889,8.268940e-04
jacobi,5890,8.258979e-04
jacobi,5891,8.249031e-04
jacobi,5892,8.239095e-04
jacobi,5893,8.229170e-04
jacobi,5894,8.219258e-04
jacobi,5895,8.209357e-04
jacobi,5896,8.199469e-04
jacobi,5897,8.189592e-04
jacobi,5898,8.179728e-04
jacobi,5899,8.169875e-04
jacobi,5900,8.160034e-04
jacobi,5901,8.150205e-04
jacobi,5902,8.140387e-04
jacobi,5903,8.130582e-04
jacobi,5904,8.120788e-04
jacobi,5905,8.111006e-04
jacobi,5906,8.101236e-04
jacobi,5907,8.091478e-04
jacobi,5908,8.081732e-04
jacobi,5909,8.071997e-04
jacobi,5910,8.062274e-04
jacobi,5911,8.052562e-04
jacobi,5912,8.042863e-04
jacobi,5913,8.033175e-04
jacobi,5914,8.023498e-04
jacobi,5915,8.013834e-04
jacobi,5916,8.004181e-04
jacobi,5917,7.994539e-04
jacobi,5918,7.984910e-04
jacobi,5919,7.975291e-04
jacobi,5920,7.965685e-04
jacobi,5921,7.956090e-04
jacobi,5922,7.946506e-04
jacobi,5923,7.936934e-04
jacobi,5924,7.927374e-04
jacobi,5925,7.917825e-04
jacobi,5926,7.908288e-04
jacobi,5927,7.898762e-04
jacobi,5928,7.889247e-04
jacobi,5929,7.879745e-04
jacobi,5930,7.870253e-04
jacobi,5931,7.860773e-04
jacobi,5932,7.851304e-04
jacobi,5933,7.841847e-04
jacobi,5934,7.832401e-04
jacobi,5935,7.822967e-04
jacobi,5936,7.813544e-04
jacobi,5937,7.804132e-04
jacobi,5938,7.794732e-04
jacobi,5939,7.785342e-04
jacobi,5940,7.775965e-04
jacobi,5941,7.766598e-04
jacobi,5942,7.757243e-04
jacobi,5943,7.747899e-04
jacobi,5944,7.738566e-04
jacobi,5945,7.729245e-04
jacobi,5946,7.719935e-04
jacobi,5947,7.710636e-04
jacobi,5948,7.701348e-04
jacobi,5949,7.692071e-04
jacobi,5950,7.682806e-04
jacobi,5951,7.673552e-04
jacobi,5952,7.664308e-04
jacobi,5953,7.655076e-04
jacobi,5954,7.645856e-04
jacobi,5955,7.636646e-04
jacobi,5956,7.627447e-04
jacobi,5957,7.618259e-04
jacobi,5958,7.609083e-04
jacobi,5959,7.599917e-04
jacobi,5960,7.590763e-04
jacobi,5961,7.581620e-04
jacobi,5962,7.572487e-04
jacobi,5963,7.563366e-04
jacobi,5964,7.554255e-04
jacobi,5965,7.545156e-04
jacobi,5966,7.536068e-04
jacobi,5967,7.526990e-04
jacobi,5968,7.517923e-04
jacobi,5969,7.508868e-04
jacobi,5970,7.499823e-04
jacobi,5971,7.490789e-04
jacobi,5972,7.481766e-04
jacobi,5973,7.472754e-04
jacobi,5974,7.463753e-04
jacobi,5975,7.454762e-04
jacobi,5976,7.445783e-04
jacobi,5977,7.436814e-04
jacobi,5978,7.427856e-04
jacobi,5979,7.418909e-04
jacobi,5980,7.409972e-04
jacobi,5981,7.401047e-04
jacobi,5982,7.392132e-04
jacobi,5983,7.383228e-04
jacobi,5984,7.374334e-04
jacobi,5985,7.365452e-04
jacobi,5986,7.356580e-04
jacobi,5987,7.347718e-04
jacobi,5988,7.338868e-04
jacobi,5989,7.330028e-04
jacobi,5990,7.321198e-04
jacobi,5991,7.312380e-04
jacobi,5992,7.303572e-04
jacobi,5993,7.294774e-04
jacobi,5994,7.285987e-04
jacobi,5995,7.277211e-04
jacobi,5996,7.268445e-04
jacobi,5997,7.259690e-04
jacobi,5998,7.250945e-04
jacobi,5999,7.242211e-04
jacobi,6000,7.233488e-04
jacobi,6001,7.224775e-04
jacobi,6002,7.216072e-04
jacobi,6003,7.207380e-04
jacobi,6004,7.198699e-04
jacobi,6005,7.190027e-04
jacobi,6006,7.181367e-04
jacobi,6007,7.172716e-04
jacobi,6008,7.164077e-04
jacobi,6009,7.155447e-04
jacobi,6010,7.146828e-04
jacobi,6011,7.138219e-04
jacobi,6012,7.129621e-04
jacobi,6013,7.121033e-04
jacobi,6014,7.112456e-04
jacobi,6015,7.103888e-04
jacobi,6016,7.095331e-04
jacobi,6017,7.086785e-04
jacobi,6018,7.078248e-04
jacobi,6019,7.069722e-04
jacobi,6020,7.061207e-04
jacobi,6021,7.052701e-04
jacobi,6022,7.044206e-04
jacobi,6023,7.035721e-04
jacobi,6024,7.027246e-04
jacobi,6025,7.018781e-04
jacobi,6026,7.010327e-04
jacobi,6027,7.001883e-04
jacobi,6028,6.993448e-04
jacobi,6029,6.985025e-04
jacobi,6030,6.976611e-04
jacobi,6031,6.968207e-04
jacobi,6032,6.959814e-04
jacobi,6033,6.951430e-04
jacobi,6034,6.943057e-04
jacobi,6035,6.934694e-04
jacobi,6036,6.926341e-04
jacobi,6037,6.917997e-04
jacobi,6038,6.909664e-04
jacobi,6039,6.901341e-04
jacobi,6040,6.893028e-04
jacobi,6041,6.884726e-04
jacobi,6042,6.876433e-04
jacobi,6043,6.868150e-04
jacobi,6044,6.859877e-04
jacobi,6045,6.851614e-04
jacobi,6046,6.843361e-04
jacobi,6047,6.835117e-04
jacobi,6048,6.826884e-04
jacobi,6049,6.818661e-04
jacobi,6050,6.810448e-04
jacobi,6051,6.802244e-04
jacobi,6052,6.794050e-04
jacobi,6053,6.785867e-04
jacobi,6054,6.777693e-04
jacobi,6055,6.769529e-04
jacobi,6056,6.761375e-04
jacobi,6057,6.753230e-04
jacobi,6058,6.745096e-04
jacobi,6059,6.736971e-04
jacobi,6060,6.728856e-04
jacobi,6061,6.720751e-04
jacobi,6062,6.712655e-04
jacobi,6063,6.704570e-04
jacobi,6064,6.696494e-04
jacobi,6065,6.688427e-04
jacobi,6066,6.680371e-04
jacobi,6067,6.672324e-04
jacobi,6068,6.664287e-04
jacobi,6069,6.656260e-04
jacobi,6070,6.648242e-04
jacobi,6071,6.640234e-04
jacobi,6072,6.632235e-04
jacobi,6073,6.624246e-04
jacobi,6074,6.616267e-04
jacobi,6075,6.608298e-04
jacobi,6076,6.600338e-04
jacobi,6077,6.592387e-04
jacobi,6078,6.584447e-04
jacobi,6079,6.576515e-04
jacobi,6080,6.568594e-04
jacobi,6081,6.560681e-04
jacobi,6082,6.552779e-04
jacobi,6083,6.544886e-04
jacobi,6084,6.537002e-04
jacobi,6085,6.529128e-04
jacobi,6086,6.521263e-04
jacobi,6087,6.513408e-04
jacobi,6088,6.505563e-04
jacobi,6089,6.497726e-04
jacobi,6090,6.489899e-04
jacobi,6091,6.482082e-04
jacobi,6092,6.474274e-04
jacobi,6093,6.466476e-04
jacobi,6094,6.458686e-04
jacobi,6095,6.450907e-04
jacobi,6096,6.443136e-04
jacobi,6097,6.435375e-04
jacobi,6098,6.427624e-04
jacobi,6099,6.419881e-04
jacobi,6100,6.412148e-04
jacobi,6101,6.404424e-04
jacobi,6102,6.396710e-04
jacobi,6103,6.389005e-04
jacobi,6104,6.381309e-04
jacobi,6105,6.373623e-04
jacobi,6106,6.365945e-04
jacobi,6107,6.358277e-04
jacobi,6108,6.350618e-04
jacobi,6109,6.342969e-04
jacobi,6110,6.335328e-04
jacobi,6111,6.327697e-04
jacobi,6112,6.320075e-04
jacobi,6113,6.312462e-04
jacobi,6114,6.304859e-04
jacobi,6115,6.297264e-04
jacobi,6116,6.289679e-04
jacobi,6117,6.282103e-04
jacobi,6118,6.274536e-04
jacobi,6119,6.266978e-04
jacobi,6120,6.259429e-04
jacobi,6121,6.251889e-04
jacobi,6122,6.244358e-04
jacobi,6123,6.236837e-04
jacobi,6124,6.229324e-04
jacobi,6125,6.221821e-04
jacobi,6126,6.214326e-04
jacobi,6127,6.206841e-04
jacobi,6128,6.199365e-04
jacobi,6129,6.191897e-04
jacobi,6130,6.184439e-04
jacobi,6131,6.176989e-04
jacobi,6132,6.169549e-04
jacobi,6133,6.162117e-04
jacobi,6134,6.154695e-04
jacobi,6135,6.147281e-04
jacobi,6136,6.139877e-04
jacobi,6137,6.132481e-04
jacobi,6138,6.125094e-04
jacobi,6139,6.117716e-04
jacobi,6140,6.110347e-04
jacobi,6141,6.102987e-04
jacobi,6142,6.095635e-04
jacobi,6143,6.088293e-04
jacobi,6144,6.080959e-04
jacobi,6145,6.073635e-04
jacobi,6146,6.066319e-04
jacobi,6147,6.059011e-04
jacobi,6148,6.051713e-04
jacobi,6149,6.044424e-04
jacobi,6150,6.037143e-04
jacobi,6151,6.029871e-04
jacobi,6152,6.022608e-04
jacobi,6153,6.015353e-04
jacobi,6154,6.008107e-04
jacobi,6155,6.000870e-04
jacobi,6156,5.993642e-04
jacobi,6157,5.986422e-04
jacobi,6158,5.979211e-04
jacobi,6159,5.972009e-04
jacobi,6160,5.964816e-04
jacobi,6161,5.957631e-04
jacobi,6162,5.950455e-04
jacobi,6163,5.943287e-04
jacobi,6164,5.936128e-04
jacobi,6165,5.928978e-04
jacobi,6166,5.921836e-04
jacobi,6167,5.914703e-04
jacobi,6168,5.907578e-04
jacobi,6169,5.900462e-04
jacobi,6170,5.893355e-04
jacobi,6171,5.886256e-04
jacobi,6172,5.879166e-04
jacobi,6173,5.872084e-04
jacobi,6174,5.865011e-04
jacobi,6175,5.857946e-04
jacobi,6176,5.850890e-04
jacobi,6177,5.843843e-04
jacobi,6178,5.836803e-04
jacobi,6179,5.829773e-04
jacobi,6180,5.822751e-04
jacobi,6181,5.815737e-04
jacobi,6182,5.808731e-04
jacobi,6183,5.801735e-04
jacobi,6184,5.794746e-04
jacobi,6185,5.787766e-04
jacobi,6186,5.780795e-04
jacobi,6187,5.773831e-04
jacobi,6188,5.766876e-04
jacobi,6189,5.759930e-04
jacobi,6190,5.752992e-04
jacobi,6191,5.746062e-04
jacobi,6192,5.739141e-04
jacobi,6193,5.732228e-04
jacobi,6194,5.725323e-04
jacobi,6195,5.718427e-04
jacobi,6196,5.711539e-04
jacobi,6197,5.704659e-04
jacobi,6198,5.697787e-04
jacobi,6199,5.690924e-04
jacobi,6200,5.684069e-04
jacobi,6201,5.677222e-04
jacobi,6202,5.670384e-04
jacobi,6203,5.663554e-04
jacobi,6204,5.656732e-04
jacobi,6205,5.649918e-04
jacobi,6206,5.643112e-04
jacobi,6207,5.636315e-04
jacobi,6208,5.629526e-04
jacobi,6209,5.622745e-04
jacobi,6210,5.615972e-04
jacobi,6211,5.609207e-04
jacobi,6212,5.602451e-04
jacobi,6213,5.595702e-04
jacobi,6214,5.588962e-04
jacobi,6215,5.582230e-04
jacobi,6216,5.575506e-04
jacobi,6217,5.568790e-04
jacobi,6218,5.562082e-04
jacobi,6219,5.555382e-04
jacobi,6220,5.548691e-04
jacobi,6221,5.542007e-04
jacobi,6222,5.535331e-04
jacobi,6223,5.528664e-04
jacobi,6224,5.522004e-04
jacobi,6225,5.515353e-04
jacobi,6226,5.508709e-04
jacobi,6227,5.502074e-04
jacobi,6228,5.495446e-04
jacobi,6229,5.488827e-04
jacobi,6230,5.482215e-04
jacobi,6231,5.475612e-04
jacobi,6232,5.469016e-04
jacobi,6233,5.462428e-04
jacobi,6234,5.455849e-04
jacobi,6235,5.449277e-04
jacobi,6236,5.442713e-04
jacobi,6237,5.436157e-04
jacobi,6238,5.429609e-04
jacobi,6239,5.423069e-04
jacobi,6240,5.416536e-04
jacobi,6241,5.410012e-04
jacobi,6242,5.403495e-04
jacobi,6243,5.396987e-04
jacobi,6244,5.390486e-04
jacobi,6245,5.383993e-04
jacobi,6246,5.377507e-04
jacobi,6247,5.371030e-04
jacobi,6248,5.364560e-04
jacobi,6249,5.358098e-04
jacobi,6250,5.351644e-04
jacobi,6251,5.345198e-04
jacobi,6252,5.338760e-04
jacobi,6253,5.332329e-04
jacobi,6254,5.325906e-04
jacobi,6255,5.319490e-04
jacobi,6256,5.313083e-04
jacobi,6257,5.306683e-04
jacobi,6258,5.300291e-04
jacobi,6259,5.293906e-04
jacobi,6260,5.287530e-04
jacobi,6261,5.281161e-04
jacobi,6262,5.274799e-04
jacobi,6263,5.268446e-04
jacobi,6264,5.262099e-04
jacobi,6265,5.255761e-04
jacobi,6266,5.249430e-04
jacobi,6267,5.243107e-04
jacobi,6268,5.236792e-04
jacobi,6269,5.230484e-04
jacobi,6270,5.224183e-04
jacobi,6271,5.217890e-04
jacobi,6272,5.211605e-04
jacobi,6273,5.205328e-04
jacobi,6274,5.199058e-04
jacobi,6275,5.192795e-04
jacobi,6276,5.186540e-04
jacobi,6277,5.180293e-04
jacobi,6278,5.174053e-04
jacobi,6279,5.167821e-04
jacobi,6280,5.161596e-04
jacobi,6281,5.155378e-04
jacobi,6282,5.149168e-04
jacobi,6283,5.142966e-04
jacobi,6284,5.136771e-04
jacobi,6285,5.130584e-04
jacobi,6286,5.124404e-04
jacobi,6287,5.118231e-04
jacobi,6288,5.112066e-04
jacobi,6289,5.105908e-04
jacobi,6290,5.099758e-04
jacobi,6291,5.093615e-04
jacobi,6292,5.087480e-04
jacobi,6293,5.081351e-04
jacobi,6294,5.075231e-04
jacobi,6295,5.069117e-04
jacobi,6296,5.063011e-04
jacobi,6297,5.056913e-04
jacobi,6298,5.050822e-04
jacobi,6299,5.044738e-04
jacobi,6300,5.038661e-04
jacobi,6301,5.032592e-04
jacobi,6302,5.026530e-04
jacobi,6303,5.020475e-04
jacobi,6304,5.014428e-04
jacobi,6305,5.008388e-04
jacobi,6306,5.002355e-04
jacobi,6307,4.996329e-04
jacobi,6308,4.990311e-04
jacobi,6309,4.984300e-04
jacobi,6310,4.978296e-04
jacobi,6311,4.972299e-04
jacobi,6312,4.966310e-04
jacobi,6313,4.960328e-04
jacobi,6314,4.954353e-04
jacobi,6315,4.948385e-04
jacobi,6316,4.942425e-04
jacobi,6317,4.936471e-04
jacobi,6318,4.930525e-04
jacobi,6319,4.924586e-04
jacobi,6320,4.918654e-04
jacobi,6321,4.912730e-04
jacobi,6322,4.906812e-04
jacobi,6323,4.900902e-04
jacobi,6324,4.894998e-04
jacobi,6325,4.889102e-04
jacobi,6326,4.883213e-04
jacobi,6327,4.877331e-04
jacobi,6328,4.871456e-04
jacobi,6329,4.865588e-04
jacobi,6330,4.859727e-04
jacobi,6331,4.853873e-04
jacobi,6332,4.848027e-04
jacobi,6333,4.842187e-04
jacobi,6334,4.836354e-04
jacobi,6335,4.830529e-04
jacobi,6336,4.824710e-04
jacobi,6337,4.818899e-04
jacobi,6338,4.813094e-04
jacobi,6339,4.807296e-04
jacobi,6340,4.801506e-04
jacobi,6341,4.795722e-04
jacobi,6342,4.789946e-04
jacobi,6343,4.784176e-04
jacobi,6344,4.778413e-04
jacobi,6345,4.772657e-04
jacobi,6346,4.766908e-04
jacobi,6347,4.761166e-04
jacobi,6348,4.755431e-04
jacobi,6349,4.749703e-04
jacobi,6350,4.743982e-04
jacobi,6351,4.738268e-04
jacobi,6352,4.732560e-04
jacobi,6353,4.726860e-04
jacobi,6354,4.721166e-04
jacobi,6355,4.715479e-04
jacobi,6356,4.709799e-04
jacobi,6357,4.704126e-04
jacobi,6358,4.698460e-04
jacobi,6359,4.692800e-04
jacobi,6360,4.687147e-04
jacobi,6361,4.681502e-04
jacobi,6362,4.675863e-04
jacobi,6363,4.670230e-04
jacobi,6364,4.664605e-04
jacobi,6365,4.658986e-04
jacobi,6366,4.653374e-04
jacobi,6367,4.647769e-04
jacobi,6368,4.642170e-04
jacobi,6369,4.636579e-04
jacobi,6370,4.630994e-04
jacobi,6371,4.625416e-04
jacobi,6372,4.619844e-04
jacobi,6373,4.614279e-04
jacobi,6374,4.608721e-04
jacobi,6375,4.603170e-04
jacobi,6376,4.597625e-04
jacobi,6377,4.592087e-04
jacobi,6378,4.586556e-04
jacobi,6379,4.581031e-04
jacobi,6380,4.575513e-04
jacobi,6381,4.570001e-04
jacobi,6382,4.564497e-04
jacobi,6383,4.558999e-04
jacobi,6384,4.553507e-04
jacobi,6385,4.548022e-04
jacobi,6386,4.542544e-04
jacobi,6387,4.537072e-04
jacobi,6388,4.531607e-04
jacobi,6389,4.526149e-04
jacobi,6390,4.520697e-04
jacobi,6391,4.515251e-04
jacobi,6392,4.509812e-04
jacobi,6393,4.504380e-04
jacobi,6394,4.498954e-04
jacobi,6395,4.493535e-04
jacobi,6396,4.488123e-04
jacobi,6397,4.482716e-04
jacobi,6398,4.477317e-04
jacobi,6399,4.471924e-04
jacobi,6400,4.466537e-04
jacobi,6401,4.461157e-04
jacobi,6402,4.455783e-04
jacobi,6403,4.450416e-04
jacobi,6404,4.445055e-04
jacobi,6405,4.439701e-04
jacobi,6406,4.434353e-04
jacobi,6407,4.429012e-04
jacobi,6408,4.423677e-04
jacobi,6409,4.418348e-04
jacobi,6410,4.413026e-04
jacobi,6411,4.407711e-04
jacobi,6412,4.402401e-04
jacobi,6413,4.397098e-04
jacobi,6414,4.391802e-04
jacobi,6415,4.386512e-04
jacobi,6416,4.381228e-04
jacobi,6417,4.375951e-04
jacobi,6418,4.370680e-04
jacobi,6419,4.365415e-04
jacobi,6420,4.360157e-04
jacobi,6421,4.354905e-04
jacobi,6422,4.349659e-04
jacobi,6423,4.344420e-04
jacobi,6424,4.339187e-04
jacobi,6425,4.333960e-04
jacobi,6426,4.328739e-04
jacobi,6427,4.323525e-04
jacobi,6428,4.318317e-04
jacobi,6429,4.313116e-04
jacobi,6430,4.307920e-04
jacobi,6431,4.302731e-04
jacobi,6432,4.297549e-04
jacobi,6433,4.292372e-04
jacobi,6434,4.287202e-04
jacobi,6435,4.282037e-04
jacobi,6436,4.276880e-04
jacobi,6437,4.271728e-04
jacobi,6438,4.266582e-04
jacobi,6439,4.261443e-04
jacobi,6440,4.256310e-04
jacobi,6441,4.251183e-04
jacobi,6442,4.246062e-04
jacobi,6443,4.240948e-04
jacobi,6444,4.235839e-04
jacobi,6445,4.230737e-04
jacobi,6446,4.225641e-04
jacobi,6447,4.220551e-04
jacobi,6448,4.215467e-04
jacobi,6449,4.210390e-04
jacobi,6450,4.205318e-04
jacobi,6451,4.200252e-04
jacobi,6452,4.195193e-04
jacobi,6453,4.190140e-04
jacobi,6454,4.185093e-04
jacobi,6455,4.180051e-04
jacobi,6456,4.175016e-04
jacobi,6457,4.169987e-04
jacobi,6458,4.164964e-04
jacobi,6459,4.159948e-04
jacobi,6460,4.154937e-04
jacobi,6461,4.149932e-04
jacobi,6462,4.144933e-04
jacobi,6463,4.139940e-04
jacobi,6464,4.134954e-04
jacobi,6465,4.129973e-04
jacobi,6466,4.124998e-04
jacobi,6467,4.120029e-04
jacobi,6468,4.115067e-04
jacobi,6469,4.110110e-04
jacobi,6470,4.105159e-04
jacobi,6471,4.100214e-04
jacobi,6472,4.095275e-04
jacobi,6473,4.090342e-04
jacobi,6474,4.085415e-04
jacobi,6475,4.080494e-04
jacobi,6476,4.075579e-04
jacobi,6477,4.070670e-04
jacobi,6478,4.065767e-04
jacobi,6479,4.060869e-04
jacobi,6480,4.055978e-04
jacobi,6481,4.051092e-04
jacobi,6482,4.046213e-04
jacobi,6483,4.041339e-04
jacobi,6484,4.036471e-04
jacobi,6485,4.031609e-04
jacobi,6486,4.026752e-04
jacobi,6487,4.021902e-04
jacobi,6488,4.017057e-04
jacobi,6489,4.012219e-04
jacobi,6490,4.007386e-04
jacobi,6491,4.002559e-04
jacobi,6492,3.997737e-04
jacobi,6493,3.992922e-04
jacobi,6494,3.988112e-04
jacobi,6495,3.983309e-04
jacobi,6496,3.978510e-04
jacobi,6497,3.973718e-04
jacobi,6498,3.968932e-04
jacobi,6499,3.964151e-04
jacobi,6500,3.959376e-04
jacobi,6501,3.954607e-04
jacobi,6502,3.949843e-04
jacobi,6503,3.945085e-04
jacobi,6504,3.940333e-04
jacobi,6505,3.935587e-04
jacobi,6506,3.930846e-04
jacobi,6507,3.926112e-04
jacobi,6508,3.921382e-04
jacobi,6509,3.916659e-04
jacobi,6510,3.911941e-04
jacobi,6511,3.907229e-04
jacobi,6512,3.902523e-04
jacobi,6513,3.897822e-04
jacobi,6514,3.893127e-04
jacobi,6515,3.888437e-04
jacobi,6516,3.883754e-04
jacobi,6517,3.879075e-04
jacobi,6518,3.874403e-04
jacobi,6519,3.869736e-04
jacobi,6520,3.865075e-04
jacobi,6521,3.860419e-04
jacobi,6522,3.855769e-04
jacobi,6523,3.851125e-04
jacobi,6524,3.846486e-04
jacobi,6525,3.841852e-04
jacobi,6526,3.837225e-04
jacobi,6527,3.832603e-04
jacobi,6528,3.827986e-04
jacobi,6529,3.823375e-04
jacobi,6530,3.818770e-04
jacobi,6531,3.814170e-04
jacobi,6532,3.809576e-04
jacobi,6533,3.804987e-04
jacobi,6534,3.800403e-04
jacobi,6535,3.795826e-04
jacobi,6536,3.791253e-04
jacobi,6537,3.786687e-04
jacobi,6538,3.782125e-04
jacobi,6539,3.777570e-04
jacobi,6540,3.773020e-04
jacobi,6541,3.768475e-04
jacobi,6542,3.763935e-04
jacobi,6543,3.759402e-04
jacobi,6544,3.754873e-04
jacobi,6545,3.750350e-04
jacobi,6546,3.745833e-04
jacobi,6547,3.741321e-04
jacobi,6548,3.736814e-04
jacobi,6549,3.732313e-04
jacobi,6550,3.727817e-04
jacobi,6551,3.723327e-04
jacobi,6552,3.718842e-04
jacobi,6553,3.714363e-04
jacobi,6554,3.709889e-04
jacobi,6555,3.705420e-04
jacobi,6556,3.700956e-04
jacobi,6557,3.696499e-04
jacobi,6558,3.692046e-04
jacobi,6559,3.687599e-04
jacobi,6560,3.683157e-04
jacobi,6561,3.678720e-04
jacobi,6562,3.674289e-04
jacobi,6563,3.669863e-04
jacobi,6564,3.665443e-04
jacobi,6565,3.661028e-04
jacobi,6566,3.656618e-04
jacobi,6567,3.652213e-04
jacobi,6568,3.647814e-04
jacobi,6569,3.643420e-04
jacobi,6570,3.639031e-04
jacobi,6571,3.634648e-04
jacobi,6572,3.630270e-04
jacobi,6573,3.625897e-04
jacobi,6574,3.621529e-04
jacobi,6575,3.617167e-04
jacobi,6576,3.612810e-04
jacobi,6577,3.608458e-04
jacobi,6578,3.604112e-04
jacobi,6579,3.599770e-04
jacobi,6580,3.595434e-04
jacobi,6581,3.591104e-04
jacobi,6582,3.586778e-04
jacobi,6583,3.582457e-04
jacobi,6584,3.578142e-04
jacobi,6585,3.573832e-04
jacobi,6586,3.569527e-04
jacobi,6587,3.565228e-04
jacobi,6588,3.560933e-04
jacobi,6589,3.556644e-04
jacobi,6590,3.552360e-04
jacobi,6591,3.548081e-04
jacobi,6592,3.543807e-04
jacobi,6593,3.539538e-04
jacobi,6594,3.535275e-04
jacobi,6595,3.531016e-04
jacobi,6596,3.526763e-04
jacobi,6597,3.522515e-04
jacobi,6598,3.518272e-04
jacobi,6599,3.514034e-04
jacobi,6600,3.509801e-04
jacobi,6601,3.505574e-04
jacobi,6602,3.501351e-04
jacobi,6603,3.497133e-04
jacobi,6604,3.492921e-04
jacobi,6605,3.488714e-04
jacobi,6606,3.484511e-04
jacobi,6607,3.480314e-04
jacobi,6608,3.476122e-04
jacobi,6609,3.471935e-04
jacobi,6610,3.467753e-04
jacobi,6611,3.463576e-04
jacobi,6612,3.459404e-04
jacobi,6613,3.455237e-04
jacobi,6614,3.451075e-04
jacobi,6615,3.446918e-04
jacobi,6616,3.442766e-04
jacobi,6617,3.438619e-04
jacobi,6618,3.434477e-04
jacobi,6619,3.430340e-04
jacobi,6620,3.426208e-04
jacobi,6621,3.422081e-04
jacobi,6622,3.417959e-04
jacobi,6623,3.413842e-04
jacobi,6624,3.409729e-04
jacobi,6625,3.405622e-04
jacobi,6626,3.401520e-04
jacobi,6627,3.397423e-04
jacobi,6628,3.393330e-04
jacobi,6629,3.389243e-04
jacobi,6630,3.385161e-04
jacobi,6631,3.381083e-04
jacobi,6632,3.377010e-04
jacobi,6633,3.372943e-04
jacobi,6634,3.368880e-04
jacobi,6635,3.364822e-04
jacobi,6636,3.360769e-04
jacobi,6637,3.356720e-04
jacobi,6638,3.352677e-04
jacobi,6639,3.348639e-04
jacobi,6640,3.344605e-04
jacobi,6641,3.340576e-04
jacobi,6642,3.336553e-04
jacobi,6643,3.332533e-04
jacobi,6644,3.328519e-04
jacobi,6645,3.324510e-04
jacobi,6646,3.320505e-04
jacobi,6647,3.316506e-04
jacobi,6648,3.312511e-04
jacobi,6649,3.308521e-04
jacobi,6650,3.304536e-04
jacobi,6651,3.300555e-04
jacobi,6652,3.296579e-04
jacobi,6653,3.292609e-04
jacobi,6654,3.288642e-04
jacobi,6655,3.284681e-04
jacobi,6656,3.280725e-04
jacobi,6657,3.276773e-04
jacobi,6658,3.272826e-04
jacobi,6659,3.268884e-04
jacobi,6660,3.264946e-04
jacobi,6661,3.261013e-04
jacobi,6662,3.257085e-04
jacobi,6663,3.253162e-04
jacobi,6664,3.249243e-04
jacobi,6665,3.245329e-04
jacobi,6666,3.241420e-04
jacobi,6667,3.237516e-04
jacobi,6668,3.233616e-04
jacobi,6669,3.229721e-04
jacobi,6670,3.225831e-04
jacobi,6671,3.221945e-04
jacobi,6672,3.218064e-04
jacobi,6673,3.214188e-04
jacobi,6674,3.210316e-04
jacobi,6675,3.206449e-04
jacobi,6676,3.202587e-04
jacobi,6677,3.198729e-04
jacobi,6678,3.194876e-04
jacobi,6679,3.191028e-04
jacobi,6680,3.187184e-04
jacobi,6681,3.183345e-04
jacobi,6682,3.179511e-04
jacobi,6683,3.175681e-04
jacobi,6684,3.171856e-04
jacobi,6685,3.168035e-04
jacobi,6686,3.164219e-04
jacobi,6687,3.160407e-04
jacobi,6688,3.156601e-04
jacobi,6689,3.152798e-04
jacobi,6690,3.149001e-04
jacobi,6691,3.145208e-04
jacobi,6692,3.141419e-04
jacobi,6693,3.137635e-04
jacobi,6694,3.133856e-04
jacobi,6695,3.130081e-04
jacobi,6696,3.126310e-04
jacobi,6697,3.122545e-04
jacobi,6698,3.118783e-04
jacobi,6699,3.115027e-04
jacobi,6700,3.111274e-04
jacobi,6701,3.107527e-04
jacobi,6702,3.103784e-04
jacobi,6703,3.100045e-04
jacobi,6704,3.096311e-04
jacobi,6705,3.092581e-04
jacobi,6706,3.088856e-04
jacobi,6707,3.085135e-04
jacobi,6708,3.081419e-04
jacobi,6709,3.077708e-04
jacobi,6710,3.074000e-04
jacobi,6711,3.070298e-04
jacobi,6712,3.066599e-04
jacobi,6713,3.062905e-04
jacobi,6714,3.059216e-04
jacobi,6715,3.055531e-04
jacobi,6716,3.051850e-04
jacobi,6717,3.048174e-04
jacobi,6718,3.044503e-04
jacobi,6719,3.040835e-04
jacobi,6720,3.037173e-04
jacobi,6721,3.033514e-04
jacobi,6722,3.029860e-04
jacobi,6723,3.026211e-04
jacobi,6724,3.022565e-04
jacobi,6725,3.018925e-04
jacobi,6726,3.015288e-04
jacobi,6727,3.011656e-04
jacobi,6728,3.008029e-04
jacobi,6729,3.004405e-04
jacobi,6730,3.000786e-04
jacobi,6731,2.997172e-04
jacobi,6732,2.993561e-04
jacobi,6733,2.989956e-04
jacobi,6734,2.986354e-04
jacobi,6735,2.982757e-04
jacobi,6736,2.979164e-04
jacobi,6737,2.975575e-04
jacobi,6738,2.971991e-04
jacobi,6739,2.968411e-04
jacobi,6740,2.964836e-04
jacobi,6741,2.961265e-04
jacobi,6742,2.957698e-04
jacobi,6743,2.954135e-04
jacobi,6744,2.950576e-04
jacobi,6745,2.947022e-04
jacobi,6746,2.943473e-04
jacobi,6747,2.939927e-04
jacobi,6748,2.936386e-04
jacobi,6749,2.932849e-04
jacobi,6750,2.929316e-04
jacobi,6751,2.925788e-04
jacobi,6752,2.922263e-04
jacobi,6753,2.918743e-04
jacobi,6754,2.915228e-04
jacobi,6755,2.911716e-04
jacobi,6756,2.908209e-04
jacobi,6757,2.904706e-04
jacobi,6758,2.901207e-04
jacobi,6759,2.897712e-04
jacobi,6760,2.894222e-04
jacobi,6761,2.890736e-04
jacobi,6762,2.887254e-04
jacobi,6763,2.883776e-04
jacobi,6764,2.880302e-04
jacobi,6765,2.876833e-04
jacobi,6766,2.873367e-04
jacobi,6767,2.869906e-04
jacobi,6768,2.866449e-04
jacobi,6769,2.862997e-04
jacobi,6770,2.859548e-04
jacobi,6771,2.856103e-04
jacobi,6772,2.852663e-04
jacobi,6773,2.849227e-04
jacobi,6774,2.845795e-04
jacobi,6775,2.842367e-04
jacobi,6776,2.838943e-04
jacobi,6777,2.835524e-04
jacobi,6778,2.832108e-04
jacobi,6779,2.828697e-04
jacobi,6780,2.825290e-04
jacobi,6781,2.821886e-04
jacobi,6782,2.818487e-04
jacobi,6783,2.815092e-04
jacobi,6784,2.811701e-04
jacobi,6785,2.808315e-04
jacobi,6786,2.804932e-04
jacobi,6787,2.801553e-04
jacobi,6788,2.798179e-04
jacobi,6789,2.794808e-04
jacobi,6790,2.791442e-04
jacobi,6791,2.788079e-04
jacobi,6792,2.784721e-04
jacobi,6793,2.781366e-04
jacobi,6794,2.778016e-04
jacobi,6795,2.774670e-04
jacobi,6796,2.771328e-04
jacobi,6797,2.767990e-04
jacobi,6798,2.764655e-04
jacobi,6799,2.761325e-04
jacobi,6800,2.757999e-04
jacobi,6801,2.754677e-04
jacobi,6802,2.751359e-04
jacobi,6803,2.748045e-04
jacobi,6804,2.744735e-04
jacobi,6805,2.741428e-04
jacobi,6806,2.738126e-04
jacobi,6807,2.734828e-04
jacobi,6808,2.731534e-04
jacobi,6809,2.728244e-04
jacobi,6810,2.724957e-04
jacobi,6811,2.721675e-04
jacobi,6812,2.718397e-04
jacobi,6813,2.715122e-04
jacobi,6814,2.711852e-04
jacobi,6815,2.708585e-04
jacobi,6816,2.705323e-04
jacobi,6817,2.702064e-04
jacobi,6818,2.698809e-04
jacobi,6819,2.695558e-04
jacobi,6820,2.692311e-04
jacobi,6821,2.689068e-04
jacobi,6822,2.685829e-04
jacobi,6823,2.682594e-04
jacobi,6824,2.679363e-04
jacobi,6825,2.676135e-04
jacobi,6826,2.672912e-04
jacobi,6827,2.669692e-04
jacobi,6828,2.666476e-04
jacobi,6829,2.663265e-04
jacobi,6830,2.660056e-04
jacobi,6831,2.656852e-04
jacobi,6832,2.653652e-04
jacobi,6833,2.650456e-04
jacobi,6834,2.647263e-04
jacobi,6835,2.644074e-04
jacobi,6836,2.640889e-04
jacobi,6837,2.637708e-04
jacobi,6838,2.634531e-04
jacobi,6839,2.631358e-04
jacobi,6840,2.628188e-04
jacobi,6841,2.625022e-04
jacobi,6842,2.621860e-04
jacobi,6843,2.618702e-04
jacobi,6844,2.615548e-04
jacobi,6845,2.612397e-04
jacobi,6846,2.609251e-04
jacobi,6847,2.606108e-04
jacobi,6848,2.602968e-04
jacobi,6849,2.599833e-04
jacobi,6850,2.596701e-04
jacobi,6851,2.593574e-04
jacobi,6852,2.590450e-04
jacobi,6853,2.587329e-04
jacobi,6854,2.584213e-04
jacobi,6855,2.581100e-04
jacobi,6856,2.577991e-04
jacobi,6857,2.574886e-04
jacobi,6858,2.571784e-04
jacobi,6859,2.568686e-04
jacobi,6860,2.565592e-04
jacobi,6861,2.562502e-04
jacobi,6862,2.559415e-04
jacobi,6863,2.556332e-04
jacobi,6864,2.553253e-04
jacobi,6865,2.550177e-04
jacobi,6866,2.547106e-04
jacobi,6867,2.544037e-04
jacobi,6868,2.540973e-04
jacobi,6869,2.537912e-04
jacobi,6870,2.534855e-04
jacobi,6871,2.531802e-04
jacobi,6872,2.528752e-04
jacobi,6873,2.525706e-04
jacobi,6874,2.522664e-04
jacobi,6875,2.519625e-04
jacobi,6876,2.516590e-04
jacobi,6877,2.513559e-04
jacobi,6878,2.510531e-04
jacobi,6879,2.507507e-04
jacobi,6880,2.504487e-04
jacobi,6881,2.501470e-04
jacobi,6882,2.498457e-04
jacobi,6883,2.495447e-04
jacobi,6884,2.492442e-04
jacobi,6885,2.489439e-04
jacobi,6886,2.486441e-04
jacobi,6887,2.483446e-04
jacobi,6888,2.480454e-04
jacobi,6889,2.477466e-04
jacobi,6890,2.474482e-04
jacobi,6891,2.471502e-04
jacobi,6892,2.468525e-04
jacobi,6893,2.465551e-04
jacobi,6894,2.462581e-04
jacobi,6895,2.459615e-04
jacobi,6896,2.456652e-04
jacobi,6897,2.453693e-04
jacobi,6898,2.450738e-04
jacobi,6899,2.447786e-04
jacobi,6900,2.444837e-04
jacobi,6901,2.441892e-04
jacobi,6902,2.438951e-04
jacobi,6903,2.436013e-04
jacobi,6904,2.433079e-04
jacobi,6905,2.430148e-04
jacobi,6906,2.427221e-04
jacobi,6907,2.424297e-04
jacobi,6908,2.421377e-04
jacobi,6909,2.418460e-04
jacobi,6910,2.415547e-04
jacobi,6911,2.412637e-04
jacobi,6912,2.409731e-04
jacobi,6913,2.406829e-04
jacobi,6914,2.403930e-04
jacobi,6915,2.401034e-04
jacobi,6916,2.398142e-04
jacobi,6917,2.395253e-04
jacobi,6918,2.392368e-04
jacobi,6919,2.389486e-04
jacobi,6920,2.386608e-04
jacobi,6921,2.383733e-04
jacobi,6922,2.380862e-04
jacobi,6923,2.377994e-04
jacobi,6924,2.375130e-04
jacobi,6925,2.372269e-04
jacobi,6926,2.369411e-04
jacobi,6927,2.366557e-04
jacobi,6928,2.363706e-04
jacobi,6929,2.360859e-04
jacobi,6930,2.358015e-04
jacobi,6931,2.355175e-04
jacobi,6932,2.352338e-04
jacobi,6933,2.349505e-04
jacobi,6934,2.346675e-04
jacobi,6935,2.343848e-04
jacobi,6936,2.341025e-04
jacobi,6937,2.338205e-04
jacobi,6938,2.335388e-04
jacobi,6939,2.332575e-04
jacobi,6940,2.329766e-04
jacobi,6941,2.326959e-04
jacobi,6942,2.324156e-04
jacobi,6943,2.321357e-04
jacobi,6944,2.318561e-04
jacobi,6945,2.315768e-04
jacobi,6946,2.312978e-04
jacobi,6947,2.310192e-04
jacobi,6948,2.307410e-04
jacobi,6949,2.304630e-04
jacobi,6950,2.301854e-04
jacobi,6951,2.299082e-04
jacobi,6952,2.296312e-04
jacobi,6953,2.293546e-04
jacobi,6954,2.290784e-04
jacobi,6955,2.288024e-04
jacobi,6956,2.285268e-04
jacobi,6957,2.282515e-04
jacobi,6958,2.279766e-04
jacobi,6959,2.277020e-04
jacobi,6960,2.274277e-04
jacobi,6961,2.271538e-04
jacobi,6962,2.268802e-04
jacobi,6963,2.266069e-04
jacobi,6964,2.263339e-04
jacobi,6965,2.260613e-04
jacobi,6966,2.257890e-04
jacobi,6967,2.255170e-04
jacobi,6968,2.252454e-04
jacobi,6969,2.249740e-04
jacobi,6970,2.247031e-04
jacobi,6971,2.244324e-04
jacobi,6972,2.241621e-04
jacobi,6973,2.238920e-04
jacobi,6974,2.236223e-04
jacobi,6975,2.233530e-04
jacobi,6976,2.230839e-04
jacobi,6977,2.228152e-04
jacobi,6978,2.225468e-04
jacobi,6979,2.222788e-04
jacobi,6980,2.220110e-04
jacobi,6981,2.217436e-04
jacobi,6982,2.214765e-04
jacobi,6983,2.212097e-04
jacobi,6984,2.209433e-04
jacobi,6985,2.206771e-04
jacobi,6986,2.204113e-04
jacobi,6987,2.201458e-04
jacobi,6988,2.198807e-04
jacobi,6989,2.196158e-04
jacobi,6990,2.193513e-04
jacobi,6991,2.190870e-04
jacobi,6992,2.188231e-04
jacobi,6993,2.185596e-04
jacobi,6994,2.182963e-04
jacobi,6995,2.180333e-04
jacobi,6996,2.177707e-04
jacobi,6997,2.175084e-04
jacobi,6998,2.172464e-04
jacobi,6999,2.169847e-04
jacobi,7000,2.167234e-04
jacobi,7001,2.164623e-04
jacobi,7002,2.162016e-04
jacobi,7003,2.159411e-04
jacobi,7004,2.156810e-04
jacobi,7005,2.154212e-04
jacobi,7006,2.151617e-04
jacobi,7007,2.149026e-04
jacobi,7008,2.146437e-04
jacobi,7009,2.143852e-04
jacobi,7010,2.141269e-04
jacobi,7011,2.138690e-04
jacobi,7012,2.136114e-04
jacobi,7013,2.133541e-04
jacobi,7014,2.130971e-04
jacobi,7015,2.128404e-04
jacobi,7016,2.125840e-04
jacobi,7017,2.123280e-04
jacobi,7018,2.120722e-04
jacobi,7019,2.118168e-04
jacobi,7020,2.115616e-04
jacobi,7021,2.113068e-04
jacobi,7022,2.110523e-04
jacobi,7023,2.107980e-04
jacobi,7024,2.105441e-04
jacobi,7025,2.102905e-04
jacobi,7026,2.100372e-04
jacobi,7027,2.097842e-04
jacobi,7028,2.095315e-04
jacobi,7029,2.092791e-04
jacobi,7030,2.090270e-04
jacobi,7031,2.087752e-04
jacobi,7032,2.085238e-04
jacobi,7033,2.082726e-04
jacobi,7034,2.080217e-04
jacobi,7035,2.077711e-04
jacobi,7036,2.075209e-04
jacobi,7037,2.072709e-04
jacobi,7038,2.070212e-04
jacobi,7039,2.067719e-04
jacobi,7040,2.065228e-04
jacobi,7041,2.062740e-04
jacobi,7042,2.060256e-04
jacobi,7043,2.057774e-04
jacobi,7044,2.055295e-04
jacobi,7045,2.052820e-04
jacobi,7046,2.050347e-04
jacobi,7047,2.047877e-04
jacobi,7048,2.045411e-04
jacobi,7049,2.042947e-04
jacobi,7050,2.040486e-04
jacobi,7051,2.038028e-04
jacobi,7052,2.035573e-04
jacobi,7053,2.033121e-04
jacobi,7054,2.030672e-04
jacobi,7055,2.028226e-04
jacobi,7056,2.025783e-04
jacobi,7057,2.023343e-04
jacobi,7058,2.020906e-04
jacobi,7059,2.018472e-04
jacobi,7060,2.016040e-04
jacobi,7061,2.013612e-04
jacobi,7062,2.011186e-04
jacobi,7063,2.008764e-04
jacobi,7064,2.006344e-04
jacobi,7065,2.003927e-04
jacobi,7066,2.001514e-04
jacobi,7067,1.999103e-04
jacobi,7068,1.996695e-04
jacobi,7069,1.994290e-04
jacobi,7070,1.991887e-04
jacobi,7071,1.989488e-04
jacobi,7072,1.987092e-04
jacobi,7073,1.984698e-04
jacobi,7074,1.982307e-04
jacobi,7075,1.979920e-04
jacobi,7076,1.977535e-04
jacobi,7077,1.975153e-04
jacobi,7078,1.972774e-04
jacobi,7079,1.970397e-04
jacobi,7080,1.968024e-04
jacobi,7081,1.965653e-04
jacobi,7082,1.963286e-04
jacobi,7083,1.960921e-04
jacobi,7084,1.958559e-04
jacobi,7085,1.956199e-04
jacobi,7086,1.953843e-04
jacobi,7087,1.951490e-04
jacobi,7088,1.949139e-04
jacobi,7089,1.946791e-04
jacobi,7090,1.944446e-04
jacobi,7091,1.942104e-04
jacobi,7092,1.939765e-04
jacobi,7093,1.937428e-04
jacobi,7094,1.935094e-04
jacobi,7095,1.932764e-04
jacobi,7096,1.930435e-04
jacobi,7097,1.928110e-04
jacobi,7098,1.925788e-04
jacobi,7099,1.923468e-04
jacobi,7100,1.921151e-04
jacobi,7101,1.918837e-04
jacobi,7102,1.916526e-04
jacobi,7103,1.914217e-04
jacobi,7104,1.911911e-04
jacobi,7105,1.909608e-04
jacobi,7106,1.907308e-04
jacobi,7107,1.905011e-04
jacobi,7108,1.902716e-04
jacobi,7109,1.900424e-04
jacobi,7110,1.898135e-04
jacobi,7111,1.895849e-04
jacobi,7112,1.893565e-04
jacobi,7113,1.891284e-04
jacobi,7114,1.889006e-04
jacobi,7115,1.886731e-04
jacobi,7116,1.884458e-04
jacobi,7117,1.882188e-04
jacobi,7118,1.879921e-04
jacobi,7119,1.877656e-04
jacobi,7120,1.875395e-04
jacobi,7121,1.873136e-04
jacobi,7122,1.870879e-04
jacobi,7123,1.868626e-04
jacobi,7124,1.866375e-04
jacobi,7125,1.864127e-04
jacobi,7126,1.861881e-04
jacobi,7127,1.859639e-04
jacobi,7128,1.857399e-04
jacobi,7129,1.855161e-04
jacobi,7130,1.852927e-04
jacobi,7131,1.850695e-04
jacobi,7132,1.848466e-04
jacobi,7133,1.846239e-04
jacobi,7134,1.844015e-04
jacobi,7135,1.841794e-04
jacobi,7136,1.839575e-04
jacobi,7137,1.837360e-04
jacobi,7138,1.835146e-04
jacobi,7139,1.832936e-04
jacobi,7140,1.830728e-04
jacobi,7141,1.828523e-04
jacobi,7142,1.826320e-04
jacobi,7143,1.824120e-04
jacobi,7144,1.821923e-04
jacobi,7145,1.819729e-04
jacobi,7146,1.817537e-04
jacobi,7147,1.815347e-04
jacobi,7148,1.813161e-04
jacobi,7149,1.810977e-04
jacobi,7150,1.808795e-04
jacobi,7151,1.806616e-04
jacobi,7152,1.804440e-04
jacobi,7153,1.802267e-04
jacobi,7154,1.800096e-04
jacobi,7155,1.797928e-04
jacobi,7156,1.795762e-04
jacobi,7157,1.793599e-04
jacobi,7158,1.791438e-04
jacobi,7159,1.789280e-04
jacobi,7160,1.787125e-04
jacobi,7161,1.784973e-04
jacobi,7162,1.782822e-04
jacobi,7163,1.780675e-04
jacobi,7164,1.778530e-04
jacobi,7165,1.776388e-04
jacobi,7166,1.774248e-04
jacobi,7167,1.772111e-04
jacobi,7168,1.769976e-04
jacobi,7169,1.767844e-04
jacobi,7170,1.765715e-04
jacobi,7171,1.763588e-04
jacobi,7172,1.761464e-04
jacobi,7173,1.759342e-04
jacobi,7174,1.757223e-04
jacobi,7175,1.755106e-04
jacobi,7176,1.752992e-04
jacobi,7177,1.750880e-04
jacobi,7178,1.748771e-04
jacobi,7179,1.746665e-04
jacobi,7180,1.744561e-04
jacobi,7181,1.742460e-04
jacobi,7182,1.740361e-04
jacobi,7183,1.738264e-04
jacobi,7184,1.736171e-04
jacobi,7185,1.734079e-04
jacobi,7186,1.731990e-04
jacobi,7187,1.729904e-04
jacobi,7188,1.727820e-04
jacobi,7189,1.725739e-04
jacobi,7190,1.723660e-04
jacobi,7191,1.721584e-04
jacobi,7192,1.719511e-04
jacobi,7193,1.717439e-04
jacobi,7194,1.715371e-04
jacobi,7195,1.713304e-04
jacobi,7196,1.711241e-04
jacobi,7197,1.709179e-04
jacobi,7198,1.707121e-04
jacobi,7199,1.705064e-04
jacobi,7200,1.703010e-04
jacobi,7201,1.700959e-04
jacobi,7202,1.698910e-04
jacobi,7203,1.696864e-04
jacobi,7204,1.694820e-04
jacobi,7205,1.692778e-04
jacobi,7206,1.690739e-04
jacobi,7207,1.688703e-04
jacobi,7208,1.686669e-04
jacobi,7209,1.684637e-04
jacobi,7210,1.682608e-04
jacobi,7211,1.680581e-04
jacobi,7212,1.678557e-04
jacobi,7213,1.676535e-04
jacobi,7214,1.674515e-04
jacobi,7215,1.672498e-04
jacobi,7216,1.670484e-04
jacobi,7217,1.668471e-04
jacobi,7218,1.666462e-04
jacobi,7219,1.664454e-04
jacobi,7220,1.662450e-04
jacobi,7221,1.660447e-04
jacobi,7222,1.658447e-04
jacobi,7223,1.656449e-04
jacobi,7224,1.654454e-04
jacobi,7225,1.652461e-04
jacobi,7226,1.650471e-04
jacobi,7227,1.648483e-04
jacobi,7228,1.646497e-04
jacobi,7229,1.644514e-04
jacobi,7230,1.642533e-04
jacobi,7231,1.640554e-04
jacobi,7232,1.638578e-04
jacobi,7233,1.636604e-04
jacobi,7234,1.634633e-04
jacobi,7235,1.632664e-04
jacobi,7236,1.630697e-04
jacobi,7237,1.628733e-04
jacobi,7238,1.626771e-04
jacobi,7239,1.624812e-04
jacobi,7240,1.622855e-04
jacobi,7241,1.620900e-04
jacobi,7242,1.618947e-04
jacobi,7243,1.616997e-04
jacobi,7244,1.615050e-04
jacobi,7245,1.613104e-04
jacobi,7246,1.611161e-04
jacobi,7247,1.609220e-04
jacobi,7248,1.607282e-04
jacobi,7249,1.605346e-04
jacobi,7250,1.603412e-04
jacobi,7251,1.601481e-04
jacobi,7252,1.599552e-04
jacobi,7253,1.597625e-04
jacobi,7254,1.595701e-04
jacobi,7255,1.593779e-04
jacobi,7256,1.591859e-04
jacobi,7257,1.589941e-04
jacobi,7258,1.588026e-04
jacobi,7259,1.586113e-04
jacobi,7260,1.584203e-04
jacobi,7261,1.582295e-04
jacobi,7262,1.580389e-04
jacobi,7263,1.578485e-04
jacobi,7264,1.576584e-04
jacobi,7265,1.574685e-04
jacobi,7266,1.572788e-04
jacobi,7267,1.570893e-04
jacobi,7268,1.569001e-04
jacobi,7269,1.567111e-04
jacobi,7270,1.565224e-04
jacobi,7271,1.563338e-04
jacobi,7272,1.561455e-04
jacobi,7273,1.559574e-04
jacobi,7274,1.557696e-04
jacobi,7275,1.555819e-04
jacobi,7276,1.553945e-04
jacobi,7277,1.552073e-04
jacobi,7278,1.550204e-04
jacobi,7279,1.548337e-04
jacobi,7280,1.546472e-04
jacobi,7281,1.544609e-04
jacobi,7282,1.542748e-04
jacobi,7283,1.540890e-04
jacobi,7284,1.539034e-04
jacobi,7285,1.537180e-04
jacobi,7286,1.535328e-04
jacobi,7287,1.533479e-04
jacobi,7288,1.531632e-04
jacobi,7289,1.529787e-04
jacobi,7290,1.527944e-04
jacobi,7291,1.526104e-04
jacobi,7292,1.524266e-04
jacobi,7293,1.522430e-04
jacobi,7294,1.520596e-04
jacobi,7295,1.518764e-04
jacobi,7296,1.516935e-04
jacobi,7297,1.515107e-04
jacobi,7298,1.513282e-04
jacobi,7299,1.511460e-04
jacobi,7300,1.509639e-04
jacobi,7301,1.507821e-04
jacobi,7302,1.506004e-04
jacobi,7303,1.504190e-04
jacobi,7304,1.502378e-04
jacobi,7305,1.500569e-04
jacobi,7306,1.498761e-04
jacobi,7307,1.496956e-04
jacobi,7308,1.495153e-04
jacobi,7309,1.493352e-04
jacobi,7310,1.491553e-04
jacobi,7311,1.489756e-04
jacobi,7312,1.487962e-04
jacobi,7313,1.486170e-04
jacobi,7314,1.484379e-04
jacobi,7315,1.482591e-04
jacobi,7316,1.480806e-04
jacobi,7317,1.479022e-04
jacobi,7318,1.477240e-04
jacobi,7319,1.475461e-04
jacobi,7320,1.473684e-04
jacobi,7321,1.471909e-04
jacobi,7322,1.470136e-04
jacobi,7323,1.468365e-04
jacobi,7324,1.466596e-04
jacobi,7325,1.464829e-04
jacobi,7326,1.463065e-04
jacobi,7327,1.461303e-04
jacobi,7328,1.459542e-04
jacobi,7329,1.457784e-04
jacobi,7330,1.456028e-04
jacobi,7331,1.454275e-04
jacobi,7332,1.452523e-04
jacobi,7333,1.450773e-04
jacobi,7334,1.449026e-04
jacobi,7335,1.447280e-04
jacobi,7336,1.445537e-04
jacobi,7337,1.443796e-04
jacobi,7338,1.442057e-04
jacobi,7339,1.440320e-04
jacobi,7340,1.438585e-04
jacobi,7341,1.436852e-04
jacobi,7342,1.435121e-04
jacobi,7343,1.433392e-04
jacobi,7344,1.431666e-04
jacobi,7345,1.429941e-04
jacobi,7346,1.428219e-04
jacobi,7347,1.426499e-04
jacobi,7348,1.424780e-04
jacobi,7349,1.423064e-04
jacobi,7350,1.421350e-04
jacobi,7351,1.419638e-04
jacobi,7352,1.417928e-04
jacobi,7353,1.416220e-04
jacobi,7354,1.414514e-04
jacobi,7355,1.412810e-04
jacobi,7356,1.411108e-04
jacobi,7357,1.409409e-04
jacobi,7358,1.407711e-04
jacobi,7359,1.406015e-04
jacobi,7360,1.404322e-04
jacobi,7361,1.402630e-04
jacobi,7362,1.400941e-04
jacobi,7363,1.399253e-04
jacobi,7364,1.397568e-04
jacobi,7365,1.395884e-04
jacobi,7366,1.394203e-04
jacobi,7367,1.392523e-04
jacobi,7368,1.390846e-04
jacobi,7369,1.389171e-04
jacobi,7370,1.387497e-04
jacobi,7371,1.385826e-04
jacobi,7372,1.384157e-04
jacobi,7373,1.382489e-04
jacobi,7374,1.380824e-04
jacobi,7375,1.379161e-04
jacobi,7376,1.377500e-04
jacobi,7377,1.375840e-04
jacobi,7378,1.374183e-04
jacobi,7379,1.372528e-04
jacobi,7380,1.370875e-04
jacobi,7381,1.369223e-04
jacobi,7382,1.367574e-04
jacobi,7383,1.365927e-04
jacobi,7384,1.364281e-04
jacobi,7385,1.362638e-04
jacobi,7386,1.360997e-04
jacobi,7387,1.359357e-04
jacobi,7388,1.357720e-04
jacobi,7389,1.356085e-04
jacobi,7390,1.354451e-04
jacobi,7391,1.352820e-04
jacobi,7392,1.351190e-04
jacobi,7393,1.349562e-04
jacobi,7394,1.347937e-04
jacobi,7395,1.346313e-04
jacobi,7396,1.344692e-04
jacobi,7397,1.343072e-04
jacobi,7398,1.341454e-04
jacobi,7399,1.339838e-04
jacobi,7400,1.338224e-04
jacobi,7401,1.336612e-04
jacobi,7402,1.335002e-04
jacobi,7403,1.333394e-04
jacobi,7404,1.331788e-04
jacobi,7405,1.330184e-04
jacobi,7406,1.328582e-04
jacobi,7407,1.326981e-04
jacobi,7408,1.325383e-04
jacobi,7409,1.323786e-04
jacobi,7410,1.322192e-04
jacobi,7411,1.320599e-04
jacobi,7412,1.319008e-04
jacobi,7413,1.317420e-04
jacobi,7414,1.315833e-04
jacobi,7415,1.314248e-04
jacobi,7416,1.312665e-04
jacobi,7417,1.311084e-04
jacobi,7418,1.309504e-04
jacobi,7419,1.307927e-04
jacobi,7420,1.306352e-04
jacobi,7421,1.304778e-04
jacobi,7422,1.303206e-04
jacobi,7423,1.301637e-04
jacobi,7424,1.300069e-04
jacobi,7425,1.298503e-04
jacobi,7426,1.296939e-04
jacobi,7427,1.295376e-04
jacobi,7428,1.293816e-04
jacobi,7429,1.292258e-04
jacobi,7430,1.290701e-04
jacobi,7431,1.289146e-04
jacobi,7432,1.287593e-04
jacobi,7433,1.286042e-04
jacobi,7434,1.284493e-04
jacobi,7435,1.282946e-04
jacobi,7436,1.281401e-04
jacobi,7437,1.279857e-04
jacobi,7438,1.278316e-04
jacobi,7439,1.276776e-04
jacobi,7440,1.275238e-04
jacobi,7441,1.273702e-04
jacobi,7442,1.272168e-04
jacobi,7443,1.270635e-04
jacobi,7444,1.269105e-04
jacobi,7445,1.267576e-04
jacobi,7446,1.266049e-04
jacobi,7447,1.264524e-04
jacobi,7448,1.263001e-04
jacobi,7449,1.261480e-04
jacobi,7450,1.259960e-04
jacobi,7451,1.258442e-04
jacobi,7452,1.256927e-04
jacobi,7453,1.255413e-04
jacobi,7454,1.253900e-04
jacobi,7455,1.252390e-04
jacobi,7456,1.250881e-04
jacobi,7457,1.249375e-04
jacobi,7458,1.247870e-04
jacobi,7459,1.246367e-04
jacobi,7460,1.244865e-04
jacobi,7461,1.243366e-04
jacobi,7462,1.241868e-04
jacobi,7463,1.240372e-04
jacobi,7464,1.238878e-04
jacobi,7465,1.237386e-04
jacobi,7466,1.235895e-04
jacobi,7467,1.234407e-04
jacobi,7468,1.232920e-04
jacobi,7469,1.231435e-04
jacobi,7470,1.229951e-04
jacobi,7471,1.228470e-04
jacobi,7472,1.226990e-04
jacobi,7473,1.225512e-04
jacobi,7474,1.224036e-04
jacobi,7475,1.222562e-04
jacobi,7476,1.221089e-04
jacobi,7477,1.219618e-04
jacobi,7478,1.218149e-04
jacobi,7479,1.216682e-04
jacobi,7480,1.215216e-04
jacobi,7481,1.213752e-04
jacobi,7482,1.212290e-04
jacobi,7483,1.210830e-04
jacobi,7484,1.209372e-04
jacobi,7485,1.207915e-04
jacobi,7486,1.206460e-04
jacobi,7487,1.205007e-04
jacobi,7488,1.203555e-04
jacobi,7489,1.202105e-04
jacobi,7490,1.200657e-04
jacobi,7491,1.199211e-04
jacobi,7492,1.197767e-04
jacobi,7493,1.196324e-04
jacobi,7494,1.194883e-04
jacobi,7495,1.193444e-04
jacobi,7496,1.192006e-04
jacobi,7497,1.190570e-04
jacobi,7498,1.189136e-04
jacobi,7499,1.187704e-04
jacobi,7500,1.186273e-04
jacobi,7501,1.184844e-04
jacobi,7502,1.183417e-04
jacobi,7503,1.181992e-04
jacobi,7504,1.180568e-04
jacobi,7505,1.179146e-04
jacobi,7506,1.177725e-04
jacobi,7507,1.176307e-04
jacobi,7508,1.174890e-04
jacobi,7509,1.173475e-04
jacobi,7510,1.172061e-04
jacobi,7511,1.170649e-04
jacobi,7512,1.169239e-04
jacobi,7513,1.167831e-04
jacobi,7514,1.166424e-04
jacobi,7515,1.165019e-04
jacobi,7516,1.163616e-04
jacobi,7517,1.162214e-04
jacobi,7518,1.160814e-04
jacobi,7519,1.159416e-04
jacobi,7520,1.158019e-04
jacobi,7521,1.156625e-04
jacobi,7522,1.155231e-04
jacobi,7523,1.153840e-04
jacobi,7524,1.152450e-04
jacobi,7525,1.151062e-04
jacobi,7526,1.149675e-04
jacobi,7527,1.148290e-04
jacobi,7528,1.146907e-04
jacobi,7529,1.145526e-04
jacobi,7530,1.144146e-04
jacobi,7531,1.142768e-04
jacobi,7532,1.141391e-04
jacobi,7533,1.140016e-04
jacobi,7534,1.138643e-04
jacobi,7535,1.137272e-04
jacobi,7536,1.135902e-04
jacobi,7537,1.134534e-04
jacobi,7538,1.133167e-04
jacobi,7539,1.131802e-04
jacobi,7540,1.130439e-04
jacobi,7541,1.129077e-04
jacobi,7542,1.127717e-04
jacobi,7543,1.126359e-04
jacobi,7544,1.125002e-04
jacobi,7545,1.123647e-04
jacobi,7546,1.122293e-04
jacobi,7547,1.120941e-04
jacobi,7548,1.119591e-04
jacobi,7549,1.118243e-04
jacobi,7550,1.116896e-04
jacobi,7551,1.115550e-04
jacobi,7552,1.114207e-04
jacobi,7553,1.112864e-04
jacobi,7554,1.111524e-04
jacobi,7555,1.110185e-04
jacobi,7556,1.108848e-04
jacobi,7557,1.107512e-04
jacobi,7558,1.106178e-04
jacobi,7559,1.104846e-04
jacobi,7560,1.103515e-04
jacobi,7561,1.102186e-04
jacobi,7562,1.100858e-04
jacobi,7563,1.099532e-04
jacobi,7564,1.098207e-04
jacobi,7565,1.096885e-04
jacobi,7566,1.095563e-04
jacobi,7567,1.094244e-04
jacobi,7568,1.092926e-04
jacobi,7569,1.091609e-04
jacobi,7570,1.090294e-04
jacobi,7571,1.088981e-04
jacobi,7572,1.087669e-04
jacobi,7573,1.086359e-04
jacobi,7574,1.085051e-04
jacobi,7575,1.083744e-04
jacobi,7576,1.082438e-04
jacobi,7577,1.081134e-04
jacobi,7578,1.079832e-04
jacobi,7579,1.078531e-04
jacobi,7580,1.077232e-04
jacobi,7581,1.075935e-04
jacobi,7582,1.074639e-04
jacobi,7583,1.073344e-04
jacobi,7584,1.072051e-04
jacobi,7585,1.070760e-04
jacobi,7586,1.069470e-04
jacobi,7587,1.068182e-04
jacobi,7588,1.066895e-04
jacobi,7589,1.065610e-04
jacobi,7590,1.064327e-04
jacobi,7591,1.063045e-04
jacobi,7592,1.061764e-04
jacobi,7593,1.060485e-04
jacobi,7594,1.059208e-04
jacobi,7595,1.057932e-04
jacobi,7596,1.056658e-04
jacobi,7597,1.055385e-04
jacobi,7598,1.054113e-04
jacobi,7599,1.052844e-04
jacobi,7600,1.051576e-04
jacobi,7601,1.050309e-04
jacobi,7602,1.049044e-04
jacobi,7603,1.047780e-04
jacobi,7604,1.046518e-04
jacobi,7605,1.045257e-04
jacobi,7606,1.043998e-04
jacobi,7607,1.042741e-04
jacobi,7608,1.041485e-04
jacobi,7609,1.040230e-04
jacobi,7610,1.038977e-04
jacobi,7611,1.037726e-04
jacobi,7612,1.036476e-04
jacobi,7613,1.035227e-04
jacobi,7614,1.033980e-04
jacobi,7615,1.032735e-04
jacobi,7616,1.031491e-04
jacobi,7617,1.030248e-04
jacobi,7618,1.029007e-04
jacobi,7619,1.027768e-04
jacobi,7620,1.026530e-04
jacobi,7621,1.025294e-04
jacobi,7622,1.024058e-04
jacobi,7623,1.022825e-04
jacobi,7624,1.021593e-04
jacobi,7625,1.020362e-04
jacobi,7626,1.019133e-04
jacobi,7627,1.017906e-04
jacobi,7628,1.016680e-04
jacobi,7629,1.015455e-04
jacobi,7630,1.014232e-04
jacobi,7631,1.013010e-04
jacobi,7632,1.011790e-04
jacobi,7633,1.010571e-04
jacobi,7634,1.009354e-04
jacobi,7635,1.008138e-04
jacobi,7636,1.006924e-04
jacobi,7637,1.005711e-04
jacobi,7638,1.004499e-04
jacobi,7639,1.003289e-04
jacobi,7640,1.002081e-04
jacobi,7641,1.000874e-04
jacobi,7642,9.996683e-05
jacobi,7643,9.984642e-05
jacobi,7644,9.972615e-05
jacobi,7645,9.960602e-05
jacobi,7646,9.948604e-05
jacobi,7647,9.936621e-05
jacobi,7648,9.924652e-05
jacobi,7649,9.912697e-05
jacobi,7650,9.900757e-05
jacobi,7651,9.888831e-05
jacobi,7652,9.876919e-05
jacobi,7653,9.865022e-05
jacobi,7654,9.853139e-05
jacobi,7655,9.841271e-05
jacobi,7656,9.829416e-05
jacobi,7657,9.817576e-05
jacobi,7658,9.805751e-05
jacobi,7659,9.793939e-05
jacobi,7660,9.782142e-05
jacobi,7661,9.770359e-05
jacobi,7662,9.758590e-05
jacobi,7663,9.746836e-05
jacobi,7664,9.735095e-05
jacobi,7665,9.723369e-05
jacobi,7666,9.711657e-05
jacobi,7667,9.699958e-05
jacobi,7668,9.688274e-05
jacobi,7669,9.676604e-05
jacobi,7670,9.664949e-05
jacobi,7671,9.653307e-05
jacobi,7672,9.641679e-05
jacobi,7673,9.630065e-05
jacobi,7674,9.618465e-05
jacobi,7675,9.606879e-05
jacobi,7676,9.595307e-05
jacobi,7677,9.583749e-05
jacobi,7678,9.572205e-05
jacobi,7679,9.560675e-05
jacobi,7680,9.549159e-05
jacobi,7681,9.537657e-05
jacobi,7682,9.526168e-05
jacobi,7683,9.514693e-05
jacobi,7684,9.503233e-05
jacobi,7685,9.491785e-05
jacobi,7686,9.480352e-05
jacobi,7687,9.468933e-05
jacobi,7688,9.457527e-05
jacobi,7689,9.446135e-05
jacobi,7690,9.434757e-05
jacobi,7691,9.423392e-05
jacobi,7692,9.412041e-05
jacobi,7693,9.400704e-05
jacobi,7694,9.389380e-05
jacobi,7695,9.378071e-05
jacobi,7696,9.366774e-05
jacobi,7697,9.355492e-05
jacobi,7698,9.344222e-05
jacobi,7699,9.332967e-05
jacobi,7700,9.321725e-05
jacobi,7701,9.310497e-05
jacobi,7702,9.299282e-05
jacobi,7703,9.288080e-05
jacobi,7704,9.276892e-05
jacobi,7705,9.265718e-05
jacobi,7706,9.254557e-05
jacobi,7707,9.243409e-05
jacobi,7708,9.232275e-05
jacobi,7709,9.221155e-05
jacobi,7710,9.210047e-05
jacobi,7711,9.198953e-05
jacobi,7712,9.187873e-05
jacobi,7713,9.176806e-05
jacobi,7714,9.165752e-05
jacobi,7715,9.154711e-05
jacobi,7716,9.143684e-05
jacobi,7717,9.132670e-05
jacobi,7718,9.121669e-05
jacobi,7719,9.110682e-05
jacobi,7720,9.099708e-05
jacobi,7721,9.088747e-05
jacobi,7722,9.077799e-05
jacobi,7723,9.066864e-05
jacobi,7724,9.055943e-05
jacobi,7725,9.045035e-05
jacobi,7726,9.034139e-05
jacobi,7727,9.023257e-05
jacobi,7728,9.012389e-05
jacobi,7729,9.001533e-05
jacobi,7730,8.990690e-05
jacobi,7731,8.979860e-05
jacobi,7732,8.969044e-05
jacobi,7733,8.958240e-05
jacobi,7734,8.947449e-05
jacobi,7735,8.936672e-05
jacobi,7736,8.925907e-05
jacobi,7737,8.915156e-05
jacobi,7738,8.904417e-05
jacobi,7739,8.893691e-05
jacobi,7740,8.882978e-05
jacobi,7741,8.872278e-05
jacobi,7742,8.861591e-05
jacobi,7743,8.850917e-05
jacobi,7744,8.840256e-05
jacobi,7745,8.829607e-05
jacobi,7746,8.818972e-05
jacobi,7747,8.808349e-05
jacobi,7748,8.797739e-05
jacobi,7749,8.787142e-05
jacobi,7750,8.776557e-05
jacobi,7751,8.765985e-05
jacobi,7752,8.755426e-05
jacobi,7753,8.744880e-05
jacobi,7754,8.734346e-05
jacobi,7755,8.723826e-05
jacobi,7756,8.713317e-05
jacobi,7757,8.702822e-05
jacobi,7758,8.692339e-05
jacobi,7759,8.681868e-05
jacobi,7760,8.671411e-05
jacobi,7761,8.660966e-05
jacobi,7762,8.650533e-05
jacobi,7763,8.640113e-05
jacobi,7764,8.629706e-05
jacobi,7765,8.619311e-05
jacobi,7766,8.608929e-05
jacobi,7767,8.598559e-05
jacobi,7768,8.588201e-05
jacobi,7769,8.577857e-05
jacobi,7770,8.567524e-05
jacobi,7771,8.557204e-05
jacobi,7772,8.546897e-05
jacobi,7773,8.536602e-05
jacobi,7774,8.526319e-05
jacobi,7775,8.516049e-05
jacobi,7776,8.505791e-05
jacobi,7777,8.495545e-05
jacobi,7778,8.485312e-05
jacobi,7779,8.475091e-05
jacobi,7780,8.464882e-05
jacobi,7781,8.454686e-05
jacobi,7782,8.444502e-05
jacobi,7783,8.434330e-05
jacobi,7784,8.424171e-05
jacobi,7785,8.414023e-05
jacobi,7786,8.403888e-05
jacobi,7787,8.393765e-05
jacobi,7788,8.383655e-05
jacobi,7789,8.373556e-05
jacobi,7790,8.363470e-05
jacobi,7791,8.353396e-05
jacobi,7792,8.343334e-05
jacobi,7793,8.333284e-05
jacobi,7794,8.323246e-05
jacobi,7795,8.313220e-05
jacobi,7796,8.303207e-05
jacobi,7797,8.293205e-05
jacobi,7798,8.283216e-05
jacobi,7799,8.273238e-05
jacobi,7800,8.263273e-05
jacobi,7801,8.253319e-05
jacobi,7802,8.243378e-05
jacobi,7803,8.233448e-05
jacobi,7804,8.223531e-05
jacobi,7805,8.213625e-05
jacobi,7806,8.203731e-05
jacobi,7807,8.193850e-05
jacobi,7808,8.183980e-05
jacobi,7809,8.174122e-05
jacobi,7810,8.164276e-05
jacobi,7811,8.154441e-05
jacobi,7812,8.144619e-05
jacobi,7813,8.134808e-05
jacobi,7814,8.125010e-05
jacobi,7815,8.115223e-05
jacobi,7816,8.105448e-05
jacobi,7817,8.095684e-05
jacobi,7818,8.085933e-05
jacobi,7819,8.076193e-05
jacobi,7820,8.066465e-05
jacobi,7821,8.056748e-05
jacobi,7822,8.047044e-05
jacobi,7823,8.037351e-05
jacobi,7824,8.027669e-05
jacobi,7825,8.018000e-05
jacobi,7826,8.008342e-05
jacobi,7827,7.998695e-05
jacobi,7828,7.989060e-05
jacobi,7829,7.979437e-05
jacobi,7830,7.969826e-05
jacobi,7831,7.960226e-05
jacobi,7832,7.950637e-05
jacobi,7833,7.941060e-05
jacobi,7834,7.931495e-05
jacobi,7835,7.921941e-05
jacobi,7836,7.912399e-05
jacobi,7837,7.902868e-05
jacobi,7838,7.893349e-05
jacobi,7839,7.883841e-05
jacobi,7840,7.874344e-05
jacobi,7841,7.864859e-05
jacobi,7842,7.855386e-05
jacobi,7843,7.845924e-05
jacobi,7844,7.836473e-05
jacobi,7845,7.827033e-05
jacobi,7846,7.817605e-05
jacobi,7847,7.808189e-05
jacobi,7848,7.798783e-05
jacobi,7849,7.789389e-05
jacobi,7850,7.780007e-05
jacobi,7851,7.770635e-05
jacobi,7852,7.761275e-05
jacobi,7853,7.751927e-05
jacobi,7854,7.742589e-05
jacobi,7855,7.733263e-05
jacobi,7856,7.723948e-05
jacobi,7857,7.714644e-05
jacobi,7858,7.705351e-05
jacobi,7859,7.696070e-05
jacobi,7860,7.686800e-05
jacobi,7861,7.677540e-05
jacobi,7862,7.668293e-05
jacobi,7863,7.659056e-05
jacobi,7864,7.649830e-05
jacobi,7865,7.640616e-05
jacobi,7866,7.631412e-05
jacobi,7867,7.622220e-05
jacobi,7868,7.613038e-05
jacobi,7869,7.603868e-05
jacobi,7870,7.594709e-05
jacobi,7871,7.585561e-05
jacobi,7872,7.576424e-05
jacobi,7873,7.567298e-05
jacobi,7874,7.558182e-05
jacobi,7875,7.549078e-05
jacobi,7876,7.539985e-05
jacobi,7877,7.530903e-05
jacobi,7878,7.521832e-05
jacobi,7879,7.512771e-05
jacobi,7880,7.503722e-05
jacobi,7881,7.494683e-05
jacobi,7882,7.485655e-05
jacobi,7883,7.476639e-05
jacobi,7884,7.467633e-05
jacobi,7885,7.458638e-05
jacobi,7886,7.449653e-05
jacobi,7887,7.440680e-05
jacobi,7888,7.431717e-05
jacobi,7889,7.422765e-05
jacobi,7890,7.413824e-05
jacobi,7891,7.404894e-05
jacobi,7892,7.395975e-05
jacobi,7893,7.387066e-05
jacobi,7894,7.378168e-05
jacobi,7895,7.369280e-05
jacobi,7896,7.360404e-05
jacobi,7897,7.351538e-05
jacobi,7898,7.342683e-05
jacobi,7899,7.333838e-05
jacobi,7900,7.325004e-05
jacobi,7901,7.316181e-05
jacobi,7902,7.307368e-05
jacobi,7903,7.298566e-05
jacobi,7904,7.289775e-05
jacobi,7905,7.280994e-05
jacobi,7906,7.272224e-05
jacobi,7907,7.263464e-05
jacobi,7908,7.254715e-05
jacobi,7909,7.245976e-05
jacobi,7910,7.237248e-05
jacobi,7911,7.228530e-05
jacobi,7912,7.219823e-05
jacobi,7913,7.211127e-05
jacobi,7914,7.202441e-05
jacobi,7915,7.193765e-05
jacobi,7916,7.185100e-05
jacobi,7917,7.176445e-05
jacobi,7918,7.167801e-05
jacobi,7919,7.159167e-05
jacobi,7920,7.150543e-05
jacobi,7921,7.141930e-05
jacobi,7922,7.133327e-05
jacobi,7923,7.124735e-05
jacobi,7924,7.116153e-05
jacobi,7925,7.107581e-05
jacobi,7926,7.099020e-05
jacobi,7927,7.090469e-05
jacobi,7928,7.081928e-05
jacobi,7929,7.073397e-05
jacobi,7930,7.064877e-05
jacobi,7931,7.056367e-05
jacobi,7932,7.047867e-05
jacobi,7933,7.039378e-05
jacobi,7934,7.030899e-05
jacobi,7935,7.022430e-05
jacobi,7936,7.013971e-05
jacobi,7937,7.005522e-05
jacobi,7938,6.997084e-05
jacobi,7939,6.988656e-05
jacobi,7940,6.980237e-05
jacobi,7941,6.971829e-05
jacobi,7942,6.963432e-05
jacobi,7943,6.955044e-05
jacobi,7944,6.946666e-05
jacobi,7945,6.938299e-05
jacobi,7946,6.929941e-05
jacobi,7947,6.921594e-05
jacobi,7948,6.913256e-05
jacobi,7949,6.904929e-05
jacobi,7950,6.896612e-05
jacobi,7951,6.888304e-05
jacobi,7952,6.880007e-05
jacobi,7953,6.871720e-05
jacobi,7954,6.863443e-05
jacobi,7955,6.855175e-05
jacobi,7956,6.846918e-05
jacobi,7957,6.838671e-05
jacobi,7958,6.830433e-05
jacobi,7959,6.822205e-05
jacobi,7960,6.813988e-05
jacobi,7961,6.805780e-05
jacobi,7962,6.797582e-05
jacobi,7963,6.789394e-05
jacobi,7964,6.781216e-05
jacobi,7965,6.773048e-05
jacobi,7966,6.764889e-05
jacobi,7967,6.756741e-05
jacobi,7968,6.748602e-05
jacobi,7969,6.740473e-05
jacobi,7970,6.732354e-05
jacobi,7971,6.724244e-05
jacobi,7972,6.716145e-05
jacobi,7973,6.708055e-05
jacobi,7974,6.699975e-05
jacobi,7975,6.691904e-05
jacobi,7976,6.683844e-05
jacobi,7977,6.675793e-05
jacobi,7978,6.667751e-05
jacobi,7979,6.659720e-05
jacobi,7980,6.651698e-05
jacobi,7981,6.643686e-05
jacobi,7982,6.635683e-05
jacobi,7983,6.627690e-05
jacobi,7984,6.619707e-05
jacobi,7985,6.611733e-05
jacobi,7986,6.603769e-05
jacobi,7987,6.595814e-05
jacobi,7988,6.587869e-05
jacobi,7989,6.579934e-05
jacobi,7990,6.572008e-05
jacobi,7991,6.564092e-05
jacobi,7992,6.556185e-05
jacobi,7993,6.548288e-05
jacobi,7994,6.540400e-05
jacobi,7995,6.532522e-05
jacobi,7996,6.524653e-05
jacobi,7997,6.516794e-05
jacobi,7998,6.508944e-05
jacobi,7999,6.501104e-05
jacobi,8000,6.493273e-05
jacobi,8001,6.485452e-05
jacobi,8002,6.477640e-05
jacobi,8003,6.469837e-05
jacobi,8004,6.462044e-05
jacobi,8005,6.454260e-05
jacobi,8006,6.446486e-05
jacobi,8007,6.438721e-05
jacobi,8008,6.430965e-05
jacobi,8009,6.423218e-05
jacobi,8010,6.415481e-05
jacobi,8011,6.407754e-05
jacobi,8012,6.400035e-05
jacobi,8013,6.392326e-05
jacobi,8014,6.384626e-05
jacobi,8015,6.376936e-05
jacobi,8016,6.369254e-05
jacobi,8017,6.361582e-05
jacobi,8018,6.353920e-05
jacobi,8019,6.346266e-05
jacobi,8020,6.338622e-05
jacobi,8021,6.330987e-05
jacobi,8022,6.323361e-05
jacobi,8023,6.315744e-05
jacobi,8024,6.308136e-05
jacobi,8025,6.300538e-05
jacobi,8026,6.292949e-05
jacobi,8027,6.285368e-05
jacobi,8028,6.277797e-05
jacobi,8029,6.270235e-05
jacobi,8030,6.262683e-05
jacobi,8031,6.255139e-05
jacobi,8032,6.247604e-05
jacobi,8033,6.240079e-05
jacobi,8034,6.232562e-05
jacobi,8035,6.225055e-05
jacobi,8036,6.217557e-05
jacobi,8037,6.210067e-05
jacobi,8038,6.202587e-05
jacobi,8039,6.195116e-05
jacobi,8040,6.187654e-05
jacobi,8041,6.180200e-05
jacobi,8042,6.172756e-05
jacobi,8043,6.165321e-05
jacobi,8044,6.157894e-05
jacobi,8045,6.150477e-05
jacobi,8046,6.143068e-05
jacobi,8047,6.135669e-05
jacobi,8048,6.128278e-05
jacobi,8049,6.120896e-05
jacobi,8050,6.113523e-05
jacobi,8051,6.106159e-05
jacobi,8052,6.098804e-05
jacobi,8053,6.091458e-05
jacobi,8054,6.084120e-05
jacobi,8055,6.076792e-05
jacobi,8056,6.069472e-05
jacobi,8057,6.062161e-05
jacobi,8058,6.054859e-05
jacobi,8059,6.047566e-05
jacobi,8060,6.040281e-05
jacobi,8061,6.033005e-05
jacobi,8062,6.025738e-05
jacobi,8063,6.018480e-05
jacobi,8064,6.011230e-05
jacobi,8065,6.003990e-05
jacobi,8066,5.996758e-05
jacobi,8067,5.989534e-05
jacobi,8068,5.982320e-05
jacobi,8069,5.975114e-05
jacobi,8070,5.967916e-05
jacobi,8071,5.960728e-05
jacobi,8072,5.953548e-05
jacobi,8073,5.946376e-05
jacobi,8074,5.939214e-05
jacobi,8075,5.932060e-05
jacobi,8076,5.924914e-05
jacobi,8077,5.917778e-05
jacobi,8078,5.910649e-05
jacobi,8079,5.903530e-05
jacobi,8080,5.896419e-05
jacobi,8081,5.889316e-05
jacobi,8082,5.882222e-05
jacobi,8083,5.875137e-05
jacobi,8084,5.868060e-05
jacobi,8085,5.860992e-05
jacobi,8086,5.853932e-05
jacobi,8087,5.846880e-05
jacobi,8088,5.839838e-05
jacobi,8089,5.832803e-05
jacobi,8090,5.825777e-05
jacobi,8091,5.818760e-05
jacobi,8092,5.811751e-05
jacobi,8093,5.804751e-05
jacobi,8094,5.797758e-05
jacobi,8095,5.790775e-05
jacobi,8096,5.783800e-05
jacobi,8097,5.776833e-05
jacobi,8098,5.769874e-05
jacobi,8099,5.762924e-05
jacobi,8100,5.755983e-05
jacobi,8101,5.749049e-05
jacobi,8102,5.742124e-05
jacobi,8103,5.735208e-05
jacobi,8104,5.728299e-05
jacobi,8105,5.721399e-05
jacobi,8106,5.714508e-05
jacobi,8107,5.707624e-05
jacobi,8108,5.700749e-05
jacobi,8109,5.693882e-05
jacobi,8110,5.687024e-05
jacobi,8111,5.680174e-05
jacobi,8112,5.673332e-05
jacobi,8113,5.666498e-05
jacobi,8114,5.659672e-05
jacobi,8115,5.652855e-05
jacobi,8116,5.646046e-05
jacobi,8117,5.639245e-05
jacobi,8118,5.632452e-05
jacobi,8119,5.625668e-05
jacobi,8120,5.618891e-05
jacobi,8121,5.612123e-05
jacobi,8122,5.605363e-05
jacobi,8123,5.598611e-05
jacobi,8124,5.591867e-05
jacobi,8125,5.585132e-05
jacobi,8126,5.578404e-05
jacobi,8127,5.571685e-05
jacobi,8128,5.564973e-05
jacobi,8129,5.558270e-05
jacobi,8130,5.551575e-05
jacobi,8131,5.544888e-05
jacobi,8132,5.538209e-05
jacobi,8133,5.531538e-05
jacobi,8134,5.524875e-05
jacobi,8135,5.518220e-05
jacobi,8136,5.511573e-05
jacobi,8137,5.504934e-05
jacobi,8138,5.498303e-05
jacobi,8139,5.491680e-05
jacobi,8140,5.485065e-05
jacobi,8141,5.478458e-05
jacobi,8142,5.471859e-05
jacobi,8143,5.465268e-05
jacobi,8144,5.458685e-05
jacobi,8145,5.452110e-05
jacobi,8146,5.445542e-05
jacobi,8147,5.438983e-05
jacobi,8148,5.432431e-05
jacobi,8149,5.425888e-05
jacobi,8150,5.419352e-05
jacobi,8151,5.412824e-05
jacobi,8152,5.406304e-05
jacobi,8153,5.399792e-05
jacobi,8154,5.393288e-05
jacobi,8155,5.386791e-05
jacobi,8156,5.380303e-05
jacobi,8157,5.373822e-05
jacobi,8158,5.367349e-05
jacobi,8159,5.360884e-05
jacobi,8160,5.354426e-05
jacobi,8161,5.347977e-05
jacobi,8162,5.341535e-05
jacobi,8163,5.335101e-05
jacobi,8164,5.328674e-05
jacobi,8165,5.322256e-05
jacobi,8166,5.315845e-05
jacobi,8167,5.309442e-05
jacobi,8168,5.303046e-05
jacobi,8169,5.296658e-05
jacobi,8170,5.290278e-05
jacobi,8171,5.283906e-05
jacobi,8172,5.277541e-05
jacobi,8173,5.271184e-05
jacobi,8174,5.264835e-05
jacobi,8175,5.258493e-05
jacobi,8176,5.252159e-05
jacobi,8177,5.245833e-05
jacobi,8178,5.239514e-05
jacobi,8179,5.233203e-05
jacobi,8180,5.226899e-05
jacobi,8181,5.220603e-05
jacobi,8182,5.214314e-05
jacobi,8183,5.208034e-05
jacobi,8184,5.201760e-05
jacobi,8185,5.195495e-05
jacobi,8186,5.189236e-05
jacobi,8187,5.182986e-05
jacobi,8188,5.176743e-05
jacobi,8189,5.170507e-05
jacobi,8190,5.164279e-05
jacobi,8191,5.158058e-05
jacobi,8192,5.151845e-05
jacobi,8193,5.145640e-05
jacobi,8194,5.139441e-05
jacobi,8195,5.133251e-05
jacobi,8196,5.127067e-05
jacobi,8197,5.120892e-05
jacobi,8198,5.114723e-05
jacobi,8199,5.108562e-05
jacobi,8200,5.102409e-05
jacobi,8201,5.096263e-05
jacobi,8202,5.090124e-05
jacobi,8203,5.083993e-05
jacobi,8204,5.077869e-05
jacobi,8205,5.071753e-05
jacobi,8206,5.065643e-05
jacobi,8207,5.059542e-05
jacobi,8208,5.053447e-05
jacobi,8209,5.047360e-05
jacobi,8210,5.041280e-05
jacobi,8211,5.035208e-05
jacobi,8212,5.029143e-05
jacobi,8213,5.023085e-05
jacobi,8214,5.017034e-05
jacobi,8215,5.010991e-05
jacobi,8216,5.004955e-05
jacobi,8217,4.998926e-05
jacobi,8218,4.992905e-05
jacobi,8219,4.986891e-05
jacobi,8220,4.980884e-05
jacobi,8221,4.974884e-05
jacobi,8222,4.968892e-05
jacobi,8223,4.962907e-05
jacobi,8224,4.956928e-05
jacobi,8225,4.950958e-05
jacobi,8226,4.944994e-05
jacobi,8227,4.939038e-05
jacobi,8228,4.933088e-05
jacobi,8229,4.927146e-05
jacobi,8230,4.921211e-05
jacobi,8231,4.915283e-05
jacobi,8232,4.909363e-05
jacobi,8233,4.903449e-05
jacobi,8234,4.897543e-05
jacobi,8235,4.891643e-05
jacobi,8236,4.885751e-05
jacobi,8237,4.879866e-05
jacobi,8238,4.873988e-05
jacobi,8239,4.868117e-05
jacobi,8240,4.862253e-05
jacobi,8241,4.856397e-05
jacobi,8242,4.850547e-05
jacobi,8243,4.844704e-05
jacobi,8244,4.838868e-05
jacobi,8245,4.833040e-05
jacobi,8246,4.827218e-05
jacobi,8247,4.821404e-05
jacobi,8248,4.815596e-05
jacobi,8249,4.809795e-05
jacobi,8250,4.804002e-05
jacobi,8251,4.798215e-05
jacobi,8252,4.792436e-05
jacobi,8253,4.786663e-05
jacobi,8254,4.780897e-05
jacobi,8255,4.775138e-05
jacobi,8256,4.769386e-05
jacobi,8257,4.763641e-05
jacobi,8258,4.757903e-05
jacobi,8259,4.752172e-05
jacobi,8260,4.746448e-05
jacobi,8261,4.740731e-05
jacobi,8262,4.735020e-05
jacobi,8263,4.729317e-05
jacobi,8264,4.723620e-05
jacobi,8265,4.717930e-05
jacobi,8266,4.712247e-05
jacobi,8267,4.706571e-05
jacobi,8268,4.700902e-05
jacobi,8269,4.695240e-05
jacobi,8270,4.689584e-05
jacobi,8271,4.683935e-05
jacobi,8272,4.678293e-05
jacobi,8273,4.672658e-05
jacobi,8274,4.667030e-05
jacobi,8275,4.661408e-05
jacobi,8276,4.655793e-05
jacobi,8277,4.650185e-05
jacobi,8278,4.644584e-05
jacobi,8279,4.638989e-05
jacobi,8280,4.633401e-05
jacobi,8281,4.627820e-05
jacobi,8282,4.622246e-05
jacobi,8283,4.616678e-05
jacobi,8284,4.611117e-05
jacobi,8285,4.605563e-05
jacobi,8286,4.600015e-05
jacobi,8287,4.594474e-05
jacobi,8288,4.588940e-05
jacobi,8289,4.583412e-05
jacobi,8290,4.577891e-05
jacobi,8291,4.572377e-05
jacobi,8292,4.566869e-05
jacobi,8293,4.561368e-05
jacobi,8294,4.555874e-05
jacobi,8295,4.550386e-05
jacobi,8296,4.544905e-05
jacobi,8297,4.539431e-05
jacobi,8298,4.533963e-05
jacobi,8299,4.528501e-05
jacobi,8300,4.523047e-05
jacobi,8301,4.517598e-05
jacobi,8302,4.512157e-05
jacobi,8303,4.506722e-05
jacobi,8304,4.501293e-05
jacobi,8305,4.495871e-05
jacobi,8306,4.490456e-05
jacobi,8307,4.485047e-05
jacobi,8308,4.479644e-05
jacobi,8309,4.474248e-05
jacobi,8310,4.468859e-05
jacobi,8311,4.463476e-05
jacobi,8312,4.458099e-05
jacobi,8313,4.452729e-05
jacobi,8314,4.447366e-05
jacobi,8315,4.442009e-05
jacobi,8316,4.436658e-05
jacobi,8317,4.431314e-05
jacobi,8318,4.425976e-05
jacobi,8319,4.420645e-05
jacobi,8320,4.415320e-05
jacobi,8321,4.410002e-05
jacobi,8322,4.404690e-05
jacobi,8323,4.399384e-05
jacobi,8324,4.394085e-05
jacobi,8325,4.388792e-05
jacobi,8326,4.383506e-05
jacobi,8327,4.378225e-05
jacobi,8328,4.372952e-05
jacobi,8329,4.367684e-05
jacobi,8330,4.362423e-05
jacobi,8331,4.357169e-05
jacobi,8332,4.351920e-05
jacobi,8333,4.346678e-05
jacobi,8334,4.341442e-05
jacobi,8335,4.336213e-05
jacobi,8336,4.330990e-05
jacobi,8337,4.325773e-05
jacobi,8338,4.320562e-05
jacobi,8339,4.315358e-05
jacobi,8340,4.310160e-05
jacobi,8341,4.304968e-05
jacobi,8342,4.299783e-05
jacobi,8343,4.294603e-05
jacobi,8344,4.289430e-05
jacobi,8345,4.284263e-05
jacobi,8346,4.279103e-05
jacobi,8347,4.273948e-05
jacobi,8348,4.268800e-05
jacobi,8349,4.263658e-05
jacobi,8350,4.258523e-05
jacobi,8351,4.253393e-05
jacobi,8352,4.248270e-05
jacobi,8353,4.243152e-05
jacobi,8354,4.238041e-05
jacobi,8355,4.232936e-05
jacobi,8356,4.227838e-05
jacobi,8357,4.222745e-05
jacobi,8358,4.217659e-05
jacobi,8359,4.212578e-05
jacobi,8360,4.207504e-05
jacobi,8361,4.202436e-05
jacobi,8362,4.197374e-05
jacobi,8363,4.192318e-05
jacobi,8364,4.187268e-05
jacobi,8365,4.182224e-05
jacobi,8366,4.177187e-05
jacobi,8367,4.172155e-05
jacobi,8368,4.167130e-05
jacobi,8369,4.162110e-05
jacobi,8370,4.157097e-05
jacobi,8371,4.152089e-05
jacobi,8372,4.147088e-05
jacobi,8373,4.142092e-05
jacobi,8374,4.137103e-05
jacobi,8375,4.132120e-05
jacobi,8376,4.127142e-05
jacobi,8377,4.122171e-05
jacobi,8378,4.117206e-05
jacobi,8379,4.112246e-05
jacobi,8380,4.107293e-05
jacobi,8381,4.102346e-05
jacobi,8382,4.097404e-05
jacobi,8383,4.092469e-05
jacobi,8384,4.087539e-05
jacobi,8385,4.082616e-05
jacobi,8386,4.077698e-05
jacobi,8387,4.072786e-05
jacobi,8388,4.067880e-05
jacobi,8389,4.062980e-05
jacobi,8390,4.058086e-05
jacobi,8391,4.053198e-05
jacobi,8392,4.048316e-05
jacobi,8393,4.043439e-05
jacobi,8394,4.038569e-05
jacobi,8395,4.033704e-05
jacobi,8396,4.028846e-05
jacobi,8397,4.023993e-05
jacobi,8398,4.019146e-05
jacobi,8399,4.014304e-05
jacobi,8400,4.009469e-05
jacobi,8401,4.004639e-05
jacobi,8402,3.999816e-05
jacobi,8403,3.994998e-05
jacobi,8404,3.990186e-05
jacobi,8405,3.985379e-05
jacobi,8406,3.980579e-05
jacobi,8407,3.975784e-05
jacobi,8408,3.970995e-05
jacobi,8409,3.966212e-05
jacobi,8410,3.961434e-05
jacobi,8411,3.956662e-05
jacobi,8412,3.951896e-05
jacobi,8413,3.947136e-05
jacobi,8414,3.942382e-05
jacobi,8415,3.937633e-05
jacobi,8416,3.932890e-05
jacobi,8417,3.928153e-05
jacobi,8418,3.923421e-05
jacobi,8419,3.918695e-05
jacobi,8420,3.913975e-05
jacobi,8421,3.909260e-05
jacobi,8422,3.904551e-05
jacobi,8423,3.899848e-05
jacobi,8424,3.895151e-05
jacobi,8425,3.890459e-05
jacobi,8426,3.885772e-05
jacobi,8427,3.881092e-05
jacobi,8428,3.876417e-05
jacobi,8429,3.871748e-05
jacobi,8430,3.867084e-05
jacobi,8431,3.862426e-05
jacobi,8432,3.857773e-05
jacobi,8433,3.853127e-05
jacobi,8434,3.848485e-05
jacobi,8435,3.843850e-05
jacobi,8436,3.839219e-05
jacobi,8437,3.834595e-05
jacobi,8438,3.829976e-05
jacobi,8439,3.825363e-05
jacobi,8440,3.820755e-05
jacobi,8441,3.816153e-05
jacobi,8442,3.811556e-05
jacobi,8443,3.806965e-05
jacobi,8444,3.802379e-05
jacobi,8445,3.797799e-05
jacobi,8446,3.793224e-05
jacobi,8447,3.788655e-05
jacobi,8448,3.784092e-05
jacobi,8449,3.779533e-05
jacobi,8450,3.774981e-05
jacobi,8451,3.770434e-05
jacobi,8452,3.765892e-05
jacobi,8453,3.761356e-05
jacobi,8454,3.756825e-05
jacobi,8455,3.752300e-05
jacobi,8456,3.747780e-05
jacobi,8457,3.743266e-05
jacobi,8458,3.738757e-05
jacobi,8459,3.734253e-05
jacobi,8460,3.729755e-05
jacobi,8461,3.725263e-05
jacobi,8462,3.720775e-05
jacobi,8463,3.716294e-05
jacobi,8464,3.711817e-05
jacobi,8465,3.707346e-05
jacobi,8466,3.702880e-05
jacobi,8467,3.698420e-05
jacobi,8468,3.693965e-05
jacobi,8469,3.689516e-05
jacobi,8470,3.685071e-05
jacobi,8471,3.680633e-05
jacobi,8472,3.676199e-05
jacobi,8473,3.671771e-05
jacobi,8474,3.667348e-05
jacobi,8475,3.662931e-05
jacobi,8476,3.658519e-05
jacobi,8477,3.654112e-05
jacobi,8478,3.649710e-05
jacobi,8479,3.645314e-05
jacobi,8480,3.640923e-05
jacobi,8481,3.636537e-05
jacobi,8482,3.632157e-05
jacobi,8483,3.627782e-05
jacobi,8484,3.623412e-05
jacobi,8485,3.619047e-05
jacobi,8486,3.614688e-05
jacobi,8487,3.610334e-05
jacobi,8488,3.605985e-05
jacobi,8489,3.601642e-05
jacobi,8490,3.597303e-05
jacobi,8491,3.592970e-05
jacobi,8492,3.588642e-05
jacobi,8493,3.584320e-05
jacobi,8494,3.580002e-05
jacobi,8495,3.575690e-05
jacobi,8496,3.571383e-05
jacobi,8497,3.567081e-05
jacobi,8498,3.562784e-05
jacobi,8499,3.558493e-05
jacobi,8500,3.554206e-05
jacobi,8501,3.549925e-05
jacobi,8502,3.545649e-05
jacobi,8503,3.541378e-05
jacobi,8504,3.537113e-05
jacobi,8505,3.532852e-05
jacobi,8506,3.528596e-05
jacobi,8507,3.524346e-05
jacobi,8508,3.520101e-05
jacobi,8509,3.515861e-05
jacobi,8510,3.511626e-05
jacobi,8511,3.507396e-05
jacobi,8512,3.503171e-05
jacobi,8513,3.498951e-05
jacobi,8514,3.494737e-05
jacobi,8515,3.490527e-05
jacobi,8516,3.486323e-05
jacobi,8517,3.482123e-05
jacobi,8518,3.477929e-05
jacobi,8519,3.473740e-05
jacobi,8520,3.469555e-05
jacobi,8521,3.465376e-05
jacobi,8522,3.461202e-05
jacobi,8523,3.457033e-05
jacobi,8524,3.452869e-05
jacobi,8525,3.448709e-05
jacobi,8526,3.444555e-05
jacobi,8527,3.440406e-05
jacobi,8528,3.436262e-05
jacobi,8529,3.432123e-05
jacobi,8530,3.427989e-05
jacobi,8531,3.423860e-05
jacobi,8532,3.419735e-05
jacobi,8533,3.415616e-05
jacobi,8534,3.411502e-05
jacobi,8535,3.407393e-05
jacobi,8536,3.403288e-05
jacobi,8537,3.399189e-05
jacobi,8538,3.395094e-05
jacobi,8539,3.391005e-05
jacobi,8540,3.386920e-05
jacobi,8541,3.382841e-05
jacobi,8542,3.378766e-05
jacobi,8543,3.374696e-05
jacobi,8544,3.370631e-05
jacobi,8545,3.366571e-05
jacobi,8546,3.362516e-05
jacobi,8547,3.358465e-05
jacobi,8548,3.354420e-05
jacobi,8549,3.350379e-05
jacobi,8550,3.346344e-05
jacobi,8551,3.342313e-05
jacobi,8552,3.338287e-05
jacobi,8553,3.334266e-05
jacobi,8554,3.330250e-05
jacobi,8555,3.326238e-05
jacobi,8556,3.322232e-05
jacobi,8557,3.318230e-05
jacobi,8558,3.314233e-05
jacobi,8559,3.310241e-05
jacobi,8560,3.306253e-05
jacobi,8561,3.302271e-05
jacobi,8562,3.298293e-05
jacobi,8563,3.294320e-05
jacobi,8564,3.290352e-05
jacobi,8565,3.286389e-05
jacobi,8566,3.282430e-05
jacobi,8567,3.278476e-05
jacobi,8568,3.274527e-05
jacobi,8569,3.270583e-05
jacobi,8570,3.266643e-05
jacobi,8571,3.262708e-05
jacobi,8572,3.258778e-05
jacobi,8573,3.254853e-05
jacobi,8574,3.250932e-05
jacobi,8575,3.247017e-05
jacobi,8576,3.243105e-05
jacobi,8577,3.239199e-05
jacobi,8578,3.235297e-05
jacobi,8579,3.231400e-05
jacobi,8580,3.227508e-05
jacobi,8581,3.223620e-05
jacobi,8582,3.219737e-05
jacobi,8583,3.215859e-05
jacobi,8584,3.211985e-05
jacobi,8585,3.208116e-05
jacobi,8586,3.204252e-05
jacobi,8587,3.200392e-05
jacobi,8588,3.196537e-05
jacobi,8589,3.192687e-05
jacobi,8590,3.188841e-05
jacobi,8591,3.185000e-05
jacobi,8592,3.181163e-05
jacobi,8593,3.177332e-05
jacobi,8594,3.173504e-05
jacobi,8595,3.169682e-05
jacobi,8596,3.165864e-05
jacobi,8597,3.162050e-05
jacobi,8598,3.158241e-05
jacobi,8599,3.154437e-05
jacobi,8600,3.150638e-05
jacobi,8601,3.146842e-05
jacobi,8602,3.143052e-05
jacobi,8603,3.139266e-05
jacobi,8604,3.135485e-05
jacobi,8605,3.131708e-05
jacobi,8606,3.127936e-05
jacobi,8607,3.124168e-05
jacobi,8608,3.120405e-05
jacobi,8609,3.116646e-05
jacobi,8610,3.112892e-05
jacobi,8611,3.109142e-05
jacobi,8612,3.105397e-05
jacobi,8613,3.101657e-05
jacobi,8614,3.097920e-05
jacobi,8615,3.094189e-05
jacobi,8616,3.090462e-05
jacobi,8617,3.086739e-05
jacobi,8618,3.083021e-05
jacobi,8619,3.079307e-05
jacobi,8620,3.075598e-05
jacobi,8621,3.071894e-05
jacobi,8622,3.068193e-05
jacobi,8623,3.064498e-05
jacobi,8624,3.060806e-05
jacobi,8625,3.057119e-05
jacobi,8626,3.053437e-05
jacobi,8627,3.049759e-05
jacobi,8628,3.046085e-05
jacobi,8629,3.042416e-05
jacobi,8630,3.038751e-05
jacobi,8631,3.035091e-05
jacobi,8632,3.031435e-05
jacobi,8633,3.027784e-05
jacobi,8634,3.024137e-05
jacobi,8635,3.020494e-05
jacobi,8636,3.016856e-05
jacobi,8637,3.013222e-05
jacobi,8638,3.009592e-05
jacobi,8639,3.005967e-05
jacobi,8640,3.002346e-05
jacobi,8641,2.998730e-05
jacobi,8642,2.995118e-05
jacobi,8643,2.991510e-05
jacobi,8644,2.987906e-05
jacobi,8645,2.984307e-05
jacobi,8646,2.980713e-05
jacobi,8647,2.977122e-05
jacobi,8648,2.973536e-05
jacobi,8649,2.969954e-05
jacobi,8650,2.966377e-05
jacobi,8651,2.962804e-05
jacobi,8652,2.959235e-05
jacobi,8653,2.955671e-05
jacobi,8654,2.952110e-05
jacobi,8655,2.948554e-05
jacobi,8656,2.945003e-05
jacobi,8657,2.941455e-05
jacobi,8658,2.937912e-05
jacobi,8659,2.934373e-05
jacobi,8660,2.930839e-05
jacobi,8661,2.927308e-05
jacobi,8662,2.923782e-05
jacobi,8663,2.920261e-05
jacobi,8664,2.916743e-05
jacobi,8665,2.913230e-05
jacobi,8666,2.909720e-05
jacobi,8667,2.906216e-05
jacobi,8668,2.902715e-05
jacobi,8669,2.899218e-05
jacobi,8670,2.895726e-05
jacobi,8671,2.892238e-05
jacobi,8672,2.888754e-05
jacobi,8673,2.885275e-05
jacobi,8674,2.881799e-05
jacobi,8675,2.878328e-05
jacobi,8676,2.874861e-05
jacobi,8677,2.871398e-05
jacobi,8678,2.867939e-05
jacobi,8679,2.864485e-05
jacobi,8680,2.861034e-05
jacobi,8681,2.857588e-05
jacobi,8682,2.854146e-05
jacobi,8683,2.850708e-05
jacobi,8684,2.847274e-05
jacobi,8685,2.843845e-05
jacobi,8686,2.840419e-05
jacobi,8687,2.836998e-05
jacobi,8688,2.833580e-05
jacobi,8689,2.830167e-05
jacobi,8690,2.826758e-05
jacobi,8691,2.823353e-05
jacobi,8692,2.819952e-05
jacobi,8693,2.816556e-05
jacobi,8694,2.813163e-05
jacobi,8695,2.809774e-05
jacobi,8696,2.806390e-05
jacobi,8697,2.803009e-05
jacobi,8698,2.799633e-05
jacobi,8699,2.796261e-05
jacobi,8700,2.792893e-05
jacobi,8701,2.789528e-05
jacobi,8702,2.786168e-05
jacobi,8703,2.782812e-05
jacobi,8704,2.779460e-05
jacobi,8705,2.776112e-05
jacobi,8706,2.772768e-05
jacobi,8707,2.769428e-05
jacobi,8708,2.766093e-05
jacobi,8709,2.762761e-05
jacobi,8710,2.759433e-05
jacobi,8711,2.756109e-05
jacobi,8712,2.752789e-05
jacobi,8713,2.749473e-05
jacobi,8714,2.746161e-05
jacobi,8715,2.742854e-05
jacobi,8716,2.739550e-05
jacobi,8717,2.736250e-05
jacobi,8718,2.732954e-05
jacobi,8719,2.729662e-05
jacobi,8720,2.726374e-05
jacobi,8721,2.723090e-05
jacobi,8722,2.719810e-05
jacobi,8723,2.716534e-05
jacobi,8724,2.713261e-05
jacobi,8725,2.709993e-05
jacobi,8726,2.706729e-05
jacobi,8727,2.703468e-05
jacobi,8728,2.700212e-05
jacobi,8729,2.696959e-05
jacobi,8730,2.693711e-05
jacobi,8731,2.690466e-05
jacobi,8732,2.687225e-05
jacobi,8733,2.683989e-05
jacobi,8734,2.680756e-05
jacobi,8735,2.677526e-05
jacobi,8736,2.674301e-05
jacobi,8737,2.671080e-05
jacobi,8738,2.667863e-05
jacobi,8739,2.664649e-05
jacobi,8740,2.661439e-05
jacobi,8741,2.658233e-05
jacobi,8742,2.655031e-05
jacobi,8743,2.651833e-05
jacobi,8744,2.648639e-05
jacobi,8745,2.645449e-05
jacobi,8746,2.642262e-05
jacobi,8747,2.639079e-05
jacobi,8748,2.635901e-05
jacobi,8749,2.632726e-05
jacobi,8750,2.629554e-05
jacobi,8751,2.626387e-05
jacobi,8752,2.623223e-05
jacobi,8753,2.620063e-05
jacobi,8754,2.616908e-05
jacobi,8755,2.613755e-05
jacobi,8756,2.610607e-05
jacobi,8757,2.607462e-05
jacobi,8758,2.604322e-05
jacobi,8759,2.601185e-05
jacobi,8760,2.598051e-05
jacobi,8761,2.594922e-05
jacobi,8762,2.591796e-05
jacobi,8763,2.588674e-05
jacobi,8764,2.585556e-05
jacobi,8765,2.582442e-05
jacobi,8766,2.579331e-05
jacobi,8767,2.576224e-05
jacobi,8768,2.573121e-05
jacobi,8769,2.570021e-05
jacobi,8770,2.566926e-05
jacobi,8771,2.563834e-05
jacobi,8772,2.560745e-05
jacobi,8773,2.557661e-05
jacobi,8774,2.554580e-05
jacobi,8775,2.551503e-05
jacobi,8776,2.548430e-05
jacobi,8777,2.545360e-05
jacobi,8778,2.542294e-05
jacobi,8779,2.539232e-05
jacobi,8780,2.536173e-05
jacobi,8781,2.533118e-05
jacobi,8782,2.530067e-05
jacobi,8783,2.527019e-05
jacobi,8784,2.523975e-05
jacobi,8785,2.520935e-05
jacobi,8786,2.517899e-05
jacobi,8787,2.514866e-05
jacobi,8788,2.511836e-05
jacobi,8789,2.508811e-05
jacobi,8790,2.505789e-05
jacobi,8791,2.502770e-05
jacobi,8792,2.499756e-05
jacobi,8793,2.496745e-05
jacobi,8794,2.493737e-05
jacobi,8795,2.490733e-05
jacobi,8796,2.487733e-05
jacobi,8797,2.484737e-05
jacobi,8798,2.481744e-05
jacobi,8799,2.478754e-05
jacobi,8800,2.475769e-05
jacobi,8801,2.472786e-05
jacobi,8802,2.469808e-05
jacobi,8803,2.466833e-05
jacobi,8804,2.463861e-05
jacobi,8805,2.460894e-05
jacobi,8806,2.457929e-05
jacobi,8807,2.454969e-05
jacobi,8808,2.452011e-05
jacobi,8809,2.449058e-05
jacobi,8810,2.446108e-05
jacobi,8811,2.443162e-05
jacobi,8812,2.440219e-05
jacobi,8813,2.437279e-05
jacobi,8814,2.434343e-05
jacobi,8815,2.431411e-05
jacobi,8816,2.428482e-05
jacobi,8817,2.425557e-05
jacobi,8818,2.422636e-05
jacobi,8819,2.419717e-05
jacobi,8820,2.416803e-05
jacobi,8821,2.413892e-05
jacobi,8822,2.410984e-05
jacobi,8823,2.408080e-05
jacobi,8824,2.405179e-05
jacobi,8825,2.402282e-05
jacobi,8826,2.399388e-05
jacobi,8827,2.396498e-05
jacobi,8828,2.393611e-05
jacobi,8829,2.390728e-05
jacobi,8830,2.387849e-05
jacobi,8831,2.384972e-05
jacobi,8832,2.382099e-05
jacobi,8833,2.379230e-05
jacobi,8834,2.376364e-05
jacobi,8835,2.373502e-05
jacobi,8836,2.370643e-05
jacobi,8837,2.367787e-05
jacobi,8838,2.364935e-05
jacobi,8839,2.362087e-05
jacobi,8840,2.359241e-05
jacobi,8841,2.356399e-05
jacobi,8842,2.353561e-05
jacobi,8843,2.350726e-05
jacobi,8844,2.347895e-05
jacobi,8845,2.345066e-05
jacobi,8846,2.342242e-05
jacobi,8847,2.339420e-05
jacobi,8848,2.336602e-05
jacobi,8849,2.333788e-05
jacobi,8850,2.330977e-05
jacobi,8851,2.328169e-05
jacobi,8852,2.325365e-05
jacobi,8853,2.322564e-05
jacobi,8854,2.319766e-05
jacobi,8855,2.316972e-05
jacobi,8856,2.314181e-05
jacobi,8857,2.311393e-05
jacobi,8858,2.308609e-05
jacobi,8859,2.305828e-05
jacobi,8860,2.303051e-05
jacobi,8861,2.300277e-05
jacobi,8862,2.297506e-05
jacobi,8863,2.294738e-05
jacobi,8864,2.291974e-05
jacobi,8865,2.289214e-05
jacobi,8866,2.286456e-05
jacobi,8867,2.283702e-05
jacobi,8868,2.280951e-05
jacobi,8869,2.278204e-05
jacobi,8870,2.275459e-05
jacobi,8871,2.272719e-05
jacobi,8872,2.269981e-05
jacobi,8873,2.267247e-05
jacobi,8874,2.264516e-05
jacobi,8875,2.261788e-05
jacobi,8876,2.259064e-05
jacobi,8877,2.256342e-05
jacobi,8878,2.253625e-05
jacobi,8879,2.250910e-05
jacobi,8880,2.248199e-05
jacobi,8881,2.245491e-05
jacobi,8882,2.242786e-05
jacobi,8883,2.240084e-05
jacobi,8884,2.237386e-05
jacobi,8885,2.234691e-05
jacobi,8886,2.231999e-05
jacobi,8887,2.229311e-05
jacobi,8888,2.226625e-05
jacobi,8889,2.223943e-05
jacobi,8890,2.221264e-05
jacobi,8891,2.218589e-05
jacobi,8892,2.215916e-05
jacobi,8893,2.213247e-05
jacobi,8894,2.210581e-05
jacobi,8895,2.207919e-05
jacobi,8896,2.205259e-05
jacobi,8897,2.202603e-05
jacobi,8898,2.199950e-05
jacobi,8899,2.197300e-05
jacobi,8900,2.194653e-05
jacobi,8901,2.192009e-05
jacobi,8902,2.189369e-05
jacobi,8903,2.186732e-05
jacobi,8904,2.184098e-05
jacobi,8905,2.181467e-05
jacobi,8906,2.178839e-05
jacobi,8907,2.176215e-05
jacobi,8908,2.173593e-05
jacobi,8909,2.170975e-05
jacobi,8910,2.168360e-05
jacobi,8911,2.165748e-05
jacobi,8912,2.163140e-05
jacobi,8913,2.160534e-05
jacobi,8914,2.157931e-05
jacobi,8915,2.155332e-05
jacobi,8916,2.152736e-05
jacobi,8917,2.150143e-05
jacobi,8918,2.147553e-05
jacobi,8919,2.144966e-05
jacobi,8920,2.142382e-05
jacobi,8921,2.139802e-05
jacobi,8922,2.137224e-05
jacobi,8923,2.134650e-05
jacobi,8924,2.132079e-05
jacobi,8925,2.129510e-05
jacobi,8926,2.126945e-05
jacobi,8927,2.124383e-05
jacobi,8928,2.121824e-05
jacobi,8929,2.119269e-05
jacobi,8930,2.116716e-05
jacobi,8931,2.114166e-05
jacobi,8932,2.111620e-05
jacobi,8933,2.109076e-05
jacobi,8934,2.106536e-05
jacobi,8935,2.103998e-05
jacobi,8936,2.101464e-05
jacobi,8937,2.098933e-05
jacobi,8938,2.096404e-05
jacobi,8939,2.093879e-05
jacobi,8940,2.091357e-05
jacobi,8941,2.088838e-05
jacobi,8942,2.086322e-05
jacobi,8943,2.083809e-05
jacobi,8944,2.081299e-05
jacobi,8945,2.078792e-05
jacobi,8946,2.076288e-05
jacobi,8947,2.073787e-05
jacobi,8948,2.071289e-05
jacobi,8949,2.068794e-05
jacobi,8950,2.066302e-05
jacobi,8951,2.063813e-05
jacobi,8952,2.061327e-05
jacobi,8953,2.058844e-05
jacobi,8954,2.056364e-05
jacobi,8955,2.053887e-05
jacobi,8956,2.051413e-05
jacobi,8957,2.048942e-05
jacobi,8958,2.046474e-05
jacobi,8959,2.044009e-05
jacobi,8960,2.041547e-05
jacobi,8961,2.039088e-05
jacobi,8962,2.036631e-05
jacobi,8963,2.034178e-05
jacobi,8964,2.031728e-05
jacobi,8965,2.029281e-05
jacobi,8966,2.026836e-05
jacobi,8967,2.024395e-05
jacobi,8968,2.021956e-05
jacobi,8969,2.019521e-05
jacobi,8970,2.017088e-05
jacobi,8971,2.014659e-05
jacobi,8972,2.012232e-05
jacobi,8973,2.009808e-05
jacobi,8974,2.007387e-05
jacobi,8975,2.004969e-05
jacobi,8976,2.002554e-05
jacobi,8977,2.000142e-05
jacobi,8978,1.997733e-05
jacobi,8979,1.995326e-05
jacobi,8980,1.992923e-05
jacobi,8981,1.990522e-05
jacobi,8982,1.988125e-05
jacobi,8983,1.985730e-05
jacobi,8984,1.983338e-05
jacobi,8985,1.980949e-05
jacobi,8986,1.978563e-05
jacobi,8987,1.976179e-05
jacobi,8988,1.973799e-05
jacobi,8989,1.971422e-05
jacobi,8990,1.969047e-05
jacobi,8991,1.966675e-05
jacobi,8992,1.964306e-05
jacobi,8993,1.961940e-05
jacobi,8994,1.959577e-05
jacobi,8995,1.957216e-05
jacobi,8996,1.954859e-05
jacobi,8997,1.952504e-05
jacobi,8998,1.950152e-05
jacobi,8999,1.947803e-05
jacobi,9000,1.945457e-05
jacobi,9001,1.943114e-05
jacobi,9002,1.940773e-05
jacobi,9003,1.938435e-05
jacobi,9004,1.936100e-05
jacobi,9005,1.933768e-05
jacobi,9006,1.931439e-05
jacobi,9007,1.929112e-05
jacobi,9008,1.926789e-05
jacobi,9009,1.924468e-05
jacobi,9010,1.922150e-05
jacobi,9011,1.919834e-05
jacobi,9012,1.917522e-05
jacobi,9013,1.915212e-05
jacobi,9014,1.912905e-05
jacobi,9015,1.910601e-05
jacobi,9016,1.908300e-05
jacobi,9017,1.906001e-05
jacobi,9018,1.903705e-05
jacobi,9019,1.901412e-05
jacobi,9020,1.899122e-05
jacobi,9021,1.896834e-05
jacobi,9022,1.894549e-05
jacobi,9023,1.892267e-05
jacobi,9024,1.889988e-05
jacobi,9025,1.887711e-05
jacobi,9026,1.885437e-05
jacobi,9027,1.883166e-05
jacobi,9028,1.880898e-05
jacobi,9029,1.878632e-05
jacobi,9030,1.876370e-05
jacobi,9031,1.874109e-05
jacobi,9032,1.871852e-05
jacobi,9033,1.869597e-05
jacobi,9034,1.867345e-05
jacobi,9035,1.865096e-05
jacobi,9036,1.862849e-05
jacobi,9037,1.860605e-05
jacobi,9038,1.858364e-05
jacobi,9039,1.856126e-05
jacobi,9040,1.853890e-05
jacobi,9041,1.851657e-05
jacobi,9042,1.849426e-05
jacobi,9043,1.847199e-05
jacobi,9044,1.844974e-05
jacobi,9045,1.842751e-05
jacobi,9046,1.840532e-05
jacobi,9047,1.838315e-05
jacobi,9048,1.836100e-05
jacobi,9049,1.833889e-05
jacobi,9050,1.831680e-05
jacobi,9051,1.829473e-05
jacobi,9052,1.827270e-05
jacobi,9053,1.825069e-05
jacobi,9054,1.822870e-05
jacobi,9055,1.820675e-05
jacobi,9056,1.818481e-05
jacobi,9057,1.816291e-05
jacobi,9058,1.814103e-05
jacobi,9059,1.811918e-05
jacobi,9060,1.809736e-05
jacobi,9061,1.807556e-05
jacobi,9062,1.805378e-05
jacobi,9063,1.803204e-05
jacobi,9064,1.801032e-05
jacobi,9065,1.798862e-05
jacobi,9066,1.796695e-05
jacobi,9067,1.794531e-05
jacobi,9068,1.792370e-05
jacobi,9069,1.790211e-05
jacobi,9070,1.788054e-05
jacobi,9071,1.785900e-05
jacobi,9072,1.783749e-05
jacobi,9073,1.781601e-05
jacobi,9074,1.779455e-05
jacobi,9075,1.777311e-05
jacobi,9076,1.775170e-05
jacobi,9077,1.773032e-05
jacobi,9078,1.770896e-05
jacobi,9079,1.768763e-05
jacobi,9080,1.766633e-05
jacobi,9081,1.764505e-05
jacobi,9082,1.762379e-05
jacobi,9083,1.760256e-05
jacobi,9084,1.758136e-05
jacobi,9085,1.756018e-05
jacobi,9086,1.753903e-05
jacobi,9087,1.751791e-05
jacobi,9088,1.749680e-05
jacobi,9089,1.747573e-05
jacobi,9090,1.745468e-05
jacobi,9091,1.743365e-05
jacobi,9092,1.741265e-05
jacobi,9093,1.739168e-05
jacobi,9094,1.737073e-05
jacobi,9095,1.734981e-05
jacobi,9096,1.732891e-05
jacobi,9097,1.730803e-05
jacobi,9098,1.728719e-05
jacobi,9099,1.726636e-05
jacobi,9100,1.724556e-05
jacobi,9101,1.722479e-05
jacobi,9102,1.720404e-05
jacobi,9103,1.718332e-05
jacobi,9104,1.716262e-05
jacobi,9105,1.714195e-05
jacobi,9106,1.712130e-05
jacobi,9107,1.710068e-05
jacobi,9108,1.708008e-05
jacobi,9109,1.705951e-05
jacobi,9110,1.703896e-05
jacobi,9111,1.701843e-05
jacobi,9112,1.699793e-05
jacobi,9113,1.697746e-05
jacobi,9114,1.695701e-05
jacobi,9115,1.693658e-05
jacobi,9116,1.691618e-05
jacobi,9117,1.689581e-05
jacobi,9118,1.687545e-05
jacobi,9119,1.685513e-05
jacobi,9120,1.683482e-05
jacobi,9121,1.681455e-05
jacobi,9122,1.679429e-05
jacobi,9123,1.677406e-05
jacobi,9124,1.675386e-05
jacobi,9125,1.673368e-05
jacobi,9126,1.671352e-05
jacobi,9127,1.669339e-05
jacobi,9128,1.667328e-05
jacobi,9129,1.665320e-05
jacobi,9130,1.663314e-05
jacobi,9131,1.661310e-05
jacobi,9132,1.659309e-05
jacobi,9133,1.657310e-05
jacobi,9134,1.655314e-05
jacobi,9135,1.653320e-05
jacobi,9136,1.651329e-05
jacobi,9137,1.649340e-05
jacobi,9138,1.647353e-05
jacobi,9139,1.645369e-05
jacobi,9140,1.643387e-05
jacobi,9141,1.641407e-05
jacobi,9142,1.639430e-05
jacobi,9143,1.637455e-05
jacobi,9144,1.635483e-05
jacobi,9145,1.633513e-05
jacobi,9146,1.631545e-05
jacobi,9147,1.629580e-05
jacobi,9148,1.627617e-05
jacobi,9149,1.625656e-05
jacobi,9150,1.623698e-05
jacobi,9151,1.621742e-05
jacobi,9152,1.619789e-05
jacobi,9153,1.617838e-05
jacobi,9154,1.615889e-05
jacobi,9155,1.613943e-05
jacobi,9156,1.611999e-05
jacobi,9157,1.610057e-05
jacobi,9158,1.608118e-05
jacobi,9159,1.606180e-05
jacobi,9160,1.604246e-05
jacobi,9161,1.602313e-05
jacobi,9162,1.600383e-05
jacobi,9163,1.598456e-05
jacobi,9164,1.596530e-05
jacobi,9165,1.594607e-05
jacobi,9166,1.592686e-05
jacobi,9167,1.590768e-05
jacobi,9168,1.588852e-05
jacobi,9169,1.586938e-05
jacobi,9170,1.585026e-05
jacobi,9171,1.583117e-05
jacobi,9172,1.581210e-05
jacobi,9173,1.579306e-05
jacobi,9174,1.577403e-05
jacobi,9175,1.575503e-05
jacobi,9176,1.573605e-05
jacobi,9177,1.571710e-05
jacobi,9178,1.569817e-05
jacobi,9179,1.567926e-05
jacobi,9180,1.566037e-05
jacobi,9181,1.564151e-05
jacobi,9182,1.562267e-05
jacobi,9183,1.560385e-05
jacobi,9184,1.558505e-05
jacobi,9185,1.556628e-05
jacobi,9186,1.554753e-05
jacobi,9187,1.552880e-05
jacobi,9188,1.551010e-05
jacobi,9189,1.549141e-05
jacobi,9190,1.547275e-05
jacobi,9191,1.545412e-05
jacobi,9192,1.543550e-05
jacobi,9193,1.541691e-05
jacobi,9194,1.539834e-05
jacobi,9195,1.537979e-05
jacobi,9196,1.536127e-05
jacobi,9197,1.534276e-05
jacobi,9198,1.532428e-05
jacobi,9199,1.530582e-05
jacobi,9200,1.528739e-05
jacobi,9201,1.526897e-05
jacobi,9202,1.525058e-05
jacobi,9203,1.523221e-05
jacobi,9204,1.521386e-05
jacobi,9205,1.519554e-05
jacobi,9206,1.517723e-05
jacobi,9207,1.515895e-05
jacobi,9208,1.514069e-05
jacobi,9209,1.512245e-05
jacobi,9210,1.510424e-05
jacobi,9211,1.508604e-05
jacobi,9212,1.506787e-05
jacobi,9213,1.504972e-05
jacobi,9214,1.503159e-05
jacobi,9215,1.501349e-05
jacobi,9216,1.499540e-05
jacobi,9217,1.497734e-05
jacobi,9218,1.495930e-05
jacobi,9219,1.494128e-05
jacobi,9220,1.492328e-05
jacobi,9221,1.490531e-05
jacobi,9222,1.488735e-05
jacobi,9223,1.486942e-05
jacobi,9224,1.485151e-05
jacobi,9225,1.483362e-05
jacobi,9226,1.481575e-05
jacobi,9227,1.479791e-05
jacobi,9228,1.478008e-05
jacobi,9229,1.476228e-05
jacobi,9230,1.474450e-05
jacobi,9231,1.472674e-05
jacobi,9232,1.470900e-05
jacobi,9233,1.469128e-05
jacobi,9234,1.467358e-05
jacobi,9235,1.465591e-05
jacobi,9236,1.463826e-05
jacobi,9237,1.462062e-05
jacobi,9238,1.460301e-05
jacobi,9239,1.458542e-05
jacobi,9240,1.456785e-05
jacobi,9241,1.455031e-05
jacobi,9242,1.453278e-05
jacobi,9243,1.451527e-05
jacobi,9244,1.449779e-05
jacobi,9245,1.448033e-05
jacobi,9246,1.446288e-05
jacobi,9247,1.444546e-05
jacobi,9248,1.442806e-05
jacobi,9249,1.441068e-05
jacobi,9250,1.439332e-05
jacobi,9251,1.437599e-05
jacobi,9252,1.435867e-05
jacobi,9253,1.434138e-05
jacobi,9254,1.432410e-05
jacobi,9255,1.430685e-05
jacobi,9256,1.428961e-05
jacobi,9257,1.427240e-05
jacobi,9258,1.425521e-05
jacobi,9259,1.423804e-05
jacobi,9260,1.422089e-05
jacobi,9261,1.420376e-05
jacobi,9262,1.418665e-05
jacobi,9263,1.416956e-05
jacobi,9264,1.415249e-05
jacobi,9265,1.413545e-05
jacobi,9266,1.411842e-05
jacobi,9267,1.410141e-05
jacobi,9268,1.408443e-05
jacobi,9269,1.406746e-05
jacobi,9270,1.405052e-05
jacobi,9271,1.403359e-05
jacobi,9272,1.401669e-05
jacobi,9273,1.399980e-05
jacobi,9274,1.398294e-05
jacobi,9275,1.396610e-05
jacobi,9276,1.394927e-05
jacobi,9277,1.393247e-05
jacobi,9278,1.391569e-05
jacobi,9279,1.389893e-05
jacobi,9280,1.388219e-05
jacobi,9281,1.386546e-05
jacobi,9282,1.384876e-05
jacobi,9283,1.383208e-05
jacobi,9284,1.381542e-05
jacobi,9285,1.379878e-05
jacobi,9286,1.378216e-05
jacobi,9287,1.376556e-05
jacobi,9288,1.374898e-05
jacobi,9289,1.373241e-05
jacobi,9290,1.371587e-05
jacobi,9291,1.369935e-05
jacobi,9292,1.368285e-05
jacobi,9293,1.366637e-05
jacobi,9294,1.364991e-05
jacobi,9295,1.363346e-05
jacobi,9296,1.361704e-05
jacobi,9297,1.360064e-05
jacobi,9298,1.358426e-05
jacobi,9299,1.356789e-05
jacobi,9300,1.355155e-05
jacobi,9301,1.353523e-05
jacobi,9302,1.351892e-05
jacobi,9303,1.350264e-05
jacobi,9304,1.348638e-05
jacobi,9305,1.347013e-05
jacobi,9306,1.345391e-05
jacobi,9307,1.343770e-05
jacobi,9308,1.342151e-05
jacobi,9309,1.340535e-05
jacobi,9310,1.338920e-05
jacobi,9311,1.337307e-05
jacobi,9312,1.335696e-05
jacobi,9313,1.334087e-05
jacobi,9314,1.332480e-05
jacobi,9315,1.330875e-05
jacobi,9316,1.329272e-05
jacobi,9317,1.327671e-05
jacobi,9318,1.326072e-05
jacobi,9319,1.324475e-05
jacobi,9320,1.322879e-05
jacobi,9321,1.321286e-05
jacobi,9322,1.319694e-05
jacobi,9323,1.318105e-05
jacobi,9324,1.316517e-05
jacobi,9325,1.314931e-05
jacobi,9326,1.313347e-05
jacobi,9327,1.311765e-05
jacobi,9328,1.310185e-05
jacobi,9329,1.308607e-05
jacobi,9330,1.307031e-05
jacobi,9331,1.305456e-05
jacobi,9332,1.303884e-05
jacobi,9333,1.302313e-05
jacobi,9334,1.300744e-05
jacobi,9335,1.299178e-05
jacobi,9336,1.297613e-05
jacobi,9337,1.296050e-05
jacobi,9338,1.294489e-05
jacobi,9339,1.292929e-05
jacobi,9340,1.291372e-05
jacobi,9341,1.289816e-05
jacobi,9342,1.288263e-05
jacobi,9343,1.286711e-05
jacobi,9344,1.285161e-05
jacobi,9345,1.283613e-05
jacobi,9346,1.282067e-05
jacobi,9347,1.280523e-05
jacobi,9348,1.278980e-05
jacobi,9349,1.277440e-05
jacobi,9350,1.275901e-05
jacobi,9351,1.274364e-05
jacobi,9352,1.272829e-05
jacobi,9353,1.271296e-05
jacobi,9354,1.269764e-05
jacobi,9355,1.268235e-05
jacobi,9356,1.266707e-05
jacobi,9357,1.265181e-05
jacobi,9358,1.263658e-05
jacobi,9359,1.262135e-05
jacobi,9360,1.260615e-05
jacobi,9361,1.259097e-05
jacobi,9362,1.257580e-05
jacobi,9363,1.256065e-05
jacobi,9364,1.254552e-05
jacobi,9365,1.253041e-05
jacobi,9366,1.251532e-05
jacobi,9367,1.250024e-05
jacobi,9368,1.248518e-05
jacobi,9369,1.247015e-05
jacobi,9370,1.245512e-05
jacobi,9371,1.244012e-05
jacobi,9372,1.242514e-05
jacobi,9373,1.241017e-05
jacobi,9374,1.239522e-05
jacobi,9375,1.238029e-05
jacobi,9376,1.236538e-05
jacobi,9377,1.235048e-05
jacobi,9378,1.233561e-05
jacobi,9379,1.232075e-05
jacobi,9380,1.230591e-05
jacobi,9381,1.229108e-05
jacobi,9382,1.227628e-05
jacobi,9383,1.226149e-05
jacobi,9384,1.224672e-05
jacobi,9385,1.223197e-05
jacobi,9386,1.221724e-05
jacobi,9387,1.220252e-05
jacobi,9388,1.218782e-05
jacobi,9389,1.217314e-05
jacobi,9390,1.215848e-05
jacobi,9391,1.214383e-05
jacobi,9392,1.212921e-05
jacobi,9393,1.211460e-05
jacobi,9394,1.210000e-05
jacobi,9395,1.208543e-05
jacobi,9396,1.207087e-05
jacobi,9397,1.205633e-05
jacobi,9398,1.204181e-05
jacobi,9399,1.202730e-05
jacobi,9400,1.201282e-05
jacobi,9401,1.199835e-05
jacobi,9402,1.198389e-05
jacobi,9403,1.196946e-05
jacobi,9404,1.195504e-05
jacobi,9405,1.194064e-05
jacobi,9406,1.192626e-05
jacobi,9407,1.191189e-05
jacobi,9408,1.189754e-05
jacobi,9409,1.188321e-05
jacobi,9410,1.186890e-05
jacobi,9411,1.185460e-05
jacobi,9412,1.184032e-05
jacobi,9413,1.182606e-05
jacobi,9414,1.181181e-05
jacobi,9415,1.179759e-05
jacobi,9416,1.178338e-05
jacobi,9417,1.176918e-05
jacobi,9418,1.175501e-05
jacobi,9419,1.174085e-05
jacobi,9420,1.172670e-05
jacobi,9421,1.171258e-05
jacobi,9422,1.169847e-05
jacobi,9423,1.168438e-05
jacobi,9424,1.167030e-05
jacobi,9425,1.165625e-05
jacobi,9426,1.164221e-05
jacobi,9427,1.162818e-05
jacobi,9428,1.161418e-05
jacobi,9429,1.160019e-05
jacobi,9430,1.158621e-05
jacobi,9431,1.157226e-05
jacobi,9432,1.155832e-05
jacobi,9433,1.154440e-05
jacobi,9434,1.153049e-05
jacobi,9435,1.151660e-05
jacobi,9436,1.150273e-05
jacobi,9437,1.148887e-05
jacobi,9438,1.147503e-05
jacobi,9439,1.146121e-05
jacobi,9440,1.144741e-05
jacobi,9441,1.143362e-05
jacobi,9442,1.141985e-05
jacobi,9443,1.140609e-05
jacobi,9444,1.139235e-05
jacobi,9445,1.137863e-05
jacobi,9446,1.136492e-05
jacobi,9447,1.135123e-05
jacobi,9448,1.133756e-05
jacobi,9449,1.132390e-05
jacobi,9450,1.131026e-05
jacobi,9451,1.129664e-05
jacobi,9452,1.128303e-05
jacobi,9453,1.126944e-05
jacobi,9454,1.125587e-05
jacobi,9455,1.124231e-05
jacobi,9456,1.122877e-05
jacobi,9457,1.121524e-05
jacobi,9458,1.120173e-05
jacobi,9459,1.118824e-05
jacobi,9460,1.117476e-05
jacobi,9461,1.116130e-05
jacobi,9462,1.114786e-05
jacobi,9463,1.113443e-05
jacobi,9464,1.112102e-05
jacobi,9465,1.110762e-05
jacobi,9466,1.109424e-05
jacobi,9467,1.108088e-05
jacobi,9468,1.106753e-05
jacobi,9469,1.105420e-05
jacobi,9470,1.104088e-05
jacobi,9471,1.102759e-05
jacobi,9472,1.101430e-05
jacobi,9473,1.100103e-05
jacobi,9474,1.098778e-05
jacobi,9475,1.097455e-05
jacobi,9476,1.096133e-05
jacobi,9477,1.094813e-05
jacobi,9478,1.093494e-05
jacobi,9479,1.092177e-05
jacobi,9480,1.090861e-05
jacobi,9481,1.089547e-05
jacobi,9482,1.088235e-05
jacobi,9483,1.086924e-05
jacobi,9484,1.085615e-05
jacobi,9485,1.084307e-05
jacobi,9486,1.083001e-05
jacobi,9487,1.081696e-05
jacobi,9488,1.080393e-05
jacobi,9489,1.079092e-05
jacobi,9490,1.077792e-05
jacobi,9491,1.076494e-05
jacobi,9492,1.075197e-05
jacobi,9493,1.073902e-05
jacobi,9494,1.072609e-05
jacobi,9495,1.071317e-05
jacobi,9496,1.070026e-05
jacobi,9497,1.068737e-05
jacobi,9498,1.067450e-05
jacobi,9499,1.066164e-05
jacobi,9500,1.064880e-05
jacobi,9501,1.063597e-05
jacobi,9502,1.062316e-05
jacobi,9503,1.061036e-05
jacobi,9504,1.059758e-05
jacobi,9505,1.058482e-05
jacobi,9506,1.057207e-05
jacobi,9507,1.055933e-05
jacobi,9508,1.054661e-05
jacobi,9509,1.053391e-05
jacobi,9510,1.052122e-05
jacobi,9511,1.050855e-05
jacobi,9512,1.049589e-05
jacobi,9513,1.048325e-05
jacobi,9514,1.047062e-05
jacobi,9515,1.045801e-05
jacobi,9516,1.044541e-05
jacobi,9517,1.043283e-05
jacobi,9518,1.042026e-05
jacobi,9519,1.040771e-05
jacobi,9520,1.039517e-05
jacobi,9521,1.038265e-05
jacobi,9522,1.037015e-05
jacobi,9523,1.035766e-05
jacobi,9524,1.034518e-05
jacobi,9525,1.033272e-05
jacobi,9526,1.032027e-05
jacobi,9527,1.030784e-05
jacobi,9528,1.029542e-05
jacobi,9529,1.028302e-05
jacobi,9530,1.027064e-05
jacobi,9531,1.025826e-05
jacobi,9532,1.024591e-05
jacobi,9533,1.023357e-05
jacobi,9534,1.022124e-05
jacobi,9535,1.020893e-05
jacobi,9536,1.019663e-05
jacobi,9537,1.018435e-05
jacobi,9538,1.017208e-05
jacobi,9539,1.015983e-05
jacobi,9540,1.014759e-05
jacobi,9541,1.013537e-05
jacobi,9542,1.012316e-05
jacobi,9543,1.011096e-05
jacobi,9544,1.009879e-05
jacobi,9545,1.008662e-05
jacobi,9546,1.007447e-05
jacobi,9547,1.006234e-05
jacobi,9548,1.005022e-05
jacobi,9549,1.003811e-05
jacobi,9550,1.002602e-05
jacobi,9551,1.001394e-05
jacobi,9552,1.000188e-05
jacobi,9553,9.989832e-06
jacobi,9554,9.977799e-06
jacobi,9555,9.965780e-06
jacobi,9556,9.953776e-06
jacobi,9557,9.941786e-06
jacobi,9558,9.929811e-06
jacobi,9559,9.917850e-06
jacobi,9560,9.905903e-06
jacobi,9561,9.893971e-06
jacobi,9562,9.882054e-06
jacobi,9563,9.870150e-06
jacobi,9564,9.858261e-06
jacobi,9565,9.846386e-06
jacobi,9566,9.834526e-06
jacobi,9567,9.822680e-06
jacobi,9568,9.810848e-06
jacobi,9569,9.799030e-06
jacobi,9570,9.787227e-06
jacobi,9571,9.775438e-06
jacobi,9572,9.763663e-06
jacobi,9573,9.751902e-06
jacobi,9574,9.740156e-06
jacobi,9575,9.728423e-06
jacobi,9576,9.716705e-06
jacobi,9577,9.705001e-06
jacobi,9578,9.693311e-06
jacobi,9579,9.681635e-06
jacobi,9580,9.669973e-06
jacobi,9581,9.658325e-06
jacobi,9582,9.646691e-06
jacobi,9583,9.635071e-06
jacobi,9584,9.623465e-06
jacobi,9585,9.611873e-06
jacobi,9586,9.600295e-06
jacobi,9587,9.588731e-06
jacobi,9588,9.577181e-06
jacobi,9589,9.565645e-06
jacobi,9590,9.554123e-06
jacobi,9591,9.542615e-06
jacobi,9592,9.531120e-06
jacobi,9593,9.519639e-06
jacobi,9594,9.508173e-06
jacobi,9595,9.496720e-06
jacobi,9596,9.485280e-06
jacobi,9597,9.473855e-06
jacobi,9598,9.462443e-06
jacobi,9599,9.451045e-06
jacobi,9600,9.439661e-06
jacobi,9601,9.428291e-06
jacobi,9602,9.416934e-06
jacobi,9603,9.405591e-06
jacobi,9604,9.394261e-06
jacobi,9605,9.382946e-06
jacobi,9606,9.371643e-06
jacobi,9607,9.360355e-06
jacobi,9608,9.349080e-06
jacobi,9609,9.337818e-06
jacobi,9610,9.326571e-06
jacobi,9611,9.315336e-06
jacobi,9612,9.304116e-06
jacobi,9613,9.292908e-06
jacobi,9614,9.281715e-06
jacobi,9615,9.270535e-06
jacobi,9616,9.259368e-06
jacobi,9617,9.248214e-06
jacobi,9618,9.237075e-06
jacobi,9619,9.225948e-06
jacobi,9620,9.214835e-06
jacobi,9621,9.203735e-06
jacobi,9622,9.192649e-06
jacobi,9623,9.181576e-06
jacobi,9624,9.170517e-06
jacobi,9625,9.159470e-06
jacobi,9626,9.148437e-06
jacobi,9627,9.137418e-06
jacobi,9628,9.126411e-06
jacobi,9629,9.115418e-06
jacobi,9630,9.104438e-06
jacobi,9631,9.093471e-06
jacobi,9632,9.082518e-06
jacobi,9633,9.071578e-06
jacobi,9634,9.060650e-06
jacobi,9635,9.049737e-06
jacobi,9636,9.038836e-06
jacobi,9637,9.027948e-06
jacobi,9638,9.017073e-06
jacobi,9639,9.006212e-06
jacobi,9640,8.995364e-06
jacobi,9641,8.984528e-06
jacobi,9642,8.973706e-06
jacobi,9643,8.962897e-06
jacobi,9644,8.952101e-06
jacobi,9645,8.941317e-06
jacobi,9646,8.930547e-06
jacobi,9647,8.919790e-06
jacobi,9648,8.909046e-06
jacobi,9649,8.898314e-06
jacobi,9650,8.887596e-06
jacobi,9651,8.876890e-06
jacobi,9652,8.866198e-06
jacobi,9653,8.855518e-06
jacobi,9654,8.844851e-06
jacobi,9655,8.834197e-06
jacobi,9656,8.823556e-06
jacobi,9657,8.812928e-06
jacobi,9658,8.802312e-06
jacobi,9659,8.791709e-06
jacobi,9660,8.781119e-06
jacobi,9661,8.770542e-06
jacobi,9662,8.759978e-06
jacobi,9663,8.749426e-06
jacobi,9664,8.738887e-06
jacobi,9665,8.728360e-06
jacobi,9666,8.717847e-06
jacobi,9667,8.707346e-06
jacobi,9668,8.696857e-06
jacobi,9669,8.686382e-06
jacobi,9670,8.675918e-06
jacobi,9671,8.665468e-06
jacobi,9672,8.655030e-06
jacobi,9673,8.644605e-06
jacobi,9674,8.634192e-06
jacobi,9675,8.623792e-06
jacobi,9676,8.613404e-06
jacobi,9677,8.603029e-06
jacobi,9678,8.592666e-06
jacobi,9679,8.582316e-06
jacobi,9680,8.571978e-06
jacobi,9681,8.561653e-06
jacobi,9682,8.551340e-06
jacobi,9683,8.541039e-06
jacobi,9684,8.530751e-06
jacobi,9685,8.520476e-06
jacobi,9686,8.510212e-06
jacobi,9687,8.499961e-06
jacobi,9688,8.489723e-06
jacobi,9689,8.479496e-06
jacobi,9690,8.469283e-06
jacobi,9691,8.459081e-06
jacobi,9692,8.448892e-06
jacobi,9693,8.438715e-06
jacobi,9694,8.428550e-06
jacobi,9695,8.418397e-06
jacobi,9696,8.408257e-06
jacobi,9697,8.398129e-06
jacobi,9698,8.388013e-06
jacobi,9699,8.377909e-06
jacobi,9700,8.367818e-06
jacobi,9701,8.357738e-06
jacobi,9702,8.347671e-06
jacobi,9703,8.337616e-06
jacobi,9704,8.327573e-06
jacobi,9705,8.317542e-06
jacobi,9706,8.307523e-06
jacobi,9707,8.297516e-06
jacobi,9708,8.287521e-06
jacobi,9709,8.277539e-06
jacobi,9710,8.267568e-06
jacobi,9711,8.257609e-06
jacobi,9712,8.247663e-06
jacobi,9713,8.237728e-06
jacobi,9714,8.227805e-06
jacobi,9715,8.217895e-06
jacobi,9716,8.207996e-06
jacobi,9717,8.198109e-06
jacobi,9718,8.188234e-06
jacobi,9719,8.178371e-06
jacobi,9720,8.168520e-06
jacobi,9721,8.158680e-06
jacobi,9722,8.148853e-06
jacobi,9723,8.139037e-06
jacobi,9724,8.129233e-06
jacobi,9725,8.119441e-06
jacobi,9726,8.109661e-06
jacobi,9727,8.099893e-06
jacobi,9728,8.090136e-06
jacobi,9729,8.080391e-06
jacobi,9730,8.070658e-06
jacobi,9731,8.060936e-06
jacobi,9732,8.051227e-06
jacobi,9733,8.041529e-06
jacobi,9734,8.031842e-06
jacobi,9735,8.022168e-06
jacobi,9736,8.012505e-06
jacobi,9737,8.002853e-06
jacobi,9738,7.993213e-06
jacobi,9739,7.983585e-06
jacobi,9740,7.973969e-06
jacobi,9741,7.964364e-06
jacobi,9742,7.954770e-06
jacobi,9743,7.945188e-06
jacobi,9744,7.935618e-06
jacobi,9745,7.926059e-06
jacobi,9746,7.916512e-06
jacobi,9747,7.906976e-06
jacobi,9748,7.897452e-06
jacobi,9749,7.887939e-06
jacobi,9750,7.878438e-06
jacobi,9751,7.868948e-06
jacobi,9752,7.859469e-06
jacobi,9753,7.850002e-06
jacobi,9754,7.840546e-06
jacobi,9755,7.831102e-06
jacobi,9756,7.821669e-06
jacobi,9757,7.812248e-06
jacobi,9758,7.802838e-06
jacobi,9759,7.793439e-06
jacobi,9760,7.784051e-06
jacobi,9761,7.774675e-06
jacobi,9762,7.765310e-06
jacobi,9763,7.755956e-06
jacobi,9764,7.746614e-06
jacobi,9765,7.737283e-06
jacobi,9766,7.727963e-06
jacobi,9767,7.718654e-06
jacobi,9768,7.709357e-06
jacobi,9769,7.700070e-06
jacobi,9770,7.690795e-06
jacobi,9771,7.681532e-06
jacobi,9772,7.672279e-06
jacobi,9773,7.663037e-06
jacobi,9774,7.653807e-06
jacobi,9775,7.644587e-06
jacobi,9776,7.635379e-06
jacobi,9777,7.626182e-06
jacobi,9778,7.616996e-06
jacobi,9779,7.607821e-06
jacobi,9780,7.598657e-06
jacobi,9781,7.589504e-06
jacobi,9782,7.580362e-06
jacobi,9783,7.571231e-06
jacobi,9784,7.562111e-06
jacobi,9785,7.553002e-06
jacobi,9786,7.543905e-06
jacobi,9787,7.534818e-06
jacobi,9788,7.525742e-06
jacobi,9789,7.516677e-06
jacobi,9790,7.507622e-06
jacobi,9791,7.498579e-06
jacobi,9792,7.489547e-06
jacobi,9793,7.480525e-06
jacobi,9794,7.471515e-06
jacobi,9795,7.462515e-06
jacobi,9796,7.453526e-06
jacobi,9797,7.444548e-06
jacobi,9798,7.435581e-06
jacobi,9799,7.426624e-06
jacobi,9800,7.417678e-06
jacobi,9801,7.408743e-06
jacobi,9802,7.399819e-06
jacobi,9803,7.390906e-06
jacobi,9804,7.382003e-06
jacobi,9805,7.373111e-06
jacobi,9806,7.364230e-06
jacobi,9807,7.355359e-06
jacobi,9808,7.346500e-06
jacobi,9809,7.337650e-06
jacobi,9810,7.328812e-06
jacobi,9811,7.319984e-06
jacobi,9812,7.311167e-06
jacobi,9813,7.302360e-06
jacobi,9814,7.293564e-06
jacobi,9815,7.284779e-06
jacobi,9816,7.276004e-06
jacobi,9817,7.267240e-06
jacobi,9818,7.258486e-06
jacobi,9819,7.249743e-06
jacobi,9820,7.241010e-06
jacobi,9821,7.232288e-06
jacobi,9822,7.223576e-06
jacobi,9823,7.214875e-06
jacobi,9824,7.206185e-06
jacobi,9825,7.197505e-06
jacobi,9826,7.188835e-06
jacobi,9827,7.180176e-06
jacobi,9828,7.171527e-06
jacobi,9829,7.162888e-06
jacobi,9830,7.154260e-06
jacobi,9831,7.145643e-06
jacobi,9832,7.137035e-06
jacobi,9833,7.128439e-06
jacobi,9834,7.119852e-06
jacobi,9835,7.111276e-06
jacobi,9836,7.102710e-06
jacobi,9837,7.094154e-06
jacobi,9838,7.085609e-06
jacobi,9839,7.077074e-06
jacobi,9840,7.068550e-06
jacobi,9841,7.060035e-06
jacobi,9842,7.051531e-06
jacobi,9843,7.043037e-06
jacobi,9844,7.034554e-06
jacobi,9845,7.026080e-06
jacobi,9846,7.017617e-06
jacobi,9847,7.009164e-06
jacobi,9848,7.000721e-06
jacobi,9849,6.992288e-06
jacobi,9850,6.983866e-06
jacobi,9851,6.975454e-06
jacobi,9852,6.967051e-06
jacobi,9853,6.958659e-06
jacobi,9854,6.950277e-06
jacobi,9855,6.941905e-06
jacobi,9856,6.933543e-06
jacobi,9857,6.925192e-06
jacobi,9858,6.916850e-06
jacobi,9859,6.908518e-06
jacobi,9860,6.900197e-06
jacobi,9861,6.891885e-06
jacobi,9862,6.883584e-06
jacobi,9863,6.875292e-06
jacobi,9864,6.867010e-06
jacobi,9865,6.858739e-06
jacobi,9866,6.850477e-06
jacobi,9867,6.842225e-06
jacobi,9868,6.833984e-06
jacobi,9869,6.825752e-06
jacobi,9870,6.817530e-06
jacobi,9871,6.809318e-06
jacobi,9872,6.801116e-06
jacobi,9873,6.792924e-06
jacobi,9874,6.784741e-06
jacobi,9875,6.776569e-06
jacobi,9876,6.768406e-06
jacobi,9877,6.760253e-06
jacobi,9878,6.752110e-06
jacobi,9879,6.743977e-06
jacobi,9880,6.735854e-06
jacobi,9881,6.727740e-06
jacobi,9882,6.719636e-06
jacobi,9883,6.711542e-06
jacobi,9884,6.703458e-06
jacobi,9885,6.695383e-06
jacobi,9886,6.687318e-06
jacobi,9887,6.679263e-06
jacobi,9888,6.671217e-06
jacobi,9889,6.663182e-06
jacobi,9890,6.655156e-06
jacobi,9891,6.647139e-06
jacobi,9892,6.639132e-06
jacobi,9893,6.631135e-06
jacobi,9894,6.623148e-06
jacobi,9895,6.615170e-06
jacobi,9896,6.607202e-06
jacobi,9897,6.599243e-06
jacobi,9898,6.591294e-06
jacobi,9899,6.583354e-06
jacobi,9900,6.575424e-06
jacobi,9901,6.567504e-06
jacobi,9902,6.559593e-06
jacobi,9903,6.551692e-06
jacobi,9904,6.543800e-06
jacobi,9905,6.535918e-06
jacobi,9906,6.528045e-06
jacobi,9907,6.520182e-06
jacobi,9908,6.512328e-06
jacobi,9909,6.504483e-06
jacobi,9910,6.496649e-06
jacobi,9911,6.488823e-06
jacobi,9912,6.481007e-06
jacobi,9913,6.473200e-06
jacobi,9914,6.465403e-06
jacobi,9915,6.457615e-06
jacobi,9916,6.449837e-06
jacobi,9917,6.442068e-06
jacobi,9918,6.434308e-06
jacobi,9919,6.426557e-06
jacobi,9920,6.418816e-06
jacobi,9921,6.411085e-06
jacobi,9922,6.403362e-06
jacobi,9923,6.395649e-06
jacobi,9924,6.387945e-06
jacobi,9925,6.380251e-06
jacobi,9926,6.372565e-06
jacobi,9927,6.364889e-06
jacobi,9928,6.357223e-06
jacobi,9929,6.349565e-06
jacobi,9930,6.341917e-06
jacobi,9931,6.334278e-06
jacobi,9932,6.326648e-06
jacobi,9933,6.319027e-06
jacobi,9934,6.311415e-06
jacobi,9935,6.303813e-06
jacobi,9936,6.296220e-06
jacobi,9937,6.288636e-06
jacobi,9938,6.281061e-06
jacobi,9939,6.273495e-06
jacobi,9940,6.265938e-06
jacobi,9941,6.258391e-06
jacobi,9942,6.250852e-06
jacobi,9943,6.243323e-06
jacobi,9944,6.235802e-06
jacobi,9945,6.228291e-06
jacobi,9946,6.220789e-06
jacobi,9947,6.213296e-06
jacobi,9948,6.205811e-06
jacobi,9949,6.198336e-06
jacobi,9950,6.190870e-06
jacobi,9951,6.183413e-06
jacobi,9952,6.175965e-06
jacobi,9953,6.168526e-06
jacobi,9954,6.161095e-06
jacobi,9955,6.153674e-06
jacobi,9956,6.146262e-06
jacobi,9957,6.138858e-06
jacobi,9958,6.131464e-06
jacobi,9959,6.124078e-06
jacobi,9960,6.116701e-06
jacobi,9961,6.109333e-06
jacobi,9962,6.101974e-06
jacobi,9963,6.094624e-06
jacobi,9964,6.087283e-06
jacobi,9965,6.079951e-06
jacobi,9966,6.072627e-06
jacobi,9967,6.065312e-06
jacobi,9968,6.058006e-06
jacobi,9969,6.050709e-06
jacobi,9970,6.043421e-06
jacobi,9971,6.036141e-06
jacobi,9972,6.028871e-06
jacobi,9973,6.021609e-06
jacobi,9974,6.014355e-06
jacobi,9975,6.007111e-06
jacobi,9976,5.999875e-06
jacobi,9977,5.992648e-06
jacobi,9978,5.985429e-06
jacobi,9979,5.978220e-06
jacobi,9980,5.971019e-06
jacobi,9981,5.963826e-06
jacobi,9982,5.956643e-06
jacobi,9983,5.949468e-06
jacobi,9984,5.942301e-06
jacobi,9985,5.935143e-06
jacobi,9986,5.927994e-06
jacobi,9987,5.920854e-06
jacobi,9988,5.913722e-06
jacobi,9989,5.906599e-06
jacobi,9990,5.899484e-06
jacobi,9991,5.892378e-06
jacobi,9992,5.885280e-06
jacobi,9993,5.878191e-06
jacobi,9994,5.871110e-06
jacobi,9995,5.864038e-06
jacobi,9996,5.856975e-06
jacobi,9997,5.849920e-06
jacobi,9998,5.842873e-06
jacobi,9999,5.835835e-06
jacobi,10000,5.828806e-06
jacobi,10001,5.821785e-06
jacobi,10002,5.814772e-06
jacobi,10003,5.807768e-06
jacobi,10004,5.800772e-06
jacobi,10005,5.793785e-06
jacobi,10006,5.786806e-06
jacobi,10007,5.779836e-06
jacobi,10008,5.772874e-06
jacobi,10009,5.765920e-06
jacobi,10010,5.758975e-06
jacobi,10011,5.752038e-06
jacobi,10012,5.745109e-06
jacobi,10013,5.738189e-06
jacobi,10014,5.731277e-06
jacobi,10015,5.724373e-06
jacobi,10016,5.717478e-06
jacobi,10017,5.710591e-06
jacobi,10018,5.703713e-06
jacobi,10019,5.696842e-06
jacobi,10020,5.689980e-06
jacobi,10021,5.683126e-06
jacobi,10022,5.676281e-06
jacobi,10023,5.669443e-06
jacobi,10024,5.662614e-06
jacobi,10025,5.655793e-06
jacobi,10026,5.648981e-06
jacobi,10027,5.642176e-06
jacobi,10028,5.635380e-06
jacobi,10029,5.628592e-06
jacobi,10030,5.621812e-06
jacobi,10031,5.615040e-06
jacobi,10032,5.608277e-06
jacobi,10033,5.601521e-06
jacobi,10034,5.594774e-06
jacobi,10035,5.588035e-06
jacobi,10036,5.581304e-06
jacobi,10037,5.574581e-06
jacobi,10038,5.567866e-06
jacobi,10039,5.561159e-06
jacobi,10040,5.554461e-06
jacobi,10041,5.547770e-06
jacobi,10042,5.541088e-06
jacobi,10043,5.534413e-06
jacobi,10044,5.527747e-06
jacobi,10045,5.521088e-06
jacobi,10046,5.514438e-06
jacobi,10047,5.507796e-06
jacobi,10048,5.501161e-06
jacobi,10049,5.494535e-06
jacobi,10050,5.487916e-06
jacobi,10051,5.481306e-06
jacobi,10052,5.474703e-06
jacobi,10053,5.468109e-06
jacobi,10054,5.461522e-06
jacobi,10055,5.454944e-06
jacobi,10056,5.448373e-06
jacobi,10057,5.441810e-06
jacobi,10058,5.435255e-06
jacobi,10059,5.428708e-06
jacobi,10060,5.422169e-06
jacobi,10061,5.415638e-06
jacobi,10062,5.409115e-06
jacobi,10063,5.402599e-06
jacobi,10064,5.396091e-06
jacobi,10065,5.389592e-06
jacobi,10066,5.383100e-06
jacobi,10067,5.376615e-06
jacobi,10068,5.370139e-06
jacobi,10069,5.363670e-06
jacobi,10070,5.357210e-06
jacobi,10071,5.350757e-06
jacobi,10072,5.344311e-06
jacobi,10073,5.337874e-06
jacobi,10074,5.331444e-06
jacobi,10075,5.325022e-06
jacobi,10076,5.318608e-06
jacobi,10077,5.312202e-06
jacobi,10078,5.305803e-06
jacobi,10079,5.299412e-06
jacobi,10080,5.293028e-06
jacobi,10081,5.286653e-06
jacobi,10082,5.280285e-06
jacobi,10083,5.273924e-06
jacobi,10084,5.267572e-06
jacobi,10085,5.261227e-06
jacobi,10086,5.254889e-06
jacobi,10087,5.248560e-06
jacobi,10088,5.242237e-06
jacobi,10089,5.235923e-06
jacobi,10090,5.229616e-06
jacobi,10091,5.223317e-06
jacobi,10092,5.217025e-06
jacobi,10093,5.210741e-06
jacobi,10094,5.204464e-06
jacobi,10095,5.198195e-06
jacobi,10096,5.191934e-06
jacobi,10097,5.185680e-06
jacobi,10098,5.179434e-06
jacobi,10099,5.173195e-06
jacobi,10100,5.166963e-06
jacobi,10101,5.160740e-06
jacobi,10102,5.154523e-06
jacobi,10103,5.148314e-06
jacobi,10104,5.142113e-06
jacobi,10105,5.135919e-06
jacobi,10106,5.129733e-06
jacobi,10107,5.123554e-06
jacobi,10108,5.117382e-06
jacobi,10109,5.111218e-06
jacobi,10110,5.105061e-06
jacobi,10111,5.098912e-06
jacobi,10112,5.092770e-06
jacobi,10113,5.086636e-06
jacobi,10114,5.080509e-06
jacobi,10115,5.074389e-06
jacobi,10116,5.068277e-06
jacobi,10117,5.062172e-06
jacobi,10118,5.056074e-06
jacobi,10119,5.049984e-06
jacobi,10120,5.043901e-06
jacobi,10121,5.037825e-06
jacobi,10122,5.031757e-06
jacobi,10123,5.025696e-06
jacobi,10124,5.019642e-06
jacobi,10125,5.013596e-06
jacobi,10126,5.007557e-06
jacobi,10127,5.001525e-06
jacobi,10128,4.995501e-06
jacobi,10129,4.989483e-06
jacobi,10130,4.983473e-06
jacobi,10131,4.977470e-06
jacobi,10132,4.971475e-06
jacobi,10133,4.965486e-06
jacobi,10134,4.959505e-06
jacobi,10135,4.953531e-06
jacobi,10136,4.947565e-06
jacobi,10137,4.941605e-06
jacobi,10138,4.935653e-06
jacobi,10139,4.929707e-06
jacobi,10140,4.923769e-06
jacobi,10141,4.917838e-06
jacobi,10142,4.911915e-06
jacobi,10143,4.905998e-06
jacobi,10144,4.900089e-06
jacobi,10145,4.894186e-06
jacobi,10146,4.888291e-06
jacobi,10147,4.882403e-06
jacobi,10148,4.876522e-06
jacobi,10149,4.870648e-06
jacobi,10150,4.864781e-06
jacobi,10151,4.858921e-06
jacobi,10152,4.853068e-06
jacobi,10153,4.847223e-06
jacobi,10154,4.841384e-06
jacobi,10155,4.835552e-06
jacobi,10156,4.829728e-06
jacobi,10157,4.823910e-06
jacobi,10158,4.818099e-06
jacobi,10159,4.812296e-06
jacobi,10160,4.806499e-06
jacobi,10161,4.800709e-06
jacobi,10162,4.794927e-06
jacobi,10163,4.789151e-06
jacobi,10164,4.783382e-06
jacobi,10165,4.777621e-06
jacobi,10166,4.771866e-06
jacobi,10167,4.766118e-06
jacobi,10168,4.760377e-06
jacobi,10169,4.754643e-06
jacobi,10170,4.748916e-06
jacobi,10171,4.743195e-06
jacobi,10172,4.737482e-06
jacobi,10173,4.731775e-06
jacobi,10174,4.726076e-06
jacobi,10175,4.720383e-06
jacobi,10176,4.714697e-06
jacobi,10177,4.709018e-06
jacobi,10178,4.703346e-06
jacobi,10179,4.697680e-06
jacobi,10180,4.692022e-06
jacobi,10181,4.686370e-06
jacobi,10182,4.680725e-06
jacobi,10183,4.675087e-06
jacobi,10184,4.669456e-06
jacobi,10185,4.663831e-06
jacobi,10186,4.658213e-06
jacobi,10187,4.652602e-06
jacobi,10188,4.646998e-06
jacobi,10189,4.641400e-06
jacobi,10190,4.635810e-06
jacobi,10191,4.630226e-06
jacobi,10192,4.624648e-06
jacobi,10193,4.619078e-06
jacobi,10194,4.613514e-06
jacobi,10195,4.607957e-06
jacobi,10196,4.602406e-06
jacobi,10197,4.596862e-06
jacobi,10198,4.591325e-06
jacobi,10199,4.585795e-06
jacobi,10200,4.580271e-06
jacobi,10201,4.574754e-06
jacobi,10202,4.569243e-06
jacobi,10203,4.563740e-06
jacobi,10204,4.558242e-06
jacobi,10205,4.552752e-06
jacobi,10206,4.547268e-06
jacobi,10207,4.541790e-06
jacobi,10208,4.536320e-06
jacobi,10209,4.530855e-06
jacobi,10210,4.525398e-06
jacobi,10211,4.519947e-06
jacobi,10212,4.514502e-06
jacobi,10213,4.509064e-06
jacobi,10214,4.503633e-06
jacobi,10215,4.498208e-06
jacobi,10216,4.492790e-06
jacobi,10217,4.487378e-06
jacobi,10218,4.481973e-06
jacobi,10219,4.476574e-06
jacobi,10220,4.471182e-06
jacobi,10221,4.465796e-06
jacobi,10222,4.460417e-06
jacobi,10223,4.455044e-06
jacobi,10224,4.449678e-06
jacobi,10225,4.444318e-06
jacobi,10226,4.438965e-06
jacobi,10227,4.433618e-06
jacobi,10228,4.428277e-06
jacobi,10229,4.422943e-06
jacobi,10230,4.417616e-06
jacobi,10231,4.412294e-06
jacobi,10232,4.406980e-06
jacobi,10233,4.401671e-06
jacobi,10234,4.396369e-06
jacobi,10235,4.391074e-06
jacobi,10236,4.385784e-06
jacobi,10237,4.380501e-06
jacobi,10238,4.375225e-06
jacobi,10239,4.369955e-06
jacobi,10240,4.364691e-06
jacobi,10241,4.359434e-06
jacobi,10242,4.354182e-06
jacobi,10243,4.348938e-06
jacobi,10244,4.343699e-06
jacobi,10245,4.338467e-06
jacobi,10246,4.333241e-06
jacobi,10247,4.328021e-06
jacobi,10248,4.322808e-06
jacobi,10249,4.317601e-06
jacobi,10250,4.312400e-06
jacobi,10251,4.307206e-06
jacobi,10252,4.302018e-06
jacobi,10253,4.296836e-06
jacobi,10254,4.291660e-06
jacobi,10255,4.286491e-06
jacobi,10256,4.281327e-06
jacobi,10257,4.276170e-06
jacobi,10258,4.271019e-06
jacobi,10259,4.265875e-06
jacobi,10260,4.260736e-06
jacobi,10261,4.255604e-06
jacobi,10262,4.250478e-06
jacobi,10263,4.245358e-06
jacobi,10264,4.240244e-06
jacobi,10265,4.235137e-06
jacobi,10266,4.230035e-06
jacobi,10267,4.224940e-06
jacobi,10268,4.219851e-06
jacobi,10269,4.214768e-06
jacobi,10270,4.209691e-06
jacobi,10271,4.204620e-06
jacobi,10272,4.199556e-06
jacobi,10273,4.194497e-06
jacobi,10274,4.189445e-06
jacobi,10275,4.184398e-06
jacobi,10276,4.179358e-06
jacobi,10277,4.174324e-06
jacobi,10278,4.169296e-06
jacobi,10279,4.164274e-06
jacobi,10280,4.159258e-06
jacobi,10281,4.154248e-06
jacobi,10282,4.149244e-06
jacobi,10283,4.144246e-06
jacobi,10284,4.139254e-06
jacobi,10285,4.134268e-06
jacobi,10286,4.129288e-06
jacobi,10287,4.124314e-06
jacobi,10288,4.119346e-06
jacobi,10289,4.114384e-06
jacobi,10290,4.109428e-06
jacobi,10291,4.104478e-06
jacobi,10292,4.099534e-06
jacobi,10293,4.094596e-06
jacobi,10294,4.089664e-06
jacobi,10295,4.084738e-06
jacobi,10296,4.079818e-06
jacobi,10297,4.074903e-06
jacobi,10298,4.069995e-06
jacobi,10299,4.065092e-06
jacobi,10300,4.060196e-06
jacobi,10301,4.055305e-06
jacobi,10302,4.050420e-06
jacobi,10303,4.045541e-06
jacobi,10304,4.040668e-06
jacobi,10305,4.035801e-06
jacobi,10306,4.030940e-06
jacobi,10307,4.026084e-06
jacobi,10308,4.021235e-06
jacobi,10309,4.016391e-06
jacobi,10310,4.011553e-06
jacobi,10311,4.006721e-06
jacobi,10312,4.001895e-06
jacobi,10313,3.997074e-06
jacobi,10314,3.992260e-06
jacobi,10315,3.987451e-06
jacobi,10316,3.982648e-06
jacobi,10317,3.977851e-06
jacobi,10318,3.973059e-06
jacobi,10319,3.968273e-06
jacobi,10320,3.963493e-06
jacobi,10321,3.958719e-06
jacobi,10322,3.953951e-06
jacobi,10323,3.949188e-06
jacobi,10324,3.944431e-06
jacobi,10325,3.939680e-06
jacobi,10326,3.934934e-06
jacobi,10327,3.930194e-06
jacobi,10328,3.925460e-06
jacobi,10329,3.920732e-06
jacobi,10330,3.916009e-06
jacobi,10331,3.911292e-06
jacobi,10332,3.906581e-06
jacobi,10333,3.901875e-06
jacobi,10334,3.897175e-06
jacobi,10335,3.892481e-06
jacobi,10336,3.887792e-06
jacobi,10337,3.883109e-06
jacobi,10338,3.878432e-06
jacobi,10339,3.873760e-06
jacobi,10340,3.869094e-06
jacobi,10341,3.864434e-06
jacobi,10342,3.859779e-06
jacobi,10343,3.855129e-06
jacobi,10344,3.850486e-06
jacobi,10345,3.845848e-06
jacobi,10346,3.841215e-06
jacobi,10347,3.836588e-06
jacobi,10348,3.831967e-06
jacobi,10349,3.827351e-06
jacobi,10350,3.822741e-06
jacobi,10351,3.818136e-06
jacobi,10352,3.813537e-06
jacobi,10353,3.808944e-06
jacobi,10354,3.804356e-06
jacobi,10355,3.799773e-06
jacobi,10356,3.795196e-06
jacobi,10357,3.790625e-06
jacobi,10358,3.786059e-06
jacobi,10359,3.781498e-06
jacobi,10360,3.776943e-06
jacobi,10361,3.772394e-06
jacobi,10362,3.767850e-06
jacobi,10363,3.763311e-06
jacobi,10364,3.758778e-06
jacobi,10365,3.754250e-06
jacobi,10366,3.749728e-06
jacobi,10367,3.745212e-06
jacobi,10368,3.740700e-06
jacobi,10369,3.736194e-06
jacobi,10370,3.731694e-06
jacobi,10371,3.727199e-06
jacobi,10372,3.722710e-06
jacobi,10373,3.718225e-06
jacobi,10374,3.713747e-06
jacobi,10375,3.709273e-06
jacobi,10376,3.704805e-06
jacobi,10377,3.700343e-06
jacobi,10378,3.695885e-06
jacobi,10379,3.691434e-06
jacobi,10380,3.686987e-06
jacobi,10381,3.682546e-06
jacobi,10382,3.678110e-06
jacobi,10383,3.673680e-06
jacobi,10384,3.669255e-06
jacobi,10385,3.664835e-06
jacobi,10386,3.660420e-06
jacobi,10387,3.656011e-06
jacobi,10388,3.651607e-06
jacobi,10389,3.647209e-06
jacobi,10390,3.642816e-06
jacobi,10391,3.638428e-06
jacobi,10392,3.634045e-06
jacobi,10393,3.629668e-06
jacobi,10394,3.625296e-06
jacobi,10395,3.620929e-06
jacobi,10396,3.616567e-06
jacobi,10397,3.612211e-06
jacobi,10398,3.607860e-06
jacobi,10399,3.603514e-06
jacobi,10400,3.599173e-06
jacobi,10401,3.594838e-06
jacobi,10402,3.590508e-06
jacobi,10403,3.586183e-06
jacobi,10404,3.581863e-06
jacobi,10405,3.577549e-06
jacobi,10406,3.573239e-06
jacobi,10407,3.568935e-06
jacobi,10408,3.564636e-06
jacobi,10409,3.560343e-06
jacobi,10410,3.556054e-06
jacobi,10411,3.551771e-06
jacobi,10412,3.547492e-06
jacobi,10413,3.543219e-06
jacobi,10414,3.538951e-06
jacobi,10415,3.534688e-06
jacobi,10416,3.530431e-06
jacobi,10417,3.526178e-06
jacobi,10418,3.521931e-06
jacobi,10419,3.517688e-06
jacobi,10420,3.513451e-06
jacobi,10421,3.509219e-06
jacobi,10422,3.504992e-06
jacobi,10423,3.500770e-06
jacobi,10424,3.496553e-06
jacobi,10425,3.492342e-06
jacobi,10426,3.488135e-06
jacobi,10427,3.483933e-06
jacobi,10428,3.479737e-06
jacobi,10429,3.475545e-06
jacobi,10430,3.471359e-06
jacobi,10431,3.467177e-06
jacobi,10432,3.463001e-06
jacobi,10433,3.458830e-06
jacobi,10434,3.454663e-06
jacobi,10435,3.450502e-06
jacobi,10436,3.446346e-06
jacobi,10437,3.442195e-06
jacobi,10438,3.438048e-06
jacobi,10439,3.433907e-06
jacobi,10440,3.429771e-06
jacobi,10441,3.425639e-06
jacobi,10442,3.421513e-06
jacobi,10443,3.417392e-06
jacobi,10444,3.413275e-06
jacobi,10445,3.409164e-06
jacobi,10446,3.405057e-06
jacobi,10447,3.400956e-06
jacobi,10448,3.396859e-06
jacobi,10449,3.392768e-06
jacobi,10450,3.388681e-06
jacobi,10451,3.384599e-06
jacobi,10452,3.380522e-06
jacobi,10453,3.376450e-06
jacobi,10454,3.372383e-06
jacobi,10455,3.368321e-06
jacobi,10456,3.364264e-06
jacobi,10457,3.360211e-06
jacobi,10458,3.356164e-06
jacobi,10459,3.352121e-06
jacobi,10460,3.348083e-06
jacobi,10461,3.344050e-06
jacobi,10462,3.340022e-06
jacobi,10463,3.335999e-06
jacobi,10464,3.331981e-06
jacobi,10465,3.327967e-06
jacobi,10466,3.323959e-06
jacobi,10467,3.319955e-06
jacobi,10468,3.315956e-06
jacobi,10469,3.311961e-06
jacobi,10470,3.307972e-06
jacobi,10471,3.303987e-06
jacobi,10472,3.300008e-06
jacobi,10473,3.296033e-06
jacobi,10474,3.292062e-06
jacobi,10475,3.288097e-06
jacobi,10476,3.284136e-06
jacobi,10477,3.280180e-06
jacobi,10478,3.276229e-06
jacobi,10479,3.272283e-06
jacobi,10480,3.268341e-06
jacobi,10481,3.264404e-06
jacobi,10482,3.260472e-06
jacobi,10483,3.256545e-06
jacobi,10484,3.252622e-06
jacobi,10485,3.248704e-06
jacobi,10486,3.244791e-06
jacobi,10487,3.240883e-06
jacobi,10488,3.236979e-06
jacobi,10489,3.233080e-06
jacobi,10490,3.229185e-06
jacobi,10491,3.225296e-06
jacobi,10492,3.221411e-06
jacobi,10493,3.217530e-06
jacobi,10494,3.213655e-06
jacobi,10495,3.209784e-06
jacobi,10496,3.205917e-06
jacobi,10497,3.202056e-06
jacobi,10498,3.198199e-06
jacobi,10499,3.194346e-06
jacobi,10500,3.190499e-06
jacobi,10501,3.186656e-06
jacobi,10502,3.182817e-06
jacobi,10503,3.178983e-06
jacobi,10504,3.175154e-06
jacobi,10505,3.171329e-06
jacobi,10506,3.167509e-06
jacobi,10507,3.163694e-06
jacobi,10508,3.159883e-06
jacobi,10509,3.156077e-06
jacobi,10510,3.152275e-06
jacobi,10511,3.148478e-06
jacobi,10512,3.144686e-06
jacobi,10513,3.140898e-06
jacobi,10514,3.137115e-06
jacobi,10515,3.133336e-06
jacobi,10516,3.129562e-06
jacobi,10517,3.125792e-06
jacobi,10518,3.122027e-06
jacobi,10519,3.118266e-06
jacobi,10520,3.114510e-06
jacobi,10521,3.110758e-06
jacobi,10522,3.107011e-06
jacobi,10523,3.103269e-06
jacobi,10524,3.099531e-06
jacobi,10525,3.095797e-06
jacobi,10526,3.092068e-06
jacobi,10527,3.088344e-06
jacobi,10528,3.084624e-06
jacobi,10529,3.080908e-06
jacobi,10530,3.077197e-06
jacobi,10531,3.073490e-06
jacobi,10532,3.069788e-06
jacobi,10533,3.066091e-06
jacobi,10534,3.062397e-06
jacobi,10535,3.058709e-06
jacobi,10536,3.055024e-06
jacobi,10537,3.051344e-06
jacobi,10538,3.047669e-06
jacobi,10539,3.043998e-06
jacobi,10540,3.040331e-06
jacobi,10541,3.036669e-06
jacobi,10542,3.033011e-06
jacobi,10543,3.029358e-06
jacobi,10544,3.025709e-06
jacobi,10545,3.022064e-06
jacobi,10546,3.018424e-06
jacobi,10547,3.014788e-06
jacobi,10548,3.011157e-06
jacobi,10549,3.007530e-06
jacobi,10550,3.003907e-06
jacobi,10551,3.000289e-06
jacobi,10552,2.996675e-06
jacobi,10553,2.993065e-06
jacobi,10554,2.989460e-06
jacobi,10555,2.985859e-06
jacobi,10556,2.982262e-06
jacobi,10557,2.978670e-06
jacobi,10558,2.975082e-06
jacobi,10559,2.971498e-06
jacobi,10560,2.967919e-06
jacobi,10561,2.964344e-06
jacobi,10562,2.960773e-06
jacobi,10563,2.957207e-06
jacobi,10564,2.953645e-06
jacobi,10565,2.950087e-06
jacobi,10566,2.946534e-06
jacobi,10567,2.942984e-06
jacobi,10568,2.939439e-06
jacobi,10569,2.935899e-06
jacobi,10570,2.932362e-06
jacobi,10571,2.928830e-06
jacobi,10572,2.925302e-06
jacobi,10573,2.921779e-06
jacobi,10574,2.918259e-06
jacobi,10575,2.914744e-06
jacobi,10576,2.911233e-06
jacobi,10577,2.907726e-06
jacobi,10578,2.904224e-06
jacobi,10579,2.900726e-06
jacobi,10580,2.897232e-06
jacobi,10581,2.893742e-06
jacobi,10582,2.890256e-06
jacobi,10583,2.886775e-06
jacobi,10584,2.883297e-06
jacobi,10585,2.879824e-06
jacobi,10586,2.876355e-06
jacobi,10587,2.872891e-06
jacobi,10588,2.869430e-06
jacobi,10589,2.865974e-06
jacobi,10590,2.862522e-06
jacobi,10591,2.859074e-06
jacobi,10592,2.855630e-06
jacobi,10593,2.852190e-06
jacobi,10594,2.848754e-06
jacobi,10595,2.845323e-06
jacobi,10596,2.841896e-06
jacobi,10597,2.838472e-06
jacobi,10598,2.835053e-06
jacobi,10599,2.831638e-06
jacobi,10600,2.828228e-06
jacobi,10601,2.824821e-06
jacobi,10602,2.821418e-06
jacobi,10603,2.818020e-06
jacobi,10604,2.814625e-06
jacobi,10605,2.811235e-06
jacobi,10606,2.807849e-06
jacobi,10607,2.804467e-06
jacobi,10608,2.801088e-06
jacobi,10609,2.797714e-06
jacobi,10610,2.794344e-06
jacobi,10611,2.790979e-06
jacobi,10612,2.787617e-06
jacobi,10613,2.784259e-06
jacobi,10614,2.780905e-06
jacobi,10615,2.777555e-06
jacobi,10616,2.774210e-06
jacobi,10617,2.770868e-06
jacobi,10618,2.767530e-06
jacobi,10619,2.764197e-06
jacobi,10620,2.760867e-06
jacobi,10621,2.757542e-06
jacobi,10622,2.754220e-06
jacobi,10623,2.750902e-06
jacobi,10624,2.747589e-06
jacobi,10625,2.744279e-06
jacobi,10626,2.740974e-06
jacobi,10627,2.737672e-06
jacobi,10628,2.734374e-06
jacobi,10629,2.731081e-06
jacobi,10630,2.727791e-06
jacobi,10631,2.724505e-06
jacobi,10632,2.721224e-06
jacobi,10633,2.717946e-06
jacobi,10634,2.714672e-06
jacobi,10635,2.711402e-06
jacobi,10636,2.708136e-06
jacobi,10637,2.704874e-06
jacobi,10638,2.701616e-06
jacobi,10639,2.698361e-06
jacobi,10640,2.695111e-06
jacobi,10641,2.691865e-06
jacobi,10642,2.688622e-06
jacobi,10643,2.685384e-06
jacobi,10644,2.682149e-06
jacobi,10645,2.678918e-06
jacobi,10646,2.675691e-06
jacobi,10647,2.672468e-06
jacobi,10648,2.669249e-06
jacobi,10649,2.666034e-06
jacobi,10650,2.662823e-06
jacobi,10651,2.659615e-06
jacobi,10652,2.656412e-06
jacobi,10653,2.653212e-06
jacobi,10654,2.650016e-06
jacobi,10655,2.646824e-06
jacobi,10656,2.643636e-06
jacobi,10657,2.640451e-06
jacobi,10658,2.637271e-06
jacobi,10659,2.634094e-06
jacobi,10660,2.630921e-06
jacobi,10661,2.627752e-06
jacobi,10662,2.624587e-06
jacobi,10663,2.621425e-06
jacobi,10664,2.618268e-06
jacobi,10665,2.615114e-06
jacobi,10666,2.611964e-06
jacobi,10667,2.608818e-06
jacobi,10668,2.605675e-06
jacobi,10669,2.602537e-06
jacobi,10670,2.599402e-06
jacobi,10671,2.596271e-06
jacobi,10672,2.593143e-06
jacobi,10673,2.590020e-06
jacobi,10674,2.586900e-06
jacobi,10675,2.583784e-06
jacobi,10676,2.580672e-06
jacobi,10677,2.577563e-06
jacobi,10678,2.574458e-06
jacobi,10679,2.571357e-06
jacobi,10680,2.568260e-06
jacobi,10681,2.565167e-06
jacobi,10682,2.562077e-06
jacobi,10683,2.558991e-06
jacobi,10684,2.555908e-06
jacobi,10685,2.552829e-06
jacobi,10686,2.549754e-06
jacobi,10687,2.546683e-06
jacobi,10688,2.543616e-06
jacobi,10689,2.540552e-06
jacobi,10690,2.537491e-06
jacobi,10691,2.534435e-06
jacobi,10692,2.531382e-06
jacobi,10693,2.528333e-06
jacobi,10694,2.525287e-06
jacobi,10695,2.522246e-06
jacobi,10696,2.519207e-06
jacobi,10697,2.516173e-06
jacobi,10698,2.513142e-06
jacobi,10699,2.510115e-06
jacobi,10700,2.507091e-06
jacobi,10701,2.504071e-06
jacobi,10702,2.501055e-06
jacobi,10703,2.498043e-06
jacobi,10704,2.495034e-06
jacobi,10705,2.492028e-06
jacobi,10706,2.489026e-06
jacobi,10707,2.486028e-06
jacobi,10708,2.483034e-06
jacobi,10709,2.480043e-06
jacobi,10710,2.477056e-06
jacobi,10711,2.474072e-06
jacobi,10712,2.471092e-06
jacobi,10713,2.468115e-06
jacobi,10714,2.465142e-06
jacobi,10715,2.462173e-06
jacobi,10716,2.459207e-06
jacobi,10717,2.456245e-06
jacobi,10718,2.453286e-06
jacobi,10719,2.450331e-06
jacobi,10720,2.447380e-06
jacobi,10721,2.444432e-06
jacobi,10722,2.441487e-06
jacobi,10723,2.438546e-06
jacobi,10724,2.435609e-06
jacobi,10725,2.432675e-06
jacobi,10726,2.429745e-06
jacobi,10727,2.426818e-06
jacobi,10728,2.423895e-06
jacobi,10729,2.420975e-06
jacobi,10730,2.418059e-06
jacobi,10731,2.415146e-06
jacobi,10732,2.412237e-06
jacobi,10733,2.409332e-06
jacobi,10734,2.406429e-06
jacobi,10735,2.403531e-06
jacobi,10736,2.400636e-06
jacobi,10737,2.397744e-06
jacobi,10738,2.394856e-06
jacobi,10739,2.391971e-06
jacobi,10740,2.389090e-06
jacobi,10741,2.386212e-06
jacobi,10742,2.383338e-06
jacobi,10743,2.380467e-06
jacobi,10744,2.377600e-06
jacobi,10745,2.374736e-06
jacobi,10746,2.371875e-06
jacobi,10747,2.369018e-06
jacobi,10748,2.366165e-06
jacobi,10749,2.363314e-06
jacobi,10750,2.360468e-06
jacobi,10751,2.357624e-06
jacobi,10752,2.354785e-06
jacobi,10753,2.351948e-06
jacobi,10754,2.349115e-06
jacobi,10755,2.346285e-06
jacobi,10756,2.343459e-06
jacobi,10757,2.340636e-06
jacobi,10758,2.337817e-06
jacobi,10759,2.335001e-06
jacobi,10760,2.332188e-06
jacobi,10761,2.329379e-06
jacobi,10762,2.326573e-06
jacobi,10763,2.323771e-06
jacobi,10764,2.320972e-06
jacobi,10765,2.318176e-06
jacobi,10766,2.315384e-06
jacobi,10767,2.312595e-06
jacobi,10768,2.309809e-06
jacobi,10769,2.307027e-06
jacobi,10770,2.304248e-06
jacobi,10771,2.301472e-06
jacobi,10772,2.298700e-06
jacobi,10773,2.295931e-06
jacobi,10774,2.293166e-06
jacobi,10775,2.290404e-06
jacobi,10776,2.287645e-06
jacobi,10777,2.284889e-06
jacobi,10778,2.282137e-06
jacobi,10779,2.279388e-06
jacobi,10780,2.276642e-06
jacobi,10781,2.273900e-06
jacobi,10782,2.271161e-06
jacobi,10783,2.268425e-06
jacobi,10784,2.265693e-06
jacobi,10785,2.262964e-06
jacobi,10786,2.260238e-06
jacobi,10787,2.257515e-06
jacobi,10788,2.254796e-06
jacobi,10789,2.252080e-06
jacobi,10790,2.249367e-06
jacobi,10791,2.246658e-06
jacobi,10792,2.243952e-06
jacobi,10793,2.241249e-06
jacobi,10794,2.238549e-06
jacobi,10795,2.235853e-06
jacobi,10796,2.233159e-06
jacobi,10797,2.230469e-06
jacobi,10798,2.227783e-06
jacobi,10799,2.225099e-06
jacobi,10800,2.222419e-06
jacobi,10801,2.219742e-06
jacobi,10802,2.217068e-06
jacobi,10803,2.214398e-06
jacobi,10804,2.211730e-06
jacobi,10805,2.209066e-06
jacobi,10806,2.206405e-06
jacobi,10807,2.203748e-06
jacobi,10808,2.201093e-06
jacobi,10809,2.198442e-06
jacobi,10810,2.195794e-06
jacobi,10811,2.193149e-06
jacobi,10812,2.190507e-06
jacobi,10813,2.187868e-06
jacobi,10814,2.185233e-06
jacobi,10815,2.182601e-06
jacobi,10816,2.179972e-06
jacobi,10817,2.177346e-06
jacobi,10818,2.174723e-06
jacobi,10819,2.172104e-06
jacobi,10820,2.169487e-06
jacobi,10821,2.166874e-06
jacobi,10822,2.164264e-06
jacobi,10823,2.161657e-06
jacobi,10824,2.159053e-06
jacobi,10825,2.156453e-06
jacobi,10826,2.153855e-06
jacobi,10827,2.151261e-06
jacobi,10828,2.148669e-06
jacobi,10829,2.146081e-06
jacobi,10830,2.143496e-06
jacobi,10831,2.140914e-06
jacobi,10832,2.138335e-06
jacobi,10833,2.135760e-06
jacobi,10834,2.133187e-06
jacobi,10835,2.130617e-06
jacobi,10836,2.128051e-06
jacobi,10837,2.125488e-06
jacobi,10838,2.122927e-06
jacobi,10839,2.120370e-06
jacobi,10840,2.117816e-06
jacobi,10841,2.115265e-06
jacobi,10842,2.112717e-06
jacobi,10843,2.110172e-06
jacobi,10844,2.107631e-06
jacobi,10845,2.105092e-06
jacobi,10846,2.102556e-06
jacobi,10847,2.100024e-06
jacobi,10848,2.097494e-06
jacobi,10849,2.094968e-06
jacobi,10850,2.092444e-06
jacobi,10851,2.089924e-06
jacobi,10852,2.087406e-06
jacobi,10853,2.084892e-06
jacobi,10854,2.082380e-06
jacobi,10855,2.079872e-06
jacobi,10856,2.077367e-06
jacobi,10857,2.074865e-06
jacobi,10858,2.072365e-06
jacobi,10859,2.069869e-06
jacobi,10860,2.067376e-06
jacobi,10861,2.064886e-06
jacobi,10862,2.062398e-06
jacobi,10863,2.059914e-06
jacobi,10864,2.057433e-06
jacobi,10865,2.054955e-06
jacobi,10866,2.052479e-06
jacobi,10867,2.050007e-06
jacobi,10868,2.047538e-06
jacobi,10869,2.045071e-06
jacobi,10870,2.042608e-06
jacobi,10871,2.040148e-06
jacobi,10872,2.037690e-06
jacobi,10873,2.035236e-06
jacobi,10874,2.032784e-06
jacobi,10875,2.030335e-06
jacobi,10876,2.027890e-06
jacobi,10877,2.025447e-06
jacobi,10878,2.023007e-06
jacobi,10879,2.020571e-06
jacobi,10880,2.018137e-06
jacobi,10881,2.015706e-06
jacobi,10882,2.013278e-06
jacobi,10883,2.010853e-06
jacobi,10884,2.008431e-06
jacobi,10885,2.006011e-06
jacobi,10886,2.003595e-06
jacobi,10887,2.001182e-06
jacobi,10888,1.998771e-06
jacobi,10889,1.996363e-06
jacobi,10890,1.993959e-06
jacobi,10891,1.991557e-06
jacobi,10892,1.989158e-06
jacobi,10893,1.986762e-06
jacobi,10894,1.984369e-06
jacobi,10895,1.981979e-06
jacobi,10896,1.979591e-06
jacobi,10897,1.977207e-06
jacobi,10898,1.974825e-06
jacobi,10899,1.972446e-06
jacobi,10900,1.970070e-06
jacobi,10901,1.967697e-06
jacobi,10902,1.965327e-06
jacobi,10903,1.962960e-06
jacobi,10904,1.960595e-06
jacobi,10905,1.958234e-06
jacobi,10906,1.955875e-06
jacobi,10907,1.953519e-06
jacobi,10908,1.951166e-06
jacobi,10909,1.948816e-06
jacobi,10910,1.946468e-06
jacobi,10911,1.944124e-06
jacobi,10912,1.941782e-06
jacobi,10913,1.939443e-06
jacobi,10914,1.937107e-06
jacobi,10915,1.934773e-06
jacobi,10916,1.932443e-06
jacobi,10917,1.930115e-06
jacobi,10918,1.927790e-06
jacobi,10919,1.925468e-06
jacobi,10920,1.923149e-06
jacobi,10921,1.920832e-06
jacobi,10922,1.918519e-06
jacobi,10923,1.916208e-06
jacobi,10924,1.913900e-06
jacobi,10925,1.911594e-06
jacobi,10926,1.909292e-06
jacobi,10927,1.906992e-06
jacobi,10928,1.904695e-06
jacobi,10929,1.902400e-06
jacobi,10930,1.900109e-06
jacobi,10931,1.897820e-06
jacobi,10932,1.895534e-06
jacobi,10933,1.893251e-06
jacobi,10934,1.890970e-06
jacobi,10935,1.888693e-06
jacobi,10936,1.886418e-06
jacobi,10937,1.884145e-06
jacobi,10938,1.881876e-06
jacobi,10939,1.879609e-06
jacobi,10940,1.877345e-06
jacobi,10941,1.875084e-06
jacobi,10942,1.872825e-06
jacobi,10943,1.870569e-06
jacobi,10944,1.868316e-06
jacobi,10945,1.866065e-06
jacobi,10946,1.863818e-06
jacobi,10947,1.861573e-06
jacobi,10948,1.859330e-06
jacobi,10949,1.857091e-06
jacobi,10950,1.854854e-06
jacobi,10951,1.852619e-06
jacobi,10952,1.850388e-06
jacobi,10953,1.848159e-06
jacobi,10954,1.845933e-06
jacobi,10955,1.843709e-06
jacobi,10956,1.841488e-06
jacobi,10957,1.839270e-06
jacobi,10958,1.837055e-06
jacobi,10959,1.834842e-06
jacobi,10960,1.832632e-06
jacobi,10961,1.830424e-06
jacobi,10962,1.828220e-06
jacobi,10963,1.826017e-06
jacobi,10964,1.823818e-06
jacobi,10965,1.821621e-06
jacobi,10966,1.819427e-06
jacobi,10967,1.817235e-06
jacobi,10968,1.815046e-06
jacobi,10969,1.812860e-06
jacobi,10970,1.810676e-06
jacobi,10971,1.808495e-06
jacobi,10972,1.806317e-06
jacobi,10973,1.804141e-06
jacobi,10974,1.801968e-06
jacobi,10975,1.799797e-06
jacobi,10976,1.797629e-06
jacobi,10977,1.795464e-06
jacobi,10978,1.793301e-06
jacobi,10979,1.791141e-06
jacobi,10980,1.788984e-06
jacobi,10981,1.786829e-06
jacobi,10982,1.784677e-06
jacobi,10983,1.782527e-06
jacobi,10984,1.780380e-06
jacobi,10985,1.778235e-06
jacobi,10986,1.776093e-06
jacobi,10987,1.773954e-06
jacobi,10988,1.771817e-06
jacobi,10989,1.769683e-06
jacobi,10990,1.767551e-06
jacobi,10991,1.765422e-06
jacobi,10992,1.763295e-06
jacobi,10993,1.761171e-06
jacobi,10994,1.759050e-06
jacobi,10995,1.756931e-06
jacobi,10996,1.754815e-06
jacobi,10997,1.752701e-06
jacobi,10998,1.750590e-06
jacobi,10999,1.748481e-06
jacobi,11000,1.746375e-06
jacobi,11001,1.744272e-06
jacobi,11002,1.742171e-06
jacobi,11003,1.740072e-06
jacobi,11004,1.737976e-06
jacobi,11005,1.735883e-06
jacobi,11006,1.733792e-06
jacobi,11007,1.731703e-06
jacobi,11008,1.729617e-06
jacobi,11009,1.727534e-06
jacobi,11010,1.725453e-06
jacobi,11011,1.723375e-06
jacobi,11012,1.721299e-06
jacobi,11013,1.719225e-06
jacobi,11014,1.717154e-06
jacobi,11015,1.715086e-06
jacobi,11016,1.713020e-06
jacobi,11017,1.710957e-06
jacobi,11018,1.708896e-06
jacobi,11019,1.706837e-06
jacobi,11020,1.704781e-06
jacobi,11021,1.702728e-06
jacobi,11022,1.700677e-06
jacobi,11023,1.698628e-06
jacobi,11024,1.696582e-06
jacobi,11025,1.694539e-06
jacobi,11026,1.692498e-06
jacobi,11027,1.690459e-06
jacobi,11028,1.688423e-06
jacobi,11029,1.686389e-06
jacobi,11030,1.684358e-06
jacobi,11031,1.682329e-06
jacobi,11032,1.680302e-06
jacobi,11033,1.678278e-06
jacobi,11034,1.676257e-06
jacobi,11035,1.674238e-06
jacobi,11036,1.672221e-06
jacobi,11037,1.670207e-06
jacobi,11038,1.668195e-06
jacobi,11039,1.666185e-06
jacobi,11040,1.664178e-06
jacobi,11041,1.662174e-06
jacobi,11042,1.660172e-06
jacobi,11043,1.658172e-06
jacobi,11044,1.656175e-06
jacobi,11045,1.654180e-06
jacobi,11046,1.652187e-06
jacobi,11047,1.650197e-06
jacobi,11048,1.648209e-06
jacobi,11049,1.646224e-06
jacobi,11050,1.644241e-06
jacobi,11051,1.642260e-06
jacobi,11052,1.640282e-06
jacobi,11053,1.638306e-06
jacobi,11054,1.636333e-06
jacobi,11055,1.634362e-06
jacobi,11056,1.632393e-06
jacobi,11057,1.630427e-06
jacobi,11058,1.628463e-06
jacobi,11059,1.626501e-06
jacobi,11060,1.624542e-06
jacobi,11061,1.622585e-06
jacobi,11062,1.620631e-06
jacobi,11063,1.618679e-06
jacobi,11064,1.616729e-06
jacobi,11065,1.614782e-06
jacobi,11066,1.612837e-06
jacobi,11067,1.610894e-06
jacobi,11068,1.608953e-06
jacobi,11069,1.607015e-06
jacobi,11070,1.605080e-06
jacobi,11071,1.603146e-06
jacobi,11072,1.601215e-06
jacobi,11073,1.599287e-06
jacobi,11074,1.597360e-06
jacobi,11075,1.595436e-06
jacobi,11076,1.593514e-06
jacobi,11077,1.591595e-06
jacobi,11078,1.589678e-06
jacobi,11079,1.587763e-06
jacobi,11080,1.585850e-06
jacobi,11081,1.583940e-06
jacobi,11082,1.582032e-06
jacobi,11083,1.580127e-06
jacobi,11084,1.578223e-06
jacobi,11085,1.576322e-06
jacobi,11086,1.574423e-06
jacobi,11087,1.572527e-06
jacobi,11088,1.570633e-06
jacobi,11089,1.568741e-06
jacobi,11090,1.566851e-06
jacobi,11091,1.564964e-06
jacobi,11092,1.563079e-06
jacobi,11093,1.561196e-06
jacobi,11094,1.559315e-06
jacobi,11095,1.557437e-06
jacobi,11096,1.555561e-06
jacobi,11097,1.553687e-06
jacobi,11098,1.551816e-06
jacobi,11099,1.549947e-06
jacobi,11100,1.548080e-06
jacobi,11101,1.546215e-06
jacobi,11102,1.544353e-06
jacobi,11103,1.542492e-06
jacobi,11104,1.540634e-06
jacobi,11105,1.538779e-06
jacobi,11106,1.536925e-06
jacobi,11107,1.535074e-06
jacobi,11108,1.533225e-06
jacobi,11109,1.531378e-06
jacobi,11110,1.529533e-06
jacobi,11111,1.527691e-06
jacobi,11112,1.525851e-06
jacobi,11113,1.524013e-06
jacobi,11114,1.522177e-06
jacobi,11115,1.520343e-06
jacobi,11116,1.518512e-06
jacobi,11117,1.516683e-06
jacobi,11118,1.514856e-06
jacobi,11119,1.513031e-06
jacobi,11120,1.511209e-06
jacobi,11121,1.509389e-06
jacobi,11122,1.507570e-06
jacobi,11123,1.505755e-06
jacobi,11124,1.503941e-06
jacobi,11125,1.502129e-06
jacobi,11126,1.500320e-06
jacobi,11127,1.498513e-06
jacobi,11128,1.496708e-06
jacobi,11129,1.494905e-06
jacobi,11130,1.493104e-06
jacobi,11131,1.491306e-06
jacobi,11132,1.489509e-06
jacobi,11133,1.487715e-06
jacobi,11134,1.485923e-06
jacobi,11135,1.484133e-06
jacobi,11136,1.482345e-06
jacobi,11137,1.480560e-06
jacobi,11138,1.478777e-06
jacobi,11139,1.476995e-06
jacobi,11140,1.475216e-06
jacobi,11141,1.473439e-06
jacobi,11142,1.471664e-06
jacobi,11143,1.469892e-06
jacobi,11144,1.468121e-06
jacobi,11145,1.466353e-06
jacobi,11146,1.464586e-06
jacobi,11147,1.462822e-06
jacobi,11148,1.461060e-06
jacobi,11149,1.459300e-06
jacobi,11150,1.457543e-06
jacobi,11151,1.455787e-06
jacobi,11152,1.454033e-06
jacobi,11153,1.452282e-06
jacobi,11154,1.450533e-06
jacobi,11155,1.448785e-06
jacobi,11156,1.447040e-06
jacobi,11157,1.445297e-06
jacobi,11158,1.443556e-06
jacobi,11159,1.441817e-06
jacobi,11160,1.440081e-06
jacobi,11161,1.438346e-06
jacobi,11162,1.436613e-06
jacobi,11163,1.434883e-06
jacobi,11164,1.433155e-06
jacobi,11165,1.431428e-06
jacobi,11166,1.429704e-06
jacobi,11167,1.427982e-06
jacobi,11168,1.426262e-06
jacobi,11169,1.424544e-06
jacobi,11170,1.422828e-06
jacobi,11171,1.421114e-06
jacobi,11172,1.419402e-06
jacobi,11173,1.417693e-06
jacobi,11174,1.415985e-06
jacobi,11175,1.414279e-06
jacobi,11176,1.412576e-06
jacobi,11177,1.410874e-06
jacobi,11178,1.409175e-06
jacobi,11179,1.407477e-06
jacobi,11180,1.405782e-06
jacobi,11181,1.404089e-06
jacobi,11182,1.402397e-06
jacobi,11183,1.400708e-06
jacobi,11184,1.399021e-06
jacobi,11185,1.397336e-06
jacobi,11186,1.395653e-06
jacobi,11187,1.393971e-06
jacobi,11188,1.392292e-06
jacobi,11189,1.390615e-06
jacobi,11190,1.388940e-06
jacobi,11191,1.387267e-06
jacobi,11192,1.385596e-06
jacobi,11193,1.383927e-06
jacobi,11194,1.382260e-06
jacobi,11195,1.380595e-06
jacobi,11196,1.378932e-06
jacobi,11197,1.377271e-06
jacobi,11198,1.375612e-06
jacobi,11199,1.373955e-06
jacobi,11200,1.372300e-06
jacobi,11201,1.370647e-06
jacobi,11202,1.368996e-06
jacobi,11203,1.367347e-06
jacobi,11204,1.365700e-06
jacobi,11205,1.364055e-06
jacobi,11206,1.362412e-06
jacobi,11207,1.360771e-06
jacobi,11208,1.359132e-06
jacobi,11209,1.357495e-06
jacobi,11210,1.355860e-06
jacobi,11211,1.354226e-06
jacobi,11212,1.352595e-06
jacobi,11213,1.350966e-06
jacobi,11214,1.349339e-06
jacobi,11215,1.347713e-06
jacobi,11216,1.346090e-06
jacobi,11217,1.344468e-06
jacobi,11218,1.342849e-06
jacobi,11219,1.341231e-06
jacobi,11220,1.339616e-06
jacobi,11221,1.338002e-06
jacobi,11222,1.336391e-06
jacobi,11223,1.334781e-06
jacobi,11224,1.333173e-06
jacobi,11225,1.331567e-06
jacobi,11226,1.329963e-06
jacobi,11227,1.328361e-06
jacobi,11228,1.326761e-06
jacobi,11229,1.325163e-06
jacobi,11230,1.323567e-06
jacobi,11231,1.321973e-06
jacobi,11232,1.320380e-06
jacobi,11233,1.318790e-06
jacobi,11234,1.317201e-06
jacobi,11235,1.315615e-06
jacobi,11236,1.314030e-06
jacobi,11237,1.312447e-06
jacobi,11238,1.310866e-06
jacobi,11239,1.309287e-06
jacobi,11240,1.307710e-06
jacobi,11241,1.306135e-06
jacobi,11242,1.304562e-06
jacobi,11243,1.302990e-06
jacobi,11244,1.301421e-06
jacobi,11245,1.299853e-06
jacobi,11246,1.298287e-06
jacobi,11247,1.296723e-06
jacobi,11248,1.295161e-06
jacobi,11249,1.293601e-06
jacobi,11250,1.292043e-06
jacobi,11251,1.290487e-06
jacobi,11252,1.288932e-06
jacobi,11253,1.287380e-06
jacobi,11254,1.285829e-06
jacobi,11255,1.284280e-06
jacobi,11256,1.282733e-06
jacobi,11257,1.281188e-06
jacobi,11258,1.279645e-06
jacobi,11259,1.278104e-06
jacobi,11260,1.276564e-06
jacobi,11261,1.275026e-06
jacobi,11262,1.273491e-06
jacobi,11263,1.271957e-06
jacobi,11264,1.270424e-06
jacobi,11265,1.268894e-06
jacobi,11266,1.267366e-06
jacobi,11267,1.265839e-06
jacobi,11268,1.264314e-06
jacobi,11269,1.262791e-06
jacobi,11270,1.261270e-06
jacobi,11271,1.259751e-06
jacobi,11272,1.258234e-06
jacobi,11273,1.256718e-06
jacobi,11274,1.255204e-06
jacobi,11275,1.253692e-06
jacobi,11276,1.252182e-06
jacobi,11277,1.250674e-06
jacobi,11278,1.249167e-06
jacobi,11279,1.247663e-06
jacobi,11280,1.246160e-06
jacobi,11281,1.244659e-06
jacobi,11282,1.243160e-06
jacobi,11283,1.241662e-06
jacobi,11284,1.240167e-06
jacobi,11285,1.238673e-06
jacobi,11286,1.237181e-06
jacobi,11287,1.235690e-06
jacobi,11288,1.234202e-06
jacobi,11289,1.232715e-06
jacobi,11290,1.231230e-06
jacobi,11291,1.229747e-06
jacobi,11292,1.228266e-06
jacobi,11293,1.226787e-06
jacobi,11294,1.225309e-06
jacobi,11295,1.223833e-06
jacobi,11296,1.222359e-06
jacobi,11297,1.220886e-06
jacobi,11298,1.219416e-06
jacobi,11299,1.217947e-06
jacobi,11300,1.216480e-06
jacobi,11301,1.215015e-06
jacobi,11302,1.213551e-06
jacobi,11303,1.212089e-06
jacobi,11304,1.210629e-06
jacobi,11305,1.209171e-06
jacobi,11306,1.207715e-06
jacobi,11307,1.206260e-06
jacobi,11308,1.204807e-06
jacobi,11309,1.203356e-06
jacobi,11310,1.201906e-06
jacobi,11311,1.200458e-06
jacobi,11312,1.199012e-06
jacobi,11313,1.197568e-06
jacobi,11314,1.196125e-06
jacobi,11315,1.194685e-06
jacobi,11316,1.193246e-06
jacobi,11317,1.191808e-06
jacobi,11318,1.190373e-06
jacobi,11319,1.188939e-06
jacobi,11320,1.187507e-06
jacobi,11321,1.186076e-06
jacobi,11322,1.184648e-06
jacobi,11323,1.183221e-06
jacobi,11324,1.181795e-06
jacobi,11325,1.180372e-06
jacobi,11326,1.178950e-06
jacobi,11327,1.177530e-06
jacobi,11328,1.176112e-06
jacobi,11329,1.174695e-06
jacobi,11330,1.173280e-06
jacobi,11331,1.171867e-06
jacobi,11332,1.170455e-06
jacobi,11333,1.169045e-06
jacobi,11334,1.167637e-06
jacobi,11335,1.166231e-06
jacobi,11336,1.164826e-06
jacobi,11337,1.163423e-06
jacobi,11338,1.162021e-06
jacobi,11339,1.160622e-06
jacobi,11340,1.159224e-06
jacobi,11341,1.157827e-06
jacobi,11342,1.156433e-06
jacobi,11343,1.155040e-06
jacobi,11344,1.153648e-06
jacobi,11345,1.152259e-06
jacobi,11346,1.150871e-06
jacobi,11347,1.149485e-06
jacobi,11348,1.148100e-06
jacobi,11349,1.146717e-06
jacobi,11350,1.145336e-06
jacobi,11351,1.143956e-06
jacobi,11352,1.142578e-06
jacobi,11353,1.141202e-06
jacobi,11354,1.139827e-06
jacobi,11355,1.138454e-06
jacobi,11356,1.137083e-06
jacobi,11357,1.135713e-06
jacobi,11358,1.134345e-06
jacobi,11359,1.132979e-06
jacobi,11360,1.131614e-06
jacobi,11361,1.130251e-06
jacobi,11362,1.128890e-06
jacobi,11363,1.127530e-06
jacobi,11364,1.126172e-06
jacobi,11365,1.124815e-06
jacobi,11366,1.123460e-06
jacobi,11367,1.122107e-06
jacobi,11368,1.120755e-06
jacobi,11369,1.119405e-06
jacobi,11370,1.118057e-06
jacobi,11371,1.116710e-06
jacobi,11372,1.115365e-06
jacobi,11373,1.114022e-06
jacobi,11374,1.112680e-06
jacobi,11375,1.111340e-06
jacobi,11376,1.110001e-06
jacobi,11377,1.108664e-06
jacobi,11378,1.107328e-06
jacobi,11379,1.105995e-06
jacobi,11380,1.104662e-06
jacobi,11381,1.103332e-06
jacobi,11382,1.102003e-06
jacobi,11383,1.100675e-06
jacobi,11384,1.099350e-06
jacobi,11385,1.098025e-06
jacobi,11386,1.096703e-06
jacobi,11387,1.095382e-06
jacobi,11388,1.094062e-06
jacobi,11389,1.092744e-06
jacobi,11390,1.091428e-06
jacobi,11391,1.090113e-06
jacobi,11392,1.088800e-06
jacobi,11393,1.087489e-06
jacobi,11394,1.086179e-06
jacobi,11395,1.084871e-06
jacobi,11396,1.083564e-06
jacobi,11397,1.082259e-06
jacobi,11398,1.080955e-06
jacobi,11399,1.079653e-06
jacobi,11400,1.078352e-06
jacobi,11401,1.077054e-06
jacobi,11402,1.075756e-06
jacobi,11403,1.074460e-06
jacobi,11404,1.073166e-06
jacobi,11405,1.071873e-06
jacobi,11406,1.070582e-06
jacobi,11407,1.069293e-06
jacobi,11408,1.068005e-06
jacobi,11409,1.066718e-06
jacobi,11410,1.065433e-06
jacobi,11411,1.064150e-06
jacobi,11412,1.062868e-06
jacobi,11413,1.061588e-06
jacobi,11414,1.060309e-06
jacobi,11415,1.059032e-06
jacobi,11416,1.057756e-06
jacobi,11417,1.056482e-06
jacobi,11418,1.055210e-06
jacobi,11419,1.053939e-06
jacobi,11420,1.052669e-06
jacobi,11421,1.051401e-06
jacobi,11422,1.050135e-06
jacobi,11423,1.048870e-06
jacobi,11424,1.047606e-06
jacobi,11425,1.046344e-06
jacobi,11426,1.045084e-06
jacobi,11427,1.043825e-06
jacobi,11428,1.042568e-06
jacobi,11429,1.041312e-06
jacobi,11430,1.040058e-06
jacobi,11431,1.038805e-06
jacobi,11432,1.037554e-06
jacobi,11433,1.036304e-06
jacobi,11434,1.035056e-06
jacobi,11435,1.033809e-06
jacobi,11436,1.032564e-06
jacobi,11437,1.031320e-06
jacobi,11438,1.030078e-06
jacobi,11439,1.028837e-06
jacobi,11440,1.027598e-06
jacobi,11441,1.026360e-06
jacobi,11442,1.025123e-06
jacobi,11443,1.023889e-06
jacobi,11444,1.022655e-06
jacobi,11445,1.021423e-06
jacobi,11446,1.020193e-06
jacobi,11447,1.018964e-06
jacobi,11448,1.017737e-06
jacobi,11449,1.016511e-06
jacobi,11450,1.015287e-06
jacobi,11451,1.014064e-06
jacobi,11452,1.012842e-06
jacobi,11453,1.011622e-06
jacobi,11454,1.010404e-06
jacobi,11455,1.009186e-06
jacobi,11456,1.007971e-06
jacobi,11457,1.006757e-06
jacobi,11458,1.005544e-06
jacobi,11459,1.004333e-06
jacobi,11460,1.003123e-06
jacobi,11461,1.001915e-06
jacobi,11462,1.000708e-06
jacobi,11463,9.995025e-07
gauss_seidel,1,9.976024e-01
gauss_seidel,2,9.952106e-01
gauss_seidel,3,9.928236e-01
gauss_seidel,4,9.904417e-01
gauss_seidel,5,9.880650e-01
gauss_seidel,6,9.856938e-01
gauss_seidel,7,9.833280e-01
gauss_seidel,8,9.809677e-01
gauss_seidel,9,9.786128e-01
gauss_seidel,10,9.762635e-01
gauss_seidel,11,9.739197e-01
gauss_seidel,12,9.715815e-01
gauss_seidel,13,9.692487e-01
gauss_seidel,14,9.669215e-01
gauss_seidel,15,9.645998e-01
gauss_seidel,16,9.622835e-01
gauss_seidel,17,9.599728e-01
gauss_seidel,18,9.576676e-01
gauss_seidel,19,9.553679e-01
gauss_seidel,20,9.530736e-01
gauss_seidel,21,9.507848e-01
gauss_seidel,22,9.485014e-01
gauss_seidel,23,9.462235e-01
gauss_seidel,24,9.439510e-01
gauss_seidel,25,9.416840e-01
gauss_seidel,26,9.394223e-01
gauss_seidel,27,9.371661e-01
gauss_seidel,28,9.349152e-01
gauss_seidel,29,9.326698e-01
gauss_seidel,30,9.304296e-01
gauss_seidel,31,9.281949e-01
gauss_seidel,32,9.259655e-01
gauss_seidel,33,9.237414e-01
gauss_seidel,34,9.215226e-01
gauss_seidel,35,9.193091e-01
gauss_seidel,36,9.171010e-01
gauss_seidel,37,9.148981e-01
gauss_seidel,38,9.127005e-01
gauss_seidel,39,9.105081e-01
gauss_seidel,40,9.083210e-01
gauss_seidel,41,9.061391e-01
gauss_seidel,42,9.039625e-01
gauss_seidel,43,9.017910e-01
gauss_seidel,44,8.996248e-01
gauss_seidel,45,8.974637e-01
gauss_seidel,46,8.953079e-01
gauss_seidel,47,8.931571e-01
gauss_seidel,48,8.910116e-01
gauss_seidel,49,8.888711e-01
gauss_seidel,50,8.867359e-01
gauss_seidel,51,8.846057e-01
gauss_seidel,52,8.824806e-01
gauss_seidel,53,8.803606e-01
gauss_seidel,54,8.782457e-01
gauss_seidel,55,8.761359e-01
gauss_seidel,56,8.740311e-01
gauss_seidel,57,8.719313e-01
gauss_seidel,58,8.698366e-01
gauss_seidel,59,8.677469e-01
gauss_seidel,60,8.656623e-01
gauss_seidel,61,8.635826e-01
gauss_seidel,62,8.615079e-01
gauss_seidel,63,8.594382e-01
gauss_seidel,64,8.573734e-01
gauss_seidel,65,8.553136e-01
gauss_seidel,66,8.532587e-01
gauss_seidel,67,8.512088e-01
gauss_seidel,68,8.491637e-01
gauss_seidel,69,8.471236e-01
gauss_seidel,70,8.450884e-01
gauss_seidel,71,8.430580e-01
gauss_seidel,72,8.410325e-01
gauss_seidel,73,8.390119e-01
gauss_seidel,74,8.369961e-01
gauss_seidel,75,8.349851e-01
gauss_seidel,76,8.329790e-01
gauss_seidel,77,8.309777e-01
gauss_seidel,78,8.289811e-01
gauss_seidel,79,8.269894e-01
gauss_seidel,80,8.250024e-01
gauss_seidel,81,8.230203e-01
gauss_seidel,82,8.210428e-01
gauss_seidel,83,8.190701e-01
gauss_seidel,84,8.171021e-01
gauss_seidel,85,8.151389e-01
gauss_seidel,86,8.131804e-01
gauss_seidel,87,8.112265e-01
gauss_seidel,88,8.092774e-01
gauss_seidel,89,8.073329e-01
gauss_seidel,90,8.053931e-01
gauss_seidel,91,8.034579e-01
gauss_seidel,92,8.015274e-01
gauss_seidel,93,7.996015e-01
gauss_seidel,94,7.976802e-01
gauss_seidel,95,7.957636e-01
gauss_seidel,96,7.938515e-01
gauss_seidel,97,7.919440e-01
gauss_seidel,98,7.900411e-01
gauss_seidel,99,7.881428e-01
gauss_seidel,100,7.862490e-01
gauss_seidel,101,7.843598e-01
gauss_seidel,102,7.824751e-01
gauss_seidel,103,7.805949e-01
gauss_seidel,104,7.787192e-01
gauss_seidel,105,7.768480e-01
gauss_seidel,106,7.749813e-01
gauss_seidel,107,7.731191e-01
gauss_seidel,108,7.712614e-01
gauss_seidel,109,7.694081e-01
gauss_seidel,110,7.675593e-01
gauss_seidel,111,7.657149e-01
gauss_seidel,112,7.638749e-01
gauss_seidel,113,7.620393e-01
gauss_seidel,114,7.602082e-01
gauss_seidel,115,7.583814e-01
gauss_seidel,116,7.565590e-01
gauss_seidel,117,7.547410e-01
gauss_seidel,118,7.529274e-01
gauss_seidel,119,7.511181e-01
gauss_seidel,120,7.493131e-01
gauss_seidel,121,7.475125e-01
gauss_seidel,122,7.457162e-01
gauss_seidel,123,7.439242e-01
gauss_seidel,124,7.421365e-01
gauss_seidel,125,7.403531e-01
gauss_seidel,126,7.385740e-01
gauss_seidel,127,7.367992e-01
gauss_seidel,128,7.350286e-01
gauss_seidel,129,7.332622e-01
gauss_seidel,130,7.315001e-01
gauss_seidel,131,7.297422e-01
gauss_seidel,132,7.279886e-01
gauss_seidel,133,7.262391e-01
gauss_seidel,134,7.244939e-01
gauss_seidel,135,7.227528e-01
gauss_seidel,136,7.210159e-01
gauss_seidel,137,7.192832e-01
gauss_seidel,138,7.175546e-01
gauss_seidel,139,7.158302e-01
gauss_seidel,140,7.141099e-01
gauss_seidel,141,7.123938e-01
gauss_seidel,142,7.106818e-01
gauss_seidel,143,7.089738e-01
gauss_seidel,144,7.072700e-01
gauss_seidel,145,7.055703e-01
gauss_seidel,146,7.038746e-01
gauss_seidel,147,7.021830e-01
gauss_seidel,148,7.004955e-01
gauss_seidel,149,6.988120e-01
gauss_seidel,150,6.971326e-01
gauss_seidel,151,6.954572e-01
gauss_seidel,152,6.937858e-01
gauss_seidel,153,6.921184e-01
gauss_seidel,154,6.904550e-01
gauss_seidel,155,6.887957e-01
gauss_seidel,156,6.871403e-01
gauss_seidel,157,6.854888e-01
gauss_seidel,158,6.838414e-01
gauss_seidel,159,6.821979e-01
gauss_seidel,160,6.805583e-01
gauss_seidel,161,6.789227e-01
gauss_seidel,162,6.772910e-01
gauss_seidel,163,6.756632e-01
gauss_seidel,164,6.740393e-01
gauss_seidel,165,6.724193e-01
gauss_seidel,166,6.708032e-01
gauss_seidel,167,6.691910e-01
gauss_seidel,168,6.675827e-01
gauss_seidel,169,6.659782e-01
gauss_seidel,170,6.643775e-01
gauss_seidel,171,6.627807e-01
gauss_seidel,172,6.611878e-01
gauss_seidel,173,6.595986e-01
gauss_seidel,174,6.580133e-01
gauss_seidel,175,6.564318e-01
gauss_seidel,176,6.548541e-01
gauss_seidel,177,6.532801e-01
gauss_seidel,178,6.517100e-01
gauss_seidel,179,6.501436e-01
gauss_seidel,180,6.485809e-01
gauss_seidel,181,6.470220e-01
gauss_seidel,182,6.454669e-01
gauss_seidel,183,6.439155e-01
gauss_seidel,184,6.423678e-01
gauss_seidel,185,6.408238e-01
gauss_seidel,186,6.392836e-01
gauss_seidel,187,6.377470e-01
gauss_seidel,188,6.362141e-01
gauss_seidel,189,6.346849e-01
gauss_seidel,190,6.331594e-01
gauss_seidel,191,6.316375e-01
gauss_seidel,192,6.301193e-01
gauss_seidel,193,6.286047e-01
gauss_seidel,194,6.270938e-01
gauss_seidel,195,6.255865e-01
gauss_seidel,196,6.240828e-01
gauss_seidel,197,6.225827e-01
gauss_seidel,198,6.210862e-01
gauss_seidel,199,6.195933e-01
gauss_seidel,200,6.181040e-01
gauss_seidel,201,6.166183e-01
gauss_seidel,202,6.151361e-01
gauss_seidel,203,6.136575e-01
gauss_seidel,204,6.121825e-01
gauss_seidel,205,6.107110e-01
gauss_seidel,206,6.092430e-01
gauss_seidel,207,6.077785e-01
gauss_seidel,208,6.063176e-01
gauss_seidel,209,6.048601e-01
gauss_seidel,210,6.034062e-01
gauss_seidel,211,6.019557e-01
gauss_seidel,212,6.005088e-01
gauss_seidel,213,5.990653e-01
gauss_seidel,214,5.976252e-01
gauss_seidel,215,5.961887e-01
gauss_seidel,216,5.947555e-01
gauss_seidel,217,5.933258e-01
gauss_seidel,218,5.918996e-01
gauss_seidel,219,5.904768e-01
gauss_seidel,220,5.890573e-01
gauss_seidel,221,5.876413e-01
gauss_seidel,222,5.862287e-01
gauss_seidel,223,5.848195e-01
gauss_seidel,224,5.834137e-01
gauss_seidel,225,5.820112e-01
gauss_seidel,226,5.806121e-01
gauss_seidel,227,5.792164e-01
gauss_seidel,228,5.778240e-01
gauss_seidel,229,5.764349e-01
gauss_seidel,230,5.750492e-01
gauss_seidel,231,5.736669e-01
gauss_seidel,232,5.722878e-01
gauss_seidel,233,5.709120e-01
gauss_seidel,234,5.695396e-01
gauss_seidel,235,5.681704e-01
gauss_seidel,236,5.668046e-01
gauss_seidel,237,5.654420e-01
gauss_seidel,238,5.640827e-01
gauss_seidel,239,5.627266e-01
gauss_seidel,240,5.613738e-01
gauss_seidel,241,5.600242e-01
gauss_seidel,242,5.586779e-01
gauss_seidel,243,5.573348e-01
gauss_seidel,244,5.559950e-01
gauss_seidel,245,5.546583e-01
gauss_seidel,246,5.533249e-01
gauss_seidel,247,5.519947e-01
gauss_seidel,248,5.506677e-01
gauss_seidel,249,5.493438e-01
gauss_seidel,250,5.480231e-01
gauss_seidel,251,5.467056e-01
gauss_seidel,252,5.453913e-01
gauss_seidel,253,5.440801e-01
gauss_seidel,254,5.427721e-01
gauss_seidel,255,5.414672e-01
gauss_seidel,256,5.401654e-01
gauss_seidel,257,5.388668e-01
gauss_seidel,258,5.375712e-01
gauss_seidel,259,5.362788e-01
gauss_seidel,260,5.349895e-01
gauss_seidel,261,5.337033e-01
gauss_seidel,262,5.324202e-01
gauss_seidel,263,5.311401e-01
gauss_seidel,264,5.298632e-01
gauss_seidel,265,5.285893e-01
gauss_seidel,266,5.273184e-01
gauss_seidel,267,5.260506e-01
gauss_seidel,268,5.247859e-01
gauss_seidel,269,5.235242e-01
gauss_seidel,270,5.222655e-01
gauss_seidel,271,5.210098e-01
gauss_seidel,272,5.197572e-01
gauss_seidel,273,5.185075e-01
gauss_seidel,274,5.172609e-01
gauss_seidel,275,5.160172e-01
gauss_seidel,276,5.147766e-01
gauss_seidel,277,5.135389e-01
gauss_seidel,278,5.123042e-01
gauss_seidel,279,5.110724e-01
gauss_seidel,280,5.098436e-01
gauss_seidel,281,5.086178e-01
gauss_seidel,282,5.073949e-01
gauss_seidel,283,5.061750e-01
gauss_seidel,284,5.049579e-01
gauss_seidel,285,5.037438e-01
gauss_seidel,286,5.025326e-01
gauss_seidel,287,5.013243e-01
gauss_seidel,288,5.001190e-01
gauss_seidel,289,4.989165e-01
gauss_seidel,290,4.977169e-01
gauss_seidel,291,4.965201e-01
gauss_seidel,292,4.953263e-01
gauss_seidel,293,4.941353e-01
gauss_seidel,294,4.929472e-01
gauss_seidel,295,4.917619e-01
gauss_seidel,296,4.905795e-01
gauss_seidel,297,4.893999e-01
gauss_seidel,298,4.882232e-01
gauss_seidel,299,4.870492e-01
gauss_seidel,300,4.858781e-01
gauss_seidel,301,4.847098e-01
gauss_seidel,302,4.835443e-01
gauss_seidel,303,4.823816e-01
gauss_seidel,304,4.812217e-01
gauss_seidel,305,4.800646e-01
gauss_seidel,306,4.789103e-01
gauss_seidel,307,4.777587e-01
gauss_seidel,308,4.766099e-01
gauss_seidel,309,4.754639e-01
gauss_seidel,310,4.743206e-01
gauss_seidel,311,4.731801e-01
gauss_seidel,312,4.720423e-01
gauss_seidel,313,4.709072e-01
gauss_seidel,314,4.697748e-01
gauss_seidel,315,4.686452e-01
gauss_seidel,316,4.675183e-01
gauss_seidel,317,4.663941e-01
gauss_seidel,318,4.652726e-01
gauss_seidel,319,4.641538e-01
gauss_seidel,320,4.630376e-01
gauss_seidel,321,4.619242e-01
gauss_seidel,322,4.608134e-01
gauss_seidel,323,4.597053e-01
gauss_seidel,324,4.585999e-01
gauss_seidel,325,4.574971e-01
gauss_seidel,326,4.563969e-01
gauss_seidel,327,4.552994e-01
gauss_seidel,328,4.542046e-01
gauss_seidel,329,4.531123e-01
gauss_seidel,330,4.520227e-01
gauss_seidel,331,4.509357e-01
gauss_seidel,332,4.498513e-01
gauss_seidel,333,4.487696e-01
gauss_seidel,334,4.476904e-01
gauss_seidel,335,4.466138e-01
gauss_seidel,336,4.455398e-01
gauss_seidel,337,4.444683e-01
gauss_seidel,338,4.433995e-01
gauss_seidel,339,4.423332e-01
gauss_seidel,340,4.412695e-01
gauss_seidel,341,4.402083e-01
gauss_seidel,342,4.391497e-01
gauss_seidel,343,4.380936e-01
gauss_seidel,344,4.370401e-01
gauss_seidel,345,4.359891e-01
gauss_seidel,346,4.349406e-01
gauss_seidel,347,4.338946e-01
gauss_seidel,348,4.328511e-01
gauss_seidel,349,4.318102e-01
gauss_seidel,350,4.307717e-01
gauss_seidel,351,4.297358e-01
gauss_seidel,352,4.287023e-01
gauss_seidel,353,4.276713e-01
gauss_seidel,354,4.266428e-01
gauss_seidel,355,4.256168e-01
gauss_seidel,356,4.245932e-01
gauss_seidel,357,4.235721e-01
gauss_seidel,358,4.225534e-01
gauss_seidel,359,4.215372e-01
gauss_seidel,360,4.205234e-01
gauss_seidel,361,4.195121e-01
gauss_seidel,362,4.185031e-01
gauss_seidel,363,4.174967e-01
gauss_seidel,364,4.164926e-01
gauss_seidel,365,4.154909e-01
gauss_seidel,366,4.144917e-01
gauss_seidel,367,4.134948e-01
gauss_seidel,368,4.125003e-01
gauss_seidel,369,4.115083e-01
gauss_seidel,370,4.105186e-01
gauss_seidel,371,4.095313e-01
gauss_seidel,372,4.085463e-01
gauss_seidel,373,4.075638e-01
gauss_seidel,374,4.065835e-01
gauss_seidel,375,4.056057e-01
gauss_seidel,376,4.046302e-01
gauss_seidel,377,4.036570e-01
gauss_seidel,378,4.026862e-01
gauss_seidel,379,4.017177e-01
gauss_seidel,380,4.007515e-01
gauss_seidel,381,3.997877e-01
gauss_seidel,382,3.988261e-01
gauss_seidel,383,3.978669e-01
gauss_seidel,384,3.969100e-01
gauss_seidel,385,3.959553e-01
gauss_seidel,386,3.950030e-01
gauss_seidel,387,3.940530e-01
gauss_seidel,388,3.931052e-01
gauss_seidel,389,3.921597e-01
gauss_seidel,390,3.912165e-01
gauss_seidel,391,3.902756e-01
gauss_seidel,392,3.893369e-01
gauss_seidel,393,3.884005e-01
gauss_seidel,394,3.874663e-01
gauss_seidel,395,3.865343e-01
gauss_seidel,396,3.856046e-01
gauss_seidel,397,3.846772e-01
gauss_seidel,398,3.837519e-01
gauss_seidel,399,3.828289e-01
gauss_seidel,400,3.819081e-01
gauss_seidel,401,3.809895e-01
gauss_seidel,402,3.800732e-01
gauss_seidel,403,3.791590e-01
gauss_seidel,404,3.782470e-01
gauss_seidel,405,3.773372e-01
gauss_seidel,406,3.764296e-01
gauss_seidel,407,3.755242e-01
gauss_seidel,408,3.746210e-01
gauss_seidel,409,3.737199e-01
gauss_seidel,410,3.728210e-01
gauss_seidel,411,3.719242e-01
gauss_seidel,412,3.710296e-01
gauss_seidel,413,3.701372e-01
gauss_seidel,414,3.692469e-01
gauss_seidel,415,3.683587e-01
gauss_seidel,416,3.674727e-01
gauss_seidel,417,3.665888e-01
gauss_seidel,418,3.657070e-01
gauss_seidel,419,3.648273e-01
gauss_seidel,420,3.639498e-01
gauss_seidel,421,3.630743e-01
gauss_seidel,422,3.622010e-01
gauss_seidel,423,3.613298e-01
gauss_seidel,424,3.604606e-01
gauss_seidel,425,3.595936e-01
gauss_seidel,426,3.587286e-01
gauss_seidel,427,3.578657e-01
gauss_seidel,428,3.570049e-01
gauss_seidel,429,3.561461e-01
gauss_seidel,430,3.552894e-01
gauss_seidel,431,3.544348e-01
gauss_seidel,432,3.535822e-01
gauss_seidel,433,3.527317e-01
gauss_seidel,434,3.518832e-01
gauss_seidel,435,3.510368e-01
gauss_seidel,436,3.501923e-01
gauss_seidel,437,3.493500e-01
gauss_seidel,438,3.485096e-01
gauss_seidel,439,3.476713e-01
gauss_seidel,440,3.468349e-01
gauss_seidel,441,3.460006e-01
gauss_seidel,442,3.451683e-01
gauss_seidel,443,3.443380e-01
gauss_seidel,444,3.435097e-01
gauss_seidel,445,3.426833e-01
gauss_seidel,446,3.418590e-01
gauss_seidel,447,3.410366e-01
gauss_seidel,448,3.402163e-01
gauss_seidel,449,3.393979e-01
gauss_seidel,450,3.385814e-01
gauss_seidel,451,3.377669e-01
gauss_seidel,452,3.369544e-01
gauss_seidel,453,3.361438e-01
gauss_seidel,454,3.353352e-01
gauss_seidel,455,3.345285e-01
gauss_seidel,456,3.337238e-01
gauss_seidel,457,3.329210e-01
gauss_seidel,458,3.321201e-01
gauss_seidel,459,3.313211e-01
gauss_seidel,460,3.305241e-01
gauss_seidel,461,3.297290e-01
gauss_seidel,462,3.289357e-01
gauss_seidel,463,3.281444e-01
gauss_seidel,464,3.273550e-01
gauss_seidel,465,3.265675e-01
gauss_seidel,466,3.257819e-01
gauss_seidel,467,3.249982e-01
gauss_seidel,468,3.242164e-01
gauss_seidel,469,3.234364e-01
gauss_seidel,470,3.226583e-01
gauss_seidel,471,3.218821e-01
gauss_seidel,472,3.211077e-01
gauss_seidel,473,3.203352e-01
gauss_seidel,474,3.195646e-01
gauss_seidel,475,3.187958e-01
gauss_seidel,476,3.180289e-01
gauss_seidel,477,3.172638e-01
gauss_seidel,478,3.165005e-01
gauss_seidel,479,3.157391e-01
gauss_seidel,480,3.149795e-01
gauss_seidel,481,3.142218e-01
gauss_seidel,482,3.134658e-01
gauss_seidel,483,3.127117e-01
gauss_seidel,484,3.119594e-01
gauss_seidel,485,3.112089e-01
gauss_seidel,486,3.104602e-01
gauss_seidel,487,3.097133e-01
gauss_seidel,488,3.089682e-01
gauss_seidel,489,3.082248e-01
gauss_seidel,490,3.074833e-01
gauss_seidel,491,3.067436e-01
gauss_seidel,492,3.060056e-01
gauss_seidel,493,3.052694e-01
gauss_seidel,494,3.045350e-01
gauss_seidel,495,3.038023e-01
gauss_seidel,496,3.030714e-01
gauss_seidel,497,3.023423e-01
gauss_seidel,498,3.016149e-01
gauss_seidel,499,3.008892e-01
gauss_seidel,500,3.001653e-01
gauss_seidel,501,2.994432e-01
gauss_seidel,502,2.987227e-01
gauss_seidel,503,2.980040e-01
gauss_seidel,504,2.972871e-01
gauss_seidel,505,2.965718e-01
gauss_seidel,506,2.958583e-01
gauss_seidel,507,2.951465e-01
gauss_seidel,508,2.944364e-01
gauss_seidel,509,2.937280e-01
gauss_seidel,510,2.930213e-01
gauss_seidel,511,2.923164e-01
gauss_seidel,512,2.916131e-01
gauss_seidel,513,2.909115e-01
gauss_seidel,514,2.902115e-01
gauss_seidel,515,2.895133e-01
gauss_seidel,516,2.888168e-01
gauss_seidel,517,2.881219e-01
gauss_seidel,518,2.874287e-01
gauss_seidel,519,2.867371e-01
gauss_seidel,520,2.860472e-01
gauss_seidel,521,2.853590e-01
gauss_seidel,522,2.846724e-01
gauss_seidel,523,2.839875e-01
gauss_seidel,524,2.833043e-01
gauss_seidel,525,2.826226e-01
gauss_seidel,526,2.819426e-01
gauss_seidel,527,2.812643e-01
gauss_seidel,528,2.805875e-01
gauss_seidel,529,2.799124e-01
gauss_seidel,530,2.792390e-01
gauss_seidel,531,2.785671e-01
gauss_seidel,532,2.778969e-01
gauss_seidel,533,2.772282e-01
gauss_seidel,534,2.765612e-01
gauss_seidel,535,2.758958e-01
gauss_seidel,536,2.752320e-01
gauss_seidel,537,2.745697e-01
gauss_seidel,538,2.739091e-01
gauss_seidel,539,2.732501e-01
gauss_seidel,540,2.725926e-01
gauss_seidel,541,2.719367e-01
gauss_seidel,542,2.712824e-01
gauss_seidel,543,2.706297e-01
gauss_seidel,544,2.699785e-01
gauss_seidel,545,2.693289e-01
gauss_seidel,546,2.686809e-01
gauss_seidel,547,2.680344e-01
gauss_seidel,548,2.673895e-01
gauss_seidel,549,2.667461e-01
gauss_seidel,550,2.661043e-01
gauss_seidel,551,2.654640e-01
gauss_seidel,552,2.648253e-01
gauss_seidel,553,2.641881e-01
gauss_seidel,554,2.635524e-01
gauss_seidel,555,2.629183e-01
gauss_seidel,556,2.622856e-01
gauss_seidel,557,2.616545e-01
gauss_seidel,558,2.610250e-01
gauss_seidel,559,2.603969e-01
gauss_seidel,560,2.597703e-01
gauss_seidel,561,2.591453e-01
gauss_seidel,562,2.585217e-01
gauss_seidel,563,2.578997e-01
gauss_seidel,564,2.572791e-01
gauss_seidel,565,2.566600e-01
gauss_seidel,566,2.560425e-01
gauss_seidel,567,2.554264e-01
gauss_seidel,568,2.548118e-01
gauss_seidel,569,2.541986e-01
gauss_seidel,570,2.535870e-01
gauss_seidel,571,2.529768e-01
gauss_seidel,572,2.523681e-01
gauss_seidel,573,2.517608e-01
gauss_seidel,574,2.511550e-01
gauss_seidel,575,2.505507e-01
gauss_seidel,576,2.499478e-01
gauss_seidel,577,2.493464e-01
gauss_seidel,578,2.487464e-01
gauss_seidel,579,2.481478e-01
gauss_seidel,580,2.475507e-01
gauss_seidel,581,2.469550e-01
gauss_seidel,582,2.463608e-01
gauss_seidel,583,2.457680e-01
gauss_seidel,584,2.451766e-01
gauss_seidel,585,2.445866e-01
gauss_seidel,586,2.439981e-01
gauss_seidel,587,2.434109e-01
gauss_seidel,588,2.428252e-01
gauss_seidel,589,2.422409e-01
gauss_seidel,590,2.416580e-01
gauss_seidel,591,2.410765e-01
gauss_seidel,592,2.404964e-01
gauss_seidel,593,2.399177e-01
gauss_seidel,594,2.393404e-01
gauss_seidel,595,2.387644e-01
gauss_seidel,596,2.381899e-01
gauss_seidel,597,2.376167e-01
gauss_seidel,598,2.370449e-01
gauss_seidel,599,2.364745e-01
gauss_seidel,600,2.359055e-01
gauss_seidel,601,2.353378e-01
gauss_seidel,602,2.347715e-01
gauss_seidel,603,2.342065e-01
gauss_seidel,604,2.336430e-01
gauss_seidel,605,2.330807e-01
gauss_seidel,606,2.325198e-01
gauss_seidel,607,2.319603e-01
gauss_seidel,608,2.314021e-01
gauss_seidel,609,2.308453e-01
gauss_seidel,610,2.302898e-01
gauss_seidel,611,2.297356e-01
gauss_seidel,612,2.291828e-01
gauss_seidel,613,2.286313e-01
gauss_seidel,614,2.280811e-01
gauss_seidel,615,2.275322e-01
gauss_seidel,616,2.269847e-01
gauss_seidel,617,2.264385e-01
gauss_seidel,618,2.258936e-01
gauss_seidel,619,2.253500e-01
gauss_seidel,620,2.248077e-01
gauss_seidel,621,2.242667e-01
gauss_seidel,622,2.237270e-01
gauss_seidel,623,2.231886e-01
gauss_seidel,624,2.226515e-01
gauss_seidel,625,2.221157e-01
gauss_seidel,626,2.215812e-01
gauss_seidel,627,2.210480e-01
gauss_seidel,628,2.205160e-01
gauss_seidel,629,2.199854e-01
gauss_seidel,630,2.194560e-01
gauss_seidel,631,2.189279e-01
gauss_seidel,632,2.184010e-01
gauss_seidel,633,2.178754e-01
gauss_seidel,634,2.173511e-01
gauss_seidel,635,2.168281e-01
gauss_seidel,636,2.163063e-01
gauss_seidel,637,2.157857e-01
gauss_seidel,638,2.152664e-01
gauss_seidel,639,2.147484e-01
gauss_seidel,640,2.142316e-01
gauss_seidel,641,2.137161e-01
gauss_seidel,642,2.132017e-01
gauss_seidel,643,2.126887e-01
gauss_seidel,644,2.121768e-01
gauss_seidel,645,2.116662e-01
gauss_seidel,646,2.111568e-01
gauss_seidel,647,2.106487e-01
gauss_seidel,648,2.101417e-01
gauss_seidel,649,2.096360e-01
gauss_seidel,650,2.091315e-01
gauss_seidel,651,2.086282e-01
gauss_seidel,652,2.081262e-01
gauss_seidel,653,2.076253e-01
gauss_seidel,654,2.071256e-01
gauss_seidel,655,2.066272e-01
gauss_seidel,656,2.061299e-01
gauss_seidel,657,2.056338e-01
gauss_seidel,658,2.051390e-01
gauss_seidel,659,2.046453e-01
gauss_seidel,660,2.041528e-01
gauss_seidel,661,2.036615e-01
gauss_seidel,662,2.031713e-01
gauss_seidel,663,2.026824e-01
gauss_seidel,664,2.021946e-01
gauss_seidel,665,2.017080e-01
gauss_seidel,666,2.012226e-01
gauss_seidel,667,2.007383e-01
gauss_seidel,668,2.002552e-01
gauss_seidel,669,1.997733e-01
gauss_seidel,670,1.992925e-01
gauss_seidel,671,1.988129e-01
gauss_seidel,672,1.983344e-01
gauss_seidel,673,1.978571e-01
gauss_seidel,674,1.973809e-01
gauss_seidel,675,1.969059e-01
gauss_seidel,676,1.964320e-01
gauss_seidel,677,1.959593e-01
gauss_seidel,678,1.954877e-01
gauss_seidel,679,1.950172e-01
gauss_seidel,680,1.945479e-01
gauss_seidel,681,1.940797e-01
gauss_seidel,682,1.936126e-01
gauss_seidel,683,1.931466e-01
gauss_seidel,684,1.926818e-01
gauss_seidel,685,1.922181e-01
gauss_seidel,686,1.917554e-01
gauss_seidel,687,1.912940e-01
gauss_seidel,688,1.908336e-01
gauss_seidel,689,1.903743e-01
gauss_seidel,690,1.899161e-01
gauss_seidel,691,1.894591e-01
gauss_seidel,692,1.890031e-01
gauss_seidel,693,1.885482e-01
gauss_seidel,694,1.880944e-01
gauss_seidel,695,1.876417e-01
gauss_seidel,696,1.871901e-01
gauss_seidel,697,1.867396e-01
gauss_seidel,698,1.862902e-01
gauss_seidel,699,1.858419e-01
gauss_seidel,700,1.853946e-01
gauss_seidel,701,1.849484e-01
gauss_seidel,702,1.845033e-01
gauss_seidel,703,1.840592e-01
gauss_seidel,704,1.836162e-01
gauss_seidel,705,1.831743e-01
gauss_seidel,706,1.827335e-01
gauss_seidel,707,1.822937e-01
gauss_seidel,708,1.818550e-01
gauss_seidel,709,1.814173e-01
gauss_seidel,710,1.809806e-01
gauss_seidel,711,1.805451e-01
gauss_seidel,712,1.801105e-01
gauss_seidel,713,1.796771e-01
gauss_seidel,714,1.792446e-01
gauss_seidel,715,1.788132e-01
gauss_seidel,716,1.783829e-01
gauss_seidel,717,1.779535e-01
gauss_seidel,718,1.775252e-01
gauss_seidel,719,1.770980e-01
gauss_seidel,720,1.766717e-01
gauss_seidel,721,1.762465e-01
gauss_seidel,722,1.758223e-01
gauss_seidel,723,1.753992e-01
gauss_seidel,724,1.749770e-01
gauss_seidel,725,1.745559e-01
gauss_seidel,726,1.741358e-01
gauss_seidel,727,1.737167e-01
gauss_seidel,728,1.732986e-01
gauss_seidel,729,1.728815e-01
gauss_seidel,730,1.724654e-01
gauss_seidel,731,1.720503e-01
gauss_seidel,732,1.716362e-01
gauss_seidel,733,1.712231e-01
gauss_seidel,734,1.708110e-01
gauss_seidel,735,1.703999e-01
gauss_seidel,736,1.699898e-01
gauss_seidel,737,1.695806e-01
gauss_seidel,738,1.691725e-01
gauss_seidel,739,1.687653e-01
gauss_seidel,740,1.683591e-01
gauss_seidel,741,1.679539e-01
gauss_seidel,742,1.675497e-01
gauss_seidel,743,1.671464e-01
gauss_seidel,744,1.667441e-01
gauss_seidel,745,1.663428e-01
gauss_seidel,746,1.659424e-01
gauss_seidel,747,1.655430e-01
gauss_seidel,748,1.651446e-01
gauss_seidel,749,1.647471e-01
gauss_seidel,750,1.643506e-01
gauss_seidel,751,1.639550e-01
gauss_seidel,752,1.635604e-01
gauss_seidel,753,1.631667e-01
gauss_seidel,754,1.627740e-01
gauss_seidel,755,1.623822e-01
gauss_seidel,756,1.619914e-01
gauss_seidel,757,1.616015e-01
gauss_seidel,758,1.612125e-01
gauss_seidel,759,1.608245e-01
gauss_seidel,760,1.604374e-01
gauss_seidel,761,1.600513e-01
gauss_seidel,762,1.596660e-01
gauss_seidel,763,1.592817e-01
gauss_seidel,764,1.588984e-01
gauss_seidel,765,1.585159e-01
gauss_seidel,766,1.581344e-01
gauss_seidel,767,1.577538e-01
gauss_seidel,768,1.573741e-01
gauss_seidel,769,1.569953e-01
gauss_seidel,770,1.566174e-01
gauss_seidel,771,1.562404e-01
gauss_seidel,772,1.558644e-01
gauss_seidel,773,1.554892e-01
gauss_seidel,774,1.551150e-01
gauss_seidel,775,1.547416e-01
gauss_seidel,776,1.543692e-01
gauss_seidel,777,1.539976e-01
gauss_seidel,778,1.536270e-01
gauss_seidel,779,1.532572e-01
gauss_seidel,780,1.528883e-01
gauss_seidel,781,1.525203e-01
gauss_seidel,782,1.521532e-01
gauss_seidel,783,1.517870e-01
gauss_seidel,784,1.514216e-01
gauss_seidel,785,1.510572e-01
gauss_seidel,786,1.506936e-01
gauss_seidel,787,1.503309e-01
gauss_seidel,788,1.499690e-01
gauss_seidel,789,1.496081e-01
gauss_seidel,790,1.492480e-01
gauss_seidel,791,1.488887e-01
gauss_seidel,792,1.485304e-01
gauss_seidel,793,1.481729e-01
gauss_seidel,794,1.478162e-01
gauss_seidel,795,1.474604e-01
gauss_seidel,796,1.471055e-01
gauss_seidel,797,1.467514e-01
gauss_seidel,798,1.463982e-01
gauss_seidel,799,1.460458e-01
gauss_seidel,800,1.456943e-01
gauss_seidel,801,1.453436e-01
gauss_seidel,802,1.449937e-01
gauss_seidel,803,1.446447e-01
gauss_seidel,804,1.442966e-01
gauss_seidel,805,1.439493e-01
gauss_seidel,806,1.436028e-01
gauss_seidel,807,1.432571e-01
gauss_seidel,808,1.429123e-01
gauss_seidel,809,1.425683e-01
gauss_seidel,810,1.422252e-01
gauss_seidel,811,1.418828e-01
gauss_seidel,812,1.415413e-01
gauss_seidel,813,1.412006e-01
gauss_seidel,814,1.408607e-01
gauss_seidel,815,1.405217e-01
gauss_seidel,816,1.401834e-01
gauss_seidel,817,1.398460e-01
gauss_seidel,818,1.395094e-01
gauss_seidel,819,1.391736e-01
gauss_seidel,820,1.388386e-01
gauss_seidel,821,1.385044e-01
gauss_seidel,822,1.381710e-01
gauss_seidel,823,1.378385e-01
gauss_seidel,824,1.375067e-01
gauss_seidel,825,1.371757e-01
gauss_seidel,826,1.368455e-01
gauss_seidel,827,1.365161e-01
gauss_seidel,828,1.361875e-01
gauss_seidel,829,1.358597e-01
gauss_seidel,830,1.355327e-01
gauss_seidel,831,1.352064e-01
gauss_seidel,832,1.348810e-01
gauss_seidel,833,1.345563e-01
gauss_seidel,834,1.342324e-01
gauss_seidel,835,1.339093e-01
gauss_seidel,836,1.335870e-01
gauss_seidel,837,1.332655e-01
gauss_seidel,838,1.329447e-01
gauss_seidel,839,1.326247e-01
gauss_seidel,840,1.323054e-01
gauss_seidel,841,1.319870e-01
gauss_seidel,842,1.316693e-01
gauss_seidel,843,1.313523e-01
gauss_seidel,844,1.310361e-01
gauss_seidel,845,1.307207e-01
gauss_seidel,846,1.304061e-01
gauss_seidel,847,1.300922e-01
gauss_seidel,848,1.297790e-01
gauss_seidel,849,1.294666e-01
gauss_seidel,850,1.291550e-01
gauss_seidel,851,1.288441e-01
gauss_seidel,852,1.285340e-01
gauss_seidel,853,1.282246e-01
gauss_seidel,854,1.279159e-01
gauss_seidel,855,1.276080e-01
gauss_seidel,856,1.273009e-01
gauss_seidel,857,1.269944e-01
gauss_seidel,858,1.266888e-01
gauss_seidel,859,1.263838e-01
gauss_seidel,860,1.260796e-01
gauss_seidel,861,1.257761e-01
gauss_seidel,862,1.254733e-01
gauss_seidel,863,1.251713e-01
gauss_seidel,864,1.248700e-01
gauss_seidel,865,1.245694e-01
gauss_seidel,866,1.242696e-01
gauss_seidel,867,1.239704e-01
gauss_seidel,868,1.236720e-01
gauss_seidel,869,1.233743e-01
gauss_seidel,870,1.230774e-01
gauss_seidel,871,1.227811e-01
gauss_seidel,872,1.224855e-01
gauss_seidel,873,1.221907e-01
gauss_seidel,874,1.218966e-01
gauss_seidel,875,1.216032e-01
gauss_seidel,876,1.213104e-01
gauss_seidel,877,1.210184e-01
gauss_seidel,878,1.207271e-01
gauss_seidel,879,1.204365e-01
gauss_seidel,880,1.201466e-01
gauss_seidel,881,1.198574e-01
gauss_seidel,882,1.195689e-01
gauss_seidel,883,1.192811e-01
gauss_seidel,884,1.189939e-01
gauss_seidel,885,1.187075e-01
gauss_seidel,886,1.184218e-01
gauss_seidel,887,1.181367e-01
gauss_seidel,888,1.178523e-01
gauss_seidel,889,1.175686e-01
gauss_seidel,890,1.172856e-01
gauss_seidel,891,1.170033e-01
gauss_seidel,892,1.167216e-01
gauss_seidel,893,1.164407e-01
gauss_seidel,894,1.161604e-01
gauss_seidel,895,1.158808e-01
gauss_seidel,896,1.156018e-01
gauss_seidel,897,1.153236e-01
gauss_seidel,898,1.150459e-01
gauss_seidel,899,1.147690e-01
gauss_seidel,900,1.144927e-01
gauss_seidel,901,1.142171e-01
gauss_seidel,902,1.139422e-01
gauss_seidel,903,1.136679e-01
gauss_seidel,904,1.133943e-01
gauss_seidel,905,1.131213e-01
gauss_seidel,906,1.128490e-01
gauss_seidel,907,1.125774e-01
gauss_seidel,908,1.123064e-01
gauss_seidel,909,1.120360e-01
gauss_seidel,910,1.117664e-01
gauss_seidel,911,1.114973e-01
gauss_seidel,912,1.112289e-01
gauss_seidel,913,1.109612e-01
gauss_seidel,914,1.106941e-01
gauss_seidel,915,1.104276e-01
gauss_seidel,916,1.101618e-01
gauss_seidel,917,1.098966e-01
gauss_seidel,918,1.096321e-01
gauss_seidel,919,1.093681e-01
gauss_seidel,920,1.091049e-01
gauss_seidel,921,1.088422e-01
gauss_seidel,922,1.085802e-01
gauss_seidel,923,1.083189e-01
gauss_seidel,924,1.080581e-01
gauss_seidel,925,1.077980e-01
gauss_seidel,926,1.075385e-01
gauss_seidel,927,1.072796e-01
gauss_seidel,928,1.070214e-01
gauss_seidel,929,1.067638e-01
gauss_seidel,930,1.065067e-01
gauss_seidel,931,1.062504e-01
gauss_seidel,932,1.059946e-01
gauss_seidel,933,1.057394e-01
gauss_seidel,934,1.054849e-01
gauss_seidel,935,1.052310e-01
gauss_seidel,936,1.049777e-01
gauss_seidel,937,1.047250e-01
gauss_seidel,938,1.044729e-01
gauss_seidel,939,1.042214e-01
gauss_seidel,940,1.039705e-01
gauss_seidel,941,1.037202e-01
gauss_seidel,942,1.034705e-01
gauss_seidel,943,1.032214e-01
gauss_seidel,944,1.029730e-01
gauss_seidel,945,1.027251e-01
gauss_seidel,946,1.024778e-01
gauss_seidel,947,1.022311e-01
gauss_seidel,948,1.019850e-01
gauss_seidel,949,1.017395e-01
gauss_seidel,950,1.014946e-01
gauss_seidel,951,1.012503e-01
gauss_seidel,952,1.010065e-01
gauss_seidel,953,1.007634e-01
gauss_seidel,954,1.005208e-01
gauss_seidel,955,1.002788e-01
gauss_seidel,956,1.000374e-01
gauss_seidel,957,9.979663e-02
gauss_seidel,958,9.955640e-02
gauss_seidel,959,9.931674e-02
gauss_seidel,960,9.907766e-02
gauss_seidel,961,9.883915e-02
gauss_seidel,962,9.860122e-02
gauss_seidel,963,9.836386e-02
gauss_seidel,964,9.812707e-02
gauss_seidel,965,9.789085e-02
gauss_seidel,966,9.765520e-02
gauss_seidel,967,9.742012e-02
gauss_seidel,968,9.718560e-02
gauss_seidel,969,9.695165e-02
gauss_seidel,970,9.671826e-02
gauss_seidel,971,9.648543e-02
gauss_seidel,972,9.625316e-02
gauss_seidel,973,9.602146e-02
gauss_seidel,974,9.579030e-02
gauss_seidel,975,9.555971e-02
gauss_seidel,976,9.532967e-02
gauss_seidel,977,9.510018e-02
gauss_seidel,978,9.487125e-02
gauss_seidel,979,9.464287e-02
gauss_seidel,980,9.441504e-02
gauss_seidel,981,9.418775e-02
gauss_seidel,982,9.396101e-02
gauss_seidel,983,9.373482e-02
gauss_seidel,984,9.350918e-02
gauss_seidel,985,9.328407e-02
gauss_seidel,986,9.305951e-02
gauss_seidel,987,9.283549e-02
gauss_seidel,988,9.261200e-02
gauss_seidel,989,9.238906e-02
gauss_seidel,990,9.216665e-02
gauss_seidel,991,9.194478e-02
gauss_seidel,992,9.172344e-02
gauss_seidel,993,9.150263e-02
gauss_seidel,994,9.128236e-02
gauss_seidel,995,9.106261e-02
gauss_seidel,996,9.084340e-02
gauss_seidel,997,9.062471e-02
gauss_seidel,998,9.040655e-02
gauss_seidel,999,9.018891e-02
gauss_seidel,1000,8.997180e-02
gauss_seidel,1001,8.975521e-02
gauss_seidel,1002,8.953914e-02
gauss_seidel,1003,8.932359e-02
gauss_seidel,1004,8.910856e-02
gauss_seidel,1005,8.889404e-02
gauss_seidel,1006,8.868005e-02
gauss_seidel,1007,8.846657e-02
gauss_seidel,1008,8.825360e-02
gauss_seidel,1009,8.804114e-02
gauss_seidel,1010,8.782920e-02
gauss_seidel,1011,8.761777e-02
gauss_seidel,1012,8.740684e-02
gauss_seidel,1013,8.719643e-02
gauss_seidel,1014,8.698651e-02
gauss_seidel,1015,8.677711e-02
gauss_seidel,1016,8.656821e-02
gauss_seidel,1017,8.635981e-02
gauss_seidel,1018,8.615191e-02
gauss_seidel,1019,8.594452e-02
gauss_seidel,1020,8.573762e-02
gauss_seidel,1021,8.553122e-02
gauss_seidel,1022,8.532532e-02
gauss_seidel,1023,8.511991e-02
gauss_seidel,1024,8.491500e-02
gauss_seidel,1025,8.471058e-02
gauss_seidel,1026,8.450665e-02
gauss_seidel,1027,8.430321e-02
gauss_seidel,1028,8.410027e-02
gauss_seidel,1029,8.389781e-02
gauss_seidel,1030,8.369584e-02
gauss_seidel,1031,8.349435e-02
gauss_seidel,1032,8.329335e-02
gauss_seidel,1033,8.309284e-02
gauss_seidel,1034,8.289280e-02
gauss_seidel,1035,8.269325e-02
gauss_seidel,1036,8.249418e-02
gauss_seidel,1037,8.229559e-02
gauss_seidel,1038,8.209747e-02
gauss_seidel,1039,8.189983e-02
gauss_seidel,1040,8.170267e-02
gauss_seidel,1041,8.150598e-02
gauss_seidel,1042,8.130977e-02
gauss_seidel,1043,8.111403e-02
gauss_seidel,1044,8.091876e-02
gauss_seidel,1045,8.072396e-02
gauss_seidel,1046,8.052963e-02
gauss_seidel,1047,8.033576e-02
gauss_seidel,1048,8.014236e-02
gauss_seidel,1049,7.994943e-02
gauss_seidel,1050,7.975696e-02
gauss_seidel,1051,7.956496e-02
gauss_seidel,1052,7.937342e-02
gauss_seidel,1053,7.918234e-02
gauss_seidel,1054,7.899172e-02
gauss_seidel,1055,7.880155e-02
gauss_seidel,1056,7.861185e-02
gauss_seidel,1057,7.842260e-02
gauss_seidel,1058,7.823381e-02
gauss_seidel,1059,7.804547e-02
gauss_seidel,1060,7.785758e-02
gauss_seidel,1061,7.767015e-02
gauss_seidel,1062,7.748317e-02
gauss_seidel,1063,7.729664e-02
gauss_seidel,1064,7.711056e-02
gauss_seidel,1065,7.692492e-02
gauss_seidel,1066,7.673974e-02
gauss_seidel,1067,7.655499e-02
gauss_seidel,1068,7.637070e-02
gauss_seidel,1069,7.618684e-02
gauss_seidel,1070,7.600343e-02
gauss_seidel,1071,7.582046e-02
gauss_seidel,1072,7.563793e-02
gauss_seidel,1073,7.545584e-02
gauss_seidel,1074,7.527419e-02
gauss_seidel,1075,7.509298e-02
gauss_seidel,1076,7.491220e-02
gauss_seidel,1077,7.473186e-02
gauss_seidel,1078,7.455195e-02
gauss_seidel,1079,7.437247e-02
gauss_seidel,1080,7.419343e-02
gauss_seidel,1081,7.401481e-02
gauss_seidel,1082,7.383663e-02
gauss_seidel,1083,7.365888e-02
gauss_seidel,1084,7.348155e-02
gauss_seidel,1085,7.330465e-02
gauss_seidel,1086,7.312818e-02
gauss_seidel,1087,7.295213e-02
gauss_seidel,1088,7.277650e-02
gauss_seidel,1089,7.260130e-02
gauss_seidel,1090,7.242652e-02
gauss_seidel,1091,7.225216e-02
gauss_seidel,1092,7.207822e-02
gauss_seidel,1093,7.190470e-02
gauss_seidel,1094,7.173160e-02
gauss_seidel,1095,7.155891e-02
gauss_seidel,1096,7.138664e-02
gauss_seidel,1097,7.121478e-02
gauss_seidel,1098,7.104334e-02
gauss_seidel,1099,7.087231e-02
gauss_seidel,1100,7.070169e-02
gauss_seidel,1101,7.053148e-02
gauss_seidel,1102,7.036168e-02
gauss_seidel,1103,7.019229e-02
gauss_seidel,1104,7.002331e-02
gauss_seidel,1105,6.985474e-02
gauss_seidel,1106,6.968657e-02
gauss_seidel,1107,6.951880e-02
gauss_seidel,1108,6.935144e-02
gauss_seidel,1109,6.918448e-02
gauss_seidel,1110,6.901793e-02
gauss_seidel,1111,6.885177e-02
gauss_seidel,1112,6.868602e-02
gauss_seidel,1113,6.852066e-02
gauss_seidel,1114,6.835570e-02
gauss_seidel,1115,6.819114e-02
gauss_seidel,1116,6.802698e-02
gauss_seidel,1117,6.786321e-02
gauss_seidel,1118,6.769983e-02
gauss_seidel,1119,6.753685e-02
gauss_seidel,1120,6.737426e-02
gauss_seidel,1121,6.721206e-02
gauss_seidel,1122,6.705025e-02
gauss_seidel,1123,6.688883e-02
gauss_seidel,1124,6.672780e-02
gauss_seidel,1125,6.656716e-02
gauss_seidel,1126,6.640691e-02
gauss_seidel,1127,6.624704e-02
gauss_seidel,1128,6.608755e-02
gauss_seidel,1129,6.592845e-02
gauss_seidel,1130,6.576973e-02
gauss_seidel,1131,6.561139e-02
gauss_seidel,1132,6.545344e-02
gauss_seidel,1133,6.529586e-02
gauss_seidel,1134,6.513867e-02
gauss_seidel,1135,6.498185e-02
gauss_seidel,1136,6.482541e-02
gauss_seidel,1137,6.466935e-02
gauss_seidel,1138,6.451366e-02
gauss_seidel,1139,6.435835e-02
gauss_seidel,1140,6.420341e-02
gauss_seidel,1141,6.404884e-02
gauss_seidel,1142,6.389465e-02
gauss_seidel,1143,6.374083e-02
gauss_seidel,1144,6.358737e-02
gauss_seidel,1145,6.343429e-02
gauss_seidel,1146,6.328158e-02
gauss_seidel,1147,6.312923e-02
gauss_seidel,1148,6.297725e-02
gauss_seidel,1149,6.282564e-02
gauss_seidel,1150,6.267439e-02
gauss_seidel,1151,6.252350e-02
gauss_seidel,1152,6.237298e-02
gauss_seidel,1153,6.222282e-02
gauss_seidel,1154,6.207302e-02
gauss_seidel,1155,6.192358e-02
gauss_seidel,1156,6.177450e-02
gauss_seidel,1157,6.162579e-02
gauss_seidel,1158,6.147742e-02
gauss_seidel,1159,6.132942e-02
gauss_seidel,1160,6.118177e-02
gauss_seidel,1161,6.103448e-02
gauss_seidel,1162,6.088754e-02
gauss_seidel,1163,6.074096e-02
gauss_seidel,1164,6.059473e-02
gauss_seidel,1165,6.044885e-02
gauss_seidel,1166,6.030332e-02
gauss_seidel,1167,6.015814e-02
gauss_seidel,1168,6.001331e-02
gauss_seidel,1169,5.986883e-02
gauss_seidel,1170,5.972470e-02
gauss_seidel,1171,5.958092e-02
gauss_seidel,1172,5.943748e-02
gauss_seidel,1173,5.929439e-02
gauss_seidel,1174,5.915164e-02
gauss_seidel,1175,5.900923e-02
gauss_seidel,1176,5.886717e-02
gauss_seidel,1177,5.872545e-02
gauss_seidel,1178,5.858407e-02
gauss_seidel,1179,5.844303e-02
gauss_seidel,1180,5.830233e-02
gauss_seidel,1181,5.816197e-02
gauss_seidel,1182,5.802195e-02
gauss_seidel,1183,5.788226e-02
gauss_seidel,1184,5.774291e-02
gauss_seidel,1185,5.760389e-02
gauss_seidel,1186,5.746522e-02
gauss_seidel,1187,5.732687e-02
gauss_seidel,1188,5.718886e-02
gauss_seidel,1189,5.705118e-02
gauss_seidel,1190,5.691383e-02
gauss_seidel,1191,5.677681e-02
gauss_seidel,1192,5.664012e-02
gauss_seidel,1193,5.650376e-02
gauss_seidel,1194,5.636773e-02
gauss_seidel,1195,5.623202e-02
gauss_seidel,1196,5.609665e-02
gauss_seidel,1197,5.596160e-02
gauss_seidel,1198,5.582687e-02
gauss_seidel,1199,5.569247e-02
gauss_seidel,1200,5.555839e-02
gauss_seidel,1201,5.542463e-02
gauss_seidel,1202,5.529120e-02
gauss_seidel,1203,5.515809e-02
gauss_seidel,1204,5.502530e-02
gauss_seidel,1205,5.489282e-02
gauss_seidel,1206,5.476067e-02
gauss_seidel,1207,5.462883e-02
gauss_seidel,1208,5.449732e-02
gauss_seidel,1209,5.436612e-02
gauss_seidel,1210,5.423523e-02
gauss_seidel,1211,5.410466e-02
gauss_seidel,1212,5.397440e-02
gauss_seidel,1213,5.384446e-02
gauss_seidel,1214,5.371483e-02
gauss_seidel,1215,5.358551e-02
gauss_seidel,1216,5.345651e-02
gauss_seidel,1217,5.332781e-02
gauss_seidel,1218,5.319942e-02
gauss_seidel,1219,5.307135e-02
gauss_seidel,1220,5.294358e-02
gauss_seidel,1221,5.281612e-02
gauss_seidel,1222,5.268896e-02
gauss_seidel,1223,5.256211e-02
gauss_seidel,1224,5.243557e-02
gauss_seidel,1225,5.230933e-02
gauss_seidel,1226,5.218340e-02
gauss_seidel,1227,5.205777e-02
gauss_seidel,1228,5.193244e-02
gauss_seidel,1229,5.180741e-02
gauss_seidel,1230,5.168269e-02
gauss_seidel,1231,5.155826e-02
gauss_seidel,1232,5.143413e-02
gauss_seidel,1233,5.131031e-02
gauss_seidel,1234,5.118678e-02
gauss_seidel,1235,5.106355e-02
gauss_seidel,1236,5.094061e-02
gauss_seidel,1237,5.081797e-02
gauss_seidel,1238,5.069563e-02
gauss_seidel,1239,5.057358e-02
gauss_seidel,1240,5.045182e-02
gauss_seidel,1241,5.033036e-02
gauss_seidel,1242,5.020919e-02
gauss_seidel,1243,5.008831e-02
gauss_seidel,1244,4.996772e-02
gauss_seidel,1245,4.984742e-02
gauss_seidel,1246,4.972742e-02
gauss_seidel,1247,4.960770e-02
gauss_seidel,1248,4.948827e-02
gauss_seidel,1249,4.936912e-02
gauss_seidel,1250,4.925027e-02
gauss_seidel,1251,4.913170e-02
gauss_seidel,1252,4.901341e-02
gauss_seidel,1253,4.889541e-02
gauss_seidel,1254,4.877770e-02
gauss_seidel,1255,4.866026e-02
gauss_seidel,1256,4.854311e-02
gauss_seidel,1257,4.842625e-02
gauss_seidel,1258,4.830966e-02
gauss_seidel,1259,4.819335e-02
gauss_seidel,1260,4.807733e-02
gauss_seidel,1261,4.796158e-02
gauss_seidel,1262,4.784611e-02
gauss_seidel,1263,4.773092e-02
gauss_seidel,1264,4.761601e-02
gauss_seidel,1265,4.750137e-02
gauss_seidel,1266,4.738701e-02
gauss_seidel,1267,4.727293e-02
gauss_seidel,1268,4.715912e-02
gauss_seidel,1269,4.704558e-02
gauss_seidel,1270,4.693232e-02
gauss_seidel,1271,4.681933e-02
gauss_seidel,1272,4.670661e-02
gauss_seidel,1273,4.659416e-02
gauss_seidel,1274,4.648199e-02
gauss_seidel,1275,4.637008e-02
gauss_seidel,1276,4.625845e-02
gauss_seidel,1277,4.614708e-02
gauss_seidel,1278,4.603598e-02
gauss_seidel,1279,4.592514e-02
gauss_seidel,1280,4.581458e-02
gauss_seidel,1281,4.570428e-02
gauss_seidel,1282,4.559425e-02
gauss_seidel,1283,4.548448e-02
gauss_seidel,1284,4.537497e-02
gauss_seidel,1285,4.526573e-02
gauss_seidel,1286,4.515675e-02
gauss_seidel,1287,4.504804e-02
gauss_seidel,1288,4.493958e-02
gauss_seidel,1289,4.483139e-02
gauss_seidel,1290,4.472346e-02
gauss_seidel,1291,4.461578e-02
gauss_seidel,1292,4.450837e-02
gauss_seidel,1293,4.440122e-02
gauss_seidel,1294,4.429432e-02
gauss_seidel,1295,4.418768e-02
gauss_seidel,1296,4.408130e-02
gauss_seidel,1297,4.397517e-02
gauss_seidel,1298,4.386930e-02
gauss_seidel,1299,4.376368e-02
gauss_seidel,1300,4.365832e-02
gauss_seidel,1301,4.355321e-02
gauss_seidel,1302,4.344836e-02
gauss_seidel,1303,4.334375e-02
gauss_seidel,1304,4.323940e-02
gauss_seidel,1305,4.313530e-02
gauss_seidel,1306,4.303145e-02
gauss_seidel,1307,4.292785e-02
gauss_seidel,1308,4.282450e-02
gauss_seidel,1309,4.272140e-02
gauss_seidel,1310,4.261855e-02
gauss_seidel,1311,4.251594e-02
gauss_seidel,1312,4.241358e-02
gauss_seidel,1313,4.231147e-02
gauss_seidel,1314,4.220961e-02
gauss_seidel,1315,4.210798e-02
gauss_seidel,1316,4.200661e-02
gauss_seidel,1317,4.190548e-02
gauss_seidel,1318,4.180459e-02
gauss_seidel,1319,4.170394e-02
gauss_seidel,1320,4.160354e-02
gauss_seidel,1321,4.150338e-02
gauss_seidel,1322,4.140345e-02
gauss_seidel,1323,4.130377e-02
gauss_seidel,1324,4.120433e-02
gauss_seidel,1325,4.110513e-02
gauss_seidel,1326,4.100617e-02
gauss_seidel,1327,4.090745e-02
gauss_seidel,1328,4.080896e-02
gauss_seidel,1329,4.071071e-02
gauss_seidel,1330,4.061270e-02
gauss_seidel,1331,4.051492e-02
gauss_seidel,1332,4.041738e-02
gauss_seidel,1333,4.032008e-02
gauss_seidel,1334,4.022300e-02
gauss_seidel,1335,4.012616e-02
gauss_seidel,1336,4.002956e-02
gauss_seidel,1337,3.993319e-02
gauss_seidel,1338,3.983705e-02
gauss_seidel,1339,3.974114e-02
gauss_seidel,1340,3.964546e-02
gauss_seidel,1341,3.955001e-02
gauss_seidel,1342,3.945479e-02
gauss_seidel,1343,3.935980e-02
gauss_seidel,1344,3.926504e-02
gauss_seidel,1345,3.917051e-02
gauss_seidel,1346,3.907621e-02
gauss_seidel,1347,3.898213e-02
gauss_seidel,1348,3.888828e-02
gauss_seidel,1349,3.879465e-02
gauss_seidel,1350,3.870125e-02
gauss_seidel,1351,3.860808e-02
gauss_seidel,1352,3.851513e-02
gauss_seidel,1353,3.842240e-02
gauss_seidel,1354,3.832990e-02
gauss_seidel,1355,3.823761e-02
gauss_seidel,1356,3.814556e-02
gauss_seidel,1357,3.805372e-02
gauss_seidel,1358,3.796210e-02
gauss_seidel,1359,3.787071e-02
gauss_seidel,1360,3.777953e-02
gauss_seidel,1361,3.768858e-02
gauss_seidel,1362,3.759784e-02
gauss_seidel,1363,3.750732e-02
gauss_seidel,1364,3.741702e-02
gauss_seidel,1365,3.732694e-02
gauss_seidel,1366,3.723707e-02
gauss_seidel,1367,3.714742e-02
gauss_seidel,1368,3.705798e-02
gauss_seidel,1369,3.696877e-02
gauss_seidel,1370,3.687976e-02
gauss_seidel,1371,3.679097e-02
gauss_seidel,1372,3.670240e-02
gauss_seidel,1373,3.661403e-02
gauss_seidel,1374,3.652588e-02
gauss_seidel,1375,3.643794e-02
gauss_seidel,1376,3.635022e-02
gauss_seidel,1377,3.626270e-02
gauss_seidel,1378,3.617540e-02
gauss_seidel,1379,3.608830e-02
gauss_seidel,1380,3.600142e-02
gauss_seidel,1381,3.591474e-02
gauss_seidel,1382,3.582828e-02
gauss_seidel,1383,3.574202e-02
gauss_seidel,1384,3.565597e-02
gauss_seidel,1385,3.557012e-02
gauss_seidel,1386,3.548449e-02
gauss_seidel,1387,3.539906e-02
gauss_seidel,1388,3.531383e-02
gauss_seidel,1389,3.522881e-02
gauss_seidel,1390,3.514400e-02
gauss_seidel,1391,3.505938e-02
gauss_seidel,1392,3.497498e-02
gauss_seidel,1393,3.489077e-02
gauss_seidel,1394,3.480677e-02
gauss_seidel,1395,3.472297e-02
gauss_seidel,1396,3.463937e-02
gauss_seidel,1397,3.455598e-02
gauss_seidel,1398,3.447278e-02
gauss_seidel,1399,3.438979e-02
gauss_seidel,1400,3.430699e-02
gauss_seidel,1401,3.422440e-02
gauss_seidel,1402,3.414200e-02
gauss_seidel,1403,3.405980e-02
gauss_seidel,1404,3.397780e-02
gauss_seidel,1405,3.389599e-02
gauss_seidel,1406,3.381439e-02
gauss_seidel,1407,3.373298e-02
gauss_seidel,1408,3.365176e-02
gauss_seidel,1409,3.357075e-02
gauss_seidel,1410,3.348992e-02
gauss_seidel,1411,3.340929e-02
gauss_seidel,1412,3.332886e-02
gauss_seidel,1413,3.324862e-02
gauss_seidel,1414,3.316857e-02
gauss_seidel,1415,3.308871e-02
gauss_seidel,1416,3.300905e-02
gauss_seidel,1417,3.292958e-02
gauss_seidel,1418,3.285030e-02
gauss_seidel,1419,3.277121e-02
gauss_seidel,1420,3.269231e-02
gauss_seidel,1421,3.261360e-02
gauss_seidel,1422,3.253508e-02
gauss_seidel,1423,3.245675e-02
gauss_seidel,1424,3.237861e-02
gauss_seidel,1425,3.230066e-02
gauss_seidel,1426,3.222289e-02
gauss_seidel,1427,3.214531e-02
gauss_seidel,1428,3.206792e-02
gauss_seidel,1429,3.199071e-02
gauss_seidel,1430,3.191369e-02
gauss_seidel,1431,3.183686e-02
gauss_seidel,1432,3.176021e-02
gauss_seidel,1433,3.168374e-02
gauss_seidel,1434,3.160746e-02
gauss_seidel,1435,3.153137e-02
gauss_seidel,1436,3.145545e-02
gauss_seidel,1437,3.137972e-02
gauss_seidel,1438,3.130417e-02
gauss_seidel,1439,3.122881e-02
gauss_seidel,1440,3.115362e-02
gauss_seidel,1441,3.107862e-02
gauss_seidel,1442,3.100379e-02
gauss_seidel,1443,3.092915e-02
gauss_seidel,1444,3.085468e-02
gauss_seidel,1445,3.078040e-02
gauss_seidel,1446,3.070629e-02
gauss_seidel,1447,3.063237e-02
gauss_seidel,1448,3.055862e-02
gauss_seidel,1449,3.048504e-02
gauss_seidel,1450,3.041165e-02
gauss_seidel,1451,3.033843e-02
gauss_seidel,1452,3.026539e-02
gauss_seidel,1453,3.019252e-02
gauss_seidel,1454,3.011983e-02
gauss_seidel,1455,3.004732e-02
gauss_seidel,1456,2.997498e-02
gauss_seidel,1457,2.990281e-02
gauss_seidel,1458,2.983081e-02
gauss_seidel,1459,2.975900e-02
gauss_seidel,1460,2.968735e-02
gauss_seidel,1461,2.961587e-02
gauss_seidel,1462,2.954457e-02
gauss_seidel,1463,2.947344e-02
gauss_seidel,1464,2.940248e-02
gauss_seidel,1465,2.933169e-02
gauss_seidel,1466,2.926107e-02
gauss_seidel,1467,2.919063e-02
gauss_seidel,1468,2.912035e-02
gauss_seidel,1469,2.905024e-02
gauss_seidel,1470,2.898030e-02
gauss_seidel,1471,2.891052e-02
gauss_seidel,1472,2.884092e-02
gauss_seidel,1473,2.877148e-02
gauss_seidel,1474,2.870221e-02
gauss_seidel,1475,2.863311e-02
gauss_seidel,1476,2.856417e-02
gauss_seidel,1477,2.849540e-02
gauss_seidel,1478,2.842680e-02
gauss_seidel,1479,2.835836e-02
gauss_seidel,1480,2.829008e-02
gauss_seidel,1481,2.822197e-02
gauss_seidel,1482,2.815403e-02
gauss_seidel,1483,2.808624e-02
gauss_seidel,1484,2.801862e-02
gauss_seidel,1485,2.795117e-02
gauss_seidel,1486,2.788387e-02
gauss_seidel,1487,2.781674e-02
gauss_seidel,1488,2.774977e-02
gauss_seidel,1489,2.768296e-02
gauss_seidel,1490,2.761631e-02
gauss_seidel,1491,2.754982e-02
gauss_seidel,1492,2.748349e-02
gauss_seidel,1493,2.741732e-02
gauss_seidel,1494,2.735131e-02
gauss_seidel,1495,2.728546e-02
gauss_seidel,1496,2.721977e-02
gauss_seidel,1497,2.715424e-02
gauss_seidel,1498,2.708886e-02
gauss_seidel,1499,2.702364e-02
gauss_seidel,1500,2.695858e-02
gauss_seidel,1501,2.689368e-02
gauss_seidel,1502,2.682893e-02
gauss_seidel,1503,2.676434e-02
gauss_seidel,1504,2.669990e-02
gauss_seidel,1505,2.663562e-02
gauss_seidel,1506,2.657149e-02
gauss_seidel,1507,2.650752e-02
gauss_seidel,1508,2.644370e-02
gauss_seidel,1509,2.638003e-02
gauss_seidel,1510,2.631652e-02
gauss_seidel,1511,2.625316e-02
gauss_seidel,1512,2.618995e-02
gauss_seidel,1513,2.612690e-02
gauss_seidel,1514,2.606400e-02
gauss_seidel,1515,2.600124e-02
gauss_seidel,1516,2.593864e-02
gauss_seidel,1517,2.587619e-02
gauss_seidel,1518,2.581390e-02
gauss_seidel,1519,2.575175e-02
gauss_seidel,1520,2.568975e-02
gauss_seidel,1521,2.562790e-02
gauss_seidel,1522,2.556619e-02
gauss_seidel,1523,2.550464e-02
gauss_seidel,1524,2.544324e-02
gauss_seidel,1525,2.538198e-02
gauss_seidel,1526,2.532087e-02
gauss_seidel,1527,2.525991e-02
gauss_seidel,1528,2.519909e-02
gauss_seidel,1529,2.513842e-02
gauss_seidel,1530,2.507790e-02
gauss_seidel,1531,2.501752e-02
gauss_seidel,1532,2.495729e-02
gauss_seidel,1533,2.489721e-02
gauss_seidel,1534,2.483726e-02
gauss_seidel,1535,2.477746e-02
gauss_seidel,1536,2.471781e-02
gauss_seidel,1537,2.465830e-02
gauss_seidel,1538,2.459893e-02
gauss_seidel,1539,2.453971e-02
gauss_seidel,1540,2.448063e-02
gauss_seidel,1541,2.442169e-02
gauss_seidel,1542,2.436289e-02
gauss_seidel,1543,2.430424e-02
gauss_seidel,1544,2.424572e-02
gauss_seidel,1545,2.418735e-02
gauss_seidel,1546,2.412911e-02
gauss_seidel,1547,2.407102e-02
gauss_seidel,1548,2.401307e-02
gauss_seidel,1549,2.395525e-02
gauss_seidel,1550,2.389758e-02
gauss_seidel,1551,2.384004e-02
gauss_seidel,1552,2.378265e-02
gauss_seidel,1553,2.372539e-02
gauss_seidel,1554,2.366827e-02
gauss_seidel,1555,2.361128e-02
gauss_seidel,1556,2.355444e-02
gauss_seidel,1557,2.349773e-02
gauss_seidel,1558,2.344115e-02
gauss_seidel,1559,2.338472e-02
gauss_seidel,1560,2.332842e-02
gauss_seidel,1561,2.327225e-02
gauss_seidel,1562,2.321622e-02
gauss_seidel,1563,2.316033e-02
gauss_seidel,1564,2.310457e-02
gauss_seidel,1565,2.304894e-02
gauss_seidel,1566,2.299345e-02
gauss_seidel,1567,2.293809e-02
gauss_seidel,1568,2.288286e-02
gauss_seidel,1569,2.282777e-02
gauss_seidel,1570,2.277281e-02
gauss_seidel,1571,2.271798e-02
gauss_seidel,1572,2.266329e-02
gauss_seidel,1573,2.260872e-02
gauss_seidel,1574,2.255429e-02
gauss_seidel,1575,2.249999e-02
gauss_seidel,1576,2.244582e-02
gauss_seidel,1577,2.239178e-02
gauss_seidel,1578,2.233787e-02
gauss_seidel,1579,2.228409e-02
gauss_seidel,1580,2.223043e-02
gauss_seidel,1581,2.217691e-02
gauss_seidel,1582,2.212352e-02
gauss_seidel,1583,2.207025e-02
gauss_seidel,1584,2.201712e-02
gauss_seidel,1585,2.196411e-02
gauss_seidel,1586,2.191123e-02
gauss_seidel,1587,2.185848e-02
gauss_seidel,1588,2.180585e-02
gauss_seidel,1589,2.175335e-02
gauss_seidel,1590,2.170098e-02
gauss_seidel,1591,2.164873e-02
gauss_seidel,1592,2.159661e-02
gauss_seidel,1593,2.154461e-02
gauss_seidel,1594,2.149274e-02
gauss_seidel,1595,2.144100e-02
gauss_seidel,1596,2.138937e-02
gauss_seidel,1597,2.133788e-02
gauss_seidel,1598,2.128650e-02
gauss_seidel,1599,2.123525e-02
gauss_seidel,1600,2.118413e-02
gauss_seidel,1601,2.113313e-02
gauss_seidel,1602,2.108225e-02
gauss_seidel,1603,2.103149e-02
gauss_seidel,1604,2.098085e-02
gauss_seidel,1605,2.093034e-02
gauss_seidel,1606,2.087995e-02
gauss_seidel,1607,2.082968e-02
gauss_seidel,1608,2.077953e-02
gauss_seidel,1609,2.072950e-02
gauss_seidel,1610,2.067959e-02
gauss_seidel,1611,2.062980e-02
gauss_seidel,1612,2.058013e-02
gauss_seidel,1613,2.053058e-02
gauss_seidel,1614,2.048115e-02
gauss_seidel,1615,2.043184e-02
gauss_seidel,1616,2.038265e-02
gauss_seidel,1617,2.033358e-02
gauss_seidel,1618,2.028462e-02
gauss_seidel,1619,2.023579e-02
gauss_seidel,1620,2.018707e-02
gauss_seidel,1621,2.013846e-02
gauss_seidel,1622,2.008998e-02
gauss_seidel,1623,2.004161e-02
gauss_seidel,1624,1.999336e-02
gauss_seidel,1625,1.994522e-02
gauss_seidel,1626,1.989720e-02
gauss_seidel,1627,1.984930e-02
gauss_seidel,1628,1.980151e-02
gauss_seidel,1629,1.975383e-02
gauss_seidel,1630,1.970628e-02
gauss_seidel,1631,1.965883e-02
gauss_seidel,1632,1.961150e-02
gauss_seidel,1633,1.956428e-02
gauss_seidel,1634,1.951718e-02
gauss_seidel,1635,1.947019e-02
gauss_seidel,1636,1.942331e-02
gauss_seidel,1637,1.937655e-02
gauss_seidel,1638,1.932990e-02
gauss_seidel,1639,1.928336e-02
gauss_seidel,1640,1.923693e-02
gauss_seidel,1641,1.919062e-02
gauss_seidel,1642,1.914442e-02
gauss_seidel,1643,1.909832e-02
gauss_seidel,1644,1.905234e-02
gauss_seidel,1645,1.900647e-02
gauss_seidel,1646,1.896071e-02
gauss_seidel,1647,1.891506e-02
gauss_seidel,1648,1.886952e-02
gauss_seidel,1649,1.882409e-02
gauss_seidel,1650,1.877877e-02
gauss_seidel,1651,1.873356e-02
gauss_seidel,1652,1.868845e-02
gauss_seidel,1653,1.864346e-02
gauss_seidel,1654,1.859857e-02
gauss_seidel,1655,1.855380e-02
gauss_seidel,1656,1.850913e-02
gauss_seidel,1657,1.846456e-02
gauss_seidel,1658,1.842011e-02
gauss_seidel,1659,1.837576e-02
gauss_seidel,1660,1.833152e-02
gauss_seidel,1661,1.828738e-02
gauss_seidel,1662,1.824335e-02
gauss_seidel,1663,1.819943e-02
gauss_seidel,1664,1.815561e-02
gauss_seidel,1665,1.811190e-02
gauss_seidel,1666,1.806830e-02
gauss_seidel,1667,1.802480e-02
gauss_seidel,1668,1.798140e-02
gauss_seidel,1669,1.793811e-02
gauss_seidel,1670,1.789492e-02
gauss_seidel,1671,1.785183e-02
gauss_seidel,1672,1.780885e-02
gauss_seidel,1673,1.776598e-02
gauss_seidel,1674,1.772320e-02
gauss_seidel,1675,1.768053e-02
gauss_seidel,1676,1.763797e-02
gauss_seidel,1677,1.759550e-02
gauss_seidel,1678,1.755314e-02
gauss_seidel,1679,1.751088e-02
gauss_seidel,1680,1.746872e-02
gauss_seidel,1681,1.742666e-02
gauss_seidel,1682,1.738470e-02
gauss_seidel,1683,1.734285e-02
gauss_seidel,1684,1.730109e-02
gauss_seidel,1685,1.725944e-02
gauss_seidel,1686,1.721788e-02
gauss_seidel,1687,1.717643e-02
gauss_seidel,1688,1.713508e-02
gauss_seidel,1689,1.709382e-02
gauss_seidel,1690,1.705267e-02
gauss_seidel,1691,1.701161e-02
gauss_seidel,1692,1.697065e-02
gauss_seidel,1693,1.692979e-02
gauss_seidel,1694,1.688903e-02
gauss_seidel,1695,1.684837e-02
gauss_seidel,1696,1.680781e-02
gauss_seidel,1697,1.676734e-02
gauss_seidel,1698,1.672697e-02
gauss_seidel,1699,1.668670e-02
gauss_seidel,1700,1.664652e-02
gauss_seidel,1701,1.660645e-02
gauss_seidel,1702,1.656646e-02
gauss_seidel,1703,1.652658e-02
gauss_seidel,1704,1.648679e-02
gauss_seidel,1705,1.644709e-02
gauss_seidel,1706,1.640750e-02
gauss_seidel,1707,1.636799e-02
gauss_seidel,1708,1.632859e-02
gauss_seidel,1709,1.628927e-02
gauss_seidel,1710,1.625005e-02
gauss_seidel,1711,1.621093e-02
gauss_seidel,1712,1.617190e-02
gauss_seidel,1713,1.613297e-02
gauss_seidel,1714,1.609412e-02
gauss_seidel,1715,1.605538e-02
gauss_seidel,1716,1.601672e-02
gauss_seidel,1717,1.597816e-02
gauss_seidel,1718,1.593969e-02
gauss_seidel,1719,1.590131e-02
gauss_seidel,1720,1.586303e-02
gauss_seidel,1721,1.582484e-02
gauss_seidel,1722,1.578674e-02
gauss_seidel,1723,1.574873e-02
gauss_seidel,1724,1.571081e-02
gauss_seidel,1725,1.567299e-02
gauss_seidel,1726,1.563525e-02
gauss_seidel,1727,1.559761e-02
gauss_seidel,1728,1.556005e-02
gauss_seidel,1729,1.552259e-02
gauss_seidel,1730,1.548522e-02
gauss_seidel,1731,1.544794e-02
gauss_seidel,1732,1.541074e-02
gauss_seidel,1733,1.537364e-02
gauss_seidel,1734,1.533663e-02
gauss_seidel,1735,1.529970e-02
gauss_seidel,1736,1.526287e-02
gauss_seidel,1737,1.522612e-02
gauss_seidel,1738,1.518946e-02
gauss_seidel,1739,1.515289e-02
gauss_seidel,1740,1.511641e-02
gauss_seidel,1741,1.508001e-02
gauss_seidel,1742,1.504371e-02
gauss_seidel,1743,1.500749e-02
gauss_seidel,1744,1.497136e-02
gauss_seidel,1745,1.493531e-02
gauss_seidel,1746,1.489935e-02
gauss_seidel,1747,1.486348e-02
gauss_seidel,1748,1.482769e-02
gauss_seidel,1749,1.479199e-02
gauss_seidel,1750,1.475638e-02
gauss_seidel,1751,1.472085e-02
gauss_seidel,1752,1.468541e-02
gauss_seidel,1753,1.465005e-02
gauss_seidel,1754,1.461478e-02
gauss_seidel,1755,1.457960e-02
gauss_seidel,1756,1.454449e-02
gauss_seidel,1757,1.450948e-02
gauss_seidel,1758,1.447454e-02
gauss_seidel,1759,1.443969e-02
gauss_seidel,1760,1.440493e-02
gauss_seidel,1761,1.437025e-02
gauss_seidel,1762,1.433565e-02
gauss_seidel,1763,1.430113e-02
gauss_seidel,1764,1.426670e-02
gauss_seidel,1765,1.423235e-02
gauss_seidel,1766,1.419809e-02
gauss_seidel,1767,1.416390e-02
gauss_seidel,1768,1.412980e-02
gauss_seidel,1769,1.409578e-02
gauss_seidel,1770,1.406185e-02
gauss_seidel,1771,1.402799e-02
gauss_seidel,1772,1.399422e-02
gauss_seidel,1773,1.396052e-02
gauss_seidel,1774,1.392691e-02
gauss_seidel,1775,1.389338e-02
gauss_seidel,1776,1.385993e-02
gauss_seidel,1777,1.382656e-02
gauss_seidel,1778,1.379327e-02
gauss_seidel,1779,1.376007e-02
gauss_seidel,1780,1.372694e-02
gauss_seidel,1781,1.369389e-02
gauss_seidel,1782,1.366092e-02
gauss_seidel,1783,1.362803e-02
gauss_seidel,1784,1.359522e-02
gauss_seidel,1785,1.356248e-02
gauss_seidel,1786,1.352983e-02
gauss_seidel,1787,1.349726e-02
gauss_seidel,1788,1.346476e-02
gauss_seidel,1789,1.343234e-02
gauss_seidel,1790,1.340000e-02
gauss_seidel,1791,1.336774e-02
gauss_seidel,1792,1.333556e-02
gauss_seidel,1793,1.330345e-02
gauss_seidel,1794,1.327142e-02
gauss_seidel,1795,1.323947e-02
gauss_seidel,1796,1.320759e-02
gauss_seidel,1797,1.317579e-02
gauss_seidel,1798,1.314407e-02
gauss_seidel,1799,1.311242e-02
gauss_seidel,1800,1.308085e-02
gauss_seidel,1801,1.304936e-02
gauss_seidel,1802,1.301794e-02
gauss_seidel,1803,1.298660e-02
gauss_seidel,1804,1.295533e-02
gauss_seidel,1805,1.292414e-02
gauss_seidel,1806,1.289303e-02
gauss_seidel,1807,1.286198e-02
gauss_seidel,1808,1.283102e-02
gauss_seidel,1809,1.280013e-02
gauss_seidel,1810,1.276931e-02
gauss_seidel,1811,1.273856e-02
gauss_seidel,1812,1.270789e-02
gauss_seidel,1813,1.267730e-02
gauss_seidel,1814,1.264678e-02
gauss_seidel,1815,1.261633e-02
gauss_seidel,1816,1.258595e-02
gauss_seidel,1817,1.255565e-02
gauss_seidel,1818,1.252542e-02
gauss_seidel,1819,1.249526e-02
gauss_seidel,1820,1.246518e-02
gauss_seidel,1821,1.243517e-02
gauss_seidel,1822,1.240523e-02
gauss_seidel,1823,1.237536e-02
gauss_seidel,1824,1.234557e-02
gauss_seidel,1825,1.231584e-02
gauss_seidel,1826,1.228619e-02
gauss_seidel,1827,1.225661e-02
gauss_seidel,1828,1.222710e-02
gauss_seidel,1829,1.219766e-02
gauss_seidel,1830,1.216830e-02
gauss_seidel,1831,1.213900e-02
gauss_seidel,1832,1.210977e-02
gauss_seidel,1833,1.208062e-02
gauss_seidel,1834,1.205153e-02
gauss_seidel,1835,1.202252e-02
gauss_seidel,1836,1.199357e-02
gauss_seidel,1837,1.196470e-02
gauss_seidel,1838,1.193589e-02
gauss_seidel,1839,1.190715e-02
gauss_seidel,1840,1.187848e-02
gauss_seidel,1841,1.184989e-02
gauss_seidel,1842,1.182136e-02
gauss_seidel,1843,1.179289e-02
gauss_seidel,1844,1.176450e-02
gauss_seidel,1845,1.173618e-02
gauss_seidel,1846,1.170792e-02
gauss_seidel,1847,1.167973e-02
gauss_seidel,1848,1.165161e-02
gauss_seidel,1849,1.162356e-02
gauss_seidel,1850,1.159557e-02
gauss_seidel,1851,1.156766e-02
gauss_seidel,1852,1.153981e-02
gauss_seidel,1853,1.151202e-02
gauss_seidel,1854,1.148431e-02
gauss_seidel,1855,1.145666e-02
gauss_seidel,1856,1.142907e-02
gauss_seidel,1857,1.140156e-02
gauss_seidel,1858,1.137411e-02
gauss_seidel,1859,1.134672e-02
gauss_seidel,1860,1.131940e-02
gauss_seidel,1861,1.129215e-02
gauss_seidel,1862,1.126496e-02
gauss_seidel,1863,1.123784e-02
gauss_seidel,1864,1.121078e-02
gauss_seidel,1865,1.118379e-02
gauss_seidel,1866,1.115687e-02
gauss_seidel,1867,1.113000e-02
gauss_seidel,1868,1.110321e-02
gauss_seidel,1869,1.107648e-02
gauss_seidel,1870,1.104981e-02
gauss_seidel,1871,1.102320e-02
gauss_seidel,1872,1.099666e-02
gauss_seidel,1873,1.097019e-02
gauss_seidel,1874,1.094378e-02
gauss_seidel,1875,1.091743e-02
gauss_seidel,1876,1.089114e-02
gauss_seidel,1877,1.086492e-02
gauss_seidel,1878,1.083876e-02
gauss_seidel,1879,1.081267e-02
gauss_seidel,1880,1.078663e-02
gauss_seidel,1881,1.076066e-02
gauss_seidel,1882,1.073476e-02
gauss_seidel,1883,1.070891e-02
gauss_seidel,1884,1.068313e-02
gauss_seidel,1885,1.065741e-02
gauss_seidel,1886,1.063175e-02
gauss_seidel,1887,1.060615e-02
gauss_seidel,1888,1.058061e-02
gauss_seidel,1889,1.055514e-02
gauss_seidel,1890,1.052973e-02
gauss_seidel,1891,1.050438e-02
gauss_seidel,1892,1.047909e-02
gauss_seidel,1893,1.045386e-02
gauss_seidel,1894,1.042869e-02
gauss_seidel,1895,1.040358e-02
gauss_seidel,1896,1.037853e-02
gauss_seidel,1897,1.035354e-02
gauss_seidel,1898,1.032862e-02
gauss_seidel,1899,1.030375e-02
gauss_seidel,1900,1.027894e-02
gauss_seidel,1901,1.025419e-02
gauss_seidel,1902,1.022950e-02
gauss_seidel,1903,1.020488e-02
gauss_seidel,1904,1.018031e-02
gauss_seidel,1905,1.015580e-02
gauss_seidel,1906,1.013134e-02
gauss_seidel,1907,1.010695e-02
gauss_seidel,1908,1.008262e-02
gauss_seidel,1909,1.005834e-02
gauss_seidel,1910,1.003413e-02
gauss_seidel,1911,1.000997e-02
gauss_seidel,1912,9.985868e-03
gauss_seidel,1913,9.961826e-03
gauss_seidel,1914,9.937841e-03
gauss_seidel,1915,9.913915e-03
gauss_seidel,1916,9.890046e-03
gauss_seidel,1917,9.866234e-03
gauss_seidel,1918,9.842480e-03
gauss_seidel,1919,9.818783e-03
gauss_seidel,1920,9.795143e-03
gauss_seidel,1921,9.771560e-03
gauss_seidel,1922,9.748034e-03
gauss_seidel,1923,9.724564e-03
gauss_seidel,1924,9.701151e-03
gauss_seidel,1925,9.677794e-03
gauss_seidel,1926,9.654494e-03
gauss_seidel,1927,9.631249e-03
gauss_seidel,1928,9.608061e-03
gauss_seidel,1929,9.584928e-03
gauss_seidel,1930,9.561851e-03
gauss_seidel,1931,9.538830e-03
gauss_seidel,1932,9.515864e-03
gauss_seidel,1933,9.492954e-03
gauss_seidel,1934,9.470098e-03
gauss_seidel,1935,9.447298e-03
gauss_seidel,1936,9.424552e-03
gauss_seidel,1937,9.401861e-03
gauss_seidel,1938,9.379225e-03
gauss_seidel,1939,9.356643e-03
gauss_seidel,1940,9.334116e-03
gauss_seidel,1941,9.311643e-03
gauss_seidel,1942,9.289224e-03
gauss_seidel,1943,9.266859e-03
gauss_seidel,1944,9.244548e-03
gauss_seidel,1945,9.222291e-03
gauss_seidel,1946,9.200087e-03
gauss_seidel,1947,9.177936e-03
gauss_seidel,1948,9.155839e-03
gauss_seidel,1949,9.133796e-03
gauss_seidel,1950,9.111805e-03
gauss_seidel,1951,9.089867e-03
gauss_seidel,1952,9.067982e-03
gauss_seidel,1953,9.046150e-03
gauss_seidel,1954,9.024370e-03
gauss_seidel,1955,9.002643e-03
gauss_seidel,1956,8.980968e-03
gauss_seidel,1957,8.959345e-03
gauss_seidel,1958,8.937774e-03
gauss_seidel,1959,8.916255e-03
gauss_seidel,1960,8.894788e-03
gauss_seidel,1961,8.873373e-03
gauss_seidel,1962,8.852009e-03
gauss_seidel,1963,8.830697e-03
gauss_seidel,1964,8.809436e-03
gauss_seidel,1965,8.788226e-03
gauss_seidel,1966,8.767067e-03
gauss_seidel,1967,8.745959e-03
gauss_seidel,1968,8.724902e-03
gauss_seidel,1969,8.703896e-03
gauss_seidel,1970,8.682940e-03
gauss_seidel,1971,8.662035e-03
gauss_seidel,1972,8.641180e-03
gauss_seidel,1973,8.620375e-03
gauss_seidel,1974,8.599621e-03
gauss_seidel,1975,8.578916e-03
gauss_seidel,1976,8.558261e-03
gauss_seidel,1977,8.537656e-03
gauss_seidel,1978,8.517101e-03
gauss_seidel,1979,8.496595e-03
gauss_seidel,1980,8.476138e-03
gauss_seidel,1981,8.455731e-03
gauss_seidel,1982,8.435372e-03
gauss_seidel,1983,8.415063e-03
gauss_seidel,1984,8.394803e-03
gauss_seidel,1985,8.374591e-03
gauss_seidel,1986,8.354428e-03
gauss_seidel,1987,8.334314e-03
gauss_seidel,1988,8.314248e-03
gauss_seidel,1989,8.294230e-03
gauss_seidel,1990,8.274261e-03
gauss_seidel,1991,8.254340e-03
gauss_seidel,1992,8.234466e-03
gauss_seidel,1993,8.214641e-03
gauss_seidel,1994,8.194863e-03
gauss_seidel,1995,8.175133e-03
gauss_seidel,1996,8.155450e-03
gauss_seidel,1997,8.135815e-03
gauss_seidel,1998,8.116227e-03
gauss_seidel,1999,8.096686e-03
gauss_seidel,2000,8.077192e-03
gauss_seidel,2001,8.057745e-03
gauss_seidel,2002,8.038345e-03
gauss_seidel,2003,8.018992e-03
gauss_seidel,2004,7.999685e-03
gauss_seidel,2005,7.980425e-03
gauss_seidel,2006,7.961211e-03
gauss_seidel,2007,7.942043e-03
gauss_seidel,2008,7.922922e-03
gauss_seidel,2009,7.903846e-03
gauss_seidel,2010,7.884817e-03
gauss_seidel,2011,7.865833e-03
gauss_seidel,2012,7.846895e-03
gauss_seidel,2013,7.828003e-03
gauss_seidel,2014,7.809156e-03
gauss_seidel,2015,7.790354e-03
gauss_seidel,2016,7.771598e-03
gauss_seidel,2017,7.752887e-03
gauss_seidel,2018,7.734221e-03
gauss_seidel,2019,7.715600e-03
gauss_seidel,2020,7.697023e-03
gauss_seidel,2021,7.678492e-03
gauss_seidel,2022,7.660005e-03
gauss_seidel,2023,7.641562e-03
gauss_seidel,2024,7.623164e-03
gauss_seidel,2025,7.604811e-03
gauss_seidel,2026,7.586501e-03
gauss_seidel,2027,7.568236e-03
gauss_seidel,2028,7.550014e-03
gauss_seidel,2029,7.531836e-03
gauss_seidel,2030,7.513703e-03
gauss_seidel,2031,7.495612e-03
gauss_seidel,2032,7.477566e-03
gauss_seidel,2033,7.459562e-03
gauss_seidel,2034,7.441603e-03
gauss_seidel,2035,7.423686e-03
gauss_seidel,2036,7.405813e-03
gauss_seidel,2037,7.387982e-03
gauss_seidel,2038,7.370195e-03
gauss_seidel,2039,7.352450e-03
gauss_seidel,2040,7.334748e-03
gauss_seidel,2041,7.317089e-03
gauss_seidel,2042,7.299472e-03
gauss_seidel,2043,7.281897e-03
gauss_seidel,2044,7.264365e-03
gauss_seidel,2045,7.246875e-03
gauss_seidel,2046,7.229427e-03
gauss_seidel,2047,7.212022e-03
gauss_seidel,2048,7.194658e-03
gauss_seidel,2049,7.177336e-03
gauss_seidel,2050,7.160055e-03
gauss_seidel,2051,7.142817e-03
gauss_seidel,2052,7.125619e-03
gauss_seidel,2053,7.108464e-03
gauss_seidel,2054,7.091349e-03
gauss_seidel,2055,7.074276e-03
gauss_seidel,2056,7.057243e-03
gauss_seidel,2057,7.040252e-03
gauss_seidel,2058,7.023302e-03
gauss_seidel,2059,7.006392e-03
gauss_seidel,2060,6.989524e-03
gauss_seidel,2061,6.972695e-03
gauss_seidel,2062,6.955908e-03
gauss_seidel,2063,6.939160e-03
gauss_seidel,2064,6.922454e-03
gauss_seidel,2065,6.905787e-03
gauss_seidel,2066,6.889160e-03
gauss_seidel,2067,6.872574e-03
gauss_seidel,2068,6.856027e-03
gauss_seidel,2069,6.839520e-03
gauss_seidel,2070,6.823053e-03
gauss_seidel,2071,6.806626e-03
gauss_seidel,2072,6.790238e-03
gauss_seidel,2073,6.773890e-03
gauss_seidel,2074,6.757581e-03
gauss_seidel,2075,6.741311e-03
gauss_seidel,2076,6.725080e-03
gauss_seidel,2077,6.708889e-03
gauss_seidel,2078,6.692736e-03
gauss_seidel,2079,6.676623e-03
gauss_seidel,2080,6.660548e-03
gauss_seidel,2081,6.644512e-03
gauss_seidel,2082,6.628514e-03
gauss_seidel,2083,6.612555e-03
gauss_seidel,2084,6.596635e-03
gauss_seidel,2085,6.580752e-03
gauss_seidel,2086,6.564908e-03
gauss_seidel,2087,6.549102e-03
gauss_seidel,2088,6.533335e-03
gauss_seidel,2089,6.517605e-03
gauss_seidel,2090,6.501913e-03
gauss_seidel,2091,6.486259e-03
gauss_seidel,2092,6.470642e-03
gauss_seidel,2093,6.455063e-03
gauss_seidel,2094,6.439522e-03
gauss_seidel,2095,6.424018e-03
gauss_seidel,2096,6.408551e-03
gauss_seidel,2097,6.393122e-03
gauss_seidel,2098,6.377729e-03
gauss_seidel,2099,6.362374e-03
gauss_seidel,2100,6.347056e-03
gauss_seidel,2101,6.331775e-03
gauss_seidel,2102,6.316530e-03
gauss_seidel,2103,6.301322e-03
gauss_seidel,2104,6.286151e-03
gauss_seidel,2105,6.271016e-03
gauss_seidel,2106,6.255918e-03
gauss_seidel,2107,6.240856e-03
gauss_seidel,2108,6.225830e-03
gauss_seidel,2109,6.210841e-03
gauss_seidel,2110,6.195887e-03
gauss_seidel,2111,6.180970e-03
gauss_seidel,2112,6.166088e-03
gauss_seidel,2113,6.151243e-03
gauss_seidel,2114,6.136433e-03
gauss_seidel,2115,6.121659e-03
gauss_seidel,2116,6.106920e-03
gauss_seidel,2117,6.092217e-03
gauss_seidel,2118,6.077549e-03
gauss_seidel,2119,6.062916e-03
gauss_seidel,2120,6.048319e-03
gauss_seidel,2121,6.033757e-03
gauss_seidel,2122,6.019230e-03
gauss_seidel,2123,6.004738e-03
gauss_seidel,2124,5.990281e-03
gauss_seidel,2125,5.975858e-03
gauss_seidel,2126,5.961471e-03
gauss_seidel,2127,5.947118e-03
gauss_seidel,2128,5.932799e-03
gauss_seidel,2129,5.918515e-03
gauss_seidel,2130,5.904266e-03
gauss_seidel,2131,5.890050e-03
gauss_seidel,2132,5.875869e-03
gauss_seidel,2133,5.861722e-03
gauss_seidel,2134,5.847609e-03
gauss_seidel,2135,5.833530e-03
gauss_seidel,2136,5.819485e-03
gauss_seidel,2137,5.805474e-03
gauss_seidel,2138,5.791497e-03
gauss_seidel,2139,5.777553e-03
gauss_seidel,2140,5.763643e-03
gauss_seidel,2141,5.749766e-03
gauss_seidel,2142,5.735923e-03
gauss_seidel,2143,5.722113e-03
gauss_seidel,2144,5.708336e-03
gauss_seidel,2145,5.694593e-03
gauss_seidel,2146,5.680882e-03
gauss_seidel,2147,5.667205e-03
gauss_seidel,2148,5.653560e-03
gauss_seidel,2149,5.639948e-03
gauss_seidel,2150,5.626369e-03
gauss_seidel,2151,5.612823e-03
gauss_seidel,2152,5.599310e-03
gauss_seidel,2153,5.585829e-03
gauss_seidel,2154,5.572380e-03
gauss_seidel,2155,5.558964e-03
gauss_seidel,2156,5.545580e-03
gauss_seidel,2157,5.532228e-03
gauss_seidel,2158,5.518908e-03
gauss_seidel,2159,5.505621e-03
gauss_seidel,2160,5.492365e-03
gauss_seidel,2161,5.479142e-03
gauss_seidel,2162,5.465950e-03
gauss_seidel,2163,5.452790e-03
gauss_seidel,2164,5.439662e-03
gauss_seidel,2165,5.426565e-03
gauss_seidel,2166,5.413500e-03
gauss_seidel,2167,5.400466e-03
gauss_seidel,2168,5.387464e-03
gauss_seidel,2169,5.374493e-03
gauss_seidel,2170,5.361553e-03
gauss_seidel,2171,5.348644e-03
gauss_seidel,2172,5.335767e-03
gauss_seidel,2173,5.322920e-03
gauss_seidel,2174,5.310105e-03
gauss_seidel,2175,5.297320e-03
gauss_seidel,2176,5.284566e-03
gauss_seidel,2177,5.271843e-03
gauss_seidel,2178,5.259150e-03
gauss_seidel,2179,5.246488e-03
gauss_seidel,2180,5.233856e-03
gauss_seidel,2181,5.221255e-03
gauss_seidel,2182,5.208684e-03
gauss_seidel,2183,5.196144e-03
gauss_seidel,2184,5.183633e-03
gauss_seidel,2185,5.171153e-03
gauss_seidel,2186,5.158703e-03
gauss_seidel,2187,5.146282e-03
gauss_seidel,2188,5.133892e-03
gauss_seidel,2189,5.121531e-03
gauss_seidel,2190,5.109201e-03
gauss_seidel,2191,5.096900e-03
gauss_seidel,2192,5.084628e-03
gauss_seidel,2193,5.072386e-03
gauss_seidel,2194,5.060174e-03
gauss_seidel,2195,5.047991e-03
gauss_seidel,2196,5.035837e-03
gauss_seidel,2197,5.023713e-03
gauss_seidel,2198,5.011617e-03
gauss_seidel,2199,4.999551e-03
gauss_seidel,2200,4.987514e-03
gauss_seidel,2201,4.975506e-03
gauss_seidel,2202,4.963527e-03
gauss_seidel,2203,4.951577e-03
gauss_seidel,2204,4.939655e-03
gauss_seidel,2205,4.927762e-03
gauss_seidel,2206,4.915898e-03
gauss_seidel,2207,4.904062e-03
gauss_seidel,2208,4.892255e-03
gauss_seidel,2209,4.880476e-03
gauss_seidel,2210,4.868726e-03
gauss_seidel,2211,4.857004e-03
gauss_seidel,2212,4.845310e-03
gauss_seidel,2213,4.833644e-03
gauss_seidel,2214,4.822006e-03
gauss_seidel,2215,4.810397e-03
gauss_seidel,2216,4.798815e-03
gauss_seidel,2217,4.787261e-03
gauss_seidel,2218,4.775735e-03
gauss_seidel,2219,4.764237e-03
gauss_seidel,2220,4.752767e-03
gauss_seidel,2221,4.741324e-03
gauss_seidel,2222,4.729908e-03
gauss_seidel,2223,4.718521e-03
gauss_seidel,2224,4.707160e-03
gauss_seidel,2225,4.695827e-03
gauss_seidel,2226,4.684521e-03
gauss_seidel,2227,4.673243e-03
gauss_seidel,2228,4.661991e-03
gauss_seidel,2229,4.650767e-03
gauss_seidel,2230,4.639569e-03
gauss_seidel,2231,4.628399e-03
gauss_seidel,2232,4.617255e-03
gauss_seidel,2233,4.606139e-03
gauss_seidel,2234,4.595049e-03
gauss_seidel,2235,4.583986e-03
gauss_seidel,2236,4.572949e-03
gauss_seidel,2237,4.561939e-03
gauss_seidel,2238,4.550956e-03
gauss_seidel,2239,4.539999e-03
gauss_seidel,2240,4.529068e-03
gauss_seidel,2241,4.518164e-03
gauss_seidel,2242,4.507286e-03
gauss_seidel,2243,4.496434e-03
gauss_seidel,2244,4.485608e-03
gauss_seidel,2245,4.474808e-03
gauss_seidel,2246,4.464035e-03
gauss_seidel,2247,4.453287e-03
gauss_seidel,2248,4.442565e-03
gauss_seidel,2249,4.431869e-03
gauss_seidel,2250,4.421199e-03
gauss_seidel,2251,4.410554e-03
gauss_seidel,2252,4.399935e-03
gauss_seidel,2253,4.389342e-03
gauss_seidel,2254,4.378774e-03
gauss_seidel,2255,4.368231e-03
gauss_seidel,2256,4.357714e-03
gauss_seidel,2257,4.347222e-03
gauss_seidel,2258,4.336756e-03
gauss_seidel,2259,4.326314e-03
gauss_seidel,2260,4.315898e-03
gauss_seidel,2261,4.305507e-03
gauss_seidel,2262,4.295141e-03
gauss_seidel,2263,4.284800e-03
gauss_seidel,2264,4.274484e-03
gauss_seidel,2265,4.264192e-03
gauss_seidel,2266,4.253926e-03
gauss_seidel,2267,4.243684e-03
gauss_seidel,2268,4.233467e-03
gauss_seidel,2269,4.223274e-03
gauss_seidel,2270,4.213106e-03
gauss_seidel,2271,4.202962e-03
gauss_seidel,2272,4.192843e-03
gauss_seidel,2273,4.182748e-03
gauss_seidel,2274,4.172678e-03
gauss_seidel,2275,4.162631e-03
gauss_seidel,2276,4.152609e-03
gauss_seidel,2277,4.142611e-03
gauss_seidel,2278,4.132637e-03
gauss_seidel,2279,4.122688e-03
gauss_seidel,2280,4.112762e-03
gauss_seidel,2281,4.102860e-03
gauss_seidel,2282,4.092981e-03
gauss_seidel,2283,4.083127e-03
gauss_seidel,2284,4.073296e-03
gauss_seidel,2285,4.063489e-03
gauss_seidel,2286,4.053706e-03
gauss_seidel,2287,4.043946e-03
gauss_seidel,2288,4.034210e-03
gauss_seidel,2289,4.024497e-03
gauss_seidel,2290,4.014807e-03
gauss_seidel,2291,4.005141e-03
gauss_seidel,2292,3.995498e-03
gauss_seidel,2293,3.985879e-03
gauss_seidel,2294,3.976282e-03
gauss_seidel,2295,3.966709e-03
gauss_seidel,2296,3.957158e-03
gauss_seidel,2297,3.947631e-03
gauss_seidel,2298,3.938126e-03
gauss_seidel,2299,3.928645e-03
gauss_seidel,2300,3.919186e-03
gauss_seidel,2301,3.909750e-03
gauss_seidel,2302,3.900337e-03
gauss_seidel,2303,3.890946e-03
gauss_seidel,2304,3.881578e-03
gauss_seidel,2305,3.872233e-03
gauss_seidel,2306,3.862910e-03
gauss_seidel,2307,3.853610e-03
gauss_seidel,2308,3.844331e-03
gauss_seidel,2309,3.835076e-03
gauss_seidel,2310,3.825842e-03
gauss_seidel,2311,3.816631e-03
gauss_seidel,2312,3.807442e-03
gauss_seidel,2313,3.798275e-03
gauss_seidel,2314,3.789130e-03
gauss_seidel,2315,3.780007e-03
gauss_seidel,2316,3.770907e-03
gauss_seidel,2317,3.761828e-03
gauss_seidel,2318,3.752770e-03
gauss_seidel,2319,3.743735e-03
gauss_seidel,2320,3.734722e-03
gauss_seidel,2321,3.725730e-03
gauss_seidel,2322,3.716760e-03
gauss_seidel,2323,3.707811e-03
gauss_seidel,2324,3.698884e-03
gauss_seidel,2325,3.689978e-03
gauss_seidel,2326,3.681094e-03
gauss_seidel,2327,3.672232e-03
gauss_seidel,2328,3.663390e-03
gauss_seidel,2329,3.654570e-03
gauss_seidel,2330,3.645771e-03
gauss_seidel,2331,3.636993e-03
gauss_seidel,2332,3.628237e-03
gauss_seidel,2333,3.619501e-03
gauss_seidel,2334,3.610787e-03
gauss_seidel,2335,3.602094e-03
gauss_seidel,2336,3.593421e-03
gauss_seidel,2337,3.584769e-03
gauss_seidel,2338,3.576139e-03
gauss_seidel,2339,3.567529e-03
gauss_seidel,2340,3.558939e-03
gauss_seidel,2341,3.550371e-03
gauss_seidel,2342,3.541823e-03
gauss_seidel,2343,3.533295e-03
gauss_seidel,2344,3.524788e-03
gauss_seidel,2345,3.516302e-03
gauss_seidel,2346,3.507836e-03
gauss_seidel,2347,3.499390e-03
gauss_seidel,2348,3.490965e-03
gauss_seidel,2349,3.482560e-03
gauss_seidel,2350,3.474175e-03
gauss_seidel,2351,3.465811e-03
gauss_seidel,2352,3.457466e-03
gauss_seidel,2353,3.449142e-03
gauss_seidel,2354,3.440838e-03
gauss_seidel,2355,3.432554e-03
gauss_seidel,2356,3.424289e-03
gauss_seidel,2357,3.416045e-03
gauss_seidel,2358,3.407820e-03
gauss_seidel,2359,3.399615e-03
gauss_seidel,2360,3.391430e-03
gauss_seidel,2361,3.383265e-03
gauss_seidel,2362,3.375119e-03
gauss_seidel,2363,3.366993e-03
gauss_seidel,2364,3.358887e-03
gauss_seidel,2365,3.350800e-03
gauss_seidel,2366,3.342732e-03
gauss_seidel,2367,3.334684e-03
gauss_seidel,2368,3.326656e-03
gauss_seidel,2369,3.318646e-03
gauss_seidel,2370,3.310656e-03
gauss_seidel,2371,3.302685e-03
gauss_seidel,2372,3.294734e-03
gauss_seidel,2373,3.286801e-03
gauss_seidel,2374,3.278888e-03
gauss_seidel,2375,3.270993e-03
gauss_seidel,2376,3.263118e-03
gauss_seidel,2377,3.255262e-03
gauss_seidel,2378,3.247424e-03
gauss_seidel,2379,3.239606e-03
gauss_seidel,2380,3.231806e-03
gauss_seidel,2381,3.224025e-03
gauss_seidel,2382,3.216262e-03
gauss_seidel,2383,3.208519e-03
gauss_seidel,2384,3.200794e-03
gauss_seidel,2385,3.193088e-03
gauss_seidel,2386,3.185400e-03
gauss_seidel,2387,3.177731e-03
gauss_seidel,2388,3.170080e-03
gauss_seidel,2389,3.162447e-03
gauss_seidel,2390,3.154833e-03
gauss_seidel,2391,3.147238e-03
gauss_seidel,2392,3.139660e-03
gauss_seidel,2393,3.132101e-03
gauss_seidel,2394,3.124560e-03
gauss_seidel,2395,3.117037e-03
gauss_seidel,2396,3.109533e-03
gauss_seidel,2397,3.102046e-03
gauss_seidel,2398,3.094577e-03
gauss_seidel,2399,3.087127e-03
gauss_seidel,2400,3.079694e-03
gauss_seidel,2401,3.072279e-03
gauss_seidel,2402,3.064882e-03
gauss_seidel,2403,3.057503e-03
gauss_seidel,2404,3.050142e-03
gauss_seidel,2405,3.042798e-03
gauss_seidel,2406,3.035472e-03
gauss_seidel,2407,3.028164e-03
gauss_seidel,2408,3.020873e-03
gauss_seidel,2409,3.013600e-03
gauss_seidel,2410,3.006345e-03
gauss_seidel,2411,2.999106e-03
gauss_seidel,2412,2.991886e-03
gauss_seidel,2413,2.984682e-03
gauss_seidel,2414,2.977496e-03
gauss_seidel,2415,2.970328e-03
gauss_seidel,2416,2.963176e-03
gauss_seidel,2417,2.956042e-03
gauss_seidel,2418,2.948925e-03
gauss_seidel,2419,2.941825e-03
gauss_seidel,2420,2.934742e-03
gauss_seidel,2421,2.927676e-03
gauss_seidel,2422,2.920627e-03
gauss_seidel,2423,2.913596e-03
gauss_seidel,2424,2.906581e-03
gauss_seidel,2425,2.899583e-03
gauss_seidel,2426,2.892602e-03
gauss_seidel,2427,2.885637e-03
gauss_seidel,2428,2.878690e-03
gauss_seidel,2429,2.871759e-03
gauss_seidel,2430,2.864845e-03
gauss_seidel,2431,2.857947e-03
gauss_seidel,2432,2.851066e-03
gauss_seidel,2433,2.844202e-03
gauss_seidel,2434,2.837354e-03
gauss_seidel,2435,2.830523e-03
gauss_seidel,2436,2.823708e-03
gauss_seidel,2437,2.816910e-03
gauss_seidel,2438,2.810128e-03
gauss_seidel,2439,2.803362e-03
gauss_seidel,2440,2.796612e-03
gauss_seidel,2441,2.789879e-03
gauss_seidel,2442,2.783162e-03
gauss_seidel,2443,2.776461e-03
gauss_seidel,2444,2.769777e-03
gauss_seidel,2445,2.763108e-03
gauss_seidel,2446,2.756455e-03
gauss_seidel,2447,2.749819e-03
gauss_seidel,2448,2.743198e-03
gauss_seidel,2449,2.736594e-03
gauss_seidel,2450,2.730005e-03
gauss_seidel,2451,2.723432e-03
gauss_seidel,2452,2.716875e-03
gauss_seidel,2453,2.710334e-03
gauss_seidel,2454,2.703808e-03
gauss_seidel,2455,2.697298e-03
gauss_seidel,2456,2.690804e-03
gauss_seidel,2457,2.684326e-03
gauss_seidel,2458,2.677863e-03
gauss_seidel,2459,2.671416e-03
gauss_seidel,2460,2.664984e-03
gauss_seidel,2461,2.658568e-03
gauss_seidel,2462,2.652167e-03
gauss_seidel,2463,2.645781e-03
gauss_seidel,2464,2.639411e-03
gauss_seidel,2465,2.633056e-03
gauss_seidel,2466,2.626717e-03
gauss_seidel,2467,2.620393e-03
gauss_seidel,2468,2.614084e-03
gauss_seidel,2469,2.607790e-03
gauss_seidel,2470,2.601512e-03
gauss_seidel,2471,2.595248e-03
gauss_seidel,2472,2.589000e-03
gauss_seidel,2473,2.582766e-03
gauss_seidel,2474,2.576548e-03
gauss_seidel,2475,2.570345e-03
gauss_seidel,2476,2.564156e-03
gauss_seidel,2477,2.557983e-03
gauss_seidel,2478,2.551824e-03
gauss_seidel,2479,2.545680e-03
gauss_seidel,2480,2.539551e-03
gauss_seidel,2481,2.533437e-03
gauss_seidel,2482,2.527337e-03
gauss_seidel,2483,2.521252e-03
gauss_seidel,2484,2.515182e-03
gauss_seidel,2485,2.509126e-03
gauss_seidel,2486,2.503085e-03
gauss_seidel,2487,2.497059e-03
gauss_seidel,2488,2.491047e-03
gauss_seidel,2489,2.485049e-03
gauss_seidel,2490,2.479066e-03
gauss_seidel,2491,2.473097e-03
gauss_seidel,2492,2.467143e-03
gauss_seidel,2493,2.461203e-03
gauss_seidel,2494,2.455277e-03
gauss_seidel,2495,2.449366e-03
gauss_seidel,2496,2.443469e-03
gauss_seidel,2497,2.437586e-03
gauss_seidel,2498,2.431717e-03
gauss_seidel,2499,2.425862e-03
gauss_seidel,2500,2.420022e-03
gauss_seidel,2501,2.414195e-03
gauss_seidel,2502,2.408383e-03
gauss_seidel,2503,2.402584e-03
gauss_seidel,2504,2.396800e-03
gauss_seidel,2505,2.391029e-03
gauss_seidel,2506,2.385272e-03
gauss_seidel,2507,2.379529e-03
gauss_seidel,2508,2.373800e-03
gauss_seidel,2509,2.368085e-03
gauss_seidel,2510,2.362384e-03
gauss_seidel,2511,2.356696e-03
gauss_seidel,2512,2.351022e-03
gauss_seidel,2513,2.345361e-03
gauss_seidel,2514,2.339715e-03
gauss_seidel,2515,2.334081e-03
gauss_seidel,2516,2.328462e-03
gauss_seidel,2517,2.322856e-03
gauss_seidel,2518,2.317263e-03
gauss_seidel,2519,2.311684e-03
gauss_seidel,2520,2.306118e-03
gauss_seidel,2521,2.300566e-03
gauss_seidel,2522,2.295027e-03
gauss_seidel,2523,2.289502e-03
gauss_seidel,2524,2.283989e-03
gauss_seidel,2525,2.278490e-03
gauss_seidel,2526,2.273004e-03
gauss_seidel,2527,2.267532e-03
gauss_seidel,2528,2.262072e-03
gauss_seidel,2529,2.256626e-03
gauss_seidel,2530,2.251193e-03
gauss_seidel,2531,2.245773e-03
gauss_seidel,2532,2.240366e-03
gauss_seidel,2533,2.234972e-03
gauss_seidel,2534,2.229591e-03
gauss_seidel,2535,2.224223e-03
gauss_seidel,2536,2.218868e-03
gauss_seidel,2537,2.213526e-03
gauss_seidel,2538,2.208196e-03
gauss_seidel,2539,2.202880e-03
gauss_seidel,2540,2.197576e-03
gauss_seidel,2541,2.192285e-03
gauss_seidel,2542,2.187007e-03
gauss_seidel,2543,2.181741e-03
gauss_seidel,2544,2.176489e-03
gauss_seidel,2545,2.171248e-03
gauss_seidel,2546,2.166021e-03
gauss_seidel,2547,2.160806e-03
gauss_seidel,2548,2.155603e-03
gauss_seidel,2549,2.150413e-03
gauss_seidel,2550,2.145236e-03
gauss_seidel,2551,2.140071e-03
gauss_seidel,2552,2.134919e-03
gauss_seidel,2553,2.129778e-03
gauss_seidel,2554,2.124651e-03
gauss_seidel,2555,2.119535e-03
gauss_seidel,2556,2.114432e-03
gauss_seidel,2557,2.109342e-03
gauss_seidel,2558,2.104263e-03
gauss_seidel,2559,2.099197e-03
gauss_seidel,2560,2.094143e-03
gauss_seidel,2561,2.089101e-03
gauss_seidel,2562,2.084071e-03
gauss_seidel,2563,2.079053e-03
gauss_seidel,2564,2.074048e-03
gauss_seidel,2565,2.069054e-03
gauss_seidel,2566,2.064072e-03
gauss_seidel,2567,2.059103e-03
gauss_seidel,2568,2.054145e-03
gauss_seidel,2569,2.049200e-03
gauss_seidel,2570,2.044266e-03
gauss_seidel,2571,2.039344e-03
gauss_seidel,2572,2.034434e-03
gauss_seidel,2573,2.029536e-03
gauss_seidel,2574,2.024650e-03
gauss_seidel,2575,2.019775e-03
gauss_seidel,2576,2.014912e-03
gauss_seidel,2577,2.010061e-03
gauss_seidel,2578,2.005221e-03
gauss_seidel,2579,2.000394e-03
gauss_seidel,2580,1.995577e-03
gauss_seidel,2581,1.990773e-03
gauss_seidel,2582,1.985980e-03
gauss_seidel,2583,1.981198e-03
gauss_seidel,2584,1.976428e-03
gauss_seidel,2585,1.971670e-03
gauss_seidel,2586,1.966923e-03
gauss_seidel,2587,1.962187e-03
gauss_seidel,2588,1.957463e-03
gauss_seidel,2589,1.952750e-03
gauss_seidel,2590,1.948048e-03
gauss_seidel,2591,1.943358e-03
gauss_seidel,2592,1.938679e-03
gauss_seidel,2593,1.934012e-03
gauss_seidel,2594,1.929355e-03
gauss_seidel,2595,1.924710e-03
gauss_seidel,2596,1.920076e-03
gauss_seidel,2597,1.915453e-03
gauss_seidel,2598,1.910842e-03
gauss_seidel,2599,1.906241e-03
gauss_seidel,2600,1.901651e-03
gauss_seidel,2601,1.897073e-03
gauss_seidel,2602,1.892505e-03
gauss_seidel,2603,1.887949e-03
gauss_seidel,2604,1.883403e-03
gauss_seidel,2605,1.878869e-03
gauss_seidel,2606,1.874345e-03
gauss_seidel,2607,1.869833e-03
gauss_seidel,2608,1.865331e-03
gauss_seidel,2609,1.860840e-03
gauss_seidel,2610,1.856359e-03
gauss_seidel,2611,1.851890e-03
gauss_seidel,2612,1.847431e-03
gauss_seidel,2613,1.842983e-03
gauss_seidel,2614,1.838546e-03
gauss_seidel,2615,1.834120e-03
gauss_seidel,2616,1.829704e-03
gauss_seidel,2617,1.825298e-03
gauss_seidel,2618,1.820904e-03
gauss_seidel,2619,1.816520e-03
gauss_seidel,2620,1.812146e-03
gauss_seidel,2621,1.807783e-03
gauss_seidel,2622,1.803431e-03
gauss_seidel,2623,1.799089e-03
gauss_seidel,2624,1.794757e-03
gauss_seidel,2625,1.790436e-03
gauss_seidel,2626,1.786125e-03
gauss_seidel,2627,1.781825e-03
gauss_seidel,2628,1.777535e-03
gauss_seidel,2629,1.773255e-03
gauss_seidel,2630,1.768986e-03
gauss_seidel,2631,1.764727e-03
gauss_seidel,2632,1.760478e-03
gauss_seidel,2633,1.756240e-03
gauss_seidel,2634,1.752011e-03
gauss_seidel,2635,1.747793e-03
gauss_seidel,2636,1.743585e-03
gauss_seidel,2637,1.739387e-03
gauss_seidel,2638,1.735199e-03
gauss_seidel,2639,1.731021e-03
gauss_seidel,2640,1.726854e-03
gauss_seidel,2641,1.722696e-03
gauss_seidel,2642,1.718548e-03
gauss_seidel,2643,1.714411e-03
gauss_seidel,2644,1.710283e-03
gauss_seidel,2645,1.706165e-03
gauss_seidel,2646,1.702058e-03
gauss_seidel,2647,1.697960e-03
gauss_seidel,2648,1.693872e-03
gauss_seidel,2649,1.689793e-03
gauss_seidel,2650,1.685725e-03
gauss_seidel,2651,1.681666e-03
gauss_seidel,2652,1.677618e-03
gauss_seidel,2653,1.673578e-03
gauss_seidel,2654,1.669549e-03
gauss_seidel,2655,1.665529e-03
gauss_seidel,2656,1.661519e-03
gauss_seidel,2657,1.657519e-03
gauss_seidel,2658,1.653528e-03
gauss_seidel,2659,1.649547e-03
gauss_seidel,2660,1.645576e-03
gauss_seidel,2661,1.641614e-03
gauss_seidel,2662,1.637661e-03
gauss_seidel,2663,1.633719e-03
gauss_seidel,2664,1.629785e-03
gauss_seidel,2665,1.625861e-03
gauss_seidel,2666,1.621947e-03
gauss_seidel,2667,1.618042e-03
gauss_seidel,2668,1.614146e-03
gauss_seidel,2669,1.610260e-03
gauss_seidel,2670,1.606383e-03
gauss_seidel,2671,1.602515e-03
gauss_seidel,2672,1.598657e-03
gauss_seidel,2673,1.594808e-03
gauss_seidel,2674,1.590968e-03
gauss_seidel,2675,1.587138e-03
gauss_seidel,2676,1.583317e-03
gauss_seidel,2677,1.579504e-03
gauss_seidel,2678,1.575702e-03
gauss_seidel,2679,1.571908e-03
gauss_seidel,2680,1.568123e-03
gauss_seidel,2681,1.564348e-03
gauss_seidel,2682,1.560581e-03
gauss_seidel,2683,1.556824e-03
gauss_seidel,2684,1.553076e-03
gauss_seidel,2685,1.549337e-03
gauss_seidel,2686,1.545606e-03
gauss_seidel,2687,1.541885e-03
gauss_seidel,2688,1.538173e-03
gauss_seidel,2689,1.534469e-03
gauss_seidel,2690,1.530775e-03
gauss_seidel,2691,1.527089e-03
gauss_seidel,2692,1.523413e-03
gauss_seidel,2693,1.519745e-03
gauss_seidel,2694,1.516086e-03
gauss_seidel,2695,1.512436e-03
gauss_seidel,2696,1.508794e-03
gauss_seidel,2697,1.505162e-03
gauss_seidel,2698,1.501538e-03
gauss_seidel,2699,1.497923e-03
gauss_seidel,2700,1.494316e-03
gauss_seidel,2701,1.490719e-03
gauss_seidel,2702,1.487129e-03
gauss_seidel,2703,1.483549e-03
gauss_seidel,2704,1.479977e-03
gauss_seidel,2705,1.476414e-03
gauss_seidel,2706,1.472859e-03
gauss_seidel,2707,1.469313e-03
gauss_seidel,2708,1.465776e-03
gauss_seidel,2709,1.462246e-03
gauss_seidel,2710,1.458726e-03
gauss_seidel,2711,1.455214e-03
gauss_seidel,2712,1.451710e-03
gauss_seidel,2713,1.448215e-03
gauss_seidel,2714,1.444728e-03
gauss_seidel,2715,1.441250e-03
gauss_seidel,2716,1.437780e-03
gauss_seidel,2717,1.434318e-03
gauss_seidel,2718,1.430865e-03
gauss_seidel,2719,1.427420e-03
gauss_seidel,2720,1.423983e-03
gauss_seidel,2721,1.420555e-03
gauss_seidel,2722,1.417135e-03
gauss_seidel,2723,1.413723e-03
gauss_seidel,2724,1.410319e-03
gauss_seidel,2725,1.406923e-03
gauss_seidel,2726,1.403536e-03
gauss_seidel,2727,1.400157e-03
gauss_seidel,2728,1.396786e-03
gauss_seidel,2729,1.393423e-03
gauss_seidel,2730,1.390068e-03
gauss_seidel,2731,1.386721e-03
gauss_seidel,2732,1.383382e-03
gauss_seidel,2733,1.380052e-03
gauss_seidel,2734,1.376729e-03
gauss_seidel,2735,1.373414e-03
gauss_seidel,2736,1.370108e-03
gauss_seidel,2737,1.366809e-03
gauss_seidel,2738,1.363518e-03
gauss_seidel,2739,1.360235e-03
gauss_seidel,2740,1.356960e-03
gauss_seidel,2741,1.353693e-03
gauss_seidel,2742,1.350434e-03
gauss_seidel,2743,1.347183e-03
gauss_seidel,2744,1.343939e-03
gauss_seidel,2745,1.340704e-03
gauss_seidel,2746,1.337476e-03
gauss_seidel,2747,1.334255e-03
gauss_seidel,2748,1.331043e-03
gauss_seidel,2749,1.327838e-03
gauss_seidel,2750,1.324641e-03
gauss_seidel,2751,1.321452e-03
gauss_seidel,2752,1.318271e-03
gauss_seidel,2753,1.315097e-03
gauss_seidel,2754,1.311930e-03
gauss_seidel,2755,1.308772e-03
gauss_seidel,2756,1.305621e-03
gauss_seidel,2757,1.302477e-03
gauss_seidel,2758,1.299341e-03
gauss_seidel,2759,1.296213e-03
gauss_seidel,2760,1.293092e-03
gauss_seidel,2761,1.289979e-03
gauss_seidel,2762,1.286873e-03
gauss_seidel,2763,1.283775e-03
gauss_seidel,2764,1.280684e-03
gauss_seidel,2765,1.277601e-03
gauss_seidel,2766,1.274525e-03
gauss_seidel,2767,1.271456e-03
gauss_seidel,2768,1.268395e-03
gauss_seidel,2769,1.265341e-03
gauss_seidel,2770,1.262294e-03
gauss_seidel,2771,1.259255e-03
gauss_seidel,2772,1.256223e-03
gauss_seidel,2773,1.253199e-03
gauss_seidel,2774,1.250182e-03
gauss_seidel,2775,1.247172e-03
gauss_seidel,2776,1.244169e-03
gauss_seidel,2777,1.241173e-03
gauss_seidel,2778,1.238185e-03
gauss_seidel,2779,1.235204e-03
gauss_seidel,2780,1.232230e-03
gauss_seidel,2781,1.229263e-03
gauss_seidel,2782,1.226304e-03
gauss_seidel,2783,1.223351e-03
gauss_seidel,2784,1.220406e-03
gauss_seidel,2785,1.217468e-03
gauss_seidel,2786,1.214536e-03
gauss_seidel,2787,1.211612e-03
gauss_seidel,2788,1.208695e-03
gauss_seidel,2789,1.205785e-03
gauss_seidel,2790,1.202882e-03
gauss_seidel,2791,1.199986e-03
gauss_seidel,2792,1.197097e-03
gauss_seidel,2793,1.194214e-03
gauss_seidel,2794,1.191339e-03
gauss_seidel,2795,1.188471e-03
gauss_seidel,2796,1.185610e-03
gauss_seidel,2797,1.182755e-03
gauss_seidel,2798,1.179907e-03
gauss_seidel,2799,1.177067e-03
gauss_seidel,2800,1.174233e-03
gauss_seidel,2801,1.171406e-03
gauss_seidel,2802,1.168585e-03
gauss_seidel,2803,1.165772e-03
gauss_seidel,2804,1.162965e-03
gauss_seidel,2805,1.160165e-03
gauss_seidel,2806,1.157372e-03
gauss_seidel,2807,1.154585e-03
gauss_seidel,2808,1.151805e-03
gauss_seidel,2809,1.149032e-03
gauss_seidel,2810,1.146266e-03
gauss_seidel,2811,1.143506e-03
gauss_seidel,2812,1.140753e-03
gauss_seidel,2813,1.138006e-03
gauss_seidel,2814,1.135266e-03
gauss_seidel,2815,1.132533e-03
gauss_seidel,2816,1.129806e-03
gauss_seidel,2817,1.127086e-03
gauss_seidel,2818,1.124373e-03
gauss_seidel,2819,1.121665e-03
gauss_seidel,2820,1.118965e-03
gauss_seidel,2821,1.116271e-03
gauss_seidel,2822,1.113583e-03
gauss_seidel,2823,1.110902e-03
gauss_seidel,2824,1.108228e-03
gauss_seidel,2825,1.105559e-03
gauss_seidel,2826,1.102898e-03
gauss_seidel,2827,1.100242e-03
gauss_seidel,2828,1.097593e-03
gauss_seidel,2829,1.094951e-03
gauss_seidel,2830,1.092314e-03
gauss_seidel,2831,1.089684e-03
gauss_seidel,2832,1.087061e-03
gauss_seidel,2833,1.084444e-03
gauss_seidel,2834,1.081833e-03
gauss_seidel,2835,1.079228e-03
gauss_seidel,2836,1.076630e-03
gauss_seidel,2837,1.074037e-03
gauss_seidel,2838,1.071452e-03
gauss_seidel,2839,1.068872e-03
gauss_seidel,2840,1.066298e-03
gauss_seidel,2841,1.063731e-03
gauss_seidel,2842,1.061170e-03
gauss_seidel,2843,1.058615e-03
gauss_seidel,2844,1.056066e-03
gauss_seidel,2845,1.053524e-03
gauss_seidel,2846,1.050987e-03
gauss_seidel,2847,1.048457e-03
gauss_seidel,2848,1.045933e-03
gauss_seidel,2849,1.043414e-03
gauss_seidel,2850,1.040902e-03
gauss_seidel,2851,1.038396e-03
gauss_seidel,2852,1.035896e-03
gauss_seidel,2853,1.033402e-03
gauss_seidel,2854,1.030914e-03
gauss_seidel,2855,1.028432e-03
gauss_seidel,2856,1.025956e-03
gauss_seidel,2857,1.023486e-03
gauss_seidel,2858,1.021021e-03
gauss_seidel,2859,1.018563e-03
gauss_seidel,2860,1.016111e-03
gauss_seidel,2861,1.013664e-03
gauss_seidel,2862,1.011224e-03
gauss_seidel,2863,1.008789e-03
gauss_seidel,2864,1.006360e-03
gauss_seidel,2865,1.003938e-03
gauss_seidel,2866,1.001520e-03
gauss_seidel,2867,9.991091e-04
gauss_seidel,2868,9.967036e-04
gauss_seidel,2869,9.943039e-04
gauss_seidel,2870,9.919100e-04
gauss_seidel,2871,9.895219e-04
gauss_seidel,2872,9.871394e-04
gauss_seidel,2873,9.847628e-04
gauss_seidel,2874,9.823918e-04
gauss_seidel,2875,9.800266e-04
gauss_seidel,2876,9.776670e-04
gauss_seidel,2877,9.753132e-04
gauss_seidel,2878,9.729650e-04
gauss_seidel,2879,9.706224e-04
gauss_seidel,2880,9.682855e-04
gauss_seidel,2881,9.659542e-04
gauss_seidel,2882,9.636286e-04
gauss_seidel,2883,9.613085e-04
gauss_seidel,2884,9.589940e-04
gauss_seidel,2885,9.566851e-04
gauss_seidel,2886,9.543818e-04
gauss_seidel,2887,9.520840e-04
gauss_seidel,2888,9.497917e-04
gauss_seidel,2889,9.475049e-04
gauss_seidel,2890,9.452237e-04
gauss_seidel,2891,9.429479e-04
gauss_seidel,2892,9.406777e-04
gauss_seidel,2893,9.384128e-04
gauss_seidel,2894,9.361535e-04
gauss_seidel,2895,9.338996e-04
gauss_seidel,2896,9.316511e-04
gauss_seidel,2897,9.294080e-04
gauss_seidel,2898,9.271703e-04
gauss_seidel,2899,9.249380e-04
gauss_seidel,2900,9.227111e-04
gauss_seidel,2901,9.204896e-04
gauss_seidel,2902,9.182734e-04
gauss_seidel,2903,9.160625e-04
gauss_seidel,2904,9.138570e-04
gauss_seidel,2905,9.116567e-04
gauss_seidel,2906,9.094618e-04
gauss_seidel,2907,9.072721e-04
gauss_seidel,2908,9.050877e-04
gauss_seidel,2909,9.029086e-04
gauss_seidel,2910,9.007348e-04
gauss_seidel,2911,8.985661e-04
gauss_seidel,2912,8.964027e-04
gauss_seidel,2913,8.942445e-04
gauss_seidel,2914,8.920915e-04
gauss_seidel,2915,8.899436e-04
gauss_seidel,2916,8.878010e-04
gauss_seidel,2917,8.856635e-04
gauss_seidel,2918,8.835311e-04
gauss_seidel,2919,8.814039e-04
gauss_seidel,2920,8.792818e-04
gauss_seidel,2921,8.771648e-04
gauss_seidel,2922,8.750529e-04
gauss_seidel,2923,8.729461e-04
gauss_seidel,2924,8.708444e-04
gauss_seidel,2925,8.687477e-04
gauss_seidel,2926,8.666561e-04
gauss_seidel,2927,8.645695e-04
gauss_seidel,2928,8.624879e-04
gauss_seidel,2929,8.604113e-04
gauss_seidel,2930,8.583398e-04
gauss_seidel,2931,8.562732e-04
gauss_seidel,2932,8.542116e-04
gauss_seidel,2933,8.521550e-04
gauss_seidel,2934,8.501033e-04
gauss_seidel,2935,8.480566e-04
gauss_seidel,2936,8.460148e-04
gauss_seidel,2937,8.439779e-04
gauss_seidel,2938,8.419459e-04
gauss_seidel,2939,8.399188e-04
gauss_seidel,2940,8.378965e-04
gauss_seidel,2941,8.358792e-04
gauss_seidel,2942,8.338667e-04
gauss_seidel,2943,8.318591e-04
gauss_seidel,2944,8.298562e-04
gauss_seidel,2945,8.278582e-04
gauss_seidel,2946,8.258651e-04
gauss_seidel,2947,8.238767e-04
gauss_seidel,2948,8.218931e-04
gauss_seidel,2949,8.199143e-04
gauss_seidel,2950,8.179402e-04
gauss_seidel,2951,8.159709e-04
gauss_seidel,2952,8.140063e-04
gauss_seidel,2953,8.120465e-04
gauss_seidel,2954,8.100914e-04
gauss_seidel,2955,8.081410e-04
gauss_seidel,2956,8.061953e-04
gauss_seidel,2957,8.042543e-04
gauss_seidel,2958,8.023179e-04
gauss_seidel,2959,8.003862e-04
gauss_seidel,2960,7.984592e-04
gauss_seidel,2961,7.965368e-04
gauss_seidel,2962,7.946190e-04
gauss_seidel,2963,7.927059e-04
gauss_seidel,2964,7.907973e-04
gauss_seidel,2965,7.888934e-04
gauss_seidel,2966,7.869940e-04
gauss_seidel,2967,7.850992e-04
gauss_seidel,2968,7.832090e-04
gauss_seidel,2969,7.813233e-04
gauss_seidel,2970,7.794421e-04
gauss_seidel,2971,7.775655e-04
gauss_seidel,2972,7.756934e-04
gauss_seidel,2973,7.738258e-04
gauss_seidel,2974,7.719628e-04
gauss_seidel,2975,7.701041e-04
gauss_seidel,2976,7.682500e-04
gauss_seidel,2977,7.664003e-04
gauss_seidel,2978,7.645551e-04
gauss_seidel,2979,7.627144e-04
gauss_seidel,2980,7.608780e-04
gauss_seidel,2981,7.590461e-04
gauss_seidel,2982,7.572186e-04
gauss_seidel,2983,7.553955e-04
gauss_seidel,2984,7.535768e-04
gauss_seidel,2985,7.517624e-04
gauss_seidel,2986,7.499525e-04
gauss_seidel,2987,7.481469e-04
gauss_seidel,2988,7.463456e-04
gauss_seidel,2989,7.445487e-04
gauss_seidel,2990,7.427561e-04
gauss_seidel,2991,7.409678e-04
gauss_seidel,2992,7.391838e-04
gauss_seidel,2993,7.374041e-04
gauss_seidel,2994,7.356287e-04
gauss_seidel,2995,7.338576e-04
gauss_seidel,2996,7.320907e-04
gauss_seidel,2997,7.303281e-04
gauss_seidel,2998,7.285697e-04
gauss_seidel,2999,7.268156e-04
gauss_seidel,3000,7.250657e-04
gauss_seidel,3001,7.233200e-04
gauss_seidel,3002,7.215785e-04
gauss_seidel,3003,7.198412e-04
gauss_seidel,3004,7.181081e-04
gauss_seidel,3005,7.163792e-04
gauss_seidel,3006,7.146544e-04
gauss_seidel,3007,7.129337e-04
gauss_seidel,3008,7.112173e-04
gauss_seidel,3009,7.095049e-04
gauss_seidel,3010,7.077967e-04
gauss_seidel,3011,7.060926e-04
gauss_seidel,3012,7.043925e-04
gauss_seidel,3013,7.026966e-04
gauss_seidel,3014,7.010048e-04
gauss_seidel,3015,6.993170e-04
gauss_seidel,3016,6.976333e-04
gauss_seidel,3017,6.959537e-04
gauss_seidel,3018,6.942781e-04
gauss_seidel,3019,6.926065e-04
gauss_seidel,3020,6.909390e-04
gauss_seidel,3021,6.892754e-04
gauss_seidel,3022,6.876159e-04
gauss_seidel,3023,6.859604e-04
gauss_seidel,3024,6.843088e-04
gauss_seidel,3025,6.826613e-04
gauss_seidel,3026,6.810177e-04
gauss_seidel,3027,6.793780e-04
gauss_seidel,3028,6.777423e-04
gauss_seidel,3029,6.761106e-04
gauss_seidel,3030,6.744827e-04
gauss_seidel,3031,6.728588e-04
gauss_seidel,3032,6.712388e-04
gauss_seidel,3033,6.696227e-04
gauss_seidel,3034,6.680105e-04
gauss_seidel,3035,6.664022e-04
gauss_seidel,3036,6.647977e-04
gauss_seidel,3037,6.631972e-04
gauss_seidel,3038,6.616004e-04
gauss_seidel,3039,6.600075e-04
gauss_seidel,3040,6.584185e-04
gauss_seidel,3041,6.568332e-04
gauss_seidel,3042,6.552518e-04
gauss_seidel,3043,6.536742e-04
gauss_seidel,3044,6.521004e-04
gauss_seidel,3045,6.505304e-04
gauss_seidel,3046,6.489641e-04
gauss_seidel,3047,6.474017e-04
gauss_seidel,3048,6.458430e-04
gauss_seidel,3049,6.442880e-04
gauss_seidel,3050,6.427368e-04
gauss_seidel,3051,6.411893e-04
gauss_seidel,3052,6.396456e-04
gauss_seidel,3053,6.381055e-04
gauss_seidel,3054,6.365692e-04
gauss_seidel,3055,6.350366e-04
gauss_seidel,3056,6.335076e-04
gauss_seidel,3057,6.319824e-04
gauss_seidel,3058,6.304608e-04
gauss_seidel,3059,6.289429e-04
gauss_seidel,3060,6.274286e-04
gauss_seidel,3061,6.259180e-04
gauss_seidel,3062,6.244110e-04
gauss_seidel,3063,6.229077e-04
gauss_seidel,3064,6.214079e-04
gauss_seidel,3065,6.199118e-04
gauss_seidel,3066,6.184193e-04
gauss_seidel,3067,6.169303e-04
gauss_seidel,3068,6.154450e-04
gauss_seidel,3069,6.139632e-04
gauss_seidel,3070,6.124850e-04
gauss_seidel,3071,6.110104e-04
gauss_seidel,3072,6.095393e-04
gauss_seidel,3073,6.080718e-04
gauss_seidel,3074,6.066077e-04
gauss_seidel,3075,6.051472e-04
gauss_seidel,3076,6.036903e-04
gauss_seidel,3077,6.022368e-04
gauss_seidel,3078,6.007868e-04
gauss_seidel,3079,5.993404e-04
gauss_seidel,3080,5.978974e-04
gauss_seidel,3081,5.964578e-04
gauss_seidel,3082,5.950218e-04
gauss_seidel,3083,5.935892e-04
gauss_seidel,3084,5.921601e-04
gauss_seidel,3085,5.907343e-04
gauss_seidel,3086,5.893121e-04
gauss_seidel,3087,5.878932e-04
gauss_seidel,3088,5.864778e-04
gauss_seidel,3089,5.850658e-04
gauss_seidel,3090,5.836571e-04
gauss_seidel,3091,5.822519e-04
gauss_seidel,3092,5.808501e-04
gauss_seidel,3093,5.794516e-04
gauss_seidel,3094,5.780565e-04
gauss_seidel,3095,5.766647e-04
gauss_seidel,3096,5.752763e-04
gauss_seidel,3097,5.738913e-04
gauss_seidel,3098,5.725095e-04
gauss_seidel,3099,5.711311e-04
gauss_seidel,3100,5.697561e-04
gauss_seidel,3101,5.683843e-04
gauss_seidel,3102,5.670158e-04
gauss_seidel,3103,5.656507e-04
gauss_seidel,3104,5.642888e-04
gauss_seidel,3105,5.629302e-04
gauss_seidel,3106,5.615749e-04
gauss_seidel,3107,5.602228e-04
gauss_seidel,3108,5.588740e-04
gauss_seidel,3109,5.575284e-04
gauss_seidel,3110,5.561861e-04
gauss_seidel,3111,5.548470e-04
gauss_seidel,3112,5.535111e-04
gauss_seidel,3113,5.521785e-04
gauss_seidel,3114,5.508490e-04
gauss_seidel,3115,5.495228e-04
gauss_seidel,3116,5.481997e-04
gauss_seidel,3117,5.468799e-04
gauss_seidel,3118,5.455632e-04
gauss_seidel,3119,5.442497e-04
gauss_seidel,3120,5.429393e-04
gauss_seidel,3121,5.416321e-04
gauss_seidel,3122,5.403281e-04
gauss_seidel,3123,5.390271e-04
gauss_seidel,3124,5.377294e-04
gauss_seidel,3125,5.364347e-04
gauss_seidel,3126,5.351432e-04
gauss_seidel,3127,5.338547e-04
gauss_seidel,3128,5.325694e-04
gauss_seidel,3129,5.312872e-04
gauss_seidel,3130,5.300080e-04
gauss_seidel,3131,5.287320e-04
gauss_seidel,3132,5.274590e-04
gauss_seidel,3133,5.261890e-04
gauss_seidel,3134,5.249222e-04
gauss_seidel,3135,5.236583e-04
gauss_seidel,3136,5.223976e-04
gauss_seidel,3137,5.211398e-04
gauss_seidel,3138,5.198851e-04
gauss_seidel,3139,5.186334e-04
gauss_seidel,3140,5.173847e-04
gauss_seidel,3141,5.161390e-04
gauss_seidel,3142,5.148964e-04
gauss_seidel,3143,5.136567e-04
gauss_seidel,3144,5.124200e-04
gauss_seidel,3145,5.111863e-04
gauss_seidel,3146,5.099555e-04
gauss_seidel,3147,5.087277e-04
gauss_seidel,3148,5.075029e-04
gauss_seidel,3149,5.062810e-04
gauss_seidel,3150,5.050621e-04
gauss_seidel,3151,5.038461e-04
gauss_seidel,3152,5.026330e-04
gauss_seidel,3153,5.014228e-04
gauss_seidel,3154,5.002156e-04
gauss_seidel,3155,4.990113e-04
gauss_seidel,3156,4.978098e-04
gauss_seidel,3157,4.966113e-04
gauss_seidel,3158,4.954156e-04
gauss_seidel,3159,4.942228e-04
gauss_seidel,3160,4.930329e-04
gauss_seidel,3161,4.918459e-04
gauss_seidel,3162,4.906617e-04
gauss_seidel,3163,4.894804e-04
gauss_seidel,3164,4.883019e-04
gauss_seidel,3165,4.871262e-04
gauss_seidel,3166,4.859534e-04
gauss_seidel,3167,4.847834e-04
gauss_seidel,3168,4.836162e-04
gauss_seidel,3169,4.824518e-04
gauss_seidel,3170,4.812903e-04
gauss_seidel,3171,4.801315e-04
gauss_seidel,3172,4.789755e-04
gauss_seidel,3173,4.778223e-04
gauss_seidel,3174,4.766719e-04
gauss_seidel,3175,4.755242e-04
gauss_seidel,3176,4.743794e-04
gauss_seidel,3177,4.732372e-04
gauss_seidel,3178,4.720978e-04
gauss_seidel,3179,4.709612e-04
gauss_seidel,3180,4.698273e-04
gauss_seidel,3181,4.686961e-04
gauss_seidel,3182,4.675677e-04
gauss_seidel,3183,4.664419e-04
gauss_seidel,3184,4.653189e-04
gauss_seidel,3185,4.641986e-04
gauss_seidel,3186,4.630810e-04
gauss_seidel,3187,4.619660e-04
gauss_seidel,3188,4.608538e-04
gauss_seidel,3189,4.597442e-04
gauss_seidel,3190,4.586373e-04
gauss_seidel,3191,4.575331e-04
gauss_seidel,3192,4.564315e-04
gauss_seidel,3193,4.553326e-04
gauss_seidel,3194,4.542363e-04
gauss_seidel,3195,4.531427e-04
gauss_seidel,3196,4.520517e-04
gauss_seidel,3197,4.509633e-04
gauss_seidel,3198,4.498776e-04
gauss_seidel,3199,4.487944e-04
gauss_seidel,3200,4.477139e-04
gauss_seidel,3201,4.466359e-04
gauss_seidel,3202,4.455606e-04
gauss_seidel,3203,4.444879e-04
gauss_seidel,3204,4.434177e-04
gauss_seidel,3205,4.423501e-04
gauss_seidel,3206,4.412851e-04
gauss_seidel,3207,4.402226e-04
gauss_seidel,3208,4.391627e-04
gauss_seidel,3209,4.381054e-04
gauss_seidel,3210,4.370506e-04
gauss_seidel,3211,4.359983e-04
gauss_seidel,3212,4.349486e-04
gauss_seidel,3213,4.339014e-04
gauss_seidel,3214,4.328567e-04
gauss_seidel,3215,4.318146e-04
gauss_seidel,3216,4.307749e-04
gauss_seidel,3217,4.297378e-04
gauss_seidel,3218,4.287031e-04
gauss_seidel,3219,4.276710e-04
gauss_seidel,3220,4.266413e-04
gauss_seidel,3221,4.256141e-04
gauss_seidel,3222,4.245894e-04
gauss_seidel,3223,4.235671e-04
gauss_seidel,3224,4.225473e-04
gauss_seidel,3225,4.215300e-04
gauss_seidel,3226,4.205151e-04
gauss_seidel,3227,4.195026e-04
gauss_seidel,3228,4.184926e-04
gauss_seidel,3229,4.174850e-04
gauss_seidel,3230,4.164799e-04
gauss_seidel,3231,4.154772e-04
gauss_seidel,3232,4.144768e-04
gauss_seidel,3233,4.134789e-04
gauss_seidel,3234,4.124834e-04
gauss_seidel,3235,4.114903e-04
gauss_seidel,3236,4.104996e-04
gauss_seidel,3237,4.095113e-04
gauss_seidel,3238,4.085253e-04
gauss_seidel,3239,4.075417e-04
gauss_seidel,3240,4.065605e-04
gauss_seidel,3241,4.055817e-04
gauss_seidel,3242,4.046052e-04
gauss_seidel,3243,4.036310e-04
gauss_seidel,3244,4.026592e-04
gauss_seidel,3245,4.016898e-04
gauss_seidel,3246,4.007227e-04
gauss_seidel,3247,3.997579e-04
gauss_seidel,3248,3.987954e-04
gauss_seidel,3249,3.978352e-04
gauss_seidel,3250,3.968774e-04
gauss_seidel,3251,3.959219e-04
gauss_seidel,3252,3.949686e-04
gauss_seidel,3253,3.940177e-04
gauss_seidel,3254,3.930690e-04
gauss_seidel,3255,3.921227e-04
gauss_seidel,3256,3.911786e-04
gauss_seidel,3257,3.902368e-04
gauss_seidel,3258,3.892972e-04
gauss_seidel,3259,3.883599e-04
gauss_seidel,3260,3.874249e-04
gauss_seidel,3261,3.864921e-04
gauss_seidel,3262,3.855616e-04
gauss_seidel,3263,3.846333e-04
gauss_seidel,3264,3.837072e-04
gauss_seidel,3265,3.827834e-04
gauss_seidel,3266,3.818618e-04
gauss_seidel,3267,3.809424e-04
gauss_seidel,3268,3.800252e-04
gauss_seidel,3269,3.791103e-04
gauss_seidel,3270,3.781975e-04
gauss_seidel,3271,3.772870e-04
gauss_seidel,3272,3.763786e-04
gauss_seidel,3273,3.754724e-04
gauss_seidel,3274,3.745684e-04
gauss_seidel,3275,3.736666e-04
gauss_seidel,3276,3.727669e-04
gauss_seidel,3277,3.718694e-04
gauss_seidel,3278,3.709741e-04
gauss_seidel,3279,3.700809e-04
gauss_seidel,3280,3.691899e-04
gauss_seidel,3281,3.683010e-04
gauss_seidel,3282,3.674143e-04
gauss_seidel,3283,3.665297e-04
gauss_seidel,3284,3.656472e-04
gauss_seidel,3285,3.647669e-04
gauss_seidel,3286,3.638887e-04
gauss_seidel,3287,3.630126e-04
gauss_seidel,3288,3.621386e-04
gauss_seidel,3289,3.612667e-04
gauss_seidel,3290,3.603969e-04
gauss_seidel,3291,3.595292e-04
gauss_seidel,3292,3.586635e-04
gauss_seidel,3293,3.578000e-04
gauss_seidel,3294,3.569386e-04
gauss_seidel,3295,3.560792e-04
gauss_seidel,3296,3.552219e-04
gauss_seidel,3297,3.543666e-04
gauss_seidel,3298,3.535134e-04
gauss_seidel,3299,3.526623e-04
gauss_seidel,3300,3.518132e-04
gauss_seidel,3301,3.509662e-04
gauss_seidel,3302,3.501212e-04
gauss_seidel,3303,3.492782e-04
gauss_seidel,3304,3.484373e-04
gauss_seidel,3305,3.475984e-04
gauss_seidel,3306,3.467615e-04
gauss_seidel,3307,3.459266e-04
gauss_seidel,3308,3.450937e-04
gauss_seidel,3309,3.442629e-04
gauss_seidel,3310,3.434340e-04
gauss_seidel,3311,3.426072e-04
gauss_seidel,3312,3.417823e-04
gauss_seidel,3313,3.409594e-04
gauss_seidel,3314,3.401385e-04
gauss_seidel,3315,3.393196e-04
gauss_seidel,3316,3.385026e-04
gauss_seidel,3317,3.376876e-04
gauss_seidel,3318,3.368746e-04
gauss_seidel,3319,3.360635e-04
gauss_seidel,3320,3.352544e-04
gauss_seidel,3321,3.344472e-04
gauss_seidel,3322,3.336420e-04
gauss_seidel,3323,3.328387e-04
gauss_seidel,3324,3.320373e-04
gauss_seidel,3325,3.312379e-04
gauss_seidel,3326,3.304404e-04
gauss_seidel,3327,3.296448e-04
gauss_seidel,3328,3.288512e-04
gauss_seidel,3329,3.280594e-04
gauss_seidel,3330,3.272696e-04
gauss_seidel,3331,3.264816e-04
gauss_seidel,3332,3.256956e-04
gauss_seidel,3333,3.249114e-04
gauss_seidel,3334,3.241292e-04
gauss_seidel,3335,3.233488e-04
gauss_seidel,3336,3.225703e-04
gauss_seidel,3337,3.217936e-04
gauss_seidel,3338,3.210189e-04
gauss_seidel,3339,3.202460e-04
gauss_seidel,3340,3.194749e-04
gauss_seidel,3341,3.187058e-04
gauss_seidel,3342,3.179384e-04
gauss_seidel,3343,3.171730e-04
gauss_seidel,3344,3.164093e-04
gauss_seidel,3345,3.156475e-04
gauss_seidel,3346,3.148875e-04
gauss_seidel,3347,3.141294e-04
gauss_seidel,3348,3.133731e-04
gauss_seidel,3349,3.126186e-04
gauss_seidel,3350,3.118659e-04
gauss_seidel,3351,3.111151e-04
gauss_seidel,3352,3.103660e-04
gauss_seidel,3353,3.096188e-04
gauss_seidel,3354,3.088733e-04
gauss_seidel,3355,3.081297e-04
gauss_seidel,3356,3.073878e-04
gauss_seidel,3357,3.066477e-04
gauss_seidel,3358,3.059094e-04
gauss_seidel,3359,3.051729e-04
gauss_seidel,3360,3.044382e-04
gauss_seidel,3361,3.037052e-04
gauss_seidel,3362,3.029740e-04
gauss_seidel,3363,3.022445e-04
gauss_seidel,3364,3.015168e-04
gauss_seidel,3365,3.007909e-04
gauss_seidel,3366,3.000667e-04
gauss_seidel,3367,2.993443e-04
gauss_seidel,3368,2.986235e-04
gauss_seidel,3369,2.979046e-04
gauss_seidel,3370,2.971873e-04
gauss_seidel,3371,2.964718e-04
gauss_seidel,3372,2.957580e-04
gauss_seidel,3373,2.950459e-04
gauss_seidel,3374,2.943356e-04
gauss_seidel,3375,2.936269e-04
gauss_seidel,3376,2.929200e-04
gauss_seidel,3377,2.922147e-04
gauss_seidel,3378,2.915112e-04
gauss_seidel,3379,2.908093e-04
gauss_seidel,3380,2.901092e-04
gauss_seidel,3381,2.894107e-04
gauss_seidel,3382,2.887139e-04
gauss_seidel,3383,2.880188e-04
gauss_seidel,3384,2.873253e-04
gauss_seidel,3385,2.866335e-04
gauss_seidel,3386,2.859434e-04
gauss_seidel,3387,2.852550e-04
gauss_seidel,3388,2.845682e-04
gauss_seidel,3389,2.838831e-04
gauss_seidel,3390,2.831996e-04
gauss_seidel,3391,2.825177e-04
gauss_seidel,3392,2.818375e-04
gauss_seidel,3393,2.811590e-04
gauss_seidel,3394,2.804820e-04
gauss_seidel,3395,2.798067e-04
gauss_seidel,3396,2.791331e-04
gauss_seidel,3397,2.784610e-04
gauss_seidel,3398,2.777906e-04
gauss_seidel,3399,2.771218e-04
gauss_seidel,3400,2.764546e-04
gauss_seidel,3401,2.757890e-04
gauss_seidel,3402,2.751250e-04
gauss_seidel,3403,2.744626e-04
gauss_seidel,3404,2.738017e-04
gauss_seidel,3405,2.731425e-04
gauss_seidel,3406,2.724849e-04
gauss_seidel,3407,2.718289e-04
gauss_seidel,3408,2.711744e-04
gauss_seidel,3409,2.705215e-04
gauss_seidel,3410,2.698702e-04
gauss_seidel,3411,2.692204e-04
gauss_seidel,3412,2.685723e-04
gauss_seidel,3413,2.679256e-04
gauss_seidel,3414,2.672806e-04
gauss_seidel,3415,2.666370e-04
gauss_seidel,3416,2.659951e-04
gauss_seidel,3417,2.653547e-04
gauss_seidel,3418,2.647158e-04
gauss_seidel,3419,2.640784e-04
gauss_seidel,3420,2.634426e-04
gauss_seidel,3421,2.628084e-04
gauss_seidel,3422,2.621756e-04
gauss_seidel,3423,2.615444e-04
gauss_seidel,3424,2.609147e-04
gauss_seidel,3425,2.602865e-04
gauss_seidel,3426,2.596598e-04
gauss_seidel,3427,2.590347e-04
gauss_seidel,3428,2.584110e-04
gauss_seidel,3429,2.577888e-04
gauss_seidel,3430,2.571682e-04
gauss_seidel,3431,2.565490e-04
gauss_seidel,3432,2.559313e-04
gauss_seidel,3433,2.553151e-04
gauss_seidel,3434,2.547004e-04
gauss_seidel,3435,2.540872e-04
gauss_seidel,3436,2.534755e-04
gauss_seidel,3437,2.528652e-04
gauss_seidel,3438,2.522564e-04
gauss_seidel,3439,2.516490e-04
gauss_seidel,3440,2.510432e-04
gauss_seidel,3441,2.504387e-04
gauss_seidel,3442,2.498358e-04
gauss_seidel,3443,2.492343e-04
gauss_seidel,3444,2.486342e-04
gauss_seidel,3445,2.480356e-04
gauss_seidel,3446,2.474384e-04
gauss_seidel,3447,2.468426e-04
gauss_seidel,3448,2.462483e-04
gauss_seidel,3449,2.456555e-04
gauss_seidel,3450,2.450640e-04
gauss_seidel,3451,2.444740e-04
gauss_seidel,3452,2.438854e-04
gauss_seidel,3453,2.432982e-04
gauss_seidel,3454,2.427124e-04
gauss_seidel,3455,2.421281e-04
gauss_seidel,3456,2.415451e-04
gauss_seidel,3457,2.409636e-04
gauss_seidel,3458,2.403834e-04
gauss_seidel,3459,2.398046e-04
gauss_seidel,3460,2.392273e-04
gauss_seidel,3461,2.386513e-04
gauss_seidel,3462,2.380767e-04
gauss_seidel,3463,2.375035e-04
gauss_seidel,3464,2.369317e-04
gauss_seidel,3465,2.363613e-04
gauss_seidel,3466,2.357922e-04
gauss_seidel,3467,2.352245e-04
gauss_seidel,3468,2.346581e-04
gauss_seidel,3469,2.340932e-04
gauss_seidel,3470,2.335296e-04
gauss_seidel,3471,2.329673e-04
gauss_seidel,3472,2.324064e-04
gauss_seidel,3473,2.318469e-04
gauss_seidel,3474,2.312887e-04
gauss_seidel,3475,2.307318e-04
gauss_seidel,3476,2.301763e-04
gauss_seidel,3477,2.296221e-04
gauss_seidel,3478,2.290693e-04
gauss_seidel,3479,2.285177e-04
gauss_seidel,3480,2.279675e-04
gauss_seidel,3481,2.274187e-04
gauss_seidel,3482,2.268711e-04
gauss_seidel,3483,2.263249e-04
gauss_seidel,3484,2.257800e-04
gauss_seidel,3485,2.252364e-04
gauss_seidel,3486,2.246941e-04
gauss_seidel,3487,2.241531e-04
gauss_seidel,3488,2.236135e-04
gauss_seidel,3489,2.230751e-04
gauss_seidel,3490,2.225380e-04
gauss_seidel,3491,2.220022e-04
gauss_seidel,3492,2.214677e-04
gauss_seidel,3493,2.209345e-04
gauss_seidel,3494,2.204026e-04
gauss_seidel,3495,2.198719e-04
gauss_seidel,3496,2.193425e-04
gauss_seidel,3497,2.188144e-04
gauss_seidel,3498,2.182876e-04
gauss_seidel,3499,2.177621e-04
gauss_seidel,3500,2.172378e-04
gauss_seidel,3501,2.167147e-04
gauss_seidel,3502,2.161930e-04
gauss_seidel,3503,2.156725e-04
gauss_seidel,3504,2.151532e-04
gauss_seidel,3505,2.146352e-04
gauss_seidel,3506,2.141184e-04
gauss_seidel,3507,2.136029e-04
gauss_seidel,3508,2.130886e-04
gauss_seidel,3509,2.125756e-04
gauss_seidel,3510,2.120638e-04
gauss_seidel,3511,2.115532e-04
gauss_seidel,3512,2.110439e-04
gauss_seidel,3513,2.105357e-04
gauss_seidel,3514,2.100289e-04
gauss_seidel,3515,2.095232e-04
gauss_seidel,3516,2.090187e-04
gauss_seidel,3517,2.085155e-04
gauss_seidel,3518,2.080135e-04
gauss_seidel,3519,2.075126e-04
gauss_seidel,3520,2.070130e-04
gauss_seidel,3521,2.065146e-04
gauss_seidel,3522,2.060174e-04
gauss_seidel,3523,2.055214e-04
gauss_seidel,3524,2.050266e-04
gauss_seidel,3525,2.045329e-04
gauss_seidel,3526,2.040405e-04
gauss_seidel,3527,2.035492e-04
gauss_seidel,3528,2.030592e-04
gauss_seidel,3529,2.025703e-04
gauss_seidel,3530,2.020826e-04
gauss_seidel,3531,2.015960e-04
gauss_seidel,3532,2.011106e-04
gauss_seidel,3533,2.006264e-04
gauss_seidel,3534,2.001434e-04
gauss_seidel,3535,1.996615e-04
gauss_seidel,3536,1.991808e-04
gauss_seidel,3537,1.987013e-04
gauss_seidel,3538,1.982229e-04
gauss_seidel,3539,1.977456e-04
gauss_seidel,3540,1.972695e-04
gauss_seidel,3541,1.967946e-04
gauss_seidel,3542,1.963208e-04
gauss_seidel,3543,1.958481e-04
gauss_seidel,3544,1.953766e-04
gauss_seidel,3545,1.949062e-04
gauss_seidel,3546,1.944369e-04
gauss_seidel,3547,1.939688e-04
gauss_seidel,3548,1.935018e-04
gauss_seidel,3549,1.930359e-04
gauss_seidel,3550,1.925711e-04
gauss_seidel,3551,1.921075e-04
gauss_seidel,3552,1.916449e-04
gauss_seidel,3553,1.911835e-04
gauss_seidel,3554,1.907232e-04
gauss_seidel,3555,1.902640e-04
gauss_seidel,3556,1.898060e-04
gauss_seidel,3557,1.893490e-04
gauss_seidel,3558,1.888931e-04
gauss_seidel,3559,1.884383e-04
gauss_seidel,3560,1.879846e-04
gauss_seidel,3561,1.875320e-04
gauss_seidel,3562,1.870805e-04
gauss_seidel,3563,1.866301e-04
gauss_seidel,3564,1.861807e-04
gauss_seidel,3565,1.857325e-04
gauss_seidel,3566,1.852853e-04
gauss_seidel,3567,1.848392e-04
gauss_seidel,3568,1.843942e-04
gauss_seidel,3569,1.839502e-04
gauss_seidel,3570,1.835073e-04
gauss_seidel,3571,1.830655e-04
gauss_seidel,3572,1.826248e-04
gauss_seidel,3573,1.821851e-04
gauss_seidel,3574,1.817464e-04
gauss_seidel,3575,1.813089e-04
gauss_seidel,3576,1.808723e-04
gauss_seidel,3577,1.804369e-04
gauss_seidel,3578,1.800024e-04
gauss_seidel,3579,1.795691e-04
gauss_seidel,3580,1.791367e-04
gauss_seidel,3581,1.787054e-04
gauss_seidel,3582,1.782752e-04
gauss_seidel,3583,1.778459e-04
gauss_seidel,3584,1.774178e-04
gauss_seidel,3585,1.769906e-04
gauss_seidel,3586,1.765645e-04
gauss_seidel,3587,1.761394e-04
gauss_seidel,3588,1.757153e-04
gauss_seidel,3589,1.752922e-04
gauss_seidel,3590,1.748702e-04
gauss_seidel,3591,1.744492e-04
gauss_seidel,3592,1.740292e-04
gauss_seidel,3593,1.736102e-04
gauss_seidel,3594,1.731922e-04
gauss_seidel,3595,1.727752e-04
gauss_seidel,3596,1.723592e-04
gauss_seidel,3597,1.719442e-04
gauss_seidel,3598,1.715302e-04
gauss_seidel,3599,1.711173e-04
gauss_seidel,3600,1.707053e-04
gauss_seidel,3601,1.702943e-04
gauss_seidel,3602,1.698843e-04
gauss_seidel,3603,1.694753e-04
gauss_seidel,3604,1.690672e-04
gauss_seidel,3605,1.686602e-04
gauss_seidel,3606,1.682541e-04
gauss_seidel,3607,1.678490e-04
gauss_seidel,3608,1.674449e-04
gauss_seidel,3609,1.670417e-04
gauss_seidel,3610,1.666396e-04
gauss_seidel,3611,1.662383e-04
gauss_seidel,3612,1.658381e-04
gauss_seidel,3613,1.654388e-04
gauss_seidel,3614,1.650405e-04
gauss_seidel,3615,1.646432e-04
gauss_seidel,3616,1.642468e-04
gauss_seidel,3617,1.638513e-04
gauss_seidel,3618,1.634568e-04
gauss_seidel,3619,1.630633e-04
gauss_seidel,3620,1.626707e-04
gauss_seidel,3621,1.622790e-04
gauss_seidel,3622,1.618883e-04
gauss_seidel,3623,1.614985e-04
gauss_seidel,3624,1.611097e-04
gauss_seidel,3625,1.607218e-04
gauss_seidel,3626,1.603349e-04
gauss_seidel,3627,1.599488e-04
gauss_seidel,3628,1.595637e-04
gauss_seidel,3629,1.591796e-04
gauss_seidel,3630,1.587963e-04
gauss_seidel,3631,1.584140e-04
gauss_seidel,3632,1.580326e-04
gauss_seidel,3633,1.576521e-04
gauss_seidel,3634,1.572725e-04
gauss_seidel,3635,1.568939e-04
gauss_seidel,3636,1.565161e-04
gauss_seidel,3637,1.561393e-04
gauss_seidel,3638,1.557634e-04
gauss_seidel,3639,1.553884e-04
gauss_seidel,3640,1.550142e-04
gauss_seidel,3641,1.546410e-04
gauss_seidel,3642,1.542687e-04
gauss_seidel,3643,1.538973e-04
gauss_seidel,3644,1.535267e-04
gauss_seidel,3645,1.531571e-04
gauss_seidel,3646,1.527884e-04
gauss_seidel,3647,1.524205e-04
gauss_seidel,3648,1.520535e-04
gauss_seidel,3649,1.516874e-04
gauss_seidel,3650,1.513222e-04
gauss_seidel,3651,1.509579e-04
gauss_seidel,3652,1.505944e-04
gauss_seidel,3653,1.502319e-04
gauss_seidel,3654,1.498702e-04
gauss_seidel,3655,1.495093e-04
gauss_seidel,3656,1.491494e-04
gauss_seidel,3657,1.487903e-04
gauss_seidel,3658,1.484320e-04
gauss_seidel,3659,1.480747e-04
gauss_seidel,3660,1.477182e-04
gauss_seidel,3661,1.473625e-04
gauss_seidel,3662,1.470077e-04
gauss_seidel,3663,1.466538e-04
gauss_seidel,3664,1.463007e-04
gauss_seidel,3665,1.459484e-04
gauss_seidel,3666,1.455971e-04
gauss_seidel,3667,1.452465e-04
gauss_seidel,3668,1.448968e-04
gauss_seidel,3669,1.445479e-04
gauss_seidel,3670,1.441999e-04
gauss_seidel,3671,1.438527e-04
gauss_seidel,3672,1.435064e-04
gauss_seidel,3673,1.431609e-04
gauss_seidel,3674,1.428162e-04
gauss_seidel,3675,1.424724e-04
gauss_seidel,3676,1.421293e-04
gauss_seidel,3677,1.417871e-04
gauss_seidel,3678,1.414458e-04
gauss_seidel,3679,1.411052e-04
gauss_seidel,3680,1.407655e-04
gauss_seidel,3681,1.404266e-04
gauss_seidel,3682,1.400885e-04
gauss_seidel,3683,1.397512e-04
gauss_seidel,3684,1.394147e-04
gauss_seidel,3685,1.390791e-04
gauss_seidel,3686,1.387442e-04
gauss_seidel,3687,1.384102e-04
gauss_seidel,3688,1.380769e-04
gauss_seidel,3689,1.377445e-04
gauss_seidel,3690,1.374129e-04
gauss_seidel,3691,1.370820e-04
gauss_seidel,3692,1.367520e-04
gauss_seidel,3693,1.364227e-04
gauss_seidel,3694,1.360943e-04
gauss_seidel,3695,1.357666e-04
gauss_seidel,3696,1.354397e-04
gauss_seidel,3697,1.351136e-04
gauss_seidel,3698,1.347883e-04
gauss_seidel,3699,1.344638e-04
gauss_seidel,3700,1.341401e-04
gauss_seidel,3701,1.338171e-04
gauss_seidel,3702,1.334949e-04
gauss_seidel,3703,1.331735e-04
gauss_seidel,3704,1.328529e-04
gauss_seidel,3705,1.325330e-04
gauss_seidel,3706,1.322139e-04
gauss_seidel,3707,1.318956e-04
gauss_seidel,3708,1.315781e-04
gauss_seidel,3709,1.312613e-04
gauss_seidel,3710,1.309452e-04
gauss_seidel,3711,1.306300e-04
gauss_seidel,3712,1.303155e-04
gauss_seidel,3713,1.300017e-04
gauss_seidel,3714,1.296887e-04
gauss_seidel,3715,1.293765e-04
gauss_seidel,3716,1.290650e-04
gauss_seidel,3717,1.287542e-04
gauss_seidel,3718,1.284442e-04
gauss_seidel,3719,1.281350e-04
gauss_seidel,3720,1.278265e-04
gauss_seidel,3721,1.275187e-04
gauss_seidel,3722,1.272117e-04
gauss_seidel,3723,1.269054e-04
gauss_seidel,3724,1.265999e-04
gauss_seidel,3725,1.262951e-04
gauss_seidel,3726,1.259910e-04
gauss_seidel,3727,1.256877e-04
gauss_seidel,3728,1.253851e-04
gauss_seidel,3729,1.250832e-04
gauss_seidel,3730,1.247820e-04
gauss_seidel,3731,1.244816e-04
gauss_seidel,3732,1.241819e-04
gauss_seidel,3733,1.238829e-04
gauss_seidel,3734,1.235846e-04
gauss_seidel,3735,1.232871e-04
gauss_seidel,3736,1.229903e-04
gauss_seidel,3737,1.226941e-04
gauss_seidel,3738,1.223987e-04
gauss_seidel,3739,1.221040e-04
gauss_seidel,3740,1.218101e-04
gauss_seidel,3741,1.215168e-04
gauss_seidel,3742,1.212242e-04
gauss_seidel,3743,1.209324e-04
gauss_seidel,3744,1.206412e-04
gauss_seidel,3745,1.203507e-04
gauss_seidel,3746,1.200610e-04
gauss_seidel,3747,1.197719e-04
gauss_seidel,3748,1.194835e-04
gauss_seidel,3749,1.191959e-04
gauss_seidel,3750,1.189089e-04
gauss_seidel,3751,1.186226e-04
gauss_seidel,3752,1.183370e-04
gauss_seidel,3753,1.180521e-04
gauss_seidel,3754,1.177679e-04
gauss_seidel,3755,1.174843e-04
gauss_seidel,3756,1.172015e-04
gauss_seidel,3757,1.169193e-04
gauss_seidel,3758,1.166378e-04
gauss_seidel,3759,1.163570e-04
gauss_seidel,3760,1.160768e-04
gauss_seidel,3761,1.157973e-04
gauss_seidel,3762,1.155185e-04
gauss_seidel,3763,1.152404e-04
gauss_seidel,3764,1.149630e-04
gauss_seidel,3765,1.146862e-04
gauss_seidel,3766,1.144101e-04
gauss_seidel,3767,1.141346e-04
gauss_seidel,3768,1.138598e-04
gauss_seidel,3769,1.135857e-04
gauss_seidel,3770,1.133122e-04
gauss_seidel,3771,1.130394e-04
gauss_seidel,3772,1.127672e-04
gauss_seidel,3773,1.124957e-04
gauss_seidel,3774,1.122249e-04
gauss_seidel,3775,1.119547e-04
gauss_seidel,3776,1.116851e-04
gauss_seidel,3777,1.114162e-04
gauss_seidel,3778,1.111480e-04
gauss_seidel,3779,1.108804e-04
gauss_seidel,3780,1.106134e-04
gauss_seidel,3781,1.103471e-04
gauss_seidel,3782,1.100814e-04
gauss_seidel,3783,1.098164e-04
gauss_seidel,3784,1.095520e-04
gauss_seidel,3785,1.092882e-04
gauss_seidel,3786,1.090251e-04
gauss_seidel,3787,1.087626e-04
gauss_seidel,3788,1.085007e-04
gauss_seidel,3789,1.082395e-04
gauss_seidel,3790,1.079789e-04
gauss_seidel,3791,1.077189e-04
gauss_seidel,3792,1.074596e-04
gauss_seidel,3793,1.072009e-04
gauss_seidel,3794,1.069428e-04
gauss_seidel,3795,1.066853e-04
gauss_seidel,3796,1.064284e-04
gauss_seidel,3797,1.061722e-04
gauss_seidel,3798,1.059166e-04
gauss_seidel,3799,1.056616e-04
gauss_seidel,3800,1.054072e-04
gauss_seidel,3801,1.051534e-04
gauss_seidel,3802,1.049002e-04
gauss_seidel,3803,1.046476e-04
gauss_seidel,3804,1.043957e-04
gauss_seidel,3805,1.041443e-04
gauss_seidel,3806,1.038936e-04
gauss_seidel,3807,1.036435e-04
gauss_seidel,3808,1.033939e-04
gauss_seidel,3809,1.031450e-04
gauss_seidel,3810,1.028967e-04
gauss_seidel,3811,1.026489e-04
gauss_seidel,3812,1.024018e-04
gauss_seidel,3813,1.021552e-04
gauss_seidel,3814,1.019093e-04
gauss_seidel,3815,1.016639e-04
gauss_seidel,3816,1.014192e-04
gauss_seidel,3817,1.011750e-04
gauss_seidel,3818,1.009314e-04
gauss_seidel,3819,1.006884e-04
gauss_seidel,3820,1.004460e-04
gauss_seidel,3821,1.002041e-04
gauss_seidel,3822,9.996286e-05
gauss_seidel,3823,9.972219e-05
gauss_seidel,3824,9.948209e-05
gauss_seidel,3825,9.924257e-05
gauss_seidel,3826,9.900363e-05
gauss_seidel,3827,9.876527e-05
gauss_seidel,3828,9.852748e-05
gauss_seidel,3829,9.829026e-05
gauss_seidel,3830,9.805361e-05
gauss_seidel,3831,9.781754e-05
gauss_seidel,3832,9.758203e-05
gauss_seidel,3833,9.734708e-05
gauss_seidel,3834,9.711271e-05
gauss_seidel,3835,9.687890e-05
gauss_seidel,3836,9.664565e-05
gauss_seidel,3837,9.641296e-05
gauss_seidel,3838,9.618083e-05
gauss_seidel,3839,9.594926e-05
gauss_seidel,3840,9.571825e-05
gauss_seidel,3841,9.548780e-05
gauss_seidel,3842,9.525790e-05
gauss_seidel,3843,9.502855e-05
gauss_seidel,3844,9.479976e-05
gauss_seidel,3845,9.457151e-05
gauss_seidel,3846,9.434382e-05
gauss_seidel,3847,9.411667e-05
gauss_seidel,3848,9.389008e-05
gauss_seidel,3849,9.366402e-05
gauss_seidel,3850,9.343851e-05
gauss_seidel,3851,9.321355e-05
gauss_seidel,3852,9.298912e-05
gauss_seidel,3853,9.276524e-05
gauss_seidel,3854,9.254189e-05
gauss_seidel,3855,9.231909e-05
gauss_seidel,3856,9.209682e-05
gauss_seidel,3857,9.187508e-05
gauss_seidel,3858,9.165388e-05
gauss_seidel,3859,9.143321e-05
gauss_seidel,3860,9.121307e-05
gauss_seidel,3861,9.099346e-05
gauss_seidel,3862,9.077438e-05
gauss_seidel,3863,9.055583e-05
gauss_seidel,3864,9.033781e-05
gauss_seidel,3865,9.012031e-05
gauss_seidel,3866,8.990333e-05
gauss_seidel,3867,8.968687e-05
gauss_seidel,3868,8.947094e-05
gauss_seidel,3869,8.925553e-05
gauss_seidel,3870,8.904063e-05
gauss_seidel,3871,8.882626e-05
gauss_seidel,3872,8.861239e-05
gauss_seidel,3873,8.839905e-05
gauss_seidel,3874,8.818621e-05
gauss_seidel,3875,8.797389e-05
gauss_seidel,3876,8.776209e-05
gauss_seidel,3877,8.755079e-05
gauss_seidel,3878,8.734000e-05
gauss_seidel,3879,8.712971e-05
gauss_seidel,3880,8.691994e-05
gauss_seidel,3881,8.671066e-05
gauss_seidel,3882,8.650190e-05
gauss_seidel,3883,8.629363e-05
gauss_seidel,3884,8.608587e-05
gauss_seidel,3885,8.587860e-05
gauss_seidel,3886,8.567184e-05
gauss_seidel,3887,8.546557e-05
gauss_seidel,3888,8.525980e-05
gauss_seidel,3889,8.505453e-05
gauss_seidel,3890,8.484975e-05
gauss_seidel,3891,8.464546e-05
gauss_seidel,3892,8.444166e-05
gauss_seidel,3893,8.423836e-05
gauss_seidel,3894,8.403554e-05
gauss_seidel,3895,8.383322e-05
gauss_seidel,3896,8.363138e-05
gauss_seidel,3897,8.343002e-05
gauss_seidel,3898,8.322915e-05
gauss_seidel,3899,8.302877e-05
gauss_seidel,3900,8.282887e-05
gauss_seidel,3901,8.262944e-05
gauss_seidel,3902,8.243050e-05
gauss_seidel,3903,8.223204e-05
gauss_seidel,3904,8.203405e-05
gauss_seidel,3905,8.183655e-05
gauss_seidel,3906,8.163951e-05
gauss_seidel,3907,8.144296e-05
gauss_seidel,3908,8.124687e-05
gauss_seidel,3909,8.105126e-05
gauss_seidel,3910,8.085612e-05
gauss_seidel,3911,8.066144e-05
gauss_seidel,3912,8.046724e-05
gauss_seidel,3913,8.027350e-05
gauss_seidel,3914,8.008023e-05
gauss_seidel,3915,7.988743e-05
gauss_seidel,3916,7.969509e-05
gauss_seidel,3917,7.950321e-05
gauss_seidel,3918,7.931180e-05
gauss_seidel,3919,7.912085e-05
gauss_seidel,3920,7.893035e-05
gauss_seidel,3921,7.874032e-05
gauss_seidel,3922,7.855074e-05
gauss_seidel,3923,7.836162e-05
gauss_seidel,3924,7.817295e-05
gauss_seidel,3925,7.798474e-05
gauss_seidel,3926,7.779698e-05
gauss_seidel,3927,7.760967e-05
gauss_seidel,3928,7.742282e-05
gauss_seidel,3929,7.723641e-05
gauss_seidel,3930,7.705045e-05
gauss_seidel,3931,7.686494e-05
gauss_seidel,3932,7.667988e-05
gauss_seidel,3933,7.649526e-05
gauss_seidel,3934,7.631109e-05
gauss_seidel,3935,7.612736e-05
gauss_seidel,3936,7.594407e-05
gauss_seidel,3937,7.576123e-05
gauss_seidel,3938,7.557882e-05
gauss_seidel,3939,7.539686e-05
gauss_seidel,3940,7.521533e-05
gauss_seidel,3941,7.503424e-05
gauss_seidel,3942,7.485358e-05
gauss_seidel,3943,7.467336e-05
gauss_seidel,3944,7.449357e-05
gauss_seidel,3945,7.431422e-05
gauss_seidel,3946,7.413530e-05
gauss_seidel,3947,7.395681e-05
gauss_seidel,3948,7.377875e-05
gauss_seidel,3949,7.360112e-05
gauss_seidel,3950,7.342391e-05
gauss_seidel,3951,7.324713e-05
gauss_seidel,3952,7.307078e-05
gauss_seidel,3953,7.289485e-05
gauss_seidel,3954,7.271935e-05
gauss_seidel,3955,7.254427e-05
gauss_seidel,3956,7.236961e-05
gauss_seidel,3957,7.219537e-05
gauss_seidel,3958,7.202155e-05
gauss_seidel,3959,7.184814e-05
gauss_seidel,3960,7.167516e-05
gauss_seidel,3961,7.150259e-05
gauss_seidel,3962,7.133044e-05
gauss_seidel,3963,7.115870e-05
gauss_seidel,3964,7.098738e-05
gauss_seidel,3965,7.081647e-05
gauss_seidel,3966,7.064597e-05
gauss_seidel,3967,7.047588e-05
gauss_seidel,3968,7.030620e-05
gauss_seidel,3969,7.013692e-05
gauss_seidel,3970,6.996806e-05
gauss_seidel,3971,6.979960e-05
gauss_seidel,3972,6.963155e-05
gauss_seidel,3973,6.946390e-05
gauss_seidel,3974,6.929666e-05
gauss_seidel,3975,6.912982e-05
gauss_seidel,3976,6.896338e-05
gauss_seidel,3977,6.879734e-05
gauss_seidel,3978,6.863170e-05
gauss_seidel,3979,6.846646e-05
gauss_seidel,3980,6.830162e-05
gauss_seidel,3981,6.813717e-05
gauss_seidel,3982,6.797312e-05
gauss_seidel,3983,6.780947e-05
gauss_seidel,3984,6.764621e-05
gauss_seidel,3985,6.748334e-05
gauss_seidel,3986,6.732086e-05
gauss_seidel,3987,6.715878e-05
gauss_seidel,3988,6.699709e-05
gauss_seidel,3989,6.683578e-05
gauss_seidel,3990,6.667487e-05
gauss_seidel,3991,6.651434e-05
gauss_seidel,3992,6.635419e-05
gauss_seidel,3993,6.619444e-05
gauss_seidel,3994,6.603507e-05
gauss_seidel,3995,6.587608e-05
gauss_seidel,3996,6.571747e-05
gauss_seidel,3997,6.555925e-05
gauss_seidel,3998,6.540140e-05
gauss_seidel,3999,6.524394e-05
gauss_seidel,4000,6.508686e-05
gauss_seidel,4001,6.493015e-05
gauss_seidel,4002,6.477382e-05
gauss_seidel,4003,6.461787e-05
gauss_seidel,4004,6.446230e-05
gauss_seidel,4005,6.430709e-05
gauss_seidel,4006,6.415227e-05
gauss_seidel,4007,6.399781e-05
gauss_seidel,4008,6.384373e-05
gauss_seidel,4009,6.369001e-05
gauss_seidel,4010,6.353667e-05
gauss_seidel,4011,6.338370e-05
gauss_seidel,4012,6.323109e-05
gauss_seidel,4013,6.307886e-05
gauss_seidel,4014,6.292699e-05
gauss_seidel,4015,6.277548e-05
gauss_seidel,4016,6.262434e-05
gauss_seidel,4017,6.247356e-05
gauss_seidel,4018,6.232315e-05
gauss_seidel,4019,6.217310e-05
gauss_seidel,4020,6.202341e-05
gauss_seidel,4021,6.187408e-05
gauss_seidel,4022,6.172511e-05
gauss_seidel,4023,6.157650e-05
gauss_seidel,4024,6.142824e-05
gauss_seidel,4025,6.128035e-05
gauss_seidel,4026,6.113280e-05
gauss_seidel,4027,6.098562e-05
gauss_seidel,4028,6.083879e-05
gauss_seidel,4029,6.069231e-05
gauss_seidel,4030,6.054619e-05
gauss_seidel,4031,6.040041e-05
gauss_seidel,4032,6.025499e-05
gauss_seidel,4033,6.010992e-05
gauss_seidel,4034,5.996519e-05
gauss_seidel,4035,5.982082e-05
gauss_seidel,4036,5.967679e-05
gauss_seidel,4037,5.953311e-05
gauss_seidel,4038,5.938978e-05
gauss_seidel,4039,5.924679e-05
gauss_seidel,4040,5.910415e-05
gauss_seidel,4041,5.896184e-05
gauss_seidel,4042,5.881989e-05
gauss_seidel,4043,5.867827e-05
gauss_seidel,4044,5.853699e-05
gauss_seidel,4045,5.839606e-05
gauss_seidel,4046,5.825546e-05
gauss_seidel,4047,5.811520e-05
gauss_seidel,4048,5.797528e-05
gauss_seidel,4049,5.783570e-05
gauss_seidel,4050,5.769645e-05
gauss_seidel,4051,5.755754e-05
gauss_seidel,4052,5.741896e-05
gauss_seidel,4053,5.728072e-05
gauss_seidel,4054,5.714281e-05
gauss_seidel,4055,5.700523e-05
gauss_seidel,4056,5.686798e-05
gauss_seidel,4057,5.673106e-05
gauss_seidel,4058,5.659447e-05
gauss_seidel,4059,5.645822e-05
gauss_seidel,4060,5.632228e-05
gauss_seidel,4061,5.618668e-05
gauss_seidel,4062,5.605140e-05
gauss_seidel,4063,5.591645e-05
gauss_seidel,4064,5.578183e-05
gauss_seidel,4065,5.564752e-05
gauss_seidel,4066,5.551354e-05
gauss_seidel,4067,5.537989e-05
gauss_seidel,4068,5.524655e-05
gauss_seidel,4069,5.511354e-05
gauss_seidel,4070,5.498085e-05
gauss_seidel,4071,5.484847e-05
gauss_seidel,4072,5.471642e-05
gauss_seidel,4073,5.458468e-05
gauss_seidel,4074,5.445326e-05
gauss_seidel,4075,5.432216e-05
gauss_seidel,4076,5.419137e-05
gauss_seidel,4077,5.406090e-05
gauss_seidel,4078,5.393074e-05
gauss_seidel,4079,5.380089e-05
gauss_seidel,4080,5.367136e-05
gauss_seidel,4081,5.354214e-05
gauss_seidel,4082,5.341323e-05
gauss_seidel,4083,5.328463e-05
gauss_seidel,4084,5.315634e-05
gauss_seidel,4085,5.302836e-05
gauss_seidel,4086,5.290068e-05
gauss_seidel,4087,5.277332e-05
gauss_seidel,4088,5.264626e-05
gauss_seidel,4089,5.251951e-05
gauss_seidel,4090,5.239306e-05
gauss_seidel,4091,5.226691e-05
gauss_seidel,4092,5.214107e-05
gauss_seidel,4093,5.201554e-05
gauss_seidel,4094,5.189030e-05
gauss_seidel,4095,5.176537e-05
gauss_seidel,4096,5.164074e-05
gauss_seidel,4097,5.151641e-05
gauss_seidel,4098,5.139237e-05
gauss_seidel,4099,5.126864e-05
gauss_seidel,4100,5.114520e-05
gauss_seidel,4101,5.102206e-05
gauss_seidel,4102,5.089922e-05
gauss_seidel,4103,5.077667e-05
gauss_seidel,4104,5.065442e-05
gauss_seidel,4105,5.053246e-05
gauss_seidel,4106,5.041080e-05
gauss_seidel,4107,5.028943e-05
gauss_seidel,4108,5.016835e-05
gauss_seidel,4109,5.004756e-05
gauss_seidel,4110,4.992707e-05
gauss_seidel,4111,4.980686e-05
gauss_seidel,4112,4.968694e-05
gauss_seidel,4113,4.956732e-05
gauss_seidel,4114,4.944798e-05
gauss_seidel,4115,4.932892e-05
gauss_seidel,4116,4.921016e-05
gauss_seidel,4117,4.909168e-05
gauss_seidel,4118,4.897348e-05
gauss_seidel,4119,4.885557e-05
gauss_seidel,4120,4.873795e-05
gauss_seidel,4121,4.862060e-05
gauss_seidel,4122,4.850354e-05
gauss_seidel,4123,4.838676e-05
gauss_seidel,4124,4.827026e-05
gauss_seidel,4125,4.815405e-05
gauss_seidel,4126,4.803811e-05
gauss_seidel,4127,4.792245e-05
gauss_seidel,4128,4.780707e-05
gauss_seidel,4129,4.769197e-05
gauss_seidel,4130,4.757714e-05
gauss_seidel,4131,4.746260e-05
gauss_seidel,4132,4.734832e-05
gauss_seidel,4133,4.723433e-05
gauss_seidel,4134,4.712060e-05
gauss_seidel,4135,4.700715e-05
gauss_seidel,4136,4.689398e-05
gauss_seidel,4137,4.678107e-05
gauss_seidel,4138,4.666844e-05
gauss_seidel,4139,4.655608e-05
gauss_seidel,4140,4.644399e-05
gauss_seidel,4141,4.633217e-05
gauss_seidel,4142,4.622062e-05
gauss_seidel,4143,4.610934e-05
gauss_seidel,4144,4.599832e-05
gauss_seidel,4145,4.588758e-05
gauss_seidel,4146,4.577710e-05
gauss_seidel,4147,4.566688e-05
gauss_seidel,4148,4.555693e-05
gauss_seidel,4149,4.544725e-05
gauss_seidel,4150,4.533783e-05
gauss_seidel,4151,4.522867e-05
gauss_seidel,4152,4.511978e-05
gauss_seidel,4153,4.501114e-05
gauss_seidel,4154,4.490277e-05
gauss_seidel,4155,4.479466e-05
gauss_seidel,4156,4.468681e-05
gauss_seidel,4157,4.457922e-05
gauss_seidel,4158,4.447189e-05
gauss_seidel,4159,4.436482e-05
gauss_seidel,4160,4.425801e-05
gauss_seidel,4161,4.415145e-05
gauss_seidel,4162,4.404515e-05
gauss_seidel,4163,4.393910e-05
gauss_seidel,4164,4.383332e-05
gauss_seidel,4165,4.372778e-05
gauss_seidel,4166,4.362250e-05
gauss_seidel,4167,4.351747e-05
gauss_seidel,4168,4.341270e-05
gauss_seidel,4169,4.330818e-05
gauss_seidel,4170,4.320391e-05
gauss_seidel,4171,4.309989e-05
gauss_seidel,4172,4.299612e-05
gauss_seidel,4173,4.289260e-05
gauss_seidel,4174,4.278933e-05
gauss_seidel,4175,4.268631e-05
gauss_seidel,4176,4.258353e-05
gauss_seidel,4177,4.248101e-05
gauss_seidel,4178,4.237873e-05
gauss_seidel,4179,4.227670e-05
gauss_seidel,4180,4.217491e-05
gauss_seidel,4181,4.207337e-05
gauss_seidel,4182,4.197207e-05
gauss_seidel,4183,4.187102e-05
gauss_seidel,4184,4.177021e-05
gauss_seidel,4185,4.166964e-05
gauss_seidel,4186,4.156932e-05
gauss_seidel,4187,4.146923e-05
gauss_seidel,4188,4.136939e-05
gauss_seidel,4189,4.126979e-05
gauss_seidel,4190,4.117042e-05
gauss_seidel,4191,4.107130e-05
gauss_seidel,4192,4.097242e-05
gauss_seidel,4193,4.087377e-05
gauss_seidel,4194,4.077536e-05
gauss_seidel,4195,4.067719e-05
gauss_seidel,4196,4.057925e-05
gauss_seidel,4197,4.048155e-05
gauss_seidel,4198,4.038409e-05
gauss_seidel,4199,4.028686e-05
gauss_seidel,4200,4.018986e-05
gauss_seidel,4201,4.009310e-05
gauss_seidel,4202,3.999657e-05
gauss_seidel,4203,3.990027e-05
gauss_seidel,4204,3.980421e-05
gauss_seidel,4205,3.970837e-05
gauss_seidel,4206,3.961277e-05
gauss_seidel,4207,3.951739e-05
gauss_seidel,4208,3.942225e-05
gauss_seidel,4209,3.932734e-05
gauss_seidel,4210,3.923265e-05
gauss_seidel,4211,3.913819e-05
gauss_seidel,4212,3.904396e-05
gauss_seidel,4213,3.894996e-05
gauss_seidel,4214,3.885618e-05
gauss_seidel,4215,3.876263e-05
gauss_seidel,4216,3.866930e-05
gauss_seidel,4217,3.857620e-05
gauss_seidel,4218,3.848332e-05
gauss_seidel,4219,3.839067e-05
gauss_seidel,4220,3.829824e-05
gauss_seidel,4221,3.820603e-05
gauss_seidel,4222,3.811404e-05
gauss_seidel,4223,3.802228e-05
gauss_seidel,4224,3.793074e-05
gauss_seidel,4225,3.783941e-05
gauss_seidel,4226,3.774831e-05
gauss_seidel,4227,3.765743e-05
gauss_seidel,4228,3.756676e-05
gauss_seidel,4229,3.747631e-05
gauss_seidel,4230,3.738608e-05
gauss_seidel,4231,3.729607e-05
gauss_seidel,4232,3.720628e-05
gauss_seidel,4233,3.711670e-05
gauss_seidel,4234,3.702733e-05
gauss_seidel,4235,3.693818e-05
gauss_seidel,4236,3.684925e-05
gauss_seidel,4237,3.676053e-05
gauss_seidel,4238,3.667203e-05
gauss_seidel,4239,3.658373e-05
gauss_seidel,4240,3.649565e-05
gauss_seidel,4241,3.640778e-05
gauss_seidel,4242,3.632013e-05
gauss_seidel,4243,3.623268e-05
gauss_seidel,4244,3.614545e-05
gauss_seidel,4245,3.605842e-05
gauss_seidel,4246,3.597161e-05
gauss_seidel,4247,3.588500e-05
gauss_seidel,4248,3.579860e-05
gauss_seidel,4249,3.571241e-05
gauss_seidel,4250,3.562643e-05
gauss_seidel,4251,3.554065e-05
gauss_seidel,4252,3.545508e-05
gauss_seidel,4253,3.536972e-05
gauss_seidel,4254,3.528456e-05
gauss_seidel,4255,3.519961e-05
gauss_seidel,4256,3.511486e-05
gauss_seidel,4257,3.503032e-05
gauss_seidel,4258,3.494598e-05
gauss_seidel,4259,3.486184e-05
gauss_seidel,4260,3.477791e-05
gauss_seidel,4261,3.469417e-05
gauss_seidel,4262,3.461064e-05
gauss_seidel,4263,3.452731e-05
gauss_seidel,4264,3.444418e-05
gauss_seidel,4265,3.436126e-05
gauss_seidel,4266,3.427853e-05
gauss_seidel,4267,3.419600e-05
gauss_seidel,4268,3.411366e-05
gauss_seidel,4269,3.403153e-05
gauss_seidel,4270,3.394960e-05
gauss_seidel,4271,3.386786e-05
gauss_seidel,4272,3.378632e-05
gauss_seidel,4273,3.370497e-05
gauss_seidel,4274,3.362382e-05
gauss_seidel,4275,3.354287e-05
gauss_seidel,4276,3.346211e-05
gauss_seidel,4277,3.338154e-05
gauss_seidel,4278,3.330117e-05
gauss_seidel,4279,3.322100e-05
gauss_seidel,4280,3.314101e-05
gauss_seidel,4281,3.306122e-05
gauss_seidel,4282,3.298162e-05
gauss_seidel,4283,3.290221e-05
gauss_seidel,4284,3.282300e-05
gauss_seidel,4285,3.274397e-05
gauss_seidel,4286,3.266514e-05
gauss_seidel,4287,3.258649e-05
gauss_seidel,4288,3.250803e-05
gauss_seidel,4289,3.242977e-05
gauss_seidel,4290,3.235169e-05
gauss_seidel,4291,3.227380e-05
gauss_seidel,4292,3.219609e-05
gauss_seidel,4293,3.211858e-05
gauss_seidel,4294,3.204125e-05
gauss_seidel,4295,3.196410e-05
gauss_seidel,4296,3.188714e-05
gauss_seidel,4297,3.181037e-05
gauss_seidel,4298,3.173378e-05
gauss_seidel,4299,3.165738e-05
gauss_seidel,4300,3.158116e-05
gauss_seidel,4301,3.150512e-05
gauss_seidel,4302,3.142927e-05
gauss_seidel,4303,3.135360e-05
gauss_seidel,4304,3.127811e-05
gauss_seidel,4305,3.120281e-05
gauss_seidel,4306,3.112768e-05
gauss_seidel,4307,3.105274e-05
gauss_seidel,4308,3.097797e-05
gauss_seidel,4309,3.090339e-05
gauss_seidel,4310,3.082899e-05
gauss_seidel,4311,3.075476e-05
gauss_seidel,4312,3.068071e-05
gauss_seidel,4313,3.060685e-05
gauss_seidel,4314,3.053316e-05
gauss_seidel,4315,3.045964e-05
gauss_seidel,4316,3.038631e-05
gauss_seidel,4317,3.031315e-05
gauss_seidel,4318,3.024017e-05
gauss_seidel,4319,3.016736e-05
gauss_seidel,4320,3.009473e-05
gauss_seidel,4321,3.002227e-05
gauss_seidel,4322,2.994999e-05
gauss_seidel,4323,2.987788e-05
gauss_seidel,4324,2.980594e-05
gauss_seidel,4325,2.973418e-05
gauss_seidel,4326,2.966259e-05
gauss_seidel,4327,2.959118e-05
gauss_seidel,4328,2.951993e-05
gauss_seidel,4329,2.944886e-05
gauss_seidel,4330,2.937795e-05
gauss_seidel,4331,2.930722e-05
gauss_seidel,4332,2.923666e-05
gauss_seidel,4333,2.916627e-05
gauss_seidel,4334,2.909605e-05
gauss_seidel,4335,2.902600e-05
gauss_seidel,4336,2.895611e-05
gauss_seidel,4337,2.888640e-05
gauss_seidel,4338,2.881685e-05
gauss_seidel,4339,2.874747e-05
gauss_seidel,4340,2.867825e-05
gauss_seidel,4341,2.860921e-05
gauss_seidel,4342,2.854033e-05
gauss_seidel,4343,2.847161e-05
gauss_seidel,4344,2.840306e-05
gauss_seidel,4345,2.833468e-05
gauss_seidel,4346,2.826646e-05
gauss_seidel,4347,2.819840e-05
gauss_seidel,4348,2.813051e-05
gauss_seidel,4349,2.806278e-05
gauss_seidel,4350,2.799522e-05
gauss_seidel,4351,2.792782e-05
gauss_seidel,4352,2.786058e-05
gauss_seidel,4353,2.779350e-05
gauss_seidel,4354,2.772658e-05
gauss_seidel,4355,2.765983e-05
gauss_seidel,4356,2.759323e-05
gauss_seidel,4357,2.752680e-05
gauss_seidel,4358,2.746052e-05
gauss_seidel,4359,2.739441e-05
gauss_seidel,4360,2.732845e-05
gauss_seidel,4361,2.726266e-05
gauss_seidel,4362,2.719702e-05
gauss_seidel,4363,2.713154e-05
gauss_seidel,4364,2.706621e-05
gauss_seidel,4365,2.700105e-05
gauss_seidel,4366,2.693604e-05
gauss_seidel,4367,2.687119e-05
gauss_seidel,4368,2.680649e-05
gauss_seidel,4369,2.674195e-05
gauss_seidel,4370,2.667757e-05
gauss_seidel,4371,2.661334e-05
gauss_seidel,4372,2.654926e-05
gauss_seidel,4373,2.648534e-05
gauss_seidel,4374,2.642157e-05
gauss_seidel,4375,2.635796e-05
gauss_seidel,4376,2.629450e-05
gauss_seidel,4377,2.623119e-05
gauss_seidel,4378,2.616804e-05
gauss_seidel,4379,2.610503e-05
gauss_seidel,4380,2.604218e-05
gauss_seidel,4381,2.597948e-05
gauss_seidel,4382,2.591693e-05
gauss_seidel,4383,2.585453e-05
gauss_seidel,4384,2.579229e-05
gauss_seidel,4385,2.573019e-05
gauss_seidel,4386,2.566824e-05
gauss_seidel,4387,2.560644e-05
gauss_seidel,4388,2.554479e-05
gauss_seidel,4389,2.548328e-05
gauss_seidel,4390,2.542193e-05
gauss_seidel,4391,2.536072e-05
gauss_seidel,4392,2.529966e-05
gauss_seidel,4393,2.523875e-05
gauss_seidel,4394,2.517799e-05
gauss_seidel,4395,2.511737e-05
gauss_seidel,4396,2.505689e-05
gauss_seidel,4397,2.499656e-05
gauss_seidel,4398,2.493638e-05
gauss_seidel,4399,2.487634e-05
gauss_seidel,4400,2.481645e-05
gauss_seidel,4401,2.475670e-05
gauss_seidel,4402,2.469710e-05
gauss_seidel,4403,2.463764e-05
gauss_seidel,4404,2.457832e-05
gauss_seidel,4405,2.451914e-05
gauss_seidel,4406,2.446011e-05
gauss_seidel,4407,2.440122e-05
gauss_seidel,4408,2.434247e-05
gauss_seidel,4409,2.428386e-05
gauss_seidel,4410,2.422539e-05
gauss_seidel,4411,2.416707e-05
gauss_seidel,4412,2.410888e-05
gauss_seidel,4413,2.405084e-05
gauss_seidel,4414,2.399293e-05
gauss_seidel,4415,2.393516e-05
gauss_seidel,4416,2.387754e-05
gauss_seidel,4417,2.382005e-05
gauss_seidel,4418,2.376270e-05
gauss_seidel,4419,2.370549e-05
gauss_seidel,4420,2.364841e-05
gauss_seidel,4421,2.359148e-05
gauss_seidel,4422,2.353468e-05
gauss_seidel,4423,2.347801e-05
gauss_seidel,4424,2.342149e-05
gauss_seidel,4425,2.336510e-05
gauss_seidel,4426,2.330884e-05
gauss_seidel,4427,2.325272e-05
gauss_seidel,4428,2.319674e-05
gauss_seidel,4429,2.314089e-05
gauss_seidel,4430,2.308517e-05
gauss_seidel,4431,2.302959e-05
gauss_seidel,4432,2.297415e-05
gauss_seidel,4433,2.291883e-05
gauss_seidel,4434,2.286365e-05
gauss_seidel,4435,2.280861e-05
gauss_seidel,4436,2.275369e-05
gauss_seidel,4437,2.269891e-05
gauss_seidel,4438,2.264426e-05
gauss_seidel,4439,2.258974e-05
gauss_seidel,4440,2.253535e-05
gauss_seidel,4441,2.248109e-05
gauss_seidel,4442,2.242697e-05
gauss_seidel,4443,2.237297e-05
gauss_seidel,4444,2.231911e-05
gauss_seidel,4445,2.226537e-05
gauss_seidel,4446,2.221176e-05
gauss_seidel,4447,2.215828e-05
gauss_seidel,4448,2.210493e-05
gauss_seidel,4449,2.205171e-05
gauss_seidel,4450,2.199862e-05
gauss_seidel,4451,2.194566e-05
gauss_seidel,4452,2.189282e-05
gauss_seidel,4453,2.184011e-05
gauss_seidel,4454,2.178753e-05
gauss_seidel,4455,2.173507e-05
gauss_seidel,4456,2.168274e-05
gauss_seidel,4457,2.163054e-05
gauss_seidel,4458,2.157846e-05
gauss_seidel,4459,2.152650e-05
gauss_seidel,4460,2.147468e-05
gauss_seidel,4461,2.142297e-05
gauss_seidel,4462,2.137139e-05
gauss_seidel,4463,2.131994e-05
gauss_seidel,4464,2.126861e-05
gauss_seidel,4465,2.121740e-05
gauss_seidel,4466,2.116632e-05
gauss_seidel,4467,2.111536e-05
gauss_seidel,4468,2.106452e-05
gauss_seidel,4469,2.101380e-05
gauss_seidel,4470,2.096321e-05
gauss_seidel,4471,2.091274e-05
gauss_seidel,4472,2.086239e-05
gauss_seidel,4473,2.081216e-05
gauss_seidel,4474,2.076205e-05
gauss_seidel,4475,2.071206e-05
gauss_seidel,4476,2.066220e-05
gauss_seidel,4477,2.061245e-05
gauss_seidel,4478,2.056282e-05
gauss_seidel,4479,2.051331e-05
gauss_seidel,4480,2.046393e-05
gauss_seidel,4481,2.041466e-05
gauss_seidel,4482,2.036550e-05
gauss_seidel,4483,2.031647e-05
gauss_seidel,4484,2.026756e-05
gauss_seidel,4485,2.021876e-05
gauss_seidel,4486,2.017008e-05
gauss_seidel,4487,2.012152e-05
gauss_seidel,4488,2.007307e-05
gauss_seidel,4489,2.002474e-05
gauss_seidel,4490,1.997653e-05
gauss_seidel,4491,1.992844e-05
gauss_seidel,4492,1.988046e-05
gauss_seidel,4493,1.983259e-05
gauss_seidel,4494,1.978484e-05
gauss_seidel,4495,1.973721e-05
gauss_seidel,4496,1.968969e-05
gauss_seidel,4497,1.964228e-05
gauss_seidel,4498,1.959499e-05
gauss_seidel,4499,1.954781e-05
gauss_seidel,4500,1.950075e-05
gauss_seidel,4501,1.945380e-05
gauss_seidel,4502,1.940696e-05
gauss_seidel,4503,1.936023e-05
gauss_seidel,4504,1.931362e-05
gauss_seidel,4505,1.926712e-05
gauss_seidel,4506,1.922073e-05
gauss_seidel,4507,1.917446e-05
gauss_seidel,4508,1.912829e-05
gauss_seidel,4509,1.908224e-05
gauss_seidel,4510,1.903629e-05
gauss_seidel,4511,1.899046e-05
gauss_seidel,4512,1.894474e-05
gauss_seidel,4513,1.889913e-05
gauss_seidel,4514,1.885363e-05
gauss_seidel,4515,1.880823e-05
gauss_seidel,4516,1.876295e-05
gauss_seidel,4517,1.871778e-05
gauss_seidel,4518,1.867271e-05
gauss_seidel,4519,1.862775e-05
gauss_seidel,4520,1.858290e-05
gauss_seidel,4521,1.853816e-05
gauss_seidel,4522,1.849353e-05
gauss_seidel,4523,1.844900e-05
gauss_seidel,4524,1.840459e-05
gauss_seidel,4525,1.836027e-05
gauss_seidel,4526,1.831607e-05
gauss_seidel,4527,1.827197e-05
gauss_seidel,4528,1.822798e-05
gauss_seidel,4529,1.818409e-05
gauss_seidel,4530,1.814031e-05
gauss_seidel,4531,1.809664e-05
gauss_seidel,4532,1.805307e-05
gauss_seidel,4533,1.800960e-05
gauss_seidel,4534,1.796624e-05
gauss_seidel,4535,1.792298e-05
gauss_seidel,4536,1.787983e-05
gauss_seidel,4537,1.783678e-05
gauss_seidel,4538,1.779384e-05
gauss_seidel,4539,1.775100e-05
gauss_seidel,4540,1.770826e-05
gauss_seidel,4541,1.766563e-05
gauss_seidel,4542,1.762309e-05
gauss_seidel,4543,1.758066e-05
gauss_seidel,4544,1.753834e-05
gauss_seidel,4545,1.749611e-05
gauss_seidel,4546,1.745399e-05
gauss_seidel,4547,1.741196e-05
gauss_seidel,4548,1.737004e-05
gauss_seidel,4549,1.732822e-05
gauss_seidel,4550,1.728650e-05
gauss_seidel,4551,1.724488e-05
gauss_seidel,4552,1.720336e-05
gauss_seidel,4553,1.716194e-05
gauss_seidel,4554,1.712062e-05
gauss_seidel,4555,1.707940e-05
gauss_seidel,4556,1.703828e-05
gauss_seidel,4557,1.699726e-05
gauss_seidel,4558,1.695634e-05
gauss_seidel,4559,1.691551e-05
gauss_seidel,4560,1.687478e-05
gauss_seidel,4561,1.683416e-05
gauss_seidel,4562,1.679363e-05
gauss_seidel,4563,1.675319e-05
gauss_seidel,4564,1.671286e-05
gauss_seidel,4565,1.667262e-05
gauss_seidel,4566,1.663248e-05
gauss_seidel,4567,1.659243e-05
gauss_seidel,4568,1.655248e-05
gauss_seidel,4569,1.651263e-05
gauss_seidel,4570,1.647287e-05
gauss_seidel,4571,1.643321e-05
gauss_seidel,4572,1.639365e-05
gauss_seidel,4573,1.635418e-05
gauss_seidel,4574,1.631480e-05
gauss_seidel,4575,1.627552e-05
gauss_seidel,4576,1.623634e-05
gauss_seidel,4577,1.619725e-05
gauss_seidel,4578,1.615825e-05
gauss_seidel,4579,1.611935e-05
gauss_seidel,4580,1.608054e-05
gauss_seidel,4581,1.604182e-05
gauss_seidel,4582,1.600320e-05
gauss_seidel,4583,1.596467e-05
gauss_seidel,4584,1.592623e-05
gauss_seidel,4585,1.588789e-05
gauss_seidel,4586,1.584963e-05
gauss_seidel,4587,1.581147e-05
gauss_seidel,4588,1.577341e-05
gauss_seidel,4589,1.573543e-05
gauss_seidel,4590,1.569754e-05
gauss_seidel,4591,1.565975e-05
gauss_seidel,4592,1.562205e-05
gauss_seidel,4593,1.558443e-05
gauss_seidel,4594,1.554691e-05
gauss_seidel,4595,1.550948e-05
gauss_seidel,4596,1.547214e-05
gauss_seidel,4597,1.543489e-05
gauss_seidel,4598,1.539773e-05
gauss_seidel,4599,1.536066e-05
gauss_seidel,4600,1.532367e-05
gauss_seidel,4601,1.528678e-05
gauss_seidel,4602,1.524997e-05
gauss_seidel,4603,1.521326e-05
gauss_seidel,4604,1.517663e-05
gauss_seidel,4605,1.514009e-05
gauss_seidel,4606,1.510364e-05
gauss_seidel,4607,1.506727e-05
gauss_seidel,4608,1.503100e-05
gauss_seidel,4609,1.499481e-05
gauss_seidel,4610,1.495871e-05
gauss_seidel,4611,1.492269e-05
gauss_seidel,4612,1.488676e-05
gauss_seidel,4613,1.485092e-05
gauss_seidel,4614,1.481516e-05
gauss_seidel,4615,1.477950e-05
gauss_seidel,4616,1.474391e-05
gauss_seidel,4617,1.470841e-05
gauss_seidel,4618,1.467300e-05
gauss_seidel,4619,1.463767e-05
gauss_seidel,4620,1.460243e-05
gauss_seidel,4621,1.456727e-05
gauss_seidel,4622,1.453220e-05
gauss_seidel,4623,1.449721e-05
gauss_seidel,4624,1.446231e-05
gauss_seidel,4625,1.442749e-05
gauss_seidel,4626,1.439275e-05
gauss_seidel,4627,1.435810e-05
gauss_seidel,4628,1.432353e-05
gauss_seidel,4629,1.428905e-05
gauss_seidel,4630,1.425464e-05
gauss_seidel,4631,1.422032e-05
gauss_seidel,4632,1.418609e-05
gauss_seidel,4633,1.415193e-05
gauss_seidel,4634,1.411786e-05
gauss_seidel,4635,1.408387e-05
gauss_seidel,4636,1.404996e-05
gauss_seidel,4637,1.401613e-05
gauss_seidel,4638,1.398239e-05
gauss_seidel,4639,1.394872e-05
gauss_seidel,4640,1.391514e-05
gauss_seidel,4641,1.388163e-05
gauss_seidel,4642,1.384821e-05
gauss_seidel,4643,1.381487e-05
gauss_seidel,4644,1.378161e-05
gauss_seidel,4645,1.374843e-05
gauss_seidel,4646,1.371533e-05
gauss_seidel,4647,1.368231e-05
gauss_seidel,4648,1.364936e-05
gauss_seidel,4649,1.361650e-05
gauss_seidel,4650,1.358372e-05
gauss_seidel,4651,1.355101e-05
gauss_seidel,4652,1.351839e-05
gauss_seidel,4653,1.348584e-05
gauss_seidel,4654,1.345337e-05
gauss_seidel,4655,1.342098e-05
gauss_seidel,4656,1.338867e-05
gauss_seidel,4657,1.335643e-05
gauss_seidel,4658,1.332427e-05
gauss_seidel,4659,1.329219e-05
gauss_seidel,4660,1.326019e-05
gauss_seidel,4661,1.322827e-05
gauss_seidel,4662,1.319642e-05
gauss_seidel,4663,1.316465e-05
gauss_seidel,4664,1.313295e-05
gauss_seidel,4665,1.310133e-05
gauss_seidel,4666,1.306979e-05
gauss_seidel,4667,1.303832e-05
gauss_seidel,4668,1.300693e-05
gauss_seidel,4669,1.297561e-05
gauss_seidel,4670,1.294437e-05
gauss_seidel,4671,1.291321e-05
gauss_seidel,4672,1.288212e-05
gauss_seidel,4673,1.285110e-05
gauss_seidel,4674,1.282016e-05
gauss_seidel,4675,1.278929e-05
gauss_seidel,4676,1.275850e-05
gauss_seidel,4677,1.272778e-05
gauss_seidel,4678,1.269714e-05
gauss_seidel,4679,1.266657e-05
gauss_seidel,4680,1.263607e-05
gauss_seidel,4681,1.260565e-05
gauss_seidel,4682,1.257530e-05
gauss_seidel,4683,1.254502e-05
gauss_seidel,4684,1.251482e-05
gauss_seidel,4685,1.248469e-05
gauss_seidel,4686,1.245463e-05
gauss_seidel,4687,1.242464e-05
gauss_seidel,4688,1.239473e-05
gauss_seidel,4689,1.236489e-05
gauss_seidel,4690,1.233512e-05
gauss_seidel,4691,1.230542e-05
gauss_seidel,4692,1.227579e-05
gauss_seidel,4693,1.224624e-05
gauss_seidel,4694,1.221675e-05
gauss_seidel,4695,1.218734e-05
gauss_seidel,4696,1.215800e-05
gauss_seidel,4697,1.212872e-05
gauss_seidel,4698,1.209952e-05
gauss_seidel,4699,1.207039e-05
gauss_seidel,4700,1.204133e-05
gauss_seidel,4701,1.201234e-05
gauss_seidel,4702,1.198342e-05
gauss_seidel,4703,1.195457e-05
gauss_seidel,4704,1.192578e-05
gauss_seidel,4705,1.189707e-05
gauss_seidel,4706,1.186843e-05
gauss_seidel,4707,1.183985e-05
gauss_seidel,4708,1.181135e-05
gauss_seidel,4709,1.178291e-05
gauss_seidel,4710,1.175454e-05
gauss_seidel,4711,1.172624e-05
gauss_seidel,4712,1.169801e-05
gauss_seidel,4713,1.166984e-05
gauss_seidel,4714,1.164174e-05
gauss_seidel,4715,1.161372e-05
gauss_seidel,4716,1.158575e-05
gauss_seidel,4717,1.155786e-05
gauss_seidel,4718,1.153003e-05
gauss_seidel,4719,1.150227e-05
gauss_seidel,4720,1.147458e-05
gauss_seidel,4721,1.144695e-05
gauss_seidel,4722,1.141939e-05
gauss_seidel,4723,1.139190e-05
gauss_seidel,4724,1.136447e-05
gauss_seidel,4725,1.133711e-05
gauss_seidel,4726,1.130981e-05
gauss_seidel,4727,1.128258e-05
gauss_seidel,4728,1.125542e-05
gauss_seidel,4729,1.122832e-05
gauss_seidel,4730,1.120129e-05
gauss_seidel,4731,1.117432e-05
gauss_seidel,4732,1.114741e-05
gauss_seidel,4733,1.112058e-05
gauss_seidel,4734,1.109380e-05
gauss_seidel,4735,1.106709e-05
gauss_seidel,4736,1.104045e-05
gauss_seidel,4737,1.101386e-05
gauss_seidel,4738,1.098735e-05
gauss_seidel,4739,1.096089e-05
gauss_seidel,4740,1.093450e-05
gauss_seidel,4741,1.090818e-05
gauss_seidel,4742,1.088191e-05
gauss_seidel,4743,1.085572e-05
gauss_seidel,4744,1.082958e-05
gauss_seidel,4745,1.080350e-05
gauss_seidel,4746,1.077749e-05
gauss_seidel,4747,1.075155e-05
gauss_seidel,4748,1.072566e-05
gauss_seidel,4749,1.069984e-05
gauss_seidel,4750,1.067407e-05
gauss_seidel,4751,1.064838e-05
gauss_seidel,4752,1.062274e-05
gauss_seidel,4753,1.059716e-05
gauss_seidel,4754,1.057165e-05
gauss_seidel,4755,1.054620e-05
gauss_seidel,4756,1.052080e-05
gauss_seidel,4757,1.049547e-05
gauss_seidel,4758,1.047020e-05
gauss_seidel,4759,1.044500e-05
gauss_seidel,4760,1.041985e-05
gauss_seidel,4761,1.039476e-05
gauss_seidel,4762,1.036973e-05
gauss_seidel,4763,1.034477e-05
gauss_seidel,4764,1.031986e-05
gauss_seidel,4765,1.029502e-05
gauss_seidel,4766,1.027023e-05
gauss_seidel,4767,1.024550e-05
gauss_seidel,4768,1.022083e-05
gauss_seidel,4769,1.019623e-05
gauss_seidel,4770,1.017168e-05
gauss_seidel,4771,1.014719e-05
gauss_seidel,4772,1.012276e-05
gauss_seidel,4773,1.009838e-05
gauss_seidel,4774,1.007407e-05
gauss_seidel,4775,1.004982e-05
gauss_seidel,4776,1.002562e-05
gauss_seidel,4777,1.000148e-05
gauss_seidel,4778,9.977402e-06
gauss_seidel,4779,9.953381e-06
gauss_seidel,4780,9.929416e-06
gauss_seidel,4781,9.905510e-06
gauss_seidel,4782,9.881661e-06
gauss_seidel,4783,9.857870e-06
gauss_seidel,4784,9.834135e-06
gauss_seidel,4785,9.810458e-06
gauss_seidel,4786,9.786838e-06
gauss_seidel,4787,9.763275e-06
gauss_seidel,4788,9.739769e-06
gauss_seidel,4789,9.716319e-06
gauss_seidel,4790,9.692926e-06
gauss_seidel,4791,9.669589e-06
gauss_seidel,4792,9.646308e-06
gauss_seidel,4793,9.623083e-06
gauss_seidel,4794,9.599914e-06
gauss_seidel,4795,9.576801e-06
gauss_seidel,4796,9.553744e-06
gauss_seidel,4797,9.530742e-06
gauss_seidel,4798,9.507795e-06
gauss_seidel,4799,9.484904e-06
gauss_seidel,4800,9.462068e-06
gauss_seidel,4801,9.439286e-06
gauss_seidel,4802,9.416560e-06
gauss_seidel,4803,9.393888e-06
gauss_seidel,4804,9.371271e-06
gauss_seidel,4805,9.348709e-06
gauss_seidel,4806,9.326200e-06
gauss_seidel,4807,9.303746e-06
gauss_seidel,4808,9.281346e-06
gauss_seidel,4809,9.259000e-06
gauss_seidel,4810,9.236708e-06
gauss_seidel,4811,9.214469e-06
gauss_seidel,4812,9.192284e-06
gauss_seidel,4813,9.170152e-06
gauss_seidel,4814,9.148074e-06
gauss_seidel,4815,9.126049e-06
gauss_seidel,4816,9.104076e-06
gauss_seidel,4817,9.082157e-06
gauss_seidel,4818,9.060291e-06
gauss_seidel,4819,9.038477e-06
gauss_seidel,4820,9.016715e-06
gauss_seidel,4821,8.995006e-06
gauss_seidel,4822,8.973350e-06
gauss_seidel,4823,8.951745e-06
gauss_seidel,4824,8.930193e-06
gauss_seidel,4825,8.908692e-06
gauss_seidel,4826,8.887243e-06
gauss_seidel,4827,8.865846e-06
gauss_seidel,4828,8.844500e-06
gauss_seidel,4829,8.823206e-06
gauss_seidel,4830,8.801963e-06
gauss_seidel,4831,8.780771e-06
gauss_seidel,4832,8.759630e-06
gauss_seidel,4833,8.738540e-06
gauss_seidel,4834,8.717501e-06
gauss_seidel,4835,8.696512e-06
gauss_seidel,4836,8.675574e-06
gauss_seidel,4837,8.654686e-06
gauss_seidel,4838,8.633849e-06
gauss_seidel,4839,8.613062e-06
gauss_seidel,4840,8.592325e-06
gauss_seidel,4841,8.571637e-06
gauss_seidel,4842,8.551000e-06
gauss_seidel,4843,8.530412e-06
gauss_seidel,4844,8.509874e-06
gauss_seidel,4845,8.489386e-06
gauss_seidel,4846,8.468946e-06
gauss_seidel,4847,8.448556e-06
gauss_seidel,4848,8.428215e-06
gauss_seidel,4849,8.407923e-06
gauss_seidel,4850,8.387680e-06
gauss_seidel,4851,8.367485e-06
gauss_seidel,4852,8.347339e-06
gauss_seidel,4853,8.327242e-06
gauss_seidel,4854,8.307193e-06
gauss_seidel,4855,8.287192e-06
gauss_seidel,4856,8.267240e-06
gauss_seidel,4857,8.247335e-06
gauss_seidel,4858,8.227479e-06
gauss_seidel,4859,8.207670e-06
gauss_seidel,4860,8.187909e-06
gauss_seidel,4861,8.168195e-06
gauss_seidel,4862,8.148529e-06
gauss_seidel,4863,8.128911e-06
gauss_seidel,4864,8.109339e-06
gauss_seidel,4865,8.089815e-06
gauss_seidel,4866,8.070337e-06
gauss_seidel,4867,8.050907e-06
gauss_seidel,4868,8.031523e-06
gauss_seidel,4869,8.012186e-06
gauss_seidel,4870,7.992896e-06
gauss_seidel,4871,7.973652e-06
gauss_seidel,4872,7.954454e-06
gauss_seidel,4873,7.935303e-06
gauss_seidel,4874,7.916197e-06
gauss_seidel,4875,7.897138e-06
gauss_seidel,4876,7.878125e-06
gauss_seidel,4877,7.859157e-06
gauss_seidel,4878,7.840235e-06
gauss_seidel,4879,7.821359e-06
gauss_seidel,4880,7.802528e-06
gauss_seidel,4881,7.783742e-06
gauss_seidel,4882,7.765002e-06
gauss_seidel,4883,7.746306e-06
gauss_seidel,4884,7.727656e-06
gauss_seidel,4885,7.709051e-06
gauss_seidel,4886,7.690490e-06
gauss_seidel,4887,7.671974e-06
gauss_seidel,4888,7.653503e-06
gauss_seidel,4889,7.635076e-06
gauss_seidel,4890,7.616693e-06
gauss_seidel,4891,7.598355e-06
gauss_seidel,4892,7.580061e-06
gauss_seidel,4893,7.561811e-06
gauss_seidel,4894,7.543605e-06
gauss_seidel,4895,7.525443e-06
gauss_seidel,4896,7.507324e-06
gauss_seidel,4897,7.489249e-06
gauss_seidel,4898,7.471218e-06
gauss_seidel,4899,7.453230e-06
gauss_seidel,4900,7.435285e-06
gauss_seidel,4901,7.417384e-06
gauss_seidel,4902,7.399525e-06
gauss_seidel,4903,7.381710e-06
gauss_seidel,4904,7.363938e-06
gauss_seidel,4905,7.346208e-06
gauss_seidel,4906,7.328521e-06
gauss_seidel,4907,7.310876e-06
gauss_seidel,4908,7.293275e-06
gauss_seidel,4909,7.275715e-06
gauss_seidel,4910,7.258198e-06
gauss_seidel,4911,7.240723e-06
gauss_seidel,4912,7.223290e-06
gauss_seidel,4913,7.205899e-06
gauss_seidel,4914,7.188549e-06
gauss_seidel,4915,7.171242e-06
gauss_seidel,4916,7.153976e-06
gauss_seidel,4917,7.136752e-06
gauss_seidel,4918,7.119569e-06
gauss_seidel,4919,7.102428e-06
gauss_seidel,4920,7.085328e-06
gauss_seidel,4921,7.068269e-06
gauss_seidel,4922,7.051251e-06
gauss_seidel,4923,7.034274e-06
gauss_seidel,4924,7.017338e-06
gauss_seidel,4925,7.000443e-06
gauss_seidel,4926,6.983589e-06
gauss_seidel,4927,6.966775e-06
gauss_seidel,4928,6.950001e-06
gauss_seidel,4929,6.933268e-06
gauss_seidel,4930,6.916575e-06
gauss_seidel,4931,6.899923e-06
gauss_seidel,4932,6.883310e-06
gauss_seidel,4933,6.866738e-06
gauss_seidel,4934,6.850205e-06
gauss_seidel,4935,6.833712e-06
gauss_seidel,4936,6.817259e-06
gauss_seidel,4937,6.800846e-06
gauss_seidel,4938,6.784472e-06
gauss_seidel,4939,6.768137e-06
gauss_seidel,4940,6.751842e-06
gauss_seidel,4941,6.735586e-06
gauss_seidel,4942,6.719369e-06
gauss_seidel,4943,6.703191e-06
gauss_seidel,4944,6.687053e-06
gauss_seidel,4945,6.670953e-06
gauss_seidel,4946,6.654891e-06
gauss_seidel,4947,6.638869e-06
gauss_seidel,4948,6.622885e-06
gauss_seidel,4949,6.606939e-06
gauss_seidel,4950,6.591032e-06
gauss_seidel,4951,6.575163e-06
gauss_seidel,4952,6.559333e-06
gauss_seidel,4953,6.543540e-06
gauss_seidel,4954,6.527786e-06
gauss_seidel,4955,6.512069e-06
gauss_seidel,4956,6.496391e-06
gauss_seidel,4957,6.480750e-06
gauss_seidel,4958,6.465146e-06
gauss_seidel,4959,6.449581e-06
gauss_seidel,4960,6.434052e-06
gauss_seidel,4961,6.418561e-06
gauss_seidel,4962,6.403108e-06
gauss_seidel,4963,6.387692e-06
gauss_seidel,4964,6.372312e-06
gauss_seidel,4965,6.356970e-06
gauss_seidel,4966,6.341665e-06
gauss_seidel,4967,6.326396e-06
gauss_seidel,4968,6.311165e-06
gauss_seidel,4969,6.295970e-06
gauss_seidel,4970,6.280811e-06
gauss_seidel,4971,6.265689e-06
gauss_seidel,4972,6.250604e-06
gauss_seidel,4973,6.235555e-06
gauss_seidel,4974,6.220542e-06
gauss_seidel,4975,6.205565e-06
gauss_seidel,4976,6.190624e-06
gauss_seidel,4977,6.175719e-06
gauss_seidel,4978,6.160851e-06
gauss_seidel,4979,6.146017e-06
gauss_seidel,4980,6.131220e-06
gauss_seidel,4981,6.116458e-06
gauss_seidel,4982,6.101732e-06
gauss_seidel,4983,6.087041e-06
gauss_seidel,4984,6.072386e-06
gauss_seidel,4985,6.057766e-06
gauss_seidel,4986,6.043181e-06
gauss_seidel,4987,6.028631e-06
gauss_seidel,4988,6.014116e-06
gauss_seidel,4989,5.999637e-06
gauss_seidel,4990,5.985192e-06
gauss_seidel,4991,5.970782e-06
gauss_seidel,4992,5.956406e-06
gauss_seidel,4993,5.942065e-06
gauss_seidel,4994,5.927759e-06
gauss_seidel,4995,5.913487e-06
gauss_seidel,4996,5.899249e-06
gauss_seidel,4997,5.885046e-06
gauss_seidel,4998,5.870877e-06
gauss_seidel,4999,5.856742e-06
gauss_seidel,5000,5.842641e-06
gauss_seidel,5001,5.828574e-06
gauss_seidel,5002,5.814541e-06
gauss_seidel,5003,5.800542e-06
gauss_seidel,5004,5.786576e-06
gauss_seidel,5005,5.772644e-06
gauss_seidel,5006,5.758746e-06
gauss_seidel,5007,5.744881e-06
gauss_seidel,5008,5.731049e-06
gauss_seidel,5009,5.717251e-06
gauss_seidel,5010,5.703486e-06
gauss_seidel,5011,5.689754e-06
gauss_seidel,5012,5.676055e-06
gauss_seidel,5013,5.662389e-06
gauss_seidel,5014,5.648756e-06
gauss_seidel,5015,5.635156e-06
gauss_seidel,5016,5.621589e-06
gauss_seidel,5017,5.608054e-06
gauss_seidel,5018,5.594552e-06
gauss_seidel,5019,5.581082e-06
gauss_seidel,5020,5.567645e-06
gauss_seidel,5021,5.554240e-06
gauss_seidel,5022,5.540868e-06
gauss_seidel,5023,5.527527e-06
gauss_seidel,5024,5.514219e-06
gauss_seidel,5025,5.500943e-06
gauss_seidel,5026,5.487698e-06
gauss_seidel,5027,5.474486e-06
gauss_seidel,5028,5.461306e-06
gauss_seidel,5029,5.448157e-06
gauss_seidel,5030,5.435039e-06
gauss_seidel,5031,5.421954e-06
gauss_seidel,5032,5.408900e-06
gauss_seidel,5033,5.395877e-06
gauss_seidel,5034,5.382886e-06
gauss_seidel,5035,5.369926e-06
gauss_seidel,5036,5.356997e-06
gauss_seidel,5037,5.344099e-06
gauss_seidel,5038,5.331233e-06
gauss_seidel,5039,5.318397e-06
gauss_seidel,5040,5.305592e-06
gauss_seidel,5041,5.292818e-06
gauss_seidel,5042,5.280075e-06
gauss_seidel,5043,5.267363e-06
gauss_seidel,5044,5.254681e-06
gauss_seidel,5045,5.242029e-06
gauss_seidel,5046,5.229408e-06
gauss_seidel,5047,5.216818e-06
gauss_seidel,5048,5.204258e-06
gauss_seidel,5049,5.191728e-06
gauss_seidel,5050,5.179228e-06
gauss_seidel,5051,5.166758e-06
gauss_seidel,5052,5.154319e-06
gauss_seidel,5053,5.141909e-06
gauss_seidel,5054,5.129529e-06
gauss_seidel,5055,5.117179e-06
gauss_seidel,5056,5.104859e-06
gauss_seidel,5057,5.092568e-06
gauss_seidel,5058,5.080307e-06
gauss_seidel,5059,5.068075e-06
gauss_seidel,5060,5.055873e-06
gauss_seidel,5061,5.043701e-06
gauss_seidel,5062,5.031557e-06
gauss_seidel,5063,5.019443e-06
gauss_seidel,5064,5.007358e-06
gauss_seidel,5065,4.995302e-06
gauss_seidel,5066,4.983275e-06
gauss_seidel,5067,4.971277e-06
gauss_seidel,5068,4.959308e-06
gauss_seidel,5069,4.947368e-06
gauss_seidel,5070,4.935457e-06
gauss_seidel,5071,4.923574e-06
gauss_seidel,5072,4.911720e-06
gauss_seidel,5073,4.899894e-06
gauss_seidel,5074,4.888097e-06
gauss_seidel,5075,4.876328e-06
gauss_seidel,5076,4.864588e-06
gauss_seidel,5077,4.852876e-06
gauss_seidel,5078,4.841192e-06
gauss_seidel,5079,4.829536e-06
gauss_seidel,5080,4.817908e-06
gauss_seidel,5081,4.806308e-06
gauss_seidel,5082,4.794736e-06
gauss_seidel,5083,4.783192e-06
gauss_seidel,5084,4.771676e-06
gauss_seidel,5085,4.760188e-06
gauss_seidel,5086,4.748727e-06
gauss_seidel,5087,4.737294e-06
gauss_seidel,5088,4.725888e-06
gauss_seidel,5089,4.714510e-06
gauss_seidel,5090,4.703159e-06
gauss_seidel,5091,4.691835e-06
gauss_seidel,5092,4.680539e-06
gauss_seidel,5093,4.669270e-06
gauss_seidel,5094,4.658028e-06
gauss_seidel,5095,4.646813e-06
gauss_seidel,5096,4.635626e-06
gauss_seidel,5097,4.624465e-06
gauss_seidel,5098,4.613331e-06
gauss_seidel,5099,4.602223e-06
gauss_seidel,5100,4.591143e-06
gauss_seidel,5101,4.580089e-06
gauss_seidel,5102,4.569062e-06
gauss_seidel,5103,4.558061e-06
gauss_seidel,5104,4.547087e-06
gauss_seidel,5105,4.536139e-06
gauss_seidel,5106,4.525218e-06
gauss_seidel,5107,4.514323e-06
gauss_seidel,5108,4.503454e-06
gauss_seidel,5109,4.492611e-06
gauss_seidel,5110,4.481795e-06
gauss_seidel,5111,4.471004e-06
gauss_seidel,5112,4.460240e-06
gauss_seidel,5113,4.449501e-06
gauss_seidel,5114,4.438788e-06
gauss_seidel,5115,4.428101e-06
gauss_seidel,5116,4.417440e-06
gauss_seidel,5117,4.406805e-06
gauss_seidel,5118,4.396195e-06
gauss_seidel,5119,4.385610e-06
gauss_seidel,5120,4.375051e-06
gauss_seidel,5121,4.364518e-06
gauss_seidel,5122,4.354009e-06
gauss_seidel,5123,4.343527e-06
gauss_seidel,5124,4.333069e-06
gauss_seidel,5125,4.322636e-06
gauss_seidel,5126,4.312229e-06
gauss_seidel,5127,4.301847e-06
gauss_seidel,5128,4.291490e-06
gauss_seidel,5129,4.281157e-06
gauss_seidel,5130,4.270850e-06
gauss_seidel,5131,4.260567e-06
gauss_seidel,5132,4.250309e-06
gauss_seidel,5133,4.240076e-06
gauss_seidel,5134,4.229867e-06
gauss_seidel,5135,4.219683e-06
gauss_seidel,5136,4.209524e-06
gauss_seidel,5137,4.199389e-06
gauss_seidel,5138,4.189278e-06
gauss_seidel,5139,4.179192e-06
gauss_seidel,5140,4.169130e-06
gauss_seidel,5141,4.159092e-06
gauss_seidel,5142,4.149079e-06
gauss_seidel,5143,4.139089e-06
gauss_seidel,5144,4.129124e-06
gauss_seidel,5145,4.119183e-06
gauss_seidel,5146,4.109265e-06
gauss_seidel,5147,4.099371e-06
gauss_seidel,5148,4.089502e-06
gauss_seidel,5149,4.079656e-06
gauss_seidel,5150,4.069833e-06
gauss_seidel,5151,4.060035e-06
gauss_seidel,5152,4.050259e-06
gauss_seidel,5153,4.040508e-06
gauss_seidel,5154,4.030780e-06
gauss_seidel,5155,4.021075e-06
gauss_seidel,5156,4.011394e-06
gauss_seidel,5157,4.001736e-06
gauss_seidel,5158,3.992101e-06
gauss_seidel,5159,3.982490e-06
gauss_seidel,5160,3.972901e-06
gauss_seidel,5161,3.963336e-06
gauss_seidel,5162,3.953794e-06
gauss_seidel,5163,3.944274e-06
gauss_seidel,5164,3.934778e-06
gauss_seidel,5165,3.925304e-06
gauss_seidel,5166,3.915854e-06
gauss_seidel,5167,3.906426e-06
gauss_seidel,5168,3.897021e-06
gauss_seidel,5169,3.887638e-06
gauss_seidel,5170,3.878278e-06
gauss_seidel,5171,3.868940e-06
gauss_seidel,5172,3.859625e-06
gauss_seidel,5173,3.850333e-06
gauss_seidel,5174,3.841063e-06
gauss_seidel,5175,3.831815e-06
gauss_seidel,5176,3.822589e-06
gauss_seidel,5177,3.813386e-06
gauss_seidel,5178,3.804205e-06
gauss_seidel,5179,3.795045e-06
gauss_seidel,5180,3.785908e-06
gauss_seidel,5181,3.776793e-06
gauss_seidel,5182,3.767700e-06
gauss_seidel,5183,3.758629e-06
gauss_seidel,5184,3.749579e-06
gauss_seidel,5185,3.740552e-06
gauss_seidel,5186,3.731546e-06
gauss_seidel,5187,3.722562e-06
gauss_seidel,5188,3.713599e-06
gauss_seidel,5189,3.704658e-06
gauss_seidel,5190,3.695739e-06
gauss_seidel,5191,3.686841e-06
gauss_seidel,5192,3.677964e-06
gauss_seidel,5193,3.669109e-06
gauss_seidel,5194,3.660275e-06
gauss_seidel,5195,3.651462e-06
gauss_seidel,5196,3.642671e-06
gauss_seidel,5197,3.633901e-06
gauss_seidel,5198,3.625152e-06
gauss_seidel,5199,3.616424e-06
gauss_seidel,5200,3.607717e-06
gauss_seidel,5201,3.599030e-06
gauss_seidel,5202,3.590365e-06
gauss_seidel,5203,3.581721e-06
gauss_seidel,5204,3.573098e-06
gauss_seidel,5205,3.564495e-06
gauss_seidel,5206,3.555913e-06
gauss_seidel,5207,3.547351e-06
gauss_seidel,5208,3.538811e-06
gauss_seidel,5209,3.530291e-06
gauss_seidel,5210,3.521791e-06
gauss_seidel,5211,3.513312e-06
gauss_seidel,5212,3.504853e-06
gauss_seidel,5213,3.496415e-06
gauss_seidel,5214,3.487996e-06
gauss_seidel,5215,3.479599e-06
gauss_seidel,5216,3.471221e-06
gauss_seidel,5217,3.462864e-06
gauss_seidel,5218,3.454526e-06
gauss_seidel,5219,3.446209e-06
gauss_seidel,5220,3.437912e-06
gauss_seidel,5221,3.429635e-06
gauss_seidel,5222,3.421377e-06
gauss_seidel,5223,3.413140e-06
gauss_seidel,5224,3.404922e-06
gauss_seidel,5225,3.396724e-06
gauss_seidel,5226,3.388546e-06
gauss_seidel,5227,3.380388e-06
gauss_seidel,5228,3.372249e-06
gauss_seidel,5229,3.364130e-06
gauss_seidel,5230,3.356030e-06
gauss_seidel,5231,3.347950e-06
gauss_seidel,5232,3.339890e-06
gauss_seidel,5233,3.331848e-06
gauss_seidel,5234,3.323827e-06
gauss_seidel,5235,3.315824e-06
gauss_seidel,5236,3.307841e-06
gauss_seidel,5237,3.299877e-06
gauss_seidel,5238,3.291932e-06
gauss_seidel,5239,3.284006e-06
gauss_seidel,5240,3.276099e-06
gauss_seidel,5241,3.268212e-06
gauss_seidel,5242,3.260343e-06
gauss_seidel,5243,3.252493e-06
gauss_seidel,5244,3.244662e-06
gauss_seidel,5245,3.236850e-06
gauss_seidel,5246,3.229057e-06
gauss_seidel,5247,3.221283e-06
gauss_seidel,5248,3.213527e-06
gauss_seidel,5249,3.205790e-06
gauss_seidel,5250,3.198072e-06
gauss_seidel,5251,3.190372e-06
gauss_seidel,5252,3.182691e-06
gauss_seidel,5253,3.175028e-06
gauss_seidel,5254,3.167384e-06
gauss_seidel,5255,3.159758e-06
gauss_seidel,5256,3.152150e-06
gauss_seidel,5257,3.144561e-06
gauss_seidel,5258,3.136990e-06
gauss_seidel,5259,3.129437e-06
gauss_seidel,5260,3.121903e-06
gauss_seidel,5261,3.114386e-06
gauss_seidel,5262,3.106888e-06
gauss_seidel,5263,3.099408e-06
gauss_seidel,5264,3.091945e-06
gauss_seidel,5265,3.084501e-06
gauss_seidel,5266,3.077075e-06
gauss_seidel,5267,3.069666e-06
gauss_seidel,5268,3.062276e-06
gauss_seidel,5269,3.054903e-06
gauss_seidel,5270,3.047548e-06
gauss_seidel,5271,3.040210e-06
gauss_seidel,5272,3.032891e-06
gauss_seidel,5273,3.025589e-06
gauss_seidel,5274,3.018304e-06
gauss_seidel,5275,3.011037e-06
gauss_seidel,5276,3.003788e-06
gauss_seidel,5277,2.996556e-06
gauss_seidel,5278,2.989341e-06
gauss_seidel,5279,2.982144e-06
gauss_seidel,5280,2.974964e-06
gauss_seidel,5281,2.967801e-06
gauss_seidel,5282,2.960656e-06
gauss_seidel,5283,2.953528e-06
gauss_seidel,5284,2.946417e-06
gauss_seidel,5285,2.939323e-06
gauss_seidel,5286,2.932246e-06
gauss_seidel,5287,2.925186e-06
gauss_seidel,5288,2.918143e-06
gauss_seidel,5289,2.911117e-06
gauss_seidel,5290,2.904109e-06
gauss_seidel,5291,2.897116e-06
gauss_seidel,5292,2.890141e-06
gauss_seidel,5293,2.883183e-06
gauss_seidel,5294,2.876241e-06
gauss_seidel,5295,2.869316e-06
gauss_seidel,5296,2.862408e-06
gauss_seidel,5297,2.855516e-06
gauss_seidel,5298,2.848641e-06
gauss_seidel,5299,2.841783e-06
gauss_seidel,5300,2.834941e-06
gauss_seidel,5301,2.828115e-06
gauss_seidel,5302,2.821306e-06
gauss_seidel,5303,2.814514e-06
gauss_seidel,5304,2.807737e-06
gauss_seidel,5305,2.800977e-06
gauss_seidel,5306,2.794234e-06
gauss_seidel,5307,2.787506e-06
gauss_seidel,5308,2.780795e-06
gauss_seidel,5309,2.774100e-06
gauss_seidel,5310,2.767421e-06
gauss_seidel,5311,2.760758e-06
gauss_seidel,5312,2.754111e-06
gauss_seidel,5313,2.747480e-06
gauss_seidel,5314,2.740865e-06
gauss_seidel,5315,2.734266e-06
gauss_seidel,5316,2.727683e-06
gauss_seidel,5317,2.721115e-06
gauss_seidel,5318,2.714564e-06
gauss_seidel,5319,2.708028e-06
gauss_seidel,5320,2.701508e-06
gauss_seidel,5321,2.695004e-06
gauss_seidel,5322,2.688516e-06
gauss_seidel,5323,2.682043e-06
gauss_seidel,5324,2.675585e-06
gauss_seidel,5325,2.669143e-06
gauss_seidel,5326,2.662717e-06
gauss_seidel,5327,2.656306e-06
gauss_seidel,5328,2.649911e-06
gauss_seidel,5329,2.643531e-06
gauss_seidel,5330,2.637166e-06
gauss_seidel,5331,2.630817e-06
gauss_seidel,5332,2.624483e-06
gauss_seidel,5333,2.618164e-06
gauss_seidel,5334,2.611860e-06
gauss_seidel,5335,2.605572e-06
gauss_seidel,5336,2.599299e-06
gauss_seidel,5337,2.593040e-06
gauss_seidel,5338,2.586797e-06
gauss_seidel,5339,2.580569e-06
gauss_seidel,5340,2.574356e-06
gauss_seidel,5341,2.568158e-06
gauss_seidel,5342,2.561975e-06
gauss_seidel,5343,2.555807e-06
gauss_seidel,5344,2.549653e-06
gauss_seidel,5345,2.543514e-06
gauss_seidel,5346,2.537391e-06
gauss_seidel,5347,2.531282e-06
gauss_seidel,5348,2.525187e-06
gauss_seidel,5349,2.519107e-06
gauss_seidel,5350,2.513042e-06
gauss_seidel,5351,2.506992e-06
gauss_seidel,5352,2.500956e-06
gauss_seidel,5353,2.494934e-06
gauss_seidel,5354,2.488928e-06
gauss_seidel,5355,2.482935e-06
gauss_seidel,5356,2.476957e-06
gauss_seidel,5357,2.470994e-06
gauss_seidel,5358,2.465044e-06
gauss_seidel,5359,2.459109e-06
gauss_seidel,5360,2.453189e-06
gauss_seidel,5361,2.447282e-06
gauss_seidel,5362,2.441390e-06
gauss_seidel,5363,2.435512e-06
gauss_seidel,5364,2.429648e-06
gauss_seidel,5365,2.423799e-06
gauss_seidel,5366,2.417963e-06
gauss_seidel,5367,2.412141e-06
gauss_seidel,5368,2.406334e-06
gauss_seidel,5369,2.400540e-06
gauss_seidel,5370,2.394761e-06
gauss_seidel,5371,2.388995e-06
gauss_seidel,5372,2.383243e-06
gauss_seidel,5373,2.377505e-06
gauss_seidel,5374,2.371781e-06
gauss_seidel,5375,2.366071e-06
gauss_seidel,5376,2.360374e-06
gauss_seidel,5377,2.354691e-06
gauss_seidel,5378,2.349022e-06
gauss_seidel,5379,2.343366e-06
gauss_seidel,5380,2.337724e-06
gauss_seidel,5381,2.332096e-06
gauss_seidel,5382,2.326481e-06
gauss_seidel,5383,2.320880e-06
gauss_seidel,5384,2.315292e-06
gauss_seidel,5385,2.309717e-06
gauss_seidel,5386,2.304156e-06
gauss_seidel,5387,2.298609e-06
gauss_seidel,5388,2.293075e-06
gauss_seidel,5389,2.287554e-06
gauss_seidel,5390,2.282046e-06
gauss_seidel,5391,2.276552e-06
gauss_seidel,5392,2.271071e-06
gauss_seidel,5393,2.265603e-06
gauss_seidel,5394,2.260148e-06
gauss_seidel,5395,2.254706e-06
gauss_seidel,5396,2.249278e-06
gauss_seidel,5397,2.243863e-06
gauss_seidel,5398,2.238460e-06
gauss_seidel,5399,2.233071e-06
gauss_seidel,5400,2.227694e-06
gauss_seidel,5401,2.222331e-06
gauss_seidel,5402,2.216980e-06
gauss_seidel,5403,2.211643e-06
gauss_seidel,5404,2.206318e-06
gauss_seidel,5405,2.201006e-06
gauss_seidel,5406,2.195707e-06
gauss_seidel,5407,2.190420e-06
gauss_seidel,5408,2.185146e-06
gauss_seidel,5409,2.179885e-06
gauss_seidel,5410,2.174637e-06
gauss_seidel,5411,2.169401e-06
gauss_seidel,5412,2.164178e-06
gauss_seidel,5413,2.158967e-06
gauss_seidel,5414,2.153769e-06
gauss_seidel,5415,2.148584e-06
gauss_seidel,5416,2.143411e-06
gauss_seidel,5417,2.138250e-06
gauss_seidel,5418,2.133102e-06
gauss_seidel,5419,2.127967e-06
gauss_seidel,5420,2.122843e-06
gauss_seidel,5421,2.117732e-06
gauss_seidel,5422,2.112633e-06
gauss_seidel,5423,2.107547e-06
gauss_seidel,5424,2.102473e-06
gauss_seidel,5425,2.097411e-06
gauss_seidel,5426,2.092361e-06
gauss_seidel,5427,2.087323e-06
gauss_seidel,5428,2.082298e-06
gauss_seidel,5429,2.077284e-06
gauss_seidel,5430,2.072283e-06
gauss_seidel,5431,2.067294e-06
gauss_seidel,5432,2.062316e-06
gauss_seidel,5433,2.057351e-06
gauss_seidel,5434,2.052398e-06
gauss_seidel,5435,2.047456e-06
gauss_seidel,5436,2.042527e-06
gauss_seidel,5437,2.037609e-06
gauss_seidel,5438,2.032703e-06
gauss_seidel,5439,2.027809e-06
gauss_seidel,5440,2.022927e-06
gauss_seidel,5441,2.018057e-06
gauss_seidel,5442,2.013198e-06
gauss_seidel,5443,2.008351e-06
gauss_seidel,5444,2.003515e-06
gauss_seidel,5445,1.998692e-06
gauss_seidel,5446,1.993880e-06
gauss_seidel,5447,1.989079e-06
gauss_seidel,5448,1.984290e-06
gauss_seidel,5449,1.979513e-06
gauss_seidel,5450,1.974747e-06
gauss_seidel,5451,1.969992e-06
gauss_seidel,5452,1.965249e-06
gauss_seidel,5453,1.960518e-06
gauss_seidel,5454,1.955797e-06
gauss_seidel,5455,1.951088e-06
gauss_seidel,5456,1.946391e-06
gauss_seidel,5457,1.941705e-06
gauss_seidel,5458,1.937030e-06
gauss_seidel,5459,1.932366e-06
gauss_seidel,5460,1.927714e-06
gauss_seidel,5461,1.923073e-06
gauss_seidel,5462,1.918442e-06
gauss_seidel,5463,1.913824e-06
gauss_seidel,5464,1.909216e-06
gauss_seidel,5465,1.904619e-06
gauss_seidel,5466,1.900033e-06
gauss_seidel,5467,1.895459e-06
gauss_seidel,5468,1.890895e-06
gauss_seidel,5469,1.886343e-06
gauss_seidel,5470,1.881801e-06
gauss_seidel,5471,1.877270e-06
gauss_seidel,5472,1.872751e-06
gauss_seidel,5473,1.868242e-06
gauss_seidel,5474,1.863744e-06
gauss_seidel,5475,1.859256e-06
gauss_seidel,5476,1.854780e-06
gauss_seidel,5477,1.850314e-06
gauss_seidel,5478,1.845859e-06
gauss_seidel,5479,1.841415e-06
gauss_seidel,5480,1.836982e-06
gauss_seidel,5481,1.832559e-06
gauss_seidel,5482,1.828147e-06
gauss_seidel,5483,1.823745e-06
gauss_seidel,5484,1.819355e-06
gauss_seidel,5485,1.814974e-06
gauss_seidel,5486,1.810604e-06
gauss_seidel,5487,1.806245e-06
gauss_seidel,5488,1.801896e-06
gauss_seidel,5489,1.797558e-06
gauss_seidel,5490,1.793230e-06
gauss_seidel,5491,1.788913e-06
gauss_seidel,5492,1.784606e-06
gauss_seidel,5493,1.780309e-06
gauss_seidel,5494,1.776023e-06
gauss_seidel,5495,1.771747e-06
gauss_seidel,5496,1.767481e-06
gauss_seidel,5497,1.763225e-06
gauss_seidel,5498,1.758980e-06
gauss_seidel,5499,1.754745e-06
gauss_seidel,5500,1.750520e-06
gauss_seidel,5501,1.746306e-06
gauss_seidel,5502,1.742101e-06
gauss_seidel,5503,1.737907e-06
gauss_seidel,5504,1.733723e-06
gauss_seidel,5505,1.729549e-06
gauss_seidel,5506,1.725384e-06
gauss_seidel,5507,1.721230e-06
gauss_seidel,5508,1.717086e-06
gauss_seidel,5509,1.712952e-06
gauss_seidel,5510,1.708828e-06
gauss_seidel,5511,1.704714e-06
gauss_seidel,5512,1.700609e-06
gauss_seidel,5513,1.696515e-06
gauss_seidel,5514,1.692430e-06
gauss_seidel,5515,1.688356e-06
gauss_seidel,5516,1.684291e-06
gauss_seidel,5517,1.680235e-06
gauss_seidel,5518,1.676190e-06
gauss_seidel,5519,1.672154e-06
gauss_seidel,5520,1.668129e-06
gauss_seidel,5521,1.664112e-06
gauss_seidel,5522,1.660106e-06
gauss_seidel,5523,1.656109e-06
gauss_seidel,5524,1.652121e-06
gauss_seidel,5525,1.648144e-06
gauss_seidel,5526,1.644176e-06
gauss_seidel,5527,1.640217e-06
gauss_seidel,5528,1.636268e-06
gauss_seidel,5529,1.632328e-06
gauss_seidel,5530,1.628398e-06
gauss_seidel,5531,1.624478e-06
gauss_seidel,5532,1.620567e-06
gauss_seidel,5533,1.616665e-06
gauss_seidel,5534,1.612773e-06
gauss_seidel,5535,1.608890e-06
gauss_seidel,5536,1.605016e-06
gauss_seidel,5537,1.601152e-06
gauss_seidel,5538,1.597297e-06
gauss_seidel,5539,1.593451e-06
gauss_seidel,5540,1.589615e-06
gauss_seidel,5541,1.585787e-06
gauss_seidel,5542,1.581969e-06
gauss_seidel,5543,1.578161e-06
gauss_seidel,5544,1.574361e-06
gauss_seidel,5545,1.570570e-06
gauss_seidel,5546,1.566789e-06
gauss_seidel,5547,1.563017e-06
gauss_seidel,5548,1.559254e-06
gauss_seidel,5549,1.555499e-06
gauss_seidel,5550,1.551754e-06
gauss_seidel,5551,1.548018e-06
gauss_seidel,5552,1.544291e-06
gauss_seidel,5553,1.540573e-06
gauss_seidel,5554,1.536864e-06
gauss_seidel,5555,1.533164e-06
gauss_seidel,5556,1.529473e-06
gauss_seidel,5557,1.525790e-06
gauss_seidel,5558,1.522117e-06
gauss_seidel,5559,1.518452e-06
gauss_seidel,5560,1.514796e-06
gauss_seidel,5561,1.511149e-06
gauss_seidel,5562,1.507511e-06
gauss_seidel,5563,1.503881e-06
gauss_seidel,5564,1.500260e-06
gauss_seidel,5565,1.496648e-06
gauss_seidel,5566,1.493045e-06
gauss_seidel,5567,1.489450e-06
gauss_seidel,5568,1.485864e-06
gauss_seidel,5569,1.482287e-06
gauss_seidel,5570,1.478718e-06
gauss_seidel,5571,1.475158e-06
gauss_seidel,5572,1.471606e-06
gauss_seidel,5573,1.468063e-06
gauss_seidel,5574,1.464528e-06
gauss_seidel,5575,1.461002e-06
gauss_seidel,5576,1.457485e-06
gauss_seidel,5577,1.453976e-06
gauss_seidel,5578,1.450475e-06
gauss_seidel,5579,1.446983e-06
gauss_seidel,5580,1.443499e-06
gauss_seidel,5581,1.440023e-06
gauss_seidel,5582,1.436556e-06
gauss_seidel,5583,1.433098e-06
gauss_seidel,5584,1.429647e-06
gauss_seidel,5585,1.426205e-06
gauss_seidel,5586,1.422771e-06
gauss_seidel,5587,1.419346e-06
gauss_seidel,5588,1.415929e-06
gauss_seidel,5589,1.412520e-06
gauss_seidel,5590,1.409119e-06
gauss_seidel,5591,1.405726e-06
gauss_seidel,5592,1.402342e-06
gauss_seidel,5593,1.398965e-06
gauss_seidel,5594,1.395597e-06
gauss_seidel,5595,1.392237e-06
gauss_seidel,5596,1.388885e-06
gauss_seidel,5597,1.385541e-06
gauss_seidel,5598,1.382205e-06
gauss_seidel,5599,1.378877e-06
gauss_seidel,5600,1.375558e-06
gauss_seidel,5601,1.372246e-06
gauss_seidel,5602,1.368942e-06
gauss_seidel,5603,1.365646e-06
gauss_seidel,5604,1.362358e-06
gauss_seidel,5605,1.359078e-06
gauss_seidel,5606,1.355806e-06
gauss_seidel,5607,1.352541e-06
gauss_seidel,5608,1.349285e-06
gauss_seidel,5609,1.346036e-06
gauss_seidel,5610,1.342796e-06
gauss_seidel,5611,1.339563e-06
gauss_seidel,5612,1.336338e-06
gauss_seidel,5613,1.333120e-06
gauss_seidel,5614,1.329910e-06
gauss_seidel,5615,1.326709e-06
gauss_seidel,5616,1.323514e-06
gauss_seidel,5617,1.320328e-06
gauss_seidel,5618,1.317149e-06
gauss_seidel,5619,1.313978e-06
gauss_seidel,5620,1.310814e-06
gauss_seidel,5621,1.307658e-06
gauss_seidel,5622,1.304510e-06
gauss_seidel,5623,1.301369e-06
gauss_seidel,5624,1.298236e-06
gauss_seidel,5625,1.295110e-06
gauss_seidel,5626,1.291992e-06
gauss_seidel,5627,1.288881e-06
gauss_seidel,5628,1.285778e-06
gauss_seidel,5629,1.282682e-06
gauss_seidel,5630,1.279594e-06
gauss_seidel,5631,1.276513e-06
gauss_seidel,5632,1.273440e-06
gauss_seidel,5633,1.270374e-06
gauss_seidel,5634,1.267315e-06
gauss_seidel,5635,1.264264e-06
gauss_seidel,5636,1.261220e-06
gauss_seidel,5637,1.258184e-06
gauss_seidel,5638,1.255154e-06
gauss_seidel,5639,1.252133e-06
gauss_seidel,5640,1.249118e-06
gauss_seidel,5641,1.246110e-06
gauss_seidel,5642,1.243110e-06
gauss_seidel,5643,1.240117e-06
gauss_seidel,5644,1.237132e-06
gauss_seidel,5645,1.234153e-06
gauss_seidel,5646,1.231182e-06
gauss_seidel,5647,1.228217e-06
gauss_seidel,5648,1.225260e-06
gauss_seidel,5649,1.222310e-06
gauss_seidel,5650,1.219367e-06
gauss_seidel,5651,1.216432e-06
gauss_seidel,5652,1.213503e-06
gauss_seidel,5653,1.210581e-06
gauss_seidel,5654,1.207667e-06
gauss_seidel,5655,1.204759e-06
gauss_seidel,5656,1.201858e-06
gauss_seidel,5657,1.198965e-06
gauss_seidel,5658,1.196078e-06
gauss_seidel,5659,1.193198e-06
gauss_seidel,5660,1.190325e-06
gauss_seidel,5661,1.187460e-06
gauss_seidel,5662,1.184601e-06
gauss_seidel,5663,1.181749e-06
gauss_seidel,5664,1.178903e-06
gauss_seidel,5665,1.176065e-06
gauss_seidel,5666,1.173233e-06
gauss_seidel,5667,1.170409e-06
gauss_seidel,5668,1.167591e-06
gauss_seidel,5669,1.164780e-06
gauss_seidel,5670,1.161975e-06
gauss_seidel,5671,1.159178e-06
gauss_seidel,5672,1.156387e-06
gauss_seidel,5673,1.153603e-06
gauss_seidel,5674,1.150825e-06
gauss_seidel,5675,1.148054e-06
gauss_seidel,5676,1.145290e-06
gauss_seidel,5677,1.142533e-06
gauss_seidel,5678,1.139782e-06
gauss_seidel,5679,1.137038e-06
gauss_seidel,5680,1.134300e-06
gauss_seidel,5681,1.131569e-06
gauss_seidel,5682,1.128845e-06
gauss_seidel,5683,1.126127e-06
gauss_seidel,5684,1.123416e-06
gauss_seidel,5685,1.120711e-06
gauss_seidel,5686,1.118013e-06
gauss_seidel,5687,1.115321e-06
gauss_seidel,5688,1.112636e-06
gauss_seidel,5689,1.109957e-06
gauss_seidel,5690,1.107284e-06
gauss_seidel,5691,1.104619e-06
gauss_seidel,5692,1.101959e-06
gauss_seidel,5693,1.099306e-06
gauss_seidel,5694,1.096659e-06
gauss_seidel,5695,1.094019e-06
gauss_seidel,5696,1.091385e-06
gauss_seidel,5697,1.088757e-06
gauss_seidel,5698,1.086136e-06
gauss_seidel,5699,1.083521e-06
gauss_seidel,5700,1.080912e-06
gauss_seidel,5701,1.078310e-06
gauss_seidel,5702,1.075713e-06
gauss_seidel,5703,1.073124e-06
gauss_seidel,5704,1.070540e-06
gauss_seidel,5705,1.067962e-06
gauss_seidel,5706,1.065391e-06
gauss_seidel,5707,1.062826e-06
gauss_seidel,5708,1.060267e-06
gauss_seidel,5709,1.057714e-06
gauss_seidel,5710,1.055168e-06
gauss_seidel,5711,1.052627e-06
gauss_seidel,5712,1.050093e-06
gauss_seidel,5713,1.047565e-06
gauss_seidel,5714,1.045043e-06
gauss_seidel,5715,1.042527e-06
gauss_seidel,5716,1.040016e-06
gauss_seidel,5717,1.037513e-06
gauss_seidel,5718,1.035015e-06
gauss_seidel,5719,1.032523e-06
gauss_seidel,5720,1.030037e-06
gauss_seidel,5721,1.027557e-06
gauss_seidel,5722,1.025083e-06
gauss_seidel,5723,1.022615e-06
gauss_seidel,5724,1.020153e-06
gauss_seidel,5725,1.017696e-06
gauss_seidel,5726,1.015246e-06
gauss_seidel,5727,1.012802e-06
gauss_seidel,5728,1.010363e-06
gauss_seidel,5729,1.007931e-06
gauss_seidel,5730,1.005504e-06
gauss_seidel,5731,1.003083e-06
gauss_seidel,5732,1.000668e-06
gauss_seidel,5733,9.982589e-07
sor,1,1.292538e+00
sor,2,1.230481e+00
sor,3,1.173341e+00
sor,4,1.120555e+00
sor,5,1.071613e+00
sor,6,1.026061e+00
sor,7,9.834975e-01
sor,8,9.435705e-01
sor,9,9.059729e-01
sor,10,8.704394e-01
sor,11,8.367420e-01
sor,12,8.046854e-01
sor,13,7.741034e-01
sor,14,7.448546e-01
sor,15,7.168189e-01
sor,16,6.898944e-01
sor,17,6.639948e-01
sor,18,6.390463e-01
sor,19,6.149862e-01
sor,20,5.917606e-01
sor,21,5.693230e-01
sor,22,5.476331e-01
sor,23,5.266556e-01
sor,24,5.063595e-01
sor,25,4.867171e-01
sor,26,4.677036e-01
sor,27,4.492966e-01
sor,28,4.314756e-01
sor,29,4.142217e-01
sor,30,3.975172e-01
sor,31,3.813460e-01
sor,32,3.656923e-01
sor,33,3.505418e-01
sor,34,3.358803e-01
sor,35,3.216946e-01
sor,36,3.079719e-01
sor,37,2.946999e-01
sor,38,2.818667e-01
sor,39,2.694607e-01
sor,40,2.574709e-01
sor,41,2.458864e-01
sor,42,2.346966e-01
sor,43,2.238914e-01
sor,44,2.134606e-01
sor,45,2.033946e-01
sor,46,1.936838e-01
sor,47,1.843190e-01
sor,48,1.752909e-01
sor,49,1.665908e-01
sor,50,1.582100e-01
sor,51,1.501398e-01
sor,52,1.423720e-01
sor,53,1.348985e-01
sor,54,1.277111e-01
sor,55,1.208021e-01
sor,56,1.141638e-01
sor,57,1.077886e-01
sor,58,1.016691e-01
sor,59,9.579808e-02
sor,60,9.016841e-02
sor,61,8.477310e-02
sor,62,7.960529e-02
sor,63,7.465825e-02
sor,64,6.992669e-02
sor,65,6.540806e-02
sor,66,6.110143e-02
sor,67,5.700583e-02
sor,68,5.311926e-02
sor,69,4.943896e-02
sor,70,4.596152e-02
sor,71,4.268286e-02
sor,72,3.959831e-02
sor,73,3.670266e-02
sor,74,3.399015e-02
sor,75,3.145460e-02
sor,76,2.908940e-02
sor,77,2.688764e-02
sor,78,2.484213e-02
sor,79,2.294553e-02
sor,80,2.119038e-02
sor,81,1.956917e-02
sor,82,1.807441e-02
sor,83,1.669866e-02
sor,84,1.543453e-02
sor,85,1.427476e-02
sor,86,1.321219e-02
sor,87,1.223987e-02
sor,88,1.135100e-02
sor,89,1.053902e-02
sor,90,9.797580e-03
sor,91,9.120620e-03
sor,92,8.502342e-03
sor,93,7.937255e-03
sor,94,7.420190e-03
sor,95,6.946315e-03
sor,96,6.511149e-03
sor,97,6.110571e-03
sor,98,5.740820e-03
sor,99,5.398491e-03
sor,100,5.080529e-03
sor,101,4.784216e-03
sor,102,4.507147e-03
sor,103,4.247215e-03
sor,104,4.002581e-03
sor,105,3.771652e-03
sor,106,3.553053e-03
sor,107,3.345602e-03
sor,108,3.148282e-03
sor,109,2.960221e-03
sor,110,2.780667e-03
sor,111,2.608965e-03
sor,112,2.444546e-03
sor,113,2.286904e-03
sor,114,2.135582e-03
sor,115,1.990162e-03
sor,116,1.850250e-03
sor,117,1.715465e-03
sor,118,1.585433e-03
sor,119,1.459769e-03
sor,120,1.338072e-03
sor,121,1.219906e-03
sor,122,1.104782e-03
sor,123,9.921230e-04
sor,124,8.812145e-04
sor,125,7.711056e-04
sor,126,6.604119e-04
sor,127,5.468601e-04
sor,128,2.883179e-04
sor,129,2.509363e-04
sor,130,2.239891e-04
sor,131,2.017130e-04
sor,132,1.823547e-04
sor,133,1.651958e-04
sor,134,1.498145e-04
sor,135,1.359557e-04
sor,136,1.234276e-04
sor,137,1.120867e-04
sor,138,1.018137e-04
sor,139,9.250916e-05
sor,140,8.408396e-05
sor,141,7.645810e-05
sor,142,6.955841e-05
sor,143,6.331836e-05
sor,144,5.767655e-05
sor,145,5.257679e-05
sor,146,4.796732e-05
sor,147,4.380071e-05
sor,148,4.003343e-05
sor,149,3.662566e-05
sor,150,3.354101e-05
sor,151,3.074634e-05
sor,152,2.821156e-05
sor,153,2.590940e-05
sor,154,2.381529e-05
sor,155,2.190711e-05
sor,156,2.016508e-05
sor,157,1.857154e-05
sor,158,1.711082e-05
sor,159,1.576903e-05
sor,160,1.453393e-05
sor,161,1.339477e-05
sor,162,1.234211e-05
sor,163,1.136772e-05
sor,164,1.046440e-05
sor,165,9.625884e-06
sor,166,8.846732e-06
sor,167,8.122201e-06
sor,168,7.448167e-06
sor,169,6.821042e-06
sor,170,6.237698e-06
sor,171,5.695404e-06
sor,172,5.191769e-06
sor,173,4.724688e-06
sor,174,4.292302e-06
sor,175,3.892947e-06
sor,176,3.525123e-06
sor,177,3.187452e-06
sor,178,2.878639e-06
sor,179,2.597440e-06
sor,180,2.342617e-06
sor,181,2.112907e-06
sor,182,1.906974e-06
sor,183,1.723379e-06
sor,184,1.560543e-06
sor,185,1.416733e-06
sor,186,1.290057e-06
sor,187,1.178483e-06
sor,188,1.079881e-06
sor,189,9.920820e-07
multigrid,1,1.150240e-01
multigrid,2,1.299462e-02
multigrid,3,1.491961e-03
multigrid,4,1.753686e-04
multigrid,5,2.138893e-05
multigrid,6,2.758038e-06
multigrid,7,3.816699e-07
